ow_gpuspec10-dr_0.0-tn_1.3-ts_42-if_1.0-ccmd_01d8-policy_FGDPredictor1000desharemd6126-de_share-gs_FGDPredictorScore-scmd_6126-id,ow_gpuspec10-dr_0.0-tn_1.3-ts_42-if_1.0-ccmd_01d8-policy_FGDPredictor1000desharemd6126-de_share-gs_FGDPredictorScore-scmd_6126-event,ow_gpuspec10-dr_0.0-tn_1.3-ts_42-if_1.0-ccmd_01d8-policy_FGDPredictor1000desharemd6126-de_share-gs_FGDPredictorScore-scmd_6126-pod_name,ow_gpuspec10-dr_0.0-tn_1.3-ts_42-if_1.0-ccmd_01d8-policy_FGDPredictor1000desharemd6126-de_share-gs_FGDPredictorScore-scmd_6126-cum_pod
0,create,paib-gpu/openb-pod-0255,1
1,create,paib-gpu/openb-pod-1685,2
2,create,paib-gpu/openb-pod-6784,3
3,create,paib-gpu/openb-pod-4463,4
4,create,paib-gpu/openb-pod-0602,5
5,create,paib-gpu/openb-pod-1564,6
6,create,paib-gpu/openb-pod-3882,7
7,create,paib-gpu/openb-pod-7257,8
8,create,paib-gpu/openb-pod-6545,9
9,create,paib-gpu/openb-pod-1541,10
10,create,paib-gpu/openb-pod-1599,11
11,create,paib-gpu/openb-pod-3697,12
12,create,paib-gpu/openb-pod-4859,13
13,create,paib-gpu/openb-pod-3725,14
14,create,paib-gpu/openb-pod-5552,15
15,create,paib-gpu/openb-pod-5518,16
16,create,paib-gpu/openb-pod-2714,17
17,create,paib-gpu/openb-pod-4504,18
18,create,paib-gpu/openb-pod-0033,19
19,create,paib-gpu/openb-pod-1637,20
20,create,paib-gpu/openb-pod-2367,21
21,create,paib-gpu/openb-pod-2636,22
22,create,paib-gpu/openb-pod-6851,23
23,create,paib-gpu/openb-pod-7880,24
24,create,paib-gpu/openb-pod-2487,25
25,create,paib-gpu/openb-pod-3444,26
26,create,paib-gpu/openb-pod-1781,27
27,create,paib-gpu/openb-pod-2693,28
28,create,paib-gpu/openb-pod-6994,29
29,create,paib-gpu/openb-pod-5583,30
30,create,paib-gpu/openb-pod-3605,31
31,create,paib-gpu/openb-pod-3721,32
32,create,paib-gpu/openb-pod-0848,33
33,create,paib-gpu/openb-pod-6022,34
34,create,paib-gpu/openb-pod-7771,35
35,create,paib-gpu/openb-pod-6219,36
36,create,paib-gpu/openb-pod-6680,37
37,create,paib-gpu/openb-pod-4483,38
38,create,paib-gpu/openb-pod-0695,39
39,create,paib-gpu/openb-pod-4409,40
40,create,paib-gpu/openb-pod-2314,41
41,create,paib-gpu/openb-pod-6567,42
42,create,paib-gpu/openb-pod-3152,43
43,create,paib-gpu/openb-pod-1451,44
44,create,paib-gpu/openb-pod-2554,45
45,create,paib-gpu/openb-pod-3143,46
46,create,paib-gpu/openb-pod-7004,47
47,create,paib-gpu/openb-pod-5216,48
48,create,paib-gpu/openb-pod-2352,49
49,create,paib-gpu/openb-pod-5393,50
50,create,paib-gpu/openb-pod-1558,51
51,create,paib-gpu/openb-pod-1242,52
52,create,paib-gpu/openb-pod-7720,53
53,create,paib-gpu/openb-pod-1066,54
54,create,paib-gpu/openb-pod-0710,55
55,create,paib-gpu/openb-pod-0817,56
56,create,paib-gpu/openb-pod-1993,57
57,create,paib-gpu/openb-pod-7407,58
58,create,paib-gpu/openb-pod-6676,59
59,create,paib-gpu/openb-pod-3083,60
60,create,paib-gpu/openb-pod-0397,61
61,create,paib-gpu/openb-pod-0162,62
62,create,paib-gpu/openb-pod-8026,63
63,create,paib-gpu/openb-pod-0008,64
64,create,paib-gpu/openb-pod-1279,65
65,create,paib-gpu/openb-pod-2791,66
66,create,paib-gpu/openb-pod-3745,67
67,create,paib-gpu/openb-pod-3344,68
68,create,paib-gpu/openb-pod-5881,69
69,create,paib-gpu/openb-pod-5281,70
70,create,paib-gpu/openb-pod-6703,71
71,create,paib-gpu/openb-pod-7486,72
72,create,paib-gpu/openb-pod-2666,73
73,create,paib-gpu/openb-pod-4719,74
74,create,paib-gpu/openb-pod-4980,75
75,create,paib-gpu/openb-pod-5462,76
76,create,paib-gpu/openb-pod-6395,77
77,create,paib-gpu/openb-pod-5920,78
78,create,paib-gpu/openb-pod-7391,79
79,create,paib-gpu/openb-pod-2263,80
80,create,paib-gpu/openb-pod-1197,81
81,create,paib-gpu/openb-pod-7121,82
82,create,paib-gpu/openb-pod-0266,83
83,create,paib-gpu/openb-pod-4353,84
84,create,paib-gpu/openb-pod-0056,85
85,create,paib-gpu/openb-pod-4364,86
86,create,paib-gpu/openb-pod-1812,87
87,create,paib-gpu/openb-pod-8093,88
88,create,paib-gpu/openb-pod-5746,89
89,create,paib-gpu/openb-pod-5026,90
90,create,paib-gpu/openb-pod-1394,91
91,create,paib-gpu/openb-pod-4524,92
92,create,paib-gpu/openb-pod-4587,93
93,create,paib-gpu/openb-pod-7561,94
94,create,paib-gpu/openb-pod-1007,95
95,create,paib-gpu/openb-pod-5611,96
96,create,paib-gpu/openb-pod-6788,97
97,create,paib-gpu/openb-pod-0852,98
98,create,paib-gpu/openb-pod-4069,99
99,create,paib-gpu/openb-pod-3729,100
100,create,paib-gpu/openb-pod-3796,101
101,create,paib-gpu/openb-pod-1018,102
102,create,paib-gpu/openb-pod-1585,103
103,create,paib-gpu/openb-pod-0425,104
104,create,paib-gpu/openb-pod-6768,105
105,create,paib-gpu/openb-pod-6252,106
106,create,paib-gpu/openb-pod-4471,107
107,create,paib-gpu/openb-pod-7594,108
108,create,paib-gpu/openb-pod-4860,109
109,create,paib-gpu/openb-pod-5570,110
110,create,paib-gpu/openb-pod-4302,111
111,create,paib-gpu/openb-pod-7409,112
112,create,paib-gpu/openb-pod-3056,113
113,create,paib-gpu/openb-pod-3312,114
114,create,paib-gpu/openb-pod-5901,115
115,create,paib-gpu/openb-pod-3624,116
116,create,paib-gpu/openb-pod-3690,117
117,create,paib-gpu/openb-pod-6185,118
118,create,paib-gpu/openb-pod-4978,119
119,create,paib-gpu/openb-pod-7116,120
120,create,paib-gpu/openb-pod-3991,121
121,create,paib-gpu/openb-pod-7621,122
122,create,paib-gpu/openb-pod-5566,123
123,create,paib-gpu/openb-pod-7847,124
124,create,paib-gpu/openb-pod-6884,125
125,create,paib-gpu/openb-pod-0787,126
126,create,paib-gpu/openb-pod-4549,127
127,create,paib-gpu/openb-pod-3040,128
128,create,paib-gpu/openb-pod-4817,129
129,create,paib-gpu/openb-pod-1638,130
130,create,paib-gpu/openb-pod-7033,131
131,create,paib-gpu/openb-pod-3361,132
132,create,paib-gpu/openb-pod-1904,133
133,create,paib-gpu/openb-pod-4387,134
134,create,paib-gpu/openb-pod-5104,135
135,create,paib-gpu/openb-pod-4518,136
136,create,paib-gpu/openb-pod-5704,137
137,create,paib-gpu/openb-pod-5613,138
138,create,paib-gpu/openb-pod-0559,139
139,create,paib-gpu/openb-pod-0968,140
140,create,paib-gpu/openb-pod-6685,141
141,create,paib-gpu/openb-pod-6317,142
142,create,paib-gpu/openb-pod-6714,143
143,create,paib-gpu/openb-pod-5031,144
144,create,paib-gpu/openb-pod-3089,145
145,create,paib-gpu/openb-pod-0792,146
146,create,paib-gpu/openb-pod-5438,147
147,create,paib-gpu/openb-pod-6450,148
148,create,paib-gpu/openb-pod-3272,149
149,create,paib-gpu/openb-pod-0491,150
150,create,paib-gpu/openb-pod-5449,151
151,create,paib-gpu/openb-pod-7422,152
152,create,paib-gpu/openb-pod-1486,153
153,create,paib-gpu/openb-pod-1921,154
154,create,paib-gpu/openb-pod-0946,155
155,create,paib-gpu/openb-pod-0160,156
156,create,paib-gpu/openb-pod-0398,157
157,create,paib-gpu/openb-pod-8063,158
158,create,paib-gpu/openb-pod-6988,159
159,create,paib-gpu/openb-pod-1573,160
160,create,paib-gpu/openb-pod-1789,161
161,create,paib-gpu/openb-pod-0788,162
162,create,paib-gpu/openb-pod-2704,163
163,create,paib-gpu/openb-pod-2491,164
164,create,paib-gpu/openb-pod-0531,165
165,create,paib-gpu/openb-pod-4749,166
166,create,paib-gpu/openb-pod-1088,167
167,create,paib-gpu/openb-pod-6370,168
168,create,paib-gpu/openb-pod-2500,169
169,create,paib-gpu/openb-pod-2938,170
170,create,paib-gpu/openb-pod-6076,171
171,create,paib-gpu/openb-pod-5145,172
172,create,paib-gpu/openb-pod-3484,173
173,create,paib-gpu/openb-pod-7839,174
174,create,paib-gpu/openb-pod-0099,175
175,create,paib-gpu/openb-pod-3461,176
176,create,paib-gpu/openb-pod-4163,177
177,create,paib-gpu/openb-pod-7745,178
178,create,paib-gpu/openb-pod-7006,179
179,create,paib-gpu/openb-pod-5902,180
180,create,paib-gpu/openb-pod-3517,181
181,create,paib-gpu/openb-pod-7615,182
182,create,paib-gpu/openb-pod-8023,183
183,create,paib-gpu/openb-pod-1778,184
184,create,paib-gpu/openb-pod-3325,185
185,create,paib-gpu/openb-pod-4254,186
186,create,paib-gpu/openb-pod-4833,187
187,create,paib-gpu/openb-pod-2404,188
188,create,paib-gpu/openb-pod-2098,189
189,create,paib-gpu/openb-pod-4965,190
190,create,paib-gpu/openb-pod-7256,191
191,create,paib-gpu/openb-pod-4803,192
192,create,paib-gpu/openb-pod-5274,193
193,create,paib-gpu/openb-pod-4039,194
194,create,paib-gpu/openb-pod-4001,195
195,create,paib-gpu/openb-pod-3014,196
196,create,paib-gpu/openb-pod-6275,197
197,create,paib-gpu/openb-pod-0454,198
198,create,paib-gpu/openb-pod-5234,199
199,create,paib-gpu/openb-pod-4995,200
200,create,paib-gpu/openb-pod-3964,201
201,create,paib-gpu/openb-pod-2193,202
202,create,paib-gpu/openb-pod-0340,203
203,create,paib-gpu/openb-pod-1802,204
204,create,paib-gpu/openb-pod-4588,205
205,create,paib-gpu/openb-pod-4381,206
206,create,paib-gpu/openb-pod-5844,207
207,create,paib-gpu/openb-pod-3169,208
208,create,paib-gpu/openb-pod-4931,209
209,create,paib-gpu/openb-pod-2757,210
210,create,paib-gpu/openb-pod-5088,211
211,create,paib-gpu/openb-pod-1870,212
212,create,paib-gpu/openb-pod-7376,213
213,create,paib-gpu/openb-pod-1006,214
214,create,paib-gpu/openb-pod-5154,215
215,create,paib-gpu/openb-pod-1014,216
216,create,paib-gpu/openb-pod-6267,217
217,create,paib-gpu/openb-pod-2067,218
218,create,paib-gpu/openb-pod-4831,219
219,create,paib-gpu/openb-pod-4107,220
220,create,paib-gpu/openb-pod-3770,221
221,create,paib-gpu/openb-pod-4691,222
222,create,paib-gpu/openb-pod-7469,223
223,create,paib-gpu/openb-pod-1964,224
224,create,paib-gpu/openb-pod-3728,225
225,create,paib-gpu/openb-pod-4858,226
226,create,paib-gpu/openb-pod-3583,227
227,create,paib-gpu/openb-pod-1459,228
228,create,paib-gpu/openb-pod-6170,229
229,create,paib-gpu/openb-pod-2045,230
230,create,paib-gpu/openb-pod-3265,231
231,create,paib-gpu/openb-pod-1146,232
232,create,paib-gpu/openb-pod-3175,233
233,create,paib-gpu/openb-pod-0377,234
234,create,paib-gpu/openb-pod-4546,235
235,create,paib-gpu/openb-pod-7436,236
236,create,paib-gpu/openb-pod-2190,237
237,create,paib-gpu/openb-pod-3097,238
238,create,paib-gpu/openb-pod-3462,239
239,create,paib-gpu/openb-pod-2711,240
240,create,paib-gpu/openb-pod-1136,241
241,create,paib-gpu/openb-pod-3664,242
242,create,paib-gpu/openb-pod-2182,243
243,create,paib-gpu/openb-pod-5381,244
244,create,paib-gpu/openb-pod-5936,245
245,create,paib-gpu/openb-pod-7164,246
246,create,paib-gpu/openb-pod-3343,247
247,create,paib-gpu/openb-pod-0869,248
248,create,paib-gpu/openb-pod-6385,249
249,create,paib-gpu/openb-pod-0548,250
250,create,paib-gpu/openb-pod-1078,251
251,create,paib-gpu/openb-pod-6520,252
252,create,paib-gpu/openb-pod-2816,253
253,create,paib-gpu/openb-pod-2081,254
254,create,paib-gpu/openb-pod-6879,255
255,create,paib-gpu/openb-pod-6087,256
256,create,paib-gpu/openb-pod-7211,257
257,create,paib-gpu/openb-pod-1752,258
258,create,paib-gpu/openb-pod-2695,259
259,create,paib-gpu/openb-pod-6754,260
260,create,paib-gpu/openb-pod-5875,261
261,create,paib-gpu/openb-pod-1923,262
262,create,paib-gpu/openb-pod-1563,263
263,create,paib-gpu/openb-pod-0399,264
264,create,paib-gpu/openb-pod-5369,265
265,create,paib-gpu/openb-pod-6292,266
266,create,paib-gpu/openb-pod-7573,267
267,create,paib-gpu/openb-pod-3410,268
268,create,paib-gpu/openb-pod-1677,269
269,create,paib-gpu/openb-pod-5803,270
270,create,paib-gpu/openb-pod-4224,271
271,create,paib-gpu/openb-pod-2833,272
272,create,paib-gpu/openb-pod-1004,273
273,create,paib-gpu/openb-pod-0888,274
274,create,paib-gpu/openb-pod-7915,275
275,create,paib-gpu/openb-pod-6290,276
276,create,paib-gpu/openb-pod-4785,277
277,create,paib-gpu/openb-pod-0528,278
278,create,paib-gpu/openb-pod-1698,279
279,create,paib-gpu/openb-pod-5287,280
280,create,paib-gpu/openb-pod-5222,281
281,create,paib-gpu/openb-pod-3279,282
282,create,paib-gpu/openb-pod-5011,283
283,create,paib-gpu/openb-pod-2607,284
284,create,paib-gpu/openb-pod-0693,285
285,create,paib-gpu/openb-pod-7885,286
286,create,paib-gpu/openb-pod-4097,287
287,create,paib-gpu/openb-pod-2424,288
288,create,paib-gpu/openb-pod-4304,289
289,create,paib-gpu/openb-pod-4284,290
290,create,paib-gpu/openb-pod-3393,291
291,create,paib-gpu/openb-pod-3894,292
292,create,paib-gpu/openb-pod-6875,293
293,create,paib-gpu/openb-pod-1956,294
294,create,paib-gpu/openb-pod-4586,295
295,create,paib-gpu/openb-pod-3292,296
296,create,paib-gpu/openb-pod-3526,297
297,create,paib-gpu/openb-pod-7579,298
298,create,paib-gpu/openb-pod-8043,299
299,create,paib-gpu/openb-pod-1527,300
300,create,paib-gpu/openb-pod-6702,301
301,create,paib-gpu/openb-pod-4118,302
302,create,paib-gpu/openb-pod-5872,303
303,create,paib-gpu/openb-pod-7009,304
304,create,paib-gpu/openb-pod-1013,305
305,create,paib-gpu/openb-pod-0822,306
306,create,paib-gpu/openb-pod-3740,307
307,create,paib-gpu/openb-pod-2290,308
308,create,paib-gpu/openb-pod-1127,309
309,create,paib-gpu/openb-pod-2831,310
310,create,paib-gpu/openb-pod-3185,311
311,create,paib-gpu/openb-pod-2567,312
312,create,paib-gpu/openb-pod-0275,313
313,create,paib-gpu/openb-pod-5614,314
314,create,paib-gpu/openb-pod-0723,315
315,create,paib-gpu/openb-pod-3634,316
316,create,paib-gpu/openb-pod-6728,317
317,create,paib-gpu/openb-pod-7309,318
318,create,paib-gpu/openb-pod-2245,319
319,create,paib-gpu/openb-pod-2670,320
320,create,paib-gpu/openb-pod-3181,321
321,create,paib-gpu/openb-pod-0224,322
322,create,paib-gpu/openb-pod-0297,323
323,create,paib-gpu/openb-pod-1093,324
324,create,paib-gpu/openb-pod-7199,325
325,create,paib-gpu/openb-pod-2137,326
326,create,paib-gpu/openb-pod-4599,327
327,create,paib-gpu/openb-pod-2717,328
328,create,paib-gpu/openb-pod-6859,329
329,create,paib-gpu/openb-pod-1731,330
330,create,paib-gpu/openb-pod-6831,331
331,create,paib-gpu/openb-pod-0718,332
332,create,paib-gpu/openb-pod-1999,333
333,create,paib-gpu/openb-pod-0256,334
334,create,paib-gpu/openb-pod-3599,335
335,create,paib-gpu/openb-pod-6197,336
336,create,paib-gpu/openb-pod-5546,337
337,create,paib-gpu/openb-pod-6649,338
338,create,paib-gpu/openb-pod-5164,339
339,create,paib-gpu/openb-pod-0754,340
340,create,paib-gpu/openb-pod-0504,341
341,create,paib-gpu/openb-pod-2358,342
342,create,paib-gpu/openb-pod-6124,343
343,create,paib-gpu/openb-pod-4865,344
344,create,paib-gpu/openb-pod-3876,345
345,create,paib-gpu/openb-pod-6077,346
346,create,paib-gpu/openb-pod-3276,347
347,create,paib-gpu/openb-pod-2804,348
348,create,paib-gpu/openb-pod-2227,349
349,create,paib-gpu/openb-pod-7493,350
350,create,paib-gpu/openb-pod-3114,351
351,create,paib-gpu/openb-pod-3141,352
352,create,paib-gpu/openb-pod-6155,353
353,create,paib-gpu/openb-pod-0905,354
354,create,paib-gpu/openb-pod-1349,355
355,create,paib-gpu/openb-pod-4634,356
356,create,paib-gpu/openb-pod-3948,357
357,create,paib-gpu/openb-pod-0706,358
358,create,paib-gpu/openb-pod-1741,359
359,create,paib-gpu/openb-pod-2771,360
360,create,paib-gpu/openb-pod-2954,361
361,create,paib-gpu/openb-pod-4526,362
362,create,paib-gpu/openb-pod-5929,363
363,create,paib-gpu/openb-pod-1542,364
364,create,paib-gpu/openb-pod-5132,365
365,create,paib-gpu/openb-pod-1618,366
366,create,paib-gpu/openb-pod-7640,367
367,create,paib-gpu/openb-pod-0274,368
368,create,paib-gpu/openb-pod-2271,369
369,create,paib-gpu/openb-pod-0856,370
370,create,paib-gpu/openb-pod-6285,371
371,create,paib-gpu/openb-pod-4966,372
372,create,paib-gpu/openb-pod-2806,373
373,create,paib-gpu/openb-pod-1289,374
374,create,paib-gpu/openb-pod-0634,375
375,create,paib-gpu/openb-pod-2646,376
376,create,paib-gpu/openb-pod-3811,377
377,create,paib-gpu/openb-pod-4371,378
378,create,paib-gpu/openb-pod-2041,379
379,create,paib-gpu/openb-pod-5836,380
380,create,paib-gpu/openb-pod-8086,381
381,create,paib-gpu/openb-pod-6532,382
382,create,paib-gpu/openb-pod-3554,383
383,create,paib-gpu/openb-pod-2251,384
384,create,paib-gpu/openb-pod-5557,385
385,create,paib-gpu/openb-pod-5736,386
386,create,paib-gpu/openb-pod-1232,387
387,create,paib-gpu/openb-pod-2051,388
388,create,paib-gpu/openb-pod-6682,389
389,create,paib-gpu/openb-pod-3101,390
390,create,paib-gpu/openb-pod-1103,391
391,create,paib-gpu/openb-pod-1021,392
392,create,paib-gpu/openb-pod-6985,393
393,create,paib-gpu/openb-pod-2768,394
394,create,paib-gpu/openb-pod-3117,395
395,create,paib-gpu/openb-pod-5388,396
396,create,paib-gpu/openb-pod-3747,397
397,create,paib-gpu/openb-pod-4628,398
398,create,paib-gpu/openb-pod-0188,399
399,create,paib-gpu/openb-pod-0004,400
400,create,paib-gpu/openb-pod-2033,401
401,create,paib-gpu/openb-pod-1647,402
402,create,paib-gpu/openb-pod-0009,403
403,create,paib-gpu/openb-pod-1341,404
404,create,paib-gpu/openb-pod-4543,405
405,create,paib-gpu/openb-pod-3683,406
406,create,paib-gpu/openb-pod-6575,407
407,create,paib-gpu/openb-pod-6559,408
408,create,paib-gpu/openb-pod-1746,409
409,create,paib-gpu/openb-pod-2114,410
410,create,paib-gpu/openb-pod-1008,411
411,create,paib-gpu/openb-pod-3677,412
412,create,paib-gpu/openb-pod-5537,413
413,create,paib-gpu/openb-pod-1085,414
414,create,paib-gpu/openb-pod-7815,415
415,create,paib-gpu/openb-pod-5171,416
416,create,paib-gpu/openb-pod-1857,417
417,create,paib-gpu/openb-pod-2238,418
418,create,paib-gpu/openb-pod-4190,419
419,create,paib-gpu/openb-pod-2493,420
420,create,paib-gpu/openb-pod-2400,421
421,create,paib-gpu/openb-pod-8035,422
422,create,paib-gpu/openb-pod-2239,423
423,create,paib-gpu/openb-pod-6863,424
424,create,paib-gpu/openb-pod-1543,425
425,create,paib-gpu/openb-pod-3974,426
426,create,paib-gpu/openb-pod-4400,427
427,create,paib-gpu/openb-pod-6131,428
428,create,paib-gpu/openb-pod-2516,429
429,create,paib-gpu/openb-pod-0698,430
430,create,paib-gpu/openb-pod-5416,431
431,create,paib-gpu/openb-pod-7090,432
432,create,paib-gpu/openb-pod-3890,433
433,create,paib-gpu/openb-pod-1754,434
434,create,paib-gpu/openb-pod-0249,435
435,create,paib-gpu/openb-pod-1476,436
436,create,paib-gpu/openb-pod-7057,437
437,create,paib-gpu/openb-pod-1060,438
438,create,paib-gpu/openb-pod-6151,439
439,create,paib-gpu/openb-pod-6294,440
440,create,paib-gpu/openb-pod-4438,441
441,create,paib-gpu/openb-pod-6451,442
442,create,paib-gpu/openb-pod-6692,443
443,create,paib-gpu/openb-pod-4558,444
444,create,paib-gpu/openb-pod-5759,445
445,create,paib-gpu/openb-pod-2388,446
446,create,paib-gpu/openb-pod-4659,447
447,create,paib-gpu/openb-pod-4638,448
448,create,paib-gpu/openb-pod-6495,449
449,create,paib-gpu/openb-pod-2369,450
450,create,paib-gpu/openb-pod-7210,451
451,create,paib-gpu/openb-pod-7390,452
452,create,paib-gpu/openb-pod-7971,453
453,create,paib-gpu/openb-pod-7076,454
454,create,paib-gpu/openb-pod-3956,455
455,create,paib-gpu/openb-pod-0201,456
456,create,paib-gpu/openb-pod-6259,457
457,create,paib-gpu/openb-pod-2401,458
458,create,paib-gpu/openb-pod-0904,459
459,create,paib-gpu/openb-pod-3012,460
460,create,paib-gpu/openb-pod-2801,461
461,create,paib-gpu/openb-pod-1767,462
462,create,paib-gpu/openb-pod-6936,463
463,create,paib-gpu/openb-pod-7740,464
464,create,paib-gpu/openb-pod-1668,465
465,create,paib-gpu/openb-pod-4032,466
466,create,paib-gpu/openb-pod-3734,467
467,create,paib-gpu/openb-pod-7346,468
468,create,paib-gpu/openb-pod-4218,469
469,create,paib-gpu/openb-pod-3045,470
470,create,paib-gpu/openb-pod-0609,471
471,create,paib-gpu/openb-pod-2596,472
472,create,paib-gpu/openb-pod-0708,473
473,create,paib-gpu/openb-pod-2584,474
474,create,paib-gpu/openb-pod-2418,475
475,create,paib-gpu/openb-pod-2419,476
476,create,paib-gpu/openb-pod-0982,477
477,create,paib-gpu/openb-pod-2526,478
478,create,paib-gpu/openb-pod-3692,479
479,create,paib-gpu/openb-pod-0108,480
480,create,paib-gpu/openb-pod-7553,481
481,create,paib-gpu/openb-pod-4696,482
482,create,paib-gpu/openb-pod-4479,483
483,create,paib-gpu/openb-pod-5716,484
484,create,paib-gpu/openb-pod-4706,485
485,create,paib-gpu/openb-pod-0799,486
486,create,paib-gpu/openb-pod-4023,487
487,create,paib-gpu/openb-pod-0431,488
488,create,paib-gpu/openb-pod-7717,489
489,create,paib-gpu/openb-pod-1905,490
490,create,paib-gpu/openb-pod-4049,491
491,create,paib-gpu/openb-pod-4579,492
492,create,paib-gpu/openb-pod-4328,493
493,create,paib-gpu/openb-pod-4987,494
494,create,paib-gpu/openb-pod-6770,495
495,create,paib-gpu/openb-pod-6135,496
496,create,paib-gpu/openb-pod-1190,497
497,create,paib-gpu/openb-pod-7680,498
498,create,paib-gpu/openb-pod-7405,499
499,create,paib-gpu/openb-pod-7331,500
500,create,paib-gpu/openb-pod-2247,501
501,create,paib-gpu/openb-pod-0630,502
502,create,paib-gpu/openb-pod-7857,503
503,create,paib-gpu/openb-pod-4402,504
504,create,paib-gpu/openb-pod-3275,505
505,create,paib-gpu/openb-pod-7746,506
506,create,paib-gpu/openb-pod-6286,507
507,create,paib-gpu/openb-pod-6028,508
508,create,paib-gpu/openb-pod-0470,509
509,create,paib-gpu/openb-pod-4162,510
510,create,paib-gpu/openb-pod-5246,511
511,create,paib-gpu/openb-pod-6104,512
512,create,paib-gpu/openb-pod-0987,513
513,create,paib-gpu/openb-pod-5886,514
514,create,paib-gpu/openb-pod-0221,515
515,create,paib-gpu/openb-pod-2798,516
516,create,paib-gpu/openb-pod-2006,517
517,create,paib-gpu/openb-pod-2058,518
518,create,paib-gpu/openb-pod-4959,519
519,create,paib-gpu/openb-pod-7931,520
520,create,paib-gpu/openb-pod-1864,521
521,create,paib-gpu/openb-pod-5159,522
522,create,paib-gpu/openb-pod-0722,523
523,create,paib-gpu/openb-pod-0280,524
524,create,paib-gpu/openb-pod-5573,525
525,create,paib-gpu/openb-pod-8051,526
526,create,paib-gpu/openb-pod-7178,527
527,create,paib-gpu/openb-pod-4151,528
528,create,paib-gpu/openb-pod-3525,529
529,create,paib-gpu/openb-pod-6554,530
530,create,paib-gpu/openb-pod-7200,531
531,create,paib-gpu/openb-pod-7766,532
532,create,paib-gpu/openb-pod-2673,533
533,create,paib-gpu/openb-pod-3402,534
534,create,paib-gpu/openb-pod-0501,535
535,create,paib-gpu/openb-pod-4245,536
536,create,paib-gpu/openb-pod-7232,537
537,create,paib-gpu/openb-pod-3084,538
538,create,paib-gpu/openb-pod-6409,539
539,create,paib-gpu/openb-pod-5010,540
540,create,paib-gpu/openb-pod-2724,541
541,create,paib-gpu/openb-pod-5110,542
542,create,paib-gpu/openb-pod-2947,543
543,create,paib-gpu/openb-pod-5976,544
544,create,paib-gpu/openb-pod-4029,545
545,create,paib-gpu/openb-pod-2016,546
546,create,paib-gpu/openb-pod-2903,547
547,create,paib-gpu/openb-pod-2492,548
548,create,paib-gpu/openb-pod-6401,549
549,create,paib-gpu/openb-pod-3246,550
550,create,paib-gpu/openb-pod-0597,551
551,create,paib-gpu/openb-pod-7752,552
552,create,paib-gpu/openb-pod-7395,553
553,create,paib-gpu/openb-pod-7023,554
554,create,paib-gpu/openb-pod-3623,555
555,create,paib-gpu/openb-pod-2669,556
556,create,paib-gpu/openb-pod-0283,557
557,create,paib-gpu/openb-pod-2665,558
558,create,paib-gpu/openb-pod-4176,559
559,create,paib-gpu/openb-pod-5680,560
560,create,paib-gpu/openb-pod-1290,561
561,create,paib-gpu/openb-pod-2250,562
562,create,paib-gpu/openb-pod-7039,563
563,create,paib-gpu/openb-pod-6658,564
564,create,paib-gpu/openb-pod-7324,565
565,create,paib-gpu/openb-pod-3027,566
566,create,paib-gpu/openb-pod-5195,567
567,create,paib-gpu/openb-pod-2876,568
568,create,paib-gpu/openb-pod-6882,569
569,create,paib-gpu/openb-pod-4466,570
570,create,paib-gpu/openb-pod-0660,571
571,create,paib-gpu/openb-pod-6421,572
572,create,paib-gpu/openb-pod-0767,573
573,create,paib-gpu/openb-pod-0984,574
574,create,paib-gpu/openb-pod-6642,575
575,create,paib-gpu/openb-pod-7115,576
576,create,paib-gpu/openb-pod-7226,577
577,create,paib-gpu/openb-pod-0918,578
578,create,paib-gpu/openb-pod-3094,579
579,create,paib-gpu/openb-pod-4099,580
580,create,paib-gpu/openb-pod-7496,581
581,create,paib-gpu/openb-pod-5212,582
582,create,paib-gpu/openb-pod-5926,583
583,create,paib-gpu/openb-pod-5415,584
584,create,paib-gpu/openb-pod-4184,585
585,create,paib-gpu/openb-pod-0097,586
586,create,paib-gpu/openb-pod-7881,587
587,create,paib-gpu/openb-pod-3786,588
588,create,paib-gpu/openb-pod-5142,589
589,create,paib-gpu/openb-pod-4262,590
590,create,paib-gpu/openb-pod-6277,591
591,create,paib-gpu/openb-pod-3761,592
592,create,paib-gpu/openb-pod-1777,593
593,create,paib-gpu/openb-pod-6996,594
594,create,paib-gpu/openb-pod-5051,595
595,create,paib-gpu/openb-pod-5539,596
596,create,paib-gpu/openb-pod-1258,597
597,create,paib-gpu/openb-pod-6838,598
598,create,paib-gpu/openb-pod-0655,599
599,create,paib-gpu/openb-pod-3856,600
600,create,paib-gpu/openb-pod-5977,601
601,create,paib-gpu/openb-pod-4519,602
602,create,paib-gpu/openb-pod-1005,603
603,create,paib-gpu/openb-pod-2818,604
604,create,paib-gpu/openb-pod-6627,605
605,create,paib-gpu/openb-pod-4990,606
606,create,paib-gpu/openb-pod-7684,607
607,create,paib-gpu/openb-pod-8061,608
608,create,paib-gpu/openb-pod-5192,609
609,create,paib-gpu/openb-pod-0185,610
610,create,paib-gpu/openb-pod-0854,611
611,create,paib-gpu/openb-pod-1416,612
612,create,paib-gpu/openb-pod-0814,613
613,create,paib-gpu/openb-pod-0806,614
614,create,paib-gpu/openb-pod-5483,615
615,create,paib-gpu/openb-pod-6827,616
616,create,paib-gpu/openb-pod-6080,617
617,create,paib-gpu/openb-pod-3426,618
618,create,paib-gpu/openb-pod-5307,619
619,create,paib-gpu/openb-pod-2233,620
620,create,paib-gpu/openb-pod-3247,621
621,create,paib-gpu/openb-pod-7054,622
622,create,paib-gpu/openb-pod-4887,623
623,create,paib-gpu/openb-pod-7303,624
624,create,paib-gpu/openb-pod-6083,625
625,create,paib-gpu/openb-pod-1860,626
626,create,paib-gpu/openb-pod-0944,627
627,create,paib-gpu/openb-pod-2692,628
628,create,paib-gpu/openb-pod-4112,629
629,create,paib-gpu/openb-pod-5119,630
630,create,paib-gpu/openb-pod-5674,631
631,create,paib-gpu/openb-pod-0402,632
632,create,paib-gpu/openb-pod-6257,633
633,create,paib-gpu/openb-pod-4268,634
634,create,paib-gpu/openb-pod-7123,635
635,create,paib-gpu/openb-pod-0619,636
636,create,paib-gpu/openb-pod-1251,637
637,create,paib-gpu/openb-pod-0314,638
638,create,paib-gpu/openb-pod-7420,639
639,create,paib-gpu/openb-pod-0592,640
640,create,paib-gpu/openb-pod-6356,641
641,create,paib-gpu/openb-pod-6250,642
642,create,paib-gpu/openb-pod-0030,643
643,create,paib-gpu/openb-pod-0809,644
644,create,paib-gpu/openb-pod-6666,645
645,create,paib-gpu/openb-pod-5412,646
646,create,paib-gpu/openb-pod-3337,647
647,create,paib-gpu/openb-pod-3687,648
648,create,paib-gpu/openb-pod-5877,649
649,create,paib-gpu/openb-pod-3702,650
650,create,paib-gpu/openb-pod-1667,651
651,create,paib-gpu/openb-pod-1586,652
652,create,paib-gpu/openb-pod-5198,653
653,create,paib-gpu/openb-pod-1549,654
654,create,paib-gpu/openb-pod-0441,655
655,create,paib-gpu/openb-pod-0288,656
656,create,paib-gpu/openb-pod-2623,657
657,create,paib-gpu/openb-pod-2925,658
658,create,paib-gpu/openb-pod-4986,659
659,create,paib-gpu/openb-pod-4265,660
660,create,paib-gpu/openb-pod-6213,661
661,create,paib-gpu/openb-pod-0497,662
662,create,paib-gpu/openb-pod-3022,663
663,create,paib-gpu/openb-pod-2473,664
664,create,paib-gpu/openb-pod-4914,665
665,create,paib-gpu/openb-pod-6156,666
666,create,paib-gpu/openb-pod-7142,667
667,create,paib-gpu/openb-pod-4843,668
668,create,paib-gpu/openb-pod-6790,669
669,create,paib-gpu/openb-pod-6647,670
670,create,paib-gpu/openb-pod-4024,671
671,create,paib-gpu/openb-pod-6870,672
672,create,paib-gpu/openb-pod-4886,673
673,create,paib-gpu/openb-pod-3250,674
674,create,paib-gpu/openb-pod-6367,675
675,create,paib-gpu/openb-pod-7724,676
676,create,paib-gpu/openb-pod-2721,677
677,create,paib-gpu/openb-pod-6517,678
678,create,paib-gpu/openb-pod-3667,679
679,create,paib-gpu/openb-pod-7293,680
680,create,paib-gpu/openb-pod-3986,681
681,create,paib-gpu/openb-pod-0250,682
682,create,paib-gpu/openb-pod-1204,683
683,create,paib-gpu/openb-pod-1520,684
684,create,paib-gpu/openb-pod-6568,685
685,create,paib-gpu/openb-pod-2002,686
686,create,paib-gpu/openb-pod-7817,687
687,create,paib-gpu/openb-pod-5235,688
688,create,paib-gpu/openb-pod-2303,689
689,create,paib-gpu/openb-pod-3412,690
690,create,paib-gpu/openb-pod-0415,691
691,create,paib-gpu/openb-pod-4789,692
692,create,paib-gpu/openb-pod-8066,693
693,create,paib-gpu/openb-pod-3563,694
694,create,paib-gpu/openb-pod-0914,695
695,create,paib-gpu/openb-pod-2047,696
696,create,paib-gpu/openb-pod-0943,697
697,create,paib-gpu/openb-pod-7400,698
698,create,paib-gpu/openb-pod-0896,699
699,create,paib-gpu/openb-pod-1690,700
700,create,paib-gpu/openb-pod-4117,701
701,create,paib-gpu/openb-pod-1474,702
702,create,paib-gpu/openb-pod-6893,703
703,create,paib-gpu/openb-pod-7024,704
704,create,paib-gpu/openb-pod-8138,705
705,create,paib-gpu/openb-pod-0879,706
706,create,paib-gpu/openb-pod-1897,707
707,create,paib-gpu/openb-pod-6973,708
708,create,paib-gpu/openb-pod-3655,709
709,create,paib-gpu/openb-pod-1793,710
710,create,paib-gpu/openb-pod-7540,711
711,create,paib-gpu/openb-pod-5842,712
712,create,paib-gpu/openb-pod-7942,713
713,create,paib-gpu/openb-pod-5912,714
714,create,paib-gpu/openb-pod-3002,715
715,create,paib-gpu/openb-pod-0726,716
716,create,paib-gpu/openb-pod-0828,717
717,create,paib-gpu/openb-pod-5668,718
718,create,paib-gpu/openb-pod-5205,719
719,create,paib-gpu/openb-pod-6007,720
720,create,paib-gpu/openb-pod-1806,721
721,create,paib-gpu/openb-pod-7167,722
722,create,paib-gpu/openb-pod-7100,723
723,create,paib-gpu/openb-pod-5352,724
724,create,paib-gpu/openb-pod-7535,725
725,create,paib-gpu/openb-pod-2848,726
726,create,paib-gpu/openb-pod-1278,727
727,create,paib-gpu/openb-pod-6496,728
728,create,paib-gpu/openb-pod-4545,729
729,create,paib-gpu/openb-pod-1228,730
730,create,paib-gpu/openb-pod-5058,731
731,create,paib-gpu/openb-pod-1673,732
732,create,paib-gpu/openb-pod-2676,733
733,create,paib-gpu/openb-pod-7716,734
734,create,paib-gpu/openb-pod-0810,735
735,create,paib-gpu/openb-pod-7773,736
736,create,paib-gpu/openb-pod-1211,737
737,create,paib-gpu/openb-pod-1704,738
738,create,paib-gpu/openb-pod-3820,739
739,create,paib-gpu/openb-pod-2433,740
740,create,paib-gpu/openb-pod-3837,741
741,create,paib-gpu/openb-pod-6186,742
742,create,paib-gpu/openb-pod-5324,743
743,create,paib-gpu/openb-pod-2149,744
744,create,paib-gpu/openb-pod-2030,745
745,create,paib-gpu/openb-pod-1125,746
746,create,paib-gpu/openb-pod-3640,747
747,create,paib-gpu/openb-pod-1129,748
748,create,paib-gpu/openb-pod-4443,749
749,create,paib-gpu/openb-pod-6340,750
750,create,paib-gpu/openb-pod-5615,751
751,create,paib-gpu/openb-pod-1151,752
752,create,paib-gpu/openb-pod-7059,753
753,create,paib-gpu/openb-pod-6898,754
754,create,paib-gpu/openb-pod-0223,755
755,create,paib-gpu/openb-pod-5720,756
756,create,paib-gpu/openb-pod-7148,757
757,create,paib-gpu/openb-pod-5795,758
758,create,paib-gpu/openb-pod-2738,759
759,create,paib-gpu/openb-pod-4318,760
760,create,paib-gpu/openb-pod-3919,761
761,create,paib-gpu/openb-pod-5123,762
762,create,paib-gpu/openb-pod-3660,763
763,create,paib-gpu/openb-pod-7468,764
764,create,paib-gpu/openb-pod-1990,765
765,create,paib-gpu/openb-pod-7693,766
766,create,paib-gpu/openb-pod-0485,767
767,create,paib-gpu/openb-pod-2937,768
768,create,paib-gpu/openb-pod-5034,769
769,create,paib-gpu/openb-pod-7987,770
770,create,paib-gpu/openb-pod-2652,771
771,create,paib-gpu/openb-pod-3038,772
772,create,paib-gpu/openb-pod-4355,773
773,create,paib-gpu/openb-pod-3186,774
774,create,paib-gpu/openb-pod-2825,775
775,create,paib-gpu/openb-pod-3809,776
776,create,paib-gpu/openb-pod-0721,777
777,create,paib-gpu/openb-pod-0184,778
778,create,paib-gpu/openb-pod-1681,779
779,create,paib-gpu/openb-pod-2866,780
780,create,paib-gpu/openb-pod-3448,781
781,create,paib-gpu/openb-pod-7426,782
782,create,paib-gpu/openb-pod-5588,783
783,create,paib-gpu/openb-pod-0567,784
784,create,paib-gpu/openb-pod-1509,785
785,create,paib-gpu/openb-pod-0552,786
786,create,paib-gpu/openb-pod-5375,787
787,create,paib-gpu/openb-pod-0818,788
788,create,paib-gpu/openb-pod-4624,789
789,create,paib-gpu/openb-pod-6607,790
790,create,paib-gpu/openb-pod-1797,791
791,create,paib-gpu/openb-pod-6248,792
792,create,paib-gpu/openb-pod-2343,793
793,create,paib-gpu/openb-pod-1591,794
794,create,paib-gpu/openb-pod-2989,795
795,create,paib-gpu/openb-pod-4083,796
796,create,paib-gpu/openb-pod-4541,797
797,create,paib-gpu/openb-pod-5161,798
798,create,paib-gpu/openb-pod-1399,799
799,create,paib-gpu/openb-pod-5099,800
800,create,paib-gpu/openb-pod-1292,801
801,create,paib-gpu/openb-pod-1749,802
802,create,paib-gpu/openb-pod-7339,803
803,create,paib-gpu/openb-pod-2441,804
804,create,paib-gpu/openb-pod-3267,805
805,create,paib-gpu/openb-pod-1017,806
806,create,paib-gpu/openb-pod-7776,807
807,create,paib-gpu/openb-pod-6708,808
808,create,paib-gpu/openb-pod-3000,809
809,create,paib-gpu/openb-pod-5427,810
810,create,paib-gpu/openb-pod-2667,811
811,create,paib-gpu/openb-pod-5443,812
812,create,paib-gpu/openb-pod-7037,813
813,create,paib-gpu/openb-pod-0823,814
814,create,paib-gpu/openb-pod-2610,815
815,create,paib-gpu/openb-pod-6814,816
816,create,paib-gpu/openb-pod-2779,817
817,create,paib-gpu/openb-pod-6736,818
818,create,paib-gpu/openb-pod-3305,819
819,create,paib-gpu/openb-pod-2896,820
820,create,paib-gpu/openb-pod-4046,821
821,create,paib-gpu/openb-pod-1872,822
822,create,paib-gpu/openb-pod-7975,823
823,create,paib-gpu/openb-pod-0865,824
824,create,paib-gpu/openb-pod-6878,825
825,create,paib-gpu/openb-pod-5305,826
826,create,paib-gpu/openb-pod-7208,827
827,create,paib-gpu/openb-pod-3154,828
828,create,paib-gpu/openb-pod-4060,829
829,create,paib-gpu/openb-pod-1658,830
830,create,paib-gpu/openb-pod-4482,831
831,create,paib-gpu/openb-pod-1805,832
832,create,paib-gpu/openb-pod-5805,833
833,create,paib-gpu/openb-pod-2034,834
834,create,paib-gpu/openb-pod-3584,835
835,create,paib-gpu/openb-pod-0218,836
836,create,paib-gpu/openb-pod-3862,837
837,create,paib-gpu/openb-pod-2984,838
838,create,paib-gpu/openb-pod-3758,839
839,create,paib-gpu/openb-pod-7803,840
840,create,paib-gpu/openb-pod-5532,841
841,create,paib-gpu/openb-pod-0189,842
842,create,paib-gpu/openb-pod-0933,843
843,create,paib-gpu/openb-pod-2722,844
844,create,paib-gpu/openb-pod-3244,845
845,create,paib-gpu/openb-pod-7008,846
846,create,paib-gpu/openb-pod-6942,847
847,create,paib-gpu/openb-pod-4881,848
848,create,paib-gpu/openb-pod-1794,849
849,create,paib-gpu/openb-pod-7580,850
850,create,paib-gpu/openb-pod-3313,851
851,create,paib-gpu/openb-pod-7918,852
852,create,paib-gpu/openb-pod-7834,853
853,create,paib-gpu/openb-pod-6143,854
854,create,paib-gpu/openb-pod-2703,855
855,create,paib-gpu/openb-pod-3010,856
856,create,paib-gpu/openb-pod-3294,857
857,create,paib-gpu/openb-pod-2300,858
858,create,paib-gpu/openb-pod-7586,859
859,create,paib-gpu/openb-pod-6042,860
860,create,paib-gpu/openb-pod-0863,861
861,create,paib-gpu/openb-pod-0238,862
862,create,paib-gpu/openb-pod-0889,863
863,create,paib-gpu/openb-pod-6999,864
864,create,paib-gpu/openb-pod-1838,865
865,create,paib-gpu/openb-pod-3399,866
866,create,paib-gpu/openb-pod-7557,867
867,create,paib-gpu/openb-pod-3893,868
868,create,paib-gpu/openb-pod-4853,869
869,create,paib-gpu/openb-pod-2819,870
870,create,paib-gpu/openb-pod-0932,871
871,create,paib-gpu/openb-pod-4834,872
872,create,paib-gpu/openb-pod-1377,873
873,create,paib-gpu/openb-pod-8011,874
874,create,paib-gpu/openb-pod-2741,875
875,create,paib-gpu/openb-pod-6916,876
876,create,paib-gpu/openb-pod-7901,877
877,create,paib-gpu/openb-pod-7017,878
878,create,paib-gpu/openb-pod-5733,879
879,create,paib-gpu/openb-pod-8144,880
880,create,paib-gpu/openb-pod-0229,881
881,create,paib-gpu/openb-pod-0871,882
882,create,paib-gpu/openb-pod-1407,883
883,create,paib-gpu/openb-pod-3380,884
884,create,paib-gpu/openb-pod-3689,885
885,create,paib-gpu/openb-pod-5639,886
886,create,paib-gpu/openb-pod-1600,887
887,create,paib-gpu/openb-pod-0312,888
888,create,paib-gpu/openb-pod-2335,889
889,create,paib-gpu/openb-pod-7435,890
890,create,paib-gpu/openb-pod-6644,891
891,create,paib-gpu/openb-pod-4917,892
892,create,paib-gpu/openb-pod-4871,893
893,create,paib-gpu/openb-pod-7370,894
894,create,paib-gpu/openb-pod-2606,895
895,create,paib-gpu/openb-pod-5445,896
896,create,paib-gpu/openb-pod-6419,897
897,create,paib-gpu/openb-pod-2773,898
898,create,paib-gpu/openb-pod-4747,899
899,create,paib-gpu/openb-pod-6531,900
900,create,paib-gpu/openb-pod-1620,901
901,create,paib-gpu/openb-pod-7206,902
902,create,paib-gpu/openb-pod-2110,903
903,create,paib-gpu/openb-pod-3712,904
904,create,paib-gpu/openb-pod-5286,905
905,create,paib-gpu/openb-pod-3969,906
906,create,paib-gpu/openb-pod-4554,907
907,create,paib-gpu/openb-pod-2949,908
908,create,paib-gpu/openb-pod-5217,909
909,create,paib-gpu/openb-pod-4795,910
910,create,paib-gpu/openb-pod-1126,911
911,create,paib-gpu/openb-pod-5594,912
912,create,paib-gpu/openb-pod-8117,913
913,create,paib-gpu/openb-pod-5373,914
914,create,paib-gpu/openb-pod-1706,915
915,create,paib-gpu/openb-pod-6537,916
916,create,paib-gpu/openb-pod-0354,917
917,create,paib-gpu/openb-pod-5501,918
918,create,paib-gpu/openb-pod-3109,919
919,create,paib-gpu/openb-pod-6353,920
920,create,paib-gpu/openb-pod-2474,921
921,create,paib-gpu/openb-pod-7973,922
922,create,paib-gpu/openb-pod-3208,923
923,create,paib-gpu/openb-pod-0405,924
924,create,paib-gpu/openb-pod-4204,925
925,create,paib-gpu/openb-pod-6212,926
926,create,paib-gpu/openb-pod-6225,927
927,create,paib-gpu/openb-pod-2249,928
928,create,paib-gpu/openb-pod-6193,929
929,create,paib-gpu/openb-pod-6631,930
930,create,paib-gpu/openb-pod-5534,931
931,create,paib-gpu/openb-pod-4165,932
932,create,paib-gpu/openb-pod-0785,933
933,create,paib-gpu/openb-pod-6579,934
934,create,paib-gpu/openb-pod-0556,935
935,create,paib-gpu/openb-pod-6325,936
936,create,paib-gpu/openb-pod-2654,937
937,create,paib-gpu/openb-pod-3253,938
938,create,paib-gpu/openb-pod-6488,939
939,create,paib-gpu/openb-pod-1938,940
940,create,paib-gpu/openb-pod-3348,941
941,create,paib-gpu/openb-pod-7908,942
942,create,paib-gpu/openb-pod-4770,943
943,create,paib-gpu/openb-pod-0329,944
944,create,paib-gpu/openb-pod-3035,945
945,create,paib-gpu/openb-pod-5521,946
946,create,paib-gpu/openb-pod-5276,947
947,create,paib-gpu/openb-pod-4019,948
948,create,paib-gpu/openb-pod-7122,949
949,create,paib-gpu/openb-pod-1101,950
950,create,paib-gpu/openb-pod-1712,951
951,create,paib-gpu/openb-pod-1455,952
952,create,paib-gpu/openb-pod-3813,953
953,create,paib-gpu/openb-pod-1214,954
954,create,paib-gpu/openb-pod-0620,955
955,create,paib-gpu/openb-pod-0715,956
956,create,paib-gpu/openb-pod-3159,957
957,create,paib-gpu/openb-pod-2775,958
958,create,paib-gpu/openb-pod-6270,959
959,create,paib-gpu/openb-pod-1981,960
960,create,paib-gpu/openb-pod-6169,961
961,create,paib-gpu/openb-pod-6655,962
962,create,paib-gpu/openb-pod-4645,963
963,create,paib-gpu/openb-pod-5524,964
964,create,paib-gpu/openb-pod-4326,965
965,create,paib-gpu/openb-pod-6798,966
966,create,paib-gpu/openb-pod-0979,967
967,create,paib-gpu/openb-pod-5663,968
968,create,paib-gpu/openb-pod-1386,969
969,create,paib-gpu/openb-pod-7503,970
970,create,paib-gpu/openb-pod-7318,971
971,create,paib-gpu/openb-pod-1892,972
972,create,paib-gpu/openb-pod-6510,973
973,create,paib-gpu/openb-pod-0400,974
974,create,paib-gpu/openb-pod-4796,975
975,create,paib-gpu/openb-pod-7460,976
976,create,paib-gpu/openb-pod-1795,977
977,create,paib-gpu/openb-pod-6069,978
978,create,paib-gpu/openb-pod-6196,979
979,create,paib-gpu/openb-pod-2856,980
980,create,paib-gpu/openb-pod-3446,981
981,create,paib-gpu/openb-pod-3550,982
982,create,paib-gpu/openb-pod-4389,983
983,create,paib-gpu/openb-pod-3932,984
984,create,paib-gpu/openb-pod-4733,985
985,create,paib-gpu/openb-pod-7695,986
986,create,paib-gpu/openb-pod-7571,987
987,create,paib-gpu/openb-pod-5442,988
988,create,paib-gpu/openb-pod-7628,989
989,create,paib-gpu/openb-pod-2786,990
990,create,paib-gpu/openb-pod-1265,991
991,create,paib-gpu/openb-pod-0616,992
992,create,paib-gpu/openb-pod-2859,993
993,create,paib-gpu/openb-pod-4289,994
994,create,paib-gpu/openb-pod-4745,995
995,create,paib-gpu/openb-pod-4949,996
996,create,paib-gpu/openb-pod-6068,997
997,create,paib-gpu/openb-pod-7143,998
998,create,paib-gpu/openb-pod-6673,999
999,create,paib-gpu/openb-pod-4185,1000
1000,create,paib-gpu/openb-pod-6564,1001
1001,create,paib-gpu/openb-pod-1391,1002
1002,create,paib-gpu/openb-pod-7306,1003
1003,create,paib-gpu/openb-pod-4730,1004
1004,create,paib-gpu/openb-pod-2069,1005
1005,create,paib-gpu/openb-pod-4520,1006
1006,create,paib-gpu/openb-pod-4951,1007
1007,create,paib-gpu/openb-pod-5308,1008
1008,create,paib-gpu/openb-pod-7214,1009
1009,create,paib-gpu/openb-pod-2372,1010
1010,create,paib-gpu/openb-pod-4709,1011
1011,create,paib-gpu/openb-pod-5509,1012
1012,create,paib-gpu/openb-pod-5706,1013
1013,create,paib-gpu/openb-pod-5374,1014
1014,create,paib-gpu/openb-pod-0908,1015
1015,create,paib-gpu/openb-pod-5777,1016
1016,create,paib-gpu/openb-pod-5323,1017
1017,create,paib-gpu/openb-pod-6349,1018
1018,create,paib-gpu/openb-pod-2633,1019
1019,create,paib-gpu/openb-pod-5278,1020
1020,create,paib-gpu/openb-pod-1383,1021
1021,create,paib-gpu/openb-pod-1291,1022
1022,create,paib-gpu/openb-pod-4880,1023
1023,create,paib-gpu/openb-pod-0371,1024
1024,create,paib-gpu/openb-pod-3804,1025
1025,create,paib-gpu/openb-pod-2578,1026
1026,create,paib-gpu/openb-pod-7504,1027
1027,create,paib-gpu/openb-pod-5910,1028
1028,create,paib-gpu/openb-pod-8112,1029
1029,create,paib-gpu/openb-pod-1434,1030
1030,create,paib-gpu/openb-pod-3155,1031
1031,create,paib-gpu/openb-pod-1311,1032
1032,create,paib-gpu/openb-pod-0375,1033
1033,create,paib-gpu/openb-pod-0359,1034
1034,create,paib-gpu/openb-pod-1604,1035
1035,create,paib-gpu/openb-pod-7922,1036
1036,create,paib-gpu/openb-pod-4286,1037
1037,create,paib-gpu/openb-pod-3128,1038
1038,create,paib-gpu/openb-pod-6908,1039
1039,create,paib-gpu/openb-pod-3466,1040
1040,create,paib-gpu/openb-pod-6368,1041
1041,create,paib-gpu/openb-pod-7575,1042
1042,create,paib-gpu/openb-pod-4193,1043
1043,create,paib-gpu/openb-pod-3641,1044
1044,create,paib-gpu/openb-pod-3127,1045
1045,create,paib-gpu/openb-pod-3724,1046
1046,create,paib-gpu/openb-pod-5575,1047
1047,create,paib-gpu/openb-pod-5421,1048
1048,create,paib-gpu/openb-pod-6305,1049
1049,create,paib-gpu/openb-pod-0954,1050
1050,create,paib-gpu/openb-pod-5905,1051
1051,create,paib-gpu/openb-pod-4876,1052
1052,create,paib-gpu/openb-pod-2743,1053
1053,create,paib-gpu/openb-pod-0106,1054
1054,create,paib-gpu/openb-pod-4991,1055
1055,create,paib-gpu/openb-pod-0819,1056
1056,create,paib-gpu/openb-pod-4473,1057
1057,create,paib-gpu/openb-pod-1131,1058
1058,create,paib-gpu/openb-pod-5565,1059
1059,create,paib-gpu/openb-pod-3057,1060
1060,create,paib-gpu/openb-pod-0973,1061
1061,create,paib-gpu/openb-pod-6630,1062
1062,create,paib-gpu/openb-pod-3300,1063
1063,create,paib-gpu/openb-pod-2523,1064
1064,create,paib-gpu/openb-pod-3556,1065
1065,create,paib-gpu/openb-pod-6654,1066
1066,create,paib-gpu/openb-pod-5379,1067
1067,create,paib-gpu/openb-pod-6591,1068
1068,create,paib-gpu/openb-pod-7577,1069
1069,create,paib-gpu/openb-pod-7530,1070
1070,create,paib-gpu/openb-pod-2677,1071
1071,create,paib-gpu/openb-pod-4172,1072
1072,create,paib-gpu/openb-pod-8087,1073
1073,create,paib-gpu/openb-pod-3167,1074
1074,create,paib-gpu/openb-pod-1385,1075
1075,create,paib-gpu/openb-pod-6147,1076
1076,create,paib-gpu/openb-pod-1849,1077
1077,create,paib-gpu/openb-pod-3251,1078
1078,create,paib-gpu/openb-pod-2025,1079
1079,create,paib-gpu/openb-pod-2746,1080
1080,create,paib-gpu/openb-pod-3865,1081
1081,create,paib-gpu/openb-pod-4906,1082
1082,create,paib-gpu/openb-pod-2391,1083
1083,create,paib-gpu/openb-pod-5027,1084
1084,create,paib-gpu/openb-pod-0379,1085
1085,create,paib-gpu/openb-pod-0717,1086
1086,create,paib-gpu/openb-pod-3074,1087
1087,create,paib-gpu/openb-pod-0692,1088
1088,create,paib-gpu/openb-pod-5908,1089
1089,create,paib-gpu/openb-pod-7846,1090
1090,create,paib-gpu/openb-pod-7229,1091
1091,create,paib-gpu/openb-pod-1037,1092
1092,create,paib-gpu/openb-pod-4840,1093
1093,create,paib-gpu/openb-pod-3533,1094
1094,create,paib-gpu/openb-pod-6546,1095
1095,create,paib-gpu/openb-pod-5605,1096
1096,create,paib-gpu/openb-pod-5726,1097
1097,create,paib-gpu/openb-pod-4323,1098
1098,create,paib-gpu/openb-pod-7398,1099
1099,create,paib-gpu/openb-pod-2622,1100
1100,create,paib-gpu/openb-pod-4996,1101
1101,create,paib-gpu/openb-pod-2359,1102
1102,create,paib-gpu/openb-pod-0566,1103
1103,create,paib-gpu/openb-pod-6329,1104
1104,create,paib-gpu/openb-pod-4581,1105
1105,create,paib-gpu/openb-pod-1492,1106
1106,create,paib-gpu/openb-pod-5418,1107
1107,create,paib-gpu/openb-pod-0844,1108
1108,create,paib-gpu/openb-pod-4743,1109
1109,create,paib-gpu/openb-pod-5457,1110
1110,create,paib-gpu/openb-pod-8018,1111
1111,create,paib-gpu/openb-pod-2350,1112
1112,create,paib-gpu/openb-pod-2591,1113
1113,create,paib-gpu/openb-pod-7173,1114
1114,create,paib-gpu/openb-pod-4618,1115
1115,create,paib-gpu/openb-pod-3421,1116
1116,create,paib-gpu/openb-pod-7829,1117
1117,create,paib-gpu/openb-pod-0245,1118
1118,create,paib-gpu/openb-pod-4947,1119
1119,create,paib-gpu/openb-pod-2653,1120
1120,create,paib-gpu/openb-pod-6336,1121
1121,create,paib-gpu/openb-pod-3042,1122
1122,create,paib-gpu/openb-pod-0302,1123
1123,create,paib-gpu/openb-pod-4938,1124
1124,create,paib-gpu/openb-pod-3852,1125
1125,create,paib-gpu/openb-pod-7467,1126
1126,create,paib-gpu/openb-pod-4000,1127
1127,create,paib-gpu/openb-pod-1381,1128
1128,create,paib-gpu/openb-pod-2178,1129
1129,create,paib-gpu/openb-pod-6208,1130
1130,create,paib-gpu/openb-pod-0838,1131
1131,create,paib-gpu/openb-pod-7266,1132
1132,create,paib-gpu/openb-pod-0471,1133
1133,create,paib-gpu/openb-pod-1432,1134
1134,create,paib-gpu/openb-pod-7810,1135
1135,create,paib-gpu/openb-pod-5641,1136
1136,create,paib-gpu/openb-pod-1733,1137
1137,create,paib-gpu/openb-pod-2632,1138
1138,create,paib-gpu/openb-pod-2148,1139
1139,create,paib-gpu/openb-pod-7570,1140
1140,create,paib-gpu/openb-pod-2715,1141
1141,create,paib-gpu/openb-pod-6696,1142
1142,create,paib-gpu/openb-pod-7774,1143
1143,create,paib-gpu/openb-pod-1159,1144
1144,create,paib-gpu/openb-pod-2164,1145
1145,create,paib-gpu/openb-pod-8135,1146
1146,create,paib-gpu/openb-pod-3921,1147
1147,create,paib-gpu/openb-pod-3923,1148
1148,create,paib-gpu/openb-pod-6576,1149
1149,create,paib-gpu/openb-pod-3090,1150
1150,create,paib-gpu/openb-pod-6327,1151
1151,create,paib-gpu/openb-pod-5160,1152
1152,create,paib-gpu/openb-pod-4346,1153
1153,create,paib-gpu/openb-pod-2800,1154
1154,create,paib-gpu/openb-pod-5325,1155
1155,create,paib-gpu/openb-pod-3911,1156
1156,create,paib-gpu/openb-pod-7874,1157
1157,create,paib-gpu/openb-pod-7796,1158
1158,create,paib-gpu/openb-pod-7671,1159
1159,create,paib-gpu/openb-pod-3203,1160
1160,create,paib-gpu/openb-pod-4021,1161
1161,create,paib-gpu/openb-pod-5574,1162
1162,create,paib-gpu/openb-pod-6312,1163
1163,create,paib-gpu/openb-pod-3711,1164
1164,create,paib-gpu/openb-pod-0159,1165
1165,create,paib-gpu/openb-pod-6081,1166
1166,create,paib-gpu/openb-pod-5856,1167
1167,create,paib-gpu/openb-pod-4432,1168
1168,create,paib-gpu/openb-pod-6154,1169
1169,create,paib-gpu/openb-pod-3126,1170
1170,create,paib-gpu/openb-pod-3981,1171
1171,create,paib-gpu/openb-pod-3096,1172
1172,create,paib-gpu/openb-pod-6237,1173
1173,create,paib-gpu/openb-pod-4851,1174
1174,create,paib-gpu/openb-pod-1648,1175
1175,create,paib-gpu/openb-pod-3182,1176
1176,create,paib-gpu/openb-pod-0511,1177
1177,create,paib-gpu/openb-pod-0149,1178
1178,create,paib-gpu/openb-pod-5974,1179
1179,create,paib-gpu/openb-pod-0858,1180
1180,create,paib-gpu/openb-pod-0574,1181
1181,create,paib-gpu/openb-pod-1366,1182
1182,create,paib-gpu/openb-pod-6746,1183
1183,create,paib-gpu/openb-pod-6853,1184
1184,create,paib-gpu/openb-pod-7274,1185
1185,create,paib-gpu/openb-pod-6719,1186
1186,create,paib-gpu/openb-pod-0333,1187
1187,create,paib-gpu/openb-pod-2603,1188
1188,create,paib-gpu/openb-pod-0448,1189
1189,create,paib-gpu/openb-pod-0931,1190
1190,create,paib-gpu/openb-pod-1145,1191
1191,create,paib-gpu/openb-pod-2379,1192
1192,create,paib-gpu/openb-pod-8089,1193
1193,create,paib-gpu/openb-pod-4025,1194
1194,create,paib-gpu/openb-pod-0141,1195
1195,create,paib-gpu/openb-pod-2522,1196
1196,create,paib-gpu/openb-pod-3860,1197
1197,create,paib-gpu/openb-pod-0603,1198
1198,create,paib-gpu/openb-pod-3362,1199
1199,create,paib-gpu/openb-pod-0834,1200
1200,create,paib-gpu/openb-pod-6755,1201
1201,create,paib-gpu/openb-pod-7434,1202
1202,create,paib-gpu/openb-pod-7843,1203
1203,create,paib-gpu/openb-pod-3980,1204
1204,create,paib-gpu/openb-pod-5385,1205
1205,create,paib-gpu/openb-pod-6581,1206
1206,create,paib-gpu/openb-pod-7124,1207
1207,create,paib-gpu/openb-pod-6971,1208
1208,create,paib-gpu/openb-pod-3099,1209
1209,create,paib-gpu/openb-pod-4957,1210
1210,create,paib-gpu/openb-pod-7377,1211
1211,create,paib-gpu/openb-pod-0697,1212
1212,create,paib-gpu/openb-pod-2158,1213
1213,create,paib-gpu/openb-pod-6927,1214
1214,create,paib-gpu/openb-pod-1015,1215
1215,create,paib-gpu/openb-pod-2601,1216
1216,create,paib-gpu/openb-pod-5455,1217
1217,create,paib-gpu/openb-pod-6138,1218
1218,create,paib-gpu/openb-pod-5975,1219
1219,create,paib-gpu/openb-pod-0704,1220
1220,create,paib-gpu/openb-pod-3774,1221
1221,create,paib-gpu/openb-pod-5979,1222
1222,create,paib-gpu/openb-pod-6608,1223
1223,create,paib-gpu/openb-pod-1494,1224
1224,create,paib-gpu/openb-pod-1949,1225
1225,create,paib-gpu/openb-pod-6897,1226
1226,create,paib-gpu/openb-pod-1208,1227
1227,create,paib-gpu/openb-pod-6130,1228
1228,create,paib-gpu/openb-pod-6516,1229
1229,create,paib-gpu/openb-pod-3081,1230
1230,create,paib-gpu/openb-pod-6883,1231
1231,create,paib-gpu/openb-pod-7964,1232
1232,create,paib-gpu/openb-pod-1224,1233
1233,create,paib-gpu/openb-pod-4390,1234
1234,create,paib-gpu/openb-pod-7432,1235
1235,create,paib-gpu/openb-pod-2168,1236
1236,create,paib-gpu/openb-pod-5485,1237
1237,create,paib-gpu/openb-pod-3468,1238
1238,create,paib-gpu/openb-pod-3696,1239
1239,create,paib-gpu/openb-pod-7155,1240
1240,create,paib-gpu/openb-pod-3264,1241
1241,create,paib-gpu/openb-pod-7325,1242
1242,create,paib-gpu/openb-pod-7421,1243
1243,create,paib-gpu/openb-pod-1140,1244
1244,create,paib-gpu/openb-pod-3914,1245
1245,create,paib-gpu/openb-pod-2000,1246
1246,create,paib-gpu/openb-pod-1393,1247
1247,create,paib-gpu/openb-pod-2173,1248
1248,create,paib-gpu/openb-pod-4498,1249
1249,create,paib-gpu/openb-pod-6296,1250
1250,create,paib-gpu/openb-pod-0753,1251
1251,create,paib-gpu/openb-pod-5067,1252
1252,create,paib-gpu/openb-pod-2541,1253
1253,create,paib-gpu/openb-pod-7787,1254
1254,create,paib-gpu/openb-pod-6011,1255
1255,create,paib-gpu/openb-pod-3651,1256
1256,create,paib-gpu/openb-pod-3477,1257
1257,create,paib-gpu/openb-pod-3375,1258
1258,create,paib-gpu/openb-pod-4758,1259
1259,create,paib-gpu/openb-pod-3403,1260
1260,create,paib-gpu/openb-pod-1621,1261
1261,create,paib-gpu/openb-pod-7485,1262
1262,create,paib-gpu/openb-pod-2684,1263
1263,create,paib-gpu/openb-pod-7923,1264
1264,create,paib-gpu/openb-pod-7456,1265
1265,create,paib-gpu/openb-pod-0480,1266
1266,create,paib-gpu/openb-pod-4540,1267
1267,create,paib-gpu/openb-pod-4735,1268
1268,create,paib-gpu/openb-pod-0199,1269
1269,create,paib-gpu/openb-pod-2244,1270
1270,create,paib-gpu/openb-pod-7070,1271
1271,create,paib-gpu/openb-pod-1594,1272
1272,create,paib-gpu/openb-pod-5257,1273
1273,create,paib-gpu/openb-pod-6473,1274
1274,create,paib-gpu/openb-pod-7026,1275
1275,create,paib-gpu/openb-pod-6345,1276
1276,create,paib-gpu/openb-pod-6300,1277
1277,create,paib-gpu/openb-pod-0163,1278
1278,create,paib-gpu/openb-pod-1082,1279
1279,create,paib-gpu/openb-pod-2268,1280
1280,create,paib-gpu/openb-pod-5408,1281
1281,create,paib-gpu/openb-pod-4065,1282
1282,create,paib-gpu/openb-pod-3199,1283
1283,create,paib-gpu/openb-pod-7172,1284
1284,create,paib-gpu/openb-pod-0151,1285
1285,create,paib-gpu/openb-pod-2844,1286
1286,create,paib-gpu/openb-pod-1517,1287
1287,create,paib-gpu/openb-pod-6990,1288
1288,create,paib-gpu/openb-pod-0926,1289
1289,create,paib-gpu/openb-pod-5169,1290
1290,create,paib-gpu/openb-pod-8130,1291
1291,create,paib-gpu/openb-pod-1218,1292
1292,create,paib-gpu/openb-pod-1324,1293
1293,create,paib-gpu/openb-pod-5376,1294
1294,create,paib-gpu/openb-pod-5064,1295
1295,create,paib-gpu/openb-pod-2189,1296
1296,create,paib-gpu/openb-pod-1568,1297
1297,create,paib-gpu/openb-pod-0338,1298
1298,create,paib-gpu/openb-pod-0345,1299
1299,create,paib-gpu/openb-pod-0913,1300
1300,create,paib-gpu/openb-pod-7582,1301
1301,create,paib-gpu/openb-pod-3547,1302
1302,create,paib-gpu/openb-pod-5184,1303
1303,create,paib-gpu/openb-pod-7909,1304
1304,create,paib-gpu/openb-pod-7783,1305
1305,create,paib-gpu/openb-pod-4398,1306
1306,create,paib-gpu/openb-pod-5911,1307
1307,create,paib-gpu/openb-pod-2621,1308
1308,create,paib-gpu/openb-pod-5952,1309
1309,create,paib-gpu/openb-pod-5365,1310
1310,create,paib-gpu/openb-pod-2078,1311
1311,create,paib-gpu/openb-pod-6903,1312
1312,create,paib-gpu/openb-pod-4930,1313
1313,create,paib-gpu/openb-pod-5815,1314
1314,create,paib-gpu/openb-pod-6850,1315
1315,create,paib-gpu/openb-pod-1617,1316
1316,create,paib-gpu/openb-pod-7294,1317
1317,create,paib-gpu/openb-pod-6979,1318
1318,create,paib-gpu/openb-pod-0124,1319
1319,create,paib-gpu/openb-pod-8126,1320
1320,create,paib-gpu/openb-pod-3691,1321
1321,create,paib-gpu/openb-pod-1299,1322
1322,create,paib-gpu/openb-pod-6318,1323
1323,create,paib-gpu/openb-pod-5551,1324
1324,create,paib-gpu/openb-pod-4242,1325
1325,create,paib-gpu/openb-pod-8049,1326
1326,create,paib-gpu/openb-pod-7653,1327
1327,create,paib-gpu/openb-pod-4935,1328
1328,create,paib-gpu/openb-pod-4239,1329
1329,create,paib-gpu/openb-pod-3866,1330
1330,create,paib-gpu/openb-pod-2823,1331
1331,create,paib-gpu/openb-pod-7291,1332
1332,create,paib-gpu/openb-pod-7242,1333
1333,create,paib-gpu/openb-pod-5343,1334
1334,create,paib-gpu/openb-pod-1479,1335
1335,create,paib-gpu/openb-pod-3064,1336
1336,create,paib-gpu/openb-pod-3450,1337
1337,create,paib-gpu/openb-pod-3345,1338
1338,create,paib-gpu/openb-pod-2481,1339
1339,create,paib-gpu/openb-pod-0861,1340
1340,create,paib-gpu/openb-pod-2930,1341
1341,create,paib-gpu/openb-pod-3604,1342
1342,create,paib-gpu/openb-pod-0040,1343
1343,create,paib-gpu/openb-pod-1070,1344
1344,create,paib-gpu/openb-pod-0506,1345
1345,create,paib-gpu/openb-pod-5610,1346
1346,create,paib-gpu/openb-pod-7792,1347
1347,create,paib-gpu/openb-pod-2450,1348
1348,create,paib-gpu/openb-pod-1352,1349
1349,create,paib-gpu/openb-pod-6161,1350
1350,create,paib-gpu/openb-pod-1878,1351
1351,create,paib-gpu/openb-pod-2109,1352
1352,create,paib-gpu/openb-pod-3869,1353
1353,create,paib-gpu/openb-pod-5048,1354
1354,create,paib-gpu/openb-pod-5085,1355
1355,create,paib-gpu/openb-pod-7993,1356
1356,create,paib-gpu/openb-pod-7762,1357
1357,create,paib-gpu/openb-pod-5353,1358
1358,create,paib-gpu/openb-pod-5627,1359
1359,create,paib-gpu/openb-pod-6574,1360
1360,create,paib-gpu/openb-pod-7977,1361
1361,create,paib-gpu/openb-pod-1446,1362
1362,create,paib-gpu/openb-pod-6065,1363
1363,create,paib-gpu/openb-pod-0539,1364
1364,create,paib-gpu/openb-pod-2913,1365
1365,create,paib-gpu/openb-pod-0205,1366
1366,create,paib-gpu/openb-pod-4095,1367
1367,create,paib-gpu/openb-pod-1336,1368
1368,create,paib-gpu/openb-pod-6144,1369
1369,create,paib-gpu/openb-pod-4012,1370
1370,create,paib-gpu/openb-pod-3195,1371
1371,create,paib-gpu/openb-pod-6854,1372
1372,create,paib-gpu/openb-pod-3883,1373
1373,create,paib-gpu/openb-pod-4472,1374
1374,create,paib-gpu/openb-pod-3540,1375
1375,create,paib-gpu/openb-pod-8008,1376
1376,create,paib-gpu/openb-pod-3568,1377
1377,create,paib-gpu/openb-pod-5671,1378
1378,create,paib-gpu/openb-pod-2681,1379
1379,create,paib-gpu/openb-pod-5280,1380
1380,create,paib-gpu/openb-pod-0615,1381
1381,create,paib-gpu/openb-pod-7741,1382
1382,create,paib-gpu/openb-pod-4567,1383
1383,create,paib-gpu/openb-pod-2733,1384
1384,create,paib-gpu/openb-pod-8109,1385
1385,create,paib-gpu/openb-pod-2024,1386
1386,create,paib-gpu/openb-pod-5854,1387
1387,create,paib-gpu/openb-pod-3638,1388
1388,create,paib-gpu/openb-pod-3733,1389
1389,create,paib-gpu/openb-pod-5179,1390
1390,create,paib-gpu/openb-pod-5728,1391
1391,create,paib-gpu/openb-pod-4862,1392
1392,create,paib-gpu/openb-pod-0083,1393
1393,create,paib-gpu/openb-pod-6134,1394
1394,create,paib-gpu/openb-pod-6482,1395
1395,create,paib-gpu/openb-pod-5626,1396
1396,create,paib-gpu/openb-pod-0161,1397
1397,create,paib-gpu/openb-pod-6781,1398
1398,create,paib-gpu/openb-pod-7411,1399
1399,create,paib-gpu/openb-pod-2472,1400
1400,create,paib-gpu/openb-pod-4648,1401
1401,create,paib-gpu/openb-pod-0168,1402
1402,create,paib-gpu/openb-pod-2324,1403
1403,create,paib-gpu/openb-pod-8020,1404
1404,create,paib-gpu/openb-pod-3419,1405
1405,create,paib-gpu/openb-pod-1643,1406
1406,create,paib-gpu/openb-pod-8085,1407
1407,create,paib-gpu/openb-pod-3336,1408
1408,create,paib-gpu/openb-pod-3016,1409
1409,create,paib-gpu/openb-pod-0420,1410
1410,create,paib-gpu/openb-pod-3602,1411
1411,create,paib-gpu/openb-pod-5635,1412
1412,create,paib-gpu/openb-pod-0318,1413
1413,create,paib-gpu/openb-pod-4622,1414
1414,create,paib-gpu/openb-pod-4945,1415
1415,create,paib-gpu/openb-pod-3785,1416
1416,create,paib-gpu/openb-pod-1507,1417
1417,create,paib-gpu/openb-pod-3633,1418
1418,create,paib-gpu/openb-pod-2533,1419
1419,create,paib-gpu/openb-pod-3730,1420
1420,create,paib-gpu/openb-pod-3009,1421
1421,create,paib-gpu/openb-pod-5367,1422
1422,create,paib-gpu/openb-pod-8022,1423
1423,create,paib-gpu/openb-pod-5463,1424
1424,create,paib-gpu/openb-pod-6858,1425
1425,create,paib-gpu/openb-pod-7373,1426
1426,create,paib-gpu/openb-pod-3663,1427
1427,create,paib-gpu/openb-pod-4825,1428
1428,create,paib-gpu/openb-pod-5896,1429
1429,create,paib-gpu/openb-pod-5053,1430
1430,create,paib-gpu/openb-pod-3395,1431
1431,create,paib-gpu/openb-pod-6948,1432
1432,create,paib-gpu/openb-pod-7701,1433
1433,create,paib-gpu/openb-pod-0802,1434
1434,create,paib-gpu/openb-pod-7888,1435
1435,create,paib-gpu/openb-pod-4129,1436
1436,create,paib-gpu/openb-pod-4877,1437
1437,create,paib-gpu/openb-pod-6679,1438
1438,create,paib-gpu/openb-pod-4829,1439
1439,create,paib-gpu/openb-pod-4616,1440
1440,create,paib-gpu/openb-pod-2414,1441
1441,create,paib-gpu/openb-pod-5146,1442
1442,create,paib-gpu/openb-pod-4748,1443
1443,create,paib-gpu/openb-pod-5080,1444
1444,create,paib-gpu/openb-pod-5647,1445
1445,create,paib-gpu/openb-pod-7064,1446
1446,create,paib-gpu/openb-pod-3558,1447
1447,create,paib-gpu/openb-pod-3314,1448
1448,create,paib-gpu/openb-pod-7813,1449
1449,create,paib-gpu/openb-pod-0757,1450
1450,create,paib-gpu/openb-pod-0289,1451
1451,create,paib-gpu/openb-pod-1314,1452
1452,create,paib-gpu/openb-pod-3521,1453
1453,create,paib-gpu/openb-pod-7831,1454
1454,create,paib-gpu/openb-pod-4563,1455
1455,create,paib-gpu/openb-pod-3596,1456
1456,create,paib-gpu/openb-pod-4164,1457
1457,create,paib-gpu/openb-pod-1636,1458
1458,create,paib-gpu/openb-pod-1538,1459
1459,create,paib-gpu/openb-pod-7761,1460
1460,create,paib-gpu/openb-pod-5317,1461
1461,create,paib-gpu/openb-pod-1160,1462
1462,create,paib-gpu/openb-pod-0766,1463
1463,create,paib-gpu/openb-pod-2089,1464
1464,create,paib-gpu/openb-pod-6842,1465
1465,create,paib-gpu/openb-pod-5396,1466
1466,create,paib-gpu/openb-pod-0571,1467
1467,create,paib-gpu/openb-pod-2057,1468
1468,create,paib-gpu/openb-pod-5970,1469
1469,create,paib-gpu/openb-pod-6337,1470
1470,create,paib-gpu/openb-pod-1661,1471
1471,create,paib-gpu/openb-pod-5277,1472
1472,create,paib-gpu/openb-pod-2012,1473
1473,create,paib-gpu/openb-pod-7048,1474
1474,create,paib-gpu/openb-pod-1026,1475
1475,create,paib-gpu/openb-pod-4711,1476
1476,create,paib-gpu/openb-pod-1830,1477
1477,create,paib-gpu/openb-pod-6414,1478
1478,create,paib-gpu/openb-pod-4576,1479
1479,create,paib-gpu/openb-pod-4679,1480
1480,create,paib-gpu/openb-pod-7355,1481
1481,create,paib-gpu/openb-pod-2132,1482
1482,create,paib-gpu/openb-pod-4430,1483
1483,create,paib-gpu/openb-pod-7856,1484
1484,create,paib-gpu/openb-pod-8141,1485
1485,create,paib-gpu/openb-pod-6184,1486
1486,create,paib-gpu/openb-pod-6121,1487
1487,create,paib-gpu/openb-pod-8121,1488
1488,create,paib-gpu/openb-pod-1762,1489
1489,create,paib-gpu/openb-pod-5496,1490
1490,create,paib-gpu/openb-pod-6668,1491
1491,create,paib-gpu/openb-pod-7722,1492
1492,create,paib-gpu/openb-pod-3268,1493
1493,create,paib-gpu/openb-pod-0658,1494
1494,create,paib-gpu/openb-pod-7583,1495
1495,create,paib-gpu/openb-pod-3298,1496
1496,create,paib-gpu/openb-pod-5451,1497
1497,create,paib-gpu/openb-pod-6390,1498
1498,create,paib-gpu/openb-pod-1761,1499
1499,create,paib-gpu/openb-pod-6455,1500
1500,create,paib-gpu/openb-pod-4187,1501
1501,create,paib-gpu/openb-pod-0351,1502
1502,create,paib-gpu/openb-pod-6691,1503
1503,create,paib-gpu/openb-pod-4011,1504
1504,create,paib-gpu/openb-pod-1038,1505
1505,create,paib-gpu/openb-pod-4534,1506
1506,create,paib-gpu/openb-pod-3560,1507
1507,create,paib-gpu/openb-pod-1445,1508
1508,create,paib-gpu/openb-pod-6062,1509
1509,create,paib-gpu/openb-pod-5319,1510
1510,create,paib-gpu/openb-pod-4468,1511
1511,create,paib-gpu/openb-pod-0773,1512
1512,create,paib-gpu/openb-pod-1011,1513
1513,create,paib-gpu/openb-pod-1678,1514
1514,create,paib-gpu/openb-pod-2799,1515
1515,create,paib-gpu/openb-pod-5533,1516
1516,create,paib-gpu/openb-pod-0680,1517
1517,create,paib-gpu/openb-pod-5170,1518
1518,create,paib-gpu/openb-pod-6306,1519
1519,create,paib-gpu/openb-pod-2524,1520
1520,create,paib-gpu/openb-pod-3415,1521
1521,create,paib-gpu/openb-pod-2176,1522
1522,create,paib-gpu/openb-pod-5578,1523
1523,create,paib-gpu/openb-pod-2542,1524
1524,create,paib-gpu/openb-pod-6918,1525
1525,create,paib-gpu/openb-pod-6018,1526
1526,create,paib-gpu/openb-pod-6283,1527
1527,create,paib-gpu/openb-pod-4681,1528
1528,create,paib-gpu/openb-pod-2537,1529
1529,create,paib-gpu/openb-pod-3790,1530
1530,create,paib-gpu/openb-pod-4787,1531
1531,create,paib-gpu/openb-pod-4249,1532
1532,create,paib-gpu/openb-pod-6309,1533
1533,create,paib-gpu/openb-pod-3139,1534
1534,create,paib-gpu/openb-pod-0144,1535
1535,create,paib-gpu/openb-pod-0855,1536
1536,create,paib-gpu/openb-pod-5073,1537
1537,create,paib-gpu/openb-pod-2040,1538
1538,create,paib-gpu/openb-pod-1662,1539
1539,create,paib-gpu/openb-pod-3754,1540
1540,create,paib-gpu/openb-pod-6978,1541
1541,create,paib-gpu/openb-pod-1071,1542
1542,create,paib-gpu/openb-pod-4591,1543
1543,create,paib-gpu/openb-pod-8102,1544
1544,create,paib-gpu/openb-pod-6675,1545
1545,create,paib-gpu/openb-pod-4777,1546
1546,create,paib-gpu/openb-pod-0147,1547
1547,create,paib-gpu/openb-pod-3238,1548
1548,create,paib-gpu/openb-pod-2442,1549
1549,create,paib-gpu/openb-pod-0079,1550
1550,create,paib-gpu/openb-pod-7290,1551
1551,create,paib-gpu/openb-pod-5465,1552
1552,create,paib-gpu/openb-pod-2459,1553
1553,create,paib-gpu/openb-pod-1244,1554
1554,create,paib-gpu/openb-pod-2982,1555
1555,create,paib-gpu/openb-pod-7061,1556
1556,create,paib-gpu/openb-pod-5808,1557
1557,create,paib-gpu/openb-pod-0535,1558
1558,create,paib-gpu/openb-pod-4813,1559
1559,create,paib-gpu/openb-pod-5310,1560
1560,create,paib-gpu/openb-pod-5867,1561
1561,create,paib-gpu/openb-pod-2587,1562
1562,create,paib-gpu/openb-pod-5461,1563
1563,create,paib-gpu/openb-pod-1613,1564
1564,create,paib-gpu/openb-pod-2231,1565
1565,create,paib-gpu/openb-pod-1982,1566
1566,create,paib-gpu/openb-pod-0839,1567
1567,create,paib-gpu/openb-pod-5892,1568
1568,create,paib-gpu/openb-pod-2996,1569
1569,create,paib-gpu/openb-pod-7051,1570
1570,create,paib-gpu/openb-pod-2712,1571
1571,create,paib-gpu/openb-pod-1055,1572
1572,create,paib-gpu/openb-pod-1562,1573
1573,create,paib-gpu/openb-pod-5226,1574
1574,create,paib-gpu/openb-pod-4806,1575
1575,create,paib-gpu/openb-pod-3646,1576
1576,create,paib-gpu/openb-pod-7097,1577
1577,create,paib-gpu/openb-pod-6812,1578
1578,create,paib-gpu/openb-pod-6611,1579
1579,create,paib-gpu/openb-pod-2165,1580
1580,create,paib-gpu/openb-pod-6352,1581
1581,create,paib-gpu/openb-pod-3435,1582
1582,create,paib-gpu/openb-pod-7995,1583
1583,create,paib-gpu/openb-pod-0000,1584
1584,create,paib-gpu/openb-pod-4040,1585
1585,create,paib-gpu/openb-pod-7408,1586
1586,create,paib-gpu/openb-pod-0983,1587
1587,create,paib-gpu/openb-pod-6960,1588
1588,create,paib-gpu/openb-pod-5425,1589
1589,create,paib-gpu/openb-pod-5843,1590
1590,create,paib-gpu/openb-pod-4243,1591
1591,create,paib-gpu/openb-pod-4864,1592
1592,create,paib-gpu/openb-pod-6639,1593
1593,create,paib-gpu/openb-pod-6697,1594
1594,create,paib-gpu/openb-pod-1462,1595
1595,create,paib-gpu/openb-pod-3235,1596
1596,create,paib-gpu/openb-pod-2568,1597
1597,create,paib-gpu/openb-pod-1910,1598
1598,create,paib-gpu/openb-pod-1102,1599
1599,create,paib-gpu/openb-pod-5155,1600
1600,create,paib-gpu/openb-pod-7854,1601
1601,create,paib-gpu/openb-pod-5181,1602
1602,create,paib-gpu/openb-pod-4593,1603
1603,create,paib-gpu/openb-pod-3693,1604
1604,create,paib-gpu/openb-pod-2270,1605
1605,create,paib-gpu/openb-pod-6924,1606
1606,create,paib-gpu/openb-pod-4377,1607
1607,create,paib-gpu/openb-pod-1449,1608
1608,create,paib-gpu/openb-pod-2990,1609
1609,create,paib-gpu/openb-pod-1780,1610
1610,create,paib-gpu/openb-pod-2754,1611
1611,create,paib-gpu/openb-pod-5644,1612
1612,create,paib-gpu/openb-pod-6032,1613
1613,create,paib-gpu/openb-pod-2979,1614
1614,create,paib-gpu/openb-pod-3642,1615
1615,create,paib-gpu/openb-pod-7279,1616
1616,create,paib-gpu/openb-pod-7750,1617
1617,create,paib-gpu/openb-pod-3133,1618
1618,create,paib-gpu/openb-pod-4510,1619
1619,create,paib-gpu/openb-pod-6730,1620
1620,create,paib-gpu/openb-pod-7769,1621
1621,create,paib-gpu/openb-pod-6834,1622
1622,create,paib-gpu/openb-pod-3352,1623
1623,create,paib-gpu/openb-pod-2135,1624
1624,create,paib-gpu/openb-pod-0764,1625
1625,create,paib-gpu/openb-pod-6614,1626
1626,create,paib-gpu/openb-pod-0593,1627
1627,create,paib-gpu/openb-pod-1045,1628
1628,create,paib-gpu/openb-pod-4141,1629
1629,create,paib-gpu/openb-pod-0688,1630
1630,create,paib-gpu/openb-pod-7677,1631
1631,create,paib-gpu/openb-pod-2572,1632
1632,create,paib-gpu/openb-pod-2085,1633
1633,create,paib-gpu/openb-pod-1578,1634
1634,create,paib-gpu/openb-pod-3153,1635
1635,create,paib-gpu/openb-pod-2385,1636
1636,create,paib-gpu/openb-pod-6434,1637
1637,create,paib-gpu/openb-pod-5339,1638
1638,create,paib-gpu/openb-pod-0661,1639
1639,create,paib-gpu/openb-pod-5488,1640
1640,create,paib-gpu/openb-pod-5569,1641
1641,create,paib-gpu/openb-pod-4237,1642
1642,create,paib-gpu/openb-pod-6282,1643
1643,create,paib-gpu/openb-pod-2971,1644
1644,create,paib-gpu/openb-pod-0071,1645
1645,create,paib-gpu/openb-pod-1868,1646
1646,create,paib-gpu/openb-pod-7182,1647
1647,create,paib-gpu/openb-pod-5917,1648
1648,create,paib-gpu/openb-pod-8072,1649
1649,create,paib-gpu/openb-pod-1930,1650
1650,create,paib-gpu/openb-pod-8015,1651
1651,create,paib-gpu/openb-pod-0356,1652
1652,create,paib-gpu/openb-pod-7295,1653
1653,create,paib-gpu/openb-pod-1521,1654
1654,create,paib-gpu/openb-pod-2613,1655
1655,create,paib-gpu/openb-pod-5997,1656
1656,create,paib-gpu/openb-pod-7126,1657
1657,create,paib-gpu/openb-pod-0526,1658
1658,create,paib-gpu/openb-pod-6365,1659
1659,create,paib-gpu/openb-pod-5050,1660
1660,create,paib-gpu/openb-pod-5227,1661
1661,create,paib-gpu/openb-pod-0892,1662
1662,create,paib-gpu/openb-pod-3409,1663
1663,create,paib-gpu/openb-pod-4676,1664
1664,create,paib-gpu/openb-pod-1689,1665
1665,create,paib-gpu/openb-pod-7721,1666
1666,create,paib-gpu/openb-pod-5038,1667
1667,create,paib-gpu/openb-pod-6771,1668
1668,create,paib-gpu/openb-pod-1152,1669
1669,create,paib-gpu/openb-pod-3310,1670
1670,create,paib-gpu/openb-pod-5218,1671
1671,create,paib-gpu/openb-pod-0101,1672
1672,create,paib-gpu/openb-pod-3050,1673
1673,create,paib-gpu/openb-pod-1890,1674
1674,create,paib-gpu/openb-pod-6098,1675
1675,create,paib-gpu/openb-pod-7749,1676
1676,create,paib-gpu/openb-pod-8059,1677
1677,create,paib-gpu/openb-pod-5857,1678
1678,create,paib-gpu/openb-pod-6674,1679
1679,create,paib-gpu/openb-pod-4320,1680
1680,create,paib-gpu/openb-pod-6822,1681
1681,create,paib-gpu/openb-pod-7044,1682
1682,create,paib-gpu/openb-pod-0669,1683
1683,create,paib-gpu/openb-pod-7798,1684
1684,create,paib-gpu/openb-pod-7576,1685
1685,create,paib-gpu/openb-pod-6218,1686
1686,create,paib-gpu/openb-pod-0495,1687
1687,create,paib-gpu/openb-pod-2355,1688
1688,create,paib-gpu/openb-pod-2486,1689
1689,create,paib-gpu/openb-pod-5694,1690
1690,create,paib-gpu/openb-pod-3179,1691
1691,create,paib-gpu/openb-pod-1293,1692
1692,create,paib-gpu/openb-pod-7979,1693
1693,create,paib-gpu/openb-pod-6803,1694
1694,create,paib-gpu/openb-pod-4192,1695
1695,create,paib-gpu/openb-pod-7850,1696
1696,create,paib-gpu/openb-pod-2322,1697
1697,create,paib-gpu/openb-pod-3518,1698
1698,create,paib-gpu/openb-pod-2118,1699
1699,create,paib-gpu/openb-pod-2406,1700
1700,create,paib-gpu/openb-pod-3762,1701
1701,create,paib-gpu/openb-pod-2065,1702
1702,create,paib-gpu/openb-pod-5168,1703
1703,create,paib-gpu/openb-pod-6726,1704
1704,create,paib-gpu/openb-pod-7472,1705
1705,create,paib-gpu/openb-pod-3926,1706
1706,create,paib-gpu/openb-pod-1247,1707
1707,create,paib-gpu/openb-pod-5467,1708
1708,create,paib-gpu/openb-pod-6941,1709
1709,create,paib-gpu/openb-pod-7250,1710
1710,create,paib-gpu/openb-pod-3612,1711
1711,create,paib-gpu/openb-pod-3961,1712
1712,create,paib-gpu/openb-pod-4553,1713
1713,create,paib-gpu/openb-pod-7345,1714
1714,create,paib-gpu/openb-pod-0543,1715
1715,create,paib-gpu/openb-pod-3648,1716
1716,create,paib-gpu/openb-pod-6606,1717
1717,create,paib-gpu/openb-pod-4396,1718
1718,create,paib-gpu/openb-pod-0664,1719
1719,create,paib-gpu/openb-pod-5961,1720
1720,create,paib-gpu/openb-pod-0976,1721
1721,create,paib-gpu/openb-pod-1659,1722
1722,create,paib-gpu/openb-pod-2116,1723
1723,create,paib-gpu/openb-pod-6895,1724
1724,create,paib-gpu/openb-pod-0967,1725
1725,create,paib-gpu/openb-pod-4725,1726
1726,create,paib-gpu/openb-pod-2868,1727
1727,create,paib-gpu/openb-pod-5336,1728
1728,create,paib-gpu/openb-pod-4113,1729
1729,create,paib-gpu/openb-pod-5091,1730
1730,create,paib-gpu/openb-pod-3971,1731
1731,create,paib-gpu/openb-pod-3647,1732
1732,create,paib-gpu/openb-pod-1347,1733
1733,create,paib-gpu/openb-pod-3962,1734
1734,create,paib-gpu/openb-pod-7267,1735
1735,create,paib-gpu/openb-pod-2175,1736
1736,create,paib-gpu/openb-pod-0827,1737
1737,create,paib-gpu/openb-pod-1941,1738
1738,create,paib-gpu/openb-pod-1427,1739
1739,create,paib-gpu/openb-pod-2465,1740
1740,create,paib-gpu/openb-pod-3592,1741
1741,create,paib-gpu/openb-pod-1565,1742
1742,create,paib-gpu/openb-pod-7889,1743
1743,create,paib-gpu/openb-pod-5656,1744
1744,create,paib-gpu/openb-pod-0248,1745
1745,create,paib-gpu/openb-pod-0682,1746
1746,create,paib-gpu/openb-pod-1852,1747
1747,create,paib-gpu/openb-pod-2710,1748
1748,create,paib-gpu/openb-pod-4828,1749
1749,create,paib-gpu/openb-pod-1813,1750
1750,create,paib-gpu/openb-pod-7440,1751
1751,create,paib-gpu/openb-pod-7302,1752
1752,create,paib-gpu/openb-pod-2217,1753
1753,create,paib-gpu/openb-pod-2055,1754
1754,create,paib-gpu/openb-pod-0306,1755
1755,create,paib-gpu/openb-pod-2931,1756
1756,create,paib-gpu/openb-pod-7137,1757
1757,create,paib-gpu/openb-pod-0689,1758
1758,create,paib-gpu/openb-pod-3013,1759
1759,create,paib-gpu/openb-pod-7805,1760
1760,create,paib-gpu/openb-pod-1249,1761
1761,create,paib-gpu/openb-pod-4874,1762
1762,create,paib-gpu/openb-pod-7166,1763
1763,create,paib-gpu/openb-pod-2279,1764
1764,create,paib-gpu/openb-pod-3978,1765
1765,create,paib-gpu/openb-pod-2795,1766
1766,create,paib-gpu/openb-pod-2392,1767
1767,create,paib-gpu/openb-pod-6869,1768
1768,create,paib-gpu/openb-pod-7233,1769
1769,create,paib-gpu/openb-pod-1196,1770
1770,create,paib-gpu/openb-pod-6301,1771
1771,create,paib-gpu/openb-pod-7588,1772
1772,create,paib-gpu/openb-pod-1329,1773
1773,create,paib-gpu/openb-pod-4294,1774
1774,create,paib-gpu/openb-pod-4235,1775
1775,create,paib-gpu/openb-pod-6815,1776
1776,create,paib-gpu/openb-pod-1680,1777
1777,create,paib-gpu/openb-pod-4252,1778
1778,create,paib-gpu/openb-pod-7340,1779
1779,create,paib-gpu/openb-pod-3553,1780
1780,create,paib-gpu/openb-pod-2342,1781
1781,create,paib-gpu/openb-pod-1301,1782
1782,create,paib-gpu/openb-pod-7652,1783
1783,create,paib-gpu/openb-pod-1627,1784
1784,create,paib-gpu/openb-pod-3753,1785
1785,create,paib-gpu/openb-pod-0381,1786
1786,create,paib-gpu/openb-pod-1340,1787
1787,create,paib-gpu/openb-pod-6010,1788
1788,create,paib-gpu/openb-pod-1889,1789
1789,create,paib-gpu/openb-pod-3455,1790
1790,create,paib-gpu/openb-pod-4655,1791
1791,create,paib-gpu/openb-pod-7723,1792
1792,create,paib-gpu/openb-pod-5478,1793
1793,create,paib-gpu/openb-pod-6925,1794
1794,create,paib-gpu/openb-pod-1925,1795
1795,create,paib-gpu/openb-pod-5014,1796
1796,create,paib-gpu/openb-pod-1847,1797
1797,create,paib-gpu/openb-pod-2028,1798
1798,create,paib-gpu/openb-pod-1682,1799
1799,create,paib-gpu/openb-pod-7150,1800
1800,create,paib-gpu/openb-pod-1202,1801
1801,create,paib-gpu/openb-pod-1900,1802
1802,create,paib-gpu/openb-pod-4458,1803
1803,create,paib-gpu/openb-pod-5207,1804
1804,create,paib-gpu/openb-pod-4967,1805
1805,create,paib-gpu/openb-pod-7350,1806
1806,create,paib-gpu/openb-pod-7312,1807
1807,create,paib-gpu/openb-pod-7511,1808
1808,create,paib-gpu/openb-pod-0239,1809
1809,create,paib-gpu/openb-pod-1948,1810
1810,create,paib-gpu/openb-pod-6107,1811
1811,create,paib-gpu/openb-pod-1785,1812
1812,create,paib-gpu/openb-pod-6381,1813
1813,create,paib-gpu/openb-pod-1607,1814
1814,create,paib-gpu/openb-pod-2228,1815
1815,create,paib-gpu/openb-pod-7924,1816
1816,create,paib-gpu/openb-pod-4161,1817
1817,create,paib-gpu/openb-pod-7838,1818
1818,create,paib-gpu/openb-pod-1912,1819
1819,create,paib-gpu/openb-pod-2445,1820
1820,create,paib-gpu/openb-pod-6701,1821
1821,create,paib-gpu/openb-pod-2105,1822
1822,create,paib-gpu/openb-pod-3816,1823
1823,create,paib-gpu/openb-pod-5740,1824
1824,create,paib-gpu/openb-pod-7443,1825
1825,create,paib-gpu/openb-pod-3700,1826
1826,create,paib-gpu/openb-pod-4850,1827
1827,create,paib-gpu/openb-pod-5889,1828
1828,create,paib-gpu/openb-pod-6744,1829
1829,create,paib-gpu/openb-pod-0017,1830
1830,create,paib-gpu/openb-pod-0971,1831
1831,create,paib-gpu/openb-pod-5991,1832
1832,create,paib-gpu/openb-pod-7338,1833
1833,create,paib-gpu/openb-pod-0193,1834
1834,create,paib-gpu/openb-pod-0440,1835
1835,create,paib-gpu/openb-pod-5964,1836
1836,create,paib-gpu/openb-pod-7253,1837
1837,create,paib-gpu/openb-pod-7567,1838
1838,create,paib-gpu/openb-pod-5653,1839
1839,create,paib-gpu/openb-pod-3093,1840
1840,create,paib-gpu/openb-pod-2004,1841
1841,create,paib-gpu/openb-pod-2185,1842
1842,create,paib-gpu/openb-pod-2162,1843
1843,create,paib-gpu/openb-pod-7120,1844
1844,create,paib-gpu/openb-pod-0474,1845
1845,create,paib-gpu/openb-pod-3741,1846
1846,create,paib-gpu/openb-pod-4841,1847
1847,create,paib-gpu/openb-pod-5084,1848
1848,create,paib-gpu/openb-pod-7430,1849
1849,create,paib-gpu/openb-pod-4477,1850
1850,create,paib-gpu/openb-pod-5112,1851
1851,create,paib-gpu/openb-pod-3705,1852
1852,create,paib-gpu/openb-pod-7801,1853
1853,create,paib-gpu/openb-pod-5859,1854
1854,create,paib-gpu/openb-pod-3628,1855
1855,create,paib-gpu/openb-pod-4266,1856
1856,create,paib-gpu/openb-pod-3727,1857
1857,create,paib-gpu/openb-pod-7938,1858
1858,create,paib-gpu/openb-pod-0460,1859
1859,create,paib-gpu/openb-pod-6331,1860
1860,create,paib-gpu/openb-pod-5988,1861
1861,create,paib-gpu/openb-pod-2812,1862
1862,create,paib-gpu/openb-pod-5006,1863
1863,create,paib-gpu/openb-pod-1970,1864
1864,create,paib-gpu/openb-pod-3490,1865
1865,create,paib-gpu/openb-pod-3328,1866
1866,create,paib-gpu/openb-pod-5491,1867
1867,create,paib-gpu/openb-pod-2988,1868
1868,create,paib-gpu/openb-pod-0591,1869
1869,create,paib-gpu/openb-pod-2139,1870
1870,create,paib-gpu/openb-pod-4051,1871
1871,create,paib-gpu/openb-pod-7639,1872
1872,create,paib-gpu/openb-pod-3214,1873
1873,create,paib-gpu/openb-pod-3157,1874
1874,create,paib-gpu/openb-pod-1316,1875
1875,create,paib-gpu/openb-pod-3491,1876
1876,create,paib-gpu/openb-pod-3537,1877
1877,create,paib-gpu/openb-pod-4278,1878
1878,create,paib-gpu/openb-pod-6120,1879
1879,create,paib-gpu/openb-pod-7046,1880
1880,create,paib-gpu/openb-pod-1679,1881
1881,create,paib-gpu/openb-pod-2904,1882
1882,create,paib-gpu/openb-pod-8047,1883
1883,create,paib-gpu/openb-pod-5250,1884
1884,create,paib-gpu/openb-pod-6247,1885
1885,create,paib-gpu/openb-pod-6753,1886
1886,create,paib-gpu/openb-pod-2413,1887
1887,create,paib-gpu/openb-pod-2952,1888
1888,create,paib-gpu/openb-pod-2074,1889
1889,create,paib-gpu/openb-pod-2756,1890
1890,create,paib-gpu/openb-pod-2405,1891
1891,create,paib-gpu/openb-pod-5811,1892
1892,create,paib-gpu/openb-pod-0683,1893
1893,create,paib-gpu/openb-pod-8013,1894
1894,create,paib-gpu/openb-pod-2364,1895
1895,create,paib-gpu/openb-pod-5586,1896
1896,create,paib-gpu/openb-pod-2146,1897
1897,create,paib-gpu/openb-pod-5131,1898
1898,create,paib-gpu/openb-pod-2678,1899
1899,create,paib-gpu/openb-pod-1410,1900
1900,create,paib-gpu/openb-pod-1612,1901
1901,create,paib-gpu/openb-pod-0092,1902
1902,create,paib-gpu/openb-pod-4736,1903
1903,create,paib-gpu/openb-pod-6901,1904
1904,create,paib-gpu/openb-pod-7010,1905
1905,create,paib-gpu/openb-pod-1133,1906
1906,create,paib-gpu/openb-pod-4226,1907
1907,create,paib-gpu/openb-pod-5329,1908
1908,create,paib-gpu/openb-pod-8132,1909
1909,create,paib-gpu/openb-pod-6437,1910
1910,create,paib-gpu/openb-pod-3473,1911
1911,create,paib-gpu/openb-pod-5921,1912
1912,create,paib-gpu/openb-pod-0957,1913
1913,create,paib-gpu/openb-pod-7833,1914
1914,create,paib-gpu/openb-pod-7498,1915
1915,create,paib-gpu/openb-pod-0036,1916
1916,create,paib-gpu/openb-pod-1561,1917
1917,create,paib-gpu/openb-pod-5823,1918
1918,create,paib-gpu/openb-pod-1499,1919
1919,create,paib-gpu/openb-pod-6757,1920
1920,create,paib-gpu/openb-pod-1567,1921
1921,create,paib-gpu/openb-pod-3516,1922
1922,create,paib-gpu/openb-pod-1861,1923
1923,create,paib-gpu/openb-pod-2968,1924
1924,create,paib-gpu/openb-pod-7388,1925
1925,create,paib-gpu/openb-pod-0032,1926
1926,create,paib-gpu/openb-pod-6767,1927
1927,create,paib-gpu/openb-pod-0435,1928
1928,create,paib-gpu/openb-pod-0127,1929
1929,create,paib-gpu/openb-pod-6364,1930
1930,create,paib-gpu/openb-pod-0385,1931
1931,create,paib-gpu/openb-pod-6342,1932
1932,create,paib-gpu/openb-pod-2553,1933
1933,create,paib-gpu/openb-pod-1480,1934
1934,create,paib-gpu/openb-pod-5969,1935
1935,create,paib-gpu/openb-pod-7568,1936
1936,create,paib-gpu/openb-pod-3979,1937
1937,create,paib-gpu/openb-pod-3489,1938
1938,create,paib-gpu/openb-pod-7364,1939
1939,create,paib-gpu/openb-pod-2880,1940
1940,create,paib-gpu/openb-pod-4212,1941
1941,create,paib-gpu/openb-pod-6047,1942
1942,create,paib-gpu/openb-pod-2916,1943
1943,create,paib-gpu/openb-pod-2708,1944
1944,create,paib-gpu/openb-pod-6067,1945
1945,create,paib-gpu/openb-pod-2194,1946
1946,create,paib-gpu/openb-pod-7459,1947
1947,create,paib-gpu/openb-pod-5880,1948
1948,create,paib-gpu/openb-pod-7517,1949
1949,create,paib-gpu/openb-pod-2071,1950
1950,create,paib-gpu/openb-pod-7005,1951
1951,create,paib-gpu/openb-pod-5696,1952
1952,create,paib-gpu/openb-pod-4821,1953
1953,create,paib-gpu/openb-pod-4893,1954
1954,create,paib-gpu/openb-pod-3373,1955
1955,create,paib-gpu/openb-pod-2595,1956
1956,create,paib-gpu/openb-pod-0928,1957
1957,create,paib-gpu/openb-pod-5426,1958
1958,create,paib-gpu/openb-pod-1800,1959
1959,create,paib-gpu/openb-pod-7587,1960
1960,create,paib-gpu/openb-pod-0707,1961
1961,create,paib-gpu/openb-pod-5927,1962
1962,create,paib-gpu/openb-pod-6355,1963
1963,create,paib-gpu/openb-pod-2772,1964
1964,create,paib-gpu/openb-pod-7168,1965
1965,create,paib-gpu/openb-pod-7079,1966
1966,create,paib-gpu/openb-pod-7414,1967
1967,create,paib-gpu/openb-pod-2551,1968
1968,create,paib-gpu/openb-pod-0269,1969
1969,create,paib-gpu/openb-pod-4169,1970
1970,create,paib-gpu/openb-pod-5562,1971
1971,create,paib-gpu/openb-pod-7418,1972
1972,create,paib-gpu/openb-pod-1473,1973
1973,create,paib-gpu/openb-pod-7320,1974
1974,create,paib-gpu/openb-pod-0837,1975
1975,create,paib-gpu/openb-pod-2242,1976
1976,create,paib-gpu/openb-pod-6888,1977
1977,create,paib-gpu/openb-pod-2664,1978
1978,create,paib-gpu/openb-pod-0916,1979
1979,create,paib-gpu/openb-pod-1974,1980
1980,create,paib-gpu/openb-pod-0387,1981
1981,create,paib-gpu/openb-pod-4205,1982
1982,create,paib-gpu/openb-pod-4018,1983
1983,create,paib-gpu/openb-pod-6638,1984
1984,create,paib-gpu/openb-pod-4421,1985
1985,create,paib-gpu/openb-pod-1262,1986
1986,create,paib-gpu/openb-pod-0690,1987
1987,create,paib-gpu/openb-pod-3301,1988
1988,create,paib-gpu/openb-pod-4156,1989
1989,create,paib-gpu/openb-pod-4259,1990
1990,create,paib-gpu/openb-pod-1674,1991
1991,create,paib-gpu/openb-pod-0031,1992
1992,create,paib-gpu/openb-pod-3873,1993
1993,create,paib-gpu/openb-pod-2508,1994
1994,create,paib-gpu/openb-pod-5081,1995
1995,create,paib-gpu/openb-pod-1834,1996
1996,create,paib-gpu/openb-pod-0121,1997
1997,create,paib-gpu/openb-pod-4692,1998
1998,create,paib-gpu/openb-pod-2701,1999
1999,create,paib-gpu/openb-pod-4491,2000
2000,create,paib-gpu/openb-pod-0349,2001
2001,create,paib-gpu/openb-pod-2490,2002
2002,create,paib-gpu/openb-pod-6123,2003
2003,create,paib-gpu/openb-pod-0380,2004
2004,create,paib-gpu/openb-pod-5231,2005
2005,create,paib-gpu/openb-pod-0358,2006
2006,create,paib-gpu/openb-pod-2729,2007
2007,create,paib-gpu/openb-pod-0215,2008
2008,create,paib-gpu/openb-pod-7595,2009
2009,create,paib-gpu/openb-pod-0920,2010
2010,create,paib-gpu/openb-pod-5914,2011
2011,create,paib-gpu/openb-pod-0608,2012
2012,create,paib-gpu/openb-pod-3160,2013
2013,create,paib-gpu/openb-pod-6100,2014
2014,create,paib-gpu/openb-pod-4572,2015
2015,create,paib-gpu/openb-pod-0463,2016
2016,create,paib-gpu/openb-pod-6044,2017
2017,create,paib-gpu/openb-pod-2410,2018
2018,create,paib-gpu/openb-pod-2923,2019
2019,create,paib-gpu/openb-pod-7501,2020
2020,create,paib-gpu/openb-pod-1307,2021
2021,create,paib-gpu/openb-pod-2529,2022
2022,create,paib-gpu/openb-pod-6064,2023
2023,create,paib-gpu/openb-pod-6887,2024
2024,create,paib-gpu/openb-pod-1111,2025
2025,create,paib-gpu/openb-pod-4311,2026
2026,create,paib-gpu/openb-pod-5982,2027
2027,create,paib-gpu/openb-pod-7041,2028
2028,create,paib-gpu/openb-pod-2882,2029
2029,create,paib-gpu/openb-pod-6729,2030
2030,create,paib-gpu/openb-pod-3398,2031
2031,create,paib-gpu/openb-pod-7533,2032
2032,create,paib-gpu/openb-pod-1388,2033
2033,create,paib-gpu/openb-pod-7014,2034
2034,create,paib-gpu/openb-pod-5003,2035
2035,create,paib-gpu/openb-pod-2770,2036
2036,create,paib-gpu/openb-pod-7934,2037
2037,create,paib-gpu/openb-pod-2172,2038
2038,create,paib-gpu/openb-pod-2096,2039
2039,create,paib-gpu/openb-pod-5765,2040
2040,create,paib-gpu/openb-pod-5677,2041
2041,create,paib-gpu/openb-pod-0948,2042
2042,create,paib-gpu/openb-pod-7249,2043
2043,create,paib-gpu/openb-pod-0426,2044
2044,create,paib-gpu/openb-pod-4592,2045
2045,create,paib-gpu/openb-pod-3221,2046
2046,create,paib-gpu/openb-pod-0120,2047
2047,create,paib-gpu/openb-pod-6539,2048
2048,create,paib-gpu/openb-pod-0072,2049
2049,create,paib-gpu/openb-pod-4910,2050
2050,create,paib-gpu/openb-pod-5898,2051
2051,create,paib-gpu/openb-pod-2187,2052
2052,create,paib-gpu/openb-pod-7789,2053
2053,create,paib-gpu/openb-pod-7479,2054
2054,create,paib-gpu/openb-pod-5907,2055
2055,create,paib-gpu/openb-pod-5167,2056
2056,create,paib-gpu/openb-pod-5124,2057
2057,create,paib-gpu/openb-pod-0327,2058
2058,create,paib-gpu/openb-pod-6891,2059
2059,create,paib-gpu/openb-pod-4575,2060
2060,create,paib-gpu/openb-pod-3924,2061
2061,create,paib-gpu/openb-pod-2994,2062
2062,create,paib-gpu/openb-pod-8033,2063
2063,create,paib-gpu/openb-pod-3458,2064
2064,create,paib-gpu/openb-pod-5593,2065
2065,create,paib-gpu/openb-pod-0994,2066
2066,create,paib-gpu/openb-pod-8145,2067
2067,create,paib-gpu/openb-pod-1457,2068
2068,create,paib-gpu/openb-pod-5390,2069
2069,create,paib-gpu/openb-pod-7591,2070
2070,create,paib-gpu/openb-pod-0826,2071
2071,create,paib-gpu/openb-pod-3011,2072
2072,create,paib-gpu/openb-pod-5801,2073
2073,create,paib-gpu/openb-pod-7943,2074
2074,create,paib-gpu/openb-pod-0738,2075
2075,create,paib-gpu/openb-pod-1655,2076
2076,create,paib-gpu/openb-pod-0195,2077
2077,create,paib-gpu/openb-pod-3369,2078
2078,create,paib-gpu/openb-pod-7185,2079
2079,create,paib-gpu/openb-pod-7265,2080
2080,create,paib-gpu/openb-pod-3311,2081
2081,create,paib-gpu/openb-pod-2854,2082
2082,create,paib-gpu/openb-pod-1010,2083
2083,create,paib-gpu/openb-pod-1540,2084
2084,create,paib-gpu/openb-pod-0685,2085
2085,create,paib-gpu/openb-pod-6989,2086
2086,create,paib-gpu/openb-pod-4793,2087
2087,create,paib-gpu/openb-pod-4404,2088
2088,create,paib-gpu/openb-pod-4426,2089
2089,create,paib-gpu/openb-pod-7877,2090
2090,create,paib-gpu/openb-pod-0610,2091
2091,create,paib-gpu/openb-pod-7819,2092
2092,create,paib-gpu/openb-pod-2348,2093
2093,create,paib-gpu/openb-pod-7243,2094
2094,create,paib-gpu/openb-pod-7136,2095
2095,create,paib-gpu/openb-pod-5383,2096
2096,create,paib-gpu/openb-pod-4288,2097
2097,create,paib-gpu/openb-pod-2817,2098
2098,create,paib-gpu/openb-pod-3832,2099
2099,create,paib-gpu/openb-pod-5265,2100
2100,create,paib-gpu/openb-pod-7972,2101
2101,create,paib-gpu/openb-pod-8041,2102
2102,create,paib-gpu/openb-pod-5756,2103
2103,create,paib-gpu/openb-pod-4819,2104
2104,create,paib-gpu/openb-pod-3266,2105
2105,create,paib-gpu/openb-pod-5798,2106
2106,create,paib-gpu/openb-pod-3436,2107
2107,create,paib-gpu/openb-pod-3487,2108
2108,create,paib-gpu/openb-pod-5458,2109
2109,create,paib-gpu/openb-pod-4764,2110
2110,create,paib-gpu/openb-pod-6272,2111
2111,create,paib-gpu/openb-pod-2443,2112
2112,create,paib-gpu/openb-pod-0290,2113
2113,create,paib-gpu/openb-pod-3469,2114
2114,create,paib-gpu/openb-pod-3123,2115
2115,create,paib-gpu/openb-pod-6433,2116
2116,create,paib-gpu/openb-pod-2429,2117
2117,create,paib-gpu/openb-pod-2906,2118
2118,create,paib-gpu/openb-pod-1238,2119
2119,create,paib-gpu/openb-pod-2293,2120
2120,create,paib-gpu/openb-pod-6178,2121
2121,create,paib-gpu/openb-pod-6308,2122
2122,create,paib-gpu/openb-pod-6461,2123
2123,create,paib-gpu/openb-pod-1367,2124
2124,create,paib-gpu/openb-pod-1765,2125
2125,create,paib-gpu/openb-pod-3657,2126
2126,create,paib-gpu/openb-pod-0783,2127
2127,create,paib-gpu/openb-pod-4044,2128
2128,create,paib-gpu/openb-pod-3717,2129
2129,create,paib-gpu/openb-pod-4855,2130
2130,create,paib-gpu/openb-pod-2891,2131
2131,create,paib-gpu/openb-pod-1587,2132
2132,create,paib-gpu/openb-pod-5237,2133
2133,create,paib-gpu/openb-pod-5282,2134
2134,create,paib-gpu/openb-pod-7343,2135
2135,create,paib-gpu/openb-pod-5985,2136
2136,create,paib-gpu/openb-pod-6521,2137
2137,create,paib-gpu/openb-pod-8038,2138
2138,create,paib-gpu/openb-pod-3928,2139
2139,create,paib-gpu/openb-pod-4216,2140
2140,create,paib-gpu/openb-pod-4356,2141
2141,create,paib-gpu/openb-pod-6351,2142
2142,create,paib-gpu/openb-pod-2306,2143
2143,create,paib-gpu/openb-pod-7447,2144
2144,create,paib-gpu/openb-pod-5624,2145
2145,create,paib-gpu/openb-pod-5652,2146
2146,create,paib-gpu/openb-pod-6175,2147
2147,create,paib-gpu/openb-pod-6937,2148
2148,create,paib-gpu/openb-pod-1397,2149
2149,create,paib-gpu/openb-pod-0940,2150
2150,create,paib-gpu/openb-pod-2918,2151
2151,create,paib-gpu/openb-pod-7147,2152
2152,create,paib-gpu/openb-pod-4146,2153
2153,create,paib-gpu/openb-pod-1403,2154
2154,create,paib-gpu/openb-pod-4594,2155
2155,create,paib-gpu/openb-pod-3441,2156
2156,create,paib-gpu/openb-pod-4977,2157
2157,create,paib-gpu/openb-pod-0644,2158
2158,create,paib-gpu/openb-pod-6297,2159
2159,create,paib-gpu/openb-pod-4857,2160
2160,create,paib-gpu/openb-pod-2432,2161
2161,create,paib-gpu/openb-pod-4608,2162
2162,create,paib-gpu/openb-pod-1123,2163
2163,create,paib-gpu/openb-pod-3197,2164
2164,create,paib-gpu/openb-pod-1760,2165
2165,create,paib-gpu/openb-pod-0662,2166
2166,create,paib-gpu/openb-pod-3071,2167
2167,create,paib-gpu/openb-pod-0343,2168
2168,create,paib-gpu/openb-pod-5860,2169
2169,create,paib-gpu/openb-pod-1891,2170
2170,create,paib-gpu/openb-pod-6885,2171
2171,create,paib-gpu/openb-pod-6940,2172
2172,create,paib-gpu/openb-pod-3976,2173
2173,create,paib-gpu/openb-pod-2888,2174
2174,create,paib-gpu/openb-pod-4657,2175
2175,create,paib-gpu/openb-pod-4324,2176
2176,create,paib-gpu/openb-pod-4816,2177
2177,create,paib-gpu/openb-pod-2191,2178
2178,create,paib-gpu/openb-pod-6204,2179
2179,create,paib-gpu/openb-pod-5100,2180
2180,create,paib-gpu/openb-pod-3201,2181
2181,create,paib-gpu/openb-pod-4521,2182
2182,create,paib-gpu/openb-pod-2436,2183
2183,create,paib-gpu/openb-pod-7604,2184
2184,create,paib-gpu/openb-pod-1902,2185
2185,create,paib-gpu/openb-pod-1351,2186
2186,create,paib-gpu/openb-pod-3493,2187
2187,create,paib-gpu/openb-pod-4342,2188
2188,create,paib-gpu/openb-pod-2325,2189
2189,create,paib-gpu/openb-pod-5962,2190
2190,create,paib-gpu/openb-pod-7413,2191
2191,create,paib-gpu/openb-pod-5679,2192
2192,create,paib-gpu/openb-pod-7470,2193
2193,create,paib-gpu/openb-pod-7209,2194
2194,create,paib-gpu/openb-pod-0012,2195
2195,create,paib-gpu/openb-pod-4937,2196
2196,create,paib-gpu/openb-pod-1447,2197
2197,create,paib-gpu/openb-pod-0078,2198
2198,create,paib-gpu/openb-pod-3113,2199
2199,create,paib-gpu/openb-pod-2180,2200
2200,create,paib-gpu/openb-pod-7949,2201
2201,create,paib-gpu/openb-pod-2561,2202
2202,create,paib-gpu/openb-pod-0197,2203
2203,create,paib-gpu/openb-pod-5645,2204
2204,create,paib-gpu/openb-pod-4429,2205
2205,create,paib-gpu/openb-pod-7558,2206
2206,create,paib-gpu/openb-pod-0173,2207
2207,create,paib-gpu/openb-pod-4101,2208
2208,create,paib-gpu/openb-pod-0743,2209
2209,create,paib-gpu/openb-pod-5219,2210
2210,create,paib-gpu/openb-pod-6777,2211
2211,create,paib-gpu/openb-pod-4180,2212
2212,create,paib-gpu/openb-pod-3007,2213
2213,create,paib-gpu/openb-pod-4232,2214
2214,create,paib-gpu/openb-pod-0018,2215
2215,create,paib-gpu/openb-pod-6387,2216
2216,create,paib-gpu/openb-pod-3897,2217
2217,create,paib-gpu/openb-pod-2262,2218
2218,create,paib-gpu/openb-pod-5553,2219
2219,create,paib-gpu/openb-pod-4732,2220
2220,create,paib-gpu/openb-pod-3232,2221
2221,create,paib-gpu/openb-pod-6427,2222
2222,create,paib-gpu/openb-pod-6233,2223
2223,create,paib-gpu/openb-pod-4610,2224
2224,create,paib-gpu/openb-pod-2627,2225
2225,create,paib-gpu/openb-pod-4565,2226
2226,create,paib-gpu/openb-pod-6721,2227
2227,create,paib-gpu/openb-pod-5684,2228
2228,create,paib-gpu/openb-pod-3086,2229
2229,create,paib-gpu/openb-pod-4983,2230
2230,create,paib-gpu/openb-pod-4274,2231
2231,create,paib-gpu/openb-pod-5196,2232
2232,create,paib-gpu/openb-pod-1181,2233
2233,create,paib-gpu/openb-pod-3716,2234
2234,create,paib-gpu/openb-pod-1773,2235
2235,create,paib-gpu/openb-pod-2640,2236
2236,create,paib-gpu/openb-pod-6961,2237
2237,create,paib-gpu/openb-pod-5879,2238
2238,create,paib-gpu/openb-pod-2796,2239
2239,create,paib-gpu/openb-pod-1713,2240
2240,create,paib-gpu/openb-pod-2289,2241
2241,create,paib-gpu/openb-pod-7021,2242
2242,create,paib-gpu/openb-pod-5477,2243
2243,create,paib-gpu/openb-pod-8139,2244
2244,create,paib-gpu/openb-pod-3261,2245
2245,create,paib-gpu/openb-pod-5993,2246
2246,create,paib-gpu/openb-pod-4882,2247
2247,create,paib-gpu/openb-pod-0396,2248
2248,create,paib-gpu/openb-pod-6205,2249
2249,create,paib-gpu/openb-pod-1117,2250
2250,create,paib-gpu/openb-pod-1770,2251
2251,create,paib-gpu/openb-pod-6140,2252
2252,create,paib-gpu/openb-pod-3374,2253
2253,create,paib-gpu/openb-pod-0476,2254
2254,create,paib-gpu/openb-pod-1994,2255
2255,create,paib-gpu/openb-pod-4092,2256
2256,create,paib-gpu/openb-pod-2284,2257
2257,create,paib-gpu/openb-pod-7939,2258
2258,create,paib-gpu/openb-pod-6508,2259
2259,create,paib-gpu/openb-pod-2434,2260
2260,create,paib-gpu/openb-pod-1525,2261
2261,create,paib-gpu/openb-pod-6446,2262
2262,create,paib-gpu/openb-pod-0884,2263
2263,create,paib-gpu/openb-pod-4837,2264
2264,create,paib-gpu/openb-pod-5701,2265
2265,create,paib-gpu/openb-pod-6043,2266
2266,create,paib-gpu/openb-pod-3413,2267
2267,create,paib-gpu/openb-pod-1753,2268
2268,create,paib-gpu/openb-pod-6561,2269
2269,create,paib-gpu/openb-pod-5745,2270
2270,create,paib-gpu/openb-pod-4798,2271
2271,create,paib-gpu/openb-pod-7638,2272
2272,create,paib-gpu/openb-pod-0244,2273
2273,create,paib-gpu/openb-pod-0631,2274
2274,create,paib-gpu/openb-pod-2099,2275
2275,create,paib-gpu/openb-pod-1976,2276
2276,create,paib-gpu/openb-pod-6038,2277
2277,create,paib-gpu/openb-pod-0411,2278
2278,create,paib-gpu/openb-pod-8064,2279
2279,create,paib-gpu/openb-pod-6357,2280
2280,create,paib-gpu/openb-pod-5248,2281
2281,create,paib-gpu/openb-pod-1758,2282
2282,create,paib-gpu/openb-pod-3776,2283
2283,create,paib-gpu/openb-pod-3290,2284
2284,create,paib-gpu/openb-pod-5108,2285
2285,create,paib-gpu/openb-pod-3679,2286
2286,create,paib-gpu/openb-pod-3383,2287
2287,create,paib-gpu/openb-pod-6811,2288
2288,create,paib-gpu/openb-pod-6718,2289
2289,create,paib-gpu/openb-pod-7052,2290
2290,create,paib-gpu/openb-pod-1798,2291
2291,create,paib-gpu/openb-pod-0053,2292
2292,create,paib-gpu/openb-pod-3378,2293
2293,create,paib-gpu/openb-pod-2750,2294
2294,create,paib-gpu/openb-pod-0186,2295
2295,create,paib-gpu/openb-pod-1747,2296
2296,create,paib-gpu/openb-pod-4716,2297
2297,create,paib-gpu/openb-pod-3904,2298
2298,create,paib-gpu/openb-pod-1697,2299
2299,create,paib-gpu/openb-pod-5580,2300
2300,create,paib-gpu/openb-pod-2353,2301
2301,create,paib-gpu/openb-pod-0740,2302
2302,create,paib-gpu/openb-pod-0724,2303
2303,create,paib-gpu/openb-pod-2598,2304
2304,create,paib-gpu/openb-pod-4031,2305
2305,create,paib-gpu/openb-pod-1953,2306
2306,create,paib-gpu/openb-pod-6704,2307
2307,create,paib-gpu/openb-pod-5019,2308
2308,create,paib-gpu/openb-pod-6715,2309
2309,create,paib-gpu/openb-pod-6106,2310
2310,create,paib-gpu/openb-pod-2087,2311
2311,create,paib-gpu/openb-pod-5256,2312
2312,create,paib-gpu/openb-pod-3843,2313
2313,create,paib-gpu/openb-pod-3968,2314
2314,create,paib-gpu/openb-pod-6801,2315
2315,create,paib-gpu/openb-pod-7466,2316
2316,create,paib-gpu/openb-pod-6709,2317
2317,create,paib-gpu/openb-pod-6471,2318
2318,create,paib-gpu/openb-pod-5779,2319
2319,create,paib-gpu/openb-pod-5197,2320
2320,create,paib-gpu/openb-pod-3982,2321
2321,create,paib-gpu/openb-pod-4885,2322
2322,create,paib-gpu/openb-pod-1832,2323
2323,create,paib-gpu/openb-pod-3611,2324
2324,create,paib-gpu/openb-pod-6220,2325
2325,create,paib-gpu/openb-pod-3555,2326
2326,create,paib-gpu/openb-pod-3650,2327
2327,create,paib-gpu/openb-pod-3190,2328
2328,create,paib-gpu/openb-pod-0953,2329
2329,create,paib-gpu/openb-pod-1489,2330
2330,create,paib-gpu/openb-pod-2283,2331
2331,create,paib-gpu/openb-pod-0258,2332
2332,create,paib-gpu/openb-pod-0536,2333
2333,create,paib-gpu/openb-pod-3506,2334
2334,create,paib-gpu/openb-pod-4717,2335
2335,create,paib-gpu/openb-pod-7851,2336
2336,create,paib-gpu/openb-pod-6199,2337
2337,create,paib-gpu/openb-pod-2063,2338
2338,create,paib-gpu/openb-pod-2232,2339
2339,create,paib-gpu/openb-pod-6986,2340
2340,create,paib-gpu/openb-pod-4754,2341
2341,create,paib-gpu/openb-pod-2093,2342
2342,create,paib-gpu/openb-pod-6840,2343
2343,create,paib-gpu/openb-pod-0043,2344
2344,create,paib-gpu/openb-pod-0090,2345
2345,create,paib-gpu/openb-pod-1215,2346
2346,create,paib-gpu/openb-pod-4487,2347
2347,create,paib-gpu/openb-pod-2155,2348
2348,create,paib-gpu/openb-pod-2838,2349
2349,create,paib-gpu/openb-pod-1437,2350
2350,create,paib-gpu/openb-pod-0800,2351
2351,create,paib-gpu/openb-pod-7149,2352
2352,create,paib-gpu/openb-pod-6114,2353
2353,create,paib-gpu/openb-pod-6051,2354
2354,create,paib-gpu/openb-pod-7015,2355
2355,create,paib-gpu/openb-pod-5802,2356
2356,create,paib-gpu/openb-pod-7841,2357
2357,create,paib-gpu/openb-pod-1186,2358
2358,create,paib-gpu/openb-pod-5466,2359
2359,create,paib-gpu/openb-pod-1924,2360
2360,create,paib-gpu/openb-pod-5930,2361
2361,create,paib-gpu/openb-pod-1654,2362
2362,create,paib-gpu/openb-pod-7729,2363
2363,create,paib-gpu/openb-pod-4405,2364
2364,create,paib-gpu/openb-pod-5978,2365
2365,create,paib-gpu/openb-pod-0268,2366
2366,create,paib-gpu/openb-pod-3249,2367
2367,create,paib-gpu/openb-pod-1528,2368
2368,create,paib-gpu/openb-pod-2020,2369
2369,create,paib-gpu/openb-pod-6280,2370
2370,create,paib-gpu/openb-pod-6001,2371
2371,create,paib-gpu/openb-pod-1421,2372
2372,create,paib-gpu/openb-pod-1064,2373
2373,create,paib-gpu/openb-pod-1512,2374
2374,create,paib-gpu/openb-pod-0650,2375
2375,create,paib-gpu/openb-pod-2518,2376
2376,create,paib-gpu/openb-pod-4445,2377
2377,create,paib-gpu/openb-pod-6670,2378
2378,create,paib-gpu/openb-pod-5294,2379
2379,create,paib-gpu/openb-pod-7089,2380
2380,create,paib-gpu/openb-pod-2199,2381
2381,create,paib-gpu/openb-pod-2052,2382
2382,create,paib-gpu/openb-pod-1243,2383
2383,create,paib-gpu/openb-pod-7011,2384
2384,create,paib-gpu/openb-pod-7428,2385
2385,create,paib-gpu/openb-pod-2253,2386
2386,create,paib-gpu/openb-pod-1191,2387
2387,create,paib-gpu/openb-pod-2599,2388
2388,create,paib-gpu/openb-pod-1359,2389
2389,create,paib-gpu/openb-pod-0342,2390
2390,create,paib-gpu/openb-pod-2265,2391
2391,create,paib-gpu/openb-pod-5279,2392
2392,create,paib-gpu/openb-pod-7361,2393
2393,create,paib-gpu/openb-pod-5713,2394
2394,create,paib-gpu/openb-pod-3737,2395
2395,create,paib-gpu/openb-pod-5723,2396
2396,create,paib-gpu/openb-pod-2675,2397
2397,create,paib-gpu/openb-pod-8116,2398
2398,create,paib-gpu/openb-pod-0558,2399
2399,create,paib-gpu/openb-pod-0860,2400
2400,create,paib-gpu/openb-pod-3377,2401
2401,create,paib-gpu/openb-pod-0752,2402
2402,create,paib-gpu/openb-pod-7911,2403
2403,create,paib-gpu/openb-pod-0996,2404
2404,create,paib-gpu/openb-pod-5773,2405
2405,create,paib-gpu/openb-pod-5109,2406
2406,create,paib-gpu/openb-pod-6808,2407
2407,create,paib-gpu/openb-pod-2386,2408
2408,create,paib-gpu/openb-pod-5599,2409
2409,create,paib-gpu/openb-pod-5229,2410
2410,create,paib-gpu/openb-pod-4993,2411
2411,create,paib-gpu/openb-pod-1281,2412
2412,create,paib-gpu/openb-pod-2209,2413
2413,create,paib-gpu/openb-pod-4306,2414
2414,create,paib-gpu/openb-pod-4322,2415
2415,create,paib-gpu/openb-pod-0687,2416
2416,create,paib-gpu/openb-pod-3797,2417
2417,create,paib-gpu/openb-pod-4215,2418
2418,create,paib-gpu/openb-pod-4385,2419
2419,create,paib-gpu/openb-pod-7590,2420
2420,create,paib-gpu/openb-pod-1787,2421
2421,create,paib-gpu/openb-pod-1041,2422
2422,create,paib-gpu/openb-pod-1029,2423
2423,create,paib-gpu/openb-pod-1188,2424
2424,create,paib-gpu/openb-pod-2728,2425
2425,create,paib-gpu/openb-pod-5813,2426
2426,create,paib-gpu/openb-pod-2881,2427
2427,create,paib-gpu/openb-pod-2457,2428
2428,create,paib-gpu/openb-pod-2079,2429
2429,create,paib-gpu/openb-pod-5180,2430
2430,create,paib-gpu/openb-pod-0549,2431
2431,create,paib-gpu/openb-pod-5806,2432
2432,create,paib-gpu/openb-pod-7431,2433
2433,create,paib-gpu/openb-pod-6015,2434
2434,create,paib-gpu/openb-pod-0554,2435
2435,create,paib-gpu/openb-pod-4778,2436
2436,create,paib-gpu/openb-pod-0947,2437
2437,create,paib-gpu/openb-pod-4293,2438
2438,create,paib-gpu/openb-pod-4041,2439
2439,create,paib-gpu/openb-pod-1389,2440
2440,create,paib-gpu/openb-pod-7620,2441
2441,create,paib-gpu/openb-pod-0395,2442
2442,create,paib-gpu/openb-pod-3387,2443
2443,create,paib-gpu/openb-pod-6764,2444
2444,create,paib-gpu/openb-pod-3760,2445
2445,create,paib-gpu/openb-pod-6203,2446
2446,create,paib-gpu/openb-pod-3283,2447
2447,create,paib-gpu/openb-pod-1693,2448
2448,create,paib-gpu/openb-pod-4888,2449
2449,create,paib-gpu/openb-pod-4623,2450
2450,create,paib-gpu/openb-pod-1043,2451
2451,create,paib-gpu/openb-pod-7301,2452
2452,create,paib-gpu/openb-pod-3295,2453
2453,create,paib-gpu/openb-pod-1138,2454
2454,create,paib-gpu/openb-pod-2890,2455
2455,create,paib-gpu/openb-pod-2642,2456
2456,create,paib-gpu/openb-pod-0956,2457
2457,create,paib-gpu/openb-pod-2026,2458
2458,create,paib-gpu/openb-pod-2939,2459
2459,create,paib-gpu/openb-pod-8149,2460
2460,create,paib-gpu/openb-pod-2471,2461
2461,create,paib-gpu/openb-pod-0373,2462
2462,create,paib-gpu/openb-pod-8057,2463
2463,create,paib-gpu/openb-pod-6862,2464
2464,create,paib-gpu/openb-pod-7527,2465
2465,create,paib-gpu/openb-pod-3834,2466
2466,create,paib-gpu/openb-pod-5660,2467
2467,create,paib-gpu/openb-pod-4726,2468
2468,create,paib-gpu/openb-pod-0627,2469
2469,create,paib-gpu/openb-pod-6652,2470
2470,create,paib-gpu/openb-pod-3952,2471
2471,create,paib-gpu/openb-pod-7315,2472
2472,create,paib-gpu/openb-pod-1863,2473
2473,create,paib-gpu/openb-pod-7770,2474
2474,create,paib-gpu/openb-pod-2879,2475
2475,create,paib-gpu/openb-pod-5935,2476
2476,create,paib-gpu/openb-pod-0181,2477
2477,create,paib-gpu/openb-pod-4408,2478
2478,create,paib-gpu/openb-pod-2608,2479
2479,create,paib-gpu/openb-pod-7299,2480
2480,create,paib-gpu/openb-pod-7689,2481
2481,create,paib-gpu/openb-pod-3438,2482
2482,create,paib-gpu/openb-pod-5809,2483
2483,create,paib-gpu/openb-pod-5272,2484
2484,create,paib-gpu/openb-pod-4299,2485
2485,create,paib-gpu/openb-pod-5341,2486
2486,create,paib-gpu/openb-pod-6628,2487
2487,create,paib-gpu/openb-pod-5776,2488
2488,create,paib-gpu/openb-pod-3053,2489
2489,create,paib-gpu/openb-pod-5735,2490
2490,create,paib-gpu/openb-pod-0686,2491
2491,create,paib-gpu/openb-pod-6063,2492
2492,create,paib-gpu/openb-pod-4449,2493
2493,create,paib-gpu/openb-pod-1508,2494
2494,create,paib-gpu/openb-pod-7991,2495
2495,create,paib-gpu/openb-pod-2679,2496
2496,create,paib-gpu/openb-pod-1245,2497
2497,create,paib-gpu/openb-pod-4393,2498
2498,create,paib-gpu/openb-pod-3885,2499
2499,create,paib-gpu/openb-pod-0137,2500
2500,create,paib-gpu/openb-pod-1652,2501
2501,create,paib-gpu/openb-pod-7643,2502
2502,create,paib-gpu/openb-pod-2651,2503
2503,create,paib-gpu/openb-pod-4154,2504
2504,create,paib-gpu/openb-pod-1209,2505
2505,create,paib-gpu/openb-pod-3432,2506
2506,create,paib-gpu/openb-pod-6391,2507
2507,create,paib-gpu/openb-pod-4921,2508
2508,create,paib-gpu/openb-pod-5998,2509
2509,create,paib-gpu/openb-pod-0328,2510
2510,create,paib-gpu/openb-pod-4672,2511
2511,create,paib-gpu/openb-pod-3349,2512
2512,create,paib-gpu/openb-pod-0453,2513
2513,create,paib-gpu/openb-pod-0510,2514
2514,create,paib-gpu/openb-pod-7736,2515
2515,create,paib-gpu/openb-pod-4475,2516
2516,create,paib-gpu/openb-pod-5833,2517
2517,create,paib-gpu/openb-pod-5242,2518
2518,create,paib-gpu/openb-pod-6835,2519
2519,create,paib-gpu/openb-pod-4992,2520
2520,create,paib-gpu/openb-pod-3243,2521
2521,create,paib-gpu/openb-pod-0067,2522
2522,create,paib-gpu/openb-pod-4009,2523
2523,create,paib-gpu/openb-pod-4640,2524
2524,create,paib-gpu/openb-pod-2858,2525
2525,create,paib-gpu/openb-pod-4688,2526
2526,create,paib-gpu/openb-pod-7260,2527
2527,create,paib-gpu/openb-pod-0346,2528
2528,create,paib-gpu/openb-pod-6620,2529
2529,create,paib-gpu/openb-pod-0383,2530
2530,create,paib-gpu/openb-pod-4611,2531
2531,create,paib-gpu/openb-pod-2072,2532
2532,create,paib-gpu/openb-pod-2981,2533
2533,create,paib-gpu/openb-pod-0643,2534
2534,create,paib-gpu/openb-pod-4087,2535
2535,create,paib-gpu/openb-pod-5193,2536
2536,create,paib-gpu/openb-pod-7802,2537
2537,create,paib-gpu/openb-pod-2922,2538
2538,create,paib-gpu/openb-pod-3194,2539
2539,create,paib-gpu/openb-pod-7672,2540
2540,create,paib-gpu/openb-pod-1745,2541
2541,create,paib-gpu/openb-pod-3613,2542
2542,create,paib-gpu/openb-pod-2559,2543
2543,create,paib-gpu/openb-pod-4052,2544
2544,create,paib-gpu/openb-pod-6157,2545
2545,create,paib-gpu/openb-pod-3618,2546
2546,create,paib-gpu/openb-pod-2037,2547
2547,create,paib-gpu/openb-pod-3913,2548
2548,create,paib-gpu/openb-pod-3746,2549
2549,create,paib-gpu/openb-pod-4527,2550
2550,create,paib-gpu/openb-pod-2381,2551
2551,create,paib-gpu/openb-pod-2682,2552
2552,create,paib-gpu/openb-pod-7255,2553
2553,create,paib-gpu/openb-pod-6176,2554
2554,create,paib-gpu/openb-pod-4004,2555
2555,create,paib-gpu/openb-pod-0298,2556
2556,create,paib-gpu/openb-pod-4861,2557
2557,create,paib-gpu/openb-pod-4006,2558
2558,create,paib-gpu/openb-pod-4073,2559
2559,create,paib-gpu/openb-pod-2009,2560
2560,create,paib-gpu/openb-pod-3965,2561
2561,create,paib-gpu/openb-pod-6923,2562
2562,create,paib-gpu/openb-pod-7630,2563
2563,create,paib-gpu/openb-pod-0842,2564
2564,create,paib-gpu/openb-pod-4566,2565
2565,create,paib-gpu/openb-pod-1695,2566
2566,create,paib-gpu/openb-pod-0882,2567
2567,create,paib-gpu/openb-pod-4457,2568
2568,create,paib-gpu/openb-pod-4580,2569
2569,create,paib-gpu/openb-pod-5500,2570
2570,create,paib-gpu/openb-pod-1431,2571
2571,create,paib-gpu/openb-pod-0143,2572
2572,create,paib-gpu/openb-pod-0886,2573
2573,create,paib-gpu/openb-pod-5092,2574
2574,create,paib-gpu/openb-pod-3500,2575
2575,create,paib-gpu/openb-pod-4805,2576
2576,create,paib-gpu/openb-pod-2630,2577
2577,create,paib-gpu/openb-pod-7936,2578
2578,create,paib-gpu/openb-pod-5568,2579
2579,create,paib-gpu/openb-pod-3594,2580
2580,create,paib-gpu/openb-pod-5036,2581
2581,create,paib-gpu/openb-pod-7277,2582
2582,create,paib-gpu/openb-pod-5965,2583
2583,create,paib-gpu/openb-pod-3635,2584
2584,create,paib-gpu/openb-pod-5150,2585
2585,create,paib-gpu/openb-pod-7465,2586
2586,create,paib-gpu/openb-pod-4363,2587
2587,create,paib-gpu/openb-pod-6695,2588
2588,create,paib-gpu/openb-pod-4606,2589
2589,create,paib-gpu/openb-pod-4626,2590
2590,create,paib-gpu/openb-pod-2216,2591
2591,create,paib-gpu/openb-pod-0729,2592
2592,create,paib-gpu/openb-pod-5115,2593
2593,create,paib-gpu/openb-pod-6330,2594
2594,create,paib-gpu/openb-pod-2207,2595
2595,create,paib-gpu/openb-pod-4757,2596
2596,create,paib-gpu/openb-pod-3903,2597
2597,create,paib-gpu/openb-pod-2569,2598
2598,create,paib-gpu/openb-pod-2333,2599
2599,create,paib-gpu/openb-pod-6560,2600
2600,create,paib-gpu/openb-pod-7944,2601
2601,create,paib-gpu/openb-pod-3149,2602
2602,create,paib-gpu/openb-pod-3738,2603
2603,create,paib-gpu/openb-pod-2889,2604
2604,create,paib-gpu/openb-pod-6346,2605
2605,create,paib-gpu/openb-pod-3322,2606
2606,create,paib-gpu/openb-pod-7848,2607
2607,create,paib-gpu/openb-pod-2338,2608
2608,create,paib-gpu/openb-pod-3795,2609
2609,create,paib-gpu/openb-pod-2005,2610
2610,create,paib-gpu/openb-pod-5871,2611
2611,create,paib-gpu/openb-pod-8107,2612
2612,create,paib-gpu/openb-pod-3291,2613
2613,create,paib-gpu/openb-pod-7263,2614
2614,create,paib-gpu/openb-pod-7599,2615
2615,create,paib-gpu/openb-pod-6899,2616
2616,create,paib-gpu/openb-pod-2150,2617
2617,create,paib-gpu/openb-pod-1081,2618
2618,create,paib-gpu/openb-pod-4231,2619
2619,create,paib-gpu/openb-pod-7635,2620
2620,create,paib-gpu/openb-pod-6818,2621
2621,create,paib-gpu/openb-pod-3408,2622
2622,create,paib-gpu/openb-pod-3975,2623
2623,create,paib-gpu/openb-pod-7110,2624
2624,create,paib-gpu/openb-pod-2899,2625
2625,create,paib-gpu/openb-pod-4661,2626
2626,create,paib-gpu/openb-pod-3230,2627
2627,create,paib-gpu/openb-pod-5939,2628
2628,create,paib-gpu/openb-pod-6819,2629
2629,create,paib-gpu/openb-pod-4116,2630
2630,create,paib-gpu/openb-pod-7899,2631
2631,create,paib-gpu/openb-pod-5630,2632
2632,create,paib-gpu/openb-pod-7970,2633
2633,create,paib-gpu/openb-pod-2698,2634
2634,create,paib-gpu/openb-pod-1144,2635
2635,create,paib-gpu/openb-pod-1989,2636
2636,create,paib-gpu/openb-pod-5874,2637
2637,create,paib-gpu/openb-pod-0807,2638
2638,create,paib-gpu/openb-pod-1269,2639
2639,create,paib-gpu/openb-pod-2206,2640
2640,create,paib-gpu/openb-pod-2870,2641
2641,create,paib-gpu/openb-pod-1219,2642
2642,create,paib-gpu/openb-pod-6864,2643
2643,create,paib-gpu/openb-pod-5666,2644
2644,create,paib-gpu/openb-pod-6922,2645
2645,create,paib-gpu/openb-pod-1438,2646
2646,create,paib-gpu/openb-pod-7327,2647
2647,create,paib-gpu/openb-pod-6824,2648
2648,create,paib-gpu/openb-pod-4734,2649
2649,create,paib-gpu/openb-pod-7631,2650
2650,create,paib-gpu/openb-pod-5401,2651
2651,create,paib-gpu/openb-pod-5245,2652
2652,create,paib-gpu/openb-pod-3213,2653
2653,create,paib-gpu/openb-pod-5849,2654
2654,create,paib-gpu/openb-pod-6400,2655
2655,create,paib-gpu/openb-pod-4370,2656
2656,create,paib-gpu/openb-pod-0134,2657
2657,create,paib-gpu/openb-pod-4444,2658
2658,create,paib-gpu/openb-pod-0227,2659
2659,create,paib-gpu/openb-pod-4207,2660
2660,create,paib-gpu/openb-pod-4124,2661
2661,create,paib-gpu/openb-pod-7910,2662
2662,create,paib-gpu/openb-pod-2119,2663
2663,create,paib-gpu/openb-pod-7668,2664
2664,create,paib-gpu/openb-pod-6974,2665
2665,create,paib-gpu/openb-pod-0622,2666
2666,create,paib-gpu/openb-pod-5340,2667
2667,create,paib-gpu/openb-pod-7676,2668
2668,create,paib-gpu/openb-pod-0949,2669
2669,create,paib-gpu/openb-pod-7613,2670
2670,create,paib-gpu/openb-pod-4281,2671
2671,create,paib-gpu/openb-pod-5791,2672
2672,create,paib-gpu/openb-pod-1408,2673
2673,create,paib-gpu/openb-pod-7020,2674
2674,create,paib-gpu/openb-pod-5636,2675
2675,create,paib-gpu/openb-pod-2403,2676
2676,create,paib-gpu/openb-pod-6664,2677
2677,create,paib-gpu/openb-pod-6995,2678
2678,create,paib-gpu/openb-pod-3945,2679
2679,create,paib-gpu/openb-pod-4440,2680
2680,create,paib-gpu/openb-pod-2494,2681
2681,create,paib-gpu/openb-pod-1174,2682
2682,create,paib-gpu/openb-pod-8095,2683
2683,create,paib-gpu/openb-pod-3088,2684
2684,create,paib-gpu/openb-pod-0068,2685
2685,create,paib-gpu/openb-pod-3280,2686
2686,create,paib-gpu/openb-pod-7031,2687
2687,create,paib-gpu/openb-pod-1575,2688
2688,create,paib-gpu/openb-pod-6417,2689
2689,create,paib-gpu/openb-pod-0452,2690
2690,create,paib-gpu/openb-pod-3756,2691
2691,create,paib-gpu/openb-pod-7225,2692
2692,create,paib-gpu/openb-pod-3658,2693
2693,create,paib-gpu/openb-pod-3229,2694
2694,create,paib-gpu/openb-pod-2577,2695
2695,create,paib-gpu/openb-pod-0122,2696
2696,create,paib-gpu/openb-pod-6452,2697
2697,create,paib-gpu/openb-pod-7286,2698
2698,create,paib-gpu/openb-pod-3308,2699
2699,create,paib-gpu/openb-pod-4115,2700
2700,create,paib-gpu/openb-pod-2223,2701
2701,create,paib-gpu/openb-pod-2674,2702
2702,create,paib-gpu/openb-pod-5602,2703
2703,create,paib-gpu/openb-pod-4933,2704
2704,create,paib-gpu/openb-pod-3684,2705
2705,create,paib-gpu/openb-pod-7935,2706
2706,create,paib-gpu/openb-pod-6873,2707
2707,create,paib-gpu/openb-pod-6868,2708
2708,create,paib-gpu/openb-pod-3879,2709
2709,create,paib-gpu/openb-pod-6866,2710
2710,create,paib-gpu/openb-pod-1482,2711
2711,create,paib-gpu/openb-pod-1321,2712
2712,create,paib-gpu/openb-pod-7158,2713
2713,create,paib-gpu/openb-pod-3368,2714
2714,create,paib-gpu/openb-pod-4832,2715
2715,create,paib-gpu/openb-pod-0900,2716
2716,create,paib-gpu/openb-pod-5999,2717
2717,create,paib-gpu/openb-pod-6436,2718
2718,create,paib-gpu/openb-pod-5024,2719
2719,create,paib-gpu/openb-pod-0524,2720
2720,create,paib-gpu/openb-pod-7034,2721
2721,create,paib-gpu/openb-pod-5201,2722
2722,create,paib-gpu/openb-pod-3407,2723
2723,create,paib-gpu/openb-pod-2218,2724
2724,create,paib-gpu/openb-pod-4341,2725
2725,create,paib-gpu/openb-pod-2225,2726
2726,create,paib-gpu/openb-pod-5069,2727
2727,create,paib-gpu/openb-pod-3103,2728
2728,create,paib-gpu/openb-pod-5865,2729
2729,create,paib-gpu/openb-pod-4267,2730
2730,create,paib-gpu/openb-pod-0623,2731
2731,create,paib-gpu/openb-pod-6522,2732
2732,create,paib-gpu/openb-pod-6148,2733
2733,create,paib-gpu/openb-pod-3257,2734
2734,create,paib-gpu/openb-pod-6476,2735
2735,create,paib-gpu/openb-pod-6030,2736
2736,create,paib-gpu/openb-pod-2407,2737
2737,create,paib-gpu/openb-pod-2548,2738
2738,create,paib-gpu/openb-pod-4395,2739
2739,create,paib-gpu/openb-pod-7321,2740
2740,create,paib-gpu/openb-pod-8068,2741
2741,create,paib-gpu/openb-pod-2713,2742
2742,create,paib-gpu/openb-pod-3178,2743
2743,create,paib-gpu/openb-pod-1201,2744
2744,create,paib-gpu/openb-pod-2871,2745
2745,create,paib-gpu/openb-pod-0392,2746
2746,create,paib-gpu/openb-pod-4183,2747
2747,create,paib-gpu/openb-pod-4997,2748
2748,create,paib-gpu/openb-pod-3449,2749
2749,create,paib-gpu/openb-pod-6502,2750
2750,create,paib-gpu/openb-pod-4064,2751
2751,create,paib-gpu/openb-pod-6380,2752
2752,create,paib-gpu/openb-pod-5411,2753
2753,create,paib-gpu/openb-pod-3686,2754
2754,create,paib-gpu/openb-pod-4368,2755
2755,create,paib-gpu/openb-pod-5052,2756
2756,create,paib-gpu/openb-pod-6759,2757
2757,create,paib-gpu/openb-pod-6509,2758
2758,create,paib-gpu/openb-pod-1163,2759
2759,create,paib-gpu/openb-pod-0444,2760
2760,create,paib-gpu/openb-pod-4883,2761
2761,create,paib-gpu/openb-pod-0670,2762
2762,create,paib-gpu/openb-pod-2362,2763
2763,create,paib-gpu/openb-pod-0746,2764
2764,create,paib-gpu/openb-pod-5597,2765
2765,create,paib-gpu/openb-pod-3285,2766
2766,create,paib-gpu/openb-pod-4508,2767
2767,create,paib-gpu/openb-pod-1413,2768
2768,create,paib-gpu/openb-pod-3476,2769
2769,create,paib-gpu/openb-pod-4722,2770
2770,create,paib-gpu/openb-pod-6809,2771
2771,create,paib-gpu/openb-pod-3024,2772
2772,create,paib-gpu/openb-pod-1801,2773
2773,create,paib-gpu/openb-pod-6585,2774
2774,create,paib-gpu/openb-pod-7202,2775
2775,create,paib-gpu/openb-pod-2628,2776
2776,create,paib-gpu/openb-pod-6947,2777
2777,create,paib-gpu/openb-pod-3675,2778
2778,create,paib-gpu/openb-pod-7188,2779
2779,create,paib-gpu/openb-pod-7442,2780
2780,create,paib-gpu/openb-pod-7651,2781
2781,create,paib-gpu/openb-pod-1327,2782
2782,create,paib-gpu/openb-pod-4863,2783
2783,create,paib-gpu/openb-pod-2360,2784
2784,create,paib-gpu/openb-pod-2340,2785
2785,create,paib-gpu/openb-pod-1275,2786
2786,create,paib-gpu/openb-pod-3845,2787
2787,create,paib-gpu/openb-pod-7326,2788
2788,create,paib-gpu/openb-pod-1241,2789
2789,create,paib-gpu/openb-pod-5775,2790
2790,create,paib-gpu/openb-pod-7822,2791
2791,create,paib-gpu/openb-pod-7574,2792
2792,create,paib-gpu/openb-pod-8046,2793
2793,create,paib-gpu/openb-pod-4291,2794
2794,create,paib-gpu/openb-pod-4509,2795
2795,create,paib-gpu/openb-pod-4530,2796
2796,create,paib-gpu/openb-pod-6181,2797
2797,create,paib-gpu/openb-pod-0972,2798
2798,create,paib-gpu/openb-pod-5510,2799
2799,create,paib-gpu/openb-pod-7389,2800
2800,create,paib-gpu/openb-pod-5637,2801
2801,create,paib-gpu/openb-pod-6684,2802
2802,create,paib-gpu/openb-pod-1576,2803
2803,create,paib-gpu/openb-pod-4211,2804
2804,create,paib-gpu/openb-pod-5852,2805
2805,create,paib-gpu/openb-pod-0577,2806
2806,create,paib-gpu/openb-pod-0666,2807
2807,create,paib-gpu/openb-pod-0323,2808
2808,create,paib-gpu/openb-pod-6033,2809
2809,create,paib-gpu/openb-pod-3934,2810
2810,create,paib-gpu/openb-pod-2294,2811
2811,create,paib-gpu/openb-pod-7022,2812
2812,create,paib-gpu/openb-pod-0437,2813
2813,create,paib-gpu/openb-pod-7706,2814
2814,create,paib-gpu/openb-pod-5734,2815
2815,create,paib-gpu/openb-pod-0407,2816
2816,create,paib-gpu/openb-pod-2066,2817
2817,create,paib-gpu/openb-pod-5194,2818
2818,create,paib-gpu/openb-pod-0114,2819
2819,create,paib-gpu/openb-pod-3382,2820
2820,create,paib-gpu/openb-pod-4383,2821
2821,create,paib-gpu/openb-pod-4511,2822
2822,create,paib-gpu/openb-pod-6518,2823
2823,create,paib-gpu/openb-pod-1268,2824
2824,create,paib-gpu/openb-pod-0347,2825
2825,create,paib-gpu/openb-pod-0732,2826
2826,create,paib-gpu/openb-pod-6589,2827
2827,create,paib-gpu/openb-pod-6231,2828
2828,create,paib-gpu/openb-pod-3685,2829
2829,create,paib-gpu/openb-pod-5440,2830
2830,create,paib-gpu/openb-pod-5786,2831
2831,create,paib-gpu/openb-pod-0414,2832
2832,create,paib-gpu/openb-pod-8080,2833
2833,create,paib-gpu/openb-pod-1663,2834
2834,create,paib-gpu/openb-pod-1933,2835
2835,create,paib-gpu/openb-pod-3891,2836
2836,create,paib-gpu/openb-pod-2511,2837
2837,create,paib-gpu/openb-pod-3356,2838
2838,create,paib-gpu/openb-pod-6852,2839
2839,create,paib-gpu/openb-pod-3681,2840
2840,create,paib-gpu/openb-pod-0372,2841
2841,create,paib-gpu/openb-pod-5400,2842
2842,create,paib-gpu/openb-pod-5066,2843
2843,create,paib-gpu/openb-pod-0652,2844
2844,create,paib-gpu/openb-pod-7463,2845
2845,create,paib-gpu/openb-pod-4412,2846
2846,create,paib-gpu/openb-pod-5156,2847
2847,create,paib-gpu/openb-pod-4194,2848
2848,create,paib-gpu/openb-pod-1614,2849
2849,create,paib-gpu/openb-pod-6373,2850
2850,create,paib-gpu/openb-pod-7177,2851
2851,create,paib-gpu/openb-pod-3992,2852
2852,create,paib-gpu/openb-pod-3544,2853
2853,create,paib-gpu/openb-pod-0832,2854
2854,create,paib-gpu/openb-pod-7800,2855
2855,create,paib-gpu/openb-pod-3773,2856
2856,create,paib-gpu/openb-pod-6117,2857
2857,create,paib-gpu/openb-pod-7347,2858
2858,create,paib-gpu/openb-pod-4823,2859
2859,create,paib-gpu/openb-pod-0175,2860
2860,create,paib-gpu/openb-pod-0443,2861
2861,create,paib-gpu/openb-pod-2138,2862
2862,create,paib-gpu/openb-pod-3607,2863
2863,create,paib-gpu/openb-pod-0326,2864
2864,create,paib-gpu/openb-pod-5101,2865
2865,create,paib-gpu/openb-pod-6241,2866
2866,create,paib-gpu/openb-pod-0103,2867
2867,create,paib-gpu/openb-pod-4650,2868
2868,create,paib-gpu/openb-pod-7483,2869
2869,create,paib-gpu/openb-pod-5851,2870
2870,create,paib-gpu/openb-pod-7094,2871
2871,create,paib-gpu/openb-pod-2320,2872
2872,create,paib-gpu/openb-pod-2965,2873
2873,create,paib-gpu/openb-pod-3326,2874
2874,create,paib-gpu/openb-pod-0247,2875
2875,create,paib-gpu/openb-pod-7349,2876
2876,create,paib-gpu/openb-pod-1998,2877
2877,create,paib-gpu/openb-pod-7890,2878
2878,create,paib-gpu/openb-pod-5244,2879
2879,create,paib-gpu/openb-pod-2685,2880
2880,create,paib-gpu/openb-pod-1376,2881
2881,create,paib-gpu/openb-pod-2214,2882
2882,create,paib-gpu/openb-pod-3715,2883
2883,create,paib-gpu/openb-pod-3591,2884
2884,create,paib-gpu/openb-pod-0712,2885
2885,create,paib-gpu/openb-pod-6698,2886
2886,create,paib-gpu/openb-pod-2895,2887
2887,create,paib-gpu/openb-pod-4948,2888
2888,create,paib-gpu/openb-pod-7412,2889
2889,create,paib-gpu/openb-pod-1500,2890
2890,create,paib-gpu/openb-pod-7685,2891
2891,create,paib-gpu/openb-pod-3107,2892
2892,create,paib-gpu/openb-pod-2953,2893
2893,create,paib-gpu/openb-pod-0074,2894
2894,create,paib-gpu/openb-pod-2875,2895
2895,create,paib-gpu/openb-pod-2198,2896
2896,create,paib-gpu/openb-pod-7237,2897
2897,create,paib-gpu/openb-pod-4537,2898
2898,create,paib-gpu/openb-pod-4848,2899
2899,create,paib-gpu/openb-pod-0520,2900
2900,create,paib-gpu/openb-pod-0222,2901
2901,create,paib-gpu/openb-pod-5236,2902
2902,create,paib-gpu/openb-pod-3481,2903
2903,create,paib-gpu/openb-pod-6867,2904
2904,create,paib-gpu/openb-pod-0853,2905
2905,create,paib-gpu/openb-pod-1984,2906
2906,create,paib-gpu/openb-pod-0636,2907
2907,create,paib-gpu/openb-pod-4799,2908
2908,create,paib-gpu/openb-pod-7424,2909
2909,create,paib-gpu/openb-pod-0177,2910
2910,create,paib-gpu/openb-pod-1452,2911
2911,create,paib-gpu/openb-pod-4277,2912
2912,create,paib-gpu/openb-pod-0713,2913
2913,create,paib-gpu/openb-pod-7999,2914
2914,create,paib-gpu/openb-pod-3400,2915
2915,create,paib-gpu/openb-pod-5858,2916
2916,create,paib-gpu/openb-pod-0878,2917
2917,create,paib-gpu/openb-pod-5650,2918
2918,create,paib-gpu/openb-pod-6164,2919
2919,create,paib-gpu/openb-pod-0755,2920
2920,create,paib-gpu/openb-pod-0917,2921
2921,create,paib-gpu/openb-pod-3788,2922
2922,create,paib-gpu/openb-pod-5966,2923
2923,create,paib-gpu/openb-pod-4868,2924
2924,create,paib-gpu/openb-pod-3132,2925
2925,create,paib-gpu/openb-pod-3427,2926
2926,create,paib-gpu/openb-pod-5484,2927
2927,create,paib-gpu/openb-pod-0194,2928
2928,create,paib-gpu/openb-pod-3237,2929
2929,create,paib-gpu/openb-pod-6725,2930
2930,create,paib-gpu/openb-pod-6527,2931
2931,create,paib-gpu/openb-pod-7867,2932
2932,create,paib-gpu/openb-pod-1387,2933
2933,create,paib-gpu/openb-pod-5738,2934
2934,create,paib-gpu/openb-pod-7497,2935
2935,create,paib-gpu/openb-pod-4137,2936
2936,create,paib-gpu/openb-pod-1703,2937
2937,create,paib-gpu/openb-pod-1185,2938
2938,create,paib-gpu/openb-pod-5915,2939
2939,create,paib-gpu/openb-pod-7146,2940
2940,create,paib-gpu/openb-pod-0320,2941
2941,create,paib-gpu/openb-pod-2852,2942
2942,create,paib-gpu/openb-pod-6438,2943
2943,create,paib-gpu/openb-pod-7609,2944
2944,create,paib-gpu/openb-pod-6210,2945
2945,create,paib-gpu/openb-pod-5348,2946
2946,create,paib-gpu/openb-pod-7818,2947
2947,create,paib-gpu/openb-pod-6917,2948
2948,create,paib-gpu/openb-pod-3196,2949
2949,create,paib-gpu/openb-pod-5973,2950
2950,create,paib-gpu/openb-pod-3076,2951
2951,create,paib-gpu/openb-pod-8129,2952
2952,create,paib-gpu/openb-pod-1411,2953
2953,create,paib-gpu/openb-pod-6093,2954
2954,create,paib-gpu/openb-pod-4366,2955
2955,create,paib-gpu/openb-pod-4539,2956
2956,create,paib-gpu/openb-pod-6039,2957
2957,create,paib-gpu/openb-pod-2044,2958
2958,create,paib-gpu/openb-pod-2842,2959
2959,create,paib-gpu/openb-pod-0516,2960
2960,create,paib-gpu/openb-pod-4206,2961
2961,create,paib-gpu/openb-pod-4290,2962
2962,create,paib-gpu/openb-pod-0618,2963
2963,create,paib-gpu/openb-pod-7886,2964
2964,create,paib-gpu/openb-pod-6586,2965
2965,create,paib-gpu/openb-pod-3245,2966
2966,create,paib-gpu/openb-pod-2564,2967
2967,create,paib-gpu/openb-pod-7480,2968
2968,create,paib-gpu/openb-pod-0789,2969
2969,create,paib-gpu/openb-pod-5043,2970
2970,create,paib-gpu/openb-pod-0512,2971
2971,create,paib-gpu/openb-pod-4773,2972
2972,create,paib-gpu/openb-pod-3578,2973
2973,create,paib-gpu/openb-pod-0816,2974
2974,create,paib-gpu/openb-pod-2901,2975
2975,create,paib-gpu/openb-pod-5391,2976
2976,create,paib-gpu/openb-pod-3145,2977
2977,create,paib-gpu/openb-pod-3062,2978
2978,create,paib-gpu/openb-pod-4418,2979
2979,create,paib-gpu/openb-pod-5289,2980
2980,create,paib-gpu/openb-pod-5845,2981
2981,create,paib-gpu/openb-pod-0530,2982
2982,create,paib-gpu/openb-pod-4544,2983
2983,create,paib-gpu/openb-pod-2625,2984
2984,create,paib-gpu/openb-pod-5894,2985
2985,create,paib-gpu/openb-pod-3231,2986
2986,create,paib-gpu/openb-pod-1067,2987
2987,create,paib-gpu/openb-pod-3688,2988
2988,create,paib-gpu/openb-pod-2543,2989
2989,create,paib-gpu/openb-pod-0831,2990
2990,create,paib-gpu/openb-pod-4002,2991
2991,create,paib-gpu/openb-pod-3806,2992
2992,create,paib-gpu/openb-pod-6271,2993
2993,create,paib-gpu/openb-pod-0527,2994
2994,create,paib-gpu/openb-pod-2431,2995
2995,create,paib-gpu/openb-pod-7785,2996
2996,create,paib-gpu/openb-pod-7663,2997
2997,create,paib-gpu/openb-pod-7823,2998
2998,create,paib-gpu/openb-pod-6378,2999
2999,create,paib-gpu/openb-pod-3148,3000
3000,create,paib-gpu/openb-pod-5487,3001
3001,create,paib-gpu/openb-pod-7673,3002
3002,create,paib-gpu/openb-pod-8111,3003
3003,create,paib-gpu/openb-pod-4177,3004
3004,create,paib-gpu/openb-pod-1415,3005
3005,create,paib-gpu/openb-pod-3878,3006
3006,create,paib-gpu/openb-pod-5675,3007
3007,create,paib-gpu/openb-pod-4535,3008
3008,create,paib-gpu/openb-pod-4901,3009
3009,create,paib-gpu/openb-pod-2687,3010
3010,create,paib-gpu/openb-pod-1095,3011
3011,create,paib-gpu/openb-pod-7765,3012
3012,create,paib-gpu/openb-pod-0243,3013
3013,create,paib-gpu/openb-pod-6230,3014
3014,create,paib-gpu/openb-pod-0182,3015
3015,create,paib-gpu/openb-pod-0304,3016
3016,create,paib-gpu/openb-pod-0281,3017
3017,create,paib-gpu/openb-pod-1027,3018
3018,create,paib-gpu/openb-pod-7794,3019
3019,create,paib-gpu/openb-pod-6382,3020
3020,create,paib-gpu/openb-pod-3910,3021
3021,create,paib-gpu/openb-pod-2504,3022
3022,create,paib-gpu/openb-pod-4057,3023
3023,create,paib-gpu/openb-pod-5893,3024
3024,create,paib-gpu/openb-pod-7703,3025
3025,create,paib-gpu/openb-pod-3990,3026
3026,create,paib-gpu/openb-pod-5162,3027
3027,create,paib-gpu/openb-pod-1229,3028
3028,create,paib-gpu/openb-pod-6501,3029
3029,create,paib-gpu/openb-pod-4462,3030
3030,create,paib-gpu/openb-pod-0406,3031
3031,create,paib-gpu/openb-pod-1776,3032
3032,create,paib-gpu/openb-pod-2585,3033
3033,create,paib-gpu/openb-pod-6599,3034
3034,create,paib-gpu/openb-pod-6528,3035
3035,create,paib-gpu/openb-pod-2629,3036
3036,create,paib-gpu/openb-pod-4875,3037
3037,create,paib-gpu/openb-pod-7859,3038
3038,create,paib-gpu/openb-pod-5354,3039
3039,create,paib-gpu/openb-pod-7028,3040
3040,create,paib-gpu/openb-pod-7131,3041
3041,create,paib-gpu/openb-pod-7311,3042
3042,create,paib-gpu/openb-pod-7112,3043
3043,create,paib-gpu/openb-pod-0719,3044
3044,create,paib-gpu/openb-pod-6657,3045
3045,create,paib-gpu/openb-pod-6174,3046
3046,create,paib-gpu/openb-pod-6832,3047
3047,create,paib-gpu/openb-pod-7642,3048
3048,create,paib-gpu/openb-pod-4084,3049
3049,create,paib-gpu/openb-pod-4577,3050
3050,create,paib-gpu/openb-pod-2764,3051
3051,create,paib-gpu/openb-pod-0095,3052
3052,create,paib-gpu/openb-pod-4507,3053
3053,create,paib-gpu/openb-pod-0936,3054
3054,create,paib-gpu/openb-pod-5747,3055
3055,create,paib-gpu/openb-pod-4121,3056
3056,create,paib-gpu/openb-pod-4830,3057
3057,create,paib-gpu/openb-pod-3318,3058
3058,create,paib-gpu/openb-pod-5609,3059
3059,create,paib-gpu/openb-pod-6889,3060
3060,create,paib-gpu/openb-pod-2686,3061
3061,create,paib-gpu/openb-pod-5177,3062
3062,create,paib-gpu/openb-pod-6480,3063
3063,create,paib-gpu/openb-pod-7788,3064
3064,create,paib-gpu/openb-pod-8096,3065
3065,create,paib-gpu/openb-pod-7036,3066
3066,create,paib-gpu/openb-pod-4171,3067
3067,create,paib-gpu/openb-pod-3723,3068
3068,create,paib-gpu/openb-pod-5413,3069
3069,create,paib-gpu/openb-pod-1724,3070
3070,create,paib-gpu/openb-pod-4708,3071
3071,create,paib-gpu/openb-pod-7760,3072
3072,create,paib-gpu/openb-pod-4476,3073
3073,create,paib-gpu/openb-pod-0464,3074
3074,create,paib-gpu/openb-pod-6217,3075
3075,create,paib-gpu/openb-pod-5251,3076
3076,create,paib-gpu/openb-pod-4522,3077
3077,create,paib-gpu/openb-pod-7678,3078
3078,create,paib-gpu/openb-pod-6603,3079
3079,create,paib-gpu/openb-pod-5414,3080
3080,create,paib-gpu/openb-pod-4811,3081
3081,create,paib-gpu/openb-pod-4909,3082
3082,create,paib-gpu/openb-pod-5133,3083
3083,create,paib-gpu/openb-pod-6823,3084
3084,create,paib-gpu/openb-pod-7356,3085
3085,create,paib-gpu/openb-pod-7790,3086
3086,create,paib-gpu/openb-pod-6826,3087
3087,create,paib-gpu/openb-pod-1988,3088
3088,create,paib-gpu/openb-pod-7554,3089
3089,create,paib-gpu/openb-pod-6672,3090
3090,create,paib-gpu/openb-pod-3418,3091
3091,create,paib-gpu/openb-pod-4891,3092
3092,create,paib-gpu/openb-pod-0367,3093
3093,create,paib-gpu/openb-pod-1171,3094
3094,create,paib-gpu/openb-pod-1556,3095
3095,create,paib-gpu/openb-pod-0413,3096
3096,create,paib-gpu/openb-pod-7748,3097
3097,create,paib-gpu/openb-pod-7138,3098
3098,create,paib-gpu/openb-pod-1000,3099
3099,create,paib-gpu/openb-pod-4100,3100
3100,create,paib-gpu/openb-pod-3228,3101
3101,create,paib-gpu/openb-pod-6463,3102
3102,create,paib-gpu/openb-pod-1372,3103
3103,create,paib-gpu/openb-pod-5686,3104
3104,create,paib-gpu/openb-pod-0025,3105
3105,create,paib-gpu/openb-pod-7084,3106
3106,create,paib-gpu/openb-pod-1259,3107
3107,create,paib-gpu/openb-pod-0735,3108
3108,create,paib-gpu/openb-pod-6449,3109
3109,create,paib-gpu/openb-pod-0974,3110
3110,create,paib-gpu/openb-pod-1342,3111
3111,create,paib-gpu/openb-pod-6909,3112
3112,create,paib-gpu/openb-pod-6383,3113
3113,create,paib-gpu/openb-pod-1775,3114
3114,create,paib-gpu/openb-pod-5754,3115
3115,create,paib-gpu/openb-pod-1254,3116
3116,create,paib-gpu/openb-pod-5431,3117
3117,create,paib-gpu/openb-pod-5986,3118
3118,create,paib-gpu/openb-pod-6274,3119
3119,create,paib-gpu/openb-pod-7171,3120
3120,create,paib-gpu/openb-pod-5834,3121
3121,create,paib-gpu/openb-pod-0468,3122
3122,create,paib-gpu/openb-pod-4316,3123
3123,create,paib-gpu/openb-pod-7711,3124
3124,create,paib-gpu/openb-pod-0756,3125
3125,create,paib-gpu/openb-pod-5955,3126
3126,create,paib-gpu/openb-pod-5302,3127
3127,create,paib-gpu/openb-pod-6228,3128
3128,failed,paib-gpu/openb-pod-4838,3128
3129,create,paib-gpu/openb-pod-6643,3129
3130,create,paib-gpu/openb-pod-0208,3130
3131,create,paib-gpu/openb-pod-3499,3131
3132,create,paib-gpu/openb-pod-2837,3132
3133,create,paib-gpu/openb-pod-5925,3133
3134,create,paib-gpu/openb-pod-2382,3134
3135,create,paib-gpu/openb-pod-3269,3135
3136,create,paib-gpu/openb-pod-5984,3136
3137,create,paib-gpu/openb-pod-1135,3137
3138,create,paib-gpu/openb-pod-5334,3138
3139,create,paib-gpu/openb-pod-7043,3139
3140,create,paib-gpu/openb-pod-7363,3140
3141,create,paib-gpu/openb-pod-2120,3141
3142,create,paib-gpu/openb-pod-7826,3142
3143,create,paib-gpu/openb-pod-1282,3143
3144,create,paib-gpu/openb-pod-1553,3144
3145,create,paib-gpu/openb-pod-3055,3145
3146,create,paib-gpu/openb-pod-6660,3146
3147,create,paib-gpu/openb-pod-6261,3147
3148,create,paib-gpu/openb-pod-1906,3148
3149,create,paib-gpu/openb-pod-2032,3149
3150,create,paib-gpu/openb-pod-3191,3150
3151,create,paib-gpu/openb-pod-7362,3151
3152,create,paib-gpu/openb-pod-7458,3152
3153,create,paib-gpu/openb-pod-5126,3153
3154,create,paib-gpu/openb-pod-4879,3154
3155,create,paib-gpu/openb-pod-8084,3155
3156,create,paib-gpu/openb-pod-5899,3156
3157,create,paib-gpu/openb-pod-6249,3157
3158,create,paib-gpu/openb-pod-6057,3158
3159,create,paib-gpu/openb-pod-0292,3159
3160,create,paib-gpu/openb-pod-5022,3160
3161,create,paib-gpu/openb-pod-6907,3161
3162,create,paib-gpu/openb-pod-2498,3162
3163,create,paib-gpu/openb-pod-2995,3163
3164,create,paib-gpu/openb-pod-7218,3164
3165,create,paib-gpu/openb-pod-0236,3165
3166,create,paib-gpu/openb-pod-0750,3166
3167,create,paib-gpu/openb-pod-8014,3167
3168,create,paib-gpu/openb-pod-4552,3168
3169,create,paib-gpu/openb-pod-2257,3169
3170,create,paib-gpu/openb-pod-1406,3170
3171,create,paib-gpu/openb-pod-4431,3171
3172,create,paib-gpu/openb-pod-6646,3172
3173,create,paib-gpu/openb-pod-3644,3173
3174,create,paib-gpu/openb-pod-3707,3174
3175,create,paib-gpu/openb-pod-8065,3175
3176,create,paib-gpu/openb-pod-2615,3176
3177,create,paib-gpu/openb-pod-5945,3177
3178,create,paib-gpu/openb-pod-5363,3178
3179,create,paib-gpu/openb-pod-3966,3179
3180,create,paib-gpu/openb-pod-2962,3180
3181,create,paib-gpu/openb-pod-2749,3181
3182,create,paib-gpu/openb-pod-2186,3182
3183,create,paib-gpu/openb-pod-5972,3183
3184,create,paib-gpu/openb-pod-5794,3184
3185,create,paib-gpu/openb-pod-4812,3185
3186,create,paib-gpu/openb-pod-4013,3186
3187,create,paib-gpu/openb-pod-6045,3187
3188,create,paib-gpu/openb-pod-3622,3188
3189,create,paib-gpu/openb-pod-6050,3189
3190,create,paib-gpu/openb-pod-6359,3190
3191,create,paib-gpu/openb-pod-4492,3191
3192,create,paib-gpu/openb-pod-6860,3192
3193,create,paib-gpu/openb-pod-3874,3193
3194,create,paib-gpu/openb-pod-4776,3194
3195,create,paib-gpu/openb-pod-3656,3195
3196,create,paib-gpu/openb-pod-5752,3196
3197,create,paib-gpu/openb-pod-2370,3197
3198,create,paib-gpu/openb-pod-6688,3198
3199,create,paib-gpu/openb-pod-7562,3199
3200,create,paib-gpu/openb-pod-0211,3200
3201,create,paib-gpu/openb-pod-6192,3201
3202,failed,paib-gpu/openb-pod-1854,3201
3203,create,paib-gpu/openb-pod-3029,3202
3204,failed,paib-gpu/openb-pod-4159,3202
3205,create,paib-gpu/openb-pod-5512,3203
3206,create,paib-gpu/openb-pod-4674,3204
3207,create,paib-gpu/openb-pod-2425,3205
3208,create,paib-gpu/openb-pod-2230,3206
3209,create,paib-gpu/openb-pod-7992,3207
3210,create,paib-gpu/openb-pod-2829,3208
3211,create,paib-gpu/openb-pod-6396,3209
3212,create,paib-gpu/openb-pod-7379,3210
3213,create,paib-gpu/openb-pod-1287,3211
3214,create,paib-gpu/openb-pod-6095,3212
3215,create,paib-gpu/openb-pod-2097,3213
3216,create,paib-gpu/openb-pod-2298,3214
3217,create,paib-gpu/openb-pod-3778,3215
3218,create,paib-gpu/openb-pod-2683,3216
3219,create,paib-gpu/openb-pod-7001,3217
3220,create,paib-gpu/openb-pod-6055,3218
3221,create,paib-gpu/openb-pod-1856,3219
3222,create,paib-gpu/openb-pod-1022,3220
3223,create,paib-gpu/openb-pod-0975,3221
3224,create,paib-gpu/openb-pod-3367,3222
3225,create,paib-gpu/openb-pod-2534,3223
3226,create,paib-gpu/openb-pod-2237,3224
3227,create,paib-gpu/openb-pod-0363,3225
3228,create,paib-gpu/openb-pod-3989,3226
3229,create,paib-gpu/openb-pod-3510,3227
3230,create,paib-gpu/openb-pod-3519,3228
3231,create,paib-gpu/openb-pod-4916,3229
3232,create,paib-gpu/openb-pod-2803,3230
3233,create,paib-gpu/openb-pod-6423,3231
3234,create,paib-gpu/openb-pod-0484,3232
3235,create,paib-gpu/openb-pod-2475,3233
3236,create,paib-gpu/openb-pod-6111,3234
3237,create,paib-gpu/openb-pod-6108,3235
3238,create,paib-gpu/openb-pod-7844,3236
3239,create,paib-gpu/openb-pod-0868,3237
3240,create,paib-gpu/openb-pod-6737,3238
3241,create,paib-gpu/openb-pod-7088,3239
3242,create,paib-gpu/openb-pod-1137,3240
3243,create,paib-gpu/openb-pod-6182,3241
3244,create,paib-gpu/openb-pod-2618,3242
3245,create,paib-gpu/openb-pod-6699,3243
3246,create,paib-gpu/openb-pod-1917,3244
3247,create,paib-gpu/openb-pod-3907,3245
3248,create,paib-gpu/openb-pod-6865,3246
3249,create,paib-gpu/openb-pod-0261,3247
3250,create,paib-gpu/openb-pod-0624,3248
3251,create,paib-gpu/openb-pod-6177,3249
3252,create,paib-gpu/openb-pod-1978,3250
3253,create,paib-gpu/openb-pod-5782,3251
3254,create,paib-gpu/openb-pod-4248,3252
3255,create,paib-gpu/openb-pod-1363,3253
3256,create,paib-gpu/openb-pod-5419,3254
3257,create,paib-gpu/openb-pod-0026,3255
3258,create,paib-gpu/openb-pod-5070,3256
3259,create,paib-gpu/openb-pod-1124,3257
3260,create,paib-gpu/openb-pod-4642,3258
3261,create,paib-gpu/openb-pod-8017,3259
3262,create,paib-gpu/openb-pod-4301,3260
3263,create,paib-gpu/openb-pod-8104,3261
3264,failed,paib-gpu/openb-pod-3118,3261
3265,create,paib-gpu/openb-pod-4494,3262
3266,create,paib-gpu/openb-pod-7891,3263
3267,create,paib-gpu/openb-pod-0537,3264
3268,create,paib-gpu/openb-pod-1119,3265
3269,create,paib-gpu/openb-pod-4189,3266
3270,create,paib-gpu/openb-pod-2437,3267
3271,create,paib-gpu/openb-pod-7927,3268
3272,failed,paib-gpu/openb-pod-0691,3268
3273,create,paib-gpu/openb-pod-3121,3269
3274,create,paib-gpu/openb-pod-2792,3270
3275,create,paib-gpu/openb-pod-1264,3271
3276,create,paib-gpu/openb-pod-6152,3272
3277,create,paib-gpu/openb-pod-0434,3273
3278,create,paib-gpu/openb-pod-2422,3274
3279,create,paib-gpu/openb-pod-6085,3275
3280,create,paib-gpu/openb-pod-6998,3276
3281,create,paib-gpu/openb-pod-4213,3277
3282,create,paib-gpu/openb-pod-7298,3278
3283,create,paib-gpu/openb-pod-1222,3279
3284,create,paib-gpu/openb-pod-6245,3280
3285,create,paib-gpu/openb-pod-7546,3281
3286,create,paib-gpu/openb-pod-1537,3282
3287,create,paib-gpu/openb-pod-8042,3283
3288,failed,paib-gpu/openb-pod-4335,3283
3289,create,paib-gpu/openb-pod-2788,3284
3290,create,paib-gpu/openb-pod-6743,3285
3291,create,paib-gpu/openb-pod-1100,3286
3292,create,paib-gpu/openb-pod-1608,3287
3293,create,paib-gpu/openb-pod-5210,3288
3294,create,paib-gpu/openb-pod-7035,3289
3295,create,paib-gpu/openb-pod-3317,3290
3296,create,paib-gpu/openb-pod-3163,3291
3297,create,paib-gpu/openb-pod-1699,3292
3298,create,paib-gpu/openb-pod-4620,3293
3299,create,paib-gpu/openb-pod-2650,3294
3300,create,paib-gpu/openb-pod-6491,3295
3301,create,paib-gpu/openb-pod-7994,3296
3302,create,paib-gpu/openb-pod-7262,3297
3303,create,paib-gpu/openb-pod-5107,3298
3304,create,paib-gpu/openb-pod-4896,3299
3305,create,paib-gpu/openb-pod-3653,3300
3306,create,paib-gpu/openb-pod-4317,3301
3307,create,paib-gpu/openb-pod-7959,3302
3308,create,paib-gpu/openb-pod-7572,3303
3309,failed,paib-gpu/openb-pod-5141,3303
3310,create,paib-gpu/openb-pod-7038,3304
3311,create,paib-gpu/openb-pod-7083,3305
3312,create,paib-gpu/openb-pod-7284,3306
3313,create,paib-gpu/openb-pod-0041,3307
3314,create,paib-gpu/openb-pod-2941,3308
3315,create,paib-gpu/openb-pod-0447,3309
3316,create,paib-gpu/openb-pod-5709,3310
3317,create,paib-gpu/openb-pod-5989,3311
3318,create,paib-gpu/openb-pod-7870,3312
3319,create,paib-gpu/openb-pod-5722,3313
3320,create,paib-gpu/openb-pod-5316,3314
3321,create,paib-gpu/openb-pod-2732,3315
3322,create,paib-gpu/openb-pod-4974,3316
3323,create,paib-gpu/openb-pod-7246,3317
3324,create,paib-gpu/openb-pod-5715,3318
3325,create,paib-gpu/openb-pod-3286,3319
3326,create,paib-gpu/openb-pod-1110,3320
3327,create,paib-gpu/openb-pod-3052,3321
3328,create,paib-gpu/openb-pod-7153,3322
3329,create,paib-gpu/openb-pod-1312,3323
3330,create,paib-gpu/openb-pod-1554,3324
3331,create,paib-gpu/openb-pod-4128,3325
3332,create,paib-gpu/openb-pod-4104,3326
3333,create,paib-gpu/openb-pod-4251,3327
3334,create,paib-gpu/openb-pod-8006,3328
3335,create,paib-gpu/openb-pod-7487,3329
3336,create,paib-gpu/openb-pod-5395,3330
3337,create,paib-gpu/openb-pod-3170,3331
3338,create,paib-gpu/openb-pod-6226,3332
3339,create,paib-gpu/openb-pod-4155,3333
3340,create,paib-gpu/openb-pod-4551,3334
3341,create,paib-gpu/openb-pod-5290,3335
3342,create,paib-gpu/openb-pod-0107,3336
3343,create,paib-gpu/openb-pod-3299,3337
3344,create,paib-gpu/openb-pod-7547,3338
3345,create,paib-gpu/openb-pod-2510,3339
3346,create,paib-gpu/openb-pod-0233,3340
3347,create,paib-gpu/openb-pod-6398,3341
3348,create,paib-gpu/openb-pod-3112,3342
3349,create,paib-gpu/openb-pod-6612,3343
3350,create,paib-gpu/openb-pod-7611,3344
3351,create,paib-gpu/openb-pod-4348,3345
3352,create,paib-gpu/openb-pod-6841,3346
3353,create,paib-gpu/openb-pod-7300,3347
3354,create,paib-gpu/openb-pod-4076,3348
3355,create,paib-gpu/openb-pod-2719,3349
3356,create,paib-gpu/openb-pod-4684,3350
3357,create,paib-gpu/openb-pod-6037,3351
3358,create,paib-gpu/openb-pod-6584,3352
3359,create,paib-gpu/openb-pod-0628,3353
3360,create,paib-gpu/openb-pod-3072,3354
3361,create,paib-gpu/openb-pod-4927,3355
3362,create,paib-gpu/openb-pod-4514,3356
3363,create,paib-gpu/openb-pod-2129,3357
3364,create,paib-gpu/openb-pod-0851,3358
3365,create,paib-gpu/openb-pod-2814,3359
3366,create,paib-gpu/openb-pod-5135,3360
3367,create,paib-gpu/openb-pod-0821,3361
3368,create,paib-gpu/openb-pod-3819,3362
3369,create,paib-gpu/openb-pod-7654,3363
3370,create,paib-gpu/openb-pod-2341,3364
3371,create,paib-gpu/openb-pod-5960,3365
3372,create,paib-gpu/openb-pod-4399,3366
3373,create,paib-gpu/openb-pod-7584,3367
3374,create,paib-gpu/openb-pod-6172,3368
3375,create,paib-gpu/openb-pod-6856,3369
3376,create,paib-gpu/openb-pod-4985,3370
3377,create,paib-gpu/openb-pod-2959,3371
3378,create,paib-gpu/openb-pod-7375,3372
3379,create,paib-gpu/openb-pod-1624,3373
3380,create,paib-gpu/openb-pod-3565,3374
3381,create,paib-gpu/openb-pod-1665,3375
3382,create,paib-gpu/openb-pod-7954,3376
3383,create,paib-gpu/openb-pod-4779,3377
3384,create,paib-gpu/openb-pod-5224,3378
3385,create,paib-gpu/openb-pod-8092,3379
3386,create,paib-gpu/openb-pod-7348,3380
3387,create,paib-gpu/openb-pod-5755,3381
3388,create,paib-gpu/openb-pod-2976,3382
3389,create,paib-gpu/openb-pod-1584,3383
3390,create,paib-gpu/openb-pod-1266,3384
3391,create,paib-gpu/openb-pod-5239,3385
3392,create,paib-gpu/openb-pod-4675,3386
3393,create,paib-gpu/openb-pod-1759,3387
3394,create,paib-gpu/openb-pod-0981,3388
3395,create,paib-gpu/openb-pod-1272,3389
3396,create,paib-gpu/openb-pod-0964,3390
3397,create,paib-gpu/openb-pod-2658,3391
3398,create,paib-gpu/openb-pod-5262,3392
3399,failed,paib-gpu/openb-pod-7230,3392
3400,create,paib-gpu/openb-pod-4499,3393
3401,create,paib-gpu/openb-pod-3695,3394
3402,create,paib-gpu/openb-pod-6700,3395
3403,create,paib-gpu/openb-pod-5297,3396
3404,create,paib-gpu/openb-pod-2507,3397
3405,create,paib-gpu/openb-pod-7531,3398
3406,create,paib-gpu/openb-pod-5083,3399
3407,create,paib-gpu/openb-pod-5596,3400
3408,create,paib-gpu/openb-pod-4354,3401
3409,create,paib-gpu/openb-pod-6785,3402
3410,create,paib-gpu/openb-pod-5211,3403
3411,create,paib-gpu/openb-pod-3719,3404
3412,create,paib-gpu/openb-pod-1534,3405
3413,failed,paib-gpu/openb-pod-2140,3405
3414,create,paib-gpu/openb-pod-6494,3406
3415,create,paib-gpu/openb-pod-2029,3407
3416,create,paib-gpu/openb-pod-7271,3408
3417,create,paib-gpu/openb-pod-3017,3409
3418,create,paib-gpu/openb-pod-1350,3410
3419,create,paib-gpu/openb-pod-4424,3411
3420,create,paib-gpu/openb-pod-5001,3412
3421,create,paib-gpu/openb-pod-0015,3413
3422,create,paib-gpu/openb-pod-7316,3414
3423,create,paib-gpu/openb-pod-5943,3415
3424,create,paib-gpu/openb-pod-4014,3416
3425,create,paib-gpu/openb-pod-4723,3417
3426,create,paib-gpu/openb-pod-5819,3418
3427,create,paib-gpu/openb-pod-5397,3419
3428,create,paib-gpu/openb-pod-7916,3420
3429,create,paib-gpu/openb-pod-0483,3421
3430,create,paib-gpu/openb-pod-6731,3422
3431,create,paib-gpu/openb-pod-0404,3423
3432,create,paib-gpu/openb-pod-3215,3424
3433,create,paib-gpu/openb-pod-2346,3425
3434,create,paib-gpu/openb-pod-4003,3426
3435,create,paib-gpu/openb-pod-0214,3427
3436,create,paib-gpu/openb-pod-4621,3428
3437,create,paib-gpu/openb-pod-5683,3429
3438,create,paib-gpu/openb-pod-4157,3430
3439,create,paib-gpu/openb-pod-1737,3431
3440,create,paib-gpu/openb-pod-3912,3432
3441,create,paib-gpu/openb-pod-7194,3433
3442,create,paib-gpu/openb-pod-6167,3434
3443,create,paib-gpu/openb-pod-1969,3435
3444,create,paib-gpu/openb-pod-5595,3436
3445,create,paib-gpu/openb-pod-1337,3437
3446,create,paib-gpu/openb-pod-6727,3438
3447,create,paib-gpu/openb-pod-1934,3439
3448,create,paib-gpu/openb-pod-6326,3440
3449,create,paib-gpu/openb-pod-5261,3441
3450,create,paib-gpu/openb-pod-0939,3442
3451,create,paib-gpu/openb-pod-4961,3443
3452,create,paib-gpu/openb-pod-3958,3444
3453,failed,paib-gpu/openb-pod-3475,3444
3454,create,paib-gpu/openb-pod-1570,3445
3455,create,paib-gpu/openb-pod-5837,3446
3456,create,paib-gpu/openb-pod-1646,3447
3457,create,paib-gpu/openb-pod-7042,3448
3458,create,paib-gpu/openb-pod-6128,3449
3459,create,paib-gpu/openb-pod-0876,3450
3460,create,paib-gpu/openb-pod-1001,3451
3461,create,paib-gpu/openb-pod-5623,3452
3462,create,paib-gpu/openb-pod-2053,3453
3463,create,paib-gpu/openb-pod-5618,3454
3464,create,paib-gpu/openb-pod-6713,3455
3465,create,paib-gpu/openb-pod-5140,3456
3466,create,paib-gpu/openb-pod-0540,3457
3467,create,paib-gpu/openb-pod-0850,3458
3468,create,paib-gpu/openb-pod-6315,3459
3469,create,paib-gpu/openb-pod-4066,3460
3470,create,paib-gpu/openb-pod-1821,3461
3471,create,paib-gpu/openb-pod-7589,3462
3472,create,paib-gpu/openb-pod-2484,3463
3473,create,paib-gpu/openb-pod-3842,3464
3474,create,paib-gpu/openb-pod-1405,3465
3475,create,paib-gpu/openb-pod-2977,3466
3476,create,paib-gpu/openb-pod-3815,3467
3477,create,paib-gpu/openb-pod-0725,3468
3478,create,paib-gpu/openb-pod-1092,3469
3479,create,paib-gpu/openb-pod-3297,3470
3480,create,paib-gpu/openb-pod-3424,3471
3481,create,paib-gpu/openb-pod-1510,3472
3482,create,paib-gpu/openb-pod-0002,3473
3483,create,paib-gpu/openb-pod-0172,3474
3484,create,paib-gpu/openb-pod-7602,3475
3485,create,paib-gpu/openb-pod-0105,3476
3486,create,paib-gpu/openb-pod-2782,3477
3487,create,paib-gpu/openb-pod-3831,3478
3488,create,paib-gpu/openb-pod-0391,3479
3489,create,paib-gpu/openb-pod-3714,3480
3490,create,paib-gpu/openb-pod-0503,3481
3491,create,paib-gpu/openb-pod-2663,3482
3492,create,paib-gpu/openb-pod-7125,3483
3493,create,paib-gpu/openb-pod-5619,3484
3494,create,paib-gpu/openb-pod-7906,3485
3495,create,paib-gpu/openb-pod-2488,3486
3496,create,paib-gpu/openb-pod-7772,3487
3497,create,paib-gpu/openb-pod-0741,3488
3498,create,paib-gpu/openb-pod-2215,3489
3499,create,paib-gpu/openb-pod-8054,3490
3500,create,paib-gpu/openb-pod-2762,3491
3501,create,paib-gpu/openb-pod-1881,3492
3502,create,paib-gpu/openb-pod-4614,3493
3503,create,paib-gpu/openb-pod-8029,3494
3504,create,paib-gpu/openb-pod-7488,3495
3505,create,paib-gpu/openb-pod-7556,3496
3506,create,paib-gpu/openb-pod-1031,3497
3507,create,paib-gpu/openb-pod-1490,3498
3508,create,paib-gpu/openb-pod-2580,3499
3509,create,paib-gpu/openb-pod-4919,3500
3510,create,paib-gpu/openb-pod-0895,3501
3511,create,paib-gpu/openb-pod-7117,3502
3512,create,paib-gpu/openb-pod-2154,3503
3513,create,paib-gpu/openb-pod-6640,3504
3514,create,paib-gpu/openb-pod-4548,3505
3515,create,paib-gpu/openb-pod-4570,3506
3516,create,paib-gpu/openb-pod-1315,3507
3517,create,paib-gpu/openb-pod-6756,3508
3518,create,paib-gpu/openb-pod-0087,3509
3519,create,paib-gpu/openb-pod-1642,3510
3520,create,paib-gpu/openb-pod-6362,3511
3521,create,paib-gpu/openb-pod-4761,3512
3522,create,paib-gpu/openb-pod-1441,3513
3523,create,paib-gpu/openb-pod-5702,3514
3524,create,paib-gpu/openb-pod-5538,3515
3525,create,paib-gpu/openb-pod-1320,3516
3526,create,paib-gpu/openb-pod-2924,3517
3527,create,paib-gpu/openb-pod-3372,3518
3528,create,paib-gpu/openb-pod-2478,3519
3529,create,paib-gpu/openb-pod-3202,3520
3530,create,paib-gpu/openb-pod-2061,3521
3531,create,paib-gpu/openb-pod-0808,3522
3532,create,paib-gpu/openb-pod-7904,3523
3533,create,paib-gpu/openb-pod-1628,3524
3534,create,paib-gpu/openb-pod-4814,3525
3535,create,paib-gpu/openb-pod-1807,3526
3536,create,paib-gpu/openb-pod-4783,3527
3537,create,paib-gpu/openb-pod-2846,3528
3538,create,paib-gpu/openb-pod-2927,3529
3539,create,paib-gpu/openb-pod-3858,3530
3540,create,paib-gpu/openb-pod-6635,3531
3541,create,paib-gpu/openb-pod-2060,3532
3542,create,paib-gpu/openb-pod-4209,3533
3543,create,paib-gpu/openb-pod-0450,3534
3544,create,paib-gpu/openb-pod-1851,3535
3545,create,paib-gpu/openb-pod-4225,3536
3546,create,paib-gpu/openb-pod-1360,3537
3547,create,paib-gpu/openb-pod-2513,3538
3548,create,paib-gpu/openb-pod-1955,3539
3549,create,paib-gpu/openb-pod-7984,3540
3550,create,paib-gpu/openb-pod-5347,3541
3551,create,paib-gpu/openb-pod-0428,3542
3552,failed,paib-gpu/openb-pod-6602,3542
3553,create,paib-gpu/openb-pod-5232,3543
3554,create,paib-gpu/openb-pod-3417,3544
3555,create,paib-gpu/openb-pod-3430,3545
3556,create,paib-gpu/openb-pod-1284,3546
3557,create,paib-gpu/openb-pod-6705,3547
3558,create,paib-gpu/openb-pod-4954,3548
3559,create,paib-gpu/openb-pod-2464,3549
3560,create,paib-gpu/openb-pod-7174,3550
3561,create,paib-gpu/openb-pod-2377,3551
3562,create,paib-gpu/openb-pod-8083,3552
3563,create,paib-gpu/openb-pod-4500,3553
3564,create,paib-gpu/openb-pod-0651,3554
3565,create,paib-gpu/openb-pod-0780,3555
3566,create,paib-gpu/openb-pod-7179,3556
3567,create,paib-gpu/openb-pod-3451,3557
3568,create,paib-gpu/openb-pod-8140,3558
3569,create,paib-gpu/openb-pod-5732,3559
3570,create,paib-gpu/openb-pod-2094,3560
3571,create,paib-gpu/openb-pod-2583,3561
3572,create,paib-gpu/openb-pod-1735,3562
3573,create,paib-gpu/openb-pod-7606,3563
3574,create,paib-gpu/openb-pod-7091,3564
3575,create,paib-gpu/openb-pod-3780,3565
3576,create,paib-gpu/openb-pod-5470,3566
3577,create,paib-gpu/openb-pod-2992,3567
3578,create,paib-gpu/openb-pod-1880,3568
3579,create,paib-gpu/openb-pod-2932,3569
3580,create,paib-gpu/openb-pod-2449,3570
3581,create,paib-gpu/openb-pod-5230,3571
3582,create,paib-gpu/openb-pod-0212,3572
3583,create,paib-gpu/openb-pod-7190,3573
3584,create,paib-gpu/openb-pod-2769,3574
3585,create,paib-gpu/openb-pod-1980,3575
3586,create,paib-gpu/openb-pod-5821,3576
3587,create,paib-gpu/openb-pod-8009,3577
3588,create,paib-gpu/openb-pod-1422,3578
3589,create,paib-gpu/openb-pod-0360,3579
3590,create,paib-gpu/openb-pod-6861,3580
3591,create,paib-gpu/openb-pod-4131,3581
3592,create,paib-gpu/openb-pod-4670,3582
3593,create,paib-gpu/openb-pod-4660,3583
3594,create,paib-gpu/openb-pod-3351,3584
3595,create,paib-gpu/openb-pod-4038,3585
3596,create,paib-gpu/openb-pod-3827,3586
3597,create,paib-gpu/openb-pod-2458,3587
3598,create,paib-gpu/openb-pod-0234,3588
3599,create,paib-gpu/openb-pod-3504,3589
3600,create,paib-gpu/openb-pod-3997,3590
3601,create,paib-gpu/openb-pod-4601,3591
3602,create,paib-gpu/openb-pod-5793,3592
3603,create,paib-gpu/openb-pod-0649,3593
3604,create,paib-gpu/openb-pod-3162,3594
3605,create,paib-gpu/openb-pod-7040,3595
3606,create,paib-gpu/openb-pod-1530,3596
3607,create,paib-gpu/openb-pod-6597,3597
3608,create,paib-gpu/openb-pod-3541,3598
3609,create,paib-gpu/openb-pod-4034,3599
3610,create,paib-gpu/openb-pod-3512,3600
3611,create,paib-gpu/openb-pod-3668,3601
3612,create,paib-gpu/openb-pod-2128,3602
3613,create,paib-gpu/openb-pod-0645,3603
3614,create,paib-gpu/openb-pod-4372,3604
3615,create,paib-gpu/openb-pod-5643,3605
3616,create,paib-gpu/openb-pod-5584,3606
3617,create,paib-gpu/openb-pod-3587,3607
3618,create,paib-gpu/openb-pod-7963,3608
3619,create,paib-gpu/openb-pod-5657,3609
3620,create,paib-gpu/openb-pod-1596,3610
3621,create,paib-gpu/openb-pod-0564,3611
3622,create,paib-gpu/openb-pod-1605,3612
3623,create,paib-gpu/openb-pod-8024,3613
3624,create,paib-gpu/openb-pod-1569,3614
3625,create,paib-gpu/openb-pod-4612,3615
3626,create,paib-gpu/openb-pod-4094,3616
3627,create,paib-gpu/openb-pod-7917,3617
3628,create,paib-gpu/openb-pod-4133,3618
3629,create,paib-gpu/openb-pod-3508,3619
3630,create,paib-gpu/openb-pod-2264,3620
3631,create,paib-gpu/openb-pod-5885,3621
3632,create,paib-gpu/openb-pod-4425,3622
3633,create,paib-gpu/openb-pod-7791,3623
3634,create,paib-gpu/openb-pod-6563,3624
3635,create,paib-gpu/openb-pod-3678,3625
3636,create,paib-gpu/openb-pod-2183,3626
3637,create,paib-gpu/openb-pod-5039,3627
3638,create,paib-gpu/openb-pod-7830,3628
3639,create,paib-gpu/openb-pod-5519,3629
3640,create,paib-gpu/openb-pod-2582,3630
3641,create,paib-gpu/openb-pod-1687,3631
3642,create,paib-gpu/openb-pod-3102,3632
3643,create,paib-gpu/openb-pod-6358,3633
3644,create,paib-gpu/openb-pod-2068,3634
3645,create,paib-gpu/openb-pod-6969,3635
3646,create,paib-gpu/openb-pod-2699,3636
3647,create,paib-gpu/openb-pod-1940,3637
3648,create,paib-gpu/openb-pod-6096,3638
3649,failed,paib-gpu/openb-pod-2462,3638
3650,create,paib-gpu/openb-pod-2200,3639
3651,create,paib-gpu/openb-pod-2485,3640
3652,create,paib-gpu/openb-pod-0836,3641
3653,create,paib-gpu/openb-pod-2266,3642
3654,create,paib-gpu/openb-pod-6538,3643
3655,create,paib-gpu/openb-pod-8005,3644
3656,create,paib-gpu/openb-pod-4872,3645
3657,create,paib-gpu/openb-pod-4960,3646
3658,create,paib-gpu/openb-pod-5030,3647
3659,create,paib-gpu/openb-pod-7499,3648
3660,create,paib-gpu/openb-pod-7045,3649
3661,create,paib-gpu/openb-pod-2495,3650
3662,create,paib-gpu/openb-pod-1709,3651
3663,create,paib-gpu/openb-pod-5447,3652
3664,create,paib-gpu/openb-pod-4090,3653
3665,create,paib-gpu/openb-pod-3198,3654
3666,create,paib-gpu/openb-pod-3144,3655
3667,create,paib-gpu/openb-pod-3401,3656
3668,create,paib-gpu/openb-pod-1221,3657
3669,create,paib-gpu/openb-pod-7446,3658
3670,create,paib-gpu/openb-pod-3359,3659
3671,create,paib-gpu/openb-pod-2373,3660
3672,create,paib-gpu/openb-pod-3039,3661
3673,create,paib-gpu/openb-pod-3370,3662
3674,create,paib-gpu/openb-pod-1531,3663
3675,create,paib-gpu/openb-pod-0264,3664
3676,create,paib-gpu/openb-pod-1947,3665
3677,create,paib-gpu/openb-pod-6311,3666
3678,create,paib-gpu/openb-pod-0573,3667
3679,create,paib-gpu/openb-pod-2558,3668
3680,create,paib-gpu/openb-pod-7666,3669
3681,create,paib-gpu/openb-pod-1965,3670
3682,create,paib-gpu/openb-pod-1234,3671
3683,create,paib-gpu/openb-pod-5956,3672
3684,create,paib-gpu/openb-pod-0966,3673
3685,create,paib-gpu/openb-pod-5185,3674
3686,create,paib-gpu/openb-pod-5015,3675
3687,create,paib-gpu/openb-pod-6499,3676
3688,create,paib-gpu/openb-pod-4270,3677
3689,create,paib-gpu/openb-pod-5311,3678
3690,create,paib-gpu/openb-pod-6543,3679
3691,create,paib-gpu/openb-pod-3164,3680
3692,failed,paib-gpu/openb-pod-3296,3680
3693,create,paib-gpu/openb-pod-8134,3681
3694,create,paib-gpu/openb-pod-2697,3682
3695,create,paib-gpu/openb-pod-0198,3683
3696,create,paib-gpu/openb-pod-3125,3684
3697,create,paib-gpu/openb-pod-4780,3685
3698,create,paib-gpu/openb-pod-7518,3686
3699,create,paib-gpu/openb-pod-6200,3687
3700,create,paib-gpu/openb-pod-4091,3688
3701,create,paib-gpu/openb-pod-6472,3689
3702,create,paib-gpu/openb-pod-8099,3690
3703,create,paib-gpu/openb-pod-3854,3691
3704,create,paib-gpu/openb-pod-1150,3692
3705,create,paib-gpu/openb-pod-7489,3693
3706,create,paib-gpu/openb-pod-2151,3694
3707,create,paib-gpu/openb-pod-1928,3695
3708,create,paib-gpu/openb-pod-1108,3696
3709,create,paib-gpu/openb-pod-5848,3697
3710,create,paib-gpu/openb-pod-1908,3698
3711,create,paib-gpu/openb-pod-4135,3699
3712,create,paib-gpu/openb-pod-5062,3700
3713,create,paib-gpu/openb-pod-3434,3701
3714,create,paib-gpu/openb-pod-7415,3702
3715,create,paib-gpu/openb-pod-5479,3703
3716,create,paib-gpu/openb-pod-1390,3704
3717,create,paib-gpu/openb-pod-1804,3705
3718,create,paib-gpu/openb-pod-0736,3706
3719,create,paib-gpu/openb-pod-3523,3707
3720,create,paib-gpu/openb-pod-7988,3708
3721,create,paib-gpu/openb-pod-1705,3709
3722,create,paib-gpu/openb-pod-1951,3710
3723,create,paib-gpu/openb-pod-6478,3711
3724,create,paib-gpu/openb-pod-2840,3712
3725,create,paib-gpu/openb-pod-6287,3713
3726,create,paib-gpu/openb-pod-6780,3714
3727,create,paib-gpu/openb-pod-0300,3715
3728,create,paib-gpu/openb-pod-3209,3716
3729,create,paib-gpu/openb-pod-3784,3717
3730,create,paib-gpu/openb-pod-3755,3718
3731,create,paib-gpu/openb-pod-1716,3719
3732,create,paib-gpu/openb-pod-6017,3720
3733,create,paib-gpu/openb-pod-5409,3721
3734,create,paib-gpu/openb-pod-5417,3722
3735,create,paib-gpu/openb-pod-3888,3723
3736,create,paib-gpu/openb-pod-3429,3724
3737,create,paib-gpu/openb-pod-2999,3725
3738,create,paib-gpu/openb-pod-4130,3726
3739,create,paib-gpu/openb-pod-4106,3727
3740,create,paib-gpu/openb-pod-0782,3728
3741,create,paib-gpu/openb-pod-5662,3729
3742,create,paib-gpu/openb-pod-0874,3730
3743,create,paib-gpu/openb-pod-1090,3731
3744,create,paib-gpu/openb-pod-4144,3732
3745,create,paib-gpu/openb-pod-7950,3733
3746,create,paib-gpu/openb-pod-6406,3734
3747,create,paib-gpu/openb-pod-7897,3735
3748,create,paib-gpu/openb-pod-1353,3736
3749,create,paib-gpu/openb-pod-8142,3737
3750,create,paib-gpu/openb-pod-0759,3738
3751,create,paib-gpu/openb-pod-2292,3739
3752,create,paib-gpu/openb-pod-7118,3740
3753,create,paib-gpu/openb-pod-1853,3741
3754,create,paib-gpu/openb-pod-6149,3742
3755,create,paib-gpu/openb-pod-2256,3743
3756,failed,paib-gpu/openb-pod-3456,3743
3757,create,paib-gpu/openb-pod-5725,3744
3758,create,paib-gpu/openb-pod-4627,3745
3759,create,paib-gpu/openb-pod-0010,3746
3760,create,paib-gpu/openb-pod-0678,3747
3761,create,paib-gpu/openb-pod-6634,3748
3762,create,paib-gpu/openb-pod-2950,3749
3763,create,paib-gpu/openb-pod-6298,3750
3764,create,paib-gpu/openb-pod-6911,3751
3765,create,paib-gpu/openb-pod-2497,3752
3766,create,paib-gpu/openb-pod-0587,3753
3767,create,paib-gpu/openb-pod-7876,3754
3768,create,paib-gpu/openb-pod-0640,3755
3769,create,paib-gpu/openb-pod-2742,3756
3770,create,paib-gpu/openb-pod-4609,3757
3771,create,paib-gpu/openb-pod-7273,3758
3772,create,paib-gpu/openb-pod-3532,3759
3773,create,paib-gpu/openb-pod-4892,3760
3774,create,paib-gpu/openb-pod-1035,3761
3775,create,paib-gpu/openb-pod-6229,3762
3776,create,paib-gpu/openb-pod-2910,3763
3777,create,paib-gpu/openb-pod-5446,3764
3778,create,paib-gpu/openb-pod-5695,3765
3779,create,paib-gpu/openb-pod-1879,3766
3780,create,paib-gpu/openb-pod-8000,3767
3781,create,paib-gpu/openb-pod-7656,3768
3782,create,paib-gpu/openb-pod-0393,3769
3783,create,paib-gpu/openb-pod-1187,3770
3784,create,paib-gpu/openb-pod-5800,3771
3785,create,paib-gpu/openb-pod-4625,3772
3786,create,paib-gpu/openb-pod-6048,3773
3787,create,paib-gpu/openb-pod-0262,3774
3788,create,paib-gpu/openb-pod-1551,3775
3789,create,paib-gpu/openb-pod-1023,3776
3790,create,paib-gpu/openb-pod-2143,3777
3791,create,paib-gpu/openb-pod-4382,3778
3792,create,paib-gpu/openb-pod-4153,3779
3793,create,paib-gpu/openb-pod-5468,3780
3794,create,paib-gpu/openb-pod-1660,3781
3795,create,paib-gpu/openb-pod-6601,3782
3796,create,paib-gpu/openb-pod-1273,3783
3797,create,paib-gpu/openb-pod-3274,3784
3798,create,paib-gpu/openb-pod-2787,3785
3799,create,paib-gpu/openb-pod-0962,3786
3800,create,paib-gpu/openb-pod-7945,3787
3801,create,paib-gpu/openb-pod-4782,3788
3802,create,paib-gpu/openb-pod-4362,3789
3803,create,paib-gpu/openb-pod-0525,3790
3804,create,paib-gpu/openb-pod-0824,3791
3805,create,paib-gpu/openb-pod-1718,3792
3806,create,paib-gpu/openb-pod-7098,3793
3807,create,paib-gpu/openb-pod-0126,3794
3808,create,paib-gpu/openb-pod-0096,3795
3809,create,paib-gpu/openb-pod-2752,3796
3810,create,paib-gpu/openb-pod-2509,3797
3811,create,paib-gpu/openb-pod-0626,3798
3812,create,paib-gpu/openb-pod-6078,3799
3813,create,paib-gpu/openb-pod-7845,3800
3814,create,paib-gpu/openb-pod-3887,3801
3815,create,paib-gpu/openb-pod-6791,3802
3816,create,paib-gpu/openb-pod-1725,3803
3817,create,paib-gpu/openb-pod-7895,3804
3818,create,paib-gpu/openb-pod-6623,3805
3819,create,paib-gpu/openb-pod-4007,3806
3820,create,paib-gpu/openb-pod-7494,3807
3821,create,paib-gpu/openb-pod-5667,3808
3822,create,paib-gpu/openb-pod-7113,3809
3823,create,paib-gpu/openb-pod-2707,3810
3824,create,paib-gpu/openb-pod-3447,3811
3825,create,paib-gpu/openb-pod-8079,3812
3826,create,paib-gpu/openb-pod-1896,3813
3827,create,paib-gpu/openb-pod-4932,3814
3828,create,paib-gpu/openb-pod-1590,3815
3829,create,paib-gpu/openb-pod-6938,3816
3830,create,paib-gpu/openb-pod-2196,3817
3831,create,paib-gpu/openb-pod-0164,3818
3832,create,paib-gpu/openb-pod-0584,3819
3833,create,paib-gpu/openb-pod-2843,3820
3834,create,paib-gpu/openb-pod-3906,3821
3835,create,paib-gpu/openb-pod-6706,3822
3836,create,paib-gpu/openb-pod-1036,3823
3837,create,paib-gpu/openb-pod-6886,3824
3838,create,paib-gpu/openb-pod-2797,3825
3839,create,paib-gpu/openb-pod-3218,3826
3840,create,paib-gpu/openb-pod-4459,3827
3841,create,paib-gpu/openb-pod-2785,3828
3842,create,paib-gpu/openb-pod-7170,3829
3843,create,paib-gpu/openb-pod-7700,3830
3844,create,paib-gpu/openb-pod-2291,3831
3845,create,paib-gpu/openb-pod-6707,3832
3846,create,paib-gpu/openb-pod-4319,3833
3847,create,paib-gpu/openb-pod-5252,3834
3848,create,paib-gpu/openb-pod-6669,3835
3849,create,paib-gpu/openb-pod-4308,3836
3850,create,paib-gpu/openb-pod-3704,3837
3851,create,paib-gpu/openb-pod-1345,3838
3852,create,paib-gpu/openb-pod-3037,3839
3853,create,paib-gpu/openb-pod-4643,3840
3854,create,paib-gpu/openb-pod-0774,3841
3855,create,paib-gpu/openb-pod-5072,3842
3856,create,paib-gpu/openb-pod-2589,3843
3857,create,paib-gpu/openb-pod-3161,3844
3858,create,paib-gpu/openb-pod-5028,3845
3859,create,paib-gpu/openb-pod-0902,3846
3860,create,paib-gpu/openb-pod-7448,3847
3861,create,paib-gpu/openb-pod-6415,3848
3862,create,paib-gpu/openb-pod-2767,3849
3863,create,paib-gpu/openb-pod-6074,3850
3864,create,paib-gpu/openb-pod-1640,3851
3865,create,paib-gpu/openb-pod-0180,3852
3866,create,paib-gpu/openb-pod-4849,3853
3867,create,paib-gpu/openb-pod-3630,3854
3868,create,paib-gpu/openb-pod-3652,3855
3869,create,paib-gpu/openb-pod-4380,3856
3870,create,paib-gpu/openb-pod-1058,3857
3871,create,paib-gpu/openb-pod-0583,3858
3872,create,paib-gpu/openb-pod-0226,3859
3873,create,paib-gpu/openb-pod-4760,3860
3874,create,paib-gpu/openb-pod-1143,3861
3875,create,paib-gpu/openb-pod-6594,3862
3876,create,paib-gpu/openb-pod-0907,3863
3877,create,paib-gpu/openb-pod-2396,3864
3878,create,paib-gpu/openb-pod-0985,3865
3879,create,paib-gpu/openb-pod-5517,3866
3880,create,paib-gpu/openb-pod-2212,3867
3881,create,paib-gpu/openb-pod-0560,3868
3882,create,paib-gpu/openb-pod-4120,3869
3883,create,paib-gpu/openb-pod-7401,3870
3884,create,paib-gpu/openb-pod-6716,3871
3885,create,paib-gpu/openb-pod-6926,3872
3886,create,paib-gpu/openb-pod-2383,3873
3887,create,paib-gpu/openb-pod-2946,3874
3888,create,paib-gpu/openb-pod-5750,3875
3889,create,paib-gpu/openb-pod-7795,3876
3890,create,paib-gpu/openb-pod-4707,3877
3891,create,paib-gpu/openb-pod-7509,3878
3892,create,paib-gpu/openb-pod-1603,3879
3893,create,paib-gpu/openb-pod-7163,3880
3894,create,paib-gpu/openb-pod-2229,3881
3895,create,paib-gpu/openb-pod-3859,3882
3896,create,paib-gpu/openb-pod-2987,3883
3897,create,paib-gpu/openb-pod-6374,3884
3898,create,paib-gpu/openb-pod-6724,3885
3899,create,paib-gpu/openb-pod-1050,3886
3900,create,paib-gpu/openb-pod-7207,3887
3901,create,paib-gpu/openb-pod-4050,3888
3902,create,paib-gpu/openb-pod-7053,3889
3903,create,paib-gpu/openb-pod-2014,3890
3904,create,paib-gpu/openb-pod-6119,3891
3905,create,paib-gpu/openb-pod-6551,3892
3906,create,paib-gpu/openb-pod-6892,3893
3907,create,paib-gpu/openb-pod-4630,3894
3908,create,paib-gpu/openb-pod-1858,3895
3909,create,paib-gpu/openb-pod-1656,3896
3910,create,paib-gpu/openb-pod-2747,3897
3911,create,paib-gpu/openb-pod-6505,3898
3912,create,paib-gpu/openb-pod-0625,3899
3913,create,paib-gpu/openb-pod-3782,3900
3914,create,paib-gpu/openb-pod-3384,3901
3915,create,paib-gpu/openb-pod-3802,3902
3916,create,paib-gpu/openb-pod-4790,3903
3917,create,paib-gpu/openb-pod-3222,3904
3918,create,paib-gpu/openb-pod-5906,3905
3919,create,paib-gpu/openb-pod-6945,3906
3920,create,paib-gpu/openb-pod-7296,3907
3921,create,paib-gpu/openb-pod-7566,3908
3922,create,paib-gpu/openb-pod-2897,3909
3923,create,paib-gpu/openb-pod-2092,3910
3924,failed,paib-gpu/openb-pod-5545,3910
3925,create,paib-gpu/openb-pod-5033,3911
3926,failed,paib-gpu/openb-pod-7159,3911
3927,create,paib-gpu/openb-pod-3600,3912
3928,create,paib-gpu/openb-pod-3498,3913
3929,create,paib-gpu/openb-pod-4800,3914
3930,create,paib-gpu/openb-pod-5137,3915
3931,create,paib-gpu/openb-pod-1992,3916
3932,create,paib-gpu/openb-pod-6557,3917
3933,create,paib-gpu/openb-pod-4329,3918
3934,create,paib-gpu/openb-pod-2326,3919
3935,create,paib-gpu/openb-pod-2329,3920
3936,create,paib-gpu/openb-pod-3339,3921
3937,create,paib-gpu/openb-pod-1128,3922
3938,create,paib-gpu/openb-pod-3363,3923
3939,create,paib-gpu/openb-pod-6310,3924
3940,create,paib-gpu/openb-pod-7444,3925
3941,create,paib-gpu/openb-pod-1233,3926
3942,create,paib-gpu/openb-pod-5077,3927
3943,create,paib-gpu/openb-pod-1816,3928
3944,create,paib-gpu/openb-pod-3855,3929
3945,create,paib-gpu/openb-pod-6180,3930
3946,create,paib-gpu/openb-pod-5831,3931
3947,create,paib-gpu/openb-pod-3944,3932
3948,create,paib-gpu/openb-pod-1593,3933
3949,create,paib-gpu/openb-pod-7464,3934
3950,create,paib-gpu/openb-pod-1782,3935
3951,create,paib-gpu/openb-pod-2272,3936
3952,create,paib-gpu/openb-pod-2479,3937
3953,create,paib-gpu/openb-pod-3049,3938
3954,create,paib-gpu/openb-pod-2327,3939
3955,create,paib-gpu/openb-pod-3060,3940
3956,create,paib-gpu/openb-pod-3963,3941
3957,create,paib-gpu/openb-pod-6949,3942
3958,create,paib-gpu/openb-pod-6997,3943
3959,create,paib-gpu/openb-pod-5090,3944
3960,create,paib-gpu/openb-pod-4344,3945
3961,create,paib-gpu/openb-pod-5330,3946
3962,create,paib-gpu/openb-pod-6389,3947
3963,create,paib-gpu/openb-pod-5753,3948
3964,create,paib-gpu/openb-pod-4721,3949
3965,create,paib-gpu/openb-pod-8052,3950
3966,create,paib-gpu/openb-pod-2408,3951
3967,create,paib-gpu/openb-pod-5693,3952
3968,create,paib-gpu/openb-pod-4929,3953
3969,create,paib-gpu/openb-pod-2336,3954
3970,create,paib-gpu/openb-pod-0129,3955
3971,create,paib-gpu/openb-pod-8021,3956
3972,create,paib-gpu/openb-pod-3180,3957
3973,create,paib-gpu/openb-pod-4737,3958
3974,create,paib-gpu/openb-pod-2125,3959
3975,create,paib-gpu/openb-pod-3051,3960
3976,create,paib-gpu/openb-pod-7268,3961
3977,create,paib-gpu/openb-pod-3925,3962
3978,create,paib-gpu/openb-pod-7203,3963
3979,create,paib-gpu/openb-pod-4020,3964
3980,create,paib-gpu/openb-pod-4296,3965
3981,create,paib-gpu/openb-pod-1728,3966
3982,create,paib-gpu/openb-pod-3488,3967
3983,create,paib-gpu/openb-pod-3636,3968
3984,create,paib-gpu/openb-pod-6621,3969
3985,create,paib-gpu/openb-pod-3546,3970
3986,create,paib-gpu/openb-pod-1003,3971
3987,create,paib-gpu/openb-pod-2435,3972
3988,create,paib-gpu/openb-pod-6288,3973
3989,create,paib-gpu/openb-pod-3008,3974
3990,create,paib-gpu/openb-pod-2514,3975
3991,create,paib-gpu/openb-pod-2929,3976
3992,create,paib-gpu/openb-pod-2349,3977
3993,create,paib-gpu/openb-pod-6295,3978
3994,create,paib-gpu/openb-pod-6877,3979
3995,create,paib-gpu/openb-pod-0786,3980
3996,create,paib-gpu/openb-pod-0003,3981
3997,create,paib-gpu/openb-pod-1173,3982
3998,create,paib-gpu/openb-pod-0337,3983
3999,create,paib-gpu/openb-pod-7108,3984
4000,create,paib-gpu/openb-pod-7451,3985
4001,create,paib-gpu/openb-pod-6915,3986
4002,create,paib-gpu/openb-pod-4276,3987
4003,create,paib-gpu/openb-pod-6485,3988
4004,create,paib-gpu/openb-pod-6650,3989
4005,create,paib-gpu/openb-pod-3220,3990
4006,create,paib-gpu/openb-pod-0020,3991
4007,create,paib-gpu/openb-pod-4673,3992
4008,create,paib-gpu/openb-pod-2571,3993
4009,create,paib-gpu/openb-pod-4447,3994
4010,create,paib-gpu/openb-pod-5572,3995
4011,create,paib-gpu/openb-pod-4729,3996
4012,create,paib-gpu/openb-pod-2940,3997
4013,create,paib-gpu/openb-pod-8108,3998
4014,create,paib-gpu/openb-pod-7240,3999
4015,create,paib-gpu/openb-pod-1634,4000
4016,create,paib-gpu/openb-pod-6268,4001
4017,create,paib-gpu/openb-pod-7764,4002
4018,create,paib-gpu/openb-pod-0493,4003
4019,create,paib-gpu/openb-pod-5029,4004
4020,create,paib-gpu/openb-pod-2626,4005
4021,create,paib-gpu/openb-pod-2274,4006
4022,create,paib-gpu/openb-pod-7730,4007
4023,create,paib-gpu/openb-pod-1581,4008
4024,create,paib-gpu/openb-pod-5008,4009
4025,create,paib-gpu/openb-pod-2166,4010
4026,create,paib-gpu/openb-pod-0065,4011
4027,create,paib-gpu/openb-pod-0679,4012
4028,create,paib-gpu/openb-pod-4303,4013
4029,create,paib-gpu/openb-pod-4742,4014
4030,create,paib-gpu/openb-pod-1194,4015
4031,create,paib-gpu/openb-pod-7545,4016
4032,create,paib-gpu/openb-pod-1916,4017
4033,create,paib-gpu/openb-pod-3902,4018
4034,create,paib-gpu/openb-pod-4649,4019
4035,create,paib-gpu/openb-pod-6846,4020
4036,create,paib-gpu/openb-pod-0961,4021
4037,failed,paib-gpu/openb-pod-5676,4021
4038,create,paib-gpu/openb-pod-5490,4022
4039,create,paib-gpu/openb-pod-2634,4023
4040,create,paib-gpu/openb-pod-0416,4024
4041,create,paib-gpu/openb-pod-6467,4025
4042,create,paib-gpu/openb-pod-3087,4026
4043,create,paib-gpu/openb-pod-4727,4027
4044,create,paib-gpu/openb-pod-3115,4028
4045,create,paib-gpu/openb-pod-0024,4029
4046,create,paib-gpu/openb-pod-5147,4030
4047,create,paib-gpu/openb-pod-1040,4031
4048,create,paib-gpu/openb-pod-1779,4032
4049,create,paib-gpu/openb-pod-6484,4033
4050,create,paib-gpu/openb-pod-7565,4034
4051,create,paib-gpu/openb-pod-2740,4035
4052,create,paib-gpu/openb-pod-4292,4036
4053,create,paib-gpu/openb-pod-1493,4037
4054,create,paib-gpu/openb-pod-6101,4038
4055,create,paib-gpu/openb-pod-6513,4039
4056,create,paib-gpu/openb-pod-3996,4040
4057,create,paib-gpu/openb-pod-3174,4041
4058,create,paib-gpu/openb-pod-0355,4042
4059,create,paib-gpu/openb-pod-4741,4043
4060,create,paib-gpu/openb-pod-4035,4044
4061,create,paib-gpu/openb-pod-4086,4045
4062,create,paib-gpu/openb-pod-8030,4046
4063,create,paib-gpu/openb-pod-1707,4047
4064,create,paib-gpu/openb-pod-7455,4048
4065,create,paib-gpu/openb-pod-0494,4049
4066,create,paib-gpu/openb-pod-7231,4050
4067,create,paib-gpu/openb-pod-0486,4051
4068,create,paib-gpu/openb-pod-7184,4052
4069,create,paib-gpu/openb-pod-1130,4053
4070,create,paib-gpu/openb-pod-5992,4054
4071,create,paib-gpu/openb-pod-5122,4055
4072,create,paib-gpu/openb-pod-6012,4056
4073,create,paib-gpu/openb-pod-7821,4057
4074,create,paib-gpu/openb-pod-5117,4058
4075,create,paib-gpu/openb-pod-5349,4059
4076,create,paib-gpu/openb-pod-5887,4060
4077,create,paib-gpu/openb-pod-7559,4061
4078,create,paib-gpu/openb-pod-6348,4062
4079,create,paib-gpu/openb-pod-1113,4063
4080,create,paib-gpu/openb-pod-1954,4064
4081,create,paib-gpu/openb-pod-0060,4065
4082,create,paib-gpu/openb-pod-2023,4066
4083,create,paib-gpu/openb-pod-1379,4067
4084,create,paib-gpu/openb-pod-6880,4068
4085,create,paib-gpu/openb-pod-2873,4069
4086,create,paib-gpu/openb-pod-6596,4070
4087,create,paib-gpu/openb-pod-6890,4071
4088,create,paib-gpu/openb-pod-3226,4072
4089,create,paib-gpu/openb-pod-5987,4073
4090,create,paib-gpu/openb-pod-0529,4074
4091,create,paib-gpu/openb-pod-0259,4075
4092,create,paib-gpu/openb-pod-6089,4076
4093,create,paib-gpu/openb-pod-3255,4077
4094,create,paib-gpu/openb-pod-4365,4078
4095,create,paib-gpu/openb-pod-2357,4079
4096,create,paib-gpu/openb-pod-0910,4080
4097,create,paib-gpu/openb-pod-3105,4081
4098,create,paib-gpu/openb-pod-2171,4082
4099,create,paib-gpu/openb-pod-1676,4083
4100,create,paib-gpu/openb-pod-2103,4084
4101,create,paib-gpu/openb-pod-0935,4085
4102,create,paib-gpu/openb-pod-6526,4086
4103,create,paib-gpu/openb-pod-0007,4087
4104,failed,paib-gpu/openb-pod-7223,4087
4105,create,paib-gpu/openb-pod-1217,4088
4106,create,paib-gpu/openb-pod-5897,4089
4107,create,paib-gpu/openb-pod-6209,4090
4108,create,paib-gpu/openb-pod-7453,4091
4109,create,paib-gpu/openb-pod-2878,4092
4110,create,paib-gpu/openb-pod-2705,4093
4111,create,paib-gpu/openb-pod-0581,4094
4112,create,paib-gpu/openb-pod-4379,4095
4113,create,paib-gpu/openb-pod-3278,4096
4114,create,paib-gpu/openb-pod-0364,4097
4115,create,paib-gpu/openb-pod-2835,4098
4116,create,paib-gpu/openb-pod-6466,4099
4117,create,paib-gpu/openb-pod-3875,4100
4118,create,paib-gpu/openb-pod-3752,4101
4119,create,paib-gpu/openb-pod-6782,4102
4120,failed,paib-gpu/openb-pod-3241,4102
4121,create,paib-gpu/openb-pod-2157,4103
4122,create,paib-gpu/openb-pod-8151,4104
4123,create,paib-gpu/openb-pod-0427,4105
4124,create,paib-gpu/openb-pod-3680,4106
4125,create,paib-gpu/openb-pod-3391,4107
4126,create,paib-gpu/openb-pod-1112,4108
4127,create,paib-gpu/openb-pod-4788,4109
4128,create,paib-gpu/openb-pod-5672,4110
4129,create,paib-gpu/openb-pod-6024,4111
4130,create,paib-gpu/openb-pod-5215,4112
4131,create,paib-gpu/openb-pod-6661,4113
4132,create,paib-gpu/openb-pod-7247,4114
4133,create,paib-gpu/openb-pod-7664,4115
4134,create,paib-gpu/openb-pod-3116,4116
4135,create,paib-gpu/openb-pod-8088,4117
4136,create,paib-gpu/openb-pod-7261,4118
4137,create,paib-gpu/openb-pod-1844,4119
4138,create,paib-gpu/openb-pod-6512,4120
4139,create,paib-gpu/openb-pod-0013,4121
4140,create,paib-gpu/openb-pod-6487,4122
4141,create,paib-gpu/openb-pod-4005,4123
4142,create,paib-gpu/openb-pod-2013,4124
4143,create,paib-gpu/openb-pod-5448,4125
4144,create,paib-gpu/openb-pod-0604,4126
4145,create,paib-gpu/openb-pod-4955,4127
4146,create,paib-gpu/openb-pod-2521,4128
4147,create,paib-gpu/openb-pod-6399,4129
4148,create,paib-gpu/openb-pod-3358,4130
4149,create,paib-gpu/openb-pod-2789,4131
4150,create,paib-gpu/openb-pod-6058,4132
4151,create,paib-gpu/openb-pod-7228,4133
4152,create,paib-gpu/openb-pod-6763,4134
4153,create,paib-gpu/openb-pod-0747,4135
4154,create,paib-gpu/openb-pod-0438,4136
4155,create,paib-gpu/openb-pod-0745,4137
4156,create,paib-gpu/openb-pod-7441,4138
4157,create,paib-gpu/openb-pod-4160,4139
4158,create,paib-gpu/openb-pod-0912,4140
4159,create,paib-gpu/openb-pod-4030,4141
4160,create,paib-gpu/openb-pod-0475,4142
4161,create,paib-gpu/openb-pod-0187,4143
4162,create,paib-gpu/openb-pod-2287,4144
4163,create,paib-gpu/openb-pod-7359,4145
4164,create,paib-gpu/openb-pod-1335,4146
4165,create,paib-gpu/openb-pod-6060,4147
4166,create,paib-gpu/openb-pod-2248,4148
4167,create,paib-gpu/openb-pod-2461,4149
4168,create,paib-gpu/openb-pod-5152,4150
4169,create,paib-gpu/openb-pod-7457,4151
4170,create,paib-gpu/openb-pod-0115,4152
4171,create,paib-gpu/openb-pod-0430,4153
4172,create,paib-gpu/openb-pod-5525,4154
4173,create,paib-gpu/openb-pod-6843,4155
4174,create,paib-gpu/openb-pod-5074,4156
4175,create,paib-gpu/openb-pod-0418,4157
4176,failed,paib-gpu/openb-pod-1729,4157
4177,create,paib-gpu/openb-pod-0835,4158
4178,create,paib-gpu/openb-pod-0532,4159
4179,create,paib-gpu/openb-pod-6146,4160
4180,create,paib-gpu/openb-pod-7049,4161
4181,create,paib-gpu/openb-pod-2104,4162
4182,create,paib-gpu/openb-pod-0157,4163
4183,create,paib-gpu/openb-pod-6456,4164
4184,create,paib-gpu/openb-pod-4973,4165
4185,create,paib-gpu/openb-pod-0737,4166
4186,create,paib-gpu/openb-pod-0128,4167
4187,create,paib-gpu/openb-pod-4452,4168
4188,create,paib-gpu/openb-pod-6265,4169
4189,create,paib-gpu/openb-pod-5254,4170
4190,create,paib-gpu/openb-pod-5772,4171
4191,create,paib-gpu/openb-pod-5315,4172
4192,create,paib-gpu/openb-pod-4738,4173
4193,create,paib-gpu/openb-pod-0263,4174
4194,create,paib-gpu/openb-pod-0152,4175
4195,create,paib-gpu/openb-pod-2394,4176
4196,create,paib-gpu/openb-pod-6982,4177
4197,create,paib-gpu/openb-pod-3810,4178
4198,create,paib-gpu/openb-pod-6469,4179
4199,create,paib-gpu/openb-pod-6072,4180
4200,create,paib-gpu/openb-pod-8146,4181
4201,create,paib-gpu/openb-pod-4174,4182
4202,create,paib-gpu/openb-pod-4045,4183
4203,create,paib-gpu/openb-pod-5139,4184
4204,create,paib-gpu/openb-pod-1723,4185
4205,create,paib-gpu/openb-pod-6404,4186
4206,create,paib-gpu/openb-pod-5389,4187
4207,create,paib-gpu/openb-pod-3615,4188
4208,create,paib-gpu/openb-pod-1483,4189
4209,create,paib-gpu/openb-pod-3306,4190
4210,create,paib-gpu/openb-pod-5356,4191
4211,create,paib-gpu/openb-pod-4550,4192
4212,create,paib-gpu/openb-pod-2351,4193
4213,create,paib-gpu/openb-pod-4940,4194
4214,create,paib-gpu/openb-pod-3603,4195
4215,create,paib-gpu/openb-pod-7985,4196
4216,create,paib-gpu/openb-pod-5766,4197
4217,failed,paib-gpu/openb-pod-3571,4197
4218,create,paib-gpu/openb-pod-0118,4198
4219,create,paib-gpu/openb-pod-4096,4199
4220,create,paib-gpu/openb-pod-2387,4200
4221,create,paib-gpu/openb-pod-2295,4201
4222,create,paib-gpu/openb-pod-3947,4202
4223,create,paib-gpu/openb-pod-0605,4203
4224,create,paib-gpu/openb-pod-7183,4204
4225,create,paib-gpu/openb-pod-3520,4205
4226,create,paib-gpu/openb-pod-7828,4206
4227,create,paib-gpu/openb-pod-2813,4207
4228,create,paib-gpu/openb-pod-2467,4208
4229,create,paib-gpu/openb-pod-7067,4209
4230,create,paib-gpu/openb-pod-2027,4210
4231,create,paib-gpu/openb-pod-3485,4211
4232,create,paib-gpu/openb-pod-0084,4212
4233,create,paib-gpu/openb-pod-6115,4213
4234,failed,paib-gpu/openb-pod-5903,4213
4235,create,paib-gpu/openb-pod-7541,4214
4236,create,paib-gpu/openb-pod-5523,4215
4237,create,paib-gpu/openb-pod-0456,4216
4238,create,paib-gpu/openb-pod-6211,4217
4239,failed,paib-gpu/openb-pod-0219,4217
4240,create,paib-gpu/openb-pod-0408,4218
4241,failed,paib-gpu/openb-pod-4604,4218
4242,create,paib-gpu/openb-pod-2893,4219
4243,create,paib-gpu/openb-pod-0749,4220
4244,create,paib-gpu/openb-pod-2453,4221
4245,create,paib-gpu/openb-pod-1364,4222
4246,create,paib-gpu/openb-pod-5079,4223
4247,failed,paib-gpu/openb-pod-4846,4223
4248,create,paib-gpu/openb-pod-2544,4224
4249,create,paib-gpu/openb-pod-3742,4225
4250,create,paib-gpu/openb-pod-3823,4226
4251,create,paib-gpu/openb-pod-5651,4227
4252,create,paib-gpu/openb-pod-5774,4228
4253,create,paib-gpu/openb-pod-6411,4229
4254,create,paib-gpu/openb-pod-3471,4230
4255,create,paib-gpu/openb-pod-3585,4231
4256,create,paib-gpu/openb-pod-4784,4232
4257,create,paib-gpu/openb-pod-7219,4233
4258,create,paib-gpu/openb-pod-4061,4234
4259,create,paib-gpu/openb-pod-5944,4235
4260,create,paib-gpu/openb-pod-4414,4236
4261,create,paib-gpu/openb-pod-7473,4237
4262,create,paib-gpu/openb-pod-7288,4238
4263,create,paib-gpu/openb-pod-3165,4239
4264,create,paib-gpu/openb-pod-4181,4240
4265,create,paib-gpu/openb-pod-5526,4241
4266,create,paib-gpu/openb-pod-1751,4242
4267,create,paib-gpu/openb-pod-8036,4243
4268,create,paib-gpu/openb-pod-4920,4244
4269,create,paib-gpu/openb-pod-3735,4245
4270,create,paib-gpu/openb-pod-0990,4246
4271,create,paib-gpu/openb-pod-6595,4247
4272,create,paib-gpu/openb-pod-0080,4248
4273,create,paib-gpu/openb-pod-1886,4249
4274,create,paib-gpu/openb-pod-5504,4250
4275,create,paib-gpu/openb-pod-0085,4251
4276,create,paib-gpu/openb-pod-0167,4252
4277,create,paib-gpu/openb-pod-1944,4253
4278,create,paib-gpu/openb-pod-5094,4254
4279,create,paib-gpu/openb-pod-6662,4255
4280,create,paib-gpu/openb-pod-4922,4256
4281,create,paib-gpu/openb-pod-4434,4257
4282,failed,paib-gpu/openb-pod-2862,4257
4283,create,paib-gpu/openb-pod-3151,4258
4284,create,paib-gpu/openb-pod-0742,4259
4285,create,paib-gpu/openb-pod-2489,4260
4286,create,paib-gpu/openb-pod-0291,4261
4287,create,paib-gpu/openb-pod-1330,4262
4288,create,paib-gpu/openb-pod-6102,4263
4289,create,paib-gpu/openb-pod-7735,4264
4290,create,paib-gpu/openb-pod-5841,4265
4291,create,paib-gpu/openb-pod-6054,4266
4292,create,paib-gpu/openb-pod-0769,4267
4293,create,paib-gpu/openb-pod-2181,4268
4294,create,paib-gpu/openb-pod-4493,4269
4295,create,paib-gpu/openb-pod-1059,4270
4296,create,paib-gpu/openb-pod-4564,4271
4297,create,paib-gpu/openb-pod-7073,4272
4298,create,paib-gpu/openb-pod-5655,4273
4299,create,paib-gpu/openb-pod-3718,4274
4300,create,paib-gpu/openb-pod-7452,4275
4301,create,paib-gpu/openb-pod-6914,4276
4302,create,paib-gpu/openb-pod-2694,4277
4303,create,paib-gpu/openb-pod-6386,4278
4304,create,paib-gpu/openb-pod-7779,4279
4305,failed,paib-gpu/openb-pod-4489,4279
4306,create,paib-gpu/openb-pod-2076,4280
4307,create,paib-gpu/openb-pod-7825,4281
4308,create,paib-gpu/openb-pod-5057,4282
4309,create,paib-gpu/openb-pod-0582,4283
4310,create,paib-gpu/openb-pod-7106,4284
4311,create,paib-gpu/openb-pod-1396,4285
4312,create,paib-gpu/openb-pod-5068,4286
4313,create,paib-gpu/openb-pod-5749,4287
4314,failed,paib-gpu/openb-pod-3494,4287
4315,create,paib-gpu/openb-pod-7865,4288
4316,create,paib-gpu/openb-pod-3851,4289
4317,create,paib-gpu/openb-pod-2597,4290
4318,create,paib-gpu/openb-pod-3709,4291
4319,create,paib-gpu/openb-pod-7195,4292
4320,create,paib-gpu/openb-pod-5780,4293
4321,create,paib-gpu/openb-pod-1708,4294
4322,create,paib-gpu/openb-pod-4416,4295
4323,create,paib-gpu/openb-pod-4968,4296
4324,create,paib-gpu/openb-pod-7075,4297
4325,create,paib-gpu/openb-pod-7189,4298
4326,create,paib-gpu/openb-pod-7508,4299
4327,failed,paib-gpu/openb-pod-6201,4299
4328,create,paib-gpu/openb-pod-1465,4300
4329,create,paib-gpu/openb-pod-4739,4301
4330,create,paib-gpu/openb-pod-4728,4302
4331,create,paib-gpu/openb-pod-2031,4303
4332,create,paib-gpu/openb-pod-6202,4304
4333,create,paib-gpu/openb-pod-3841,4305
4334,create,paib-gpu/openb-pod-6034,4306
4335,create,paib-gpu/openb-pod-4988,4307
4336,create,paib-gpu/openb-pod-0062,4308
4337,create,paib-gpu/openb-pod-3552,4309
4338,create,paib-gpu/openb-pod-4631,4310
4339,create,paib-gpu/openb-pod-8103,4311
4340,create,paib-gpu/openb-pod-0714,4312
4341,create,paib-gpu/openb-pod-3799,4313
4342,create,paib-gpu/openb-pod-2926,4314
4343,create,paib-gpu/openb-pod-2277,4315
4344,create,paib-gpu/openb-pod-0295,4316
4345,create,paib-gpu/openb-pod-4037,4317
4346,create,paib-gpu/openb-pod-6671,4318
4347,create,paib-gpu/openb-pod-0885,4319
4348,create,paib-gpu/openb-pod-1692,4320
4349,create,paib-gpu/openb-pod-8128,4321
4350,create,paib-gpu/openb-pod-1429,4322
4351,create,paib-gpu/openb-pod-6091,4323
4352,create,paib-gpu/openb-pod-1392,4324
4353,create,paib-gpu/openb-pod-1546,4325
4354,create,paib-gpu/openb-pod-5983,4326
4355,create,paib-gpu/openb-pod-4598,4327
4356,create,paib-gpu/openb-pod-5685,4328
4357,create,paib-gpu/openb-pod-3528,4329
4358,create,paib-gpu/openb-pod-0694,4330
4359,create,paib-gpu/openb-pod-5013,4331
4360,create,paib-gpu/openb-pod-4703,4332
4361,create,paib-gpu/openb-pod-2075,4333
4362,create,paib-gpu/openb-pod-7236,4334
4363,create,paib-gpu/openb-pod-4972,4335
4364,create,paib-gpu/openb-pod-6806,4336
4365,create,paib-gpu/openb-pod-3548,4337
4366,create,paib-gpu/openb-pod-2304,4338
4367,create,paib-gpu/openb-pod-0930,4339
4368,create,paib-gpu/openb-pod-2127,4340
4369,create,paib-gpu/openb-pod-3406,4341
4370,create,paib-gpu/openb-pod-5499,4342
4371,create,paib-gpu/openb-pod-0833,4343
4372,create,paib-gpu/openb-pod-3743,4344
4373,create,paib-gpu/openb-pod-6919,4345
4374,create,paib-gpu/openb-pod-3629,4346
4375,create,paib-gpu/openb-pod-6420,4347
4376,create,paib-gpu/openb-pod-5558,4348
4377,create,paib-gpu/openb-pod-5825,4349
4378,create,paib-gpu/openb-pod-2480,4350
4379,create,paib-gpu/openb-pod-4074,4351
4380,failed,paib-gpu/openb-pod-3063,4351
4381,create,paib-gpu/openb-pod-0075,4352
4382,create,paib-gpu/openb-pod-5598,4353
4383,create,paib-gpu/openb-pod-4656,4354
4384,create,paib-gpu/openb-pod-5398,4355
4385,create,paib-gpu/openb-pod-1588,4356
4386,create,paib-gpu/openb-pod-1348,4357
4387,create,paib-gpu/openb-pod-4246,4358
4388,create,paib-gpu/openb-pod-2001,4359
4389,create,paib-gpu/openb-pod-4441,4360
4390,create,paib-gpu/openb-pod-1442,4361
4391,failed,paib-gpu/openb-pod-7610,4361
4392,create,paib-gpu/openb-pod-4687,4362
4393,create,paib-gpu/openb-pod-3817,4363
4394,create,paib-gpu/openb-pod-5436,4364
4395,create,paib-gpu/openb-pod-0156,4365
4396,create,paib-gpu/openb-pod-3140,4366
4397,create,paib-gpu/openb-pod-0638,4367
4398,create,paib-gpu/openb-pod-1615,4368
4399,create,paib-gpu/openb-pod-0331,4369
4400,create,paib-gpu/openb-pod-1962,4370
4401,create,paib-gpu/openb-pod-1398,4371
4402,create,paib-gpu/openb-pod-1957,4372
4403,failed,paib-gpu/openb-pod-0253,4372
4404,create,paib-gpu/openb-pod-1283,4373
4405,create,paib-gpu/openb-pod-5489,4374
4406,create,paib-gpu/openb-pod-7050,4375
4407,create,paib-gpu/openb-pod-0279,4376
4408,create,paib-gpu/openb-pod-2415,4377
4409,create,paib-gpu/openb-pod-6992,4378
4410,create,paib-gpu/openb-pod-5399,4379
4411,create,paib-gpu/openb-pod-4338,4380
4412,create,paib-gpu/openb-pod-1671,4381
4413,create,paib-gpu/openb-pod-3281,4382
4414,create,paib-gpu/openb-pod-6813,4383
4415,create,paib-gpu/openb-pod-6752,4384
4416,create,paib-gpu/openb-pod-1002,4385
4417,create,paib-gpu/openb-pod-4912,4386
4418,create,paib-gpu/openb-pod-5770,4387
4419,create,paib-gpu/openb-pod-0319,4388
4420,create,paib-gpu/openb-pod-3357,4389
4421,create,paib-gpu/openb-pod-1248,4390
4422,create,paib-gpu/openb-pod-2088,4391
4423,create,paib-gpu/openb-pod-0231,4392
4424,create,paib-gpu/openb-pod-3108,4393
4425,create,paib-gpu/openb-pod-2106,4394
4426,failed,paib-gpu/openb-pod-7884,4394
4427,create,paib-gpu/openb-pod-3575,4395
4428,create,paib-gpu/openb-pod-6694,4396
4429,create,paib-gpu/openb-pod-4271,4397
4430,create,paib-gpu/openb-pod-6443,4398
4431,failed,paib-gpu/openb-pod-5804,4398
4432,create,paib-gpu/openb-pod-2399,4399
4433,create,paib-gpu/openb-pod-6667,4400
4434,create,paib-gpu/openb-pod-6769,4401
4435,create,paib-gpu/openb-pod-0830,4402
4436,create,paib-gpu/openb-pod-0282,4403
4437,create,paib-gpu/openb-pod-2535,4404
4438,create,paib-gpu/openb-pod-3807,4405
4439,create,paib-gpu/openb-pod-6740,4406
4440,create,paib-gpu/openb-pod-4925,4407
4441,create,paib-gpu/openb-pod-1182,4408
4442,create,paib-gpu/openb-pod-7812,4409
4443,create,paib-gpu/openb-pod-2532,4410
4444,create,paib-gpu/openb-pod-7947,4411
4445,create,paib-gpu/openb-pod-2611,4412
4446,create,paib-gpu/openb-pod-3768,4413
4447,create,paib-gpu/openb-pod-1577,4414
4448,create,paib-gpu/openb-pod-7694,4415
4449,create,paib-gpu/openb-pod-7013,4416
4450,create,paib-gpu/openb-pod-7244,4417
4451,create,paib-gpu/openb-pod-6799,4418
4452,failed,paib-gpu/openb-pod-2344,4418
4453,create,paib-gpu/openb-pod-5868,4419
4454,create,paib-gpu/openb-pod-7378,4420
4455,create,paib-gpu/openb-pod-3539,4421
4456,failed,paib-gpu/openb-pod-6738,4421
4457,failed,paib-gpu/openb-pod-5768,4421
4458,create,paib-gpu/openb-pod-5267,4422
4459,create,paib-gpu/openb-pod-6041,4423
4460,create,paib-gpu/openb-pod-6683,4424
4461,create,paib-gpu/openb-pod-7646,4425
4462,create,paib-gpu/openb-pod-4297,4426
4463,create,paib-gpu/openb-pod-7332,4427
4464,create,paib-gpu/openb-pod-3492,4428
4465,create,paib-gpu/openb-pod-5453,4429
4466,create,paib-gpu/openb-pod-6844,4430
4467,create,paib-gpu/openb-pod-1424,4431
4468,create,paib-gpu/openb-pod-5203,4432
4469,create,paib-gpu/openb-pod-2672,4433
4470,create,paib-gpu/openb-pod-2235,4434
4471,failed,paib-gpu/openb-pod-4376,4434
4472,create,paib-gpu/openb-pod-0154,4435
4473,create,paib-gpu/openb-pod-5020,4436
4474,create,paib-gpu/openb-pod-2210,4437
4475,failed,paib-gpu/openb-pod-6956,4437
4476,create,paib-gpu/openb-pod-5515,4438
4477,create,paib-gpu/openb-pod-7012,4439
4478,create,paib-gpu/openb-pod-0021,4440
4479,create,paib-gpu/openb-pod-1772,4441
4480,create,paib-gpu/openb-pod-3848,4442
4481,create,paib-gpu/openb-pod-5564,4443
4482,create,paib-gpu/openb-pod-6810,4444
4483,create,paib-gpu/openb-pod-2520,4445
4484,create,paib-gpu/openb-pod-8150,4446
4485,create,paib-gpu/openb-pod-2528,4447
4486,create,paib-gpu/openb-pod-3431,4448
4487,create,paib-gpu/openb-pod-1750,4449
4488,create,paib-gpu/openb-pod-6003,4450
4489,create,paib-gpu/openb-pod-2942,4451
4490,failed,paib-gpu/openb-pod-2184,4451
4491,create,paib-gpu/openb-pod-0880,4452
4492,create,paib-gpu/openb-pod-1791,4453
4493,create,paib-gpu/openb-pod-4724,4454
4494,create,paib-gpu/openb-pod-2892,4455
4495,create,paib-gpu/openb-pod-5757,4456
4496,failed,paib-gpu/openb-pod-7087,4456
4497,create,paib-gpu/openb-pod-7548,4457
4498,failed,paib-gpu/openb-pod-5202,4457
4499,failed,paib-gpu/openb-pod-0378,4457
4500,failed,paib-gpu/openb-pod-7056,4457
4501,failed,paib-gpu/openb-pod-4419,4457
4502,create,paib-gpu/openb-pod-5372,4458
4503,create,paib-gpu/openb-pod-4765,4459
4504,create,paib-gpu/openb-pod-2620,4460
4505,create,paib-gpu/openb-pod-4903,4461
4506,create,paib-gpu/openb-pod-5332,4462
4507,create,paib-gpu/openb-pod-6549,4463
4508,failed,paib-gpu/openb-pod-5005,4463
4509,create,paib-gpu/openb-pod-3365,4464
4510,create,paib-gpu/openb-pod-0459,4465
4511,create,paib-gpu/openb-pod-3288,4466
4512,create,paib-gpu/openb-pod-7674,4467
4513,create,paib-gpu/openb-pod-1216,4468
4514,create,paib-gpu/openb-pod-7181,4469
4515,create,paib-gpu/openb-pod-7538,4470
4516,create,paib-gpu/openb-pod-1743,4471
4517,create,paib-gpu/openb-pod-1633,4472
4518,create,paib-gpu/openb-pod-3794,4473
4519,create,paib-gpu/openb-pod-4446,4474
4520,create,paib-gpu/openb-pod-4229,4475
4521,create,paib-gpu/openb-pod-5362,4476
4522,create,paib-gpu/openb-pod-4603,4477
4523,create,paib-gpu/openb-pod-3065,4478
4524,create,paib-gpu/openb-pod-3844,4479
4525,create,paib-gpu/openb-pod-3019,4480
4526,create,paib-gpu/openb-pod-6761,4481
4527,create,paib-gpu/openb-pod-7989,4482
4528,failed,paib-gpu/openb-pod-4166,4482
4529,create,paib-gpu/openb-pod-0760,4483
4530,create,paib-gpu/openb-pod-0677,4484
4531,create,paib-gpu/openb-pod-3713,4485
4532,create,paib-gpu/openb-pod-7808,4486
4533,create,paib-gpu/openb-pod-2562,4487
4534,create,paib-gpu/openb-pod-3601,4488
4535,create,paib-gpu/openb-pod-4068,4489
4536,create,paib-gpu/openb-pod-5640,4490
4537,create,paib-gpu/openb-pod-1323,4491
4538,create,paib-gpu/openb-pod-7797,4492
4539,create,paib-gpu/openb-pod-0037,4493
4540,create,paib-gpu/openb-pod-2022,4494
4541,create,paib-gpu/openb-pod-3324,4495
4542,create,paib-gpu/openb-pod-1087,4496
4543,create,paib-gpu/openb-pod-5648,4497
4544,create,paib-gpu/openb-pod-7869,4498
4545,create,paib-gpu/openb-pod-4963,4499
4546,create,paib-gpu/openb-pod-3901,4500
4547,create,paib-gpu/openb-pod-7962,4501
4548,create,paib-gpu/openb-pod-2083,4502
4549,create,paib-gpu/openb-pod-2828,4503
4550,create,paib-gpu/openb-pod-4936,4504
4551,create,paib-gpu/openb-pod-6481,4505
4552,create,paib-gpu/openb-pod-3886,4506
4553,create,paib-gpu/openb-pod-3020,4507
4554,create,paib-gpu/openb-pod-1975,4508
4555,create,paib-gpu/openb-pod-4556,4509
4556,create,paib-gpu/openb-pod-8069,4510
4557,failed,paib-gpu/openb-pod-1402,4510
4558,create,paib-gpu/openb-pod-2709,4511
4559,create,paib-gpu/openb-pod-8076,4512
4560,create,paib-gpu/openb-pod-4033,4513
4561,create,paib-gpu/openb-pod-4210,4514
4562,failed,paib-gpu/openb-pod-6335,4514
4563,create,paib-gpu/openb-pod-5225,4515
4564,create,paib-gpu/openb-pod-2826,4516
4565,create,paib-gpu/openb-pod-6299,4517
4566,create,paib-gpu/openb-pod-2035,4518
4567,create,paib-gpu/openb-pod-1669,4519
4568,create,paib-gpu/openb-pod-1635,4520
4569,create,paib-gpu/openb-pod-4763,4521
4570,create,paib-gpu/openb-pod-1899,4522
4571,create,paib-gpu/openb-pod-0165,4523
4572,create,paib-gpu/openb-pod-2883,4524
4573,create,paib-gpu/openb-pod-2540,4525
4574,create,paib-gpu/openb-pod-7071,4526
4575,create,paib-gpu/openb-pod-1649,4527
4576,create,paib-gpu/openb-pod-6418,4528
4577,create,paib-gpu/openb-pod-3918,4529
4578,create,paib-gpu/openb-pod-4956,4530
4579,create,paib-gpu/openb-pod-2195,4531
4580,create,paib-gpu/openb-pod-0617,4532
4581,create,paib-gpu/openb-pod-5664,4533
4582,failed,paib-gpu/openb-pod-6548,4533
4583,create,paib-gpu/openb-pod-1175,4534
4584,create,paib-gpu/openb-pod-4713,4535
4585,create,paib-gpu/openb-pod-3327,4536
4586,create,paib-gpu/openb-pod-3861,4537
4587,create,paib-gpu/openb-pod-4889,4538
4588,create,paib-gpu/openb-pod-2836,4539
4589,create,paib-gpu/openb-pod-0153,4540
4590,create,paib-gpu/openb-pod-4962,4541
4591,create,paib-gpu/openb-pod-7981,4542
4592,create,paib-gpu/openb-pod-5688,4543
4593,create,paib-gpu/openb-pod-1945,4544
4594,create,paib-gpu/openb-pod-0166,4545
4595,create,paib-gpu/openb-pod-7283,4546
4596,create,paib-gpu/openb-pod-2112,4547
4597,create,paib-gpu/openb-pod-4081,4548
4598,create,paib-gpu/openb-pod-3464,4549
4599,create,paib-gpu/openb-pod-1168,4550
4600,create,paib-gpu/openb-pod-7555,4551
4601,create,paib-gpu/openb-pod-6540,4552
4602,create,paib-gpu/openb-pod-0489,4553
4603,create,paib-gpu/openb-pod-7670,4554
4604,create,paib-gpu/openb-pod-0284,4555
4605,create,paib-gpu/openb-pod-1042,4556
4606,create,paib-gpu/openb-pod-5828,4557
4607,create,paib-gpu/openb-pod-6792,4558
4608,create,paib-gpu/openb-pod-4427,4559
4609,create,paib-gpu/openb-pod-0100,4560
4610,create,paib-gpu/openb-pod-3443,4561
4611,failed,paib-gpu/openb-pod-1901,4561
4612,create,paib-gpu/openb-pod-0621,4562
4613,create,paib-gpu/openb-pod-6619,4563
4614,create,paib-gpu/openb-pod-4202,4564
4615,create,paib-gpu/openb-pod-7966,4565
4616,create,paib-gpu/openb-pod-3346,4566
4617,failed,paib-gpu/openb-pod-7946,4566
4618,create,paib-gpu/openb-pod-4336,4567
4619,create,paib-gpu/openb-pod-0701,4568
4620,create,paib-gpu/openb-pod-4332,4569
4621,create,paib-gpu/openb-pod-6656,4570
4622,create,paib-gpu/openb-pod-2134,4571
4623,create,paib-gpu/openb-pod-7898,4572
4624,create,paib-gpu/openb-pod-7855,4573
4625,create,paib-gpu/openb-pod-6787,4574
4626,create,paib-gpu/openb-pod-6967,4575
4627,create,paib-gpu/openb-pod-8031,4576
4628,create,paib-gpu/openb-pod-5441,4577
4629,create,paib-gpu/openb-pod-0365,4578
4630,create,paib-gpu/openb-pod-3405,4579
4631,create,paib-gpu/openb-pod-6874,4580
4632,create,paib-gpu/openb-pod-3822,4581
4633,create,paib-gpu/openb-pod-6663,4582
4634,create,paib-gpu/openb-pod-4340,4583
4635,create,paib-gpu/openb-pod-0207,4584
4636,failed,paib-gpu/openb-pod-5582,4584
4637,create,paib-gpu/openb-pod-4699,4585
4638,create,paib-gpu/openb-pod-2758,4586
4639,create,paib-gpu/openb-pod-3674,4587
4640,create,paib-gpu/openb-pod-2252,4588
4641,create,paib-gpu/openb-pod-6059,4589
4642,create,paib-gpu/openb-pod-1302,4590
4643,create,paib-gpu/openb-pod-0478,4591
4644,create,paib-gpu/openb-pod-4506,4592
4645,create,paib-gpu/openb-pod-7868,4593
4646,create,paib-gpu/openb-pod-5769,4594
4647,create,paib-gpu/openb-pod-0849,4595
4648,create,paib-gpu/openb-pod-2725,4596
4649,create,paib-gpu/openb-pod-4179,4597
4650,create,paib-gpu/openb-pod-1207,4598
4651,failed,paib-gpu/openb-pod-6739,4598
4652,create,paib-gpu/openb-pod-0684,4599
4653,create,paib-gpu/openb-pod-6939,4600
4654,create,paib-gpu/openb-pod-2716,4601
4655,create,paib-gpu/openb-pod-6933,4602
4656,failed,paib-gpu/openb-pod-5744,4602
4657,create,paib-gpu/openb-pod-5044,4603
4658,create,paib-gpu/openb-pod-3826,4604
4659,create,paib-gpu/openb-pod-4794,4605
4660,create,paib-gpu/openb-pod-4867,4606
4661,create,paib-gpu/openb-pod-5009,4607
4662,create,paib-gpu/openb-pod-7187,4608
4663,create,paib-gpu/openb-pod-3067,4609
4664,create,paib-gpu/openb-pod-5581,4610
4665,create,paib-gpu/openb-pod-6448,4611
4666,create,paib-gpu/openb-pod-5082,4612
4667,create,paib-gpu/openb-pod-7427,4613
4668,create,paib-gpu/openb-pod-4453,4614
4669,failed,paib-gpu/openb-pod-0265,4614
4670,create,paib-gpu/openb-pod-8097,4615
4671,create,paib-gpu/openb-pod-4791,4616
4672,create,paib-gpu/openb-pod-2470,4617
4673,create,paib-gpu/openb-pod-0777,4618
4674,create,paib-gpu/openb-pod-7641,4619
4675,create,paib-gpu/openb-pod-7536,4620
4676,create,paib-gpu/openb-pod-2824,4621
4677,create,paib-gpu/openb-pod-5037,4622
4678,create,paib-gpu/openb-pod-7978,4623
4679,create,paib-gpu/openb-pod-5346,4624
4680,create,paib-gpu/openb-pod-3999,4625
4681,create,paib-gpu/openb-pod-5209,4626
4682,create,paib-gpu/openb-pod-0301,4627
4683,create,paib-gpu/openb-pod-5730,4628
4684,create,paib-gpu/openb-pod-7374,4629
4685,create,paib-gpu/openb-pod-7176,4630
4686,create,paib-gpu/openb-pod-5127,4631
4687,create,paib-gpu/openb-pod-5187,4632
4688,create,paib-gpu/openb-pod-5284,4633
4689,create,paib-gpu/openb-pod-7366,4634
4690,create,paib-gpu/openb-pod-5890,4635
4691,create,paib-gpu/openb-pod-0921,4636
4692,create,paib-gpu/openb-pod-6876,4637
4693,create,paib-gpu/openb-pod-7221,4638
4694,create,paib-gpu/openb-pod-0058,4639
4695,create,paib-gpu/openb-pod-1471,4640
4696,create,paib-gpu/openb-pod-7519,4641
4697,create,paib-gpu/openb-pod-4138,4642
4698,create,paib-gpu/openb-pod-4384,4643
4699,create,paib-gpu/openb-pod-7019,4644
4700,create,paib-gpu/openb-pod-1257,4645
4701,create,paib-gpu/openb-pod-3073,4646
4702,create,paib-gpu/openb-pod-0417,4647
4703,create,paib-gpu/openb-pod-2082,4648
4704,create,paib-gpu/openb-pod-2867,4649
4705,create,paib-gpu/openb-pod-6413,4650
4706,create,paib-gpu/openb-pod-2602,4651
4707,create,paib-gpu/openb-pod-0042,4652
4708,create,paib-gpu/openb-pod-1876,4653
4709,create,paib-gpu/openb-pod-3616,4654
4710,create,paib-gpu/openb-pod-0178,4655
4711,failed,paib-gpu/openb-pod-1463,4655
4712,create,paib-gpu/openb-pod-3440,4656
4713,create,paib-gpu/openb-pod-0401,4657
4714,create,paib-gpu/openb-pod-1688,4658
4715,create,paib-gpu/openb-pod-1158,4659
4716,create,paib-gpu/openb-pod-3930,4660
4717,create,paib-gpu/openb-pod-4082,4661
4718,create,paib-gpu/openb-pod-4781,4662
4719,create,paib-gpu/openb-pod-2966,4663
4720,create,paib-gpu/openb-pod-2310,4664
4721,create,paib-gpu/openb-pod-6183,4665
4722,create,paib-gpu/openb-pod-1099,4666
4723,create,paib-gpu/openb-pod-3543,4667
4724,create,paib-gpu/openb-pod-5559,4668
4725,create,paib-gpu/openb-pod-3015,4669
4726,create,paib-gpu/openb-pod-6207,4670
4727,create,paib-gpu/openb-pod-4339,4671
4728,create,paib-gpu/openb-pod-6793,4672
4729,create,paib-gpu/openb-pod-6036,4673
4730,create,paib-gpu/openb-pod-1842,4674
4731,failed,paib-gpu/openb-pod-6470,4674
4732,create,paib-gpu/openb-pod-5741,4675
4733,create,paib-gpu/openb-pod-0919,4676
4734,create,paib-gpu/openb-pod-7644,4677
4735,create,paib-gpu/openb-pod-3068,4678
4736,create,paib-gpu/openb-pod-0117,4679
4737,create,paib-gpu/openb-pod-4641,4680
4738,create,paib-gpu/openb-pod-5622,4681
4739,create,paib-gpu/openb-pod-5763,4682
4740,create,paib-gpu/openb-pod-5387,4683
4741,create,paib-gpu/openb-pod-3273,4684
4742,create,paib-gpu/openb-pod-2706,4685
4743,create,paib-gpu/openb-pod-2900,4686
4744,create,paib-gpu/openb-pod-2064,4687
4745,create,paib-gpu/openb-pod-7238,4688
4746,create,paib-gpu/openb-pod-5361,4689
4747,create,paib-gpu/openb-pod-3329,4690
4748,create,paib-gpu/openb-pod-1959,4691
4749,create,paib-gpu/openb-pod-2259,4692
4750,create,paib-gpu/openb-pod-0711,4693
4751,create,paib-gpu/openb-pod-5767,4694
4752,create,paib-gpu/openb-pod-2397,4695
4753,failed,paib-gpu/openb-pod-2546,4695
4754,create,paib-gpu/openb-pod-4759,4696
4755,create,paib-gpu/openb-pod-2506,4697
4756,create,paib-gpu/openb-pod-0951,4698
4757,create,paib-gpu/openb-pod-2963,4699
4758,create,paib-gpu/openb-pod-4700,4700
4759,create,paib-gpu/openb-pod-6190,4701
4760,create,paib-gpu/openb-pod-3942,4702
4761,create,paib-gpu/openb-pod-1419,4703
4762,create,paib-gpu/openb-pod-6514,4704
4763,failed,paib-gpu/openb-pod-3217,4704
4764,create,paib-gpu/openb-pod-5288,4705
4765,create,paib-gpu/openb-pod-0362,4706
4766,failed,paib-gpu/openb-pod-7387,4706
4767,create,paib-gpu/openb-pod-6232,4707
4768,create,paib-gpu/openb-pod-3061,4708
4769,create,paib-gpu/openb-pod-1727,4709
4770,create,paib-gpu/openb-pod-3302,4710
4771,create,paib-gpu/openb-pod-7220,4711
4772,create,paib-gpu/openb-pod-7304,4712
4773,create,paib-gpu/openb-pod-3262,4713
4774,create,paib-gpu/openb-pod-5942,4714
4775,create,paib-gpu/openb-pod-0370,4715
4776,create,paib-gpu/openb-pod-6215,4716
4777,create,paib-gpu/openb-pod-5541,4717
4778,create,paib-gpu/openb-pod-3256,4718
4779,create,paib-gpu/openb-pod-8119,4719
4780,create,paib-gpu/openb-pod-6690,4720
4781,create,paib-gpu/openb-pod-7016,4721
4782,create,paib-gpu/openb-pod-7235,4722
4783,create,paib-gpu/openb-pod-5576,4723
4784,create,paib-gpu/openb-pod-3985,4724
4785,create,paib-gpu/openb-pod-7478,4725
4786,create,paib-gpu/openb-pod-2496,4726
4787,create,paib-gpu/openb-pod-3258,4727
4788,create,paib-gpu/openb-pod-4560,4728
4789,create,paib-gpu/openb-pod-1165,4729
4790,create,paib-gpu/openb-pod-7659,4730
4791,create,paib-gpu/openb-pod-0077,4731
4792,create,paib-gpu/openb-pod-4801,4732
4793,create,paib-gpu/openb-pod-0308,4733
4794,create,paib-gpu/openb-pod-3381,4734
4795,create,paib-gpu/openb-pod-6511,4735
4796,create,paib-gpu/openb-pod-0804,4736
4797,create,paib-gpu/openb-pod-5318,4737
4798,create,paib-gpu/openb-pod-0820,4738
4799,create,paib-gpu/openb-pod-1523,4739
4800,create,paib-gpu/openb-pod-2255,4740
4801,create,paib-gpu/openb-pod-6234,4741
4802,create,paib-gpu/openb-pod-2395,4742
4803,create,paib-gpu/openb-pod-5095,4743
4804,create,paib-gpu/openb-pod-1958,4744
4805,create,paib-gpu/openb-pod-0653,4745
4806,create,paib-gpu/openb-pod-5473,4746
4807,create,paib-gpu/openb-pod-6845,4747
4808,create,paib-gpu/openb-pod-2402,4748
4809,create,paib-gpu/openb-pod-4740,4749
4810,create,paib-gpu/openb-pod-4958,4750
4811,create,paib-gpu/openb-pod-6227,4751
4812,failed,paib-gpu/openb-pod-4378,4751
4813,create,paib-gpu/openb-pod-5967,4752
4814,create,paib-gpu/openb-pod-5476,4753
4815,create,paib-gpu/openb-pod-5120,4754
4816,create,paib-gpu/openb-pod-4017,4755
4817,create,paib-gpu/openb-pod-1850,4756
4818,create,paib-gpu/openb-pod-1524,4757
4819,create,paib-gpu/openb-pod-6837,4758
4820,create,paib-gpu/openb-pod-2126,4759
4821,create,paib-gpu/openb-pod-2240,4760
4822,create,paib-gpu/openb-pod-3849,4761
4823,create,paib-gpu/openb-pod-8091,4762
4824,create,paib-gpu/openb-pod-1738,4763
4825,create,paib-gpu/openb-pod-7102,4764
4826,create,paib-gpu/openb-pod-7027,4765
4827,create,paib-gpu/openb-pod-4448,4766
4828,create,paib-gpu/openb-pod-4347,4767
4829,create,paib-gpu/openb-pod-6376,4768
4830,create,paib-gpu/openb-pod-1450,4769
4831,create,paib-gpu/openb-pod-3505,4770
4832,create,paib-gpu/openb-pod-4175,4771
4833,create,paib-gpu/openb-pod-6959,4772
4834,create,paib-gpu/openb-pod-2077,4773
4835,create,paib-gpu/openb-pod-2909,4774
4836,create,paib-gpu/openb-pod-8027,4775
4837,create,paib-gpu/openb-pod-1929,4776
4838,create,paib-gpu/openb-pod-6881,4777
4839,create,paib-gpu/openb-pod-7396,4778
4840,create,paib-gpu/openb-pod-6847,4779
4841,create,paib-gpu/openb-pod-3216,4780
4842,create,paib-gpu/openb-pod-0294,4781
4843,create,paib-gpu/openb-pod-1809,4782
4844,create,paib-gpu/openb-pod-7380,4783
4845,create,paib-gpu/openb-pod-5507,4784
4846,create,paib-gpu/openb-pod-3156,4785
4847,failed,paib-gpu/openb-pod-7550,4785
4848,create,paib-gpu/openb-pod-0665,4786
4849,create,paib-gpu/openb-pod-3442,4787
4850,create,paib-gpu/openb-pod-3835,4788
4851,create,paib-gpu/openb-pod-4884,4789
4852,create,paib-gpu/openb-pod-5699,4790
4853,create,paib-gpu/openb-pod-0112,4791
4854,create,paib-gpu/openb-pod-7322,4792
4855,create,paib-gpu/openb-pod-1428,4793
4856,create,paib-gpu/openb-pod-6588,4794
4857,create,paib-gpu/openb-pod-1076,4795
4858,create,paib-gpu/openb-pod-7354,4796
4859,create,paib-gpu/openb-pod-0733,4797
4860,create,paib-gpu/openb-pod-7425,4798
4861,create,paib-gpu/openb-pod-0790,4799
4862,create,paib-gpu/openb-pod-4486,4800
4863,create,paib-gpu/openb-pod-7222,4801
4864,create,paib-gpu/openb-pod-5863,4802
4865,failed,paib-gpu/openb-pod-0654,4802
4866,create,paib-gpu/openb-pod-2637,4803
4867,create,paib-gpu/openb-pod-0044,4804
4868,create,paib-gpu/openb-pod-0242,4805
4869,create,paib-gpu/openb-pod-1936,4806
4870,create,paib-gpu/openb-pod-5220,4807
4871,create,paib-gpu/openb-pod-3355,4808
4872,create,paib-gpu/openb-pod-5182,4809
4873,create,paib-gpu/openb-pod-1960,4810
4874,create,paib-gpu/openb-pod-0815,4811
4875,create,paib-gpu/openb-pod-1748,4812
4876,create,paib-gpu/openb-pod-3098,4813
4877,create,paib-gpu/openb-pod-0825,4814
4878,create,paib-gpu/openb-pod-7982,4815
4879,create,paib-gpu/openb-pod-8110,4816
4880,create,paib-gpu/openb-pod-2847,4817
4881,create,paib-gpu/openb-pod-6745,4818
4882,create,paib-gpu/openb-pod-2744,4819
4883,create,paib-gpu/openb-pod-2039,4820
4884,create,paib-gpu/openb-pod-5787,4821
4885,create,paib-gpu/openb-pod-2631,4822
4886,create,paib-gpu/openb-pod-4971,4823
4887,create,paib-gpu/openb-pod-3031,4824
4888,create,paib-gpu/openb-pod-4810,4825
4889,create,paib-gpu/openb-pod-3954,4826
4890,create,paib-gpu/openb-pod-4285,4827
4891,create,paib-gpu/openb-pod-4234,4828
4892,create,paib-gpu/openb-pod-6980,4829
4893,create,paib-gpu/openb-pod-1339,4830
4894,create,paib-gpu/openb-pod-2084,4831
4895,create,paib-gpu/openb-pod-0109,4832
4896,create,paib-gpu/openb-pod-1819,4833
4897,create,paib-gpu/openb-pod-7849,4834
4898,create,paib-gpu/openb-pod-5947,4835
4899,create,paib-gpu/openb-pod-4561,4836
4900,create,paib-gpu/openb-pod-7307,4837
4901,create,paib-gpu/openb-pod-1511,4838
4902,create,paib-gpu/openb-pod-5306,4839
4903,create,paib-gpu/openb-pod-4677,4840
4904,create,paib-gpu/openb-pod-2356,4841
4905,failed,paib-gpu/openb-pod-7976,4841
4906,create,paib-gpu/openb-pod-1149,4842
4907,create,paib-gpu/openb-pod-3321,4843
4908,create,paib-gpu/openb-pod-4053,4844
4909,create,paib-gpu/openb-pod-6016,4845
4910,create,paib-gpu/openb-pod-1720,4846
4911,failed,paib-gpu/openb-pod-5059,4846
4912,create,paib-gpu/openb-pod-1417,4847
4913,create,paib-gpu/openb-pod-0014,4848
4914,create,paib-gpu/openb-pod-3899,4849
4915,create,paib-gpu/openb-pod-4584,4850
4916,create,paib-gpu/openb-pod-5444,4851
4917,create,paib-gpu/openb-pod-5093,4852
4918,create,paib-gpu/openb-pod-1162,4853
4919,create,paib-gpu/openb-pod-0433,4854
4920,create,paib-gpu/openb-pod-0386,4855
4921,create,paib-gpu/openb-pod-4666,4856
4922,create,paib-gpu/openb-pod-1213,4857
4923,failed,paib-gpu/openb-pod-6031,4857
4924,create,paib-gpu/openb-pod-3077,4858
4925,create,paib-gpu/openb-pod-7060,4859
4926,create,paib-gpu/openb-pod-6165,4860
4927,create,paib-gpu/openb-pod-8040,4861
4928,failed,paib-gpu/openb-pod-5208,4861
4929,create,paib-gpu/openb-pod-6441,4862
4930,create,paib-gpu/openb-pod-0791,4863
4931,create,paib-gpu/openb-pod-4771,4864
4932,create,paib-gpu/openb-pod-3507,4865
4933,create,paib-gpu/openb-pod-0517,4866
4934,create,paib-gpu/openb-pod-4186,4867
4935,create,paib-gpu/openb-pod-4989,4868
4936,create,paib-gpu/openb-pod-1091,4869
4937,create,paib-gpu/openb-pod-1792,4870
4938,create,paib-gpu/openb-pod-7032,4871
4939,create,paib-gpu/openb-pod-4768,4872
4940,create,paib-gpu/openb-pod-4562,4873
4941,failed,paib-gpu/openb-pod-0992,4873
4942,failed,paib-gpu/openb-pod-7521,4873
4943,create,paib-gpu/openb-pod-4907,4874
4944,create,paib-gpu/openb-pod-5810,4875
4945,create,paib-gpu/openb-pod-0893,4876
4946,create,paib-gpu/openb-pod-6173,4877
4947,create,paib-gpu/openb-pod-5762,4878
4948,create,paib-gpu/openb-pod-6477,4879
4949,create,paib-gpu/openb-pod-2226,4880
4950,create,paib-gpu/openb-pod-3957,4881
4951,create,paib-gpu/openb-pod-5878,4882
4952,create,paib-gpu/openb-pod-5271,4883
4953,create,paib-gpu/openb-pod-0656,4884
4954,create,paib-gpu/openb-pod-1318,4885
4955,create,paib-gpu/openb-pod-2748,4886
4956,create,paib-gpu/openb-pod-6805,4887
4957,create,paib-gpu/openb-pod-4597,4888
4958,create,paib-gpu/openb-pod-4222,4889
4959,create,paib-gpu/openb-pod-1790,4890
4960,create,paib-gpu/openb-pod-6324,4891
4961,create,paib-gpu/openb-pod-5846,4892
4962,create,paib-gpu/openb-pod-4484,4893
4963,create,paib-gpu/openb-pod-2702,4894
4964,create,paib-gpu/openb-pod-0368,4895
4965,create,paib-gpu/openb-pod-7804,4896
4966,failed,paib-gpu/openb-pod-6773,4896
4967,create,paib-gpu/openb-pod-1619,4897
4968,failed,paib-gpu/openb-pod-2680,4897
4969,create,paib-gpu/openb-pod-6236,4898
4970,create,paib-gpu/openb-pod-1009,4899
4971,create,paib-gpu/openb-pod-0451,4900
4972,create,paib-gpu/openb-pod-7872,4901
4973,create,paib-gpu/openb-pod-7281,4902
4974,create,paib-gpu/openb-pod-5628,4903
4975,create,paib-gpu/openb-pod-1818,4904
4976,create,paib-gpu/openb-pod-2483,4905
4977,create,paib-gpu/openb-pod-6363,4906
4978,create,paib-gpu/openb-pod-6341,4907
4979,create,paib-gpu/openb-pod-1855,4908
4980,create,paib-gpu/openb-pod-5214,4909
4981,create,paib-gpu/openb-pod-3223,4910
4982,create,paib-gpu/openb-pod-0934,4911
4983,create,paib-gpu/openb-pod-0324,4912
4984,create,paib-gpu/openb-pod-3066,4913
4985,create,paib-gpu/openb-pod-1983,4914
4986,create,paib-gpu/openb-pod-3905,4915
4987,create,paib-gpu/openb-pod-1246,4916
4988,create,paib-gpu/openb-pod-5331,4917
4989,create,paib-gpu/openb-pod-5410,4918
4990,create,paib-gpu/openb-pod-0232,4919
4991,create,paib-gpu/openb-pod-0479,4920
4992,create,paib-gpu/openb-pod-7564,4921
4993,create,paib-gpu/openb-pod-2905,4922
4994,create,paib-gpu/openb-pod-5223,4923
4995,create,paib-gpu/openb-pod-5807,4924
4996,create,paib-gpu/openb-pod-3864,4925
4997,create,paib-gpu/openb-pod-3353,4926
4998,create,paib-gpu/openb-pod-7757,4927
4999,create,paib-gpu/openb-pod-5760,4928
5000,create,paib-gpu/openb-pod-1270,4929
5001,create,paib-gpu/openb-pod-4844,4930
5002,create,paib-gpu/openb-pod-0409,4931
5003,create,paib-gpu/openb-pod-3289,4932
5004,create,paib-gpu/openb-pod-3701,4933
5005,failed,paib-gpu/openb-pod-7092,4933
5006,failed,paib-gpu/openb-pod-5621,4933
5007,create,paib-gpu/openb-pod-1400,4934
5008,create,paib-gpu/openb-pod-1817,4935
5009,create,paib-gpu/openb-pod-4132,4936
5010,create,paib-gpu/openb-pod-2273,4937
5011,create,paib-gpu/openb-pod-1227,4938
5012,create,paib-gpu/openb-pod-6677,4939
5013,failed,paib-gpu/openb-pod-7732,4939
5014,create,paib-gpu/openb-pod-1047,4940
5015,create,paib-gpu/openb-pod-6021,4941
5016,failed,paib-gpu/openb-pod-4298,4941
5017,create,paib-gpu/openb-pod-3561,4942
5018,create,paib-gpu/openb-pod-5522,4943
5019,create,paib-gpu/openb-pod-7955,4944
5020,create,paib-gpu/openb-pod-7055,4945
5021,create,paib-gpu/openb-pod-2163,4946
5022,create,paib-gpu/openb-pod-5394,4947
5023,create,paib-gpu/openb-pod-2645,4948
5024,create,paib-gpu/openb-pod-3048,4949
5025,create,paib-gpu/openb-pod-4835,4950
5026,create,paib-gpu/openb-pod-7662,4951
5027,create,paib-gpu/openb-pod-2141,4952
5028,create,paib-gpu/openb-pod-1357,4953
5029,create,paib-gpu/openb-pod-0798,4954
5030,create,paib-gpu/openb-pod-7289,4955
5031,create,paib-gpu/openb-pod-5097,4956
5032,create,paib-gpu/openb-pod-2731,4957
5033,create,paib-gpu/openb-pod-1574,4958
5034,create,paib-gpu/openb-pod-7205,4959
5035,create,paib-gpu/openb-pod-4287,4960
5036,create,paib-gpu/openb-pod-4410,4961
5037,create,paib-gpu/openb-pod-6460,4962
5038,create,paib-gpu/openb-pod-7893,4963
5039,failed,paib-gpu/openb-pod-1019,4963
5040,create,paib-gpu/openb-pod-2690,4964
5041,create,paib-gpu/openb-pod-7002,4965
5042,create,paib-gpu/openb-pod-3977,4966
5043,create,paib-gpu/openb-pod-1491,4967
5044,create,paib-gpu/openb-pod-6388,4968
5045,create,paib-gpu/openb-pod-8002,4969
5046,create,paib-gpu/openb-pod-0637,4970
5047,create,paib-gpu/openb-pod-3236,4971
5048,create,paib-gpu/openb-pod-6195,4972
5049,create,paib-gpu/openb-pod-6772,4973
5050,create,paib-gpu/openb-pod-3720,4974
5051,create,paib-gpu/openb-pod-5344,4975
5052,create,paib-gpu/openb-pod-0606,4976
5053,create,paib-gpu/openb-pod-7383,4977
5054,create,paib-gpu/openb-pod-5407,4978
5055,create,paib-gpu/openb-pod-2605,4979
5056,create,paib-gpu/openb-pod-7840,4980
5057,create,paib-gpu/openb-pod-3120,4981
5058,create,paib-gpu/openb-pod-0213,4982
5059,failed,paib-gpu/openb-pod-6187,4982
5060,create,paib-gpu/openb-pod-5056,4983
5061,create,paib-gpu/openb-pod-3204,4984
5062,create,paib-gpu/openb-pod-1755,4985
5063,create,paib-gpu/openb-pod-2961,4986
5064,create,paib-gpu/openb-pod-2374,4987
5065,create,paib-gpu/openb-pod-7824,4988
5066,failed,paib-gpu/openb-pod-5495,4988
5067,create,paib-gpu/openb-pod-7675,4989
5068,create,paib-gpu/openb-pod-3509,4990
5069,failed,paib-gpu/openb-pod-1597,4990
5070,create,paib-gpu/openb-pod-8003,4991
5071,create,paib-gpu/openb-pod-6314,4992
5072,create,paib-gpu/openb-pod-7827,4993
5073,create,paib-gpu/openb-pod-6871,4994
5074,create,paib-gpu/openb-pod-8077,4995
5075,create,paib-gpu/openb-pod-1937,4996
5076,create,paib-gpu/openb-pod-0138,4997
5077,create,paib-gpu/openb-pod-6334,4998
5078,create,paib-gpu/openb-pod-2761,4999
5079,create,paib-gpu/openb-pod-0029,5000
5080,create,paib-gpu/openb-pod-6432,5001
5081,create,paib-gpu/openb-pod-7329,5002
5082,create,paib-gpu/openb-pod-7133,5003
5083,create,paib-gpu/openb-pod-5492,5004
5084,create,paib-gpu/openb-pod-3798,5005
5085,create,paib-gpu/openb-pod-0915,5006
5086,create,paib-gpu/openb-pod-6379,5007
5087,failed,paib-gpu/openb-pod-1644,5007
5088,create,paib-gpu/openb-pod-2943,5008
5089,create,paib-gpu/openb-pod-6090,5009
5090,create,paib-gpu/openb-pod-1843,5010
5091,failed,paib-gpu/openb-pod-1629,5010
5092,create,paib-gpu/openb-pod-2933,5011
5093,create,paib-gpu/openb-pod-6070,5012
5094,create,paib-gpu/openb-pod-2863,5013
5095,create,paib-gpu/openb-pod-7096,5014
5096,create,paib-gpu/openb-pod-6222,5015
5097,create,paib-gpu/openb-pod-4134,5016
5098,create,paib-gpu/openb-pod-2894,5017
5099,create,paib-gpu/openb-pod-1645,5018
5100,create,paib-gpu/openb-pod-5882,5019
5101,create,paib-gpu/openb-pod-5102,5020
5102,create,paib-gpu/openb-pod-5371,5021
5103,create,paib-gpu/openb-pod-2454,5022
5104,create,paib-gpu/openb-pod-2874,5023
5105,create,paib-gpu/openb-pod-1122,5024
5106,create,paib-gpu/openb-pod-6802,5025
5107,failed,paib-gpu/openb-pod-2821,5025
5108,create,paib-gpu/openb-pod-0599,5026
5109,create,paib-gpu/openb-pod-2908,5027
5110,create,paib-gpu/openb-pod-6968,5028
5111,create,paib-gpu/openb-pod-0632,5029
5112,create,paib-gpu/openb-pod-6613,5030
5113,create,paib-gpu/openb-pod-4480,5031
5114,create,paib-gpu/openb-pod-6955,5032
5115,create,paib-gpu/openb-pod-4750,5033
5116,create,paib-gpu/openb-pod-1444,5034
5117,create,paib-gpu/openb-pod-7637,5035
5118,create,paib-gpu/openb-pod-5200,5036
5119,create,paib-gpu/openb-pod-4751,5037
5120,create,paib-gpu/openb-pod-5434,5038
5121,create,paib-gpu/openb-pod-1276,5039
5122,create,paib-gpu/openb-pod-0102,5040
5123,create,paib-gpu/openb-pod-7213,5041
5124,create,paib-gpu/openb-pod-3590,5042
5125,create,paib-gpu/openb-pod-4221,5043
5126,create,paib-gpu/openb-pod-1358,5044
5127,create,paib-gpu/openb-pod-4467,5045
5128,create,paib-gpu/openb-pod-3075,5046
5129,create,paib-gpu/openb-pod-6900,5047
5130,create,paib-gpu/openb-pod-2616,5048
5131,create,paib-gpu/openb-pod-0403,5049
5132,create,paib-gpu/openb-pod-2547,5050
5133,create,paib-gpu/openb-pod-1919,5051
5134,create,paib-gpu/openb-pod-0942,5052
5135,create,paib-gpu/openb-pod-1039,5053
5136,failed,paib-gpu/openb-pod-5482,5053
5137,create,paib-gpu/openb-pod-6354,5054
5138,create,paib-gpu/openb-pod-5263,5055
5139,create,paib-gpu/openb-pod-0771,5056
5140,create,paib-gpu/openb-pod-5603,5057
5141,create,paib-gpu/openb-pod-2872,5058
5142,create,paib-gpu/openb-pod-8082,5059
5143,create,paib-gpu/openb-pod-3219,5060
5144,create,paib-gpu/openb-pod-6350,5061
5145,create,paib-gpu/openb-pod-3004,5062
5146,create,paib-gpu/openb-pod-0507,5063
5147,create,paib-gpu/openb-pod-4767,5064
5148,create,paib-gpu/openb-pod-3766,5065
5149,create,paib-gpu/openb-pod-5820,5066
5150,create,paib-gpu/openb-pod-5422,5067
5151,create,paib-gpu/openb-pod-4926,5068
5152,create,paib-gpu/openb-pod-1433,5069
5153,create,paib-gpu/openb-pod-4451,5070
5154,create,paib-gpu/openb-pod-4532,5071
5155,create,paib-gpu/openb-pod-5121,5072
5156,create,paib-gpu/openb-pod-7649,5073
5157,create,paib-gpu/openb-pod-3479,5074
5158,create,paib-gpu/openb-pod-3973,5075
5159,create,paib-gpu/openb-pod-0111,5076
5160,create,paib-gpu/openb-pod-0469,5077
5161,create,paib-gpu/openb-pod-2644,5078
5162,create,paib-gpu/openb-pod-4953,5079
5163,create,paib-gpu/openb-pod-0941,5080
5164,create,paib-gpu/openb-pod-6425,5081
5165,create,paib-gpu/openb-pod-4488,5082
5166,create,paib-gpu/openb-pod-5240,5083
5167,create,paib-gpu/openb-pod-0421,5084
5168,create,paib-gpu/openb-pod-7512,5085
5169,create,paib-gpu/openb-pod-3041,5086
5170,create,paib-gpu/openb-pod-1436,5087
5171,create,paib-gpu/openb-pod-1139,5088
5172,create,paib-gpu/openb-pod-0034,5089
5173,create,paib-gpu/openb-pod-7754,5090
5174,create,paib-gpu/openb-pod-2254,5091
5175,create,paib-gpu/openb-pod-3589,5092
5176,create,paib-gpu/openb-pod-3330,5093
5177,create,paib-gpu/openb-pod-6931,5094
5178,create,paib-gpu/openb-pod-7353,5095
5179,create,paib-gpu/openb-pod-5299,5096
5180,create,paib-gpu/openb-pod-4685,5097
5181,create,paib-gpu/openb-pod-2991,5098
5182,create,paib-gpu/openb-pod-1156,5099
5183,create,paib-gpu/openb-pod-1020,5100
5184,create,paib-gpu/openb-pod-0339,5101
5185,create,paib-gpu/openb-pod-0925,5102
5186,create,paib-gpu/openb-pod-5174,5103
5187,create,paib-gpu/openb-pod-0579,5104
5188,failed,paib-gpu/openb-pod-7997,5104
5189,create,paib-gpu/openb-pod-4538,5105
5190,create,paib-gpu/openb-pod-7998,5106
5191,create,paib-gpu/openb-pod-4495,5107
5192,create,paib-gpu/openb-pod-5503,5108
5193,create,paib-gpu/openb-pod-3588,5109
5194,create,paib-gpu/openb-pod-8124,5110
5195,create,paib-gpu/openb-pod-7484,5111
5196,create,paib-gpu/openb-pod-5321,5112
5197,create,paib-gpu/openb-pod-7913,5113
5198,create,paib-gpu/openb-pod-5968,5114
5199,create,paib-gpu/openb-pod-4167,5115
5200,create,paib-gpu/openb-pod-4585,5116
5201,create,paib-gpu/openb-pod-0140,5117
5202,create,paib-gpu/openb-pod-4360,5118
5203,create,paib-gpu/openb-pod-0321,5119
5204,failed,paib-gpu/openb-pod-5469,5119
5205,create,paib-gpu/openb-pod-0335,5120
5206,create,paib-gpu/openb-pod-0086,5121
5207,create,paib-gpu/openb-pod-5577,5122
5208,create,paib-gpu/openb-pod-1769,5123
5209,create,paib-gpu/openb-pod-6273,5124
5210,create,paib-gpu/openb-pod-2557,5125
5211,create,paib-gpu/openb-pod-4652,5126
5212,create,paib-gpu/openb-pod-7756,5127
5213,create,paib-gpu/openb-pod-2809,5128
5214,create,paib-gpu/openb-pod-5633,5129
5215,create,paib-gpu/openb-pod-5812,5130
5216,create,paib-gpu/openb-pod-2398,5131
5217,create,paib-gpu/openb-pod-1717,5132
5218,create,paib-gpu/openb-pod-1030,5133
5219,create,paib-gpu/openb-pod-6303,5134
5220,create,paib-gpu/openb-pod-6079,5135
5221,failed,paib-gpu/openb-pod-1516,5135
5222,create,paib-gpu/openb-pod-1253,5136
5223,create,paib-gpu/openb-pod-4786,5137
5224,create,paib-gpu/openb-pod-0641,5138
5225,failed,paib-gpu/openb-pod-0382,5138
5226,create,paib-gpu/openb-pod-0864,5139
5227,create,paib-gpu/openb-pod-3470,5140
5228,create,paib-gpu/openb-pod-2136,5141
5229,create,paib-gpu/openb-pod-2297,5142
5230,create,paib-gpu/openb-pod-0155,5143
5231,create,paib-gpu/openb-pod-5497,5144
5232,create,paib-gpu/openb-pod-6150,5145
5233,create,paib-gpu/openb-pod-7647,5146
5234,create,paib-gpu/openb-pod-0432,5147
5235,create,paib-gpu/openb-pod-7526,5148
5236,create,paib-gpu/openb-pod-0995,5149
5237,create,paib-gpu/openb-pod-4093,5150
5238,create,paib-gpu/openb-pod-0394,5151
5239,create,paib-gpu/openb-pod-0776,5152
5240,create,paib-gpu/openb-pod-6082,5153
5241,create,paib-gpu/openb-pod-7734,5154
5242,create,paib-gpu/openb-pod-1148,5155
5243,create,paib-gpu/openb-pod-4088,5156
5244,create,paib-gpu/openb-pod-3614,5157
5245,create,paib-gpu/openb-pod-3564,5158
5246,create,paib-gpu/openb-pod-7996,5159
5247,create,paib-gpu/openb-pod-2531,5160
5248,create,paib-gpu/openb-pod-7403,5161
5249,create,paib-gpu/openb-pod-5314,5162
5250,create,paib-gpu/openb-pod-7161,5163
5251,create,paib-gpu/openb-pod-5283,5164
5252,create,paib-gpu/openb-pod-5761,5165
5253,create,paib-gpu/openb-pod-3941,5166
5254,create,paib-gpu/openb-pod-0547,5167
5255,create,paib-gpu/openb-pod-7357,5168
5256,create,paib-gpu/openb-pod-3428,5169
5257,create,paib-gpu/openb-pod-2107,5170
5258,create,paib-gpu/openb-pod-2860,5171
5259,create,paib-gpu/openb-pod-2590,5172
5260,create,paib-gpu/openb-pod-6344,5173
5261,create,paib-gpu/openb-pod-1757,5174
5262,failed,paib-gpu/openb-pod-3606,5174
5263,create,paib-gpu/openb-pod-7616,5175
5264,create,paib-gpu/openb-pod-6053,5176
5265,create,paib-gpu/openb-pod-4496,5177
5266,create,paib-gpu/openb-pod-5799,5178
5267,create,paib-gpu/openb-pod-4766,5179
5268,create,paib-gpu/openb-pod-0200,5180
5269,create,paib-gpu/openb-pod-3501,5181
5270,create,paib-gpu/openb-pod-5718,5182
5271,failed,paib-gpu/openb-pod-5717,5182
5272,create,paib-gpu/openb-pod-1115,5183
5273,create,paib-gpu/openb-pod-7581,5184
5274,create,paib-gpu/openb-pod-6711,5185
5275,create,paib-gpu/openb-pod-3972,5186
5276,create,paib-gpu/openb-pod-7216,5187
5277,create,paib-gpu/openb-pod-2179,5188
5278,create,paib-gpu/openb-pod-6264,5189
5279,create,paib-gpu/openb-pod-6503,5190
5280,failed,paib-gpu/openb-pod-0841,5190
5281,create,paib-gpu/openb-pod-4485,5191
5282,create,paib-gpu/openb-pod-3463,5192
5283,create,paib-gpu/openb-pod-0813,5193
5284,create,paib-gpu/openb-pod-1305,5194
5285,create,paib-gpu/openb-pod-4694,5195
5286,create,paib-gpu/openb-pod-1142,5196
5287,create,paib-gpu/openb-pod-3818,5197
5288,create,paib-gpu/openb-pod-2993,5198
5289,create,paib-gpu/openb-pod-2696,5199
5290,create,paib-gpu/openb-pod-4952,5200
5291,create,paib-gpu/openb-pod-7698,5201
5292,create,paib-gpu/openb-pod-6206,5202
5293,create,paib-gpu/openb-pod-5548,5203
5294,create,paib-gpu/openb-pod-4170,5204
5295,create,paib-gpu/openb-pod-5301,5205
5296,create,paib-gpu/openb-pod-4219,5206
5297,create,paib-gpu/openb-pod-8067,5207
5298,create,paib-gpu/openb-pod-6681,5208
5299,create,paib-gpu/openb-pod-4982,5209
5300,create,paib-gpu/openb-pod-6405,5210
5301,create,paib-gpu/openb-pod-3639,5211
5302,create,paib-gpu/openb-pod-4103,5212
5303,create,paib-gpu/openb-pod-4198,5213
5304,create,paib-gpu/openb-pod-3595,5214
5305,create,paib-gpu/openb-pod-4469,5215
5306,create,paib-gpu/openb-pod-6625,5216
5307,create,paib-gpu/openb-pod-2822,5217
5308,create,paib-gpu/openb-pod-4915,5218
5309,create,paib-gpu/openb-pod-3840,5219
5310,create,paib-gpu/openb-pod-5012,5220
5311,create,paib-gpu/openb-pod-2997,5221
5312,create,paib-gpu/openb-pod-7406,5222
5313,create,paib-gpu/openb-pod-0958,5223
5314,create,paib-gpu/openb-pod-1826,5224
5315,create,paib-gpu/openb-pod-3995,5225
5316,create,paib-gpu/openb-pod-3085,5226
5317,failed,paib-gpu/openb-pod-5173,5226
5318,create,paib-gpu/openb-pod-3699,5227
5319,create,paib-gpu/openb-pod-1766,5228
5320,create,paib-gpu/openb-pod-7078,5229
5321,create,paib-gpu/openb-pod-0576,5230
5322,create,paib-gpu/openb-pod-4321,5231
5323,create,paib-gpu/openb-pod-0055,5232
5324,create,paib-gpu/openb-pod-4359,5233
5325,create,paib-gpu/openb-pod-6260,5234
5326,create,paib-gpu/openb-pod-0466,5235
5327,create,paib-gpu/openb-pod-7965,5236
5328,create,paib-gpu/openb-pod-6910,5237
5329,create,paib-gpu/openb-pod-7807,5238
5330,create,paib-gpu/openb-pod-5206,5239
5331,create,paib-gpu/openb-pod-5021,5240
5332,create,paib-gpu/openb-pod-3511,5241
5333,failed,paib-gpu/openb-pod-3993,5241
5334,create,paib-gpu/openb-pod-3542,5242
5335,create,paib-gpu/openb-pod-2556,5243
5336,create,paib-gpu/openb-pod-0070,5244
5337,create,paib-gpu/openb-pod-3908,5245
5338,create,paib-gpu/openb-pod-0039,5246
5339,create,paib-gpu/openb-pod-0555,5247
5340,create,paib-gpu/openb-pod-3457,5248
5341,create,paib-gpu/openb-pod-1344,5249
5342,create,paib-gpu/openb-pod-1522,5250
5343,create,paib-gpu/openb-pod-1069,5251
5344,create,paib-gpu/openb-pod-2810,5252
5345,create,paib-gpu/openb-pod-7563,5253
5346,create,paib-gpu/openb-pod-0965,5254
5347,create,paib-gpu/openb-pod-5909,5255
5348,create,paib-gpu/openb-pod-2574,5256
5349,failed,paib-gpu/openb-pod-6291,5256
5350,create,paib-gpu/openb-pod-7708,5257
5351,failed,paib-gpu/openb-pod-3881,5257
5352,create,paib-gpu/openb-pod-6789,5258
5353,create,paib-gpu/openb-pod-6624,5259
5354,create,paib-gpu/openb-pod-4878,5260
5355,create,paib-gpu/openb-pod-5258,5261
5356,create,paib-gpu/openb-pod-3984,5262
5357,create,paib-gpu/openb-pod-6099,5263
5358,create,paib-gpu/openb-pod-1170,5264
5359,create,paib-gpu/openb-pod-5494,5265
5360,create,paib-gpu/openb-pod-6804,5266
5361,create,paib-gpu/openb-pod-2964,5267
5362,create,paib-gpu/openb-pod-5567,5268
5363,create,paib-gpu/openb-pod-0220,5269
5364,create,paib-gpu/openb-pod-3454,5270
5365,create,paib-gpu/openb-pod-0890,5271
5366,create,paib-gpu/openb-pod-7275,5272
5367,create,paib-gpu/openb-pod-2765,5273
5368,create,paib-gpu/openb-pod-7537,5274
5369,create,paib-gpu/openb-pod-4420,5275
5370,create,paib-gpu/openb-pod-4295,5276
5371,create,paib-gpu/openb-pod-3142,5277
5372,create,paib-gpu/openb-pod-6609,5278
5373,create,paib-gpu/openb-pod-1210,5279
5374,create,paib-gpu/openb-pod-5940,5280
5375,create,paib-gpu/openb-pod-7753,5281
5376,create,paib-gpu/openb-pod-3082,5282
5377,create,paib-gpu/openb-pod-2131,5283
5378,create,paib-gpu/openb-pod-1161,5284
5379,create,paib-gpu/openb-pod-4964,5285
5380,create,paib-gpu/openb-pod-2998,5286
5381,create,paib-gpu/openb-pod-6689,5287
5382,create,paib-gpu/openb-pod-0911,5288
5383,create,paib-gpu/openb-pod-3598,5289
5384,create,paib-gpu/openb-pod-6795,5290
5385,create,paib-gpu/openb-pod-0674,5291
5386,create,paib-gpu/openb-pod-4217,5292
5387,create,paib-gpu/openb-pod-2170,5293
5388,create,paib-gpu/openb-pod-3211,5294
5389,failed,paib-gpu/openb-pod-5113,5294
5390,create,paib-gpu/openb-pod-5204,5295
5391,create,paib-gpu/openb-pod-1164,5296
5392,create,paib-gpu/openb-pod-2321,5297
5393,create,paib-gpu/openb-pod-3414,5298
5394,create,paib-gpu/openb-pod-3676,5299
5395,create,paib-gpu/openb-pod-6562,5300
5396,create,paib-gpu/openb-pod-4839,5301
5397,create,paib-gpu/openb-pod-0410,5302
5398,failed,paib-gpu/openb-pod-2955,5302
5399,create,paib-gpu/openb-pod-7264,5303
5400,create,paib-gpu/openb-pod-6118,5304
5401,create,paib-gpu/openb-pod-0241,5305
5402,create,paib-gpu/openb-pod-5007,5306
5403,create,paib-gpu/openb-pod-4607,5307
5404,create,paib-gpu/openb-pod-3210,5308
5405,create,paib-gpu/openb-pod-1991,5309
5406,create,paib-gpu/openb-pod-3307,5310
5407,create,paib-gpu/openb-pod-4373,5311
5408,create,paib-gpu/openb-pod-7951,5312
5409,create,paib-gpu/openb-pod-0633,5313
5410,create,paib-gpu/openb-pod-4105,5314
5411,create,paib-gpu/openb-pod-6976,5315
5412,create,paib-gpu/openb-pod-7905,5316
5413,create,paib-gpu/openb-pod-2384,5317
5414,failed,paib-gpu/openb-pod-5269,5317
5415,create,paib-gpu/openb-pod-5995,5318
5416,create,paib-gpu/openb-pod-2280,5319
5417,create,paib-gpu/openb-pod-0257,5320
5418,create,paib-gpu/openb-pod-4150,5321
5419,create,paib-gpu/openb-pod-6570,5322
5420,create,paib-gpu/openb-pod-3404,5323
5421,create,paib-gpu/openb-pod-3671,5324
5422,failed,paib-gpu/openb-pod-1177,5324
5423,create,paib-gpu/openb-pod-2222,5325
5424,failed,paib-gpu/openb-pod-7201,5325
5425,create,paib-gpu/openb-pod-7335,5326
5426,failed,paib-gpu/openb-pod-7864,5326
5427,create,paib-gpu/openb-pod-3549,5327
5428,create,paib-gpu/openb-pod-4900,5328
5429,create,paib-gpu/openb-pod-5785,5329
5430,create,paib-gpu/openb-pod-3173,5330
5431,create,paib-gpu/openb-pod-8122,5331
5432,create,paib-gpu/openb-pod-1435,5332
5433,failed,paib-gpu/openb-pod-8090,5332
5434,create,paib-gpu/openb-pod-6904,5333
5435,create,paib-gpu/openb-pod-1545,5334
5436,create,paib-gpu/openb-pod-0332,5335
5437,create,paib-gpu/openb-pod-4455,5336
5438,create,paib-gpu/openb-pod-0883,5337
5439,failed,paib-gpu/openb-pod-3503,5337
5440,create,paib-gpu/openb-pod-1025,5338
5441,create,paib-gpu/openb-pod-4774,5339
5442,create,paib-gpu/openb-pod-2635,5340
5443,create,paib-gpu/openb-pod-1288,5341
5444,create,paib-gpu/openb-pod-7967,5342
5445,create,paib-gpu/openb-pod-6235,5343
5446,create,paib-gpu/openb-pod-3293,5344
5447,create,paib-gpu/openb-pod-0293,5345
5448,create,paib-gpu/openb-pod-1560,5346
5449,create,paib-gpu/openb-pod-0720,5347
5450,create,paib-gpu/openb-pod-0498,5348
5451,create,paib-gpu/openb-pod-5326,5349
5452,create,paib-gpu/openb-pod-4214,5350
5453,create,paib-gpu/openb-pod-6139,5351
5454,create,paib-gpu/openb-pod-0429,5352
5455,create,paib-gpu/openb-pod-6750,5353
5456,create,paib-gpu/openb-pod-3763,5354
5457,create,paib-gpu/openb-pod-3536,5355
5458,create,paib-gpu/openb-pod-2815,5356
5459,create,paib-gpu/openb-pod-6160,5357
5460,create,paib-gpu/openb-pod-4140,5358
5461,create,paib-gpu/openb-pod-5587,5359
5462,create,paib-gpu/openb-pod-8137,5360
5463,create,paib-gpu/openb-pod-1328,5361
5464,create,paib-gpu/openb-pod-3889,5362
5465,create,paib-gpu/openb-pod-4465,5363
5466,create,paib-gpu/openb-pod-3579,5364
5467,create,paib-gpu/openb-pod-4280,5365
5468,create,paib-gpu/openb-pod-5355,5366
5469,create,paib-gpu/openb-pod-3939,5367
5470,failed,paib-gpu/openb-pod-0541,5367
5471,failed,paib-gpu/openb-pod-3043,5367
5472,create,paib-gpu/openb-pod-3955,5368
5473,create,paib-gpu/openb-pod-7310,5369
5474,create,paib-gpu/openb-pod-4873,5370
5475,create,paib-gpu/openb-pod-2689,5371
5476,create,paib-gpu/openb-pod-0001,5372
5477,failed,paib-gpu/openb-pod-8050,5372
5478,create,paib-gpu/openb-pod-1505,5373
5479,create,paib-gpu/openb-pod-3581,5374
5480,create,paib-gpu/openb-pod-7596,5375
5481,create,paib-gpu/openb-pod-7658,5376
5482,create,paib-gpu/openb-pod-7160,5377
5483,create,paib-gpu/openb-pod-1048,5378
5484,create,paib-gpu/openb-pod-5158,5379
5485,create,paib-gpu/openb-pod-3079,5380
5486,create,paib-gpu/openb-pod-0801,5381
5487,create,paib-gpu/openb-pod-7003,5382
5488,create,paib-gpu/openb-pod-1106,5383
5489,create,paib-gpu/openb-pod-8147,5384
5490,create,paib-gpu/openb-pod-3260,5385
5491,create,paib-gpu/openb-pod-2967,5386
5492,create,paib-gpu/openb-pod-4220,5387
5493,create,paib-gpu/openb-pod-0388,5388
5494,create,paib-gpu/openb-pod-2907,5389
5495,create,paib-gpu/openb-pod-2592,5390
5496,create,paib-gpu/openb-pod-4668,5391
5497,create,paib-gpu/openb-pod-3814,5392
5498,failed,paib-gpu/openb-pod-4718,5392
5499,failed,paib-gpu/openb-pod-5714,5392
5500,create,paib-gpu/openb-pod-1888,5393
5501,create,paib-gpu/openb-pod-1893,5394
5502,create,paib-gpu/openb-pod-2911,5395
5503,create,paib-gpu/openb-pod-4310,5396
5504,create,paib-gpu/openb-pod-7297,5397
5505,create,paib-gpu/openb-pod-1786,5398
5506,create,paib-gpu/openb-pod-8113,5399
5507,create,paib-gpu/openb-pod-3240,5400
5508,failed,paib-gpu/openb-pod-7319,5400
5509,create,paib-gpu/openb-pod-1075,5401
5510,create,paib-gpu/openb-pod-7929,5402
5511,create,paib-gpu/openb-pod-7372,5403
5512,create,paib-gpu/openb-pod-3562,5404
5513,create,paib-gpu/openb-pod-7082,5405
5514,create,paib-gpu/openb-pod-4260,5406
5515,create,paib-gpu/openb-pod-6952,5407
5516,create,paib-gpu/openb-pod-7522,5408
5517,create,paib-gpu/openb-pod-0847,5409
5518,create,paib-gpu/openb-pod-6807,5410
5519,create,paib-gpu/openb-pod-0607,5411
5520,create,paib-gpu/openb-pod-0028,5412
5521,create,paib-gpu/openb-pod-3764,5413
5522,create,paib-gpu/openb-pod-7305,5414
5523,create,paib-gpu/openb-pod-0508,5415
5524,create,paib-gpu/openb-pod-5634,5416
5525,create,paib-gpu/openb-pod-2046,5417
5526,create,paib-gpu/openb-pod-6825,5418
5527,failed,paib-gpu/openb-pod-2142,5418
5528,create,paib-gpu/openb-pod-1343,5419
5529,create,paib-gpu/openb-pod-4374,5420
5530,create,paib-gpu/openb-pod-4136,5421
5531,create,paib-gpu/openb-pod-5853,5422
5532,create,paib-gpu/openb-pod-7925,5423
5533,create,paib-gpu/openb-pod-4680,5424
5534,create,paib-gpu/openb-pod-2036,5425
5535,create,paib-gpu/openb-pod-6006,5426
5536,create,paib-gpu/openb-pod-7919,5427
5537,create,paib-gpu/openb-pod-0546,5428
5538,create,paib-gpu/openb-pod-5556,5429
5539,create,paib-gpu/openb-pod-3582,5430
5540,create,paib-gpu/openb-pod-0488,5431
5541,create,paib-gpu/openb-pod-2188,5432
5542,create,paib-gpu/openb-pod-6632,5433
5543,create,paib-gpu/openb-pod-7169,5434
5544,create,paib-gpu/openb-pod-7074,5435
5545,create,paib-gpu/openb-pod-7894,5436
5546,create,paib-gpu/openb-pod-1423,5437
5547,create,paib-gpu/openb-pod-2133,5438
5548,create,paib-gpu/openb-pod-3135,5439
5549,create,paib-gpu/openb-pod-7941,5440
5550,create,paib-gpu/openb-pod-2958,5441
5551,create,paib-gpu/openb-pod-4125,5442
5552,create,paib-gpu/openb-pod-5459,5443
5553,create,paib-gpu/openb-pod-2282,5444
5554,create,paib-gpu/openb-pod-0772,5445
5555,create,paib-gpu/openb-pod-6519,5446
5556,create,paib-gpu/openb-pod-1166,5447
5557,create,paib-gpu/openb-pod-4908,5448
5558,create,paib-gpu/openb-pod-7903,5449
5559,create,paib-gpu/openb-pod-5098,5450
5560,create,paib-gpu/openb-pod-7065,5451
5561,create,paib-gpu/openb-pod-6515,5452
5562,create,paib-gpu/openb-pod-5638,5453
5563,create,paib-gpu/openb-pod-7282,5454
5564,create,paib-gpu/openb-pod-4994,5455
5565,create,paib-gpu/openb-pod-0681,5456
5566,create,paib-gpu/openb-pod-5270,5457
5567,create,paib-gpu/openb-pod-1378,5458
5568,create,paib-gpu/openb-pod-6040,5459
5569,create,paib-gpu/openb-pod-1784,5460
5570,create,paib-gpu/openb-pod-6014,5461
5571,create,paib-gpu/openb-pod-1631,5462
5572,create,paib-gpu/openb-pod-2945,5463
5573,failed,paib-gpu/openb-pod-5724,5463
5574,create,paib-gpu/openb-pod-2278,5464
5575,create,paib-gpu/openb-pod-7134,5465
5576,create,paib-gpu/openb-pod-0350,5466
5577,create,paib-gpu/openb-pod-6468,5467
5578,create,paib-gpu/openb-pod-2241,5468
5579,create,paib-gpu/openb-pod-3005,5469
5580,create,paib-gpu/openb-pod-1296,5470
5581,create,paib-gpu/openb-pod-1368,5471
5582,create,paib-gpu/openb-pod-5649,5472
5583,create,paib-gpu/openb-pod-0843,5473
5584,create,paib-gpu/openb-pod-5075,5474
5585,create,paib-gpu/openb-pod-0366,5475
5586,failed,paib-gpu/openb-pod-0700,5475
5587,create,paib-gpu/openb-pod-5114,5476
5588,create,paib-gpu/openb-pod-3033,5477
5589,create,paib-gpu/openb-pod-3070,5478
5590,create,paib-gpu/openb-pod-2308,5479
5591,create,paib-gpu/openb-pod-6142,5480
5592,create,paib-gpu/openb-pod-4775,5481
5593,create,paib-gpu/openb-pod-7718,5482
5594,create,paib-gpu/openb-pod-6944,5483
5595,create,paib-gpu/openb-pod-0557,5484
5596,failed,paib-gpu/openb-pod-7476,5484
5597,create,paib-gpu/openb-pod-3609,5485
5598,create,paib-gpu/openb-pod-3800,5486
5599,create,paib-gpu/openb-pod-3847,5487
5600,create,paib-gpu/openb-pod-3176,5488
5601,create,paib-gpu/openb-pod-0299,5489
5602,create,paib-gpu/openb-pod-2978,5490
5603,create,paib-gpu/openb-pod-6343,5491
5604,create,paib-gpu/openb-pod-6214,5492
5605,create,paib-gpu/openb-pod-0276,5493
5606,create,paib-gpu/openb-pod-7960,5494
5607,create,paib-gpu/openb-pod-3389,5495
5608,create,paib-gpu/openb-pod-4401,5496
5609,create,paib-gpu/openb-pod-1845,5497
5610,create,paib-gpu/openb-pod-0778,5498
5611,create,paib-gpu/openb-pod-1833,5499
5612,create,paib-gpu/openb-pod-2281,5500
5613,create,paib-gpu/openb-pod-1116,5501
5614,create,paib-gpu/openb-pod-0675,5502
5615,create,paib-gpu/openb-pod-7744,5503
5616,create,paib-gpu/openb-pod-6445,5504
5617,create,paib-gpu/openb-pod-6027,5505
5618,create,paib-gpu/openb-pod-5606,5506
5619,create,paib-gpu/openb-pod-4852,5507
5620,create,paib-gpu/openb-pod-7702,5508
5621,create,paib-gpu/openb-pod-2737,5509
5622,create,paib-gpu/openb-pod-5981,5510
5623,create,paib-gpu/openb-pod-1952,5511
5624,create,paib-gpu/openb-pod-6372,5512
5625,create,paib-gpu/openb-pod-0568,5513
5626,create,paib-gpu/openb-pod-2390,5514
5627,create,paib-gpu/openb-pod-1114,5515
5628,failed,paib-gpu/openb-pod-3620,5515
5629,create,paib-gpu/openb-pod-0251,5516
5630,create,paib-gpu/openb-pod-4110,5517
5631,create,paib-gpu/openb-pod-2460,5518
5632,failed,paib-gpu/openb-pod-4731,5518
5633,create,paib-gpu/openb-pod-5689,5519
5634,create,paib-gpu/openb-pod-6797,5520
5635,create,paib-gpu/openb-pod-3287,5521
5636,create,paib-gpu/openb-pod-2169,5522
5637,create,paib-gpu/openb-pod-8125,5523
5638,create,paib-gpu/openb-pod-6830,5524
5639,create,paib-gpu/openb-pod-3950,5525
5640,create,paib-gpu/openb-pod-2774,5526
5641,create,paib-gpu/openb-pod-6762,5527
5642,create,paib-gpu/openb-pod-5827,5528
5643,create,paib-gpu/openb-pod-0859,5529
5644,create,paib-gpu/openb-pod-0561,5530
5645,create,paib-gpu/openb-pod-5692,5531
5646,create,paib-gpu/openb-pod-6435,5532
5647,create,paib-gpu/openb-pod-1995,5533
5648,create,paib-gpu/openb-pod-0285,5534
5649,create,paib-gpu/openb-pod-0210,5535
5650,create,paib-gpu/openb-pod-4042,5536
5651,create,paib-gpu/openb-pod-3168,5537
5652,create,paib-gpu/openb-pod-5904,5538
5653,create,paib-gpu/openb-pod-4490,5539
5654,create,paib-gpu/openb-pod-6958,5540
5655,create,paib-gpu/openb-pod-4523,5541
5656,create,paib-gpu/openb-pod-0419,5542
5657,create,paib-gpu/openb-pod-6977,5543
5658,create,paib-gpu/openb-pod-4173,5544
5659,create,paib-gpu/openb-pod-4238,5545
5660,create,paib-gpu/openb-pod-0744,5546
5661,create,paib-gpu/openb-pod-6849,5547
5662,create,paib-gpu/openb-pod-1997,5548
5663,create,paib-gpu/openb-pod-2517,5549
5664,create,paib-gpu/openb-pod-3627,5550
5665,create,paib-gpu/openb-pod-6504,5551
5666,create,paib-gpu/openb-pod-1303,5552
5667,create,paib-gpu/openb-pod-1420,5553
5668,create,paib-gpu/openb-pod-5493,5554
5669,create,paib-gpu/openb-pod-4918,5555
5670,create,paib-gpu/openb-pod-3242,5556
5671,create,paib-gpu/openb-pod-4178,5557
5672,create,paib-gpu/openb-pod-3987,5558
5673,create,paib-gpu/openb-pod-2312,5559
5674,create,paib-gpu/openb-pod-0073,5560
5675,failed,paib-gpu/openb-pod-2501,5560
5676,create,paib-gpu/openb-pod-6957,5561
5677,failed,paib-gpu/openb-pod-5547,5561
5678,create,paib-gpu/openb-pod-7629,5562
5679,create,paib-gpu/openb-pod-4392,5563
5680,create,paib-gpu/openb-pod-6377,5564
5681,create,paib-gpu/openb-pod-7731,5565
5682,create,paib-gpu/openb-pod-5116,5566
5683,create,paib-gpu/openb-pod-0978,5567
5684,failed,paib-gpu/openb-pod-0763,5567
5685,create,paib-gpu/openb-pod-6723,5568
5686,create,paib-gpu/openb-pod-8094,5569
5687,create,paib-gpu/openb-pod-0647,5570
5688,create,paib-gpu/openb-pod-5016,5571
5689,create,paib-gpu/openb-pod-7397,5572
5690,create,paib-gpu/openb-pod-0492,5573
5691,create,paib-gpu/openb-pod-0705,5574
5692,failed,paib-gpu/openb-pod-5474,5574
5693,create,paib-gpu/openb-pod-6088,5575
5694,create,paib-gpu/openb-pod-1799,5576
5695,create,paib-gpu/openb-pod-7308,5577
5696,create,paib-gpu/openb-pod-6490,5578
5697,create,paib-gpu/openb-pod-1828,5579
5698,create,paib-gpu/openb-pod-3853,5580
5699,create,paib-gpu/openb-pod-2337,5581
5700,create,paib-gpu/openb-pod-6408,5582
5701,create,paib-gpu/openb-pod-6524,5583
5702,create,paib-gpu/openb-pod-5604,5584
5703,create,paib-gpu/openb-pod-6278,5585
5704,create,paib-gpu/openb-pod-0064,5586
5705,create,paib-gpu/openb-pod-5607,5587
5706,create,paib-gpu/openb-pod-6821,5588
5707,create,paib-gpu/openb-pod-6610,5589
5708,create,paib-gpu/openb-pod-0696,5590
5709,create,paib-gpu/openb-pod-2101,5591
5710,create,paib-gpu/openb-pod-6256,5592
5711,create,paib-gpu/openb-pod-0952,5593
5712,create,paib-gpu/openb-pod-0022,5594
5713,create,paib-gpu/openb-pod-6442,5595
5714,create,paib-gpu/openb-pod-5687,5596
5715,create,paib-gpu/openb-pod-5111,5597
5716,create,paib-gpu/openb-pod-2285,5598
5717,create,paib-gpu/openb-pod-4904,5599
5718,create,paib-gpu/openb-pod-2301,5600
5719,create,paib-gpu/openb-pod-1382,5601
5720,create,paib-gpu/openb-pod-0533,5602
5721,create,paib-gpu/openb-pod-7119,5603
5722,create,paib-gpu/openb-pod-1903,5604
5723,create,paib-gpu/openb-pod-1909,5605
5724,create,paib-gpu/openb-pod-0361,5606
5725,create,paib-gpu/openb-pod-6255,5607
5726,create,paib-gpu/openb-pod-2850,5608
5727,create,paib-gpu/openb-pod-6332,5609
5728,create,paib-gpu/openb-pod-3252,5610
5729,create,paib-gpu/openb-pod-4015,5611
5730,create,paib-gpu/openb-pod-1409,5612
5731,create,paib-gpu/openb-pod-3580,5613
5732,create,paib-gpu/openb-pod-1583,5614
5733,create,paib-gpu/openb-pod-7337,5615
5734,create,paib-gpu/openb-pod-6084,5616
5735,create,paib-gpu/openb-pod-3183,5617
5736,create,paib-gpu/openb-pod-6816,5618
5737,failed,paib-gpu/openb-pod-3771,5618
5738,create,paib-gpu/openb-pod-2781,5619
5739,create,paib-gpu/openb-pod-0734,5620
5740,create,paib-gpu/openb-pod-4375,5621
5741,create,paib-gpu/openb-pod-6686,5622
5742,failed,paib-gpu/openb-pod-1985,5622
5743,create,paib-gpu/openb-pod-3171,5623
5744,failed,paib-gpu/openb-pod-3474,5623
5745,create,paib-gpu/openb-pod-6465,5624
5746,create,paib-gpu/openb-pod-3205,5625
5747,create,paib-gpu/openb-pod-7879,5626
5748,create,paib-gpu/openb-pod-3366,5627
5749,create,paib-gpu/openb-pod-3970,5628
5750,create,paib-gpu/openb-pod-1178,5629
5751,create,paib-gpu/openb-pod-2108,5630
5752,create,paib-gpu/openb-pod-4705,5631
5753,create,paib-gpu/openb-pod-2122,5632
5754,create,paib-gpu/openb-pod-1715,5633
5755,create,paib-gpu/openb-pod-5919,5634
5756,create,paib-gpu/openb-pod-1306,5635
5757,create,paib-gpu/openb-pod-7109,5636
5758,create,paib-gpu/openb-pod-6964,5637
5759,create,paib-gpu/openb-pod-7820,5638
5760,create,paib-gpu/openb-pod-6459,5639
5761,create,paib-gpu/openb-pod-1298,5640
5762,create,paib-gpu/openb-pod-0522,5641
5763,create,paib-gpu/openb-pod-7539,5642
5764,create,paib-gpu/openb-pod-0519,5643
5765,failed,paib-gpu/openb-pod-1274,5643
5766,create,paib-gpu/openb-pod-4367,5644
5767,create,paib-gpu/openb-pod-4854,5645
5768,create,paib-gpu/openb-pod-6019,5646
5769,create,paib-gpu/openb-pod-3895,5647
5770,create,paib-gpu/openb-pod-7323,5648
5771,create,paib-gpu/openb-pod-6276,5649
5772,create,paib-gpu/openb-pod-4077,5650
5773,create,paib-gpu/openb-pod-1653,5651
5774,failed,paib-gpu/openb-pod-5157,5651
5775,create,paib-gpu/openb-pod-7632,5652
5776,create,paib-gpu/openb-pod-0601,5653
5777,create,paib-gpu/openb-pod-0237,5654
5778,create,paib-gpu/openb-pod-2008,5655
5779,create,paib-gpu/openb-pod-5136,5656
5780,create,paib-gpu/openb-pod-5025,5657
5781,create,paib-gpu/openb-pod-2208,5658
5782,create,paib-gpu/openb-pod-2354,5659
5783,create,paib-gpu/openb-pod-2956,5660
5784,create,paib-gpu/openb-pod-5498,5661
5785,create,paib-gpu/openb-pod-0310,5662
5786,create,paib-gpu/openb-pod-1094,5663
5787,create,paib-gpu/openb-pod-1049,5664
5788,create,paib-gpu/openb-pod-7352,5665
5789,create,paib-gpu/openb-pod-6653,5666
5790,create,paib-gpu/openb-pod-2936,5667
5791,create,paib-gpu/openb-pod-7278,5668
5792,create,paib-gpu/openb-pod-3839,5669
5793,create,paib-gpu/openb-pod-1967,5670
5794,create,paib-gpu/openb-pod-2048,5671
5795,create,paib-gpu/openb-pod-0277,5672
5796,create,paib-gpu/openb-pod-1044,5673
5797,create,paib-gpu/openb-pod-1513,5674
5798,create,paib-gpu/openb-pod-7111,5675
5799,create,paib-gpu/openb-pod-7471,5676
5800,create,paib-gpu/openb-pod-0209,5677
5801,create,paib-gpu/openb-pod-5350,5678
5802,create,paib-gpu/openb-pod-2763,5679
5803,create,paib-gpu/openb-pod-6263,5680
5804,create,paib-gpu/openb-pod-0635,5681
5805,create,paib-gpu/openb-pod-7549,5682
5806,create,paib-gpu/openb-pod-0457,5683
5807,create,paib-gpu/openb-pod-2845,5684
5808,create,paib-gpu/openb-pod-8075,5685
5809,create,paib-gpu/openb-pod-8019,5686
5810,create,paib-gpu/openb-pod-8148,5687
5811,create,paib-gpu/openb-pod-1464,5688
5812,create,paib-gpu/openb-pod-5949,5689
5813,create,paib-gpu/openb-pod-2111,5690
5814,create,paib-gpu/openb-pod-0870,5691
5815,create,paib-gpu/openb-pod-0572,5692
5816,create,paib-gpu/openb-pod-0703,5693
5817,create,paib-gpu/openb-pod-1742,5694
5818,create,paib-gpu/openb-pod-5540,5695
5819,create,paib-gpu/openb-pod-6464,5696
5820,create,paib-gpu/openb-pod-2286,5697
5821,create,paib-gpu/openb-pod-5333,5698
5822,create,paib-gpu/openb-pod-3949,5699
5823,create,paib-gpu/openb-pod-5188,5700
5824,failed,paib-gpu/openb-pod-4283,5700
5825,create,paib-gpu/openb-pod-6556,5701
5826,create,paib-gpu/openb-pod-4822,5702
5827,create,paib-gpu/openb-pod-5221,5703
5828,create,paib-gpu/openb-pod-6479,5704
5829,create,paib-gpu/openb-pod-4478,5705
5830,create,paib-gpu/openb-pod-0390,5706
5831,create,paib-gpu/openb-pod-2502,5707
5832,create,paib-gpu/openb-pod-6492,5708
5833,create,paib-gpu/openb-pod-0278,5709
5834,create,paib-gpu/openb-pod-1869,5710
5835,create,paib-gpu/openb-pod-0376,5711
5836,create,paib-gpu/openb-pod-5312,5712
5837,create,paib-gpu/openb-pod-1440,5713
5838,create,paib-gpu/openb-pod-2439,5714
5839,create,paib-gpu/openb-pod-0523,5715
5840,create,paib-gpu/openb-pod-0959,5716
5841,create,paib-gpu/openb-pod-2887,5717
5842,failed,paib-gpu/openb-pod-4152,5717
5843,create,paib-gpu/openb-pod-5814,5718
5844,create,paib-gpu/openb-pod-7784,5719
5845,create,paib-gpu/openb-pod-7737,5720
5846,create,paib-gpu/openb-pod-2934,5721
5847,create,paib-gpu/openb-pod-3772,5722
5848,create,paib-gpu/openb-pod-7968,5723
5849,create,paib-gpu/openb-pod-6741,5724
5850,create,paib-gpu/openb-pod-4312,5725
5851,create,paib-gpu/openb-pod-3134,5726
5852,create,paib-gpu/openb-pod-4856,5727
5853,create,paib-gpu/openb-pod-2302,5728
5854,create,paib-gpu/openb-pod-2794,5729
5855,create,paib-gpu/openb-pod-3783,5730
5856,create,paib-gpu/openb-pod-2339,5731
5857,create,paib-gpu/openb-pod-6403,5732
5858,create,paib-gpu/openb-pod-4942,5733
5859,failed,paib-gpu/openb-pod-5138,5733
5860,create,paib-gpu/openb-pod-2885,5734
5861,failed,paib-gpu/openb-pod-5938,5734
5862,create,paib-gpu/openb-pod-6794,5735
5863,create,paib-gpu/openb-pod-6023,5736
5864,create,paib-gpu/openb-pod-3829,5737
5865,create,paib-gpu/openb-pod-0748,5738
5866,create,paib-gpu/openb-pod-0716,5739
5867,create,paib-gpu/openb-pod-5612,5740
5868,create,paib-gpu/openb-pod-8044,5741
5869,create,paib-gpu/openb-pod-2073,5742
5870,create,paib-gpu/openb-pod-5259,5743
5871,create,paib-gpu/openb-pod-1871,5744
5872,create,paib-gpu/openb-pod-6779,5745
5873,create,paib-gpu/openb-pod-7858,5746
5874,create,paib-gpu/openb-pod-4797,5747
5875,create,paib-gpu/openb-pod-3779,5748
5876,create,paib-gpu/openb-pod-7560,5749
5877,create,paib-gpu/openb-pod-5661,5750
5878,create,paib-gpu/openb-pod-8127,5751
5879,create,paib-gpu/openb-pod-6440,5752
5880,create,paib-gpu/openb-pod-2311,5753
5881,create,paib-gpu/openb-pod-4701,5754
5882,create,paib-gpu/openb-pod-7528,5755
5883,create,paib-gpu/openb-pod-5061,5756
5884,create,paib-gpu/openb-pod-6848,5757
5885,create,paib-gpu/openb-pod-1184,5758
5886,create,paib-gpu/openb-pod-7524,5759
5887,create,paib-gpu/openb-pod-8105,5760
5888,create,paib-gpu/openb-pod-7392,5761
5889,create,paib-gpu/openb-pod-5781,5762
5890,create,paib-gpu/openb-pod-6243,5763
5891,create,paib-gpu/openb-pod-2144,5764
5892,create,paib-gpu/openb-pod-5550,5765
5893,create,paib-gpu/openb-pod-7285,5766
5894,create,paib-gpu/openb-pod-4450,5767
5895,create,paib-gpu/openb-pod-5682,5768
5896,create,paib-gpu/openb-pod-2145,5769
5897,create,paib-gpu/openb-pod-0063,5770
5898,create,paib-gpu/openb-pod-7860,5771
5899,create,paib-gpu/openb-pod-5480,5772
5900,create,paib-gpu/openb-pod-3808,5773
5901,create,paib-gpu/openb-pod-3187,5774
5902,create,paib-gpu/openb-pod-1053,5775
5903,create,paib-gpu/openb-pod-2811,5776
5904,create,paib-gpu/openb-pod-4815,5777
5905,failed,paib-gpu/openb-pod-7341,5777
5906,create,paib-gpu/openb-pod-7072,5778
5907,create,paib-gpu/openb-pod-6071,5779
5908,create,paib-gpu/openb-pod-1641,5780
5909,create,paib-gpu/openb-pod-2920,5781
5910,create,paib-gpu/openb-pod-4307,5782
5911,create,paib-gpu/openb-pod-1504,5783
5912,create,paib-gpu/openb-pod-2604,5784
5913,failed,paib-gpu/openb-pod-7655,5784
5914,create,paib-gpu/openb-pod-1771,5785
5915,create,paib-gpu/openb-pod-4026,5786
5916,failed,paib-gpu/openb-pod-4056,5786
5917,create,paib-gpu/openb-pod-4690,5787
5918,create,paib-gpu/openb-pod-8074,5788
5919,create,paib-gpu/openb-pod-7114,5789
5920,failed,paib-gpu/openb-pod-0325,5789
5921,create,paib-gpu/openb-pod-2536,5790
5922,failed,paib-gpu/openb-pod-1236,5790
5923,create,paib-gpu/openb-pod-5950,5791
5924,create,paib-gpu/openb-pod-3316,5792
5925,create,paib-gpu/openb-pod-2851,5793
5926,create,paib-gpu/openb-pod-2834,5794
5927,create,paib-gpu/openb-pod-6239,5795
5928,create,paib-gpu/openb-pod-3916,5796
5929,create,paib-gpu/openb-pod-4223,5797
5930,create,paib-gpu/openb-pod-5176,5798
5931,create,paib-gpu/openb-pod-1032,5799
5932,create,paib-gpu/openb-pod-7697,5800
5933,create,paib-gpu/openb-pod-2376,5801
5934,failed,paib-gpu/openb-pod-2021,5801
5935,create,paib-gpu/openb-pod-0648,5802
5936,create,paib-gpu/openb-pod-5948,5803
5937,create,paib-gpu/openb-pod-5151,5804
5938,create,paib-gpu/openb-pod-4200,5805
5939,create,paib-gpu/openb-pod-3617,5806
5940,failed,paib-gpu/openb-pod-6430,5806
5941,create,paib-gpu/openb-pod-6266,5807
5942,create,paib-gpu/openb-pod-6954,5808
5943,create,paib-gpu/openb-pod-4067,5809
5944,create,paib-gpu/openb-pod-3527,5810
5945,create,paib-gpu/openb-pod-6839,5811
5946,create,paib-gpu/openb-pod-4147,5812
5947,create,paib-gpu/openb-pod-2668,5813
5948,create,paib-gpu/openb-pod-0781,5814
5949,create,paib-gpu/openb-pod-4589,5815
5950,failed,paib-gpu/openb-pod-0183,5815
5951,failed,paib-gpu/openb-pod-1346,5815
5952,create,paib-gpu/openb-pod-5563,5816
5953,create,paib-gpu/openb-pod-1887,5817
5954,create,paib-gpu/openb-pod-5065,5818
5955,create,paib-gpu/openb-pod-5922,5819
5956,create,paib-gpu/openb-pod-4203,5820
5957,create,paib-gpu/openb-pod-7953,5821
5958,create,paib-gpu/openb-pod-7866,5822
5959,create,paib-gpu/openb-pod-5060,5823
5960,create,paib-gpu/openb-pod-4313,5824
5961,create,paib-gpu/openb-pod-4250,5825
5962,create,paib-gpu/openb-pod-8039,5826
5963,create,paib-gpu/openb-pod-4168,5827
5964,create,paib-gpu/openb-pod-6966,5828
5965,create,paib-gpu/openb-pod-4662,5829
5966,create,paib-gpu/openb-pod-6304,5830
5967,create,paib-gpu/openb-pod-7592,5831
5968,create,paib-gpu/openb-pod-1478,5832
5969,create,paib-gpu/openb-pod-4022,5833
5970,create,paib-gpu/openb-pod-3917,5834
5971,create,paib-gpu/openb-pod-2726,5835
5972,create,paib-gpu/openb-pod-0132,5836
5973,failed,paib-gpu/openb-pod-4388,5836
5974,create,paib-gpu/openb-pod-6279,5837
5975,create,paib-gpu/openb-pod-4481,5838
5976,create,paib-gpu/openb-pod-5366,5839
5977,create,paib-gpu/openb-pod-3870,5840
5978,create,paib-gpu/openb-pod-2902,5841
5979,create,paib-gpu/openb-pod-3423,5842
5980,create,paib-gpu/openb-pod-0845,5843
5981,create,paib-gpu/openb-pod-0840,5844
5982,failed,paib-gpu/openb-pod-1179,5844
5983,create,paib-gpu/openb-pod-6820,5845
5984,create,paib-gpu/openb-pod-4075,5846
5985,create,paib-gpu/openb-pod-6320,5847
5986,create,paib-gpu/openb-pod-7132,5848
5987,create,paib-gpu/openb-pod-4568,5849
5988,create,paib-gpu/openb-pod-5293,5850
5989,create,paib-gpu/openb-pod-6224,5851
5990,create,paib-gpu/openb-pod-6498,5852
5991,create,paib-gpu/openb-pod-5963,5853
5992,create,paib-gpu/openb-pod-2323,5854
5993,create,paib-gpu/openb-pod-0204,5855
5994,create,paib-gpu/openb-pod-1626,5856
5995,create,paib-gpu/openb-pod-3828,5857
5996,create,paib-gpu/openb-pod-3574,5858
5997,create,paib-gpu/openb-pod-7351,5859
5998,create,paib-gpu/openb-pod-8025,5860
5999,create,paib-gpu/openb-pod-1979,5861
6000,create,paib-gpu/openb-pod-2417,5862
6001,create,paib-gpu/openb-pod-2586,5863
6002,create,paib-gpu/openb-pod-2102,5864
6003,create,paib-gpu/openb-pod-7482,5865
6004,create,paib-gpu/openb-pod-3028,5866
6005,create,paib-gpu/openb-pod-7623,5867
6006,create,paib-gpu/openb-pod-6932,5868
6007,create,paib-gpu/openb-pod-6262,5869
6008,create,paib-gpu/openb-pod-6457,5870
6009,create,paib-gpu/openb-pod-2921,5871
6010,create,paib-gpu/openb-pod-4944,5872
6011,create,paib-gpu/openb-pod-3708,5873
6012,create,paib-gpu/openb-pod-0550,5874
6013,create,paib-gpu/openb-pod-5041,5875
6014,create,paib-gpu/openb-pod-7224,5876
6015,create,paib-gpu/openb-pod-3259,5877
6016,create,paib-gpu/openb-pod-6384,5878
6017,create,paib-gpu/openb-pod-3529,5879
6018,create,paib-gpu/openb-pod-2315,5880
6019,create,paib-gpu/openb-pod-4658,5881
6020,create,paib-gpu/openb-pod-7755,5882
6021,create,paib-gpu/openb-pod-5175,5883
6022,create,paib-gpu/openb-pod-4969,5884
6023,create,paib-gpu/openb-pod-6483,5885
6024,create,paib-gpu/openb-pod-5789,5886
6025,create,paib-gpu/openb-pod-3868,5887
6026,create,paib-gpu/openb-pod-4629,5888
6027,create,paib-gpu/openb-pod-1683,5889
6028,failed,paib-gpu/openb-pod-2177,5889
6029,failed,paib-gpu/openb-pod-1155,5889
6030,failed,paib-gpu/openb-pod-1461,5889
6031,create,paib-gpu/openb-pod-4228,5890
6032,create,paib-gpu/openb-pod-1931,5891
6033,create,paib-gpu/openb-pod-0049,5892
6034,create,paib-gpu/openb-pod-6749,5893
6035,create,paib-gpu/openb-pod-5165,5894
6036,create,paib-gpu/openb-pod-0449,5895
6037,create,paib-gpu/openb-pod-2576,5896
6038,create,paib-gpu/openb-pod-3248,5897
6039,create,paib-gpu/openb-pod-1700,5898
6040,create,paib-gpu/openb-pod-6416,5899
6041,create,paib-gpu/openb-pod-4309,5900
6042,create,paib-gpu/openb-pod-7495,5901
6043,create,paib-gpu/openb-pod-4188,5902
6044,create,paib-gpu/openb-pod-6179,5903
6045,create,paib-gpu/openb-pod-6020,5904
6046,create,paib-gpu/openb-pod-3871,5905
6047,failed,paib-gpu/openb-pod-3006,5905
6048,failed,paib-gpu/openb-pod-5335,5905
6049,create,paib-gpu/openb-pod-3569,5906
6050,create,paib-gpu/openb-pod-5063,5907
6051,create,paib-gpu/openb-pod-0091,5908
6052,create,paib-gpu/openb-pod-4331,5909
6053,create,paib-gpu/openb-pod-7932,5910
6054,create,paib-gpu/openb-pod-5816,5911
6055,create,paib-gpu/openb-pod-7358,5912
6056,create,paib-gpu/openb-pod-4842,5913
6057,create,paib-gpu/openb-pod-6366,5914
6058,create,paib-gpu/openb-pod-5536,5915
6059,create,paib-gpu/openb-pod-0563,5916
6060,create,paib-gpu/openb-pod-7593,5917
6061,create,paib-gpu/openb-pod-5840,5918
6062,create,paib-gpu/openb-pod-1942,5919
6063,create,paib-gpu/openb-pod-5996,5920
6064,create,paib-gpu/openb-pod-2438,5921
6065,create,paib-gpu/openb-pod-5405,5922
6066,create,paib-gpu/openb-pod-2317,5923
6067,create,paib-gpu/openb-pod-3046,5924
6068,create,paib-gpu/openb-pod-3751,5925
6069,create,paib-gpu/openb-pod-0846,5926
6070,create,paib-gpu/openb-pod-4010,5927
6071,create,paib-gpu/openb-pod-0330,5928
6072,create,paib-gpu/openb-pod-2018,5929
6073,failed,paib-gpu/openb-pod-3200,5929
6074,create,paib-gpu/openb-pod-6775,5930
6075,create,paib-gpu/openb-pod-3672,5931
6076,create,paib-gpu/openb-pod-2275,5932
6077,create,paib-gpu/openb-pod-3323,5933
6078,create,paib-gpu/openb-pod-5783,5934
6079,create,paib-gpu/openb-pod-5046,5935
6080,failed,paib-gpu/openb-pod-5071,5935
6081,create,paib-gpu/openb-pod-1286,5936
6082,failed,paib-gpu/openb-pod-5508,5936
6083,create,paib-gpu/openb-pod-1884,5937
6084,create,paib-gpu/openb-pod-7878,5938
6085,create,paib-gpu/openb-pod-7151,5939
6086,create,paib-gpu/openb-pod-5086,5940
6087,create,paib-gpu/openb-pod-5691,5941
6088,create,paib-gpu/openb-pod-5742,5942
6089,create,paib-gpu/openb-pod-3486,5943
6090,create,paib-gpu/openb-pod-5873,5944
6091,create,paib-gpu/openb-pod-0739,5945
6092,create,paib-gpu/openb-pod-6360,5946
6093,create,paib-gpu/openb-pod-5266,5947
6094,create,paib-gpu/openb-pod-1670,5948
6095,create,paib-gpu/openb-pod-5951,5949
6096,create,paib-gpu/openb-pod-2914,5950
6097,create,paib-gpu/openb-pod-5045,5951
6098,create,paib-gpu/openb-pod-6636,5952
6099,create,paib-gpu/openb-pod-3338,5953
6100,failed,paib-gpu/openb-pod-1911,5953
6101,create,paib-gpu/openb-pod-7983,5954
6102,create,paib-gpu/openb-pod-4054,5955
6103,failed,paib-gpu/openb-pod-6333,5955
6104,create,paib-gpu/openb-pod-3495,5956
6105,create,paib-gpu/openb-pod-4089,5957
6106,create,paib-gpu/openb-pod-2512,5958
6107,create,paib-gpu/openb-pod-0348,5959
6108,create,paib-gpu/openb-pod-2755,5960
6109,create,paib-gpu/openb-pod-5579,5961
6110,create,paib-gpu/openb-pod-4149,5962
6111,create,paib-gpu/openb-pod-1651,5963
6112,failed,paib-gpu/openb-pod-5971,5963
6113,create,paib-gpu/openb-pod-0217,5964
6114,create,paib-gpu/openb-pod-4397,5965
6115,create,paib-gpu/openb-pod-7523,5966
6116,create,paib-gpu/openb-pod-7622,5967
6117,create,paib-gpu/openb-pod-4890,5968
6118,failed,paib-gpu/openb-pod-7618,5968
6119,create,paib-gpu/openb-pod-6454,5969
6120,create,paib-gpu/openb-pod-0509,5970
6121,create,paib-gpu/openb-pod-3619,5971
6122,create,paib-gpu/openb-pod-7624,5972
6123,create,paib-gpu/openb-pod-6970,5973
6124,failed,paib-gpu/openb-pod-7162,5973
6125,create,paib-gpu/openb-pod-2648,5974
6126,create,paib-gpu/openb-pod-2739,5975
6127,create,paib-gpu/openb-pod-4079,5976
6128,create,paib-gpu/openb-pod-2011,5977
6129,create,paib-gpu/openb-pod-5520,5978
6130,create,paib-gpu/openb-pod-5590,5979
6131,create,paib-gpu/openb-pod-0307,5980
6132,create,paib-gpu/openb-pod-1325,5981
6133,create,paib-gpu/openb-pod-1501,5982
6134,create,paib-gpu/openb-pod-2156,5983
6135,failed,paib-gpu/openb-pod-1968,5983
6136,create,paib-gpu/openb-pod-1932,5984
6137,create,paib-gpu/openb-pod-2192,5985
6138,create,paib-gpu/openb-pod-1882,5986
6139,create,paib-gpu/openb-pod-3943,5987
6140,create,paib-gpu/openb-pod-4710,5988
6141,create,paib-gpu/openb-pod-5392,5989
6142,create,paib-gpu/openb-pod-1198,5990
6143,create,paib-gpu/openb-pod-0977,5991
6144,create,paib-gpu/openb-pod-0228,5992
6145,create,paib-gpu/openb-pod-5891,5993
6146,create,paib-gpu/openb-pod-5268,5994
6147,create,paib-gpu/openb-pod-4456,5995
6148,create,paib-gpu/openb-pod-1506,5996
6149,create,paib-gpu/openb-pod-2420,5997
6150,create,paib-gpu/openb-pod-2167,5998
6151,failed,paib-gpu/openb-pod-3524,5998
6152,create,paib-gpu/openb-pod-3460,5999
6153,create,paib-gpu/openb-pod-0672,6000
6154,create,paib-gpu/openb-pod-6103,6001
6155,create,paib-gpu/openb-pod-3994,6002
6156,create,paib-gpu/openb-pod-6035,6003
6157,create,paib-gpu/openb-pod-3953,6004
6158,create,paib-gpu/openb-pod-0048,6005
6159,create,paib-gpu/openb-pod-2007,6006
6160,create,paib-gpu/openb-pod-6651,6007
6161,create,paib-gpu/openb-pod-1497,6008
6162,create,paib-gpu/openb-pod-5625,6009
6163,create,paib-gpu/openb-pod-2723,6010
6164,create,paib-gpu/openb-pod-5032,6011
6165,create,paib-gpu/openb-pod-3188,6012
6166,create,paib-gpu/openb-pod-4327,6013
6167,create,paib-gpu/openb-pod-5670,6014
6168,create,paib-gpu/openb-pod-1739,6015
6169,create,paib-gpu/openb-pod-0502,6016
6170,create,paib-gpu/openb-pod-0093,6017
6171,create,paib-gpu/openb-pod-8055,6018
6172,failed,paib-gpu/openb-pod-4349,6018
6173,create,paib-gpu/openb-pod-7636,6019
6174,create,paib-gpu/openb-pod-0514,6020
6175,create,paib-gpu/openb-pod-0088,6021
6176,create,paib-gpu/openb-pod-3765,6022
6177,create,paib-gpu/openb-pod-2220,6023
6178,create,paib-gpu/openb-pod-5076,6024
6179,create,paib-gpu/openb-pod-5511,6025
6180,create,paib-gpu/openb-pod-3478,6026
6181,create,paib-gpu/openb-pod-4720,6027
6182,create,paib-gpu/openb-pod-4899,6028
6183,create,paib-gpu/openb-pod-8118,6029
6184,create,paib-gpu/openb-pod-4244,6030
6185,create,paib-gpu/openb-pod-5358,6031
6186,create,paib-gpu/openb-pod-4386,6032
6187,create,paib-gpu/openb-pod-5191,6033
6188,create,paib-gpu/openb-pod-4753,6034
6189,create,paib-gpu/openb-pod-2423,6035
6190,failed,paib-gpu/openb-pod-4653,6035
6191,create,paib-gpu/openb-pod-5351,6036
6192,create,paib-gpu/openb-pod-1375,6037
6193,create,paib-gpu/openb-pod-1539,6038
6194,create,paib-gpu/openb-pod-7742,6039
6195,create,paib-gpu/openb-pod-6921,6040
6196,create,paib-gpu/openb-pod-7543,6041
6197,create,paib-gpu/openb-pod-3420,6042
6198,create,paib-gpu/openb-pod-3480,6043
6199,create,paib-gpu/openb-pod-4502,6044
6200,create,paib-gpu/openb-pod-1046,6045
6201,create,paib-gpu/openb-pod-3047,6046
6202,create,paib-gpu/openb-pod-6447,6047
6203,create,paib-gpu/openb-pod-4866,6048
6204,create,paib-gpu/openb-pod-4646,6049
6205,failed,paib-gpu/openb-pod-2234,6049
6206,create,paib-gpu/openb-pod-7272,6050
6207,create,paib-gpu/openb-pod-6578,6051
6208,create,paib-gpu/openb-pod-1470,6052
6209,create,paib-gpu/openb-pod-5516,6053
6210,create,paib-gpu/openb-pod-5818,6054
6211,failed,paib-gpu/openb-pod-7696,6054
6212,create,paib-gpu/openb-pod-6159,6055
6213,create,paib-gpu/openb-pod-3757,6056
6214,failed,paib-gpu/openb-pod-6313,6056
6215,create,paib-gpu/openb-pod-6125,6057
6216,create,paib-gpu/openb-pod-0877,6058
6217,create,paib-gpu/openb-pod-8028,6059
6218,create,paib-gpu/openb-pod-2778,6060
6219,create,paib-gpu/openb-pod-1277,6061
6220,create,paib-gpu/openb-pod-5189,6062
6221,create,paib-gpu/openb-pod-2313,6063
6222,create,paib-gpu/openb-pod-4999,6064
6223,create,paib-gpu/openb-pod-7104,6065
6224,create,paib-gpu/openb-pod-2213,6066
6225,create,paib-gpu/openb-pod-3946,6067
6226,create,paib-gpu/openb-pod-6648,6068
6227,create,paib-gpu/openb-pod-2468,6069
6228,create,paib-gpu/openb-pod-7739,6070
6229,create,paib-gpu/openb-pod-6645,6071
6230,failed,paib-gpu/openb-pod-7875,6071
6231,create,paib-gpu/openb-pod-4755,6072
6232,create,paib-gpu/openb-pod-7743,6073
6233,create,paib-gpu/openb-pod-3092,6074
6234,create,paib-gpu/openb-pod-7704,6075
6235,create,paib-gpu/openb-pod-0642,6076
6236,create,paib-gpu/openb-pod-5402,6077
6237,create,paib-gpu/openb-pod-1582,6078
6238,create,paib-gpu/openb-pod-3877,6079
6239,create,paib-gpu/openb-pod-6322,6080
6240,create,paib-gpu/openb-pod-1104,6081
6241,create,paib-gpu/openb-pod-1555,6082
6242,create,paib-gpu/openb-pod-1907,6083
6243,create,paib-gpu/openb-pod-5561,6084
6244,create,paib-gpu/openb-pod-2864,6085
6245,create,paib-gpu/openb-pod-5555,6086
6246,create,paib-gpu/openb-pod-1623,6087
6247,create,paib-gpu/openb-pod-1308,6088
6248,create,paib-gpu/openb-pod-4428,6089
6249,create,paib-gpu/openb-pod-1529,6090
6250,failed,paib-gpu/openb-pod-2917,6090
6251,create,paib-gpu/openb-pod-6523,6091
6252,create,paib-gpu/openb-pod-1963,6092
6253,create,paib-gpu/openb-pod-0192,6093
6254,create,paib-gpu/openb-pod-7127,6094
6255,create,paib-gpu/openb-pod-3892,6095
6256,create,paib-gpu/openb-pod-5183,6096
6257,create,paib-gpu/openb-pod-4282,6097
6258,create,paib-gpu/openb-pod-0005,6098
6259,create,paib-gpu/openb-pod-7862,6099
6260,create,paib-gpu/openb-pod-1977,6100
6261,create,paib-gpu/openb-pod-6462,6101
6262,create,paib-gpu/openb-pod-6486,6102
6263,create,paib-gpu/openb-pod-2267,6103
6264,create,paib-gpu/openb-pod-5345,6104
6265,failed,paib-gpu/openb-pod-3530,6104
6266,create,paib-gpu/openb-pod-0353,6105
6267,create,paib-gpu/openb-pod-7648,6106
6268,create,paib-gpu/openb-pod-3867,6107
6269,create,paib-gpu/openb-pod-1526,6108
6270,create,paib-gpu/openb-pod-1961,6109
6271,create,paib-gpu/openb-pod-4847,6110
6272,create,paib-gpu/openb-pod-7018,6111
6273,create,paib-gpu/openb-pod-6307,6112
6274,create,paib-gpu/openb-pod-6786,6113
6275,failed,paib-gpu/openb-pod-5708,6113
6276,create,paib-gpu/openb-pod-7961,6114
6277,create,paib-gpu/openb-pod-5571,6115
6278,create,paib-gpu/openb-pod-0899,6116
6279,create,paib-gpu/openb-pod-6906,6117
6280,create,paib-gpu/openb-pod-4460,6118
6281,create,paib-gpu/openb-pod-3545,6119
6282,failed,paib-gpu/openb-pod-1943,6119
6283,create,paib-gpu/openb-pod-7029,6120
6284,create,paib-gpu/openb-pod-7069,6121
6285,create,paib-gpu/openb-pod-0317,6122
6286,create,paib-gpu/openb-pod-5273,6123
6287,create,paib-gpu/openb-pod-1028,6124
6288,create,paib-gpu/openb-pod-2919,6125
6289,create,paib-gpu/openb-pod-5697,6126
6290,create,paib-gpu/openb-pod-2935,6127
6291,create,paib-gpu/openb-pod-4574,6128
6292,create,paib-gpu/openb-pod-5456,6129
6293,create,paib-gpu/openb-pod-7342,6130
6294,create,paib-gpu/openb-pod-2456,6131
6295,create,paib-gpu/openb-pod-1063,6132
6296,create,paib-gpu/openb-pod-1536,6133
6297,create,paib-gpu/openb-pod-2440,6134
6298,create,paib-gpu/openb-pod-1454,6135
6299,create,paib-gpu/openb-pod-6935,6136
6300,create,paib-gpu/openb-pod-4072,6137
6301,create,paib-gpu/openb-pod-5654,6138
6302,create,paib-gpu/openb-pod-7276,6139
6303,create,paib-gpu/openb-pod-3111,6140
6304,create,paib-gpu/openb-pod-4191,6141
6305,create,paib-gpu/openb-pod-1384,6142
6306,create,paib-gpu/openb-pod-7619,6143
6307,create,paib-gpu/openb-pod-3896,6144
6308,create,paib-gpu/openb-pod-0148,6145
6309,create,paib-gpu/openb-pod-1469,6146
6310,failed,paib-gpu/openb-pod-1639,6146
6311,create,paib-gpu/openb-pod-6829,6147
6312,create,paib-gpu/openb-pod-3138,6148
6313,create,paib-gpu/openb-pod-1313,6149
6314,create,paib-gpu/openb-pod-5368,6150
6315,create,paib-gpu/openb-pod-6198,6151
6316,create,paib-gpu/openb-pod-1079,6152
6317,create,paib-gpu/openb-pod-2347,6153
6318,create,paib-gpu/openb-pod-3069,6154
6319,create,paib-gpu/openb-pod-8070,6155
6320,create,paib-gpu/openb-pod-8120,6156
6321,failed,paib-gpu/openb-pod-1468,6156
6322,create,paib-gpu/openb-pod-0066,6157
6323,create,paib-gpu/openb-pod-7513,6158
6324,create,paib-gpu/openb-pod-7404,6159
6325,create,paib-gpu/openb-pod-2575,6160
6326,create,paib-gpu/openb-pod-5403,6161
6327,create,paib-gpu/openb-pod-0374,6162
6328,create,paib-gpu/openb-pod-4454,6163
6329,create,paib-gpu/openb-pod-7360,6164
6330,create,paib-gpu/openb-pod-7139,6165
6331,create,paib-gpu/openb-pod-3433,6166
6332,create,paib-gpu/openb-pod-0659,6167
6333,create,paib-gpu/openb-pod-1062,6168
6334,create,paib-gpu/openb-pod-6429,6169
6335,create,paib-gpu/openb-pod-0867,6170
6336,create,paib-gpu/openb-pod-2221,6171
6337,create,paib-gpu/openb-pod-6604,6172
6338,create,paib-gpu/openb-pod-0762,6173
6339,create,paib-gpu/openb-pod-7145,6174
6340,create,paib-gpu/openb-pod-6026,6175
6341,create,paib-gpu/openb-pod-1097,6176
6342,create,paib-gpu/openb-pod-3319,6177
6343,create,paib-gpu/openb-pod-7419,6178
6344,create,paib-gpu/openb-pod-6894,6179
6345,create,paib-gpu/openb-pod-5506,6180
6346,create,paib-gpu/openb-pod-0230,6181
6347,failed,paib-gpu/openb-pod-5864,6181
6348,create,paib-gpu/openb-pod-0296,6182
6349,create,paib-gpu/openb-pod-5105,6183
6350,create,paib-gpu/openb-pod-2130,6184
6351,create,paib-gpu/openb-pod-0116,6185
6352,create,paib-gpu/openb-pod-7269,6186
6353,create,paib-gpu/openb-pod-6412,6187
6354,create,paib-gpu/openb-pod-1867,6188
6355,create,paib-gpu/openb-pod-4615,6189
6356,create,paib-gpu/openb-pod-5502,6190
6357,create,paib-gpu/openb-pod-2331,6191
6358,create,paib-gpu/openb-pod-7681,6192
6359,create,paib-gpu/openb-pod-1118,6193
6360,create,paib-gpu/openb-pod-3821,6194
6361,create,paib-gpu/openb-pod-0119,6195
6362,create,paib-gpu/openb-pod-4411,6196
6363,create,paib-gpu/openb-pod-0225,6197
6364,failed,paib-gpu/openb-pod-3670,6197
6365,create,paib-gpu/openb-pod-1484,6198
6366,create,paib-gpu/openb-pod-7585,6199
6367,create,paib-gpu/openb-pod-2784,6200
6368,create,paib-gpu/openb-pod-5883,6201
6369,create,paib-gpu/openb-pod-1496,6202
6370,create,paib-gpu/openb-pod-4407,6203
6371,create,paib-gpu/openb-pod-4227,6204
6372,create,paib-gpu/openb-pod-4352,6205
6373,create,paib-gpu/openb-pod-3032,6206
6374,create,paib-gpu/openb-pod-2375,6207
6375,create,paib-gpu/openb-pod-0600,6208
6376,create,paib-gpu/openb-pod-3270,6209
6377,create,paib-gpu/openb-pod-8071,6210
6378,create,paib-gpu/openb-pod-1764,6211
6379,create,paib-gpu/openb-pod-4533,6212
6380,create,paib-gpu/openb-pod-7990,6213
6381,create,paib-gpu/openb-pod-2527,6214
6382,create,paib-gpu/openb-pod-4683,6215
6383,create,paib-gpu/openb-pod-7344,6216
6384,create,paib-gpu/openb-pod-1304,6217
6385,create,paib-gpu/openb-pod-2123,6218
6386,create,paib-gpu/openb-pod-6535,6219
6387,failed,paib-gpu/openb-pod-7204,6219
6388,create,paib-gpu/openb-pod-2691,6220
6389,create,paib-gpu/openb-pod-0612,6221
6390,create,paib-gpu/openb-pod-6573,6222
6391,create,paib-gpu/openb-pod-1231,6223
6392,create,paib-gpu/openb-pod-0894,6224
6393,create,paib-gpu/openb-pod-0614,6225
6394,create,paib-gpu/openb-pod-6112,6226
6395,create,paib-gpu/openb-pod-3422,6227
6396,failed,paib-gpu/openb-pod-0094,6227
6397,create,paib-gpu/openb-pod-3315,6228
6398,create,paib-gpu/openb-pod-0098,6229
6399,create,paib-gpu/openb-pod-4939,6230
6400,create,paib-gpu/openb-pod-6129,6231
6401,create,paib-gpu/openb-pod-5450,6232
6402,create,paib-gpu/openb-pod-2751,6233
6403,create,paib-gpu/openb-pod-0260,6234
6404,create,paib-gpu/openb-pod-3846,6235
6405,failed,paib-gpu/openb-pod-0639,6235
6406,failed,paib-gpu/openb-pod-7767,6235
6407,create,paib-gpu/openb-pod-6497,6236
6408,create,paib-gpu/openb-pod-5778,6237
6409,create,paib-gpu/openb-pod-5589,6238
6410,failed,paib-gpu/openb-pod-0104,6238
6411,create,paib-gpu/openb-pod-3608,6239
6412,create,paib-gpu/openb-pod-4981,6240
6413,create,paib-gpu/openb-pod-1595,6241
6414,create,paib-gpu/openb-pod-4208,6242
6415,create,paib-gpu/openb-pod-5937,6243
6416,create,paib-gpu/openb-pod-2832,6244
6417,create,paib-gpu/openb-pod-4824,6245
6418,create,paib-gpu/openb-pod-6110,6246
6419,create,paib-gpu/openb-pod-5658,6247
6420,create,paib-gpu/openb-pod-3386,6248
6421,create,paib-gpu/openb-pod-1380,6249
6422,create,paib-gpu/openb-pod-0998,6250
6423,create,paib-gpu/openb-pod-3522,6251
6424,create,paib-gpu/openb-pod-2153,6252
6425,create,paib-gpu/openb-pod-5338,6253
6426,create,paib-gpu/openb-pod-3342,6254
6427,create,paib-gpu/openb-pod-3397,6255
6428,create,paib-gpu/openb-pod-4127,6256
6429,create,paib-gpu/openb-pod-4512,6257
6430,create,paib-gpu/openb-pod-2655,6258
6431,create,paib-gpu/openb-pod-5839,6259
6432,create,paib-gpu/openb-pod-1332,6260
6433,create,paib-gpu/openb-pod-1803,6261
6434,create,paib-gpu/openb-pod-3749,6262
6435,create,paib-gpu/openb-pod-0473,6263
6436,create,paib-gpu/openb-pod-0668,6264
6437,create,paib-gpu/openb-pod-5748,6265
6438,create,paib-gpu/openb-pod-6547,6266
6439,create,paib-gpu/openb-pod-7386,6267
6440,create,paib-gpu/openb-pod-4098,6268
6441,failed,paib-gpu/openb-pod-1696,6268
6442,create,paib-gpu/openb-pod-3951,6269
6443,failed,paib-gpu/openb-pod-6424,6269
6444,create,paib-gpu/openb-pod-3659,6270
6445,create,paib-gpu/openb-pod-7780,6271
6446,create,paib-gpu/openb-pod-0727,6272
6447,create,paib-gpu/openb-pod-0829,6273
6448,create,paib-gpu/openb-pod-4998,6274
6449,create,paib-gpu/openb-pod-1418,6275
6450,create,paib-gpu/openb-pod-1334,6276
6451,create,paib-gpu/openb-pod-4334,6277
6452,create,paib-gpu/openb-pod-0960,6278
6453,create,paib-gpu/openb-pod-5869,6279
6454,create,paib-gpu/openb-pod-3626,6280
6455,create,paib-gpu/openb-pod-7234,6281
6456,create,paib-gpu/openb-pod-1426,6282
6457,failed,paib-gpu/openb-pod-0190,6282
6458,failed,paib-gpu/openb-pod-5743,6282
6459,create,paib-gpu/openb-pod-2566,6283
6460,create,paib-gpu/openb-pod-6113,6284
6461,create,paib-gpu/openb-pod-5243,6285
6462,create,paib-gpu/openb-pod-6659,6286
6463,create,paib-gpu/openb-pod-6553,6287
6464,create,paib-gpu/openb-pod-0857,6288
6465,create,paib-gpu/openb-pod-5129,6289
6466,create,paib-gpu/openb-pod-4272,6290
6467,create,paib-gpu/openb-pod-1601,6291
6468,create,paib-gpu/openb-pod-2361,6292
6469,create,paib-gpu/openb-pod-0481,6293
6470,create,paib-gpu/openb-pod-3534,6294
6471,create,paib-gpu/openb-pod-1913,6295
6472,create,paib-gpu/openb-pod-5313,6296
6473,create,paib-gpu/openb-pod-3106,6297
6474,create,paib-gpu/openb-pod-7382,6298
6475,create,paib-gpu/openb-pod-0569,6299
6476,create,paib-gpu/openb-pod-1024,6300
6477,create,paib-gpu/openb-pod-4772,6301
6478,create,paib-gpu/openb-pod-1824,6302
6479,create,paib-gpu/openb-pod-4436,6303
6480,create,paib-gpu/openb-pod-3309,6304
6481,failed,paib-gpu/openb-pod-0594,6304
6482,create,paib-gpu/openb-pod-2581,6305
6483,create,paib-gpu/openb-pod-5049,6306
6484,create,paib-gpu/openb-pod-3960,6307
6485,create,paib-gpu/openb-pod-7510,6308
6486,create,paib-gpu/openb-pod-0872,6309
6487,create,paib-gpu/openb-pod-7062,6310
6488,create,paib-gpu/openb-pod-5241,6311
6489,create,paib-gpu/openb-pod-6747,6312
6490,create,paib-gpu/openb-pod-5711,6313
6491,create,paib-gpu/openb-pod-1544,6314
6492,create,paib-gpu/openb-pod-7625,6315
6493,create,paib-gpu/openb-pod-7921,6316
6494,create,paib-gpu/openb-pod-1072,6317
6495,create,paib-gpu/openb-pod-3034,6318
6496,create,paib-gpu/openb-pod-0446,6319
6497,create,paib-gpu/openb-pod-3263,6320
6498,create,paib-gpu/openb-pod-3559,6321
6499,create,paib-gpu/openb-pod-2760,6322
6500,create,paib-gpu/openb-pod-3884,6323
6501,create,paib-gpu/openb-pod-5432,6324
6502,create,paib-gpu/openb-pod-4433,6325
6503,create,paib-gpu/openb-pod-1836,6326
6504,create,paib-gpu/openb-pod-6475,6327
6505,create,paib-gpu/openb-pod-2793,6328
6506,create,paib-gpu/openb-pod-6963,6329
6507,create,paib-gpu/openb-pod-5130,6330
6508,create,paib-gpu/openb-pod-2973,6331
6509,create,paib-gpu/openb-pod-7551,6332
6510,create,paib-gpu/openb-pod-5642,6333
6511,create,paib-gpu/openb-pod-2969,6334
6512,create,paib-gpu/openb-pod-0050,6335
6513,create,paib-gpu/openb-pod-3385,6336
6514,create,paib-gpu/openb-pod-6735,6337
6515,create,paib-gpu/openb-pod-3350,6338
6516,create,paib-gpu/openb-pod-4573,6339
6517,create,paib-gpu/openb-pod-4148,6340
6518,create,paib-gpu/openb-pod-3703,6341
6519,create,paib-gpu/openb-pod-3744,6342
6520,create,paib-gpu/openb-pod-3739,6343
6521,create,paib-gpu/openb-pod-3003,6344
6522,create,paib-gpu/openb-pod-5953,6345
6523,create,paib-gpu/openb-pod-6774,6346
6524,create,paib-gpu/openb-pod-0267,6347
6525,create,paib-gpu/openb-pod-5163,6348
6526,create,paib-gpu/openb-pod-7763,6349
6527,create,paib-gpu/openb-pod-8143,6350
6528,create,paib-gpu/openb-pod-0035,6351
6529,create,paib-gpu/openb-pod-2499,6352
6530,create,paib-gpu/openb-pod-5727,6353
6531,create,paib-gpu/openb-pod-0052,6354
6532,failed,paib-gpu/openb-pod-6626,6354
6533,create,paib-gpu/openb-pod-7241,6355
6534,create,paib-gpu/openb-pod-5505,6356
6535,create,paib-gpu/openb-pod-1105,6357
6536,create,paib-gpu/openb-pod-3781,6358
6537,create,paib-gpu/openb-pod-0578,6359
6538,create,paib-gpu/openb-pod-6991,6360
6539,create,paib-gpu/openb-pod-2174,6361
6540,create,paib-gpu/openb-pod-7958,6362
6541,create,paib-gpu/openb-pod-0923,6363
6542,create,paib-gpu/openb-pod-5707,6364
6543,create,paib-gpu/openb-pod-1592,6365
6544,create,paib-gpu/openb-pod-6092,6366
6545,create,paib-gpu/openb-pod-2855,6367
6546,create,paib-gpu/openb-pod-4043,6368
6547,create,paib-gpu/openb-pod-5514,6369
6548,create,paib-gpu/openb-pod-5554,6370
6549,create,paib-gpu/openb-pod-4644,6371
6550,create,paib-gpu/openb-pod-3557,6372
6551,create,paib-gpu/openb-pod-2062,6373
6552,create,paib-gpu/openb-pod-1533,6374
6553,create,paib-gpu/openb-pod-3224,6375
6554,failed,paib-gpu/openb-pod-4027,6375
6555,create,paib-gpu/openb-pod-4979,6376
6556,create,paib-gpu/openb-pod-6347,6377
6557,create,paib-gpu/openb-pod-7657,6378
6558,create,paib-gpu/openb-pod-5710,6379
6559,create,paib-gpu/openb-pod-1971,6380
6560,create,paib-gpu/openb-pod-2594,6381
6561,create,paib-gpu/openb-pod-2980,6382
6562,create,paib-gpu/openb-pod-1722,6383
6563,create,paib-gpu/openb-pod-7367,6384
6564,create,paib-gpu/openb-pod-2783,6385
6565,create,paib-gpu/openb-pod-1237,6386
6566,create,paib-gpu/openb-pod-5437,6387
6567,create,paib-gpu/openb-pod-7330,6388
6568,create,paib-gpu/openb-pod-1052,6389
6569,create,paib-gpu/openb-pod-1548,6390
6570,create,paib-gpu/openb-pod-7417,6391
6571,create,paib-gpu/openb-pod-4201,6392
6572,create,paib-gpu/openb-pod-1051,6393
6573,create,paib-gpu/openb-pod-6733,6394
6574,create,paib-gpu/openb-pod-1589,6395
6575,failed,paib-gpu/openb-pod-6566,6395
6576,create,paib-gpu/openb-pod-2421,6396
6577,create,paib-gpu/openb-pod-5035,6397
6578,create,paib-gpu/openb-pod-7940,6398
6579,create,paib-gpu/openb-pod-0873,6399
6580,create,paib-gpu/openb-pod-3124,6400
6581,create,paib-gpu/openb-pod-5357,6401
6582,create,paib-gpu/openb-pod-0270,6402
6583,create,paib-gpu/openb-pod-4300,6403
6584,create,paib-gpu/openb-pod-1189,6404
6585,create,paib-gpu/openb-pod-1176,6405
6586,create,paib-gpu/openb-pod-7727,6406
6587,create,paib-gpu/openb-pod-0728,6407
6588,create,paib-gpu/openb-pod-7152,6408
6589,create,paib-gpu/openb-pod-3789,6409
6590,create,paib-gpu/openb-pod-8053,6410
6591,failed,paib-gpu/openb-pod-6569,6410
6592,create,paib-gpu/openb-pod-4314,6411
6593,create,paib-gpu/openb-pod-4617,6412
6594,create,paib-gpu/openb-pod-7733,6413
6595,create,paib-gpu/openb-pod-3665,6414
6596,create,paib-gpu/openb-pod-1518,6415
6597,create,paib-gpu/openb-pod-6912,6416
6598,create,paib-gpu/openb-pod-0937,6417
6599,create,paib-gpu/openb-pod-7066,6418
6600,create,paib-gpu/openb-pod-7334,6419
6601,create,paib-gpu/openb-pod-3566,6420
6602,create,paib-gpu/openb-pod-7747,6421
6603,create,paib-gpu/openb-pod-2328,6422
6604,create,paib-gpu/openb-pod-1374,6423
6605,create,paib-gpu/openb-pod-5303,6424
6606,create,paib-gpu/openb-pod-6189,6425
6607,create,paib-gpu/openb-pod-5166,6426
6608,create,paib-gpu/openb-pod-4145,6427
6609,create,paib-gpu/openb-pod-2912,6428
6610,create,paib-gpu/openb-pod-5659,6429
6611,failed,paib-gpu/openb-pod-4078,6429
6612,create,paib-gpu/openb-pod-4413,6430
6613,create,paib-gpu/openb-pod-1875,6431
6614,create,paib-gpu/openb-pod-2877,6432
6615,create,paib-gpu/openb-pod-3091,6433
6616,create,paib-gpu/openb-pod-1169,6434
6617,create,paib-gpu/openb-pod-3731,6435
6618,create,paib-gpu/openb-pod-4439,6436
6619,create,paib-gpu/openb-pod-0272,6437
6620,create,paib-gpu/openb-pod-6617,6438
6621,create,paib-gpu/openb-pod-1089,6439
6622,create,paib-gpu/openb-pod-0513,6440
6623,create,paib-gpu/openb-pod-2059,6441
6624,failed,paib-gpu/openb-pod-0794,6441
6625,create,paib-gpu/openb-pod-7738,6442
6626,create,paib-gpu/openb-pod-6009,6443
6627,create,paib-gpu/openb-pod-1180,6444
6628,failed,paib-gpu/openb-pod-3110,6444
6629,create,paib-gpu/openb-pod-7080,6445
6630,create,paib-gpu/openb-pod-3940,6446
6631,create,paib-gpu/openb-pod-7759,6447
6632,create,paib-gpu/openb-pod-2727,6448
6633,create,paib-gpu/openb-pod-3900,6449
6634,create,paib-gpu/openb-pod-4199,6450
6635,failed,paib-gpu/openb-pod-3078,6450
6636,create,paib-gpu/openb-pod-2745,6451
6637,create,paib-gpu/openb-pod-7728,6452
6638,create,paib-gpu/openb-pod-0240,6453
6639,create,paib-gpu/openb-pod-0667,6454
6640,create,paib-gpu/openb-pod-4119,6455
6641,create,paib-gpu/openb-pod-4542,6456
6642,create,paib-gpu/openb-pod-5528,6457
6643,create,paib-gpu/openb-pod-5591,6458
6644,create,paib-gpu/openb-pod-1109,6459
6645,create,paib-gpu/openb-pod-1157,6460
6646,create,paib-gpu/openb-pod-5213,6461
6647,create,paib-gpu/openb-pod-1734,6462
6648,create,paib-gpu/openb-pod-5739,6463
6649,create,paib-gpu/openb-pod-1203,6464
6650,create,paib-gpu/openb-pod-7627,6465
6651,create,paib-gpu/openb-pod-3593,6466
6652,create,paib-gpu/openb-pod-7799,6467
6653,create,paib-gpu/openb-pod-1939,6468
6654,create,paib-gpu/openb-pod-7252,6469
6655,create,paib-gpu/openb-pod-4325,6470
6656,create,paib-gpu/openb-pod-3857,6471
6657,create,paib-gpu/openb-pod-7682,6472
6658,create,paib-gpu/openb-pod-5004,6473
6659,create,paib-gpu/openb-pod-7661,6474
6660,create,paib-gpu/openb-pod-3390,6475
6661,create,paib-gpu/openb-pod-6005,6476
6662,create,paib-gpu/openb-pod-4048,6477
6663,create,paib-gpu/openb-pod-0702,6478
6664,create,paib-gpu/openb-pod-0135,6479
6665,create,paib-gpu/openb-pod-2476,6480
6666,create,paib-gpu/openb-pod-6592,6481
6667,create,paib-gpu/openb-pod-0384,6482
6668,create,paib-gpu/openb-pod-1675,6483
6669,create,paib-gpu/openb-pod-1223,6484
6670,create,paib-gpu/openb-pod-7974,6485
6671,create,paib-gpu/openb-pod-1235,6486
6672,create,paib-gpu/openb-pod-7719,6487
6673,create,paib-gpu/openb-pod-6116,6488
6674,create,paib-gpu/openb-pod-3682,6489
6675,create,paib-gpu/openb-pod-2970,6490
6676,create,paib-gpu/openb-pod-4114,6491
6677,failed,paib-gpu/openb-pod-3767,6491
6678,create,paib-gpu/openb-pod-1467,6492
6679,create,paib-gpu/openb-pod-3104,6493
6680,create,paib-gpu/openb-pod-3277,6494
6681,create,paib-gpu/openb-pod-0646,6495
6682,create,paib-gpu/openb-pod-3726,6496
6683,create,paib-gpu/openb-pod-3812,6497
6684,create,paib-gpu/openb-pod-7336,6498
6685,create,paib-gpu/openb-pod-6238,6499
6686,create,paib-gpu/openb-pod-2152,6500
6687,create,paib-gpu/openb-pod-0334,6501
6688,create,paib-gpu/openb-pod-6137,6502
6689,failed,paib-gpu/openb-pod-1200,6502
6690,create,paib-gpu/openb-pod-7598,6503
6691,create,paib-gpu/openb-pod-6244,6504
6692,create,paib-gpu/openb-pod-3364,6505
6693,create,paib-gpu/openb-pod-4417,6506
6694,create,paib-gpu/openb-pod-2236,6507
6695,create,paib-gpu/openb-pod-7429,6508
6696,create,paib-gpu/openb-pod-5888,6509
6697,create,paib-gpu/openb-pod-6221,6510
6698,create,paib-gpu/openb-pod-3649,6511
6699,create,paib-gpu/openb-pod-6712,6512
6700,create,paib-gpu/openb-pod-6049,6513
6701,create,paib-gpu/openb-pod-5608,6514
6702,create,paib-gpu/openb-pod-0352,6515
6703,create,paib-gpu/openb-pod-7103,6516
6704,create,paib-gpu/openb-pod-0909,6517
6705,create,paib-gpu/openb-pod-5275,6518
6706,create,paib-gpu/openb-pod-6720,6519
6707,create,paib-gpu/openb-pod-7751,6520
6708,create,paib-gpu/openb-pod-2113,6521
6709,create,paib-gpu/openb-pod-3825,6522
6710,failed,paib-gpu/openb-pod-7196,6522
6711,create,paib-gpu/openb-pod-0969,6523
6712,failed,paib-gpu/openb-pod-2639,6523
6713,create,paib-gpu/openb-pod-7030,6524
6714,create,paib-gpu/openb-pod-2759,6525
6715,create,paib-gpu/openb-pod-0369,6526
6716,create,paib-gpu/openb-pod-1205,6527
6717,create,paib-gpu/openb-pod-1107,6528
6718,create,paib-gpu/openb-pod-0442,6529
6719,failed,paib-gpu/openb-pod-7691,6529
6720,create,paib-gpu/openb-pod-5797,6530
6721,create,paib-gpu/openb-pod-8101,6531
6722,create,paib-gpu/openb-pod-0467,6532
6723,create,paib-gpu/openb-pod-4654,6533
6724,create,paib-gpu/openb-pod-0590,6534
6725,create,paib-gpu/openb-pod-1986,6535
6726,create,paib-gpu/openb-pod-7544,6536
6727,create,paib-gpu/openb-pod-6641,6537
6728,failed,paib-gpu/openb-pod-4275,6537
6729,create,paib-gpu/openb-pod-1443,6538
6730,create,paib-gpu/openb-pod-4663,6539
6731,create,paib-gpu/openb-pod-7280,6540
6732,create,paib-gpu/openb-pod-2807,6541
6733,create,paib-gpu/openb-pod-4547,6542
6734,create,paib-gpu/openb-pod-4769,6543
6735,create,paib-gpu/openb-pod-3212,6544
6736,create,paib-gpu/openb-pod-6776,6545
6737,create,paib-gpu/openb-pod-5870,6546
6738,create,paib-gpu/openb-pod-3030,6547
6739,create,paib-gpu/openb-pod-7665,6548
6740,create,paib-gpu/openb-pod-3801,6549
6741,create,paib-gpu/openb-pod-5678,6550
6742,create,paib-gpu/openb-pod-2827,6551
6743,create,paib-gpu/openb-pod-2986,6552
6744,create,paib-gpu/openb-pod-2299,6553
6745,create,paib-gpu/openb-pod-7768,6554
6746,create,paib-gpu/openb-pod-5838,6555
6747,create,paib-gpu/openb-pod-3497,6556
6748,create,paib-gpu/openb-pod-8133,6557
6749,create,paib-gpu/openb-pod-1820,6558
6750,create,paib-gpu/openb-pod-4845,6559
6751,create,paib-gpu/openb-pod-1927,6560
6752,create,paib-gpu/openb-pod-7063,6561
6753,create,paib-gpu/openb-pod-6590,6562
6754,create,paib-gpu/openb-pod-7416,6563
6755,create,paib-gpu/openb-pod-0203,6564
6756,create,paib-gpu/openb-pod-7933,6565
6757,create,paib-gpu/openb-pod-5433,6566
6758,create,paib-gpu/openb-pod-1606,6567
6759,create,paib-gpu/openb-pod-7180,6568
6760,create,paib-gpu/openb-pod-3983,6569
6761,create,paib-gpu/openb-pod-3130,6570
6762,create,paib-gpu/openb-pod-0046,6571
6763,create,paib-gpu/openb-pod-6951,6572
6764,create,paib-gpu/openb-pod-1550,6573
6765,create,paib-gpu/openb-pod-0676,6574
6766,create,paib-gpu/openb-pod-0803,6575
6767,create,paib-gpu/openb-pod-2050,6576
6768,create,paib-gpu/openb-pod-4470,6577
6769,create,paib-gpu/openb-pod-5681,6578
6770,create,paib-gpu/openb-pod-2288,6579
6771,failed,paib-gpu/openb-pod-6253,6579
6772,create,paib-gpu/openb-pod-4474,6580
6773,create,paib-gpu/openb-pod-1057,6581
6774,create,paib-gpu/openb-pod-8016,6582
6775,create,paib-gpu/openb-pod-0125,6583
6776,create,paib-gpu/openb-pod-3172,6584
6777,create,paib-gpu/openb-pod-7165,6585
6778,create,paib-gpu/openb-pod-0562,6586
6779,create,paib-gpu/openb-pod-3777,6587
6780,create,paib-gpu/openb-pod-5047,6588
6781,create,paib-gpu/openb-pod-6474,6589
6782,create,paib-gpu/openb-pod-1622,6590
6783,create,paib-gpu/openb-pod-2643,6591
6784,create,paib-gpu/openb-pod-7786,6592
6785,create,paib-gpu/openb-pod-1016,6593
6786,create,paib-gpu/openb-pod-5042,6594
6787,create,paib-gpu/openb-pod-7105,6595
6788,create,paib-gpu/openb-pod-1370,6596
6789,create,paib-gpu/openb-pod-6086,6597
6790,create,paib-gpu/openb-pod-5916,6598
6791,create,paib-gpu/openb-pod-4461,6599
6792,create,paib-gpu/openb-pod-6637,6600
6793,create,paib-gpu/openb-pod-2117,6601
6794,create,paib-gpu/openb-pod-6066,6602
6795,create,paib-gpu/openb-pod-6500,6603
6796,create,paib-gpu/openb-pod-0499,6604
6797,create,paib-gpu/openb-pod-1719,6605
6798,create,paib-gpu/openb-pod-4975,6606
6799,create,paib-gpu/openb-pod-2915,6607
6800,create,paib-gpu/openb-pod-3998,6608
6801,create,paib-gpu/openb-pod-1192,6609
6802,create,paib-gpu/openb-pod-3136,6610
6803,create,paib-gpu/openb-pod-0542,6611
6804,failed,paib-gpu/openb-pod-0038,6611
6805,create,paib-gpu/openb-pod-1808,6612
6806,create,paib-gpu/openb-pod-6162,6613
6807,create,paib-gpu/openb-pod-4689,6614
6808,create,paib-gpu/openb-pod-2056,6615
6809,create,paib-gpu/openb-pod-7683,6616
6810,create,paib-gpu/openb-pod-4264,6617
6811,create,paib-gpu/openb-pod-0082,6618
6812,create,paib-gpu/openb-pod-7515,6619
6813,create,paib-gpu/openb-pod-2447,6620
6814,create,paib-gpu/openb-pod-4693,6621
6815,create,paib-gpu/openb-pod-0989,6622
6816,create,paib-gpu/openb-pod-3341,6623
6817,create,paib-gpu/openb-pod-1077,6624
6818,create,paib-gpu/openb-pod-4503,6625
6819,create,paib-gpu/openb-pod-3452,6626
6820,create,paib-gpu/openb-pod-3207,6627
6821,create,paib-gpu/openb-pod-7490,6628
6822,create,paib-gpu/openb-pod-1212,6629
6823,create,paib-gpu/openb-pod-4109,6630
6824,create,paib-gpu/openb-pod-2720,6631
6825,create,paib-gpu/openb-pod-1425,6632
6826,create,paib-gpu/openb-pod-0081,6633
6827,create,paib-gpu/openb-pod-5430,6634
6828,failed,paib-gpu/openb-pod-1412,6634
6829,create,paib-gpu/openb-pod-2296,6635
6830,create,paib-gpu/openb-pod-0811,6636
6831,create,paib-gpu/openb-pod-5830,6637
6832,failed,paib-gpu/openb-pod-0589,6637
6833,create,paib-gpu/openb-pod-3396,6638
6834,create,paib-gpu/openb-pod-5460,6639
6835,failed,paib-gpu/openb-pod-6127,6639
6836,create,paib-gpu/openb-pod-3445,6640
6837,create,paib-gpu/openb-pod-4792,6641
6838,create,paib-gpu/openb-pod-5249,6642
6839,create,paib-gpu/openb-pod-7128,6643
6840,create,paib-gpu/openb-pod-1859,6644
6841,create,paib-gpu/openb-pod-5228,6645
6842,create,paib-gpu/openb-pod-4422,6646
6843,create,paib-gpu/openb-pod-7086,6647
6844,create,paib-gpu/openb-pod-2649,6648
6845,create,paib-gpu/openb-pod-1132,6649
6846,create,paib-gpu/openb-pod-0019,6650
6847,create,paib-gpu/openb-pod-4501,6651
6848,create,paib-gpu/openb-pod-5178,6652
6849,create,paib-gpu/openb-pod-8058,6653
6850,create,paib-gpu/openb-pod-1294,6654
6851,create,paib-gpu/openb-pod-5632,6655
6852,create,paib-gpu/openb-pod-2201,6656
6853,create,paib-gpu/openb-pod-7969,6657
6854,create,paib-gpu/openb-pod-4358,6658
6855,create,paib-gpu/openb-pod-1702,6659
6856,create,paib-gpu/openb-pod-2276,6660
6857,create,paib-gpu/openb-pod-1183,6661
6858,create,paib-gpu/openb-pod-1823,6662
6859,create,paib-gpu/openb-pod-3586,6663
6860,create,paib-gpu/openb-pod-1371,6664
6861,create,paib-gpu/openb-pod-7714,6665
6862,create,paib-gpu/openb-pod-4233,6666
6863,create,paib-gpu/openb-pod-3059,6667
6864,create,paib-gpu/openb-pod-5543,6668
6865,create,paib-gpu/openb-pod-7129,6669
6866,create,paib-gpu/openb-pod-3095,6670
6867,create,paib-gpu/openb-pod-3872,6671
6868,create,paib-gpu/openb-pod-7520,6672
6869,failed,paib-gpu/openb-pod-6665,6672
6870,create,paib-gpu/openb-pod-5382,6673
6871,create,paib-gpu/openb-pod-8012,6674
6872,create,paib-gpu/openb-pod-0950,6675
6873,create,paib-gpu/openb-pod-4976,6676
6874,create,paib-gpu/openb-pod-2573,6677
6875,create,paib-gpu/openb-pod-3271,6678
6876,create,paib-gpu/openb-pod-2552,6679
6877,create,paib-gpu/openb-pod-0477,6680
6878,create,paib-gpu/openb-pod-5792,6681
6879,failed,paib-gpu/openb-pod-7617,6681
6880,create,paib-gpu/openb-pod-0023,6682
6881,create,paib-gpu/openb-pod-6616,6683
6882,failed,paib-gpu/openb-pod-0422,6683
6883,create,paib-gpu/openb-pod-7607,6684
6884,create,paib-gpu/openb-pod-7928,6685
6885,create,paib-gpu/openb-pod-5705,6686
6886,create,paib-gpu/openb-pod-5428,6687
6887,failed,paib-gpu/openb-pod-1502,6687
6888,create,paib-gpu/openb-pod-6544,6688
6889,create,paib-gpu/openb-pod-3787,6689
6890,create,paib-gpu/openb-pod-2003,6690
6891,create,paib-gpu/openb-pod-0709,6691
6892,create,paib-gpu/openb-pod-1240,6692
6893,create,paib-gpu/openb-pod-3710,6693
6894,create,paib-gpu/openb-pod-5296,6694
6895,create,paib-gpu/openb-pod-0069,6695
6896,create,paib-gpu/openb-pod-4437,6696
6897,create,paib-gpu/openb-pod-6530,6697
6898,create,paib-gpu/openb-pod-2090,6698
6899,create,paib-gpu/openb-pod-4682,6699
6900,create,paib-gpu/openb-pod-2612,6700
6901,failed,paib-gpu/openb-pod-1121,6700
6902,create,paib-gpu/openb-pod-0059,6701
6903,create,paib-gpu/openb-pod-7191,6702
6904,create,paib-gpu/openb-pod-3830,6703
6905,create,paib-gpu/openb-pod-7605,6704
6906,create,paib-gpu/openb-pod-7692,6705
6907,create,paib-gpu/openb-pod-7047,6706
6908,create,paib-gpu/openb-pod-4528,6707
6909,create,paib-gpu/openb-pod-5384,6708
6910,create,paib-gpu/openb-pod-0866,6709
6911,create,paib-gpu/openb-pod-6216,6710
6912,create,paib-gpu/openb-pod-1532,6711
6913,create,paib-gpu/openb-pod-1763,6712
6914,create,paib-gpu/openb-pod-0988,6713
6915,create,paib-gpu/openb-pod-1448,6714
6916,create,paib-gpu/openb-pod-1326,6715
6917,create,paib-gpu/openb-pod-4196,6716
6918,create,paib-gpu/openb-pod-7937,6717
6919,create,paib-gpu/openb-pod-8062,6718
6920,create,paib-gpu/openb-pod-6571,6719
6921,create,paib-gpu/openb-pod-5118,6720
6922,create,paib-gpu/openb-pod-0963,6721
6923,create,paib-gpu/openb-pod-7835,6722
6924,create,paib-gpu/openb-pod-4596,6723
6925,failed,paib-gpu/openb-pod-3388,6723
6926,create,paib-gpu/openb-pod-4808,6724
6927,create,paib-gpu/openb-pod-6375,6725
6928,create,paib-gpu/openb-pod-5439,6726
6929,create,paib-gpu/openb-pod-3150,6727
6930,create,paib-gpu/openb-pod-8115,6728
6931,create,paib-gpu/openb-pod-0216,6729
6932,create,paib-gpu/openb-pod-1837,6730
6933,create,paib-gpu/openb-pod-0206,6731
6934,create,paib-gpu/openb-pod-0565,6732
6935,create,paib-gpu/openb-pod-1134,6733
6936,create,paib-gpu/openb-pod-4665,6734
6937,create,paib-gpu/openb-pod-2671,6735
6938,create,paib-gpu/openb-pod-6983,6736
6939,failed,paib-gpu/openb-pod-2091,6736
6940,create,paib-gpu/openb-pod-1602,6737
6941,create,paib-gpu/openb-pod-6458,6738
6942,create,paib-gpu/openb-pod-3538,6739
6943,create,paib-gpu/openb-pod-6319,6740
6944,create,paib-gpu/openb-pod-2505,6741
6945,create,paib-gpu/openb-pod-3496,6742
6946,create,paib-gpu/openb-pod-5544,6743
6947,create,paib-gpu/openb-pod-4632,6744
6948,create,paib-gpu/openb-pod-5128,6745
6949,create,paib-gpu/openb-pod-0389,6746
6950,create,paib-gpu/openb-pod-7852,6747
6951,create,paib-gpu/openb-pod-1883,6748
6952,create,paib-gpu/openb-pod-1369,6749
6953,create,paib-gpu/openb-pod-6920,6750
6954,failed,paib-gpu/openb-pod-6428,6750
6955,create,paib-gpu/openb-pod-6136,6751
6956,create,paib-gpu/openb-pod-7534,6752
6957,create,paib-gpu/openb-pod-7952,6753
6958,create,paib-gpu/openb-pod-6251,6754
6959,create,paib-gpu/openb-pod-7948,6755
6960,create,paib-gpu/openb-pod-6105,6756
6961,create,paib-gpu/openb-pod-0805,6757
6962,create,paib-gpu/openb-pod-1788,6758
6963,create,paib-gpu/openb-pod-1458,6759
6964,create,paib-gpu/openb-pod-5380,6760
6965,create,paib-gpu/openb-pod-8136,6761
6966,create,paib-gpu/openb-pod-5327,6762
6967,create,paib-gpu/openb-pod-0089,6763
6968,create,paib-gpu/openb-pod-2688,6764
6969,create,paib-gpu/openb-pod-7399,6765
6970,create,paib-gpu/openb-pod-4333,6766
6971,create,paib-gpu/openb-pod-5771,6767
6972,create,paib-gpu/openb-pod-1373,6768
6973,failed,paib-gpu/openb-pod-6004,6768
6974,create,paib-gpu/openb-pod-5698,6769
6975,create,paib-gpu/openb-pod-1672,6770
6976,create,paib-gpu/openb-pod-2808,6771
6977,create,paib-gpu/openb-pod-5932,6772
6978,create,paib-gpu/openb-pod-3465,6773
6979,failed,paib-gpu/openb-pod-3551,6773
6980,create,paib-gpu/openb-pod-4826,6774
6981,create,paib-gpu/openb-pod-0779,6775
6982,failed,paib-gpu/openb-pod-1611,6775
6983,create,paib-gpu/openb-pod-2318,6776
6984,create,paib-gpu/openb-pod-6328,6777
6985,create,paib-gpu/openb-pod-5144,6778
6986,create,paib-gpu/openb-pod-1401,6779
6987,create,paib-gpu/openb-pod-2477,6780
6988,create,paib-gpu/openb-pod-3631,6781
6989,create,paib-gpu/openb-pod-0586,6782
6990,create,paib-gpu/openb-pod-6534,6783
6991,create,paib-gpu/openb-pod-2780,6784
6992,create,paib-gpu/openb-pod-4062,6785
6993,create,paib-gpu/openb-pod-7140,6786
6994,create,paib-gpu/openb-pod-6975,6787
6995,create,paib-gpu/openb-pod-3637,6788
6996,create,paib-gpu/openb-pod-3416,6789
6997,create,paib-gpu/openb-pod-4241,6790
6998,create,paib-gpu/openb-pod-7758,6791
6999,failed,paib-gpu/openb-pod-5378,6791
7000,create,paib-gpu/openb-pod-0751,6792
7001,create,paib-gpu/openb-pod-7713,6793
7002,create,paib-gpu/openb-pod-7863,6794
7003,create,paib-gpu/openb-pod-5822,6795
7004,create,paib-gpu/openb-pod-6163,6796
7005,create,paib-gpu/openb-pod-5817,6797
7006,create,paib-gpu/openb-pod-0006,6798
7007,create,paib-gpu/openb-pod-0287,6799
7008,create,paib-gpu/openb-pod-2100,6800
7009,failed,paib-gpu/openb-pod-6902,6800
7010,create,paib-gpu/openb-pod-2975,6801
7011,create,paib-gpu/openb-pod-0254,6802
7012,create,paib-gpu/openb-pod-7626,6803
7013,create,paib-gpu/openb-pod-1515,6804
7014,create,paib-gpu/openb-pod-0130,6805
7015,create,paib-gpu/openb-pod-8081,6806
7016,create,paib-gpu/openb-pod-2205,6807
7017,create,paib-gpu/openb-pod-7793,6808
7018,create,paib-gpu/openb-pod-2466,6809
7019,create,paib-gpu/openb-pod-7135,6810
7020,failed,paib-gpu/openb-pod-6506,6810
7021,create,paib-gpu/openb-pod-4255,6811
7022,create,paib-gpu/openb-pod-0054,6812
7023,create,paib-gpu/openb-pod-1839,6813
7024,create,paib-gpu/openb-pod-2159,6814
7025,create,paib-gpu/openb-pod-0131,6815
7026,create,paib-gpu/openb-pod-7154,6816
7027,create,paib-gpu/openb-pod-6097,6817
7028,create,paib-gpu/openb-pod-6191,6818
7029,create,paib-gpu/openb-pod-1625,6819
7030,create,paib-gpu/openb-pod-4704,6820
7031,failed,paib-gpu/openb-pod-7093,6820
7032,create,paib-gpu/openb-pod-2010,6821
7033,create,paib-gpu/openb-pod-8034,6822
7034,failed,paib-gpu/openb-pod-4403,6822
7035,create,paib-gpu/openb-pod-5665,6823
7036,create,paib-gpu/openb-pod-4569,6824
7037,create,paib-gpu/openb-pod-1193,6825
7038,create,paib-gpu/openb-pod-5435,6826
7039,create,paib-gpu/openb-pod-2960,6827
7040,create,paib-gpu/openb-pod-2928,6828
7041,create,paib-gpu/openb-pod-5247,6829
7042,create,paib-gpu/openb-pod-5342,6830
7043,create,paib-gpu/openb-pod-3759,6831
7044,create,paib-gpu/openb-pod-1632,6832
7045,failed,paib-gpu/openb-pod-5017,6832
7046,create,paib-gpu/openb-pod-7449,6833
7047,create,paib-gpu/openb-pod-6593,6834
7048,create,paib-gpu/openb-pod-6008,6835
7049,create,paib-gpu/openb-pod-3936,6836
7050,create,paib-gpu/openb-pod-7809,6837
7051,create,paib-gpu/openb-pod-7175,6838
7052,create,paib-gpu/openb-pod-0575,6839
7053,create,paib-gpu/openb-pod-7679,6840
7054,create,paib-gpu/openb-pod-1877,6841
7055,create,paib-gpu/openb-pod-3967,6842
7056,create,paib-gpu/openb-pod-1061,6843
7057,create,paib-gpu/openb-pod-3632,6844
7058,create,paib-gpu/openb-pod-4122,6845
7059,create,paib-gpu/openb-pod-6025,6846
7060,create,paib-gpu/openb-pod-3225,6847
7061,create,paib-gpu/openb-pod-7912,6848
7062,create,paib-gpu/openb-pod-1841,6849
7063,create,paib-gpu/openb-pod-7612,6850
7064,create,paib-gpu/openb-pod-2378,6851
7065,create,paib-gpu/openb-pod-5377,6852
7066,create,paib-gpu/openb-pod-6928,6853
7067,create,paib-gpu/openb-pod-1914,6854
7068,create,paib-gpu/openb-pod-0730,6855
7069,create,paib-gpu/openb-pod-8037,6856
7070,create,paib-gpu/openb-pod-0196,6857
7071,create,paib-gpu/openb-pod-1848,6858
7072,create,paib-gpu/openb-pod-7500,6859
7073,create,paib-gpu/openb-pod-3850,6860
7074,create,paib-gpu/openb-pod-4836,6861
7075,create,paib-gpu/openb-pod-3698,6862
7076,create,paib-gpu/openb-pod-4635,6863
7077,create,paib-gpu/openb-pod-0731,6864
7078,create,paib-gpu/openb-pod-6758,6865
7079,create,paib-gpu/openb-pod-0544,6866
7080,create,paib-gpu/openb-pod-4350,6867
7081,create,paib-gpu/openb-pod-4752,6868
7082,create,paib-gpu/openb-pod-6133,6869
7083,create,paib-gpu/openb-pod-6293,6870
7084,create,paib-gpu/openb-pod-0133,6871
7085,create,paib-gpu/openb-pod-8073,6872
7086,create,paib-gpu/openb-pod-7215,6873
7087,create,paib-gpu/openb-pod-3791,6874
7088,create,paib-gpu/openb-pod-6339,6875
7089,create,paib-gpu/openb-pod-2609,6876
7090,create,paib-gpu/openb-pod-3833,6877
7091,create,paib-gpu/openb-pod-5721,6878
7092,create,paib-gpu/openb-pod-1756,6879
7093,create,paib-gpu/openb-pod-2857,6880
7094,create,paib-gpu/openb-pod-4928,6881
7095,create,paib-gpu/openb-pod-2446,6882
7096,create,paib-gpu/openb-pod-3775,6883
7097,create,paib-gpu/openb-pod-4269,6884
7098,create,paib-gpu/openb-pod-0061,6885
7099,create,paib-gpu/openb-pod-0663,6886
7100,create,paib-gpu/openb-pod-6533,6887
7101,create,paib-gpu/openb-pod-7365,6888
7102,create,paib-gpu/openb-pod-5729,6889
7103,failed,paib-gpu/openb-pod-1630,6889
7104,create,paib-gpu/openb-pod-1167,6890
7105,create,paib-gpu/openb-pod-4435,6891
7106,create,paib-gpu/openb-pod-5429,6892
7107,create,paib-gpu/openb-pod-3137,6893
7108,create,paib-gpu/openb-pod-3927,6894
7109,create,paib-gpu/openb-pod-4715,6895
7110,create,paib-gpu/openb-pod-7450,6896
7111,create,paib-gpu/openb-pod-7930,6897
7112,create,paib-gpu/openb-pod-2463,6898
7113,create,paib-gpu/openb-pod-4744,6899
7114,create,paib-gpu/openb-pod-0313,6900
7115,create,paib-gpu/openb-pod-3573,6901
7116,failed,paib-gpu/openb-pod-6582,6901
7117,create,paib-gpu/openb-pod-3394,6902
7118,create,paib-gpu/openb-pod-2161,6903
7119,create,paib-gpu/openb-pod-6109,6904
7120,create,paib-gpu/openb-pod-5530,6905
7121,failed,paib-gpu/openb-pod-5980,6905
7122,create,paib-gpu/openb-pod-2224,6906
7123,create,paib-gpu/openb-pod-5737,6907
7124,create,paib-gpu/openb-pod-5452,6908
7125,create,paib-gpu/openb-pod-6493,6909
7126,create,paib-gpu/openb-pod-4257,6910
7127,create,paib-gpu/openb-pod-1866,6911
7128,create,paib-gpu/openb-pod-4047,6912
7129,create,paib-gpu/openb-pod-6817,6913
7130,create,paib-gpu/openb-pod-1572,6914
7131,create,paib-gpu/openb-pod-5620,6915
7132,create,paib-gpu/openb-pod-0424,6916
7133,create,paib-gpu/openb-pod-2869,6917
7134,create,paib-gpu/openb-pod-1559,6918
7135,create,paib-gpu/openb-pod-5923,6919
7136,create,paib-gpu/openb-pod-7393,6920
7137,create,paib-gpu/openb-pod-5690,6921
7138,create,paib-gpu/openb-pod-0016,6922
7139,failed,paib-gpu/openb-pod-4669,6922
7140,create,paib-gpu/openb-pod-6046,6923
7141,create,paib-gpu/openb-pod-1096,6924
7142,failed,paib-gpu/openb-pod-6194,6924
7143,failed,paib-gpu/openb-pod-3805,6924
7144,create,paib-gpu/openb-pod-3303,6925
7145,create,paib-gpu/openb-pod-2951,6926
7146,create,paib-gpu/openb-pod-1815,6927
7147,create,paib-gpu/openb-pod-7130,6928
7148,failed,paib-gpu/openb-pod-3234,6928
7149,create,paib-gpu/openb-pod-5199,6929
7150,create,paib-gpu/openb-pod-5386,6930
7151,create,paib-gpu/openb-pod-5527,6931
7152,create,paib-gpu/openb-pod-5549,6932
7153,create,paib-gpu/openb-pod-0797,6933
7154,create,paib-gpu/openb-pod-7502,6934
7155,create,paib-gpu/openb-pod-6587,6935
7156,failed,paib-gpu/openb-pod-3803,6935
7157,create,paib-gpu/openb-pod-6734,6936
7158,create,paib-gpu/openb-pod-6558,6937
7159,create,paib-gpu/openb-pod-0179,6938
7160,failed,paib-gpu/openb-pod-7439,6938
7161,create,paib-gpu/openb-pod-5866,6939
7162,create,paib-gpu/openb-pod-3959,6940
7163,create,paib-gpu/openb-pod-4525,6941
7164,create,paib-gpu/openb-pod-5190,6942
7165,create,paib-gpu/openb-pod-0123,6943
7166,create,paib-gpu/openb-pod-1535,6944
7167,create,paib-gpu/openb-pod-6439,6945
7168,create,paib-gpu/openb-pod-4697,6946
7169,create,paib-gpu/openb-pod-2624,6947
7170,create,paib-gpu/openb-pod-0113,6948
7171,create,paib-gpu/openb-pod-5186,6949
7172,create,paib-gpu/openb-pod-3018,6950
7173,create,paib-gpu/openb-pod-1694,6951
7174,create,paib-gpu/openb-pod-6857,6952
7175,create,paib-gpu/openb-pod-2841,6953
7176,create,paib-gpu/openb-pod-4230,6954
7177,create,paib-gpu/openb-pod-0938,6955
7178,create,paib-gpu/openb-pod-1810,6956
7179,create,paib-gpu/openb-pod-7141,6957
7180,create,paib-gpu/openb-pod-4946,6958
7181,create,paib-gpu/openb-pod-4197,6959
7182,failed,paib-gpu/openb-pod-1740,6959
7183,create,paib-gpu/openb-pod-4143,6960
7184,create,paib-gpu/openb-pod-4142,6961
7185,create,paib-gpu/openb-pod-1263,6962
7186,create,paib-gpu/openb-pod-5832,6963
7187,failed,paib-gpu/openb-pod-5673,6963
7188,create,paib-gpu/openb-pod-1280,6964
7189,create,paib-gpu/openb-pod-5700,6965
7190,create,paib-gpu/openb-pod-2309,6966
7191,create,paib-gpu/openb-pod-0057,6967
7192,create,paib-gpu/openb-pod-7454,6968
7193,failed,paib-gpu/openb-pod-5292,6968
7194,create,paib-gpu/openb-pod-6552,6969
7195,create,paib-gpu/openb-pod-2519,6970
7196,create,paib-gpu/openb-pod-6896,6971
7197,create,paib-gpu/openb-pod-1885,6972
7198,create,paib-gpu/openb-pod-7777,6973
7199,create,paib-gpu/openb-pod-4762,6974
7200,create,paib-gpu/openb-pod-1796,6975
7201,create,paib-gpu/openb-pod-7258,6976
7202,create,paib-gpu/openb-pod-0505,6977
7203,create,paib-gpu/openb-pod-1873,6978
7204,create,paib-gpu/openb-pod-3233,6979
7205,failed,paib-gpu/openb-pod-2718,6979
7206,create,paib-gpu/openb-pod-4943,6980
7207,create,paib-gpu/openb-pod-1829,6981
7208,create,paib-gpu/openb-pod-1195,6982
7209,create,paib-gpu/openb-pod-3935,6983
7210,create,paib-gpu/openb-pod-7077,6984
7211,create,paib-gpu/openb-pod-0999,6985
7212,create,paib-gpu/openb-pod-6930,6986
7213,create,paib-gpu/openb-pod-7068,6987
7214,create,paib-gpu/openb-pod-5616,6988
7215,create,paib-gpu/openb-pod-4804,6989
7216,create,paib-gpu/openb-pod-2736,6990
7217,create,paib-gpu/openb-pod-2830,6991
7218,create,paib-gpu/openb-pod-1966,6992
7219,create,paib-gpu/openb-pod-6056,6993
7220,create,paib-gpu/openb-pod-3576,6994
7221,create,paib-gpu/openb-pod-1566,6995
7222,failed,paib-gpu/openb-pod-3736,6995
7223,create,paib-gpu/openb-pod-4529,6996
7224,create,paib-gpu/openb-pod-1973,6997
7225,create,paib-gpu/openb-pod-4102,6998
7226,create,paib-gpu/openb-pod-6223,6999
7227,create,paib-gpu/openb-pod-3333,7000
7228,create,paib-gpu/openb-pod-2865,7001
7229,create,paib-gpu/openb-pod-0487,7002
7230,create,paib-gpu/openb-pod-4827,7003
7231,failed,paib-gpu/openb-pod-1252,7003
7232,failed,paib-gpu/openb-pod-7381,7003
7233,create,paib-gpu/openb-pod-1650,7004
7234,create,paib-gpu/openb-pod-5784,7005
7235,create,paib-gpu/openb-pod-2219,7006
7236,create,paib-gpu/openb-pod-4686,7007
7237,create,paib-gpu/openb-pod-4240,7008
7238,failed,paib-gpu/openb-pod-0136,7008
7239,create,paib-gpu/openb-pod-5934,7009
7240,create,paib-gpu/openb-pod-4111,7010
7241,create,paib-gpu/openb-pod-4913,7011
7242,create,paib-gpu/openb-pod-5855,7012
7243,failed,paib-gpu/openb-pod-4595,7012
7244,create,paib-gpu/openb-pod-4517,7013
7245,failed,paib-gpu/openb-pod-0991,7013
7246,create,paib-gpu/openb-pod-6369,7014
7247,create,paib-gpu/openb-pod-8045,7015
7248,create,paib-gpu/openb-pod-3922,7016
7249,create,paib-gpu/openb-pod-4515,7017
7250,create,paib-gpu/openb-pod-4712,7018
7251,create,paib-gpu/openb-pod-4063,7019
7252,create,paib-gpu/openb-pod-7186,7020
7253,create,paib-gpu/openb-pod-3379,7021
7254,create,paib-gpu/openb-pod-7726,7022
7255,create,paib-gpu/openb-pod-0898,7023
7256,create,paib-gpu/openb-pod-0303,7024
7257,create,paib-gpu/openb-pod-6722,7025
7258,create,paib-gpu/openb-pod-6361,7026
7259,failed,paib-gpu/openb-pod-0150,7026
7260,create,paib-gpu/openb-pod-4337,7027
7261,create,paib-gpu/openb-pod-6943,7028
7262,create,paib-gpu/openb-pod-6281,7029
7263,create,paib-gpu/openb-pod-7634,7030
7264,failed,paib-gpu/openb-pod-0047,7030
7265,create,paib-gpu/openb-pod-5233,7031
7266,create,paib-gpu/openb-pod-0315,7032
7267,create,paib-gpu/openb-pod-3482,7033
7268,create,paib-gpu/openb-pod-5959,7034
7269,create,paib-gpu/openb-pod-3227,7035
7270,create,paib-gpu/openb-pod-7410,7036
7271,create,paib-gpu/openb-pod-4619,7037
7272,create,paib-gpu/openb-pod-0271,7038
7273,create,paib-gpu/openb-pod-5000,7039
7274,create,paib-gpu/openb-pod-6013,7040
7275,create,paib-gpu/openb-pod-2334,7041
7276,create,paib-gpu/openb-pod-4902,7042
7277,create,paib-gpu/openb-pod-5300,7043
7278,failed,paib-gpu/openb-pod-6000,7043
7279,create,paib-gpu/openb-pod-1946,7044
7280,create,paib-gpu/openb-pod-0862,7045
7281,create,paib-gpu/openb-pod-6444,7046
7282,create,paib-gpu/openb-pod-5149,7047
7283,create,paib-gpu/openb-pod-4080,7048
7284,create,paib-gpu/openb-pod-4695,7049
7285,create,paib-gpu/openb-pod-6913,7050
7286,create,paib-gpu/openb-pod-1950,7051
7287,create,paib-gpu/openb-pod-3610,7052
7288,create,paib-gpu/openb-pod-1256,7053
7289,create,paib-gpu/openb-pod-4924,7054
7290,create,paib-gpu/openb-pod-7597,7055
7291,create,paib-gpu/openb-pod-1362,7056
7292,create,paib-gpu/openb-pod-0252,7057
7293,create,paib-gpu/openb-pod-3439,7058
7294,create,paib-gpu/openb-pod-1261,7059
7295,create,paib-gpu/openb-pod-5850,7060
7296,create,paib-gpu/openb-pod-6732,7061
7297,create,paib-gpu/openb-pod-8123,7062
7298,create,paib-gpu/openb-pod-1172,7063
7299,create,paib-gpu/openb-pod-4895,7064
7300,create,paib-gpu/openb-pod-6536,7065
7301,create,paib-gpu/openb-pod-2345,7066
7302,create,paib-gpu/openb-pod-3931,7067
7303,create,paib-gpu/openb-pod-4746,7068
7304,create,paib-gpu/openb-pod-2243,7069
7305,create,paib-gpu/openb-pod-7806,7070
7306,create,paib-gpu/openb-pod-1439,7071
7307,create,paib-gpu/openb-pod-0305,7072
7308,create,paib-gpu/openb-pod-0145,7073
7309,create,paib-gpu/openb-pod-7529,7074
7310,create,paib-gpu/openb-pod-6145,7075
7311,create,paib-gpu/openb-pod-2086,7076
7312,create,paib-gpu/openb-pod-2121,7077
7313,create,paib-gpu/openb-pod-2600,7078
7314,create,paib-gpu/openb-pod-8007,7079
7315,create,paib-gpu/openb-pod-7650,7080
7316,create,paib-gpu/openb-pod-7475,7081
7317,create,paib-gpu/openb-pod-2409,7082
7318,create,paib-gpu/openb-pod-7552,7083
7319,create,paib-gpu/openb-pod-4807,7084
7320,create,paib-gpu/openb-pod-3661,7085
7321,create,paib-gpu/openb-pod-0412,7086
7322,create,paib-gpu/openb-pod-3920,7087
7323,create,paib-gpu/openb-pod-0699,7088
7324,create,paib-gpu/openb-pod-1686,7089
7325,create,paib-gpu/openb-pod-4894,7090
7326,create,paib-gpu/openb-pod-0465,7091
7327,failed,paib-gpu/openb-pod-7705,7091
7328,create,paib-gpu/openb-pod-7715,7092
7329,create,paib-gpu/openb-pod-4028,7093
7330,create,paib-gpu/openb-pod-1495,7094
7331,create,paib-gpu/openb-pod-3531,7095
7332,create,paib-gpu/openb-pod-0901,7096
7333,failed,paib-gpu/openb-pod-5018,7096
7334,create,paib-gpu/openb-pod-6453,7097
7335,failed,paib-gpu/openb-pod-7633,7097
7336,create,paib-gpu/openb-pod-7433,7098
7337,create,paib-gpu/openb-pod-6321,7099
7338,create,paib-gpu/openb-pod-1822,7100
7339,create,paib-gpu/openb-pod-4305,7101
7340,create,paib-gpu/openb-pod-4950,7102
7341,create,paib-gpu/openb-pod-4898,7103
7342,create,paib-gpu/openb-pod-1300,7104
7343,create,paib-gpu/openb-pod-3570,7105
7344,create,paib-gpu/openb-pod-3282,7106
7345,create,paib-gpu/openb-pod-3036,7107
7346,create,paib-gpu/openb-pod-1736,7108
7347,create,paib-gpu/openb-pod-2555,7109
7348,create,paib-gpu/openb-pod-6052,7110
7349,create,paib-gpu/openb-pod-4516,7111
7350,create,paib-gpu/openb-pod-0945,7112
7351,create,paib-gpu/openb-pod-6580,7113
7352,create,paib-gpu/openb-pod-2886,7114
7353,create,paib-gpu/openb-pod-0158,7115
7354,create,paib-gpu/openb-pod-7505,7116
7355,create,paib-gpu/openb-pod-7980,7117
7356,create,paib-gpu/openb-pod-1926,7118
7357,create,paib-gpu/openb-pod-3354,7119
7358,create,paib-gpu/openb-pod-7197,7120
7359,failed,paib-gpu/openb-pod-7270,7120
7360,create,paib-gpu/openb-pod-4394,7121
7361,create,paib-gpu/openb-pod-2428,7122
7362,create,paib-gpu/openb-pod-1098,7123
7363,create,paib-gpu/openb-pod-0051,7124
7364,create,paib-gpu/openb-pod-0993,7125
7365,create,paib-gpu/openb-pod-6122,7126
7366,create,paib-gpu/openb-pod-3284,7127
7367,create,paib-gpu/openb-pod-3411,7128
7368,create,paib-gpu/openb-pod-6168,7129
7369,create,paib-gpu/openb-pod-1485,7130
7370,create,paib-gpu/openb-pod-4637,7131
7371,create,paib-gpu/openb-pod-0439,7132
7372,create,paib-gpu/openb-pod-2416,7133
7373,create,paib-gpu/openb-pod-5148,7134
7374,create,paib-gpu/openb-pod-7853,7135
7375,create,paib-gpu/openb-pod-6751,7136
7376,create,paib-gpu/openb-pod-0595,7137
7377,create,paib-gpu/openb-pod-5933,7138
7378,create,paib-gpu/openb-pod-5103,7139
7379,create,paib-gpu/openb-pod-7000,7140
7380,create,paib-gpu/openb-pod-0027,7141
7381,create,paib-gpu/openb-pod-2565,7142
7382,create,paib-gpu/openb-pod-1226,7143
7383,create,paib-gpu/openb-pod-6717,7144
7384,create,paib-gpu/openb-pod-7832,7145
7385,create,paib-gpu/openb-pod-5023,7146
7386,create,paib-gpu/openb-pod-3513,7147
7387,create,paib-gpu/openb-pod-2038,7148
7388,create,paib-gpu/openb-pod-5087,7149
7389,create,paib-gpu/openb-pod-5002,7150
7390,create,paib-gpu/openb-pod-1768,7151
7391,create,paib-gpu/openb-pod-4714,7152
7392,failed,paib-gpu/openb-pod-4182,7152
7393,failed,paib-gpu/openb-pod-6577,7152
7394,create,paib-gpu/openb-pod-1453,7153
7395,create,paib-gpu/openb-pod-4639,7154
7396,create,paib-gpu/openb-pod-4702,7155
7397,create,paib-gpu/openb-pod-6397,7156
7398,create,paib-gpu/openb-pod-2368,7157
7399,create,paib-gpu/openb-pod-1598,7158
7400,create,paib-gpu/openb-pod-2451,7159
7401,create,paib-gpu/openb-pod-4602,7160
7402,create,paib-gpu/openb-pod-7926,7161
7403,create,paib-gpu/openb-pod-1721,7162
7404,create,paib-gpu/openb-pod-1666,7163
7405,failed,paib-gpu/openb-pod-3483,7163
7406,create,paib-gpu/openb-pod-0629,7164
7407,create,paib-gpu/openb-pod-0322,7165
7408,create,paib-gpu/openb-pod-3643,7166
7409,create,paib-gpu/openb-pod-6953,7167
7410,create,paib-gpu/openb-pod-3147,7168
7411,create,paib-gpu/openb-pod-6687,7169
7412,create,paib-gpu/openb-pod-2305,7170
7413,create,paib-gpu/openb-pod-6141,7171
7414,create,paib-gpu/openb-pod-0551,7172
7415,create,paib-gpu/openb-pod-4678,7173
7416,create,paib-gpu/openb-pod-1333,7174
7417,create,paib-gpu/openb-pod-5472,7175
7418,create,paib-gpu/openb-pod-7368,7176
7419,create,paib-gpu/openb-pod-7688,7177
7420,create,paib-gpu/openb-pod-5055,7178
7421,create,paib-gpu/openb-pod-1141,7179
7422,create,paib-gpu/openb-pod-1862,7180
7423,create,paib-gpu/openb-pod-0906,7181
7424,create,paib-gpu/openb-pod-4583,7182
7425,create,paib-gpu/openb-pod-6338,7183
7426,failed,paib-gpu/openb-pod-1920,7183
7427,create,paib-gpu/openb-pod-0500,7184
7428,create,paib-gpu/openb-pod-1730,7185
7429,create,paib-gpu/openb-pod-6188,7186
7430,create,paib-gpu/openb-pod-0521,7187
7431,create,paib-gpu/openb-pod-7667,7188
7432,create,paib-gpu/openb-pod-1488,7189
7433,create,paib-gpu/openb-pod-6828,7190
7434,create,paib-gpu/openb-pod-7778,7191
7435,failed,paib-gpu/openb-pod-2563,7191
7436,create,paib-gpu/openb-pod-7601,7192
7437,create,paib-gpu/openb-pod-6615,7193
7438,create,paib-gpu/openb-pod-5125,7194
7439,create,paib-gpu/openb-pod-3437,7195
7440,create,paib-gpu/openb-pod-5454,7196
7441,create,paib-gpu/openb-pod-2659,7197
7442,create,paib-gpu/openb-pod-2560,7198
7443,create,paib-gpu/openb-pod-6258,7199
7444,create,paib-gpu/openb-pod-6600,7200
7445,create,paib-gpu/openb-pod-5884,7201
7446,create,paib-gpu/openb-pod-1827,7202
7447,create,paib-gpu/openb-pod-4505,7203
7448,create,paib-gpu/openb-pod-5364,7204
7449,create,paib-gpu/openb-pod-1073,7205
7450,create,paib-gpu/openb-pod-5790,7206
7451,create,paib-gpu/openb-pod-6783,7207
7452,create,paib-gpu/openb-pod-6422,7208
7453,create,paib-gpu/openb-pod-1080,7209
7454,create,paib-gpu/openb-pod-6565,7210
7455,create,paib-gpu/openb-pod-6833,7211
7456,create,paib-gpu/openb-pod-3572,7212
7457,create,paib-gpu/openb-pod-2861,7213
7458,create,paib-gpu/openb-pod-0423,7214
7459,create,paib-gpu/openb-pod-7837,7215
7460,create,paib-gpu/openb-pod-0657,7216
7461,create,paib-gpu/openb-pod-2790,7217
7462,create,paib-gpu/openb-pod-5078,7218
7463,create,paib-gpu/openb-pod-2805,7219
7464,create,paib-gpu/openb-pod-7107,7220
7465,create,paib-gpu/openb-pod-3567,7221
7466,create,paib-gpu/openb-pod-3459,7222
7467,create,paib-gpu/openb-pod-5957,7223
7468,create,paib-gpu/openb-pod-2042,7224
7469,create,paib-gpu/openb-pod-5876,7225
7470,create,paib-gpu/openb-pod-3915,7226
7471,create,paib-gpu/openb-pod-0076,7227
7472,create,paib-gpu/openb-pod-8048,7228
7473,create,paib-gpu/openb-pod-5954,7229
7474,create,paib-gpu/openb-pod-5360,7230
7475,failed,paib-gpu/openb-pod-2482,7230
7476,create,paib-gpu/openb-pod-0770,7231
7477,create,paib-gpu/openb-pod-1874,7232
7478,create,paib-gpu/openb-pod-2261,7233
7479,create,paib-gpu/openb-pod-5424,7234
7480,create,paib-gpu/openb-pod-3515,7235
7481,create,paib-gpu/openb-pod-2820,7236
7482,create,paib-gpu/openb-pod-0174,7237
7483,failed,paib-gpu/openb-pod-7690,7237
7484,create,paib-gpu/openb-pod-2366,7238
7485,create,paib-gpu/openb-pod-0518,7239
7486,create,paib-gpu/openb-pod-1356,7240
7487,create,paib-gpu/openb-pod-6678,7241
7488,create,paib-gpu/openb-pod-4415,7242
7489,create,paib-gpu/openb-pod-1054,7243
7490,create,paib-gpu/openb-pod-6984,7244
7491,create,paib-gpu/openb-pod-3023,7245
7492,create,paib-gpu/openb-pod-6836,7246
7493,create,paib-gpu/openb-pod-5719,7247
7494,create,paib-gpu/openb-pod-5531,7248
7495,create,paib-gpu/openb-pod-0980,7249
7496,create,paib-gpu/openb-pod-7474,7250
7497,create,paib-gpu/openb-pod-4941,7251
7498,create,paib-gpu/openb-pod-2839,7252
7499,create,paib-gpu/openb-pod-1220,7253
7500,create,paib-gpu/openb-pod-2430,7254
7501,create,paib-gpu/openb-pod-6525,7255
7502,create,paib-gpu/openb-pod-8056,7256
7503,create,paib-gpu/openb-pod-2080,7257
7504,create,paib-gpu/openb-pod-6987,7258
7505,create,paib-gpu/openb-pod-4351,7259
7506,create,paib-gpu/openb-pod-1935,7260
7507,create,paib-gpu/openb-pod-1068,7261
7508,create,paib-gpu/openb-pod-1552,7262
7509,create,paib-gpu/openb-pod-4600,7263
7510,create,paib-gpu/openb-pod-3146,7264
7511,create,paib-gpu/openb-pod-3184,7265
7512,create,paib-gpu/openb-pod-2549,7266
7513,create,paib-gpu/openb-pod-0191,7267
7514,create,paib-gpu/openb-pod-1996,7268
7515,failed,paib-gpu/openb-pod-0534,7268
7516,create,paib-gpu/openb-pod-4036,7269
7517,create,paib-gpu/openb-pod-4123,7270
7518,create,paib-gpu/openb-pod-2427,7271
7519,create,paib-gpu/openb-pod-0344,7272
7520,create,paib-gpu/openb-pod-3335,7273
7521,create,paib-gpu/openb-pod-2660,7274
7522,create,paib-gpu/openb-pod-0235,7275
7523,create,paib-gpu/openb-pod-3001,7276
7524,create,paib-gpu/openb-pod-2147,7277
7525,create,paib-gpu/openb-pod-1319,7278
7526,create,paib-gpu/openb-pod-3054,7279
7527,create,paib-gpu/openb-pod-1610,7280
7528,create,paib-gpu/openb-pod-8100,7281
7529,create,paib-gpu/openb-pod-5941,7282
7530,create,paib-gpu/openb-pod-4802,7283
7531,create,paib-gpu/openb-pod-3026,7284
7532,create,paib-gpu/openb-pod-2260,7285
7533,create,paib-gpu/openb-pod-0246,7286
7534,create,paib-gpu/openb-pod-5054,7287
7535,failed,paib-gpu/openb-pod-6796,7287
7536,create,paib-gpu/openb-pod-2898,7288
7537,create,paib-gpu/openb-pod-4070,7289
7538,create,paib-gpu/openb-pod-4391,7290
7539,create,paib-gpu/openb-pod-6693,7291
7540,create,paib-gpu/openb-pod-2593,7292
7541,create,paib-gpu/openb-pod-6242,7293
7542,create,paib-gpu/openb-pod-7525,7294
7543,create,paib-gpu/openb-pod-0955,7295
7544,create,paib-gpu/openb-pod-3044,7296
7545,create,paib-gpu/openb-pod-1475,7297
7546,create,paib-gpu/openb-pod-2570,7298
7547,create,paib-gpu/openb-pod-1895,7299
7548,create,paib-gpu/openb-pod-7900,7300
7549,create,paib-gpu/openb-pod-6371,7301
7550,create,paib-gpu/openb-pod-4008,7302
7551,failed,paib-gpu/openb-pod-7314,7302
7552,create,paib-gpu/openb-pod-1744,7303
7553,create,paib-gpu/openb-pod-7245,7304
7554,create,paib-gpu/openb-pod-1295,7305
7555,create,paib-gpu/openb-pod-3937,7306
7556,failed,paib-gpu/openb-pod-4071,7306
7557,create,paib-gpu/openb-pod-2211,7307
7558,create,paib-gpu/openb-pod-7542,7308
7559,create,paib-gpu/openb-pod-4756,7309
7560,create,paib-gpu/openb-pod-1012,7310
7561,create,paib-gpu/openb-pod-3502,7311
7562,create,paib-gpu/openb-pod-7871,7312
7563,create,paib-gpu/openb-pod-4984,7313
7564,create,paib-gpu/openb-pod-2700,7314
7565,create,paib-gpu/openb-pod-5486,7315
7566,create,paib-gpu/openb-pod-3750,7316
7567,create,paib-gpu/openb-pod-4911,7317
7568,create,paib-gpu/openb-pod-2393,7318
7569,create,paib-gpu/openb-pod-7712,7319
7570,create,paib-gpu/openb-pod-4253,7320
7571,create,paib-gpu/openb-pod-1414,7321
7572,create,paib-gpu/openb-pod-6158,7322
7573,create,paib-gpu/openb-pod-7157,7323
7574,create,paib-gpu/openb-pod-3371,7324
7575,create,paib-gpu/openb-pod-5359,7325
7576,create,paib-gpu/openb-pod-3189,7326
7577,create,paib-gpu/openb-pod-7481,7327
7578,create,paib-gpu/openb-pod-7811,7328
7579,create,paib-gpu/openb-pod-0455,7329
7580,create,paib-gpu/openb-pod-7445,7330
7581,create,paib-gpu/openb-pod-3425,7331
7582,failed,paib-gpu/openb-pod-5298,7331
7583,create,paib-gpu/openb-pod-5913,7332
7584,create,paib-gpu/openb-pod-1519,7333
7585,create,paib-gpu/openb-pod-7101,7334
7586,create,paib-gpu/openb-pod-3929,7335
7587,create,paib-gpu/openb-pod-1711,7336
7588,failed,paib-gpu/openb-pod-6073,7336
7589,failed,paib-gpu/openb-pod-0812,7336
7590,create,paib-gpu/openb-pod-2202,7337
7591,failed,paib-gpu/openb-pod-7438,7337
7592,create,paib-gpu/openb-pod-6529,7338
7593,create,paib-gpu/openb-pod-1365,7339
7594,create,paib-gpu/openb-pod-5751,7340
7595,create,paib-gpu/openb-pod-4279,7341
7596,failed,paib-gpu/openb-pod-1664,7341
7597,create,paib-gpu/openb-pod-6153,7342
7598,failed,paib-gpu/openb-pod-2972,7342
7599,create,paib-gpu/openb-pod-6541,7343
7600,failed,paib-gpu/openb-pod-6240,7343
7601,create,paib-gpu/openb-pod-3938,7344
7602,create,paib-gpu/openb-pod-5322,7345
7603,create,paib-gpu/openb-pod-0336,7346
7604,create,paib-gpu/openb-pod-1317,7347
7605,create,paib-gpu/openb-pod-7816,7348
7606,create,paib-gpu/openb-pod-5560,7349
7607,create,paib-gpu/openb-pod-3193,7350
7608,create,paib-gpu/openb-pod-0545,7351
7609,create,paib-gpu/openb-pod-7328,7352
7610,create,paib-gpu/openb-pod-1199,7353
7611,create,paib-gpu/openb-pod-1153,7354
7612,create,paib-gpu/openb-pod-0045,7355
7613,create,paib-gpu/openb-pod-7836,7356
7614,create,paib-gpu/openb-pod-7025,7357
7615,create,paib-gpu/openb-pod-3158,7358
7616,create,paib-gpu/openb-pod-2115,7359
7617,create,paib-gpu/openb-pod-6583,7360
7618,create,paib-gpu/openb-pod-2985,7361
7619,failed,paib-gpu/openb-pod-7095,7361
7620,create,paib-gpu/openb-pod-7227,7362
7621,create,paib-gpu/openb-pod-3988,7363
7622,create,paib-gpu/openb-pod-4820,7364
7623,create,paib-gpu/openb-pod-4869,7365
7624,create,paib-gpu/openb-pod-4590,7366
7625,create,paib-gpu/openb-pod-7887,7367
7626,create,paib-gpu/openb-pod-6171,7368
7627,create,paib-gpu/openb-pod-3472,7369
7628,create,paib-gpu/openb-pod-3304,7370
7629,create,paib-gpu/openb-pod-1571,7371
7630,create,paib-gpu/openb-pod-2588,7372
7631,create,paib-gpu/openb-pod-0553,7373
7632,create,paib-gpu/openb-pod-6550,7374
7633,create,paib-gpu/openb-pod-5406,7375
7634,create,paib-gpu/openb-pod-7423,7376
7635,failed,paib-gpu/openb-pod-4273,7376
7636,failed,paib-gpu/openb-pod-5291,7376
7637,create,paib-gpu/openb-pod-0146,7377
7638,create,paib-gpu/openb-pod-0758,7378
7639,create,paib-gpu/openb-pod-4345,7379
7640,create,paib-gpu/openb-pod-7099,7380
7641,create,paib-gpu/openb-pod-4464,7381
7642,create,paib-gpu/openb-pod-6002,7382
7643,create,paib-gpu/openb-pod-6394,7383
7644,create,paib-gpu/openb-pod-2515,7384
7645,create,paib-gpu/openb-pod-3722,7385
7646,create,paib-gpu/openb-pod-0997,7386
7647,failed,paib-gpu/openb-pod-0462,7386
7648,failed,paib-gpu/openb-pod-4582,7386
7649,create,paib-gpu/openb-pod-4247,7387
7650,create,paib-gpu/openb-pod-1487,7388
7651,create,paib-gpu/openb-pod-6905,7389
7652,create,paib-gpu/openb-pod-3625,7390
7653,create,paib-gpu/openb-pod-7986,7391
7654,create,paib-gpu/openb-pod-3332,7392
7655,create,paib-gpu/openb-pod-6094,7393
7656,create,paib-gpu/openb-pod-0176,7394
7657,failed,paib-gpu/openb-pod-5529,7394
7658,create,paib-gpu/openb-pod-1322,7395
7659,create,paib-gpu/openb-pod-3166,7396
7660,failed,paib-gpu/openb-pod-3100,7396
7661,create,paib-gpu/openb-pod-2054,7397
7662,create,paib-gpu/openb-pod-2656,7398
7663,create,paib-gpu/openb-pod-4605,7399
7664,create,paib-gpu/openb-pod-2380,7400
7665,create,paib-gpu/openb-pod-7842,7401
7666,create,paib-gpu/openb-pod-5601,7402
7667,create,paib-gpu/openb-pod-5924,7403
7668,create,paib-gpu/openb-pod-5328,7404
7669,failed,paib-gpu/openb-pod-4016,7404
7670,create,paib-gpu/openb-pod-0580,7405
7671,create,paib-gpu/openb-pod-3645,7406
7672,create,paib-gpu/openb-pod-3933,7407
7673,create,paib-gpu/openb-pod-3021,7408
7674,create,paib-gpu/openb-pod-4578,7409
7675,create,paib-gpu/openb-pod-3347,7410
7676,create,paib-gpu/openb-pod-5096,7411
7677,create,paib-gpu/openb-pod-4158,7412
7678,create,paib-gpu/openb-pod-6254,7413
7679,create,paib-gpu/openb-pod-7144,7414
7680,create,paib-gpu/openb-pod-2365,7415
7681,create,paib-gpu/openb-pod-2579,7416
7682,failed,paib-gpu/openb-pod-5370,7416
7683,create,paib-gpu/openb-pod-0311,7417
7684,create,paib-gpu/openb-pod-7491,7418
7685,failed,paib-gpu/openb-pod-0458,7418
7686,create,paib-gpu/openb-pod-7782,7419
7687,create,paib-gpu/openb-pod-4557,7420
7688,create,paib-gpu/openb-pod-0611,7421
7689,create,paib-gpu/openb-pod-1922,7422
7690,create,paib-gpu/openb-pod-4818,7423
7691,create,paib-gpu/openb-pod-4330,7424
7692,create,paib-gpu/openb-pod-0139,7425
7693,create,paib-gpu/openb-pod-5309,7426
7694,create,paib-gpu/openb-pod-7217,7427
7695,create,paib-gpu/openb-pod-4343,7428
7696,create,paib-gpu/openb-pod-1684,7429
7697,failed,paib-gpu/openb-pod-4108,7429
7698,create,paib-gpu/openb-pod-5172,7430
7699,create,paib-gpu/openb-pod-3206,7431
7700,create,paib-gpu/openb-pod-7369,7432
7701,failed,paib-gpu/openb-pod-1783,7432
7702,create,paib-gpu/openb-pod-3909,7433
7703,create,paib-gpu/openb-pod-2545,7434
7704,failed,paib-gpu/openb-pod-7492,7434
7705,create,paib-gpu/openb-pod-7313,7435
7706,create,paib-gpu/openb-pod-5900,7436
7707,create,paib-gpu/openb-pod-1710,7437
7708,create,paib-gpu/openb-pod-7516,7438
7709,create,paib-gpu/openb-pod-8060,7439
7710,create,paib-gpu/openb-pod-1147,7440
7711,create,paib-gpu/openb-pod-2776,7441
7712,create,paib-gpu/openb-pod-7192,7442
7713,create,paib-gpu/openb-pod-6289,7443
7714,create,paib-gpu/openb-pod-3376,7444
7715,create,paib-gpu/openb-pod-1580,7445
7716,create,paib-gpu/openb-pod-3836,7446
7717,create,paib-gpu/openb-pod-6981,7447
7718,failed,paib-gpu/openb-pod-5994,7447
7719,create,paib-gpu/openb-pod-7725,7448
7720,create,paib-gpu/openb-pod-1477,7449
7721,create,paib-gpu/openb-pod-5931,7450
7722,create,paib-gpu/openb-pod-6284,7451
7723,create,paib-gpu/openb-pod-1915,7452
7724,create,paib-gpu/openb-pod-1835,7453
7725,create,paib-gpu/openb-pod-5143,7454
7726,create,paib-gpu/openb-pod-2258,7455
7727,create,paib-gpu/openb-pod-6855,7456
7728,create,paib-gpu/openb-pod-4970,7457
7729,create,paib-gpu/openb-pod-5295,7458
7730,create,paib-gpu/openb-pod-1310,7459
7731,create,paib-gpu/openb-pod-6962,7460
7732,create,paib-gpu/openb-pod-4571,7461
7733,create,paib-gpu/openb-pod-2948,7462
7734,create,paib-gpu/openb-pod-7198,7463
7735,failed,paib-gpu/openb-pod-7317,7463
7736,create,paib-gpu/openb-pod-0796,7464
7737,create,paib-gpu/openb-pod-7645,7465
7738,create,paib-gpu/openb-pod-4357,7466
7739,create,paib-gpu/openb-pod-4559,7467
7740,create,paib-gpu/openb-pod-2455,7468
7741,failed,paib-gpu/openb-pod-1354,7468
7742,create,paib-gpu/openb-pod-2619,7469
7743,create,paib-gpu/openb-pod-7614,7470
7744,create,paib-gpu/openb-pod-2884,7471
7745,create,paib-gpu/openb-pod-0775,7472
7746,failed,paib-gpu/openb-pod-2657,7472
7747,create,paib-gpu/openb-pod-0142,7473
7748,create,paib-gpu/openb-pod-0613,7474
7749,create,paib-gpu/openb-pod-1831,7475
7750,create,paib-gpu/openb-pod-2735,7476
7751,create,paib-gpu/openb-pod-5617,7477
7752,failed,paib-gpu/openb-pod-3254,7477
7753,create,paib-gpu/openb-pod-7882,7478
7754,create,paib-gpu/openb-pod-2452,7479
7755,create,paib-gpu/openb-pod-7775,7480
7756,failed,paib-gpu/openb-pod-3694,7480
7757,create,paib-gpu/openb-pod-4897,7481
7758,create,paib-gpu/openb-pod-1206,7482
7759,create,paib-gpu/openb-pod-7156,7483
7760,create,paib-gpu/openb-pod-6618,7484
7761,create,paib-gpu/openb-pod-2363,7485
7762,create,paib-gpu/openb-pod-5337,7486
7763,create,paib-gpu/openb-pod-5423,7487
7764,create,paib-gpu/openb-pod-6760,7488
7765,create,paib-gpu/openb-pod-0924,7489
7766,create,paib-gpu/openb-pod-6407,7490
7767,create,paib-gpu/openb-pod-4361,7491
7768,failed,paib-gpu/openb-pod-7333,7491
7769,create,paib-gpu/openb-pod-1616,7492
7770,create,paib-gpu/openb-pod-0793,7493
7771,create,paib-gpu/openb-pod-6489,7494
7772,create,paib-gpu/openb-pod-2550,7495
7773,create,paib-gpu/openb-pod-5847,7496
7774,create,paib-gpu/openb-pod-1285,7497
7775,create,paib-gpu/openb-pod-2316,7498
7776,failed,paib-gpu/openb-pod-0171,7498
7777,create,paib-gpu/openb-pod-1361,7499
7778,create,paib-gpu/openb-pod-6507,7500
7779,create,paib-gpu/openb-pod-4905,7501
7780,create,paib-gpu/openb-pod-7709,7502
7781,failed,paib-gpu/openb-pod-2730,7502
7782,create,paib-gpu/openb-pod-5260,7503
7783,create,paib-gpu/openb-pod-3467,7504
7784,create,paib-gpu/openb-pod-2753,7505
7785,create,paib-gpu/openb-pod-2662,7506
7786,create,paib-gpu/openb-pod-1034,7507
7787,create,paib-gpu/openb-pod-4236,7508
7788,create,paib-gpu/openb-pod-5481,7509
7789,create,paib-gpu/openb-pod-2538,7510
7790,create,paib-gpu/openb-pod-0761,7511
7791,create,paib-gpu/openb-pod-1503,7512
7792,create,paib-gpu/openb-pod-0927,7513
7793,create,paib-gpu/openb-pod-3129,7514
7794,create,paib-gpu/openb-pod-5464,7515
7795,create,paib-gpu/openb-pod-6269,7516
7796,create,paib-gpu/openb-pod-0875,7517
7797,create,paib-gpu/openb-pod-7371,7518
7798,create,paib-gpu/openb-pod-0436,7519
7799,create,paib-gpu/openb-pod-8001,7520
7800,create,paib-gpu/openb-pod-2124,7521
7801,create,paib-gpu/openb-pod-0881,7522
7802,create,paib-gpu/openb-pod-0598,7523
7803,failed,paib-gpu/openb-pod-1338,7523
7804,create,paib-gpu/openb-pod-5758,7524
7805,failed,paib-gpu/openb-pod-1395,7524
7806,create,paib-gpu/openb-pod-5238,7525
7807,create,paib-gpu/openb-pod-3535,7526
7808,create,paib-gpu/openb-pod-1297,7527
7809,create,paib-gpu/openb-pod-5764,7528
7810,create,paib-gpu/openb-pod-7873,7529
7811,create,paib-gpu/openb-pod-1547,7530
7812,create,paib-gpu/openb-pod-0585,7531
7813,create,paib-gpu/openb-pod-7892,7532
7814,create,paib-gpu/openb-pod-6126,7533
7815,create,paib-gpu/openb-pod-6166,7534
7816,create,paib-gpu/openb-pod-4085,7535
7817,create,paib-gpu/openb-pod-2638,7536
7818,create,paib-gpu/openb-pod-6431,7537
7819,create,paib-gpu/openb-pod-6972,7538
7820,create,paib-gpu/openb-pod-6246,7539
7821,create,paib-gpu/openb-pod-6934,7540
7822,create,paib-gpu/openb-pod-0596,7541
7823,create,paib-gpu/openb-pod-1865,7542
7824,create,paib-gpu/openb-pod-3597,7543
7825,create,paib-gpu/openb-pod-6800,7544
7826,create,paib-gpu/openb-pod-7251,7545
7827,failed,paib-gpu/openb-pod-5731,7545
7828,create,paib-gpu/openb-pod-3748,7546
7829,create,paib-gpu/openb-pod-3025,7547
7830,create,paib-gpu/openb-pod-4934,7548
7831,create,paib-gpu/openb-pod-4809,7549
7832,create,paib-gpu/openb-pod-1481,7550
7833,create,paib-gpu/openb-pod-5471,7551
7834,create,paib-gpu/openb-pod-1074,7552
7835,create,paib-gpu/openb-pod-4126,7553
7836,create,paib-gpu/openb-pod-5585,7554
7837,create,paib-gpu/openb-pod-3058,7555
7838,create,paib-gpu/openb-pod-1898,7556
7839,create,paib-gpu/openb-pod-6075,7557
7840,create,paib-gpu/openb-pod-7608,7558
7841,create,paib-gpu/openb-pod-8078,7559
7842,create,paib-gpu/openb-pod-0784,7560
7843,create,paib-gpu/openb-pod-0273,7561
7844,create,paib-gpu/openb-pod-1309,7562
7845,create,paib-gpu/openb-pod-4667,7563
7846,create,paib-gpu/openb-pod-3769,7564
7847,create,paib-gpu/openb-pod-4256,7565
7848,create,paib-gpu/openb-pod-3239,7566
7849,failed,paib-gpu/openb-pod-5788,7566
7850,create,paib-gpu/openb-pod-7861,7567
7851,create,paib-gpu/openb-pod-0588,7568
7852,create,paib-gpu/openb-pod-6392,7569
7853,create,paib-gpu/openb-pod-7883,7570
7854,create,paib-gpu/openb-pod-7239,7571
7855,create,paib-gpu/openb-pod-1472,7572
7856,create,paib-gpu/openb-pod-4647,7573
7857,create,paib-gpu/openb-pod-1972,7574
7858,create,paib-gpu/openb-pod-2160,7575
7859,create,paib-gpu/openb-pod-6410,7576
7860,failed,paib-gpu/openb-pod-7914,7576
7861,create,paib-gpu/openb-pod-0765,7577
7862,create,paib-gpu/openb-pod-2319,7578
7863,create,paib-gpu/openb-pod-1987,7579
7864,create,paib-gpu/openb-pod-2269,7580
7865,create,paib-gpu/openb-pod-3732,7581
7866,create,paib-gpu/openb-pod-5669,7582
7867,create,paib-gpu/openb-pod-4442,7583
7868,create,paib-gpu/openb-pod-2246,7584
7869,create,paib-gpu/openb-pod-7578,7585
7870,create,paib-gpu/openb-pod-5826,7586
7871,create,paib-gpu/openb-pod-3673,7587
7872,create,paib-gpu/openb-pod-1084,7588
7873,create,paib-gpu/openb-pod-1225,7589
7874,create,paib-gpu/openb-pod-1065,7590
7875,create,paib-gpu/openb-pod-7956,7591
7876,create,paib-gpu/openb-pod-3514,7592
7877,create,paib-gpu/openb-pod-2411,7593
7878,create,paib-gpu/openb-pod-1825,7594
7879,create,paib-gpu/openb-pod-7920,7595
7880,create,paib-gpu/openb-pod-2734,7596
7881,create,paib-gpu/openb-pod-4536,7597
7882,create,paib-gpu/openb-pod-1331,7598
7883,create,paib-gpu/openb-pod-6542,7599
7884,failed,paib-gpu/openb-pod-1557,7599
7885,create,paib-gpu/openb-pod-6748,7600
7886,create,paib-gpu/openb-pod-0286,7601
7887,create,paib-gpu/openb-pod-1255,7602
7888,create,paib-gpu/openb-pod-5629,7603
7889,create,paib-gpu/openb-pod-1466,7604
7890,create,paib-gpu/openb-pod-0169,7605
7891,create,paib-gpu/openb-pod-2777,7606
7892,create,paib-gpu/openb-pod-7506,7607
7893,create,paib-gpu/openb-pod-5040,7608
7894,create,paib-gpu/openb-pod-2853,7609
7895,create,paib-gpu/openb-pod-5600,7610
7896,create,paib-gpu/openb-pod-1498,7611
7897,create,paib-gpu/openb-pod-8032,7612
7898,failed,paib-gpu/openb-pod-6555,7612
7899,create,paib-gpu/openb-pod-2444,7613
7900,create,paib-gpu/openb-pod-7710,7614
7901,create,paib-gpu/openb-pod-4139,7615
7902,create,paib-gpu/openb-pod-3838,7616
7903,failed,paib-gpu/openb-pod-7686,7616
7904,create,paib-gpu/openb-pod-5320,7617
7905,create,paib-gpu/openb-pod-7699,7618
7906,create,paib-gpu/openb-pod-6778,7619
7907,create,paib-gpu/openb-pod-7514,7620
7908,create,paib-gpu/openb-pod-6929,7621
7909,create,paib-gpu/openb-pod-6572,7622
7910,create,paib-gpu/openb-pod-1811,7623
7911,create,paib-gpu/openb-pod-2530,7624
7912,create,paib-gpu/openb-pod-4058,7625
7913,failed,paib-gpu/openb-pod-1083,7625
7914,create,paib-gpu/openb-pod-0472,7626
7915,create,paib-gpu/openb-pod-4497,7627
7916,create,paib-gpu/openb-pod-0903,7628
7917,create,paib-gpu/openb-pod-0482,7629
7918,create,paib-gpu/openb-pod-0673,7630
7919,create,paib-gpu/openb-pod-2802,7631
7920,create,paib-gpu/openb-pod-6633,7632
7921,create,paib-gpu/openb-pod-7292,7633
7922,create,paib-gpu/openb-pod-3192,7634
7923,create,paib-gpu/openb-pod-1840,7635
7924,create,paib-gpu/openb-pod-0309,7636
7925,create,paib-gpu/openb-pod-2049,7637
7926,create,paib-gpu/openb-pod-8004,7638
7927,create,paib-gpu/openb-pod-2539,7639
7928,create,paib-gpu/openb-pod-2371,7640
7929,create,paib-gpu/openb-pod-7707,7641
7930,create,paib-gpu/openb-pod-6950,7642
7931,create,paib-gpu/openb-pod-3334,7643
7932,create,paib-gpu/openb-pod-2197,7644
7933,create,paib-gpu/openb-pod-1609,7645
7934,create,paib-gpu/openb-pod-1404,7646
7935,create,paib-gpu/openb-pod-5535,7647
7936,create,paib-gpu/openb-pod-6742,7648
7937,create,paib-gpu/openb-pod-1267,7649
7938,create,paib-gpu/openb-pod-2448,7650
7939,create,paib-gpu/openb-pod-4651,7651
7940,create,paib-gpu/openb-pod-7569,7652
7941,create,paib-gpu/openb-pod-3654,7653
7942,failed,paib-gpu/openb-pod-5285,7653
7943,create,paib-gpu/openb-pod-7687,7654
7944,create,paib-gpu/openb-pod-5592,7655
7945,create,paib-gpu/openb-pod-0768,7656
7946,create,paib-gpu/openb-pod-4613,7657
7947,create,paib-gpu/openb-pod-7477,7658
7948,create,paib-gpu/openb-pod-5918,7659
7949,create,paib-gpu/openb-pod-6061,7660
7950,create,paib-gpu/openb-pod-1657,7661
7951,create,paib-gpu/openb-pod-4633,7662
7952,create,paib-gpu/openb-pod-0170,7663
7953,create,paib-gpu/openb-pod-2426,7664
7954,create,paib-gpu/openb-pod-3177,7665
7955,create,paib-gpu/openb-pod-2389,7666
7956,failed,paib-gpu/openb-pod-7814,7666
7957,create,paib-gpu/openb-pod-3898,7667
7958,create,paib-gpu/openb-pod-2332,7668
7959,create,paib-gpu/openb-pod-1814,7669
7960,failed,paib-gpu/openb-pod-1691,7669
7961,create,paib-gpu/openb-pod-1086,7670
7962,create,paib-gpu/openb-pod-1456,7671
7963,create,paib-gpu/openb-pod-0445,7672
7964,create,paib-gpu/openb-pod-0929,7673
7965,create,paib-gpu/openb-pod-7212,7674
7966,create,paib-gpu/openb-pod-1033,7675
7967,create,paib-gpu/openb-pod-7081,7676
7968,create,paib-gpu/openb-pod-2849,7677
7969,create,paib-gpu/openb-pod-4698,7678
7970,create,paib-gpu/openb-pod-2503,7679
7971,create,paib-gpu/openb-pod-0922,7680
7972,create,paib-gpu/openb-pod-5835,7681
7973,create,paib-gpu/openb-pod-6993,7682
7974,create,paib-gpu/openb-pod-4258,7683
7975,create,paib-gpu/openb-pod-2017,7684
7976,create,paib-gpu/openb-pod-3320,7685
7977,create,paib-gpu/openb-pod-6323,7686
7978,failed,paib-gpu/openb-pod-5829,7686
7979,create,paib-gpu/openb-pod-6710,7687
7980,create,paib-gpu/openb-pod-4531,7688
7981,create,paib-gpu/openb-pod-6598,7689
7982,create,paib-gpu/openb-pod-2525,7690
7983,create,paib-gpu/openb-pod-4195,7691
7984,create,paib-gpu/openb-pod-4870,7692
7985,create,paib-gpu/openb-pod-6302,7693
7986,create,paib-gpu/openb-pod-3792,7694
7987,create,paib-gpu/openb-pod-4059,7695
7988,create,paib-gpu/openb-pod-7287,7696
7989,create,paib-gpu/openb-pod-2957,7697
7990,create,paib-gpu/openb-pod-7085,7698
7991,create,paib-gpu/openb-pod-3824,7699
7992,create,paib-gpu/openb-pod-4055,7700
7993,create,paib-gpu/openb-pod-0496,7701
7994,create,paib-gpu/openb-pod-6965,7702
7995,failed,paib-gpu/openb-pod-3360,7702
7996,create,paib-gpu/openb-pod-2641,7703
7997,create,paib-gpu/openb-pod-5106,7704
7998,failed,paib-gpu/openb-pod-2617,7704
7999,create,paib-gpu/openb-pod-3706,7705
8000,create,paib-gpu/openb-pod-1271,7706
8001,create,paib-gpu/openb-pod-3392,7707
8002,create,paib-gpu/openb-pod-7462,7708
8003,create,paib-gpu/openb-pod-0897,7709
8004,failed,paib-gpu/openb-pod-6316,7709
8005,create,paib-gpu/openb-pod-6765,7710
8006,create,paib-gpu/openb-pod-5631,7711
8007,create,paib-gpu/openb-pod-7507,7712
8008,create,paib-gpu/openb-pod-0202,7713
8009,create,paib-gpu/openb-pod-3340,7714
8010,create,paib-gpu/openb-pod-4555,7715
8011,create,paib-gpu/openb-pod-5475,7716
8012,create,paib-gpu/openb-pod-5255,7717
8013,create,paib-gpu/openb-pod-1239,7718
8014,create,paib-gpu/openb-pod-5895,7719
8015,create,paib-gpu/openb-pod-1250,7720
8016,create,paib-gpu/openb-pod-1918,7721
8017,create,paib-gpu/openb-pod-3080,7722
8018,create,paib-gpu/openb-pod-7437,7723
8019,create,paib-gpu/openb-pod-2015,7724
8020,create,paib-gpu/openb-pod-1154,7725
8021,create,paib-gpu/openb-pod-3863,7726
8022,create,paib-gpu/openb-pod-4423,7727
8023,create,paib-gpu/openb-pod-7461,7728
8024,create,paib-gpu/openb-pod-0891,7729
8025,create,paib-gpu/openb-pod-3453,7730
8026,create,paib-gpu/openb-pod-0515,7731
8027,create,paib-gpu/openb-pod-7957,7732
8028,create,paib-gpu/openb-pod-1732,7733
8029,create,paib-gpu/openb-pod-5513,7734
8030,create,paib-gpu/openb-pod-7254,7735
8031,create,paib-gpu/openb-pod-0671,7736
8032,create,paib-gpu/openb-pod-1460,7737
8033,create,paib-gpu/openb-pod-8106,7738
8034,create,paib-gpu/openb-pod-0887,7739
8035,create,paib-gpu/openb-pod-0011,7740
8036,create,paib-gpu/openb-pod-2614,7741
8037,create,paib-gpu/openb-pod-5946,7742
8038,create,paib-gpu/openb-pod-6629,7743
8039,create,paib-gpu/openb-pod-2019,7744
8040,create,paib-gpu/openb-pod-8114,7745
8041,create,paib-gpu/openb-pod-5253,7746
8042,create,paib-gpu/openb-pod-2974,7747
8043,create,paib-gpu/openb-pod-5134,7748
8044,create,paib-gpu/openb-pod-5958,7749
8045,create,paib-gpu/openb-pod-2647,7750
8046,create,paib-gpu/openb-pod-4261,7751
8047,create,paib-gpu/openb-pod-7385,7752
8048,create,paib-gpu/openb-pod-7402,7753
8049,failed,paib-gpu/openb-pod-1120,7753
8050,create,paib-gpu/openb-pod-8131,7754
8051,create,paib-gpu/openb-pod-7907,7755
8052,create,paib-gpu/openb-pod-0110,7756
8053,create,paib-gpu/openb-pod-4664,7757
8054,create,paib-gpu/openb-pod-3331,7758
8055,failed,paib-gpu/openb-pod-7669,7758
8056,create,paib-gpu/openb-pod-2661,7759
8057,failed,paib-gpu/openb-pod-4263,7759
8058,create,paib-gpu/openb-pod-5420,7760
8059,create,paib-gpu/openb-pod-1579,7761
8060,create,paib-gpu/openb-pod-6872,7762
8061,create,paib-gpu/openb-pod-8010,7763
8062,failed,paib-gpu/openb-pod-2204,7763
8063,create,paib-gpu/openb-pod-6402,7764
8064,create,paib-gpu/openb-pod-1726,7765
8065,create,paib-gpu/openb-pod-1260,7766
8066,create,paib-gpu/openb-pod-6605,7767
8067,create,paib-gpu/openb-pod-5703,7768
8068,create,paib-gpu/openb-pod-3577,7769
8069,failed,paib-gpu/openb-pod-5928,7769
8070,create,paib-gpu/openb-pod-2203,7770
8071,create,paib-gpu/openb-pod-7781,7771
8072,create,paib-gpu/openb-pod-7384,7772
8073,create,paib-gpu/openb-pod-7058,7773
8074,create,paib-gpu/openb-pod-3880,7774
8075,create,paib-gpu/openb-pod-0795,7775
8076,create,paib-gpu/openb-pod-3621,7776
8077,create,paib-gpu/openb-pod-4369,7777
8078,create,paib-gpu/openb-pod-5153,7778
8079,create,paib-gpu/openb-pod-7193,7779
8080,create,paib-gpu/openb-pod-3666,7780
8081,create,paib-gpu/openb-pod-5646,7781
8082,create,paib-gpu/openb-pod-2043,7782
8083,create,paib-gpu/openb-pod-7007,7783
8084,create,paib-gpu/openb-pod-7259,7784
8085,create,paib-gpu/openb-pod-4671,7785
8086,create,paib-gpu/openb-pod-2469,7786
8087,create,paib-gpu/openb-pod-2412,7787
8088,create,paib-gpu/openb-pod-0490,7788
8089,create,paib-gpu/openb-pod-5862,7789
8090,create,paib-gpu/openb-pod-1355,7790
8091,create,paib-gpu/openb-pod-5542,7791
8092,create,paib-gpu/openb-pod-7394,7792
8093,create,paib-gpu/openb-pod-2095,7793
8094,create,paib-gpu/openb-pod-0316,7794
8095,create,paib-gpu/openb-pod-2307,7795
8096,create,paib-gpu/openb-pod-3669,7796
8097,create,paib-gpu/openb-pod-1894,7797
8098,create,paib-gpu/openb-pod-4315,7798
8099,create,paib-gpu/openb-pod-6426,7799
8100,create,paib-gpu/openb-pod-7600,7800
8101,create,paib-gpu/openb-pod-1430,7801
8102,create,paib-gpu/openb-pod-1514,7802
8103,create,paib-gpu/openb-pod-6393,7803
8104,create,paib-gpu/openb-pod-4513,7804
8105,create,paib-gpu/openb-pod-4406,7805
8106,create,paib-gpu/openb-pod-6766,7806
8107,create,paib-gpu/openb-pod-4636,7807
8108,failed,paib-gpu/openb-pod-5712,7807
8109,create,paib-gpu/openb-pod-0461,7808
8110,create,paib-gpu/openb-pod-2070,7809
8111,create,paib-gpu/openb-pod-6132,7810
8112,create,paib-gpu/openb-pod-6029,7811
8113,create,paib-gpu/openb-pod-5089,7812
8114,create,paib-gpu/openb-pod-1230,7813
8115,create,paib-gpu/openb-pod-6946,7814
8116,create,paib-gpu/openb-pod-7603,7815
8117,create,paib-gpu/openb-pod-7902,7816
8118,create,paib-gpu/openb-pod-0570,7817
8119,create,paib-gpu/openb-pod-8098,7818
8120,create,paib-gpu/openb-pod-7248,7819
8121,create,paib-gpu/openb-pod-5861,7820
8122,create,paib-gpu/openb-pod-2983,7821
8123,create,paib-gpu/openb-pod-1714,7822
8124,create,paib-gpu/openb-pod-3662,7823
8125,create,paib-gpu/openb-pod-1056,7824
8126,create,paib-gpu/openb-pod-7532,7825
8127,create,paib-gpu/openb-pod-0341,7826
8128,create,paib-gpu/openb-pod-5304,7827
8129,create,paib-gpu/openb-pod-1846,7828
8130,create,paib-gpu/openb-pod-2330,7829
8131,create,paib-gpu/openb-pod-2766,7830
8132,create,paib-gpu/openb-pod-0970,7831
8133,create,paib-gpu/openb-pod-7896,7832
8134,failed,paib-gpu/openb-pod-7660,7832
8135,create,paib-gpu/openb-pod-5824,7833
8136,create,paib-gpu/openb-pod-5796,7834
8137,create,paib-gpu/openb-pod-3793,7835
8138,create,paib-gpu/openb-pod-5404,7836
8139,create,paib-gpu/openb-pod-0986,7837
8140,create,paib-gpu/openb-pod-2944,7838
8141,create,paib-gpu/openb-pod-1774,7839
8142,create,paib-gpu/openb-pod-5990,7840
8143,create,paib-gpu/openb-pod-5264,7841
8144,failed,paib-gpu/openb-pod-3119,7841
8145,create,paib-gpu/openb-pod-3131,7842
8146,create,paib-gpu/openb-pod-6622,7843
8147,create,paib-gpu/openb-pod-3122,7844
8148,create,paib-gpu/openb-pod-0357,7845
8149,create,paib-gpu/openb-pod-1701,7846
8150,create,paib-gpu/openb-pod-4923,7847
8151,create,paib-gpu/openb-pod-0538,7848
8152,create,paib-gpu/openb-pod-3888-tuned-0,7849
8153,create,paib-gpu/openb-pod-5689-tuned-1,7850
8154,create,paib-gpu/openb-pod-2936-tuned-2,7851
8155,create,paib-gpu/openb-pod-0788-tuned-3,7852
8156,create,paib-gpu/openb-pod-5416-tuned-4,7853
8157,failed,paib-gpu/openb-pod-0104-tuned-5,7853
8158,create,paib-gpu/openb-pod-5457-tuned-6,7854
8159,create,paib-gpu/openb-pod-3884-tuned-7,7855
8160,create,paib-gpu/openb-pod-0409-tuned-8,7856
8161,create,paib-gpu/openb-pod-5943-tuned-9,7857
8162,create,paib-gpu/openb-pod-7224-tuned-10,7858
8163,create,paib-gpu/openb-pod-8104-tuned-11,7859
8164,create,paib-gpu/openb-pod-4282-tuned-12,7860
8165,create,paib-gpu/openb-pod-6363-tuned-13,7861
8166,create,paib-gpu/openb-pod-2310-tuned-14,7862
8167,failed,paib-gpu/openb-pod-3635-tuned-15,7862
8168,create,paib-gpu/openb-pod-6483-tuned-16,7863
8169,create,paib-gpu/openb-pod-6281-tuned-17,7864
8170,create,paib-gpu/openb-pod-7638-tuned-18,7865
8171,create,paib-gpu/openb-pod-7416-tuned-19,7866
8172,create,paib-gpu/openb-pod-0694-tuned-20,7867
8173,create,paib-gpu/openb-pod-0035-tuned-21,7868
8174,failed,paib-gpu/openb-pod-2899-tuned-22,7868
8175,create,paib-gpu/openb-pod-4413-tuned-23,7869
8176,create,paib-gpu/openb-pod-3538-tuned-24,7870
8177,create,paib-gpu/openb-pod-0739-tuned-25,7871
8178,create,paib-gpu/openb-pod-0204-tuned-26,7872
8179,create,paib-gpu/openb-pod-5875-tuned-27,7873
8180,failed,paib-gpu/openb-pod-3767-tuned-28,7873
8181,create,paib-gpu/openb-pod-2352-tuned-29,7874
8182,create,paib-gpu/openb-pod-7110-tuned-30,7875
8183,create,paib-gpu/openb-pod-2885-tuned-31,7876
8184,create,paib-gpu/openb-pod-4199-tuned-32,7877
8185,create,paib-gpu/openb-pod-3632-tuned-33,7878
8186,create,paib-gpu/openb-pod-8028-tuned-34,7879
8187,create,paib-gpu/openb-pod-3790-tuned-35,7880
8188,create,paib-gpu/openb-pod-2097-tuned-36,7881
8189,create,paib-gpu/openb-pod-3060-tuned-37,7882
8190,create,paib-gpu/openb-pod-4998-tuned-38,7883
8191,create,paib-gpu/openb-pod-1219-tuned-39,7884
8192,create,paib-gpu/openb-pod-0156-tuned-40,7885
8193,create,paib-gpu/openb-pod-3489-tuned-41,7886
8194,create,paib-gpu/openb-pod-0435-tuned-42,7887
8195,create,paib-gpu/openb-pod-0950-tuned-43,7888
8196,create,paib-gpu/openb-pod-3302-tuned-44,7889
8197,create,paib-gpu/openb-pod-3191-tuned-45,7890
8198,create,paib-gpu/openb-pod-6599-tuned-46,7891
8199,create,paib-gpu/openb-pod-7433-tuned-47,7892
8200,create,paib-gpu/openb-pod-6466-tuned-48,7893
8201,create,paib-gpu/openb-pod-1279-tuned-49,7894
8202,create,paib-gpu/openb-pod-1436-tuned-50,7895
8203,create,paib-gpu/openb-pod-4702-tuned-51,7896
8204,create,paib-gpu/openb-pod-1491-tuned-52,7897
8205,create,paib-gpu/openb-pod-1006-tuned-53,7898
8206,create,paib-gpu/openb-pod-7967-tuned-54,7899
8207,create,paib-gpu/openb-pod-2873-tuned-55,7900
8208,create,paib-gpu/openb-pod-0370-tuned-56,7901
8209,create,paib-gpu/openb-pod-2688-tuned-57,7902
8210,create,paib-gpu/openb-pod-0896-tuned-58,7903
8211,create,paib-gpu/openb-pod-4603-tuned-59,7904
8212,create,paib-gpu/openb-pod-7143-tuned-60,7905
8213,failed,paib-gpu/openb-pod-0346-tuned-61,7905
8214,create,paib-gpu/openb-pod-0272-tuned-62,7906
8215,create,paib-gpu/openb-pod-4717-tuned-63,7907
8216,create,paib-gpu/openb-pod-1419-tuned-64,7908
8217,create,paib-gpu/openb-pod-6293-tuned-65,7909
8218,create,paib-gpu/openb-pod-6989-tuned-66,7910
8219,create,paib-gpu/openb-pod-6120-tuned-67,7911
8220,create,paib-gpu/openb-pod-2057-tuned-68,7912
8221,create,paib-gpu/openb-pod-1483-tuned-69,7913
8222,create,paib-gpu/openb-pod-1021-tuned-70,7914
8223,create,paib-gpu/openb-pod-1397-tuned-71,7915
8224,create,paib-gpu/openb-pod-0858-tuned-72,7916
8225,create,paib-gpu/openb-pod-4676-tuned-73,7917
8226,create,paib-gpu/openb-pod-6728-tuned-74,7918
8227,create,paib-gpu/openb-pod-7428-tuned-75,7919
8228,create,paib-gpu/openb-pod-2512-tuned-76,7920
8229,create,paib-gpu/openb-pod-6784-tuned-77,7921
8230,create,paib-gpu/openb-pod-5601-tuned-78,7922
8231,create,paib-gpu/openb-pod-2688-tuned-79,7923
8232,create,paib-gpu/openb-pod-6690-tuned-80,7924
8233,create,paib-gpu/openb-pod-8076-tuned-81,7925
8234,create,paib-gpu/openb-pod-4944-tuned-82,7926
8235,create,paib-gpu/openb-pod-4839-tuned-83,7927
8236,create,paib-gpu/openb-pod-0173-tuned-84,7928
8237,create,paib-gpu/openb-pod-5012-tuned-85,7929
8238,create,paib-gpu/openb-pod-1950-tuned-86,7930
8239,create,paib-gpu/openb-pod-8046-tuned-87,7931
8240,failed,paib-gpu/openb-pod-2992-tuned-88,7931
8241,create,paib-gpu/openb-pod-7390-tuned-89,7932
8242,create,paib-gpu/openb-pod-1609-tuned-90,7933
8243,create,paib-gpu/openb-pod-8019-tuned-91,7934
8244,create,paib-gpu/openb-pod-2235-tuned-92,7935
8245,create,paib-gpu/openb-pod-7819-tuned-93,7936
8246,create,paib-gpu/openb-pod-3624-tuned-94,7937
8247,create,paib-gpu/openb-pod-0743-tuned-95,7938
8248,create,paib-gpu/openb-pod-7867-tuned-96,7939
8249,create,paib-gpu/openb-pod-0514-tuned-97,7940
8250,create,paib-gpu/openb-pod-6803-tuned-98,7941
8251,create,paib-gpu/openb-pod-4768-tuned-99,7942
8252,create,paib-gpu/openb-pod-4085-tuned-100,7943
8253,create,paib-gpu/openb-pod-6189-tuned-101,7944
8254,create,paib-gpu/openb-pod-5003-tuned-102,7945
8255,create,paib-gpu/openb-pod-5107-tuned-103,7946
8256,create,paib-gpu/openb-pod-6898-tuned-104,7947
8257,create,paib-gpu/openb-pod-2780-tuned-105,7948
8258,create,paib-gpu/openb-pod-7843-tuned-106,7949
8259,failed,paib-gpu/openb-pod-7655-tuned-107,7949
8260,create,paib-gpu/openb-pod-4649-tuned-108,7950
8261,failed,paib-gpu/openb-pod-1806-tuned-109,7950
8262,create,paib-gpu/openb-pod-6448-tuned-110,7951
8263,create,paib-gpu/openb-pod-5927-tuned-111,7952
8264,create,paib-gpu/openb-pod-1084-tuned-112,7953
8265,create,paib-gpu/openb-pod-1716-tuned-113,7954
8266,create,paib-gpu/openb-pod-8143-tuned-114,7955
8267,create,paib-gpu/openb-pod-3259-tuned-115,7956
8268,create,paib-gpu/openb-pod-1680-tuned-116,7957
8269,create,paib-gpu/openb-pod-0372-tuned-117,7958
8270,create,paib-gpu/openb-pod-5032-tuned-118,7959
8271,failed,paib-gpu/openb-pod-5291-tuned-119,7959
8272,create,paib-gpu/openb-pod-2635-tuned-120,7960
8273,create,paib-gpu/openb-pod-5605-tuned-121,7961
8274,failed,paib-gpu/openb-pod-4419-tuned-122,7961
8275,create,paib-gpu/openb-pod-2172-tuned-123,7962
8276,create,paib-gpu/openb-pod-2079-tuned-124,7963
8277,failed,paib-gpu/openb-pod-1870-tuned-125,7963
8278,failed,paib-gpu/openb-pod-1610-tuned-126,7963
8279,create,paib-gpu/openb-pod-7724-tuned-127,7964
8280,create,paib-gpu/openb-pod-2333-tuned-128,7965
8281,create,paib-gpu/openb-pod-6468-tuned-129,7966
8282,failed,paib-gpu/openb-pod-0812-tuned-130,7966
8283,create,paib-gpu/openb-pod-2468-tuned-131,7967
8284,create,paib-gpu/openb-pod-2543-tuned-132,7968
8285,create,paib-gpu/openb-pod-1556-tuned-133,7969
8286,create,paib-gpu/openb-pod-7620-tuned-134,7970
8287,create,paib-gpu/openb-pod-0367-tuned-135,7971
8288,failed,paib-gpu/openb-pod-8102-tuned-136,7971
8289,create,paib-gpu/openb-pod-6102-tuned-137,7972
8290,create,paib-gpu/openb-pod-3348-tuned-138,7973
8291,create,paib-gpu/openb-pod-6992-tuned-139,7974
8292,failed,paib-gpu/openb-pod-5772-tuned-140,7974
8293,failed,paib-gpu/openb-pod-5614-tuned-141,7974
8294,failed,paib-gpu/openb-pod-4269-tuned-142,7974
8295,create,paib-gpu/openb-pod-6970-tuned-143,7975
8296,create,paib-gpu/openb-pod-0954-tuned-144,7976
8297,create,paib-gpu/openb-pod-0486-tuned-145,7977
8298,failed,paib-gpu/openb-pod-5093-tuned-146,7977
8299,failed,paib-gpu/openb-pod-2810-tuned-147,7977
8300,failed,paib-gpu/openb-pod-5811-tuned-148,7977
8301,failed,paib-gpu/openb-pod-3156-tuned-149,7977
8302,failed,paib-gpu/openb-pod-7388-tuned-150,7977
8303,failed,paib-gpu/openb-pod-2699-tuned-151,7977
8304,create,paib-gpu/openb-pod-3369-tuned-152,7978
8305,failed,paib-gpu/openb-pod-5340-tuned-153,7978
8306,failed,paib-gpu/openb-pod-3604-tuned-154,7978
8307,failed,paib-gpu/openb-pod-2313-tuned-155,7978
8308,failed,paib-gpu/openb-pod-3384-tuned-156,7978
8309,failed,paib-gpu/openb-pod-0542-tuned-157,7978
8310,failed,paib-gpu/openb-pod-2546-tuned-158,7978
8311,failed,paib-gpu/openb-pod-2583-tuned-159,7978
8312,failed,paib-gpu/openb-pod-5841-tuned-160,7978
8313,failed,paib-gpu/openb-pod-2538-tuned-161,7978
8314,failed,paib-gpu/openb-pod-1275-tuned-162,7978
8315,failed,paib-gpu/openb-pod-7063-tuned-163,7978
8316,failed,paib-gpu/openb-pod-7142-tuned-164,7978
8317,failed,paib-gpu/openb-pod-1672-tuned-165,7978
8318,create,paib-gpu/openb-pod-2241-tuned-166,7979
8319,create,paib-gpu/openb-pod-6376-tuned-167,7980
8320,failed,paib-gpu/openb-pod-5047-tuned-168,7980
8321,failed,paib-gpu/openb-pod-6202-tuned-169,7980
8322,create,paib-gpu/openb-pod-1314-tuned-170,7981
8323,failed,paib-gpu/openb-pod-0523-tuned-171,7981
8324,failed,paib-gpu/openb-pod-0084-tuned-172,7981
8325,failed,paib-gpu/openb-pod-1388-tuned-173,7981
8326,failed,paib-gpu/openb-pod-1781-tuned-174,7981
8327,failed,paib-gpu/openb-pod-7431-tuned-175,7981
8328,create,paib-gpu/openb-pod-5522-tuned-176,7982
8329,failed,paib-gpu/openb-pod-8139-tuned-177,7982
8330,failed,paib-gpu/openb-pod-5526-tuned-178,7982
8331,failed,paib-gpu/openb-pod-7139-tuned-179,7982
8332,failed,paib-gpu/openb-pod-6128-tuned-180,7982
8333,failed,paib-gpu/openb-pod-2349-tuned-181,7982
8334,failed,paib-gpu/openb-pod-5336-tuned-182,7982
8335,failed,paib-gpu/openb-pod-2093-tuned-183,7982
8336,failed,paib-gpu/openb-pod-6937-tuned-184,7982
8337,failed,paib-gpu/openb-pod-7140-tuned-185,7982
8338,failed,paib-gpu/openb-pod-7326-tuned-186,7982
8339,failed,paib-gpu/openb-pod-1372-tuned-187,7982
8340,failed,paib-gpu/openb-pod-5433-tuned-188,7982
8341,failed,paib-gpu/openb-pod-5066-tuned-189,7982
8342,create,paib-gpu/openb-pod-2701-tuned-190,7983
8343,failed,paib-gpu/openb-pod-2325-tuned-191,7983
8344,failed,paib-gpu/openb-pod-6904-tuned-192,7983
8345,failed,paib-gpu/openb-pod-0533-tuned-193,7983
8346,failed,paib-gpu/openb-pod-5081-tuned-194,7983
8347,failed,paib-gpu/openb-pod-0663-tuned-195,7983
8348,failed,paib-gpu/openb-pod-2834-tuned-196,7983
8349,failed,paib-gpu/openb-pod-5114-tuned-197,7983
8350,failed,paib-gpu/openb-pod-2180-tuned-198,7983
8351,failed,paib-gpu/openb-pod-4434-tuned-199,7983
8352,failed,paib-gpu/openb-pod-2971-tuned-200,7983
8353,failed,paib-gpu/openb-pod-3470-tuned-201,7983
8354,failed,paib-gpu/openb-pod-2776-tuned-202,7983
8355,create,paib-gpu/openb-pod-1101-tuned-203,7984
8356,failed,paib-gpu/openb-pod-5554-tuned-204,7984
8357,failed,paib-gpu/openb-pod-2391-tuned-205,7984
8358,failed,paib-gpu/openb-pod-0777-tuned-206,7984
8359,failed,paib-gpu/openb-pod-5929-tuned-207,7984
8360,failed,paib-gpu/openb-pod-2980-tuned-208,7984
8361,failed,paib-gpu/openb-pod-7106-tuned-209,7984
8362,create,paib-gpu/openb-pod-1278-tuned-210,7985
8363,failed,paib-gpu/openb-pod-7694-tuned-211,7985
8364,failed,paib-gpu/openb-pod-6699-tuned-212,7985
8365,failed,paib-gpu/openb-pod-3222-tuned-213,7985
8366,failed,paib-gpu/openb-pod-0656-tuned-214,7985
8367,failed,paib-gpu/openb-pod-7312-tuned-215,7985
8368,failed,paib-gpu/openb-pod-1270-tuned-216,7985
8369,create,paib-gpu/openb-pod-1816-tuned-217,7986
8370,create,paib-gpu/openb-pod-6600-tuned-218,7987
8371,failed,paib-gpu/openb-pod-1310-tuned-219,7987
8372,failed,paib-gpu/openb-pod-4790-tuned-220,7987
8373,failed,paib-gpu/openb-pod-1529-tuned-221,7987
8374,create,paib-gpu/openb-pod-5927-tuned-222,7988
8375,create,paib-gpu/openb-pod-1244-tuned-223,7989
8376,failed,paib-gpu/openb-pod-5034-tuned-224,7989
8377,failed,paib-gpu/openb-pod-0454-tuned-225,7989
8378,failed,paib-gpu/openb-pod-0539-tuned-226,7989
8379,failed,paib-gpu/openb-pod-6824-tuned-227,7989
8380,failed,paib-gpu/openb-pod-4737-tuned-228,7989
8381,failed,paib-gpu/openb-pod-7574-tuned-229,7989
8382,failed,paib-gpu/openb-pod-0748-tuned-230,7989
8383,failed,paib-gpu/openb-pod-2754-tuned-231,7989
8384,failed,paib-gpu/openb-pod-3391-tuned-232,7989
8385,failed,paib-gpu/openb-pod-6560-tuned-233,7989
8386,failed,paib-gpu/openb-pod-3422-tuned-234,7989
8387,create,paib-gpu/openb-pod-2425-tuned-235,7990
8388,failed,paib-gpu/openb-pod-0246-tuned-236,7990
8389,failed,paib-gpu/openb-pod-3234-tuned-237,7990
8390,failed,paib-gpu/openb-pod-2774-tuned-238,7990
8391,failed,paib-gpu/openb-pod-5742-tuned-239,7990
8392,create,paib-gpu/openb-pod-4685-tuned-240,7991
8393,failed,paib-gpu/openb-pod-2170-tuned-241,7991
8394,failed,paib-gpu/openb-pod-4762-tuned-242,7991
8395,failed,paib-gpu/openb-pod-7522-tuned-243,7991
8396,failed,paib-gpu/openb-pod-3509-tuned-244,7991
8397,failed,paib-gpu/openb-pod-1674-tuned-245,7991
8398,failed,paib-gpu/openb-pod-5809-tuned-246,7991
8399,failed,paib-gpu/openb-pod-7560-tuned-247,7991
8400,failed,paib-gpu/openb-pod-2466-tuned-248,7991
8401,failed,paib-gpu/openb-pod-2050-tuned-249,7991
8402,failed,paib-gpu/openb-pod-2450-tuned-250,7991
8403,create,paib-gpu/openb-pod-1537-tuned-251,7992
8404,failed,paib-gpu/openb-pod-7349-tuned-252,7992
8405,failed,paib-gpu/openb-pod-4927-tuned-253,7992
8406,failed,paib-gpu/openb-pod-6869-tuned-254,7992
8407,failed,paib-gpu/openb-pod-6771-tuned-255,7992
8408,failed,paib-gpu/openb-pod-4477-tuned-256,7992
8409,failed,paib-gpu/openb-pod-4309-tuned-257,7992
8410,failed,paib-gpu/openb-pod-3679-tuned-258,7992
8411,failed,paib-gpu/openb-pod-0755-tuned-259,7992
8412,failed,paib-gpu/openb-pod-6519-tuned-260,7992
8413,create,paib-gpu/openb-pod-4228-tuned-261,7993
8414,failed,paib-gpu/openb-pod-2769-tuned-262,7993
8415,failed,paib-gpu/openb-pod-8111-tuned-263,7993
8416,failed,paib-gpu/openb-pod-4262-tuned-264,7993
8417,failed,paib-gpu/openb-pod-3878-tuned-265,7993
8418,failed,paib-gpu/openb-pod-0509-tuned-266,7993
8419,failed,paib-gpu/openb-pod-5657-tuned-267,7993
8420,create,paib-gpu/openb-pod-2590-tuned-268,7994
8421,failed,paib-gpu/openb-pod-6098-tuned-269,7994
8422,failed,paib-gpu/openb-pod-2079-tuned-270,7994
8423,create,paib-gpu/openb-pod-1331-tuned-271,7995
8424,failed,paib-gpu/openb-pod-2714-tuned-272,7995
8425,failed,paib-gpu/openb-pod-5034-tuned-273,7995
8426,failed,paib-gpu/openb-pod-7439-tuned-274,7995
8427,failed,paib-gpu/openb-pod-7411-tuned-275,7995
8428,failed,paib-gpu/openb-pod-3726-tuned-276,7995
8429,failed,paib-gpu/openb-pod-4923-tuned-277,7995
8430,failed,paib-gpu/openb-pod-3877-tuned-278,7995
8431,failed,paib-gpu/openb-pod-3288-tuned-279,7995
8432,failed,paib-gpu/openb-pod-5804-tuned-280,7995
8433,failed,paib-gpu/openb-pod-2212-tuned-281,7995
8434,failed,paib-gpu/openb-pod-7621-tuned-282,7995
8435,failed,paib-gpu/openb-pod-4112-tuned-283,7995
8436,failed,paib-gpu/openb-pod-2825-tuned-284,7995
8437,failed,paib-gpu/openb-pod-6778-tuned-285,7995
8438,failed,paib-gpu/openb-pod-4863-tuned-286,7995
8439,failed,paib-gpu/openb-pod-5581-tuned-287,7995
8440,failed,paib-gpu/openb-pod-4743-tuned-288,7995
8441,failed,paib-gpu/openb-pod-5296-tuned-289,7995
8442,create,paib-gpu/openb-pod-4145-tuned-290,7996
8443,failed,paib-gpu/openb-pod-6825-tuned-291,7996
8444,failed,paib-gpu/openb-pod-6792-tuned-292,7996
8445,failed,paib-gpu/openb-pod-4015-tuned-293,7996
8446,failed,paib-gpu/openb-pod-2623-tuned-294,7996
8447,failed,paib-gpu/openb-pod-6841-tuned-295,7996
8448,failed,paib-gpu/openb-pod-2156-tuned-296,7996
8449,failed,paib-gpu/openb-pod-1261-tuned-297,7996
8450,failed,paib-gpu/openb-pod-6037-tuned-298,7996
8451,failed,paib-gpu/openb-pod-0868-tuned-299,7996
8452,failed,paib-gpu/openb-pod-3959-tuned-300,7996
8453,failed,paib-gpu/openb-pod-0490-tuned-301,7996
8454,failed,paib-gpu/openb-pod-7068-tuned-302,7996
8455,failed,paib-gpu/openb-pod-1015-tuned-303,7996
8456,failed,paib-gpu/openb-pod-2665-tuned-304,7996
8457,failed,paib-gpu/openb-pod-1684-tuned-305,7996
8458,failed,paib-gpu/openb-pod-0286-tuned-306,7996
8459,failed,paib-gpu/openb-pod-3257-tuned-307,7996
8460,create,paib-gpu/openb-pod-2987-tuned-308,7997
8461,failed,paib-gpu/openb-pod-0427-tuned-309,7997
8462,failed,paib-gpu/openb-pod-1036-tuned-310,7997
8463,failed,paib-gpu/openb-pod-3720-tuned-311,7997
8464,failed,paib-gpu/openb-pod-0832-tuned-312,7997
8465,failed,paib-gpu/openb-pod-4091-tuned-313,7997
8466,failed,paib-gpu/openb-pod-4295-tuned-314,7997
8467,failed,paib-gpu/openb-pod-7369-tuned-315,7997
8468,create,paib-gpu/openb-pod-2211-tuned-316,7998
8469,failed,paib-gpu/openb-pod-1035-tuned-317,7998
8470,create,paib-gpu/openb-pod-5348-tuned-318,7999
8471,create,paib-gpu/openb-pod-2868-tuned-319,8000
8472,failed,paib-gpu/openb-pod-7647-tuned-320,8000
8473,failed,paib-gpu/openb-pod-0507-tuned-321,8000
8474,failed,paib-gpu/openb-pod-1123-tuned-322,8000
8475,failed,paib-gpu/openb-pod-3795-tuned-323,8000
8476,failed,paib-gpu/openb-pod-0198-tuned-324,8000
8477,failed,paib-gpu/openb-pod-7478-tuned-325,8000
8478,failed,paib-gpu/openb-pod-5875-tuned-326,8000
8479,failed,paib-gpu/openb-pod-6271-tuned-327,8000
8480,failed,paib-gpu/openb-pod-4184-tuned-328,8000
8481,create,paib-gpu/openb-pod-2066-tuned-329,8001
8482,failed,paib-gpu/openb-pod-0582-tuned-330,8001
8483,failed,paib-gpu/openb-pod-6025-tuned-331,8001
8484,failed,paib-gpu/openb-pod-2082-tuned-332,8001
8485,failed,paib-gpu/openb-pod-7472-tuned-333,8001
8486,failed,paib-gpu/openb-pod-4919-tuned-334,8001
8487,failed,paib-gpu/openb-pod-8030-tuned-335,8001
8488,failed,paib-gpu/openb-pod-0808-tuned-336,8001
8489,failed,paib-gpu/openb-pod-1727-tuned-337,8001
8490,failed,paib-gpu/openb-pod-4795-tuned-338,8001
8491,failed,paib-gpu/openb-pod-1038-tuned-339,8001
8492,create,paib-gpu/openb-pod-2488-tuned-340,8002
8493,failed,paib-gpu/openb-pod-4837-tuned-341,8002
8494,failed,paib-gpu/openb-pod-3712-tuned-342,8002
8495,create,paib-gpu/openb-pod-1296-tuned-343,8003
8496,failed,paib-gpu/openb-pod-8085-tuned-344,8003
8497,failed,paib-gpu/openb-pod-4762-tuned-345,8003
8498,failed,paib-gpu/openb-pod-2958-tuned-346,8003
8499,failed,paib-gpu/openb-pod-2579-tuned-347,8003
8500,failed,paib-gpu/openb-pod-8044-tuned-348,8003
8501,failed,paib-gpu/openb-pod-4225-tuned-349,8003
8502,create,paib-gpu/openb-pod-4422-tuned-350,8004
8503,create,paib-gpu/openb-pod-4748-tuned-351,8005
8504,create,paib-gpu/openb-pod-2492-tuned-352,8006
8505,failed,paib-gpu/openb-pod-7573-tuned-353,8006
8506,failed,paib-gpu/openb-pod-6343-tuned-354,8006
8507,failed,paib-gpu/openb-pod-7282-tuned-355,8006
8508,failed,paib-gpu/openb-pod-7122-tuned-356,8006
8509,create,paib-gpu/openb-pod-1858-tuned-357,8007
8510,failed,paib-gpu/openb-pod-4305-tuned-358,8007
8511,failed,paib-gpu/openb-pod-1893-tuned-359,8007
8512,failed,paib-gpu/openb-pod-6660-tuned-360,8007
8513,failed,paib-gpu/openb-pod-0646-tuned-361,8007
8514,create,paib-gpu/openb-pod-0860-tuned-362,8008
8515,failed,paib-gpu/openb-pod-6890-tuned-363,8008
8516,failed,paib-gpu/openb-pod-7759-tuned-364,8008
8517,failed,paib-gpu/openb-pod-2055-tuned-365,8008
8518,failed,paib-gpu/openb-pod-8004-tuned-366,8008
8519,failed,paib-gpu/openb-pod-2969-tuned-367,8008
8520,failed,paib-gpu/openb-pod-5159-tuned-368,8008
8521,failed,paib-gpu/openb-pod-7458-tuned-369,8008
8522,create,paib-gpu/openb-pod-2761-tuned-370,8009
8523,failed,paib-gpu/openb-pod-1040-tuned-371,8009
8524,create,paib-gpu/openb-pod-6259-tuned-372,8010
8525,failed,paib-gpu/openb-pod-1666-tuned-373,8010
8526,failed,paib-gpu/openb-pod-4231-tuned-374,8010
8527,failed,paib-gpu/openb-pod-3076-tuned-375,8010
8528,create,paib-gpu/openb-pod-1992-tuned-376,8011
8529,failed,paib-gpu/openb-pod-2505-tuned-377,8011
8530,failed,paib-gpu/openb-pod-1135-tuned-378,8011
8531,create,paib-gpu/openb-pod-1763-tuned-379,8012
8532,failed,paib-gpu/openb-pod-7468-tuned-380,8012
8533,failed,paib-gpu/openb-pod-1172-tuned-381,8012
8534,failed,paib-gpu/openb-pod-6196-tuned-382,8012
8535,failed,paib-gpu/openb-pod-5201-tuned-383,8012
8536,failed,paib-gpu/openb-pod-7475-tuned-384,8012
8537,failed,paib-gpu/openb-pod-0700-tuned-385,8012
8538,failed,paib-gpu/openb-pod-5848-tuned-386,8012
8539,failed,paib-gpu/openb-pod-3580-tuned-387,8012
8540,create,paib-gpu/openb-pod-3242-tuned-388,8013
8541,create,paib-gpu/openb-pod-0060-tuned-389,8014
8542,failed,paib-gpu/openb-pod-4104-tuned-390,8014
8543,failed,paib-gpu/openb-pod-2918-tuned-391,8014
8544,failed,paib-gpu/openb-pod-4728-tuned-392,8014
8545,failed,paib-gpu/openb-pod-3795-tuned-393,8014
8546,failed,paib-gpu/openb-pod-5497-tuned-394,8014
8547,failed,paib-gpu/openb-pod-2010-tuned-395,8014
8548,failed,paib-gpu/openb-pod-4115-tuned-396,8014
8549,failed,paib-gpu/openb-pod-5926-tuned-397,8014
8550,failed,paib-gpu/openb-pod-0487-tuned-398,8014
8551,failed,paib-gpu/openb-pod-4054-tuned-399,8014
8552,failed,paib-gpu/openb-pod-6664-tuned-400,8014
8553,failed,paib-gpu/openb-pod-0699-tuned-401,8014
8554,failed,paib-gpu/openb-pod-7653-tuned-402,8014
8555,failed,paib-gpu/openb-pod-5095-tuned-403,8014
8556,failed,paib-gpu/openb-pod-8120-tuned-404,8014
8557,failed,paib-gpu/openb-pod-4666-tuned-405,8014
8558,failed,paib-gpu/openb-pod-0896-tuned-406,8014
8559,failed,paib-gpu/openb-pod-7899-tuned-407,8014
8560,create,paib-gpu/openb-pod-3516-tuned-408,8015
8561,failed,paib-gpu/openb-pod-5284-tuned-409,8015
8562,create,paib-gpu/openb-pod-5377-tuned-410,8016
8563,failed,paib-gpu/openb-pod-3917-tuned-411,8016
8564,failed,paib-gpu/openb-pod-6484-tuned-412,8016
8565,failed,paib-gpu/openb-pod-0961-tuned-413,8016
8566,failed,paib-gpu/openb-pod-3022-tuned-414,8016
8567,failed,paib-gpu/openb-pod-7232-tuned-415,8016
8568,failed,paib-gpu/openb-pod-3853-tuned-416,8016
8569,failed,paib-gpu/openb-pod-0869-tuned-417,8016
8570,failed,paib-gpu/openb-pod-3945-tuned-418,8016
8571,failed,paib-gpu/openb-pod-8138-tuned-419,8016
8572,failed,paib-gpu/openb-pod-5049-tuned-420,8016
8573,failed,paib-gpu/openb-pod-6807-tuned-421,8016
8574,create,paib-gpu/openb-pod-5357-tuned-422,8017
8575,failed,paib-gpu/openb-pod-8006-tuned-423,8017
8576,failed,paib-gpu/openb-pod-1705-tuned-424,8017
8577,failed,paib-gpu/openb-pod-1334-tuned-425,8017
8578,failed,paib-gpu/openb-pod-2335-tuned-426,8017
8579,failed,paib-gpu/openb-pod-4969-tuned-427,8017
8580,failed,paib-gpu/openb-pod-6122-tuned-428,8017
8581,failed,paib-gpu/openb-pod-0008-tuned-429,8017
8582,failed,paib-gpu/openb-pod-2902-tuned-430,8017
8583,failed,paib-gpu/openb-pod-1173-tuned-431,8017
8584,failed,paib-gpu/openb-pod-7383-tuned-432,8017
8585,failed,paib-gpu/openb-pod-7785-tuned-433,8017
8586,failed,paib-gpu/openb-pod-3912-tuned-434,8017
8587,failed,paib-gpu/openb-pod-7406-tuned-435,8017
8588,failed,paib-gpu/openb-pod-3258-tuned-436,8017
8589,create,paib-gpu/openb-pod-4998-tuned-437,8018
8590,failed,paib-gpu/openb-pod-5710-tuned-438,8018
8591,failed,paib-gpu/openb-pod-4639-tuned-439,8018
8592,failed,paib-gpu/openb-pod-7424-tuned-440,8018
8593,failed,paib-gpu/openb-pod-7107-tuned-441,8018
8594,create,paib-gpu/openb-pod-3341-tuned-442,8019
8595,failed,paib-gpu/openb-pod-3988-tuned-443,8019
8596,failed,paib-gpu/openb-pod-2600-tuned-444,8019
8597,failed,paib-gpu/openb-pod-3434-tuned-445,8019
8598,create,paib-gpu/openb-pod-1030-tuned-446,8020
8599,failed,paib-gpu/openb-pod-7728-tuned-447,8020
8600,failed,paib-gpu/openb-pod-2185-tuned-448,8020
8601,failed,paib-gpu/openb-pod-6237-tuned-449,8020
8602,failed,paib-gpu/openb-pod-5665-tuned-450,8020
8603,failed,paib-gpu/openb-pod-5137-tuned-451,8020
8604,failed,paib-gpu/openb-pod-2364-tuned-452,8020
8605,failed,paib-gpu/openb-pod-0080-tuned-453,8020
8606,failed,paib-gpu/openb-pod-6696-tuned-454,8020
8607,create,paib-gpu/openb-pod-0829-tuned-455,8021
8608,failed,paib-gpu/openb-pod-2133-tuned-456,8021
8609,failed,paib-gpu/openb-pod-7546-tuned-457,8021
8610,failed,paib-gpu/openb-pod-0337-tuned-458,8021
8611,failed,paib-gpu/openb-pod-3105-tuned-459,8021
8612,failed,paib-gpu/openb-pod-5475-tuned-460,8021
8613,failed,paib-gpu/openb-pod-6610-tuned-461,8021
8614,failed,paib-gpu/openb-pod-2796-tuned-462,8021
8615,failed,paib-gpu/openb-pod-1674-tuned-463,8021
8616,failed,paib-gpu/openb-pod-5848-tuned-464,8021
8617,failed,paib-gpu/openb-pod-2496-tuned-465,8021
8618,failed,paib-gpu/openb-pod-2304-tuned-466,8021
8619,failed,paib-gpu/openb-pod-5022-tuned-467,8021
8620,create,paib-gpu/openb-pod-5800-tuned-468,8022
8621,failed,paib-gpu/openb-pod-0693-tuned-469,8022
8622,failed,paib-gpu/openb-pod-7437-tuned-470,8022
8623,failed,paib-gpu/openb-pod-5155-tuned-471,8022
8624,failed,paib-gpu/openb-pod-5531-tuned-472,8022
8625,failed,paib-gpu/openb-pod-0740-tuned-473,8022
8626,failed,paib-gpu/openb-pod-1619-tuned-474,8022
8627,failed,paib-gpu/openb-pod-6206-tuned-475,8022
8628,failed,paib-gpu/openb-pod-0618-tuned-476,8022
8629,failed,paib-gpu/openb-pod-2173-tuned-477,8022
8630,failed,paib-gpu/openb-pod-1718-tuned-478,8022
8631,failed,paib-gpu/openb-pod-5750-tuned-479,8022
8632,failed,paib-gpu/openb-pod-4774-tuned-480,8022
8633,create,paib-gpu/openb-pod-0281-tuned-481,8023
8634,failed,paib-gpu/openb-pod-3383-tuned-482,8023
8635,failed,paib-gpu/openb-pod-1033-tuned-483,8023
8636,failed,paib-gpu/openb-pod-3483-tuned-484,8023
8637,failed,paib-gpu/openb-pod-8037-tuned-485,8023
8638,failed,paib-gpu/openb-pod-4669-tuned-486,8023
8639,failed,paib-gpu/openb-pod-6404-tuned-487,8023
8640,failed,paib-gpu/openb-pod-2273-tuned-488,8023
8641,failed,paib-gpu/openb-pod-0343-tuned-489,8023
8642,create,paib-gpu/openb-pod-6886-tuned-490,8024
8643,failed,paib-gpu/openb-pod-2888-tuned-491,8024
8644,failed,paib-gpu/openb-pod-2731-tuned-492,8024
8645,failed,paib-gpu/openb-pod-2803-tuned-493,8024
8646,failed,paib-gpu/openb-pod-6308-tuned-494,8024
8647,failed,paib-gpu/openb-pod-4094-tuned-495,8024
8648,failed,paib-gpu/openb-pod-1435-tuned-496,8024
8649,create,paib-gpu/openb-pod-3014-tuned-497,8025
8650,create,paib-gpu/openb-pod-2138-tuned-498,8026
8651,failed,paib-gpu/openb-pod-3102-tuned-499,8026
8652,failed,paib-gpu/openb-pod-1038-tuned-500,8026
8653,failed,paib-gpu/openb-pod-7049-tuned-501,8026
8654,create,paib-gpu/openb-pod-4392-tuned-502,8027
8655,failed,paib-gpu/openb-pod-5365-tuned-503,8027
8656,failed,paib-gpu/openb-pod-0921-tuned-504,8027
8657,failed,paib-gpu/openb-pod-4350-tuned-505,8027
8658,failed,paib-gpu/openb-pod-7964-tuned-506,8027
8659,failed,paib-gpu/openb-pod-0639-tuned-507,8027
8660,failed,paib-gpu/openb-pod-5551-tuned-508,8027
8661,failed,paib-gpu/openb-pod-4098-tuned-509,8027
8662,failed,paib-gpu/openb-pod-2984-tuned-510,8027
8663,failed,paib-gpu/openb-pod-7265-tuned-511,8027
8664,create,paib-gpu/openb-pod-2408-tuned-512,8028
8665,create,paib-gpu/openb-pod-6423-tuned-513,8029
8666,failed,paib-gpu/openb-pod-7882-tuned-514,8029
8667,failed,paib-gpu/openb-pod-7124-tuned-515,8029
8668,failed,paib-gpu/openb-pod-7856-tuned-516,8029
8669,create,paib-gpu/openb-pod-3636-tuned-517,8030
8670,failed,paib-gpu/openb-pod-0673-tuned-518,8030
8671,create,paib-gpu/openb-pod-0650-tuned-519,8031
8672,create,paib-gpu/openb-pod-2235-tuned-520,8032
8673,failed,paib-gpu/openb-pod-0301-tuned-521,8032
8674,failed,paib-gpu/openb-pod-3040-tuned-522,8032
8675,failed,paib-gpu/openb-pod-1790-tuned-523,8032
8676,failed,paib-gpu/openb-pod-5940-tuned-524,8032
8677,failed,paib-gpu/openb-pod-0274-tuned-525,8032
8678,failed,paib-gpu/openb-pod-5247-tuned-526,8032
8679,failed,paib-gpu/openb-pod-7960-tuned-527,8032
8680,create,paib-gpu/openb-pod-6464-tuned-528,8033
8681,failed,paib-gpu/openb-pod-2468-tuned-529,8033
8682,failed,paib-gpu/openb-pod-0565-tuned-530,8033
8683,failed,paib-gpu/openb-pod-2573-tuned-531,8033
8684,failed,paib-gpu/openb-pod-5534-tuned-532,8033
8685,failed,paib-gpu/openb-pod-4663-tuned-533,8033
8686,failed,paib-gpu/openb-pod-2453-tuned-534,8033
8687,failed,paib-gpu/openb-pod-4917-tuned-535,8033
8688,failed,paib-gpu/openb-pod-7559-tuned-536,8033
8689,failed,paib-gpu/openb-pod-8004-tuned-537,8033
8690,failed,paib-gpu/openb-pod-3224-tuned-538,8033
8691,failed,paib-gpu/openb-pod-3178-tuned-539,8033
8692,failed,paib-gpu/openb-pod-2034-tuned-540,8033
8693,failed,paib-gpu/openb-pod-3829-tuned-541,8033
8694,failed,paib-gpu/openb-pod-0531-tuned-542,8033
8695,failed,paib-gpu/openb-pod-7603-tuned-543,8033
8696,create,paib-gpu/openb-pod-5587-tuned-544,8034
8697,failed,paib-gpu/openb-pod-6936-tuned-545,8034
8698,failed,paib-gpu/openb-pod-4701-tuned-546,8034
8699,failed,paib-gpu/openb-pod-1364-tuned-547,8034
8700,failed,paib-gpu/openb-pod-3727-tuned-548,8034
8701,failed,paib-gpu/openb-pod-3380-tuned-549,8034
8702,failed,paib-gpu/openb-pod-0677-tuned-550,8034
8703,failed,paib-gpu/openb-pod-5302-tuned-551,8034
8704,failed,paib-gpu/openb-pod-1996-tuned-552,8034
8705,failed,paib-gpu/openb-pod-0814-tuned-553,8034
8706,failed,paib-gpu/openb-pod-1753-tuned-554,8034
8707,failed,paib-gpu/openb-pod-1120-tuned-555,8034
8708,failed,paib-gpu/openb-pod-5849-tuned-556,8034
8709,failed,paib-gpu/openb-pod-1889-tuned-557,8034
8710,failed,paib-gpu/openb-pod-1044-tuned-558,8034
8711,failed,paib-gpu/openb-pod-7318-tuned-559,8034
8712,create,paib-gpu/openb-pod-3869-tuned-560,8035
8713,create,paib-gpu/openb-pod-2401-tuned-561,8036
8714,failed,paib-gpu/openb-pod-5171-tuned-562,8036
8715,failed,paib-gpu/openb-pod-4961-tuned-563,8036
8716,failed,paib-gpu/openb-pod-6986-tuned-564,8036
8717,failed,paib-gpu/openb-pod-2029-tuned-565,8036
8718,failed,paib-gpu/openb-pod-5224-tuned-566,8036
8719,failed,paib-gpu/openb-pod-6581-tuned-567,8036
8720,create,paib-gpu/openb-pod-7133-tuned-568,8037
8721,failed,paib-gpu/openb-pod-0205-tuned-569,8037
8722,failed,paib-gpu/openb-pod-5370-tuned-570,8037
8723,failed,paib-gpu/openb-pod-1521-tuned-571,8037
8724,failed,paib-gpu/openb-pod-4113-tuned-572,8037
8725,failed,paib-gpu/openb-pod-1126-tuned-573,8037
8726,failed,paib-gpu/openb-pod-1161-tuned-574,8037
8727,failed,paib-gpu/openb-pod-1156-tuned-575,8037
8728,failed,paib-gpu/openb-pod-1789-tuned-576,8037
8729,failed,paib-gpu/openb-pod-6202-tuned-577,8037
8730,failed,paib-gpu/openb-pod-4839-tuned-578,8037
8731,failed,paib-gpu/openb-pod-4435-tuned-579,8037
8732,failed,paib-gpu/openb-pod-3294-tuned-580,8037
8733,failed,paib-gpu/openb-pod-1202-tuned-581,8037
8734,failed,paib-gpu/openb-pod-7550-tuned-582,8037
8735,failed,paib-gpu/openb-pod-6097-tuned-583,8037
8736,failed,paib-gpu/openb-pod-7114-tuned-584,8037
8737,failed,paib-gpu/openb-pod-6002-tuned-585,8037
8738,failed,paib-gpu/openb-pod-6675-tuned-586,8037
8739,failed,paib-gpu/openb-pod-3211-tuned-587,8037
8740,failed,paib-gpu/openb-pod-4600-tuned-588,8037
8741,create,paib-gpu/openb-pod-4986-tuned-589,8038
8742,failed,paib-gpu/openb-pod-2119-tuned-590,8038
8743,failed,paib-gpu/openb-pod-2687-tuned-591,8038
8744,failed,paib-gpu/openb-pod-4234-tuned-592,8038
8745,failed,paib-gpu/openb-pod-6248-tuned-593,8038
8746,failed,paib-gpu/openb-pod-8002-tuned-594,8038
8747,failed,paib-gpu/openb-pod-7905-tuned-595,8038
8748,failed,paib-gpu/openb-pod-3230-tuned-596,8038
8749,failed,paib-gpu/openb-pod-3401-tuned-597,8038
8750,failed,paib-gpu/openb-pod-2409-tuned-598,8038
8751,failed,paib-gpu/openb-pod-4378-tuned-599,8038
8752,create,paib-gpu/openb-pod-1316-tuned-600,8039
8753,failed,paib-gpu/openb-pod-5821-tuned-601,8039
8754,failed,paib-gpu/openb-pod-2811-tuned-602,8039
8755,failed,paib-gpu/openb-pod-6551-tuned-603,8039
8756,failed,paib-gpu/openb-pod-0557-tuned-604,8039
8757,failed,paib-gpu/openb-pod-7707-tuned-605,8039
8758,failed,paib-gpu/openb-pod-8038-tuned-606,8039
8759,failed,paib-gpu/openb-pod-0655-tuned-607,8039
8760,create,paib-gpu/openb-pod-3280-tuned-608,8040
8761,failed,paib-gpu/openb-pod-1457-tuned-609,8040
8762,failed,paib-gpu/openb-pod-0228-tuned-610,8040
8763,failed,paib-gpu/openb-pod-2059-tuned-611,8040
8764,failed,paib-gpu/openb-pod-7007-tuned-612,8040
8765,failed,paib-gpu/openb-pod-7946-tuned-613,8040
8766,failed,paib-gpu/openb-pod-6434-tuned-614,8040
8767,failed,paib-gpu/openb-pod-4121-tuned-615,8040
8768,failed,paib-gpu/openb-pod-7240-tuned-616,8040
8769,failed,paib-gpu/openb-pod-7157-tuned-617,8040
8770,failed,paib-gpu/openb-pod-2427-tuned-618,8040
8771,failed,paib-gpu/openb-pod-7240-tuned-619,8040
8772,failed,paib-gpu/openb-pod-6654-tuned-620,8040
8773,failed,paib-gpu/openb-pod-8066-tuned-621,8040
8774,failed,paib-gpu/openb-pod-5572-tuned-622,8040
8775,failed,paib-gpu/openb-pod-0466-tuned-623,8040
8776,failed,paib-gpu/openb-pod-2877-tuned-624,8040
8777,failed,paib-gpu/openb-pod-1978-tuned-625,8040
8778,failed,paib-gpu/openb-pod-6837-tuned-626,8040
8779,failed,paib-gpu/openb-pod-7037-tuned-627,8040
8780,failed,paib-gpu/openb-pod-5029-tuned-628,8040
8781,create,paib-gpu/openb-pod-1869-tuned-629,8041
8782,failed,paib-gpu/openb-pod-6272-tuned-630,8041
8783,failed,paib-gpu/openb-pod-7844-tuned-631,8041
8784,failed,paib-gpu/openb-pod-0345-tuned-632,8041
8785,create,paib-gpu/openb-pod-6865-tuned-633,8042
8786,create,paib-gpu/openb-pod-6521-tuned-634,8043
8787,failed,paib-gpu/openb-pod-2340-tuned-635,8043
8788,failed,paib-gpu/openb-pod-6954-tuned-636,8043
8789,failed,paib-gpu/openb-pod-4430-tuned-637,8043
8790,create,paib-gpu/openb-pod-2652-tuned-638,8044
8791,failed,paib-gpu/openb-pod-1764-tuned-639,8044
8792,failed,paib-gpu/openb-pod-4314-tuned-640,8044
8793,failed,paib-gpu/openb-pod-2747-tuned-641,8044
8794,failed,paib-gpu/openb-pod-0809-tuned-642,8044
8795,failed,paib-gpu/openb-pod-2570-tuned-643,8044
8796,failed,paib-gpu/openb-pod-4100-tuned-644,8044
8797,failed,paib-gpu/openb-pod-0817-tuned-645,8044
8798,failed,paib-gpu/openb-pod-2886-tuned-646,8044
8799,failed,paib-gpu/openb-pod-2100-tuned-647,8044
8800,failed,paib-gpu/openb-pod-4278-tuned-648,8044
8801,failed,paib-gpu/openb-pod-0140-tuned-649,8044
8802,failed,paib-gpu/openb-pod-3456-tuned-650,8044
8803,failed,paib-gpu/openb-pod-2149-tuned-651,8044
8804,failed,paib-gpu/openb-pod-2666-tuned-652,8044
8805,failed,paib-gpu/openb-pod-3627-tuned-653,8044
8806,create,paib-gpu/openb-pod-0453-tuned-654,8045
8807,create,paib-gpu/openb-pod-4511-tuned-655,8046
8808,failed,paib-gpu/openb-pod-6481-tuned-656,8046
8809,create,paib-gpu/openb-pod-6624-tuned-657,8047
8810,create,paib-gpu/openb-pod-5402-tuned-658,8048
8811,failed,paib-gpu/openb-pod-7340-tuned-659,8048
8812,failed,paib-gpu/openb-pod-2299-tuned-660,8048
8813,failed,paib-gpu/openb-pod-0769-tuned-661,8048
8814,failed,paib-gpu/openb-pod-0646-tuned-662,8048
8815,create,paib-gpu/openb-pod-4475-tuned-663,8049
8816,failed,paib-gpu/openb-pod-5606-tuned-664,8049
8817,failed,paib-gpu/openb-pod-5625-tuned-665,8049
8818,failed,paib-gpu/openb-pod-0246-tuned-666,8049
8819,failed,paib-gpu/openb-pod-4489-tuned-667,8049
8820,failed,paib-gpu/openb-pod-0068-tuned-668,8049
8821,failed,paib-gpu/openb-pod-2100-tuned-669,8049
8822,create,paib-gpu/openb-pod-2492-tuned-670,8050
8823,failed,paib-gpu/openb-pod-7770-tuned-671,8050
8824,create,paib-gpu/openb-pod-2195-tuned-672,8051
8825,failed,paib-gpu/openb-pod-3213-tuned-673,8051
8826,failed,paib-gpu/openb-pod-4531-tuned-674,8051
8827,create,paib-gpu/openb-pod-1559-tuned-675,8052
8828,create,paib-gpu/openb-pod-4290-tuned-676,8053
8829,failed,paib-gpu/openb-pod-6854-tuned-677,8053
8830,failed,paib-gpu/openb-pod-3776-tuned-678,8053
8831,failed,paib-gpu/openb-pod-1754-tuned-679,8053
8832,create,paib-gpu/openb-pod-4424-tuned-680,8054
8833,failed,paib-gpu/openb-pod-2093-tuned-681,8054
8834,create,paib-gpu/openb-pod-4560-tuned-682,8055
8835,failed,paib-gpu/openb-pod-5601-tuned-683,8055
8836,failed,paib-gpu/openb-pod-0262-tuned-684,8055
8837,failed,paib-gpu/openb-pod-3933-tuned-685,8055
8838,failed,paib-gpu/openb-pod-3650-tuned-686,8055
8839,failed,paib-gpu/openb-pod-1561-tuned-687,8055
8840,failed,paib-gpu/openb-pod-7156-tuned-688,8055
8841,create,paib-gpu/openb-pod-6509-tuned-689,8056
8842,failed,paib-gpu/openb-pod-3421-tuned-690,8056
8843,failed,paib-gpu/openb-pod-1830-tuned-691,8056
8844,create,paib-gpu/openb-pod-2711-tuned-692,8057
8845,create,paib-gpu/openb-pod-6999-tuned-693,8058
8846,create,paib-gpu/openb-pod-4414-tuned-694,8059
8847,failed,paib-gpu/openb-pod-0197-tuned-695,8059
8848,failed,paib-gpu/openb-pod-7244-tuned-696,8059
8849,failed,paib-gpu/openb-pod-1027-tuned-697,8059
8850,failed,paib-gpu/openb-pod-7065-tuned-698,8059
8851,failed,paib-gpu/openb-pod-2283-tuned-699,8059
8852,failed,paib-gpu/openb-pod-2348-tuned-700,8059
8853,failed,paib-gpu/openb-pod-7459-tuned-701,8059
8854,failed,paib-gpu/openb-pod-6615-tuned-702,8059
8855,failed,paib-gpu/openb-pod-0330-tuned-703,8059
8856,failed,paib-gpu/openb-pod-7552-tuned-704,8059
8857,failed,paib-gpu/openb-pod-6034-tuned-705,8059
8858,create,paib-gpu/openb-pod-2113-tuned-706,8060
8859,failed,paib-gpu/openb-pod-7997-tuned-707,8060
8860,failed,paib-gpu/openb-pod-3156-tuned-708,8060
8861,failed,paib-gpu/openb-pod-5973-tuned-709,8060
8862,failed,paib-gpu/openb-pod-1953-tuned-710,8060
8863,create,paib-gpu/openb-pod-2168-tuned-711,8061
8864,failed,paib-gpu/openb-pod-7420-tuned-712,8061
8865,failed,paib-gpu/openb-pod-4827-tuned-713,8061
8866,failed,paib-gpu/openb-pod-4322-tuned-714,8061
8867,create,paib-gpu/openb-pod-5702-tuned-715,8062
8868,failed,paib-gpu/openb-pod-3507-tuned-716,8062
8869,failed,paib-gpu/openb-pod-0897-tuned-717,8062
8870,failed,paib-gpu/openb-pod-7073-tuned-718,8062
8871,failed,paib-gpu/openb-pod-2115-tuned-719,8062
8872,failed,paib-gpu/openb-pod-1292-tuned-720,8062
8873,create,paib-gpu/openb-pod-2176-tuned-721,8063
8874,failed,paib-gpu/openb-pod-7209-tuned-722,8063
8875,failed,paib-gpu/openb-pod-7346-tuned-723,8063
8876,failed,paib-gpu/openb-pod-5509-tuned-724,8063
8877,failed,paib-gpu/openb-pod-5108-tuned-725,8063
8878,failed,paib-gpu/openb-pod-3083-tuned-726,8063
8879,failed,paib-gpu/openb-pod-1179-tuned-727,8063
8880,failed,paib-gpu/openb-pod-6434-tuned-728,8063
8881,failed,paib-gpu/openb-pod-4265-tuned-729,8063
8882,failed,paib-gpu/openb-pod-7431-tuned-730,8063
8883,failed,paib-gpu/openb-pod-2416-tuned-731,8063
8884,failed,paib-gpu/openb-pod-2688-tuned-732,8063
8885,failed,paib-gpu/openb-pod-4798-tuned-733,8063
8886,failed,paib-gpu/openb-pod-3895-tuned-734,8063
8887,failed,paib-gpu/openb-pod-2842-tuned-735,8063
8888,failed,paib-gpu/openb-pod-5854-tuned-736,8063
8889,failed,paib-gpu/openb-pod-4373-tuned-737,8063
8890,failed,paib-gpu/openb-pod-2677-tuned-738,8063
8891,failed,paib-gpu/openb-pod-4847-tuned-739,8063
8892,create,paib-gpu/openb-pod-4290-tuned-740,8064
8893,failed,paib-gpu/openb-pod-5268-tuned-741,8064
8894,failed,paib-gpu/openb-pod-1060-tuned-742,8064
8895,failed,paib-gpu/openb-pod-5099-tuned-743,8064
8896,failed,paib-gpu/openb-pod-0818-tuned-744,8064
8897,failed,paib-gpu/openb-pod-6592-tuned-745,8064
8898,failed,paib-gpu/openb-pod-7732-tuned-746,8064
8899,failed,paib-gpu/openb-pod-5104-tuned-747,8064
8900,failed,paib-gpu/openb-pod-1381-tuned-748,8064
8901,failed,paib-gpu/openb-pod-2600-tuned-749,8064
8902,failed,paib-gpu/openb-pod-0992-tuned-750,8064
8903,failed,paib-gpu/openb-pod-0384-tuned-751,8064
8904,failed,paib-gpu/openb-pod-6237-tuned-752,8064
8905,failed,paib-gpu/openb-pod-1716-tuned-753,8064
8906,failed,paib-gpu/openb-pod-3091-tuned-754,8064
8907,failed,paib-gpu/openb-pod-6907-tuned-755,8064
8908,failed,paib-gpu/openb-pod-4189-tuned-756,8064
8909,failed,paib-gpu/openb-pod-0432-tuned-757,8064
8910,create,paib-gpu/openb-pod-2584-tuned-758,8065
8911,failed,paib-gpu/openb-pod-8039-tuned-759,8065
8912,failed,paib-gpu/openb-pod-1305-tuned-760,8065
8913,failed,paib-gpu/openb-pod-3589-tuned-761,8065
8914,failed,paib-gpu/openb-pod-2657-tuned-762,8065
8915,failed,paib-gpu/openb-pod-7983-tuned-763,8065
8916,failed,paib-gpu/openb-pod-1142-tuned-764,8065
8917,failed,paib-gpu/openb-pod-5277-tuned-765,8065
8918,failed,paib-gpu/openb-pod-3099-tuned-766,8065
8919,failed,paib-gpu/openb-pod-3998-tuned-767,8065
8920,failed,paib-gpu/openb-pod-6632-tuned-768,8065
8921,create,paib-gpu/openb-pod-2711-tuned-769,8066
8922,failed,paib-gpu/openb-pod-1925-tuned-770,8066
8923,create,paib-gpu/openb-pod-6992-tuned-771,8067
8924,failed,paib-gpu/openb-pod-4774-tuned-772,8067
8925,create,paib-gpu/openb-pod-3280-tuned-773,8068
8926,failed,paib-gpu/openb-pod-2985-tuned-774,8068
8927,failed,paib-gpu/openb-pod-7152-tuned-775,8068
8928,failed,paib-gpu/openb-pod-3415-tuned-776,8068
8929,create,paib-gpu/openb-pod-2235-tuned-777,8069
8930,create,paib-gpu/openb-pod-2586-tuned-778,8070
8931,failed,paib-gpu/openb-pod-8049-tuned-779,8070
8932,failed,paib-gpu/openb-pod-2028-tuned-780,8070
8933,failed,paib-gpu/openb-pod-5045-tuned-781,8070
8934,failed,paib-gpu/openb-pod-1089-tuned-782,8070
8935,failed,paib-gpu/openb-pod-0354-tuned-783,8070
8936,failed,paib-gpu/openb-pod-4964-tuned-784,8070
8937,failed,paib-gpu/openb-pod-5647-tuned-785,8070
8938,failed,paib-gpu/openb-pod-3122-tuned-786,8070
8939,failed,paib-gpu/openb-pod-3571-tuned-787,8070
8940,create,paib-gpu/openb-pod-1321-tuned-788,8071
8941,failed,paib-gpu/openb-pod-5041-tuned-789,8071
8942,create,paib-gpu/openb-pod-3442-tuned-790,8072
8943,failed,paib-gpu/openb-pod-5322-tuned-791,8072
8944,failed,paib-gpu/openb-pod-5502-tuned-792,8072
8945,failed,paib-gpu/openb-pod-7274-tuned-793,8072
8946,failed,paib-gpu/openb-pod-1674-tuned-794,8072
8947,failed,paib-gpu/openb-pod-0321-tuned-795,8072
8948,failed,paib-gpu/openb-pod-4569-tuned-796,8072
8949,failed,paib-gpu/openb-pod-6353-tuned-797,8072
8950,failed,paib-gpu/openb-pod-0312-tuned-798,8072
8951,failed,paib-gpu/openb-pod-3999-tuned-799,8072
8952,failed,paib-gpu/openb-pod-0342-tuned-800,8072
8953,failed,paib-gpu/openb-pod-3393-tuned-801,8072
8954,failed,paib-gpu/openb-pod-3132-tuned-802,8072
8955,failed,paib-gpu/openb-pod-3400-tuned-803,8072
8956,failed,paib-gpu/openb-pod-7687-tuned-804,8072
8957,failed,paib-gpu/openb-pod-7715-tuned-805,8072
8958,failed,paib-gpu/openb-pod-0946-tuned-806,8072
8959,failed,paib-gpu/openb-pod-5424-tuned-807,8072
8960,failed,paib-gpu/openb-pod-0236-tuned-808,8072
8961,failed,paib-gpu/openb-pod-2184-tuned-809,8072
8962,create,paib-gpu/openb-pod-6817-tuned-810,8073
8963,create,paib-gpu/openb-pod-6490-tuned-811,8074
8964,failed,paib-gpu/openb-pod-5570-tuned-812,8074
8965,failed,paib-gpu/openb-pod-0524-tuned-813,8074
8966,create,paib-gpu/openb-pod-7471-tuned-814,8075
8967,failed,paib-gpu/openb-pod-1223-tuned-815,8075
8968,create,paib-gpu/openb-pod-6558-tuned-816,8076
8969,create,paib-gpu/openb-pod-6866-tuned-817,8077
8970,failed,paib-gpu/openb-pod-6479-tuned-818,8077
8971,failed,paib-gpu/openb-pod-3248-tuned-819,8077
8972,failed,paib-gpu/openb-pod-4587-tuned-820,8077
8973,failed,paib-gpu/openb-pod-4384-tuned-821,8077
8974,failed,paib-gpu/openb-pod-2540-tuned-822,8077
8975,failed,paib-gpu/openb-pod-7811-tuned-823,8077
8976,failed,paib-gpu/openb-pod-4831-tuned-824,8077
8977,failed,paib-gpu/openb-pod-0444-tuned-825,8077
8978,failed,paib-gpu/openb-pod-7988-tuned-826,8077
8979,failed,paib-gpu/openb-pod-4255-tuned-827,8077
8980,failed,paib-gpu/openb-pod-0361-tuned-828,8077
8981,failed,paib-gpu/openb-pod-3624-tuned-829,8077
8982,failed,paib-gpu/openb-pod-0845-tuned-830,8077
8983,failed,paib-gpu/openb-pod-6078-tuned-831,8077
8984,failed,paib-gpu/openb-pod-7773-tuned-832,8077
8985,failed,paib-gpu/openb-pod-4408-tuned-833,8077
8986,failed,paib-gpu/openb-pod-1074-tuned-834,8077
8987,failed,paib-gpu/openb-pod-7621-tuned-835,8077
8988,failed,paib-gpu/openb-pod-4383-tuned-836,8077
8989,failed,paib-gpu/openb-pod-5446-tuned-837,8077
8990,failed,paib-gpu/openb-pod-2495-tuned-838,8077
8991,failed,paib-gpu/openb-pod-6328-tuned-839,8077
8992,create,paib-gpu/openb-pod-2702-tuned-840,8078
8993,failed,paib-gpu/openb-pod-0116-tuned-841,8078
8994,failed,paib-gpu/openb-pod-2630-tuned-842,8078
8995,failed,paib-gpu/openb-pod-5617-tuned-843,8078
8996,failed,paib-gpu/openb-pod-4755-tuned-844,8078
8997,create,paib-gpu/openb-pod-6888-tuned-845,8079
8998,failed,paib-gpu/openb-pod-6868-tuned-846,8079
8999,failed,paib-gpu/openb-pod-5846-tuned-847,8079
9000,failed,paib-gpu/openb-pod-3326-tuned-848,8079
9001,failed,paib-gpu/openb-pod-4264-tuned-849,8079
9002,failed,paib-gpu/openb-pod-3284-tuned-850,8079
9003,failed,paib-gpu/openb-pod-6060-tuned-851,8079
9004,create,paib-gpu/openb-pod-6109-tuned-852,8080
9005,failed,paib-gpu/openb-pod-6816-tuned-853,8080
9006,failed,paib-gpu/openb-pod-6475-tuned-854,8080
9007,failed,paib-gpu/openb-pod-7729-tuned-855,8080
9008,failed,paib-gpu/openb-pod-5859-tuned-856,8080
9009,failed,paib-gpu/openb-pod-7276-tuned-857,8080
9010,failed,paib-gpu/openb-pod-5251-tuned-858,8080
9011,failed,paib-gpu/openb-pod-3584-tuned-859,8080
9012,failed,paib-gpu/openb-pod-5851-tuned-860,8080
9013,create,paib-gpu/openb-pod-1030-tuned-861,8081
9014,create,paib-gpu/openb-pod-3605-tuned-862,8082
9015,failed,paib-gpu/openb-pod-6596-tuned-863,8082
9016,failed,paib-gpu/openb-pod-6997-tuned-864,8082
9017,failed,paib-gpu/openb-pod-5625-tuned-865,8082
9018,create,paib-gpu/openb-pod-7004-tuned-866,8083
9019,failed,paib-gpu/openb-pod-6369-tuned-867,8083
9020,failed,paib-gpu/openb-pod-1694-tuned-868,8083
9021,failed,paib-gpu/openb-pod-6000-tuned-869,8083
9022,failed,paib-gpu/openb-pod-3361-tuned-870,8083
9023,failed,paib-gpu/openb-pod-6671-tuned-871,8083
9024,failed,paib-gpu/openb-pod-0105-tuned-872,8083
9025,failed,paib-gpu/openb-pod-7690-tuned-873,8083
9026,failed,paib-gpu/openb-pod-3326-tuned-874,8083
9027,create,paib-gpu/openb-pod-5402-tuned-875,8084
9028,failed,paib-gpu/openb-pod-4497-tuned-876,8084
9029,failed,paib-gpu/openb-pod-0348-tuned-877,8084
9030,failed,paib-gpu/openb-pod-6750-tuned-878,8084
9031,failed,paib-gpu/openb-pod-2601-tuned-879,8084
9032,failed,paib-gpu/openb-pod-3402-tuned-880,8084
9033,failed,paib-gpu/openb-pod-0280-tuned-881,8084
9034,failed,paib-gpu/openb-pod-0716-tuned-882,8084
9035,failed,paib-gpu/openb-pod-3955-tuned-883,8084
9036,failed,paib-gpu/openb-pod-4695-tuned-884,8084
9037,failed,paib-gpu/openb-pod-0444-tuned-885,8084
9038,create,paib-gpu/openb-pod-0795-tuned-886,8085
9039,failed,paib-gpu/openb-pod-4086-tuned-887,8085
9040,create,paib-gpu/openb-pod-4046-tuned-888,8086
9041,create,paib-gpu/openb-pod-4422-tuned-889,8087
9042,failed,paib-gpu/openb-pod-3118-tuned-890,8087
9043,failed,paib-gpu/openb-pod-5252-tuned-891,8087
9044,failed,paib-gpu/openb-pod-5867-tuned-892,8087
9045,failed,paib-gpu/openb-pod-1077-tuned-893,8087
9046,failed,paib-gpu/openb-pod-5496-tuned-894,8087
9047,failed,paib-gpu/openb-pod-8028-tuned-895,8087
9048,failed,paib-gpu/openb-pod-5762-tuned-896,8087
9049,failed,paib-gpu/openb-pod-4735-tuned-897,8087
9050,create,paib-gpu/openb-pod-0652-tuned-898,8088
9051,create,paib-gpu/openb-pod-3190-tuned-899,8089
9052,failed,paib-gpu/openb-pod-0613-tuned-900,8089
9053,failed,paib-gpu/openb-pod-7652-tuned-901,8089
9054,failed,paib-gpu/openb-pod-0559-tuned-902,8089
9055,failed,paib-gpu/openb-pod-6140-tuned-903,8089
9056,failed,paib-gpu/openb-pod-6818-tuned-904,8089
9057,failed,paib-gpu/openb-pod-6382-tuned-905,8089
9058,failed,paib-gpu/openb-pod-7733-tuned-906,8089
9059,failed,paib-gpu/openb-pod-2328-tuned-907,8089
9060,failed,paib-gpu/openb-pod-2831-tuned-908,8089
9061,failed,paib-gpu/openb-pod-5871-tuned-909,8089
9062,failed,paib-gpu/openb-pod-5445-tuned-910,8089
9063,failed,paib-gpu/openb-pod-3030-tuned-911,8089
9064,failed,paib-gpu/openb-pod-3448-tuned-912,8089
9065,failed,paib-gpu/openb-pod-4601-tuned-913,8089
9066,failed,paib-gpu/openb-pod-6005-tuned-914,8089
9067,failed,paib-gpu/openb-pod-3796-tuned-915,8089
9068,failed,paib-gpu/openb-pod-2997-tuned-916,8089
9069,create,paib-gpu/openb-pod-2848-tuned-917,8090
9070,create,paib-gpu/openb-pod-4538-tuned-918,8091
9071,failed,paib-gpu/openb-pod-1430-tuned-919,8091
9072,failed,paib-gpu/openb-pod-6191-tuned-920,8091
9073,failed,paib-gpu/openb-pod-0422-tuned-921,8091
9074,failed,paib-gpu/openb-pod-5221-tuned-922,8091
9075,failed,paib-gpu/openb-pod-3379-tuned-923,8091
9076,failed,paib-gpu/openb-pod-3185-tuned-924,8091
9077,failed,paib-gpu/openb-pod-8015-tuned-925,8091
9078,failed,paib-gpu/openb-pod-6496-tuned-926,8091
9079,failed,paib-gpu/openb-pod-8101-tuned-927,8091
9080,failed,paib-gpu/openb-pod-2731-tuned-928,8091
9081,failed,paib-gpu/openb-pod-7604-tuned-929,8091
9082,failed,paib-gpu/openb-pod-8131-tuned-930,8091
9083,failed,paib-gpu/openb-pod-5601-tuned-931,8091
9084,failed,paib-gpu/openb-pod-4379-tuned-932,8091
9085,failed,paib-gpu/openb-pod-0023-tuned-933,8091
9086,failed,paib-gpu/openb-pod-7041-tuned-934,8091
9087,failed,paib-gpu/openb-pod-4831-tuned-935,8091
9088,create,paib-gpu/openb-pod-6541-tuned-936,8092
9089,failed,paib-gpu/openb-pod-3900-tuned-937,8092
9090,failed,paib-gpu/openb-pod-3498-tuned-938,8092
9091,failed,paib-gpu/openb-pod-2329-tuned-939,8092
9092,failed,paib-gpu/openb-pod-3809-tuned-940,8092
9093,create,paib-gpu/openb-pod-4987-tuned-941,8093
9094,failed,paib-gpu/openb-pod-1979-tuned-942,8093
9095,failed,paib-gpu/openb-pod-1012-tuned-943,8093
9096,failed,paib-gpu/openb-pod-1346-tuned-944,8093
9097,failed,paib-gpu/openb-pod-6990-tuned-945,8093
9098,create,paib-gpu/openb-pod-4252-tuned-946,8094
9099,failed,paib-gpu/openb-pod-7020-tuned-947,8094
9100,failed,paib-gpu/openb-pod-4108-tuned-948,8094
9101,failed,paib-gpu/openb-pod-5715-tuned-949,8094
9102,failed,paib-gpu/openb-pod-8150-tuned-950,8094
9103,failed,paib-gpu/openb-pod-3710-tuned-951,8094
9104,failed,paib-gpu/openb-pod-4229-tuned-952,8094
9105,failed,paib-gpu/openb-pod-7382-tuned-953,8094
9106,failed,paib-gpu/openb-pod-2384-tuned-954,8094
9107,failed,paib-gpu/openb-pod-4453-tuned-955,8094
9108,failed,paib-gpu/openb-pod-7539-tuned-956,8094
9109,failed,paib-gpu/openb-pod-4684-tuned-957,8094
9110,failed,paib-gpu/openb-pod-0529-tuned-958,8094
9111,failed,paib-gpu/openb-pod-6142-tuned-959,8094
9112,failed,paib-gpu/openb-pod-0982-tuned-960,8094
9113,failed,paib-gpu/openb-pod-3060-tuned-961,8094
9114,failed,paib-gpu/openb-pod-5640-tuned-962,8094
9115,failed,paib-gpu/openb-pod-2391-tuned-963,8094
9116,failed,paib-gpu/openb-pod-1401-tuned-964,8094
9117,failed,paib-gpu/openb-pod-7017-tuned-965,8094
9118,failed,paib-gpu/openb-pod-6605-tuned-966,8094
9119,failed,paib-gpu/openb-pod-2923-tuned-967,8094
9120,failed,paib-gpu/openb-pod-6707-tuned-968,8094
9121,failed,paib-gpu/openb-pod-5817-tuned-969,8094
9122,create,paib-gpu/openb-pod-5629-tuned-970,8095
9123,failed,paib-gpu/openb-pod-6673-tuned-971,8095
9124,failed,paib-gpu/openb-pod-2050-tuned-972,8095
9125,failed,paib-gpu/openb-pod-2201-tuned-973,8095
9126,failed,paib-gpu/openb-pod-8140-tuned-974,8095
9127,create,paib-gpu/openb-pod-1335-tuned-975,8096
9128,failed,paib-gpu/openb-pod-5500-tuned-976,8096
9129,failed,paib-gpu/openb-pod-8025-tuned-977,8096
9130,failed,paib-gpu/openb-pod-4786-tuned-978,8096
9131,failed,paib-gpu/openb-pod-6085-tuned-979,8096
9132,failed,paib-gpu/openb-pod-7375-tuned-980,8096
9133,failed,paib-gpu/openb-pod-7387-tuned-981,8096
9134,failed,paib-gpu/openb-pod-6762-tuned-982,8096
9135,failed,paib-gpu/openb-pod-1658-tuned-983,8096
9136,failed,paib-gpu/openb-pod-4674-tuned-984,8096
9137,failed,paib-gpu/openb-pod-6268-tuned-985,8096
9138,create,paib-gpu/openb-pod-6590-tuned-986,8097
9139,failed,paib-gpu/openb-pod-3638-tuned-987,8097
9140,failed,paib-gpu/openb-pod-6874-tuned-988,8097
9141,failed,paib-gpu/openb-pod-1551-tuned-989,8097
9142,create,paib-gpu/openb-pod-6099-tuned-990,8098
9143,failed,paib-gpu/openb-pod-4109-tuned-991,8098
9144,failed,paib-gpu/openb-pod-0527-tuned-992,8098
9145,failed,paib-gpu/openb-pod-4853-tuned-993,8098
9146,create,paib-gpu/openb-pod-3469-tuned-994,8099
9147,failed,paib-gpu/openb-pod-2299-tuned-995,8099
9148,failed,paib-gpu/openb-pod-7407-tuned-996,8099
9149,failed,paib-gpu/openb-pod-1462-tuned-997,8099
9150,failed,paib-gpu/openb-pod-5738-tuned-998,8099
9151,create,paib-gpu/openb-pod-7812-tuned-999,8100
9152,failed,paib-gpu/openb-pod-4975-tuned-1000,8100
9153,failed,paib-gpu/openb-pod-3780-tuned-1001,8100
9154,failed,paib-gpu/openb-pod-6275-tuned-1002,8100
9155,failed,paib-gpu/openb-pod-3395-tuned-1003,8100
9156,failed,paib-gpu/openb-pod-0190-tuned-1004,8100
9157,failed,paib-gpu/openb-pod-3176-tuned-1005,8100
9158,failed,paib-gpu/openb-pod-0700-tuned-1006,8100
9159,create,paib-gpu/openb-pod-2407-tuned-1007,8101
9160,failed,paib-gpu/openb-pod-1253-tuned-1008,8101
9161,create,paib-gpu/openb-pod-5355-tuned-1009,8102
9162,failed,paib-gpu/openb-pod-7180-tuned-1010,8102
9163,create,paib-gpu/openb-pod-2645-tuned-1011,8103
9164,failed,paib-gpu/openb-pod-7226-tuned-1012,8103
9165,failed,paib-gpu/openb-pod-5186-tuned-1013,8103
9166,failed,paib-gpu/openb-pod-5016-tuned-1014,8103
9167,failed,paib-gpu/openb-pod-2289-tuned-1015,8103
9168,failed,paib-gpu/openb-pod-2231-tuned-1016,8103
9169,failed,paib-gpu/openb-pod-3907-tuned-1017,8103
9170,failed,paib-gpu/openb-pod-2357-tuned-1018,8103
9171,failed,paib-gpu/openb-pod-3776-tuned-1019,8103
9172,create,paib-gpu/openb-pod-6066-tuned-1020,8104
9173,failed,paib-gpu/openb-pod-4404-tuned-1021,8104
9174,failed,paib-gpu/openb-pod-1680-tuned-1022,8104
9175,create,paib-gpu/openb-pod-4845-tuned-1023,8105
9176,failed,paib-gpu/openb-pod-1254-tuned-1024,8105
9177,failed,paib-gpu/openb-pod-7895-tuned-1025,8105
9178,failed,paib-gpu/openb-pod-7567-tuned-1026,8105
9179,failed,paib-gpu/openb-pod-8141-tuned-1027,8105
9180,failed,paib-gpu/openb-pod-3275-tuned-1028,8105
9181,failed,paib-gpu/openb-pod-7258-tuned-1029,8105
9182,failed,paib-gpu/openb-pod-6150-tuned-1030,8105
9183,failed,paib-gpu/openb-pod-2002-tuned-1031,8105
9184,failed,paib-gpu/openb-pod-7086-tuned-1032,8105
9185,failed,paib-gpu/openb-pod-1352-tuned-1033,8105
9186,failed,paib-gpu/openb-pod-6271-tuned-1034,8105
9187,failed,paib-gpu/openb-pod-6492-tuned-1035,8105
9188,failed,paib-gpu/openb-pod-5703-tuned-1036,8105
9189,failed,paib-gpu/openb-pod-1757-tuned-1037,8105
9190,failed,paib-gpu/openb-pod-4163-tuned-1038,8105
9191,failed,paib-gpu/openb-pod-2330-tuned-1039,8105
9192,failed,paib-gpu/openb-pod-1344-tuned-1040,8105
9193,failed,paib-gpu/openb-pod-0104-tuned-1041,8105
9194,failed,paib-gpu/openb-pod-7829-tuned-1042,8105
9195,failed,paib-gpu/openb-pod-2896-tuned-1043,8105
9196,failed,paib-gpu/openb-pod-3839-tuned-1044,8105
9197,failed,paib-gpu/openb-pod-0044-tuned-1045,8105
9198,create,paib-gpu/openb-pod-5631-tuned-1046,8106
9199,failed,paib-gpu/openb-pod-2257-tuned-1047,8106
9200,failed,paib-gpu/openb-pod-3819-tuned-1048,8106
9201,failed,paib-gpu/openb-pod-4469-tuned-1049,8106
9202,failed,paib-gpu/openb-pod-3935-tuned-1050,8106
9203,failed,paib-gpu/openb-pod-5186-tuned-1051,8106
9204,failed,paib-gpu/openb-pod-1043-tuned-1052,8106
9205,failed,paib-gpu/openb-pod-0770-tuned-1053,8106
9206,failed,paib-gpu/openb-pod-4621-tuned-1054,8106
9207,failed,paib-gpu/openb-pod-3274-tuned-1055,8106
9208,create,paib-gpu/openb-pod-6591-tuned-1056,8107
9209,create,paib-gpu/openb-pod-2478-tuned-1057,8108
9210,create,paib-gpu/openb-pod-2632-tuned-1058,8109
9211,failed,paib-gpu/openb-pod-3198-tuned-1059,8109
9212,create,paib-gpu/openb-pod-1363-tuned-1060,8110
9213,failed,paib-gpu/openb-pod-8018-tuned-1061,8110
9214,failed,paib-gpu/openb-pod-3582-tuned-1062,8110
9215,failed,paib-gpu/openb-pod-5576-tuned-1063,8110
9216,failed,paib-gpu/openb-pod-4716-tuned-1064,8110
9217,create,paib-gpu/openb-pod-5839-tuned-1065,8111
9218,failed,paib-gpu/openb-pod-8092-tuned-1066,8111
9219,failed,paib-gpu/openb-pod-7150-tuned-1067,8111
9220,failed,paib-gpu/openb-pod-4644-tuned-1068,8111
9221,failed,paib-gpu/openb-pod-5078-tuned-1069,8111
9222,failed,paib-gpu/openb-pod-5740-tuned-1070,8111
9223,create,paib-gpu/openb-pod-3873-tuned-1071,8112
9224,failed,paib-gpu/openb-pod-4208-tuned-1072,8112
9225,create,paib-gpu/openb-pod-2647-tuned-1073,8113
9226,failed,paib-gpu/openb-pod-6127-tuned-1074,8113
9227,failed,paib-gpu/openb-pod-6644-tuned-1075,8113
9228,failed,paib-gpu/openb-pod-4093-tuned-1076,8113
9229,failed,paib-gpu/openb-pod-4684-tuned-1077,8113
9230,create,paib-gpu/openb-pod-2431-tuned-1078,8114
9231,create,paib-gpu/openb-pod-4190-tuned-1079,8115
9232,create,paib-gpu/openb-pod-6164-tuned-1080,8116
9233,failed,paib-gpu/openb-pod-7720-tuned-1081,8116
9234,failed,paib-gpu/openb-pod-6102-tuned-1082,8116
9235,failed,paib-gpu/openb-pod-5148-tuned-1083,8116
9236,failed,paib-gpu/openb-pod-0512-tuned-1084,8116
9237,failed,paib-gpu/openb-pod-7288-tuned-1085,8116
9238,failed,paib-gpu/openb-pod-6274-tuned-1086,8116
9239,failed,paib-gpu/openb-pod-4093-tuned-1087,8116
9240,failed,paib-gpu/openb-pod-1504-tuned-1088,8116
9241,failed,paib-gpu/openb-pod-7654-tuned-1089,8116
9242,failed,paib-gpu/openb-pod-5611-tuned-1090,8116
9243,failed,paib-gpu/openb-pod-7675-tuned-1091,8116
9244,failed,paib-gpu/openb-pod-3134-tuned-1092,8116
9245,failed,paib-gpu/openb-pod-1104-tuned-1093,8116
9246,failed,paib-gpu/openb-pod-0349-tuned-1094,8116
9247,create,paib-gpu/openb-pod-2526-tuned-1095,8117
9248,failed,paib-gpu/openb-pod-0002-tuned-1096,8117
9249,create,paib-gpu/openb-pod-1278-tuned-1097,8118
9250,failed,paib-gpu/openb-pod-1044-tuned-1098,8118
9251,failed,paib-gpu/openb-pod-2567-tuned-1099,8118
9252,failed,paib-gpu/openb-pod-7059-tuned-1100,8118
9253,failed,paib-gpu/openb-pod-6670-tuned-1101,8118
9254,failed,paib-gpu/openb-pod-5430-tuned-1102,8118
9255,create,paib-gpu/openb-pod-2281-tuned-1103,8119
9256,create,paib-gpu/openb-pod-0940-tuned-1104,8120
9257,failed,paib-gpu/openb-pod-7623-tuned-1105,8120
9258,failed,paib-gpu/openb-pod-5222-tuned-1106,8120
9259,failed,paib-gpu/openb-pod-7976-tuned-1107,8120
9260,failed,paib-gpu/openb-pod-6519-tuned-1108,8120
9261,failed,paib-gpu/openb-pod-6488-tuned-1109,8120
9262,create,paib-gpu/openb-pod-2660-tuned-1110,8121
9263,failed,paib-gpu/openb-pod-3416-tuned-1111,8121
9264,failed,paib-gpu/openb-pod-0239-tuned-1112,8121
9265,failed,paib-gpu/openb-pod-2514-tuned-1113,8121
9266,failed,paib-gpu/openb-pod-0756-tuned-1114,8121
9267,failed,paib-gpu/openb-pod-0030-tuned-1115,8121
9268,failed,paib-gpu/openb-pod-1563-tuned-1116,8121
9269,failed,paib-gpu/openb-pod-5452-tuned-1117,8121
9270,failed,paib-gpu/openb-pod-3713-tuned-1118,8121
9271,create,paib-gpu/openb-pod-6989-tuned-1119,8122
9272,failed,paib-gpu/openb-pod-1830-tuned-1120,8122
9273,failed,paib-gpu/openb-pod-0769-tuned-1121,8122
9274,failed,paib-gpu/openb-pod-3236-tuned-1122,8122
9275,create,paib-gpu/openb-pod-2989-tuned-1123,8123
9276,failed,paib-gpu/openb-pod-7409-tuned-1124,8123
9277,failed,paib-gpu/openb-pod-6783-tuned-1125,8123
9278,failed,paib-gpu/openb-pod-7466-tuned-1126,8123
9279,failed,paib-gpu/openb-pod-6422-tuned-1127,8123
9280,failed,paib-gpu/openb-pod-8031-tuned-1128,8123
9281,failed,paib-gpu/openb-pod-0747-tuned-1129,8123
9282,failed,paib-gpu/openb-pod-6779-tuned-1130,8123
9283,create,paib-gpu/openb-pod-0751-tuned-1131,8124
9284,failed,paib-gpu/openb-pod-1571-tuned-1132,8124
9285,failed,paib-gpu/openb-pod-0658-tuned-1133,8124
9286,failed,paib-gpu/openb-pod-0839-tuned-1134,8124
9287,failed,paib-gpu/openb-pod-1918-tuned-1135,8124
9288,create,paib-gpu/openb-pod-6776-tuned-1136,8125
9289,failed,paib-gpu/openb-pod-7563-tuned-1137,8125
9290,failed,paib-gpu/openb-pod-5910-tuned-1138,8125
9291,create,paib-gpu/openb-pod-4387-tuned-1139,8126
9292,failed,paib-gpu/openb-pod-2881-tuned-1140,8126
9293,failed,paib-gpu/openb-pod-4147-tuned-1141,8126
9294,failed,paib-gpu/openb-pod-2766-tuned-1142,8126
9295,failed,paib-gpu/openb-pod-2768-tuned-1143,8126
9296,failed,paib-gpu/openb-pod-4236-tuned-1144,8126
9297,failed,paib-gpu/openb-pod-1041-tuned-1145,8126
9298,failed,paib-gpu/openb-pod-2717-tuned-1146,8126
9299,failed,paib-gpu/openb-pod-3073-tuned-1147,8126
9300,failed,paib-gpu/openb-pod-6944-tuned-1148,8126
9301,failed,paib-gpu/openb-pod-2740-tuned-1149,8126
9302,failed,paib-gpu/openb-pod-7951-tuned-1150,8126
9303,failed,paib-gpu/openb-pod-4185-tuned-1151,8126
9304,failed,paib-gpu/openb-pod-7250-tuned-1152,8126
9305,failed,paib-gpu/openb-pod-8103-tuned-1153,8126
9306,failed,paib-gpu/openb-pod-1644-tuned-1154,8126
9307,failed,paib-gpu/openb-pod-2156-tuned-1155,8126
9308,failed,paib-gpu/openb-pod-5047-tuned-1156,8126
9309,failed,paib-gpu/openb-pod-3084-tuned-1157,8126
9310,failed,paib-gpu/openb-pod-3459-tuned-1158,8126
9311,failed,paib-gpu/openb-pod-2791-tuned-1159,8126
9312,failed,paib-gpu/openb-pod-2613-tuned-1160,8126
9313,failed,paib-gpu/openb-pod-3512-tuned-1161,8126
9314,failed,paib-gpu/openb-pod-3254-tuned-1162,8126
9315,failed,paib-gpu/openb-pod-6679-tuned-1163,8126
9316,failed,paib-gpu/openb-pod-4853-tuned-1164,8126
9317,failed,paib-gpu/openb-pod-4623-tuned-1165,8126
9318,failed,paib-gpu/openb-pod-0244-tuned-1166,8126
9319,failed,paib-gpu/openb-pod-1213-tuned-1167,8126
9320,failed,paib-gpu/openb-pod-2278-tuned-1168,8126
9321,failed,paib-gpu/openb-pod-2782-tuned-1169,8126
9322,failed,paib-gpu/openb-pod-1544-tuned-1170,8126
9323,create,paib-gpu/openb-pod-5350-tuned-1171,8127
9324,failed,paib-gpu/openb-pod-2931-tuned-1172,8127
9325,failed,paib-gpu/openb-pod-3550-tuned-1173,8127
9326,failed,paib-gpu/openb-pod-3794-tuned-1174,8127
9327,failed,paib-gpu/openb-pod-5405-tuned-1175,8127
9328,failed,paib-gpu/openb-pod-6346-tuned-1176,8127
9329,failed,paib-gpu/openb-pod-4037-tuned-1177,8127
9330,failed,paib-gpu/openb-pod-5616-tuned-1178,8127
9331,failed,paib-gpu/openb-pod-1407-tuned-1179,8127
9332,failed,paib-gpu/openb-pod-1166-tuned-1180,8127
9333,failed,paib-gpu/openb-pod-3992-tuned-1181,8127
9334,failed,paib-gpu/openb-pod-4739-tuned-1182,8127
9335,failed,paib-gpu/openb-pod-4946-tuned-1183,8127
9336,failed,paib-gpu/openb-pod-1080-tuned-1184,8127
9337,failed,paib-gpu/openb-pod-0136-tuned-1185,8127
9338,failed,paib-gpu/openb-pod-0884-tuned-1186,8127
9339,failed,paib-gpu/openb-pod-7012-tuned-1187,8127
9340,create,paib-gpu/openb-pod-2711-tuned-1188,8128
9341,failed,paib-gpu/openb-pod-0108-tuned-1189,8128
9342,create,paib-gpu/openb-pod-0793-tuned-1190,8129
9343,failed,paib-gpu/openb-pod-1212-tuned-1191,8129
9344,failed,paib-gpu/openb-pod-5144-tuned-1192,8129
9345,failed,paib-gpu/openb-pod-4715-tuned-1193,8129
9346,failed,paib-gpu/openb-pod-1345-tuned-1194,8129
9347,failed,paib-gpu/openb-pod-1670-tuned-1195,8129
9348,failed,paib-gpu/openb-pod-6077-tuned-1196,8129
9349,create,paib-gpu/openb-pod-3017-tuned-1197,8130
9350,failed,paib-gpu/openb-pod-2550-tuned-1198,8130
9351,failed,paib-gpu/openb-pod-0290-tuned-1199,8130
9352,create,paib-gpu/openb-pod-6198-tuned-1200,8131
9353,failed,paib-gpu/openb-pod-2581-tuned-1201,8131
9354,failed,paib-gpu/openb-pod-5069-tuned-1202,8131
9355,failed,paib-gpu/openb-pod-3210-tuned-1203,8131
9356,create,paib-gpu/openb-pod-6714-tuned-1204,8132
9357,failed,paib-gpu/openb-pod-6788-tuned-1205,8132
9358,failed,paib-gpu/openb-pod-4401-tuned-1206,8132
9359,failed,paib-gpu/openb-pod-6070-tuned-1207,8132
9360,failed,paib-gpu/openb-pod-0213-tuned-1208,8132
9361,failed,paib-gpu/openb-pod-7065-tuned-1209,8132
9362,failed,paib-gpu/openb-pod-2299-tuned-1210,8132
9363,create,paib-gpu/openb-pod-1767-tuned-1211,8133
9364,failed,paib-gpu/openb-pod-7748-tuned-1212,8133
9365,failed,paib-gpu/openb-pod-1407-tuned-1213,8133
9366,failed,paib-gpu/openb-pod-3355-tuned-1214,8133
9367,failed,paib-gpu/openb-pod-2971-tuned-1215,8133
9368,failed,paib-gpu/openb-pod-0182-tuned-1216,8133
9369,failed,paib-gpu/openb-pod-1575-tuned-1217,8133
9370,failed,paib-gpu/openb-pod-6762-tuned-1218,8133
9371,failed,paib-gpu/openb-pod-0820-tuned-1219,8133
9372,failed,paib-gpu/openb-pod-4526-tuned-1220,8133
9373,failed,paib-gpu/openb-pod-2390-tuned-1221,8133
9374,failed,paib-gpu/openb-pod-1685-tuned-1222,8133
9375,failed,paib-gpu/openb-pod-4950-tuned-1223,8133
9376,failed,paib-gpu/openb-pod-0428-tuned-1224,8133
9377,failed,paib-gpu/openb-pod-6656-tuned-1225,8133
9378,failed,paib-gpu/openb-pod-6471-tuned-1226,8133
9379,failed,paib-gpu/openb-pod-6751-tuned-1227,8133
9380,failed,paib-gpu/openb-pod-2079-tuned-1228,8133
9381,failed,paib-gpu/openb-pod-4959-tuned-1229,8133
9382,failed,paib-gpu/openb-pod-2862-tuned-1230,8133
9383,failed,paib-gpu/openb-pod-1119-tuned-1231,8133
9384,failed,paib-gpu/openb-pod-5833-tuned-1232,8133
9385,failed,paib-gpu/openb-pod-5532-tuned-1233,8133
9386,failed,paib-gpu/openb-pod-7809-tuned-1234,8133
9387,failed,paib-gpu/openb-pod-0229-tuned-1235,8133
9388,failed,paib-gpu/openb-pod-1972-tuned-1236,8133
9389,failed,paib-gpu/openb-pod-7673-tuned-1237,8133
9390,create,paib-gpu/openb-pod-4421-tuned-1238,8134
9391,failed,paib-gpu/openb-pod-6951-tuned-1239,8134
9392,failed,paib-gpu/openb-pod-7501-tuned-1240,8134
9393,failed,paib-gpu/openb-pod-5077-tuned-1241,8134
9394,failed,paib-gpu/openb-pod-0006-tuned-1242,8134
9395,failed,paib-gpu/openb-pod-4432-tuned-1243,8134
9396,failed,paib-gpu/openb-pod-0663-tuned-1244,8134
9397,failed,paib-gpu/openb-pod-4703-tuned-1245,8134
9398,failed,paib-gpu/openb-pod-3965-tuned-1246,8134
9399,failed,paib-gpu/openb-pod-4303-tuned-1247,8134
9400,failed,paib-gpu/openb-pod-4083-tuned-1248,8134
9401,failed,paib-gpu/openb-pod-6309-tuned-1249,8134
9402,failed,paib-gpu/openb-pod-2443-tuned-1250,8134
9403,create,paib-gpu/openb-pod-6599-tuned-1251,8135
9404,failed,paib-gpu/openb-pod-6903-tuned-1252,8135
9405,failed,paib-gpu/openb-pod-7973-tuned-1253,8135
9406,failed,paib-gpu/openb-pod-7199-tuned-1254,8135
9407,failed,paib-gpu/openb-pod-2888-tuned-1255,8135
9408,failed,paib-gpu/openb-pod-1798-tuned-1256,8135
9409,failed,paib-gpu/openb-pod-5842-tuned-1257,8135
9410,create,paib-gpu/openb-pod-0266-tuned-1258,8136
9411,create,paib-gpu/openb-pod-6968-tuned-1259,8137
9412,create,paib-gpu/openb-pod-4978-tuned-1260,8138
9413,failed,paib-gpu/openb-pod-5040-tuned-1261,8138
9414,failed,paib-gpu/openb-pod-3774-tuned-1262,8138
9415,failed,paib-gpu/openb-pod-4428-tuned-1263,8138
9416,failed,paib-gpu/openb-pod-2581-tuned-1264,8138
9417,failed,paib-gpu/openb-pod-3642-tuned-1265,8138
9418,failed,paib-gpu/openb-pod-1753-tuned-1266,8138
9419,failed,paib-gpu/openb-pod-5769-tuned-1267,8138
9420,create,paib-gpu/openb-pod-3069-tuned-1268,8139
9421,failed,paib-gpu/openb-pod-8054-tuned-1269,8139
9422,failed,paib-gpu/openb-pod-3649-tuned-1270,8139
9423,create,paib-gpu/openb-pod-3193-tuned-1271,8140
9424,failed,paib-gpu/openb-pod-5286-tuned-1272,8140
9425,failed,paib-gpu/openb-pod-5221-tuned-1273,8140
9426,failed,paib-gpu/openb-pod-0117-tuned-1274,8140
9427,failed,paib-gpu/openb-pod-6344-tuned-1275,8140
9428,failed,paib-gpu/openb-pod-3208-tuned-1276,8140
9429,create,paib-gpu/openb-pod-0394-tuned-1277,8141
9430,failed,paib-gpu/openb-pod-0507-tuned-1278,8141
9431,failed,paib-gpu/openb-pod-0608-tuned-1279,8141
9432,failed,paib-gpu/openb-pod-5621-tuned-1280,8141
9433,failed,paib-gpu/openb-pod-5785-tuned-1281,8141
9434,failed,paib-gpu/openb-pod-4626-tuned-1282,8141
9435,failed,paib-gpu/openb-pod-1031-tuned-1283,8141
9436,failed,paib-gpu/openb-pod-1347-tuned-1284,8141
9437,failed,paib-gpu/openb-pod-2851-tuned-1285,8141
9438,failed,paib-gpu/openb-pod-4653-tuned-1286,8141
9439,failed,paib-gpu/openb-pod-7153-tuned-1287,8141
9440,failed,paib-gpu/openb-pod-4383-tuned-1288,8141
9441,failed,paib-gpu/openb-pod-6792-tuned-1289,8141
9442,failed,paib-gpu/openb-pod-7221-tuned-1290,8141
9443,failed,paib-gpu/openb-pod-2619-tuned-1291,8141
9444,failed,paib-gpu/openb-pod-7710-tuned-1292,8141
9445,failed,paib-gpu/openb-pod-7428-tuned-1293,8141
9446,create,paib-gpu/openb-pod-5965-tuned-1294,8142
9447,failed,paib-gpu/openb-pod-6549-tuned-1295,8142
9448,failed,paib-gpu/openb-pod-3203-tuned-1296,8142
9449,failed,paib-gpu/openb-pod-4675-tuned-1297,8142
9450,failed,paib-gpu/openb-pod-1574-tuned-1298,8142
9451,failed,paib-gpu/openb-pod-7990-tuned-1299,8142
9452,failed,paib-gpu/openb-pod-4700-tuned-1300,8142
9453,failed,paib-gpu/openb-pod-7690-tuned-1301,8142
9454,failed,paib-gpu/openb-pod-5168-tuned-1302,8142
9455,failed,paib-gpu/openb-pod-2955-tuned-1303,8142
9456,failed,paib-gpu/openb-pod-0741-tuned-1304,8142
9457,failed,paib-gpu/openb-pod-6000-tuned-1305,8142
9458,failed,paib-gpu/openb-pod-3635-tuned-1306,8142
9459,failed,paib-gpu/openb-pod-0468-tuned-1307,8142
9460,create,paib-gpu/openb-pod-5799-tuned-1308,8143
9461,failed,paib-gpu/openb-pod-4166-tuned-1309,8143
9462,create,paib-gpu/openb-pod-2087-tuned-1310,8144
9463,failed,paib-gpu/openb-pod-1275-tuned-1311,8144
9464,failed,paib-gpu/openb-pod-6077-tuned-1312,8144
9465,failed,paib-gpu/openb-pod-3458-tuned-1313,8144
9466,failed,paib-gpu/openb-pod-5813-tuned-1314,8144
9467,failed,paib-gpu/openb-pod-2833-tuned-1315,8144
9468,failed,paib-gpu/openb-pod-6581-tuned-1316,8144
9469,failed,paib-gpu/openb-pod-5792-tuned-1317,8144
9470,failed,paib-gpu/openb-pod-8077-tuned-1318,8144
9471,failed,paib-gpu/openb-pod-4900-tuned-1319,8144
9472,failed,paib-gpu/openb-pod-7085-tuned-1320,8144
9473,failed,paib-gpu/openb-pod-8141-tuned-1321,8144
9474,failed,paib-gpu/openb-pod-7883-tuned-1322,8144
9475,failed,paib-gpu/openb-pod-5154-tuned-1323,8144
9476,failed,paib-gpu/openb-pod-3796-tuned-1324,8144
9477,failed,paib-gpu/openb-pod-8117-tuned-1325,8144
9478,failed,paib-gpu/openb-pod-2886-tuned-1326,8144
9479,failed,paib-gpu/openb-pod-3626-tuned-1327,8144
9480,failed,paib-gpu/openb-pod-5451-tuned-1328,8144
9481,failed,paib-gpu/openb-pod-5648-tuned-1329,8144
9482,failed,paib-gpu/openb-pod-1673-tuned-1330,8144
9483,failed,paib-gpu/openb-pod-5854-tuned-1331,8144
9484,failed,paib-gpu/openb-pod-0155-tuned-1332,8144
9485,failed,paib-gpu/openb-pod-4447-tuned-1333,8144
9486,create,paib-gpu/openb-pod-1046-tuned-1334,8145
9487,failed,paib-gpu/openb-pod-1865-tuned-1335,8145
9488,failed,paib-gpu/openb-pod-1689-tuned-1336,8145
9489,failed,paib-gpu/openb-pod-3996-tuned-1337,8145
9490,create,paib-gpu/openb-pod-5968-tuned-1338,8146
9491,failed,paib-gpu/openb-pod-2628-tuned-1339,8146
9492,failed,paib-gpu/openb-pod-3796-tuned-1340,8146
9493,failed,paib-gpu/openb-pod-6251-tuned-1341,8146
9494,failed,paib-gpu/openb-pod-7921-tuned-1342,8146
9495,create,paib-gpu/openb-pod-3442-tuned-1343,8147
9496,failed,paib-gpu/openb-pod-0094-tuned-1344,8147
9497,failed,paib-gpu/openb-pod-4597-tuned-1345,8147
9498,failed,paib-gpu/openb-pod-5207-tuned-1346,8147
9499,failed,paib-gpu/openb-pod-8130-tuned-1347,8147
9500,failed,paib-gpu/openb-pod-1473-tuned-1348,8147
9501,failed,paib-gpu/openb-pod-2866-tuned-1349,8147
9502,create,paib-gpu/openb-pod-1631-tuned-1350,8148
9503,failed,paib-gpu/openb-pod-0961-tuned-1351,8148
9504,failed,paib-gpu/openb-pod-2630-tuned-1352,8148
9505,failed,paib-gpu/openb-pod-3457-tuned-1353,8148
9506,failed,paib-gpu/openb-pod-4672-tuned-1354,8148
9507,failed,paib-gpu/openb-pod-7483-tuned-1355,8148
9508,failed,paib-gpu/openb-pod-7748-tuned-1356,8148
9509,failed,paib-gpu/openb-pod-7368-tuned-1357,8148
9510,failed,paib-gpu/openb-pod-7672-tuned-1358,8148
9511,failed,paib-gpu/openb-pod-2072-tuned-1359,8148
9512,failed,paib-gpu/openb-pod-3522-tuned-1360,8148
9513,failed,paib-gpu/openb-pod-4596-tuned-1361,8148
9514,failed,paib-gpu/openb-pod-6409-tuned-1362,8148
9515,failed,paib-gpu/openb-pod-7512-tuned-1363,8148
9516,failed,paib-gpu/openb-pod-5819-tuned-1364,8148
9517,failed,paib-gpu/openb-pod-3431-tuned-1365,8148
9518,failed,paib-gpu/openb-pod-6856-tuned-1366,8148
9519,failed,paib-gpu/openb-pod-7518-tuned-1367,8148
9520,failed,paib-gpu/openb-pod-3828-tuned-1368,8148
9521,create,paib-gpu/openb-pod-0372-tuned-1369,8149
9522,failed,paib-gpu/openb-pod-1109-tuned-1370,8149
9523,failed,paib-gpu/openb-pod-2187-tuned-1371,8149
9524,failed,paib-gpu/openb-pod-5557-tuned-1372,8149
9525,failed,paib-gpu/openb-pod-7871-tuned-1373,8149
9526,failed,paib-gpu/openb-pod-0228-tuned-1374,8149
9527,failed,paib-gpu/openb-pod-1622-tuned-1375,8149
9528,failed,paib-gpu/openb-pod-2704-tuned-1376,8149
9529,failed,paib-gpu/openb-pod-0578-tuned-1377,8149
9530,failed,paib-gpu/openb-pod-4176-tuned-1378,8149
9531,failed,paib-gpu/openb-pod-7709-tuned-1379,8149
9532,failed,paib-gpu/openb-pod-0817-tuned-1380,8149
9533,failed,paib-gpu/openb-pod-1352-tuned-1381,8149
9534,failed,paib-gpu/openb-pod-5488-tuned-1382,8149
9535,failed,paib-gpu/openb-pod-3788-tuned-1383,8149
9536,failed,paib-gpu/openb-pod-3364-tuned-1384,8149
9537,failed,paib-gpu/openb-pod-2825-tuned-1385,8149
9538,failed,paib-gpu/openb-pod-0123-tuned-1386,8149
9539,failed,paib-gpu/openb-pod-2784-tuned-1387,8149
9540,failed,paib-gpu/openb-pod-5075-tuned-1388,8149
9541,failed,paib-gpu/openb-pod-2653-tuned-1389,8149
9542,failed,paib-gpu/openb-pod-5806-tuned-1390,8149
9543,failed,paib-gpu/openb-pod-6390-tuned-1391,8149
9544,create,paib-gpu/openb-pod-2196-tuned-1392,8150
9545,failed,paib-gpu/openb-pod-4953-tuned-1393,8150
9546,failed,paib-gpu/openb-pod-4341-tuned-1394,8150
9547,failed,paib-gpu/openb-pod-2270-tuned-1395,8150
9548,failed,paib-gpu/openb-pod-5743-tuned-1396,8150
9549,create,paib-gpu/openb-pod-2700-tuned-1397,8151
9550,failed,paib-gpu/openb-pod-1665-tuned-1398,8151
9551,failed,paib-gpu/openb-pod-2529-tuned-1399,8151
9552,create,paib-gpu/openb-pod-3256-tuned-1400,8152
9553,failed,paib-gpu/openb-pod-1553-tuned-1401,8152
9554,failed,paib-gpu/openb-pod-6933-tuned-1402,8152
9555,failed,paib-gpu/openb-pod-3197-tuned-1403,8152
9556,failed,paib-gpu/openb-pod-7105-tuned-1404,8152
9557,failed,paib-gpu/openb-pod-1883-tuned-1405,8152
9558,failed,paib-gpu/openb-pod-2370-tuned-1406,8152
9559,failed,paib-gpu/openb-pod-7046-tuned-1407,8152
9560,failed,paib-gpu/openb-pod-3024-tuned-1408,8152
9561,failed,paib-gpu/openb-pod-7621-tuned-1409,8152
9562,failed,paib-gpu/openb-pod-2811-tuned-1410,8152
9563,failed,paib-gpu/openb-pod-3157-tuned-1411,8152
9564,failed,paib-gpu/openb-pod-1662-tuned-1412,8152
9565,failed,paib-gpu/openb-pod-1539-tuned-1413,8152
9566,failed,paib-gpu/openb-pod-1420-tuned-1414,8152
9567,failed,paib-gpu/openb-pod-0714-tuned-1415,8152
9568,failed,paib-gpu/openb-pod-4952-tuned-1416,8152
9569,failed,paib-gpu/openb-pod-0613-tuned-1417,8152
9570,failed,paib-gpu/openb-pod-7531-tuned-1418,8152
9571,failed,paib-gpu/openb-pod-5999-tuned-1419,8152
9572,failed,paib-gpu/openb-pod-3597-tuned-1420,8152
9573,create,paib-gpu/openb-pod-6263-tuned-1421,8153
9574,failed,paib-gpu/openb-pod-3964-tuned-1422,8153
9575,failed,paib-gpu/openb-pod-4070-tuned-1423,8153
9576,failed,paib-gpu/openb-pod-0612-tuned-1424,8153
9577,create,paib-gpu/openb-pod-5577-tuned-1425,8154
9578,failed,paib-gpu/openb-pod-0911-tuned-1426,8154
9579,failed,paib-gpu/openb-pod-3944-tuned-1427,8154
9580,failed,paib-gpu/openb-pod-6540-tuned-1428,8154
9581,create,paib-gpu/openb-pod-7588-tuned-1429,8155
9582,failed,paib-gpu/openb-pod-2743-tuned-1430,8155
9583,failed,paib-gpu/openb-pod-6002-tuned-1431,8155
9584,failed,paib-gpu/openb-pod-3236-tuned-1432,8155
9585,failed,paib-gpu/openb-pod-2450-tuned-1433,8155
9586,failed,paib-gpu/openb-pod-7768-tuned-1434,8155
9587,create,paib-gpu/openb-pod-3615-tuned-1435,8156
9588,failed,paib-gpu/openb-pod-2152-tuned-1436,8156
9589,create,paib-gpu/openb-pod-5699-tuned-1437,8157
9590,failed,paib-gpu/openb-pod-2550-tuned-1438,8157
9591,failed,paib-gpu/openb-pod-5729-tuned-1439,8157
9592,failed,paib-gpu/openb-pod-3334-tuned-1440,8157
9593,failed,paib-gpu/openb-pod-1064-tuned-1441,8157
9594,failed,paib-gpu/openb-pod-8116-tuned-1442,8157
9595,failed,paib-gpu/openb-pod-3640-tuned-1443,8157
9596,create,paib-gpu/openb-pod-2645-tuned-1444,8158
9597,failed,paib-gpu/openb-pod-5427-tuned-1445,8158
9598,failed,paib-gpu/openb-pod-7590-tuned-1446,8158
9599,failed,paib-gpu/openb-pod-6496-tuned-1447,8158
9600,create,paib-gpu/openb-pod-5521-tuned-1448,8159
9601,failed,paib-gpu/openb-pod-0824-tuned-1449,8159
9602,failed,paib-gpu/openb-pod-1502-tuned-1450,8159
9603,failed,paib-gpu/openb-pod-8084-tuned-1451,8159
9604,failed,paib-gpu/openb-pod-6007-tuned-1452,8159
9605,failed,paib-gpu/openb-pod-5747-tuned-1453,8159
9606,failed,paib-gpu/openb-pod-1687-tuned-1454,8159
9607,failed,paib-gpu/openb-pod-8066-tuned-1455,8159
9608,failed,paib-gpu/openb-pod-1059-tuned-1456,8159
9609,failed,paib-gpu/openb-pod-4365-tuned-1457,8159
9610,failed,paib-gpu/openb-pod-3908-tuned-1458,8159
9611,failed,paib-gpu/openb-pod-6993-tuned-1459,8159
9612,failed,paib-gpu/openb-pod-5676-tuned-1460,8159
9613,failed,paib-gpu/openb-pod-6898-tuned-1461,8159
9614,failed,paib-gpu/openb-pod-7838-tuned-1462,8159
9615,failed,paib-gpu/openb-pod-6653-tuned-1463,8159
9616,failed,paib-gpu/openb-pod-6200-tuned-1464,8159
9617,failed,paib-gpu/openb-pod-8108-tuned-1465,8159
9618,failed,paib-gpu/openb-pod-6011-tuned-1466,8159
9619,failed,paib-gpu/openb-pod-7197-tuned-1467,8159
9620,failed,paib-gpu/openb-pod-0413-tuned-1468,8159
9621,failed,paib-gpu/openb-pod-7395-tuned-1469,8159
9622,failed,paib-gpu/openb-pod-7325-tuned-1470,8159
9623,failed,paib-gpu/openb-pod-7259-tuned-1471,8159
9624,failed,paib-gpu/openb-pod-3628-tuned-1472,8159
9625,create,paib-gpu/openb-pod-2762-tuned-1473,8160
9626,failed,paib-gpu/openb-pod-0799-tuned-1474,8160
9627,failed,paib-gpu/openb-pod-4476-tuned-1475,8160
9628,failed,paib-gpu/openb-pod-1058-tuned-1476,8160
9629,failed,paib-gpu/openb-pod-1923-tuned-1477,8160
9630,failed,paib-gpu/openb-pod-3020-tuned-1478,8160
9631,create,paib-gpu/openb-pod-2218-tuned-1479,8161
9632,failed,paib-gpu/openb-pod-3321-tuned-1480,8161
9633,failed,paib-gpu/openb-pod-1252-tuned-1481,8161
9634,failed,paib-gpu/openb-pod-2028-tuned-1482,8161
9635,failed,paib-gpu/openb-pod-6797-tuned-1483,8161
9636,failed,paib-gpu/openb-pod-2116-tuned-1484,8161
9637,failed,paib-gpu/openb-pod-6346-tuned-1485,8161
9638,failed,paib-gpu/openb-pod-1721-tuned-1486,8161
9639,failed,paib-gpu/openb-pod-6757-tuned-1487,8161
9640,failed,paib-gpu/openb-pod-0963-tuned-1488,8161
9641,failed,paib-gpu/openb-pod-6762-tuned-1489,8161
9642,create,paib-gpu/openb-pod-3242-tuned-1490,8162
9643,failed,paib-gpu/openb-pod-1018-tuned-1491,8162
9644,failed,paib-gpu/openb-pod-1264-tuned-1492,8162
9645,failed,paib-gpu/openb-pod-5321-tuned-1493,8162
9646,failed,paib-gpu/openb-pod-6477-tuned-1494,8162
9647,create,paib-gpu/openb-pod-3444-tuned-1495,8163
9648,failed,paib-gpu/openb-pod-7085-tuned-1496,8163
9649,failed,paib-gpu/openb-pod-1258-tuned-1497,8163
9650,failed,paib-gpu/openb-pod-1468-tuned-1498,8163
9651,create,paib-gpu/openb-pod-1899-tuned-1499,8164
9652,failed,paib-gpu/openb-pod-7829-tuned-1500,8164
9653,failed,paib-gpu/openb-pod-7576-tuned-1501,8164
9654,create,paib-gpu/openb-pod-4835-tuned-1502,8165
9655,create,paib-gpu/openb-pod-0473-tuned-1503,8166
9656,failed,paib-gpu/openb-pod-5854-tuned-1504,8166
9657,failed,paib-gpu/openb-pod-4197-tuned-1505,8166
9658,failed,paib-gpu/openb-pod-6435-tuned-1506,8166
9659,failed,paib-gpu/openb-pod-6134-tuned-1507,8166
9660,failed,paib-gpu/openb-pod-5593-tuned-1508,8166
9661,failed,paib-gpu/openb-pod-0243-tuned-1509,8166
9662,failed,paib-gpu/openb-pod-3374-tuned-1510,8166
9663,failed,paib-gpu/openb-pod-3087-tuned-1511,8166
9664,failed,paib-gpu/openb-pod-2893-tuned-1512,8166
9665,failed,paib-gpu/openb-pod-4794-tuned-1513,8166
9666,failed,paib-gpu/openb-pod-7405-tuned-1514,8166
9667,failed,paib-gpu/openb-pod-2837-tuned-1515,8166
9668,failed,paib-gpu/openb-pod-8015-tuned-1516,8166
9669,failed,paib-gpu/openb-pod-3821-tuned-1517,8166
9670,failed,paib-gpu/openb-pod-7733-tuned-1518,8166
9671,failed,paib-gpu/openb-pod-5126-tuned-1519,8166
9672,failed,paib-gpu/openb-pod-0752-tuned-1520,8166
9673,failed,paib-gpu/openb-pod-1936-tuned-1521,8166
9674,failed,paib-gpu/openb-pod-7818-tuned-1522,8166
9675,failed,paib-gpu/openb-pod-5441-tuned-1523,8166
9676,failed,paib-gpu/openb-pod-7159-tuned-1524,8166
9677,failed,paib-gpu/openb-pod-3289-tuned-1525,8166
9678,create,paib-gpu/openb-pod-7116-tuned-1526,8167
9679,failed,paib-gpu/openb-pod-5239-tuned-1527,8167
9680,failed,paib-gpu/openb-pod-3310-tuned-1528,8167
9681,failed,paib-gpu/openb-pod-4731-tuned-1529,8167
9682,failed,paib-gpu/openb-pod-6933-tuned-1530,8167
9683,create,paib-gpu/openb-pod-1163-tuned-1531,8168
9684,failed,paib-gpu/openb-pod-4544-tuned-1532,8168
9685,failed,paib-gpu/openb-pod-1035-tuned-1533,8168
9686,create,paib-gpu/openb-pod-2701-tuned-1534,8169
9687,failed,paib-gpu/openb-pod-6505-tuned-1535,8169
9688,failed,paib-gpu/openb-pod-1592-tuned-1536,8169
9689,failed,paib-gpu/openb-pod-0273-tuned-1537,8169
9690,failed,paib-gpu/openb-pod-6955-tuned-1538,8169
9691,failed,paib-gpu/openb-pod-6132-tuned-1539,8169
9692,failed,paib-gpu/openb-pod-5792-tuned-1540,8169
9693,failed,paib-gpu/openb-pod-7822-tuned-1541,8169
9694,failed,paib-gpu/openb-pod-2445-tuned-1542,8169
9695,failed,paib-gpu/openb-pod-7902-tuned-1543,8169
9696,failed,paib-gpu/openb-pod-4805-tuned-1544,8169
9697,failed,paib-gpu/openb-pod-6496-tuned-1545,8169
9698,failed,paib-gpu/openb-pod-5262-tuned-1546,8169
9699,create,paib-gpu/openb-pod-1638-tuned-1547,8170
9700,failed,paib-gpu/openb-pod-0891-tuned-1548,8170
9701,failed,paib-gpu/openb-pod-2899-tuned-1549,8170
9702,failed,paib-gpu/openb-pod-7271-tuned-1550,8170
9703,failed,paib-gpu/openb-pod-1853-tuned-1551,8170
9704,failed,paib-gpu/openb-pod-5310-tuned-1552,8170
9705,failed,paib-gpu/openb-pod-7586-tuned-1553,8170
9706,failed,paib-gpu/openb-pod-4653-tuned-1554,8170
9707,failed,paib-gpu/openb-pod-0583-tuned-1555,8170
9708,failed,paib-gpu/openb-pod-6746-tuned-1556,8170
9709,failed,paib-gpu/openb-pod-7210-tuned-1557,8170
9710,create,paib-gpu/openb-pod-6561-tuned-1558,8171
9711,failed,paib-gpu/openb-pod-0730-tuned-1559,8171
9712,create,paib-gpu/openb-pod-6384-tuned-1560,8172
9713,failed,paib-gpu/openb-pod-4480-tuned-1561,8172
9714,create,paib-gpu/openb-pod-0805-tuned-1562,8173
9715,failed,paib-gpu/openb-pod-6608-tuned-1563,8173
9716,failed,paib-gpu/openb-pod-5016-tuned-1564,8173
9717,failed,paib-gpu/openb-pod-5952-tuned-1565,8173
9718,create,paib-gpu/openb-pod-5419-tuned-1566,8174
9719,failed,paib-gpu/openb-pod-4660-tuned-1567,8174
9720,failed,paib-gpu/openb-pod-7321-tuned-1568,8174
9721,failed,paib-gpu/openb-pod-6555-tuned-1569,8174
9722,failed,paib-gpu/openb-pod-7067-tuned-1570,8174
9723,failed,paib-gpu/openb-pod-2975-tuned-1571,8174
9724,failed,paib-gpu/openb-pod-6855-tuned-1572,8174
9725,failed,paib-gpu/openb-pod-3154-tuned-1573,8174
9726,failed,paib-gpu/openb-pod-0173-tuned-1574,8174
9727,failed,paib-gpu/openb-pod-3724-tuned-1575,8174
9728,failed,paib-gpu/openb-pod-0620-tuned-1576,8174
9729,failed,paib-gpu/openb-pod-6371-tuned-1577,8174
9730,failed,paib-gpu/openb-pod-2233-tuned-1578,8174
9731,failed,paib-gpu/openb-pod-3398-tuned-1579,8174
9732,failed,paib-gpu/openb-pod-0382-tuned-1580,8174
9733,failed,paib-gpu/openb-pod-5788-tuned-1581,8174
9734,failed,paib-gpu/openb-pod-3214-tuned-1582,8174
9735,create,paib-gpu/openb-pod-7588-tuned-1583,8175
9736,failed,paib-gpu/openb-pod-1148-tuned-1584,8175
9737,create,paib-gpu/openb-pod-2711-tuned-1585,8176
9738,failed,paib-gpu/openb-pod-1391-tuned-1586,8176
9739,failed,paib-gpu/openb-pod-5037-tuned-1587,8176
9740,failed,paib-gpu/openb-pod-7933-tuned-1588,8176
9741,failed,paib-gpu/openb-pod-5191-tuned-1589,8176
9742,failed,paib-gpu/openb-pod-7451-tuned-1590,8176
9743,failed,paib-gpu/openb-pod-2311-tuned-1591,8176
9744,create,paib-gpu/openb-pod-0728-tuned-1592,8177
9745,failed,paib-gpu/openb-pod-3236-tuned-1593,8177
9746,failed,paib-gpu/openb-pod-1340-tuned-1594,8177
9747,create,paib-gpu/openb-pod-6606-tuned-1595,8178
9748,failed,paib-gpu/openb-pod-6706-tuned-1596,8178
9749,failed,paib-gpu/openb-pod-1743-tuned-1597,8178
9750,failed,paib-gpu/openb-pod-4074-tuned-1598,8178
9751,failed,paib-gpu/openb-pod-1125-tuned-1599,8178
9752,failed,paib-gpu/openb-pod-0328-tuned-1600,8178
9753,failed,paib-gpu/openb-pod-0769-tuned-1601,8178
9754,failed,paib-gpu/openb-pod-7948-tuned-1602,8178
9755,failed,paib-gpu/openb-pod-6792-tuned-1603,8178
9756,failed,paib-gpu/openb-pod-7316-tuned-1604,8178
9757,failed,paib-gpu/openb-pod-5894-tuned-1605,8178
9758,failed,paib-gpu/openb-pod-1819-tuned-1606,8178
9759,failed,paib-gpu/openb-pod-3733-tuned-1607,8178
9760,failed,paib-gpu/openb-pod-3357-tuned-1608,8178
9761,failed,paib-gpu/openb-pod-5676-tuned-1609,8178
9762,create,paib-gpu/openb-pod-5103-tuned-1610,8179
9763,failed,paib-gpu/openb-pod-3870-tuned-1611,8179
9764,create,paib-gpu/openb-pod-3517-tuned-1612,8180
9765,failed,paib-gpu/openb-pod-2209-tuned-1613,8180
9766,failed,paib-gpu/openb-pod-6371-tuned-1614,8180
9767,failed,paib-gpu/openb-pod-1023-tuned-1615,8180
9768,failed,paib-gpu/openb-pod-6510-tuned-1616,8180
9769,create,paib-gpu/openb-pod-4986-tuned-1617,8181
9770,failed,paib-gpu/openb-pod-7243-tuned-1618,8181
9771,failed,paib-gpu/openb-pod-4282-tuned-1619,8181
9772,create,paib-gpu/openb-pod-5164-tuned-1620,8182
9773,failed,paib-gpu/openb-pod-4201-tuned-1621,8182
9774,failed,paib-gpu/openb-pod-5156-tuned-1622,8182
9775,failed,paib-gpu/openb-pod-1575-tuned-1623,8182
9776,failed,paib-gpu/openb-pod-4868-tuned-1624,8182
9777,failed,paib-gpu/openb-pod-2699-tuned-1625,8182
9778,failed,paib-gpu/openb-pod-7234-tuned-1626,8182
9779,failed,paib-gpu/openb-pod-0299-tuned-1627,8182
9780,failed,paib-gpu/openb-pod-1447-tuned-1628,8182
9781,failed,paib-gpu/openb-pod-7141-tuned-1629,8182
9782,failed,paib-gpu/openb-pod-1774-tuned-1630,8182
9783,failed,paib-gpu/openb-pod-0775-tuned-1631,8182
9784,failed,paib-gpu/openb-pod-7679-tuned-1632,8182
9785,create,paib-gpu/openb-pod-0650-tuned-1633,8183
9786,create,paib-gpu/openb-pod-2297-tuned-1634,8184
9787,failed,paib-gpu/openb-pod-7396-tuned-1635,8184
9788,create,paib-gpu/openb-pod-6619-tuned-1636,8185
9789,failed,paib-gpu/openb-pod-3818-tuned-1637,8185
9790,failed,paib-gpu/openb-pod-3145-tuned-1638,8185
9791,failed,paib-gpu/openb-pod-3502-tuned-1639,8185
9792,failed,paib-gpu/openb-pod-0719-tuned-1640,8185
9793,failed,paib-gpu/openb-pod-7811-tuned-1641,8185
9794,create,paib-gpu/openb-pod-6865-tuned-1642,8186
9795,failed,paib-gpu/openb-pod-4524-tuned-1643,8186
9796,failed,paib-gpu/openb-pod-3944-tuned-1644,8186
9797,failed,paib-gpu/openb-pod-1568-tuned-1645,8186
9798,create,paib-gpu/openb-pod-2049-tuned-1646,8187
9799,failed,paib-gpu/openb-pod-7437-tuned-1647,8187
9800,failed,paib-gpu/openb-pod-1727-tuned-1648,8187
9801,failed,paib-gpu/openb-pod-2382-tuned-1649,8187
9802,failed,paib-gpu/openb-pod-1186-tuned-1650,8187
9803,failed,paib-gpu/openb-pod-5728-tuned-1651,8187
9804,failed,paib-gpu/openb-pod-5466-tuned-1652,8187
9805,create,paib-gpu/openb-pod-6449-tuned-1653,8188
9806,create,paib-gpu/openb-pod-1322-tuned-1654,8189
9807,failed,paib-gpu/openb-pod-1156-tuned-1655,8189
9808,failed,paib-gpu/openb-pod-0105-tuned-1656,8189
9809,failed,paib-gpu/openb-pod-7299-tuned-1657,8189
9810,failed,paib-gpu/openb-pod-5723-tuned-1658,8189
9811,failed,paib-gpu/openb-pod-1167-tuned-1659,8189
9812,create,paib-gpu/openb-pod-1267-tuned-1660,8190
9813,failed,paib-gpu/openb-pod-7409-tuned-1661,8190
9814,failed,paib-gpu/openb-pod-3640-tuned-1662,8190
9815,failed,paib-gpu/openb-pod-4246-tuned-1663,8190
9816,failed,paib-gpu/openb-pod-0716-tuned-1664,8190
9817,failed,paib-gpu/openb-pod-4829-tuned-1665,8190
9818,failed,paib-gpu/openb-pod-0000-tuned-1666,8190
9819,failed,paib-gpu/openb-pod-3417-tuned-1667,8190
9820,failed,paib-gpu/openb-pod-2137-tuned-1668,8190
9821,failed,paib-gpu/openb-pod-1174-tuned-1669,8190
9822,failed,paib-gpu/openb-pod-5988-tuned-1670,8190
9823,failed,paib-gpu/openb-pod-4094-tuned-1671,8190
9824,failed,paib-gpu/openb-pod-0217-tuned-1672,8190
9825,create,paib-gpu/openb-pod-3196-tuned-1673,8191
9826,failed,paib-gpu/openb-pod-6415-tuned-1674,8191
9827,create,paib-gpu/openb-pod-1138-tuned-1675,8192
9828,failed,paib-gpu/openb-pod-5988-tuned-1676,8192
9829,create,paib-gpu/openb-pod-4693-tuned-1677,8193
9830,failed,paib-gpu/openb-pod-5756-tuned-1678,8193
9831,failed,paib-gpu/openb-pod-6578-tuned-1679,8193
9832,failed,paib-gpu/openb-pod-7406-tuned-1680,8193
9833,failed,paib-gpu/openb-pod-6863-tuned-1681,8193
9834,failed,paib-gpu/openb-pod-3825-tuned-1682,8193
9835,failed,paib-gpu/openb-pod-4617-tuned-1683,8193
9836,create,paib-gpu/openb-pod-7842-tuned-1684,8194
9837,failed,paib-gpu/openb-pod-1805-tuned-1685,8194
9838,create,paib-gpu/openb-pod-3442-tuned-1686,8195
9839,failed,paib-gpu/openb-pod-5297-tuned-1687,8195
9840,failed,paib-gpu/openb-pod-0283-tuned-1688,8195
9841,failed,paib-gpu/openb-pod-0614-tuned-1689,8195
9842,failed,paib-gpu/openb-pod-5761-tuned-1690,8195
9843,failed,paib-gpu/openb-pod-5756-tuned-1691,8195
9844,failed,paib-gpu/openb-pod-5136-tuned-1692,8195
9845,failed,paib-gpu/openb-pod-7584-tuned-1693,8195
9846,failed,paib-gpu/openb-pod-8069-tuned-1694,8195
9847,failed,paib-gpu/openb-pod-5468-tuned-1695,8195
9848,create,paib-gpu/openb-pod-1284-tuned-1696,8196
9849,failed,paib-gpu/openb-pod-6223-tuned-1697,8196
9850,failed,paib-gpu/openb-pod-2813-tuned-1698,8196
9851,failed,paib-gpu/openb-pod-1757-tuned-1699,8196
9852,create,paib-gpu/openb-pod-2761-tuned-1700,8197
9853,failed,paib-gpu/openb-pod-6890-tuned-1701,8197
9854,failed,paib-gpu/openb-pod-7826-tuned-1702,8197
9855,failed,paib-gpu/openb-pod-0458-tuned-1703,8197
9856,failed,paib-gpu/openb-pod-7280-tuned-1704,8197
9857,failed,paib-gpu/openb-pod-1993-tuned-1705,8197
9858,failed,paib-gpu/openb-pod-2730-tuned-1706,8197
9859,failed,paib-gpu/openb-pod-6676-tuned-1707,8197
9860,failed,paib-gpu/openb-pod-7998-tuned-1708,8197
9861,failed,paib-gpu/openb-pod-7582-tuned-1709,8197
9862,create,paib-gpu/openb-pod-5692-tuned-1710,8198
9863,create,paib-gpu/openb-pod-1203-tuned-1711,8199
9864,failed,paib-gpu/openb-pod-2913-tuned-1712,8199
9865,failed,paib-gpu/openb-pod-0405-tuned-1713,8199
9866,failed,paib-gpu/openb-pod-0889-tuned-1714,8199
9867,create,paib-gpu/openb-pod-6483-tuned-1715,8200
9868,create,paib-gpu/openb-pod-7840-tuned-1716,8201
9869,create,paib-gpu/openb-pod-3018-tuned-1717,8202
9870,failed,paib-gpu/openb-pod-0692-tuned-1718,8202
9871,create,paib-gpu/openb-pod-5541-tuned-1719,8203
9872,failed,paib-gpu/openb-pod-6723-tuned-1720,8203
9873,failed,paib-gpu/openb-pod-6277-tuned-1721,8203
9874,failed,paib-gpu/openb-pod-6719-tuned-1722,8203
9875,failed,paib-gpu/openb-pod-0778-tuned-1723,8203
9876,failed,paib-gpu/openb-pod-5384-tuned-1724,8203
9877,failed,paib-gpu/openb-pod-7433-tuned-1725,8203
9878,create,paib-gpu/openb-pod-2296-tuned-1726,8204
9879,failed,paib-gpu/openb-pod-1230-tuned-1727,8204
9880,failed,paib-gpu/openb-pod-6547-tuned-1728,8204
9881,create,paib-gpu/openb-pod-2007-tuned-1729,8205
9882,failed,paib-gpu/openb-pod-5067-tuned-1730,8205
9883,failed,paib-gpu/openb-pod-3166-tuned-1731,8205
9884,failed,paib-gpu/openb-pod-3337-tuned-1732,8205
9885,failed,paib-gpu/openb-pod-4991-tuned-1733,8205
9886,failed,paib-gpu/openb-pod-5168-tuned-1734,8205
9887,failed,paib-gpu/openb-pod-5429-tuned-1735,8205
9888,failed,paib-gpu/openb-pod-5112-tuned-1736,8205
9889,failed,paib-gpu/openb-pod-4828-tuned-1737,8205
9890,failed,paib-gpu/openb-pod-0708-tuned-1738,8205
9891,failed,paib-gpu/openb-pod-7583-tuned-1739,8205
9892,failed,paib-gpu/openb-pod-7855-tuned-1740,8205
9893,failed,paib-gpu/openb-pod-1252-tuned-1741,8205
9894,failed,paib-gpu/openb-pod-7025-tuned-1742,8205
9895,failed,paib-gpu/openb-pod-3662-tuned-1743,8205
9896,failed,paib-gpu/openb-pod-6671-tuned-1744,8205
9897,create,paib-gpu/openb-pod-1387-tuned-1745,8206
9898,failed,paib-gpu/openb-pod-4861-tuned-1746,8206
9899,failed,paib-gpu/openb-pod-1392-tuned-1747,8206
9900,failed,paib-gpu/openb-pod-0471-tuned-1748,8206
9901,create,paib-gpu/openb-pod-1537-tuned-1749,8207
9902,failed,paib-gpu/openb-pod-4691-tuned-1750,8207
9903,failed,paib-gpu/openb-pod-4968-tuned-1751,8207
9904,failed,paib-gpu/openb-pod-3259-tuned-1752,8207
9905,failed,paib-gpu/openb-pod-6038-tuned-1753,8207
9906,create,paib-gpu/openb-pod-4325-tuned-1754,8208
9907,failed,paib-gpu/openb-pod-0820-tuned-1755,8208
9908,failed,paib-gpu/openb-pod-7250-tuned-1756,8208
9909,failed,paib-gpu/openb-pod-7780-tuned-1757,8208
9910,failed,paib-gpu/openb-pod-0092-tuned-1758,8208
9911,failed,paib-gpu/openb-pod-0819-tuned-1759,8208
9912,create,paib-gpu/openb-pod-4421-tuned-1760,8209
9913,create,paib-gpu/openb-pod-2608-tuned-1761,8210
9914,failed,paib-gpu/openb-pod-0766-tuned-1762,8210
9915,failed,paib-gpu/openb-pod-0138-tuned-1763,8210
9916,failed,paib-gpu/openb-pod-4102-tuned-1764,8210
9917,failed,paib-gpu/openb-pod-2436-tuned-1765,8210
9918,failed,paib-gpu/openb-pod-8112-tuned-1766,8210
9919,failed,paib-gpu/openb-pod-6803-tuned-1767,8210
9920,failed,paib-gpu/openb-pod-6956-tuned-1768,8210
9921,failed,paib-gpu/openb-pod-2187-tuned-1769,8210
9922,failed,paib-gpu/openb-pod-7937-tuned-1770,8210
9923,failed,paib-gpu/openb-pod-6322-tuned-1771,8210
9924,failed,paib-gpu/openb-pod-6522-tuned-1772,8210
9925,create,paib-gpu/openb-pod-5786-tuned-1773,8211
9926,failed,paib-gpu/openb-pod-6501-tuned-1774,8211
9927,failed,paib-gpu/openb-pod-7113-tuned-1775,8211
9928,failed,paib-gpu/openb-pod-0968-tuned-1776,8211
9929,failed,paib-gpu/openb-pod-5111-tuned-1777,8211
9930,failed,paib-gpu/openb-pod-1395-tuned-1778,8211
9931,failed,paib-gpu/openb-pod-1214-tuned-1779,8211
9932,failed,paib-gpu/openb-pod-7396-tuned-1780,8211
9933,failed,paib-gpu/openb-pod-1235-tuned-1781,8211
9934,failed,paib-gpu/openb-pod-5648-tuned-1782,8211
9935,failed,paib-gpu/openb-pod-1568-tuned-1783,8211
9936,failed,paib-gpu/openb-pod-4836-tuned-1784,8211
9937,failed,paib-gpu/openb-pod-0357-tuned-1785,8211
9938,failed,paib-gpu/openb-pod-3914-tuned-1786,8211
9939,failed,paib-gpu/openb-pod-6284-tuned-1787,8211
9940,failed,paib-gpu/openb-pod-4542-tuned-1788,8211
9941,failed,paib-gpu/openb-pod-4603-tuned-1789,8211
9942,failed,paib-gpu/openb-pod-0616-tuned-1790,8211
9943,failed,paib-gpu/openb-pod-6526-tuned-1791,8211
9944,failed,paib-gpu/openb-pod-2974-tuned-1792,8211
9945,failed,paib-gpu/openb-pod-1636-tuned-1793,8211
9946,failed,paib-gpu/openb-pod-0797-tuned-1794,8211
9947,failed,paib-gpu/openb-pod-0089-tuned-1795,8211
9948,failed,paib-gpu/openb-pod-3262-tuned-1796,8211
9949,failed,paib-gpu/openb-pod-7953-tuned-1797,8211
9950,failed,paib-gpu/openb-pod-2213-tuned-1798,8211
9951,failed,paib-gpu/openb-pod-4109-tuned-1799,8211
9952,failed,paib-gpu/openb-pod-7666-tuned-1800,8211
9953,failed,paib-gpu/openb-pod-2368-tuned-1801,8211
9954,failed,paib-gpu/openb-pod-4114-tuned-1802,8211
9955,failed,paib-gpu/openb-pod-2571-tuned-1803,8211
9956,failed,paib-gpu/openb-pod-1893-tuned-1804,8211
9957,failed,paib-gpu/openb-pod-7094-tuned-1805,8211
9958,failed,paib-gpu/openb-pod-1325-tuned-1806,8211
9959,create,paib-gpu/openb-pod-6611-tuned-1807,8212
9960,create,paib-gpu/openb-pod-0935-tuned-1808,8213
9961,failed,paib-gpu/openb-pod-4374-tuned-1809,8213
9962,create,paib-gpu/openb-pod-3484-tuned-1810,8214
9963,failed,paib-gpu/openb-pod-5517-tuned-1811,8214
9964,failed,paib-gpu/openb-pod-4769-tuned-1812,8214
9965,failed,paib-gpu/openb-pod-7906-tuned-1813,8214
9966,failed,paib-gpu/openb-pod-5741-tuned-1814,8214
9967,failed,paib-gpu/openb-pod-0371-tuned-1815,8214
9968,failed,paib-gpu/openb-pod-6816-tuned-1816,8214
9969,failed,paib-gpu/openb-pod-7105-tuned-1817,8214
9970,failed,paib-gpu/openb-pod-0112-tuned-1818,8214
9971,failed,paib-gpu/openb-pod-2571-tuned-1819,8214
9972,failed,paib-gpu/openb-pod-0757-tuned-1820,8214
9973,failed,paib-gpu/openb-pod-4247-tuned-1821,8214
9974,failed,paib-gpu/openb-pod-5871-tuned-1822,8214
9975,create,paib-gpu/openb-pod-5165-tuned-1823,8215
9976,failed,paib-gpu/openb-pod-1141-tuned-1824,8215
9977,failed,paib-gpu/openb-pod-3921-tuned-1825,8215
9978,failed,paib-gpu/openb-pod-0254-tuned-1826,8215
9979,create,paib-gpu/openb-pod-6891-tuned-1827,8216
9980,failed,paib-gpu/openb-pod-0686-tuned-1828,8216
9981,failed,paib-gpu/openb-pod-6144-tuned-1829,8216
9982,failed,paib-gpu/openb-pod-1721-tuned-1830,8216
9983,create,paib-gpu/openb-pod-6989-tuned-1831,8217
9984,failed,paib-gpu/openb-pod-5098-tuned-1832,8217
9985,failed,paib-gpu/openb-pod-2415-tuned-1833,8217
9986,failed,paib-gpu/openb-pod-3079-tuned-1834,8217
9987,failed,paib-gpu/openb-pod-2885-tuned-1835,8217
9988,failed,paib-gpu/openb-pod-3416-tuned-1836,8217
9989,failed,paib-gpu/openb-pod-7879-tuned-1837,8217
9990,failed,paib-gpu/openb-pod-7071-tuned-1838,8217
9991,failed,paib-gpu/openb-pod-0812-tuned-1839,8217
9992,failed,paib-gpu/openb-pod-7905-tuned-1840,8217
9993,failed,paib-gpu/openb-pod-6979-tuned-1841,8217
9994,failed,paib-gpu/openb-pod-6785-tuned-1842,8217
9995,create,paib-gpu/openb-pod-0887-tuned-1843,8218
9996,failed,paib-gpu/openb-pod-0208-tuned-1844,8218
9997,failed,paib-gpu/openb-pod-0837-tuned-1845,8218
9998,failed,paib-gpu/openb-pod-7817-tuned-1846,8218
9999,failed,paib-gpu/openb-pod-7674-tuned-1847,8218
10000,create,paib-gpu/openb-pod-0649-tuned-1848,8219
10001,create,paib-gpu/openb-pod-6491-tuned-1849,8220
10002,failed,paib-gpu/openb-pod-0363-tuned-1850,8220
10003,failed,paib-gpu/openb-pod-0609-tuned-1851,8220
10004,failed,paib-gpu/openb-pod-8101-tuned-1852,8220
10005,create,paib-gpu/openb-pod-2060-tuned-1853,8221
10006,failed,paib-gpu/openb-pod-1939-tuned-1854,8221
10007,failed,paib-gpu/openb-pod-7297-tuned-1855,8221
10008,failed,paib-gpu/openb-pod-3458-tuned-1856,8221
10009,failed,paib-gpu/openb-pod-3592-tuned-1857,8221
10010,failed,paib-gpu/openb-pod-7022-tuned-1858,8221
10011,failed,paib-gpu/openb-pod-6006-tuned-1859,8221
10012,failed,paib-gpu/openb-pod-4859-tuned-1860,8221
10013,failed,paib-gpu/openb-pod-6981-tuned-1861,8221
10014,failed,paib-gpu/openb-pod-8080-tuned-1862,8221
10015,failed,paib-gpu/openb-pod-6961-tuned-1863,8221
10016,failed,paib-gpu/openb-pod-0001-tuned-1864,8221
10017,failed,paib-gpu/openb-pod-6858-tuned-1865,8221
10018,failed,paib-gpu/openb-pod-7917-tuned-1866,8221
10019,failed,paib-gpu/openb-pod-6318-tuned-1867,8221
10020,failed,paib-gpu/openb-pod-1206-tuned-1868,8221
10021,failed,paib-gpu/openb-pod-0041-tuned-1869,8221
10022,failed,paib-gpu/openb-pod-3883-tuned-1870,8221
10023,failed,paib-gpu/openb-pod-4368-tuned-1871,8221
10024,failed,paib-gpu/openb-pod-2479-tuned-1872,8221
10025,failed,paib-gpu/openb-pod-2082-tuned-1873,8221
10026,failed,paib-gpu/openb-pod-4251-tuned-1874,8221
10027,failed,paib-gpu/openb-pod-0578-tuned-1875,8221
10028,failed,paib-gpu/openb-pod-4406-tuned-1876,8221
10029,failed,paib-gpu/openb-pod-2813-tuned-1877,8221
10030,create,paib-gpu/openb-pod-6799-tuned-1878,8222
10031,create,paib-gpu/openb-pod-4817-tuned-1879,8223
10032,failed,paib-gpu/openb-pod-6667-tuned-1880,8223
10033,failed,paib-gpu/openb-pod-1186-tuned-1881,8223
10034,failed,paib-gpu/openb-pod-1581-tuned-1882,8223
10035,failed,paib-gpu/openb-pod-6023-tuned-1883,8223
10036,failed,paib-gpu/openb-pod-1977-tuned-1884,8223
10037,failed,paib-gpu/openb-pod-4024-tuned-1885,8223
10038,failed,paib-gpu/openb-pod-2817-tuned-1886,8223
10039,failed,paib-gpu/openb-pod-3841-tuned-1887,8223
10040,create,paib-gpu/openb-pod-4520-tuned-1888,8224
10041,failed,paib-gpu/openb-pod-2985-tuned-1889,8224
10042,failed,paib-gpu/openb-pod-6017-tuned-1890,8224
10043,failed,paib-gpu/openb-pod-6303-tuned-1891,8224
10044,create,paib-gpu/openb-pod-7133-tuned-1892,8225
10045,failed,paib-gpu/openb-pod-7529-tuned-1893,8225
10046,failed,paib-gpu/openb-pod-3202-tuned-1894,8225
10047,failed,paib-gpu/openb-pod-7251-tuned-1895,8225
10048,failed,paib-gpu/openb-pod-6079-tuned-1896,8225
10049,failed,paib-gpu/openb-pod-1650-tuned-1897,8225
10050,failed,paib-gpu/openb-pod-3031-tuned-1898,8225
10051,create,paib-gpu/openb-pod-4505-tuned-1899,8226
10052,failed,paib-gpu/openb-pod-5440-tuned-1900,8226
10053,failed,paib-gpu/openb-pod-7412-tuned-1901,8226
10054,create,paib-gpu/openb-pod-5538-tuned-1902,8227
10055,failed,paib-gpu/openb-pod-2690-tuned-1903,8227
10056,failed,paib-gpu/openb-pod-3163-tuned-1904,8227
10057,create,paib-gpu/openb-pod-1101-tuned-1905,8228
10058,failed,paib-gpu/openb-pod-0488-tuned-1906,8228
10059,create,paib-gpu/openb-pod-6998-tuned-1907,8229
10060,failed,paib-gpu/openb-pod-6935-tuned-1908,8229
10061,failed,paib-gpu/openb-pod-3635-tuned-1909,8229
10062,create,paib-gpu/openb-pod-4485-tuned-1910,8230
10063,failed,paib-gpu/openb-pod-1598-tuned-1911,8230
10064,create,paib-gpu/openb-pod-1350-tuned-1912,8231
10065,failed,paib-gpu/openb-pod-2067-tuned-1913,8231
10066,failed,paib-gpu/openb-pod-0128-tuned-1914,8231
10067,failed,paib-gpu/openb-pod-4512-tuned-1915,8231
10068,failed,paib-gpu/openb-pod-0539-tuned-1916,8231
10069,failed,paib-gpu/openb-pod-3744-tuned-1917,8231
10070,failed,paib-gpu/openb-pod-2843-tuned-1918,8231
10071,failed,paib-gpu/openb-pod-8127-tuned-1919,8231
10072,failed,paib-gpu/openb-pod-2743-tuned-1920,8231
10073,failed,paib-gpu/openb-pod-7541-tuned-1921,8231
10074,failed,paib-gpu/openb-pod-5216-tuned-1922,8231
10075,failed,paib-gpu/openb-pod-7768-tuned-1923,8231
10076,failed,paib-gpu/openb-pod-1080-tuned-1924,8231
10077,failed,paib-gpu/openb-pod-5391-tuned-1925,8231
10078,failed,paib-gpu/openb-pod-0909-tuned-1926,8231
10079,failed,paib-gpu/openb-pod-6119-tuned-1927,8231
10080,create,paib-gpu/openb-pod-7010-tuned-1928,8232
10081,failed,paib-gpu/openb-pod-7989-tuned-1929,8232
10082,failed,paib-gpu/openb-pod-4302-tuned-1930,8232
10083,create,paib-gpu/openb-pod-1368-tuned-1931,8233
10084,failed,paib-gpu/openb-pod-6997-tuned-1932,8233
10085,failed,paib-gpu/openb-pod-1865-tuned-1933,8233
10086,create,paib-gpu/openb-pod-2884-tuned-1934,8234
10087,create,paib-gpu/openb-pod-0940-tuned-1935,8235
10088,failed,paib-gpu/openb-pod-1743-tuned-1936,8235
10089,create,paib-gpu/openb-pod-2389-tuned-1937,8236
10090,create,paib-gpu/openb-pod-2531-tuned-1938,8237
10091,failed,paib-gpu/openb-pod-6019-tuned-1939,8237
10092,failed,paib-gpu/openb-pod-7864-tuned-1940,8237
10093,failed,paib-gpu/openb-pod-0895-tuned-1941,8237
10094,failed,paib-gpu/openb-pod-0752-tuned-1942,8237
10095,failed,paib-gpu/openb-pod-7677-tuned-1943,8237
10096,create,paib-gpu/openb-pod-5802-tuned-1944,8238
10097,failed,paib-gpu/openb-pod-3898-tuned-1945,8238
10098,failed,paib-gpu/openb-pod-3537-tuned-1946,8238
10099,failed,paib-gpu/openb-pod-7924-tuned-1947,8238
10100,failed,paib-gpu/openb-pod-7390-tuned-1948,8238
10101,create,paib-gpu/openb-pod-3469-tuned-1949,8239
10102,failed,paib-gpu/openb-pod-8136-tuned-1950,8239
10103,failed,paib-gpu/openb-pod-3563-tuned-1951,8239
10104,failed,paib-gpu/openb-pod-0736-tuned-1952,8239
10105,failed,paib-gpu/openb-pod-4461-tuned-1953,8239
10106,failed,paib-gpu/openb-pod-6842-tuned-1954,8239
10107,failed,paib-gpu/openb-pod-3010-tuned-1955,8239
10108,failed,paib-gpu/openb-pod-7483-tuned-1956,8239
10109,create,paib-gpu/openb-pod-7185-tuned-1957,8240
10110,failed,paib-gpu/openb-pod-2766-tuned-1958,8240
10111,failed,paib-gpu/openb-pod-3784-tuned-1959,8240
10112,failed,paib-gpu/openb-pod-6466-tuned-1960,8240
10113,failed,paib-gpu/openb-pod-2668-tuned-1961,8240
10114,failed,paib-gpu/openb-pod-8098-tuned-1962,8240
10115,create,paib-gpu/openb-pod-5357-tuned-1963,8241
10116,failed,paib-gpu/openb-pod-2685-tuned-1964,8241
10117,failed,paib-gpu/openb-pod-2369-tuned-1965,8241
10118,failed,paib-gpu/openb-pod-1504-tuned-1966,8241
10119,failed,paib-gpu/openb-pod-3440-tuned-1967,8241
10120,failed,paib-gpu/openb-pod-7776-tuned-1968,8241
10121,failed,paib-gpu/openb-pod-5405-tuned-1969,8241
10122,failed,paib-gpu/openb-pod-5584-tuned-1970,8241
10123,failed,paib-gpu/openb-pod-0481-tuned-1971,8241
10124,failed,paib-gpu/openb-pod-2901-tuned-1972,8241
10125,failed,paib-gpu/openb-pod-1465-tuned-1973,8241
10126,failed,paib-gpu/openb-pod-3969-tuned-1974,8241
10127,failed,paib-gpu/openb-pod-3502-tuned-1975,8241
10128,failed,paib-gpu/openb-pod-0831-tuned-1976,8241
10129,failed,paib-gpu/openb-pod-6101-tuned-1977,8241
10130,failed,paib-gpu/openb-pod-4180-tuned-1978,8241
10131,failed,paib-gpu/openb-pod-0135-tuned-1979,8241
10132,failed,paib-gpu/openb-pod-6395-tuned-1980,8241
10133,failed,paib-gpu/openb-pod-5939-tuned-1981,8241
10134,failed,paib-gpu/openb-pod-1053-tuned-1982,8241
10135,failed,paib-gpu/openb-pod-0245-tuned-1983,8241
10136,failed,paib-gpu/openb-pod-7645-tuned-1984,8241
10137,failed,paib-gpu/openb-pod-7090-tuned-1985,8241
10138,create,paib-gpu/openb-pod-8114-tuned-1986,8242
10139,failed,paib-gpu/openb-pod-7570-tuned-1987,8242
10140,failed,paib-gpu/openb-pod-5547-tuned-1988,8242
10141,failed,paib-gpu/openb-pod-2889-tuned-1989,8242
10142,failed,paib-gpu/openb-pod-6806-tuned-1990,8242
10143,create,paib-gpu/openb-pod-1768-tuned-1991,8243
10144,failed,paib-gpu/openb-pod-6078-tuned-1992,8243
10145,failed,paib-gpu/openb-pod-6847-tuned-1993,8243
10146,failed,paib-gpu/openb-pod-6774-tuned-1994,8243
10147,failed,paib-gpu/openb-pod-3642-tuned-1995,8243
10148,failed,paib-gpu/openb-pod-1143-tuned-1996,8243
10149,failed,paib-gpu/openb-pod-3038-tuned-1997,8243
10150,failed,paib-gpu/openb-pod-5671-tuned-1998,8243
10151,failed,paib-gpu/openb-pod-4493-tuned-1999,8243
10152,create,paib-gpu/openb-pod-6183-tuned-2000,8244
10153,failed,paib-gpu/openb-pod-0449-tuned-2001,8244
10154,failed,paib-gpu/openb-pod-4278-tuned-2002,8244
10155,create,paib-gpu/openb-pod-2658-tuned-2003,8245
10156,failed,paib-gpu/openb-pod-5866-tuned-2004,8245
10157,failed,paib-gpu/openb-pod-2714-tuned-2005,8245
10158,failed,paib-gpu/openb-pod-7521-tuned-2006,8245
10159,failed,paib-gpu/openb-pod-0273-tuned-2007,8245
10160,failed,paib-gpu/openb-pod-4695-tuned-2008,8245
10161,failed,paib-gpu/openb-pod-3894-tuned-2009,8245
10162,failed,paib-gpu/openb-pod-5737-tuned-2010,8245
10163,failed,paib-gpu/openb-pod-5525-tuned-2011,8245
10164,create,paib-gpu/openb-pod-1314-tuned-2012,8246
10165,failed,paib-gpu/openb-pod-2073-tuned-2013,8246
10166,failed,paib-gpu/openb-pod-6011-tuned-2014,8246
10167,create,paib-gpu/openb-pod-1897-tuned-2015,8247
10168,failed,paib-gpu/openb-pod-3131-tuned-2016,8247
10169,failed,paib-gpu/openb-pod-7194-tuned-2017,8247
10170,failed,paib-gpu/openb-pod-2257-tuned-2018,8247
10171,failed,paib-gpu/openb-pod-4236-tuned-2019,8247
10172,failed,paib-gpu/openb-pod-0644-tuned-2020,8247
10173,failed,paib-gpu/openb-pod-7756-tuned-2021,8247
10174,create,paib-gpu/openb-pod-2252-tuned-2022,8248
10175,failed,paib-gpu/openb-pod-7356-tuned-2023,8248
10176,failed,paib-gpu/openb-pod-5581-tuned-2024,8248
10177,failed,paib-gpu/openb-pod-0351-tuned-2025,8248
10178,create,paib-gpu/openb-pod-3886-tuned-2026,8249
10179,failed,paib-gpu/openb-pod-7923-tuned-2027,8249
10180,failed,paib-gpu/openb-pod-7084-tuned-2028,8249
10181,failed,paib-gpu/openb-pod-3062-tuned-2029,8249
10182,failed,paib-gpu/openb-pod-3698-tuned-2030,8249
10183,failed,paib-gpu/openb-pod-0704-tuned-2031,8249
10184,failed,paib-gpu/openb-pod-4109-tuned-2032,8249
10185,failed,paib-gpu/openb-pod-5333-tuned-2033,8249
10186,failed,paib-gpu/openb-pod-6552-tuned-2034,8249
10187,failed,paib-gpu/openb-pod-7307-tuned-2035,8249
10188,create,paib-gpu/openb-pod-5438-tuned-2036,8250
10189,failed,paib-gpu/openb-pod-6846-tuned-2037,8250
10190,failed,paib-gpu/openb-pod-0286-tuned-2038,8250
10191,failed,paib-gpu/openb-pod-0908-tuned-2039,8250
10192,create,paib-gpu/openb-pod-1101-tuned-2040,8251
10193,create,paib-gpu/openb-pod-6573-tuned-2041,8252
10194,failed,paib-gpu/openb-pod-5803-tuned-2042,8252
10195,failed,paib-gpu/openb-pod-7801-tuned-2043,8252
10196,failed,paib-gpu/openb-pod-1581-tuned-2044,8252
10197,failed,paib-gpu/openb-pod-6784-tuned-2045,8252
10198,failed,paib-gpu/openb-pod-1076-tuned-2046,8252
10199,failed,paib-gpu/openb-pod-1683-tuned-2047,8252
10200,failed,paib-gpu/openb-pod-5890-tuned-2048,8252
10201,create,paib-gpu/openb-pod-0932-tuned-2049,8253
10202,create,paib-gpu/openb-pod-6463-tuned-2050,8254
10203,failed,paib-gpu/openb-pod-1753-tuned-2051,8254
10204,failed,paib-gpu/openb-pod-4354-tuned-2052,8254
10205,failed,paib-gpu/openb-pod-6834-tuned-2053,8254
10206,failed,paib-gpu/openb-pod-5444-tuned-2054,8254
10207,create,paib-gpu/openb-pod-3018-tuned-2055,8255
10208,failed,paib-gpu/openb-pod-0104-tuned-2056,8255
10209,failed,paib-gpu/openb-pod-6339-tuned-2057,8255
10210,failed,paib-gpu/openb-pod-0290-tuned-2058,8255
10211,failed,paib-gpu/openb-pod-1769-tuned-2059,8255
10212,failed,paib-gpu/openb-pod-3879-tuned-2060,8255
10213,failed,paib-gpu/openb-pod-3941-tuned-2061,8255
10214,failed,paib-gpu/openb-pod-2229-tuned-2062,8255
10215,failed,paib-gpu/openb-pod-7539-tuned-2063,8255
10216,failed,paib-gpu/openb-pod-2739-tuned-2064,8255
10217,failed,paib-gpu/openb-pod-6883-tuned-2065,8255
10218,failed,paib-gpu/openb-pod-6342-tuned-2066,8255
10219,failed,paib-gpu/openb-pod-6473-tuned-2067,8255
10220,create,paib-gpu/openb-pod-6987-tuned-2068,8256
10221,failed,paib-gpu/openb-pod-0660-tuned-2069,8256
10222,failed,paib-gpu/openb-pod-4166-tuned-2070,8256
10223,failed,paib-gpu/openb-pod-0262-tuned-2071,8256
10224,create,paib-gpu/openb-pod-1777-tuned-2072,8257
10225,failed,paib-gpu/openb-pod-5526-tuned-2073,8257
10226,failed,paib-gpu/openb-pod-7278-tuned-2074,8257
10227,create,paib-gpu/openb-pod-4527-tuned-2075,8258
10228,failed,paib-gpu/openb-pod-1814-tuned-2076,8258
10229,failed,paib-gpu/openb-pod-1066-tuned-2077,8258
10230,failed,paib-gpu/openb-pod-6202-tuned-2078,8258
10231,failed,paib-gpu/openb-pod-2666-tuned-2079,8258
10232,failed,paib-gpu/openb-pod-1221-tuned-2080,8258
10233,failed,paib-gpu/openb-pod-7598-tuned-2081,8258
10234,failed,paib-gpu/openb-pod-0698-tuned-2082,8258
10235,failed,paib-gpu/openb-pod-2255-tuned-2083,8258
10236,failed,paib-gpu/openb-pod-7440-tuned-2084,8258
10237,failed,paib-gpu/openb-pod-5501-tuned-2085,8258
10238,failed,paib-gpu/openb-pod-7837-tuned-2086,8258
10239,failed,paib-gpu/openb-pod-6774-tuned-2087,8258
10240,failed,paib-gpu/openb-pod-1623-tuned-2088,8258
10241,failed,paib-gpu/openb-pod-0692-tuned-2089,8258
10242,create,paib-gpu/openb-pod-3462-tuned-2090,8259
10243,failed,paib-gpu/openb-pod-2229-tuned-2091,8259
10244,failed,paib-gpu/openb-pod-6629-tuned-2092,8259
10245,failed,paib-gpu/openb-pod-0191-tuned-2093,8259
10246,failed,paib-gpu/openb-pod-2853-tuned-2094,8259
10247,failed,paib-gpu/openb-pod-6835-tuned-2095,8259
10248,failed,paib-gpu/openb-pod-3775-tuned-2096,8259
10249,failed,paib-gpu/openb-pod-4383-tuned-2097,8259
10250,failed,paib-gpu/openb-pod-4939-tuned-2098,8259
10251,failed,paib-gpu/openb-pod-7383-tuned-2099,8259
10252,failed,paib-gpu/openb-pod-4060-tuned-2100,8259
10253,failed,paib-gpu/openb-pod-4875-tuned-2101,8259
10254,failed,paib-gpu/openb-pod-1436-tuned-2102,8259
10255,failed,paib-gpu/openb-pod-0654-tuned-2103,8259
10256,failed,paib-gpu/openb-pod-0095-tuned-2104,8259
10257,failed,paib-gpu/openb-pod-6567-tuned-2105,8259
10258,failed,paib-gpu/openb-pod-4314-tuned-2106,8259
10259,failed,paib-gpu/openb-pod-0469-tuned-2107,8259
10260,failed,paib-gpu/openb-pod-0021-tuned-2108,8259
10261,failed,paib-gpu/openb-pod-0100-tuned-2109,8259
10262,create,paib-gpu/openb-pod-6064-tuned-2110,8260
10263,create,paib-gpu/openb-pod-2486-tuned-2111,8261
10264,failed,paib-gpu/openb-pod-5010-tuned-2112,8261
10265,failed,paib-gpu/openb-pod-6188-tuned-2113,8261
10266,failed,paib-gpu/openb-pod-2673-tuned-2114,8261
10267,create,paib-gpu/openb-pod-4226-tuned-2115,8262
10268,failed,paib-gpu/openb-pod-6994-tuned-2116,8262
10269,failed,paib-gpu/openb-pod-3582-tuned-2117,8262
10270,failed,paib-gpu/openb-pod-1637-tuned-2118,8262
10271,failed,paib-gpu/openb-pod-2558-tuned-2119,8262
10272,failed,paib-gpu/openb-pod-2029-tuned-2120,8262
10273,failed,paib-gpu/openb-pod-5766-tuned-2121,8262
10274,failed,paib-gpu/openb-pod-7041-tuned-2122,8262
10275,failed,paib-gpu/openb-pod-0227-tuned-2123,8262
10276,failed,paib-gpu/openb-pod-4430-tuned-2124,8262
10277,failed,paib-gpu/openb-pod-5394-tuned-2125,8262
10278,failed,paib-gpu/openb-pod-7186-tuned-2126,8262
10279,create,paib-gpu/openb-pod-0404-tuned-2127,8263
10280,failed,paib-gpu/openb-pod-1082-tuned-2128,8263
10281,failed,paib-gpu/openb-pod-3124-tuned-2129,8263
10282,failed,paib-gpu/openb-pod-6746-tuned-2130,8263
10283,failed,paib-gpu/openb-pod-6030-tuned-2131,8263
10284,failed,paib-gpu/openb-pod-1143-tuned-2132,8263
10285,failed,paib-gpu/openb-pod-1535-tuned-2133,8263
10286,create,paib-gpu/openb-pod-4069-tuned-2134,8264
10287,create,paib-gpu/openb-pod-0951-tuned-2135,8265
10288,failed,paib-gpu/openb-pod-1253-tuned-2136,8265
10289,failed,paib-gpu/openb-pod-4646-tuned-2137,8265
10290,failed,paib-gpu/openb-pod-5734-tuned-2138,8265
10291,failed,paib-gpu/openb-pod-4309-tuned-2139,8265
10292,failed,paib-gpu/openb-pod-7353-tuned-2140,8265
10293,failed,paib-gpu/openb-pod-3908-tuned-2141,8265
10294,failed,paib-gpu/openb-pod-6547-tuned-2142,8265
10295,create,paib-gpu/openb-pod-3188-tuned-2143,8266
10296,failed,paib-gpu/openb-pod-4641-tuned-2144,8266
10297,failed,paib-gpu/openb-pod-1282-tuned-2145,8266
10298,failed,paib-gpu/openb-pod-0062-tuned-2146,8266
10299,failed,paib-gpu/openb-pod-1892-tuned-2147,8266
10300,failed,paib-gpu/openb-pod-0249-tuned-2148,8266
10301,create,paib-gpu/openb-pod-6852-tuned-2149,8267
10302,failed,paib-gpu/openb-pod-2564-tuned-2150,8267
10303,failed,paib-gpu/openb-pod-3453-tuned-2151,8267
10304,failed,paib-gpu/openb-pod-3162-tuned-2152,8267
10305,failed,paib-gpu/openb-pod-3778-tuned-2153,8267
10306,failed,paib-gpu/openb-pod-0537-tuned-2154,8267
10307,create,paib-gpu/openb-pod-2473-tuned-2155,8268
10308,failed,paib-gpu/openb-pod-0770-tuned-2156,8268
10309,failed,paib-gpu/openb-pod-6960-tuned-2157,8268
10310,failed,paib-gpu/openb-pod-3590-tuned-2158,8268
10311,failed,paib-gpu/openb-pod-8128-tuned-2159,8268
10312,failed,paib-gpu/openb-pod-0987-tuned-2160,8268
10313,failed,paib-gpu/openb-pod-1022-tuned-2161,8268
10314,create,paib-gpu/openb-pod-1280-tuned-2162,8269
10315,failed,paib-gpu/openb-pod-2324-tuned-2163,8269
10316,failed,paib-gpu/openb-pod-3073-tuned-2164,8269
10317,failed,paib-gpu/openb-pod-3254-tuned-2165,8269
10318,failed,paib-gpu/openb-pod-5972-tuned-2166,8269
10319,failed,paib-gpu/openb-pod-1434-tuned-2167,8269
10320,failed,paib-gpu/openb-pod-3579-tuned-2168,8269
10321,failed,paib-gpu/openb-pod-6884-tuned-2169,8269
10322,failed,paib-gpu/openb-pod-0107-tuned-2170,8269
10323,failed,paib-gpu/openb-pod-8047-tuned-2171,8269
10324,failed,paib-gpu/openb-pod-2305-tuned-2172,8269
10325,failed,paib-gpu/openb-pod-0419-tuned-2173,8269
10326,failed,paib-gpu/openb-pod-1633-tuned-2174,8269
10327,failed,paib-gpu/openb-pod-4708-tuned-2175,8269
10328,create,paib-gpu/openb-pod-1094-tuned-2176,8270
10329,failed,paib-gpu/openb-pod-7942-tuned-2177,8270
10330,failed,paib-gpu/openb-pod-1788-tuned-2178,8270
10331,failed,paib-gpu/openb-pod-5056-tuned-2179,8270
10332,failed,paib-gpu/openb-pod-2000-tuned-2180,8270
10333,failed,paib-gpu/openb-pod-7109-tuned-2181,8270
10334,failed,paib-gpu/openb-pod-5071-tuned-2182,8270
10335,failed,paib-gpu/openb-pod-2818-tuned-2183,8270
10336,failed,paib-gpu/openb-pod-5681-tuned-2184,8270
10337,create,paib-gpu/openb-pod-1296-tuned-2185,8271
10338,failed,paib-gpu/openb-pod-5465-tuned-2186,8271
10339,failed,paib-gpu/openb-pod-6374-tuned-2187,8271
10340,failed,paib-gpu/openb-pod-8013-tuned-2188,8271
10341,failed,paib-gpu/openb-pod-3753-tuned-2189,8271
10342,create,paib-gpu/openb-pod-3180-tuned-2190,8272
10343,failed,paib-gpu/openb-pod-1704-tuned-2191,8272
10344,failed,paib-gpu/openb-pod-0398-tuned-2192,8272
10345,create,paib-gpu/openb-pod-1846-tuned-2193,8273
10346,failed,paib-gpu/openb-pod-4426-tuned-2194,8273
10347,failed,paib-gpu/openb-pod-4997-tuned-2195,8273
10348,failed,paib-gpu/openb-pod-4807-tuned-2196,8273
10349,failed,paib-gpu/openb-pod-0379-tuned-2197,8273
10350,failed,paib-gpu/openb-pod-7702-tuned-2198,8273
10351,failed,paib-gpu/openb-pod-1637-tuned-2199,8273
10352,failed,paib-gpu/openb-pod-7068-tuned-2200,8273
10353,failed,paib-gpu/openb-pod-0198-tuned-2201,8273
10354,failed,paib-gpu/openb-pod-4156-tuned-2202,8273
10355,failed,paib-gpu/openb-pod-0569-tuned-2203,8273
10356,failed,paib-gpu/openb-pod-0823-tuned-2204,8273
10357,failed,paib-gpu/openb-pod-2920-tuned-2205,8273
10358,create,paib-gpu/openb-pod-2990-tuned-2206,8274
10359,failed,paib-gpu/openb-pod-3212-tuned-2207,8274
10360,failed,paib-gpu/openb-pod-7573-tuned-2208,8274
10361,failed,paib-gpu/openb-pod-7404-tuned-2209,8274
10362,failed,paib-gpu/openb-pod-6894-tuned-2210,8274
10363,failed,paib-gpu/openb-pod-7560-tuned-2211,8274
10364,failed,paib-gpu/openb-pod-3761-tuned-2212,8274
10365,failed,paib-gpu/openb-pod-7396-tuned-2213,8274
10366,failed,paib-gpu/openb-pod-4628-tuned-2214,8274
10367,failed,paib-gpu/openb-pod-1821-tuned-2215,8274
10368,failed,paib-gpu/openb-pod-2914-tuned-2216,8274
10369,create,paib-gpu/openb-pod-0465-tuned-2217,8275
10370,failed,paib-gpu/openb-pod-7768-tuned-2218,8275
10371,failed,paib-gpu/openb-pod-7055-tuned-2219,8275
10372,failed,paib-gpu/openb-pod-1981-tuned-2220,8275
10373,failed,paib-gpu/openb-pod-5609-tuned-2221,8275
10374,failed,paib-gpu/openb-pod-4493-tuned-2222,8275
10375,failed,paib-gpu/openb-pod-4207-tuned-2223,8275
10376,failed,paib-gpu/openb-pod-0397-tuned-2224,8275
10377,failed,paib-gpu/openb-pod-7980-tuned-2225,8275
10378,failed,paib-gpu/openb-pod-6455-tuned-2226,8275
10379,failed,paib-gpu/openb-pod-1567-tuned-2227,8275
10380,failed,paib-gpu/openb-pod-7211-tuned-2228,8275
10381,create,paib-gpu/openb-pod-2199-tuned-2229,8276
10382,failed,paib-gpu/openb-pod-0608-tuned-2230,8276
10383,create,paib-gpu/openb-pod-5347-tuned-2231,8277
10384,failed,paib-gpu/openb-pod-6484-tuned-2232,8277
10385,failed,paib-gpu/openb-pod-3261-tuned-2233,8277
10386,failed,paib-gpu/openb-pod-0679-tuned-2234,8277
10387,failed,paib-gpu/openb-pod-1394-tuned-2235,8277
10388,failed,paib-gpu/openb-pod-4347-tuned-2236,8277
10389,failed,paib-gpu/openb-pod-4459-tuned-2237,8277
10390,failed,paib-gpu/openb-pod-0856-tuned-2238,8277
10391,create,paib-gpu/openb-pod-1032-tuned-2239,8278
10392,failed,paib-gpu/openb-pod-1802-tuned-2240,8278
10393,failed,paib-gpu/openb-pod-7786-tuned-2241,8278
10394,create,paib-gpu/openb-pod-4650-tuned-2242,8279
10395,create,paib-gpu/openb-pod-1763-tuned-2243,8280
10396,create,paib-gpu/openb-pod-4299-tuned-2244,8281
10397,failed,paib-gpu/openb-pod-6046-tuned-2245,8281
10398,failed,paib-gpu/openb-pod-2680-tuned-2246,8281
10399,failed,paib-gpu/openb-pod-4688-tuned-2247,8281
10400,failed,paib-gpu/openb-pod-3162-tuned-2248,8281
10401,failed,paib-gpu/openb-pod-7696-tuned-2249,8281
10402,failed,paib-gpu/openb-pod-2474-tuned-2250,8281
10403,failed,paib-gpu/openb-pod-5836-tuned-2251,8281
10404,failed,paib-gpu/openb-pod-7567-tuned-2252,8281
10405,failed,paib-gpu/openb-pod-6157-tuned-2253,8281
10406,failed,paib-gpu/openb-pod-5224-tuned-2254,8281
10407,failed,paib-gpu/openb-pod-0492-tuned-2255,8281
10408,failed,paib-gpu/openb-pod-2627-tuned-2256,8281
10409,failed,paib-gpu/openb-pod-6544-tuned-2257,8281
10410,failed,paib-gpu/openb-pod-4666-tuned-2258,8281
10411,failed,paib-gpu/openb-pod-3140-tuned-2259,8281
10412,failed,paib-gpu/openb-pod-5868-tuned-2260,8281
10413,failed,paib-gpu/openb-pod-4582-tuned-2261,8281
10414,failed,paib-gpu/openb-pod-4045-tuned-2262,8281
10415,failed,paib-gpu/openb-pod-4624-tuned-2263,8281
10416,failed,paib-gpu/openb-pod-6780-tuned-2264,8281
10417,failed,paib-gpu/openb-pod-3650-tuned-2265,8281
10418,failed,paib-gpu/openb-pod-5726-tuned-2266,8281
10419,failed,paib-gpu/openb-pod-8041-tuned-2267,8281
10420,failed,paib-gpu/openb-pod-2900-tuned-2268,8281
10421,failed,paib-gpu/openb-pod-4783-tuned-2269,8281
10422,failed,paib-gpu/openb-pod-4997-tuned-2270,8281
10423,failed,paib-gpu/openb-pod-4100-tuned-2271,8281
10424,failed,paib-gpu/openb-pod-7035-tuned-2272,8281
10425,failed,paib-gpu/openb-pod-3895-tuned-2273,8281
10426,failed,paib-gpu/openb-pod-3866-tuned-2274,8281
10427,failed,paib-gpu/openb-pod-4127-tuned-2275,8281
10428,failed,paib-gpu/openb-pod-1545-tuned-2276,8281
10429,failed,paib-gpu/openb-pod-3702-tuned-2277,8281
10430,failed,paib-gpu/openb-pod-6809-tuned-2278,8281
10431,failed,paib-gpu/openb-pod-5451-tuned-2279,8281
10432,failed,paib-gpu/openb-pod-1181-tuned-2280,8281
10433,failed,paib-gpu/openb-pod-2959-tuned-2281,8281
10434,failed,paib-gpu/openb-pod-5032-tuned-2282,8281
10435,failed,paib-gpu/openb-pod-3573-tuned-2283,8281
10436,failed,paib-gpu/openb-pod-2067-tuned-2284,8281
10437,failed,paib-gpu/openb-pod-7071-tuned-2285,8281
10438,failed,paib-gpu/openb-pod-6364-tuned-2286,8281
10439,failed,paib-gpu/openb-pod-5265-tuned-2287,8281
10440,failed,paib-gpu/openb-pod-0609-tuned-2288,8281
10441,create,paib-gpu/openb-pod-4668-tuned-2289,8282
10442,failed,paib-gpu/openb-pod-3659-tuned-2290,8282
10443,failed,paib-gpu/openb-pod-7811-tuned-2291,8282
10444,failed,paib-gpu/openb-pod-6041-tuned-2292,8282
10445,failed,paib-gpu/openb-pod-4086-tuned-2293,8282
10446,failed,paib-gpu/openb-pod-4901-tuned-2294,8282
10447,failed,paib-gpu/openb-pod-2535-tuned-2295,8282
10448,failed,paib-gpu/openb-pod-7970-tuned-2296,8282
10449,create,paib-gpu/openb-pod-3191-tuned-2297,8283
10450,failed,paib-gpu/openb-pod-3820-tuned-2298,8283
10451,create,paib-gpu/openb-pod-6734-tuned-2299,8284
10452,failed,paib-gpu/openb-pod-7355-tuned-2300,8284
10453,create,paib-gpu/openb-pod-7002-tuned-2301,8285
10454,failed,paib-gpu/openb-pod-6242-tuned-2302,8285
10455,failed,paib-gpu/openb-pod-2695-tuned-2303,8285
10456,failed,paib-gpu/openb-pod-4640-tuned-2304,8285
10457,failed,paib-gpu/openb-pod-6922-tuned-2305,8285
10458,failed,paib-gpu/openb-pod-7091-tuned-2306,8285
10459,failed,paib-gpu/openb-pod-1161-tuned-2307,8285
10460,failed,paib-gpu/openb-pod-3758-tuned-2308,8285
10461,failed,paib-gpu/openb-pod-5113-tuned-2309,8285
10462,failed,paib-gpu/openb-pod-5017-tuned-2310,8285
10463,failed,paib-gpu/openb-pod-7567-tuned-2311,8285
10464,failed,paib-gpu/openb-pod-0613-tuned-2312,8285
10465,failed,paib-gpu/openb-pod-3831-tuned-2313,8285
10466,failed,paib-gpu/openb-pod-2809-tuned-2314,8285
10467,failed,paib-gpu/openb-pod-3361-tuned-2315,8285
10468,failed,paib-gpu/openb-pod-4944-tuned-2316,8285
10469,create,paib-gpu/openb-pod-4986-tuned-2317,8286
10470,create,paib-gpu/openb-pod-5700-tuned-2318,8287
10471,failed,paib-gpu/openb-pod-3989-tuned-2319,8287
10472,failed,paib-gpu/openb-pod-7952-tuned-2320,8287
10473,failed,paib-gpu/openb-pod-6780-tuned-2321,8287
10474,failed,paib-gpu/openb-pod-5127-tuned-2322,8287
10475,failed,paib-gpu/openb-pod-6151-tuned-2323,8287
10476,failed,paib-gpu/openb-pod-2483-tuned-2324,8287
10477,failed,paib-gpu/openb-pod-2758-tuned-2325,8287
10478,failed,paib-gpu/openb-pod-1936-tuned-2326,8287
10479,failed,paib-gpu/openb-pod-4015-tuned-2327,8287
10480,create,paib-gpu/openb-pod-7008-tuned-2328,8288
10481,failed,paib-gpu/openb-pod-6823-tuned-2329,8288
10482,failed,paib-gpu/openb-pod-4829-tuned-2330,8288
10483,failed,paib-gpu/openb-pod-3386-tuned-2331,8288
10484,failed,paib-gpu/openb-pod-6915-tuned-2332,8288
10485,failed,paib-gpu/openb-pod-6176-tuned-2333,8288
10486,failed,paib-gpu/openb-pod-5171-tuned-2334,8288
10487,failed,paib-gpu/openb-pod-0625-tuned-2335,8288
10488,failed,paib-gpu/openb-pod-7259-tuned-2336,8288
10489,failed,paib-gpu/openb-pod-7806-tuned-2337,8288
10490,failed,paib-gpu/openb-pod-1898-tuned-2338,8288
10491,failed,paib-gpu/openb-pod-7391-tuned-2339,8288
10492,create,paib-gpu/openb-pod-1025-tuned-2340,8289
10493,create,paib-gpu/openb-pod-4003-tuned-2341,8290
10494,create,paib-gpu/openb-pod-6090-tuned-2342,8291
10495,failed,paib-gpu/openb-pod-1127-tuned-2343,8291
10496,failed,paib-gpu/openb-pod-5090-tuned-2344,8291
10497,failed,paib-gpu/openb-pod-2485-tuned-2345,8291
10498,failed,paib-gpu/openb-pod-2669-tuned-2346,8291
10499,create,paib-gpu/openb-pod-4693-tuned-2347,8292
10500,failed,paib-gpu/openb-pod-3492-tuned-2348,8292
10501,failed,paib-gpu/openb-pod-0688-tuned-2349,8292
10502,failed,paib-gpu/openb-pod-4728-tuned-2350,8292
10503,failed,paib-gpu/openb-pod-2433-tuned-2351,8292
10504,failed,paib-gpu/openb-pod-1765-tuned-2352,8292
10505,failed,paib-gpu/openb-pod-6083-tuned-2353,8292
10506,failed,paib-gpu/openb-pod-0839-tuned-2354,8292
10507,failed,paib-gpu/openb-pod-7034-tuned-2355,8292
10508,failed,paib-gpu/openb-pod-3792-tuned-2356,8292
10509,failed,paib-gpu/openb-pod-1692-tuned-2357,8292
10510,failed,paib-gpu/openb-pod-2318-tuned-2358,8292
10511,failed,paib-gpu/openb-pod-0657-tuned-2359,8292
10512,failed,paib-gpu/openb-pod-2373-tuned-2360,8292
10513,failed,paib-gpu/openb-pod-3661-tuned-2361,8292
10514,failed,paib-gpu/openb-pod-7377-tuned-2362,8292
10515,failed,paib-gpu/openb-pod-2561-tuned-2363,8292
10516,failed,paib-gpu/openb-pod-1857-tuned-2364,8292
10517,create,paib-gpu/openb-pod-6721-tuned-2365,8293
10518,failed,paib-gpu/openb-pod-6874-tuned-2366,8293
10519,create,paib-gpu/openb-pod-4986-tuned-2367,8294
10520,failed,paib-gpu/openb-pod-7156-tuned-2368,8294
10521,failed,paib-gpu/openb-pod-4542-tuned-2369,8294
10522,failed,paib-gpu/openb-pod-2233-tuned-2370,8294
10523,failed,paib-gpu/openb-pod-6754-tuned-2371,8294
10524,failed,paib-gpu/openb-pod-1667-tuned-2372,8294
10525,failed,paib-gpu/openb-pod-1733-tuned-2373,8294
10526,create,paib-gpu/openb-pod-3526-tuned-2374,8295
10527,failed,paib-gpu/openb-pod-0241-tuned-2375,8295
10528,failed,paib-gpu/openb-pod-0553-tuned-2376,8295
10529,failed,paib-gpu/openb-pod-5744-tuned-2377,8295
10530,create,paib-gpu/openb-pod-2449-tuned-2378,8296
10531,failed,paib-gpu/openb-pod-0397-tuned-2379,8296
10532,failed,paib-gpu/openb-pod-3967-tuned-2380,8296
10533,create,paib-gpu/openb-pod-6523-tuned-2381,8297
10534,failed,paib-gpu/openb-pod-4926-tuned-2382,8297
10535,create,paib-gpu/openb-pod-7032-tuned-2383,8298
10536,failed,paib-gpu/openb-pod-7597-tuned-2384,8298
10537,create,paib-gpu/openb-pod-4118-tuned-2385,8299
10538,failed,paib-gpu/openb-pod-5115-tuned-2386,8299
10539,failed,paib-gpu/openb-pod-1918-tuned-2387,8299
10540,failed,paib-gpu/openb-pod-3174-tuned-2388,8299
10541,failed,paib-gpu/openb-pod-4491-tuned-2389,8299
10542,failed,paib-gpu/openb-pod-2862-tuned-2390,8299
10543,failed,paib-gpu/openb-pod-6474-tuned-2391,8299
10544,failed,paib-gpu/openb-pod-0628-tuned-2392,8299
10545,failed,paib-gpu/openb-pod-5943-tuned-2393,8299
10546,failed,paib-gpu/openb-pod-3898-tuned-2394,8299
10547,failed,paib-gpu/openb-pod-3431-tuned-2395,8299
10548,failed,paib-gpu/openb-pod-2543-tuned-2396,8299
10549,failed,paib-gpu/openb-pod-2758-tuned-2397,8299
10550,failed,paib-gpu/openb-pod-3769-tuned-2398,8299
10551,failed,paib-gpu/openb-pod-2009-tuned-2399,8299
10552,failed,paib-gpu/openb-pod-2041-tuned-2400,8299
10553,failed,paib-gpu/openb-pod-7743-tuned-2401,8299
10554,failed,paib-gpu/openb-pod-0926-tuned-2402,8299
10555,failed,paib-gpu/openb-pod-7720-tuned-2403,8299
10556,failed,paib-gpu/openb-pod-3544-tuned-2404,8299
10557,failed,paib-gpu/openb-pod-1069-tuned-2405,8299
10558,failed,paib-gpu/openb-pod-5644-tuned-2406,8299
10559,failed,paib-gpu/openb-pod-3583-tuned-2407,8299
10560,failed,paib-gpu/openb-pod-3320-tuned-2408,8299
10561,create,paib-gpu/openb-pod-5367-tuned-2409,8300
10562,create,paib-gpu/openb-pod-7217-tuned-2410,8301
10563,failed,paib-gpu/openb-pod-7627-tuned-2411,8301
10564,create,paib-gpu/openb-pod-3252-tuned-2412,8302
10565,failed,paib-gpu/openb-pod-6391-tuned-2413,8302
10566,failed,paib-gpu/openb-pod-0079-tuned-2414,8302
10567,failed,paib-gpu/openb-pod-5194-tuned-2415,8302
10568,failed,paib-gpu/openb-pod-5274-tuned-2416,8302
10569,failed,paib-gpu/openb-pod-5838-tuned-2417,8302
10570,failed,paib-gpu/openb-pod-4512-tuned-2418,8302
10571,failed,paib-gpu/openb-pod-2544-tuned-2419,8302
10572,failed,paib-gpu/openb-pod-7511-tuned-2420,8302
10573,failed,paib-gpu/openb-pod-3702-tuned-2421,8302
10574,failed,paib-gpu/openb-pod-4935-tuned-2422,8302
10575,failed,paib-gpu/openb-pod-7093-tuned-2423,8302
10576,create,paib-gpu/openb-pod-2406-tuned-2424,8303
10577,failed,paib-gpu/openb-pod-0987-tuned-2425,8303
10578,failed,paib-gpu/openb-pod-6349-tuned-2426,8303
10579,failed,paib-gpu/openb-pod-7159-tuned-2427,8303
10580,failed,paib-gpu/openb-pod-6720-tuned-2428,8303
10581,failed,paib-gpu/openb-pod-4354-tuned-2429,8303
10582,failed,paib-gpu/openb-pod-3973-tuned-2430,8303
10583,failed,paib-gpu/openb-pod-4731-tuned-2431,8303
10584,failed,paib-gpu/openb-pod-1609-tuned-2432,8303
10585,failed,paib-gpu/openb-pod-7105-tuned-2433,8303
10586,failed,paib-gpu/openb-pod-5625-tuned-2434,8303
10587,create,paib-gpu/openb-pod-1966-tuned-2435,8304
10588,failed,paib-gpu/openb-pod-0316-tuned-2436,8304
10589,failed,paib-gpu/openb-pod-4794-tuned-2437,8304
10590,failed,paib-gpu/openb-pod-7955-tuned-2438,8304
10591,failed,paib-gpu/openb-pod-0630-tuned-2439,8304
10592,create,paib-gpu/openb-pod-1562-tuned-2440,8305
10593,create,paib-gpu/openb-pod-4371-tuned-2441,8306
10594,failed,paib-gpu/openb-pod-7482-tuned-2442,8306
10595,failed,paib-gpu/openb-pod-1236-tuned-2443,8306
10596,failed,paib-gpu/openb-pod-5486-tuned-2444,8306
10597,failed,paib-gpu/openb-pod-7089-tuned-2445,8306
10598,failed,paib-gpu/openb-pod-1232-tuned-2446,8306
10599,failed,paib-gpu/openb-pod-1386-tuned-2447,8306
10600,create,paib-gpu/openb-pod-1247-tuned-2448,8307
10601,failed,paib-gpu/openb-pod-5591-tuned-2449,8307
10602,create,paib-gpu/openb-pod-6541-tuned-2450,8308
10603,failed,paib-gpu/openb-pod-7861-tuned-2451,8308
10604,failed,paib-gpu/openb-pod-3606-tuned-2452,8308
10605,failed,paib-gpu/openb-pod-7529-tuned-2453,8308
10606,failed,paib-gpu/openb-pod-4344-tuned-2454,8308
10607,failed,paib-gpu/openb-pod-3432-tuned-2455,8308
10608,failed,paib-gpu/openb-pod-1157-tuned-2456,8308
10609,failed,paib-gpu/openb-pod-6045-tuned-2457,8308
10610,failed,paib-gpu/openb-pod-1905-tuned-2458,8308
10611,failed,paib-gpu/openb-pod-3126-tuned-2459,8308
10612,failed,paib-gpu/openb-pod-0282-tuned-2460,8308
10613,failed,paib-gpu/openb-pod-7665-tuned-2461,8308
10614,failed,paib-gpu/openb-pod-0610-tuned-2462,8308
10615,failed,paib-gpu/openb-pod-4351-tuned-2463,8308
10616,failed,paib-gpu/openb-pod-3008-tuned-2464,8308
10617,failed,paib-gpu/openb-pod-7421-tuned-2465,8308
10618,failed,paib-gpu/openb-pod-7853-tuned-2466,8308
10619,failed,paib-gpu/openb-pod-6997-tuned-2467,8308
10620,failed,paib-gpu/openb-pod-3827-tuned-2468,8308
10621,failed,paib-gpu/openb-pod-4735-tuned-2469,8308
10622,failed,paib-gpu/openb-pod-5053-tuned-2470,8308
10623,failed,paib-gpu/openb-pod-5415-tuned-2471,8308
10624,failed,paib-gpu/openb-pod-6208-tuned-2472,8308
10625,failed,paib-gpu/openb-pod-6834-tuned-2473,8308
10626,failed,paib-gpu/openb-pod-6517-tuned-2474,8308
10627,failed,paib-gpu/openb-pod-3075-tuned-2475,8308
10628,failed,paib-gpu/openb-pod-0610-tuned-2476,8308
10629,failed,paib-gpu/openb-pod-2419-tuned-2477,8308
10630,failed,paib-gpu/openb-pod-5000-tuned-2478,8308
10631,failed,paib-gpu/openb-pod-5469-tuned-2479,8308
10632,failed,paib-gpu/openb-pod-5294-tuned-2480,8308
10633,failed,paib-gpu/openb-pod-1385-tuned-2481,8308
10634,create,paib-gpu/openb-pod-5694-tuned-2482,8309
10635,failed,paib-gpu/openb-pod-3148-tuned-2483,8309
10636,failed,paib-gpu/openb-pod-8086-tuned-2484,8309
10637,failed,paib-gpu/openb-pod-2409-tuned-2485,8309
10638,create,paib-gpu/openb-pod-4062-tuned-2486,8310
10639,failed,paib-gpu/openb-pod-3143-tuned-2487,8310
10640,failed,paib-gpu/openb-pod-3008-tuned-2488,8310
10641,failed,paib-gpu/openb-pod-4495-tuned-2489,8310
10642,failed,paib-gpu/openb-pod-6489-tuned-2490,8310
10643,failed,paib-gpu/openb-pod-1593-tuned-2491,8310
10644,failed,paib-gpu/openb-pod-0639-tuned-2492,8310
10645,create,paib-gpu/openb-pod-2511-tuned-2493,8311
10646,failed,paib-gpu/openb-pod-7163-tuned-2494,8311
10647,failed,paib-gpu/openb-pod-6725-tuned-2495,8311
10648,failed,paib-gpu/openb-pod-4904-tuned-2496,8311
10649,failed,paib-gpu/openb-pod-4127-tuned-2497,8311
10650,failed,paib-gpu/openb-pod-3843-tuned-2498,8311
10651,failed,paib-gpu/openb-pod-3148-tuned-2499,8311
10652,create,paib-gpu/openb-pod-0945-tuned-2500,8312
10653,failed,paib-gpu/openb-pod-2262-tuned-2501,8312
10654,failed,paib-gpu/openb-pod-1299-tuned-2502,8312
10655,failed,paib-gpu/openb-pod-6688-tuned-2503,8312
10656,create,paib-gpu/openb-pod-6998-tuned-2504,8313
10657,create,paib-gpu/openb-pod-1363-tuned-2505,8314
10658,failed,paib-gpu/openb-pod-7766-tuned-2506,8314
10659,failed,paib-gpu/openb-pod-6119-tuned-2507,8314
10660,failed,paib-gpu/openb-pod-6518-tuned-2508,8314
10661,failed,paib-gpu/openb-pod-7597-tuned-2509,8314
10662,failed,paib-gpu/openb-pod-7150-tuned-2510,8314
10663,failed,paib-gpu/openb-pod-4019-tuned-2511,8314
10664,failed,paib-gpu/openb-pod-7997-tuned-2512,8314
10665,failed,paib-gpu/openb-pod-2291-tuned-2513,8314
10666,failed,paib-gpu/openb-pod-6632-tuned-2514,8314
10667,failed,paib-gpu/openb-pod-1145-tuned-2515,8314
10668,failed,paib-gpu/openb-pod-3111-tuned-2516,8314
10669,failed,paib-gpu/openb-pod-0633-tuned-2517,8314
10670,create,paib-gpu/openb-pod-5357-tuned-2518,8315
10671,failed,paib-gpu/openb-pod-1743-tuned-2519,8315
10672,create,paib-gpu/openb-pod-6756-tuned-2520,8316
10673,failed,paib-gpu/openb-pod-1002-tuned-2521,8316
10674,failed,paib-gpu/openb-pod-1769-tuned-2522,8316
10675,failed,paib-gpu/openb-pod-0725-tuned-2523,8316
10676,failed,paib-gpu/openb-pod-1429-tuned-2524,8316
10677,failed,paib-gpu/openb-pod-8123-tuned-2525,8316
10678,failed,paib-gpu/openb-pod-3844-tuned-2526,8316
10679,failed,paib-gpu/openb-pod-7967-tuned-2527,8316
10680,failed,paib-gpu/openb-pod-8033-tuned-2528,8316
10681,failed,paib-gpu/openb-pod-7843-tuned-2529,8316
10682,failed,paib-gpu/openb-pod-6160-tuned-2530,8316
10683,failed,paib-gpu/openb-pod-5747-tuned-2531,8316
10684,failed,paib-gpu/openb-pod-0380-tuned-2532,8316
10685,failed,paib-gpu/openb-pod-4489-tuned-2533,8316
10686,failed,paib-gpu/openb-pod-2550-tuned-2534,8316
10687,failed,paib-gpu/openb-pod-0615-tuned-2535,8316
10688,failed,paib-gpu/openb-pod-2174-tuned-2536,8316
10689,failed,paib-gpu/openb-pod-2931-tuned-2537,8316
10690,failed,paib-gpu/openb-pod-2730-tuned-2538,8316
10691,failed,paib-gpu/openb-pod-4572-tuned-2539,8316
10692,failed,paib-gpu/openb-pod-1754-tuned-2540,8316
10693,failed,paib-gpu/openb-pod-5784-tuned-2541,8316
10694,failed,paib-gpu/openb-pod-3435-tuned-2542,8316
10695,failed,paib-gpu/openb-pod-4452-tuned-2543,8316
10696,failed,paib-gpu/openb-pod-4202-tuned-2544,8316
10697,failed,paib-gpu/openb-pod-7279-tuned-2545,8316
10698,create,paib-gpu/openb-pod-1763-tuned-2546,8317
10699,create,paib-gpu/openb-pod-1291-tuned-2547,8318
10700,failed,paib-gpu/openb-pod-5023-tuned-2548,8318
10701,create,paib-gpu/openb-pod-2297-tuned-2549,8319
10702,create,paib-gpu/openb-pod-0940-tuned-2550,8320
10703,failed,paib-gpu/openb-pod-4459-tuned-2551,8320
10704,create,paib-gpu/openb-pod-1197-tuned-2552,8321
10705,failed,paib-gpu/openb-pod-4719-tuned-2553,8321
10706,failed,paib-gpu/openb-pod-0443-tuned-2554,8321
10707,failed,paib-gpu/openb-pod-4271-tuned-2555,8321
10708,failed,paib-gpu/openb-pod-7043-tuned-2556,8321
10709,failed,paib-gpu/openb-pod-7916-tuned-2557,8321
10710,failed,paib-gpu/openb-pod-2482-tuned-2558,8321
10711,failed,paib-gpu/openb-pod-4813-tuned-2559,8321
10712,failed,paib-gpu/openb-pod-1575-tuned-2560,8321
10713,create,paib-gpu/openb-pod-5164-tuned-2561,8322
10714,failed,paib-gpu/openb-pod-7679-tuned-2562,8322
10715,failed,paib-gpu/openb-pod-0703-tuned-2563,8322
10716,failed,paib-gpu/openb-pod-6845-tuned-2564,8322
10717,failed,paib-gpu/openb-pod-6520-tuned-2565,8322
10718,failed,paib-gpu/openb-pod-7871-tuned-2566,8322
10719,failed,paib-gpu/openb-pod-0928-tuned-2567,8322
10720,create,paib-gpu/openb-pod-2916-tuned-2568,8323
10721,create,paib-gpu/openb-pod-5629-tuned-2569,8324
10722,create,paib-gpu/openb-pod-6261-tuned-2570,8325
10723,failed,paib-gpu/openb-pod-6505-tuned-2571,8325
10724,create,paib-gpu/openb-pod-0951-tuned-2572,8326
10725,failed,paib-gpu/openb-pod-6572-tuned-2573,8326
10726,failed,paib-gpu/openb-pod-0002-tuned-2574,8326
10727,failed,paib-gpu/openb-pod-3579-tuned-2575,8326
10728,failed,paib-gpu/openb-pod-8101-tuned-2576,8326
10729,failed,paib-gpu/openb-pod-2072-tuned-2577,8326
10730,failed,paib-gpu/openb-pod-7404-tuned-2578,8326
10731,failed,paib-gpu/openb-pod-7704-tuned-2579,8326
10732,failed,paib-gpu/openb-pod-0339-tuned-2580,8326
10733,failed,paib-gpu/openb-pod-7727-tuned-2581,8326
10734,failed,paib-gpu/openb-pod-6327-tuned-2582,8326
10735,failed,paib-gpu/openb-pod-5848-tuned-2583,8326
10736,failed,paib-gpu/openb-pod-3229-tuned-2584,8326
10737,failed,paib-gpu/openb-pod-4794-tuned-2585,8326
10738,failed,paib-gpu/openb-pod-1678-tuned-2586,8326
10739,failed,paib-gpu/openb-pod-6916-tuned-2587,8326
10740,failed,paib-gpu/openb-pod-1148-tuned-2588,8326
10741,failed,paib-gpu/openb-pod-3710-tuned-2589,8326
10742,failed,paib-gpu/openb-pod-5232-tuned-2590,8326
10743,failed,paib-gpu/openb-pod-5193-tuned-2591,8326
10744,failed,paib-gpu/openb-pod-2928-tuned-2592,8326
10745,create,paib-gpu/openb-pod-5627-tuned-2593,8327
10746,create,paib-gpu/openb-pod-6198-tuned-2594,8328
10747,failed,paib-gpu/openb-pod-0235-tuned-2595,8328
10748,failed,paib-gpu/openb-pod-0889-tuned-2596,8328
10749,create,paib-gpu/openb-pod-1138-tuned-2597,8329
10750,create,paib-gpu/openb-pod-4527-tuned-2598,8330
10751,failed,paib-gpu/openb-pod-8014-tuned-2599,8330
10752,failed,paib-gpu/openb-pod-0422-tuned-2600,8330
10753,failed,paib-gpu/openb-pod-3342-tuned-2601,8330
10754,create,paib-gpu/openb-pod-2314-tuned-2602,8331
10755,failed,paib-gpu/openb-pod-5973-tuned-2603,8331
10756,failed,paib-gpu/openb-pod-6424-tuned-2604,8331
10757,failed,paib-gpu/openb-pod-2146-tuned-2605,8331
10758,failed,paib-gpu/openb-pod-0230-tuned-2606,8331
10759,create,paib-gpu/openb-pod-0915-tuned-2607,8332
10760,failed,paib-gpu/openb-pod-6938-tuned-2608,8332
10761,create,paib-gpu/openb-pod-1097-tuned-2609,8333
10762,create,paib-gpu/openb-pod-0025-tuned-2610,8334
10763,failed,paib-gpu/openb-pod-5476-tuned-2611,8334
10764,failed,paib-gpu/openb-pod-1954-tuned-2612,8334
10765,create,paib-gpu/openb-pod-6259-tuned-2613,8335
10766,create,paib-gpu/openb-pod-1988-tuned-2614,8336
10767,failed,paib-gpu/openb-pod-0345-tuned-2615,8336
10768,create,paib-gpu/openb-pod-2734-tuned-2616,8337
10769,failed,paib-gpu/openb-pod-2676-tuned-2617,8337
10770,failed,paib-gpu/openb-pod-8011-tuned-2618,8337
10771,failed,paib-gpu/openb-pod-3984-tuned-2619,8337
10772,create,paib-gpu/openb-pod-4479-tuned-2620,8338
10773,failed,paib-gpu/openb-pod-1351-tuned-2621,8338
10774,failed,paib-gpu/openb-pod-0298-tuned-2622,8338
10775,failed,paib-gpu/openb-pod-5572-tuned-2623,8338
10776,failed,paib-gpu/openb-pod-1475-tuned-2624,8338
10777,failed,paib-gpu/openb-pod-4022-tuned-2625,8338
10778,create,paib-gpu/openb-pod-2167-tuned-2626,8339
10779,failed,paib-gpu/openb-pod-1484-tuned-2627,8339
10780,create,paib-gpu/openb-pod-6639-tuned-2628,8340
10781,failed,paib-gpu/openb-pod-3756-tuned-2629,8340
10782,failed,paib-gpu/openb-pod-0896-tuned-2630,8340
10783,failed,paib-gpu/openb-pod-5612-tuned-2631,8340
10784,failed,paib-gpu/openb-pod-1009-tuned-2632,8340
10785,create,paib-gpu/openb-pod-6259-tuned-2633,8341
10786,failed,paib-gpu/openb-pod-3432-tuned-2634,8341
10787,failed,paib-gpu/openb-pod-6309-tuned-2635,8341
10788,failed,paib-gpu/openb-pod-3335-tuned-2636,8341
10789,failed,paib-gpu/openb-pod-3268-tuned-2637,8341
10790,failed,paib-gpu/openb-pod-5138-tuned-2638,8341
10791,failed,paib-gpu/openb-pod-2831-tuned-2639,8341
10792,failed,paib-gpu/openb-pod-8032-tuned-2640,8341
10793,failed,paib-gpu/openb-pod-5556-tuned-2641,8341
10794,failed,paib-gpu/openb-pod-1410-tuned-2642,8341
10795,failed,paib-gpu/openb-pod-5384-tuned-2643,8341
10796,failed,paib-gpu/openb-pod-3161-tuned-2644,8341
10797,failed,paib-gpu/openb-pod-7817-tuned-2645,8341
10798,failed,paib-gpu/openb-pod-0354-tuned-2646,8341
10799,failed,paib-gpu/openb-pod-4627-tuned-2647,8341
10800,failed,paib-gpu/openb-pod-6815-tuned-2648,8341
10801,failed,paib-gpu/openb-pod-6357-tuned-2649,8341
10802,failed,paib-gpu/openb-pod-5394-tuned-2650,8341
10803,failed,paib-gpu/openb-pod-1743-tuned-2651,8341
10804,failed,paib-gpu/openb-pod-4894-tuned-2652,8341
10805,failed,paib-gpu/openb-pod-5043-tuned-2653,8341
10806,failed,paib-gpu/openb-pod-5919-tuned-2654,8341
10807,failed,paib-gpu/openb-pod-2664-tuned-2655,8341
10808,failed,paib-gpu/openb-pod-5676-tuned-2656,8341
10809,failed,paib-gpu/openb-pod-5909-tuned-2657,8341
10810,failed,paib-gpu/openb-pod-3583-tuned-2658,8341
10811,failed,paib-gpu/openb-pod-7181-tuned-2659,8341
10812,create,paib-gpu/openb-pod-6464-tuned-2660,8342
10813,failed,paib-gpu/openb-pod-0467-tuned-2661,8342
10814,failed,paib-gpu/openb-pod-5221-tuned-2662,8342
10815,failed,paib-gpu/openb-pod-2967-tuned-2663,8342
10816,failed,paib-gpu/openb-pod-2373-tuned-2664,8342
10817,create,paib-gpu/openb-pod-6782-tuned-2665,8343
10818,failed,paib-gpu/openb-pod-5425-tuned-2666,8343
10819,create,paib-gpu/openb-pod-5490-tuned-2667,8344
10820,failed,paib-gpu/openb-pod-7373-tuned-2668,8344
10821,create,paib-gpu/openb-pod-2484-tuned-2669,8345
10822,failed,paib-gpu/openb-pod-8010-tuned-2670,8345
10823,failed,paib-gpu/openb-pod-4221-tuned-2671,8345
10824,failed,paib-gpu/openb-pod-6604-tuned-2672,8345
10825,create,paib-gpu/openb-pod-6096-tuned-2673,8346
10826,failed,paib-gpu/openb-pod-3777-tuned-2674,8346
10827,failed,paib-gpu/openb-pod-7913-tuned-2675,8346
10828,failed,paib-gpu/openb-pod-0229-tuned-2676,8346
10829,failed,paib-gpu/openb-pod-7710-tuned-2677,8346
10830,create,paib-gpu/openb-pod-1332-tuned-2678,8347
10831,failed,paib-gpu/openb-pod-5133-tuned-2679,8347
10832,failed,paib-gpu/openb-pod-6822-tuned-2680,8347
10833,failed,paib-gpu/openb-pod-2446-tuned-2681,8347
10834,failed,paib-gpu/openb-pod-1742-tuned-2682,8347
10835,failed,paib-gpu/openb-pod-6744-tuned-2683,8347
10836,failed,paib-gpu/openb-pod-0541-tuned-2684,8347
10837,create,paib-gpu/openb-pod-7166-tuned-2685,8348
10838,failed,paib-gpu/openb-pod-0905-tuned-2686,8348
10839,failed,paib-gpu/openb-pod-1301-tuned-2687,8348
10840,failed,paib-gpu/openb-pod-4641-tuned-2688,8348
10841,failed,paib-gpu/openb-pod-3685-tuned-2689,8348
10842,failed,paib-gpu/openb-pod-5805-tuned-2690,8348
10843,failed,paib-gpu/openb-pod-3800-tuned-2691,8348
10844,failed,paib-gpu/openb-pod-8046-tuned-2692,8348
10845,failed,paib-gpu/openb-pod-7196-tuned-2693,8348
10846,failed,paib-gpu/openb-pod-0036-tuned-2694,8348
10847,create,paib-gpu/openb-pod-6558-tuned-2695,8349
10848,failed,paib-gpu/openb-pod-5497-tuned-2696,8349
10849,failed,paib-gpu/openb-pod-3581-tuned-2697,8349
10850,failed,paib-gpu/openb-pod-3217-tuned-2698,8349
10851,failed,paib-gpu/openb-pod-4826-tuned-2699,8349
10852,failed,paib-gpu/openb-pod-7350-tuned-2700,8349
10853,failed,paib-gpu/openb-pod-7286-tuned-2701,8349
10854,create,paib-gpu/openb-pod-0749-tuned-2702,8350
10855,failed,paib-gpu/openb-pod-7749-tuned-2703,8350
10856,failed,paib-gpu/openb-pod-6826-tuned-2704,8350
10857,failed,paib-gpu/openb-pod-4261-tuned-2705,8350
10858,failed,paib-gpu/openb-pod-4048-tuned-2706,8350
10859,failed,paib-gpu/openb-pod-1534-tuned-2707,8350
10860,failed,paib-gpu/openb-pod-6841-tuned-2708,8350
10861,failed,paib-gpu/openb-pod-7617-tuned-2709,8350
10862,failed,paib-gpu/openb-pod-3160-tuned-2710,8350
10863,failed,paib-gpu/openb-pod-5762-tuned-2711,8350
10864,failed,paib-gpu/openb-pod-7197-tuned-2712,8350
10865,failed,paib-gpu/openb-pod-5877-tuned-2713,8350
