ow_gpuspec25-dr_0.0-tn_1.3-ts_42-if_1.0-ccmd_98fe-policy_DotProd1000demergemdac62-de_merge-gs_best-scmd_ac62-origin_milli,ow_gpuspec25-dr_0.0-tn_1.3-ts_42-if_1.0-ccmd_98fe-policy_DotProd1000demergemdac62-de_merge-gs_best-scmd_ac62-origin_ratio,ow_gpuspec25-dr_0.0-tn_1.3-ts_42-if_1.0-ccmd_98fe-policy_DotProd1000demergemdac62-de_merge-gs_best-scmd_ac62-origin_q124,ow_gpuspec25-dr_0.0-tn_1.3-ts_42-if_1.0-ccmd_98fe-policy_DotProd1000demergemdac62-de_merge-gs_best-scmd_ac62-bellman_milli,ow_gpuspec25-dr_0.0-tn_1.3-ts_42-if_1.0-ccmd_98fe-policy_DotProd1000demergemdac62-de_merge-gs_best-scmd_ac62-bellman_ratio
1794838.48,28.89,0.38,206343.18,3.32
1794351.18,28.89,0.38,205813.13,3.31
1794052.8,28.89,0.38,205742.94,3.31
1794111.67,28.89,0.38,205493.59,3.31
1793896.18,28.9,0.38,205486.22,3.31
1793867.1,28.9,0.39,205586.23,3.31
1794074.7,28.9,0.39,205486.72,3.31
1794496.94,28.91,0.4,205596.41,3.31
1793956.84,28.91,0.4,205108.33,3.31
1793984.74,28.91,0.4,205192.85,3.31
1793512.17,28.91,0.39,204783.91,3.3
1793244.0,28.91,0.4,204786.25,3.3
1793835.22,28.92,0.41,205084.8,3.31
1794047.76,28.92,0.41,204989.33,3.3
1794700.31,28.94,0.42,205693.05,3.32
1794400.37,28.94,0.42,205687.75,3.32
1794612.91,28.94,0.43,205592.28,3.32
1794475.81,28.94,0.43,205412.68,3.31
1793799.89,28.93,0.42,204694.27,3.3
1793876.84,28.94,0.43,204490.02,3.3
1793876.84,28.94,0.43,204490.02,3.3
1794093.28,28.95,0.43,204560.99,3.3
1796858.42,28.99,0.48,207667.96,3.35
1796301.62,28.99,0.47,207136.42,3.34
1796142.99,28.98,0.47,206978.06,3.34
1797136.92,29.0,0.49,207859.16,3.35
1796919.88,29.0,0.49,208140.4,3.36
1796621.75,29.0,0.49,208114.7,3.36
1796134.46,29.0,0.48,207584.65,3.35
1795918.96,29.0,0.48,207521.58,3.35
1796215.6,29.0,0.49,207456.11,3.35
1796292.55,29.01,0.5,207251.86,3.35
1797286.48,29.03,0.51,208132.96,3.36
1797140.56,29.02,0.51,207944.54,3.36
1797217.51,29.03,0.52,207760.67,3.36
1797000.47,29.03,0.52,207754.92,3.36
1797077.42,29.04,0.52,207550.68,3.35
1796792.34,29.04,0.52,207602.71,3.36
1796869.29,29.04,0.53,207398.47,3.35
1797460.51,29.06,0.54,207697.02,3.36
1800225.65,29.1,0.59,210804.0,3.41
1801268.13,29.12,0.61,211851.19,3.43
1802262.06,29.14,0.62,212732.29,3.44
1802353.73,29.14,0.63,212519.6,3.44
1802302.66,29.14,0.63,212505.25,3.44
1801997.04,29.14,0.63,212313.79,3.43
1802990.97,29.16,0.65,213194.89,3.45
1803564.17,29.17,0.66,213279.54,3.45
1802817.36,29.16,0.65,212557.99,3.44
1802260.56,29.16,0.65,212006.08,3.43
1803590.7,29.18,0.67,213080.29,3.45
1803317.05,29.18,0.67,212813.77,3.44
1803394.01,29.18,0.67,212629.89,3.44
1803453.91,29.19,0.68,212381.57,3.44
1802707.11,29.18,0.67,211660.02,3.43
1803014.46,29.19,0.68,211720.29,3.43
1802797.41,29.19,0.68,212113.56,3.43
1802857.32,29.2,0.68,211865.24,3.43
1802110.52,29.19,0.67,211143.69,3.42
1801539.0,29.18,0.67,210620.59,3.41
1801240.87,29.18,0.67,210665.94,3.41
1800494.06,29.18,0.66,209924.03,3.4
1800442.99,29.18,0.66,209909.68,3.4
1800144.86,29.18,0.66,209872.26,3.4
1799929.37,29.18,0.66,209809.2,3.4
1800006.32,29.18,0.67,209604.95,3.4
1799789.28,29.18,0.67,209599.21,3.4
1801179.47,29.21,0.69,212366.36,3.44
1801271.14,29.21,0.7,212153.67,3.44
1801348.09,29.22,0.7,211969.79,3.44
1801315.05,29.22,0.71,212169.35,3.44
1800775.29,29.22,0.7,211681.88,3.43
1800559.79,29.22,0.7,211674.51,3.43
1800259.86,29.22,0.7,212250.9,3.44
1799744.84,29.21,0.7,211744.51,3.44
1800738.77,29.23,0.71,212625.61,3.45
1800815.72,29.23,0.72,212441.73,3.45
1800892.68,29.24,0.73,212237.48,3.45
1800352.92,29.24,0.72,211750.01,3.44
1799160.41,29.24,0.72,211714.91,3.44
1799160.41,29.24,0.72,211714.91,3.44
1798603.6,29.23,0.72,211183.36,3.43
1799597.53,29.25,0.73,212064.46,3.45
1799026.01,29.24,0.73,211541.36,3.44
1799117.68,29.25,0.73,211328.67,3.44
1798370.88,29.24,0.73,210586.76,3.42
1798370.88,29.24,0.73,210586.76,3.42
1798341.8,29.24,0.73,210686.76,3.43
1798401.71,29.25,0.73,210438.44,3.42
1797654.9,29.24,0.73,209696.53,3.41
1797985.05,29.25,0.74,209770.73,3.41
1798062.0,29.26,0.74,209566.49,3.41
1798484.24,29.27,0.75,209676.18,3.41
1797927.44,29.26,0.75,209144.63,3.4
1797659.27,29.26,0.75,209142.21,3.4
1797353.65,29.26,0.75,209061.88,3.4
1797944.87,29.27,0.76,209360.44,3.41
1797863.35,29.27,0.76,209327.33,3.41
1798857.28,29.29,0.78,210208.43,3.42
1798829.75,29.29,0.78,210304.56,3.42
1798289.99,29.29,0.77,209817.09,3.42
1797896.86,29.29,0.77,209421.53,3.41
1797340.06,29.28,0.77,208889.98,3.4
1798333.99,29.3,0.78,209771.08,3.42
1799664.14,29.32,0.8,210845.29,3.43
1799371.17,29.32,0.8,211468.01,3.45
1799410.17,29.32,0.81,211281.87,3.44
1799487.12,29.33,0.82,211098.0,3.44
1799003.18,29.33,0.81,210716.3,3.43
1798786.13,29.33,0.81,210734.83,3.44
1799377.35,29.34,0.82,211033.38,3.44
1799161.86,29.34,0.82,210969.87,3.44
1799238.81,29.35,0.83,210765.62,3.44
1798686.72,29.34,0.82,210270.14,3.43
1798763.67,29.35,0.83,210086.26,3.43
1798458.06,29.35,0.83,210341.58,3.43
1797782.14,29.34,0.83,209623.17,3.42
1798776.07,29.36,0.84,210504.27,3.44
1798776.07,29.36,0.84,210504.27,3.44
1798776.07,29.36,0.84,210504.27,3.44
1800106.22,29.38,0.86,211578.48,3.45
1800183.17,29.38,0.87,211394.6,3.45
1799507.25,29.38,0.86,210676.18,3.44
1799290.21,29.38,0.86,210670.89,3.44
1798733.4,29.37,0.86,210118.98,3.43
1798834.89,29.38,0.86,210623.51,3.44
1800123.59,29.4,0.88,212439.35,3.47
1800200.54,29.4,0.89,212235.1,3.47
1801194.48,29.42,0.9,213116.2,3.48
1802188.41,29.44,0.92,213997.29,3.5
1803182.34,29.45,0.94,214878.39,3.51
1803291.45,29.46,0.94,214874.37,3.51
1802804.15,29.45,0.94,214344.31,3.5
1803798.09,29.47,0.95,215225.41,3.52
1803875.04,29.47,0.96,215041.53,3.51
1803589.95,29.47,0.96,215017.13,3.51
1803444.03,29.47,0.96,214828.72,3.51
1803226.99,29.48,0.96,215077.17,3.52
1802928.86,29.48,0.96,215052.09,3.52
1802372.06,29.47,0.95,214520.54,3.51
1802449.01,29.48,0.96,214336.66,3.51
1802233.51,29.48,0.96,214273.4,3.5
1803555.92,29.5,0.98,215492.57,3.52
1803978.16,29.51,0.99,215602.26,3.53
1804055.11,29.52,1.0,215398.02,3.52
1805049.04,29.53,1.01,216279.11,3.54
1804402.15,29.52,1.01,215634.38,3.53
1804256.23,29.52,1.01,215445.96,3.53
1803962.62,29.52,1.01,215446.75,3.53
1803933.54,29.53,1.01,215624.66,3.53
1803906.01,29.53,1.01,215720.79,3.53
1803833.96,29.54,1.02,216524.53,3.55
1803277.16,29.53,1.01,215972.62,3.54
1804106.6,29.55,1.03,216268.1,3.54
1804697.82,29.56,1.04,216566.66,3.55
1803951.01,29.55,1.04,215824.75,3.54
1803275.09,29.55,1.03,215106.33,3.52
1802718.29,29.54,1.02,214574.79,3.52
1802777.16,29.55,1.03,214325.43,3.51
1803140.83,29.55,1.04,214216.34,3.51
1802844.03,29.55,1.04,213924.43,3.51
1802920.98,29.56,1.04,213720.18,3.5
1802997.93,29.56,1.05,213515.93,3.5
1802808.02,29.56,1.05,213378.31,3.5
1802061.21,29.56,1.04,212636.4,3.49
1801509.12,29.55,1.04,212140.91,3.48
1801600.79,29.56,1.04,211928.23,3.48
1801659.67,29.56,1.05,211678.87,3.47
1802023.34,29.57,1.06,211569.78,3.47
1801725.21,29.57,1.06,211607.27,3.47
1802298.4,29.58,1.07,211691.92,3.47
1802000.27,29.58,1.07,211666.81,3.47
1801705.67,29.58,1.06,211383.59,3.47
1801737.17,29.58,1.06,211260.87,3.47
1800990.37,29.57,1.06,210539.33,3.46
1803755.51,29.62,1.1,213646.31,3.51
1803847.18,29.62,1.11,213433.62,3.51
1803924.13,29.63,1.11,213249.74,3.5
1803367.33,29.62,1.11,212718.2,3.49
1803444.28,29.63,1.12,212534.32,3.49
1805139.31,29.66,1.14,214515.28,3.52
1805216.26,29.66,1.15,214331.4,3.52
1805807.48,29.68,1.16,214629.96,3.53
1805250.68,29.67,1.16,214098.42,3.52
1805342.35,29.68,1.16,213885.73,3.52
1805764.59,29.69,1.17,213995.42,3.52
1808529.73,29.73,1.22,217102.4,3.57
1809859.88,29.76,1.24,218176.6,3.59
1810357.7,29.76,1.25,218858.81,3.6
1810306.63,29.77,1.25,218844.46,3.6
1810255.56,29.77,1.25,218830.11,3.6
1809684.04,29.76,1.25,218307.0,3.59
1809466.99,29.76,1.25,218325.52,3.59
1808926.89,29.76,1.24,217837.44,3.58
1809920.82,29.77,1.26,218718.54,3.6
1811250.97,29.8,1.28,219792.75,3.62
1811327.92,29.8,1.29,219608.87,3.61
1810842.0,29.8,1.28,219080.46,3.6
1810873.51,29.8,1.28,218957.75,3.6
1810990.23,29.8,1.29,218774.37,3.6
1810418.7,29.79,1.28,218251.27,3.59
1810367.63,29.8,1.28,218236.92,3.59
1810152.14,29.8,1.28,218173.85,3.59
1810482.29,29.81,1.29,218248.06,3.59
1809806.37,29.8,1.29,217529.65,3.58
1810228.61,29.81,1.3,217639.34,3.58
1810558.76,29.82,1.31,217713.55,3.59
1810001.95,29.82,1.3,217161.63,3.58
1811974.84,29.85,1.33,220399.65,3.63
1811757.79,29.85,1.33,220393.9,3.63
1811834.75,29.86,1.34,220210.02,3.63
1811619.25,29.86,1.34,220146.96,3.63
1811062.45,29.85,1.34,219595.05,3.62
1810961.3,29.85,1.34,219719.08,3.62
1810830.1,29.85,1.34,219651.79,3.62
1810890.01,29.86,1.34,219403.47,3.62
1811104.9,29.86,1.35,219818.74,3.62
1811181.86,29.87,1.35,219614.49,3.62
1811258.81,29.88,1.36,219430.61,3.62
1811112.89,29.88,1.36,219242.2,3.62
1811189.84,29.88,1.37,219037.95,3.61
1810547.95,29.88,1.36,218403.48,3.6
1809991.15,29.87,1.35,217851.56,3.6
1809229.62,29.86,1.35,217138.46,3.58
1809493.02,29.87,1.35,218019.04,3.6
1809277.52,29.87,1.35,218024.3,3.6
1809868.74,29.88,1.36,218322.86,3.6
1809192.82,29.87,1.36,217604.44,3.59
1808820.89,29.87,1.35,217243.43,3.59
1808704.08,29.87,1.35,217131.52,3.59
1808781.03,29.88,1.36,216927.27,3.58
1808228.94,29.87,1.35,216431.79,3.58
1807676.85,29.87,1.35,215936.31,3.57
1807487.09,29.87,1.35,215798.84,3.57
1806930.29,29.86,1.34,215246.92,3.56
1807352.53,29.87,1.35,215356.61,3.56
1807391.45,29.87,1.36,215432.26,3.56
1809877.7,29.91,1.4,217643.16,3.6
1812642.84,29.96,1.44,220750.14,3.65
1815407.98,30.01,1.49,223857.12,3.7
1815499.65,30.01,1.5,223644.43,3.7
1814942.85,30.01,1.49,223112.89,3.69
1813711.09,30.01,1.49,222899.48,3.69
1813494.04,30.01,1.49,222825.42,3.69
1814480.23,30.03,1.51,224167.15,3.71
1814408.18,30.03,1.52,224970.9,3.72
1814192.69,30.03,1.52,224907.6,3.72
1814120.64,30.04,1.52,225711.35,3.74
1815478.92,30.06,1.55,226534.78,3.75
1816465.1,30.08,1.57,227876.51,3.77
1816795.25,30.09,1.58,227950.72,3.78
1818153.52,30.12,1.6,228774.14,3.79
1817936.48,30.12,1.6,228768.63,3.79
1817720.99,30.12,1.6,228761.27,3.79
1817248.41,30.12,1.6,228352.33,3.78
1817574.69,30.13,1.61,228422.67,3.79
1817782.29,30.13,1.62,228323.16,3.79
1817035.48,30.13,1.61,227581.25,3.77
1817112.43,30.13,1.62,227377.0,3.77
1817189.39,30.14,1.62,227193.12,3.77
1816893.58,30.14,1.62,227171.6,3.77
1816217.66,30.13,1.62,226453.19,3.76
1816080.56,30.13,1.62,226273.59,3.75
1815333.75,30.13,1.61,225552.05,3.74
1818098.89,30.17,1.66,228659.03,3.79
1818175.85,30.18,1.66,228475.15,3.79
1818252.8,30.18,1.67,228291.27,3.79
1818329.75,30.19,1.67,228087.02,3.79
1818333.83,30.19,1.68,228048.61,3.79
1817777.03,30.19,1.67,227517.06,3.78
1817224.93,30.18,1.67,227021.58,3.77
1817422.86,30.19,1.67,227366.67,3.78
1817276.94,30.19,1.67,227178.25,3.77
1817276.94,30.19,1.67,227178.25,3.77
1817595.26,30.19,1.68,228021.93,3.79
1818186.48,30.21,1.69,228320.49,3.79
1817993.83,30.2,1.69,228129.8,3.79
1817694.92,30.2,1.69,228259.9,3.79
1817123.4,30.2,1.68,227736.79,3.78
1817200.35,30.21,1.69,227552.92,3.78
1816643.55,30.2,1.68,227021.37,3.77
1819408.69,30.25,1.73,230128.35,3.83
1819555.36,30.25,1.74,230174.2,3.83
1819255.69,30.25,1.74,230425.65,3.83
1819315.6,30.26,1.74,230177.33,3.83
1818758.79,30.25,1.74,229625.42,3.82
1818750.14,30.26,1.74,229296.91,3.81
1818020.38,30.25,1.73,228619.44,3.8
1817635.58,30.25,1.73,228238.14,3.8
1817712.53,30.25,1.74,228033.89,3.8
1817155.72,30.25,1.73,227481.98,3.79
1816887.55,30.25,1.73,227478.89,3.79
1817106.32,30.25,1.74,227467.57,3.79
1818100.25,30.27,1.75,228348.67,3.8
1818072.72,30.27,1.76,228444.8,3.8
1817515.92,30.27,1.75,227892.88,3.8
1818846.07,30.29,1.77,228967.09,3.81
1818923.02,30.3,1.78,228783.21,3.81
1818999.97,30.3,1.79,228578.97,3.81
1819219.65,30.31,1.79,228939.18,3.81
1818621.33,30.31,1.79,228863.7,3.81
1819951.48,30.33,1.81,229937.91,3.83
1819394.68,30.33,1.81,229406.37,3.82
1819394.68,30.33,1.81,229406.37,3.82
1819096.55,30.33,1.81,229381.38,3.82
1818349.74,30.32,1.8,228639.47,3.81
1817877.17,30.31,1.8,228230.54,3.81
1817805.12,30.32,1.8,229034.28,3.82
1818634.56,30.34,1.82,229335.13,3.83
1818964.71,30.35,1.83,229409.34,3.83
1818407.91,30.34,1.83,228877.79,3.82
1818183.72,30.34,1.83,228864.95,3.82
1817626.91,30.33,1.82,228313.04,3.81
1817685.79,30.34,1.83,228063.68,3.81
1817777.46,30.35,1.83,227850.99,3.8
1817808.97,30.35,1.83,227728.28,3.8
1817885.92,30.35,1.84,227524.03,3.8
1818308.16,30.36,1.85,227633.72,3.8
1819066.84,30.38,1.86,228343.68,3.81
1819396.99,30.39,1.87,228417.89,3.82
1818798.67,30.39,1.88,228342.41,3.82
1818837.6,30.39,1.88,228418.06,3.82
1818997.31,30.4,1.88,228689.54,3.82
1818250.51,30.39,1.87,227967.99,3.81
1818221.43,30.39,1.88,228125.95,3.81
1817923.04,30.39,1.88,228055.76,3.81
1817623.11,30.39,1.88,228050.47,3.81
1817324.72,30.39,1.88,227980.36,3.81
1816784.62,30.39,1.87,227492.28,3.8
1818115.54,30.41,1.9,229836.96,3.84
1817544.02,30.4,1.89,229313.85,3.84
1817290.24,30.4,1.89,228916.96,3.83
1817596.81,30.41,1.9,229082.65,3.83
1816850.0,30.4,1.89,228361.11,3.82
1819615.14,30.45,1.93,231468.09,3.87
1820932.88,30.47,1.96,232691.4,3.89
1821072.2,30.47,1.96,233110.85,3.9
1820520.11,30.47,1.96,232615.37,3.89
1820520.11,30.47,1.96,232615.37,3.89
1819856.33,30.46,1.95,231808.48,3.88
1819707.77,30.46,1.95,231631.41,3.88
1819409.39,30.46,1.95,231619.53,3.88
1819109.45,30.46,1.95,231555.93,3.88
1818811.07,30.46,1.95,231556.35,3.88
1818811.07,30.46,1.95,231556.35,3.88
1819045.65,30.47,1.96,232006.24,3.89
1818719.18,30.46,1.95,231658.89,3.88
1818420.79,30.47,1.95,231647.01,3.88
1818420.79,30.47,1.95,231647.01,3.88
1818446.59,30.47,1.96,231899.14,3.89
1818419.06,30.47,1.96,232125.56,3.89
1816063.99,30.47,1.96,232075.03,3.89
1815991.94,30.48,1.97,232878.78,3.91
1816821.38,30.5,1.99,233174.26,3.91
1816749.34,30.5,1.99,233978.01,3.93
1816776.68,30.5,1.99,233969.79,3.93
1816476.75,30.5,1.99,234218.23,3.93
1817327.92,30.52,2.01,234282.17,3.93
1816664.14,30.52,2.01,233475.28,3.92
1816340.58,30.51,2.01,233449.68,3.92
1816268.53,30.52,2.01,234253.42,3.94
1816051.49,30.52,2.01,234511.81,3.94
1815835.99,30.52,2.01,234448.3,3.94
1815728.12,30.52,2.01,234580.51,3.94
1815656.07,30.53,2.01,235384.26,3.96
1815439.03,30.53,2.01,235378.97,3.96
1814965.24,30.52,2.01,234762.08,3.95
1814612.18,30.52,2.01,234542.3,3.94
1815970.46,30.55,2.03,235365.73,3.96
1815772.91,30.55,2.04,235394.75,3.96
1815474.78,30.55,2.04,235444.86,3.96
1815259.29,30.55,2.04,235450.11,3.96
1814961.16,30.55,2.04,235418.54,3.96
1814961.16,30.55,2.04,235460.41,3.96
1815079.72,30.55,2.04,235392.61,3.96
1816437.99,30.58,2.07,236216.04,3.98
1816463.79,30.58,2.07,236956.71,3.99
1817943.45,30.61,2.1,238417.24,4.01
1817645.07,30.61,2.1,238405.36,4.01
1817345.13,30.61,2.1,238341.76,4.01
1817316.05,30.61,2.1,238429.14,4.02
1817465.05,30.62,2.1,238404.09,4.02
1817166.15,30.62,2.1,238863.66,4.02
1816950.65,30.62,2.1,238800.59,4.02
1816661.44,30.62,2.11,238771.6,4.02
1816541.08,30.62,2.11,238830.79,4.03
1816324.04,30.62,2.11,238825.05,4.03
1813876.01,30.62,2.11,238756.33,4.03
1813848.48,30.63,2.11,238852.46,4.03
1813550.09,30.63,2.11,238840.58,4.03
1813748.01,30.63,2.12,239267.67,4.04
1813448.08,30.63,2.12,239204.07,4.04
1813149.69,30.63,2.12,239204.49,4.04
1812765.28,30.63,2.12,238946.6,4.04
1812465.35,30.63,2.12,238870.71,4.04
1811991.56,30.63,2.11,238253.82,4.03
1812013.22,30.63,2.12,238211.15,4.03
1811704.5,30.63,2.12,238139.03,4.03
1811474.68,30.63,2.12,238735.11,4.04
1811109.8,30.63,2.12,238390.41,4.03
1810446.02,30.62,2.11,237583.52,4.02
1810147.63,30.62,2.11,237516.25,4.02
1809847.7,30.62,2.11,237508.05,4.02
1809183.91,30.62,2.11,236701.16,4.01
1808885.53,30.62,2.11,236689.28,4.01
1809024.85,30.62,2.11,236978.1,4.01
1810011.04,30.64,2.13,238319.83,4.03
1810011.04,30.64,2.13,238319.83,4.03
1809712.65,30.64,2.13,238307.95,4.04
1809712.65,30.64,2.13,238307.95,4.04
1809412.72,30.64,2.13,238244.35,4.03
1809114.33,30.65,2.13,238174.16,4.03
1809114.33,30.65,2.13,238174.16,4.03
1808450.55,30.64,2.13,237367.27,4.02
1808251.78,30.64,2.13,237092.79,4.02
1807983.6,30.64,2.13,237097.3,4.02
1807683.67,30.64,2.13,237092.01,4.02
1807683.67,30.64,2.13,237092.01,4.02
1807683.67,30.64,2.13,237092.01,4.02
1807314.41,30.63,2.12,236809.59,4.01
1806985.94,30.63,2.12,236692.24,4.01
1806512.15,30.63,2.12,236075.35,4.0
1806512.15,30.63,2.12,236103.17,4.0
1805781.08,30.62,2.11,235408.82,3.99
1805564.89,30.62,2.11,235274.19,3.99
1805349.39,30.62,2.11,235210.9,3.99
1805320.32,30.63,2.11,235388.84,3.99
1805021.93,30.63,2.11,235376.96,3.99
1805367.99,30.63,2.12,236056.76,4.01
1804894.21,30.63,2.12,235439.87,4.0
1804420.43,30.63,2.11,234822.98,3.99
1804446.23,30.63,2.12,235075.11,3.99
1804230.73,30.63,2.12,235011.6,3.99
1804010.03,30.63,2.12,234791.98,3.99
1803704.41,30.63,2.12,234695.0,3.99
1803487.37,30.63,2.12,234689.7,3.99
1803271.87,30.63,2.12,234694.96,3.99
1803054.83,30.63,2.12,234620.9,3.99
1803190.92,30.64,2.12,234515.91,3.98
1802821.87,30.63,2.12,235017.69,3.99
1802860.86,30.64,2.12,235108.31,4.0
1802562.48,30.64,2.12,235041.03,4.0
1802262.54,30.64,2.13,235032.83,4.0
1801964.15,30.64,2.13,234962.65,4.0
1801971.98,30.64,2.13,235098.81,4.0
1801672.04,30.64,2.13,235093.52,4.0
1801198.26,30.64,2.12,234476.63,3.99
1800724.48,30.63,2.12,233859.74,3.98
1800426.09,30.63,2.12,233909.11,3.98
1799762.31,30.63,2.11,233102.22,3.97
1799546.81,30.63,2.11,233107.48,3.97
1799517.73,30.63,2.12,233194.86,3.97
1799037.01,30.63,2.11,232559.89,3.96
1798738.88,30.63,2.11,232529.92,3.96
1798878.2,30.63,2.12,232766.38,3.96
1798662.71,30.64,2.12,232703.09,3.96
1798662.71,30.64,2.12,232702.07,3.96
1798662.71,30.64,2.12,232698.55,3.96
1798445.67,30.64,2.12,232693.03,3.96
1798445.67,30.64,2.12,232693.03,3.96
1798230.17,30.64,2.12,232685.67,3.96
1798230.17,30.64,2.12,232685.67,3.96
1798201.09,30.64,2.12,232785.67,3.97
1797895.48,30.64,2.12,232734.77,3.97
1797689.74,30.64,2.12,232540.07,3.96
1797381.03,30.64,2.12,232461.49,3.96
1796907.24,30.64,2.12,231844.6,3.95
1796419.26,30.63,2.11,231209.62,3.94
1796419.26,30.63,2.11,231209.62,3.94
1796203.77,30.63,2.11,231146.56,3.94
1795878.03,30.63,2.11,230830.85,3.94
1795660.99,30.63,2.11,230825.11,3.94
1795445.5,30.63,2.11,230761.85,3.94
1795445.5,30.63,2.11,230761.85,3.94
1795127.45,30.63,2.11,230442.55,3.93
1794897.62,30.63,2.11,230739.21,3.94
1794510.02,30.63,2.11,230358.63,3.93
1794510.02,30.63,2.11,230358.63,3.93
1794292.97,30.63,2.11,230353.08,3.93
1793629.19,30.63,2.1,229546.19,3.92
1793330.17,30.62,2.1,229503.09,3.92
1793001.7,30.62,2.1,229385.74,3.92
1793001.7,30.62,2.1,229384.72,3.92
1792786.2,30.63,2.1,229321.21,3.92
1792488.07,30.63,2.1,229381.17,3.92
1792271.03,30.63,2.1,229375.87,3.92
1791891.77,30.62,2.1,229074.56,3.91
1791586.15,30.62,2.1,229015.99,3.91
1791277.44,30.62,2.1,228945.08,3.91
1791249.91,30.63,2.1,229041.21,3.92
1791220.83,30.63,2.1,229199.17,3.92
1790991.0,30.63,2.11,229496.03,3.93
1790991.0,30.63,2.11,229496.03,3.93
1790991.0,30.63,2.11,229496.03,3.93
1790603.4,30.63,2.11,229115.24,3.92
1790397.4,30.63,2.1,228810.46,3.91
1790181.91,30.63,2.1,228747.02,3.91
1789964.87,30.63,2.1,228741.65,3.91
1789637.89,30.63,2.1,228549.08,3.91
1789747.0,30.64,2.11,228545.06,3.91
1789747.0,30.64,2.11,228545.06,3.91
1789529.95,30.64,2.11,228793.5,3.92
1789314.46,30.64,2.11,228798.76,3.92
1789624.48,30.65,2.12,229101.63,3.92
1789595.4,30.65,2.12,229189.01,3.93
1789379.91,30.65,2.12,229194.27,3.93
1789074.29,30.65,2.12,229143.37,3.93
1788781.33,30.65,2.12,229085.19,3.93
1788564.28,30.65,2.12,229011.13,3.92
1788436.7,30.66,2.12,229329.94,3.93
1788438.65,30.66,2.12,229337.21,3.93
1788223.16,30.66,2.12,229273.7,3.93
1788006.12,30.66,2.12,229268.4,3.93
1787688.75,30.66,2.12,229033.23,3.93
1787835.43,30.66,2.13,228999.8,3.93
1787539.62,30.66,2.13,228964.13,3.93
1787216.06,30.66,2.13,228989.2,3.93
1787216.06,30.66,2.13,230317.79,3.95
1786908.12,30.66,2.13,230307.88,3.95
1786880.59,30.67,2.13,230404.01,3.95
1786658.28,30.66,2.13,230188.17,3.95
1786504.76,30.67,2.13,230286.26,3.95
1786287.72,30.67,2.13,230304.79,3.95
1786126.6,30.67,2.13,229529.86,3.94
1785629.72,30.67,2.13,229392.15,3.94
1785848.49,30.67,2.14,229380.82,3.94
1785580.32,30.67,2.14,229379.89,3.94
1785364.05,30.68,2.14,229363.98,3.94
1785148.56,30.68,2.14,229663.85,3.95
1784931.51,30.68,2.14,229704.97,3.95
1784931.51,30.68,2.14,229704.97,3.95
1784716.02,30.68,2.14,229710.23,3.95
1784498.98,30.68,2.14,229636.16,3.95
1783502.85,30.67,2.13,228640.04,3.93
1783360.88,30.67,2.13,228570.21,3.93
1783360.88,30.67,2.13,228570.21,3.93
1783145.39,30.67,2.13,228506.94,3.93
1783116.31,30.67,2.13,228684.86,3.93
1782900.81,30.68,2.13,228621.35,3.93
1782683.77,30.68,2.13,228616.05,3.93
1782396.54,30.67,2.13,228418.53,3.93
1782181.05,30.68,2.13,228423.79,3.93
1782181.05,30.68,2.13,228427.2,3.93
1781964.01,30.68,2.13,228353.14,3.93
1781964.01,30.68,2.13,228353.14,3.93
1782163.48,30.68,2.13,228292.01,3.93
1782163.48,30.68,2.13,228292.01,3.93
1782013.2,30.68,2.13,228146.95,3.93
1781717.47,30.68,2.13,227862.24,3.92
1781717.47,30.68,2.13,227862.24,3.92
1781932.37,30.69,2.13,228685.88,3.94
1781716.87,30.69,2.13,228691.14,3.94
1781687.79,30.69,2.14,228778.52,3.94
1781315.85,30.69,2.13,228344.08,3.93
1781540.45,30.69,2.14,228283.42,3.93
1781323.4,30.69,2.14,228706.48,3.94
1781107.91,30.7,2.14,228642.96,3.94
1780890.87,30.7,2.14,228637.67,3.94
1780698.21,30.7,2.14,228443.71,3.94
1780698.21,30.7,2.14,228443.71,3.94
1780482.72,30.7,2.14,228380.2,3.94
1778049.15,30.7,2.14,228329.67,3.94
1777832.1,30.7,2.14,228324.37,3.94
1777804.57,30.7,2.14,228420.5,3.94
1777804.57,30.7,2.14,228420.5,3.94
1777587.53,30.7,2.14,228439.21,3.95
1777372.04,30.71,2.14,228444.47,3.95
1777159.73,30.7,2.14,228239.52,3.94
1777267.29,30.71,2.14,228478.68,3.95
1777051.79,30.71,2.14,228471.31,3.95
1776834.75,30.71,2.14,228409.87,3.95
1776526.81,30.71,2.14,228323.91,3.95
1776589.39,30.72,2.15,231445.41,4.0
1776561.86,30.72,2.15,231541.53,4.0
1777591.69,30.74,2.18,231998.69,4.01
1777591.69,30.74,2.18,231998.69,4.01
1777221.6,30.74,2.17,231637.49,4.01
1777221.6,30.74,2.17,231637.49,4.01
1777192.52,30.74,2.17,231795.44,4.01
1778118.92,30.76,2.19,232029.94,4.01
1778335.36,30.77,2.2,232100.91,4.02
1777963.42,30.76,2.19,231966.75,4.01
1778178.32,30.77,2.2,232441.65,4.02
1778150.79,30.77,2.2,232537.77,4.02
1777933.75,30.78,2.2,232534.29,4.03
1777639.14,30.77,2.2,232251.06,4.02
1777423.65,30.77,2.2,232256.32,4.02
1777394.57,30.78,2.2,232343.7,4.02
1777022.63,30.77,2.2,231983.19,4.02
1776807.14,30.78,2.2,231975.82,4.02
1776521.89,30.77,2.19,231764.25,4.01
1776492.81,30.78,2.2,231864.25,4.02
1776334.57,30.77,2.19,231706.29,4.01
1776119.08,30.78,2.2,231711.55,4.01
1776226.64,30.78,2.2,231950.71,4.02
1776226.64,30.78,2.2,231950.71,4.02
1776011.15,30.78,2.2,231887.65,4.02
1776229.91,30.79,2.21,231876.32,4.02
1776012.87,30.79,2.21,231870.57,4.02
1775718.27,30.79,2.2,231587.35,4.02
1775502.0,30.79,2.2,231571.44,4.02
1775286.51,30.79,2.2,231871.3,4.02
1775012.85,30.79,2.2,231566.15,4.02
1774795.81,30.79,2.2,231715.06,4.02
1774580.32,30.79,2.2,231720.32,4.02
1774363.27,30.79,2.2,231646.26,4.02
1774147.78,30.79,2.2,231651.52,4.02
1773849.65,30.79,2.2,231661.62,4.02
1773632.61,30.8,2.2,231587.55,4.02
1773417.11,30.8,2.2,231524.49,4.02
1773417.11,30.8,2.2,231524.49,4.02
1773417.11,30.8,2.2,231476.27,4.02
1773212.25,30.79,2.2,231266.03,4.02
1772995.2,30.8,2.2,231260.29,4.02
1772996.03,30.8,2.2,231318.5,4.02
1773241.64,30.8,2.21,231292.64,4.02
1772905.95,30.8,2.2,231278.3,4.02
1772690.46,30.8,2.2,231270.93,4.02
1772473.41,30.8,2.2,231209.49,4.02
1772257.92,30.8,2.2,231146.05,4.02
1772228.84,30.81,2.21,231324.37,4.02
1772201.31,30.81,2.21,231420.5,4.02
1772408.06,30.82,2.21,231845.83,4.03
1772192.56,30.82,2.21,231782.32,4.03
1771975.52,30.82,2.21,231777.03,4.03
1771760.02,30.82,2.22,231713.51,4.03
1771760.02,30.82,2.22,231701.37,4.03
1771542.98,30.82,2.22,231696.08,4.03
1771327.49,30.83,2.22,231632.58,4.03
1771298.41,30.83,2.22,231810.77,4.03
1771082.91,30.83,2.22,231747.26,4.03
1771082.91,30.83,2.22,231747.26,4.03
1770865.87,30.83,2.22,231741.97,4.03
1770838.34,30.84,2.22,231838.09,4.04
1770809.26,30.84,2.22,231996.05,4.04
1770501.32,30.84,2.23,231913.14,4.04
1770203.19,30.84,2.23,231955.63,4.04
1769987.7,30.84,2.23,231892.57,4.04
1769958.62,30.85,2.23,232070.28,4.04
1770278.52,30.85,2.24,232042.04,4.04
1770063.02,30.85,2.24,231978.53,4.04
1770063.02,30.85,2.24,231992.62,4.04
1769764.12,30.85,2.24,232361.21,4.05
1769606.03,30.85,2.23,231971.52,4.04
1769246.24,30.85,2.23,232757.51,4.06
1769246.24,30.85,2.23,232757.51,4.06
1769131.84,30.85,2.23,232606.78,4.06
1768914.8,30.85,2.23,232601.48,4.06
1768415.52,30.85,2.23,232243.57,4.05
1768387.99,30.85,2.23,232339.69,4.05
1768549.03,30.86,2.24,232727.75,4.06
1768333.54,30.86,2.24,232664.69,4.06
1765774.98,30.86,2.24,232616.86,4.07
1765972.9,30.87,2.25,233017.64,4.07
1765945.37,30.87,2.25,232955.13,4.07
1765945.37,30.87,2.25,232955.13,4.07
1765728.33,30.87,2.25,233132.29,4.08
1765512.84,30.87,2.25,233124.92,4.08
1765512.84,30.87,2.25,233124.92,4.08
1765295.79,30.88,2.25,233063.48,4.08
1765080.3,30.88,2.25,233068.74,4.08
1764936.81,30.88,2.25,232874.87,4.07
1764719.77,30.88,2.25,232800.81,4.07
1764561.14,30.88,2.25,232642.97,4.07
1764253.2,30.88,2.25,232600.66,4.07
1763988.52,30.88,2.25,235565.39,4.12
1763773.02,30.88,2.25,235501.88,4.12
1763987.92,30.88,2.26,235917.59,4.13
1763615.98,30.88,2.25,235556.58,4.12
1763615.98,30.88,2.25,235556.58,4.12
1764721.72,30.91,2.28,235595.29,4.13
1764694.19,30.91,2.28,235691.42,4.13
1764477.15,30.91,2.28,235709.94,4.13
1764261.66,30.91,2.28,235646.88,4.13
1763973.58,30.91,2.28,235331.81,4.12
1763944.5,30.91,2.28,235487.51,4.13
1763659.25,30.91,2.28,235192.56,4.12
1763875.69,30.92,2.28,235263.53,4.12
1763846.61,30.92,2.29,235602.52,4.13
1763474.68,30.92,2.28,235365.15,4.13
1763206.5,30.92,2.28,235361.86,4.13
1763422.95,30.92,2.29,235432.82,4.13
1763422.95,30.92,2.29,235413.72,4.13
1763198.76,30.92,2.28,235280.35,4.13
1762981.71,30.92,2.28,235476.72,4.13
1762766.22,30.92,2.29,235413.65,4.13
1762737.14,30.93,2.29,235591.37,4.13
1762521.65,30.93,2.29,235528.11,4.13
1762736.54,30.94,2.29,235943.57,4.14
1762512.35,30.93,2.29,235725.76,4.14
1763340.87,30.95,2.31,236216.18,4.15
1763313.34,30.96,2.31,236312.31,4.15
1763528.23,30.96,2.32,236626.13,4.15
1763312.74,30.96,2.32,236618.77,4.15
1763014.61,30.96,2.32,236593.99,4.16
1762797.57,30.97,2.32,236532.55,4.15
1762797.57,30.97,2.32,236554.12,4.16
1762906.68,30.97,2.32,236550.1,4.16
1762608.55,30.97,2.32,236604.21,4.16
1762579.47,30.97,2.33,236962.51,4.16
1762579.8,30.97,2.33,236963.6,4.16
1762552.27,30.98,2.33,237059.72,4.17
1762335.23,30.98,2.33,237056.23,4.17
1762037.1,30.98,2.33,237058.11,4.17
1762186.1,30.99,2.33,236995.6,4.17
1762212.83,30.99,2.34,238866.09,4.2
1762212.83,30.99,2.34,238866.09,4.2
1762646.42,31.0,2.35,238996.99,4.2
1762430.92,31.0,2.35,238989.63,4.2
1762122.98,31.0,2.35,238926.66,4.2
1761905.94,31.0,2.35,238865.22,4.2
1761690.45,31.0,2.35,238802.15,4.2
1761606.97,31.0,2.35,238322.82,4.19
1761389.93,31.01,2.35,238317.08,4.2
1761174.44,31.01,2.35,238254.02,4.19
1761179.86,31.01,2.35,238467.85,4.2
1761179.86,31.01,2.35,238468.05,4.2
1760962.82,31.01,2.35,238462.31,4.2
1760747.32,31.01,2.35,238467.57,4.2
1760375.39,31.01,2.35,238230.2,4.2
1760107.21,31.01,2.35,238227.11,4.2
1760162.34,31.01,2.35,242011.02,4.26
1760269.9,31.01,2.35,242250.18,4.27
1760054.41,31.02,2.35,242255.44,4.27
1760269.31,31.02,2.36,242533.8,4.27
1760269.31,31.02,2.36,242533.8,4.27
1760159.85,31.02,2.36,242424.35,4.27
1759787.92,31.02,2.35,242131.93,4.27
1759572.42,31.02,2.35,242124.56,4.27
1761314.97,31.05,2.38,243807.56,4.3
1761097.92,31.05,2.38,243746.12,4.3
1760585.69,31.05,2.38,243415.37,4.29
1760370.2,31.05,2.38,243408.01,4.29
1760153.15,31.05,2.38,243346.57,4.29
1759643.43,31.05,2.38,242521.61,4.28
1759427.94,31.05,2.38,242526.87,4.28
1759210.89,31.05,2.38,242452.81,4.28
1758990.59,31.05,2.38,242297.8,4.28
1758775.1,31.05,2.38,242234.29,4.28
1758558.06,31.05,2.38,242229.0,4.28
1758530.53,31.06,2.38,242325.13,4.28
1760548.6,31.1,2.42,242536.43,4.28
1760331.56,31.1,2.42,242532.95,4.28
1760556.15,31.1,2.43,242472.29,4.28
1760339.11,31.11,2.43,242895.34,4.29
1759979.02,31.1,2.42,242544.14,4.29
1759763.53,31.1,2.42,242480.88,4.29
1759763.53,31.1,2.42,242480.88,4.29
1759763.53,31.1,2.42,242480.88,4.29
1758768.59,31.09,2.41,241486.84,4.27
1758551.54,31.09,2.41,241481.3,4.27
1758336.05,31.1,2.41,241417.79,4.27
1758306.97,31.1,2.42,241595.98,4.27
1758469.55,31.11,2.42,241534.65,4.27
1758684.45,31.11,2.43,242322.43,4.29
1758468.96,31.11,2.43,242258.91,4.29
1757305.5,31.11,2.43,243628.1,4.31
1757305.5,31.11,2.43,243628.1,4.31
1756933.56,31.11,2.42,243199.6,4.31
1756933.56,31.11,2.42,243199.6,4.31
1756638.95,31.11,2.42,242988.95,4.3
1756609.87,31.11,2.42,243167.12,4.31
1756394.38,31.11,2.42,243103.86,4.31
1756177.34,31.11,2.42,243098.31,4.31
1756177.34,31.11,2.42,243098.31,4.31
1755961.84,31.12,2.42,243103.57,4.31
1755756.98,31.11,2.42,242893.33,4.3
1755488.8,31.11,2.42,242890.25,4.31
1755271.76,31.12,2.42,242816.18,4.3
1755056.27,31.12,2.42,242821.44,4.31
1755056.27,31.12,2.42,242821.44,4.31
1754839.22,31.12,2.42,242747.38,4.3
1755055.67,31.13,2.43,242818.34,4.31
1755163.23,31.13,2.43,243418.66,4.32
1754947.73,31.13,2.43,243355.15,4.32
1754669.75,31.13,2.44,243353.22,4.32
1754669.75,31.13,2.44,243353.22,4.32
1754452.7,31.14,2.44,243347.93,4.32
1754080.77,31.13,2.43,242929.06,4.31
1753786.16,31.13,2.43,242697.84,4.31
1753720.81,31.13,2.43,242146.8,4.3
1753620.86,31.13,2.43,241513.01,4.29
1753837.31,31.14,2.44,241583.98,4.29
1753620.26,31.14,2.44,241865.22,4.3
1753620.26,31.14,2.44,241865.22,4.3
1753404.77,31.14,2.44,241801.71,4.29
1753187.73,31.15,2.44,241796.41,4.3
1752972.23,31.15,2.44,241733.35,4.3
1752755.19,31.15,2.44,241727.61,4.3
1752565.07,31.15,2.44,241573.27,4.29
1752349.58,31.15,2.44,241510.21,4.29
1752051.45,31.15,2.44,241485.23,4.29
1751834.41,31.15,2.44,241479.48,4.29
1751806.88,31.15,2.44,241575.61,4.3
1751806.88,31.15,2.44,241575.61,4.3
1751444.94,31.15,2.44,241224.6,4.29
1751827.63,31.16,2.45,241846.81,4.3
1751612.13,31.16,2.45,241852.07,4.3
1751395.09,31.16,2.45,241778.0,4.3
1751094.99,31.16,2.44,241403.77,4.3
1750879.5,31.16,2.44,241340.71,4.3
1750662.46,31.16,2.44,241334.97,4.3
1750446.96,31.16,2.44,241271.46,4.3
1748091.9,31.17,2.45,241220.92,4.3
1748397.69,31.17,2.45,241737.97,4.31
1748004.57,31.17,2.45,241342.41,4.3
1747789.07,31.17,2.45,241347.67,4.3
1747789.07,31.17,2.45,241347.67,4.3
1747572.03,31.17,2.45,241273.6,4.3
1747544.5,31.18,2.45,241369.73,4.31
1747759.39,31.18,2.46,241683.56,4.31
1747731.86,31.19,2.46,241779.69,4.31
1747514.82,31.19,2.46,241776.2,4.32
1747840.39,31.2,2.47,241905.91,4.32
1747624.9,31.2,2.47,241898.54,4.32
1747252.96,31.19,2.47,241661.47,4.31
1747223.88,31.2,2.47,241783.49,4.32
1747008.39,31.2,2.47,241788.75,4.32
1747008.39,31.2,2.47,241788.75,4.32
1747314.18,31.21,2.48,242133.4,4.32
1747314.18,31.21,2.48,242133.4,4.32
1747286.65,31.21,2.48,242229.52,4.33
1747257.57,31.22,2.48,242387.48,4.33
1747257.57,31.22,2.48,242387.48,4.33
1747257.57,31.22,2.48,242387.48,4.33
1747230.04,31.22,2.48,242483.61,4.33
1747013.0,31.22,2.48,242480.12,4.33
1747013.0,31.22,2.48,242480.12,4.33
1746824.04,31.22,2.48,242384.77,4.33
1746796.51,31.22,2.49,242480.9,4.33
1746579.46,31.23,2.49,242477.41,4.34
1746551.93,31.23,2.49,242573.54,4.34
1746334.89,31.23,2.49,242570.05,4.34
1746119.4,31.23,2.49,242506.98,4.34
1745825.52,31.23,2.49,242223.62,4.33
1745608.48,31.23,2.49,242217.88,4.33
1745833.07,31.24,2.49,242157.23,4.33
1745616.03,31.24,2.49,242580.28,4.34
1745588.5,31.24,2.5,242676.41,4.34
1745371.45,31.25,2.5,242672.92,4.34
1745155.96,31.25,2.5,242678.18,4.35
1744848.02,31.25,2.5,242652.03,4.35
1744848.02,31.25,2.5,242744.44,4.35
1744818.94,31.25,2.5,242854.07,4.35
1744603.45,31.25,2.5,242790.63,4.35
1746502.68,31.29,2.53,245838.67,4.4
1746285.63,31.29,2.53,245833.31,4.4
1746258.1,31.29,2.54,245929.44,4.41
1746041.06,31.29,2.54,245925.95,4.41
1745825.57,31.3,2.54,245931.21,4.41
1745608.52,31.3,2.54,245857.14,4.41
1745580.99,31.3,2.54,245953.27,4.41
1745551.91,31.31,2.54,246111.23,4.41
1745836.45,31.31,2.55,248150.2,4.45
1745528.51,31.31,2.55,248222.37,4.45
1745168.42,31.31,2.55,247871.17,4.45
1745140.89,31.31,2.55,247967.3,4.45
1744923.85,31.31,2.55,247963.81,4.45
1744615.91,31.31,2.55,247922.81,4.45
1744310.29,31.31,2.55,247884.21,4.45
1744001.58,31.31,2.55,248144.83,4.46
1743693.64,31.31,2.55,247917.56,4.45
1743384.15,31.31,2.55,247869.17,4.45
1743384.15,31.31,2.55,247869.17,4.45
1743384.15,31.31,2.55,247869.17,4.45
1743115.98,31.32,2.55,247871.51,4.45
1742900.48,31.32,2.55,247876.77,4.45
1742683.44,31.32,2.55,247802.7,4.45
1742375.5,31.32,2.55,247726.31,4.45
1742160.0,31.32,2.55,247718.94,4.45
1742160.0,31.32,2.55,249693.21,4.49
1746977.31,31.41,2.64,254620.53,4.58
1746760.26,31.41,2.64,254559.09,4.58
1746732.73,31.41,2.64,254655.22,4.58
1746515.69,31.41,2.64,254651.73,4.58
1746488.16,31.42,2.65,254747.86,4.58
1746488.16,31.42,2.65,254747.86,4.58
1746271.12,31.42,2.65,254744.37,4.58
1746055.62,31.42,2.65,254680.87,4.58
1745838.58,31.42,2.65,254675.56,4.58
1745623.08,31.43,2.65,254612.5,4.58
1745623.08,31.43,2.65,254612.5,4.58
1745267.11,31.43,2.65,253787.55,4.57
1745238.03,31.43,2.65,253965.27,4.57
1745022.54,31.43,2.65,253902.0,4.57
1744724.41,31.43,2.65,253879.61,4.57
1744507.37,31.43,2.65,253874.06,4.57
1744291.87,31.43,2.65,253811.0,4.57
1744074.83,31.44,2.65,253805.26,4.57
1744183.94,31.44,2.66,253801.23,4.58
1743966.9,31.44,2.66,254049.68,4.58
1743751.4,31.45,2.66,254054.94,4.58
1743534.36,31.45,2.66,253980.87,4.58
1743534.36,31.45,2.66,253980.87,4.58
1743318.87,31.45,2.66,253917.43,4.58
1744241.39,31.47,2.68,253805.53,4.58
1744024.35,31.47,2.68,253800.17,4.58
1743808.85,31.47,2.68,253792.8,4.58
1743591.81,31.47,2.68,253731.36,4.58
1743591.81,31.47,2.68,253850.74,4.58
1743376.32,31.48,2.68,253787.23,4.58
1743159.27,31.48,2.68,253781.94,4.58
1742943.78,31.48,2.68,253774.57,4.58
1742726.74,31.48,2.68,253713.13,4.58
1742511.24,31.48,2.68,253649.62,4.58
1742482.16,31.49,2.68,253827.78,4.59
1742482.16,31.49,2.68,253827.78,4.59
1742482.16,31.49,2.68,253747.67,4.59
1742187.91,31.49,2.68,255699.18,4.62
1742360.37,31.49,2.69,254214.77,4.59
1742144.88,31.5,2.69,254151.71,4.59
1742809.3,31.51,2.71,256565.16,4.64
1742809.3,31.51,2.71,256565.16,4.64
1742809.3,31.51,2.71,256565.16,4.64
1742862.46,31.52,2.71,256219.05,4.63
1742645.41,31.52,2.71,256213.31,4.63
1742870.01,31.52,2.72,256152.66,4.63
1742652.96,31.53,2.72,256575.71,4.64
1742652.96,31.53,2.72,256575.71,4.64
1742437.47,31.53,2.72,256512.65,4.64
1742802.92,31.54,2.73,256658.47,4.64
1742585.87,31.54,2.73,256652.72,4.64
1742558.34,31.54,2.73,256748.85,4.65
1742341.3,31.54,2.73,256745.36,4.65
1742125.81,31.55,2.73,256681.85,4.65
1741908.76,31.55,2.73,256676.56,4.65
1741538.68,31.54,2.73,256315.35,4.64
1741323.18,31.55,2.73,256252.29,4.64
1741106.14,31.55,2.73,256246.54,4.64
1740890.64,31.55,2.73,256239.18,4.64
1740673.6,31.55,2.73,256177.74,4.64
1740458.11,31.55,2.73,256170.37,4.64
1740241.06,31.55,2.73,256108.93,4.64
1740241.06,31.55,2.73,256108.93,4.64
1740465.66,31.56,2.74,256048.28,4.64
1740248.61,31.56,2.74,256472.89,4.65
1740248.61,31.56,2.74,256472.89,4.65
1740033.12,31.56,2.74,256409.82,4.65
1739816.08,31.57,2.74,256404.08,4.65
1739816.08,31.57,2.74,256404.08,4.65
1739816.08,31.57,2.74,256404.08,4.65
1739600.58,31.57,2.74,256409.34,4.65
1739600.58,31.57,2.74,256409.34,4.65
1739383.54,31.57,2.74,256335.27,4.65
1739383.54,31.57,2.74,256335.27,4.65
1739224.91,31.57,2.74,256176.92,4.65
1738916.97,31.57,2.74,256155.78,4.65
1738889.44,31.57,2.74,256251.91,4.65
1738672.4,31.57,2.74,256248.42,4.65
1738672.4,31.57,2.74,256248.42,4.65
1738369.11,31.57,2.74,256373.64,4.66
1738153.61,31.58,2.74,256310.58,4.66
1738261.17,31.58,2.75,256618.06,4.66
1737989.26,31.58,2.74,256349.45,4.66
1737769.63,31.58,2.74,256197.24,4.66
1737554.14,31.58,2.74,256133.98,4.65
1737525.06,31.58,2.74,256311.89,4.66
1737330.17,31.58,2.74,256125.45,4.66
1737816.81,31.59,2.75,260284.84,4.73
1738018.6,31.6,2.76,260266.16,4.73
1739564.48,31.63,2.79,260194.83,4.73
1739348.99,31.63,2.79,260131.53,4.73
1739080.81,31.63,2.79,260136.05,4.73
1738795.56,31.63,2.79,260147.34,4.73
1738795.56,31.63,2.79,260147.34,4.73
1738578.52,31.63,2.79,260141.83,4.73
1738794.19,31.64,2.8,260130.58,4.73
1738766.66,31.64,2.8,260120.34,4.73
1738549.62,31.65,2.8,260832.62,4.75
1738177.68,31.64,2.8,260433.44,4.74
1738150.15,31.65,2.8,260529.56,4.74
1737933.11,31.65,2.8,260526.08,4.74
1738149.55,31.65,2.81,260597.04,4.75
1737932.51,31.66,2.81,260878.95,4.75
1737775.97,31.65,2.8,260720.86,4.75
1737748.44,31.66,2.81,260816.99,4.75
1737719.36,31.66,2.81,260974.94,4.76
1737719.36,31.66,2.81,260974.94,4.76
1737503.86,31.66,2.81,260911.43,4.75
1737286.82,31.67,2.81,260906.14,4.76
1737071.33,31.67,2.81,260898.77,4.76
1736854.28,31.67,2.81,260837.33,4.76
1736638.79,31.67,2.81,260773.82,4.76
1736421.75,31.67,2.81,260768.52,4.76
1736123.62,31.67,2.81,260738.56,4.76
1735908.12,31.68,2.81,260743.81,4.76
1735879.04,31.68,2.82,260831.19,4.76
1735663.55,31.68,2.82,260768.13,4.76
1735446.51,31.68,2.82,260762.39,4.76
1735231.01,31.69,2.82,260698.88,4.76
1734923.07,31.69,2.82,260882.13,4.76
1734706.03,31.69,2.82,260876.84,4.77
1734490.54,31.69,2.82,260813.78,4.77
1734128.6,31.69,2.81,260462.1,4.76
1734099.52,31.69,2.82,260617.8,4.76
1733884.02,31.69,2.82,260554.74,4.76
1733884.02,31.69,2.82,260554.74,4.76
1734045.06,31.7,2.82,260918.76,4.77
1733829.57,31.7,2.82,260924.02,4.77
1733612.52,31.7,2.82,260849.95,4.77
1733397.03,31.7,2.82,260786.44,4.77
1733179.99,31.7,2.82,260781.15,4.77
1733152.46,31.71,2.83,260877.28,4.77
1732935.41,31.71,2.83,260873.79,4.77
1733044.52,31.72,2.83,260812.13,4.77
1733044.52,31.72,2.83,260812.13,4.77
1732827.48,31.72,2.83,261118.21,4.78
1732799.95,31.72,2.84,261214.34,4.78
1732946.62,31.73,2.84,261289.4,4.78
1733144.54,31.74,2.85,261716.49,4.79
1733117.01,31.74,2.85,261812.62,4.79
1732899.97,31.74,2.85,261809.13,4.8
1732684.48,31.74,2.85,261745.84,4.8
1732655.4,31.75,2.85,261923.78,4.8
1732627.87,31.75,2.86,262019.91,4.8
1732329.74,31.75,2.86,262128.65,4.8
1732033.94,31.75,2.86,262067.89,4.8
1731757.2,31.75,2.86,263719.98,4.83
1732096.54,31.76,2.86,262575.3,4.81
1733113.87,31.78,2.89,264347.38,4.85
1736140.72,31.83,2.94,268751.49,4.93
1736140.72,31.83,2.94,268800.39,4.93
1736111.64,31.84,2.94,268958.35,4.93
1735896.15,31.84,2.94,268895.06,4.93
1735679.11,31.84,2.94,268889.55,4.93
1735401.12,31.84,2.95,268891.88,4.93
1735619.89,31.85,2.95,268880.55,4.93
1735247.95,31.85,2.95,268867.03,4.93
1735031.68,31.85,2.95,268946.47,4.94
1734816.19,31.85,2.95,268858.82,4.94
1734787.11,31.85,2.95,269096.38,4.94
1734571.62,31.85,2.95,269033.32,4.94
1734354.57,31.86,2.95,269027.58,4.94
1734139.08,31.86,2.95,268964.51,4.94
1734110.0,31.86,2.96,269142.23,4.95
1734272.58,31.87,2.96,269080.9,4.94
1734243.5,31.87,2.96,269626.41,4.96
1734028.01,31.88,2.96,269562.97,4.96
1733998.93,31.88,2.97,269741.29,4.96
1733998.93,31.88,2.97,269706.61,4.96
1733998.93,31.88,2.97,269706.61,4.96
1733783.44,31.88,2.97,269711.87,4.96
1733566.39,31.88,2.97,269637.81,4.96
1733538.86,31.89,2.97,269733.94,4.96
1733509.78,31.89,2.97,269891.89,4.97
1733482.25,31.9,2.98,269988.02,4.97
1733453.17,31.9,2.98,270145.98,4.97
1733562.28,31.91,2.99,270141.95,4.97
1733345.24,31.91,2.99,270390.4,4.98
1733347.56,31.91,2.99,270433.28,4.98
1733132.07,31.91,2.99,270425.91,4.98
1733239.63,31.92,2.99,270677.8,4.98
1733464.22,31.92,3.0,270617.15,4.98
1733156.28,31.92,3.0,270596.01,4.98
1732888.11,31.92,3.0,270593.59,4.98
1732671.07,31.93,3.0,271016.64,4.99
1732455.57,31.93,3.0,271009.27,4.99
1732455.57,31.93,3.0,270987.89,4.99
1730100.5,31.93,3.0,270937.35,5.0
1729883.46,31.93,3.01,270875.91,5.0
1729585.33,31.93,3.01,270850.26,5.0
1729215.24,31.93,3.0,270489.06,4.99
1728920.64,31.93,3.0,270205.83,4.99
1728626.04,31.92,2.99,269922.61,4.98
1728598.51,31.93,3.0,270018.73,4.99
1728381.47,31.93,3.0,270015.25,4.99
1728165.97,31.93,3.0,269951.98,4.99
1728165.97,31.93,3.0,269951.98,4.99
1727842.41,31.93,3.0,269933.68,4.99
1727813.33,31.93,3.0,270111.6,4.99
1727515.2,31.94,3.0,270147.99,4.99
1727515.2,31.94,3.0,270147.99,4.99
1727487.67,31.94,3.0,270244.11,5.0
1727458.59,31.94,3.01,270402.07,5.0
1727243.1,31.95,3.01,270339.01,5.0
1727026.05,31.95,3.01,270333.27,5.0
1726810.56,31.95,3.01,270270.2,5.0
1726512.43,31.95,3.01,270246.2,5.0
1726295.39,31.95,3.01,270240.46,5.0
1726444.39,31.96,3.02,270221.58,5.0
1726228.89,31.96,3.02,270158.08,5.0
1725929.99,31.96,3.02,270425.85,5.01
1725712.95,31.96,3.02,270420.55,5.01
1725742.09,31.97,3.02,270452.6,5.01
1725442.41,31.97,3.02,270897.76,5.02
1725226.92,31.97,3.02,270834.46,5.02
1725009.88,31.97,3.02,270828.95,5.02
1724802.34,31.97,3.02,270524.55,5.01
1724911.45,31.97,3.03,270520.52,5.01
1724694.41,31.98,3.03,270768.97,5.02
1724478.92,31.98,3.03,270705.45,5.02
1724261.87,31.98,3.03,270700.16,5.02
1724046.38,31.98,3.03,270705.42,5.02
1724017.3,31.99,3.03,270792.8,5.02
1723801.81,31.99,3.03,270729.29,5.02
1724359.46,32.0,3.04,271778.59,5.04
1724142.41,32.0,3.04,271773.3,5.04
1723757.61,32.0,3.04,271496.35,5.04
1723730.08,32.0,3.04,271592.48,5.04
1723730.08,32.0,3.04,271592.48,5.04
1723730.34,32.0,3.04,271592.87,5.04
1723730.34,32.0,3.04,271592.87,5.04
1723513.3,32.0,3.04,271589.38,5.04
1723815.76,32.01,3.05,271576.7,5.04
1723600.26,32.01,3.05,271569.34,5.04
1726145.51,32.06,3.1,276932.29,5.14
1726116.43,32.06,3.1,277032.3,5.15
1726116.43,32.06,3.1,277032.3,5.15
1725900.93,32.07,3.1,276968.86,5.15
1725683.89,32.07,3.1,276963.49,5.15
1725395.81,32.06,3.1,276683.73,5.14
1725180.32,32.07,3.1,276676.36,5.14
1724963.27,32.07,3.1,276614.92,5.14
1724747.78,32.07,3.1,276551.41,5.14
1724530.74,32.07,3.1,276546.11,5.14
1724503.21,32.08,3.1,276642.24,5.15
1724474.13,32.08,3.11,276800.2,5.15
1724308.04,32.08,3.1,276821.71,5.15
1723983.7,32.08,3.1,276803.17,5.15
1723660.14,32.08,3.1,276791.32,5.15
1723335.03,32.08,3.11,277218.67,5.16
1723119.53,32.08,3.11,277155.16,5.16
1722902.49,32.08,3.11,277149.86,5.16
1721906.36,32.07,3.09,276152.6,5.14
1721690.87,32.07,3.09,276089.16,5.14
1721852.94,32.08,3.1,276800.33,5.16
1721635.9,32.08,3.1,276794.97,5.16
1721420.4,32.08,3.1,276731.67,5.16
1721420.4,32.08,3.1,276756.8,5.16
1721203.36,32.08,3.1,276751.29,5.16
1720987.87,32.08,3.1,276688.22,5.16
1720555.33,32.09,3.1,276619.42,5.16
1720406.29,32.09,3.1,276481.6,5.16
1720406.29,32.09,3.1,276454.77,5.16
1720098.34,32.09,3.1,276432.37,5.16
1719881.3,32.09,3.1,276426.63,5.16
1719613.13,32.09,3.1,276427.07,5.16
1719472.98,32.09,3.1,276322.98,5.16
1719472.98,32.09,3.1,276320.04,5.16
1719257.49,32.09,3.1,276312.68,5.16
1719040.44,32.09,3.1,276251.24,5.16
1719012.91,32.1,3.11,276347.36,5.16
1718795.87,32.1,3.11,276343.88,5.16
1718932.73,32.1,3.11,276395.95,5.16
1718778.98,32.1,3.11,276353.84,5.16
1718751.45,32.11,3.11,276449.96,5.16
1718456.85,32.1,3.11,276166.74,5.16
1718427.77,32.11,3.11,276324.69,5.16
1718142.52,32.1,3.11,276004.58,5.16
1718367.11,32.11,3.11,275943.93,5.16
1718150.07,32.11,3.12,276366.98,5.17
1717934.58,32.11,3.12,276372.24,5.17
1718042.14,32.12,3.12,276611.4,5.17
1717826.64,32.12,3.12,276604.03,5.17
1717609.6,32.12,3.12,276542.59,5.17
1717394.1,32.13,3.12,276535.23,5.17
1717177.06,32.13,3.12,276473.79,5.17
1716961.57,32.13,3.12,276479.05,5.17
1716744.52,32.13,3.12,276404.98,5.17
1716716.99,32.14,3.13,276501.11,5.18
1716687.91,32.14,3.13,276659.07,5.18
1716472.42,32.14,3.13,276596.0,5.18
1716255.38,32.14,3.13,276590.26,5.18
1716039.88,32.15,3.13,276582.89,5.18
1715822.84,32.15,3.13,276521.46,5.18
1715607.35,32.15,3.13,276458.39,5.18
1715390.3,32.15,3.13,276452.65,5.18
1715362.77,32.16,3.14,276548.78,5.18
1715145.73,32.16,3.14,276545.29,5.19
1714930.24,32.16,3.14,276481.85,5.19
1714713.19,32.16,3.14,276476.48,5.19
1714685.66,32.17,3.14,276572.61,5.19
1714468.62,32.17,3.14,276569.12,5.19
1714253.13,32.17,3.14,276574.38,5.19
1714414.16,32.18,3.15,276869.36,5.2
1714198.67,32.18,3.15,276805.85,5.2
1713981.62,32.18,3.15,276800.55,5.2
1713688.02,32.18,3.15,276803.7,5.2
1713691.89,32.18,3.15,276985.67,5.2
1713926.91,32.19,3.16,279138.77,5.24
1713928.49,32.19,3.16,279144.89,5.24
1715425.62,32.22,3.18,279660.31,5.25
1715210.12,32.22,3.18,279665.56,5.25
1715210.12,32.22,3.18,279665.56,5.25
1715181.04,32.22,3.19,279752.94,5.26
1714965.55,32.23,3.19,279689.43,5.26
1715568.34,32.24,3.2,281443.46,5.29
1715539.26,32.24,3.2,281621.62,5.29
1715539.26,32.24,3.2,281621.62,5.29
1715539.26,32.24,3.2,281621.62,5.29
1715374.45,32.24,3.21,281001.79,5.28
1715036.37,32.24,3.2,280670.88,5.28
1715145.48,32.25,3.21,280666.86,5.28
1714928.44,32.25,3.21,280915.3,5.28
1714650.45,32.25,3.21,280914.05,5.28
1714355.85,32.24,3.2,280630.72,5.28
1714355.85,32.24,3.2,280630.72,5.28
1714150.98,32.24,3.2,280420.48,5.27
1714150.98,32.24,3.2,280420.48,5.27
1714123.45,32.25,3.2,280516.6,5.28
1713906.41,32.25,3.2,280535.13,5.28
1713878.88,32.25,3.21,280631.26,5.28
1713661.83,32.26,3.21,280627.77,5.28
1713446.34,32.26,3.21,280564.26,5.28
1713229.3,32.26,3.21,280558.96,5.28
1713013.8,32.26,3.21,280495.52,5.28
1712984.72,32.27,3.21,280673.84,5.29
1712769.23,32.27,3.21,280610.78,5.29
1712740.15,32.27,3.22,280766.48,5.29
1712524.66,32.27,3.22,280771.74,5.29
1712154.57,32.27,3.21,280410.54,5.29
1712369.46,32.28,3.22,280688.89,5.29
1712153.97,32.28,3.22,280625.46,5.29
1711859.37,32.28,3.22,280342.24,5.29
1711487.43,32.27,3.21,280049.82,5.28
1711270.38,32.27,3.21,280044.44,5.28
1711054.89,32.28,3.21,280049.7,5.28
1710837.85,32.28,3.21,279975.63,5.28
1710543.24,32.27,3.21,279692.41,5.28
1710922.11,32.28,3.22,279680.32,5.28
1710706.62,32.28,3.22,279617.26,5.28
1710489.58,32.29,3.22,279611.51,5.28
1710274.08,32.29,3.22,279548.22,5.28
1710274.08,32.29,3.22,279548.22,5.28
1710245.0,32.29,3.22,279726.28,5.28
1710029.51,32.29,3.22,279731.54,5.28
1710244.41,32.3,3.23,280009.9,5.29
1710028.91,32.3,3.23,280002.53,5.29
1709656.97,32.3,3.22,279710.11,5.28
1709439.93,32.3,3.22,279648.67,5.28
1709224.44,32.3,3.22,279585.41,5.28
1709007.39,32.31,3.22,279579.87,5.28
1708791.9,32.31,3.23,279516.36,5.28
1708952.93,32.31,3.23,279880.38,5.29
1708650.86,32.31,3.23,279868.71,5.29
1708650.86,32.31,3.23,279868.71,5.29
1708622.56,32.32,3.23,280081.61,5.3
1708622.56,32.32,3.23,280081.61,5.3
1708622.56,32.32,3.23,280081.61,5.3
1707760.58,32.32,3.23,280042.93,5.3
1707545.09,32.33,3.23,279823.43,5.3
1706929.21,32.33,3.23,279861.19,5.3
1706900.13,32.33,3.24,280508.89,5.31
1706872.6,32.34,3.24,280605.02,5.32
1706655.55,32.34,3.24,280623.54,5.32
1706766.53,32.34,3.25,280568.7,5.32
1706442.97,32.34,3.25,280540.19,5.32
1706137.35,32.34,3.25,280677.86,5.32
1705828.63,32.34,3.25,280624.62,5.32
1705505.07,32.34,3.25,280650.22,5.32
1705197.13,32.34,3.25,280595.57,5.32
1704981.64,32.35,3.25,280600.83,5.32
1705204.68,32.35,3.26,280957.98,5.33
1704895.19,32.35,3.26,281316.44,5.34
1704525.1,32.35,3.25,280955.23,5.33
1704743.87,32.36,3.26,280943.9,5.33
1704527.6,32.36,3.26,280928.13,5.33
1704527.6,32.36,3.26,280928.13,5.33
1704312.11,32.36,3.26,281233.95,5.34
1704283.03,32.36,3.26,281485.52,5.35
1703944.11,32.36,3.26,281145.09,5.34
1703728.62,32.36,3.26,281081.58,5.34
1703728.62,32.36,3.26,281081.58,5.34
1703511.58,32.36,3.26,281076.28,5.34
1703139.64,32.36,3.26,280749.06,5.33
1702924.14,32.36,3.26,280686.0,5.33
1702714.18,32.36,3.25,280420.85,5.33
1702497.13,32.36,3.25,280415.11,5.33
1702281.64,32.36,3.25,280351.67,5.33
1702281.64,32.36,3.25,280351.67,5.33
1702064.6,32.37,3.25,280346.3,5.33
1701849.1,32.37,3.25,280283.24,5.33
1701632.06,32.37,3.26,280277.5,5.33
1701333.93,32.37,3.26,280253.69,5.33
1701306.4,32.37,3.26,280349.82,5.33
1701089.36,32.38,3.26,280368.57,5.34
1700873.86,32.38,3.26,280373.83,5.34
1700656.82,32.38,3.26,280299.77,5.34
1700441.33,32.38,3.26,280236.25,5.34
1700224.28,32.38,3.26,280230.96,5.34
1700008.79,32.39,3.26,280167.45,5.34
1700223.68,32.39,3.27,280583.53,5.35
1700057.71,32.4,3.27,279948.59,5.33
1699685.78,32.39,3.27,279587.21,5.33
1699904.54,32.4,3.27,279575.88,5.33
1699688.28,32.4,3.27,279559.97,5.33
1699688.28,32.4,3.27,279559.97,5.33
1699316.34,32.4,3.27,279643.87,5.33
1698978.26,32.39,3.26,279314.82,5.33
1698762.76,32.39,3.26,279228.72,5.32
1698977.66,32.4,3.27,279706.87,5.33
1698762.17,32.4,3.27,279643.81,5.33
1698545.12,32.41,3.27,279638.07,5.34
1698403.15,32.4,3.27,279495.7,5.33
1698512.26,32.41,3.27,279491.67,5.33
1698174.18,32.41,3.27,279162.35,5.33
1698145.1,32.41,3.27,279520.65,5.33
1697929.61,32.41,3.27,279457.58,5.33
1697712.57,32.41,3.27,279451.84,5.34
1697929.01,32.42,3.28,279522.8,5.34
1697711.97,32.42,3.28,279735.46,5.34
1697711.97,32.42,3.28,279735.46,5.34
1697496.47,32.43,3.28,279740.71,5.34
1697279.43,32.43,3.28,279666.65,5.34
1697279.43,32.43,3.28,279643.06,5.34
1697279.43,32.43,3.28,279705.03,5.34
1696907.49,32.42,3.28,279412.61,5.34
1696692.0,32.43,3.28,279405.24,5.34
1697217.11,32.44,3.29,281175.1,5.37
1696997.14,32.44,3.29,280983.68,5.37
1696838.52,32.43,3.28,280825.06,5.37
1696560.54,32.43,3.29,280829.58,5.37
1695569.09,32.42,3.27,279831.96,5.35
1695352.05,32.42,3.27,279770.52,5.35
1695352.05,32.42,3.27,279750.57,5.35
1695570.82,32.43,3.28,279739.25,5.35
1695543.29,32.43,3.28,279835.37,5.35
1695704.33,32.44,3.29,280223.43,5.36
1695488.06,32.44,3.29,280207.84,5.36
1695597.17,32.45,3.29,280731.92,5.37
1695164.63,32.45,3.3,280663.11,5.37
1694947.59,32.46,3.3,280712.43,5.38
1694732.09,32.46,3.3,280649.16,5.38
1694515.05,32.46,3.3,280643.62,5.38
1694216.92,32.46,3.3,280695.65,5.38
1693918.79,32.46,3.3,280784.29,5.38
1693703.3,32.46,3.3,280789.55,5.38
1693486.26,32.47,3.3,280715.49,5.38
1693174.0,32.46,3.3,280403.23,5.38
1691981.49,32.46,3.3,280235.39,5.38
1691766.0,32.47,3.3,280171.88,5.38
1691548.95,32.47,3.3,280166.59,5.38
1691658.06,32.47,3.3,280162.56,5.38
1691658.06,32.47,3.3,280153.15,5.38
1691441.02,32.48,3.3,280401.7,5.38
1691225.53,32.48,3.31,280394.34,5.38
1691196.45,32.48,3.31,280494.34,5.39
1691168.92,32.49,3.31,280590.47,5.39
1690951.87,32.49,3.31,280586.98,5.39
1690955.95,32.49,3.31,280603.55,5.39
1690584.01,32.48,3.31,280393.81,5.39
1690368.51,32.49,3.31,280330.3,5.39
1690163.65,32.48,3.3,280132.43,5.38
1689814.09,32.48,3.3,279307.49,5.37
1689597.04,32.49,3.31,279302.2,5.37
1689381.55,32.49,3.31,279238.68,5.37
1689113.38,32.49,3.31,279243.2,5.37
1688789.81,32.49,3.31,279224.34,5.37
1688572.77,32.49,3.31,279219.05,5.37
1688357.27,32.49,3.31,279224.31,5.37
1688140.23,32.5,3.31,279150.25,5.37
1688140.23,32.5,3.31,279150.25,5.37
1688140.62,32.5,3.31,279176.29,5.37
1688113.09,32.5,3.31,279272.42,5.38
1688113.09,32.5,3.31,279261.43,5.38
1688084.01,32.5,3.32,279419.38,5.38
1687868.52,32.51,3.32,279424.64,5.38
1687651.48,32.51,3.32,279350.58,5.38
1687651.48,32.51,3.32,279350.58,5.38
1687492.85,32.51,3.31,279192.22,5.38
1687198.25,32.5,3.31,278981.57,5.37
1686982.75,32.51,3.31,278918.51,5.37
1686982.75,32.51,3.31,278918.51,5.37
1686765.71,32.51,3.31,278912.76,5.38
1686550.22,32.51,3.31,278849.25,5.38
1686252.09,32.51,3.31,278821.37,5.38
1685964.01,32.51,3.31,278506.3,5.37
1685936.46,32.51,3.31,277681.39,5.35
1685719.42,32.51,3.32,277676.09,5.36
1685691.89,32.52,3.32,277772.22,5.36
1685474.85,32.52,3.32,277790.84,5.36
1685447.32,32.53,3.32,277886.97,5.36
1685230.27,32.53,3.32,277905.49,5.36
1685014.78,32.53,3.32,277898.13,5.36
1684797.74,32.53,3.32,277836.69,5.36
1684906.84,32.54,3.33,277832.66,5.37
1684689.8,32.54,3.33,278081.21,5.37
1684662.27,32.54,3.33,278177.34,5.37
1684662.66,32.54,3.33,278178.26,5.37
1684770.22,32.55,3.34,278436.4,5.38
1684554.73,32.55,3.34,278429.04,5.38
1684337.69,32.55,3.34,278367.6,5.38
1684122.19,32.56,3.34,278360.23,5.38
1683905.15,32.56,3.34,278298.79,5.38
1683877.62,32.56,3.34,278394.92,5.38
1684092.51,32.57,3.35,278708.75,5.39
1683877.02,32.57,3.35,278645.24,5.39
1683659.98,32.58,3.35,278639.94,5.39
1683632.45,32.58,3.35,278736.07,5.39
1683632.45,32.58,3.35,278736.07,5.39
1683415.4,32.58,3.36,278754.59,5.4
1683387.87,32.59,3.36,278850.72,5.4
1683585.79,32.59,3.36,279277.81,5.41
1683291.19,32.59,3.36,278994.48,5.4
1683075.7,32.59,3.36,278931.19,5.4
1683075.7,32.59,3.36,278912.65,5.4
1682858.65,32.59,3.36,278907.14,5.4
1681866.4,32.58,3.35,277914.88,5.38
1681650.91,32.58,3.35,277851.37,5.38
1681329.67,32.58,3.35,277835.72,5.38
1680957.73,32.58,3.35,277598.65,5.38
1680649.79,32.58,3.35,277566.06,5.38
1680432.75,32.58,3.35,277560.77,5.38
1680296.64,32.58,3.35,277668.57,5.38
1679973.08,32.58,3.35,277659.79,5.39
1679647.97,32.58,3.35,277730.93,5.39
1679620.44,32.59,3.35,277827.06,5.39
1679403.39,32.59,3.35,277823.57,5.39
1679403.39,32.59,3.35,277823.57,5.39
1679187.9,32.59,3.36,277760.28,5.39
1678970.85,32.6,3.36,277754.77,5.39
1678755.36,32.6,3.36,277760.02,5.39
1678538.32,32.6,3.36,277685.96,5.39
1678675.18,32.61,3.36,277763.21,5.4
1678459.69,32.61,3.36,277768.46,5.4
1678567.25,32.61,3.37,278007.63,5.4
1678351.75,32.62,3.37,277944.11,5.4
1678134.71,32.62,3.37,277938.82,5.4
1677840.11,32.61,3.37,277655.49,5.4
1677812.58,32.62,3.37,277751.62,5.4
1677595.53,32.62,3.37,277770.51,5.4
1677599.41,32.62,3.37,278342.4,5.41
1677426.0,32.62,3.37,278049.22,5.41
1679139.8,32.66,3.41,281974.57,5.48
1678861.81,32.66,3.41,281956.55,5.48
1679040.26,32.67,3.42,281358.37,5.47
1678824.76,32.67,3.42,281294.86,5.47
1678824.76,32.67,3.42,281294.86,5.47
1678607.72,32.67,3.42,281289.57,5.47
1678826.49,32.68,3.42,281278.24,5.48
1678826.49,32.68,3.42,281278.24,5.48
1678826.75,32.68,3.42,281291.69,5.48
1678518.81,32.68,3.42,281281.64,5.48
1678302.54,32.68,3.42,281265.89,5.48
1678275.01,32.69,3.43,281679.14,5.49
1678245.93,32.69,3.43,281994.06,5.49
1678355.04,32.7,3.44,281990.03,5.49
1678325.96,32.7,3.44,282348.33,5.5
1678298.43,32.71,3.44,282444.46,5.5
1678298.43,32.71,3.44,282463.22,5.5
1678298.43,32.71,3.44,282463.22,5.5
1678081.39,32.71,3.44,282459.73,5.51
1678081.39,32.71,3.44,282446.96,5.51
1677857.2,32.71,3.44,282285.05,5.5
1677641.71,32.71,3.44,282336.81,5.5
1677424.66,32.71,3.44,282216.25,5.5
1677209.17,32.71,3.44,282152.75,5.5
1677180.09,32.72,3.45,282330.94,5.51
1676964.6,32.72,3.45,282336.2,5.51
1677125.63,32.73,3.45,282631.17,5.51
1677125.63,32.73,3.45,282647.25,5.52
1677125.63,32.73,3.45,282570.73,5.51
1676910.14,32.73,3.45,282507.43,5.51
1676693.09,32.73,3.45,282501.92,5.51
1676693.09,32.73,3.45,282583.63,5.52
1676477.6,32.73,3.45,282520.12,5.52
1676260.56,32.73,3.45,282514.83,5.52
1675925.59,32.73,3.45,282152.22,5.51
1676233.35,32.74,3.46,282215.87,5.51
1676017.86,32.74,3.46,282221.13,5.51
1675800.82,32.74,3.46,282147.07,5.51
1675800.82,32.74,3.46,282147.07,5.51
1675909.93,32.75,3.46,282143.04,5.51
1675910.26,32.75,3.46,282143.63,5.51
1675881.18,32.75,3.47,282501.93,5.52
1675853.65,32.76,3.47,282598.06,5.52
1675636.6,32.76,3.47,282594.57,5.52
1675298.53,32.76,3.47,282265.53,5.52
1675298.53,32.76,3.47,282205.91,5.52
1675000.4,32.76,3.47,282249.49,5.52
1675147.07,32.76,3.47,282220.93,5.52
1674931.58,32.76,3.47,282157.67,5.52
1674937.9,32.76,3.47,282224.25,5.52
1674720.86,32.77,3.47,282218.71,5.52
1674505.36,32.77,3.47,282155.2,5.52
1674288.32,32.77,3.48,282149.9,5.52
1674051.57,32.77,3.47,282123.47,5.52
1673836.07,32.77,3.47,282060.03,5.52
1672844.98,32.76,3.46,281069.83,5.5
1672627.94,32.76,3.46,281064.46,5.5
1672600.41,32.76,3.46,281160.59,5.51
1672928.3,32.77,3.47,281457.65,5.51
1672726.89,32.77,3.47,281300.68,5.51
1672697.81,32.77,3.47,281458.64,5.51
1672843.71,32.78,3.48,281317.25,5.51
1672617.5,32.78,3.48,282761.42,5.54
1672266.85,32.78,3.48,282327.8,5.53
1671942.2,32.78,3.48,282289.86,5.53
1671634.26,32.78,3.48,282257.78,5.53
1671634.26,32.78,3.48,282257.78,5.53
1671328.64,32.78,3.48,283466.66,5.56
1671113.15,32.78,3.48,283471.92,5.56
1671084.07,32.79,3.48,283559.3,5.56
1670716.98,32.78,3.48,283262.69,5.56
1670716.98,32.78,3.48,283262.69,5.56
1670967.75,32.79,3.49,282824.71,5.55
1670866.12,32.79,3.49,282220.67,5.54
1670600.55,32.79,3.49,283169.87,5.56
1670600.55,32.79,3.49,283169.87,5.56
1670385.05,32.8,3.49,283175.13,5.56
1670168.01,32.8,3.49,283101.07,5.56
1670168.01,32.8,3.49,283101.07,5.56
1669952.52,32.8,3.49,283037.63,5.56
1669923.44,32.8,3.5,283215.95,5.56
1669622.67,32.8,3.49,282883.78,5.56
1669514.44,32.8,3.49,282775.82,5.56
1669514.44,32.8,3.49,282775.82,5.56
1669298.95,32.8,3.49,282712.76,5.56
1669081.9,32.8,3.49,282707.01,5.56
1668866.41,32.81,3.49,282643.75,5.56
1668649.36,32.81,3.49,282638.21,5.56
1668433.87,32.81,3.49,282575.14,5.56
1668216.83,32.81,3.5,282569.4,5.56
1668001.33,32.82,3.5,282506.34,5.56
1667784.29,32.82,3.5,282500.6,5.56
1667568.8,32.82,3.5,282437.08,5.56
1667351.75,32.82,3.5,282431.79,5.56
1667136.26,32.82,3.5,282437.05,5.56
1667351.15,32.83,3.5,282715.41,5.57
1667056.55,32.83,3.5,282504.76,5.56
1667029.02,32.83,3.5,282600.88,5.57
1667029.02,32.83,3.5,282578.6,5.57
1667136.58,32.84,3.51,282836.75,5.57
1667136.58,32.84,3.51,282861.77,5.57
1666921.09,32.84,3.51,282798.25,5.57
1666921.09,32.84,3.51,282798.25,5.57
1666704.04,32.84,3.51,282792.96,5.57
1666426.06,32.84,3.51,282797.48,5.57
1666131.46,32.84,3.51,282514.25,5.57
1666131.46,32.84,3.51,282514.25,5.57
1666131.46,32.84,3.51,282514.25,5.57
1666103.93,32.84,3.51,282610.38,5.57
1665731.99,32.84,3.51,282317.96,5.57
1665702.91,32.85,3.51,282475.92,5.57
1665408.3,32.84,3.5,282265.53,5.57
1665192.81,32.84,3.51,282258.16,5.57
1664975.77,32.85,3.51,282196.73,5.57
1665262.65,32.85,3.51,282136.55,5.57
1665481.42,32.86,3.52,282125.23,5.57
1665452.34,32.87,3.52,282797.44,5.58
1665452.34,32.87,3.52,282797.44,5.58
1665236.84,32.87,3.52,282734.38,5.58
1664943.23,32.87,3.53,282735.83,5.58
1664726.19,32.87,3.53,282730.09,5.58
1664509.92,32.87,3.53,282714.17,5.58
1664509.92,32.87,3.53,282698.94,5.58
1664294.43,32.88,3.53,282998.34,5.59
1664265.35,32.88,3.53,283249.82,5.6
1664049.85,32.88,3.53,283186.76,5.6
1663825.67,32.88,3.53,283012.54,5.59
1663481.58,32.88,3.52,282630.14,5.59
1663264.53,32.88,3.52,282624.4,5.59
1663049.04,32.88,3.52,282617.03,5.59
1663049.04,32.88,3.52,282617.03,5.59
1663049.04,32.88,3.52,282583.79,5.59
1663156.6,32.89,3.53,282835.68,5.59
1662888.43,32.89,3.53,282828.33,5.59
1663826.71,32.91,3.55,282485.43,5.59
1663799.18,32.92,3.56,282581.56,5.59
1663582.14,32.92,3.56,282578.07,5.59
1663366.64,32.92,3.56,282514.56,5.59
1663366.64,32.92,3.56,282514.56,5.59
1663474.2,32.93,3.56,282822.49,5.6
1663176.07,32.93,3.56,282801.77,5.6
1662960.58,32.93,3.56,282738.71,5.6
1662743.54,32.93,3.57,282732.96,5.6
1662448.93,32.93,3.56,282522.31,5.6
1662667.7,32.94,3.57,282510.98,5.6
1662452.21,32.94,3.57,282447.69,5.6
1662235.16,32.94,3.57,282442.18,5.6
1662018.9,32.94,3.57,282426.41,5.6
1661803.4,32.94,3.57,282714.83,5.6
1661805.17,32.94,3.57,282733.59,5.6
1661805.17,32.94,3.57,282733.59,5.6
1661507.04,32.94,3.57,282801.98,5.61
1661477.96,32.95,3.57,282992.72,5.61
1661450.43,32.95,3.58,283088.85,5.61
1661233.39,32.96,3.58,283107.37,5.62
1661233.39,32.96,3.58,283149.07,5.62
1661237.67,32.96,3.58,283152.51,5.62
1661022.18,32.96,3.58,283089.45,5.62
1660797.99,32.96,3.58,282938.59,5.61
1661043.6,32.96,3.58,282888.66,5.61
1660826.56,32.97,3.58,282882.92,5.61
1660799.03,32.97,3.59,282979.04,5.62
1660581.98,32.97,3.59,282997.57,5.62
1660286.18,32.97,3.59,283776.83,5.64
1659977.22,32.97,3.59,284070.76,5.64
1659911.87,32.97,3.59,283157.15,5.62
1660496.99,32.99,3.6,284665.21,5.66
1660281.5,32.99,3.6,284601.95,5.66
1660122.88,32.99,3.6,284443.33,5.65
1660122.88,32.99,3.6,284443.33,5.65
1660283.91,33.0,3.61,284807.11,5.66
1660068.42,33.0,3.61,284744.05,5.66
1660283.32,33.01,3.62,285160.4,5.67
1659988.71,33.0,3.61,284949.75,5.67
1659773.22,33.0,3.61,284886.49,5.66
1659051.97,33.0,3.6,284107.93,5.65
1658834.92,33.0,3.6,284102.39,5.65
1658619.43,33.0,3.61,284107.65,5.65
1658590.35,33.01,3.61,284195.03,5.66
1658374.86,33.01,3.61,284187.66,5.66
1658002.92,33.0,3.6,283825.57,5.65
1658200.84,33.01,3.61,284170.65,5.66
1657985.35,33.01,3.61,284107.39,5.66
1657985.35,33.01,3.61,284107.39,5.66
1657768.3,33.02,3.61,284101.85,5.66
1657768.3,33.02,3.61,284101.85,5.66
1657552.81,33.02,3.61,284038.33,5.66
1657335.77,33.02,3.61,284033.04,5.66
1657120.27,33.02,3.61,283969.98,5.66
1657335.17,33.03,3.62,284385.78,5.67
1657335.17,33.03,3.62,284385.78,5.67
1657140.28,33.03,3.62,284199.23,5.66
1657249.39,33.03,3.62,284195.21,5.66
1657249.39,33.03,3.62,284245.72,5.67
1657220.31,33.04,3.63,284604.02,5.67
1657004.81,33.04,3.63,284540.51,5.67
1656975.73,33.05,3.63,284719.03,5.68
1656760.24,33.05,3.63,284724.29,5.68
1656760.24,33.05,3.63,284724.29,5.68
1656452.3,33.05,3.63,284732.3,5.68
1656650.22,33.06,3.64,285064.75,5.69
1656288.28,33.05,3.63,284713.2,5.68
1656072.79,33.05,3.63,284718.46,5.68
1655855.75,33.06,3.64,284644.4,5.68
1655855.75,33.06,3.64,284608.86,5.68
1655640.25,33.06,3.64,284545.6,5.68
1655423.21,33.06,3.64,284540.06,5.68
1655207.71,33.06,3.64,284545.31,5.68
1654990.67,33.07,3.64,284471.25,5.68
1654775.18,33.07,3.64,284407.74,5.68
1654746.1,33.07,3.64,284563.89,5.69
1654530.6,33.08,3.64,284556.52,5.69
1652175.54,33.08,3.65,284505.99,5.7
1652390.43,33.09,3.66,284796.97,5.7
1652232.47,33.09,3.65,284645.58,5.7
1652016.97,33.09,3.65,284582.51,5.7
1651799.93,33.09,3.65,284576.77,5.7
1651584.44,33.09,3.65,284513.26,5.7
1651367.39,33.1,3.66,284507.97,5.7
1651151.9,33.1,3.66,284513.23,5.7
1650779.96,33.09,3.65,284220.8,5.7
1650562.92,33.1,3.65,284146.74,5.7
1650347.42,33.1,3.65,284083.68,5.7
1650130.38,33.1,3.65,284077.94,5.7
1649914.89,33.1,3.65,284083.19,5.7
1649620.28,33.1,3.65,283799.97,5.69
1649462.53,33.1,3.65,283647.2,5.69
1649433.46,33.1,3.65,283734.58,5.69
1649217.96,33.1,3.65,283671.52,5.69
1648929.88,33.1,3.65,283392.19,5.69
1648900.8,33.1,3.65,283569.91,5.69
1649119.57,33.11,3.66,283558.58,5.69
1648903.3,33.11,3.66,283542.67,5.69
1648875.77,33.12,3.66,283975.04,5.7
1648658.73,33.12,3.66,284010.0,5.71
1648443.24,33.12,3.66,283946.49,5.71
1648550.8,33.13,3.67,284254.82,5.71
1648335.3,33.13,3.67,284191.55,5.71
1648306.22,33.14,3.67,284369.83,5.72
1648090.73,33.14,3.67,284362.46,5.72
1647822.56,33.14,3.67,284366.98,5.72
1647680.58,33.14,3.67,284356.02,5.72
1647463.54,33.14,3.67,284294.58,5.72
1647031.0,33.15,3.67,284225.77,5.72
1647031.0,33.15,3.67,284225.77,5.72
1646921.29,33.15,3.67,284120.47,5.72
1646705.8,33.15,3.67,284056.96,5.72
1646488.75,33.15,3.67,284051.67,5.72
1646273.26,33.15,3.67,283988.16,5.72
1646053.29,33.15,3.67,283741.29,5.71
1645745.35,33.15,3.67,283696.95,5.71
1645528.31,33.15,3.67,283691.66,5.72
1645220.37,33.15,3.67,283689.85,5.72
1645192.84,33.16,3.68,283785.98,5.72
1644975.79,33.16,3.68,283804.5,5.72
1644670.18,33.16,3.68,284064.5,5.73
1645965.08,33.19,3.7,286273.12,5.77
1645749.58,33.19,3.7,286209.61,5.77
1645532.54,33.19,3.71,286204.31,5.77
1645014.9,33.19,3.7,285242.87,5.75
1644799.41,33.19,3.7,285248.13,5.76
1644582.37,33.19,3.7,285174.07,5.76
1644366.87,33.19,3.7,285110.56,5.76
1644623.46,33.2,3.71,285546.46,5.76
1644838.36,33.21,3.72,285962.18,5.77
1644679.73,33.21,3.71,285803.82,5.77
1644679.73,33.21,3.71,285845.52,5.77
1644401.75,33.21,3.71,285847.85,5.77
1644186.25,33.21,3.72,285784.79,5.77
1643901.0,33.21,3.71,285490.04,5.77
1643683.96,33.21,3.71,285484.29,5.77
1643656.43,33.21,3.72,285580.42,5.77
1643439.39,33.21,3.72,285576.93,5.77
1643006.85,33.22,3.72,285508.13,5.77
1642979.32,33.22,3.72,285604.26,5.78
1642762.28,33.23,3.72,285600.77,5.78
1642762.28,33.23,3.72,285600.77,5.78
1642762.28,33.23,3.72,285633.32,5.78
1642764.31,33.23,3.72,285639.84,5.78
1642548.82,33.23,3.72,285645.1,5.78
1642331.77,33.23,3.72,285571.04,5.78
1642116.28,33.23,3.72,285507.53,5.78
1641899.24,33.24,3.72,285502.23,5.78
1641899.24,33.24,3.72,285502.23,5.78
1641466.7,33.24,3.73,285433.43,5.78
1641251.21,33.24,3.73,285438.68,5.78
1641034.16,33.25,3.73,285364.62,5.78
1640818.67,33.25,3.73,285301.56,5.78
1640601.63,33.25,3.73,285295.82,5.78
1640229.69,33.25,3.72,284934.8,5.78
1640448.46,33.25,3.73,284923.47,5.78
1640420.93,33.26,3.73,285019.6,5.78
1640196.74,33.26,3.73,285006.76,5.78
1640196.74,33.26,3.73,285006.76,5.78
1640196.74,33.26,3.73,285006.76,5.78
1639979.69,33.26,3.73,285025.29,5.78
1639979.69,33.26,3.73,285025.29,5.78
1639764.2,33.26,3.73,284962.23,5.78
1639735.12,33.27,3.74,285139.94,5.78
1639530.25,33.26,3.73,284929.3,5.78
1639501.95,33.27,3.74,285105.61,5.79
1639474.42,33.27,3.74,285336.21,5.79
1636915.87,33.27,3.75,285288.38,5.8
1636915.87,33.27,3.75,285288.38,5.8
1636698.82,33.28,3.75,285368.3,5.8
1636671.29,33.28,3.75,285464.43,5.8
1636454.25,33.28,3.75,285460.94,5.81
1636238.76,33.29,3.75,285466.2,5.81
1636021.71,33.29,3.75,285392.13,5.81
1635816.85,33.29,3.75,285268.38,5.8
1635601.35,33.29,3.75,285261.02,5.81
1635384.31,33.29,3.75,285199.58,5.81
1635168.81,33.29,3.75,285136.32,5.81
1635168.81,33.29,3.75,285136.32,5.81
1635366.74,33.3,3.76,285537.29,5.81
1635366.74,33.3,3.76,285537.29,5.81
1635151.24,33.3,3.76,285529.92,5.82
1635122.16,33.31,3.76,285629.93,5.82
1634906.67,33.31,3.76,285566.42,5.82
1634583.11,33.31,3.76,285542.22,5.82
1634366.06,33.31,3.76,285536.93,5.82
1634370.35,33.31,3.76,285540.37,5.82
1634154.85,33.32,3.76,285533.0,5.82
1634125.78,33.32,3.77,285633.01,5.82
1634255.41,33.33,3.77,285662.25,5.83
1634230.2,33.33,3.78,285649.33,5.83
1634230.2,33.33,3.78,285649.33,5.83
1634338.54,33.34,3.78,285635.05,5.83
1634311.01,33.34,3.79,286231.44,5.84
1634311.01,33.34,3.79,286309.34,5.84
1634093.96,33.35,3.79,286321.86,5.84
1633880.79,33.35,3.79,286305.99,5.84
1633664.52,33.35,3.79,286352.12,5.85
1633231.99,33.36,3.79,286283.19,5.85
1633231.99,33.36,3.79,286283.19,5.85
1632908.42,33.36,3.79,286252.01,5.85
1632908.42,33.36,3.79,286252.01,5.85
1632908.42,33.36,3.79,286220.93,5.85
1632587.18,33.36,3.79,286249.76,5.85
1632587.18,33.36,3.79,286284.7,5.85
1632262.85,33.36,3.79,286256.95,5.85
1632127.52,33.36,3.8,286241.87,5.85
1632127.52,33.36,3.8,286241.87,5.85
1632127.52,33.36,3.8,286241.87,5.85
1631802.4,33.36,3.8,286846.67,5.86
1631504.28,33.36,3.8,286825.16,5.86
1631504.28,33.36,3.8,286749.2,5.86
1631504.28,33.36,3.8,286749.2,5.86
1631504.28,33.36,3.8,286849.58,5.87
1631206.15,33.36,3.8,286834.75,5.87
1630822.95,33.36,3.79,286447.02,5.86
1630524.82,33.36,3.79,286485.58,5.86
1630524.82,33.36,3.79,286485.58,5.86
1630329.94,33.35,3.79,286361.24,5.86
1630329.94,33.35,3.79,286347.74,5.86
1630034.13,33.35,3.79,286319.6,5.86
1630034.13,33.35,3.79,286304.01,5.86
1629735.23,33.36,3.79,286727.2,5.87
1629875.32,33.37,3.8,286966.89,5.87
1629567.38,33.37,3.8,286944.49,5.88
1628829.48,33.36,3.79,286268.05,5.86
1628709.78,33.36,3.8,286257.02,5.86
1626354.71,33.37,3.8,286206.48,5.87
1626046.77,33.37,3.8,286203.74,5.87
1626046.77,33.37,3.8,286203.74,5.87
1625741.15,33.37,3.81,286445.58,5.88
1625885.63,33.37,3.81,286301.47,5.88
1625765.93,33.38,3.82,286197.21,5.88
1625456.44,33.38,3.82,287005.31,5.89
1625073.24,33.37,3.81,286599.57,5.89
1624805.07,33.37,3.81,286604.09,5.89
1624888.62,33.38,3.82,286573.08,5.89
1624888.62,33.38,3.82,286573.08,5.89
1624590.49,33.38,3.82,286604.9,5.89
1624292.36,33.38,3.82,286580.95,5.89
1624441.36,33.39,3.83,286566.84,5.89
1623278.8,33.39,3.83,286535.29,5.89
1623278.8,33.39,3.83,286535.29,5.89
1622979.9,33.39,3.83,287039.53,5.91
1620624.83,33.4,3.84,286988.99,5.91
1620624.83,33.4,3.84,286988.99,5.91
1620326.71,33.4,3.84,287061.58,5.92
1620326.71,33.4,3.84,287061.58,5.92
1620326.71,33.4,3.84,287061.58,5.92
1620215.26,33.4,3.84,287260.65,5.92
1619919.46,33.4,3.84,287772.61,5.93
1619641.47,33.4,3.84,287765.45,5.94
1621744.77,33.45,3.89,290234.5,5.99
1621476.59,33.45,3.89,290233.57,5.99
1621497.53,33.45,3.89,290512.47,5.99
1621387.64,33.45,3.89,290490.92,5.99
1621387.64,33.45,3.89,290490.92,5.99
1621089.51,33.45,3.89,290482.3,5.99
1620979.62,33.46,3.89,290524.2,6.0
1620683.81,33.46,3.9,290490.93,6.0
1620803.83,33.46,3.9,290475.65,6.0
1620803.83,33.46,3.9,290475.65,6.0
1620505.7,33.47,3.9,291212.11,6.01
1620336.57,33.46,3.9,290977.0,6.01
1620036.9,33.46,3.9,290937.87,6.01
1619728.96,33.46,3.9,291097.72,6.01
1619728.96,33.46,3.9,291097.72,6.01
1619728.96,33.46,3.9,291097.72,6.01
1619460.78,33.47,3.9,291102.23,6.02
1619480.11,33.47,3.91,291057.87,6.02
1619480.11,33.47,3.91,291057.87,6.02
1616921.56,33.47,3.92,291010.04,6.02
1616921.56,33.47,3.92,291010.04,6.02
1616921.56,33.47,3.92,291010.04,6.02
1616635.03,33.47,3.91,290752.56,6.02
1616327.09,33.47,3.91,290609.99,6.02
1616041.84,33.47,3.91,290330.25,6.01
1616043.6,33.47,3.91,290339.62,6.01
1616043.6,33.47,3.91,290339.62,6.01
1615737.99,33.47,3.91,291191.4,6.03
1615737.99,33.47,3.91,291286.33,6.03
1615617.5,33.47,3.91,290813.49,6.02
1615770.64,33.48,3.92,290528.38,6.02
1615474.6,33.48,3.92,291439.68,6.04
1615103.8,33.47,3.91,291036.9,6.03
1615103.8,33.47,3.91,291036.9,6.03
1615103.8,33.47,3.91,291036.9,6.03
1615103.8,33.47,3.91,291036.9,6.03
1615103.8,33.47,3.91,291036.9,6.03
1615250.48,33.48,3.92,291011.49,6.03
1614952.35,33.48,3.92,291121.07,6.04
1614654.22,33.48,3.92,291061.37,6.04
1614358.42,33.48,3.92,290998.2,6.04
1614069.22,33.48,3.92,290697.68,6.03
1613770.32,33.48,3.92,291153.95,6.04
1613492.33,33.48,3.92,291156.28,6.04
1613203.11,33.48,3.92,291095.48,6.04
1612895.17,33.48,3.92,291069.78,6.04
1612774.82,33.48,3.93,291163.69,6.05
1612655.11,33.49,3.93,291155.95,6.05
1612280.31,33.48,3.93,290907.44,6.04
1612121.95,33.48,3.92,290749.61,6.04
1611814.01,33.48,3.92,290817.92,6.04
1611508.39,33.48,3.92,290784.75,6.04
1611402.21,33.48,3.92,290680.21,6.04
1611402.21,33.48,3.92,290680.21,6.04
1611402.21,33.48,3.92,290680.21,6.04
1611281.73,33.48,3.93,290637.5,6.04
1610973.79,33.48,3.93,291106.71,6.05
1610973.79,33.48,3.93,291063.11,6.05
1610664.3,33.48,3.93,290919.16,6.05
1610465.53,33.48,3.92,290698.13,6.04
1610385.59,33.49,3.93,290707.08,6.04
1610087.46,33.49,3.93,290685.5,6.05
1610087.46,33.49,3.93,290685.5,6.05
1610087.46,33.49,3.93,290685.5,6.05
1610087.46,33.49,3.93,290685.5,6.05
1609977.57,33.49,3.93,290667.74,6.05
1609679.44,33.49,3.93,290709.4,6.05
1609383.64,33.49,3.93,290681.72,6.05
1609084.73,33.49,3.93,290757.76,6.05
1608974.84,33.5,3.94,291311.11,6.06
1608863.4,33.5,3.94,291382.23,6.07
1608863.4,33.5,3.94,291382.23,6.07
1609040.03,33.51,3.95,291387.08,6.07
1608741.9,33.51,3.95,291356.73,6.07
1608741.9,33.51,3.95,291318.8,6.07
1608443.77,33.51,3.95,291370.79,6.07
1608145.64,33.51,3.95,291325.98,6.07
1608145.64,33.51,3.95,291325.98,6.07
1607849.84,33.51,3.95,291382.42,6.07
1607550.94,33.51,3.95,291390.75,6.07
1607550.94,33.51,3.95,292062.14,6.09
1607449.95,33.51,3.96,291888.12,6.09
1607141.36,33.51,3.96,291820.78,6.09
1607061.43,33.52,3.96,291829.73,6.09
1606783.44,33.52,3.96,291832.06,6.09
1606399.03,33.51,3.96,291552.89,6.08
1606091.09,33.52,3.96,291522.49,6.08
1606091.09,33.52,3.96,291522.49,6.08
1606091.09,33.52,3.96,291522.49,6.08
1605783.15,33.52,3.96,291571.65,6.09
1605475.21,33.52,3.96,291535.69,6.09
1605614.39,33.52,3.97,291515.97,6.09
1605305.68,33.52,3.97,291935.66,6.1
1605005.61,33.52,3.97,291688.78,6.09
1605005.61,33.52,3.97,291688.78,6.09
1604688.25,33.52,3.97,291946.23,6.1
1604688.25,33.52,3.97,291946.23,6.1
1604695.31,33.52,3.97,292009.53,6.1
1604695.31,33.52,3.97,292009.53,6.1
1604695.31,33.52,3.97,292009.53,6.1
1604397.19,33.53,3.97,291975.93,6.1
1604099.06,33.53,3.97,292014.5,6.1
1603800.93,33.53,3.97,291983.52,6.1
1603642.7,33.52,3.97,291857.89,6.1
1603728.57,33.53,3.97,291906.4,6.1
1603429.67,33.53,3.97,291849.08,6.1
1603429.67,33.53,3.97,291849.08,6.1
1603044.87,33.53,3.97,291462.86,6.1
1603044.87,33.53,3.97,291462.86,6.1
1602746.74,33.53,3.97,291446.67,6.1
1602746.74,33.53,3.97,291446.67,6.1
1602746.74,33.53,3.97,291486.88,6.1
1602635.29,33.53,3.97,292222.66,6.11
1602635.29,33.53,3.97,292222.66,6.11
1602635.29,33.53,3.97,292222.66,6.11
1602820.32,33.54,3.98,292223.15,6.11
1602820.32,33.54,3.98,292123.24,6.11
1602522.19,33.54,3.98,292096.71,6.11
1602224.06,33.54,3.98,292134.12,6.12
1602114.17,33.54,3.99,292111.2,6.12
1601730.97,33.54,3.98,292091.91,6.12
1601435.17,33.54,3.98,292229.52,6.12
1601157.18,33.54,3.98,292234.04,6.12
1600858.28,33.54,3.98,292189.4,6.12
1600858.28,33.54,3.98,292307.87,6.12
1600560.15,33.54,3.98,292249.05,6.12
1600260.47,33.54,3.99,292452.0,6.13
1600180.53,33.55,3.99,292460.95,6.13
1599882.41,33.55,3.99,292439.36,6.13
1600003.19,33.55,4.0,292461.5,6.13
1600003.19,33.55,4.0,292461.5,6.13
1600149.87,33.56,4.0,292439.35,6.13
1600154.32,33.56,4.0,292411.56,6.13
1600154.32,33.56,4.0,292411.56,6.13
1600154.71,33.56,4.0,292412.52,6.13
1599846.77,33.56,4.0,292379.93,6.13
1599550.96,33.56,4.0,292361.34,6.13
1599252.06,33.56,4.01,292755.7,6.14
1599252.06,33.56,4.01,292755.7,6.14
1598962.86,33.56,4.0,292371.28,6.14
1599684.12,33.57,4.02,294755.65,6.19
1599390.52,33.57,4.02,294762.87,6.19
1599082.57,33.57,4.02,294812.88,6.19
1598774.63,33.58,4.02,294786.37,6.19
1598774.63,33.58,4.02,294786.37,6.19
1598809.24,33.58,4.02,294965.11,6.19
1599502.46,33.6,4.04,297278.15,6.24
1599561.55,33.6,4.05,297279.5,6.25
1599561.55,33.6,4.05,297279.5,6.25
1599263.43,33.6,4.05,297254.19,6.25
1598728.72,33.6,4.04,296326.81,6.23
1598728.72,33.6,4.04,296326.81,6.23
1598728.72,33.6,4.04,296326.81,6.23
1598430.59,33.6,4.05,296401.35,6.23
1598434.12,33.6,4.05,296404.01,6.23
1598580.8,33.61,4.05,296361.7,6.23
1598613.47,33.62,4.06,295816.2,6.22
1598316.2,33.61,4.06,295774.48,6.22
1597934.49,33.61,4.05,296960.75,6.25
1597743.66,33.61,4.05,297070.35,6.25
1598502.75,33.63,4.07,297192.4,6.25
1598791.13,33.64,4.08,297905.0,6.27
1598791.13,33.64,4.08,297905.0,6.27
1598282.86,33.63,4.08,297456.5,6.26
1598014.69,33.63,4.08,297458.83,6.26
1597736.7,33.64,4.08,297459.27,6.26
1597736.7,33.64,4.08,297459.27,6.26
1597438.57,33.64,4.08,297433.57,6.26
1597140.45,33.64,4.08,297601.92,6.27
1597140.45,33.64,4.08,297601.92,6.27
1597140.45,33.64,4.08,297601.92,6.27
1596842.32,33.64,4.08,297471.41,6.27
1596999.71,33.65,4.09,297867.08,6.28
1597026.44,33.65,4.09,298083.03,6.28
1597026.44,33.65,4.09,298083.03,6.28
1596718.62,33.65,4.09,297538.9,6.27
1597184.75,33.66,4.11,298943.11,6.3
1597104.81,33.67,4.11,298952.06,6.3
1597241.67,33.67,4.12,298925.53,6.3
1596933.73,33.67,4.12,298971.05,6.3
1596933.73,33.67,4.12,298971.05,6.3
1596625.79,33.67,4.12,298943.06,6.31
1596625.79,33.67,4.12,298943.06,6.31
1596625.79,33.67,4.12,298943.06,6.31
1596625.79,33.67,4.12,298943.06,6.31
1596701.85,33.68,4.13,298918.88,6.31
1596393.14,33.68,4.13,299263.43,6.31
1596273.43,33.68,4.13,299440.62,6.32
1596351.54,33.69,4.13,299359.53,6.32
1596079.22,33.69,4.13,300031.08,6.33
1596079.22,33.69,4.13,300031.08,6.33
1595781.1,33.69,4.13,299994.79,6.33
1595578.5,33.69,4.13,299819.77,6.33
1595725.18,33.69,4.14,299869.9,6.33
1595427.05,33.69,4.14,299835.56,6.33
1595190.3,33.69,4.14,299813.05,6.33
1594894.49,33.69,4.14,300433.12,6.35
1594894.49,33.69,4.14,300433.12,6.35
1594613.41,33.69,4.14,300442.18,6.35
1595475.64,33.71,4.16,301422.5,6.37
1595197.66,33.71,4.16,301427.02,6.37
1594889.71,33.71,4.16,301394.43,6.37
1594889.71,33.71,4.16,301394.43,6.37
1594839.71,33.71,4.16,301344.43,6.37
1594531.77,33.71,4.16,301397.29,6.37
1594531.77,33.71,4.16,301397.29,6.37
1594223.83,33.71,4.16,301339.22,6.37
1593918.22,33.71,4.16,301339.56,6.37
1593609.5,33.71,4.16,301624.92,6.38
1593335.39,33.72,4.16,301408.08,6.38
1592992.07,33.72,4.16,301321.96,6.38
1592723.9,33.72,4.16,301312.25,6.38
1592723.9,33.72,4.16,301312.25,6.38
1592425.77,33.72,4.16,301356.99,6.38
1591789.33,33.71,4.16,300955.39,6.37
1591789.33,33.71,4.16,300955.39,6.37
1591573.14,33.71,4.15,300769.9,6.37
1590976.88,33.71,4.16,300752.42,6.37
1590976.88,33.71,4.16,300752.42,6.37
1590698.9,33.71,4.16,300751.17,6.37
1590403.09,33.71,4.16,300710.16,6.37
1589755.39,33.7,4.15,300075.84,6.36
1589456.49,33.7,4.15,300238.76,6.37
1589456.49,33.7,4.15,300292.01,6.37
1589711.01,33.71,4.16,300137.69,6.36
1589711.01,33.71,4.16,300137.69,6.36
1589711.01,33.71,4.16,300137.69,6.36
1590113.75,33.72,4.17,301394.04,6.39
1590113.75,33.72,4.17,301394.04,6.39
1590250.61,33.73,4.17,301369.21,6.39
1589865.81,33.72,4.17,301507.32,6.4
1589865.81,33.72,4.17,301507.32,6.4
1589865.81,33.72,4.17,301507.32,6.4
1589557.87,33.72,4.17,301430.28,6.39
1589438.16,33.73,4.17,301362.77,6.39
1589320.78,33.73,4.18,301360.31,6.4
1589320.78,33.73,4.18,301360.31,6.4
1589027.82,33.73,4.18,302395.49,6.42
1589394.29,33.75,4.19,302779.18,6.43
1589126.12,33.75,4.19,302783.7,6.43
1588827.99,33.75,4.2,302762.19,6.43
1588983.06,33.75,4.2,302792.27,6.43
1588684.93,33.76,4.2,302775.45,6.43
1588301.74,33.75,4.2,302745.87,6.43
1588450.74,33.76,4.2,303476.66,6.45
1588169.65,33.76,4.21,303507.36,6.45
1588169.65,33.76,4.21,303507.36,6.45
1588363.37,33.77,4.22,303842.14,6.46
1588363.37,33.77,4.22,303895.58,6.46
1588363.37,33.77,4.22,303895.58,6.46
1588095.2,33.77,4.22,303894.32,6.46
1587797.07,33.77,4.22,303867.51,6.46
1587261.76,33.77,4.21,303543.31,6.46
1586963.63,33.77,4.21,303783.02,6.46
1586992.77,33.77,4.22,303743.95,6.46
1586696.97,33.77,4.22,303535.99,6.46
1586779.75,33.78,4.23,304183.09,6.48
1586490.53,33.78,4.23,304033.78,6.47
1586490.53,33.78,4.23,304033.78,6.47
1586181.94,33.78,4.23,304252.85,6.48
1586231.33,33.78,4.23,304279.18,6.48
1586231.33,33.78,4.23,304279.18,6.48
1586231.33,33.78,4.23,304279.18,6.48
1586407.96,33.79,4.24,304284.03,6.48
1586528.74,33.8,4.24,304254.78,6.48
1586528.74,33.8,4.24,304254.78,6.48
1586528.74,33.8,4.24,304254.78,6.48
1586528.74,33.8,4.24,304254.78,6.48
1586528.74,33.8,4.24,304254.78,6.48
1586528.74,33.8,4.24,304254.78,6.48
1586418.85,33.8,4.25,304293.41,6.48
1586120.72,33.8,4.25,304266.55,6.48
1585824.92,33.8,4.25,304247.49,6.48
1585622.74,33.8,4.25,304324.26,6.49
1585323.83,33.8,4.25,304365.1,6.49
1586250.75,33.82,4.27,306220.4,6.53
1586092.51,33.82,4.26,306063.19,6.53
1586269.14,33.82,4.27,306067.48,6.53
1586605.74,33.83,4.28,306793.31,6.54
1586605.74,33.83,4.28,306793.31,6.54
1586605.74,33.83,4.28,306793.31,6.54
1586495.85,33.84,4.28,306771.8,6.54
1586197.72,33.84,4.28,306759.9,6.54
1586226.86,33.84,4.29,306824.86,6.55
1586226.86,33.84,4.29,306824.86,6.55
1585931.06,33.84,4.29,306758.86,6.55
1586039.13,33.85,4.29,307147.36,6.55
1586562.47,33.86,4.31,309537.63,6.61
1586238.91,33.86,4.31,309505.04,6.61
1585915.34,33.86,4.31,309530.91,6.61
1585915.34,33.86,4.31,309530.91,6.61
1585591.78,33.86,4.31,309511.79,6.61
1585270.54,33.87,4.31,309496.13,6.61
1585274.9,33.87,4.31,309500.24,6.61
1584950.56,33.87,4.31,309567.09,6.61
1584627.0,33.87,4.32,309492.05,6.61
1584627.0,33.87,4.32,309492.05,6.61
1584301.88,33.87,4.32,309486.69,6.62
1583909.23,33.86,4.31,308766.17,6.6
1583263.46,33.86,4.31,308137.54,6.59
1583448.48,33.86,4.31,308138.02,6.59
1582258.29,33.87,4.32,308166.62,6.6
1581959.39,33.87,4.32,308111.02,6.6
1581959.39,33.87,4.32,308514.46,6.6
1581997.44,33.87,4.32,308531.65,6.61
1581688.86,33.87,4.32,308888.37,6.62
1581796.44,33.88,4.33,308975.05,6.62
1581796.44,33.88,4.33,308975.05,6.62
1581947.18,33.88,4.33,308970.51,6.62
1581947.18,33.88,4.33,308970.51,6.62
1581947.18,33.88,4.33,308970.51,6.62
1581976.32,33.89,4.34,308949.98,6.62
1581678.19,33.89,4.34,309029.45,6.62
1581816.48,33.9,4.35,308944.43,6.62
1581520.67,33.9,4.35,309293.14,6.63
1581221.77,33.9,4.35,309224.46,6.63
1580835.36,33.89,4.34,309044.11,6.63
1580619.22,33.9,4.35,310089.16,6.65
1580351.05,33.9,4.35,310087.9,6.65
1580351.05,33.9,4.35,310087.9,6.65
1580420.89,33.9,4.35,309816.02,6.65
1579964.94,33.9,4.35,309723.97,6.64
1579666.81,33.9,4.35,309697.16,6.65
1579813.49,33.9,4.35,309969.73,6.65
1579813.49,33.9,4.35,309969.73,6.65
1579515.36,33.9,4.35,309752.89,6.65
1579515.36,33.9,4.35,309699.02,6.65
1579223.62,33.9,4.35,309398.31,6.64
1579116.05,33.9,4.35,310213.68,6.66
1578957.42,33.9,4.35,310055.84,6.66
1578846.75,33.91,4.36,309566.19,6.65
1578587.1,33.91,4.36,309406.77,6.65
1578629.87,33.91,4.36,310445.1,6.67
1578629.87,33.91,4.36,310445.1,6.67
1578361.69,33.91,4.36,310449.62,6.67
1578390.84,33.92,4.37,310421.14,6.67
1578092.71,33.92,4.37,310478.75,6.67
1577530.52,33.91,4.36,309889.79,6.66
1577232.39,33.91,4.36,309844.19,6.66
1577232.39,33.91,4.36,309844.19,6.66
1577232.39,33.91,4.36,309844.19,6.66
1577238.71,33.91,4.36,309864.61,6.66
1577241.81,33.91,4.36,310013.96,6.67
1576969.63,33.92,4.37,311294.3,6.69
1577671.6,33.94,4.38,311688.86,6.7
1577403.42,33.94,4.39,311691.19,6.71
1577105.3,33.94,4.39,311668.8,6.71
1576827.31,33.94,4.39,311671.13,6.71
1576529.18,33.94,4.39,311722.21,6.71
1576529.18,33.94,4.39,311722.21,6.71
1576529.18,33.94,4.39,311722.21,6.71
1576641.52,33.95,4.4,311630.41,6.71
1576343.39,33.95,4.4,311591.61,6.71
1573988.32,33.95,4.4,311541.07,6.72
1573692.52,33.96,4.4,311511.88,6.72
1573692.52,33.96,4.4,311511.88,6.72
1575060.63,33.98,4.43,314272.63,6.78
1575060.63,33.98,4.43,314272.63,6.78
1574752.69,33.99,4.44,314242.23,6.78
1574752.69,33.99,4.44,315197.24,6.8
1574448.62,33.99,4.44,315174.4,6.8
1574799.17,33.99,4.44,315561.16,6.81
1576261.01,34.03,4.48,318044.72,6.87
1575992.84,34.03,4.48,318043.79,6.87
1576398.79,34.05,4.5,317939.1,6.87
1576290.16,34.04,4.49,317831.34,6.86
1575992.03,34.04,4.49,317804.2,6.87
1576237.64,34.05,4.5,317884.74,6.87
1575939.51,34.05,4.5,317844.52,6.87
1575939.51,34.05,4.5,317844.52,6.87
1575294.51,34.05,4.5,317493.47,6.86
1575294.51,34.05,4.5,317493.47,6.86
1574998.71,34.05,4.5,317447.32,6.86
1574998.71,34.05,4.5,317447.32,6.86
1576395.52,34.08,4.53,320817.41,6.94
1575907.26,34.07,4.52,319559.12,6.91
1575639.08,34.07,4.52,319561.46,6.91
1575340.96,34.08,4.53,319531.59,6.91
1575666.53,34.08,4.53,319575.75,6.91
1575368.4,34.09,4.54,319544.87,6.91
1574889.4,34.08,4.53,319286.44,6.91
1574566.46,34.08,4.53,319266.3,6.91
1574715.46,34.08,4.53,320059.06,6.93
1574434.38,34.09,4.54,319800.45,6.92
1574434.38,34.09,4.54,319800.45,6.92
1574527.69,34.09,4.54,320725.57,6.94
1574527.69,34.09,4.54,320725.57,6.94
1574259.51,34.09,4.54,320718.41,6.95
1574259.51,34.09,4.54,320718.41,6.95
1574259.51,34.09,4.54,320718.41,6.95
1574269.56,34.1,4.55,320550.6,6.94
1574100.88,34.1,4.54,320571.79,6.94
1573355.02,34.09,4.54,319793.0,6.93
1573056.89,34.09,4.54,319772.09,6.93
1572758.77,34.09,4.54,319813.03,6.93
1572480.78,34.09,4.54,319817.55,6.93
1572480.78,34.09,4.54,319817.55,6.93
1572627.46,34.1,4.55,319829.06,6.93
1572331.65,34.1,4.55,319902.27,6.94
1572198.28,34.1,4.55,321454.38,6.97
1572198.28,34.1,4.55,321454.38,6.97
1572198.28,34.1,4.55,321454.38,6.97
1572515.11,34.12,4.57,321278.22,6.97
1572349.13,34.12,4.57,320643.27,6.96
1572534.16,34.13,4.58,320643.75,6.96
1572236.03,34.13,4.58,320617.22,6.96
1571937.9,34.13,4.58,320661.83,6.96
1571554.7,34.12,4.57,320634.82,6.96
1571256.58,34.12,4.57,320607.97,6.96
1571149.01,34.13,4.58,320607.46,6.96
1571149.01,34.13,4.58,320607.46,6.96
1570850.1,34.13,4.58,320979.83,6.97
1570867.92,34.13,4.58,321321.0,6.98
1570867.92,34.13,4.58,321321.0,6.98
1570812.13,34.13,4.58,321392.75,6.98
1570444.07,34.13,4.58,321042.73,6.98
1570444.07,34.13,4.58,321042.73,6.98
1570444.07,34.13,4.58,321042.73,6.98
1570136.13,34.13,4.58,321010.14,6.98
1569867.95,34.14,4.59,321014.66,6.98
1570014.63,34.14,4.59,320989.25,6.98
1569716.5,34.14,4.59,320980.31,6.98
1569716.5,34.14,4.59,320980.31,6.98
1569745.64,34.15,4.6,321014.64,6.98
1569360.84,34.14,4.59,320976.12,6.98
1569063.57,34.14,4.59,321519.92,7.0
1568767.77,34.14,4.59,321182.23,6.99
1568614.25,34.14,4.59,322227.75,7.01
1568306.31,34.15,4.6,322281.16,7.02
1568306.31,34.15,4.6,322281.16,7.02
1568793.31,34.16,4.61,322258.25,7.02
1568793.31,34.16,4.61,322258.25,7.02
1568485.37,34.16,4.61,322215.98,7.02
1568179.76,34.16,4.61,322195.93,7.02
1567668.4,34.16,4.61,321758.92,7.01
1567359.68,34.16,4.61,322101.86,7.02
1567085.57,34.16,4.61,321987.1,7.02
1566742.25,34.16,4.61,321745.36,7.01
1566918.88,34.17,4.62,321749.66,7.02
1566620.75,34.17,4.62,321719.28,7.02
1566384.0,34.16,4.61,321759.93,7.02
1566085.87,34.16,4.62,321737.08,7.02
1565787.74,34.17,4.62,321710.59,7.02
1565787.74,34.17,4.62,321710.59,7.02
1565936.74,34.17,4.62,322551.04,7.04
1565826.07,34.18,4.63,322049.39,7.03
1565826.07,34.18,4.63,322049.39,7.03
1565548.09,34.18,4.63,322053.91,7.03
1565548.09,34.18,4.63,322053.91,7.03
1565394.34,34.18,4.63,321812.64,7.03
1565623.0,34.18,4.63,323213.47,7.06
1565623.0,34.18,4.63,323213.47,7.06
1565262.27,34.18,4.63,322785.11,7.05
1564879.2,34.18,4.63,322469.35,7.04
1565016.06,34.19,4.64,322443.93,7.04
1564708.12,34.19,4.64,322508.33,7.05
1564333.32,34.18,4.63,322452.55,7.05
1564213.61,34.18,4.64,322430.24,7.05
1564213.61,34.18,4.64,322430.24,7.05
1563907.99,34.19,4.64,322652.96,7.05
1563599.28,34.19,4.64,322582.03,7.05
1563599.28,34.19,4.64,322582.03,7.05
1563299.21,34.19,4.64,322480.99,7.05
1562981.85,34.19,4.64,322670.34,7.06
1562981.85,34.19,4.64,322670.34,7.06
1562983.61,34.19,4.64,322674.29,7.06
1563160.24,34.19,4.65,322678.58,7.06
1563160.24,34.19,4.65,322678.58,7.06
1563050.35,34.2,4.65,322657.07,7.06
1562772.36,34.2,4.65,322656.14,7.06
1562474.23,34.2,4.65,322695.51,7.06
1562364.34,34.2,4.66,322664.48,7.06
1561979.54,34.2,4.65,322643.88,7.06
1561871.97,34.2,4.66,322639.23,7.07
1561573.07,34.2,4.66,323086.88,7.08
1561274.94,34.21,4.66,323111.86,7.08
1561274.94,34.21,4.66,323111.86,7.08
1560975.26,34.21,4.66,323248.17,7.08
1560975.26,34.21,4.66,323248.17,7.08
1560667.32,34.21,4.66,323223.65,7.08
1560359.38,34.21,4.66,323328.91,7.09
1560359.38,34.21,4.66,323328.91,7.09
1560595.17,34.22,4.67,323239.39,7.09
1560388.06,34.21,4.67,323437.89,7.09
1560082.44,34.21,4.67,323254.39,7.09
1559773.73,34.21,4.67,323209.23,7.09
1559465.79,34.22,4.67,323603.03,7.1
1559156.3,34.22,4.67,323494.09,7.1
1559156.3,34.22,4.67,323494.09,7.1
1559156.3,34.22,4.67,323492.0,7.1
1559332.93,34.22,4.68,323496.85,7.1
1559034.8,34.22,4.68,323468.8,7.1
1558736.67,34.23,4.68,323541.21,7.1
1558440.05,34.22,4.67,323285.68,7.1
1558141.92,34.22,4.68,323256.8,7.1
1557757.12,34.22,4.67,323201.13,7.1
1557649.55,34.22,4.67,323732.82,7.11
1557894.38,34.23,4.68,323427.01,7.11
1557894.38,34.23,4.68,323427.01,7.11
1557894.38,34.23,4.68,323427.01,7.11
1557912.2,34.23,4.68,323341.89,7.1
1557632.28,34.23,4.68,323349.38,7.11
1557354.29,34.23,4.69,323351.71,7.11
1557206.83,34.23,4.69,324189.2,7.13
1557206.83,34.23,4.69,324189.2,7.13
1557206.83,34.23,4.69,324189.2,7.13
1557206.83,34.23,4.69,324189.2,7.13
1556876.62,34.23,4.68,323838.26,7.12
1556876.62,34.23,4.68,323838.26,7.12
1556568.68,34.23,4.69,323815.86,7.12
1556568.68,34.23,4.69,323815.86,7.12
1556568.68,34.23,4.69,323815.86,7.12
1556448.97,34.24,4.69,323804.83,7.12
1556585.84,34.24,4.7,323894.26,7.13
1556280.22,34.24,4.7,323852.89,7.13
1556353.18,34.25,4.7,323799.54,7.13
1556061.51,34.24,4.7,324190.46,7.13
1556971.24,34.26,4.72,326101.94,7.18
1556971.24,34.26,4.72,326101.94,7.18
1556703.06,34.27,4.72,326098.65,7.18
1555988.09,34.26,4.71,325041.75,7.16
1555261.7,34.25,4.7,324591.4,7.15
1555382.49,34.26,4.71,324611.89,7.15
1555382.49,34.26,4.71,324596.68,7.15
1555084.36,34.26,4.71,324572.62,7.15
1554786.23,34.26,4.71,324558.85,7.15
1554786.23,34.26,4.71,324574.24,7.15
1554786.23,34.26,4.71,324563.72,7.15
1554909.35,34.27,4.72,324693.88,7.16
1554610.44,34.27,4.72,324732.25,7.16
1554332.46,34.27,4.72,324731.33,7.16
1554034.33,34.27,4.72,325380.42,7.18
1553847.46,34.27,4.72,324621.82,7.16
1553992.07,34.27,4.73,325647.21,7.18
1553684.13,34.27,4.73,325620.07,7.18
1553757.87,34.28,4.74,325666.21,7.19
1553449.93,34.28,4.74,325636.6,7.19
1553144.31,34.28,4.74,325613.08,7.19
1552835.6,34.28,4.74,325870.97,7.19
1552835.6,34.28,4.74,325870.97,7.19
1552527.66,34.28,4.74,325799.09,7.19
1552238.46,34.28,4.73,325386.06,7.19
1552238.46,34.28,4.73,325399.14,7.19
1552238.46,34.28,4.73,325399.14,7.19
1552238.74,34.28,4.73,325399.62,7.19
1552238.74,34.28,4.73,325655.39,7.19
1552295.42,34.28,4.74,325833.35,7.2
1552430.73,34.29,4.74,326076.89,7.2
1552162.56,34.29,4.74,326081.41,7.2
1552052.66,34.29,4.75,326064.26,7.2
1552052.66,34.29,4.75,326064.26,7.2
1551781.93,34.29,4.74,325926.16,7.2
1551781.93,34.29,4.74,325926.16,7.2
1551483.8,34.29,4.75,325959.46,7.2
1551185.67,34.29,4.75,325934.21,7.21
1551185.67,34.29,4.75,325934.21,7.21
1551185.67,34.29,4.75,325934.21,7.21
1550889.87,34.29,4.75,325909.54,7.21
1550590.96,34.29,4.75,326332.52,7.22
1550590.96,34.29,4.75,326332.52,7.22
1550328.86,34.29,4.75,326249.36,7.22
1549993.16,34.29,4.75,326075.91,7.21
1550143.9,34.3,4.76,326071.38,7.22
1550143.9,34.3,4.76,326071.38,7.22
1550143.9,34.3,4.76,326071.38,7.22
1549845.77,34.3,4.76,326093.67,7.22
1549845.77,34.3,4.76,326093.67,7.22
1549547.64,34.3,4.76,326070.43,7.22
1549249.52,34.31,4.76,326074.74,7.22
1549280.98,34.31,4.77,326373.57,7.23
1550331.47,34.33,4.79,329028.89,7.29
1549868.74,34.33,4.79,327919.4,7.26
1549149.54,34.32,4.78,327604.05,7.26
1549149.54,34.32,4.78,327604.05,7.26
1548626.33,34.32,4.77,327013.21,7.25
1548626.33,34.32,4.77,327013.21,7.25
1548358.16,34.32,4.77,327013.65,7.25
1548102.42,34.32,4.77,326750.94,7.24
1547804.29,34.32,4.77,326722.43,7.24
1547506.16,34.32,4.77,326749.99,7.25
1545151.09,34.33,4.78,326699.46,7.26
1544852.97,34.33,4.78,326668.55,7.26
1544884.43,34.33,4.79,326772.54,7.26
1544585.53,34.33,4.79,326679.38,7.26
1544585.53,34.33,4.79,326679.38,7.26
1544287.4,34.34,4.79,327036.04,7.27
1543987.72,34.34,4.79,326936.75,7.27
1543719.55,34.34,4.79,326939.08,7.27
1543719.55,34.34,4.79,326939.08,7.27
1543719.55,34.34,4.79,326939.08,7.27
1543719.55,34.34,4.79,326939.08,7.27
1543719.55,34.34,4.79,326939.08,7.27
1543421.42,34.34,4.79,326916.68,7.27
1543123.3,34.34,4.8,326904.93,7.27
1542810.57,34.34,4.79,326575.68,7.27
1542957.24,34.34,4.8,326717.99,7.27
1542661.44,34.34,4.8,326622.15,7.27
1542342.45,34.34,4.79,326303.75,7.26
1542370.82,34.34,4.8,326251.58,7.26
1542073.55,34.34,4.8,325994.26,7.26
1542073.55,34.34,4.8,325994.26,7.26
1542073.55,34.34,4.8,325994.26,7.26
1541787.26,34.34,4.79,326616.08,7.27
1541787.26,34.34,4.79,326616.08,7.27
1541571.12,34.34,4.79,326234.89,7.27
1541571.13,34.34,4.8,326875.14,7.28
1541491.19,34.35,4.8,326884.09,7.28
1541491.19,34.35,4.8,326860.92,7.28
1541193.06,34.35,4.8,326836.2,7.28
1541193.06,34.35,4.8,326836.2,7.28
1541193.06,34.35,4.8,326836.2,7.28
1541083.17,34.35,4.81,326821.58,7.29
1541083.17,34.35,4.81,326821.58,7.29
1541083.17,34.35,4.81,326821.58,7.29
1540785.04,34.35,4.81,326862.65,7.29
1540816.51,34.36,4.82,326836.81,7.29
1540517.6,34.36,4.82,327305.76,7.3
1540219.48,34.36,4.82,327323.23,7.3
1539919.8,34.36,4.82,327400.71,7.31
1540096.43,34.37,4.83,327405.0,7.31
1539798.3,34.37,4.83,327374.62,7.31
1539500.17,34.37,4.83,327428.92,7.31
1539202.05,34.37,4.83,327389.03,7.31
1539202.05,34.37,4.83,327389.03,7.31
1538906.24,34.37,4.83,327366.5,7.31
1538795.57,34.38,4.83,327611.26,7.32
1538497.45,34.38,4.83,327690.03,7.32
1538386.0,34.38,4.84,327955.27,7.33
1538306.06,34.39,4.84,327964.22,7.33
1538306.06,34.39,4.84,327964.22,7.33
1538306.06,34.39,4.84,327964.22,7.33
1538007.94,34.39,4.84,327936.2,7.33
1538037.08,34.39,4.85,327963.08,7.33
1537738.95,34.4,4.85,327941.21,7.34
1537738.95,34.4,4.85,327941.21,7.34
1537738.95,34.4,4.85,327941.21,7.34
1537441.68,34.39,4.85,327747.06,7.33
1537287.93,34.39,4.84,327804.26,7.33
1536992.13,34.39,4.85,327785.67,7.33
1536693.22,34.39,4.85,327779.61,7.34
1536583.33,34.4,4.85,328410.4,7.35
1536283.65,34.4,4.85,328367.05,7.35
1536203.71,34.4,4.86,328376.0,7.35
1536203.71,34.4,4.86,328376.0,7.35
1536203.71,34.4,4.86,328376.0,7.35
1536232.85,34.41,4.86,328346.21,7.35
1536233.64,34.41,4.86,328347.54,7.35
1536233.64,34.41,4.86,328324.5,7.35
1536380.31,34.41,4.87,328378.16,7.36
1536005.51,34.41,4.86,328333.17,7.36
1535686.67,34.4,4.86,328015.45,7.35
1535388.55,34.4,4.86,327995.58,7.35
1535388.55,34.4,4.86,327995.58,7.35
1535388.55,34.4,4.86,327995.58,7.35
1535537.55,34.41,4.87,328171.23,7.35
1535537.55,34.41,4.87,328171.23,7.35
1535565.91,34.42,4.87,328146.0,7.35
1535565.91,34.42,4.87,328146.0,7.35
1535267.78,34.42,4.87,329130.33,7.38
1534968.11,34.42,4.87,329139.61,7.38
1534888.17,34.42,4.88,329148.56,7.38
1534778.27,34.43,4.88,329129.01,7.38
1534778.27,34.43,4.88,329129.01,7.38
1534480.15,34.43,4.88,329109.22,7.38
1534172.88,34.42,4.88,328904.2,7.38
1533874.75,34.43,4.88,329024.64,7.38
1533578.95,34.43,4.88,328926.17,7.38
1533280.04,34.43,4.88,328983.93,7.39
1533280.04,34.43,4.88,328983.93,7.39
1532990.82,34.43,4.88,329448.55,7.4
1532682.24,34.43,4.88,329250.91,7.4
1532602.3,34.43,4.89,329259.86,7.4
1532304.17,34.44,4.89,329223.55,7.4
1532006.04,34.44,4.89,329279.06,7.4
1531848.08,34.43,4.89,329149.12,7.4
1531549.95,34.43,4.89,329121.15,7.4
1531442.38,34.44,4.89,329103.83,7.4
1531143.48,34.44,4.89,329170.3,7.4
1531144.26,34.44,4.89,329172.59,7.4
1530855.04,34.44,4.89,329676.15,7.42
1530546.46,34.44,4.9,329439.57,7.41
1530546.46,34.44,4.9,329439.57,7.41
1530278.29,34.44,4.9,329441.9,7.42
1530278.29,34.44,4.9,329441.9,7.42
1529981.02,34.44,4.89,329324.23,7.41
1529683.75,34.44,4.89,328876.42,7.4
1529385.62,34.44,4.89,328848.63,7.4
1529385.62,34.44,4.89,328848.63,7.4
1529440.41,34.44,4.89,329080.99,7.41
1529229.36,34.43,4.89,328898.74,7.41
1529312.91,34.44,4.89,328929.56,7.41
1529014.79,34.44,4.9,328906.3,7.41
1528718.98,34.44,4.9,328889.47,7.41
1528608.31,34.45,4.9,329133.72,7.42
1528637.45,34.45,4.91,329244.87,7.42
1528665.05,34.46,4.91,330112.3,7.44
1528585.11,34.46,4.92,330121.25,7.44
1528601.52,34.46,4.92,330101.7,7.44
1528601.52,34.46,4.92,330101.7,7.44
1528303.4,34.46,4.92,330073.68,7.44
1528450.07,34.47,4.92,330102.86,7.44
1528340.18,34.47,4.93,330084.22,7.45
1528340.18,34.47,4.93,330084.22,7.45
1528142.35,34.47,4.93,329874.83,7.44
1527846.54,34.47,4.93,329866.79,7.44
1527846.54,34.47,4.93,329866.79,7.44
1527735.87,34.48,4.93,329846.83,7.44
1527437.75,34.48,4.93,330582.65,7.46
1527437.75,34.48,4.93,330582.65,7.46
1527437.75,34.48,4.93,330582.65,7.46
1527437.75,34.48,4.93,330582.65,7.46
1527326.3,34.48,4.94,330690.6,7.47
1527326.3,34.48,4.94,330690.6,7.47
1527058.13,34.48,4.94,330695.12,7.47
1526760.0,34.48,4.94,330662.53,7.47
1526461.87,34.49,4.94,330737.67,7.47
1526163.75,34.49,4.94,330701.23,7.47
1525867.94,34.49,4.94,330653.62,7.47
1525569.04,34.49,4.94,330893.98,7.48
1525414.34,34.49,4.94,330740.73,7.48
1525304.44,34.49,4.94,330715.15,7.48
1525004.77,34.49,4.94,330655.38,7.48
1524629.96,34.49,4.94,330617.4,7.48
1524361.79,34.49,4.94,330617.84,7.48
1524361.79,34.49,4.94,330617.84,7.48
1524068.18,34.49,4.94,330625.07,7.48
1524151.73,34.5,4.95,330598.09,7.48
1523853.6,34.5,4.95,330629.13,7.48
1523743.71,34.5,4.95,330610.4,7.49
1523447.91,34.5,4.96,330590.49,7.49
1523447.91,34.5,4.96,330590.49,7.49
1523448.3,34.5,4.96,330591.19,7.49
1523187.43,34.5,4.95,330352.09,7.48
1523076.76,34.5,4.96,330349.94,7.48
1523076.76,34.5,4.96,330349.94,7.48
1522785.08,34.5,4.95,330589.82,7.49
1522785.08,34.5,4.95,330589.82,7.49
1523030.69,34.51,4.96,330637.31,7.49
1523037.76,34.51,4.96,330647.51,7.49
1523037.76,34.51,4.96,330647.51,7.49
1522702.07,34.5,4.96,330354.79,7.49
1522702.07,34.5,4.96,330354.79,7.49
1522402.39,34.5,4.96,331017.97,7.5
1522402.39,34.5,4.96,331017.97,7.5
1522402.39,34.5,4.96,331017.97,7.5
1522579.02,34.51,4.97,331022.82,7.5
1522579.02,34.51,4.97,331022.82,7.5
1522194.22,34.51,4.96,330993.87,7.5
1521896.09,34.51,4.96,331068.79,7.51
1521597.96,34.51,4.96,331052.63,7.51
1521744.64,34.52,4.97,331003.44,7.51
1521448.83,34.52,4.97,331136.47,7.51
1521167.75,34.52,4.97,332269.05,7.54
1520919.46,34.52,4.97,331614.09,7.53
1520606.53,34.52,4.97,331516.45,7.53
1520608.3,34.52,4.97,331537.89,7.53
1520608.3,34.52,4.97,331510.79,7.53
1520340.12,34.52,4.98,331513.12,7.53
1520369.26,34.53,4.98,331484.03,7.53
1520369.26,34.53,4.98,331484.03,7.53
1520071.14,34.53,4.98,331527.12,7.53
1519773.01,34.53,4.98,331499.43,7.53
1519778.49,34.53,4.98,331534.46,7.53
1519817.23,34.53,4.99,331722.19,7.54
1522592.45,34.59,5.05,335842.84,7.63
1522512.51,34.6,5.05,335851.79,7.63
1522667.58,34.61,5.06,335817.51,7.63
1522667.58,34.61,5.06,335817.51,7.63
1522344.02,34.61,5.06,335784.92,7.63
1522045.89,34.61,5.06,335828.92,7.64
1522045.89,34.61,5.06,335828.92,7.64
1521662.69,34.6,5.06,335796.27,7.64
1521666.22,34.6,5.06,335809.42,7.64
1521821.29,34.61,5.06,335790.84,7.64
1521713.72,34.61,5.07,335870.21,7.64
1521414.82,34.62,5.07,335811.85,7.64
1521031.62,34.61,5.06,335784.26,7.64
1520921.73,34.61,5.07,336545.01,7.66
1520622.05,34.62,5.07,336435.14,7.66
1520298.49,34.62,5.07,336459.61,7.66
1519974.93,34.62,5.07,336440.5,7.66
1519974.93,34.62,5.07,336440.5,7.66
1519653.69,34.62,5.07,336426.23,7.66
1519329.35,34.62,5.07,336484.7,7.67
1518682.45,34.61,5.06,335837.3,7.65
1518414.28,34.61,5.07,335841.82,7.65
1518090.72,34.61,5.07,335775.08,7.66
1518218.8,34.62,5.07,336204.86,7.67
1517920.67,34.62,5.07,336180.28,7.67
1517537.48,34.61,5.07,335815.2,7.66
1517855.05,34.62,5.08,335858.87,7.66
1517359.08,34.62,5.07,335824.33,7.66
1517060.96,34.62,5.07,335800.16,7.66
1516765.15,34.62,5.07,336494.03,7.68
1516865.57,34.63,5.08,336543.54,7.68
1516752.19,34.63,5.09,336039.36,7.67
1516407.94,34.63,5.09,336443.28,7.68
1514052.87,34.64,5.1,336392.75,7.7
1513972.93,34.64,5.1,336401.7,7.7
1513972.93,34.64,5.1,336401.7,7.7
1513674.81,34.64,5.1,336380.11,7.7
1513376.68,34.65,5.1,336361.64,7.7
1513266.78,34.65,5.11,336404.02,7.7
1513586.68,34.66,5.11,336361.24,7.7
1513287.78,34.66,5.12,336742.28,7.71
1513287.78,34.66,5.12,336742.28,7.71
1510932.71,34.67,5.13,336691.75,7.73
1510932.71,34.67,5.13,336691.75,7.73
1510822.82,34.67,5.13,336859.07,7.73
1510523.14,34.67,5.13,337116.78,7.74
1510198.49,34.67,5.13,337144.03,7.74
1510118.55,34.67,5.13,337152.98,7.74
1510118.55,34.67,5.13,337152.98,7.74
1510147.69,34.68,5.14,337123.19,7.74
1510147.69,34.68,5.14,337123.19,7.74
1509849.56,34.68,5.14,337190.08,7.75
1509551.44,34.68,5.14,337150.46,7.75
1509330.38,34.68,5.14,336865.88,7.74
1509034.58,34.68,5.14,336830.87,7.74
1508735.68,34.68,5.14,337306.85,7.75
1508890.75,34.69,5.15,337112.29,7.75
1508543.57,34.69,5.14,337618.78,7.76
1508212.79,34.69,5.14,337380.95,7.76
1507944.61,34.69,5.14,337377.87,7.76
1507705.41,34.68,5.14,337148.85,7.76
1507705.41,34.68,5.14,337172.02,7.76
1507705.41,34.68,5.14,337172.02,7.76
1507598.15,34.68,5.14,337065.56,7.75
1507598.15,34.68,5.14,337065.56,7.75
1507300.03,34.68,5.14,337040.58,7.76
1507001.9,34.68,5.14,337040.35,7.76
1506703.77,34.69,5.14,337100.77,7.76
1506852.77,34.69,5.15,337059.31,7.76
1506553.87,34.69,5.15,337029.54,7.76
1506443.97,34.7,5.15,337534.9,7.77
1506144.3,34.7,5.15,337547.73,7.78
1506064.36,34.7,5.16,337556.68,7.78
1506064.36,34.7,5.16,337556.68,7.78
1505766.23,34.7,5.16,337535.1,7.78
1505468.1,34.71,5.16,337516.63,7.78
1505167.69,34.7,5.16,337234.59,7.77
1505171.22,34.7,5.16,337247.74,7.78
1504873.09,34.7,5.16,337268.4,7.78
1504488.29,34.7,5.15,336984.33,7.77
1504488.29,34.7,5.15,336984.33,7.77
1504192.48,34.7,5.15,336958.65,7.77
1504081.82,34.7,5.16,336954.99,7.77
1504994.67,34.72,5.18,339101.4,7.82
1504483.67,34.72,5.18,338318.89,7.81
1504483.67,34.72,5.18,338318.89,7.81
1504488.97,34.72,5.18,338343.46,7.81
1504220.8,34.72,5.18,338347.98,7.81
1503922.67,34.72,5.18,338359.86,7.81
1503624.54,34.72,5.18,338337.62,7.81
1503624.54,34.72,5.18,338337.62,7.81
1503514.65,34.73,5.18,338318.34,7.81
1503218.84,34.73,5.18,338308.37,7.82
1503218.84,34.73,5.18,338308.37,7.82
1502919.94,34.73,5.19,338556.57,7.82
1502621.81,34.73,5.19,338520.87,7.82
1502649.4,34.74,5.19,338743.82,7.83
1502381.23,34.74,5.19,338736.47,7.83
1502381.23,34.74,5.19,338736.47,7.83
1502083.1,34.74,5.2,338715.75,7.83
1501784.97,34.74,5.2,338935.09,7.84
1501786.15,34.74,5.2,339006.04,7.84
1501676.26,34.75,5.2,338816.77,7.84
1501762.13,34.75,5.21,338780.5,7.84
1501463.23,34.75,5.21,339308.88,7.85
1501174.01,34.75,5.21,339183.52,7.85
1501174.01,34.75,5.21,339183.52,7.85
1501174.01,34.75,5.21,339183.52,7.85
1500865.43,34.76,5.21,339336.96,7.86
1500571.82,34.76,5.21,339342.0,7.86
1500248.25,34.76,5.21,339314.21,7.86
1500248.25,34.76,5.21,339314.21,7.86
1500112.92,34.76,5.22,339308.56,7.86
1499977.59,34.76,5.22,339333.22,7.86
1499977.59,34.76,5.22,339333.22,7.86
1499656.35,34.76,5.22,339313.97,7.87
1499332.02,34.77,5.22,339299.88,7.87
1499453.26,34.77,5.23,339853.97,7.88
1499078.45,34.77,5.23,339296.8,7.87
1498941.57,34.77,5.23,339916.11,7.88
1499118.2,34.78,5.24,339920.4,7.89
1498733.4,34.77,5.23,339892.0,7.89
1498435.27,34.77,5.23,339946.58,7.89
1498435.27,34.77,5.23,339946.58,7.89
1498137.14,34.78,5.23,339900.28,7.89
1498283.82,34.78,5.24,339882.76,7.89
1498283.82,34.78,5.24,339878.56,7.89
1497988.02,34.78,5.24,340848.34,7.91
1497988.02,34.78,5.24,340848.34,7.91
1498410.38,34.8,5.26,341715.97,7.94
1498410.38,34.8,5.26,341715.97,7.94
1498410.38,34.8,5.26,341715.97,7.94
1498142.2,34.8,5.26,341715.04,7.94
1497906.19,34.8,5.26,341700.82,7.94
1498052.86,34.81,5.27,341675.67,7.94
1498052.86,34.81,5.27,341675.67,7.94
1497754.74,34.81,5.27,341752.42,7.94
1497754.74,34.81,5.27,341752.42,7.94
1496563.77,34.82,5.27,341716.6,7.95
1496563.77,34.82,5.27,341716.6,7.95
1496625.92,34.82,5.28,341526.22,7.95
1496326.24,34.82,5.28,341894.11,7.96
1496058.07,34.82,5.28,341893.18,7.96
1495673.26,34.82,5.28,341519.91,7.95
1495702.41,34.82,5.28,341494.08,7.95
1495404.28,34.83,5.28,341559.17,7.95
1495106.15,34.83,5.29,341516.03,7.96
1495106.15,34.83,5.29,341516.03,7.96
1494998.58,34.83,5.29,341507.37,7.96
1495023.08,34.83,5.29,341596.48,7.96
1494912.41,34.83,5.29,341571.74,7.96
1494912.41,34.83,5.29,341571.74,7.96
1495059.08,34.84,5.3,342468.09,7.98
1494947.64,34.85,5.31,342805.42,7.99
1494679.47,34.85,5.31,342809.93,7.99
1494569.57,34.85,5.31,342792.78,7.99
1494569.57,34.85,5.31,342792.78,7.99
1494184.77,34.85,5.31,342351.27,7.98
1493886.64,34.85,5.31,342332.8,7.99
1493588.51,34.85,5.31,342340.42,7.99
1493294.91,34.85,5.31,342341.2,7.99
1493443.9,34.86,5.32,342519.77,7.99
1493447.7,34.86,5.32,342677.79,8.0
1493447.7,34.86,5.32,342677.79,8.0
1493062.9,34.85,5.31,342486.86,7.99
1493208.8,34.86,5.32,342657.29,8.0
1493107.81,34.86,5.32,343333.46,8.02
1492760.12,34.86,5.32,342599.48,8.0
1492612.66,34.86,5.32,343169.19,8.02
1492763.4,34.87,5.33,343164.65,8.02
1492465.27,34.87,5.33,343189.9,8.02
1492167.14,34.87,5.33,343159.06,8.02
1491869.02,34.87,5.33,343138.53,8.02
1491573.21,34.88,5.34,343193.68,8.02
1491462.54,34.88,5.34,343159.68,8.03
1491467.84,34.88,5.34,343162.66,8.03
1491361.38,34.88,5.34,343055.66,8.02
1491508.05,34.89,5.34,343026.39,8.02
1491208.37,34.89,5.35,344047.77,8.05
1491208.37,34.89,5.35,344047.77,8.05
1491267.47,34.89,5.35,344049.12,8.05
1490969.34,34.89,5.35,344021.01,8.05
1490969.34,34.89,5.35,343844.26,8.05
1491085.24,34.9,5.36,344157.17,8.05
1490975.5,34.9,5.35,344064.18,8.05
1490865.61,34.9,5.36,344114.72,8.06
1490672.16,34.9,5.36,343917.92,8.05
1490374.03,34.9,5.36,343881.68,8.05
1490374.03,34.9,5.36,343881.68,8.05
1490523.03,34.91,5.36,343862.43,8.05
1490138.23,34.9,5.36,344341.5,8.06
1489839.33,34.9,5.36,343992.1,8.06
1489623.19,34.9,5.36,344777.33,8.08
1489241.52,34.9,5.36,344383.1,8.07
1488973.35,34.91,5.36,344382.17,8.07
1488675.22,34.91,5.37,344355.03,8.07
1488565.33,34.91,5.37,344399.34,8.08
1488267.2,34.91,5.37,344369.93,8.08
1488267.2,34.91,5.37,344369.93,8.08
1488109.95,34.91,5.37,344213.39,8.07
1488109.95,34.91,5.37,344213.39,8.07
1487814.14,34.91,5.37,344191.03,8.08
1487814.14,34.91,5.37,344191.03,8.08
1487515.24,34.91,5.37,344196.54,8.08
1487553.29,34.92,5.38,344825.56,8.09
1487553.29,34.92,5.38,344825.56,8.09
1487244.71,34.92,5.38,344674.44,8.09
1486976.53,34.92,5.38,344672.02,8.09
1486678.41,34.92,5.38,344646.37,8.1
1486380.28,34.92,5.38,344699.29,8.1
1486380.28,34.92,5.38,344699.29,8.1
1486270.38,34.93,5.39,344664.85,8.1
1486419.38,34.94,5.39,344643.62,8.1
1486419.38,34.94,5.39,344643.62,8.1
1486539.4,34.94,5.4,345038.46,8.11
1486333.63,34.94,5.4,344825.94,8.11
1486035.5,34.94,5.4,345001.78,8.11
1485735.82,34.94,5.4,345233.18,8.12
1483380.76,34.95,5.41,345182.64,8.13
1483300.82,34.96,5.42,345191.59,8.14
1483002.69,34.96,5.42,345155.29,8.14
1482704.56,34.96,5.42,345208.62,8.14
1482704.56,34.96,5.42,345462.61,8.15
1482704.56,34.96,5.42,345462.61,8.15
1482406.43,34.96,5.42,345419.43,8.15
1482110.63,34.96,5.42,345400.51,8.15
1481757.69,34.96,5.42,345023.19,8.14
1481757.69,34.96,5.42,345023.19,8.14
1481462.19,34.95,5.41,344763.7,8.13
1481163.28,34.95,5.41,345098.29,8.14
1480874.07,34.96,5.41,344843.08,8.14
1480874.07,34.96,5.41,344843.08,8.14
1480874.07,34.96,5.41,344843.08,8.14
1480565.48,34.96,5.41,344936.35,8.14
1480485.54,34.96,5.42,344945.3,8.15
1480187.41,34.96,5.42,344913.87,8.15
1479889.28,34.96,5.42,344976.22,8.15
1480035.96,34.97,5.43,344940.29,8.15
1480035.96,34.97,5.43,344941.19,8.15
1480121.83,34.98,5.44,344905.37,8.15
1479822.93,34.98,5.44,345390.01,8.16
1479822.93,34.98,5.44,345390.01,8.16
1480582.15,35.0,5.46,347354.49,8.21
1480313.98,35.0,5.46,347359.01,8.21
1480132.92,35.0,5.46,347199.45,8.21
1480162.06,35.01,5.46,347170.97,8.21
1479698.42,35.0,5.46,346588.95,8.2
1479540.18,35.0,5.46,346437.6,8.2
1479569.32,35.01,5.46,346512.91,8.2
1479569.32,35.01,5.46,346429.75,8.2
1479569.32,35.01,5.46,346429.75,8.2
1479271.2,35.01,5.46,346379.62,8.2
1479294.93,35.01,5.47,346420.02,8.2
1478999.12,35.01,5.47,346384.98,8.2
1479145.02,35.02,5.47,347325.37,8.22
1478882.92,35.02,5.48,347082.37,8.22
1477890.66,35.0,5.46,346084.77,8.2
1477916.68,35.01,5.47,346563.01,8.21
1477890.98,35.01,5.47,346807.53,8.22
1478238.51,35.02,5.48,346809.65,8.22
1478238.51,35.02,5.48,346809.65,8.22
1477913.86,35.02,5.47,346784.33,8.22
1477913.86,35.02,5.47,346784.33,8.22
1477615.73,35.02,5.47,346838.05,8.22
1477459.27,35.01,5.47,346682.12,8.22
1477459.27,35.01,5.47,346682.12,8.22
1477303.39,35.01,5.47,346523.4,8.21
1477332.53,35.02,5.48,346490.56,8.21
1477034.4,35.02,5.48,346459.76,8.21
1477037.5,35.02,5.48,348622.06,8.27
1477037.5,35.02,5.48,348622.06,8.27
1477846.02,35.05,5.5,348582.26,8.27
1477577.85,35.05,5.51,348581.01,8.27
1477724.52,35.06,5.51,348556.18,8.27
1477724.52,35.06,5.51,348556.18,8.27
1477724.52,35.06,5.51,348556.18,8.27
1477724.52,35.06,5.51,348556.18,8.27
1477724.52,35.06,5.51,348556.18,8.27
1477426.4,35.06,5.52,348778.92,8.28
1477128.27,35.06,5.52,348746.15,8.28
1476832.46,35.06,5.52,348679.86,8.28
1476514.42,35.06,5.51,348360.56,8.27
1476381.04,35.06,5.52,349901.42,8.31
1476381.04,35.06,5.52,349901.42,8.31
1476475.95,35.07,5.53,349516.01,8.3
1476530.1,35.07,5.53,350579.39,8.33
1475906.56,35.07,5.52,349933.25,8.31
1475906.56,35.07,5.52,350024.55,8.32
1475638.39,35.07,5.53,350009.41,8.32
1475638.39,35.07,5.53,350009.41,8.32
1475638.39,35.07,5.53,350007.44,8.32
1475340.26,35.07,5.53,350018.37,8.32
1475486.93,35.08,5.53,349994.64,8.32
1475490.81,35.08,5.53,352470.55,8.38
1475490.81,35.08,5.53,352470.55,8.38
1476022.14,35.1,5.56,351957.1,8.37
1476081.24,35.1,5.56,351958.45,8.37
1476031.24,35.1,5.56,351908.45,8.37
1475733.11,35.11,5.56,351880.34,8.37
1475920.57,35.12,5.57,352014.41,8.38
1476512.46,35.13,5.59,353145.28,8.4
1476541.6,35.14,5.6,353266.28,8.41
1476541.6,35.14,5.6,353376.84,8.41
1476541.6,35.14,5.6,353376.84,8.41
1476541.6,35.14,5.6,353376.84,8.41
1476246.57,35.14,5.6,353328.41,8.41
1476246.57,35.14,5.6,353328.41,8.41
1476419.2,35.15,5.61,355452.06,8.46
1476852.79,35.17,5.63,355564.53,8.47
1476852.79,35.17,5.63,355564.53,8.47
1476584.62,35.17,5.63,355561.45,8.47
1476584.62,35.17,5.63,355561.45,8.47
1476286.49,35.17,5.63,355537.02,8.47
1475988.36,35.17,5.63,355776.17,8.48
1476282.71,35.18,5.64,356082.46,8.49
1476282.71,35.18,5.64,356082.46,8.49
1475984.58,35.19,5.64,356041.9,8.49
1475877.01,35.19,5.65,355861.79,8.48
1475650.16,35.19,5.65,356883.76,8.51
1475978.2,35.21,5.67,357005.67,8.52
1475710.03,35.21,5.67,357002.59,8.52
1475710.03,35.21,5.67,357002.59,8.52
1475856.7,35.22,5.68,356979.59,8.52
1475856.7,35.22,5.68,356979.59,8.52
1475856.7,35.22,5.68,356979.59,8.52
1475471.9,35.21,5.67,357066.4,8.52
1475797.47,35.22,5.68,356977.22,8.52
1475607.97,35.22,5.68,356809.79,8.52
1475607.97,35.22,5.68,356809.79,8.52
1475172.5,35.21,5.67,356807.66,8.52
1475062.61,35.22,5.68,357146.71,8.53
1474766.8,35.22,5.68,357037.53,8.53
1475083.6,35.23,5.69,357993.5,8.55
1475310.59,35.24,5.7,358564.06,8.57
1475042.41,35.25,5.7,358561.09,8.57
1474316.84,35.24,5.69,357889.43,8.55
1474018.71,35.24,5.69,357864.33,8.56
1474018.71,35.24,5.69,357864.33,8.56
1474018.71,35.24,5.69,357864.33,8.56
1473908.81,35.24,5.7,357893.98,8.56
1473798.92,35.25,5.7,357876.43,8.56
1473798.92,35.25,5.7,357876.43,8.56
1473798.92,35.25,5.7,357876.43,8.56
1473798.92,35.25,5.7,357876.43,8.56
1473798.92,35.25,5.7,357876.43,8.56
1473503.12,35.25,5.7,357859.96,8.56
1473503.12,35.25,5.7,357859.96,8.56
1473531.48,35.25,5.71,358194.05,8.57
1473531.48,35.25,5.71,358194.05,8.57
1473207.92,35.25,5.71,358168.51,8.57
1473098.02,35.26,5.72,358419.48,8.58
1472798.35,35.26,5.72,358537.12,8.58
1472474.78,35.26,5.72,358562.23,8.59
1472313.4,35.26,5.72,358447.53,8.58
1472313.4,35.26,5.72,358447.53,8.58
1471989.84,35.26,5.72,358428.74,8.59
1471668.6,35.26,5.72,358433.98,8.59
1471344.26,35.26,5.72,358417.1,8.59
1471344.26,35.26,5.72,358417.1,8.59
1471465.5,35.27,5.73,358407.45,8.59
1471140.39,35.27,5.73,358824.16,8.6
1470755.59,35.26,5.72,358459.35,8.59
1470675.65,35.27,5.73,358468.3,8.6
1470675.65,35.27,5.73,358468.3,8.6
1470675.65,35.27,5.73,358468.3,8.6
1470675.65,35.27,5.73,358468.3,8.6
1470377.52,35.27,5.73,358431.99,8.6
1470377.52,35.27,5.73,358431.99,8.6
1470079.39,35.27,5.73,358434.12,8.6
1469781.26,35.27,5.73,358425.34,8.6
1469781.26,35.27,5.73,358425.34,8.6
1469781.26,35.27,5.73,358587.89,8.61
1469673.69,35.28,5.74,358586.64,8.61
1469392.61,35.28,5.74,359525.54,8.63
1469392.61,35.28,5.74,359488.63,8.63
1469112.69,35.28,5.74,358717.95,8.61
1468844.51,35.28,5.74,358720.28,8.62
1468844.51,35.28,5.74,358720.28,8.62
1468927.73,35.29,5.75,359339.36,8.63
1468629.6,35.29,5.75,359308.96,8.63
1468331.47,35.29,5.75,359519.84,8.64
1468033.35,35.29,5.75,359506.98,8.64
1468182.34,35.3,5.76,359467.33,8.64
1468182.34,35.3,5.76,359467.33,8.64
1467901.26,35.3,5.76,360337.34,8.67
1467901.26,35.3,5.76,360337.34,8.67
1467664.17,35.3,5.76,360341.54,8.67
1467669.86,35.3,5.76,360357.86,8.67
1467401.69,35.3,5.76,360350.43,8.67
1467638.36,35.32,5.78,360355.38,8.67
1467340.23,35.32,5.78,360339.38,8.67
1467230.34,35.32,5.78,360777.73,8.69
1467230.34,35.32,5.78,360777.73,8.69
1467120.44,35.33,5.79,360560.32,8.68
1467123.54,35.33,5.79,360571.72,8.68
1466825.87,35.32,5.78,360308.97,8.68
1466526.97,35.32,5.78,361311.05,8.7
1466245.89,35.32,5.78,360560.16,8.69
1466555.67,35.33,5.8,361384.58,8.71
1466717.22,35.34,5.8,361234.71,8.7
1466603.57,35.34,5.8,361428.76,8.71
1466603.57,35.34,5.8,361428.76,8.71
1466043.8,35.33,5.79,360839.52,8.7
1466043.8,35.33,5.79,360839.52,8.7
1466319.36,35.34,5.8,360837.48,8.7
1466209.47,35.35,5.81,360814.71,8.7
1465911.34,35.35,5.81,360861.59,8.7
1465584.33,35.34,5.8,360822.93,8.7
1465286.21,35.35,5.81,360805.62,8.7
1465286.21,35.35,5.81,360805.62,8.7
1464990.4,35.35,5.81,361087.42,8.71
1464879.73,35.35,5.81,360937.43,8.71
1464721.11,35.35,5.81,360779.08,8.71
1464422.98,35.35,5.81,360699.01,8.71
1464215.16,35.35,5.81,361184.6,8.72
1463906.57,35.35,5.81,360967.75,8.72
1463906.57,35.35,5.81,361007.98,8.72
1463906.57,35.35,5.81,361007.98,8.72
1463906.57,35.35,5.81,361007.98,8.72
1463638.4,35.35,5.81,361008.42,8.72
1463638.4,35.35,5.81,361008.42,8.72
1463340.27,35.35,5.81,360984.61,8.72
1463042.14,35.35,5.81,360976.16,8.72
1462744.01,35.35,5.81,361033.28,8.73
1462744.01,35.35,5.81,361065.89,8.73
1462744.01,35.35,5.81,361065.89,8.73
1462893.01,35.36,5.82,360973.39,8.73
1462594.11,35.36,5.82,361748.51,8.75
1462377.97,35.37,5.83,361665.64,8.75
1462377.97,35.37,5.83,361665.64,8.75
1462360.43,35.37,5.83,361796.77,8.75
1462537.06,35.38,5.84,361801.06,8.75
1462238.93,35.38,5.84,361770.68,8.75
1462238.93,35.38,5.84,361770.68,8.75
1461940.8,35.38,5.84,361914.2,8.76
1461940.8,35.38,5.84,361914.2,8.76
1461940.8,35.38,5.84,361914.2,8.76
1461642.68,35.38,5.84,361908.64,8.76
1461498.63,35.38,5.84,362309.51,8.77
1461501.73,35.38,5.84,362480.09,8.78
1461773.29,35.39,5.85,361954.36,8.76
1461773.29,35.39,5.85,361954.36,8.76
1462897.27,35.42,5.88,365309.29,8.84
1462897.27,35.42,5.88,365309.29,8.84
1462629.1,35.42,5.88,365313.81,8.85
1462775.77,35.43,5.89,365288.4,8.85
1462477.64,35.43,5.89,365330.03,8.85
1462179.52,35.43,5.89,365290.35,8.85
1461883.71,35.43,5.89,365288.69,8.85
1461498.91,35.43,5.89,366280.6,8.88
1461345.39,35.43,5.89,366301.68,8.88
1461094.99,35.43,5.89,365731.14,8.87
1460826.82,35.43,5.89,365729.88,8.87
1460826.82,35.43,5.89,365729.88,8.87
1460528.69,35.43,5.89,365703.07,8.87
1460370.45,35.43,5.89,365545.1,8.87
1460517.13,35.44,5.9,365564.45,8.87
1460219.0,35.44,5.9,365564.25,8.87
1460222.1,35.44,5.9,365720.55,8.88
1460222.1,35.44,5.9,365720.55,8.88
1459981.39,35.44,5.9,367976.0,8.93
1460906.5,35.47,5.93,367691.4,8.93
1460906.5,35.47,5.93,367691.4,8.93
1460638.33,35.47,5.93,367695.92,8.93
1460638.33,35.47,5.93,367695.92,8.93
1460089.4,35.46,5.92,367116.6,8.92
1459791.27,35.46,5.92,367086.63,8.92
1459737.55,35.47,5.93,366494.15,8.91
1459424.55,35.47,5.93,366480.78,8.91
1459126.42,35.47,5.93,366643.68,8.91
1459126.42,35.47,5.93,366643.68,8.91
1459273.1,35.48,5.94,366563.18,8.91
1459004.02,35.48,5.94,367171.66,8.93
1459004.02,35.48,5.94,367171.66,8.93
1458988.83,35.48,5.94,367018.96,8.93
1460834.17,35.53,5.99,369663.31,8.99
1460893.26,35.53,5.99,369664.66,8.99
1460632.95,35.53,5.99,368314.66,8.96
1460335.68,35.53,5.99,368289.1,8.96
1460037.55,35.53,5.99,368341.63,8.96
1459739.43,35.53,5.99,368303.25,8.97
1459739.43,35.53,5.99,368303.25,8.97
1459739.43,35.53,5.99,368303.25,8.97
1460145.37,35.55,6.01,368863.87,8.98
1459847.24,35.55,6.01,368838.49,8.98
1459847.24,35.55,6.01,368838.49,8.98
1459551.44,35.55,6.01,369226.03,8.99
1459551.44,35.55,6.01,369226.03,8.99
1459551.44,35.55,6.01,369226.03,8.99
1459252.54,35.55,6.01,369130.72,8.99
1459151.55,35.55,6.01,368887.98,8.99
1459151.55,35.55,6.01,368887.98,8.99
1459151.55,35.55,6.01,368887.98,8.99
1459598.3,35.57,6.02,369821.64,9.01
1459873.86,35.58,6.03,369819.59,9.01
1459310.29,35.57,6.03,369231.35,9.0
1459012.17,35.57,6.03,369207.88,9.0
1458714.04,35.57,6.03,369271.45,9.0
1458415.91,35.57,6.03,369239.83,9.01
1458415.91,35.57,6.03,369239.83,9.01
1458415.91,35.57,6.03,369239.83,9.01
1458120.11,35.57,6.03,369199.49,9.01
1458120.11,35.57,6.03,369199.49,9.01
1457821.2,35.58,6.03,369825.86,9.02
1457559.1,35.58,6.04,369700.65,9.02
1457559.1,35.58,6.04,369700.65,9.02
1457411.63,35.58,6.04,369776.87,9.03
1457143.46,35.58,6.04,369781.39,9.03
1456845.33,35.58,6.04,369751.42,9.03
1456547.2,35.59,6.04,369861.57,9.04
1456249.08,35.59,6.05,369809.12,9.04
1455953.27,35.59,6.05,369753.06,9.04
1455686.31,35.59,6.05,369907.59,9.04
1455824.34,35.59,6.05,370183.59,9.05
1455824.34,35.59,6.05,370183.59,9.05
1455543.26,35.59,6.05,370803.94,9.07
1455424.45,35.6,6.06,370487.74,9.06
1455115.87,35.6,6.06,370344.82,9.06
1455115.87,35.6,6.06,370344.82,9.06
1455115.87,35.6,6.06,370344.82,9.06
1454847.69,35.6,6.06,370343.89,9.06
1454994.37,35.61,6.07,370318.74,9.06
1454994.37,35.61,6.07,370318.74,9.06
1454994.37,35.61,6.07,370318.74,9.06
1454994.37,35.61,6.07,370318.74,9.06
1454884.48,35.61,6.07,370364.75,9.07
1454884.48,35.61,6.07,370364.75,9.07
1454884.48,35.61,6.07,370364.75,9.07
1454586.35,35.62,6.07,370329.21,9.07
1454201.54,35.61,6.07,370310.2,9.07
1454095.08,35.61,6.07,370202.85,9.07
1454180.95,35.62,6.07,370316.71,9.07
1453882.05,35.62,6.08,370295.51,9.07
1453882.05,35.62,6.08,370295.51,9.07
1454766.55,35.64,6.1,371989.01,9.11
1454151.13,35.63,6.09,371671.92,9.11
1454151.13,35.63,6.09,371671.92,9.11
1453504.33,35.62,6.08,371036.94,9.09
1453504.33,35.62,6.08,371036.94,9.09
1453236.16,35.63,6.08,371037.38,9.1
1452938.03,35.63,6.09,371008.87,9.1
1452639.9,35.63,6.09,371035.57,9.1
1452341.78,35.63,6.09,371015.85,9.1
1452490.77,35.64,6.1,371002.35,9.1
1452490.77,35.64,6.1,371002.35,9.1
1451328.22,35.64,6.1,370970.81,9.11
1451328.22,35.64,6.1,370970.81,9.11
1451174.47,35.64,6.1,371027.31,9.11
1451174.47,35.64,6.1,371027.31,9.11
1450875.56,35.64,6.1,370992.33,9.11
1450577.44,35.65,6.1,370961.74,9.12
1450419.2,35.64,6.1,370803.77,9.11
1450307.76,35.65,6.11,371269.81,9.13
1450011.96,35.65,6.11,371919.35,9.14
1450188.59,35.66,6.12,371924.2,9.14
1450188.59,35.66,6.12,371924.2,9.14
1449890.46,35.66,6.12,371893.27,9.15
1449890.46,35.66,6.12,371865.83,9.15
1449609.37,35.66,6.12,371478.48,9.14
1449315.77,35.66,6.12,371478.76,9.14
1448940.96,35.66,6.12,371543.78,9.14
1448642.83,35.66,6.12,371490.25,9.14
1448642.83,35.66,6.12,371490.25,9.14
1448642.83,35.66,6.12,371490.25,9.14
1448644.85,35.66,6.12,371520.47,9.15
1448644.85,35.66,6.12,371520.47,9.15
1448553.16,35.66,6.12,371354.27,9.14
1448553.16,35.66,6.12,371354.27,9.14
1448255.04,35.66,6.12,371333.57,9.14
1447959.23,35.67,6.12,371597.53,9.15
1447660.33,35.67,6.13,371415.08,9.15
1447362.2,35.67,6.13,371364.06,9.15
1447062.53,35.67,6.13,371388.33,9.15
1447062.53,35.67,6.13,371388.33,9.15
1446794.35,35.67,6.13,371390.66,9.16
1446794.35,35.67,6.13,371390.66,9.16
1446794.35,35.67,6.13,371390.66,9.16
1446684.46,35.68,6.14,371372.55,9.16
1446831.13,35.68,6.14,371359.21,9.16
1446721.24,35.69,6.15,371399.96,9.16
1446721.24,35.69,6.15,371399.96,9.16
1446567.49,35.69,6.15,371357.03,9.16
1446716.49,35.7,6.15,371570.96,9.17
1446716.49,35.7,6.15,371572.62,9.17
1446331.68,35.69,6.15,371494.73,9.17
1446050.6,35.69,6.15,372572.91,9.2
1446285.16,35.71,6.16,372719.68,9.2
1445637.46,35.7,6.16,372267.79,9.19
1445369.28,35.7,6.16,372258.09,9.19
1445071.16,35.7,6.16,372302.82,9.2
1444773.03,35.7,6.16,372279.15,9.2
1444474.9,35.7,6.16,372233.63,9.2
1444478.0,35.7,6.16,373229.47,9.23
1444749.56,35.71,6.17,372722.95,9.21
1444605.22,35.71,6.17,374420.74,9.26
1445459.56,35.74,6.2,374507.05,9.26
1445191.39,35.74,6.2,374504.63,9.26
1445191.39,35.74,6.2,374504.63,9.26
1444893.26,35.74,6.2,374478.98,9.26
1444893.26,35.74,6.2,374478.98,9.26
1444893.26,35.74,6.2,374478.98,9.26
1444922.4,35.75,6.21,374541.09,9.27
1444624.28,35.75,6.21,374481.36,9.27
1444328.47,35.75,6.21,375366.18,9.29
1444328.47,35.75,6.21,375366.18,9.29
1444047.39,35.75,6.21,374967.1,9.28
1444099.81,35.76,6.22,375248.73,9.29
1443831.63,35.77,6.23,375247.8,9.3
1443831.63,35.77,6.23,375247.8,9.3
1443533.51,35.77,6.23,375220.66,9.3
1443533.51,35.77,6.23,375220.66,9.3
1443057.49,35.76,6.22,374949.18,9.29
1442646.86,35.76,6.22,374192.17,9.28
1442348.73,35.76,6.22,374189.88,9.28
1442348.73,35.76,6.22,374189.88,9.28
1442495.41,35.77,6.23,374653.43,9.29
1442351.36,35.77,6.23,374185.84,9.28
1442351.36,35.77,6.23,374185.84,9.28
1441704.82,35.76,6.22,373773.05,9.27
1441704.82,35.76,6.22,373773.05,9.27
1441704.82,35.76,6.22,373773.05,9.27
1441517.08,35.76,6.22,375784.42,9.32
1441248.91,35.77,6.22,375777.0,9.33
1441007.47,35.77,6.23,375001.96,9.31
1440893.2,35.78,6.23,374735.96,9.3
1440595.07,35.78,6.23,374715.31,9.31
1440296.94,35.78,6.24,374713.02,9.31
1439998.81,35.78,6.24,374754.63,9.31
1439539.03,35.78,6.23,374252.54,9.3
1439243.22,35.78,6.23,374342.77,9.31
1439243.22,35.78,6.23,374342.77,9.31
1439461.17,35.79,6.24,374574.27,9.31
1439600.66,35.8,6.26,375257.38,9.33
1439600.66,35.8,6.26,375257.38,9.33
1439600.66,35.8,6.26,375257.38,9.33
1439659.75,35.81,6.26,375258.73,9.33
1439361.63,35.81,6.27,375296.12,9.34
1439508.3,35.82,6.27,375264.57,9.34
1439508.3,35.82,6.27,375264.57,9.34
1438782.99,35.81,6.26,374726.78,9.33
1438483.7,35.8,6.26,374426.05,9.32
1438263.67,35.8,6.26,374211.67,9.31
1437965.54,35.8,6.26,374173.84,9.32
1437669.74,35.8,6.26,374646.74,9.33
1437669.74,35.8,6.26,374646.74,9.33
1437388.65,35.8,6.26,374975.54,9.34
1437120.48,35.81,6.26,374968.11,9.34
1437028.79,35.81,6.27,374321.05,9.33
1436743.35,35.81,6.27,375188.8,9.35
1436743.35,35.81,6.27,375188.8,9.35
1436743.35,35.81,6.27,375188.8,9.35
1436445.22,35.81,6.27,375168.16,9.35
1436445.22,35.81,6.27,375168.16,9.35
1436147.09,35.82,6.27,375263.38,9.36
1436147.09,35.82,6.27,375263.38,9.36
1436293.77,35.82,6.28,375234.78,9.36
1436293.77,35.82,6.28,375234.78,9.36
1435997.97,35.82,6.28,375207.17,9.36
1435699.06,35.83,6.28,375849.78,9.38
1435699.06,35.83,6.28,375849.78,9.38
1435527.33,35.82,6.28,375645.65,9.37
1435527.33,35.82,6.28,375645.65,9.37
1435527.33,35.82,6.28,375645.65,9.37
1435527.33,35.82,6.28,375645.65,9.37
1435426.35,35.83,6.29,375533.09,9.37
1435426.35,35.83,6.29,375533.09,9.37
1435426.35,35.83,6.29,375533.09,9.37
1435465.97,35.84,6.29,375830.04,9.38
1435194.23,35.83,6.29,375662.89,9.38
1435194.23,35.83,6.29,375662.89,9.38
1435253.32,35.84,6.3,375664.24,9.38
1435143.43,35.84,6.3,375642.05,9.38
1435143.43,35.84,6.3,375642.05,9.38
1434845.3,35.84,6.3,375686.49,9.39
1434845.3,35.84,6.3,375686.49,9.39
1434724.64,35.84,6.3,375553.88,9.38
1434426.51,35.84,6.3,375541.69,9.38
1434426.51,35.84,6.3,375502.2,9.38
1434650.32,35.85,6.31,376805.72,9.42
1434650.32,35.85,6.31,376805.72,9.42
1434650.32,35.85,6.31,376805.72,9.42
1434855.62,35.86,6.32,377740.54,9.44
1434700.91,35.86,6.31,377587.4,9.44
1434700.91,35.86,6.31,377587.4,9.44
1434700.91,35.86,6.31,377587.4,9.44
1434732.65,35.86,6.32,378301.73,9.46
1434732.65,35.86,6.32,378301.73,9.46
1435145.38,35.87,6.33,378054.01,9.45
1434877.21,35.88,6.33,378046.85,9.45
1435014.61,35.88,6.34,377741.72,9.45
1434535.62,35.88,6.34,377559.44,9.44
1434237.49,35.88,6.34,377538.53,9.44
1433939.36,35.88,6.34,377615.67,9.45
1433641.24,35.88,6.34,377555.41,9.45
1433533.67,35.89,6.34,377533.22,9.45
1433234.76,35.89,6.35,377847.36,9.46
1432945.54,35.89,6.35,377579.06,9.46
1432825.19,35.9,6.35,377891.6,9.47
1432825.19,35.9,6.35,377891.6,9.47
1432745.25,35.9,6.36,377900.55,9.47
1432447.12,35.9,6.36,377875.82,9.47
1432530.68,35.91,6.37,377901.06,9.47
1432232.55,35.91,6.37,377867.85,9.47
1431936.74,35.91,6.37,377922.79,9.48
1431733.39,35.91,6.37,377869.8,9.48
1431434.49,35.91,6.37,378344.08,9.49
1431438.02,35.91,6.37,378348.55,9.49
1431583.41,35.91,6.37,378733.39,9.5
1431443.94,35.92,6.38,378244.34,9.49
1431443.94,35.92,6.38,378244.34,9.49
1431383.66,35.92,6.38,378755.53,9.51
1431560.29,35.93,6.39,378760.38,9.51
1431191.19,35.93,6.38,378391.19,9.5
1431081.29,35.93,6.39,378371.22,9.5
1430844.54,35.93,6.38,378404.83,9.5
1430546.41,35.93,6.39,378373.71,9.5
1430436.52,35.93,6.39,378357.79,9.5
1430140.71,35.93,6.39,378415.19,9.51
1430140.71,35.93,6.39,378415.19,9.51
1430140.71,35.93,6.39,378415.19,9.51
1430030.04,35.94,6.4,378382.57,9.51
1430030.04,35.94,6.4,378382.57,9.51
1429731.91,35.94,6.4,378345.23,9.51
1429975.97,35.95,6.41,379610.9,9.54
1429652.41,35.95,6.41,379621.38,9.55
1429652.41,35.95,6.41,379501.94,9.54
1429652.41,35.95,6.41,379343.11,9.54
1429652.41,35.95,6.41,379343.11,9.54
1429517.08,35.95,6.41,379324.61,9.54
1429309.96,35.95,6.41,379445.52,9.54
1429309.96,35.95,6.41,379445.52,9.54
1428986.4,35.95,6.41,379424.26,9.55
1429109.96,35.96,6.42,379446.84,9.55
1429109.96,35.96,6.42,379446.84,9.55
1428785.63,35.96,6.42,379427.23,9.55
1428400.82,35.96,6.42,379415.6,9.55
1428077.26,35.96,6.42,379717.81,9.56
1428077.26,35.96,6.42,379717.81,9.56
1428196.95,35.96,6.42,379977.16,9.57
1427928.78,35.97,6.43,379977.6,9.57
1427543.97,35.96,6.42,379708.34,9.57
1427245.85,35.96,6.42,379679.83,9.57
1427245.85,35.96,6.42,379679.83,9.57
1427392.52,35.97,6.43,379713.65,9.57
1427097.51,35.97,6.43,379408.81,9.56
1426799.38,35.97,6.43,379384.71,9.56
1426503.58,35.97,6.43,379368.48,9.57
1426345.35,35.97,6.43,379216.01,9.56
1426046.44,35.97,6.43,379448.24,9.57
1425748.32,35.97,6.43,379386.68,9.57
1425448.64,35.97,6.43,379641.82,9.58
1425368.7,35.98,6.44,379650.77,9.58
1425489.49,35.98,6.45,379616.14,9.58
1425489.49,35.98,6.45,379616.14,9.58
1425191.36,35.99,6.45,379648.98,9.59
1425276.56,35.99,6.45,379737.22,9.59
1424978.43,35.99,6.45,379700.14,9.59
1424682.62,35.99,6.45,379705.01,9.59
1424828.53,36.0,6.46,379846.45,9.6
1424718.63,36.0,6.46,379692.02,9.6
1424342.74,36.0,6.46,380636.06,9.62
1424222.38,36.0,6.46,380692.31,9.62
1424227.27,36.0,6.46,380684.36,9.62
1423959.09,36.01,6.47,380686.7,9.63
1423988.23,36.01,6.47,380657.6,9.63
1423878.34,36.02,6.48,380712.82,9.63
1423580.21,36.02,6.48,380662.97,9.63
1423472.64,36.02,6.48,380689.08,9.63
1423173.74,36.02,6.48,381289.56,9.65
1422885.24,36.02,6.48,381044.72,9.65
1422596.02,36.02,6.48,380637.68,9.64
1423150.63,36.04,6.5,381943.97,9.67
1422882.46,36.04,6.5,381942.72,9.67
1422584.33,36.04,6.5,381915.9,9.68
1421937.4,36.03,6.49,381280.92,9.66
1422183.01,36.04,6.5,381344.5,9.66
1422183.01,36.04,6.5,381344.5,9.66
1422073.11,36.04,6.5,381305.7,9.66
1421737.43,36.04,6.5,381278.83,9.67
1421886.42,36.05,6.51,381660.93,9.68
1421501.62,36.04,6.5,381531.54,9.67
1421501.62,36.04,6.5,381531.54,9.67
1421368.25,36.05,6.51,381671.68,9.68
1421859.89,36.07,6.53,383025.96,9.72
1421591.71,36.07,6.53,383025.03,9.72
1421591.71,36.07,6.53,383025.03,9.72
1421293.58,36.07,6.53,382997.89,9.72
1421440.26,36.08,6.54,383075.18,9.72
1421444.13,36.08,6.54,383683.13,9.74
1421444.13,36.08,6.54,383683.13,9.74
1421444.13,36.08,6.54,383683.13,9.74
1421289.32,36.08,6.54,383418.86,9.73
1421289.32,36.08,6.54,383418.86,9.73
1422268.84,36.12,6.58,386282.11,9.81
1422223.71,36.12,6.58,386178.14,9.81
1421955.54,36.12,6.58,386182.66,9.81
1421955.54,36.12,6.58,386182.66,9.81
1422110.61,36.13,6.59,386152.09,9.81
1422110.61,36.13,6.59,386152.09,9.81
1422110.61,36.13,6.59,386152.09,9.81
1422110.61,36.13,6.59,386152.09,9.81
1422057.68,36.14,6.6,385557.75,9.8
1422057.68,36.14,6.6,385557.75,9.8
1421759.55,36.14,6.6,385617.45,9.8
1421649.65,36.14,6.6,385580.1,9.8
1421353.85,36.14,6.6,385554.47,9.8
1421054.95,36.14,6.6,385953.94,9.82
1420945.05,36.15,6.61,386067.49,9.82
1421027.05,36.16,6.62,386467.44,9.83
1420758.88,36.16,6.62,386471.96,9.84
1420460.75,36.16,6.62,386439.37,9.84
1420350.86,36.17,6.63,386495.6,9.84
1420350.86,36.17,6.63,386495.6,9.84
1420052.73,36.17,6.63,386451.02,9.84
1419756.93,36.17,6.63,386691.21,9.85
1419646.26,36.17,6.63,386542.57,9.85
1419646.26,36.17,6.63,386542.57,9.85
1419273.06,36.17,6.63,386437.27,9.85
1418974.94,36.17,6.63,386828.47,9.86
1418863.49,36.17,6.63,386855.77,9.86
1418783.55,36.18,6.64,386864.72,9.87
1418485.43,36.18,6.64,386836.7,9.87
1418485.43,36.18,6.64,386836.7,9.87
1418485.43,36.18,6.64,386836.7,9.87
1418187.3,36.18,6.64,386824.67,9.87
1417889.17,36.19,6.64,386852.81,9.87
1417593.37,36.19,6.65,386832.87,9.87
1417739.27,36.19,6.65,387319.17,9.89
1417441.14,36.2,6.66,387005.21,9.88
1417141.46,36.2,6.66,387439.98,9.9
1417033.23,36.2,6.66,387337.51,9.89
1416765.05,36.2,6.66,387334.22,9.9
1416466.93,36.2,6.66,387309.44,9.9
1416168.8,36.2,6.66,387497.23,9.91
1415870.67,36.2,6.66,387464.45,9.91
1415574.87,36.21,6.66,387425.68,9.91
1415190.06,36.2,6.66,387032.28,9.9
1414908.98,36.2,6.66,387567.97,9.92
1414817.29,36.21,6.67,387267.32,9.91
1414475.61,36.2,6.66,386898.43,9.9
1414605.66,36.21,6.67,387122.54,9.91
1414210.3,36.2,6.66,386782.44,9.9
1414210.3,36.2,6.66,386782.44,9.9
1414210.3,36.2,6.66,386782.44,9.9
1414212.07,36.2,6.66,386814.92,9.9
1414053.84,36.2,6.66,386676.01,9.9
1414053.84,36.2,6.66,386676.01,9.9
1413785.66,36.2,6.66,386668.85,9.9
1413675.77,36.21,6.67,386648.65,9.9
1413377.64,36.21,6.67,386650.78,9.91
1413079.51,36.21,6.67,387052.66,9.92
1413080.3,36.21,6.67,387053.85,9.92
1412784.5,36.21,6.67,386985.87,9.92
1413002.44,36.22,6.68,386853.9,9.92
1413117.98,36.24,6.69,388115.43,9.95
1413294.61,36.24,6.7,388120.28,9.95
1413294.61,36.24,6.7,388120.28,9.95
1413294.61,36.24,6.7,388120.28,9.95
1412996.49,36.25,6.7,388089.34,9.96
1412611.68,36.24,6.7,388160.93,9.96
1412611.68,36.24,6.7,388160.93,9.96
1412679.38,36.24,6.7,388156.4,9.96
1412679.38,36.24,6.7,388156.4,9.96
1412679.38,36.24,6.7,388156.4,9.96
1412569.49,36.25,6.71,388111.86,9.96
1412275.88,36.25,6.71,388115.0,9.96
1412521.49,36.26,6.72,388084.49,9.96
1412185.8,36.26,6.72,388431.72,9.97
1412185.8,36.26,6.72,388431.72,9.97
1412188.9,36.26,6.72,388483.32,9.97
1411998.06,36.26,6.72,388352.56,9.97
1412175.53,36.27,6.73,390133.97,10.02
1413447.0,36.3,6.76,390973.52,10.04
1413447.0,36.3,6.76,390973.52,10.04
1413623.63,36.31,6.77,390977.81,10.04
1413325.51,36.31,6.77,390947.43,10.04
1413325.51,36.31,6.77,390947.43,10.04
1413325.51,36.31,6.77,390947.43,10.04
1413215.61,36.32,6.78,390995.66,10.05
1413105.72,36.32,6.78,390964.63,10.05
1413105.72,36.32,6.78,390964.63,10.05
1412809.91,36.32,6.78,390955.84,10.05
1412809.91,36.32,6.78,390955.84,10.05
1412425.11,36.32,6.78,390938.53,10.05
1412126.21,36.32,6.78,391251.85,10.06
1411828.08,36.32,6.78,390984.52,10.06
1411973.21,36.33,6.79,391795.76,10.08
1412019.67,36.33,6.79,391808.69,10.08
1412295.24,36.34,6.8,391806.65,10.08
1412295.24,36.34,6.8,391806.65,10.08
1412295.24,36.34,6.8,391806.65,10.08
1412185.34,36.35,6.81,391783.88,10.08
1412185.34,36.35,6.81,391783.88,10.08
1411997.61,36.34,6.8,391638.17,10.08
1411699.48,36.35,6.8,391676.62,10.08
1411699.48,36.35,6.8,391676.62,10.08
1411401.35,36.35,6.81,391646.91,10.09
1411105.55,36.35,6.81,391629.93,10.09
1410947.31,36.35,6.81,391473.04,10.08
1410648.41,36.35,6.81,391840.35,10.1
1410648.41,36.35,6.81,391755.6,10.09
1410648.41,36.35,6.81,391755.6,10.09
1410300.2,36.34,6.8,392871.2,10.12
1410534.76,36.36,6.82,392670.83,10.12
1410719.78,36.37,6.83,392671.31,10.12
1410609.89,36.37,6.83,392645.49,10.12
1410500.0,36.38,6.84,392682.49,10.13
1410500.0,36.38,6.84,392682.49,10.13
1410201.87,36.38,6.84,392661.9,10.13
1409906.06,36.38,6.84,392641.37,10.13
1409607.16,36.38,6.84,392633.49,10.13
1409309.03,36.39,6.84,393191.1,10.15
1409009.36,36.39,6.85,393325.64,10.16
1408741.18,36.39,6.85,393323.22,10.16
1408357.99,36.38,6.84,393059.2,10.15
1408357.99,36.38,6.84,393059.2,10.15
1408357.99,36.38,6.84,393059.2,10.15
1408059.86,36.39,6.84,393033.55,10.16
1407761.73,36.39,6.85,393076.89,10.16
1407761.73,36.39,6.85,393076.89,10.16
1408007.34,36.4,6.86,393044.14,10.16
1407848.99,36.39,6.85,392886.3,10.16
1407553.18,36.4,6.85,392869.88,10.16
1407254.28,36.4,6.86,393062.87,10.17
1407254.28,36.4,6.86,393062.87,10.17
1406740.54,36.39,6.85,392936.02,10.16
1406740.54,36.39,6.85,392914.43,10.16
1406442.41,36.39,6.85,392875.68,10.17
1406587.54,36.4,6.86,393303.99,10.18
1406319.37,36.4,6.86,393300.71,10.18
1406021.24,36.4,6.86,393275.92,10.18
1405911.35,36.41,6.87,393319.66,10.19
1405613.22,36.41,6.87,393291.86,10.19
1405613.22,36.41,6.87,393291.86,10.19
1403258.15,36.43,6.88,393241.32,10.21
1402962.35,36.43,6.89,393219.87,10.21
1402663.44,36.43,6.89,393764.04,10.23
1402663.44,36.43,6.89,393790.52,10.23
1402437.23,36.43,6.89,393627.87,10.23
1402440.77,36.43,6.89,393631.64,10.23
1402070.94,36.43,6.89,393423.17,10.22
1401834.18,36.43,6.89,393170.86,10.22
1401510.62,36.43,6.89,393142.35,10.22
1401512.57,36.43,6.89,393162.33,10.22
1401244.4,36.43,6.89,393159.05,10.22
1401244.4,36.43,6.89,393159.05,10.22
1400946.27,36.44,6.89,393134.26,10.22
1400648.14,36.44,6.9,393199.89,10.23
1400350.01,36.44,6.9,393150.72,10.23
1400350.01,36.44,6.9,393150.72,10.23
1400350.01,36.44,6.9,393150.72,10.23
1400350.01,36.44,6.9,393150.72,10.23
1400350.01,36.44,6.9,393150.72,10.23
1400350.01,36.44,6.9,393150.72,10.23
1400353.11,36.44,6.9,393359.38,10.24
1400269.17,36.44,6.9,394571.26,10.27
1400269.17,36.44,6.9,394571.26,10.27
1400559.32,36.45,6.91,394108.65,10.26
1400445.94,36.46,6.92,393427.78,10.24
1400612.39,36.47,6.93,394594.79,10.27
1400064.65,36.46,6.92,394002.19,10.26
1400064.65,36.46,6.92,394002.19,10.26
1399741.09,36.46,6.92,394025.1,10.26
1399741.09,36.46,6.92,394025.1,10.26
1399417.52,36.46,6.92,393995.08,10.27
1399541.09,36.47,6.93,393995.68,10.27
1399541.09,36.47,6.93,393995.68,10.27
1399433.12,36.47,6.93,393914.24,10.27
1399108.78,36.47,6.93,394030.55,10.27
1398973.45,36.47,6.93,393907.88,10.27
1398836.57,36.48,6.94,394677.93,10.29
1398950.08,36.49,6.95,394673.24,10.29
1398950.08,36.49,6.95,394673.24,10.29
1398950.08,36.49,6.95,394673.24,10.29
1398651.95,36.49,6.95,394695.64,10.3
1398542.06,36.49,6.95,394673.99,10.3
1398542.06,36.49,6.95,394688.03,10.3
1398243.93,36.49,6.96,394674.33,10.3
1395685.38,36.5,6.97,394626.5,10.32
1395389.57,36.51,6.97,394738.91,10.33
1395278.9,36.51,6.98,394648.75,10.33
1394980.78,36.51,6.98,394603.08,10.33
1395708.18,36.53,7.0,396381.23,10.37
1395708.18,36.53,7.0,396381.23,10.37
1395708.18,36.53,7.0,396381.23,10.37
1395550.22,36.53,6.99,396249.78,10.37
1395165.41,36.52,6.99,395844.01,10.36
1394897.24,36.53,6.99,395846.34,10.37
1394926.38,36.53,7.0,395817.25,10.37
1394628.25,36.53,7.0,395870.95,10.37
1394628.25,36.53,7.0,395870.95,10.37
1394330.13,36.54,7.0,395830.08,10.37
1394330.13,36.54,7.0,395830.08,10.37
1394032.86,36.53,7.0,395808.56,10.37
1393737.05,36.53,7.0,396037.01,10.38
1393438.15,36.54,7.0,395908.75,10.38
1393140.02,36.54,7.0,396000.58,10.39
1392840.34,36.54,7.0,395823.47,10.38
1392840.34,36.54,7.0,395823.47,10.38
1392840.34,36.54,7.0,395823.47,10.38
1392899.44,36.55,7.01,395824.82,10.39
1392789.55,36.55,7.02,395802.63,10.39
1392491.42,36.55,7.02,395793.68,10.39
1392646.49,36.56,7.03,395837.08,10.39
1392646.49,36.56,7.03,395837.08,10.39
1392646.49,36.56,7.03,395837.08,10.39
1392596.49,36.56,7.03,395787.08,10.39
1392596.49,36.56,7.03,395787.08,10.39
1392596.49,36.56,7.03,395787.08,10.39
1392213.29,36.56,7.02,395767.48,10.39
1391917.49,36.56,7.02,395739.25,10.39
1391917.49,36.56,7.02,395739.25,10.39
1391618.58,36.56,7.02,396590.74,10.42
1391321.44,36.55,7.02,396310.34,10.41
1391032.22,36.56,7.02,395902.95,10.4
1390728.54,36.56,7.02,396035.11,10.41
1390905.17,36.57,7.03,396039.4,10.41
1390520.37,36.56,7.03,396011.01,10.41
1390222.24,36.56,7.03,396068.47,10.42
1389924.12,36.56,7.03,396041.85,10.42
1389814.22,36.57,7.04,396004.22,10.42
1389518.42,36.57,7.04,396451.99,10.43
1389664.32,36.58,7.05,396321.94,10.43
1389433.85,36.58,7.05,396313.52,10.43
1389223.43,36.58,7.05,396100.95,10.43
1388913.08,36.58,7.05,396533.55,10.44
1388644.91,36.58,7.05,396530.26,10.45
1388346.78,36.59,7.05,396565.36,10.45
1388056.76,36.58,7.05,396263.81,10.44
1388056.76,36.58,7.05,396263.81,10.44
1387758.63,36.58,7.05,396216.0,10.44
1387460.51,36.58,7.05,396197.35,10.45
1387164.7,36.59,7.05,396370.36,10.45
1386865.8,36.59,7.05,396324.4,10.46
1386865.8,36.59,7.05,396324.4,10.46
1386865.8,36.59,7.05,396324.4,10.46
1386576.58,36.59,7.06,396440.69,10.46
1386456.23,36.6,7.06,396357.19,10.46
1386188.06,36.6,7.06,396359.52,10.46
1385889.93,36.6,7.06,396331.74,10.47
1385919.07,36.61,7.07,396373.52,10.47
1385620.94,36.61,7.07,396344.43,10.47
1385620.94,36.61,7.07,396344.43,10.47
1385620.94,36.61,7.07,396344.43,10.47
1385323.67,36.6,7.07,396321.75,10.47
1385027.87,36.61,7.07,396509.83,10.48
1384917.2,36.61,7.08,396400.02,10.48
1384619.07,36.61,7.08,396314.36,10.48
1384319.39,36.61,7.08,396521.31,10.49
1384239.46,36.62,7.08,396530.26,10.49
1383941.33,36.62,7.09,396496.67,10.49
1383941.33,36.62,7.09,396496.67,10.49
1384186.94,36.63,7.1,396531.82,10.49
1383888.81,36.63,7.1,396509.0,10.5
1383888.81,36.63,7.1,396509.0,10.5
1383888.81,36.63,7.1,396509.0,10.5
1383593.0,36.63,7.1,396488.3,10.5
1383257.32,36.63,7.1,396614.49,10.5
1382958.41,36.63,7.1,396504.39,10.5
1382660.29,36.63,7.1,396479.63,10.5
1382660.29,36.63,7.1,396479.63,10.5
1382805.41,36.64,7.11,397288.58,10.53
1382805.41,36.64,7.11,397288.58,10.53
1382537.24,36.65,7.11,397293.1,10.53
1382239.11,36.65,7.11,397263.13,10.53
1381940.98,36.65,7.11,397751.46,10.55
1381645.95,36.65,7.12,397440.78,10.54
1381645.95,36.65,7.12,397440.78,10.54
1381562.01,36.66,7.12,397526.01,10.55
1381187.21,36.65,7.12,397125.17,10.54
1381206.67,36.66,7.12,398092.32,10.57
1381206.67,36.66,7.12,398092.32,10.57
1381206.67,36.66,7.12,398092.32,10.57
1381206.67,36.66,7.12,398092.32,10.57
1381048.43,36.66,7.12,397937.66,10.56
1380878.73,36.65,7.12,397617.76,10.55
1380878.73,36.65,7.12,397617.76,10.55
1380784.6,36.66,7.13,397586.57,10.56
1380516.43,36.66,7.13,397588.9,10.56
1380516.43,36.66,7.13,397588.9,10.56
1379869.13,36.66,7.12,396904.88,10.54
1379869.13,36.66,7.12,396904.88,10.54
1380015.81,36.66,7.13,396879.35,10.54
1379717.68,36.67,7.13,396954.78,10.55
1379746.82,36.67,7.14,396898.1,10.55
1379639.25,36.68,7.14,396872.39,10.55
1379254.45,36.67,7.14,396868.28,10.55
1378955.55,36.67,7.14,397493.72,10.57
1378748.01,36.67,7.14,397036.14,10.56
1378647.03,36.68,7.14,396934.59,10.56
1378804.19,36.69,7.15,397887.15,10.59
1378724.25,36.69,7.16,397896.1,10.59
1378614.35,36.7,7.16,397876.55,10.59
1378504.46,36.7,7.17,397857.47,10.59
1378206.33,36.7,7.17,397884.93,10.6
1378206.33,36.7,7.17,397944.8,10.6
1378237.8,36.71,7.17,397927.15,10.6
1377938.89,36.71,7.18,397909.68,10.6
1377640.77,36.71,7.18,398721.7,10.63
1377640.77,36.71,7.18,398721.7,10.63
1377341.09,36.72,7.18,398705.46,10.63
1377072.92,36.72,7.18,398705.9,10.63
1376774.79,36.72,7.18,398680.01,10.63
1376476.66,36.72,7.19,398716.75,10.64
1376178.53,36.72,7.19,398686.3,10.64
1376178.53,36.72,7.19,398686.3,10.64
1375882.73,36.73,7.19,398670.17,10.64
1376028.63,36.73,7.2,398916.06,10.65
1375730.5,36.74,7.2,398845.52,10.65
1375430.82,36.74,7.2,399096.23,10.66
1375350.88,36.74,7.21,399105.18,10.66
1375350.88,36.74,7.21,399105.18,10.66
1375350.88,36.74,7.21,399105.18,10.66
1375052.76,36.75,7.21,399116.36,10.67
1374754.63,36.75,7.21,399092.52,10.67
1374644.73,36.75,7.22,399112.22,10.67
1374348.93,36.75,7.22,399219.88,10.68
1373953.97,36.75,7.21,398809.28,10.67
1373843.3,36.75,7.22,398647.06,10.66
1373733.41,36.76,7.22,399454.89,10.69
1373733.41,36.76,7.22,399454.89,10.69
1373433.73,36.76,7.22,399341.2,10.69
1373353.79,36.77,7.23,399350.15,10.69
1373243.9,36.77,7.23,399330.6,10.69
1373134.01,36.78,7.24,399311.52,10.69
1372835.88,36.78,7.24,399347.02,10.7
1372451.07,36.77,7.24,398965.72,10.69
1372155.27,36.77,7.24,398944.68,10.69
1372044.6,36.78,7.24,398926.2,10.69
1372044.6,36.78,7.24,398926.2,10.69
1371934.71,36.78,7.25,398919.68,10.7
1371823.26,36.79,7.25,400034.06,10.73
1371823.26,36.79,7.25,400034.06,10.73
1371668.9,36.79,7.25,399881.15,10.72
1371400.73,36.79,7.25,399879.22,10.73
1371547.41,36.8,7.26,399855.65,10.73
1371437.51,36.8,7.27,399894.09,10.73
1371139.38,36.8,7.27,399869.82,10.73
1371170.85,36.81,7.28,399849.71,10.73
1371199.22,36.82,7.28,400461.32,10.75
1371089.32,36.82,7.29,400671.18,10.76
1371089.32,36.82,7.29,400671.18,10.76
1370789.64,36.83,7.29,400901.18,10.77
1370521.47,36.83,7.29,400901.62,10.77
1370223.34,36.83,7.29,400875.73,10.78
1370223.34,36.83,7.29,400875.73,10.78
1370113.45,36.84,7.3,400870.07,10.78
1369905.92,36.83,7.3,400743.08,10.77
1369607.79,36.83,7.3,400771.0,10.78
1369311.99,36.84,7.3,400738.44,10.78
1369311.99,36.84,7.3,400738.44,10.78
1369013.08,36.84,7.3,400734.42,10.78
1368903.19,36.84,7.31,401143.34,10.8
1368676.42,36.84,7.3,401174.24,10.8
1368376.74,36.84,7.31,401093.37,10.8
1368296.8,36.85,7.31,401102.32,10.8
1367998.68,36.85,7.31,401066.68,10.8
1367888.78,36.86,7.32,401102.55,10.81
1367590.65,36.86,7.32,401072.72,10.81
1367483.08,36.86,7.33,401060.51,10.81
1367483.08,36.86,7.33,401060.51,10.81
1367184.18,36.86,7.33,401340.71,10.82
1366886.05,36.87,7.33,401446.08,10.83
1366586.38,36.87,7.33,401603.91,10.83
1366318.2,36.87,7.33,401601.98,10.84
1366318.2,36.87,7.33,401601.98,10.84
1365933.4,36.86,7.33,401626.53,10.84
1365823.51,36.87,7.33,401601.77,10.84
1365970.18,36.88,7.34,401639.76,10.84
1365595.38,36.87,7.34,401611.91,10.84
1365595.38,36.87,7.34,401661.89,10.85
1365298.11,36.87,7.33,401239.94,10.83
1365444.79,36.88,7.34,401224.31,10.84
1365148.98,36.88,7.34,401321.48,10.84
1364850.08,36.88,7.34,401232.82,10.84
1364465.28,36.87,7.34,401216.68,10.84
1364167.15,36.88,7.34,401610.04,10.86
1363867.47,36.88,7.34,401477.86,10.86
1363871.19,36.88,7.34,401480.91,10.86
1363791.25,36.88,7.35,401489.86,10.86
1363493.12,36.89,7.35,401468.28,10.86
1363285.59,36.88,7.35,401380.69,10.86
1363285.59,36.88,7.35,401380.69,10.86
1363285.59,36.88,7.35,401380.69,10.86
1362987.46,36.89,7.35,401362.22,10.86
1362689.33,36.89,7.35,401365.86,10.86
1362689.33,36.89,7.35,401365.86,10.86
1362689.33,36.89,7.35,401365.86,10.86
1362689.33,36.89,7.35,401404.39,10.87
1362838.33,36.9,7.36,401398.12,10.87
1362727.66,36.9,7.36,401818.57,10.88
1362429.54,36.9,7.37,401677.09,10.88
1362429.54,36.9,7.37,401677.09,10.88
1362129.86,36.9,7.37,402020.49,10.89
1361861.69,36.91,7.37,402019.23,10.9
1361563.56,36.91,7.37,402106.8,10.9
1361453.66,36.91,7.38,402031.66,10.9
1361155.54,36.92,7.38,401989.81,10.9
1361047.97,36.92,7.38,402128.81,10.91
1360749.06,36.92,7.39,402092.46,10.91
1360450.94,36.93,7.39,402043.01,10.91
1360478.53,36.93,7.4,402673.75,10.93
1360483.83,36.93,7.4,402682.67,10.93
1360403.89,36.94,7.4,402691.62,10.93
1360403.89,36.94,7.4,402691.62,10.93
1360403.89,36.94,7.4,402621.77,10.93
1360167.13,36.94,7.4,402568.98,10.93
1359959.6,36.93,7.39,402347.88,10.93
1359960.78,36.93,7.39,402424.47,10.93
1359667.17,36.93,7.4,402424.2,10.93
1359668.93,36.93,7.4,402472.3,10.93
1359370.81,36.94,7.4,402450.71,10.94
1359072.68,36.94,7.4,402487.48,10.94
1358774.55,36.94,7.4,402455.64,10.94
1358774.55,36.94,7.4,402455.64,10.94
1358666.98,36.95,7.41,402430.84,10.94
1358666.98,36.95,7.41,402430.84,10.94
1358695.35,36.95,7.42,402829.18,10.96
1358397.22,36.95,7.42,402600.65,10.95
1358097.54,36.96,7.42,403106.18,10.97
1358017.6,36.96,7.43,403115.13,10.97
1357907.71,36.97,7.43,403095.58,10.97
1357609.58,36.97,7.43,403075.79,10.98
1357609.58,36.97,7.43,403075.79,10.98
1357609.58,36.97,7.43,403075.79,10.98
1357471.62,36.97,7.43,402942.33,10.97
1357471.62,36.97,7.43,402942.33,10.97
1357361.72,36.97,7.44,402968.13,10.98
1357361.72,36.97,7.44,402968.13,10.98
1357065.92,36.97,7.44,402945.55,10.98
1357220.21,36.98,7.45,403211.24,10.99
1356922.09,36.99,7.45,403238.57,10.99
1356622.41,36.99,7.45,403907.35,11.01
1356325.14,36.98,7.44,403577.71,11.0
1356056.97,36.99,7.45,403576.45,11.01
1355663.77,36.98,7.44,403126.61,11.0
1355365.64,36.98,7.44,403099.8,11.0
1355067.51,36.98,7.45,403595.42,11.02
1354772.49,36.99,7.45,403486.62,11.02
1354500.31,36.99,7.45,403233.82,11.01
1354434.96,36.99,7.46,404140.82,11.04
1354335.01,37.0,7.46,403738.67,11.03
1354141.58,37.0,7.46,403627.61,11.03
1353873.4,37.01,7.47,403632.13,11.03
1353877.2,37.01,7.47,403636.56,11.03
1353579.07,37.01,7.47,403603.97,11.03
1353725.75,37.02,7.48,403652.78,11.04
1353427.62,37.02,7.48,403602.29,11.04
1353427.62,37.02,7.48,403602.29,11.04
1353141.33,37.01,7.48,403743.9,11.04
1352845.52,37.02,7.48,403715.27,11.05
1352734.86,37.02,7.48,403592.13,11.05
1352740.15,37.02,7.48,403686.81,11.05
1352745.64,37.02,7.48,403690.43,11.05
1352746.42,37.02,7.48,403734.77,11.05
1352746.42,37.02,7.48,403734.77,11.05
1353624.41,37.05,7.51,405801.0,11.11
1353356.24,37.05,7.51,405799.75,11.11
1353648.14,37.06,7.52,405834.68,11.11
1353794.81,37.07,7.53,405809.85,11.11
1353684.92,37.07,7.53,405878.92,11.12
1353386.79,37.07,7.54,405836.45,11.12
1353090.99,37.08,7.54,406753.18,11.15
1353090.99,37.08,7.54,406744.22,11.15
1353090.99,37.08,7.54,406707.84,11.14
1353191.4,37.09,7.55,406787.74,11.15
1352987.61,37.08,7.55,406202.0,11.13
1352664.05,37.09,7.55,406176.91,11.14
1353509.93,37.11,7.58,407992.56,11.19
1353186.37,37.11,7.58,408018.3,11.19
1352862.8,37.12,7.58,407998.01,11.19
1352862.8,37.12,7.58,407998.01,11.19
1352862.8,37.12,7.58,407983.97,11.19
1352862.8,37.12,7.58,407983.97,11.19
1352594.63,37.12,7.58,407986.3,11.2
1352718.19,37.13,7.59,407974.33,11.2
1352481.44,37.12,7.59,408002.92,11.2
1352481.44,37.12,7.59,408002.92,11.2
1352481.44,37.12,7.59,408002.92,11.2
1352157.1,37.12,7.59,407979.27,11.2
1351833.54,37.13,7.59,407964.79,11.2
1351508.42,37.13,7.59,408163.02,11.21
1351210.3,37.13,7.6,408137.33,11.22
1350912.17,37.13,7.6,408186.47,11.22
1350941.31,37.14,7.61,408149.02,11.22
1351064.42,37.15,7.61,408345.54,11.23
1350765.52,37.15,7.62,408269.13,11.23
1350467.39,37.15,7.62,408908.57,11.25
1350612.52,37.16,7.63,409234.41,11.26
1350344.34,37.16,7.63,409226.99,11.26
1350344.34,37.16,7.63,409226.99,11.26
1350046.22,37.17,7.63,409279.8,11.27
1349748.09,37.17,7.63,409231.85,11.27
1349748.09,37.17,7.63,409231.85,11.27
1349638.19,37.17,7.64,409248.32,11.27
1349342.39,37.17,7.64,409454.02,11.28
1349342.39,37.17,7.64,409454.02,11.28
1349231.72,37.18,7.65,409194.63,11.28
1348933.59,37.18,7.65,409264.26,11.28
1348933.59,37.18,7.65,409264.26,11.28
1348633.92,37.18,7.65,409556.95,11.29
1347637.79,37.17,7.63,408562.72,11.27
1347369.62,37.17,7.64,408565.05,11.27
1347071.49,37.17,7.64,408534.65,11.27
1346738.75,37.17,7.63,408268.5,11.27
1346440.62,37.17,7.64,408500.39,11.28
1346587.29,37.18,7.64,408503.12,11.28
1346353.64,37.18,7.64,408422.7,11.28
1346081.46,37.18,7.64,409682.82,11.32
1346921.9,37.21,7.67,410355.18,11.34
1346575.42,37.2,7.67,409551.56,11.32
1346752.05,37.21,7.68,409555.85,11.32
1346367.25,37.21,7.67,409527.46,11.32
1346367.25,37.21,7.67,409527.46,11.32
1346513.93,37.22,7.68,409581.54,11.32
1346215.8,37.22,7.69,409548.43,11.32
1345917.67,37.22,7.69,409520.51,11.33
1345917.67,37.22,7.69,409520.51,11.33
1345917.67,37.22,7.69,409520.51,11.33
1345917.67,37.22,7.69,409520.51,11.33
1345917.67,37.22,7.69,409520.51,11.33
1345739.93,37.22,7.69,409649.98,11.33
1345740.19,37.22,7.69,409666.99,11.33
1345444.39,37.22,7.69,409983.48,11.34
1345145.48,37.22,7.69,409876.63,11.34
1344307.78,37.21,7.68,409051.64,11.32
1344197.89,37.22,7.68,408898.58,11.32
1344197.89,37.22,7.68,408898.58,11.32
1344086.45,37.22,7.69,409689.21,11.35
1343701.64,37.22,7.68,409305.21,11.34
1343433.47,37.22,7.68,409303.28,11.34
1343135.34,37.22,7.69,409277.68,11.34
1343025.45,37.23,7.69,409307.69,11.35
1342727.32,37.23,7.69,409287.0,11.35
1342727.32,37.23,7.69,409338.88,11.35
1342431.52,37.23,7.7,409320.97,11.35
1342132.61,37.23,7.7,409544.69,11.36
1342161.75,37.24,7.71,409551.75,11.36
1341963.13,37.24,7.7,409792.85,11.37
1341654.54,37.24,7.7,409588.71,11.37
1341574.61,37.24,7.71,409597.66,11.37
1341276.48,37.25,7.71,409572.93,11.37
1341423.15,37.26,7.72,409559.59,11.37
1341313.26,37.26,7.73,409600.33,11.38
1340928.46,37.26,7.72,409572.71,11.38
1340935.52,37.26,7.72,409574.73,11.38
1340827.95,37.26,7.73,409557.03,11.38
1340529.05,37.26,7.73,409979.62,11.4
1340667.33,37.27,7.74,409551.58,11.39
1340367.65,37.27,7.74,410574.58,11.42
1339981.24,37.27,7.73,410183.94,11.41
1337626.18,37.29,7.75,410133.4,11.43
1337358.0,37.29,7.75,410125.97,11.44
1337504.68,37.3,7.76,410107.31,11.44
1337206.55,37.3,7.76,410470.74,11.45
1336821.75,37.29,7.76,410295.67,11.45
1336526.72,37.3,7.76,410358.13,11.45
1336526.72,37.3,7.76,410370.36,11.45
1336526.72,37.3,7.76,410394.88,11.45
1336254.54,37.3,7.76,411476.2,11.49
1336544.7,37.31,7.77,411054.31,11.47
1336544.7,37.31,7.77,411054.31,11.47
1336444.74,37.32,7.78,410443.81,11.46
1336444.74,37.32,7.78,410443.81,11.46
1336547.23,37.33,7.79,411396.76,11.49
1336723.86,37.34,7.8,411401.61,11.49
1336723.86,37.34,7.8,411401.61,11.49
1336723.86,37.34,7.8,411401.61,11.49
1336425.74,37.34,7.8,411375.86,11.49
1336425.74,37.34,7.8,411375.86,11.49
1336040.93,37.33,7.8,411466.16,11.5
1336187.61,37.34,7.81,411399.27,11.5
1336077.71,37.35,7.81,411371.72,11.5
1336077.71,37.35,7.81,411371.72,11.5
1336077.71,37.35,7.81,411371.72,11.5
1335692.91,37.34,7.8,411791.26,11.51
1335692.91,37.34,7.8,411791.26,11.51
1336012.81,37.35,7.82,411539.76,11.51
1335731.72,37.35,7.82,412802.13,11.54
1335814.18,37.37,7.83,412915.07,11.55
1335202.99,37.36,7.82,412313.41,11.54
1334934.82,37.36,7.83,412315.74,11.54
1334636.69,37.36,7.83,412290.04,11.54
1334783.37,37.37,7.84,412375.72,11.55
1334398.57,37.37,7.83,412348.07,11.55
1334100.44,37.37,7.83,412463.68,11.55
1334249.44,37.38,7.84,412294.15,11.55
1334254.74,37.38,7.84,412330.41,11.55
1333973.65,37.38,7.85,412872.39,11.57
1333973.65,37.38,7.85,412872.39,11.57
1334677.1,37.4,7.87,413748.17,11.59
1334736.19,37.41,7.87,413749.52,11.6
1334736.19,37.41,7.87,413742.76,11.6
1334736.19,37.41,7.87,413724.42,11.6
1335024.57,37.42,7.89,414392.98,11.62
1334727.31,37.42,7.88,414367.42,11.62
1334429.18,37.42,7.88,414422.82,11.62
1334038.35,37.41,7.88,414075.63,11.61
1334043.0,37.41,7.88,414559.3,11.63
1333788.64,37.42,7.88,414303.81,11.62
1335589.8,37.47,7.93,418619.01,11.74
1335589.8,37.47,7.93,418640.46,11.74
1335589.8,37.47,7.93,418640.46,11.74
1335321.63,37.47,7.94,418642.79,11.75
1335023.5,37.47,7.94,418617.09,11.75
1334891.66,37.48,7.94,417954.27,11.73
1335038.34,37.49,7.95,418039.94,11.74
1334740.21,37.49,7.95,417969.07,11.74
1334444.41,37.49,7.96,417943.05,11.74
1334444.41,37.49,7.96,418075.23,11.75
1334444.41,37.49,7.96,418075.23,11.75
1334444.41,37.49,7.96,418075.23,11.75
1334604.41,37.5,7.97,417509.74,11.73
1334471.03,37.51,7.98,419051.76,11.78
1334202.86,37.51,7.98,419044.6,11.78
1333904.73,37.52,7.98,419086.79,11.79
1333999.63,37.53,7.99,418339.44,11.77
1333942.72,37.53,8.0,418643.84,11.78
1333644.59,37.53,8.0,418621.68,11.78
1333346.46,37.54,8.0,418613.79,11.78
1333346.46,37.54,8.0,418613.79,11.78
1333050.66,37.54,8.0,419065.97,11.8
1333204.95,37.55,8.01,418753.79,11.79
1332906.83,37.55,8.01,419037.85,11.8
1332906.83,37.55,8.01,419037.85,11.8
1332795.38,37.55,8.02,419157.06,11.81
1332527.21,37.56,8.02,419153.78,11.81
1332229.08,37.56,8.02,419128.99,11.82
1332229.08,37.56,8.02,419128.99,11.82
1332250.42,37.56,8.02,419136.36,11.82
1332140.52,37.57,8.03,419188.56,11.82
1332030.63,37.57,8.04,419160.38,11.82
1331627.86,37.57,8.03,418814.23,11.81
1331332.06,37.57,8.03,418798.22,11.82
1331033.16,37.57,8.03,419019.23,11.83
1330735.03,37.57,8.04,418775.15,11.82
1330435.35,37.57,8.04,419139.67,11.84
1330435.35,37.57,8.04,419139.67,11.84
1330611.98,37.58,8.05,419143.96,11.84
1330611.98,37.58,8.05,419143.96,11.84
1330313.86,37.59,8.05,419113.59,11.84
1330313.86,37.59,8.05,419113.59,11.84
1329929.05,37.58,8.04,419182.26,11.84
1329630.92,37.58,8.05,419139.12,11.85
1329332.8,37.58,8.05,419106.24,11.85
1329652.69,37.6,8.06,419382.68,11.86
1328656.57,37.58,8.04,418387.29,11.83
1328331.92,37.57,8.04,418354.43,11.83
1328050.83,37.58,8.04,418216.85,11.83
1327932.03,37.58,8.05,418832.88,11.85
1327932.03,37.58,8.05,418832.88,11.85
1328363.38,37.59,8.06,419312.29,11.87
1328095.21,37.6,8.06,419311.36,11.87
1328095.21,37.6,8.06,419311.36,11.87
1328095.21,37.6,8.06,419311.36,11.87
1327555.99,37.59,8.05,418832.82,11.86
1327555.99,37.59,8.05,418798.0,11.86
1327257.86,37.59,8.06,418770.86,11.86
1326959.73,37.6,8.06,418843.01,11.87
1326661.6,37.6,8.06,418791.0,11.87
1326365.8,37.6,8.06,418761.95,11.87
1325369.67,37.58,8.05,417769.46,11.85
1325369.67,37.58,8.05,417769.46,11.85
1325369.67,37.58,8.05,417769.46,11.85
1325380.27,37.58,8.05,417808.91,11.85
1325380.27,37.58,8.05,417808.91,11.85
1325697.07,37.59,8.06,418288.58,11.86
1325407.85,37.6,8.06,417936.7,11.86
1325287.5,37.6,8.06,418624.62,11.88
1322728.94,37.61,8.08,418576.79,11.9
1322649.0,37.62,8.09,418585.74,11.91
1322649.0,37.62,8.09,418585.74,11.91
1322350.88,37.62,8.09,418564.16,11.91
1322052.75,37.63,8.09,418545.69,11.91
1321754.62,37.63,8.1,418573.25,11.92
1321259.05,37.62,8.09,418051.3,11.9
1321259.05,37.62,8.09,418051.3,11.9
1321506.98,37.63,8.1,418034.14,11.9
1321396.31,37.64,8.11,418018.14,11.91
1321286.42,37.64,8.11,418713.3,11.93
1320986.74,37.64,8.11,418856.25,11.94
1320718.57,37.65,8.12,418860.76,11.94
1320420.44,37.65,8.12,418828.18,11.94
1320420.44,37.65,8.12,418828.18,11.94
1320420.44,37.65,8.12,418828.18,11.94
1320122.31,37.65,8.12,418885.91,11.95
1319824.18,37.65,8.12,418838.32,11.95
1319716.61,37.66,8.13,418820.13,11.95
1319605.95,37.66,8.13,419096.52,11.96
1319496.05,37.67,8.14,419245.11,11.97
1319196.37,37.67,8.14,419366.93,11.98
1318860.69,37.67,8.14,419283.24,11.98
1318592.51,37.67,8.14,419281.99,11.98
1318592.51,37.67,8.14,419322.22,11.98
1318482.62,37.68,8.15,419300.99,11.98
1318372.72,37.68,8.15,419293.08,11.98
1318074.6,37.68,8.15,419416.2,11.99
1317967.03,37.69,8.16,419289.29,11.99
1318112.93,37.7,8.17,419677.48,12.0
1317955.67,37.7,8.17,419521.03,12.0
1317955.67,37.7,8.17,419521.03,12.0
1317955.67,37.7,8.17,419477.91,12.0
1317657.55,37.7,8.17,419618.12,12.01
1317546.1,37.7,8.17,420024.65,12.02
1317392.35,37.7,8.17,420116.62,12.02
1317392.35,37.7,8.17,420116.62,12.02
1317124.18,37.71,8.17,420121.14,12.03
1317127.98,37.71,8.17,420138.44,12.03
1317127.98,37.71,8.17,420191.34,12.03
1317127.98,37.71,8.17,420143.82,12.03
1316829.85,37.71,8.18,420122.31,12.03
1316531.72,37.71,8.18,420128.2,12.03
1316233.59,37.71,8.18,420109.52,12.04
1316126.02,37.72,8.19,420234.24,12.04
1316015.35,37.72,8.19,420679.53,12.06
1315769.9,37.73,8.2,420657.47,12.06
1315417.55,37.73,8.2,420466.11,12.06
1315568.29,37.74,8.21,420461.58,12.06
1315270.16,37.74,8.21,420508.7,12.07
1314972.03,37.74,8.21,420457.38,12.07
1314673.91,37.75,8.21,421087.33,12.09
1314822.91,37.75,8.22,421086.83,12.09
1314828.21,37.76,8.22,421143.13,12.09
1314735.35,37.76,8.23,420679.89,12.08
1314500.38,37.76,8.23,422078.03,12.12
1314390.36,37.76,8.23,421678.85,12.12
1314395.66,37.76,8.23,421698.58,12.12
1314395.66,37.76,8.23,421676.4,12.12
1314127.48,37.77,8.23,421657.18,12.12
1313843.74,37.77,8.24,421487.92,12.12
1313843.74,37.77,8.24,421487.92,12.12
1313990.42,37.78,8.25,421554.51,12.12
1313605.61,37.77,8.24,421523.0,12.12
1313307.49,37.78,8.24,421489.26,12.12
1313009.36,37.78,8.25,421471.81,12.13
1312740.28,37.78,8.25,422854.86,12.17
1312674.93,37.79,8.26,421646.86,12.14
1312744.01,37.8,8.27,422476.06,12.17
1312803.11,37.81,8.28,422477.41,12.17
1312803.11,37.81,8.28,422477.41,12.17
1312949.78,37.82,8.29,422451.29,12.17
1312651.65,37.82,8.29,422537.93,12.17
1312651.65,37.82,8.29,422537.93,12.17
1312655.19,37.82,8.29,422551.62,12.17
1312684.33,37.83,8.3,422506.23,12.18
1312687.86,37.83,8.3,422523.53,12.18
1312392.06,37.83,8.3,422475.63,12.18
1312283.51,37.83,8.3,422334.24,12.18
1312366.29,37.84,8.31,423327.7,12.21
1312077.07,37.84,8.31,423479.77,12.21
1312077.07,37.84,8.31,423479.77,12.21
1311956.72,37.85,8.32,423600.5,12.22
1311956.72,37.85,8.32,423600.5,12.22
1311688.54,37.85,8.32,423605.02,12.22
1311695.79,37.85,8.32,423606.99,12.22
1311852.94,37.86,8.32,424150.9,12.24
1311554.81,37.86,8.33,424120.94,12.24
1311256.68,37.86,8.33,424121.61,12.25
1311256.68,37.86,8.33,424121.61,12.25
1311340.23,37.87,8.34,424287.41,12.25
1311340.23,37.87,8.34,424409.89,12.26
1311515.96,37.88,8.35,424301.37,12.26
1311515.96,37.88,8.35,424301.37,12.26
1311615.92,37.89,8.36,426340.06,12.32
1311706.05,37.91,8.38,426035.85,12.31
1311437.87,37.91,8.38,426033.43,12.32
1311139.74,37.91,8.38,426007.78,12.32
1311029.85,37.92,8.39,426051.08,12.32
1310731.72,37.92,8.39,426022.68,12.33
1310435.92,37.92,8.39,426001.4,12.33
1310214.87,37.92,8.39,425808.67,12.32
1310243.23,37.93,8.4,426232.47,12.34
1310245.0,37.93,8.4,426241.13,12.34
1310391.67,37.94,8.4,426386.2,12.34
1310280.23,37.94,8.41,426686.24,12.36
1310280.23,37.94,8.41,426686.24,12.36
1310012.06,37.95,8.41,426683.82,12.36
1309713.93,37.95,8.42,426658.17,12.36
1309415.8,37.95,8.42,426698.81,12.37
1309117.67,37.95,8.42,426692.99,12.37
1309138.61,37.95,8.42,427007.92,12.38
1308842.81,37.96,8.42,426979.67,12.38
1308842.81,37.96,8.42,426979.67,12.38
1308571.07,37.95,8.42,426638.05,12.37
1308571.07,37.95,8.42,426638.05,12.37
1308460.4,37.96,8.43,426619.28,12.38
1308162.27,37.96,8.43,426930.83,12.39
1307862.59,37.96,8.43,426777.57,12.39
1307534.86,37.96,8.42,426489.26,12.38
1307454.92,37.96,8.43,426498.2,12.38
1307454.92,37.96,8.43,426498.2,12.38
1307156.79,37.97,8.43,426461.9,12.39
1307156.79,37.97,8.43,426481.3,12.39
1307156.79,37.97,8.43,426481.3,12.39
1307240.34,37.98,8.44,426519.11,12.39
1307240.34,37.98,8.44,426519.11,12.39
1306942.21,37.98,8.44,426491.53,12.39
1306646.41,37.98,8.45,426474.39,12.4
1306347.51,37.98,8.45,426919.25,12.41
1306494.18,37.99,8.46,426993.12,12.42
1306194.5,37.99,8.46,427496.38,12.43
1305926.33,38.0,8.46,427495.12,12.44
1305926.33,38.0,8.46,427495.12,12.44
1305926.33,38.0,8.46,427495.12,12.44
1305926.33,38.0,8.46,427495.12,12.44
1305628.2,38.0,8.47,427470.93,12.44
1305330.08,38.0,8.47,427471.6,12.44
1304975.36,38.0,8.46,427093.35,12.44
1304677.23,38.0,8.47,427112.26,12.44
1304677.23,38.0,8.47,427112.26,12.44
1304677.23,38.0,8.47,427112.26,12.44
1304381.43,38.0,8.47,427081.15,12.44
1302026.36,38.02,8.49,427030.61,12.47
1301727.46,38.02,8.49,427368.72,12.48
1301727.46,38.02,8.49,427368.72,12.48
1301727.46,38.02,8.49,427368.72,12.48
1301511.32,38.03,8.5,427233.52,12.48
1301129.65,38.03,8.5,427017.05,12.48
1301129.65,38.03,8.5,427017.05,12.48
1300861.48,38.03,8.5,427015.8,12.48
1300563.35,38.03,8.5,426988.98,12.49
1300563.35,38.03,8.5,426988.98,12.49
1300563.35,38.03,8.5,426988.98,12.49
1300710.03,38.04,8.51,427426.94,12.5
1300710.03,38.04,8.51,427426.94,12.5
1300411.9,38.05,8.51,427331.64,12.5
1300497.78,38.06,8.52,428115.95,12.53
1300270.92,38.06,8.53,428214.56,12.53
1300270.92,38.06,8.53,428214.56,12.53
1300270.92,38.06,8.53,428214.56,12.53
1300160.9,38.07,8.53,427425.88,12.51
1300160.9,38.07,8.53,427425.88,12.51
1299998.48,38.07,8.54,428225.75,12.54
1300002.01,38.07,8.54,428240.97,12.54
1300002.01,38.07,8.54,428240.97,12.54
1299922.07,38.08,8.54,428249.92,12.54
1299922.07,38.08,8.54,428249.92,12.54
1299623.94,38.08,8.55,428218.49,12.55
1299325.81,38.08,8.55,428280.84,12.55
1299032.2,38.08,8.55,428282.3,12.56
1299178.88,38.09,8.56,428252.25,12.56
1298883.08,38.1,8.56,428208.84,12.56
1298498.27,38.09,8.56,429210.58,12.59
1298336.23,38.1,8.56,429218.4,12.59
1297983.23,38.1,8.56,428460.94,12.58
1297603.33,38.1,8.56,428441.89,12.58
1297335.16,38.1,8.57,428444.22,12.58
1297335.16,38.1,8.57,428444.22,12.58
1297037.03,38.1,8.57,428413.82,12.59
1296859.2,38.1,8.57,428149.87,12.58
1296859.2,38.1,8.57,428149.87,12.58
1296583.14,38.1,8.56,427924.59,12.57
1296285.01,38.1,8.57,428088.22,12.58
1296285.01,38.1,8.57,428088.22,12.58
1295986.89,38.1,8.57,428083.41,12.59
1296135.89,38.11,8.58,427918.73,12.58
1295854.8,38.11,8.58,428300.68,12.6
1295559.09,38.11,8.58,428155.45,12.59
1295692.08,38.13,8.59,428787.02,12.62
1295692.08,38.13,8.59,428787.02,12.62
1295692.08,38.13,8.59,428787.02,12.62
1295692.08,38.13,8.59,428787.02,12.62
1295967.64,38.14,8.6,428790.87,12.62
1295967.64,38.14,8.6,428790.87,12.62
1295669.51,38.14,8.61,428761.49,12.62
1295462.4,38.14,8.6,428801.99,12.62
1295462.4,38.14,8.6,428801.99,12.62
1295462.4,38.14,8.6,428801.99,12.62
1295164.27,38.14,8.61,428774.93,12.63
1295164.27,38.14,8.61,428774.93,12.63
1294866.14,38.14,8.61,428753.2,12.63
1294028.44,38.13,8.59,427928.3,12.61
1293732.63,38.13,8.6,428244.76,12.62
1293732.63,38.13,8.6,428244.76,12.62
1293732.63,38.13,8.6,428244.76,12.62
1293433.73,38.13,8.6,428148.71,12.62
1293114.89,38.13,8.59,427829.41,12.61
1292898.76,38.13,8.6,428295.9,12.63
1292630.58,38.14,8.6,428288.47,12.64
1292332.45,38.14,8.6,428406.24,12.64
1292332.45,38.14,8.6,428406.24,12.64
1292173.83,38.14,8.6,428248.49,12.64
1292173.83,38.14,8.6,428248.49,12.64
1292173.84,38.14,8.61,428233.16,12.64
1292015.21,38.14,8.61,428074.8,12.64
1291717.09,38.14,8.61,428168.27,12.64
1291717.09,38.14,8.61,428168.27,12.64
1291863.76,38.15,8.62,428171.01,12.64
1291482.06,38.15,8.61,428084.29,12.64
1291728.5,38.16,8.63,430313.5,12.71
1291437.17,38.15,8.62,430054.07,12.71
1292336.61,38.19,8.66,430055.16,12.71
1292068.43,38.2,8.66,430052.18,12.71
1291958.54,38.2,8.67,430030.51,12.72
1291958.54,38.2,8.67,430030.51,12.72
1291848.65,38.21,8.67,430024.76,12.72
1291848.65,38.21,8.67,430024.76,12.72
1291550.52,38.21,8.68,430050.52,12.72
1291707.91,38.22,8.69,430216.39,12.73
1291409.01,38.22,8.69,430067.83,12.73
1291110.88,38.23,8.69,430014.78,12.73
1291230.12,38.23,8.7,431227.78,12.77
1290906.55,38.24,8.7,431200.97,12.77
1290906.55,38.24,8.7,431200.97,12.77
1290523.36,38.23,8.7,430749.82,12.76
1290199.79,38.23,8.7,430775.81,12.77
1289876.23,38.23,8.7,430757.27,12.77
1289876.23,38.23,8.7,430757.27,12.77
1289554.99,38.24,8.7,430740.91,12.77
1289418.89,38.24,8.71,430855.57,12.78
1289095.32,38.24,8.71,430825.46,12.78
1288827.15,38.25,8.72,430822.38,12.78
1288690.27,38.25,8.72,431092.93,12.8
1288690.27,38.25,8.72,431092.93,12.8
1288488.09,38.25,8.72,430982.2,12.79
1288189.96,38.25,8.72,430957.24,12.8
1287891.83,38.25,8.72,430955.35,12.8
1288038.51,38.26,8.73,431227.62,12.81
1288038.51,38.26,8.73,431227.62,12.81
1288038.51,38.26,8.73,431208.73,12.81
1287742.7,38.27,8.74,430974.32,12.81
1287742.7,38.27,8.74,430974.32,12.81
1287742.7,38.27,8.74,430974.32,12.81
1287580.66,38.27,8.74,432388.93,12.85
1287655.34,38.29,8.76,432077.48,12.85
1287655.34,38.29,8.76,432077.48,12.85
1287387.17,38.29,8.76,432076.22,12.85
1287533.84,38.3,8.77,432051.39,12.85
1287235.71,38.3,8.77,432159.13,12.86
1287187.7,38.3,8.77,432204.78,12.86
1286889.57,38.31,8.78,432139.64,12.86
1286514.76,38.3,8.77,432087.83,12.86
1286407.01,38.3,8.77,431984.64,12.86
1286407.01,38.3,8.77,431984.64,12.86
1286250.55,38.3,8.77,431827.29,12.86
1286142.98,38.3,8.77,432184.82,12.87
1286142.98,38.3,8.77,432184.82,12.87
1285844.07,38.3,8.77,431966.98,12.87
1285524.84,38.3,8.77,431647.84,12.86
1285680.43,38.31,8.78,431587.67,12.86
1285680.43,38.31,8.78,431587.67,12.86
1285392.78,38.31,8.78,432227.53,12.88
1285392.78,38.31,8.78,432227.53,12.88
1285392.78,38.31,8.78,432227.53,12.88
1285124.61,38.31,8.78,432226.28,12.89
1284826.48,38.32,8.79,432199.46,12.89
1284528.35,38.32,8.79,432345.15,12.9
1284354.67,38.32,8.79,432153.03,12.89
1284501.34,38.33,8.8,432157.79,12.89
1284205.54,38.33,8.8,433329.42,12.93
1284112.69,38.34,8.81,432749.74,12.92
1284410.39,38.35,8.82,433217.22,12.93
1284469.49,38.36,8.83,433218.57,12.94
1284469.49,38.36,8.83,433218.57,12.94
1284171.36,38.36,8.83,433190.46,12.94
1284171.36,38.36,8.83,433190.46,12.94
1284171.36,38.36,8.83,433190.46,12.94
1284171.36,38.36,8.83,433144.69,12.94
1283799.36,38.36,8.83,433116.17,12.94
1283501.23,38.36,8.83,433185.15,12.95
1282952.75,38.36,8.82,432605.88,12.93
1282799.81,38.35,8.82,432447.53,12.93
1282689.92,38.36,8.83,432401.1,12.93
1282689.92,38.36,8.83,432450.24,12.93
1282396.31,38.36,8.83,432457.47,12.94
1282099.04,38.36,8.83,432433.68,12.94
1281775.48,38.36,8.83,432401.09,12.94
1281479.67,38.36,8.83,432393.15,12.94
1281180.77,38.36,8.83,432781.84,12.96
1280882.64,38.37,8.84,432542.04,12.96
1280771.2,38.37,8.84,432747.27,12.96
1280635.87,38.38,8.85,432775.35,12.97
1280635.87,38.38,8.85,432775.35,12.97
1280635.87,38.38,8.85,432812.25,12.97
1280500.54,38.38,8.85,432796.26,12.97
1280506.57,38.39,8.86,432778.56,12.97
1280182.23,38.39,8.86,433063.46,12.99
1279858.67,38.39,8.87,432771.29,12.98
1279590.5,38.4,8.87,432771.73,12.99
1279590.5,38.4,8.87,432771.73,12.99
1279382.96,38.39,8.87,433289.4,13.0
1279057.85,38.39,8.87,433187.0,13.0
1279086.99,38.4,8.88,433159.8,13.01
1278788.86,38.41,8.88,433202.89,13.01
1278935.54,38.42,8.89,433183.28,13.01
1278935.54,38.42,8.89,433183.28,13.01
1278641.93,38.42,8.89,433190.51,13.02
1278346.13,38.42,8.9,433164.4,13.02
1278346.13,38.42,8.9,433164.4,13.02
1278346.13,38.42,8.9,433164.4,13.02
1278235.46,38.43,8.9,433157.12,13.02
1277937.33,38.43,8.91,433924.08,13.05
1277637.65,38.43,8.91,433925.98,13.05
1277314.09,38.43,8.91,433898.1,13.06
1276939.29,38.43,8.9,433690.54,13.05
1276939.29,38.43,8.9,433690.54,13.05
1276615.72,38.43,8.91,433709.16,13.06
1276615.72,38.43,8.91,433709.16,13.06
1276615.72,38.43,8.91,433682.48,13.06
1276292.16,38.43,8.91,433654.04,13.06
1275970.92,38.43,8.91,433651.57,13.06
1275646.58,38.44,8.91,433701.24,13.07
1275646.58,38.44,8.91,433701.24,13.07
1275323.02,38.44,8.92,433642.22,13.07
1275323.02,38.44,8.92,433642.22,13.07
1275442.71,38.45,8.93,434059.62,13.08
1275149.1,38.45,8.93,434064.66,13.09
1274880.93,38.45,8.93,434062.23,13.09
1274582.8,38.46,8.94,434036.59,13.1
1274284.67,38.46,8.94,434089.5,13.1
1274174.78,38.46,8.94,434055.06,13.1
1274067.21,38.47,8.95,434043.66,13.11
1273768.3,38.47,8.95,434041.18,13.11
1273470.18,38.48,8.96,434512.7,13.13
1273552.16,38.48,8.96,434312.56,13.12
1273552.16,38.48,8.96,434312.56,13.12
1273358.73,38.48,8.96,434581.64,13.13
1273090.56,38.48,8.97,434586.16,13.14
1273090.56,38.48,8.97,434586.16,13.14
1272980.66,38.49,8.97,434569.01,13.14
1272870.77,38.5,8.98,434551.25,13.14
1272572.64,38.5,8.98,434582.58,13.15
1272572.64,38.5,8.98,434582.58,13.15
1272352.35,38.5,8.98,434370.08,13.14
1272244.78,38.5,8.98,434347.14,13.14
1271945.88,38.5,8.99,434330.21,13.15
1271647.75,38.51,8.99,434897.12,13.17
1271348.07,38.51,8.99,434802.93,13.17
1271348.07,38.51,8.99,434802.93,13.17
1271348.07,38.51,8.99,434802.93,13.17
1271348.07,38.51,8.99,434802.93,13.17
1271349.84,38.51,8.99,434804.97,13.17
1271269.9,38.52,9.0,434813.92,13.17
1271064.4,38.51,8.99,434645.43,13.17
1270740.83,38.52,9.0,434623.03,13.17
1270740.83,38.52,9.0,434700.31,13.18
1270744.54,38.52,9.0,434722.32,13.18
1270744.54,38.52,9.0,434722.32,13.18
1270609.21,38.53,9.01,434705.81,13.18
1270476.2,38.53,9.02,434694.38,13.18
1270151.86,38.54,9.02,434963.47,13.2
1269828.3,38.54,9.02,434964.2,13.2
1269443.5,38.53,9.02,434601.26,13.19
1269306.62,38.54,9.02,435027.7,13.21
1269453.29,38.55,9.03,435003.63,13.21
1267098.23,38.57,9.05,434953.1,13.24
1267127.37,38.58,9.06,434998.5,13.24
1267128.15,38.58,9.06,435071.51,13.25
1267128.15,38.58,9.06,435071.51,13.25
1266830.02,38.58,9.07,435013.61,13.25
1266830.02,38.58,9.07,435013.61,13.25
1266830.02,38.58,9.07,435013.61,13.25
1266534.22,38.58,9.07,435012.73,13.25
1266423.55,38.59,9.07,435581.81,13.27
1266423.55,38.59,9.07,435581.81,13.27
1266125.42,38.59,9.08,435091.31,13.26
1266125.42,38.59,9.08,435091.31,13.26
1265825.75,38.59,9.08,436144.82,13.3
1265825.75,38.59,9.08,436144.82,13.3
1265446.25,38.59,9.07,435731.53,13.29
1265446.25,38.59,9.07,435692.45,13.29
1265448.2,38.59,9.07,435694.7,13.29
1265180.03,38.59,9.08,435692.28,13.29
1264881.9,38.59,9.08,435667.72,13.29
1264583.77,38.6,9.08,435717.13,13.3
1264583.77,38.6,9.08,435717.13,13.3
1264587.64,38.6,9.08,435853.98,13.3
1264579.51,38.61,9.09,436271.15,13.32
1264423.04,38.61,9.09,436113.8,13.32
1264267.43,38.6,9.09,435955.07,13.31
1264267.43,38.6,9.09,435955.07,13.31
1263968.39,38.6,9.08,435684.24,13.3
1264173.92,38.61,9.1,437544.17,13.36
1263905.75,38.62,9.1,437537.01,13.37
1264403.84,38.64,9.13,437240.09,13.36
1264409.13,38.64,9.13,437287.56,13.36
1264555.81,38.65,9.14,437268.64,13.37
1264555.81,38.65,9.14,437428.34,13.37
1264258.54,38.65,9.13,437080.13,13.36
1263960.41,38.65,9.14,437111.17,13.37
1263850.52,38.66,9.14,437079.31,13.37
1263465.72,38.65,9.14,437071.6,13.37
1263169.91,38.65,9.14,437435.28,13.39
1263169.91,38.65,9.14,437435.28,13.39
1262888.83,38.66,9.14,437221.64,13.38
1262922.27,38.67,9.16,437991.18,13.41
1262273.6,38.66,9.15,437303.52,13.39
1262005.42,38.67,9.15,437308.04,13.4
1262143.71,38.68,9.16,437319.86,13.4
1261905.44,38.67,9.16,437295.69,13.4
1261607.31,38.68,9.16,437272.46,13.4
1261745.59,38.68,9.17,437368.91,13.41
1261359.18,38.68,9.16,437299.84,13.41
1261506.37,38.68,9.17,437608.02,13.42
1262431.9,38.72,9.21,440276.71,13.5
1262163.73,38.73,9.21,440279.04,13.51
1262163.73,38.73,9.21,440343.13,13.51
1262192.87,38.74,9.22,440314.03,13.51
1262347.94,38.75,9.23,440374.65,13.52
1262049.81,38.75,9.23,440315.14,13.52
1262049.81,38.75,9.23,440315.14,13.52
1261754.0,38.75,9.24,440308.16,13.52
1261455.1,38.75,9.24,440836.94,13.54
1261373.98,38.76,9.25,440243.76,13.53
1261020.79,38.76,9.24,440379.62,13.53
1260924.21,38.76,9.25,440220.04,13.53
1260924.21,38.76,9.25,440220.04,13.53
1261100.84,38.78,9.26,440224.89,13.54
1261100.84,38.78,9.26,440224.89,13.54
1260884.89,38.77,9.26,440030.47,13.53
1260765.34,38.78,9.26,440340.89,13.54
1260473.37,38.77,9.25,440011.04,13.53
1260502.51,38.78,9.26,439981.42,13.54
1260204.38,38.78,9.27,440112.62,13.54
1260204.38,38.78,9.27,440112.62,13.54
1259906.25,38.78,9.27,439975.17,13.54
1259610.45,38.79,9.27,439974.07,13.55
1259615.75,38.79,9.27,439977.7,13.55
1259615.75,38.79,9.27,439977.7,13.55
1259316.85,38.79,9.27,440966.55,13.58
1259389.05,38.8,9.29,441129.1,13.59
1259120.87,38.81,9.29,441131.43,13.6
1259267.55,38.82,9.3,441105.9,13.6
1258969.42,38.82,9.31,441466.45,13.61
1258671.29,38.82,9.31,441624.97,13.62
1258289.59,38.82,9.3,441515.98,13.62
1258289.59,38.82,9.3,441515.98,13.62
1257669.85,38.81,9.29,441197.89,13.61
1258000.9,38.82,9.31,443929.57,13.7
1257732.72,38.82,9.31,443931.9,13.7
1257434.6,38.83,9.31,443901.5,13.71
1258100.3,38.86,9.34,443419.31,13.7
1257793.33,38.85,9.34,443125.78,13.69
1257495.2,38.85,9.34,443180.72,13.69
1257231.7,38.85,9.33,442887.76,13.69
1257260.84,38.86,9.34,442850.93,13.69
1256922.8,38.86,9.34,441991.56,13.66
1256476.18,38.85,9.34,441458.56,13.65
1256476.18,38.85,9.34,441458.56,13.65
1256180.38,38.86,9.34,441433.11,13.65
1256180.38,38.86,9.34,441433.11,13.65
1256069.71,38.86,9.35,441952.47,13.67
1256069.71,38.86,9.35,441952.47,13.67
1256291.2,38.87,9.36,441510.71,13.66
1256318.79,38.88,9.37,442809.69,13.7
1255967.59,38.88,9.36,442371.08,13.69
1255699.42,38.88,9.37,442367.8,13.7
1255699.42,38.88,9.37,442367.8,13.7
1255401.29,38.88,9.37,442414.74,13.7
1255103.16,38.89,9.37,442392.18,13.71
1255103.16,38.89,9.37,442392.18,13.71
1255103.16,38.89,9.37,442392.18,13.71
1254993.27,38.89,9.38,442349.91,13.71
1255142.27,38.9,9.39,442678.93,13.72
1255142.27,38.9,9.39,442678.93,13.72
1255031.6,38.91,9.39,442514.44,13.72
1254921.71,38.92,9.4,442483.77,13.72
1254622.03,38.92,9.4,443313.09,13.75
1254353.86,38.92,9.41,443317.61,13.76
1254060.25,38.93,9.41,443319.39,13.76
1253762.12,38.93,9.41,443286.8,13.76
1253783.06,38.93,9.41,443261.41,13.76
1253484.93,38.93,9.42,443336.55,13.77
1253186.8,38.94,9.42,443458.06,13.78
1252792.24,38.93,9.41,443129.64,13.77
1252792.24,38.93,9.41,443129.64,13.77
1253016.05,38.94,9.42,443566.3,13.78
1252019.93,38.92,9.41,442571.02,13.76
1251721.02,38.92,9.41,442114.44,13.75
1251721.02,38.92,9.41,442114.44,13.75
1251721.02,38.92,9.41,442114.44,13.75
1251431.8,38.93,9.41,442522.94,13.77
1251123.22,38.93,9.41,442358.92,13.76
1250855.04,38.93,9.42,442363.44,13.77
1250503.85,38.93,9.41,442087.66,13.76
1250205.72,38.93,9.42,442063.08,13.77
1250095.82,38.94,9.42,442052.04,13.77
1250095.82,38.94,9.42,442052.04,13.77
1250101.12,38.94,9.42,442054.53,13.77
1249803.0,38.94,9.42,442066.83,13.77
1249951.99,38.95,9.44,442057.31,13.78
1249653.09,38.95,9.44,442047.38,13.78
1249543.2,38.96,9.44,442676.22,13.8
1249431.75,38.97,9.45,442766.53,13.81
1249431.75,38.97,9.45,442766.53,13.81
1249108.19,38.97,9.45,442739.96,13.81
1248950.94,38.97,9.45,442581.89,13.81
1248566.14,38.96,9.44,442473.08,13.81
1248687.38,38.97,9.45,442504.04,13.81
1248687.38,38.97,9.45,442504.04,13.81
1248363.81,38.97,9.46,442480.57,13.81
1248363.81,38.97,9.46,442480.57,13.81
1248363.81,38.97,9.46,442480.57,13.81
1248363.81,38.97,9.46,442480.57,13.81
1248363.81,38.97,9.46,442480.57,13.81
1248042.57,38.97,9.46,442488.29,13.82
1248044.15,38.97,9.46,442490.39,13.82
1248044.15,38.97,9.46,442490.39,13.82
1248044.15,38.97,9.46,442490.39,13.82
1247840.42,38.97,9.46,442349.94,13.81
1247840.42,38.97,9.46,442349.94,13.81
1247840.42,38.97,9.46,442349.94,13.81
1247840.42,38.97,9.46,442335.51,13.81
1247840.42,38.97,9.46,442335.51,13.81
1247840.42,38.97,9.46,442335.51,13.81
1247845.71,38.97,9.46,442357.31,13.81
1247521.38,38.97,9.46,442338.09,13.82
1247386.05,38.98,9.47,442328.17,13.82
1247060.93,38.98,9.47,442919.55,13.84
1246980.99,38.99,9.48,442905.04,13.85
1246682.87,38.99,9.48,442946.11,13.85
1246682.87,38.99,9.48,442911.2,13.85
1246572.97,39.0,9.49,442880.86,13.85
1246573.76,39.0,9.49,442921.88,13.86
1246275.63,39.0,9.49,442896.5,13.86
1246275.63,39.0,9.49,442896.5,13.86
1246275.63,39.0,9.49,442896.5,13.86
1245979.83,39.0,9.49,442891.36,13.86
1245595.02,39.0,9.48,442503.31,13.85
1245715.04,39.01,9.5,442908.8,13.87
1245861.71,39.02,9.51,443037.87,13.87
1245889.3,39.02,9.51,443688.14,13.9
1243330.75,39.04,9.54,443640.32,13.93
1243062.58,39.05,9.54,443616.02,13.93
1243062.58,39.05,9.54,443648.2,13.94
1242764.45,39.05,9.55,443682.08,13.94
1242466.32,39.05,9.55,443658.76,13.94
1242466.32,39.05,9.55,443658.76,13.94
1242466.32,39.05,9.55,443658.76,13.94
1242168.19,39.06,9.55,443637.57,13.95
1241783.39,39.05,9.54,443636.97,13.95
1241675.82,39.06,9.55,443636.48,13.95
1241376.92,39.06,9.55,443827.87,13.96
1241376.92,39.06,9.55,443827.87,13.96
1241179.36,39.05,9.55,443539.13,13.96
1240881.23,39.06,9.55,443442.66,13.96
1240769.79,39.06,9.56,443705.13,13.97
1240501.62,39.07,9.56,443707.47,13.97
1240301.07,39.06,9.56,443583.4,13.97
1240301.07,39.06,9.56,443559.25,13.97
1240002.95,39.07,9.56,443531.46,13.97
1239704.82,39.07,9.57,443591.42,13.98
1239704.82,39.07,9.57,443591.42,13.98
1239594.92,39.08,9.57,443546.48,13.98
1239299.12,39.08,9.58,443520.79,13.99
1239072.26,39.08,9.58,444540.35,14.02
1239400.3,39.11,9.6,444691.77,14.03
1239576.93,39.12,9.61,444696.06,14.03
1239697.72,39.13,9.63,444667.37,14.04
1239399.59,39.13,9.63,444710.89,14.04
1239101.47,39.14,9.63,444692.33,14.05
1239101.47,39.14,9.63,444676.9,14.04
1239103.23,39.14,9.63,444697.72,14.05
1238807.43,39.14,9.63,444670.07,14.05
1238508.53,39.14,9.64,445165.79,14.07
1238526.34,39.14,9.64,445186.27,14.07
1238407.54,39.15,9.64,444761.49,14.06
1238287.19,39.15,9.65,445896.45,14.1
1238019.02,39.16,9.65,445893.48,14.1
1237644.21,39.15,9.65,445448.12,14.09
1237790.89,39.16,9.66,445425.01,14.09
1237492.76,39.17,9.66,445464.94,14.1
1237194.63,39.17,9.66,445438.89,14.1
1237087.06,39.18,9.67,445417.37,14.11
1236702.26,39.17,9.66,445531.3,14.11
1236728.99,39.17,9.67,446531.42,14.14
1238019.24,39.21,9.71,447598.98,14.18
1237751.07,39.21,9.71,447591.63,14.18
1237236.28,39.21,9.7,447610.28,14.18
1236725.27,39.2,9.7,446827.63,14.16
1236726.06,39.2,9.7,446857.41,14.17
1236427.93,39.21,9.7,446836.69,14.17
1236574.6,39.22,9.71,446953.45,14.18
1236574.6,39.22,9.71,446953.45,14.18
1236285.4,39.21,9.71,446726.49,14.17
1235987.28,39.22,9.71,446666.79,14.17
1235718.2,39.22,9.71,446862.01,14.18
1236357.15,39.25,9.74,449184.38,14.26
1236088.98,39.25,9.75,449183.13,14.26
1236088.98,39.25,9.75,449183.13,14.26
1235790.85,39.25,9.75,449156.31,14.27
1235492.72,39.26,9.75,449504.13,14.28
1235537.79,39.27,9.76,448959.04,14.27
1235566.93,39.28,9.77,448931.77,14.27
1235297.85,39.28,9.78,448763.5,14.27
1235562.41,39.3,9.79,450508.44,14.33
1235268.8,39.3,9.8,450515.67,14.33
1235469.31,39.32,9.81,450284.42,14.33
1235645.94,39.33,9.83,450288.72,14.33
1235645.94,39.33,9.83,450288.72,14.33
1235347.81,39.33,9.83,450258.34,14.34
1235347.81,39.33,9.83,450258.34,14.34
1235049.68,39.34,9.83,450316.09,14.34
1234664.88,39.33,9.83,450277.23,14.34
1234664.88,39.33,9.83,450277.23,14.34
1234664.88,39.33,9.83,450277.23,14.34
1234366.75,39.33,9.83,450684.45,14.36
1234366.75,39.33,9.83,450684.45,14.36
1234590.57,39.34,9.84,450252.32,14.35
1234291.66,39.35,9.84,451116.64,14.38
1234291.66,39.35,9.84,451116.64,14.38
1233645.89,39.34,9.83,450498.2,14.37
1233645.89,39.34,9.83,450498.2,14.37
1233429.75,39.34,9.84,450354.98,14.37
1233157.09,39.35,9.84,450303.94,14.37
1233157.09,39.35,9.84,450303.94,14.37
1232888.91,39.35,9.85,450301.51,14.37
1233035.59,39.36,9.86,450277.85,14.37
1233035.59,39.36,9.86,450277.85,14.37
1232737.46,39.36,9.86,450320.96,14.38
1232737.46,39.36,9.86,450320.96,14.38
1232352.66,39.36,9.85,450295.7,14.38
1232054.53,39.36,9.86,450269.22,14.39
1232203.53,39.37,9.87,450506.08,14.39
1232231.9,39.38,9.88,450455.83,14.4
1231942.68,39.38,9.88,450356.1,14.4
1231982.3,39.39,9.89,451483.11,14.44
1231714.13,39.4,9.89,451485.44,14.44
1231604.23,39.4,9.9,451467.33,14.44
1231750.91,39.42,9.91,451453.99,14.45
1231452.78,39.42,9.91,451470.41,14.45
1231156.98,39.42,9.92,451453.34,14.46
1230930.12,39.43,9.92,451823.14,14.47
1230815.84,39.43,9.93,452560.17,14.5
1230505.88,39.44,9.93,452284.18,14.5
1230237.71,39.44,9.94,452288.7,14.5
1230237.71,39.44,9.94,452288.7,14.5
1229939.58,39.44,9.94,452258.73,14.5
1229939.58,39.44,9.94,452258.73,14.5
1229641.45,39.45,9.94,452421.63,14.51
1229343.32,39.45,9.94,452291.83,14.51
1229343.32,39.45,9.94,452291.83,14.51
1229075.38,39.44,9.94,451947.83,14.5
1228779.57,39.45,9.94,451903.54,14.51
1228480.67,39.45,9.95,452073.96,14.52
1228182.54,39.45,9.95,451939.79,14.52
1228024.18,39.45,9.95,451782.47,14.51
1228024.18,39.45,9.95,451782.47,14.51
1227912.74,39.46,9.95,451918.79,14.52
1227912.74,39.46,9.95,451920.29,14.52
1227832.8,39.47,9.96,451929.24,14.53
1227832.8,39.47,9.96,451929.24,14.53
1227534.67,39.47,9.96,451904.52,14.53
1227534.67,39.47,9.96,451904.52,14.53
1227681.34,39.48,9.97,451891.17,14.53
1227296.54,39.47,9.97,451939.3,14.54
1226998.41,39.48,9.97,451906.98,14.54
1226998.41,39.48,9.97,451906.98,14.54
1226702.61,39.48,9.97,451904.48,14.54
1226702.61,39.48,9.97,451904.48,14.54
1226848.51,39.49,9.99,452745.57,14.57
1226848.51,39.49,9.99,452716.61,14.57
1226848.51,39.49,9.99,452716.61,14.57
1226535.75,39.49,9.98,452607.21,14.57
1227096.1,39.51,10.0,453087.33,14.59
1226827.93,39.51,10.01,453091.85,14.59
1224472.86,39.54,10.03,453041.32,14.63
1224472.86,39.54,10.03,453041.32,14.63
1224174.73,39.54,10.04,453019.81,14.63
1224174.73,39.54,10.04,453051.08,14.63
1223876.6,39.55,10.04,453036.26,14.64
1223876.99,39.55,10.04,453040.39,14.64
1223367.4,39.54,10.04,452823.15,14.64
1223069.27,39.54,10.04,452987.12,14.65
1223069.27,39.54,10.04,452840.04,14.64
1222800.2,39.55,10.04,453159.0,14.66
1222967.36,39.56,10.06,453520.39,14.67
1222967.36,39.56,10.06,453520.39,14.67
1222699.19,39.57,10.06,453522.72,14.68
1222401.73,39.56,10.05,453220.06,14.67
1222401.73,39.56,10.05,453220.06,14.67
1222103.61,39.56,10.06,453197.66,14.67
1222103.61,39.56,10.06,453197.66,14.67
1222196.55,39.58,10.07,453592.14,14.69
1221898.42,39.58,10.07,453643.22,14.69
1221683.87,39.58,10.07,453425.55,14.69
1221683.87,39.58,10.07,453425.55,14.69
1221830.55,39.59,10.08,453400.19,14.69
1221830.55,39.59,10.08,453400.19,14.69
1221657.05,39.58,10.08,453252.85,14.69
1221361.25,39.59,10.08,453212.61,14.69
1221062.34,39.59,10.08,453914.16,14.72
1221821.57,39.61,10.11,454727.41,14.74
1222071.99,39.63,10.12,455254.28,14.76
1222071.99,39.63,10.12,455254.28,14.76
1221803.82,39.63,10.13,455258.8,14.77
1221505.69,39.64,10.13,455234.21,14.77
1221207.56,39.64,10.13,455285.29,14.78
1221354.24,39.65,10.14,455247.52,14.78
1221385.7,39.66,10.15,455221.28,14.78
1220911.2,39.65,10.15,454795.41,14.77
1220911.2,39.65,10.15,454795.41,14.77
1220526.39,39.65,10.14,455459.75,14.8
1220245.31,39.65,10.15,455544.27,14.8
1220278.75,39.67,10.16,455625.82,14.81
1219821.71,39.66,10.16,455339.29,14.8
1219741.78,39.67,10.16,455348.24,14.81
1219631.88,39.68,10.17,455328.69,14.81
1219778.56,39.69,10.18,455310.89,14.81
1219668.66,39.69,10.19,455350.34,14.82
1219372.86,39.7,10.19,455331.81,14.82
1218998.06,39.69,10.19,455305.21,14.82
1219143.96,39.7,10.2,455769.2,14.84
1219143.96,39.7,10.2,455769.2,14.84
1219143.96,39.7,10.2,455538.97,14.83
1218776.97,39.7,10.19,455429.6,14.83
1218829.39,39.71,10.2,456694.08,14.88
1218561.22,39.71,10.21,456698.6,14.88
1218707.89,39.73,10.22,456673.19,14.89
1218409.77,39.73,10.22,456732.48,14.89
1218111.64,39.73,10.23,456685.52,14.9
1217633.4,39.73,10.22,456162.5,14.88
1217633.4,39.73,10.22,456162.5,14.88
1217337.59,39.73,10.22,456136.47,14.89
1217337.59,39.73,10.22,457363.83,14.93
1217056.51,39.73,10.23,456588.22,14.91
1216822.55,39.74,10.23,456449.83,14.91
1216461.83,39.74,10.23,456592.49,14.92
1216193.65,39.74,10.24,456597.0,14.92
1216193.65,39.74,10.24,456597.0,14.92
1216193.65,39.74,10.24,456597.0,14.92
1216193.65,39.74,10.24,456597.0,14.92
1216193.65,39.74,10.24,456597.0,14.92
1216083.76,39.75,10.25,456579.85,14.92
1215785.63,39.75,10.25,456561.38,14.93
1215450.32,39.76,10.25,456634.76,14.94
1215152.2,39.76,10.25,456674.58,14.94
1215152.2,39.76,10.25,456674.58,14.94
1215152.2,39.76,10.25,456675.01,14.94
1214746.45,39.75,10.25,456263.04,14.93
1214450.65,39.76,10.25,456219.06,14.93
1214339.98,39.76,10.26,456638.2,14.95
1214050.76,39.77,10.26,456386.93,14.95
1214050.76,39.77,10.26,456386.93,14.95
1214481.1,39.78,10.27,457352.31,14.98
1214481.1,39.78,10.27,457352.31,14.98
1214481.1,39.78,10.27,457352.31,14.98
1214481.1,39.78,10.27,457352.31,14.98
1214481.1,39.78,10.27,457352.31,14.98
1214481.1,39.78,10.27,457352.31,14.98
1214657.73,39.79,10.29,457356.6,14.98
1214112.34,39.79,10.28,456777.66,14.97
1214112.34,39.79,10.28,456777.66,14.97
1213793.69,39.78,10.27,456486.06,14.96
1213584.39,39.78,10.27,456294.64,14.96
1213286.26,39.78,10.27,456332.1,14.96
1212911.46,39.77,10.27,456279.79,14.96
1212911.46,39.77,10.27,456279.79,14.96
1212754.99,39.77,10.26,456124.18,14.96
1212754.99,39.77,10.26,456124.18,14.96
1212645.1,39.78,10.27,456105.69,14.96
1212326.26,39.77,10.26,455778.8,14.95
1212472.94,39.78,10.28,455944.13,14.96
1211280.43,39.79,10.29,456448.02,15.0
1211012.25,39.8,10.29,456440.6,15.0
1211012.25,39.8,10.29,456440.6,15.0
1210714.13,39.8,10.3,456419.95,15.0
1210714.13,39.8,10.3,456419.95,15.0
1210604.23,39.81,10.3,456477.13,15.01
1210604.23,39.81,10.3,456477.13,15.01
1210367.48,39.81,10.3,456203.39,15.0
1210367.48,39.81,10.3,456590.28,15.02
1210367.48,39.81,10.3,456590.28,15.02
1210209.12,39.8,10.3,456432.44,15.01
1210537.79,39.82,10.31,457647.17,15.05
1210427.12,39.82,10.32,456853.84,15.03
1210200.26,39.83,10.32,456235.57,15.01
1210514.29,39.85,10.34,458242.93,15.08
1210690.92,39.86,10.35,458247.78,15.09
1210690.92,39.86,10.35,458247.78,15.09
1210306.11,39.85,10.35,458218.83,15.09
1210452.79,39.86,10.36,458296.29,15.09
1210452.79,39.86,10.36,458296.29,15.09
1210481.93,39.87,10.37,458243.74,15.09
1210004.02,39.87,10.36,457470.86,15.07
1210004.02,39.87,10.36,457470.86,15.07
1209894.12,39.88,10.37,457440.12,15.08
1209786.55,39.88,10.38,457439.04,15.08
1209786.55,39.88,10.38,457439.04,15.08
1209786.55,39.88,10.38,457439.04,15.08
1209675.88,39.89,10.38,458065.81,15.11
1210397.15,39.92,10.41,460178.13,15.18
1210128.97,39.92,10.41,460177.2,15.18
1209598.06,39.92,10.41,459116.45,15.15
1209299.93,39.92,10.41,459091.92,15.15
1208623.07,39.91,10.4,458903.37,15.15
1208324.95,39.91,10.41,458945.52,15.16
1208324.95,39.91,10.41,458945.52,15.16
1208324.95,39.91,10.41,458945.52,15.16
1208324.95,39.91,10.41,458945.52,15.16
1208026.82,39.92,10.41,458938.47,15.16
1207731.01,39.92,10.41,459004.17,15.17
1207839.08,39.92,10.42,460609.76,15.22
1207577.5,39.93,10.42,459856.27,15.2
1208193.71,39.95,10.45,460323.68,15.22
1207925.53,39.96,10.45,460322.42,15.23
1207925.53,39.96,10.45,460322.42,15.23
1207954.68,39.97,10.46,460296.92,15.23
1207656.55,39.97,10.46,460488.66,15.24
1207656.55,39.97,10.46,460488.66,15.24
1207652.48,39.97,10.47,460398.0,15.24
1207354.36,39.98,10.47,460292.09,15.24
1207246.79,39.98,10.48,460198.48,15.24
1207246.79,39.98,10.48,460248.46,15.24
1206949.52,39.98,10.47,460565.89,15.26
1206838.85,39.99,10.48,460381.01,15.25
1206540.72,39.99,10.48,460296.08,15.26
1206429.28,40.0,10.49,460826.32,15.28
1206605.91,40.01,10.5,460830.62,15.28
1206307.78,40.01,10.5,460800.24,15.28
1206071.02,40.01,10.5,460840.89,15.29
1206226.09,40.02,10.51,460811.59,15.29
1205989.63,40.02,10.51,460796.12,15.29
1206136.3,40.03,10.52,460954.37,15.3
1206028.73,40.03,10.53,460826.74,15.3
1205729.83,40.04,10.53,460790.02,15.3
1205619.94,40.04,10.54,461764.41,15.34
1205320.26,40.05,10.54,461904.74,15.35
1204935.46,40.04,10.53,461541.88,15.34
1204667.28,40.05,10.54,461540.95,15.34
1204369.16,40.05,10.54,461513.81,15.35
1204211.9,40.05,10.54,461355.83,15.34
1203913.78,40.05,10.54,461389.35,15.35
1203590.21,40.05,10.55,461367.84,15.35
1203590.21,40.05,10.55,461324.01,15.35
1203590.21,40.05,10.55,461324.01,15.35
1203292.08,40.06,10.55,461313.44,15.36
1203300.84,40.06,10.55,461417.34,15.36
1203142.87,40.05,10.55,461263.88,15.36
1202847.07,40.06,10.55,461232.03,15.36
1202548.17,40.06,10.55,461355.25,15.37
1202438.27,40.07,10.56,461280.62,15.37
1202138.59,40.07,10.56,461405.09,15.38
1202003.26,40.08,10.57,461390.98,15.38
1202004.44,40.08,10.57,461435.75,15.38
1202004.44,40.08,10.57,461435.75,15.38
1201869.11,40.08,10.58,461459.91,15.39
1201547.87,40.09,10.58,461438.34,15.39
1201279.7,40.09,10.58,461437.09,15.4
1200955.36,40.09,10.59,461607.46,15.41
1200631.8,40.09,10.59,461645.65,15.42
1200633.95,40.1,10.6,461987.0,15.43
1200663.09,40.11,10.61,462033.65,15.44
1200809.77,40.12,10.62,461991.22,15.44
1200699.88,40.13,10.63,461962.39,15.44
1200699.88,40.13,10.63,461962.39,15.44
1200404.07,40.14,10.63,462106.41,15.45
1200293.4,40.14,10.64,462054.6,15.45
1199995.28,40.15,10.64,461958.14,15.45
1200022.87,40.16,10.65,463392.33,15.51
1199754.69,40.16,10.66,463394.66,15.51
1199783.84,40.17,10.67,463365.57,15.51
1199915.33,40.17,10.67,463517.43,15.52
1199617.2,40.18,10.67,463594.77,15.53
1199617.2,40.18,10.67,463594.77,15.53
1199319.07,40.18,10.68,463564.42,15.53
1199319.07,40.18,10.68,463564.42,15.53
1199466.26,40.19,10.68,464108.5,15.55
1201136.9,40.26,10.75,466841.23,15.65
1201196.0,40.27,10.76,466842.58,15.65
1200897.87,40.27,10.77,466814.47,15.65
1200599.74,40.27,10.77,466868.18,15.66
1200599.74,40.27,10.77,466868.18,15.66
1200720.53,40.28,10.78,466826.27,15.66
1200720.53,40.28,10.78,466823.07,15.66
1200424.73,40.29,10.79,466883.48,15.67
1200424.73,40.29,10.79,466883.48,15.67
1200085.81,40.28,10.78,466804.6,15.67
1200085.81,40.28,10.78,466804.6,15.67
1199089.68,40.26,10.76,465807.4,15.64
1199235.59,40.27,10.77,466193.34,15.66
1198850.78,40.27,10.76,465911.26,15.65
1198552.65,40.27,10.77,465853.98,15.65
1198552.65,40.27,10.77,465853.98,15.65
1198252.98,40.27,10.77,466255.1,15.67
1198274.94,40.27,10.77,466279.23,15.67
1198006.77,40.28,10.78,466281.56,15.68
1197708.64,40.28,10.78,466259.16,15.68
1197410.51,40.29,10.78,466247.41,15.69
1197202.98,40.28,10.78,466162.89,15.68
1197202.98,40.28,10.78,466162.89,15.68
1197202.98,40.28,10.78,466162.89,15.68
1196904.85,40.29,10.78,466162.6,15.69
1196611.24,40.29,10.79,466164.37,15.7
1196315.44,40.29,10.79,466160.84,15.7
1196016.54,40.3,10.79,466335.98,15.71
1196894.52,40.33,10.82,467690.86,15.76
1196626.35,40.33,10.83,467683.51,15.76
1196328.22,40.33,10.83,467662.79,15.77
1196328.22,40.33,10.83,467633.73,15.77
1196030.09,40.34,10.84,467795.63,15.78
1195731.97,40.34,10.84,467788.72,15.78
1195436.16,40.34,10.84,468381.03,15.81
1195436.16,40.34,10.84,468381.03,15.81
1195209.31,40.35,10.85,468339.06,15.81
1195294.39,40.37,10.86,468307.2,15.82
1195026.22,40.37,10.87,468309.53,15.82
1194920.04,40.37,10.87,468202.01,15.82
1194387.81,40.36,10.86,467485.26,15.8
1194387.81,40.36,10.86,467485.26,15.8
1193824.25,40.35,10.85,467037.1,15.79
1193526.12,40.36,10.86,467009.32,15.79
1193227.08,40.35,10.85,466734.75,15.78
1193544.65,40.37,10.86,466768.84,15.79
1193544.65,40.37,10.86,466768.84,15.79
1193434.76,40.37,10.87,466750.08,15.79
1193434.76,40.37,10.87,466750.08,15.79
1193434.76,40.37,10.87,466750.08,15.79
1193138.95,40.38,10.87,466731.35,15.79
1192840.05,40.38,10.88,466917.35,15.81
1192541.92,40.38,10.88,467024.39,15.82
1192541.92,40.38,10.88,467024.39,15.82
1192541.92,40.38,10.88,466721.06,15.81
1192545.72,40.38,10.88,466762.7,15.81
1192545.72,40.38,10.88,467428.85,15.83
1192348.93,40.38,10.88,467070.08,15.82
1192049.26,40.39,10.88,467364.85,15.83
1192049.26,40.39,10.88,467364.85,15.83
1192225.89,40.4,10.9,467369.7,15.84
1191927.76,40.4,10.9,467338.77,15.84
1191628.97,40.4,10.89,467032.53,15.83
1191330.84,40.4,10.9,467084.33,15.84
1191220.95,40.41,10.9,467035.72,15.84
1191220.95,40.41,10.9,467035.72,15.84
1190925.15,40.41,10.91,467024.89,15.85
1190626.24,40.41,10.91,467607.65,15.87
1190755.94,40.43,10.92,467258.91,15.86
1190468.29,40.43,10.93,468120.44,15.9
1190094.41,40.42,10.92,467706.55,15.89
1189826.24,40.43,10.93,467696.84,15.89
1189528.11,40.43,10.93,467738.86,15.9
1189557.26,40.44,10.94,467700.1,15.9
1189259.13,40.45,10.94,467680.85,15.91
1189259.13,40.45,10.94,467680.85,15.91
1189151.56,40.45,10.95,467672.38,15.91
1189151.56,40.45,10.95,467672.38,15.91
1189297.46,40.46,10.96,468154.33,15.93
1189297.46,40.46,10.96,467983.98,15.92
1189187.56,40.47,10.97,467765.42,15.92
1188887.89,40.48,10.97,468820.47,15.96
1188619.71,40.48,10.98,468820.92,15.97
1188321.59,40.48,10.98,468792.4,15.97
1188144.97,40.48,10.98,468491.5,15.96
1187846.84,40.48,10.98,468538.05,15.97
1187690.96,40.48,10.98,468383.5,15.96
1187433.27,40.48,10.97,468238.34,15.96
1187135.14,40.48,10.98,468211.66,15.97
1187258.25,40.49,10.99,468327.74,15.97
1186969.05,40.49,10.98,468215.32,15.97
1186969.05,40.49,10.98,468183.46,15.97
1186687.97,40.49,10.99,468852.53,16.0
1186687.97,40.49,10.99,468852.53,16.0
1186687.97,40.49,10.99,468852.53,16.0
1186996.63,40.51,11.0,468428.5,15.98
1186835.37,40.51,11.01,469063.28,16.01
1186511.81,40.52,11.01,469036.14,16.02
1186376.48,40.52,11.02,469063.31,16.02
1186506.11,40.53,11.03,469043.88,16.02
1186184.87,40.54,11.04,469055.14,16.03
1186048.77,40.54,11.04,469053.35,16.03
1185725.2,40.55,11.05,469581.7,16.06
1185725.2,40.55,11.05,469397.29,16.05
1185342.01,40.54,11.04,469075.64,16.04
1185016.89,40.54,11.04,469458.52,16.06
1185016.89,40.54,11.04,469458.52,16.06
1184748.72,40.55,11.05,469456.09,16.07
1184450.59,40.55,11.05,469430.45,16.07
1184450.59,40.55,11.05,469430.78,16.07
1184340.7,40.56,11.06,469459.2,16.08
1184230.81,40.57,11.07,469443.56,16.08
1184379.81,40.58,11.08,469443.31,16.08
1184143.05,40.57,11.08,469424.54,16.08
1184459.85,40.59,11.09,469816.23,16.1
1184459.85,40.59,11.09,469816.23,16.1
1184161.72,40.59,11.09,470010.76,16.11
1183862.04,40.59,11.1,470296.66,16.13
1183782.1,40.6,11.11,470305.61,16.13
1183483.98,40.61,11.11,470284.03,16.14
1183185.85,40.61,11.11,470306.36,16.14
1183075.95,40.62,11.12,470288.39,16.15
1182780.15,40.62,11.12,470268.36,16.15
1182284.19,40.61,11.12,470088.0,16.15
1182284.19,40.61,11.12,470088.0,16.15
1182284.19,40.61,11.12,470088.0,16.15
1181985.28,40.62,11.12,470373.09,16.16
1181687.16,40.62,11.12,470411.79,16.17
1181714.75,40.63,11.13,470679.87,16.18
1181446.57,40.64,11.14,470677.94,16.19
1181336.68,40.64,11.15,470653.18,16.19
1181038.55,40.65,11.15,470685.9,16.2
1180740.42,40.65,11.15,470666.81,16.2
1180444.62,40.66,11.16,470646.99,16.21
1180163.54,40.66,11.16,471311.94,16.24
1179963.41,40.67,11.17,471152.71,16.24
1180078.52,40.68,11.18,471347.75,16.25
1179781.25,40.67,11.17,471138.91,16.24
1180056.81,40.69,11.19,471142.76,16.24
1179721.12,40.68,11.18,471115.37,16.25
1179611.23,40.69,11.19,471153.9,16.25
1179313.1,40.69,11.19,471125.68,16.26
1179203.21,40.7,11.2,471110.18,16.26
1179203.21,40.7,11.2,471110.18,16.26
1179352.21,40.71,11.21,471192.46,16.27
1179105.54,40.71,11.21,471105.5,16.26
1179106.33,40.71,11.21,471106.7,16.26
1179431.12,40.72,11.22,471568.67,16.28
1179133.0,40.73,11.23,471107.1,16.27
1178639.01,40.72,11.22,472075.86,16.31
1178639.01,40.72,11.22,472075.86,16.31
1178784.14,40.73,11.23,472323.61,16.32
1178515.97,40.73,11.24,472325.94,16.33
1178607.63,40.74,11.24,472541.2,16.33
1178607.63,40.74,11.24,472541.2,16.33
1178607.63,40.74,11.24,472541.2,16.33
1178309.5,40.74,11.24,472511.36,16.34
1178199.79,40.74,11.24,472404.57,16.33
1178089.89,40.75,11.25,472460.09,16.34
1177980.0,40.75,11.26,472433.27,16.34
1177684.19,40.76,11.26,472397.13,16.35
1177684.19,40.76,11.26,472397.13,16.35
1176521.64,40.77,11.28,472361.57,16.37
1176410.97,40.78,11.28,472357.88,16.37
1176557.64,40.79,11.29,473122.21,16.4
1176557.64,40.79,11.29,473122.21,16.4
1176557.64,40.79,11.29,473122.21,16.4
1176413.59,40.79,11.29,472355.94,16.38
1176113.92,40.8,11.3,473209.12,16.41
1176113.92,40.8,11.3,473173.27,16.41
1175818.11,40.8,11.3,473171.85,16.42
1175519.21,40.8,11.3,473331.21,16.43
1175519.21,40.8,11.3,473331.21,16.43
1175665.89,40.81,11.32,473383.3,16.43
1175397.71,40.82,11.32,473365.28,16.44
1175098.04,40.82,11.32,473512.55,16.45
1175098.04,40.82,11.32,473512.55,16.45
1175098.04,40.82,11.32,473512.55,16.45
1175098.04,40.82,11.32,473512.55,16.45
1174101.91,40.8,11.3,472517.16,16.42
1174101.91,40.8,11.3,472517.16,16.42
1173803.78,40.81,11.31,472565.12,16.43
1173693.89,40.81,11.32,472531.47,16.43
1173693.89,40.81,11.32,472531.47,16.43
1173693.89,40.81,11.32,472531.47,16.43
1173395.76,40.82,11.32,472512.38,16.44
1173099.96,40.82,11.32,472501.61,16.44
1173099.96,40.82,11.32,472501.61,16.44
1173099.96,40.82,11.32,472501.61,16.44
1173099.96,40.82,11.32,472501.61,16.44
1172801.05,40.83,11.33,472876.78,16.46
1172806.8,40.83,11.33,472878.79,16.46
1172544.7,40.83,11.33,472673.07,16.46
1172210.76,40.83,11.33,472676.64,16.47
1171942.59,40.84,11.34,472677.09,16.47
1171644.46,40.84,11.34,472651.19,16.48
1171644.46,40.84,11.34,472651.19,16.48
1171534.57,40.85,11.35,472645.54,16.48
1171236.44,40.85,11.35,472679.76,16.49
1171236.44,40.85,11.35,472679.76,16.49
1171236.44,40.85,11.35,472679.76,16.49
1170940.64,40.86,11.36,472655.94,16.49
1170955.18,40.86,11.36,472708.66,16.49
1170656.28,40.86,11.36,472693.72,16.5
1170358.15,40.87,11.37,472946.13,16.51
1170358.15,40.87,11.37,472946.13,16.51
1170214.1,40.86,11.36,472873.74,16.51
1169221.85,40.84,11.34,471883.04,16.48
1169257.87,40.85,11.35,471880.67,16.48
1169257.87,40.85,11.35,471880.67,16.48
1169421.77,40.86,11.36,472285.72,16.5
1169421.77,40.86,11.36,472285.72,16.5
1169421.77,40.86,11.36,472285.72,16.5
1169153.6,40.86,11.36,472282.64,16.51
1169300.27,40.87,11.37,472259.64,16.51
1169141.65,40.87,11.37,472101.8,16.5
1168843.52,40.87,11.38,472098.35,16.51
1168733.62,40.88,11.38,472129.3,16.52
1168765.09,40.89,11.39,472095.74,16.52
1168380.29,40.89,11.39,472994.53,16.55
1168380.29,40.89,11.39,472994.53,16.55
1168099.2,40.89,11.39,473039.07,16.56
1168225.27,40.91,11.41,473159.65,16.57
1168225.27,40.91,11.41,473159.65,16.57
1167957.1,40.91,11.41,473164.17,16.58
1167986.24,40.92,11.43,473135.68,16.58
1167268.28,40.91,11.41,472652.07,16.57
1166970.15,40.92,11.42,472705.49,16.57
1166772.32,40.91,11.41,472525.5,16.57
1166772.32,40.91,11.41,472525.5,16.57
1166801.46,40.92,11.42,472497.61,16.57
1166505.65,40.93,11.43,472462.23,16.58
1166206.75,40.93,11.43,473018.54,16.6
1165917.53,40.94,11.44,473020.89,16.61
1165616.54,40.94,11.44,473127.42,16.62
1165348.37,40.95,11.45,473126.49,16.62
1165238.47,40.95,11.45,473104.94,16.63
1164940.34,40.96,11.46,473143.66,16.63
1164642.22,40.96,11.46,473115.18,16.64
1164346.41,40.96,11.47,473091.3,16.64
1164047.51,40.97,11.47,473508.45,16.67
1164047.51,40.97,11.47,473508.45,16.67
1164119.56,40.97,11.47,473895.95,16.68
1164205.04,40.99,11.49,473905.04,16.69
1164205.04,40.99,11.49,473905.04,16.69
1163936.86,40.99,11.49,473909.56,16.69
1163373.3,40.99,11.49,473461.4,16.68
1163263.4,40.99,11.49,473444.25,16.68
1163263.4,40.99,11.49,473444.25,16.68
1163263.4,40.99,11.49,473444.25,16.68
1163263.4,40.99,11.49,473444.25,16.68
1163384.19,41.01,11.51,473466.39,16.69
1163086.06,41.01,11.51,473440.1,16.69
1162803.16,41.0,11.5,473137.36,16.68
1162507.36,41.01,11.51,473120.05,16.69
1162507.36,41.01,11.51,473120.05,16.69
1162535.73,41.02,11.52,473607.28,16.71
1162607.77,41.02,11.52,474316.09,16.74
1162685.53,41.04,11.54,474451.77,16.75
1162417.35,41.04,11.54,474454.1,16.75
1162417.35,41.04,11.54,474454.1,16.75
1162564.03,41.06,11.56,474428.57,16.75
1162265.9,41.06,11.56,474514.08,16.76
1161762.12,41.05,11.55,474345.21,16.76
1161463.99,41.06,11.56,474302.13,16.77
1161168.19,41.06,11.56,474263.05,16.77
1161168.19,41.06,11.56,474263.05,16.77
1160869.29,41.07,11.57,474952.55,16.8
1160869.29,41.07,11.57,474952.55,16.8
1160580.07,41.07,11.57,474678.71,16.8
1160292.42,41.07,11.57,474704.27,16.8
1160024.25,41.08,11.58,474704.71,16.81
1160053.39,41.09,11.59,474677.51,16.81
1159755.26,41.09,11.59,474709.49,16.82
1159457.14,41.1,11.6,474685.05,16.83
1159457.14,41.1,11.6,474685.05,16.83
1159159.87,41.09,11.59,474668.82,16.83
1159191.33,41.1,11.6,474764.49,16.83
1158894.06,41.1,11.6,474681.05,16.83
1158920.79,41.1,11.6,474813.35,16.84
1159473.15,41.13,11.63,476399.52,16.9
1159204.97,41.14,11.64,476401.85,16.91
1159204.97,41.14,11.64,476401.85,16.91
1159234.11,41.15,11.65,476372.76,16.91
1159234.11,41.15,11.65,476372.76,16.91
1159234.11,41.15,11.65,476372.76,16.91
1159234.11,41.15,11.65,476372.76,16.91
1158935.99,41.15,11.65,476426.46,16.92
1159082.66,41.16,11.66,476397.44,16.92
1158786.86,41.17,11.67,476368.38,16.92
1158786.86,41.17,11.67,476368.38,16.92
1158402.06,41.16,11.66,477246.54,16.96
1158402.06,41.16,11.66,477246.54,16.96
1158402.06,41.16,11.66,477246.54,16.96
1158402.06,41.16,11.66,477246.54,16.96
1158402.06,41.16,11.66,477246.54,16.96
1158175.2,41.17,11.67,476993.19,16.95
1158065.48,41.16,11.66,476886.41,16.95
1158065.48,41.16,11.66,476886.41,16.95
1158469.42,41.19,11.69,477770.87,16.99
1158469.42,41.19,11.69,477770.87,16.99
1158594.08,41.2,11.7,477615.95,16.98
1158325.9,41.2,11.7,477615.02,16.99
1157685.46,41.19,11.69,477044.16,16.97
1157685.46,41.19,11.69,477044.16,16.97
1157524.4,41.19,11.69,476815.49,16.97
1157524.4,41.19,11.69,476793.47,16.97
1157226.27,41.2,11.7,476766.33,16.97
1156928.14,41.2,11.7,476931.85,16.98
1156634.54,41.2,11.7,476939.08,16.99
1156336.41,41.21,11.71,476794.9,16.99
1156040.6,41.21,11.71,477435.25,17.02
1156040.6,41.21,11.71,477435.25,17.02
1155813.75,41.22,11.72,477410.49,17.03
1155882.83,41.24,11.74,477520.93,17.04
1155724.86,41.23,11.73,477389.49,17.03
1155456.69,41.24,11.74,477388.23,17.04
1155158.56,41.24,11.74,477361.42,17.04
1155158.56,41.24,11.74,477361.42,17.04
1155158.56,41.24,11.74,477361.42,17.04
1155158.56,41.24,11.74,477361.42,17.04
1154860.43,41.25,11.75,477470.93,17.05
1154562.3,41.25,11.75,477393.04,17.06
1153823.38,41.24,11.74,476623.2,17.03
1153715.81,41.25,11.75,476583.53,17.04
1153964.1,41.26,11.75,478898.99,17.12
1153964.1,41.26,11.75,478898.99,17.12
1153808.22,41.25,11.75,478740.26,17.12
1155186.08,41.31,11.81,479119.85,17.13
1155106.14,41.32,11.82,479128.8,17.14
1155252.81,41.33,11.83,479104.74,17.14
1155252.81,41.33,11.83,479104.74,17.14
1155252.81,41.33,11.83,479104.74,17.14
1154954.68,41.33,11.83,479090.73,17.15
1154954.68,41.33,11.83,479090.73,17.15
1154717.93,41.33,11.83,479111.99,17.15
1154419.8,41.33,11.83,479085.79,17.15
1154667.73,41.35,11.85,479172.24,17.16
1154368.83,41.35,11.85,479116.22,17.16
1154033.14,41.35,11.85,479081.11,17.16
1154350.72,41.36,11.86,480029.04,17.2
1154350.72,41.36,11.86,480029.04,17.2
1154350.72,41.36,11.86,480029.04,17.2
1154239.27,41.37,11.87,480373.33,17.22
1154239.27,41.37,11.87,480373.33,17.22
1154239.27,41.37,11.87,480373.33,17.22
1154239.27,41.37,11.87,480373.33,17.22
1154239.27,41.37,11.87,480094.83,17.21
1153971.1,41.37,11.87,480097.16,17.21
1153972.87,41.37,11.87,480103.74,17.21
1153674.74,41.38,11.88,480078.04,17.22
1153376.61,41.38,11.88,480123.4,17.23
1153376.61,41.38,11.88,480123.4,17.23
1153078.48,41.39,11.89,480089.03,17.23
1152881.7,41.39,11.88,480284.25,17.24
1152774.13,41.39,11.89,480264.47,17.25
1152475.22,41.4,11.9,480468.51,17.26
1152475.22,41.4,11.9,480468.51,17.26
1152621.9,41.41,11.91,480520.82,17.26
1152322.22,41.41,11.91,480751.81,17.28
1151998.66,41.42,11.92,480719.22,17.28
1151675.09,41.42,11.92,480744.87,17.29
1151351.53,41.42,11.93,480724.49,17.3
1151030.29,41.43,11.93,480710.63,17.3
1151030.29,41.43,11.93,480710.63,17.3
1150894.19,41.43,11.94,480819.22,17.31
1150758.86,41.44,11.95,480979.18,17.32
1150433.74,41.44,11.95,481019.64,17.33
1150165.57,41.45,11.95,481053.09,17.34
1149867.44,41.45,11.96,481037.83,17.34
1149482.64,41.45,11.95,480779.01,17.34
1149184.51,41.45,11.96,480806.1,17.34
1149232.93,41.45,11.96,481568.61,17.37
1148837.19,41.45,11.95,481166.71,17.36
1149894.39,41.5,12.0,482594.39,17.42
1149626.21,41.5,12.01,482584.68,17.42
1149328.09,41.51,12.01,482566.32,17.43
1149328.09,41.51,12.01,482566.32,17.43
1149328.09,41.51,12.01,482566.32,17.43
1149029.96,41.51,12.02,482603.44,17.44
1148835.62,41.52,12.02,483234.75,17.46
1148835.62,41.52,12.02,483234.75,17.46
1148982.3,41.53,12.03,483196.63,17.47
1148686.49,41.53,12.04,483966.85,17.5
1148339.98,41.53,12.04,483247.69,17.48
1148041.07,41.54,12.04,482744.64,17.47
1148041.07,41.54,12.04,482744.64,17.47
1147779.77,41.53,12.04,482488.94,17.46
1147467.01,41.53,12.03,482537.67,17.46
1146981.61,41.52,12.03,481909.51,17.45
1146981.61,41.52,12.03,481909.51,17.45
1146693.42,41.53,12.03,482005.89,17.46
1146311.76,41.53,12.03,481632.14,17.45
1146311.76,41.53,12.03,481681.29,17.45
1146488.39,41.54,12.05,481686.14,17.45
1146488.39,41.54,12.05,481686.14,17.45
1146190.26,41.55,12.05,481660.39,17.46
1145892.13,41.55,12.06,481651.46,17.47
1145507.33,41.54,12.05,481706.86,17.47
1145209.2,41.55,12.05,481645.95,17.47
1145358.2,41.56,12.07,482173.81,17.5
1145358.2,41.56,12.07,482173.81,17.5
1145131.34,41.57,12.07,482477.4,17.51
1145270.83,41.59,12.09,482737.28,17.53
1144545.53,41.58,12.08,482219.46,17.52
1144256.33,41.57,12.08,481896.54,17.51
1144206.33,41.57,12.07,481846.54,17.51
1144391.35,41.58,12.09,481847.02,17.51
1144391.35,41.58,12.09,481847.02,17.51
1144008.15,41.58,12.08,481822.48,17.51
1143425.41,41.56,12.07,481238.52,17.49
1143646.9,41.58,12.08,481294.22,17.5
1143348.77,41.58,12.09,481263.89,17.5
1143050.64,41.59,12.09,481234.7,17.51
1142699.45,41.58,12.09,481548.86,17.52
1142848.45,41.59,12.1,481510.1,17.52
1142848.45,41.59,12.1,481510.1,17.52
1142848.45,41.59,12.1,481510.1,17.52
1142931.22,41.61,12.11,482139.88,17.55
1142564.24,41.6,12.1,481913.98,17.55
1143063.42,41.62,12.13,482438.91,17.57
1143065.19,41.62,12.13,482442.01,17.57
1142797.01,41.63,12.13,482440.75,17.57
1142590.72,41.63,12.13,482872.2,17.59
1142080.95,41.62,12.13,482291.52,17.58
1142030.95,41.62,12.12,482241.52,17.57
1141732.82,41.62,12.13,482214.7,17.58
1141434.69,41.63,12.13,482615.32,17.6
1141136.56,41.63,12.14,482573.14,17.61
1140613.9,41.64,12.15,482773.16,17.63
1141058.86,41.67,12.17,483030.97,17.64
1140435.32,41.66,12.16,482691.06,17.63
1140355.38,41.67,12.17,482700.01,17.64
1140245.48,41.68,12.18,482680.46,17.64
1140245.48,41.68,12.18,482680.46,17.64
1140135.59,41.69,12.19,482696.7,17.65
1139837.46,41.69,12.19,482671.03,17.65
1139837.46,41.69,12.19,482671.03,17.65
1139837.46,41.69,12.19,482671.03,17.65
1139837.46,41.69,12.19,482647.36,17.65
1139541.66,41.7,12.2,482633.03,17.66
1139570.03,41.71,12.21,483089.49,17.68
1139378.76,41.7,12.21,482890.67,17.67
1139080.63,41.71,12.21,483058.25,17.69
1139089.54,41.71,12.21,482519.66,17.67
1139089.54,41.71,12.21,482519.66,17.67
1138969.19,41.72,12.22,483493.01,17.71
1138701.01,41.72,12.22,483492.08,17.71
1138402.89,41.73,12.23,483464.94,17.72
1138292.99,41.73,12.24,483512.85,17.73
1137994.86,41.74,12.24,483470.22,17.73
1137994.86,41.74,12.24,483470.22,17.73
1137699.06,41.74,12.25,483456.89,17.74
1137781.84,41.75,12.26,483849.88,17.76
1138520.12,41.78,12.29,485423.03,17.81
1138251.95,41.79,12.29,485421.77,17.82
1137865.11,41.79,12.29,484686.94,17.8
1138020.18,41.8,12.3,484662.15,17.8
1137722.05,41.8,12.31,484752.58,17.81
1137181.99,41.79,12.3,484486.16,17.81
1136588.05,41.8,12.31,484389.25,17.82
1136289.15,41.81,12.31,484751.74,17.84
1135991.02,41.81,12.32,484701.44,17.84
1135994.82,41.81,12.32,484665.08,17.84
1135695.14,41.82,12.32,484730.13,17.85
1135695.14,41.82,12.32,484730.13,17.85
1135695.14,41.82,12.32,484730.13,17.85
1135426.97,41.82,12.33,484728.88,17.85
1135128.84,41.83,12.33,484702.06,17.86
1134893.23,41.82,12.33,484523.85,17.86
1135039.91,41.84,12.34,484543.2,17.86
1134741.78,41.84,12.34,484571.11,17.87
1134634.21,41.85,12.35,484532.52,17.87
1134637.74,41.85,12.35,484564.17,17.87
1134637.74,41.85,12.35,484564.17,17.87
1134252.94,41.84,12.35,485256.96,17.9
1134416.66,41.86,12.36,485561.31,17.92
1134212.66,41.85,12.35,485402.68,17.91
1134510.36,41.87,12.37,485661.81,17.92
1134510.36,41.87,12.37,485661.81,17.92
1134510.36,41.87,12.37,485661.81,17.92
1132155.29,41.91,12.41,485611.27,17.97
1132214.39,41.92,12.42,485612.62,17.98
1131916.26,41.92,12.43,485587.31,17.98
1131916.26,41.92,12.43,485616.62,17.99
1131544.26,41.92,12.43,485592.52,17.99
1131246.13,41.93,12.43,485667.06,18.0
1131088.17,41.92,12.43,485515.32,18.0
1130539.68,41.92,12.42,484936.05,17.98
1130539.68,41.92,12.42,484936.05,17.98
1130686.36,41.93,12.43,484881.03,17.98
1130301.56,41.92,12.42,484851.45,17.98
1130301.56,41.92,12.42,484851.45,17.98
1130193.99,41.93,12.43,484851.2,17.99
1129895.08,41.93,12.44,485572.9,18.02
1129664.61,41.94,12.44,485594.01,18.03
1129664.61,41.94,12.44,485594.01,18.03
1129321.01,41.94,12.45,485433.62,18.03
1129052.84,41.95,12.45,485435.95,18.04
1129199.51,41.96,12.46,485410.42,18.04
1128901.38,41.97,12.47,485495.93,18.05
1128791.49,41.98,12.48,485432.3,18.05
1128791.49,41.98,12.48,485432.3,18.05
1128495.68,41.98,12.48,485401.68,18.06
1128495.68,41.98,12.48,485401.68,18.06
1128196.78,41.98,12.49,485730.57,18.08
1128196.78,41.98,12.49,485730.57,18.08
1127898.65,41.99,12.49,485679.45,18.08
1127898.65,41.99,12.49,485679.45,18.08
1127660.9,41.99,12.49,485956.25,18.09
1127352.32,41.99,12.49,485759.59,18.09
1127352.32,41.99,12.49,485759.59,18.09
1127627.88,42.0,12.51,485763.44,18.1
1127627.88,42.0,12.51,485763.44,18.1
1127292.19,42.0,12.5,485736.05,18.1
1127292.19,42.0,12.5,485736.05,18.1
1126994.06,42.0,12.51,485772.32,18.11
1126695.93,42.01,12.51,485743.6,18.11
1127013.51,42.02,12.53,485727.7,18.11
1127013.51,42.02,12.53,485727.7,18.11
1126717.7,42.03,12.53,485804.73,18.12
1126717.7,42.03,12.53,485804.73,18.12
1126418.8,42.03,12.54,485758.04,18.13
1126120.67,42.04,12.54,485719.53,18.13
1126120.67,42.04,12.54,485719.53,18.13
1125821.0,42.04,12.54,486526.76,18.17
1125821.0,42.04,12.54,486526.76,18.17
1125552.82,42.05,12.55,486531.28,18.18
1125552.82,42.05,12.55,486531.28,18.18
1125552.82,42.05,12.55,486531.28,18.18
1125254.7,42.05,12.55,486498.69,18.18
1125254.7,42.05,12.55,486498.69,18.18
1125254.7,42.05,12.55,486498.69,18.18
1124956.57,42.06,12.56,486589.09,18.19
1124658.44,42.06,12.56,486501.41,18.2
1124362.64,42.07,12.57,486602.12,18.21
1124362.64,42.07,12.57,486602.12,18.21
1124142.24,42.07,12.58,487347.6,18.24
1123827.29,42.07,12.57,486978.79,18.23
1124150.04,42.09,12.59,486881.51,18.23
1123881.87,42.1,12.6,486878.22,18.24
1123403.22,42.09,12.59,486625.97,18.23
1123549.9,42.11,12.61,486603.18,18.24
1123549.9,42.11,12.61,486603.18,18.24
1123175.09,42.1,12.6,486668.19,18.24
1123175.09,42.1,12.6,486668.19,18.24
1123175.09,42.1,12.6,486728.18,18.24
1123321.77,42.11,12.61,486689.9,18.25
1123023.64,42.12,12.62,486658.25,18.25
1122727.84,42.12,12.62,487400.51,18.29
1121565.28,42.14,12.64,487429.61,18.31
1121284.2,42.15,12.65,487149.03,18.31
1121338.58,42.16,12.67,487544.15,18.33
1121338.58,42.16,12.67,487544.15,18.33
1120715.04,42.16,12.66,487237.77,18.33
1120715.04,42.16,12.66,487237.77,18.33
1120607.79,42.15,12.66,487129.64,18.32
1120311.98,42.16,12.66,487063.56,18.33
1120013.08,42.16,12.66,487209.43,18.34
1120159.76,42.18,12.68,487265.47,18.35
1120001.79,42.17,12.67,487155.0,18.34
1119580.52,42.16,12.67,486725.05,18.33
1119580.52,42.16,12.67,486725.05,18.33
1119580.52,42.16,12.67,486725.05,18.33
1119421.9,42.16,12.66,486566.69,18.33
1119122.22,42.17,12.67,486791.07,18.34
1118854.05,42.17,12.67,486773.05,18.35
1118555.92,42.18,12.68,486823.05,18.36
1118257.79,42.18,12.68,486787.47,18.36
1117959.66,42.19,12.69,486762.15,18.37
1117663.86,42.19,12.69,487377.2,18.4
1117663.86,42.19,12.69,487377.2,18.4
1117553.19,42.2,12.7,487006.24,18.39
1117553.19,42.2,12.7,487006.24,18.39
1117553.19,42.2,12.7,487006.24,18.39
1117443.3,42.21,12.71,486826.38,18.39
1117058.49,42.2,12.7,486446.53,18.38
1116837.74,42.2,12.7,486217.61,18.37
1116837.74,42.2,12.7,486217.61,18.37
1116837.74,42.2,12.7,486217.61,18.37
1116538.06,42.2,12.7,486480.12,18.39
1116269.89,42.21,12.71,486464.9,18.39
1115969.48,42.2,12.7,486163.05,18.38
1115671.35,42.2,12.71,486150.24,18.39
1115700.49,42.22,12.72,486187.44,18.4
1115700.49,42.22,12.72,486187.44,18.4
1115700.49,42.22,12.72,486187.44,18.4
1115402.36,42.22,12.72,486150.58,18.4
1115106.56,42.23,12.73,486751.6,18.43
1115106.56,42.23,12.73,486751.6,18.43
1114995.89,42.23,12.74,486334.25,18.42
1114697.76,42.24,12.74,486193.55,18.42
1114725.35,42.25,12.75,486990.63,18.46
1114457.18,42.26,12.76,486987.55,18.46
1114486.32,42.27,12.77,486963.87,18.47
1114486.32,42.27,12.77,486963.87,18.47
1114188.19,42.27,12.77,487133.7,18.48
1114334.87,42.29,12.79,487129.21,18.49
1114334.87,42.29,12.79,487129.21,18.49
1114334.87,42.29,12.79,487129.21,18.49
1114039.07,42.29,12.79,487102.91,18.49
1113812.21,42.3,12.8,488578.42,18.55
1113619.4,42.3,12.8,487361.72,18.51
1113875.64,42.32,12.82,488446.86,18.56
1113875.64,42.32,12.82,488446.86,18.56
1113607.47,42.33,12.83,488444.44,18.57
1113309.34,42.33,12.83,488418.79,18.57
1113115.58,42.33,12.83,488182.81,18.56
1112817.46,42.33,12.83,488218.05,18.57
1112817.46,42.33,12.83,488218.05,18.57
1112519.33,42.34,12.84,488194.41,18.58
1112519.33,42.34,12.84,488194.41,18.58
1112605.2,42.35,12.85,488176.25,18.58
1112306.3,42.36,12.86,488463.61,18.6
1112008.17,42.36,12.86,488371.53,18.6
1111708.5,42.37,12.87,488535.58,18.62
1111440.32,42.37,12.87,488528.42,18.62
1111440.32,42.37,12.87,488528.42,18.62
1111142.19,42.38,12.88,488507.51,18.63
1111149.92,42.38,12.88,488539.69,18.63
1110851.79,42.38,12.88,488616.84,18.64
1110553.66,42.39,12.89,488556.57,18.65
1110257.86,42.39,12.89,488530.78,18.65
1109958.96,42.4,12.9,488526.48,18.66
1109660.83,42.4,12.9,488685.71,18.67
1109361.15,42.41,12.91,488517.23,18.67
1109092.98,42.41,12.91,488515.97,18.68
1109092.98,42.41,12.91,488515.97,18.68
1108794.85,42.42,12.92,488489.16,18.69
1108794.85,42.42,12.92,488489.16,18.69
1108794.85,42.42,12.92,488489.16,18.69
1108941.52,42.43,12.93,488703.44,18.7
1108643.4,42.43,12.93,488540.83,18.7
1108535.83,42.44,12.94,488498.37,18.7
1108254.74,42.45,12.95,488678.13,18.72
1107974.82,42.45,12.95,489312.79,18.75
1107706.65,42.46,12.96,489305.36,18.76
1107559.18,42.47,12.97,489247.15,18.76
1107261.05,42.47,12.97,489226.51,18.77
1107261.05,42.47,12.97,489197.8,18.76
1106962.92,42.48,12.98,489271.73,18.77
1104404.37,42.51,13.02,489223.91,18.83
1104106.24,42.51,13.02,489152.47,18.84
1106898.24,42.62,13.13,493125.13,18.99
1106898.24,42.62,13.13,493125.13,18.99
1106630.06,42.63,13.14,493123.2,19.0
1106381.05,42.62,13.13,492896.28,18.99
1106082.92,42.63,13.14,492870.14,19.0
1106082.92,42.63,13.14,492870.14,19.0
1106082.92,42.63,13.14,492870.14,19.0
1105784.8,42.63,13.14,492923.06,19.0
1105813.12,42.63,13.14,492986.53,19.01
1105514.99,42.64,13.15,492993.2,19.01
1105219.19,42.64,13.15,492924.7,19.02
1105219.19,42.64,13.15,492924.7,19.02
1104920.28,42.65,13.16,493095.47,19.03
1104631.06,42.65,13.16,492996.05,19.04
1104322.48,42.66,13.17,492911.15,19.04
1104054.3,42.67,13.17,492913.48,19.05
1104054.3,42.67,13.17,492913.48,19.05
1103807.64,42.66,13.17,492703.08,19.04
1103509.51,42.67,13.17,492680.68,19.05
1103211.39,42.67,13.18,492668.93,19.06
1102913.26,42.68,13.18,492669.14,19.06
1102913.26,42.68,13.18,492669.14,19.06
1102617.46,42.68,13.19,492663.76,19.07
1102763.36,42.69,13.2,492985.99,19.09
1103689.87,42.73,13.24,494781.9,19.16
1103421.7,42.74,13.24,494784.23,19.16
1103123.57,42.74,13.25,494753.83,19.17
1103125.52,42.74,13.25,494763.87,19.17
1103272.2,42.76,13.26,494852.87,19.18
1102887.4,42.75,13.26,494806.94,19.18
1102887.4,42.75,13.26,494806.94,19.18
1103034.07,42.76,13.27,494758.59,19.18
1103034.07,42.76,13.27,494758.59,19.18
1102652.37,42.75,13.26,495981.76,19.23
1102824.99,42.77,13.28,495913.03,19.23
1102222.41,42.76,13.27,494996.45,19.2
1101575.87,42.75,13.26,494501.34,19.19
1101575.87,42.75,13.26,494501.34,19.19
1102271.76,42.79,13.29,495141.22,19.22
1102271.76,42.79,13.29,495141.22,19.22
1102271.76,42.79,13.29,495141.22,19.22
1102003.59,42.79,13.3,495140.29,19.23
1102150.27,42.8,13.31,495115.13,19.23
1102150.27,42.8,13.31,495115.13,19.23
1101765.46,42.8,13.3,495197.36,19.24
1101467.34,42.8,13.31,495147.01,19.24
1101614.01,42.82,13.32,495107.87,19.24
1101833.88,42.83,13.34,496021.1,19.28
1101564.81,42.83,13.34,497859.92,19.36
1101564.81,42.83,13.34,497859.92,19.36
1101998.4,42.87,13.38,498014.5,19.37
1101538.83,42.87,13.37,497232.21,19.35
1101270.66,42.87,13.38,497228.92,19.36
1101085.15,42.88,13.38,496987.39,19.35
1100406.76,42.87,13.37,496216.13,19.33
1100652.37,42.88,13.39,496193.9,19.33
1100652.37,42.88,13.39,496193.9,19.33
1100354.25,42.89,13.39,496227.22,19.34
1100018.56,42.88,13.39,496212.51,19.34
1100018.56,42.88,13.39,496212.51,19.34
1100018.56,42.88,13.39,496212.51,19.34
1100018.56,42.88,13.39,496212.51,19.34
1100018.56,42.88,13.39,496212.51,19.34
1100165.23,42.89,13.4,496186.63,19.35
1100499.38,42.91,13.41,499971.64,19.49
1100499.38,42.91,13.41,499971.64,19.49
1100499.38,42.91,13.41,499971.64,19.49
1102574.38,43.0,13.5,500422.35,19.51
1102574.38,43.0,13.5,500422.35,19.51
1102306.2,43.0,13.51,500419.92,19.52
1102306.2,43.0,13.51,500419.92,19.52
1102452.88,43.02,13.52,500396.26,19.52
1102154.75,43.02,13.53,500448.62,19.53
1102154.75,43.02,13.53,500448.62,19.53
1102154.75,43.02,13.53,500448.62,19.53
1102044.86,43.03,13.54,500409.36,19.54
1102044.86,43.03,13.54,500409.36,19.54
1101749.05,43.04,13.54,500391.52,19.55
1101450.15,43.04,13.55,500732.71,19.57
1101450.15,43.04,13.55,500732.71,19.57
1101156.54,43.05,13.55,500733.0,19.57
1100858.41,43.05,13.56,500543.01,19.58
1100858.41,43.05,13.56,500543.01,19.58
1100482.52,43.05,13.55,500499.9,19.58
1100362.17,43.05,13.56,500808.39,19.6
1100038.6,43.06,13.57,500782.74,19.6
1100038.6,43.06,13.57,500782.74,19.6
1099715.04,43.06,13.57,500808.35,19.61
1099391.48,43.07,13.58,500787.35,19.62
1099070.24,43.07,13.58,500773.88,19.62
1099070.24,43.07,13.58,500773.88,19.62
1098745.9,43.08,13.59,500834.15,19.63
1098422.33,43.08,13.59,500765.57,19.64
1098640.96,43.09,13.61,501286.06,19.66
1098372.79,43.1,13.61,501290.58,19.67
1098376.32,43.1,13.61,501294.29,19.67
1098078.19,43.1,13.62,501261.7,19.68
1097968.3,43.11,13.63,501308.49,19.69
1097968.3,43.11,13.63,501279.12,19.68
1097968.3,43.11,13.63,501279.12,19.68
1097641.69,43.11,13.62,500999.3,19.68
1097343.56,43.11,13.63,500977.32,19.68
1097047.76,43.12,13.63,500970.02,19.69
1096748.86,43.13,13.64,501027.75,19.7
1096748.86,43.13,13.64,501027.75,19.7
1096894.24,43.13,13.65,502207.73,19.75
1096990.52,43.15,13.67,501875.13,19.74
1097049.62,43.16,13.68,501876.47,19.75
1096211.91,43.15,13.66,501121.39,19.73
1096211.91,43.15,13.66,501121.39,19.73
1096358.59,43.16,13.68,501095.26,19.73
1096060.46,43.17,13.68,501156.48,19.74
1095950.57,43.18,13.69,501114.82,19.74
1095950.57,43.18,13.69,501114.82,19.74
1095950.57,43.18,13.69,501114.82,19.74
1095950.57,43.18,13.69,501114.82,19.74
1095950.57,43.18,13.69,501114.82,19.74
1095654.76,43.18,13.7,501087.9,19.75
1095496.53,43.18,13.69,500929.93,19.74
1095197.63,43.18,13.7,501303.65,19.77
1095197.63,43.18,13.7,501303.65,19.77
1095197.63,43.18,13.7,501303.65,19.77
1095087.73,43.19,13.71,501514.41,19.78
1094702.93,43.19,13.7,500921.02,19.76
1094403.25,43.19,13.71,501661.85,19.8
1094135.08,43.2,13.71,501666.37,19.81
1093836.95,43.2,13.72,501636.4,19.81
1093538.82,43.21,13.72,501637.07,19.82
1093241.55,43.2,13.72,501303.72,19.81
1092943.43,43.21,13.72,501497.08,19.83
1092943.43,43.21,13.72,501497.08,19.83
1092647.62,43.21,13.73,501291.52,19.83
1093049.04,43.25,13.76,502859.7,19.9
1092780.87,43.25,13.77,502862.03,19.9
1092927.55,43.27,13.78,502836.5,19.91
1092629.42,43.27,13.79,502929.11,19.92
1092629.42,43.27,13.79,502929.11,19.92
1092629.42,43.27,13.79,502929.11,19.92
1092629.42,43.27,13.79,502929.11,19.92
1092244.61,43.26,13.78,502897.99,19.92
1092210.05,43.27,13.79,502387.99,19.9
1092210.05,43.27,13.79,502387.99,19.9
1091911.92,43.28,13.79,503112.88,19.94
1091187.17,43.27,13.78,502579.95,19.93
1093979.17,43.38,13.89,505815.63,20.06
1094129.91,43.39,13.91,505811.1,20.06
1094159.05,43.4,13.92,505790.56,20.06
1094049.16,43.41,13.93,505825.88,20.07
1094049.16,43.41,13.93,505825.88,20.07
1094204.23,43.43,13.94,505802.14,20.07
1093908.42,43.43,13.95,505785.57,20.08
1093609.52,43.44,13.95,506307.51,20.11
1093451.56,43.43,13.95,506155.08,20.11
1093451.56,43.43,13.95,506202.82,20.11
1093341.66,43.44,13.96,506466.54,20.12
1093341.66,43.44,13.96,506466.54,20.12
1092968.47,43.44,13.95,505672.38,20.1
1092968.47,43.44,13.95,505672.38,20.1
1092668.79,43.44,13.96,506866.74,20.15
1092400.62,43.45,13.96,506851.6,20.16
1092290.72,43.46,13.97,506839.38,20.17
1091992.59,43.46,13.98,506879.9,20.18
1091695.32,43.46,13.97,506477.81,20.16
1091397.2,43.46,13.98,506448.37,20.17
1091101.39,43.47,13.98,506430.14,20.18
1091129.76,43.48,13.99,506807.85,20.2
1090831.63,43.49,14.0,506787.68,20.2
1090831.63,43.49,14.0,506787.68,20.2
1090563.46,43.49,14.01,506790.02,20.21
1090274.26,43.49,14.0,506599.45,20.21
1090419.38,43.5,14.01,506977.42,20.23
1090419.38,43.5,14.01,506977.42,20.23
1090419.38,43.5,14.01,506977.42,20.23
1090309.49,43.51,14.02,506959.32,20.23
1090199.6,43.52,14.03,506944.7,20.24
1090199.6,43.52,14.03,506944.7,20.24
1090517.17,43.54,14.05,506985.91,20.24
1090517.17,43.54,14.05,506985.91,20.24
1090192.52,43.53,14.05,506955.22,20.24
1090193.31,43.53,14.05,506956.46,20.24
1089897.5,43.54,14.05,506942.42,20.25
1089598.6,43.54,14.06,507375.27,20.28
1089627.74,43.56,14.07,507471.84,20.29
1089627.74,43.56,14.07,507471.84,20.29
1089627.74,43.56,14.07,507471.84,20.29
1089328.06,43.56,14.07,507928.47,20.31
1089328.06,43.56,14.07,507928.16,20.31
1089059.89,43.57,14.08,507928.61,20.32
1088950.0,43.58,14.09,507909.1,20.33
1088950.0,43.58,14.09,507909.1,20.33
1088651.87,43.58,14.1,507944.1,20.34
1088686.31,43.59,14.1,507969.17,20.34
1088686.31,43.59,14.1,507969.17,20.34
1088388.18,43.59,14.1,507942.29,20.34
1088092.38,43.6,14.11,507917.3,20.35
1087793.48,43.6,14.11,508329.54,20.38
1088039.09,43.62,14.13,508222.25,20.37
1088039.09,43.62,14.13,508222.25,20.37
1087867.99,43.62,14.13,508656.57,20.39
1087537.33,43.62,14.13,508418.46,20.39
1087269.16,43.63,14.14,508422.98,20.4
1087269.16,43.63,14.14,508422.98,20.4
1087269.16,43.63,14.14,508422.98,20.4
1086971.03,43.63,14.15,508395.09,20.41
1086672.9,43.64,14.15,508386.65,20.42
1086373.01,43.63,14.14,508100.88,20.41
1086373.01,43.63,14.14,508100.88,20.41
1086519.68,43.65,14.16,508165.5,20.41
1086223.88,43.65,14.16,508098.11,20.42
1086223.88,43.65,14.16,508098.11,20.42
1085924.98,43.66,14.17,508342.68,20.44
1085924.98,43.66,14.17,508342.68,20.44
1085626.85,43.66,14.18,508268.78,20.44
1085327.17,43.67,14.18,508521.57,20.46
1084942.37,43.66,14.17,508142.15,20.45
1084674.2,43.67,14.18,508139.07,20.46
1084703.34,43.68,14.19,508115.39,20.46
1084593.44,43.69,14.2,508177.77,20.47
1084593.44,43.69,14.2,508177.77,20.47
1084594.23,43.69,14.2,508206.13,20.47
1084594.23,43.69,14.2,508206.13,20.47
1084296.1,43.7,14.21,508160.85,20.48
1084188.53,43.71,14.22,508137.07,20.48
1084188.53,43.71,14.22,508137.07,20.48
1083870.49,43.7,14.21,507819.03,20.47
1083571.58,43.7,14.22,508199.15,20.5
1083571.58,43.7,14.22,508199.15,20.5
1083571.58,43.7,14.22,508199.15,20.5
1083571.58,43.7,14.22,508199.15,20.5
1083273.46,43.71,14.22,508171.77,20.5
1083418.58,43.72,14.24,508681.58,20.53
1083338.64,43.73,14.25,508690.53,20.54
1083040.51,43.74,14.25,508655.68,20.54
1082930.62,43.75,14.26,508696.09,20.55
1082632.49,43.76,14.27,508692.39,20.56
1082336.69,43.76,14.27,508664.85,20.57
1082336.69,43.76,14.27,508934.82,20.58
1082336.69,43.76,14.27,508934.82,20.58
1082037.79,43.77,14.28,508911.78,20.58
1082097.49,43.77,14.28,508962.78,20.59
1081799.36,43.78,14.29,509439.36,20.61
1081799.36,43.78,14.29,509439.36,20.61
1081499.69,43.78,14.29,509300.38,20.62
1081505.08,43.78,14.29,509302.89,20.62
1081505.08,43.78,14.29,509302.89,20.62
1081236.91,43.79,14.3,509303.33,20.63
1080244.65,43.77,14.28,508305.74,20.59
1080244.65,43.77,14.28,508305.74,20.59
1079946.53,43.77,14.28,508281.93,20.6
1079975.67,43.78,14.3,508314.17,20.61
1079677.54,43.79,14.3,508291.13,20.62
1079677.54,43.79,14.3,508291.13,20.62
1079381.74,43.8,14.31,508490.28,20.63
1079381.74,43.8,14.31,508490.28,20.63
1079381.74,43.8,14.31,508490.28,20.63
1079082.83,43.8,14.31,508345.52,20.63
1078784.7,43.81,14.32,508679.33,20.66
1078485.03,43.81,14.32,508552.43,20.66
1078485.03,43.81,14.32,508552.43,20.66
1078485.03,43.81,14.32,508530.42,20.66
1078216.85,43.82,14.33,508528.49,20.67
1078106.96,43.83,14.34,508503.73,20.67
1077808.83,43.83,14.35,508542.83,20.68
1077510.7,43.84,14.35,508527.99,20.69
1077214.9,43.85,14.36,508981.11,20.72
1077214.9,43.85,14.36,508981.11,20.72
1076946.65,43.84,14.35,508720.47,20.71
1076946.65,43.84,14.35,508720.47,20.71
1076835.99,43.85,14.36,508471.32,20.71
1076546.77,43.86,14.37,508404.0,20.71
1076546.77,43.86,14.37,508404.0,20.71
1076238.18,43.86,14.37,508586.1,20.73
1075970.01,43.87,14.38,508588.44,20.74
1075671.88,43.88,14.39,508566.04,20.74
1075373.75,43.88,14.39,508554.29,20.75
1075076.48,43.87,14.39,508286.62,20.74
1072721.42,43.92,14.43,508236.08,20.81
1072868.09,43.94,14.45,508252.31,20.81
1072650.5,43.93,14.44,508035.27,20.81
1072354.7,43.94,14.45,508031.48,20.82
1069999.63,43.98,14.5,507980.94,20.88
1069700.73,43.99,14.5,508055.95,20.89
1067142.18,44.03,14.55,508008.12,20.96
1066911.71,44.04,14.56,508678.21,21.0
1066598.77,44.04,14.56,508395.14,20.99
1066874.34,44.06,14.58,508398.99,21.0
1066576.21,44.07,14.59,508369.61,21.0
1066576.21,44.07,14.59,508369.61,21.0
1066278.08,44.07,14.59,508501.62,21.02
1065942.39,44.07,14.59,508409.9,21.02
1065942.39,44.07,14.59,508409.9,21.02
1066089.07,44.08,14.6,508362.35,21.02
1065981.5,44.09,14.61,508888.41,21.05
1065754.64,44.1,14.62,509320.14,21.08
1065461.03,44.11,14.63,509325.18,21.08
1065139.57,44.1,14.62,509885.29,21.11
1065085.84,44.12,14.64,509411.37,21.1
1064817.67,44.12,14.64,509410.45,21.11
1064321.93,44.12,14.64,508988.71,21.1
1064321.93,44.12,14.64,508988.71,21.1
1064212.03,44.13,14.65,508967.16,21.11
1063913.9,44.14,14.66,508958.54,21.11
1063943.04,44.15,14.67,508982.37,21.12
1063974.51,44.16,14.68,508958.56,21.13
1063675.61,44.17,14.69,509669.55,21.16
1063377.48,44.18,14.7,509625.71,21.17
1063077.8,44.18,14.7,509669.72,21.18
1062809.63,44.19,14.71,509672.05,21.19
1062956.3,44.2,14.72,509646.52,21.19
1062658.18,44.21,14.73,509718.94,21.21
1062360.05,44.21,14.74,509690.05,21.21
1062252.48,44.23,14.75,509642.12,21.22
1062500.77,44.24,14.76,512415.31,21.33
1062203.5,44.23,14.75,512228.67,21.33
1062203.5,44.23,14.75,512228.67,21.33
1062759.25,44.26,14.78,511364.73,21.3
1062561.69,44.26,14.78,511167.0,21.29
1062293.52,44.27,14.79,511171.52,21.3
1062293.52,44.27,14.79,511171.52,21.3
1062293.52,44.27,14.79,511171.52,21.3
1062083.8,44.28,14.8,511366.94,21.32
1062083.8,44.28,14.8,511389.22,21.32
1061785.67,44.28,14.8,511359.25,21.33
1061785.67,44.28,14.8,511359.25,21.33
1061487.55,44.29,14.81,511401.4,21.34
1061487.55,44.29,14.81,511401.4,21.34
1061377.65,44.3,14.82,511358.56,21.34
1061081.85,44.3,14.82,511350.03,21.35
1060782.95,44.31,14.83,511476.94,21.37
1061020.56,44.33,14.85,512009.82,21.39
1061020.56,44.33,14.85,512009.82,21.39
1060909.11,44.34,14.86,512198.41,21.41
1060640.94,44.34,14.86,512191.06,21.41
1060640.94,44.34,14.86,512176.08,21.41
1060342.81,44.35,14.87,512155.36,21.42
1060342.81,44.35,14.87,512155.36,21.42
1060232.92,44.36,14.88,512209.44,21.43
1059895.32,44.36,14.88,511876.9,21.42
1059597.19,44.36,14.88,511986.7,21.44
1059597.19,44.36,14.88,511986.7,21.44
1059597.19,44.36,14.88,511986.7,21.44
1059489.62,44.37,14.89,511837.65,21.44
1059331.66,44.37,14.89,511698.9,21.43
1059331.66,44.37,14.89,511698.9,21.43
1059360.02,44.38,14.9,512452.05,21.47
1059170.31,44.38,14.9,511926.46,21.45
1059407.01,44.39,14.91,512768.67,21.49
1059098.42,44.4,14.92,512572.83,21.49
1058973.6,44.4,14.92,512584.52,21.49
1058893.66,44.41,14.93,512593.47,21.5
1058595.54,44.42,14.94,512568.74,21.51
1058297.41,44.42,14.94,512612.52,21.52
1058444.08,44.44,14.96,512576.2,21.52
1058148.28,44.44,14.96,512550.79,21.53
1057763.48,44.44,14.96,512837.41,21.54
1057482.39,44.44,14.96,512967.72,21.56
1058377.04,44.48,15.0,514561.35,21.63
1058108.87,44.49,15.01,514565.87,21.63
1055753.8,44.54,15.06,514515.33,21.71
1055241.42,44.54,15.06,513733.12,21.68
1055241.42,44.54,15.06,513733.12,21.68
1054866.62,44.53,15.05,513565.0,21.68
1055013.29,44.54,15.06,513539.59,21.68
1055013.29,44.54,15.06,513539.59,21.68
1054817.52,44.54,15.06,513303.97,21.67
1054519.39,44.55,15.07,513356.53,21.69
1054519.39,44.55,15.07,513792.81,21.7
1054412.59,44.56,15.08,513494.87,21.7
1054416.13,44.56,15.08,513526.52,21.7
1054225.29,44.57,15.09,515654.44,21.8
1054151.94,44.58,15.1,515026.0,21.78
1053883.77,44.59,15.11,515024.75,21.79
1054065.85,44.61,15.13,514821.63,21.79
1053229.31,44.6,15.12,514214.72,21.77
1053234.7,44.6,15.12,514263.02,21.78
1053234.7,44.6,15.12,514263.02,21.78
1053480.31,44.61,15.13,514238.76,21.78
1053144.62,44.61,15.13,514325.9,21.79
1052846.49,44.62,15.13,514272.83,21.79
1052548.36,44.62,15.14,514229.51,21.8
1052252.56,44.63,15.15,515186.97,21.85
1052691.94,44.67,15.18,515825.57,21.89
1052741.88,44.67,15.19,515529.06,21.88
1052226.31,44.67,15.19,515293.04,21.87
1051902.75,44.67,15.19,515263.18,21.88
1051902.75,44.67,15.19,515263.18,21.88
1051902.75,44.67,15.19,515263.18,21.88
1051767.42,44.68,15.2,515291.63,21.89
1051767.42,44.68,15.2,515291.63,21.89
1051767.42,44.68,15.2,515291.63,21.89
1051767.42,44.68,15.2,515291.63,21.89
1051767.42,44.68,15.2,515291.63,21.89
1051443.85,44.69,15.21,515272.9,21.9
1051122.61,44.69,15.22,515257.56,21.91
1050986.51,44.7,15.23,515251.44,21.92
1050662.95,44.71,15.23,515640.27,21.94
1050662.95,44.71,15.23,515640.27,21.94
1050662.95,44.71,15.23,515640.27,21.94
1050394.77,44.71,15.24,515639.01,21.95
1050613.4,44.73,15.26,515922.46,21.97
1050315.27,44.74,15.26,515895.64,21.97
1050315.27,44.74,15.26,515895.64,21.97
1050017.14,44.74,15.27,516095.29,21.99
1049810.02,44.74,15.27,516104.82,22.0
1049511.9,44.75,15.27,515897.95,22.0
1049216.09,44.75,15.28,516008.6,22.01
1049216.09,44.75,15.28,516008.6,22.01
1049216.09,44.75,15.28,516008.6,22.01
1049316.69,44.77,15.29,516627.02,22.04
1049116.56,44.78,15.3,516483.49,22.05
1049301.58,44.8,15.32,516511.78,22.05
1049301.58,44.8,15.32,516511.78,22.05
1048914.41,44.8,15.32,516321.0,22.05
1048804.51,44.81,15.34,516296.78,22.06
1048506.39,44.82,15.34,516277.43,22.07
1048208.26,44.82,15.35,516260.81,22.08
1047911.64,44.82,15.34,515924.61,22.06
1047911.64,44.82,15.34,515924.61,22.06
1047615.83,44.82,15.35,516042.95,22.08
1047505.17,44.83,15.36,515951.92,22.08
1047131.97,44.83,15.35,515917.1,22.09
1047287.04,44.84,15.37,516609.39,22.12
1047314.63,44.85,15.38,516900.9,22.14
1047046.46,44.86,15.39,516882.89,22.15
1046663.26,44.86,15.38,516737.87,22.15
1046365.13,44.86,15.39,516727.81,22.15
1046368.93,44.86,15.39,516701.33,22.15
1046368.93,44.86,15.39,516701.33,22.15
1046070.8,44.87,15.39,516791.02,22.17
1046070.8,44.87,15.39,516769.52,22.17
1045775.77,44.87,15.4,516846.71,22.18
1045503.6,44.88,15.41,516835.35,22.19
1045503.6,44.88,15.41,516890.91,22.19
1045503.6,44.88,15.41,516883.94,22.19
1045582.62,44.91,15.43,518081.18,22.25
1045314.44,44.91,15.44,518085.7,22.26
1045168.27,44.92,15.45,517561.21,22.25
1045168.27,44.92,15.45,517561.21,22.25
1044870.14,44.93,15.45,517531.24,22.25
1045016.81,44.94,15.47,517606.3,22.26
1044537.79,44.94,15.47,517153.78,22.25
1043541.66,44.92,15.44,516158.62,22.22
1043243.54,44.92,15.45,516114.66,22.22
1043243.54,44.92,15.45,516114.66,22.22
1043089.03,44.92,15.44,515962.36,22.22
1042793.23,44.93,15.45,515922.12,22.23
1042494.32,44.93,15.46,516619.27,22.27
1042278.18,44.94,15.47,516610.99,22.28
1042278.18,44.94,15.47,516610.99,22.28
1042010.01,44.95,15.48,516603.64,22.28
1041797.66,44.94,15.47,516424.19,22.28
1041500.12,44.94,15.46,516160.77,22.27
1041327.63,44.95,15.47,516053.79,22.27
1041029.5,44.95,15.48,516033.07,22.28
1041029.5,44.95,15.48,516033.07,22.28
1040731.38,44.96,15.49,516065.45,22.29
1040731.38,44.96,15.49,516065.45,22.29
1040731.38,44.96,15.49,516065.45,22.29
1040731.38,44.96,15.49,516065.45,22.29
1040731.38,44.96,15.49,516065.45,22.29
1040731.38,44.96,15.49,516065.45,22.29
1040433.25,44.97,15.49,516039.46,22.3
1040433.25,44.97,15.49,516039.46,22.3
1040433.25,44.97,15.49,516039.46,22.3
1040137.44,44.97,15.5,516024.16,22.31
1039838.54,44.98,15.5,516092.91,22.32
1039985.22,44.99,15.52,516159.7,22.33
1039691.61,45.0,15.53,516154.98,22.34
1039391.93,45.01,15.53,516436.29,22.36
1039391.93,45.01,15.53,516436.29,22.36
1039068.37,45.01,15.54,516451.51,22.37
1039152.4,45.02,15.54,516549.94,22.38
1038828.84,45.02,15.55,516511.28,22.39
1038560.66,45.03,15.56,516515.79,22.4
1038237.1,45.04,15.57,516513.01,22.4
1038243.13,45.05,15.58,516650.84,22.42
1038107.03,45.06,15.59,516547.9,22.42
1038107.03,45.06,15.59,516547.9,22.42
1038110.65,45.06,15.59,516561.4,22.42
1038231.89,45.07,15.61,516520.59,22.42
1038095.01,45.08,15.62,517629.14,22.48
1038095.01,45.08,15.62,517629.14,22.48
1038095.01,45.08,15.62,517629.14,22.48
1038098.54,45.08,15.62,517642.29,22.48
1037800.42,45.09,15.62,517654.17,22.49
1037690.52,45.1,15.63,517630.38,22.5
1037392.4,45.11,15.64,517603.13,22.51
1037096.59,45.11,15.65,517645.3,22.52
1037096.59,45.11,15.65,517645.3,22.52
1036797.69,45.12,15.65,517613.47,22.53
1036687.79,45.13,15.67,517610.7,22.53
1034332.73,45.19,15.72,517560.16,22.61
1034033.05,45.19,15.73,517907.67,22.64
1033764.88,45.2,15.73,517906.75,22.65
1033466.75,45.21,15.74,517879.6,22.65
1033356.85,45.22,15.75,517892.96,22.66
1033058.73,45.23,15.76,517899.43,22.67
1032762.92,45.23,15.77,517878.94,22.68
1032762.92,45.23,15.77,517878.94,22.68
1032762.92,45.23,15.77,517849.59,22.68
1032874.38,45.24,15.77,517990.07,22.69
1032994.4,45.25,15.79,518410.61,22.71
1032994.4,45.25,15.79,518410.61,22.71
1031998.27,45.23,15.76,517413.46,22.68
1031892.39,45.23,15.76,517308.65,22.67
1031603.17,45.24,15.77,517258.42,22.68
1031294.59,45.24,15.77,517473.55,22.7
1031026.41,45.25,15.78,517471.62,22.71
1031058.28,45.25,15.78,517502.98,22.71
1030948.38,45.26,15.8,517478.22,22.72
1030948.38,45.26,15.8,517478.22,22.72
1030650.25,45.27,15.8,517514.61,22.73
1030679.4,45.28,15.82,517489.9,22.74
1030383.59,45.29,15.82,517821.98,22.76
1030089.98,45.3,15.83,517827.02,22.77
1029791.08,45.3,15.84,517800.07,22.78
1029791.08,45.3,15.84,517800.07,22.78
1029501.86,45.31,15.84,517654.8,22.78
1029197.07,45.32,15.85,517980.14,22.81
1029197.07,45.32,15.85,517980.14,22.81
1028928.9,45.33,15.86,517972.72,22.82
1028630.77,45.33,15.87,518013.65,22.83
1028659.91,45.35,15.88,517964.81,22.83
1028659.91,45.35,15.88,517999.87,22.84
1028659.91,45.35,15.88,517999.87,22.84
1028780.7,45.36,15.9,517982.64,22.84
1028780.7,45.36,15.9,517982.64,22.84
1028484.9,45.37,15.9,519111.26,22.9
1028484.9,45.37,15.9,519111.26,22.9
1028374.23,45.38,15.92,518534.85,22.88
1028158.09,45.39,15.93,518298.95,22.88
1028158.09,45.39,15.93,518298.95,22.88
1028158.09,45.39,15.93,518298.95,22.88
1027830.25,45.4,15.93,518953.97,22.92
1028006.88,45.42,15.95,518958.82,22.93
1028036.02,45.43,15.96,518929.19,22.93
1027926.13,45.44,15.97,518986.78,22.94
1027628.0,45.45,15.98,518952.61,22.95
1027243.19,45.44,15.97,518922.07,22.95
1027390.39,45.45,15.98,522141.13,23.1
1027390.39,45.45,15.98,522141.13,23.1
1028320.41,45.51,16.04,522226.28,23.11
1028320.41,45.51,16.04,522226.28,23.11
1028052.24,45.52,16.05,522230.8,23.12
1027988.49,45.53,16.06,521687.14,23.11
1027878.6,45.54,16.07,521669.99,23.11
1027624.62,45.54,16.07,521472.15,23.11
1027624.62,45.54,16.07,521472.15,23.11
1027514.73,45.55,16.08,521454.39,23.12
1027216.6,45.55,16.09,521525.47,23.13
1027216.6,45.55,16.09,521525.47,23.13
1026920.8,45.56,16.1,521475.49,23.14
1026621.89,45.57,16.1,521445.0,23.15
1026359.79,45.58,16.11,522080.46,23.18
1026498.62,45.59,16.13,522196.85,23.19
1026175.05,45.6,16.13,522166.45,23.2
1026175.05,45.6,16.13,522166.45,23.2
1026270.41,45.61,16.15,522196.2,23.21
1026274.11,45.63,16.16,522177.77,23.22
1026016.71,45.62,16.16,522011.59,23.21
1025695.47,45.63,16.17,521994.98,23.22
1025699.01,45.63,16.17,521998.3,23.22
1025699.01,45.63,16.17,521998.3,23.22
1025374.67,45.63,16.17,522297.85,23.25
1025106.49,45.64,16.18,522300.18,23.26
1024782.93,45.65,16.19,522434.98,23.27
1024457.82,45.65,16.2,522606.01,23.29
1024457.82,45.65,16.2,522606.01,23.29
1024604.49,45.67,16.21,522580.47,23.29
1024305.19,45.66,16.2,522279.75,23.28
1024305.19,45.66,16.2,522279.75,23.28
1024007.07,45.67,16.21,522366.9,23.3
1023708.94,45.68,16.22,522304.95,23.31
1023324.14,45.67,16.21,522270.94,23.31
1020969.07,45.73,16.27,522220.4,23.39
1020969.07,45.73,16.27,522220.4,23.39
1020673.26,45.74,16.28,522847.25,23.43
1020392.18,45.74,16.28,522806.85,23.44
1020687.63,45.76,16.3,522440.24,23.42
1020419.45,45.77,16.31,522432.89,23.43
1020240.35,45.78,16.32,523008.46,23.47
1020240.35,45.78,16.32,523008.46,23.47
1020240.35,45.78,16.32,523008.46,23.47
1020327.67,45.78,16.32,523043.59,23.47
1020327.67,45.78,16.32,523181.0,23.48
1020029.54,45.79,16.33,523240.48,23.49
1020029.54,45.79,16.33,523195.62,23.49
1019731.41,45.8,16.34,523166.46,23.5
1019433.28,45.81,16.35,523128.61,23.51
1019582.28,45.82,16.36,523382.57,23.52
1019830.57,45.83,16.37,525406.49,23.61
1019830.57,45.83,16.37,525406.49,23.61
1020230.84,45.87,16.41,524642.42,23.59
1020230.84,45.87,16.41,524642.42,23.59
1020230.84,45.87,16.41,524642.42,23.59
1019683.54,45.86,16.4,524590.88,23.6
1019860.17,45.88,16.42,524595.73,23.6
1019860.17,45.88,16.42,524595.73,23.6
1019562.05,45.89,16.43,524569.99,23.61
1018838.11,45.88,16.42,523790.48,23.59
1018838.11,45.88,16.42,523790.48,23.59
1018728.22,45.89,16.43,523782.26,23.59
1018728.22,45.89,16.43,523782.26,23.59
1018430.09,45.9,16.44,523808.98,23.61
1018134.29,45.9,16.44,523777.65,23.62
1017835.38,45.91,16.45,524188.19,23.64
1017546.16,45.92,16.46,523950.19,23.64
1017258.52,45.93,16.47,524424.17,23.68
1017435.15,45.94,16.48,524429.02,23.68
1017325.25,45.96,16.5,524409.05,23.69
1017325.25,45.96,16.5,524409.05,23.69
1017325.25,45.96,16.5,524409.05,23.69
1017031.64,45.96,16.5,524416.28,23.7
1017031.64,45.96,16.5,524416.28,23.7
1016733.52,45.97,16.51,524402.28,23.71
1016623.62,45.98,16.52,524450.25,23.72
1016327.82,45.99,16.53,524418.99,23.73
1016028.92,46.0,16.54,524394.01,23.74
1015730.79,46.0,16.55,525054.16,23.78
1015431.11,46.01,16.55,525152.4,23.8
1015431.11,46.01,16.55,525152.4,23.8
1015351.17,46.03,16.57,525161.35,23.81
1015351.17,46.03,16.57,525161.35,23.81
1015351.17,46.03,16.57,525161.35,23.81
1015351.17,46.03,16.57,525161.35,23.81
1015351.17,46.03,16.57,525161.35,23.81
1015351.17,46.03,16.57,525161.35,23.81
1015351.17,46.03,16.57,525161.35,23.81
1015053.04,46.03,16.57,525139.77,23.82
1014879.36,46.03,16.57,524951.13,23.81
1014581.23,46.04,16.58,524932.66,23.82
1014041.95,46.02,16.57,524423.59,23.8
1014071.09,46.04,16.58,524501.74,23.81
1013775.29,46.05,16.59,524558.88,23.83
1013400.48,46.04,16.58,524234.38,23.82
1013289.82,46.05,16.59,524103.52,23.82
1012991.69,46.06,16.6,524154.2,23.83
1012692.01,46.07,16.61,524783.45,23.87
1012423.84,46.08,16.62,524814.32,23.88
1012125.71,46.08,16.62,524755.38,23.89
1012125.71,46.08,16.62,524755.38,23.89
1012015.82,46.09,16.64,524809.43,23.9
1012015.82,46.09,16.64,524809.43,23.9
1011717.69,46.1,16.64,524755.99,23.91
1011717.69,46.1,16.64,524755.99,23.91
1011717.69,46.1,16.64,524755.99,23.91
1011421.88,46.11,16.65,524747.33,23.92
1012472.37,46.16,16.7,527470.47,24.05
1012189.2,46.16,16.7,526769.67,24.02
1011921.03,46.17,16.71,526768.74,24.03
1011622.9,46.18,16.72,526741.6,24.04
1011622.9,46.18,16.72,526741.6,24.04
1011324.77,46.19,16.73,526767.57,24.06
1011026.64,46.19,16.73,526785.87,24.07
1010730.84,46.2,16.74,526823.98,24.08
1010730.84,46.2,16.74,526823.98,24.08
1010431.94,46.21,16.75,526818.94,24.09
1010202.37,46.22,16.76,527082.67,24.11
1010022.37,46.23,16.77,526902.29,24.12
1010022.37,46.23,16.77,526902.29,24.12
1009577.81,46.22,16.76,526112.41,24.09
1009419.45,46.22,16.76,525955.09,24.08
1009151.27,46.23,16.77,525952.01,24.09
1009297.95,46.25,16.79,525929.01,24.1
1008999.82,46.25,16.79,526017.82,24.11
1008162.12,46.24,16.78,525340.94,24.09
1007863.99,46.24,16.78,525290.68,24.1
1007568.19,46.25,16.79,525243.63,24.11
1007183.39,46.24,16.78,526215.2,24.16
1007338.71,46.26,16.8,525364.28,24.13
1007392.7,46.28,16.83,526456.81,24.19
1007124.52,46.29,16.83,526455.88,24.2
1006826.4,46.3,16.84,526428.74,24.21
1006826.4,46.3,16.84,526428.74,24.21
1006202.38,46.29,16.83,525729.21,24.19
1005780.38,46.28,16.82,525319.61,24.17
1005780.38,46.28,16.82,525319.61,24.17
1005805.87,46.29,16.83,525344.21,24.18
1005507.74,46.29,16.83,525394.32,24.19
1005209.62,46.3,16.84,525354.35,24.2
1005209.62,46.3,16.84,525354.35,24.2
1004913.81,46.31,16.85,525335.3,24.21
1004913.81,46.31,16.85,525335.3,24.21
1004940.54,46.31,16.85,526673.33,24.27
1004940.54,46.31,16.85,526673.33,24.27
1004940.54,46.31,16.85,526673.33,24.27
1005692.51,46.37,16.91,527128.63,24.3
1005751.6,46.38,16.92,527129.98,24.31
1005453.48,46.39,16.93,527101.87,24.32
1005453.48,46.39,16.93,527101.87,24.32
1005155.35,46.4,16.94,527158.19,24.33
1004479.95,46.39,16.93,526351.3,24.31
1004181.82,46.4,16.94,526342.5,24.32
1003886.01,46.4,16.94,526286.34,24.33
1003604.93,46.41,16.95,527336.54,24.39
1004470.96,46.45,16.99,528213.29,24.43
1004470.96,46.45,16.99,528213.29,24.43
1004202.79,46.46,17.0,528212.04,24.44
1004202.79,46.46,17.0,528212.04,24.44
1004202.79,46.46,17.0,528212.04,24.44
1004202.79,46.46,17.0,528212.04,24.44
1003770.8,46.46,17.0,527493.0,24.41
1003123.86,46.45,16.99,526999.95,24.4
1002825.74,46.45,16.99,526973.14,24.41
1002825.74,46.45,16.99,526973.14,24.41
1002534.28,46.45,16.99,526716.43,24.4
1002236.15,46.45,17.0,526760.92,24.42
1001938.02,46.46,17.0,526723.29,24.43
1001938.02,46.46,17.0,526723.29,24.43
1001969.49,46.48,17.02,526709.46,24.43
1001670.58,46.49,17.03,526892.34,24.45
1001670.58,46.49,17.03,526892.34,24.45
1001670.58,46.49,17.03,526806.12,24.45
1001372.46,46.49,17.03,526751.65,24.46
1001400.05,46.51,17.05,527364.75,24.49
1001400.05,46.51,17.05,527364.75,24.49
1001131.88,46.52,17.06,527367.08,24.5
1000833.75,46.53,17.07,527336.68,24.51
1000980.42,46.54,17.08,527425.68,24.52
1000641.22,46.53,17.08,527092.5,24.51
1000641.22,46.53,17.08,527092.5,24.51
1000641.22,46.53,17.08,527092.5,24.51
1000256.41,46.53,17.07,527027.19,24.51
1000304.83,46.53,17.07,527244.97,24.52
1001903.69,46.61,17.15,531165.16,24.71
1001635.52,46.62,17.16,531164.23,24.72
1001337.39,46.63,17.17,531137.09,24.73
1001366.53,46.65,17.19,531203.49,24.74
1001366.53,46.65,17.19,531203.49,24.74
1001410.46,46.65,17.19,531231.17,24.75
1001414.33,46.65,17.19,531719.1,24.77
1001151.07,46.66,17.2,531369.2,24.76
1001530.36,46.7,17.24,530768.35,24.75
1001356.19,46.71,17.25,532727.73,24.85
1001356.19,46.71,17.25,532727.73,24.85
998797.63,46.77,17.32,532679.9,24.94
998529.46,46.78,17.33,532661.89,24.95
998474.84,46.79,17.35,531817.09,24.92
998474.84,46.79,17.35,531817.09,24.92
998474.84,46.79,17.35,531817.09,24.92
998474.84,46.79,17.35,531817.09,24.92
998474.84,46.79,17.35,531817.09,24.92
998214.08,46.8,17.35,531573.38,24.92
998214.08,46.8,17.35,531573.38,24.92
998214.08,46.8,17.35,531573.38,24.92
998214.08,46.8,17.35,531573.38,24.92
997915.95,46.81,17.36,531621.35,24.94
997592.39,46.82,17.37,531591.38,24.95
997043.85,46.81,17.36,530999.99,24.93
997043.85,46.81,17.36,530999.99,24.93
994688.78,46.88,17.43,530949.45,25.02
994688.78,46.88,17.43,530949.45,25.02
994688.78,46.88,17.43,530949.45,25.02
994390.65,46.88,17.44,530928.55,25.03
994390.65,46.88,17.44,530928.55,25.03
994092.52,46.89,17.44,530912.61,25.04
993984.95,46.91,17.46,530883.38,25.05
993686.05,46.91,17.47,531222.41,25.08
993387.92,46.92,17.47,531031.54,25.08
993088.24,46.93,17.48,531056.93,25.1
992764.68,46.94,17.49,531078.56,25.11
992764.68,46.94,17.49,531078.56,25.11
992441.12,46.94,17.5,531054.08,25.12
992119.88,46.95,17.51,531093.45,25.13
991795.54,46.96,17.51,531114.61,25.15
991479.85,46.96,17.52,531256.38,25.16
991479.85,46.96,17.52,531256.38,25.16
991335.1,46.98,17.53,531200.4,25.17
991255.16,46.99,17.55,531209.35,25.18
990957.03,47.0,17.56,531173.04,25.19
990957.03,47.0,17.56,531173.04,25.19
991103.7,47.02,17.57,531231.3,25.2
990805.58,47.02,17.58,531191.76,25.21
990805.58,47.02,17.58,531191.76,25.21
990509.77,47.03,17.59,531166.68,25.22
990299.36,47.03,17.59,530970.28,25.21
990000.46,47.04,17.59,531274.63,25.24
990000.46,47.04,17.59,531274.63,25.24
990000.46,47.04,17.59,531274.63,25.24
989890.56,47.05,17.61,531430.51,25.26
989590.88,47.06,17.61,531558.57,25.28
989206.08,47.05,17.61,531387.24,25.27
988937.91,47.06,17.62,531389.57,25.29
988639.78,47.07,17.62,531367.17,25.3
988639.78,47.07,17.62,531367.17,25.3
988341.65,47.07,17.63,531414.86,25.31
988488.33,47.09,17.65,531383.27,25.32
988103.52,47.08,17.64,531352.94,25.32
987807.72,47.09,17.65,531543.07,25.34
987508.82,47.1,17.66,531479.63,25.35
987210.69,47.11,17.67,531382.01,25.36
986911.01,47.12,17.68,531396.7,25.37
986642.84,47.13,17.69,531393.62,25.38
986642.84,47.13,17.69,531393.62,25.38
986344.71,47.14,17.69,531368.63,25.39
986046.58,47.14,17.7,531608.34,25.42
986050.12,47.14,17.7,531611.31,25.42
985751.99,47.15,17.71,531536.82,25.43
985900.99,47.17,17.73,531512.05,25.43
985767.61,47.19,17.74,533020.88,25.51
985693.27,47.21,17.76,532431.21,25.5
985247.31,47.2,17.76,532019.12,25.49
985423.94,47.22,17.78,532023.97,25.49
985125.81,47.23,17.79,531993.03,25.51
985125.81,47.23,17.79,531993.03,25.51
985125.81,47.23,17.79,531993.03,25.51
984837.98,47.22,17.78,531723.05,25.5
984539.85,47.23,17.79,531790.2,25.51
984429.96,47.24,17.8,531738.97,25.52
984134.15,47.25,17.81,531715.41,25.53
983929.43,47.25,17.81,531507.03,25.52
983648.34,47.26,17.82,532700.75,25.59
983411.25,47.26,17.82,532685.21,25.6
983411.25,47.26,17.82,532685.21,25.6
983411.25,47.26,17.82,532685.21,25.6
983254.0,47.25,17.81,532527.07,25.59
983254.0,47.25,17.81,532527.07,25.59
983254.0,47.25,17.81,532527.07,25.59
983139.73,47.27,17.83,532016.72,25.58
982490.67,47.26,17.82,531579.4,25.57
982222.49,47.27,17.83,531581.74,25.58
981924.37,47.28,17.84,531551.33,25.59
981814.47,47.29,17.85,531619.27,25.61
981814.47,47.29,17.85,531619.27,25.61
981961.15,47.31,17.87,531589.22,25.61
981665.34,47.32,17.88,531575.24,25.62
981366.44,47.33,17.89,531793.32,25.65
981457.62,47.36,17.91,532927.02,25.71
980823.43,47.35,17.91,532198.85,25.69
980823.43,47.35,17.91,532198.85,25.69
980625.6,47.34,17.9,532018.87,25.69
980357.43,47.35,17.91,532023.39,25.7
980059.3,47.36,17.92,531993.42,25.71
979761.17,47.37,17.93,532210.14,25.73
979463.04,47.38,17.94,532125.65,25.74
979710.97,47.4,17.96,532707.64,25.77
979710.97,47.4,17.96,532707.64,25.77
979402.01,47.39,17.95,532959.05,25.79
979094.2,47.4,17.96,532083.61,25.76
979094.2,47.4,17.96,532083.61,25.76
979707.74,47.44,18.0,533475.07,25.83
979439.57,47.45,18.01,533472.64,25.85
979418.48,47.46,18.02,533380.41,25.85
979418.48,47.46,18.02,533380.41,25.85
979120.36,47.47,18.03,533355.72,25.86
978822.23,47.48,18.03,533369.89,25.87
978524.1,47.48,18.04,533360.64,25.88
978228.3,47.49,18.05,533346.01,25.89
978374.2,47.51,18.07,533606.24,25.91
978494.99,47.53,18.09,533342.78,25.91
978494.99,47.53,18.09,533342.78,25.91
978383.54,47.54,18.1,534363.46,25.97
978442.64,47.56,18.12,534364.81,25.97
978144.51,47.57,18.13,534337.27,25.99
977948.73,47.56,18.12,533973.37,25.97
977948.73,47.56,18.12,533973.37,25.97
977948.73,47.56,18.12,533973.37,25.97
977948.73,47.56,18.12,533973.37,25.97
977650.61,47.57,18.13,534004.09,25.99
977650.61,47.57,18.13,534004.09,25.99
977650.61,47.57,18.13,534004.09,25.99
977352.48,47.58,18.14,533979.03,26.0
977056.68,47.59,18.15,533964.53,26.01
975894.12,47.63,18.19,533993.63,26.06
975595.22,47.64,18.19,534223.35,26.08
975210.41,47.63,18.19,534024.2,26.08
975100.52,47.64,18.2,534153.2,26.1
974800.84,47.65,18.21,534222.28,26.11
974505.04,47.66,18.22,534207.65,26.13
974505.04,47.66,18.22,534207.65,26.13
974206.14,47.67,18.23,534202.41,26.14
974206.14,47.67,18.23,534202.41,26.14
974206.14,47.67,18.23,534202.41,26.14
974944.42,47.7,18.26,535281.95,26.19
974347.26,47.7,18.26,534912.48,26.19
973608.33,47.68,18.24,534142.64,26.16
973528.39,47.7,18.26,534151.59,26.17
973528.39,47.7,18.26,534151.59,26.17
973230.26,47.71,18.27,534130.01,26.18
973230.26,47.71,18.27,534130.01,26.18
973120.37,47.72,18.28,534112.25,26.19
973120.37,47.72,18.28,534112.25,26.19
972822.24,47.73,18.29,534143.59,26.21
972714.67,47.74,18.3,534120.64,26.22
972417.4,47.74,18.3,533893.42,26.21
972118.5,47.75,18.3,533877.69,26.22
971820.37,47.76,18.31,534453.06,26.26
971820.37,47.76,18.31,534453.06,26.26
971965.5,47.77,18.33,534701.86,26.28
971697.32,47.78,18.34,534702.3,26.29
971780.88,47.8,18.36,534675.32,26.3
971396.07,47.79,18.35,534460.97,26.3
971286.18,47.81,18.37,534493.18,26.31
970988.05,47.82,18.37,534473.95,26.32
971137.05,47.83,18.39,534461.5,26.33
970838.15,47.84,18.4,534744.06,26.35
970540.02,47.85,18.41,534684.01,26.36
970540.02,47.85,18.41,534684.01,26.36
970240.34,47.86,18.42,535432.37,26.41
970160.4,47.88,18.43,535441.32,26.42
970160.4,47.88,18.43,535441.32,26.42
970160.4,47.88,18.43,535432.33,26.42
970050.51,47.89,18.45,535412.78,26.43
969665.71,47.88,18.44,534984.71,26.42
969374.03,47.88,18.43,534753.16,26.41
969264.13,47.89,18.45,534734.08,26.42
969040.99,47.88,18.44,534507.31,26.41
968742.87,47.89,18.45,534542.89,26.43
968447.06,47.9,18.46,534509.53,26.44
968691.9,47.92,18.48,534785.12,26.46
968582.0,47.93,18.49,535045.96,26.48
968282.32,47.94,18.5,535373.14,26.51
968202.38,47.96,18.52,535382.09,26.52
967904.26,47.97,18.53,535345.78,26.53
967904.26,47.97,18.53,535345.78,26.53
967390.52,47.96,18.52,535242.3,26.53
967708.09,47.98,18.54,535289.94,26.54
967409.97,47.99,18.55,535258.35,26.55
967114.16,48.0,18.56,535237.02,26.56
967114.16,48.0,18.56,535237.02,26.56
967115.93,48.0,18.56,535241.23,26.56
967005.26,48.01,18.57,535602.8,26.59
966707.13,48.02,18.58,535710.44,26.61
966707.13,48.02,18.58,535712.01,26.61
966407.46,48.03,18.59,535976.09,26.64
966139.28,48.04,18.6,535973.11,26.65
966139.28,48.04,18.6,535973.11,26.65
965925.68,48.03,18.59,535756.68,26.64
965488.31,48.03,18.59,535561.05,26.64
965190.18,48.04,18.59,535535.96,26.65
964892.05,48.04,18.6,535645.48,26.67
964593.93,48.05,18.61,535583.95,26.68
964298.12,48.06,18.62,535539.54,26.69
964518.97,48.08,18.64,536129.19,26.73
964071.27,48.08,18.63,536127.1,26.74
964140.34,48.1,18.66,536190.96,26.75
964140.34,48.1,18.66,536190.96,26.75
964140.73,48.1,18.66,536196.16,26.75
963591.81,48.1,18.65,535708.69,26.74
963591.81,48.1,18.65,535708.69,26.74
963511.87,48.11,18.67,535717.64,26.75
963213.74,48.12,18.68,535692.92,26.76
963103.85,48.13,18.69,535678.3,26.77
962805.72,48.14,18.7,535710.79,26.79
962512.11,48.15,18.71,535715.83,26.8
962216.3,48.16,18.72,535697.34,26.81
961917.4,48.17,18.73,535673.96,26.83
962163.01,48.19,18.75,536391.68,26.87
961863.33,48.2,18.76,536437.02,26.88
961539.77,48.21,18.77,536406.62,26.89
961216.21,48.22,18.78,536431.88,26.91
960892.64,48.22,18.79,536409.82,26.92
960767.82,48.22,18.79,536441.21,26.93
960767.82,48.22,18.79,536441.21,26.93
960446.58,48.23,18.8,536457.11,26.94
960450.11,48.23,18.8,536472.33,26.94
960161.7,48.22,18.79,536172.71,26.93
960219.04,48.24,18.81,536143.2,26.94
960222.74,48.26,18.82,536780.58,26.98
959897.63,48.27,18.83,536722.56,26.99
959629.46,48.28,18.84,536723.0,27.0
959634.66,48.28,18.84,536727.45,27.0
959336.54,48.29,18.85,536698.94,27.01
959038.41,48.3,18.86,536735.27,27.03
958696.73,48.29,18.86,536501.32,27.02
958399.46,48.28,18.85,536213.86,27.01
958101.33,48.29,18.86,536187.87,27.02
958258.73,48.31,18.88,536171.05,27.03
957959.82,48.32,18.89,536309.56,27.05
957661.7,48.33,18.9,536166.32,27.06
957362.02,48.34,18.91,536596.3,27.09
957282.08,48.35,18.92,536605.25,27.1
956983.95,48.36,18.93,536573.82,27.12
956685.82,48.37,18.94,536565.2,27.13
956575.93,48.39,18.95,536607.11,27.14
956280.13,48.39,18.96,536577.85,27.15
955981.22,48.4,18.97,536556.52,27.17
955683.09,48.41,18.98,536999.98,27.2
955571.65,48.43,19.0,537087.23,27.22
955491.71,48.44,19.01,537096.18,27.23
955193.58,48.45,19.02,537074.6,27.24
955195.35,48.45,19.02,537083.25,27.24
955042.91,48.45,19.02,536909.62,27.24
955189.58,48.47,19.04,536893.13,27.24
954891.46,48.48,19.05,536914.38,27.26
954892.63,48.48,19.05,536937.98,27.26
954596.83,48.49,19.06,536912.13,27.27
954297.93,48.5,19.07,537455.92,27.31
953999.8,48.51,19.08,537114.97,27.31
953700.12,48.52,19.09,537401.04,27.34
953850.87,48.54,19.11,537396.5,27.35
953614.11,48.53,19.1,537287.34,27.35
953504.22,48.55,19.12,537266.2,27.36
953397.23,48.55,19.12,537158.33,27.35
953426.37,48.56,19.13,537194.25,27.36
953128.24,48.57,19.14,537184.92,27.38
952832.44,48.58,19.15,537151.5,27.39
952832.44,48.58,19.15,537151.5,27.39
952832.44,48.58,19.15,537151.5,27.39
952493.52,48.58,19.14,537709.24,27.42
952639.42,48.59,19.16,537552.18,27.42
952393.29,48.59,19.16,537544.55,27.43
952125.12,48.6,19.17,537543.3,27.44
952163.21,48.63,19.2,538601.33,27.51
951865.08,48.64,19.21,538577.13,27.52
951865.08,48.64,19.21,538577.13,27.52
951865.08,48.64,19.21,538596.54,27.52
951865.08,48.64,19.21,538596.54,27.52
951305.01,48.63,19.2,537997.42,27.5
951425.8,48.65,19.22,538067.29,27.51
951425.8,48.65,19.22,538067.29,27.51
951127.67,48.66,19.23,538042.76,27.53
951127.67,48.66,19.23,538042.76,27.53
950831.87,48.67,19.24,537992.09,27.54
950721.2,48.69,19.26,538356.0,27.57
950876.78,48.71,19.27,538087.21,27.56
950550.73,48.7,19.27,538208.02,27.57
950215.26,48.71,19.28,538670.8,27.61
950215.26,48.71,19.28,538670.8,27.61
949947.08,48.72,19.29,538675.32,27.63
949648.95,48.73,19.3,538645.35,27.64
949350.83,48.74,19.31,538806.36,27.66
949240.93,48.75,19.32,538680.08,27.67
948945.13,48.76,19.33,538636.35,27.68
949091.03,48.78,19.35,539068.93,27.71
948801.81,48.79,19.36,538717.43,27.7
948493.22,48.8,19.37,539163.28,27.74
948225.05,48.81,19.38,539167.8,27.76
948225.05,48.81,19.38,539167.8,27.76
948312.01,48.82,19.39,539344.79,27.76
948202.12,48.83,19.4,539327.63,27.78
948202.12,48.83,19.4,539327.63,27.78
947903.99,48.84,19.41,539309.16,27.79
947903.99,48.84,19.41,539317.96,27.79
947644.6,48.85,19.42,541360.7,27.91
947644.6,48.85,19.42,541360.7,27.91
947644.6,48.85,19.42,541360.7,27.91
947488.72,48.85,19.42,541206.67,27.9
947369.14,48.86,19.43,540533.0,27.88
947369.14,48.86,19.43,540533.0,27.88
947308.7,48.88,19.45,539654.62,27.85
947308.7,48.88,19.45,539654.62,27.85
947308.7,48.88,19.45,539640.19,27.85
947635.37,48.92,19.49,540687.93,27.91
947635.37,48.92,19.49,540687.93,27.91
947367.19,48.94,19.5,540680.51,27.93
947069.07,48.95,19.51,540659.86,27.94
947215.74,48.96,19.53,540775.45,27.95
946917.61,48.97,19.54,540672.4,27.96
946917.61,48.97,19.54,540672.4,27.96
946621.81,48.98,19.55,540653.94,27.98
946237.01,48.98,19.55,541132.44,28.01
945938.1,48.99,19.56,540807.11,28.01
945837.12,49.0,19.57,540703.57,28.01
945994.28,49.02,19.59,541362.08,28.05
945590.3,49.01,19.58,540947.4,28.04
945322.13,49.02,19.59,540951.92,28.05
945567.74,49.05,19.61,540924.84,28.06
945567.74,49.05,19.61,540924.84,28.06
945269.61,49.06,19.62,540970.12,28.07
945269.61,49.06,19.62,540970.12,28.07
945062.49,49.05,19.62,540937.15,28.08
945062.49,49.05,19.62,540937.15,28.08
944957.79,49.05,19.62,540848.95,28.07
944659.66,49.06,19.63,540825.76,28.09
944363.86,49.07,19.64,541046.87,28.11
944067.24,49.06,19.63,540931.12,28.11
945174.66,49.12,19.69,542540.42,28.2
945233.76,49.14,19.71,542541.77,28.21
944707.48,49.14,19.71,542618.14,28.22
944415.75,49.14,19.71,542035.25,28.21
944117.63,49.15,19.72,542007.14,28.22
944117.63,49.15,19.72,541986.6,28.22
943819.5,49.16,19.73,542178.34,28.24
943826.56,49.16,19.73,542205.67,28.24
943528.44,49.17,19.74,542192.82,28.26
943232.63,49.18,19.75,542130.73,28.27
943070.59,49.2,19.77,543304.04,28.35
943070.59,49.2,19.77,543304.04,28.35
944350.14,49.27,19.84,544331.05,28.4
944350.14,49.27,19.84,544363.97,28.4
944526.77,49.29,19.86,544368.82,28.41
944228.64,49.3,19.87,544337.89,28.42
944228.64,49.3,19.87,544337.89,28.42
944072.46,49.3,19.87,544184.53,28.42
943774.33,49.31,19.88,544259.83,28.43
943774.33,49.31,19.88,544259.83,28.43
943774.33,49.31,19.88,544259.83,28.43
943664.44,49.32,19.89,544181.41,28.44
943368.63,49.33,19.9,544178.68,28.46
943395.36,49.33,19.9,546055.19,28.56
943215.12,49.35,19.92,545512.56,28.54
944081.14,49.41,19.98,546401.37,28.6
944001.2,49.42,19.99,546410.32,28.61
944121.99,49.44,20.01,546375.69,28.61
944012.1,49.46,20.03,546412.61,28.63
943713.97,49.47,20.04,546390.49,28.64
943418.17,49.48,20.05,546368.14,28.66
943427.41,49.48,20.05,546377.61,28.66
943128.51,49.49,20.06,546927.27,28.7
942839.29,49.5,20.07,546617.39,28.7
942530.7,49.51,20.08,547162.82,28.74
942450.76,49.53,20.1,547171.77,28.76
942152.64,49.54,20.11,547177.29,28.77
942042.74,49.55,20.12,547157.71,28.78
942181.03,49.57,20.14,547163.88,28.79
941978.84,49.57,20.14,546936.64,28.78
941978.84,49.57,20.14,546936.64,28.78
942010.31,49.59,20.16,546918.52,28.79
941711.41,49.6,20.17,546899.74,28.8
941413.28,49.61,20.18,547732.62,28.86
941113.6,49.62,20.19,547716.23,28.88
940845.43,49.63,20.2,547716.67,28.89
940547.3,49.64,20.21,547692.86,28.91
940249.17,49.65,20.22,547744.89,28.93
940041.64,49.65,20.22,547817.61,28.93
940070.78,49.67,20.24,547776.71,28.94
939963.21,49.68,20.25,547754.41,28.95
939724.94,49.68,20.25,547471.52,28.94
939724.94,49.68,20.25,547548.85,28.95
939724.94,49.68,20.25,547548.85,28.95
939870.84,49.7,20.27,548128.35,28.98
939572.71,49.71,20.28,548203.11,29.0
939273.04,49.72,20.29,548316.04,29.02
939273.04,49.72,20.29,548316.04,29.02
938892.03,49.71,20.28,548114.21,29.02
938623.86,49.72,20.29,548118.73,29.04
938624.68,49.72,20.29,548118.71,29.04
938771.36,49.74,20.31,548093.29,29.04
938473.23,49.75,20.32,548176.91,29.06
938477.1,49.75,20.32,548825.56,29.1
938559.88,49.77,20.34,548270.95,29.08
938479.05,49.8,20.36,550998.51,29.24
940464.1,49.9,20.47,551988.39,29.29
940170.5,49.91,20.48,551990.17,29.3
940229.59,49.93,20.5,551991.52,29.31
940229.59,49.93,20.5,551991.52,29.31
940229.59,49.93,20.5,551991.52,29.31
940229.59,49.93,20.5,551991.52,29.31
939931.46,49.94,20.51,551963.98,29.33
940086.53,49.96,20.53,552011.66,29.34
939976.64,49.98,20.55,551982.35,29.35
939680.83,49.99,20.56,551975.39,29.36
939381.93,50.0,20.57,552095.04,29.39
939092.71,50.01,20.58,552049.74,29.4
938784.13,50.02,20.59,552919.43,29.46
938515.95,50.03,20.61,552916.14,29.48
938406.06,50.05,20.62,552936.37,29.49
938406.06,50.05,20.62,552936.37,29.49
938196.76,50.05,20.62,552725.01,29.48
938317.55,50.07,20.64,552683.27,29.49
937993.98,50.08,20.65,552656.13,29.5
938105.29,50.08,20.65,552756.34,29.51
937807.16,50.09,20.66,552830.5,29.53
937511.35,50.1,20.68,552794.69,29.54
937511.35,50.1,20.68,552794.69,29.54
937539.72,50.12,20.69,552744.46,29.55
937250.5,50.13,20.71,553749.05,29.62
936941.92,50.14,20.72,553553.31,29.63
936806.59,50.16,20.73,553580.27,29.64
936671.26,50.17,20.75,553565.62,29.65
936726.84,50.18,20.75,553732.91,29.66
936458.66,50.19,20.76,553737.43,29.68
936458.66,50.19,20.76,553737.43,29.68
936458.66,50.19,20.76,553737.43,29.68
936605.34,50.21,20.78,553712.02,29.68
936634.48,50.23,20.8,553791.89,29.7
936336.35,50.24,20.81,553741.17,29.71
936336.35,50.24,20.81,553741.17,29.71
935961.55,50.23,20.81,553698.93,29.72
935665.75,50.24,20.82,554388.71,29.77
935665.75,50.24,20.82,554388.71,29.77
935384.66,50.25,20.83,554379.68,29.78
935384.66,50.25,20.83,554379.68,29.78
935292.97,50.27,20.85,553828.81,29.77
935977.13,50.31,20.88,555289.98,29.85
935844.12,50.32,20.9,555278.56,29.86
935708.02,50.34,20.91,555267.68,29.87
935714.82,50.34,20.91,555292.39,29.87
935836.06,50.36,20.93,556106.78,29.92
935841.71,50.36,20.93,556108.45,29.92
935704.83,50.37,20.95,556541.31,29.96
935624.89,50.39,20.97,556550.26,29.97
935515.0,50.41,20.98,556530.71,29.99
935405.11,50.42,21.0,556511.63,30.0
935106.98,50.43,21.01,556544.51,30.02
934811.17,50.44,21.02,556521.78,30.03
934512.27,50.46,21.03,556502.39,30.05
934402.38,50.47,21.05,557230.74,30.1
934102.7,50.48,21.06,557162.72,30.11
934102.7,50.48,21.06,557162.72,30.11
933834.53,50.5,21.07,557163.16,30.13
933536.4,50.51,21.08,557134.65,30.14
933238.27,50.52,21.1,557171.64,30.16
932853.47,50.51,21.09,556770.11,30.15
930498.4,50.6,21.18,556719.58,30.27
930498.4,50.6,21.18,556719.58,30.27
930200.27,50.61,21.19,556682.0,30.29
930093.02,50.61,21.19,556576.07,30.29
929799.41,50.62,21.2,556577.85,30.3
929956.8,50.64,21.22,556572.0,30.31
929846.13,50.66,21.24,556822.3,30.34
929846.13,50.66,21.24,556822.3,30.34
929548.01,50.67,21.25,556661.18,30.34
929248.33,50.68,21.26,557181.76,30.39
929307.43,50.7,21.28,557160.48,30.4
929009.3,50.71,21.29,557227.16,30.42
928899.4,50.73,21.31,557186.08,30.43
928601.28,50.74,21.32,557150.22,30.44
928228.08,50.73,21.32,556791.09,30.43
928377.08,50.76,21.34,557259.18,30.47
928078.18,50.77,21.35,557136.05,30.48
927977.19,50.78,21.36,556951.07,30.48
927977.19,50.78,21.36,556951.07,30.48
927668.61,50.79,21.38,557936.56,30.55
927668.61,50.79,21.38,557936.56,30.55
927293.8,50.79,21.37,557491.42,30.53
927025.63,50.8,21.38,557495.94,30.55
927027.4,50.8,21.38,557499.28,30.55
927027.4,50.8,21.38,557499.28,30.55
926729.27,50.81,21.39,557529.76,30.57
926431.14,50.82,21.4,557490.76,30.58
926137.4,50.82,21.4,557251.43,30.58
926027.51,50.83,21.41,557222.83,30.59
925731.71,50.84,21.43,557270.65,30.61
925731.71,50.84,21.43,557270.65,30.61
925731.71,50.84,21.43,557270.65,30.61
925731.71,50.84,21.43,557270.65,30.61
925432.8,50.86,21.44,557219.43,30.62
925571.09,50.88,21.46,557690.05,30.66
925571.09,50.88,21.46,557690.05,30.66
926054.89,50.9,21.48,558545.94,30.7
925892.89,50.91,21.49,558452.09,30.7
925624.72,50.92,21.5,558451.16,30.72
925301.15,50.93,21.51,558426.64,30.74
925003.03,50.94,21.52,558399.5,30.75
925032.17,50.96,21.54,558452.19,30.77
925032.17,50.96,21.54,558452.19,30.77
924734.04,50.97,21.56,558402.64,30.78
924576.09,50.97,21.55,558246.39,30.78
924661.97,50.99,21.57,558410.88,30.79
924770.04,51.0,21.58,559853.33,30.87
925101.35,51.04,21.63,559793.04,30.89
925101.35,51.04,21.63,559793.04,30.89
925487.66,51.07,21.66,560658.41,30.94
925487.66,51.07,21.66,560658.41,30.94
925487.66,51.07,21.66,560658.41,30.94
925164.1,51.08,21.67,560678.58,30.96
925384.27,51.11,21.69,560666.0,30.96
925384.27,51.11,21.69,560666.0,30.96
925384.27,51.11,21.69,560666.0,30.96
925177.16,51.1,21.69,560649.64,30.97
924855.92,51.11,21.7,560669.94,30.99
924531.58,51.12,21.71,560650.89,31.0
924481.58,51.12,21.71,560600.89,31.0
924158.02,51.13,21.72,560911.65,31.03
923832.9,51.14,21.73,560889.76,31.05
923832.9,51.14,21.73,560889.76,31.05
923564.73,51.16,21.75,560892.1,31.07
923266.6,51.17,21.76,560861.69,31.08
922968.47,51.18,21.77,560909.93,31.1
922968.47,51.18,21.77,560909.93,31.1
922811.48,51.18,21.77,560752.08,31.1
922811.48,51.18,21.77,560752.08,31.1
922811.48,51.18,21.77,560752.08,31.1
922701.59,51.19,21.78,560715.5,31.11
922405.79,51.21,21.8,560696.45,31.13
922513.86,51.21,21.8,562586.27,31.23
922272.41,51.23,21.82,561609.42,31.19
922272.41,51.23,21.82,561609.42,31.19
922506.97,51.27,21.86,561866.77,31.23
922683.6,51.29,21.88,561871.07,31.23
922683.6,51.29,21.88,561953.83,31.24
922683.6,51.29,21.88,561932.83,31.24
922298.8,51.28,21.87,561904.43,31.24
922298.8,51.28,21.87,561904.43,31.24
922298.8,51.28,21.87,561904.43,31.24
922520.29,51.31,21.9,561956.95,31.25
922223.67,51.3,21.89,561690.51,31.24
922223.67,51.3,21.89,561690.51,31.24
922223.67,51.3,21.89,561690.51,31.24
921925.54,51.31,21.9,561651.71,31.26
921925.54,51.31,21.9,561651.71,31.26
921925.54,51.31,21.9,561651.71,31.26
921564.44,51.3,21.89,561631.1,31.27
921266.31,51.32,21.91,562042.08,31.31
920970.5,51.33,21.92,561958.05,31.32
920743.65,51.34,21.93,561797.01,31.33
920812.73,51.38,21.97,562601.14,31.39
920812.73,51.38,21.97,562601.14,31.39
920484.38,51.37,21.97,562240.17,31.38
920404.45,51.39,21.98,562249.12,31.39
920404.45,51.39,21.98,562249.12,31.39
920106.32,51.41,22.0,562212.81,31.41
919808.19,51.42,22.01,562244.24,31.43
919510.06,51.43,22.02,562218.19,31.45
919214.26,51.44,22.03,562204.62,31.46
918915.36,51.45,22.05,562429.14,31.49
918617.23,51.47,22.06,562406.2,31.51
918770.75,51.49,22.08,562816.56,31.54
918690.81,51.51,22.1,562825.51,31.56
918690.81,51.51,22.1,562767.41,31.55
918690.81,51.51,22.1,562767.41,31.55
918392.68,51.52,22.11,562731.77,31.57
918094.55,51.53,22.12,562768.15,31.59
917796.42,51.54,22.13,562748.48,31.6
917796.42,51.54,22.13,562748.48,31.6
917796.42,51.54,22.13,562748.48,31.6
917500.62,51.56,22.15,562722.76,31.62
917264.56,51.55,22.14,562559.19,31.62
917410.46,51.57,22.16,562830.85,31.64
917112.33,51.59,22.18,562953.63,31.67
916812.65,51.6,22.19,563166.04,31.69
916812.65,51.6,22.19,563166.04,31.69
916427.85,51.59,22.18,562785.71,31.68
916427.85,51.59,22.18,562785.71,31.68
916427.85,51.59,22.18,562785.71,31.68
916427.85,51.59,22.18,562785.71,31.68
916427.85,51.59,22.18,562785.71,31.68
916159.67,51.6,22.2,562778.36,31.7
915861.55,51.62,22.21,562757.64,31.72
915861.55,51.62,22.21,562757.64,31.72
915861.55,51.62,22.21,562757.64,31.72
915868.61,51.62,22.21,562783.94,31.72
915570.48,51.63,22.22,562833.49,31.74
915816.09,51.65,22.24,562801.89,31.74
915708.52,51.67,22.26,562778.96,31.76
915372.83,51.66,22.26,562953.0,31.77
915518.73,51.69,22.28,562901.62,31.78
915520.5,51.69,22.28,562910.27,31.78
915222.37,51.7,22.29,562852.61,31.79
914922.7,51.71,22.3,563608.99,31.86
914537.89,51.7,22.29,563214.21,31.84
914714.52,51.73,22.32,563219.06,31.85
914714.52,51.73,22.32,563219.06,31.85
914416.4,51.74,22.33,563188.12,31.87
914416.4,51.74,22.33,563188.12,31.87
914306.5,51.76,22.35,563222.28,31.88
914306.5,51.76,22.35,563222.28,31.88
914306.5,51.76,22.35,563222.28,31.88
914008.37,51.77,22.36,563199.49,31.9
913633.57,51.76,22.35,563197.13,31.91
913337.77,51.77,22.37,563313.6,31.93
913038.86,51.79,22.38,563276.33,31.95
913038.86,51.79,22.38,563276.33,31.95
913038.86,51.79,22.38,563276.33,31.95
913185.54,51.81,22.4,563240.17,31.95
913185.54,51.81,22.4,563240.17,31.95
912885.86,51.82,22.41,563864.74,32.01
912617.69,51.84,22.43,563863.81,32.03
912507.79,51.85,22.44,563842.26,32.04
912507.79,51.85,22.44,563842.26,32.04
910152.73,51.96,22.55,563791.72,32.18
910152.73,51.96,22.55,563791.72,32.18
910042.83,51.97,22.56,563783.81,32.2
909658.03,51.97,22.56,563391.67,32.18
909804.7,51.99,22.58,563404.87,32.19
909804.7,51.99,22.58,563404.87,32.19
909419.9,51.98,22.57,563453.66,32.21
909124.1,51.99,22.58,563414.45,32.22
908825.2,52.0,22.6,563385.04,32.24
908825.2,52.0,22.6,563385.04,32.24
908971.87,52.03,22.62,564097.89,32.29
908661.11,52.02,22.61,563788.27,32.28
908361.43,52.03,22.62,563775.42,32.29
908361.43,52.03,22.62,563775.42,32.29
908361.43,52.03,22.62,563775.42,32.29
908361.43,52.03,22.62,563743.22,32.29
908093.26,52.05,22.64,563740.8,32.31
907795.13,52.06,22.65,563716.25,32.33
907795.13,52.06,22.65,563716.25,32.33
907795.13,52.06,22.65,563716.25,32.33
907795.13,52.06,22.65,563716.25,32.33
907795.13,52.06,22.65,563716.25,32.33
907411.11,52.05,22.64,563532.8,32.33
907112.99,52.06,22.66,563559.81,32.35
907233.77,52.09,22.68,563527.85,32.35
907126.2,52.1,22.7,563667.11,32.38
907126.2,52.1,22.7,563667.11,32.38
906827.3,52.12,22.71,563650.35,32.39
906973.98,52.14,22.73,563557.17,32.4
906973.98,52.14,22.73,563557.17,32.4
906674.3,52.15,22.74,564556.03,32.47
906289.5,52.14,22.74,564134.95,32.46
906466.13,52.17,22.76,564139.8,32.47
906466.13,52.17,22.76,564280.93,32.48
906416.13,52.17,22.76,564230.93,32.47
906118.0,52.18,22.77,564199.99,32.49
905819.87,52.19,22.79,564231.82,32.51
905435.07,52.19,22.78,564210.02,32.52
905136.94,52.2,22.79,564190.76,32.54
905136.94,52.2,22.79,564190.76,32.54
905029.37,52.22,22.81,564373.67,32.56
904730.47,52.23,22.82,564306.05,32.58
904730.47,52.23,22.82,564306.05,32.58
904432.34,52.24,22.83,564233.67,32.59
904132.66,52.26,22.85,564421.75,32.62
904133.05,52.26,22.85,564423.38,32.62
904133.05,52.26,22.85,564423.38,32.62
903864.88,52.27,22.86,564427.9,32.64
903754.99,52.29,22.88,564410.75,32.65
903456.86,52.3,22.89,564433.08,32.68
903158.73,52.31,22.91,564413.4,32.69
902862.93,52.33,22.92,564389.88,32.71
902564.03,52.34,22.93,564704.1,32.75
902274.81,52.35,22.95,564641.35,32.76
901966.22,52.37,22.96,564559.46,32.78
901698.05,52.38,22.97,564559.9,32.8
901399.92,52.39,22.99,564531.39,32.81
901182.79,52.39,22.98,564314.8,32.81
900884.66,52.4,22.99,564351.14,32.83
900884.66,52.4,22.99,564351.14,32.83
900886.62,52.4,22.99,564353.06,32.83
900588.5,52.41,23.01,564327.28,32.84
900391.35,52.41,23.0,564171.58,32.84
900391.35,52.41,23.0,564168.39,32.84
900283.78,52.43,23.02,564149.79,32.85
900283.78,52.43,23.02,564149.79,32.85
900173.11,52.45,23.04,564342.91,32.88
899874.98,52.46,23.05,564240.27,32.89
900119.04,52.48,23.08,565036.57,32.95
900119.04,52.48,23.08,565036.57,32.95
900119.04,52.48,23.08,565036.57,32.95
899850.87,52.5,23.09,565041.09,32.97
899850.87,52.5,23.09,565041.09,32.97
899850.87,52.5,23.09,564832.27,32.95
899552.74,52.51,23.11,564810.75,32.97
899254.61,52.53,23.12,564795.93,32.99
898956.48,52.54,23.13,564792.25,33.01
898956.48,52.54,23.13,564792.25,33.01
898443.53,52.53,23.12,564507.93,33.01
898147.73,52.54,23.14,564706.76,33.04
898147.73,52.54,23.14,564634.64,33.03
898311.45,52.57,23.16,564955.63,33.06
898388.55,52.6,23.19,565712.01,33.12
898120.38,52.62,23.21,565702.3,33.14
897482.05,52.61,23.2,564976.37,33.12
897183.93,52.62,23.22,564958.0,33.14
896885.8,52.64,23.23,565037.49,33.16
896885.8,52.64,23.23,565037.49,33.16
896587.67,52.65,23.24,564950.52,33.18
896291.87,52.66,23.26,565061.43,33.2
896138.35,52.69,23.28,566111.67,33.28
895870.17,52.7,23.29,566101.97,33.3
895572.05,52.71,23.31,566206.5,33.33
895572.05,52.71,23.31,566206.5,33.33
895572.05,52.71,23.31,566206.5,33.33
895273.92,52.73,23.32,566141.66,33.34
895273.92,52.73,23.32,566126.52,33.34
894934.71,52.72,23.31,565793.34,33.33
894840.59,52.75,23.34,565164.91,33.31
894087.84,52.83,23.42,565775.96,33.43
893819.67,52.84,23.43,565775.03,33.45
893521.54,52.85,23.45,565750.51,33.47
893521.54,52.85,23.45,565750.51,33.47
893223.42,52.87,23.46,565810.47,33.49
893252.56,52.89,23.48,565772.88,33.5
893401.56,52.91,23.51,565742.96,33.51
893104.29,52.91,23.5,566425.33,33.55
892877.43,52.92,23.52,566033.95,33.55
892416.6,52.92,23.52,565674.2,33.55
892532.14,52.96,23.55,566693.98,33.63
892532.14,52.96,23.55,566693.98,33.63
892263.97,52.98,23.57,566698.49,33.65
892263.97,52.98,23.57,566698.49,33.65
891965.84,52.99,23.58,566665.92,33.66
891264.48,52.98,23.57,565896.4,33.64
891264.48,52.98,23.57,565896.4,33.64
891264.48,52.98,23.57,565896.4,33.64
891155.2,52.98,23.58,565849.26,33.64
891184.34,53.01,23.6,565955.52,33.66
891074.45,53.03,23.62,565890.04,33.67
891231.84,53.05,23.64,565845.22,33.68
890932.94,53.06,23.66,566481.6,33.74
890634.81,53.08,23.67,566438.27,33.76
890335.13,53.09,23.68,566647.55,33.79
890335.13,53.09,23.68,566647.55,33.79
890066.96,53.11,23.7,566647.99,33.81
889768.83,53.12,23.71,566624.18,33.83
889768.83,53.12,23.71,566624.18,33.83
889470.71,53.13,23.73,566661.71,33.85
889470.71,53.13,23.73,566661.71,33.85
889194.77,53.13,23.72,566543.97,33.85
888896.64,53.14,23.74,566514.27,33.87
888600.84,53.16,23.75,566493.62,33.89
888600.84,53.16,23.75,566493.62,33.89
888490.17,53.18,23.77,566489.27,33.9
888573.72,53.2,23.79,566488.14,33.92
888462.28,53.22,23.81,567221.52,33.98
888194.11,53.23,23.83,567214.36,34.0
888194.11,53.23,23.83,567214.36,34.0
888277.66,53.26,23.85,567243.73,34.01
887979.53,53.27,23.87,567197.37,34.03
888100.32,53.3,23.89,567244.34,34.04
888186.19,53.32,23.91,567204.44,34.05
888186.19,53.32,23.91,567204.44,34.05
888075.52,53.34,23.93,567186.62,34.07
887965.63,53.36,23.95,568552.47,34.17
887665.95,53.37,23.97,568567.87,34.19
887586.01,53.4,23.99,568576.82,34.2
887586.01,53.4,23.99,568576.82,34.2
887287.88,53.41,24.0,568540.51,34.22
887287.88,53.41,24.0,568540.51,34.22
887287.88,53.41,24.0,568540.51,34.22
887287.88,53.41,24.0,568540.51,34.22
887177.99,53.43,24.02,568543.72,34.24
887177.99,53.43,24.02,568543.72,34.24
886879.86,53.44,24.04,568537.0,34.26
886584.06,53.46,24.05,568569.49,34.28
886285.16,53.47,24.07,568833.18,34.32
886175.26,53.49,24.08,568988.9,34.35
886175.26,53.49,24.08,568988.9,34.35
886202.85,53.51,24.11,569272.58,34.38
885934.68,53.53,24.12,569274.91,34.4
885934.68,53.53,24.12,569177.0,34.39
885636.55,53.54,24.14,569146.6,34.41
885233.79,53.54,24.13,568733.58,34.39
885123.89,53.55,24.15,568775.57,34.41
884825.77,53.57,24.16,568746.73,34.43
884857.23,53.59,24.19,568727.11,34.45
884857.23,53.59,24.19,568727.11,34.45
884746.56,53.61,24.21,568723.67,34.46
884893.24,53.64,24.23,569609.95,34.53
884593.56,53.65,24.24,569596.12,34.55
884325.39,53.67,24.26,569596.56,34.57
884027.26,53.68,24.27,569568.05,34.59
883729.13,53.7,24.29,569624.78,34.61
883431.0,53.71,24.3,569578.59,34.63
883135.2,53.72,24.32,569559.47,34.65
883255.21,53.75,24.34,569794.03,34.67
883255.21,53.75,24.34,569794.03,34.67
882957.09,53.76,24.36,569858.02,34.7
882845.64,53.78,24.38,570056.09,34.73
882577.47,53.8,24.39,570058.42,34.75
882279.34,53.82,24.41,570036.02,34.77
881981.21,53.83,24.42,570062.41,34.79
881683.09,53.84,24.44,570022.32,34.81
881387.28,53.86,24.45,570030.08,34.83
881088.38,53.87,24.47,570221.02,34.87
880790.25,53.89,24.48,570052.06,34.88
880490.57,53.9,24.5,570005.55,34.9
880198.9,53.9,24.49,569824.59,34.89
880202.61,53.9,24.49,569840.51,34.89
880353.36,53.92,24.52,569835.97,34.9
880359.56,53.92,24.52,569945.98,34.91
880359.56,53.92,24.52,569943.66,34.91
880359.56,53.92,24.52,569943.66,34.91
880166.11,53.92,24.51,569950.13,34.92
879781.31,53.91,24.51,569825.54,34.92
879483.18,53.93,24.52,569803.69,34.94
879483.18,53.93,24.52,569794.05,34.94
879373.29,53.95,24.54,569829.94,34.96
879117.01,53.94,24.54,569536.46,34.95
878819.74,53.93,24.53,569375.08,34.94
878821.5,53.93,24.53,569386.15,34.94
878711.61,53.95,24.55,569368.58,34.96
878711.61,53.95,24.55,569353.95,34.96
878716.91,53.95,24.55,569334.37,34.96
878716.91,53.95,24.55,569334.37,34.96
878716.91,53.95,24.55,569334.37,34.96
878716.91,53.95,24.55,569334.37,34.96
878716.91,53.95,24.55,569334.37,34.96
878421.11,53.97,24.56,569309.26,34.98
878421.11,53.97,24.56,569309.26,34.98
878310.44,53.99,24.58,569752.1,35.02
878310.44,53.99,24.58,569752.1,35.02
878310.44,53.99,24.58,569752.1,35.02
878012.31,54.0,24.6,569944.22,35.06
877712.64,54.02,24.61,570085.65,35.09
877632.7,54.04,24.64,570094.6,35.1
877334.57,54.06,24.65,570058.31,35.12
877334.57,54.06,24.65,570058.31,35.12
877036.44,54.07,24.67,570128.68,35.15
877183.12,54.1,24.69,570054.2,35.15
876887.31,54.11,24.7,570611.82,35.21
876915.68,54.13,24.73,570272.26,35.2
877421.76,54.2,24.79,572102.73,35.34
877153.59,54.22,24.81,572107.25,35.36
877153.59,54.22,24.81,572107.25,35.36
877300.27,54.24,24.83,572081.84,35.37
877300.27,54.24,24.83,572081.84,35.37
877002.14,54.26,24.85,572172.14,35.4
876713.32,54.25,24.84,571883.33,35.39
876713.32,54.25,24.84,572070.23,35.4
876338.52,54.24,24.83,572001.92,35.4
876228.63,54.26,24.85,571983.22,35.42
875932.82,54.28,24.87,572233.2,35.46
875822.15,54.3,24.89,572090.8,35.47
875524.03,54.31,24.91,572489.91,35.51
875224.35,54.33,24.92,572349.5,35.53
874956.18,54.34,24.94,572349.94,35.55
874846.28,54.36,24.96,572330.43,35.57
874548.15,54.38,24.97,572318.4,35.59
874250.03,54.39,24.99,572321.88,35.61
874250.03,54.39,24.99,572277.34,35.61
874373.14,54.42,25.02,572353.47,35.62
874373.14,54.42,25.02,572353.47,35.62
874373.14,54.42,25.02,572353.47,35.62
874262.47,54.44,25.04,572406.79,35.64
874152.57,54.46,25.06,572780.07,35.69
874152.57,54.46,25.06,572780.07,35.69
873993.95,54.46,25.05,572621.71,35.68
873993.95,54.46,25.05,572669.52,35.68
874002.86,54.46,25.05,572250.82,35.66
874130.68,54.48,25.08,573563.16,35.75
873862.51,54.5,25.09,573567.68,35.77
873752.61,54.52,25.11,573550.53,35.79
873642.72,54.54,25.14,573532.77,35.81
873349.37,54.53,25.13,573232.26,35.79
873051.24,54.55,25.14,573273.92,35.82
872755.44,54.56,25.16,573259.58,35.84
872486.78,54.56,25.15,572853.32,35.82
872486.78,54.56,25.15,572853.32,35.82
872486.78,54.56,25.15,572976.37,35.83
872486.78,54.56,25.15,572976.37,35.83
872486.78,54.56,25.15,572976.37,35.83
872205.7,54.57,25.17,573663.76,35.89
872205.7,54.57,25.17,573663.76,35.89
872239.14,54.61,25.21,573561.69,35.91
872415.77,54.64,25.23,573566.54,35.92
872127.74,54.63,25.23,573329.16,35.91
872127.74,54.63,25.23,573329.16,35.91
871829.62,54.65,25.24,573298.22,35.93
871829.62,54.65,25.24,573298.22,35.93
871180.55,54.64,25.24,572919.73,35.93
870882.42,54.66,25.25,572952.4,35.96
870625.2,54.65,25.25,572838.1,35.96
870515.31,54.67,25.27,572819.28,35.98
870278.55,54.67,25.26,572801.94,35.98
869982.75,54.68,25.28,573134.91,36.02
869982.75,54.68,25.28,573134.91,36.02
869982.75,54.68,25.28,573134.91,36.02
870128.65,54.71,25.3,573010.87,36.03
869835.04,54.72,25.32,573011.65,36.05
869835.04,54.72,25.32,573011.65,36.05
869835.04,54.72,25.32,573011.65,36.05
869536.91,54.74,25.34,572864.25,36.06
869237.23,54.76,25.35,573607.23,36.13
869157.3,54.78,25.38,573616.18,36.15
868859.17,54.79,25.39,573594.6,36.17
868749.27,54.82,25.41,573576.84,36.19
868451.15,54.83,25.43,573618.5,36.22
868155.34,54.85,25.44,573586.18,36.24
868157.11,54.85,25.44,573592.76,36.24
867772.3,54.84,25.44,573210.72,36.22
867926.6,54.87,25.46,573194.44,36.23
867926.6,54.87,25.46,573893.89,36.28
867926.6,54.87,25.46,573893.89,36.28
867615.45,54.86,25.46,574034.8,36.3
867617.39,54.9,25.49,574012.67,36.32
867617.39,54.9,25.49,574012.67,36.32
867349.21,54.91,25.51,574017.19,36.34
867051.08,54.93,25.53,573992.61,36.36
866380.08,54.92,25.52,573609.15,36.36
866380.08,54.92,25.52,573609.15,36.36
866380.08,54.92,25.52,573609.15,36.36
866081.95,54.94,25.54,573635.54,36.39
866081.95,54.94,25.54,573635.54,36.39
866081.95,54.94,25.54,573635.54,36.39
865783.83,54.95,25.55,573608.64,36.41
865488.02,54.97,25.57,573616.59,36.43
865516.39,55.0,25.59,573989.78,36.47
865516.39,55.0,25.59,573989.78,36.47
865227.17,55.01,25.61,573840.13,36.49
864959.0,55.03,25.63,573832.7,36.51
865116.15,55.06,25.65,574300.71,36.55
864818.03,55.07,25.67,574280.06,36.57
864519.9,55.09,25.69,574374.51,36.6
864221.77,55.1,25.7,574999.11,36.66
864221.77,55.1,25.7,574999.11,36.66
863925.97,55.12,25.72,574531.45,36.66
864089.68,55.15,25.75,574446.87,36.66
864191.44,55.18,25.77,575314.31,36.73
864194.97,55.18,25.77,575330.57,36.73
863793.03,55.17,25.76,574991.9,36.72
863517.02,55.18,25.78,574828.43,36.73
863248.85,55.2,25.8,574825.14,36.76
863248.85,55.2,25.8,574825.14,36.76
863248.85,55.2,25.8,574825.14,36.76
862950.72,55.22,25.82,574800.36,36.78
862652.59,55.23,25.83,574845.55,36.81
862354.47,55.25,25.85,574824.5,36.83
862058.66,55.27,25.86,574807.04,36.85
862058.66,55.27,25.86,574807.04,36.85
861759.76,55.28,25.88,574786.93,36.87
861906.44,55.31,25.91,574860.8,36.89
861906.44,55.31,25.91,574848.17,36.89
861606.76,55.33,25.92,575224.13,36.94
861338.58,55.34,25.94,575228.65,36.96
861040.46,55.36,25.96,575200.76,36.98
860742.33,55.38,25.97,575245.61,37.01
860444.2,55.39,25.99,575205.7,37.03
860336.63,55.42,26.01,575188.01,37.05
860055.55,55.43,26.03,575359.98,37.08
859936.74,55.45,26.05,575594.83,37.12
859955.43,55.48,26.08,575830.87,37.15
859955.43,55.48,26.08,575830.87,37.15
859875.49,55.5,26.1,575816.36,37.17
859875.49,55.5,26.1,575816.36,37.17
859875.49,55.5,26.1,575816.36,37.17
859577.36,55.52,26.12,575856.16,37.19
859279.23,55.54,26.13,575824.32,37.22
859279.23,55.54,26.13,575824.32,37.22
858981.1,55.55,26.15,575813.95,37.24
858685.3,55.57,26.17,575883.44,37.27
858386.4,55.59,26.18,575981.65,37.3
858001.59,55.58,26.18,575595.41,37.28
858001.59,55.58,26.18,575595.41,37.28
858148.27,55.6,26.2,575751.17,37.31
857848.59,55.62,26.22,575921.11,37.34
857848.59,55.62,26.22,575921.11,37.34
857580.42,55.64,26.24,575923.44,37.37
857197.38,55.63,26.23,575646.43,37.36
856899.26,55.65,26.25,575618.65,37.38
856899.26,55.65,26.25,575618.65,37.38
856601.13,55.67,26.26,575658.26,37.41
856303.0,55.68,26.28,575631.3,37.43
856007.2,55.7,26.3,575607.12,37.45
856007.2,55.7,26.3,575607.12,37.45
855708.29,55.72,26.31,575741.22,37.49
855854.97,55.74,26.34,575804.95,37.5
855854.97,55.74,26.34,575804.95,37.5
855470.17,55.73,26.33,575638.86,37.5
855152.82,55.73,26.33,575314.38,37.49
852797.76,55.87,26.46,575263.84,37.68
852797.76,55.87,26.46,575263.84,37.68
852797.76,55.87,26.46,575263.84,37.68
852797.76,55.87,26.46,575263.84,37.68
852797.76,55.87,26.46,575263.84,37.68
852498.08,55.88,26.48,575278.54,37.71
852229.91,55.9,26.5,575283.06,37.74
851931.78,55.92,26.52,575250.47,37.76
852078.45,55.95,26.54,575304.25,37.77
852078.45,55.95,26.54,575304.25,37.77
851780.33,55.96,26.56,575250.68,37.79
851484.52,55.98,26.58,575474.01,37.83
851906.88,56.04,26.64,577288.08,37.98
851906.88,56.04,26.64,577288.08,37.98
851638.71,56.06,26.66,577284.99,38.0
851292.23,56.07,26.67,576388.39,37.96
850994.11,56.09,26.69,576363.42,37.99
850994.11,56.09,26.69,576363.42,37.99
850994.11,56.09,26.69,576363.42,37.99
848639.04,56.23,26.83,576312.89,38.19
848337.97,56.22,26.82,576012.11,38.17
848039.85,56.24,26.84,576056.06,38.2
847741.72,56.26,26.85,576211.24,38.24
847445.91,56.27,26.87,576115.51,38.26
846716.35,56.26,26.86,575622.02,38.25
846623.5,56.29,26.89,576133.93,38.3
846389.54,56.31,26.91,575964.23,38.32
846231.58,56.3,26.9,575832.79,38.31
845851.68,56.32,26.91,575554.69,38.32
845583.51,56.34,26.93,575559.21,38.35
845473.61,56.36,26.96,575542.06,38.37
845473.61,56.36,26.96,575542.06,38.37
845473.61,56.36,26.96,575542.06,38.37
845175.48,56.38,26.97,575523.59,38.39
845175.48,56.38,26.97,575523.59,38.39
842820.42,56.52,27.12,575473.05,38.59
842522.29,56.54,27.14,575509.4,38.62
842553.75,56.57,27.16,575471.51,38.64
842553.75,56.57,27.16,575471.51,38.64
842443.08,56.59,27.19,575465.96,38.66
842589.76,56.62,27.22,576348.0,38.73
842589.76,56.62,27.22,576348.0,38.73
842478.32,56.64,27.24,576693.99,38.77
842478.32,56.64,27.24,576693.99,38.77
842210.14,56.66,27.26,576696.32,38.8
841912.02,56.68,27.28,576665.92,38.82
841912.02,56.68,27.28,576444.01,38.81
841912.02,56.68,27.28,576444.01,38.81
841613.89,56.7,27.3,576494.07,38.84
841315.76,56.71,27.31,576454.16,38.86
841354.49,56.72,27.32,576630.2,38.87
841414.59,56.72,27.32,577041.99,38.9
841414.59,56.72,27.32,577041.99,38.9
842448.16,56.83,27.43,579608.39,39.1
842179.99,56.85,27.45,579607.47,39.13
841881.86,56.87,27.47,579580.34,39.15
841583.74,56.89,27.48,579621.27,39.18
841311.17,56.91,27.5,578840.14,39.15
841340.31,56.93,27.53,578798.0,39.17
841340.31,56.93,27.53,578798.0,39.17
841340.31,56.93,27.53,578798.0,39.17
841340.31,56.93,27.53,578798.0,39.17
841044.51,56.95,27.55,578791.87,39.19
840745.61,56.97,27.57,579224.2,39.25
840449.12,56.96,27.56,578974.99,39.24
840614.65,56.97,27.57,579423.67,39.27
840346.48,56.99,27.59,579416.24,39.3
840346.48,56.99,27.59,579416.24,39.3
840346.48,56.99,27.59,579416.24,39.3
840601.23,57.05,27.65,579864.86,39.35
840722.02,57.08,27.68,579914.88,39.37
840423.89,57.1,27.7,579891.64,39.4
840314.0,57.12,27.72,579857.17,39.42
840471.39,57.15,27.75,580118.14,39.45
840172.49,57.17,27.77,579998.14,39.47
839883.27,57.19,27.79,579937.16,39.49
839596.02,57.21,27.81,580942.16,39.58
839327.85,57.23,27.83,580939.18,39.61
839004.28,57.25,27.85,580913.58,39.64
839004.28,57.25,27.85,580913.58,39.64
839004.28,57.25,27.85,580913.58,39.64
838689.32,57.24,27.84,580599.5,39.62
838689.32,57.24,27.84,580599.5,39.62
838810.11,57.27,27.87,580622.93,39.64
838511.98,57.29,27.89,580605.52,39.67
838511.98,57.29,27.89,580605.52,39.67
838213.85,57.3,27.9,580586.38,39.69
837918.05,57.32,27.92,580567.53,39.72
837545.38,57.32,27.92,580155.57,39.7
837545.38,57.32,27.92,580155.57,39.7
837264.3,57.34,27.94,581125.31,39.8
837264.3,57.34,27.94,581125.31,39.8
837264.3,57.34,27.94,581125.31,39.8
837475.14,57.37,27.97,581187.73,39.81
837475.14,57.37,27.97,581187.73,39.81
837114.42,57.38,27.98,581061.29,39.83
836790.85,57.4,28.0,581086.95,39.86
836467.29,57.42,28.02,581067.68,39.89
836590.85,57.44,28.05,581054.24,39.9
836206.05,57.44,28.04,581079.91,39.91
836206.05,57.44,28.04,581079.91,39.91
836206.05,57.44,28.04,581079.91,39.91
836069.94,57.46,28.07,581059.67,39.93
835934.61,57.48,28.09,581045.91,39.96
835666.44,57.5,28.11,581044.66,39.98
835786.13,57.53,28.14,581874.43,40.05
835786.13,57.53,28.14,581874.43,40.05
835488.0,57.55,28.16,581847.61,40.08
835189.88,57.57,28.18,582002.89,40.12
834891.75,57.59,28.2,581998.92,40.14
834977.62,57.62,28.23,582202.88,40.17
834589.55,57.61,28.22,581769.2,40.16
834589.55,57.61,28.22,581769.2,40.16
834290.65,57.63,28.24,581663.57,40.18
834446.23,57.66,28.27,581494.17,40.18
834188.56,57.68,28.29,582303.02,40.26
833920.38,57.7,28.31,582307.54,40.29
833920.38,57.7,28.31,582307.54,40.29
833622.26,57.72,28.33,582286.03,40.32
833324.13,57.74,28.35,582332.69,40.35
833026.0,57.76,28.37,582320.12,40.38
833057.47,57.79,28.4,582271.5,40.39
832719.63,57.78,28.39,581951.51,40.38
832719.63,57.78,28.39,581951.51,40.38
832839.65,57.81,28.42,582581.81,40.44
832729.75,57.83,28.44,582695.78,40.47
832430.07,57.85,28.46,582880.32,40.51
832162.04,57.85,28.46,582577.59,40.5
831893.87,57.87,28.48,582578.03,40.53
831893.87,57.87,28.48,582578.03,40.53
831893.87,57.87,28.48,582578.03,40.53
831893.87,57.87,28.48,582578.03,40.53
831595.74,57.89,28.5,582554.22,40.55
831595.74,57.89,28.5,582554.22,40.55
831624.88,57.92,28.53,582586.45,40.57
831326.75,57.94,28.55,582565.64,40.6
831119.22,57.93,28.54,582260.16,40.58
830823.42,57.95,28.56,582237.01,40.61
830524.51,57.97,28.58,582755.62,40.68
830414.62,58.0,28.61,582684.43,40.69
830125.42,57.99,28.6,582479.18,40.69
829825.74,58.01,28.62,582529.99,40.72
829557.57,58.03,28.64,582526.9,40.75
829350.43,58.02,28.63,582320.55,40.74
829350.43,58.02,28.63,582320.55,40.74
829350.43,58.02,28.63,582320.55,40.74
829379.57,58.05,28.66,582296.88,40.76
828994.77,58.04,28.66,581884.34,40.74
828994.77,58.04,28.66,581884.34,40.74
828696.64,58.06,28.68,581999.58,40.78
828817.43,58.1,28.71,581878.53,40.79
828521.62,58.12,28.73,582163.59,40.83
828222.72,58.14,28.75,582217.67,40.87
828405.42,58.17,28.78,582057.01,40.87
828405.42,58.17,28.78,582057.01,40.87
829208.73,58.22,28.84,584190.56,41.02
829128.79,58.25,28.86,584199.51,41.04
829128.79,58.25,28.86,584199.51,41.04
829128.79,58.25,28.86,584211.75,41.04
829128.79,58.25,28.86,584279.54,41.05
828830.66,58.27,28.88,584257.96,41.08
828532.53,58.29,28.9,584239.49,41.1
828234.41,58.31,28.92,584261.35,41.13
827938.6,58.33,28.94,584245.2,41.16
827938.6,58.33,28.94,584245.2,41.16
827639.7,58.35,28.96,584229.95,41.19
827657.52,58.35,28.96,585045.7,41.25
827565.83,58.38,28.99,584758.57,41.25
827565.83,58.38,28.99,584758.57,41.25
827230.91,58.4,29.01,584596.77,41.27
826962.74,58.42,29.03,584601.29,41.3
826962.74,58.42,29.03,584601.29,41.3
826664.61,58.44,29.05,584568.7,41.33
826748.16,58.47,29.08,584596.16,41.34
826748.16,58.47,29.08,584596.16,41.34
826748.16,58.47,29.08,584586.22,41.34
826450.04,58.49,29.1,584556.7,41.37
826450.04,58.49,29.1,584556.7,41.37
826342.47,58.52,29.13,584552.73,41.39
826048.86,58.54,29.15,584554.51,41.42
825938.19,58.56,29.18,584933.52,41.47
825938.19,58.56,29.18,584933.52,41.47
825938.19,58.56,29.18,584933.52,41.47
825938.19,58.56,29.18,584933.52,41.47
825640.06,58.58,29.2,585053.01,41.51
825785.19,58.61,29.23,585470.31,41.56
825705.25,58.64,29.25,585479.26,41.58
825407.12,58.66,29.28,585451.24,41.61
825115.44,58.65,29.27,585421.86,41.62
825115.44,58.65,29.27,585421.86,41.62
825005.7,58.65,29.26,585328.87,41.61
824707.58,58.67,29.28,585316.83,41.64
824409.45,58.69,29.31,585330.21,41.67
824251.21,58.69,29.3,585172.89,41.66
823955.41,58.71,29.32,585155.94,41.69
823656.51,58.73,29.34,585382.08,41.74
823358.38,58.75,29.36,585204.5,41.76
823246.94,58.78,29.39,585513.15,41.8
822978.76,58.8,29.41,585511.9,41.83
822978.76,58.8,29.41,585511.9,41.83
822680.64,58.82,29.43,585485.08,41.86
822727.1,58.82,29.44,585495.33,41.86
822727.1,58.82,29.44,585495.33,41.86
822873.78,58.85,29.47,585564.47,41.88
820518.71,59.02,29.64,585513.93,42.12
820518.71,59.02,29.64,585513.93,42.12
820408.81,59.05,29.66,585462.7,42.14
820113.01,59.07,29.68,585439.14,42.17
820113.01,59.07,29.68,585439.14,42.17
820233.02,59.1,29.72,585882.5,42.22
819934.9,59.12,29.74,586007.29,42.25
819823.45,59.15,29.76,586326.66,42.3
819555.28,59.17,29.79,586323.57,42.33
819266.08,59.17,29.78,586353.8,42.34
818967.95,59.19,29.8,586328.82,42.37
818659.39,59.18,29.79,585986.02,42.36
818659.39,59.18,29.79,585986.02,42.36
818659.39,59.18,29.79,585986.02,42.36
818659.39,59.18,29.79,585986.02,42.36
818361.27,59.2,29.82,586048.41,42.4
818063.14,59.22,29.84,586001.62,42.42
817767.34,59.24,29.86,585978.82,42.45
818817.82,59.32,29.93,588504.23,42.63
818346.42,59.33,29.94,587512.21,42.59
818346.42,59.33,29.94,587512.21,42.59
818346.42,59.33,29.94,587512.21,42.59
817640.29,59.32,29.93,586676.66,42.56
817372.11,59.34,29.96,586673.57,42.59
817372.11,59.34,29.96,586673.57,42.59
816792.45,59.34,29.95,586150.47,42.58
816792.45,59.34,29.95,586150.47,42.58
816682.56,59.36,29.98,586126.21,42.61
816384.43,59.39,30.0,586159.46,42.64
816086.3,59.41,30.02,586141.31,42.67
815879.72,59.4,30.02,585943.68,42.66
815911.19,59.43,30.05,585929.94,42.68
815612.28,59.45,30.07,586299.93,42.74
815334.55,59.45,30.06,586066.83,42.73
815334.55,59.45,30.06,586066.83,42.73
814949.74,59.44,30.05,585671.88,42.72
814949.74,59.44,30.05,585671.88,42.72
816051.07,59.52,30.13,587617.24,42.86
816110.17,59.55,30.17,587618.59,42.88
815812.04,59.57,30.19,587590.48,42.91
815815.86,59.57,30.19,587620.88,42.91
815517.73,59.6,30.21,587691.91,42.95
815219.6,59.62,30.23,587644.39,42.98
815219.6,59.62,30.23,587644.39,42.98
815219.6,59.62,30.23,587619.67,42.97
814922.33,59.61,30.23,587587.49,42.98
815071.33,59.64,30.26,588288.31,43.05
815071.33,59.64,30.26,588288.31,43.05
814713.26,59.64,30.25,588523.75,43.08
814713.26,59.64,30.25,588523.75,43.08
814228.62,59.64,30.25,587913.83,43.06
814641.27,59.71,30.32,588153.04,43.11
814248.75,59.72,30.33,588020.52,43.13
813980.58,59.74,30.36,588013.36,43.16
813984.11,59.74,30.36,588045.01,43.16
813685.98,59.76,30.38,588024.1,43.19
813387.86,59.79,30.4,588105.98,43.23
813262.91,59.79,30.41,587955.92,43.23
812964.78,59.81,30.43,587874.49,43.25
812857.21,59.84,30.46,587870.71,43.28
812558.31,59.86,30.48,588188.67,43.33
813954.52,59.97,30.58,590033.09,43.47
813686.35,59.99,30.61,590037.61,43.5
813388.22,60.01,30.63,590005.62,43.53
813278.33,60.04,30.66,590042.78,43.56
813523.94,60.07,30.69,590002.07,43.57
813228.13,60.1,30.71,590002.82,43.6
812929.23,60.12,30.73,590237.74,43.65
812631.1,60.14,30.76,590115.55,43.67
812331.42,60.16,30.78,590713.03,43.75
811877.69,60.16,30.77,590230.96,43.73
811554.12,60.18,30.79,590204.38,43.76
811554.12,60.18,30.79,590232.98,43.77
811554.12,60.18,30.79,590232.98,43.77
811554.12,60.18,30.79,590232.98,43.77
811230.56,60.2,30.82,590257.72,43.8
811450.73,60.23,30.85,590238.59,43.81
811115.04,60.22,30.84,590225.71,43.82
810793.81,60.24,30.87,590249.75,43.86
810793.81,60.24,30.87,590249.75,43.86
810469.47,60.27,30.89,590229.99,43.89
810150.63,60.26,30.88,589911.77,43.88
810150.63,60.26,30.88,589911.77,43.88
810015.3,60.28,30.91,589899.14,43.9
810233.92,60.31,30.94,590792.56,43.98
809965.75,60.34,30.96,590785.21,44.01
809667.62,60.36,30.99,590879.01,44.05
809369.5,60.38,31.01,590959.81,44.09
809259.6,60.41,31.04,590790.22,44.1
808963.8,60.43,31.06,591264.83,44.17
808664.89,60.46,31.08,590903.3,44.18
808375.68,60.48,31.11,591137.98,44.23
808067.09,60.5,31.13,590925.45,44.25
808067.09,60.5,31.13,590925.45,44.25
807731.4,60.5,31.13,590568.51,44.23
807463.23,60.52,31.15,590565.42,44.27
807463.23,60.52,31.15,590565.42,44.27
807165.1,60.55,31.18,590670.36,44.31
806866.97,60.57,31.2,590571.69,44.33
806866.97,60.57,31.2,590571.69,44.33
806568.84,60.59,31.22,590542.82,44.37
806273.04,60.62,31.25,590531.7,44.4
805979.43,60.64,31.27,590536.74,44.43
805979.43,60.64,31.27,590536.74,44.43
805979.43,60.64,31.27,590536.74,44.43
805752.58,60.67,31.3,591416.16,44.53
806080.09,60.7,31.34,591009.84,44.51
805811.92,60.73,31.36,591008.59,44.54
805582.86,60.76,31.39,591290.07,44.6
805582.86,60.76,31.39,591290.07,44.6
805284.73,60.78,31.41,591265.87,44.63
805174.84,60.81,31.44,591260.22,44.66
805064.95,60.84,31.47,591332.02,44.69
805064.95,60.84,31.47,591332.02,44.69
804769.14,60.86,31.49,591438.17,44.73
804488.06,60.89,31.52,591446.81,44.76
804610.33,60.94,31.57,592384.59,44.87
804061.85,60.94,31.57,591805.86,44.85
804061.85,60.94,31.57,591805.86,44.85
804061.85,60.94,31.57,591805.86,44.85
803793.67,60.97,31.6,591804.93,44.89
803495.54,60.99,31.62,591777.79,44.92
803197.42,61.01,31.64,591943.31,44.97
803344.09,61.05,31.68,591946.81,44.98
803344.09,61.05,31.68,591946.81,44.98
803236.52,61.08,31.71,591772.13,45.0
803082.77,61.07,31.71,592331.88,45.05
803082.77,61.07,31.71,592331.88,45.05
802783.87,61.1,31.73,591939.82,45.05
802924.97,61.16,31.79,593001.2,45.17
802767.0,61.15,31.78,592847.74,45.16
802218.74,61.15,31.78,592262.02,45.14
802218.74,61.15,31.78,592262.02,45.14
802138.81,61.18,31.81,592270.97,45.17
801840.68,61.2,31.83,592239.54,45.2
801542.55,61.23,31.86,592301.89,45.24
801571.69,61.26,31.89,592268.44,45.26
801464.12,61.29,31.92,592234.08,45.29
801618.41,61.32,31.95,592779.5,45.35
801320.29,61.35,31.98,592655.67,45.37
801020.61,61.37,32.0,593124.83,45.44
800723.34,61.36,31.99,593058.7,45.45
800723.34,61.36,31.99,593058.7,45.45
800455.17,61.39,32.02,593051.54,45.48
800218.7,61.39,32.02,592780.33,45.47
800218.7,61.39,32.02,592780.33,45.47
799920.58,61.41,32.04,592759.43,45.51
799810.68,61.44,32.07,592788.75,45.54
799810.68,61.44,32.07,592788.75,45.54
799512.56,61.46,32.09,592753.51,45.57
799404.99,61.49,32.13,592752.81,45.6
799404.99,61.49,32.13,592752.81,45.6
799106.08,61.52,32.15,593169.57,45.66
799106.08,61.52,32.15,593169.57,45.66
799176.32,61.57,32.2,593545.61,45.73
799181.62,61.57,32.2,593566.37,45.73
798913.45,61.6,32.23,593565.44,45.77
798434.81,61.6,32.23,593325.52,45.78
798434.81,61.6,32.23,593325.52,45.78
798440.49,61.6,32.23,593391.62,45.78
798440.49,61.6,32.23,593391.62,45.78
798142.36,61.63,32.26,593364.5,45.81
798142.36,61.63,32.26,593364.5,45.81
797844.23,61.65,32.28,593393.48,45.85
797546.1,61.67,32.31,593367.86,45.89
797552.9,61.67,32.31,593421.85,45.89
797257.1,61.7,32.33,594170.6,45.98
796933.53,61.72,32.36,594142.82,46.02
797105.64,61.76,32.39,593819.86,46.01
796871.69,61.79,32.42,594219.32,46.07
796603.51,61.81,32.45,594216.23,46.11
796658.65,61.85,32.48,594255.14,46.14
796523.32,61.88,32.51,594249.49,46.16
796523.32,61.88,32.51,594249.49,46.16
796225.2,61.9,32.54,594260.82,46.2
796225.2,61.9,32.54,594260.82,46.2
796308.75,61.94,32.57,594293.14,46.23
796010.62,61.96,32.6,594252.85,46.26
795714.81,61.99,32.62,594218.18,46.29
795415.91,62.01,32.65,594898.42,46.38
795415.91,62.01,32.65,594898.42,46.38
795634.5,62.05,32.69,595204.76,46.42
795634.5,62.05,32.69,595204.76,46.42
795634.5,62.05,32.69,595204.76,46.42
795634.5,62.05,32.69,595204.76,46.42
795634.5,62.05,32.69,595204.76,46.42
795634.5,62.05,32.69,595204.76,46.42
795310.94,62.08,32.71,595224.42,46.46
795297.92,62.1,32.74,595218.06,46.48
795297.92,62.1,32.74,595218.06,46.48
794976.68,62.12,32.76,595200.8,46.51
794976.68,62.12,32.76,595200.8,46.51
795097.14,62.15,32.79,595191.26,46.53
794712.34,62.15,32.79,595327.63,46.55
794833.58,62.18,32.82,595430.13,46.58
794508.47,62.2,32.85,595697.62,46.64
794508.47,62.2,32.85,595697.62,46.64
794240.29,62.23,32.87,595696.37,46.67
793524.34,62.22,32.87,595168.97,46.67
793206.1,62.21,32.86,594851.15,46.66
793206.1,62.21,32.86,594851.15,46.66
792821.29,62.21,32.85,594635.32,46.66
792711.4,62.24,32.88,594614.09,46.68
792858.07,62.27,32.92,594705.1,46.71
792858.07,62.27,32.92,594705.1,46.71
792858.07,62.27,32.92,594705.1,46.71
792473.27,62.26,32.91,594650.87,46.72
792473.27,62.26,32.91,594650.87,46.72
792175.14,62.29,32.94,594602.11,46.75
792067.57,62.32,32.97,594610.37,46.78
792213.47,62.36,33.0,594715.32,46.81
792213.47,62.36,33.0,594715.32,46.81
792103.58,62.39,33.03,595530.81,46.9
791803.9,62.41,33.06,595439.12,46.93
791419.1,62.4,33.05,595273.14,46.94
791150.93,62.43,33.08,595277.66,46.98
790852.8,62.46,33.1,595256.14,47.01
790554.67,62.48,33.13,595307.64,47.05
790558.54,62.48,33.13,595802.17,47.09
790447.88,62.52,33.16,595422.19,47.09
790175.7,62.54,33.19,595533.76,47.14
790056.12,62.57,33.22,596240.06,47.22
789964.43,62.61,33.25,595922.38,47.23
789744.5,62.6,33.25,595712.22,47.22
789476.33,62.63,33.28,595710.97,47.26
789476.33,62.63,33.28,595710.97,47.26
789476.33,62.63,33.28,595710.97,47.26
789145.93,62.65,33.3,595581.19,47.29
789145.93,62.65,33.3,595581.19,47.29
789036.03,62.69,33.33,595559.96,47.31
789036.03,62.69,33.33,595559.96,47.31
789281.64,62.72,33.37,595609.73,47.33
789171.75,62.75,33.4,595580.11,47.36
788875.94,62.78,33.43,595567.47,47.4
788577.04,62.8,33.45,595545.74,47.43
789024.97,62.84,33.49,597908.92,47.62
788878.8,62.87,33.52,597376.68,47.61
788610.63,62.9,33.55,597379.02,47.65
787987.4,62.9,33.55,596675.46,47.63
787689.27,62.93,33.57,596645.06,47.66
787689.27,62.93,33.57,596645.06,47.66
787689.27,62.93,33.57,596645.06,47.66
787689.27,62.93,33.57,596645.06,47.66
787391.14,62.95,33.6,596677.0,47.7
787537.82,62.99,33.63,596663.48,47.72
787242.01,63.01,33.66,596647.06,47.76
787131.34,63.05,33.69,596892.54,47.81
787276.73,63.06,33.7,598216.28,47.91
787615.46,63.14,33.78,598335.93,47.96
787535.52,63.17,33.82,598344.88,47.99
787108.99,63.16,33.81,597973.66,47.98
786810.86,63.19,33.83,597937.37,48.02
786512.73,63.21,33.86,597947.89,48.06
786214.61,63.24,33.89,597947.3,48.1
786300.48,63.28,33.92,597930.86,48.12
786001.58,63.3,33.95,598258.84,48.18
786001.58,63.3,33.95,598258.84,48.18
786001.58,63.3,33.95,598258.84,48.18
785703.45,63.33,33.98,598314.3,48.23
785848.58,63.37,34.01,598726.24,48.28
785907.67,63.4,34.05,598727.59,48.3
785928.61,63.41,34.05,598986.34,48.32
785933.91,63.41,34.05,598989.25,48.32
785635.78,63.43,34.08,598963.93,48.36
785635.78,63.43,34.08,598963.93,48.36
785525.89,63.47,34.11,598958.11,48.39
785415.99,63.5,34.15,599005.43,48.43
785415.99,63.5,34.15,598981.42,48.43
785120.19,63.53,34.17,598948.36,48.46
784821.29,63.55,34.2,598925.69,48.5
784523.16,63.58,34.23,599009.45,48.55
784257.01,63.58,34.22,598678.25,48.53
781901.94,63.8,34.45,598627.71,48.84
781602.26,63.83,34.48,599223.85,48.93
781334.09,63.86,34.51,599222.59,48.97
781035.96,63.88,34.53,599195.78,49.01
780737.83,63.91,34.56,599516.45,49.08
780439.71,63.94,34.59,599253.05,49.1
780332.14,63.97,34.62,599314.86,49.13
780332.14,63.97,34.62,599314.86,49.13
780332.14,63.97,34.62,599314.86,49.13
780111.74,64.01,34.66,600205.72,49.25
781437.19,64.12,34.77,601363.31,49.34
781587.94,64.16,34.81,601358.77,49.36
781289.81,64.19,34.84,601382.38,49.41
780991.68,64.22,34.86,601361.98,49.45
780712.18,64.21,34.86,601112.36,49.44
780504.65,64.2,34.85,600863.7,49.43
780504.65,64.2,34.85,600863.7,49.43
780504.65,64.2,34.85,600916.96,49.43
778149.58,64.43,35.08,600866.43,49.75
777851.45,64.46,35.11,600834.89,49.79
777882.92,64.5,35.15,601084.49,49.84
777675.38,64.5,35.15,600948.76,49.84
777821.28,64.53,35.18,600831.23,49.85
777821.28,64.53,35.18,600831.23,49.85
777711.39,64.57,35.22,601811.14,49.96
777713.16,64.57,35.22,601842.32,49.97
777337.26,64.56,35.21,601519.53,49.96
777028.68,64.59,35.24,601640.95,50.01
776760.5,64.62,35.27,601640.02,50.05
776907.18,64.66,35.31,601614.87,50.07
776609.05,64.69,35.34,601692.08,50.12
776310.92,64.72,35.37,601608.09,50.15
776015.12,64.75,35.4,601738.54,50.21
775734.03,64.78,35.43,602396.54,50.3
775413.46,64.77,35.43,601938.99,50.28
775482.54,64.83,35.49,602315.31,50.36
775214.36,64.87,35.52,602308.15,50.4
775361.04,64.9,35.56,602289.22,50.42
774812.11,64.9,35.55,601824.33,50.41
774513.98,64.93,35.58,601865.55,50.46
774129.18,64.92,35.58,601824.14,50.47
774129.18,64.92,35.58,601824.14,50.47
774161.31,64.93,35.58,601849.78,50.48
774307.98,64.97,35.62,601842.72,50.5
774012.18,64.99,35.65,602810.04,50.62
773735.44,65.0,35.65,603133.09,50.67
774532.5,65.09,35.74,603335.12,50.7
774782.92,65.14,35.79,604003.15,50.78
774782.92,65.14,35.79,604003.15,50.78
774959.55,65.18,35.83,604008.0,50.8
774959.55,65.18,35.83,604008.0,50.8
774849.66,65.21,35.86,603988.03,50.83
774551.53,65.24,35.89,604025.22,50.88
774551.53,65.24,35.89,604025.22,50.88
774253.4,65.27,35.92,603978.73,50.92
774253.4,65.27,35.92,603978.73,50.92
774253.4,65.27,35.92,603978.73,50.92
774253.4,65.27,35.92,603978.73,50.92
773868.6,65.27,35.92,603968.53,50.94
773572.79,65.3,35.95,604535.32,51.03
773572.79,65.3,35.95,604535.32,51.03
773572.79,65.3,35.95,604535.32,51.03
773718.69,65.33,35.99,604360.59,51.03
773718.69,65.33,35.99,604360.59,51.03
773790.89,65.4,36.05,605378.03,51.16
773522.72,65.43,36.08,605382.55,51.21
773087.42,65.44,36.09,604873.97,51.2
772789.29,65.47,36.12,604846.09,51.24
772491.16,65.5,36.15,604877.72,51.29
772073.42,65.49,36.14,604470.88,51.27
771775.3,65.52,36.17,604451.76,51.31
771667.73,65.55,36.21,604443.82,51.35
771557.06,65.59,36.24,604423.95,51.38
771557.06,65.59,36.24,604423.95,51.38
771557.06,65.59,36.24,604423.95,51.38
771447.16,65.62,36.28,604420.39,51.42
771600.68,65.66,36.32,605383.62,51.52
771332.51,65.7,36.35,605382.36,51.56
771034.38,65.73,36.38,605358.17,51.6
770641.19,65.72,36.37,604921.94,51.59
770787.86,65.76,36.41,605133.1,51.63
770489.73,65.79,36.44,605001.13,51.66
770193.93,65.82,36.47,604912.81,51.7
770313.94,65.86,36.52,605739.81,51.79
770313.94,65.86,36.52,605739.81,51.79
770204.05,65.9,36.55,605643.44,51.82
769904.37,65.93,36.58,605718.65,51.87
769636.2,65.96,36.62,605719.09,51.91
769338.07,65.99,36.65,605690.58,51.96
769135.89,65.99,36.64,605714.93,51.97
769135.89,65.99,36.64,605714.93,51.97
769025.99,66.03,36.68,605745.71,52.01
769029.53,66.03,36.68,605760.24,52.01
769118.59,66.03,36.69,605852.04,52.02
768820.46,66.06,36.72,605831.61,52.06
768820.46,66.06,36.72,605831.61,52.06
768712.89,66.1,36.76,605829.58,52.1
768413.99,66.13,36.79,605809.55,52.14
768115.86,66.16,36.82,606261.29,52.22
768007.63,66.16,36.81,606153.65,52.22
767707.95,66.19,36.85,606057.7,52.25
767439.78,66.23,36.88,606056.45,52.3
767141.65,66.26,36.91,606029.63,52.34
767031.76,66.29,36.95,606097.57,52.38
767031.76,66.29,36.95,606097.57,52.38
767031.76,66.29,36.95,606188.47,52.39
767178.43,66.33,36.99,606152.55,52.41
767178.43,66.33,36.99,606152.55,52.41
767178.43,66.33,36.99,606152.55,52.41
767070.86,66.37,37.03,606125.27,52.45
767070.86,66.37,37.03,606125.27,52.45
766771.96,66.4,37.06,606111.22,52.49
766771.96,66.4,37.06,606111.22,52.49
766777.26,66.4,37.06,606115.0,52.49
766479.13,66.43,37.09,606779.88,52.59
766179.46,66.47,37.12,606772.5,52.64
765911.28,66.5,37.16,606774.83,52.68
765801.39,66.54,37.19,606756.72,52.72
765503.26,66.57,37.22,606741.4,52.76
765205.13,66.6,37.26,606772.27,52.81
765236.6,66.64,37.3,606737.96,52.84
766287.08,66.73,37.39,609804.97,53.11
766287.08,66.73,37.39,609804.97,53.11
765902.28,66.73,37.38,609569.25,53.11
765595.06,66.72,37.37,609263.66,53.1
765513.58,66.75,37.4,608405.24,53.05
765245.41,66.78,37.44,608407.57,53.09
764947.28,66.81,37.47,608377.17,53.14
764649.15,66.85,37.5,608436.26,53.19
764795.83,66.89,37.54,608398.48,53.21
764500.03,66.92,37.57,608370.66,53.25
764500.03,66.92,37.57,608370.66,53.25
764201.12,66.95,37.61,608894.95,53.35
763795.94,66.96,37.62,608369.93,53.34
763497.81,67.0,37.65,608019.2,53.35
763497.81,67.0,37.65,608019.2,53.35
763198.14,67.03,37.68,608276.67,53.42
763201.67,67.03,37.69,608279.64,53.42
762933.5,67.06,37.72,608276.56,53.47
762779.75,67.06,37.72,608112.03,53.47
762481.62,67.1,37.75,608087.6,53.51
762485.15,67.1,37.75,608092.66,53.51
762485.15,67.1,37.75,608092.66,53.51
762631.83,67.14,37.79,608181.23,53.54
762333.7,67.17,37.83,608104.78,53.58
762333.7,67.17,37.83,608104.78,53.58
762333.7,67.17,37.83,608104.78,53.58
762333.7,67.17,37.83,608114.91,53.58
762333.7,67.17,37.83,608114.91,53.58
762333.7,67.17,37.83,608114.91,53.58
762333.7,67.17,37.83,608114.91,53.58
762333.7,67.17,37.83,608114.91,53.58
762333.7,67.17,37.83,608114.91,53.58
762122.65,67.17,37.82,607912.45,53.58
762122.65,67.17,37.82,607912.45,53.58
761737.84,67.16,37.82,608863.57,53.68
761468.77,67.2,37.85,609018.76,53.74
761468.77,67.2,37.85,609018.76,53.74
761468.77,67.2,37.85,609018.76,53.74
760632.73,67.18,37.84,608459.2,53.74
760632.73,67.18,37.84,608459.2,53.74
760364.56,67.22,37.87,608441.18,53.79
760364.56,67.22,37.87,608441.18,53.79
760739.25,67.31,37.97,608582.51,53.85
760739.25,67.31,37.97,608582.51,53.85
760441.12,67.34,38.0,608572.45,53.89
760143.0,67.38,38.03,608629.65,53.95
759844.87,67.41,38.07,608606.78,53.99
759549.07,67.44,38.1,608563.54,54.04
759250.16,67.48,38.13,608985.98,54.12
758981.99,67.51,38.17,608988.32,54.17
758611.02,67.53,38.18,608552.38,54.17
758063.86,67.53,38.18,608145.54,54.17
758210.54,67.57,38.23,608120.01,54.19
757994.4,67.61,38.27,607899.25,54.22
757884.5,67.65,38.31,607893.33,54.26
757586.38,67.68,38.34,607936.29,54.31
757428.41,67.68,38.33,607804.84,54.31
757428.41,67.68,38.33,608113.46,54.34
757320.84,67.72,38.37,607775.67,54.35
757320.84,67.72,38.37,607775.67,54.35
757320.84,67.72,38.37,607775.67,54.35
757320.84,67.72,38.37,607775.67,54.35
757039.76,67.75,38.41,609092.84,54.51
756857.23,67.76,38.41,608565.93,54.48
757442.44,67.83,38.48,609668.47,54.6
757442.44,67.83,38.48,609668.47,54.6
756819.26,67.83,38.49,608899.95,54.58
756551.08,67.87,38.53,608902.28,54.62
756551.08,67.87,38.53,608902.28,54.62
756551.08,67.87,38.53,608902.28,54.62
756054.69,67.86,38.52,608462.8,54.61
756054.69,67.86,38.52,608462.8,54.61
756054.69,67.86,38.52,608462.8,54.61
756201.37,67.9,38.56,608437.27,54.63
755903.24,67.93,38.59,608521.53,54.69
755605.11,67.97,38.63,608452.54,54.73
755497.54,68.01,38.67,608427.04,54.77
755386.87,68.05,38.71,608423.55,54.81
755088.74,68.08,38.74,609035.77,54.91
755088.74,68.08,38.74,609035.77,54.91
754977.3,68.12,38.78,609262.45,54.97
754709.13,68.16,38.82,609264.78,55.02
754411.0,68.19,38.85,609242.38,55.07
754414.53,68.2,38.85,609245.7,55.07
754116.4,68.23,38.89,609275.2,55.13
754171.98,68.23,38.89,609446.28,55.14
753886.9,68.23,38.89,609202.69,55.13
753588.77,68.26,38.92,609180.88,55.18
753292.97,68.3,38.96,609157.61,55.23
753292.97,68.3,38.96,609767.11,55.29
753292.97,68.3,38.96,609767.11,55.29
753182.3,68.34,39.0,609490.0,55.3
753182.3,68.34,39.0,609490.0,55.3
752584.49,68.41,39.07,609330.68,55.39
752316.32,68.45,39.1,609329.43,55.44
752022.71,68.48,39.14,609329.16,55.49
751699.15,68.52,39.18,609341.1,55.54
751699.15,68.52,39.18,609341.1,55.54
751401.02,68.55,39.21,609316.9,55.59
751547.7,68.59,39.26,609459.79,55.62
751310.94,68.59,39.25,609356.14,55.63
751012.81,68.63,39.29,609393.92,55.69
750717.01,68.66,39.33,609647.52,55.76
750743.74,68.67,39.33,609890.27,55.78
751296.09,68.78,39.44,611182.08,55.95
750972.53,68.81,39.48,611160.11,56.0
750648.97,68.85,39.51,611160.32,56.05
750648.97,68.85,39.51,611160.32,56.05
750648.97,68.85,39.51,611160.32,56.05
750648.97,68.85,39.51,611160.32,56.05
750648.97,68.85,39.51,611160.32,56.05
750655.0,68.89,39.56,611147.05,56.08
750330.66,68.92,39.59,611277.55,56.15
750330.66,68.92,39.59,611277.55,56.15
750330.66,68.92,39.59,611277.55,56.15
750007.09,68.95,39.63,611130.07,56.19
750007.09,68.95,39.63,611130.07,56.19
749286.68,68.95,39.63,610135.8,56.15
748290.55,68.92,39.6,609140.56,56.11
747537.13,68.92,39.59,608454.57,56.09
747212.02,68.95,39.63,608762.79,56.17
746943.84,68.99,39.67,608765.12,56.23
746943.84,68.99,39.67,608765.12,56.23
747064.63,69.04,39.71,608736.4,56.25
746766.5,69.07,39.75,608760.34,56.31
746913.18,69.12,39.79,608738.22,56.33
746913.18,69.12,39.79,608738.22,56.33
746617.37,69.15,39.83,608730.24,56.38
746506.7,69.19,39.87,609205.85,56.47
746208.58,69.23,39.91,609349.36,56.53
745908.9,69.27,39.95,609568.64,56.61
745828.96,69.31,39.99,609577.59,56.65
745647.72,69.31,39.99,609606.04,56.66
745464.84,69.31,39.99,609391.19,56.66
745267.01,69.3,39.98,609211.2,56.65
745267.01,69.3,39.98,609211.2,56.65
744968.88,69.34,40.02,609175.56,56.7
744968.88,69.34,40.02,609174.07,56.7
744968.88,69.34,40.02,609174.07,56.7
745123.95,69.38,40.06,609207.57,56.73
745123.95,69.38,40.06,609207.57,56.73
744826.68,69.38,40.06,608923.36,56.72
744443.48,69.37,40.05,608900.0,56.74
744145.36,69.41,40.09,608883.21,56.79
744145.36,69.41,40.09,608883.21,56.79
744145.36,69.41,40.09,608883.21,56.79
743849.55,69.45,40.13,608997.0,56.86
743738.88,69.49,40.17,608897.86,56.89
743815.84,69.5,40.18,609108.64,56.91
743815.84,69.5,40.18,609108.64,56.91
744396.01,69.58,40.26,610624.52,57.08
744572.64,69.63,40.31,610629.37,57.1
744040.08,69.63,40.31,610038.29,57.09
744160.87,69.68,40.36,610009.04,57.12
744050.97,69.72,40.4,610047.68,57.16
744050.97,69.72,40.4,610047.68,57.16
743944.0,69.72,40.4,609942.09,57.16
743973.15,69.76,40.44,609916.48,57.19
743865.58,69.81,40.49,609900.98,57.23
743865.58,69.81,40.49,609900.98,57.23
742869.45,69.78,40.46,608903.78,57.19
742570.55,69.81,40.5,609484.75,57.3
742272.42,69.85,40.53,609207.13,57.33
742272.42,69.85,40.53,609207.13,57.33
742272.42,69.85,40.53,609207.13,57.33
741887.62,69.85,40.53,610109.52,57.44
741887.62,69.85,40.53,610109.52,57.44
742255.98,69.88,40.56,610156.15,57.44
741599.05,69.89,40.57,610100.55,57.49
741330.88,69.93,40.61,610100.99,57.55
741330.88,69.93,40.61,610100.99,57.55
741477.55,69.97,40.65,610074.46,57.57
741179.43,70.01,40.69,610124.53,57.63
740881.3,70.05,40.73,610066.98,57.68
740881.3,70.05,40.73,610066.98,57.68
740585.5,70.09,40.77,610198.14,57.75
740358.64,70.13,40.81,611346.51,57.91
740474.18,70.21,40.89,611303.28,57.96
740650.81,70.26,40.94,611308.13,57.99
740650.81,70.26,40.94,611308.13,57.99
740352.68,70.29,40.98,611277.19,58.04
740381.82,70.34,41.02,611365.14,58.08
739870.46,70.35,41.03,610830.3,58.08
739760.57,70.39,41.07,610766.38,58.12
739485.82,70.38,41.07,610463.93,58.1
739190.01,70.42,41.11,610433.84,58.16
738891.11,70.46,41.14,610947.47,58.26
738974.66,70.51,41.19,610586.69,58.26
738677.39,70.5,41.19,611317.64,58.35
738377.71,70.54,41.22,611414.36,58.41
738109.54,70.58,41.27,611416.69,58.47
738109.54,70.58,41.27,611416.69,58.47
737811.41,70.62,41.31,611388.91,58.52
737513.29,70.66,41.34,611428.53,58.58
737215.16,70.7,41.38,611396.85,58.63
736919.35,70.74,41.42,611472.05,58.7
736620.45,70.78,41.46,611433.58,58.75
736620.45,70.78,41.46,611433.58,58.75
736322.32,70.82,41.5,611531.48,58.82
736022.65,70.86,41.54,611363.82,58.86
735942.71,70.91,41.59,611372.77,58.9
735993.62,70.91,41.59,611433.06,58.91
735993.62,70.91,41.59,611433.06,58.91
735883.72,70.96,41.64,611413.51,58.95
735585.6,71.0,41.68,611393.72,59.01
735585.6,71.0,41.68,611393.72,59.01
735475.7,71.04,41.72,611429.93,59.06
735179.9,71.08,41.76,611409.13,59.11
735179.9,71.08,41.76,611409.13,59.11
732824.83,71.41,42.09,611358.59,59.57
732824.83,71.41,42.09,611358.59,59.57
732824.83,71.41,42.09,611358.59,59.57
732525.93,71.45,42.13,611334.66,59.63
732227.8,71.49,42.17,611331.35,59.68
731928.12,71.53,42.21,611887.12,59.8
731659.95,71.57,42.26,611885.87,59.85
731659.95,71.57,42.26,611885.87,59.85
731361.82,71.61,42.3,611861.67,59.91
731508.5,71.66,42.34,612072.82,59.96
731398.6,71.71,42.39,611943.4,59.99
731398.6,71.71,42.39,611943.4,59.99
731398.6,71.71,42.39,611943.4,59.99
731102.8,71.75,42.43,611853.4,60.04
731102.8,71.75,42.43,611853.4,60.04
730803.9,71.79,42.47,612409.84,60.16
730694.0,71.83,42.52,612037.34,60.17
730694.0,71.83,42.52,612037.34,60.17
730694.0,71.83,42.52,612037.34,60.17
730449.51,71.88,42.57,612683.37,60.29
730626.14,71.93,42.62,612687.67,60.32
730655.29,71.98,42.67,612658.6,60.36
730259.66,71.97,42.66,612299.4,60.35
730259.66,71.97,42.66,612299.4,60.35
730259.66,71.97,42.66,612299.4,60.35
729961.53,72.02,42.7,612356.44,60.41
729576.73,72.01,42.7,612322.81,60.44
729466.83,72.06,42.74,612292.27,60.48
729171.03,72.1,42.79,612791.29,60.59
729171.03,72.1,42.79,612791.29,60.59
729171.03,72.1,42.79,612791.29,60.59
729171.86,72.1,42.79,612805.82,60.59
728872.95,72.14,42.83,612603.94,60.63
728872.95,72.14,42.83,612603.94,60.63
729028.54,72.19,42.88,612525.9,60.65
729028.54,72.19,42.88,612525.9,60.65
729101.63,72.24,42.93,613707.48,60.81
729101.63,72.24,42.93,613707.48,60.81
728833.46,72.28,42.97,613712.0,60.87
728723.56,72.33,43.02,613694.85,60.91
728425.44,72.37,43.06,613717.18,60.98
728127.31,72.42,43.1,613698.29,61.04
728127.31,72.42,43.1,613698.29,61.04
728019.74,72.46,43.15,613674.1,61.08
727683.28,72.46,43.14,613367.31,61.07
727298.48,72.45,43.14,612904.43,61.06
727121.3,72.45,43.14,612787.99,61.06
726822.39,72.49,43.18,613098.22,61.15
726969.07,72.54,43.23,613221.11,61.19
726669.39,72.59,43.27,613591.89,61.29
726401.22,72.63,43.32,613594.22,61.35
726291.32,72.68,43.37,613576.12,61.4
726054.57,72.68,43.37,613324.65,61.39
725756.44,72.72,43.41,613309.32,61.45
725458.31,72.76,43.45,613329.9,61.52
725607.31,72.81,43.5,613308.47,61.55
725308.41,72.86,43.55,614001.81,61.68
725000.56,72.86,43.55,614107.4,61.72
725251.2,72.91,43.6,613705.29,61.7
725251.2,72.91,43.6,613705.29,61.7
725412.76,72.94,43.63,614671.49,61.81
724750.92,72.95,43.64,613942.62,61.8
724935.94,73.0,43.69,613943.1,61.82
724935.94,73.0,43.69,613942.91,61.82
724637.81,73.05,43.73,613916.38,61.88
724637.81,73.05,43.73,613916.38,61.88
724254.62,73.04,43.73,613969.49,61.92
724401.29,73.09,43.78,613940.5,61.95
724401.29,73.09,43.78,613940.5,61.95
724401.29,73.09,43.78,613940.5,61.95
724245.42,73.09,43.78,613785.43,61.94
724245.42,73.09,43.78,613785.43,61.94
724245.42,73.09,43.78,613785.43,61.94
723947.29,73.13,43.82,613754.05,62.0
723651.48,73.17,43.86,613921.1,62.08
723540.81,73.22,43.91,613800.73,62.12
723242.69,73.27,43.96,613746.3,62.17
723270.28,73.32,44.01,614742.81,62.32
722976.93,73.31,44.0,614470.08,62.31
722708.75,73.36,44.05,614469.15,62.37
722411.48,73.35,44.04,614039.12,62.35
722411.48,73.35,44.04,614039.12,62.35
722411.48,73.35,44.04,614039.12,62.35
722257.73,73.35,44.04,614038.15,62.36
721959.61,73.4,44.09,614011.0,62.42
721959.61,73.4,44.09,614011.0,62.42
721661.48,73.44,44.13,614044.53,62.49
721363.35,73.49,44.18,614007.0,62.55
721255.78,73.54,44.23,614004.56,62.6
720956.88,73.58,44.27,613998.86,62.67
720658.75,73.63,44.32,614285.11,62.76
720547.31,73.68,44.37,614341.46,62.82
720547.31,73.68,44.37,614341.46,62.82
720548.09,73.68,44.37,614365.25,62.82
720607.19,73.73,44.42,614366.6,62.86
720607.19,73.73,44.42,614366.6,62.86
720607.19,73.73,44.42,614366.6,62.86
720309.06,73.78,44.47,614338.49,62.92
720010.93,73.82,44.51,614415.83,63.0
719901.04,73.87,44.56,614364.47,63.04
720124.85,73.92,44.61,614333.56,63.06
719827.58,73.92,44.61,614512.1,63.1
719528.68,73.96,44.65,614486.34,63.16
719177.48,73.96,44.65,614883.32,63.23
718915.38,74.01,44.7,614782.53,63.29
718580.42,74.05,44.74,614701.34,63.35
718312.25,74.1,44.79,614686.2,63.41
718312.25,74.1,44.79,614686.2,63.41
718014.12,74.15,44.84,614716.97,63.48
718014.12,74.15,44.84,614716.97,63.48
717715.99,74.19,44.88,614670.55,63.54
717417.86,74.24,44.93,614702.73,63.61
717122.06,74.28,44.98,614682.0,63.67
718172.54,74.39,45.09,617189.43,63.93
717904.37,74.44,45.13,617182.0,64.0
718009.89,74.48,45.17,616425.12,63.94
718009.89,74.48,45.17,616425.12,63.94
717711.76,74.53,45.22,616477.93,64.02
717120.82,74.54,45.24,616151.17,64.05
717366.42,74.59,45.29,616104.37,64.06
717068.3,74.64,45.33,616078.95,64.13
716772.49,74.69,45.38,616108.09,64.2
716130.73,74.68,45.38,615473.1,64.19
716132.5,74.68,45.38,615475.14,64.19
715851.41,74.73,45.43,616556.92,64.37
715583.24,74.78,45.48,616549.75,64.43
715285.11,74.83,45.52,616528.85,64.5
714986.98,74.88,45.57,616613.82,64.58
714688.85,74.92,45.62,616547.73,64.64
714393.05,74.97,45.67,616522.11,64.7
714094.15,75.02,45.71,616642.08,64.78
714094.15,75.02,45.71,616642.08,64.78
714094.15,75.02,45.71,616642.08,64.78
713832.04,75.07,45.77,616794.16,64.87
711476.98,75.46,46.15,616743.62,65.41
711594.47,75.51,46.2,616851.1,65.45
711514.53,75.56,46.26,616860.05,65.51
711514.53,75.56,46.26,616860.05,65.51
711216.4,75.61,46.31,616835.33,65.58
711216.4,75.61,46.31,616815.84,65.58
711106.51,75.67,46.36,616801.22,65.63
711106.51,75.67,46.36,616801.22,65.63
710808.38,75.71,46.41,616832.8,65.7
710512.58,75.76,46.46,616810.56,65.77
710213.68,75.81,46.51,616791.83,65.84
709915.55,75.86,46.56,617243.0,65.96
709615.87,75.91,46.61,617112.15,66.02
709615.87,75.91,46.61,617112.15,66.02
709615.87,75.91,46.61,617112.15,66.02
709379.41,75.91,46.61,616933.09,66.02
709654.97,75.97,46.66,616936.94,66.04
709654.97,75.97,46.66,616936.94,66.04
709545.08,76.02,46.72,616953.76,66.1
709246.95,76.07,46.77,616932.81,66.17
708948.82,76.12,46.82,616900.82,66.24
708653.02,76.17,46.87,616900.34,66.31
708354.12,76.22,46.92,617816.29,66.48
708357.65,76.22,46.92,617865.21,66.48
708357.65,76.22,46.92,617865.21,66.48
708095.54,76.27,46.97,617100.49,66.47
707948.08,76.33,47.02,617655.21,66.59
707727.42,76.32,47.02,617457.89,66.59
707647.48,76.38,47.08,617466.84,66.65
707430.74,76.37,47.07,617250.65,66.64
707273.64,76.37,47.07,617094.11,66.63
706937.95,76.37,47.07,616957.89,66.65
706828.05,76.43,47.13,616938.34,66.71
706529.93,76.48,47.18,616963.45,66.78
706529.93,76.48,47.18,616963.45,66.78
706231.8,76.53,47.23,616933.25,66.85
706231.8,76.53,47.23,616933.25,66.85
705935.99,76.58,47.28,616916.37,66.92
705935.99,76.58,47.28,616916.37,66.92
705935.99,76.58,47.28,616916.37,66.92
705825.33,76.63,47.33,617195.34,67.01
705527.2,76.69,47.38,617274.07,67.09
705227.52,76.74,47.44,617458.51,67.19
704959.35,76.79,47.49,617451.34,67.26
704661.22,76.84,47.54,617430.44,67.33
704986.79,76.9,47.6,617450.06,67.35
704688.66,76.95,47.65,617426.25,67.42
704688.66,76.95,47.65,617426.25,67.42
704688.66,76.95,47.65,617426.25,67.42
704392.86,77.0,47.7,617780.92,67.53
704226.77,77.0,47.7,617571.2,67.53
705651.34,77.16,47.86,619881.44,67.78
705651.34,77.16,47.86,619881.44,67.78
705383.16,77.21,47.91,619874.09,67.85
705085.04,77.26,47.96,619897.94,67.93
705231.71,77.32,48.02,619860.32,67.96
705183.87,77.38,48.08,620124.47,68.05
705183.87,77.38,48.08,620124.47,68.05
705183.87,77.38,48.08,620101.54,68.05
704799.07,77.38,48.08,620209.31,68.09
704500.94,77.43,48.13,620156.35,68.16
704393.37,77.49,48.19,620100.97,68.22
704393.37,77.49,48.19,620100.97,68.22
704393.37,77.49,48.19,620100.97,68.22
704393.37,77.49,48.19,620100.97,68.22
704393.37,77.49,48.19,620127.87,68.22
704094.47,77.54,48.24,620193.54,68.3
704094.47,77.54,48.24,620193.54,68.3
703805.25,77.6,48.3,620567.66,68.42
703684.9,77.65,48.35,620520.13,68.47
703416.73,77.71,48.41,620520.58,68.55
703734.3,77.76,48.46,620494.95,68.56
703436.17,77.82,48.52,620528.77,68.64
703138.04,77.87,48.57,620505.02,68.72
702941.26,77.87,48.58,620486.64,68.74
702833.69,77.93,48.63,620486.06,68.8
702723.02,77.99,48.69,620871.85,68.91
702424.89,78.04,48.75,620898.61,68.99
702313.45,78.1,48.8,621301.53,69.09
702072.86,78.1,48.8,621213.55,69.1
702076.39,78.1,48.8,621232.45,69.11
702135.49,78.16,48.86,621211.16,69.15
702025.59,78.22,48.92,621255.9,69.22
702025.59,78.22,48.92,621255.72,69.22
701727.47,78.27,48.98,621230.89,69.3
701429.34,78.33,49.03,621205.42,69.37
701133.53,78.38,49.09,621784.1,69.51
701133.53,78.38,49.09,621784.1,69.51
700852.45,78.44,49.14,621689.22,69.58
700695.98,78.44,49.14,621534.04,69.57
700748.4,78.53,49.23,622251.75,69.73
700480.23,78.59,49.29,622250.83,69.81
700182.1,78.64,49.35,622223.68,69.89
699518.97,78.66,49.36,621504.87,69.88
699220.84,78.71,49.42,621660.15,69.98
698922.71,78.77,49.47,621547.41,70.05
698626.91,78.82,49.53,621504.28,70.12
698516.24,78.88,49.59,621813.66,70.22
698406.35,78.94,49.65,621890.56,70.29
698406.35,78.94,49.65,621890.56,70.29
698106.67,79.0,49.7,621828.05,70.36
698026.73,79.06,49.76,621837.0,70.43
697728.6,79.12,49.82,621805.57,70.51
697728.6,79.12,49.82,621805.57,70.51
698054.17,79.17,49.88,621858.87,70.53
698054.17,79.17,49.88,621858.87,70.53
697653.62,79.18,49.88,621816.13,70.57
697653.62,79.18,49.88,621816.13,70.57
697355.49,79.23,49.94,621794.07,70.65
697059.68,79.29,49.99,622057.93,70.76
696760.78,79.35,50.05,621884.11,70.82
696760.78,79.35,50.05,621884.11,70.82
696760.78,79.35,50.05,621884.11,70.82
696907.46,79.4,50.11,621863.32,70.85
696907.46,79.4,50.11,621863.32,70.85
696607.78,79.46,50.17,622628.2,71.02
696700.44,79.47,50.18,622725.43,71.03
696432.27,79.53,50.24,622729.95,71.11
696134.14,79.59,50.29,622697.96,71.19
695836.01,79.65,50.35,622731.75,71.28
695836.01,79.65,50.35,622731.75,71.28
695537.88,79.7,50.41,622733.97,71.36
695537.88,79.7,50.41,622733.97,71.36
695431.42,79.7,50.41,622626.62,71.36
695135.61,79.76,50.46,622632.25,71.44
695024.94,79.82,50.53,622823.63,71.53
694915.05,79.88,50.59,622919.39,71.6
694704.63,79.88,50.59,622723.0,71.6
694704.63,79.88,50.59,622723.0,71.6
694823.87,79.94,50.65,623158.16,71.7
694823.87,79.94,50.65,623158.16,71.7
694823.87,79.94,50.65,623158.16,71.7
694555.7,80.0,50.71,623155.08,71.78
694702.37,80.06,50.77,623132.08,71.82
694404.25,80.12,50.83,623179.17,71.9
694404.25,80.12,50.83,623432.52,71.93
696742.7,80.39,51.1,626956.14,72.34
696474.53,80.45,51.16,626954.88,72.42
696920.63,80.58,51.29,627826.37,72.59
696622.5,80.64,51.35,627799.56,72.67
696622.5,80.64,51.35,627799.56,72.67
696324.38,80.7,51.41,627856.29,72.76
696026.25,80.76,51.47,627821.76,72.84
696026.25,80.76,51.47,627821.76,72.84
695730.44,80.82,51.53,627790.65,72.92
695619.78,80.88,51.59,628040.82,73.02
695766.45,80.94,51.65,627948.0,73.05
695466.77,81.0,51.71,628282.81,73.18
695466.77,81.0,51.71,628282.81,73.18
695264.59,81.0,51.71,628025.78,73.16
694880.18,81.0,51.71,627767.89,73.17
694880.18,81.0,51.71,627767.89,73.17
694612.01,81.06,51.77,627760.47,73.26
694612.01,81.06,51.77,627760.47,73.26
694313.88,81.12,51.83,627739.82,73.34
694015.75,81.18,51.89,627943.66,73.45
694044.89,81.25,51.96,627767.73,73.49
694193.89,81.31,52.02,627880.17,73.54
694193.89,81.31,52.02,627880.17,73.54
694040.37,81.39,52.1,629626.5,73.83
694240.88,81.5,52.22,629210.43,73.87
693972.71,81.57,52.28,629200.73,73.96
693674.58,81.63,52.34,629242.74,74.05
693674.58,81.63,52.34,629242.74,74.05
693305.77,81.62,52.33,628873.93,74.04
693334.91,81.69,52.4,628835.17,74.09
693481.58,81.75,52.46,628811.75,74.13
693185.78,81.81,52.52,629255.37,74.27
693185.78,81.81,52.52,629255.37,74.27
692886.88,81.87,52.59,629272.78,74.36
692574.12,81.88,52.59,629151.62,74.38
692646.99,81.99,52.7,629746.31,74.54
692378.82,82.05,52.77,629748.65,74.63
692080.69,82.11,52.83,629718.25,74.72
692080.69,82.11,52.83,629697.27,74.71
691782.57,82.18,52.89,629735.77,74.81
691484.44,82.24,52.95,629715.64,74.89
691484.44,82.24,52.95,629715.64,74.89
691633.44,82.3,53.02,629690.76,74.93
691102.68,82.32,53.03,629334.21,74.96
690803.77,82.38,53.09,629761.78,75.1
690646.52,82.38,53.09,629603.91,75.1
690833.08,82.5,53.21,630195.34,75.26
689997.31,82.5,53.21,629582.26,75.27
689997.31,82.5,53.21,629613.29,75.28
689834.27,82.52,53.24,629645.84,75.32
689566.1,82.59,53.3,629644.59,75.41
689456.2,82.66,53.37,629623.36,75.48
689158.07,82.72,53.44,629674.04,75.58
689158.07,82.72,53.44,629674.04,75.58
689304.75,82.79,53.5,629635.67,75.62
688919.95,82.79,53.5,629611.22,75.66
688812.38,82.85,53.57,629847.3,75.76
688513.47,82.92,53.63,629716.72,75.84
688669.06,82.98,53.7,630617.16,75.99
688406.94,83.05,53.77,630500.49,76.07
688406.94,83.05,53.77,630500.49,76.07
688138.76,83.12,53.83,630497.41,76.16
688138.76,83.12,53.83,630497.41,76.16
687840.64,83.18,53.9,630472.44,76.25
687542.51,83.25,53.96,630555.81,76.35
687244.38,83.31,54.03,630504.13,76.43
686948.58,83.38,54.09,630648.08,76.55
689040.25,83.63,54.35,633438.34,76.88
689099.34,83.71,54.42,633439.68,76.94
689099.34,83.71,54.42,633439.68,76.94
688989.45,83.77,54.49,633417.49,77.02
688989.45,83.77,54.49,633417.49,77.02
689136.13,83.84,54.56,633471.15,77.07
688858.39,83.84,54.56,633215.97,77.07
688560.26,83.91,54.62,633172.67,77.16
688175.46,83.91,54.62,633151.05,77.2
688175.46,83.91,54.62,633151.05,77.2
688067.89,83.98,54.69,633228.92,77.28
687768.99,84.04,54.76,633160.27,77.37
687659.09,84.11,54.83,633143.1,77.44
687659.09,84.11,54.83,633143.1,77.44
687359.42,84.18,54.9,634063.84,77.65
687536.05,84.25,54.97,634068.13,77.7
687237.92,84.32,55.03,634037.76,77.79
686939.79,84.38,55.1,634145.49,77.9
686939.79,84.38,55.1,634095.45,77.89
686641.66,84.45,55.17,634045.69,77.98
686372.58,84.52,55.24,634255.82,78.1
686253.01,84.59,55.31,634192.35,78.17
686719.31,84.75,55.47,635679.66,78.45
686895.94,84.82,55.54,635683.95,78.5
686895.94,84.82,55.54,635683.95,78.5
686597.81,84.89,55.61,635653.57,78.59
686601.35,84.89,55.61,635656.89,78.59
686303.22,84.96,55.68,635764.63,78.7
686303.22,84.96,55.68,635764.63,78.7
686303.22,84.96,55.68,635764.63,78.7
686096.86,84.96,55.68,635632.18,78.71
685712.06,84.96,55.68,635559.86,78.75
685413.93,85.03,55.75,635515.19,78.84
685306.36,85.1,55.82,636039.2,78.98
685007.46,85.17,55.89,635665.62,79.03
684897.56,85.24,55.96,635562.2,79.1
684597.89,85.31,56.03,635934.97,79.25
684597.89,85.31,56.03,635934.97,79.25
684329.71,85.38,56.1,635937.3,79.35
684329.71,85.38,56.1,635937.3,79.35
684219.82,85.46,56.18,635919.19,79.42
683921.69,85.53,56.25,635960.98,79.53
683623.56,85.6,56.32,635929.55,79.62
683623.56,85.6,56.32,635929.55,79.62
683327.76,85.67,56.39,635900.31,79.72
683217.09,85.74,56.46,635895.19,79.8
683462.7,85.8,56.53,636566.43,79.92
683351.26,85.88,56.6,636910.91,80.04
682837.52,85.88,56.6,636477.37,80.05
683088.97,85.95,56.68,636469.9,80.09
682931.0,85.95,56.67,636338.45,80.09
682579.8,85.96,56.68,636369.43,80.14
682281.68,86.03,56.75,636342.14,80.24
682285.21,86.03,56.75,636347.16,80.24
682175.31,86.1,56.82,636331.83,80.32
681877.19,86.17,56.89,636317.13,80.42
681581.38,86.25,56.97,636388.01,80.53
681282.48,86.32,57.04,636347.47,80.62
680984.35,86.39,57.11,636358.53,80.73
681066.35,86.46,57.19,637031.64,80.87
681066.35,86.46,57.19,637031.64,80.87
681066.35,86.46,57.19,637031.64,80.87
680908.67,86.46,57.18,636874.55,80.87
680640.5,86.54,57.26,636879.07,80.97
680787.17,86.61,57.33,636853.66,81.02
680402.37,86.61,57.33,636943.95,81.08
680104.24,86.68,57.4,636880.34,81.17
680104.24,86.68,57.4,636880.34,81.17
680250.92,86.75,57.48,636841.2,81.22
679955.11,86.83,57.55,638255.74,81.5
679801.59,86.92,57.64,638394.69,81.62
679598.24,86.92,57.64,638142.52,81.62
679598.24,86.92,57.64,638127.97,81.61
679713.29,87.02,57.74,637533.38,81.62
679445.12,87.1,57.82,637537.9,81.73
679146.99,87.17,57.9,637513.31,81.83
679146.99,87.17,57.9,637513.31,81.83
679146.99,87.17,57.9,637513.31,81.83
678848.86,87.25,57.97,637501.56,81.93
678791.95,87.29,58.02,637832.57,82.02
678797.25,87.29,58.02,637854.19,82.03
678499.12,87.37,58.09,637854.39,82.13
678499.12,87.37,58.09,637854.39,82.13
678648.12,87.44,58.16,637871.44,82.19
678537.45,87.52,58.24,637923.39,82.28
678239.32,87.59,58.31,637856.91,82.38
678239.32,87.59,58.31,637856.91,82.38
677939.64,87.66,58.39,638466.59,82.56
677939.64,87.66,58.39,638466.59,82.56
677939.64,87.66,58.39,638466.59,82.56
677671.47,87.74,58.47,638471.11,82.67
677385.18,87.75,58.47,638160.84,82.67
677087.05,87.82,58.55,638128.25,82.77
677087.05,87.82,58.55,638128.25,82.77
677087.05,87.82,58.55,638128.25,82.77
677087.05,87.82,58.55,638128.25,82.77
677233.73,87.9,58.62,638203.47,82.83
676858.92,87.9,58.63,638156.47,82.87
676858.92,87.9,58.63,638214.07,82.88
676858.92,87.9,58.63,638214.07,82.88
677005.6,87.97,58.7,638182.92,82.93
677005.6,87.97,58.7,638182.92,82.93
677005.6,87.97,58.7,638182.92,82.93
676898.03,88.05,58.78,638180.51,83.02
676926.4,88.13,58.86,639045.29,83.2
676620.1,88.14,58.87,639219.29,83.27
677219.75,88.28,59.0,639732.22,83.39
677219.75,88.28,59.0,639732.22,83.39
677219.75,88.28,59.0,639732.22,83.39
676951.58,88.36,59.08,639728.93,83.5
676420.11,88.38,59.11,639550.1,83.56
676121.98,88.46,59.18,639525.31,83.67
676121.98,88.46,59.18,639525.31,83.67
676268.66,88.53,59.26,639572.52,83.73
676268.66,88.53,59.26,639572.52,83.73
676158.77,88.61,59.34,639537.94,83.81
675862.96,88.69,59.41,639528.84,83.92
675488.16,88.69,59.42,639597.61,83.98
675491.41,88.69,59.42,639626.76,83.98
675519.78,88.77,59.5,639636.85,84.06
675519.78,88.77,59.5,639636.85,84.06
675519.78,88.77,59.5,639636.85,84.06
675548.92,88.85,59.58,639676.19,84.13
675548.92,88.85,59.58,639676.19,84.13
675249.24,88.93,59.66,640458.19,84.35
674981.07,89.01,59.74,640456.94,84.46
675127.75,89.09,59.81,640432.11,84.51
674829.62,89.16,59.89,640660.9,84.65
674531.49,89.24,59.97,640642.5,84.76
674149.79,89.25,59.98,640578.02,84.8
673877.61,89.33,60.06,642002.91,85.1
673877.61,89.33,60.06,642002.91,85.1
673887.04,89.33,60.06,641976.97,85.1
674930.66,89.53,60.25,642486.79,85.22
674738.46,89.53,60.26,642316.54,85.23
674042.46,89.55,60.28,641345.3,85.21
673301.4,89.57,60.3,640801.46,85.25
673033.23,89.66,60.39,640800.53,85.36
672735.1,89.74,60.47,640773.39,85.47
672436.97,89.82,60.55,640817.23,85.59
672682.58,89.89,60.62,641368.17,85.7
672386.78,89.97,60.7,641022.73,85.77
672276.11,90.05,60.78,640849.39,85.84
671986.89,90.13,60.86,641299.11,86.02
671806.89,90.15,60.88,640881.61,86.0
671659.42,90.23,60.96,641464.61,86.17
671391.25,90.31,61.04,641463.68,86.29
671391.25,90.31,61.04,641463.68,86.29
671537.93,90.39,61.12,641438.53,86.34
671239.8,90.47,61.2,641496.28,86.46
670941.67,90.55,61.28,641453.8,86.57
670645.87,90.64,61.37,641430.03,86.69
672068.38,90.83,61.56,644719.46,87.13
672068.38,90.83,61.56,644719.46,87.13
671800.2,90.91,61.65,644716.37,87.25
671829.35,91.0,61.73,644692.7,87.32
671855.47,91.0,61.73,644717.39,87.33
671855.47,91.0,61.73,644717.39,87.33
671855.47,91.0,61.73,644717.39,87.33
671557.34,91.08,61.82,644822.35,87.46
671504.41,91.18,61.91,644226.44,87.47
671206.28,91.26,61.99,644156.71,87.58
671206.28,91.26,61.99,644156.71,87.58
671363.67,91.34,62.07,644115.27,87.63
671253.0,91.43,62.16,644752.52,87.82
671253.0,91.43,62.16,644752.52,87.82
670954.88,91.51,62.24,644771.57,87.94
670653.67,91.53,62.26,644910.52,88.01
670653.67,91.53,62.26,644910.52,88.01
670460.24,91.6,62.34,644817.02,88.1
670192.06,91.69,62.42,644809.67,88.22
669893.94,91.78,62.51,644844.4,88.34
669595.81,91.86,62.59,645033.04,88.49
669595.81,91.86,62.59,645033.04,88.49
669745.58,91.94,62.67,644992.53,88.54
669745.58,91.94,62.67,644992.53,88.54
669446.68,92.03,62.76,645969.02,88.8
670072.23,92.24,62.97,646764.97,89.03
670072.23,92.24,62.97,646764.97,89.03
669804.05,92.33,63.06,646762.0,89.15
669804.05,92.33,63.06,646762.0,89.15
669505.93,92.41,63.15,646736.9,89.27
669207.8,92.5,63.24,646733.16,89.39
668909.67,92.59,63.32,646755.04,89.52
668909.67,92.59,63.32,646755.04,89.52
668613.87,92.68,63.41,647022.62,89.68
668460.35,92.78,63.52,647054.39,89.81
668456.09,92.91,63.65,647391.91,89.98
668187.91,93.0,63.74,647390.65,90.11
668334.59,93.08,63.82,647365.82,90.16
668027.32,93.08,63.82,647113.46,90.17
668027.32,93.08,63.82,647113.46,90.17
668027.32,93.08,63.82,647113.46,90.17
667737.4,93.12,63.85,646885.0,90.21
667737.4,93.12,63.85,646885.0,90.21
667430.07,93.15,63.89,646615.62,90.24
666900.35,93.18,63.92,646016.51,90.26
666900.35,93.18,63.92,646016.51,90.26
666515.54,93.19,63.93,646104.85,90.33
666515.54,93.19,63.93,646104.85,90.33
666515.54,93.19,63.93,646104.85,90.33
666217.42,93.28,64.01,646017.85,90.45
665919.29,93.37,64.1,646127.96,90.59
665623.48,93.45,64.19,646972.01,90.84
665817.38,93.57,64.31,647288.51,90.96
666092.86,93.65,64.39,647182.65,90.99
665824.69,93.74,64.48,647184.98,91.12
665824.69,93.74,64.48,647184.98,91.12
665824.69,93.74,64.48,647249.74,91.13
665415.77,93.79,64.53,647108.49,91.21
665307.22,93.83,64.56,646967.16,91.24
665009.09,93.92,64.66,646944.76,91.36
665009.09,93.92,64.66,646944.76,91.36
665326.67,93.99,64.73,646988.42,91.4
665028.54,94.08,64.82,646959.4,91.53
664920.97,94.17,64.91,646938.16,91.63
664622.07,94.27,65.01,646927.66,91.76
664459.56,94.27,65.01,647306.07,91.84
664161.43,94.37,65.11,647317.0,91.97
663816.71,94.38,65.12,647040.04,91.99
663548.54,94.48,65.22,647036.96,92.12
663548.54,94.48,65.22,647036.96,92.12
663548.54,94.48,65.22,647036.96,92.12
663548.54,94.48,65.22,647036.96,92.12
663646.8,94.55,65.29,647609.9,92.27
663536.9,94.65,65.39,647585.64,92.37
663536.9,94.65,65.39,647585.64,92.37
663536.9,94.65,65.39,647585.64,92.37
663683.58,94.73,65.47,647635.78,92.44
663683.58,94.73,65.47,647635.78,92.44
663683.58,94.73,65.47,647635.78,92.44
663683.58,94.73,65.47,647635.78,92.44
663385.45,94.82,65.57,647604.66,92.57
663089.65,94.92,65.66,647579.56,92.7
662935.9,94.93,65.67,647731.49,92.75
662825.23,95.02,65.76,647574.57,92.84
662527.1,95.12,65.86,648243.24,93.06
662672.22,95.2,65.94,648534.08,93.17
662672.22,95.2,65.94,648683.62,93.19
662404.05,95.3,66.04,648685.95,93.33
662105.92,95.39,66.14,648658.17,93.46
661729.51,95.4,66.15,648276.05,93.46
661431.39,95.5,66.24,648315.66,93.6
661431.39,95.5,66.24,648315.66,93.6
661133.26,95.59,66.34,648312.38,93.74
660837.45,95.69,66.43,648282.07,93.87
660726.79,95.78,66.53,648262.03,93.98
660726.79,95.78,66.53,648262.03,93.98
660616.89,95.88,66.62,648712.89,94.15
660505.45,95.98,66.72,648795.37,94.28
660237.27,96.08,66.82,648795.81,94.41
659853.48,96.09,66.83,648391.52,94.42
659555.35,96.18,66.93,648363.01,94.55
659555.35,96.18,66.93,648363.01,94.55
659555.35,96.18,66.93,648357.21,94.55
659445.46,96.28,67.03,648391.48,94.67
659147.33,96.38,67.12,648381.74,94.81
658851.52,96.48,67.22,648359.34,94.94
658740.86,96.58,67.32,648345.5,95.05
658630.96,96.67,67.42,648907.26,95.25
658519.52,96.77,67.52,649061.71,95.38
658439.58,96.88,67.62,649070.66,95.5
658661.07,96.96,67.71,649036.71,95.54
658661.07,96.96,67.71,649036.71,95.54
658551.17,97.06,67.81,649071.53,95.66
658111.56,97.08,67.82,649040.19,95.74
658258.23,97.16,67.91,649029.86,95.8
657962.43,97.26,68.01,649172.32,95.96
657663.53,97.36,68.11,649069.0,96.09
657553.63,97.46,68.21,649022.72,96.2
657554.81,97.46,68.21,649052.83,96.2
657554.81,97.46,68.21,649995.05,96.34
657255.13,97.56,68.31,650081.77,96.5
657255.13,97.56,68.31,650081.77,96.5
656986.96,97.67,68.42,650080.51,96.64
656612.16,97.68,68.43,649758.37,96.66
656314.03,97.78,68.53,649731.55,96.8
656314.03,97.78,68.53,649731.55,96.8
656314.03,97.78,68.53,649731.55,96.8
656015.9,97.88,68.63,649799.94,96.96
655717.77,97.99,68.73,649752.5,97.09
655610.2,98.09,68.84,649723.5,97.21
655499.53,98.19,68.94,650051.03,97.37
655201.41,98.29,69.04,649946.05,97.5
655089.96,98.4,69.15,650193.42,97.66
655089.96,98.4,69.15,650193.42,97.66
655240.7,98.5,69.25,650188.89,97.74
655130.81,98.6,69.35,650167.75,97.86
654832.68,98.71,69.46,650202.93,98.01
654832.68,98.71,69.46,650202.93,98.01
654722.79,98.81,69.56,650185.35,98.13
654722.79,98.81,69.56,650185.35,98.13
654754.25,98.91,69.66,650161.78,98.22
654455.35,99.02,69.77,650738.21,98.45
654484.49,99.12,69.87,650946.85,98.58
654184.82,99.22,69.98,651611.73,98.83
654184.82,99.22,69.98,651611.73,98.83
654184.82,99.22,69.98,651611.73,98.83
654184.82,99.22,69.98,651611.73,98.83
654190.11,99.22,69.98,651697.4,98.85
654190.11,99.22,69.98,651697.4,98.85
654190.11,99.22,69.98,651697.4,98.85
654190.11,99.22,69.98,651697.4,98.85
654190.11,99.22,69.98,651697.4,98.85
653892.85,99.23,69.98,651215.46,98.82
653892.85,99.23,69.98,651215.46,98.82
653892.85,99.23,69.98,651215.46,98.82
653892.85,99.23,69.98,651215.46,98.82
653892.85,99.23,69.98,651215.46,98.82
653892.85,99.23,69.98,651215.46,98.82
653892.85,99.23,69.98,651215.46,98.82
653892.85,99.23,69.98,651215.46,98.82
653892.85,99.23,69.98,651215.46,98.82
653892.85,99.23,69.98,651215.46,98.82
653892.85,99.23,69.98,651215.46,98.82
653892.85,99.23,69.98,651215.46,98.82
653595.58,99.23,69.98,651081.63,98.85
653595.58,99.23,69.98,651081.63,98.85
653595.58,99.23,69.98,651028.9,98.84
653595.58,99.23,69.98,651028.9,98.84
653306.38,99.24,69.99,650681.49,98.84
653306.38,99.24,69.99,650681.49,98.84
653306.38,99.24,69.99,650681.49,98.84
653306.38,99.24,69.99,650681.49,98.84
653306.38,99.24,69.99,650681.49,98.84
653306.38,99.24,69.99,650681.49,98.84
653306.38,99.24,69.99,650681.49,98.84
653306.38,99.24,69.99,650681.49,98.84
653306.38,99.24,69.99,650681.49,98.84
653306.38,99.24,69.99,650681.49,98.84
653306.38,99.24,69.99,650681.49,98.84
653306.38,99.24,69.99,650681.49,98.84
653306.38,99.24,69.99,650681.49,98.84
653306.38,99.24,69.99,650681.49,98.84
653306.38,99.24,69.99,650681.49,98.84
653306.38,99.24,69.99,650681.49,98.84
653306.38,99.24,69.99,650681.49,98.84
653306.38,99.24,69.99,650681.49,98.84
653087.85,99.24,69.99,650474.61,98.84
653091.67,99.24,69.99,650538.94,98.85
653091.67,99.24,69.99,650538.94,98.85
653091.67,99.24,69.99,650538.94,98.85
653091.67,99.24,69.99,650538.94,98.85
653091.67,99.24,69.99,650538.94,98.85
653091.67,99.24,69.99,650621.66,98.86
653091.67,99.24,69.99,650621.66,98.86
653091.67,99.24,69.99,650621.66,98.86
653091.67,99.24,69.99,650621.66,98.86
653098.73,99.24,69.99,650624.7,98.86
653098.73,99.24,69.99,650624.7,98.86
653098.73,99.24,69.99,650624.7,98.86
653098.73,99.24,69.99,650624.7,98.86
652882.0,99.24,69.99,650405.9,98.86
652882.0,99.24,69.99,650405.9,98.86
652882.0,99.24,69.99,650405.9,98.86
652882.0,99.24,69.99,650405.9,98.86
652882.0,99.24,69.99,650405.9,98.86
652882.0,99.24,69.99,650405.9,98.86
652882.0,99.24,69.99,650405.9,98.86
652882.0,99.24,69.99,650405.9,98.86
652882.0,99.24,69.99,650405.9,98.86
652882.0,99.24,69.99,650405.9,98.86
652882.0,99.24,69.99,650405.9,98.86
652882.0,99.24,69.99,650405.9,98.86
652882.0,99.24,69.99,650405.9,98.86
652723.77,99.24,69.99,650252.47,98.86
652723.77,99.24,69.99,650252.47,98.86
652723.77,99.24,69.99,650252.47,98.86
652565.14,99.24,69.99,650094.63,98.86
652565.14,99.24,69.99,650094.63,98.86
652565.14,99.24,69.99,650094.63,98.86
652565.14,99.24,69.99,650094.63,98.86
652565.14,99.24,69.99,650094.63,98.86
652565.14,99.24,69.99,650094.63,98.86
652565.14,99.24,69.99,650094.63,98.86
652565.14,99.24,69.99,650094.63,98.86
652565.14,99.24,69.99,650094.63,98.86
652565.14,99.24,69.99,650094.63,98.86
652565.14,99.24,69.99,650094.63,98.86
652565.14,99.24,69.99,650094.63,98.86
652408.93,99.24,69.99,649937.8,98.86
652408.93,99.24,69.99,649937.8,98.86
652408.93,99.24,69.99,649937.8,98.86
652408.93,99.24,69.99,649937.8,98.86
652408.93,99.24,69.99,649937.8,98.86
652408.93,99.24,69.99,649937.8,98.86
652408.93,99.24,69.99,649937.8,98.86
652408.93,99.24,69.99,649937.8,98.86
652408.93,99.24,69.99,649937.8,98.86
652408.93,99.24,69.99,649937.8,98.86
652250.7,99.24,69.99,649779.83,98.86
652250.7,99.24,69.99,649779.83,98.86
652250.7,99.24,69.99,649779.83,98.86
652250.7,99.24,69.99,649779.83,98.86
652250.7,99.24,69.99,649779.83,98.86
652250.7,99.24,69.99,649779.83,98.86
652250.7,99.24,69.99,649779.83,98.86
652250.7,99.24,69.99,649779.83,98.86
652250.7,99.24,69.99,649779.83,98.86
652250.7,99.24,69.99,649779.83,98.86
652250.7,99.24,69.99,649779.83,98.86
652250.7,99.24,69.99,649779.83,98.86
652250.7,99.24,69.99,649779.83,98.86
652250.7,99.24,69.99,649779.83,98.86
652250.7,99.24,69.99,649779.83,98.86
652250.7,99.24,69.99,649779.83,98.86
652250.7,99.24,69.99,649779.83,98.86
652250.7,99.24,69.99,649779.83,98.86
652250.7,99.24,69.99,649779.83,98.86
652250.7,99.24,69.99,649779.83,98.86
652250.7,99.24,69.99,649779.83,98.86
652250.7,99.24,69.99,649779.83,98.86
652250.7,99.24,69.99,649779.83,98.86
652250.7,99.24,69.99,649779.83,98.86
652250.7,99.24,69.99,649779.83,98.86
652250.7,99.24,69.99,649779.83,98.86
652250.7,99.24,69.99,649779.83,98.86
652250.7,99.24,69.99,649779.83,98.86
652250.7,99.24,69.99,649779.83,98.86
652250.7,99.24,69.99,649779.83,98.86
652250.7,99.24,69.99,649779.83,98.86
652250.7,99.24,69.99,649779.83,98.86
652250.7,99.24,69.99,649779.83,98.86
652250.7,99.24,69.99,649779.83,98.86
652250.7,99.24,69.99,649779.83,98.86
652250.7,99.24,69.99,649779.83,98.86
652250.7,99.24,69.99,649779.83,98.86
652250.7,99.24,69.99,649779.83,98.86
652250.7,99.24,69.99,649779.83,98.86
652250.7,99.24,69.99,649779.83,98.86
652250.7,99.24,69.99,649779.83,98.86
652250.7,99.24,69.99,649779.83,98.86
652250.7,99.24,69.99,649779.83,98.86
652250.7,99.24,69.99,649779.83,98.86
652250.7,99.24,69.99,649779.83,98.86
652250.7,99.24,69.99,649779.83,98.86
652250.7,99.24,69.99,649779.83,98.86
652250.7,99.24,69.99,649779.83,98.86
652250.7,99.24,69.99,649779.83,98.86
652250.7,99.24,69.99,649779.83,98.86
652250.7,99.24,69.99,649779.83,98.86
652250.7,99.24,69.99,649779.83,98.86
652250.7,99.24,69.99,649779.83,98.86
652250.7,99.24,69.99,649779.83,98.86
652250.7,99.24,69.99,649779.83,98.86
652250.7,99.24,69.99,649779.83,98.86
652250.7,99.24,69.99,649779.83,98.86
652250.7,99.24,69.99,649779.83,98.86
652250.7,99.24,69.99,649779.83,98.86
652250.7,99.24,69.99,649779.83,98.86
652250.7,99.24,69.99,649779.83,98.86
652250.7,99.24,69.99,649779.83,98.86
652250.7,99.24,69.99,649779.83,98.86
652250.7,99.24,69.99,649779.83,98.86
652250.7,99.24,69.99,649779.83,98.86
652250.7,99.24,69.99,649779.83,98.86
652250.7,99.24,69.99,649779.83,98.86
652250.7,99.24,69.99,649779.83,98.86
652250.7,99.24,69.99,649779.83,98.86
652250.7,99.24,69.99,649779.83,98.86
652250.7,99.24,69.99,649779.83,98.86
652250.7,99.24,69.99,649779.83,98.86
652250.7,99.24,69.99,649779.83,98.86
652250.7,99.24,69.99,649779.83,98.86
652250.7,99.24,69.99,649779.83,98.86
652250.7,99.24,69.99,649779.83,98.86
652250.7,99.24,69.99,649779.83,98.86
652250.7,99.24,69.99,649779.83,98.86
652250.7,99.24,69.99,649779.83,98.86
652250.7,99.24,69.99,649779.83,98.86
652250.7,99.24,69.99,649779.83,98.86
652250.7,99.24,69.99,649779.83,98.86
652250.7,99.24,69.99,649779.83,98.86
652250.7,99.24,69.99,649779.83,98.86
652250.7,99.24,69.99,649779.83,98.86
652250.7,99.24,69.99,649779.83,98.86
652250.7,99.24,69.99,649779.83,98.86
652250.7,99.24,69.99,649779.83,98.86
652250.7,99.24,69.99,649779.83,98.86
652250.7,99.24,69.99,649779.83,98.86
652250.7,99.24,69.99,649779.83,98.86
652250.7,99.24,69.99,649779.83,98.86
652250.7,99.24,69.99,649779.83,98.86
652250.7,99.24,69.99,649779.83,98.86
652250.7,99.24,69.99,649779.83,98.86
652250.7,99.24,69.99,649779.83,98.86
652250.7,99.24,69.99,649779.83,98.86
652250.7,99.24,69.99,649779.83,98.86
652250.7,99.24,69.99,649779.83,98.86
652250.7,99.24,69.99,649779.83,98.86
652250.7,99.24,69.99,649779.83,98.86
652250.7,99.24,69.99,649779.83,98.86
652250.7,99.24,69.99,649779.83,98.86
652250.7,99.24,69.99,649779.83,98.86
652250.7,99.24,69.99,649779.83,98.86
652250.7,99.24,69.99,649779.83,98.86
652250.7,99.24,69.99,649779.83,98.86
652250.7,99.24,69.99,649779.83,98.86
652250.7,99.24,69.99,649779.83,98.86
652250.7,99.24,69.99,649779.83,98.86
652250.7,99.24,69.99,649779.83,98.86
652250.7,99.24,69.99,649779.83,98.86
652250.7,99.24,69.99,649779.83,98.86
652250.7,99.24,69.99,649779.83,98.86
652250.7,99.24,69.99,649779.83,98.86
652250.7,99.24,69.99,649779.83,98.86
652250.7,99.24,69.99,649779.83,98.86
652250.7,99.24,69.99,649779.83,98.86
652250.7,99.24,69.99,649779.83,98.86
652250.7,99.24,69.99,649779.83,98.86
652250.7,99.24,69.99,649779.83,98.86
652250.7,99.24,69.99,649779.83,98.86
652250.7,99.24,69.99,649779.83,98.86
652250.7,99.24,69.99,649779.83,98.86
652250.7,99.24,69.99,649779.83,98.86
652250.7,99.24,69.99,649779.83,98.86
652250.7,99.24,69.99,649779.83,98.86
652250.7,99.24,69.99,649779.83,98.86
652250.7,99.24,69.99,649779.83,98.86
652250.7,99.24,69.99,649779.83,98.86
652250.7,99.24,69.99,649779.83,98.86
652250.7,99.24,69.99,649779.83,98.86
652250.7,99.24,69.99,649779.83,98.86
652250.7,99.24,69.99,649779.83,98.86
651931.47,99.24,69.99,649472.48,98.86
651931.47,99.24,69.99,649472.48,98.86
651931.47,99.24,69.99,649472.48,98.86
651936.95,99.24,69.99,649492.9,98.87
651936.95,99.24,69.99,649492.9,98.87
651936.95,99.24,69.99,649492.9,98.87
651936.95,99.24,69.99,649492.9,98.87
651936.95,99.24,69.99,649492.9,98.87
651936.95,99.24,69.99,649492.9,98.87
651936.95,99.24,69.99,649492.9,98.87
651936.95,99.24,69.99,649492.9,98.87
651936.95,99.24,69.99,649492.9,98.87
651936.95,99.24,69.99,649492.9,98.87
651936.95,99.24,69.99,649492.9,98.87
651936.95,99.24,69.99,649492.9,98.87
651936.95,99.24,69.99,649492.9,98.87
651936.95,99.24,69.99,649492.9,98.87
651936.95,99.24,69.99,649492.9,98.87
651936.95,99.24,69.99,649492.9,98.87
651936.95,99.24,69.99,649492.9,98.87
651936.95,99.24,69.99,649492.9,98.87
651936.95,99.24,69.99,649492.9,98.87
651936.95,99.24,69.99,649492.9,98.87
651936.95,99.24,69.99,649492.9,98.87
651936.95,99.24,69.99,649492.9,98.87
651936.95,99.24,69.99,649492.9,98.87
651936.95,99.24,69.99,649492.9,98.87
651936.95,99.24,69.99,649492.9,98.87
651936.95,99.24,69.99,649492.9,98.87
651936.95,99.24,69.99,649492.9,98.87
651936.95,99.24,69.99,649492.9,98.87
651936.95,99.24,69.99,649492.9,98.87
651936.95,99.24,69.99,649492.9,98.87
651936.95,99.24,69.99,649492.9,98.87
651936.95,99.24,69.99,649492.9,98.87
651936.95,99.24,69.99,649492.9,98.87
651936.95,99.24,69.99,649492.9,98.87
651936.95,99.24,69.99,649492.9,98.87
651936.95,99.24,69.99,649492.9,98.87
651936.95,99.24,69.99,649492.9,98.87
651936.95,99.24,69.99,649492.9,98.87
651936.95,99.24,69.99,649492.9,98.87
651936.95,99.24,69.99,649492.9,98.87
651936.95,99.24,69.99,649492.9,98.87
651936.95,99.24,69.99,649492.9,98.87
651936.95,99.24,69.99,649492.9,98.87
651936.95,99.24,69.99,649492.9,98.87
651936.95,99.24,69.99,649492.9,98.87
651829.7,99.24,69.99,649384.83,98.87
651829.7,99.24,69.99,649384.83,98.87
651829.7,99.24,69.99,649384.83,98.87
651829.7,99.24,69.99,649384.83,98.87
651829.7,99.24,69.99,649384.83,98.87
651829.7,99.24,69.99,649384.83,98.87
651829.7,99.24,69.99,649384.83,98.87
651829.7,99.24,69.99,649384.83,98.87
651829.7,99.24,69.99,649384.83,98.87
651829.7,99.24,69.99,649384.83,98.87
651829.7,99.24,69.99,649384.83,98.87
651829.7,99.24,69.99,649384.83,98.87
651829.7,99.24,69.99,649384.83,98.87
651675.55,99.24,69.99,649226.1,98.87
651675.55,99.24,69.99,649226.1,98.87
651675.55,99.24,69.99,649226.1,98.87
651675.55,99.24,69.99,649226.1,98.87
651675.55,99.24,69.99,649226.1,98.87
650679.43,99.24,69.99,648230.71,98.87
650679.43,99.24,69.99,648230.71,98.87
650679.43,99.24,69.99,648230.71,98.87
650679.43,99.24,69.99,648230.71,98.87
650679.43,99.24,69.99,648230.71,98.87
650679.43,99.24,69.99,648230.71,98.87
650679.43,99.24,69.99,648230.71,98.87
650679.43,99.24,69.99,648230.71,98.87
650679.43,99.24,69.99,648230.71,98.87
650679.43,99.24,69.99,648230.71,98.87
650679.43,99.24,69.99,648230.71,98.87
650679.43,99.24,69.99,648230.71,98.87
650679.43,99.24,69.99,648230.71,98.87
650679.43,99.24,69.99,648230.71,98.87
650679.43,99.24,69.99,648230.71,98.87
650679.43,99.24,69.99,648230.71,98.87
650679.43,99.24,69.99,648230.71,98.87
650679.43,99.24,69.99,648230.71,98.87
650679.43,99.24,69.99,648230.71,98.87
650679.43,99.24,69.99,648230.71,98.87
650679.43,99.24,69.99,648230.71,98.87
650679.43,99.24,69.99,648230.71,98.87
650679.43,99.24,69.99,648230.71,98.87
650679.43,99.24,69.99,648230.71,98.87
650679.43,99.24,69.99,648230.71,98.87
650679.43,99.24,69.99,648230.71,98.87
650679.43,99.24,69.99,648230.71,98.87
650679.43,99.24,69.99,648230.71,98.87
650679.43,99.24,69.99,648230.71,98.87
650679.43,99.24,69.99,648230.71,98.87
650679.43,99.24,69.99,648230.71,98.87
650679.43,99.24,69.99,648230.71,98.87
650679.43,99.24,69.99,648230.71,98.87
650679.43,99.24,69.99,648230.71,98.87
650679.43,99.24,69.99,648230.71,98.87
650679.43,99.24,69.99,648230.71,98.87
650679.43,99.24,69.99,648230.71,98.87
650679.43,99.24,69.99,648230.71,98.87
650679.43,99.24,69.99,648230.71,98.87
650679.43,99.24,69.99,648230.71,98.87
650679.43,99.24,69.99,648230.71,98.87
650679.43,99.24,69.99,648230.71,98.87
650679.43,99.24,69.99,648230.71,98.87
650679.43,99.24,69.99,648230.71,98.87
650679.43,99.24,69.99,648230.71,98.87
650679.43,99.24,69.99,648230.71,98.87
650679.43,99.24,69.99,648230.71,98.87
650679.43,99.24,69.99,648230.71,98.87
650679.43,99.24,69.99,648230.71,98.87
650679.43,99.24,69.99,648230.71,98.87
650679.43,99.24,69.99,648230.71,98.87
650679.43,99.24,69.99,648230.71,98.87
650679.43,99.24,69.99,648230.71,98.87
650679.43,99.24,69.99,648230.71,98.87
650679.43,99.24,69.99,648230.71,98.87
650679.43,99.24,69.99,648230.71,98.87
650679.43,99.24,69.99,648230.71,98.87
650679.43,99.24,69.99,648230.71,98.87
650679.43,99.24,69.99,648230.71,98.87
650679.43,99.24,69.99,648230.71,98.87
650679.43,99.24,69.99,648230.71,98.87
650679.43,99.24,69.99,648230.71,98.87
650679.43,99.24,69.99,648230.71,98.87
650679.43,99.24,69.99,648230.71,98.87
650679.43,99.24,69.99,648230.71,98.87
650679.43,99.24,69.99,648230.71,98.87
650679.43,99.24,69.99,648230.71,98.87
650679.43,99.24,69.99,648230.71,98.87
650679.43,99.24,69.99,648230.71,98.87
650679.43,99.24,69.99,648230.71,98.87
650679.43,99.24,69.99,648230.71,98.87
650679.43,99.24,69.99,648230.71,98.87
650679.43,99.24,69.99,648230.71,98.87
650679.43,99.24,69.99,648230.71,98.87
650679.43,99.24,69.99,648230.71,98.87
650679.43,99.24,69.99,648230.71,98.87
650679.43,99.24,69.99,648230.71,98.87
650679.43,99.24,69.99,648230.71,98.87
650679.43,99.24,69.99,648230.71,98.87
650679.43,99.24,69.99,648230.71,98.87
650679.43,99.24,69.99,648230.71,98.87
650679.43,99.24,69.99,648230.71,98.87
650679.43,99.24,69.99,648230.71,98.87
650679.43,99.24,69.99,648230.71,98.87
650679.43,99.24,69.99,648230.71,98.87
650679.43,99.24,69.99,648230.71,98.87
650679.43,99.24,69.99,648230.71,98.87
650679.43,99.24,69.99,648230.71,98.87
650679.43,99.24,69.99,648230.71,98.87
650679.43,99.24,69.99,648230.71,98.87
650679.43,99.24,69.99,648230.71,98.87
650679.43,99.24,69.99,648230.71,98.87
650679.43,99.24,69.99,648230.71,98.87
650679.43,99.24,69.99,648230.71,98.87
650679.43,99.24,69.99,648230.71,98.87
650679.43,99.24,69.99,648230.71,98.87
650679.43,99.24,69.99,648230.71,98.87
650679.43,99.24,69.99,648230.71,98.87
650679.43,99.24,69.99,648230.71,98.87
650679.43,99.24,69.99,648230.71,98.87
650679.43,99.24,69.99,648230.71,98.87
650679.43,99.24,69.99,648230.71,98.87
650679.43,99.24,69.99,648230.71,98.87
650679.43,99.24,69.99,648230.71,98.87
650679.43,99.24,69.99,648230.71,98.87
650679.43,99.24,69.99,648230.71,98.87
650679.43,99.24,69.99,648230.71,98.87
650679.43,99.24,69.99,648230.71,98.87
650679.43,99.24,69.99,648230.71,98.87
650679.43,99.24,69.99,648230.71,98.87
650629.43,99.24,69.99,648180.71,98.87
650629.43,99.24,69.99,648180.71,98.87
650629.43,99.24,69.99,648180.71,98.87
650629.43,99.24,69.99,648180.71,98.87
650629.43,99.24,69.99,648180.71,98.87
650629.43,99.24,69.99,648180.71,98.87
650629.43,99.24,69.99,648180.71,98.87
650629.43,99.24,69.99,648180.71,98.87
650629.43,99.24,69.99,648180.71,98.87
650474.73,99.24,69.99,648026.82,98.87
650474.73,99.24,69.99,648026.82,98.87
650474.73,99.24,69.99,648026.82,98.87
650474.73,99.24,69.99,648026.82,98.87
650474.73,99.24,69.99,648026.82,98.87
650474.73,99.24,69.99,648026.82,98.87
650474.73,99.24,69.99,648026.82,98.87
650474.73,99.24,69.99,648026.82,98.87
650474.73,99.24,69.99,648026.82,98.87
650474.73,99.24,69.99,648026.82,98.87
650474.73,99.24,69.99,648026.82,98.87
650474.73,99.24,69.99,648026.82,98.87
650474.73,99.24,69.99,648026.82,98.87
650474.73,99.24,69.99,648026.82,98.87
650474.73,99.24,69.99,648026.82,98.87
650474.73,99.24,69.99,648026.82,98.87
650474.73,99.24,69.99,648026.82,98.87
650474.73,99.24,69.99,648026.82,98.87
650474.73,99.24,69.99,648026.82,98.87
650474.73,99.24,69.99,648026.82,98.87
650474.73,99.24,69.99,648026.82,98.87
650474.73,99.24,69.99,648026.82,98.87
650474.73,99.24,69.99,648026.82,98.87
650474.73,99.24,69.99,648026.82,98.87
650474.73,99.24,69.99,648026.82,98.87
650474.73,99.24,69.99,648026.82,98.87
650474.73,99.24,69.99,648026.82,98.87
650474.73,99.24,69.99,648026.82,98.87
650474.73,99.24,69.99,648026.82,98.87
650474.73,99.24,69.99,648026.82,98.87
650474.73,99.24,69.99,648026.82,98.87
650474.73,99.24,69.99,648026.82,98.87
650474.73,99.24,69.99,648026.82,98.87
650474.73,99.24,69.99,648026.82,98.87
650474.73,99.24,69.99,648026.82,98.87
650474.73,99.24,69.99,648026.82,98.87
650474.73,99.24,69.99,648026.82,98.87
650474.73,99.24,69.99,648026.82,98.87
650474.73,99.24,69.99,648026.82,98.87
650474.73,99.24,69.99,648026.82,98.87
650474.73,99.24,69.99,648026.82,98.87
650474.73,99.24,69.99,648026.82,98.87
650474.73,99.24,69.99,648026.82,98.87
650474.73,99.24,69.99,648026.82,98.87
650474.73,99.24,69.99,648026.82,98.87
650474.73,99.24,69.99,648026.82,98.87
650474.73,99.24,69.99,648026.82,98.87
650474.73,99.24,69.99,648026.82,98.87
650474.73,99.24,69.99,648026.82,98.87
650474.73,99.24,69.99,648026.82,98.87
650474.73,99.24,69.99,648026.82,98.87
650474.73,99.24,69.99,648026.82,98.87
650474.73,99.24,69.99,648026.82,98.87
650474.73,99.24,69.99,648026.82,98.87
650474.73,99.24,69.99,648026.82,98.87
650474.73,99.24,69.99,648026.82,98.87
650474.73,99.24,69.99,648026.82,98.87
650474.73,99.24,69.99,648026.82,98.87
650474.73,99.24,69.99,648026.82,98.87
650317.62,99.24,69.99,647868.86,98.87
650317.62,99.24,69.99,647868.86,98.87
650317.62,99.24,69.99,647868.86,98.87
650317.62,99.24,69.99,647868.86,98.87
650317.62,99.24,69.99,647868.86,98.87
650317.62,99.24,69.99,647868.86,98.87
650317.62,99.24,69.99,647868.86,98.87
650317.62,99.24,69.99,647868.86,98.87
650317.62,99.24,69.99,647868.86,98.87
650317.62,99.24,69.99,647868.86,98.87
650317.62,99.24,69.99,647868.86,98.87
650317.62,99.24,69.99,647868.86,98.87
650317.62,99.24,69.99,647868.86,98.87
650317.62,99.24,69.99,647868.86,98.87
650317.62,99.24,69.99,647868.86,98.87
650317.62,99.24,69.99,647868.86,98.87
650317.62,99.24,69.99,647868.86,98.87
650317.62,99.24,69.99,647868.86,98.87
650317.62,99.24,69.99,647868.86,98.87
650317.62,99.24,69.99,647868.86,98.87
650317.62,99.24,69.99,647868.86,98.87
650317.62,99.24,69.99,647868.86,98.87
650317.62,99.24,69.99,647868.86,98.87
650317.62,99.24,69.99,647868.86,98.87
650317.62,99.24,69.99,647868.86,98.87
650317.62,99.24,69.99,647868.86,98.87
650317.62,99.24,69.99,647868.86,98.87
650317.62,99.24,69.99,647868.86,98.87
650317.62,99.24,69.99,647868.86,98.87
650317.62,99.24,69.99,647868.86,98.87
650317.62,99.24,69.99,647868.86,98.87
650317.62,99.24,69.99,647868.86,98.87
650317.62,99.24,69.99,647868.86,98.87
650317.62,99.24,69.99,647868.86,98.87
650317.62,99.24,69.99,647868.86,98.87
650317.62,99.24,69.99,647868.86,98.87
650317.62,99.24,69.99,647868.86,98.87
650317.62,99.24,69.99,647868.86,98.87
650317.62,99.24,69.99,647868.86,98.87
650213.1,99.24,70.0,647761.36,98.87
650213.1,99.24,70.0,647761.36,98.87
650213.1,99.24,70.0,647761.36,98.87
650213.1,99.24,70.0,647761.36,98.87
650213.1,99.24,70.0,647761.36,98.87
650213.1,99.24,70.0,647761.36,98.87
650213.1,99.24,70.0,647761.36,98.87
650213.1,99.24,70.0,647761.36,98.87
650213.1,99.24,70.0,647761.36,98.87
650213.1,99.24,70.0,647761.36,98.87
650213.1,99.24,70.0,647761.36,98.87
650213.1,99.24,70.0,647761.36,98.87
650213.1,99.24,70.0,647761.36,98.87
650213.1,99.24,70.0,647761.36,98.87
650213.1,99.24,70.0,647761.36,98.87
650213.1,99.24,70.0,647761.36,98.87
650213.1,99.24,70.0,647761.36,98.87
650213.1,99.24,70.0,647761.36,98.87
650213.1,99.24,70.0,647761.36,98.87
650213.1,99.24,70.0,647761.36,98.87
650213.1,99.24,70.0,647761.36,98.87
650213.1,99.24,70.0,647761.36,98.87
650213.1,99.24,70.0,647761.36,98.87
650213.1,99.24,70.0,647761.36,98.87
650213.1,99.24,70.0,647761.36,98.87
650213.1,99.24,70.0,647761.36,98.87
650213.1,99.24,70.0,647761.36,98.87
650213.1,99.24,70.0,647761.36,98.87
650213.1,99.24,70.0,647761.36,98.87
650213.1,99.24,70.0,647761.36,98.87
650213.1,99.24,70.0,647761.36,98.87
650213.1,99.24,70.0,647761.36,98.87
650213.1,99.24,70.0,647761.36,98.87
650213.1,99.24,70.0,647761.36,98.87
650213.1,99.24,70.0,647761.36,98.87
650213.1,99.24,70.0,647761.36,98.87
650213.1,99.24,70.0,647761.36,98.87
650213.1,99.24,70.0,647761.36,98.87
650213.1,99.24,70.0,647761.36,98.87
650213.1,99.24,70.0,647761.36,98.87
650213.1,99.24,70.0,647761.36,98.87
650213.1,99.24,70.0,647761.36,98.87
650213.1,99.24,70.0,647761.36,98.87
650213.1,99.24,70.0,647761.36,98.87
650213.1,99.24,70.0,647761.36,98.87
650213.1,99.24,70.0,647761.36,98.87
650213.1,99.24,70.0,647761.36,98.87
650213.1,99.24,70.0,647761.36,98.87
650213.1,99.24,70.0,647761.36,98.87
650213.1,99.24,70.0,647761.36,98.87
650213.1,99.24,70.0,647761.36,98.87
650213.1,99.24,70.0,647761.36,98.87
650213.1,99.24,70.0,647761.36,98.87
650213.1,99.24,70.0,647761.36,98.87
650213.1,99.24,70.0,647761.36,98.87
650213.1,99.24,70.0,647761.36,98.87
650213.1,99.24,70.0,647761.36,98.87
650213.1,99.24,70.0,647761.36,98.87
650213.1,99.24,70.0,647761.36,98.87
650213.1,99.24,70.0,647761.36,98.87
650213.1,99.24,70.0,647761.36,98.87
650213.1,99.24,70.0,647761.36,98.87
650213.1,99.24,70.0,647761.36,98.87
650213.1,99.24,70.0,647761.36,98.87
650213.1,99.24,70.0,647761.36,98.87
650213.1,99.24,70.0,647761.36,98.87
650213.1,99.24,70.0,647761.36,98.87
650213.1,99.24,70.0,647761.36,98.87
650213.1,99.24,70.0,647761.36,98.87
650213.1,99.24,70.0,647761.36,98.87
650213.1,99.24,70.0,647761.36,98.87
650213.1,99.24,70.0,647761.36,98.87
650213.1,99.24,70.0,647761.36,98.87
650213.1,99.24,70.0,647761.36,98.87
650213.1,99.24,70.0,647761.36,98.87
650213.1,99.24,70.0,647761.36,98.87
650213.1,99.24,70.0,647761.36,98.87
650213.1,99.24,70.0,647761.36,98.87
650213.1,99.24,70.0,647761.36,98.87
650213.1,99.24,70.0,647761.36,98.87
650213.1,99.24,70.0,647761.36,98.87
650213.1,99.24,70.0,647761.36,98.87
650213.1,99.24,70.0,647761.36,98.87
650213.1,99.24,70.0,647761.36,98.87
650213.1,99.24,70.0,647761.36,98.87
650213.1,99.24,70.0,647761.36,98.87
650213.1,99.24,70.0,647761.36,98.87
650213.1,99.24,70.0,647761.36,98.87
650213.1,99.24,70.0,647761.36,98.87
650213.1,99.24,70.0,647761.36,98.87
650213.1,99.24,70.0,647761.36,98.87
650213.1,99.24,70.0,647761.36,98.87
650213.1,99.24,70.0,647761.36,98.87
650213.1,99.24,70.0,647761.36,98.87
650213.1,99.24,70.0,647761.36,98.87
650213.1,99.24,70.0,647761.36,98.87
650213.1,99.24,70.0,647761.36,98.87
650213.1,99.24,70.0,647761.36,98.87
650213.1,99.24,70.0,647761.36,98.87
650213.1,99.24,70.0,647761.36,98.87
650213.1,99.24,70.0,647761.36,98.87
650213.1,99.24,70.0,647761.36,98.87
650213.1,99.24,70.0,647761.36,98.87
650213.1,99.24,70.0,647761.36,98.87
650213.1,99.24,70.0,647761.36,98.87
650213.1,99.24,70.0,647761.36,98.87
650213.1,99.24,70.0,647761.36,98.87
650213.1,99.24,70.0,647761.36,98.87
650213.1,99.24,70.0,647761.36,98.87
650213.1,99.24,70.0,647761.36,98.87
650213.1,99.24,70.0,647761.36,98.87
650213.1,99.24,70.0,647761.36,98.87
650213.1,99.24,70.0,647761.36,98.87
650213.1,99.24,70.0,647761.36,98.87
650213.1,99.24,70.0,647761.36,98.87
650213.1,99.24,70.0,647761.36,98.87
650213.1,99.24,70.0,647761.36,98.87
650213.1,99.24,70.0,647761.36,98.87
650213.1,99.24,70.0,647761.36,98.87
650213.1,99.24,70.0,647761.36,98.87
650213.1,99.24,70.0,647761.36,98.87
650213.1,99.24,70.0,647761.36,98.87
650213.1,99.24,70.0,647761.36,98.87
650213.1,99.24,70.0,647761.36,98.87
650213.1,99.24,70.0,647761.36,98.87
650213.1,99.24,70.0,647761.36,98.87
650213.1,99.24,70.0,647761.36,98.87
650213.1,99.24,70.0,647761.36,98.87
650213.1,99.24,70.0,647761.36,98.87
650213.1,99.24,70.0,647761.36,98.87
650213.1,99.24,70.0,647761.36,98.87
650213.1,99.24,70.0,647761.36,98.87
650213.1,99.24,70.0,647761.36,98.87
650213.1,99.24,70.0,647761.36,98.87
650213.1,99.24,70.0,647761.36,98.87
650213.1,99.24,70.0,647761.36,98.87
650213.1,99.24,70.0,647761.36,98.87
650213.1,99.24,70.0,647761.36,98.87
650213.1,99.24,70.0,647761.36,98.87
650213.1,99.24,70.0,647761.36,98.87
650213.1,99.24,70.0,647761.36,98.87
650213.1,99.24,70.0,647761.36,98.87
650213.1,99.24,70.0,647761.36,98.87
650213.1,99.24,70.0,647761.36,98.87
650213.1,99.24,70.0,647761.36,98.87
650213.1,99.24,70.0,647761.36,98.87
650213.1,99.24,70.0,647761.36,98.87
650213.1,99.24,70.0,647761.36,98.87
650213.1,99.24,70.0,647761.36,98.87
650213.1,99.24,70.0,647761.36,98.87
650213.1,99.24,70.0,647761.36,98.87
650213.1,99.24,70.0,647761.36,98.87
650213.1,99.24,70.0,647761.36,98.87
650213.1,99.24,70.0,647761.36,98.87
650213.1,99.24,70.0,647761.36,98.87
650213.1,99.24,70.0,647761.36,98.87
650213.1,99.24,70.0,647761.36,98.87
650213.1,99.24,70.0,647761.36,98.87
650213.1,99.24,70.0,647761.36,98.87
650213.1,99.24,70.0,647761.36,98.87
650213.1,99.24,70.0,647761.36,98.87
650213.1,99.24,70.0,647761.36,98.87
650213.1,99.24,70.0,647761.36,98.87
650213.1,99.24,70.0,647761.36,98.87
650213.1,99.24,70.0,647761.36,98.87
650213.1,99.24,70.0,647761.36,98.87
650213.1,99.24,70.0,647761.36,98.87
650213.1,99.24,70.0,647761.36,98.87
650213.1,99.24,70.0,647761.36,98.87
650213.1,99.24,70.0,647761.36,98.87
650213.1,99.24,70.0,647761.36,98.87
650213.1,99.24,70.0,647761.36,98.87
650213.1,99.24,70.0,647761.36,98.87
650213.1,99.24,70.0,647761.36,98.87
650213.1,99.24,70.0,647761.36,98.87
650213.1,99.24,70.0,647761.36,98.87
650213.1,99.24,70.0,647761.36,98.87
650213.1,99.24,70.0,647761.36,98.87
650213.1,99.24,70.0,647761.36,98.87
650213.1,99.24,70.0,647761.36,98.87
650213.1,99.24,70.0,647761.36,98.87
650213.1,99.24,70.0,647761.36,98.87
650213.1,99.24,70.0,647761.36,98.87
650213.1,99.24,70.0,647761.36,98.87
650213.1,99.24,70.0,647761.36,98.87
650213.1,99.24,70.0,647761.36,98.87
650213.1,99.24,70.0,647761.36,98.87
650213.1,99.24,70.0,647761.36,98.87
650213.1,99.24,70.0,647761.36,98.87
650213.1,99.24,70.0,647761.36,98.87
650213.1,99.24,70.0,647761.36,98.87
650213.1,99.24,70.0,647761.36,98.87
650213.1,99.24,70.0,647761.36,98.87
650213.1,99.24,70.0,647761.36,98.87
650213.1,99.24,70.0,647761.36,98.87
650213.1,99.24,70.0,647761.36,98.87
650213.1,99.24,70.0,647761.36,98.87
650213.1,99.24,70.0,647761.36,98.87
650213.1,99.24,70.0,647761.36,98.87
650213.1,99.24,70.0,647761.36,98.87
650213.1,99.24,70.0,647761.36,98.87
650213.1,99.24,70.0,647761.36,98.87
650213.1,99.24,70.0,647761.36,98.87
650213.1,99.24,70.0,647761.36,98.87
650213.1,99.24,70.0,647761.36,98.87
650213.1,99.24,70.0,647761.36,98.87
650213.1,99.24,70.0,647761.36,98.87
650213.1,99.24,70.0,647761.36,98.87
650213.1,99.24,70.0,647761.36,98.87
650213.1,99.24,70.0,647761.36,98.87
650213.1,99.24,70.0,647761.36,98.87
650213.1,99.24,70.0,647761.36,98.87
650213.1,99.24,70.0,647761.36,98.87
650213.1,99.24,70.0,647761.36,98.87
650213.1,99.24,70.0,647761.36,98.87
650213.1,99.24,70.0,647761.36,98.87
650213.1,99.24,70.0,647761.36,98.87
650213.1,99.24,70.0,647761.36,98.87
650213.1,99.24,70.0,647761.36,98.87
650213.1,99.24,70.0,647761.36,98.87
650213.1,99.24,70.0,647761.36,98.87
650213.1,99.24,70.0,647761.36,98.87
650213.1,99.24,70.0,647761.36,98.87
650213.1,99.24,70.0,647761.36,98.87
650213.1,99.24,70.0,647761.36,98.87
650213.1,99.24,70.0,647761.36,98.87
650213.1,99.24,70.0,647761.36,98.87
650213.1,99.24,70.0,647761.36,98.87
650213.1,99.24,70.0,647761.36,98.87
650213.1,99.24,70.0,647761.36,98.87
650213.1,99.24,70.0,647761.36,98.87
650213.1,99.24,70.0,647761.36,98.87
650213.1,99.24,70.0,647761.36,98.87
650213.1,99.24,70.0,647761.36,98.87
650213.1,99.24,70.0,647761.36,98.87
650213.1,99.24,70.0,647761.36,98.87
650213.1,99.24,70.0,647761.36,98.87
650213.1,99.24,70.0,647761.36,98.87
650213.1,99.24,70.0,647761.36,98.87
650213.1,99.24,70.0,647761.36,98.87
650213.1,99.24,70.0,647761.36,98.87
650213.1,99.24,70.0,647761.36,98.87
650213.1,99.24,70.0,647761.36,98.87
650213.1,99.24,70.0,647761.36,98.87
650213.1,99.24,70.0,647761.36,98.87
650213.1,99.24,70.0,647761.36,98.87
650213.1,99.24,70.0,647761.36,98.87
650213.1,99.24,70.0,647761.36,98.87
650213.1,99.24,70.0,647761.36,98.87
650213.1,99.24,70.0,647761.36,98.87
650213.1,99.24,70.0,647761.36,98.87
650213.1,99.24,70.0,647761.36,98.87
650213.1,99.24,70.0,647761.36,98.87
650213.1,99.24,70.0,647761.36,98.87
650213.1,99.24,70.0,647761.36,98.87
650213.1,99.24,70.0,647761.36,98.87
650213.1,99.24,70.0,647761.36,98.87
650213.1,99.24,70.0,647761.36,98.87
650213.1,99.24,70.0,647761.36,98.87
650213.1,99.24,70.0,647761.36,98.87
650213.1,99.24,70.0,647761.36,98.87
650213.1,99.24,70.0,647761.36,98.87
650213.1,99.24,70.0,647761.36,98.87
650213.1,99.24,70.0,647761.36,98.87
650213.1,99.24,70.0,647761.36,98.87
650213.1,99.24,70.0,647761.36,98.87
650213.1,99.24,70.0,647761.36,98.87
650213.1,99.24,70.0,647761.36,98.87
650213.1,99.24,70.0,647761.36,98.87
650213.1,99.24,70.0,647761.36,98.87
650213.1,99.24,70.0,647761.36,98.87
650213.1,99.24,70.0,647761.36,98.87
650055.85,99.24,70.0,647603.38,98.87
650055.85,99.24,70.0,647603.38,98.87
650055.85,99.24,70.0,647603.38,98.87
650055.85,99.24,70.0,647603.38,98.87
650055.85,99.24,70.0,647603.38,98.87
650055.85,99.24,70.0,647603.38,98.87
650055.85,99.24,70.0,647603.38,98.87
650055.85,99.24,70.0,647603.38,98.87
650055.85,99.24,70.0,647603.38,98.87
650055.85,99.24,70.0,647603.38,98.87
650055.85,99.24,70.0,647603.38,98.87
650055.85,99.24,70.0,647603.38,98.87
650055.85,99.24,70.0,647603.38,98.87
650055.85,99.24,70.0,647603.38,98.87
650055.85,99.24,70.0,647603.38,98.87
650055.85,99.24,70.0,647603.38,98.87
650055.85,99.24,70.0,647603.38,98.87
650055.85,99.24,70.0,647603.38,98.87
650055.85,99.24,70.0,647603.38,98.87
650055.85,99.24,70.0,647603.38,98.87
650055.85,99.24,70.0,647603.38,98.87
650055.85,99.24,70.0,647603.38,98.87
650055.85,99.24,70.0,647603.38,98.87
650055.85,99.24,70.0,647603.38,98.87
650055.85,99.24,70.0,647603.38,98.87
650055.85,99.24,70.0,647603.38,98.87
650055.85,99.24,70.0,647603.38,98.87
650055.85,99.24,70.0,647603.38,98.87
650055.85,99.24,70.0,647603.38,98.87
650055.85,99.24,70.0,647603.38,98.87
650055.85,99.24,70.0,647603.38,98.87
650055.85,99.24,70.0,647603.38,98.87
650055.85,99.24,70.0,647603.38,98.87
650055.85,99.24,70.0,647603.38,98.87
650055.85,99.24,70.0,647603.38,98.87
650055.85,99.24,70.0,647603.38,98.87
650055.85,99.24,70.0,647603.38,98.87
650055.85,99.24,70.0,647603.38,98.87
650055.85,99.24,70.0,647603.38,98.87
650055.85,99.24,70.0,647603.38,98.87
650055.85,99.24,70.0,647603.38,98.87
650055.85,99.24,70.0,647603.38,98.87
650055.85,99.24,70.0,647603.38,98.87
650055.85,99.24,70.0,647603.38,98.87
650055.85,99.24,70.0,647603.38,98.87
650055.85,99.24,70.0,647603.38,98.87
650055.85,99.24,70.0,647603.38,98.87
650055.85,99.24,70.0,647603.38,98.87
650055.85,99.24,70.0,647603.38,98.87
650055.85,99.24,70.0,647603.38,98.87
650055.85,99.24,70.0,647603.38,98.87
650055.85,99.24,70.0,647603.38,98.87
650055.85,99.24,70.0,647603.38,98.87
650055.85,99.24,70.0,647603.38,98.87
650055.85,99.24,70.0,647603.38,98.87
650055.85,99.24,70.0,647603.38,98.87
650055.85,99.24,70.0,647603.38,98.87
650055.85,99.24,70.0,647603.38,98.87
650055.85,99.24,70.0,647603.38,98.87
650055.85,99.24,70.0,647603.38,98.87
650055.85,99.24,70.0,647603.38,98.87
650055.85,99.24,70.0,647603.38,98.87
650055.85,99.24,70.0,647603.38,98.87
650055.85,99.24,70.0,647603.38,98.87
650055.85,99.24,70.0,647603.38,98.87
650055.85,99.24,70.0,647603.38,98.87
650062.82,99.24,70.0,647630.4,98.87
650062.82,99.24,70.0,647630.4,98.87
650062.82,99.24,70.0,647630.4,98.87
650062.82,99.24,70.0,647630.4,98.87
650062.82,99.24,70.0,647630.4,98.87
650062.82,99.24,70.0,647630.4,98.87
650062.82,99.24,70.0,647630.4,98.87
650062.82,99.24,70.0,647630.4,98.87
650062.82,99.24,70.0,647630.4,98.87
650062.82,99.24,70.0,647630.4,98.87
650062.82,99.24,70.0,647630.4,98.87
650062.82,99.24,70.0,647630.4,98.87
650062.82,99.24,70.0,647630.4,98.87
649905.57,99.24,70.0,647472.33,98.87
649905.57,99.24,70.0,647472.33,98.87
649905.57,99.24,70.0,647472.33,98.87
649905.57,99.24,70.0,647472.33,98.87
649905.57,99.24,70.0,647472.33,98.87
649905.57,99.24,70.0,647472.33,98.87
649905.57,99.24,70.0,647472.33,98.87
649905.57,99.24,70.0,647472.33,98.87
649905.57,99.24,70.0,647472.33,98.87
649905.57,99.24,70.0,647472.33,98.87
649905.57,99.24,70.0,647472.33,98.87
649905.57,99.24,70.0,647472.33,98.87
649905.57,99.24,70.0,647472.33,98.87
649905.57,99.24,70.0,647472.33,98.87
649905.57,99.24,70.0,647472.33,98.87
649905.57,99.24,70.0,647472.33,98.87
649905.57,99.24,70.0,647472.33,98.87
649905.57,99.24,70.0,647472.33,98.87
649905.57,99.24,70.0,647472.33,98.87
649905.57,99.24,70.0,647472.33,98.87
649905.57,99.24,70.0,647472.33,98.87
649905.57,99.24,70.0,647472.33,98.87
649905.57,99.24,70.0,647472.33,98.87
649905.57,99.24,70.0,647472.33,98.87
649905.57,99.24,70.0,647472.33,98.87
649905.57,99.24,70.0,647472.33,98.87
649905.57,99.24,70.0,647472.33,98.87
649905.57,99.24,70.0,647472.33,98.87
649905.57,99.24,70.0,647472.33,98.87
649905.57,99.24,70.0,647472.33,98.87
649905.57,99.24,70.0,647472.33,98.87
649905.57,99.24,70.0,647472.33,98.87
649905.57,99.24,70.0,647472.33,98.87
649905.57,99.24,70.0,647472.33,98.87
649905.57,99.24,70.0,647472.33,98.87
649905.57,99.24,70.0,647472.33,98.87
649905.57,99.24,70.0,647472.33,98.87
649905.57,99.24,70.0,647472.33,98.87
649905.57,99.24,70.0,647472.33,98.87
649905.57,99.24,70.0,647472.33,98.87
649905.57,99.24,70.0,647472.33,98.87
649905.57,99.24,70.0,647472.33,98.87
649905.57,99.24,70.0,647472.33,98.87
649905.57,99.24,70.0,647472.33,98.87
649905.57,99.24,70.0,647472.33,98.87
649905.57,99.24,70.0,647472.33,98.87
649905.57,99.24,70.0,647472.33,98.87
649905.57,99.24,70.0,647472.33,98.87
649905.57,99.24,70.0,647472.33,98.87
649905.57,99.24,70.0,647472.33,98.87
649905.57,99.24,70.0,647472.33,98.87
649905.57,99.24,70.0,647472.33,98.87
649905.57,99.24,70.0,647472.33,98.87
649905.57,99.24,70.0,647472.33,98.87
649905.57,99.24,70.0,647472.33,98.87
649905.57,99.24,70.0,647472.33,98.87
649905.57,99.24,70.0,647472.33,98.87
649905.57,99.24,70.0,647472.33,98.87
649905.57,99.24,70.0,647472.33,98.87
649905.57,99.24,70.0,647472.33,98.87
649905.57,99.24,70.0,647472.33,98.87
649905.57,99.24,70.0,647472.33,98.87
649905.57,99.24,70.0,647472.33,98.87
649905.57,99.24,70.0,647472.33,98.87
649905.57,99.24,70.0,647472.33,98.87
649905.57,99.24,70.0,647472.33,98.87
649905.57,99.24,70.0,647472.33,98.87
649905.57,99.24,70.0,647472.33,98.87
649905.57,99.24,70.0,647472.33,98.87
649905.57,99.24,70.0,647472.33,98.87
649905.57,99.24,70.0,647472.33,98.87
649905.57,99.24,70.0,647472.33,98.87
649905.57,99.24,70.0,647472.33,98.87
649905.57,99.24,70.0,647472.33,98.87
649905.57,99.24,70.0,647472.33,98.87
649905.57,99.24,70.0,647472.33,98.87
649905.57,99.24,70.0,647472.33,98.87
649905.57,99.24,70.0,647472.33,98.87
649905.57,99.24,70.0,647472.33,98.87
649905.57,99.24,70.0,647472.33,98.87
649905.57,99.24,70.0,647472.33,98.87
649905.57,99.24,70.0,647472.33,98.87
649905.57,99.24,70.0,647472.33,98.87
649795.86,99.24,70.0,647365.55,98.87
649795.86,99.24,70.0,647365.55,98.87
649795.86,99.24,70.0,647365.55,98.87
649795.86,99.24,70.0,647339.79,98.87
649795.86,99.24,70.0,647339.79,98.87
649795.86,99.24,70.0,647339.79,98.87
649795.86,99.24,70.0,647339.79,98.87
649795.86,99.24,70.0,647339.79,98.87
649795.86,99.24,70.0,647339.79,98.87
649795.86,99.24,70.0,647339.79,98.87
649795.86,99.24,70.0,647339.79,98.87
649795.86,99.24,70.0,647339.79,98.87
649795.86,99.24,70.0,647339.79,98.87
649795.86,99.24,70.0,647339.79,98.87
649795.86,99.24,70.0,647339.79,98.87
649795.86,99.24,70.0,647339.79,98.87
649795.86,99.24,70.0,647339.79,98.87
649795.86,99.24,70.0,647339.79,98.87
649795.86,99.24,70.0,647339.79,98.87
649795.86,99.24,70.0,647339.79,98.87
649795.86,99.24,70.0,647339.79,98.87
649795.86,99.24,70.0,647339.79,98.87
649795.86,99.24,70.0,647339.79,98.87
649795.86,99.24,70.0,647339.79,98.87
649795.86,99.24,70.0,647339.79,98.87
649795.86,99.24,70.0,647339.79,98.87
649795.86,99.24,70.0,647339.79,98.87
649795.86,99.24,70.0,647367.26,98.87
649795.86,99.24,70.0,647367.26,98.87
648799.73,99.24,70.0,646369.76,98.87
648799.73,99.24,70.0,646369.76,98.87
648749.73,99.24,69.99,646319.76,98.87
648749.73,99.24,69.99,646319.76,98.87
648749.73,99.24,69.99,646319.76,98.87
648749.73,99.24,69.99,646319.76,98.87
648591.77,99.24,69.99,646165.36,98.87
648591.77,99.24,69.99,646165.36,98.87
648591.77,99.24,69.99,646165.36,98.87
648591.77,99.24,69.99,646165.36,98.87
648591.77,99.24,69.99,646165.36,98.87
648591.77,99.24,69.99,646165.36,98.87
648591.77,99.24,69.99,646165.36,98.87
648591.77,99.24,69.99,646165.36,98.87
648591.77,99.24,69.99,646165.36,98.87
648591.77,99.24,69.99,646165.36,98.87
648591.77,99.24,69.99,646165.36,98.87
648591.77,99.24,69.99,646165.36,98.87
648591.77,99.24,69.99,646165.36,98.87
648591.77,99.24,69.99,646165.36,98.87
648591.77,99.24,69.99,646165.36,98.87
648591.77,99.24,69.99,646165.36,98.87
648591.77,99.24,69.99,646165.36,98.87
648591.77,99.24,69.99,646165.36,98.87
648591.77,99.24,69.99,646165.36,98.87
648591.77,99.24,69.99,646165.36,98.87
648591.77,99.24,69.99,646165.36,98.87
648591.77,99.24,69.99,646165.36,98.87
648591.77,99.24,69.99,646165.36,98.87
648591.77,99.24,69.99,646165.36,98.87
648591.77,99.24,69.99,646165.36,98.87
648591.77,99.24,69.99,646165.36,98.87
648591.77,99.24,69.99,646165.36,98.87
648591.77,99.24,69.99,646165.36,98.87
648591.77,99.24,69.99,646165.36,98.87
648591.77,99.24,69.99,646165.36,98.87
648591.77,99.24,69.99,646165.36,98.87
648591.77,99.24,69.99,646165.36,98.87
648591.77,99.24,69.99,646165.36,98.87
648591.77,99.24,69.99,646165.36,98.87
648591.77,99.24,69.99,646165.36,98.87
648591.77,99.24,69.99,646165.36,98.87
648591.77,99.24,69.99,646165.36,98.87
648591.77,99.24,69.99,646165.36,98.87
648591.77,99.24,69.99,646165.36,98.87
648591.77,99.24,69.99,646165.36,98.87
648591.77,99.24,69.99,646165.36,98.87
648591.77,99.24,69.99,646165.36,98.87
648591.77,99.24,69.99,646165.36,98.87
648591.77,99.24,69.99,646165.36,98.87
648591.77,99.24,69.99,646165.36,98.87
648591.77,99.24,69.99,646165.36,98.87
648591.77,99.24,69.99,646165.36,98.87
648591.77,99.24,69.99,646165.36,98.87
648591.77,99.24,69.99,646165.36,98.87
648591.77,99.24,69.99,646165.36,98.87
648591.77,99.24,69.99,646165.36,98.87
648591.77,99.24,69.99,646165.36,98.87
648591.77,99.24,69.99,646165.36,98.87
648591.77,99.24,69.99,646165.36,98.87
648591.77,99.24,69.99,646165.36,98.87
648591.77,99.24,69.99,646165.36,98.87
648591.77,99.24,69.99,646165.36,98.87
648591.77,99.24,69.99,646165.36,98.87
648591.77,99.24,69.99,646165.36,98.87
648591.77,99.24,69.99,646165.36,98.87
648591.77,99.24,69.99,646165.36,98.87
648591.77,99.24,69.99,646165.36,98.87
648591.77,99.24,69.99,646165.36,98.87
648591.77,99.24,69.99,646165.36,98.87
648591.77,99.24,69.99,646165.36,98.87
648591.77,99.24,69.99,646165.36,98.87
648591.77,99.24,69.99,646165.36,98.87
648591.77,99.24,69.99,646165.36,98.87
648483.4,99.24,69.99,646058.04,98.87
648483.4,99.24,69.99,646058.04,98.87
648483.4,99.24,69.99,646058.04,98.87
648483.4,99.24,69.99,646058.04,98.87
648483.4,99.24,69.99,646058.04,98.87
648483.4,99.24,69.99,646058.04,98.87
648483.4,99.24,69.99,646058.04,98.87
648483.4,99.24,69.99,646058.04,98.87
648483.4,99.24,69.99,646058.04,98.87
648483.4,99.24,69.99,646058.04,98.87
648483.4,99.24,69.99,646058.04,98.87
648483.4,99.24,69.99,646058.04,98.87
648486.94,99.24,69.99,646075.34,98.87
648486.94,99.24,69.99,646075.34,98.87
648486.94,99.24,69.99,646075.34,98.87
648486.94,99.24,69.99,646075.34,98.87
648486.94,99.24,69.99,646075.34,98.87
648486.94,99.24,69.99,646075.34,98.87
648486.94,99.24,69.99,646075.34,98.87
648486.94,99.24,69.99,646075.34,98.87
648492.23,99.24,69.99,646077.01,98.87
648492.23,99.24,69.99,646077.01,98.87
648492.23,99.24,69.99,646077.01,98.87
648492.23,99.24,69.99,646077.01,98.87
648492.23,99.24,69.99,646077.01,98.87
648492.23,99.24,69.99,646077.01,98.87
648492.23,99.24,69.99,646077.01,98.87
648492.23,99.24,69.99,646077.01,98.87
648492.23,99.24,69.99,646077.01,98.87
648492.23,99.24,69.99,646077.01,98.87
648492.23,99.24,69.99,646077.01,98.87
648492.23,99.24,69.99,646077.01,98.87
648492.23,99.24,69.99,646077.01,98.87
648492.23,99.24,69.99,646077.01,98.87
648492.23,99.24,69.99,646077.01,98.87
648492.23,99.24,69.99,646077.01,98.87
648492.23,99.24,69.99,646077.01,98.87
648492.23,99.24,69.99,646077.01,98.87
648492.23,99.24,69.99,646077.01,98.87
648492.23,99.24,69.99,646077.01,98.87
648492.23,99.24,69.99,646077.01,98.87
648492.23,99.24,69.99,646077.01,98.87
648492.23,99.24,69.99,646077.01,98.87
648334.98,99.24,69.99,645920.29,98.87
648334.98,99.24,69.99,645920.29,98.87
648334.98,99.24,69.99,645920.29,98.87
648334.98,99.24,69.99,645920.29,98.87
648334.98,99.24,69.99,645920.29,98.87
648334.98,99.24,69.99,645920.29,98.87
648334.98,99.24,69.99,645920.29,98.87
648334.98,99.24,69.99,645920.29,98.87
648334.98,99.24,69.99,645920.29,98.87
648334.98,99.24,69.99,645920.29,98.87
648334.98,99.24,69.99,645920.29,98.87
648334.98,99.24,69.99,645920.29,98.87
648334.98,99.24,69.99,645920.29,98.87
648334.98,99.24,69.99,645920.29,98.87
648334.98,99.24,69.99,645920.29,98.87
648334.98,99.24,69.99,645920.29,98.87
648334.98,99.24,69.99,645920.29,98.87
648334.98,99.24,69.99,645920.29,98.87
648334.98,99.24,69.99,645920.29,98.87
648334.98,99.24,69.99,645920.29,98.87
648334.98,99.24,69.99,645920.29,98.87
648334.98,99.24,69.99,645920.29,98.87
648334.98,99.24,69.99,645920.29,98.87
648334.98,99.24,69.99,645920.29,98.87
648334.98,99.24,69.99,645920.29,98.87
648334.98,99.24,69.99,645920.29,98.87
648334.98,99.24,69.99,645920.29,98.87
648334.98,99.24,69.99,645920.29,98.87
648334.98,99.24,69.99,645920.29,98.87
648334.98,99.24,69.99,645920.29,98.87
648334.98,99.24,69.99,645920.29,98.87
648334.98,99.24,69.99,645920.29,98.87
648334.98,99.24,69.99,645920.29,98.87
648334.98,99.24,69.99,645920.29,98.87
648334.98,99.24,69.99,645920.29,98.87
648334.98,99.24,69.99,645920.29,98.87
648334.98,99.24,69.99,645920.29,98.87
648334.98,99.24,69.99,645920.29,98.87
648334.98,99.24,69.99,645920.29,98.87
648334.98,99.24,69.99,645920.29,98.87
648334.98,99.24,69.99,645920.29,98.87
648334.98,99.24,69.99,645920.29,98.87
648334.98,99.24,69.99,645920.29,98.87
648334.98,99.24,69.99,645920.29,98.87
648334.98,99.24,69.99,645920.29,98.87
648334.98,99.24,69.99,645920.29,98.87
648334.98,99.24,69.99,645920.29,98.87
648334.98,99.24,69.99,645920.29,98.87
648334.98,99.24,69.99,645920.29,98.87
648284.98,99.24,69.99,645870.29,98.87
648284.98,99.24,69.99,645870.29,98.87
648284.98,99.24,69.99,645870.29,98.87
648284.98,99.24,69.99,645870.29,98.87
648284.98,99.24,69.99,645870.29,98.87
648284.98,99.24,69.99,645870.29,98.87
648284.98,99.24,69.99,645870.29,98.87
648284.98,99.24,69.99,645870.29,98.87
648284.98,99.24,69.99,645870.29,98.87
648284.98,99.24,69.99,645870.29,98.87
648284.98,99.24,69.99,645870.29,98.87
648284.98,99.24,69.99,645870.29,98.87
648284.98,99.24,69.99,645870.29,98.87
648284.98,99.24,69.99,645870.29,98.87
648284.98,99.24,69.99,645870.29,98.87
648284.98,99.24,69.99,645870.29,98.87
648284.98,99.24,69.99,645870.29,98.87
648284.98,99.24,69.99,645870.29,98.87
648284.98,99.24,69.99,645870.29,98.87
648284.98,99.24,69.99,645870.29,98.87
648284.98,99.24,69.99,645870.29,98.87
648284.98,99.24,69.99,645870.29,98.87
648284.98,99.24,69.99,645870.29,98.87
647915.97,99.24,69.99,645501.83,98.87
647915.97,99.24,69.99,645501.83,98.87
647915.97,99.24,69.99,645501.83,98.87
647915.97,99.24,69.99,645501.83,98.87
647915.97,99.24,69.99,645501.83,98.87
647915.97,99.24,69.99,645501.83,98.87
647915.97,99.24,69.99,645501.83,98.87
647915.97,99.24,69.99,645501.83,98.87
647915.97,99.24,69.99,645501.83,98.87
647915.97,99.24,69.99,645501.83,98.87
647915.97,99.24,69.99,645501.83,98.87
647915.97,99.24,69.99,645501.83,98.87
647915.97,99.24,69.99,645501.83,98.87
647915.97,99.24,69.99,645501.83,98.87
647915.97,99.24,69.99,645501.83,98.87
647915.97,99.24,69.99,645501.83,98.87
647915.97,99.24,69.99,645501.83,98.87
647915.97,99.24,69.99,645501.83,98.87
647915.97,99.24,69.99,645501.83,98.87
647915.97,99.24,69.99,645501.83,98.87
647915.97,99.24,69.99,645501.83,98.87
647915.97,99.24,69.99,645501.83,98.87
647915.97,99.24,69.99,645501.83,98.87
647915.97,99.24,69.99,645501.83,98.87
646924.49,99.24,69.99,644511.17,98.87
646924.49,99.24,69.99,644511.17,98.87
646924.49,99.24,69.99,644511.17,98.87
646924.49,99.24,69.99,644511.17,98.87
646924.49,99.24,69.99,644511.17,98.87
646924.49,99.24,69.99,644511.17,98.87
646924.49,99.24,69.99,644511.17,98.87
646924.49,99.24,69.99,644511.17,98.87
646924.49,99.24,69.99,644511.17,98.87
646924.49,99.24,69.99,644511.17,98.87
646924.49,99.24,69.99,644511.17,98.87
646924.49,99.24,69.99,644511.17,98.87
646924.49,99.24,69.99,644511.17,98.87
646924.49,99.24,69.99,644511.17,98.87
646924.49,99.24,69.99,644511.17,98.87
646924.49,99.24,69.99,644511.17,98.87
646924.49,99.24,69.99,644511.17,98.87
646924.49,99.24,69.99,644511.17,98.87
646924.49,99.24,69.99,644511.17,98.87
646924.49,99.24,69.99,644511.17,98.87
646924.49,99.24,69.99,644511.17,98.87
646924.49,99.24,69.99,644511.17,98.87
646924.49,99.24,69.99,644511.17,98.87
646924.49,99.24,69.99,644511.17,98.87
646924.49,99.24,69.99,644511.17,98.87
646924.49,99.24,69.99,644511.17,98.87
646924.49,99.24,69.99,644511.17,98.87
646924.49,99.24,69.99,644511.17,98.87
646924.49,99.24,69.99,644511.17,98.87
646924.49,99.24,69.99,644511.17,98.87
646924.49,99.24,69.99,644511.17,98.87
646924.49,99.24,69.99,644511.17,98.87
646924.49,99.24,69.99,644511.17,98.87
646924.49,99.24,69.99,644511.17,98.87
646924.49,99.24,69.99,644511.17,98.87
646924.49,99.24,69.99,644511.17,98.87
646924.49,99.24,69.99,644511.17,98.87
646924.49,99.24,69.99,644511.17,98.87
646924.49,99.24,69.99,644511.17,98.87
646924.49,99.24,69.99,644511.17,98.87
646924.49,99.24,69.99,644511.17,98.87
646924.49,99.24,69.99,644511.17,98.87
646924.49,99.24,69.99,644511.17,98.87
646924.49,99.24,69.99,644511.17,98.87
646924.49,99.24,69.99,644511.17,98.87
646924.49,99.24,69.99,644511.17,98.87
646924.49,99.24,69.99,644511.17,98.87
646924.49,99.24,69.99,644511.17,98.87
646924.49,99.24,69.99,644511.17,98.87
646924.49,99.24,69.99,644511.17,98.87
646924.49,99.24,69.99,644511.17,98.87
646924.49,99.24,69.99,644511.17,98.87
646924.49,99.24,69.99,644511.17,98.87
646924.49,99.24,69.99,644511.17,98.87
646924.49,99.24,69.99,644511.17,98.87
646924.49,99.24,69.99,644511.17,98.87
646924.49,99.24,69.99,644511.17,98.87
646924.49,99.24,69.99,644511.17,98.87
646924.49,99.24,69.99,644511.17,98.87
646924.49,99.24,69.99,644511.17,98.87
646924.49,99.24,69.99,644511.17,98.87
646924.49,99.24,69.99,644511.17,98.87
646924.49,99.24,69.99,644511.17,98.87
646924.49,99.24,69.99,644511.17,98.87
646924.49,99.24,69.99,644511.17,98.87
646924.49,99.24,69.99,644511.17,98.87
646924.49,99.24,69.99,644511.17,98.87
646924.49,99.24,69.99,644511.17,98.87
646924.49,99.24,69.99,644511.17,98.87
646924.49,99.24,69.99,644511.17,98.87
646924.49,99.24,69.99,644511.17,98.87
646924.49,99.24,69.99,644511.17,98.87
646924.49,99.24,69.99,644511.17,98.87
646924.49,99.24,69.99,644511.17,98.87
646924.49,99.24,69.99,644511.17,98.87
646924.49,99.24,69.99,644511.17,98.87
646924.49,99.24,69.99,644511.17,98.87
646924.49,99.24,69.99,644511.17,98.87
646924.49,99.24,69.99,644511.17,98.87
646924.49,99.24,69.99,644511.17,98.87
646819.78,99.25,69.99,644407.27,98.87
646819.78,99.25,69.99,644407.27,98.87
646819.78,99.25,69.99,644407.27,98.87
646819.78,99.25,69.99,644407.27,98.87
646819.78,99.25,69.99,644407.27,98.87
646819.78,99.25,69.99,644407.27,98.87
646819.78,99.25,69.99,644407.27,98.87
646819.78,99.25,69.99,644407.27,98.87
646819.78,99.25,69.99,644407.27,98.87
646819.78,99.25,69.99,644407.27,98.87
646819.78,99.25,69.99,644407.27,98.87
646819.78,99.25,69.99,644407.27,98.87
646819.78,99.25,69.99,644407.27,98.87
646819.78,99.25,69.99,644407.27,98.87
646819.78,99.25,69.99,644407.27,98.87
646819.78,99.25,69.99,644407.27,98.87
646819.78,99.25,69.99,644407.27,98.87
646819.78,99.25,69.99,644407.27,98.87
646819.78,99.25,69.99,644407.27,98.87
646819.78,99.25,69.99,644407.27,98.87
646819.78,99.25,69.99,644407.27,98.87
646819.78,99.25,69.99,644407.27,98.87
646819.78,99.25,69.99,644407.27,98.87
646819.78,99.25,69.99,644407.27,98.87
646819.78,99.25,69.99,644407.27,98.87
646819.78,99.25,69.99,644407.27,98.87
646819.78,99.25,69.99,644407.27,98.87
646819.78,99.25,69.99,644407.27,98.87
646819.78,99.25,69.99,644407.27,98.87
646819.78,99.25,69.99,644407.27,98.87
646819.78,99.25,69.99,644407.27,98.87
646819.78,99.25,69.99,644407.27,98.87
646819.78,99.25,69.99,644407.27,98.87
646819.78,99.25,69.99,644407.27,98.87
646819.78,99.25,69.99,644407.27,98.87
646819.78,99.25,69.99,644407.27,98.87
646819.78,99.25,69.99,644407.27,98.87
646819.78,99.25,69.99,644407.27,98.87
646819.78,99.25,69.99,644407.27,98.87
646819.78,99.25,69.99,644407.27,98.87
646819.78,99.25,69.99,644407.27,98.87
646819.78,99.25,69.99,644407.27,98.87
646819.78,99.25,69.99,644407.27,98.87
646819.78,99.25,69.99,644407.27,98.87
646819.78,99.25,69.99,644407.27,98.87
646819.78,99.25,69.99,644407.27,98.87
646819.78,99.25,69.99,644407.27,98.87
646819.78,99.25,69.99,644407.27,98.87
646819.78,99.25,69.99,644407.27,98.87
646819.78,99.25,69.99,644407.27,98.87
646819.78,99.25,69.99,644407.27,98.87
646819.78,99.25,69.99,644407.27,98.87
646819.78,99.25,69.99,644407.27,98.87
646819.78,99.25,69.99,644407.27,98.87
646819.78,99.25,69.99,644407.27,98.87
646819.78,99.25,69.99,644407.27,98.87
646819.78,99.25,69.99,644407.27,98.87
646819.78,99.25,69.99,644407.27,98.87
646819.78,99.25,69.99,644407.27,98.87
646819.78,99.25,69.99,644407.27,98.87
646819.78,99.25,69.99,644407.27,98.87
646819.78,99.25,69.99,644407.27,98.87
646819.78,99.25,69.99,644407.27,98.87
646819.78,99.25,69.99,644407.27,98.87
646819.78,99.25,69.99,644407.27,98.87
646819.78,99.25,69.99,644407.27,98.87
646819.78,99.25,69.99,644407.27,98.87
646819.78,99.25,69.99,644407.27,98.87
646819.78,99.25,69.99,644407.27,98.87
646819.78,99.25,69.99,644407.27,98.87
646819.78,99.25,69.99,644407.27,98.87
646819.78,99.25,69.99,644407.27,98.87
646819.78,99.25,69.99,644407.27,98.87
646819.78,99.25,69.99,644407.27,98.87
646819.78,99.25,69.99,644407.27,98.87
646819.78,99.25,69.99,644407.27,98.87
646819.78,99.25,69.99,644407.27,98.87
646819.78,99.25,69.99,644407.27,98.87
646819.78,99.25,69.99,644407.27,98.87
646819.78,99.25,69.99,644407.27,98.87
646819.78,99.25,69.99,644407.27,98.87
646819.78,99.25,69.99,644407.27,98.87
646819.78,99.25,69.99,644407.27,98.87
646819.78,99.25,69.99,644407.27,98.87
646819.78,99.25,69.99,644407.27,98.87
646661.55,99.25,69.99,644250.27,98.88
646661.55,99.25,69.99,644250.27,98.88
646661.55,99.25,69.99,644250.27,98.88
646661.55,99.25,69.99,644250.27,98.88
646661.55,99.25,69.99,644250.27,98.88
646661.55,99.25,69.99,644250.27,98.88
646661.55,99.25,69.99,644250.27,98.88
646661.55,99.25,69.99,644250.27,98.88
646661.55,99.25,69.99,644250.27,98.88
646661.55,99.25,69.99,644250.27,98.88
646661.55,99.25,69.99,644250.27,98.88
646661.55,99.25,69.99,644250.27,98.88
646661.55,99.25,69.99,644250.27,98.88
646661.55,99.25,69.99,644250.27,98.88
646661.55,99.25,69.99,644250.27,98.88
646661.55,99.25,69.99,644250.27,98.88
646661.55,99.25,69.99,644250.27,98.88
646661.55,99.25,69.99,644250.27,98.88
646661.55,99.25,69.99,644250.27,98.88
646661.55,99.25,69.99,644250.27,98.88
646661.55,99.25,69.99,644250.27,98.88
646661.55,99.25,69.99,644250.27,98.88
646661.55,99.25,69.99,644250.27,98.88
646661.55,99.25,69.99,644250.27,98.88
646661.55,99.25,69.99,644250.27,98.88
646661.55,99.25,69.99,644250.27,98.88
646661.55,99.25,69.99,644250.27,98.88
646661.55,99.25,69.99,644250.27,98.88
646661.55,99.25,69.99,644250.27,98.88
646661.55,99.25,69.99,644250.27,98.88
646661.55,99.25,69.99,644250.27,98.88
646661.55,99.25,69.99,644250.27,98.88
646661.55,99.25,69.99,644250.27,98.88
646661.55,99.25,69.99,644250.27,98.88
646661.55,99.25,69.99,644250.27,98.88
646661.55,99.25,69.99,644250.27,98.88
646661.55,99.25,69.99,644250.27,98.88
646661.55,99.25,69.99,644250.27,98.88
646661.55,99.25,69.99,644250.27,98.88
646661.55,99.25,69.99,644250.27,98.88
646661.55,99.25,69.99,644250.27,98.88
646661.55,99.25,69.99,644250.27,98.88
646661.55,99.25,69.99,644250.27,98.88
646661.55,99.25,69.99,644250.27,98.88
646661.55,99.25,69.99,644250.27,98.88
646661.55,99.25,69.99,644250.27,98.88
646661.55,99.25,69.99,644250.27,98.88
646661.55,99.25,69.99,644250.27,98.88
646661.55,99.25,69.99,644250.27,98.88
646661.55,99.25,69.99,644250.27,98.88
646661.55,99.25,69.99,644250.27,98.88
646661.55,99.25,69.99,644250.27,98.88
646661.55,99.25,69.99,644250.27,98.88
646661.55,99.25,69.99,644250.27,98.88
646661.55,99.25,69.99,644250.27,98.88
646661.55,99.25,69.99,644250.27,98.88
646661.55,99.25,69.99,644250.27,98.88
646661.55,99.25,69.99,644250.27,98.88
646661.55,99.25,69.99,644250.27,98.88
646661.55,99.25,69.99,644250.27,98.88
646661.55,99.25,69.99,644250.27,98.88
646661.55,99.25,69.99,644250.27,98.88
646661.55,99.25,69.99,644250.27,98.88
646661.55,99.25,69.99,644250.27,98.88
646661.55,99.25,69.99,644250.27,98.88
646661.55,99.25,69.99,644250.27,98.88
646661.55,99.25,69.99,644250.27,98.88
646661.55,99.25,69.99,644250.27,98.88
646661.55,99.25,69.99,644250.27,98.88
646661.55,99.25,69.99,644250.27,98.88
646661.55,99.25,69.99,644250.27,98.88
646661.55,99.25,69.99,644250.27,98.88
646661.55,99.25,69.99,644250.27,98.88
646661.55,99.25,69.99,644250.27,98.88
646661.55,99.25,69.99,644250.27,98.88
646661.55,99.25,69.99,644250.27,98.88
646661.55,99.25,69.99,644250.27,98.88
646661.55,99.25,69.99,644235.06,98.87
646661.55,99.25,69.99,644235.06,98.87
646661.55,99.25,69.99,644235.06,98.87
646661.55,99.25,69.99,644235.06,98.87
646661.55,99.25,69.99,644235.06,98.87
646661.55,99.25,69.99,644235.06,98.87
646661.55,99.25,69.99,644235.06,98.87
646661.55,99.25,69.99,644235.06,98.87
646661.55,99.25,69.99,644235.06,98.87
646661.55,99.25,69.99,644235.06,98.87
646661.55,99.25,69.99,644235.06,98.87
646661.55,99.25,69.99,644235.06,98.87
646661.55,99.25,69.99,644235.06,98.87
646661.55,99.25,69.99,644235.06,98.87
646661.55,99.25,69.99,644235.06,98.87
646661.55,99.25,69.99,644235.06,98.87
646661.55,99.25,69.99,644235.06,98.87
646661.55,99.25,69.99,644235.06,98.87
645669.3,99.25,70.0,643244.51,98.87
645669.3,99.25,70.0,643244.51,98.87
645669.3,99.25,70.0,643244.51,98.87
645669.3,99.25,70.0,643244.51,98.87
644673.17,99.24,70.0,642250.36,98.87
644673.17,99.24,70.0,642250.36,98.87
644673.17,99.24,70.0,642250.36,98.87
644673.17,99.24,70.0,642266.77,98.87
644517.29,99.25,70.0,642111.7,98.87
644517.29,99.25,70.0,642111.7,98.87
644517.29,99.25,70.0,642111.7,98.87
644517.29,99.25,70.0,642111.7,98.87
644517.29,99.25,70.0,642111.7,98.87
644517.29,99.25,70.0,642111.7,98.87
644517.29,99.25,70.0,642111.7,98.87
644517.29,99.25,70.0,642111.7,98.87
644517.29,99.25,70.0,642101.99,98.87
644517.58,99.25,70.0,642113.72,98.87
644517.58,99.25,70.0,642113.72,98.87
644517.58,99.25,70.0,642113.72,98.87
644517.58,99.25,70.0,642113.72,98.87
644517.58,99.25,70.0,642113.72,98.87
644517.58,99.25,70.0,642113.72,98.87
644517.58,99.25,70.0,642113.72,98.87
644517.58,99.25,70.0,642113.72,98.87
644517.58,99.25,70.0,642113.72,98.87
644517.58,99.25,70.0,642113.72,98.87
644517.58,99.25,70.0,642113.72,98.87
644517.58,99.25,70.0,642113.72,98.87
644517.58,99.25,70.0,642113.72,98.87
644517.58,99.25,70.0,642113.72,98.87
644517.58,99.25,70.0,642113.72,98.87
644517.58,99.25,70.0,642113.72,98.87
644517.58,99.25,70.0,642113.72,98.87
644517.58,99.25,70.0,642113.72,98.87
644517.58,99.25,70.0,642113.72,98.87
644517.58,99.25,70.0,642113.72,98.87
644517.58,99.25,70.0,642113.72,98.87
644517.58,99.25,70.0,642113.72,98.87
644361.11,99.25,70.0,641957.8,98.88
644361.11,99.25,70.0,641957.8,98.88
644361.11,99.25,70.0,641957.8,98.88
644361.11,99.25,70.0,641957.8,98.88
644361.11,99.25,70.0,641957.8,98.88
644361.11,99.25,70.0,641957.8,98.88
644361.11,99.25,70.0,641957.8,98.88
644361.11,99.25,70.0,641957.8,98.88
644361.11,99.25,70.0,641957.8,98.88
644361.11,99.25,70.0,641957.8,98.88
644361.11,99.25,70.0,641957.8,98.88
644361.11,99.25,70.0,641957.8,98.88
644361.11,99.25,70.0,641957.8,98.88
644361.11,99.25,70.0,641957.8,98.88
644361.11,99.25,70.0,641957.8,98.88
644361.11,99.25,70.0,641957.8,98.88
644361.11,99.25,70.0,641957.8,98.88
644361.11,99.25,70.0,641957.8,98.88
644361.11,99.25,70.0,641957.8,98.88
644361.11,99.25,70.0,641957.8,98.88
644361.11,99.25,70.0,641957.8,98.88
644361.11,99.25,70.0,641957.8,98.88
644361.11,99.25,70.0,641957.8,98.88
644361.11,99.25,70.0,641957.8,98.88
644361.11,99.25,70.0,641957.8,98.88
644361.11,99.25,70.0,641957.8,98.88
644361.11,99.25,70.0,641957.8,98.88
644361.11,99.25,70.0,641957.8,98.88
644361.11,99.25,70.0,641957.8,98.88
644361.11,99.25,70.0,641957.8,98.88
644361.11,99.25,70.0,641957.8,98.88
644361.11,99.25,70.0,641957.8,98.88
644361.11,99.25,70.0,641957.8,98.88
644361.11,99.25,70.0,641957.8,98.88
644361.11,99.25,70.0,641957.8,98.88
644361.11,99.25,70.0,641957.8,98.88
644361.11,99.25,70.0,641957.8,98.88
644361.11,99.25,70.0,641957.8,98.88
644361.11,99.25,70.0,641957.8,98.88
644205.23,99.25,70.0,641799.07,98.88
644205.23,99.25,70.0,641799.07,98.88
644205.23,99.25,70.0,641799.07,98.88
644205.23,99.25,70.0,641799.07,98.88
644205.23,99.25,70.0,641799.07,98.88
644205.23,99.25,70.0,641799.07,98.88
644205.23,99.25,70.0,641799.07,98.88
644205.23,99.25,70.0,641799.07,98.88
644205.23,99.25,70.0,641799.07,98.88
644205.23,99.25,70.0,641799.07,98.88
644205.23,99.25,70.0,641799.07,98.88
644205.23,99.25,70.0,641799.07,98.88
644205.23,99.25,70.0,641799.07,98.88
644205.23,99.25,70.0,641799.07,98.88
644205.23,99.25,70.0,641799.07,98.88
644205.23,99.25,70.0,641799.07,98.88
644205.23,99.25,70.0,641799.07,98.88
644205.23,99.25,70.0,641799.07,98.88
644205.23,99.25,70.0,641799.07,98.88
644205.23,99.25,70.0,641799.07,98.88
644205.23,99.25,70.0,641799.07,98.88
644205.23,99.25,70.0,641799.07,98.88
644205.23,99.25,70.0,641799.07,98.88
644205.23,99.25,70.0,641799.07,98.88
644205.23,99.25,70.0,641799.07,98.88
644205.23,99.25,70.0,641799.07,98.88
644205.23,99.25,70.0,641799.07,98.88
644205.23,99.25,70.0,641799.07,98.88
644205.23,99.25,70.0,641799.07,98.88
644205.23,99.25,70.0,641799.07,98.88
644205.23,99.25,70.0,641799.07,98.88
644205.23,99.25,70.0,641799.07,98.88
644205.23,99.25,70.0,641799.07,98.88
644205.23,99.25,70.0,641799.07,98.88
644205.23,99.25,70.0,641799.07,98.88
644205.23,99.25,70.0,641799.07,98.88
644205.23,99.25,70.0,641799.07,98.88
644205.23,99.25,70.0,641799.07,98.88
644050.25,99.25,70.0,641642.4,98.88
644050.25,99.25,70.0,641642.4,98.88
644050.25,99.25,70.0,641642.4,98.88
644050.25,99.25,70.0,641642.4,98.88
644050.25,99.25,70.0,641642.4,98.88
644050.25,99.25,70.0,641642.4,98.88
643891.63,99.25,70.0,641484.05,98.88
643891.63,99.25,70.0,641484.05,98.88
643891.63,99.25,70.0,641484.05,98.88
643891.63,99.25,70.0,641484.05,98.88
643891.63,99.25,70.0,641484.05,98.88
643891.63,99.25,70.0,641484.05,98.88
643891.63,99.25,70.0,641484.05,98.88
643891.63,99.25,70.0,641484.05,98.88
643891.63,99.25,70.0,641484.05,98.88
643891.63,99.25,70.0,641484.05,98.88
643891.63,99.25,70.0,641484.05,98.88
643891.63,99.25,70.0,641484.05,98.88
643891.63,99.25,70.0,641484.05,98.88
643891.63,99.25,70.0,641484.05,98.88
643891.63,99.25,70.0,641484.05,98.88
643891.63,99.25,70.0,641484.05,98.88
643891.63,99.25,70.0,641484.05,98.88
643891.63,99.25,70.0,641484.05,98.88
643891.63,99.25,70.0,641484.05,98.88
643891.63,99.25,70.0,641484.05,98.88
643891.63,99.25,70.0,641484.05,98.88
643891.63,99.25,70.0,641484.05,98.88
643891.63,99.25,70.0,641484.05,98.88
643891.63,99.25,70.0,641484.05,98.88
643891.63,99.25,70.0,641484.05,98.88
643891.63,99.25,70.0,641484.05,98.88
643891.63,99.25,70.0,641484.05,98.88
643891.63,99.25,70.0,641484.05,98.88
643891.63,99.25,70.0,641484.05,98.88
643891.63,99.25,70.0,641484.05,98.88
643891.63,99.25,70.0,641484.05,98.88
643891.63,99.25,70.0,641484.05,98.88
643891.63,99.25,70.0,641484.05,98.88
643891.63,99.25,70.0,641484.05,98.88
643891.63,99.25,70.0,641484.05,98.88
643891.63,99.25,70.0,641484.05,98.88
643891.63,99.25,70.0,641484.05,98.88
643891.63,99.25,70.0,641484.05,98.88
643891.63,99.25,70.0,641484.05,98.88
643891.63,99.25,70.0,641484.05,98.88
643891.63,99.25,70.0,641484.05,98.88
643891.63,99.25,70.0,641484.05,98.88
643891.63,99.25,70.0,641484.05,98.88
643891.63,99.25,70.0,641484.05,98.88
643891.63,99.25,70.0,641484.05,98.88
643891.63,99.25,70.0,641484.05,98.88
643891.63,99.25,70.0,641484.05,98.88
643891.63,99.25,70.0,641484.05,98.88
643891.63,99.25,70.0,641484.05,98.88
643891.63,99.25,70.0,641484.05,98.88
643891.63,99.25,70.0,641484.05,98.88
643891.63,99.25,70.0,641499.16,98.88
643891.63,99.25,70.0,641499.16,98.88
643891.63,99.25,70.0,641499.16,98.88
643891.63,99.25,70.0,641499.16,98.88
643891.63,99.25,70.0,641499.16,98.88
643891.63,99.25,70.0,641499.16,98.88
643891.63,99.25,70.0,641499.16,98.88
643891.63,99.25,70.0,641499.16,98.88
643891.63,99.25,70.0,641499.16,98.88
643891.63,99.25,70.0,641499.16,98.88
643891.63,99.25,70.0,641499.16,98.88
643733.66,99.25,70.0,641388.7,98.89
643733.66,99.25,70.0,641388.7,98.89
643733.66,99.25,70.0,641388.7,98.89
643733.66,99.25,70.0,641388.7,98.89
643733.66,99.25,70.0,641388.7,98.89
643733.66,99.25,70.0,641388.7,98.89
643733.66,99.25,70.0,641388.7,98.89
643733.66,99.25,70.0,641388.7,98.89
643733.66,99.25,70.0,641388.7,98.89
643733.66,99.25,70.0,641388.7,98.89
643733.66,99.25,70.0,641388.7,98.89
643733.66,99.25,70.0,641388.7,98.89
643733.66,99.25,70.0,641390.33,98.89
643733.66,99.25,70.0,641390.33,98.89
643733.66,99.25,70.0,641390.33,98.89
643733.66,99.25,70.0,641390.33,98.89
643733.66,99.25,70.0,641390.33,98.89
643733.66,99.25,70.0,641390.33,98.89
643733.66,99.25,70.0,641390.33,98.89
643733.66,99.25,70.0,641390.33,98.89
643733.66,99.25,70.0,641390.33,98.89
643733.66,99.25,70.0,641390.33,98.89
643733.66,99.25,70.0,641390.33,98.89
643733.66,99.25,70.0,641390.33,98.89
643733.66,99.25,70.0,641390.33,98.89
643733.66,99.25,70.0,641390.33,98.89
643733.66,99.25,70.0,641390.33,98.89
643575.7,99.25,69.99,641237.91,98.89
643575.7,99.25,69.99,641237.91,98.89
643575.7,99.25,69.99,641237.91,98.89
643575.7,99.25,69.99,641237.91,98.89
643575.7,99.25,69.99,641237.91,98.89
643575.7,99.25,69.99,641237.91,98.89
643575.7,99.25,69.99,641237.91,98.89
643575.7,99.25,69.99,641237.91,98.89
643575.7,99.25,69.99,641237.91,98.89
643575.7,99.25,69.99,641237.91,98.89
643575.7,99.25,69.99,641237.91,98.89
643575.7,99.25,69.99,641237.91,98.89
643575.7,99.25,69.99,641237.91,98.89
643575.7,99.25,69.99,641237.91,98.89
643575.7,99.25,69.99,641237.91,98.89
643575.7,99.25,69.99,641237.91,98.89
643575.7,99.25,69.99,641237.91,98.89
643575.7,99.25,69.99,641237.91,98.89
643575.7,99.25,69.99,641237.91,98.89
643575.7,99.25,69.99,641237.91,98.89
643575.7,99.25,69.99,641237.91,98.89
643575.7,99.25,69.99,641237.91,98.89
643575.7,99.25,69.99,641237.91,98.89
643575.7,99.25,69.99,641237.91,98.89
643575.7,99.25,69.99,641237.91,98.89
643575.7,99.25,69.99,641237.91,98.89
643575.7,99.25,69.99,641237.91,98.89
643575.7,99.25,69.99,641237.91,98.89
643575.7,99.25,69.99,641237.91,98.89
643575.7,99.25,69.99,641237.91,98.89
643575.7,99.25,69.99,641237.91,98.89
643575.7,99.25,69.99,641237.91,98.89
643575.7,99.25,69.99,641237.91,98.89
643575.7,99.25,69.99,641237.91,98.89
643575.7,99.25,69.99,641237.91,98.89
643575.7,99.25,69.99,641237.91,98.89
643575.7,99.25,69.99,641237.91,98.89
643575.7,99.25,69.99,641237.91,98.89
643575.7,99.25,69.99,641237.91,98.89
643575.7,99.25,69.99,641237.91,98.89
643575.7,99.25,69.99,641237.91,98.89
643575.7,99.25,69.99,641237.91,98.89
643575.7,99.25,69.99,641237.91,98.89
643575.7,99.25,69.99,641237.91,98.89
643575.7,99.25,69.99,641237.91,98.89
643417.07,99.25,69.99,641079.55,98.89
643417.07,99.25,69.99,641079.55,98.89
643417.07,99.25,69.99,641079.55,98.89
643417.07,99.25,69.99,641079.55,98.89
643417.07,99.25,69.99,641079.55,98.89
643417.07,99.25,69.99,641079.55,98.89
643417.07,99.25,69.99,641079.55,98.89
643417.07,99.25,69.99,641079.55,98.89
643417.07,99.25,69.99,641079.55,98.89
643417.07,99.25,69.99,641079.55,98.89
643417.07,99.25,69.99,641079.55,98.89
643417.07,99.25,69.99,641079.55,98.89
643417.07,99.25,69.99,641079.55,98.89
643417.07,99.25,69.99,641079.55,98.89
643417.07,99.25,69.99,641079.55,98.89
643417.07,99.25,69.99,641079.55,98.89
643417.07,99.25,69.99,641079.55,98.89
643417.07,99.25,69.99,641079.55,98.89
643417.07,99.25,69.99,641079.55,98.89
643417.07,99.25,69.99,641079.55,98.89
643417.07,99.25,69.99,641079.55,98.89
643417.07,99.25,69.99,641079.55,98.89
643417.07,99.25,69.99,641079.55,98.89
643417.07,99.25,69.99,641079.55,98.89
643417.07,99.25,69.99,641079.55,98.89
643417.07,99.25,69.99,641079.55,98.89
643417.07,99.25,69.99,641079.55,98.89
643417.07,99.25,69.99,641079.55,98.89
643417.07,99.25,69.99,641079.55,98.89
643417.07,99.25,69.99,641079.55,98.89
643417.07,99.25,69.99,641079.55,98.89
643417.07,99.25,69.99,641079.55,98.89
643417.07,99.25,69.99,641079.55,98.89
643417.07,99.25,69.99,641079.55,98.89
643417.07,99.25,69.99,641079.55,98.89
643417.07,99.25,69.99,641079.55,98.89
643417.07,99.25,69.99,641079.55,98.89
643417.07,99.25,69.99,641079.55,98.89
643417.07,99.25,69.99,641079.55,98.89
643417.07,99.25,69.99,641079.55,98.89
643417.07,99.25,69.99,641079.55,98.89
643417.07,99.25,69.99,641079.55,98.89
643417.07,99.25,69.99,641079.55,98.89
643417.07,99.25,69.99,641079.55,98.89
643417.07,99.25,69.99,641079.55,98.89
643417.07,99.25,69.99,641079.55,98.89
643417.07,99.25,69.99,641079.55,98.89
643417.07,99.25,69.99,641079.55,98.89
643417.07,99.25,69.99,641079.55,98.89
643417.07,99.25,69.99,641079.55,98.89
643417.07,99.25,69.99,641079.55,98.89
643417.07,99.25,69.99,641079.55,98.89
643417.07,99.25,69.99,641079.55,98.89
643313.94,99.25,69.99,640978.29,98.89
643313.94,99.25,69.99,640978.29,98.89
643313.94,99.25,69.99,640978.29,98.89
643313.94,99.25,69.99,640978.29,98.89
643313.94,99.25,69.99,640978.29,98.89
643155.31,99.25,70.0,640820.11,98.89
643155.31,99.25,70.0,640820.11,98.89
643155.31,99.25,70.0,640820.11,98.89
643155.31,99.25,70.0,640820.11,98.89
643155.31,99.25,70.0,640820.11,98.89
643155.31,99.25,70.0,640820.11,98.89
643155.31,99.25,70.0,640820.11,98.89
643155.31,99.25,70.0,640820.11,98.89
643155.31,99.25,70.0,640820.11,98.89
643155.31,99.25,70.0,640820.11,98.89
643155.31,99.25,70.0,640820.11,98.89
643155.31,99.25,70.0,640820.11,98.89
643155.31,99.25,70.0,640820.11,98.89
643155.31,99.25,70.0,640820.11,98.89
643155.31,99.25,70.0,640820.11,98.89
643155.31,99.25,70.0,640820.11,98.89
643155.31,99.25,70.0,640820.11,98.89
643155.31,99.25,70.0,640820.11,98.89
643155.31,99.25,70.0,640820.11,98.89
643155.31,99.25,70.0,640820.11,98.89
643155.31,99.25,70.0,640820.11,98.89
643155.31,99.25,70.0,640820.11,98.89
643155.31,99.25,70.0,640820.11,98.89
643155.31,99.25,70.0,640820.11,98.89
643155.31,99.25,70.0,640820.11,98.89
643155.31,99.25,70.0,640820.11,98.89
643155.31,99.25,70.0,640820.11,98.89
643155.31,99.25,70.0,640820.11,98.89
643155.31,99.25,70.0,640820.11,98.89
643155.31,99.25,70.0,640820.11,98.89
643155.31,99.25,70.0,640820.11,98.89
643105.31,99.25,69.99,640770.11,98.89
643105.31,99.25,69.99,640770.11,98.89
643105.31,99.25,69.99,640770.11,98.89
643105.31,99.25,69.99,640770.11,98.89
643105.31,99.25,69.99,640770.11,98.89
643105.31,99.25,69.99,640770.11,98.89
643105.31,99.25,69.99,640770.11,98.89
643105.31,99.25,69.99,640770.11,98.89
643105.31,99.25,69.99,640770.11,98.89
643105.31,99.25,69.99,640770.11,98.89
643105.31,99.25,69.99,640770.11,98.89
643105.31,99.25,69.99,640770.11,98.89
643105.31,99.25,69.99,640770.11,98.89
643105.31,99.25,69.99,640770.11,98.89
643105.31,99.25,69.99,640770.11,98.89
643105.31,99.25,69.99,640770.11,98.89
643105.31,99.25,69.99,640770.11,98.89
643105.31,99.25,69.99,640770.11,98.89
643105.31,99.25,69.99,640770.11,98.89
643105.31,99.25,69.99,640770.11,98.89
643105.31,99.25,69.99,640770.11,98.89
643105.31,99.25,69.99,640770.11,98.89
643105.31,99.25,69.99,640770.11,98.89
643105.31,99.25,69.99,640770.11,98.89
643105.31,99.25,69.99,640770.11,98.89
643105.31,99.25,69.99,640770.11,98.89
643105.31,99.25,69.99,640770.11,98.89
643105.31,99.25,69.99,640770.11,98.89
643105.31,99.25,69.99,640770.11,98.89
643105.31,99.25,69.99,640770.11,98.89
643105.31,99.25,69.99,640770.11,98.89
643105.31,99.25,69.99,640770.11,98.89
643105.31,99.25,69.99,640770.11,98.89
643105.31,99.25,69.99,640770.11,98.89
643105.31,99.25,69.99,640770.11,98.89
643105.31,99.25,69.99,640770.11,98.89
643105.31,99.25,69.99,640770.11,98.89
643105.31,99.25,69.99,640770.11,98.89
643105.31,99.25,69.99,640770.11,98.89
643105.31,99.25,69.99,640770.11,98.89
643105.31,99.25,69.99,640770.11,98.89
643105.31,99.25,69.99,640770.11,98.89
643105.31,99.25,69.99,640770.11,98.89
643105.31,99.25,69.99,640770.11,98.89
643105.31,99.25,69.99,640770.11,98.89
643105.31,99.25,69.99,640770.11,98.89
643105.31,99.25,69.99,640770.11,98.89
643105.31,99.25,69.99,640770.11,98.89
643105.31,99.25,69.99,640770.11,98.89
643105.31,99.25,69.99,640770.11,98.89
643105.31,99.25,69.99,640770.11,98.89
643105.31,99.25,69.99,640770.11,98.89
643105.31,99.25,69.99,640770.11,98.89
643105.31,99.25,69.99,640770.11,98.89
643105.31,99.25,69.99,640770.11,98.89
643105.31,99.25,69.99,640770.11,98.89
643105.31,99.25,69.99,640770.11,98.89
643105.31,99.25,69.99,640770.11,98.89
643105.31,99.25,69.99,640770.11,98.89
643105.31,99.25,69.99,640770.11,98.89
643105.31,99.25,69.99,640770.11,98.89
643105.31,99.25,69.99,640770.11,98.89
643105.31,99.25,69.99,640770.11,98.89
643105.31,99.25,69.99,640770.11,98.89
643105.31,99.25,69.99,640770.11,98.89
643105.31,99.25,69.99,640770.11,98.89
643105.31,99.25,69.99,640770.11,98.89
643105.31,99.25,69.99,640770.11,98.89
643105.31,99.25,69.99,640770.11,98.89
643105.31,99.25,69.99,640770.11,98.89
643105.31,99.25,69.99,640770.11,98.89
643105.31,99.25,69.99,640770.11,98.89
643105.31,99.25,69.99,640770.11,98.89
643105.31,99.25,69.99,640770.11,98.89
643105.31,99.25,69.99,640770.11,98.89
643105.31,99.25,69.99,640770.11,98.89
643105.31,99.25,69.99,640770.11,98.89
643105.31,99.25,69.99,640770.11,98.89
643105.31,99.25,69.99,640770.11,98.89
643105.31,99.25,69.99,640770.11,98.89
643105.31,99.25,69.99,640770.11,98.89
643105.31,99.25,69.99,640770.11,98.89
643105.31,99.25,69.99,640770.11,98.89
643105.31,99.25,69.99,640770.11,98.89
643105.31,99.25,69.99,640770.11,98.89
643105.31,99.25,69.99,640770.11,98.89
643105.31,99.25,69.99,640770.11,98.89
643105.31,99.25,69.99,640770.11,98.89
643105.31,99.25,69.99,640770.11,98.89
643105.31,99.25,69.99,640770.11,98.89
643105.31,99.25,69.99,640770.11,98.89
643105.31,99.25,69.99,640770.11,98.89
643105.31,99.25,69.99,640770.11,98.89
643105.31,99.25,69.99,640770.11,98.89
643105.31,99.25,69.99,640770.11,98.89
643105.31,99.25,69.99,640770.11,98.89
643105.31,99.25,69.99,640770.11,98.89
643105.31,99.25,69.99,640770.11,98.89
643105.31,99.25,69.99,640770.11,98.89
643105.31,99.25,69.99,640770.11,98.89
643105.31,99.25,69.99,640770.11,98.89
643105.31,99.25,69.99,640770.11,98.89
643105.31,99.25,69.99,640770.11,98.89
643105.31,99.25,69.99,640770.11,98.89
643105.31,99.25,69.99,640770.11,98.89
643105.31,99.25,69.99,640770.11,98.89
643105.31,99.25,69.99,640770.11,98.89
643105.31,99.25,69.99,640770.11,98.89
643105.31,99.25,69.99,640770.11,98.89
643105.31,99.25,69.99,640770.11,98.89
643105.31,99.25,69.99,640770.11,98.89
643105.31,99.25,69.99,640770.11,98.89
643105.31,99.25,69.99,640770.11,98.89
643105.31,99.25,69.99,640770.11,98.89
643105.31,99.25,69.99,640770.11,98.89
643105.31,99.25,69.99,640770.11,98.89
643105.31,99.25,69.99,640770.11,98.89
643105.31,99.25,69.99,640770.11,98.89
643105.31,99.25,69.99,640770.11,98.89
643105.31,99.25,69.99,640770.11,98.89
643105.31,99.25,69.99,640770.11,98.89
643105.31,99.25,69.99,640770.11,98.89
643105.31,99.25,69.99,640770.11,98.89
643105.31,99.25,69.99,640770.11,98.89
643105.31,99.25,69.99,640770.11,98.89
643105.31,99.25,69.99,640770.11,98.89
643105.31,99.25,69.99,640770.11,98.89
643105.31,99.25,69.99,640770.11,98.89
643105.31,99.25,69.99,640770.11,98.89
643105.31,99.25,69.99,640770.11,98.89
643105.31,99.25,69.99,640770.11,98.89
643105.31,99.25,69.99,640770.11,98.89
643105.31,99.25,69.99,640770.11,98.89
643105.31,99.25,69.99,640770.11,98.89
643105.31,99.25,69.99,640770.11,98.89
643105.31,99.25,69.99,640770.11,98.89
643105.31,99.25,69.99,640770.11,98.89
643105.31,99.25,69.99,640770.11,98.89
643105.31,99.25,69.99,640770.11,98.89
643105.31,99.25,69.99,640770.11,98.89
643105.31,99.25,69.99,640770.11,98.89
643105.31,99.25,69.99,640770.11,98.89
643105.31,99.25,69.99,640770.11,98.89
643105.31,99.25,69.99,640770.11,98.89
643105.31,99.25,69.99,640770.11,98.89
643105.31,99.25,69.99,640770.11,98.89
643105.31,99.25,69.99,640770.11,98.89
643105.31,99.25,69.99,640770.11,98.89
643105.31,99.25,69.99,640770.11,98.89
643105.31,99.25,69.99,640770.11,98.89
643105.31,99.25,69.99,640770.11,98.89
643105.31,99.25,69.99,640770.11,98.89
643105.31,99.25,69.99,640770.11,98.89
643105.31,99.25,69.99,640770.11,98.89
643105.31,99.25,69.99,640770.11,98.89
643105.31,99.25,69.99,640770.11,98.89
643105.31,99.25,69.99,640770.11,98.89
643105.31,99.25,69.99,640770.11,98.89
643105.31,99.25,69.99,640770.11,98.89
643105.31,99.25,69.99,640770.11,98.89
643105.31,99.25,69.99,640770.11,98.89
643105.31,99.25,69.99,640770.11,98.89
643105.31,99.25,69.99,640770.11,98.89
643105.31,99.25,69.99,640770.11,98.89
643105.31,99.25,69.99,640770.11,98.89
643105.31,99.25,69.99,640770.11,98.89
643105.31,99.25,69.99,640770.11,98.89
643105.31,99.25,69.99,640770.11,98.89
643105.31,99.25,69.99,640770.11,98.89
643105.31,99.25,69.99,640770.11,98.89
643105.31,99.25,69.99,640770.11,98.89
642998.06,99.25,70.0,640663.4,98.89
642998.06,99.25,70.0,640663.4,98.89
642998.06,99.25,70.0,640663.4,98.89
642998.06,99.25,70.0,640663.4,98.89
642998.06,99.25,70.0,640663.4,98.89
642998.06,99.25,70.0,640663.4,98.89
642998.06,99.25,70.0,640663.4,98.89
642998.06,99.25,70.0,640663.4,98.89
642998.06,99.25,70.0,640663.4,98.89
642998.06,99.25,70.0,640663.4,98.89
642998.06,99.25,70.0,640663.4,98.89
642998.06,99.25,70.0,640663.4,98.89
642998.06,99.25,70.0,640663.4,98.89
642998.06,99.25,70.0,640663.4,98.89
642998.06,99.25,70.0,640663.4,98.89
642998.06,99.25,70.0,640663.4,98.89
642998.06,99.25,70.0,640663.4,98.89
642998.06,99.25,70.0,640663.4,98.89
642998.06,99.25,70.0,640663.4,98.89
642998.06,99.25,70.0,640663.4,98.89
642998.06,99.25,70.0,640663.4,98.89
642998.06,99.25,70.0,640663.4,98.89
642998.06,99.25,70.0,640663.4,98.89
642998.06,99.25,70.0,640663.4,98.89
642998.06,99.25,70.0,640663.4,98.89
642998.06,99.25,70.0,640663.4,98.89
642998.06,99.25,70.0,640663.4,98.89
642998.06,99.25,70.0,640663.4,98.89
642998.06,99.25,70.0,640663.4,98.89
642998.06,99.25,70.0,640663.4,98.89
642998.06,99.25,70.0,640663.4,98.89
642998.06,99.25,70.0,640663.4,98.89
642998.06,99.25,70.0,640663.4,98.89
642998.06,99.25,70.0,640663.4,98.89
642998.06,99.25,70.0,640663.4,98.89
642998.06,99.25,70.0,640663.4,98.89
642998.06,99.25,70.0,640663.4,98.89
642998.06,99.25,70.0,640663.4,98.89
642998.06,99.25,70.0,640663.4,98.89
642998.06,99.25,70.0,640663.4,98.89
642998.06,99.25,70.0,640663.4,98.89
642998.06,99.25,70.0,640663.4,98.89
642998.06,99.25,70.0,640663.4,98.89
642998.06,99.25,70.0,640663.4,98.89
642998.06,99.25,70.0,640663.4,98.89
642998.06,99.25,70.0,640663.4,98.89
642998.06,99.25,70.0,640663.4,98.89
642998.06,99.25,70.0,640663.4,98.89
642998.06,99.25,70.0,640663.4,98.89
642998.06,99.25,70.0,640663.4,98.89
642998.06,99.25,70.0,640663.4,98.89
642998.06,99.25,70.0,640663.4,98.89
642998.06,99.25,70.0,640663.4,98.89
642998.06,99.25,70.0,640663.4,98.89
642998.06,99.25,70.0,640663.4,98.89
642998.06,99.25,70.0,640663.4,98.89
642998.06,99.25,70.0,640663.4,98.89
642998.06,99.25,70.0,640663.4,98.89
642998.06,99.25,70.0,640663.4,98.89
642998.06,99.25,70.0,640663.4,98.89
642998.06,99.25,70.0,640663.4,98.89
642888.33,99.25,69.99,640553.66,98.89
642888.33,99.25,69.99,640553.66,98.89
642888.33,99.25,69.99,640553.66,98.89
642888.33,99.25,69.99,640553.66,98.89
642888.33,99.25,69.99,640553.66,98.89
642888.33,99.25,69.99,640553.66,98.89
642888.33,99.25,69.99,640553.66,98.89
642888.33,99.25,69.99,640553.66,98.89
642888.33,99.25,69.99,640553.66,98.89
642888.33,99.25,69.99,640553.66,98.89
642888.33,99.25,69.99,640553.66,98.89
642888.33,99.25,69.99,640553.66,98.89
642888.33,99.25,69.99,640553.66,98.89
642888.33,99.25,69.99,640553.66,98.89
642888.33,99.25,69.99,640553.66,98.89
642888.33,99.25,69.99,640553.66,98.89
642888.33,99.25,69.99,640553.66,98.89
642888.33,99.25,69.99,640553.66,98.89
642888.33,99.25,69.99,640553.66,98.89
642888.33,99.25,69.99,640553.66,98.89
642888.33,99.25,69.99,640553.66,98.89
642888.33,99.25,69.99,640553.66,98.89
642888.33,99.25,69.99,640553.66,98.89
642888.33,99.25,69.99,640553.66,98.89
642888.33,99.25,69.99,640553.66,98.89
642888.33,99.25,69.99,640553.66,98.89
642888.33,99.25,69.99,640553.66,98.89
642888.33,99.25,69.99,640553.66,98.89
642888.33,99.25,69.99,640553.66,98.89
642888.33,99.25,69.99,640553.66,98.89
642888.33,99.25,69.99,640553.66,98.89
642888.33,99.25,69.99,640553.66,98.89
642888.33,99.25,69.99,640553.66,98.89
642888.33,99.25,69.99,640553.66,98.89
642888.33,99.25,69.99,640553.66,98.89
642888.33,99.25,69.99,640553.66,98.89
642888.33,99.25,69.99,640553.66,98.89
642888.33,99.25,69.99,640553.66,98.89
642888.33,99.25,69.99,640553.66,98.89
642888.33,99.25,69.99,640553.66,98.89
642888.33,99.25,69.99,640553.66,98.89
642888.33,99.25,69.99,640553.66,98.89
642888.33,99.25,69.99,640553.66,98.89
642888.33,99.25,69.99,640553.66,98.89
642888.33,99.25,69.99,640553.66,98.89
642888.33,99.25,69.99,640553.66,98.89
642888.33,99.25,69.99,640553.66,98.89
642888.33,99.25,69.99,640553.66,98.89
642888.33,99.25,69.99,640553.66,98.89
642888.33,99.25,69.99,640553.66,98.89
642888.33,99.25,69.99,640553.66,98.89
642888.33,99.25,69.99,640553.66,98.89
642888.33,99.25,69.99,640553.66,98.89
642888.33,99.25,69.99,640553.66,98.89
642888.33,99.25,69.99,640553.66,98.89
642888.33,99.25,69.99,640553.66,98.89
642888.33,99.25,69.99,640553.66,98.89
642888.33,99.25,69.99,640553.66,98.89
642888.33,99.25,69.99,640553.66,98.89
642731.86,99.25,69.99,640396.7,98.89
642731.86,99.25,69.99,640396.7,98.89
642731.86,99.25,69.99,640396.7,98.89
642731.86,99.25,69.99,640396.7,98.89
642573.89,99.25,69.99,640265.25,98.89
642573.89,99.25,69.99,640265.25,98.89
642573.89,99.25,69.99,640265.25,98.89
642573.89,99.25,69.99,640265.25,98.89
642573.89,99.25,69.99,640265.25,98.89
642573.89,99.25,69.99,640265.25,98.89
642573.89,99.25,69.99,640265.25,98.89
642573.89,99.25,69.99,640265.25,98.89
642573.89,99.25,69.99,640265.25,98.89
642573.89,99.25,69.99,640265.25,98.89
642573.89,99.25,69.99,640265.25,98.89
642573.89,99.25,69.99,640265.25,98.89
642573.89,99.25,69.99,640265.25,98.89
642573.89,99.25,69.99,640265.25,98.89
642573.89,99.25,69.99,640265.25,98.89
642573.89,99.25,69.99,640265.25,98.89
642573.89,99.25,69.99,640265.25,98.89
642573.89,99.25,69.99,640265.25,98.89
642573.89,99.25,69.99,640265.25,98.89
642573.89,99.25,69.99,640265.25,98.89
642573.89,99.25,69.99,640265.25,98.89
642573.89,99.25,69.99,640265.25,98.89
642573.89,99.25,69.99,640265.25,98.89
642573.89,99.25,69.99,640265.25,98.89
642573.89,99.25,69.99,640265.25,98.89
642573.89,99.25,69.99,640265.25,98.89
642573.89,99.25,69.99,640265.25,98.89
642573.89,99.25,69.99,640265.25,98.89
642573.89,99.25,69.99,640265.25,98.89
642573.89,99.25,69.99,640265.25,98.89
642573.89,99.25,69.99,640265.25,98.89
642573.89,99.25,69.99,640265.25,98.89
642573.89,99.25,69.99,640265.25,98.89
642573.89,99.25,69.99,640265.25,98.89
642573.89,99.25,69.99,640265.25,98.89
642573.89,99.25,69.99,640265.25,98.89
642573.89,99.25,69.99,640265.25,98.89
642573.89,99.25,69.99,640265.25,98.89
642573.89,99.25,69.99,640265.25,98.89
642573.89,99.25,69.99,640265.25,98.89
642573.89,99.25,69.99,640265.25,98.89
