ow_gpuspec25-dr_0.0-tn_1.3-ts_42-if_1.0-ccmd_1522-policy_Random1000desharemd8fc0-de_share-gs_random-scmd_8fc0-origin_milli,ow_gpuspec25-dr_0.0-tn_1.3-ts_42-if_1.0-ccmd_1522-policy_Random1000desharemd8fc0-de_share-gs_random-scmd_8fc0-origin_ratio,ow_gpuspec25-dr_0.0-tn_1.3-ts_42-if_1.0-ccmd_1522-policy_Random1000desharemd8fc0-de_share-gs_random-scmd_8fc0-origin_q124,ow_gpuspec25-dr_0.0-tn_1.3-ts_42-if_1.0-ccmd_1522-policy_Random1000desharemd8fc0-de_share-gs_random-scmd_8fc0-bellman_milli,ow_gpuspec25-dr_0.0-tn_1.3-ts_42-if_1.0-ccmd_1522-policy_Random1000desharemd8fc0-de_share-gs_random-scmd_8fc0-bellman_ratio
1794185.93,28.88,0.37,203782.42,3.28
1794105.99,28.89,0.37,203791.37,3.28
1793837.81,28.89,0.37,203773.35,3.28
1793622.32,28.89,0.37,203709.85,3.28
1793406.83,28.89,0.37,203702.49,3.28
1793379.3,28.89,0.38,203798.61,3.28
1793555.93,28.9,0.38,203802.91,3.28
1793615.02,28.9,0.39,203804.26,3.28
1793587.49,28.9,0.39,203900.38,3.29
1793964.04,28.91,0.4,203921.07,3.29
1793936.51,28.91,0.4,204017.2,3.29
1793668.34,28.91,0.4,204019.53,3.29
1793819.53,28.92,0.4,204027.09,3.29
1794004.55,28.92,0.41,204027.57,3.29
1794004.55,28.92,0.41,203971.52,3.29
1793787.51,28.93,0.41,203990.04,3.29
1793972.53,28.93,0.41,203990.52,3.29
1794157.55,28.94,0.42,203991.0,3.29
1793889.38,28.94,0.42,203991.45,3.29
1793621.21,28.94,0.42,203993.78,3.29
1793621.21,28.94,0.42,203938.75,3.29
1793837.65,28.94,0.42,204009.71,3.29
1793867.61,28.94,0.43,204021.96,3.29
1793761.72,28.94,0.43,203585.57,3.29
1794083.84,28.95,0.43,203526.56,3.28
1794115.35,28.95,0.43,204174.61,3.29
1793899.85,28.95,0.43,204111.55,3.29
1793631.68,28.95,0.43,204113.88,3.29
1793606.48,28.96,0.44,204100.96,3.29
1793390.98,28.96,0.44,204037.9,3.29
1793738.17,28.96,0.44,204023.35,3.29
1793469.99,28.96,0.44,204025.68,3.29
1793484.45,28.96,0.44,204018.8,3.29
1793700.9,28.97,0.45,204089.76,3.3
1793432.73,28.97,0.45,204094.28,3.3
1793134.6,28.97,0.45,204084.22,3.3
1792866.42,28.97,0.45,204086.55,3.3
1792581.34,28.97,0.45,204138.59,3.3
1792313.16,28.97,0.45,204140.93,3.3
1792529.61,28.98,0.46,204211.89,3.3
1792559.56,28.98,0.46,204224.14,3.3
1792291.39,28.98,0.46,204222.88,3.3
1792291.39,28.98,0.46,204212.98,3.3
1791997.78,28.98,0.46,204214.76,3.3
1792305.13,28.98,0.46,204275.02,3.3
1792027.14,28.98,0.46,204265.32,3.3
1792041.6,28.98,0.46,204258.43,3.3
1792317.17,28.99,0.47,204256.38,3.3
1792101.67,28.99,0.47,204193.32,3.3
1792074.14,28.99,0.47,204289.45,3.31
1793404.29,29.02,0.49,205375.65,3.32
1793691.17,29.02,0.5,205315.47,3.32
1793423.0,29.02,0.5,205319.99,3.32
1793154.83,29.02,0.5,205317.02,3.32
1792886.65,29.02,0.5,205317.46,3.32
1793194.0,29.03,0.51,205377.73,3.32
1792978.5,29.03,0.51,205314.66,3.32
1792710.33,29.03,0.51,205311.69,3.32
1792442.16,29.03,0.51,205309.76,3.33
1792362.22,29.03,0.51,205318.71,3.33
1792094.05,29.03,0.51,205316.29,3.33
1791825.87,29.03,0.51,205316.73,3.33
1792133.22,29.04,0.52,205377.0,3.33
1791865.05,29.04,0.52,205376.07,3.33
1791649.55,29.04,0.52,205313.01,3.33
1791381.38,29.04,0.52,205315.34,3.33
1791165.89,29.04,0.52,205307.97,3.33
1791165.89,29.04,0.52,205252.95,3.33
1790897.71,29.04,0.52,205252.02,3.33
1790974.67,29.05,0.53,205080.14,3.33
1791191.11,29.06,0.53,205151.1,3.33
1790703.82,29.05,0.53,204621.04,3.32
1790487.55,29.05,0.53,204605.18,3.32
1790376.38,29.06,0.53,204127.28,3.31
1790296.44,29.06,0.53,204136.23,3.31
1790310.9,29.06,0.53,204129.34,3.31
1790095.41,29.06,0.53,204134.6,3.31
1790172.36,29.07,0.54,203942.35,3.31
1790092.42,29.07,0.54,203951.3,3.31
1788828.12,29.07,0.54,203918.45,3.31
1788828.12,29.07,0.54,203863.9,3.31
1788722.75,29.07,0.55,203875.18,3.31
1788722.75,29.07,0.55,203820.64,3.31
1788642.81,29.07,0.55,203829.58,3.31
1788337.19,29.07,0.55,203771.01,3.31
1788069.02,29.07,0.55,203750.39,3.31
1788069.02,29.07,0.55,203695.36,3.31
1788041.49,29.08,0.55,203791.49,3.31
1787773.31,29.08,0.55,203788.52,3.31
1787479.19,29.08,0.55,203106.99,3.3
1787263.7,29.08,0.55,203043.48,3.3
1786995.52,29.08,0.55,203045.81,3.3
1787417.76,29.09,0.56,203167.5,3.31
1787337.82,29.09,0.56,203176.45,3.31
1787069.65,29.09,0.57,203174.02,3.31
1786784.56,29.09,0.57,202934.8,3.3
1787375.78,29.1,0.58,203245.36,3.31
1787683.13,29.11,0.58,203305.62,3.31
1787683.13,29.11,0.58,203251.08,3.31
1787657.92,29.11,0.59,203238.16,3.31
1787577.98,29.11,0.59,203247.11,3.31
1787779.78,29.12,0.59,203228.43,3.31
1787673.89,29.12,0.6,202792.04,3.3
1788667.82,29.14,0.61,203685.14,3.32
1788682.28,29.14,0.61,203672.61,3.32
1788383.89,29.14,0.61,203602.68,3.32
1788168.4,29.14,0.61,203539.16,3.32
1787952.91,29.14,0.61,203544.42,3.32
1787925.38,29.14,0.62,203640.55,3.32
1787709.88,29.15,0.62,203577.04,3.32
1787886.51,29.15,0.62,203581.89,3.32
1787671.02,29.15,0.62,203687.13,3.32
1787393.03,29.15,0.62,203689.46,3.32
1787313.09,29.16,0.62,203698.41,3.32
1787044.92,29.16,0.62,203702.93,3.32
1786739.3,29.16,0.62,203955.86,3.33
1786523.81,29.16,0.62,203892.42,3.33
1786538.27,29.16,0.62,203885.53,3.33
1786538.27,29.16,0.62,203977.58,3.33
1786538.27,29.16,0.62,203953.83,3.33
1786538.27,29.16,0.62,203896.37,3.33
1786270.1,29.16,0.63,203900.89,3.33
1786054.6,29.16,0.63,203837.59,3.33
1785839.11,29.16,0.63,203842.85,3.33
1785811.58,29.16,0.63,203938.98,3.33
1785811.58,29.16,0.63,203880.6,3.33
1785826.04,29.16,0.63,203873.72,3.33
1785610.55,29.16,0.63,203866.35,3.33
1786604.48,29.18,0.64,204759.44,3.34
1786604.48,29.18,0.64,204749.54,3.34
1786618.94,29.18,0.64,204742.65,3.34
1786728.05,29.19,0.65,204738.63,3.34
1786648.11,29.19,0.65,204747.58,3.34
1787642.04,29.2,0.67,205640.67,3.36
1787426.55,29.21,0.67,205645.93,3.36
1787118.61,29.21,0.67,205563.01,3.36
1787333.5,29.21,0.67,205876.84,3.36
1787118.01,29.21,0.67,205882.1,3.37
1786849.83,29.21,0.67,205879.68,3.37
1786822.3,29.22,0.68,205817.17,3.37
1786554.13,29.22,0.68,205821.69,3.37
1786338.64,29.22,0.68,205758.43,3.37
1786353.1,29.22,0.68,205745.9,3.37
1786775.34,29.23,0.69,205867.59,3.37
1786559.85,29.23,0.69,205860.22,3.37
1787553.78,29.25,0.7,206753.32,3.38
1787581.12,29.25,0.71,206999.7,3.39
1787757.75,29.25,0.71,207004.0,3.39
1787464.14,29.25,0.71,207004.78,3.39
1787436.61,29.26,0.71,207100.91,3.39
1787409.08,29.26,0.72,207197.03,3.39
1787193.59,29.26,0.72,207133.77,3.39
1787087.7,29.26,0.72,206697.38,3.38
1786872.21,29.27,0.72,206702.64,3.39
1787009.07,29.27,0.72,206671.44,3.39
1786714.94,29.27,0.72,205972.88,3.37
1786446.77,29.27,0.73,205970.46,3.37
1786419.24,29.27,0.73,206066.59,3.38
1786151.07,29.27,0.73,206051.36,3.38
1786391.46,29.28,0.73,205770.08,3.37
1786590.93,29.29,0.74,205708.95,3.37
1786375.44,29.29,0.74,205701.58,3.37
1786107.26,29.29,0.74,205703.91,3.37
1786292.29,29.29,0.74,205704.4,3.37
1786024.11,29.29,0.75,205704.84,3.37
1785944.17,29.3,0.75,205713.79,3.37
1785728.68,29.3,0.75,205650.72,3.37
1785511.64,29.3,0.75,205669.25,3.37
1785787.2,29.3,0.75,205673.1,3.38
1785519.03,29.31,0.75,205657.88,3.38
1785826.37,29.31,0.76,205597.96,3.37
1785558.2,29.31,0.76,205602.48,3.38
1785865.55,29.32,0.77,205542.57,3.37
1785865.55,29.32,0.77,205486.51,3.37
1785556.83,29.32,0.77,204893.27,3.36
1785556.83,29.32,0.77,204882.7,3.36
1785258.45,29.32,0.77,204812.52,3.36
1784990.27,29.32,0.77,204817.04,3.36
1784962.74,29.32,0.77,204913.17,3.37
1784747.25,29.32,0.77,204918.43,3.37
1784761.71,29.32,0.77,204905.68,3.37
1784546.22,29.33,0.77,204910.94,3.37
1784722.85,29.33,0.78,204915.79,3.37
1784612.95,29.33,0.78,204890.85,3.37
1784344.78,29.33,0.78,204881.15,3.37
1784403.87,29.34,0.78,204882.49,3.37
1784433.83,29.34,0.78,204894.74,3.37
1784448.29,29.34,0.78,204882.21,3.37
1784795.82,29.34,0.79,204884.33,3.37
1785071.38,29.35,0.8,204888.18,3.37
1785378.73,29.36,0.8,204948.45,3.37
1785272.84,29.36,0.81,204512.06,3.36
1785057.34,29.36,0.81,204448.79,3.36
1785028.26,29.36,0.81,204855.42,3.37
1785042.73,29.36,0.81,204848.54,3.37
1785057.19,29.36,0.81,204818.88,3.37
1784841.69,29.37,0.81,204824.14,3.37
1784736.32,29.37,0.81,204812.34,3.37
1784736.32,29.37,0.81,204788.59,3.37
1785075.12,29.37,0.82,205215.18,3.38
1784995.18,29.38,0.82,205224.13,3.38
1785235.57,29.38,0.83,204942.85,3.37
1785020.08,29.38,0.83,204879.78,3.37
1784803.03,29.38,0.83,204898.4,3.37
1784587.54,29.39,0.83,204834.96,3.37
1784646.64,29.39,0.83,204836.31,3.37
1784431.14,29.39,0.83,204941.88,3.38
1784243.65,29.39,0.83,204831.33,3.37
1784243.65,29.39,0.83,204776.78,3.37
1784026.61,29.39,0.83,204702.72,3.37
1783758.43,29.39,0.83,204707.24,3.37
1783542.94,29.39,0.83,204644.17,3.37
1783437.05,29.4,0.83,204207.78,3.37
1783688.49,29.4,0.84,204200.31,3.37
1783904.94,29.41,0.84,204271.27,3.37
1783689.44,29.41,0.85,204207.76,3.37
1783905.89,29.42,0.85,204278.72,3.37
1783690.39,29.42,0.85,204271.36,3.37
1783422.22,29.42,0.85,204275.87,3.37
1783598.85,29.42,0.86,204280.17,3.37
1783330.68,29.42,0.86,204282.5,3.37
1783220.78,29.43,0.86,204265.35,3.37
1783131.03,29.43,0.86,204274.3,3.37
1782915.54,29.43,0.86,204211.24,3.37
1782930.0,29.43,0.86,204198.49,3.37
1782714.5,29.43,0.86,204203.75,3.37
1782874.22,29.44,0.87,204475.23,3.38
1782576.09,29.44,0.87,204505.54,3.38
1782792.54,29.44,0.87,204576.5,3.38
1783161.17,29.45,0.88,204250.1,3.37
1782945.67,29.45,0.88,204242.73,3.37
1782840.3,29.45,0.88,204254.0,3.37
1782812.77,29.46,0.89,204350.13,3.38
1783037.36,29.46,0.89,204289.48,3.38
1782927.47,29.46,0.89,204269.93,3.38
1783038.9,29.47,0.9,204255.68,3.38
1783350.04,29.48,0.9,203827.89,3.37
1783350.04,29.48,0.9,203773.35,3.37
1783379.99,29.48,0.9,203785.6,3.37
1783409.95,29.48,0.9,203797.85,3.37
1783141.78,29.48,0.91,203794.56,3.37
1783035.88,29.48,0.91,203358.17,3.36
1781834.08,29.48,0.91,203322.61,3.36
1781617.03,29.48,0.91,203341.13,3.36
1781318.91,29.48,0.91,203304.83,3.36
1781050.73,29.48,0.91,203303.57,3.37
1780835.24,29.48,0.91,203240.28,3.36
1780567.07,29.48,0.91,203239.02,3.37
1780743.7,29.49,0.92,203243.87,3.37
1780450.09,29.49,0.92,203239.16,3.37
1780234.59,29.49,0.92,203175.64,3.37
1780411.22,29.49,0.92,203180.49,3.37
1780195.73,29.5,0.92,203173.13,3.37
1779978.69,29.5,0.92,203167.39,3.37
1779898.75,29.5,0.92,203176.34,3.37
1779683.25,29.5,0.92,203113.07,3.37
1780136.31,29.51,0.93,203278.29,3.37
1779838.18,29.51,0.93,203255.04,3.37
1779540.05,29.51,0.93,203239.29,3.37
1779271.88,29.51,0.93,203243.81,3.37
1779003.71,29.51,0.94,203248.33,3.37
1778735.53,29.51,0.94,203245.91,3.37
1778920.56,29.52,0.94,203246.39,3.37
1778652.38,29.52,0.94,203246.83,3.37
1778652.38,29.52,0.94,203190.69,3.37
1778374.4,29.52,0.94,203195.21,3.37
1778157.35,29.52,0.94,203189.91,3.37
1777859.23,29.52,0.94,203165.19,3.37
1778166.57,29.53,0.95,203105.28,3.37
1777679.28,29.52,0.95,202575.22,3.36
1777650.2,29.52,0.95,202753.32,3.37
1777849.67,29.53,0.95,202692.19,3.37
1778064.56,29.54,0.96,202925.59,3.37
1778079.03,29.54,0.96,202918.7,3.37
1778426.55,29.54,0.97,202920.82,3.37
1778643.0,29.55,0.97,202991.78,3.37
1779025.68,29.56,0.98,204063.48,3.39
1778727.56,29.56,0.98,204035.37,3.39
1778647.62,29.56,0.98,204044.32,3.39
1778379.44,29.56,0.98,204048.84,3.39
1778299.5,29.56,0.98,204057.79,3.39
1778299.5,29.56,0.98,204002.76,3.39
1778476.13,29.57,0.99,204007.06,3.39
1778182.53,29.57,0.99,204008.51,3.39
1777914.35,29.57,0.99,204005.53,3.39
1777834.41,29.57,0.99,204014.48,3.39
1777825.76,29.58,1.0,203674.09,3.39
1777610.27,29.58,1.0,203610.58,3.39
1777826.71,29.58,1.0,203681.54,3.39
1777609.67,29.58,1.0,203676.25,3.39
1777529.73,29.59,1.01,203685.2,3.39
1777261.56,29.59,1.01,203682.11,3.39
1777478.0,29.59,1.01,203753.08,3.39
1777492.46,29.59,1.01,203746.19,3.39
1777464.93,29.6,1.02,203842.32,3.39
1777384.99,29.6,1.02,203851.27,3.39
1777384.99,29.6,1.02,203782.5,3.39
1777116.82,29.6,1.02,203787.01,3.39
1776818.69,29.6,1.02,203762.59,3.39
1776865.65,29.6,1.02,203757.8,3.39
1776299.35,29.6,1.02,203797.79,3.4
1776299.35,29.6,1.02,203864.56,3.4
1776193.46,29.61,1.02,203428.17,3.39
1776193.46,29.61,1.02,203373.14,3.39
1775925.28,29.61,1.02,203373.58,3.39
1775657.11,29.61,1.03,203374.02,3.39
1775577.17,29.61,1.03,203382.97,3.39
1775361.68,29.61,1.03,203319.71,3.39
1775093.5,29.61,1.03,203316.42,3.39
1774893.63,29.61,1.03,203316.3,3.39
1774787.74,29.61,1.03,202879.9,3.39
1775093.54,29.62,1.04,203396.5,3.39
1775066.01,29.62,1.04,203492.63,3.4
1774850.51,29.63,1.04,203429.13,3.4
1774582.34,29.63,1.04,203428.2,3.4
1774582.34,29.63,1.04,203372.14,3.4
1774314.17,29.63,1.04,203374.48,3.4
1774421.73,29.63,1.05,203626.26,3.4
1774453.23,29.63,1.05,204274.31,3.41
1774185.06,29.63,1.05,204271.23,3.41
1773604.3,29.63,1.05,204293.56,3.41
1773911.17,29.64,1.06,204307.58,3.41
1774129.94,29.65,1.06,204296.25,3.41
1773861.77,29.65,1.06,204296.69,3.41
1773834.24,29.65,1.06,204392.81,3.42
1773618.74,29.65,1.06,204329.3,3.42
1773320.62,29.65,1.06,204296.71,3.42
1773103.57,29.65,1.06,204473.87,3.42
1773074.49,29.66,1.07,204880.5,3.43
1773074.49,29.66,1.07,204856.75,3.43
1772994.56,29.66,1.07,204865.7,3.43
1773078.11,29.66,1.07,204883.4,3.43
1773385.45,29.67,1.08,204943.66,3.43
1773169.96,29.67,1.08,204880.6,3.43
1773169.96,29.67,1.08,204875.38,3.43
1773169.96,29.67,1.08,204820.83,3.43
1773386.4,29.68,1.09,204891.8,3.43
1773358.87,29.68,1.09,204987.92,3.43
1773358.87,29.68,1.09,204987.67,3.43
1773064.75,29.68,1.09,204289.11,3.42
1773441.29,29.69,1.1,204309.8,3.42
1773143.17,29.69,1.1,204285.08,3.42
1772845.04,29.69,1.1,204263.5,3.42
1772614.79,29.69,1.1,204310.99,3.42
1772614.79,29.69,1.1,204288.35,3.42
1772922.14,29.7,1.1,204228.44,3.42
1773068.82,29.7,1.11,204193.85,3.42
1772800.64,29.7,1.11,204196.18,3.42
1772815.1,29.7,1.11,204189.29,3.42
1772834.43,29.7,1.11,204109.29,3.42
1772806.9,29.71,1.12,204205.41,3.42
1770451.83,29.71,1.12,204154.88,3.43
1770234.79,29.71,1.12,204080.81,3.43
1769966.62,29.71,1.12,204083.15,3.43
1769658.68,29.71,1.12,204052.74,3.43
1770080.92,29.72,1.13,204174.43,3.43
1770139.79,29.73,1.13,203937.07,3.42
1770316.42,29.73,1.14,203941.37,3.43
1770100.93,29.73,1.14,203878.3,3.42
1769807.32,29.73,1.14,203883.34,3.43
1769499.38,29.73,1.14,204210.61,3.43
1769282.34,29.73,1.14,204204.87,3.43
1769066.84,29.74,1.14,204141.35,3.43
1769377.98,29.74,1.15,203713.57,3.42
1769109.81,29.74,1.15,203712.32,3.42
1768811.68,29.74,1.15,203685.5,3.42
1768731.74,29.75,1.15,203694.45,3.43
1768704.21,29.75,1.15,203631.94,3.43
1768880.84,29.75,1.16,203633.83,3.43
1768612.67,29.75,1.16,203626.66,3.43
1768344.5,29.76,1.16,203625.73,3.43
1768129.0,29.76,1.16,203630.99,3.43
1767860.83,29.76,1.16,203627.91,3.43
1767860.83,29.76,1.16,203608.03,3.43
1768106.69,29.76,1.17,203216.76,3.42
1768323.13,29.77,1.17,203287.72,3.42
1768382.23,29.77,1.18,203289.07,3.42
1768382.23,29.77,1.18,203198.27,3.42
1768114.06,29.77,1.18,203200.6,3.42
1767898.56,29.78,1.18,203205.86,3.42
1767792.67,29.78,1.18,202769.47,3.42
1768009.12,29.78,1.19,202840.43,3.42
1767740.94,29.78,1.19,202837.46,3.42
1767523.9,29.79,1.19,202855.98,3.42
1767306.86,29.79,1.19,202850.24,3.42
1767196.96,29.79,1.19,202830.73,3.42
1766928.79,29.79,1.19,202828.31,3.42
1764573.72,29.79,1.19,202777.77,3.42
1764546.19,29.79,1.19,202873.9,3.43
1764247.81,29.79,1.19,202862.02,3.43
1764398.55,29.8,1.2,202857.49,3.43
1764100.42,29.8,1.2,202820.91,3.43
1763884.93,29.8,1.2,202826.17,3.43
1764061.56,29.81,1.21,202831.02,3.43
1763846.06,29.81,1.21,202767.73,3.43
1763766.12,29.81,1.21,202776.68,3.43
1763875.23,29.82,1.21,202772.66,3.43
1763607.06,29.82,1.21,202777.17,3.43
1763329.07,29.82,1.21,202776.25,3.43
1763112.03,29.82,1.21,202702.18,3.43
1762817.91,29.82,1.21,202003.62,3.42
1762549.73,29.82,1.22,202002.69,3.42
1762251.6,29.82,1.22,201972.31,3.42
1762036.11,29.82,1.22,201909.25,3.42
1761767.94,29.82,1.22,201911.58,3.42
1762359.16,29.83,1.23,202222.14,3.42
1762090.99,29.83,1.23,202214.71,3.42
1762090.99,29.83,1.23,202189.52,3.42
1761822.81,29.83,1.23,202191.85,3.42
1761822.81,29.83,1.23,202033.22,3.42
1761814.16,29.84,1.23,201692.83,3.42
1761506.22,29.84,1.23,201656.52,3.42
1761506.22,29.84,1.23,201632.76,3.42
1761212.1,29.84,1.24,200934.2,3.4
1761523.23,29.85,1.24,200506.42,3.4
1761255.06,29.85,1.24,200510.94,3.4
1761039.57,29.85,1.24,200447.43,3.4
1761054.03,29.85,1.24,200434.9,3.4
1761054.03,29.85,1.24,200414.25,3.4
1761224.59,29.85,1.25,200459.58,3.4
1760956.42,29.85,1.25,200444.36,3.4
1760850.52,29.86,1.25,200007.97,3.39
1760850.52,29.86,1.25,200062.07,3.39
1760582.35,29.86,1.25,200060.14,3.39
1760937.88,29.86,1.26,200053.58,3.39
1760722.38,29.86,1.26,199990.29,3.39
1760694.85,29.87,1.26,200086.42,3.39
1760401.24,29.87,1.26,200091.46,3.39
1760556.31,29.87,1.27,200072.57,3.39
1760528.78,29.88,1.27,200168.7,3.4
1760418.89,29.88,1.27,200151.17,3.4
1760446.23,29.88,1.28,200142.96,3.4
1760230.74,29.88,1.28,200079.45,3.4
1760578.27,29.89,1.28,200081.56,3.4
1760272.65,29.89,1.28,199984.58,3.4
1759974.52,29.89,1.28,199958.98,3.4
1759759.03,29.89,1.28,199964.23,3.4
1759490.86,29.89,1.28,199964.68,3.4
1759667.49,29.9,1.29,199968.97,3.4
1759844.12,29.9,1.3,199973.26,3.4
1759538.5,29.9,1.3,199774.31,3.4
1759270.33,29.9,1.3,199773.38,3.4
1759054.83,29.91,1.3,199778.64,3.4
1758786.66,29.91,1.3,199771.48,3.4
1759062.22,29.91,1.3,199769.43,3.4
1758794.05,29.91,1.3,199771.76,3.4
1758766.52,29.92,1.31,199867.89,3.4
1758738.99,29.92,1.31,199964.02,3.4
1758440.86,29.92,1.31,199987.8,3.4
1758225.37,29.92,1.31,199924.74,3.4
1758009.88,29.92,1.31,199930.0,3.4
1757929.94,29.93,1.31,199938.95,3.4
1757850.0,29.93,1.32,199947.9,3.4
1757551.87,29.93,1.32,199916.47,3.4
1757768.31,29.93,1.32,199987.43,3.41
1757470.19,29.93,1.32,199951.79,3.41
1757500.14,29.94,1.32,199955.47,3.41
1757514.6,29.94,1.32,199943.65,3.41
1757299.11,29.94,1.32,199880.59,3.41
1757329.06,29.94,1.32,199892.84,3.41
1757113.57,29.94,1.32,199885.47,3.41
1757113.57,29.94,1.32,199830.44,3.4
1757033.63,29.94,1.33,199839.39,3.41
1756748.54,29.94,1.33,199890.99,3.41
1757066.12,29.95,1.33,199857.56,3.41
1756781.03,29.95,1.33,199585.84,3.4
1756660.55,29.95,1.34,199054.21,3.39
1756540.07,29.95,1.34,198846.33,3.39
1756570.02,29.95,1.34,198858.58,3.39
1756354.53,29.95,1.34,198795.51,3.39
1756638.81,29.96,1.35,199050.66,3.4
1756423.31,29.96,1.35,198987.4,3.39
1756206.27,29.96,1.35,199005.92,3.4
1757536.42,29.99,1.37,200092.13,3.41
1757843.77,29.99,1.37,200032.22,3.41
1757545.64,29.99,1.37,200007.63,3.41
1757277.46,29.99,1.38,200004.34,3.41
1757277.46,29.99,1.38,200087.0,3.42
1757061.97,30.0,1.38,200079.63,3.42
1756793.8,30.0,1.38,200080.07,3.42
1756683.9,30.0,1.38,200065.46,3.42
1756466.86,30.0,1.38,200578.91,3.43
1756496.81,30.0,1.38,200591.16,3.43
1756281.32,30.0,1.38,200527.64,3.43
1756013.15,30.0,1.38,200532.16,3.43
1755797.65,30.0,1.38,200469.1,3.43
1755944.33,30.01,1.39,200443.69,3.43
1755646.2,30.01,1.39,200407.11,3.43
1755348.07,30.01,1.39,200383.3,3.43
1755320.54,30.01,1.39,200479.43,3.43
1754883.62,30.01,1.39,200070.41,3.42
1754575.68,30.01,1.39,200932.11,3.44
1754575.68,30.01,1.39,200875.97,3.44
1754581.88,30.01,1.39,201638.4,3.45
1754313.71,30.01,1.39,201642.92,3.45
1754690.25,30.02,1.39,201663.61,3.45
1754474.76,30.02,1.39,201600.17,3.45
1754181.15,30.02,1.39,201607.4,3.45
1753707.37,30.02,1.39,200990.51,3.44
1753814.93,30.02,1.39,201298.19,3.45
1753814.93,30.02,1.39,201240.73,3.44
1753546.75,30.02,1.4,201241.17,3.45
1753331.26,30.02,1.4,201246.43,3.45
1753516.28,30.03,1.4,201246.91,3.45
1753028.99,30.02,1.4,200716.86,3.44
1752813.49,30.03,1.4,200722.11,3.44
1752521.05,30.03,1.4,200712.08,3.44
1752252.87,30.03,1.4,200704.73,3.44
1752035.83,30.03,1.4,200985.97,3.44
1752006.75,30.03,1.4,201143.93,3.45
1752006.75,30.03,1.4,201087.87,3.45
1751791.26,30.03,1.4,201024.36,3.45
1751578.09,30.03,1.4,201008.49,3.45
1751362.59,30.04,1.4,200944.99,3.45
1751503.47,30.04,1.41,201012.1,3.45
1751287.97,30.04,1.41,200948.58,3.45
1750994.37,30.04,1.41,200951.73,3.45
1751025.87,30.04,1.41,200829.02,3.45
1750717.93,30.04,1.41,200819.11,3.45
1750690.4,30.05,1.41,200915.24,3.45
1751065.4,30.05,1.42,201341.43,3.46
1750849.9,30.06,1.42,201346.69,3.46
1750634.41,30.06,1.42,201283.62,3.46
1750366.23,30.06,1.42,201284.06,3.46
1750098.06,30.06,1.42,201288.58,3.46
1750274.69,30.06,1.43,201293.43,3.46
1749976.56,30.06,1.43,201264.92,3.46
1749759.52,30.06,1.43,201283.45,3.46
1749544.03,30.07,1.43,201274.96,3.46
1749250.42,30.07,1.43,201274.69,3.46
1749144.53,30.07,1.43,200838.3,3.45
1748846.4,30.07,1.43,200816.72,3.45
1748923.35,30.08,1.44,200624.47,3.45
1748707.86,30.08,1.44,200561.04,3.45
1748990.98,30.08,1.44,200862.92,3.45
1749005.44,30.08,1.44,200856.03,3.45
1748788.4,30.08,1.44,200794.59,3.45
1748708.46,30.09,1.45,200803.54,3.45
1748492.97,30.09,1.45,200740.03,3.45
1748275.92,30.09,1.45,200665.96,3.45
1748583.27,30.1,1.45,200726.23,3.45
1748315.1,30.1,1.45,200730.75,3.46
1748315.1,30.1,1.45,200675.72,3.45
1748016.97,30.1,1.45,200651.92,3.45
1747464.88,30.09,1.45,200156.43,3.45
1747615.62,30.1,1.45,200151.9,3.45
1747615.62,30.1,1.45,200315.11,3.45
1747937.75,30.1,1.46,200256.05,3.45
1748173.88,30.11,1.47,200189.46,3.45
1747701.3,30.11,1.46,199804.42,3.44
1747877.93,30.11,1.47,199808.71,3.44
1747609.76,30.11,1.47,199813.23,3.44
1747529.82,30.11,1.47,199822.18,3.44
1747982.88,30.12,1.48,199987.39,3.45
1748207.47,30.13,1.49,199926.74,3.45
1747991.98,30.13,1.49,199918.25,3.45
1747776.48,30.13,1.49,199854.74,3.45
1747508.31,30.13,1.49,199857.07,3.45
1747863.83,30.14,1.5,199839.57,3.45
1747863.83,30.14,1.5,199818.92,3.45
1747648.34,30.14,1.5,199755.41,3.45
1745293.27,30.14,1.5,199704.87,3.45
1745076.23,30.15,1.5,199699.58,3.45
1745048.7,30.15,1.5,199795.71,3.45
1745048.7,30.15,1.5,199773.07,3.45
1744780.53,30.15,1.5,199749.52,3.45
1744565.03,30.15,1.5,199754.78,3.45
1744920.56,30.16,1.51,199737.28,3.45
1745342.8,30.17,1.52,199858.96,3.45
1745125.75,30.17,1.52,199855.48,3.46
1744908.71,30.17,1.52,199850.1,3.46
1745951.19,30.2,1.54,200897.74,3.47
1746373.43,30.21,1.55,201019.42,3.48
1746293.49,30.21,1.56,201028.37,3.48
1746025.32,30.21,1.56,201032.89,3.48
1746447.56,30.22,1.57,201154.58,3.48
1746624.19,30.23,1.57,201159.43,3.48
1746624.19,30.23,1.57,201136.64,3.48
1746544.25,30.23,1.58,201145.59,3.48
1746711.07,30.23,1.58,201149.89,3.48
1746925.96,30.24,1.59,201463.71,3.49
1747140.86,30.25,1.59,201777.54,3.49
1747355.75,30.25,1.6,202193.26,3.5
1747275.81,30.26,1.6,202202.21,3.5
1747007.64,30.26,1.6,202204.54,3.5
1747314.99,30.26,1.61,202144.63,3.5
1747099.49,30.26,1.61,202149.89,3.5
1747071.96,30.27,1.61,202246.01,3.5
1747218.64,30.27,1.62,202267.15,3.5
1747003.14,30.28,1.62,202259.78,3.51
1747238.94,30.28,1.62,202279.29,3.51
1747159.0,30.28,1.63,202288.24,3.51
1747471.61,30.29,1.63,202273.52,3.51
1747203.44,30.29,1.63,202278.04,3.51
1747312.55,30.3,1.64,202274.01,3.51
1747312.55,30.3,1.64,202115.38,3.5
1747095.51,30.3,1.64,202110.09,3.5
1747272.14,30.3,1.64,202114.94,3.51
1747003.96,30.3,1.65,202112.51,3.51
1746709.36,30.3,1.64,202101.78,3.51
1746441.19,30.3,1.64,202106.3,3.51
1746133.25,30.3,1.64,202079.16,3.51
1746384.69,30.31,1.65,202071.69,3.51
1746116.52,30.31,1.65,202074.02,3.51
1745740.79,30.31,1.65,201858.78,3.5
1745527.62,30.31,1.65,201839.99,3.5
1745259.45,30.31,1.65,201844.51,3.51
1744991.28,30.31,1.65,201866.0,3.51
1744693.15,30.31,1.65,201843.6,3.51
1744476.11,30.31,1.65,201838.31,3.51
1744476.11,30.31,1.65,201814.71,3.51
1744476.11,30.31,1.65,201782.14,3.51
1744851.1,30.32,1.66,202382.29,3.52
1744635.61,30.32,1.66,202318.78,3.52
1744635.61,30.32,1.66,202296.77,3.52
1744942.96,30.33,1.66,202236.85,3.51
1745082.28,30.33,1.67,202550.94,3.52
1744784.15,30.33,1.67,202594.82,3.52
1744567.11,30.33,1.67,202589.08,3.52
1744268.98,30.33,1.67,202576.23,3.52
1744239.9,30.34,1.67,202934.52,3.53
1744159.96,30.34,1.68,202943.47,3.53
1744298.25,30.35,1.68,203003.41,3.53
1744030.07,30.35,1.68,203000.12,3.53
1743761.9,30.35,1.68,203004.64,3.53
1743493.73,30.35,1.68,203001.35,3.53
1743493.73,30.35,1.68,202948.14,3.53
1743225.55,30.35,1.68,202947.21,3.53
1743010.06,30.35,1.68,203050.29,3.54
1742900.17,30.35,1.69,203023.7,3.54
1742960.07,30.36,1.69,202787.37,3.53
1743100.95,30.36,1.7,202854.48,3.53
1742802.82,30.36,1.7,202828.74,3.53
1742722.88,30.37,1.7,202837.69,3.53
1742612.99,30.37,1.7,202816.46,3.53
1742371.93,30.37,1.71,202638.01,3.53
1742073.8,30.37,1.71,202607.07,3.53
1741856.76,30.37,1.71,202533.01,3.53
1741767.01,30.37,1.71,202541.96,3.53
1742143.55,30.38,1.72,202562.65,3.53
1741875.38,30.38,1.72,202539.1,3.53
1741875.38,30.38,1.72,202539.1,3.53
1741607.21,30.38,1.72,202531.94,3.53
1741989.89,30.39,1.73,203141.53,3.54
1742206.34,30.4,1.73,203212.49,3.55
1742096.18,30.4,1.73,203303.65,3.55
1741880.69,30.4,1.73,203296.29,3.55
1741665.2,30.4,1.73,203288.92,3.55
1741449.7,30.4,1.73,203294.18,3.55
1741422.17,30.41,1.74,203390.31,3.55
1741584.76,30.41,1.74,203328.98,3.55
1741316.58,30.41,1.74,203329.42,3.55
1738758.03,30.41,1.75,203281.59,3.56
1738612.97,30.41,1.75,203181.88,3.55
1738533.03,30.42,1.75,203167.37,3.55
1738533.03,30.42,1.75,203112.83,3.55
1738317.54,30.42,1.75,203049.32,3.55
1738049.37,30.42,1.75,203051.65,3.55
1738049.37,30.42,1.75,202996.62,3.55
1737833.87,30.42,1.75,202989.26,3.55
1737510.31,30.42,1.75,202963.71,3.55
1737827.88,30.43,1.76,202991.9,3.55
1737612.39,30.43,1.76,202928.84,3.55
1737925.0,30.43,1.76,202924.07,3.55
1738319.58,30.45,1.78,203118.32,3.56
1738041.59,30.45,1.78,203117.07,3.56
1737828.42,30.45,1.78,203094.96,3.56
1737979.62,30.45,1.78,203101.97,3.56
1738196.06,30.46,1.79,203172.93,3.56
1738336.94,30.46,1.79,203240.02,3.56
1738038.81,30.46,1.79,203209.62,3.56
1738009.73,30.47,1.8,203899.56,3.57
1737794.24,30.47,1.8,204004.59,3.58
1737578.74,30.47,1.8,203941.53,3.58
1737516.65,30.47,1.8,203936.04,3.58
1737487.57,30.48,1.8,204113.96,3.58
1737763.13,30.48,1.81,204117.81,3.58
1737909.81,30.49,1.81,204092.39,3.58
1737829.87,30.49,1.82,204101.34,3.58
1738006.5,30.5,1.82,204106.19,3.58
1737738.33,30.5,1.82,204102.91,3.58
1737953.22,30.5,1.83,204393.89,3.59
1737984.73,30.5,1.83,205041.93,3.6
1738290.52,30.51,1.83,205386.58,3.6
1737992.4,30.51,1.83,205454.32,3.61
1737775.35,30.51,1.83,205735.57,3.61
1737698.9,30.52,1.84,204798.29,3.6
1737483.41,30.52,1.84,204735.03,3.6
1737660.04,30.52,1.84,204759.77,3.6
1737967.38,30.53,1.85,205088.11,3.6
1738144.01,30.53,1.86,205092.4,3.6
1738038.12,30.54,1.86,204656.01,3.6
1738214.75,30.54,1.86,204660.86,3.6
1738291.7,30.55,1.87,204468.61,3.59
1737993.58,30.55,1.87,204425.29,3.59
1737776.53,30.55,1.87,204419.55,3.59
1737776.53,30.55,1.87,204535.84,3.6
1737835.63,30.56,1.88,204537.19,3.6
1737567.46,30.56,1.88,204541.71,3.6
1737539.93,30.56,1.88,204637.84,3.6
1737539.93,30.56,1.88,204760.82,3.6
1737430.03,30.56,1.88,204742.71,3.6
1737161.86,30.56,1.88,204741.78,3.6
1736863.73,30.56,1.88,204714.64,3.6
1737078.63,30.57,1.89,205129.91,3.61
1738773.66,30.6,1.92,206294.59,3.63
1738773.66,30.6,1.92,207018.95,3.64
1738505.48,30.6,1.92,207023.47,3.64
1738227.5,30.6,1.92,207025.8,3.64
1738557.64,30.61,1.93,207112.0,3.65
1738259.52,30.61,1.93,207075.7,3.65
1737991.34,30.61,1.93,207074.77,3.65
1738197.46,30.62,1.94,207303.59,3.65
1737903.85,30.62,1.94,207310.81,3.65
1737686.81,30.62,1.94,207592.46,3.66
1737686.81,30.62,1.94,207340.55,3.65
1737686.81,30.62,1.94,207284.49,3.65
1737378.87,30.62,1.94,207184.45,3.65
1737161.82,30.62,1.94,207110.39,3.65
1737338.45,30.63,1.95,207114.68,3.65
1737040.33,30.63,1.95,207086.17,3.65
1737040.33,30.63,1.95,207198.64,3.65
1737099.42,30.63,1.95,207199.99,3.65
1736883.93,30.63,1.95,207205.25,3.65
1737098.82,30.64,1.96,207439.89,3.66
1737128.78,30.64,1.96,207452.14,3.66
1737505.4,30.65,1.96,209166.84,3.69
1737646.28,30.65,1.97,209233.94,3.69
1737348.15,30.65,1.97,209340.23,3.69
1737348.15,30.65,1.97,209316.98,3.69
1737131.1,30.65,1.97,209606.62,3.7
1736848.47,30.65,1.97,209678.74,3.7
1736580.3,30.66,1.97,209681.07,3.7
1736364.8,30.66,1.97,209686.33,3.7
1736096.63,30.66,1.97,209686.77,3.7
1735828.46,30.66,1.97,209691.29,3.7
1735560.28,30.66,1.97,209688.0,3.7
1735870.37,30.67,1.98,209537.6,3.7
1735572.24,30.67,1.98,209563.6,3.7
1735198.28,30.66,1.98,209276.2,3.7
1735069.92,30.67,1.98,208736.63,3.69
1735450.79,30.68,2.0,208414.77,3.68
1735182.61,30.68,2.0,208419.29,3.69
1735407.21,30.69,2.0,208358.64,3.68
1735191.71,30.69,2.0,208295.57,3.68
1734885.07,30.69,2.0,208442.4,3.69
1734602.43,30.69,2.0,208430.82,3.69
1734496.54,30.69,2.0,207994.43,3.68
1734496.54,30.69,2.0,207967.71,3.68
1734228.37,30.69,2.0,207989.19,3.68
1733960.19,30.69,2.0,207993.71,3.68
1733631.72,30.69,2.0,207876.37,3.68
1733606.52,30.69,2.01,207863.45,3.68
1733769.1,30.7,2.01,207802.12,3.68
1733945.73,30.7,2.02,207806.41,3.68
1733647.6,30.7,2.02,207842.09,3.68
1732485.05,30.71,2.02,208405.19,3.69
1732485.05,30.71,2.02,208381.44,3.69
1732631.72,30.71,2.03,208400.23,3.69
1732631.72,30.71,2.03,208280.05,3.69
1732939.07,30.72,2.03,208340.32,3.69
1732829.18,30.72,2.03,208332.1,3.69
1732546.54,30.72,2.04,208314.66,3.69
1732329.5,30.72,2.04,208195.36,3.69
1732329.5,30.72,2.04,208140.82,3.69
1732061.33,30.72,2.04,208145.34,3.69
1732408.85,30.73,2.04,208147.45,3.69
1732110.73,30.73,2.04,208282.23,3.7
1731812.6,30.73,2.04,208254.13,3.7
1731514.47,30.73,2.04,208234.13,3.7
1731615.96,30.73,2.05,208648.56,3.7
1731398.91,30.73,2.05,208667.08,3.7
1731545.59,30.74,2.05,208694.76,3.7
1731521.63,30.74,2.05,208757.36,3.71
1731306.13,30.74,2.06,208864.28,3.71
1730630.21,30.74,2.05,208145.87,3.7
1730630.21,30.74,2.05,208117.12,3.7
1730414.72,30.74,2.05,208054.06,3.7
1730629.62,30.75,2.06,208284.9,3.7
1730935.41,30.75,2.06,208629.54,3.71
1730825.52,30.76,2.06,208609.58,3.71
1730796.44,30.76,2.07,208709.58,3.71
1730973.07,30.77,2.07,208714.43,3.71
1730756.03,30.77,2.07,208708.69,3.71
1730756.03,30.77,2.07,208694.14,3.71
1730538.98,30.77,2.07,208688.85,3.71
1730323.49,30.77,2.07,208694.11,3.71
1730106.45,30.77,2.07,208975.35,3.72
1729838.27,30.77,2.07,208979.87,3.72
1729705.97,30.77,2.07,209169.46,3.72
1729411.84,30.77,2.07,208470.9,3.71
1729113.71,30.77,2.07,208439.47,3.71
1728845.54,30.77,2.08,208441.8,3.71
1728818.01,30.78,2.08,208537.93,3.71
1728818.01,30.78,2.08,208516.71,3.71
1729041.06,30.78,2.08,208942.9,3.72
1729425.29,30.79,2.09,208883.51,3.72
1729209.8,30.79,2.09,208888.77,3.72
1728481.07,30.79,2.08,208212.34,3.71
1728697.51,30.79,2.09,208283.3,3.71
1728482.02,30.79,2.09,208220.23,3.71
1728264.98,30.8,2.09,208214.94,3.71
1728049.48,30.8,2.09,208151.43,3.71
1725694.41,30.8,2.09,208100.89,3.71
1725940.02,30.8,2.1,208073.04,3.71
1726090.77,30.81,2.11,208068.5,3.71
1725792.64,30.81,2.11,208043.98,3.71
1725792.64,30.81,2.11,208093.65,3.72
1725494.51,30.81,2.11,208057.08,3.72
1725007.22,30.81,2.1,207527.02,3.71
1725225.98,30.81,2.11,207515.7,3.71
1725105.5,30.82,2.11,207466.07,3.71
1724888.46,30.82,2.11,207392.01,3.71
1725203.44,30.82,2.12,206674.57,3.69
1724987.95,30.83,2.12,206665.6,3.69
1725204.39,30.83,2.12,206736.56,3.69
1725099.02,30.83,2.13,206724.76,3.7
1724883.52,30.84,2.13,206730.02,3.7
1724773.37,30.84,2.13,206821.18,3.7
1725023.5,30.84,2.14,206827.74,3.7
1725023.5,30.84,2.14,206801.61,3.7
1724994.42,30.85,2.14,206959.56,3.7
1724889.04,30.85,2.14,206970.83,3.7
1724903.51,30.85,2.14,206963.95,3.7
1724917.97,30.85,2.14,206957.06,3.7
1724890.44,30.86,2.15,207053.19,3.7
1724592.31,30.86,2.15,207031.61,3.7
1724281.77,30.86,2.15,207122.63,3.71
1724244.23,30.86,2.15,207034.44,3.7
1724216.7,30.86,2.15,207130.57,3.71
1723948.53,30.86,2.15,207132.9,3.71
1723919.45,30.86,2.15,207823.61,3.72
1723703.96,30.87,2.15,207828.87,3.72
1723405.83,30.87,2.15,207797.94,3.72
1723651.44,30.87,2.16,207804.87,3.72
1723383.26,30.87,2.16,207803.61,3.72
1723568.29,30.88,2.17,207804.09,3.72
1723270.16,30.88,2.17,207862.17,3.72
1723190.22,30.88,2.17,207871.12,3.73
1722974.73,30.88,2.17,207876.38,3.73
1722759.23,30.89,2.17,207881.64,3.73
1723089.38,30.9,2.18,207967.84,3.73
1723103.84,30.9,2.18,207955.09,3.73
1723076.31,30.9,2.19,207892.59,3.73
1722859.27,30.9,2.19,207887.29,3.73
1725624.41,30.95,2.24,210994.27,3.78
1725408.91,30.95,2.24,210986.82,3.79
1725381.38,30.96,2.24,211082.94,3.79
1725165.89,30.96,2.24,211190.27,3.79
1724844.65,30.96,2.24,211204.79,3.79
1724629.16,30.96,2.24,211141.73,3.79
1724511.77,30.96,2.24,210987.05,3.79
1724482.69,30.97,2.25,211770.27,3.8
1724865.38,30.98,2.25,212312.09,3.81
1724557.44,30.98,2.25,212197.0,3.81
1724782.03,30.98,2.26,212136.34,3.81
1724672.14,30.99,2.26,212114.79,3.81
1724364.2,30.99,2.26,212031.88,3.81
1724096.02,30.99,2.26,212036.4,3.81
1723880.53,30.99,2.26,211973.13,3.81
1723558.39,30.99,2.26,212187.91,3.81
1723260.26,30.99,2.26,212221.51,3.82
1722992.09,30.99,2.27,212218.42,3.82
1723618.13,31.0,2.28,212931.02,3.83
1723618.13,31.0,2.28,212898.46,3.83
1723320.0,31.0,2.28,212958.3,3.83
1723037.37,31.0,2.28,212949.41,3.83
1722769.2,31.0,2.28,212946.32,3.83
1722561.97,31.0,2.28,212700.76,3.83
1722346.47,31.01,2.28,212693.4,3.83
1722346.47,31.01,2.28,213384.21,3.84
1722346.47,31.01,2.28,213329.19,3.84
1722078.3,31.01,2.28,213327.26,3.84
1721998.36,31.01,2.28,213336.21,3.84
1721730.19,31.01,2.29,213338.54,3.84
1721702.66,31.01,2.29,213434.67,3.84
1721702.66,31.01,2.29,213379.64,3.84
1721420.67,31.01,2.29,213286.44,3.84
1721205.17,31.02,2.29,213222.94,3.84
1721030.61,31.02,2.29,214281.25,3.86
1720815.12,31.02,2.29,214218.19,3.86
1720815.12,31.02,2.29,214193.83,3.86
1720522.67,31.02,2.29,214179.51,3.86
1720412.77,31.02,2.3,214215.56,3.86
1720114.65,31.02,2.3,214189.92,3.86
1719832.01,31.02,2.3,214178.12,3.86
1719563.84,31.02,2.3,214180.45,3.86
1719295.67,31.03,2.3,214180.89,3.86
1718972.1,31.02,2.3,214205.41,3.87
1719031.2,31.03,2.3,214206.76,3.87
1718815.71,31.03,2.3,214212.02,3.87
1718892.66,31.04,2.31,214040.13,3.86
1718594.53,31.04,2.31,214014.59,3.87
1718488.64,31.04,2.31,213578.2,3.86
1718741.06,31.05,2.32,213118.21,3.85
1719016.62,31.06,2.33,213122.06,3.85
1718718.5,31.06,2.33,213096.41,3.85
1718422.69,31.06,2.33,213058.73,3.85
1718124.56,31.06,2.33,213033.54,3.85
1718124.56,31.06,2.33,214003.98,3.87
1717909.07,31.06,2.33,213940.47,3.87
1717615.46,31.06,2.33,213935.75,3.87
1717398.42,31.06,2.33,213874.31,3.87
1717182.92,31.06,2.33,213866.95,3.87
1716884.8,31.06,2.34,213983.46,3.87
1716411.01,31.06,2.33,213366.57,3.86
1717404.95,31.08,2.35,214259.67,3.88
1717404.95,31.08,2.35,214199.92,3.88
1717136.77,31.08,2.35,214192.58,3.88
1717165.91,31.08,2.35,214198.95,3.88
1716867.79,31.08,2.35,214173.97,3.88
1716599.61,31.08,2.36,214170.99,3.88
1716685.37,31.09,2.36,213495.55,3.87
1716685.37,31.09,2.36,213441.0,3.87
1717032.89,31.1,2.37,213443.12,3.87
1716734.51,31.1,2.37,213373.19,3.87
1716894.1,31.1,2.37,213376.38,3.87
1716625.92,31.1,2.38,213368.95,3.87
1716625.92,31.1,2.38,213343.12,3.87
1716327.79,31.1,2.38,213311.69,3.87
1716549.28,31.11,2.38,213331.55,3.87
1716332.24,31.11,2.38,213326.25,3.87
1716304.71,31.12,2.39,213422.38,3.87
1716006.58,31.12,2.39,213355.35,3.87
1715789.54,31.12,2.39,213868.06,3.88
1715521.37,31.12,2.39,213860.71,3.88
1715668.04,31.12,2.39,213834.18,3.88
1715452.55,31.13,2.39,213771.12,3.88
1715237.05,31.13,2.39,213776.38,3.88
1715020.01,31.13,2.39,213702.31,3.88
1714751.84,31.13,2.39,213706.83,3.88
1714534.8,31.13,2.39,214141.05,3.89
1714236.67,31.13,2.39,214116.66,3.89
1714236.67,31.13,2.39,214090.02,3.89
1714381.15,31.14,2.4,213541.61,3.88
1713966.73,31.13,2.4,213577.14,3.88
1713966.73,31.13,2.4,213572.4,3.88
1713698.55,31.14,2.4,213571.47,3.88
1713790.23,31.14,2.41,213370.78,3.88
1713790.23,31.14,2.41,213411.7,3.88
1713805.72,31.14,2.41,213403.65,3.88
1713507.59,31.14,2.41,213489.4,3.88
1713507.59,31.14,2.41,213434.37,3.88
1713292.1,31.15,2.41,213371.11,3.88
1713292.1,31.15,2.41,213414.67,3.88
1713193.05,31.14,2.41,213696.38,3.88
1713561.63,31.16,2.42,214772.14,3.91
1713451.74,31.16,2.42,214747.2,3.91
1713183.56,31.16,2.42,214746.27,3.91
1713183.56,31.16,2.42,214724.6,3.91
1712874.85,31.16,2.42,214757.77,3.91
1712657.8,31.16,2.42,214667.35,3.91
1712686.95,31.17,2.43,214746.33,3.91
1712972.28,31.17,2.43,215262.07,3.92
1713348.82,31.18,2.44,215654.89,3.92
1713131.78,31.18,2.44,215936.18,3.93
1713051.84,31.19,2.45,215945.13,3.93
1713436.07,31.19,2.45,215885.81,3.93
1713652.52,31.2,2.46,215956.77,3.93
1713803.26,31.21,2.47,215952.24,3.93
1713518.17,31.21,2.47,216003.83,3.93
1713250.0,31.21,2.47,216001.9,3.93
1712981.83,31.21,2.47,216006.42,3.94
1713227.44,31.22,2.47,215978.17,3.94
1713227.44,31.22,2.47,215954.41,3.93
1712959.26,31.22,2.48,215958.93,3.94
1713135.89,31.22,2.48,215963.78,3.94
1713108.36,31.23,2.48,216059.91,3.94
1712892.87,31.23,2.49,215996.84,3.94
1713109.31,31.23,2.49,216067.81,3.94
1713029.37,31.24,2.49,216076.76,3.94
1712731.25,31.24,2.49,216027.32,3.94
1712882.44,31.24,2.5,216034.88,3.94
1712614.27,31.24,2.5,216033.62,3.94
1712508.94,31.24,2.5,215821.38,3.94
1712429.0,31.25,2.5,215830.33,3.94
1712399.92,31.25,2.51,216008.04,3.94
1712399.92,31.25,2.51,215981.91,3.94
1712114.83,31.25,2.51,215710.18,3.94
1712444.98,31.26,2.52,215796.38,3.94
1712229.49,31.26,2.52,215789.02,3.94
1712012.44,31.27,2.52,215783.27,3.94
1711714.32,31.27,2.52,215758.49,3.94
1711498.82,31.27,2.52,215751.13,3.94
1711200.69,31.27,2.52,215627.38,3.94
1710985.2,31.27,2.52,215632.64,3.94
1710875.31,31.27,2.52,215614.53,3.94
1710658.26,31.27,2.52,215669.7,3.94
1710334.7,31.27,2.52,215644.0,3.94
1710056.71,31.28,2.53,215640.92,3.94
1709782.6,31.28,2.53,216666.64,3.96
1709565.56,31.28,2.53,216661.35,3.96
1709348.51,31.28,2.53,216587.29,3.96
1709571.56,31.29,2.53,217012.75,3.97
1709491.62,31.29,2.54,217021.7,3.97
1709193.49,31.29,2.54,216991.29,3.97
1709193.49,31.29,2.54,216967.54,3.97
1709354.53,31.3,2.54,217308.07,3.98
1709431.48,31.3,2.55,217136.19,3.98
1709133.35,31.3,2.55,217111.41,3.98
1708835.22,31.3,2.55,217078.82,3.98
1708537.1,31.3,2.55,217056.52,3.98
1708427.2,31.31,2.55,217039.37,3.98
1708129.07,31.31,2.55,217017.79,3.98
1708188.17,31.31,2.56,216996.5,3.98
1708188.17,31.31,2.56,216970.67,3.98
1707972.68,31.31,2.56,216907.61,3.98
1707485.38,31.31,2.56,216377.55,3.97
1707662.01,31.31,2.56,216382.4,3.97
1707220.75,31.31,2.56,215898.65,3.96
1707110.85,31.31,2.56,215872.83,3.96
1706893.81,31.31,2.56,215869.35,3.96
1706676.77,31.32,2.56,216232.05,3.97
1706596.83,31.32,2.56,216241.0,3.97
1706569.3,31.32,2.57,216337.13,3.97
1706301.13,31.32,2.57,216329.7,3.97
1706084.08,31.33,2.57,216843.42,3.98
1706230.76,31.33,2.57,216818.01,3.98
1706513.42,31.34,2.58,216857.3,3.98
1706654.29,31.34,2.58,216924.41,3.98
1706654.29,31.34,2.58,216907.51,3.98
1706669.79,31.34,2.59,216903.02,3.98
1706589.85,31.35,2.59,216911.97,3.98
1706281.13,31.35,2.59,216286.84,3.97
1706012.96,31.35,2.59,216289.18,3.97
1705734.97,31.35,2.59,216291.51,3.97
1706326.19,31.36,2.6,216602.06,3.98
1706542.64,31.37,2.61,216673.03,3.98
1706260.0,31.37,2.61,216661.21,3.98
1705991.83,31.37,2.61,216658.13,3.98
1705804.34,31.37,2.61,216630.85,3.98
1705587.29,31.37,2.61,216912.1,3.99
1705371.8,31.37,2.61,217020.79,3.99
1705154.76,31.38,2.61,217015.05,3.99
1705074.82,31.38,2.62,217024.0,3.99
1705159.01,31.38,2.62,217770.33,4.01
1705049.12,31.39,2.63,217747.18,4.01
1704833.63,31.39,2.63,217683.74,4.01
1704806.1,31.39,2.63,217779.86,4.01
1704806.1,31.39,2.63,217750.52,4.01
1704700.2,31.4,2.63,217314.13,4.0
1704484.71,31.4,2.63,217319.39,4.0
1704186.58,31.4,2.63,217356.39,4.0
1704157.5,31.4,2.64,217534.31,4.01
1704077.56,31.41,2.64,217543.25,4.01
1704048.48,31.41,2.64,217721.42,4.01
1703938.59,31.41,2.65,217709.85,4.01
1704046.15,31.42,2.65,217967.99,4.02
1703777.98,31.42,2.65,217966.73,4.02
1703777.98,31.42,2.65,217909.27,4.02
1703509.8,31.42,2.65,217911.6,4.02
1703618.91,31.43,2.66,217907.58,4.02
1703803.94,31.43,2.66,217908.06,4.02
1703495.99,31.43,2.66,217886.92,4.02
1703197.87,31.43,2.66,217921.46,4.02
1702903.74,31.43,2.66,217222.9,4.01
1702686.7,31.43,2.66,217217.61,4.01
1702686.7,31.43,2.66,217331.91,4.01
1700331.63,31.44,2.67,217281.38,4.02
1700118.46,31.44,2.67,217265.88,4.02
1699820.33,31.44,2.67,217241.1,4.02
1700035.23,31.45,2.68,217656.85,4.03
1700342.57,31.45,2.68,217717.12,4.03
1700648.37,31.46,2.69,218061.76,4.03
1700543.0,31.46,2.69,218075.08,4.03
1700325.95,31.47,2.69,217953.49,4.03
1700031.7,31.47,2.69,217749.1,4.03
1700031.7,31.47,2.69,217692.5,4.03
1699708.14,31.47,2.69,217675.18,4.03
1699598.24,31.47,2.7,217650.93,4.03
1699300.11,31.47,2.7,217690.95,4.03
1699194.22,31.47,2.7,217254.56,4.02
1699104.47,31.47,2.7,217263.51,4.02
1699024.53,31.48,2.71,217272.46,4.03
1698648.8,31.48,2.71,216983.02,4.02
1698350.68,31.48,2.71,216948.93,4.02
1698135.18,31.48,2.71,216885.86,4.02
1697867.01,31.48,2.71,216884.93,4.02
1697568.88,31.48,2.71,216981.27,4.02
1697745.51,31.49,2.71,216985.56,4.02
1697528.47,31.49,2.71,217499.25,4.03
1697230.34,31.49,2.72,217537.8,4.04
1696932.21,31.49,2.72,217569.38,4.04
1696991.31,31.49,2.72,217570.73,4.04
1696723.14,31.49,2.72,217571.17,4.04
1696425.01,31.49,2.72,217602.9,4.04
1696209.51,31.5,2.72,217539.39,4.04
1696529.41,31.5,2.73,217180.04,4.03
1696555.21,31.51,2.73,217783.52,4.04
1696339.72,31.51,2.73,217788.78,4.05
1696071.54,31.51,2.74,217770.76,4.05
1695854.5,31.51,2.74,218286.49,4.06
1695556.37,31.51,2.74,218488.01,4.06
1695451.0,31.52,2.74,218499.28,4.06
1695182.82,31.52,2.74,218496.3,4.06
1695212.78,31.52,2.74,218508.55,4.06
1694944.61,31.52,2.74,218505.58,4.06
1695535.83,31.53,2.76,218816.13,4.07
1695510.62,31.54,2.76,218803.23,4.07
1695751.01,31.54,2.77,218521.94,4.06
1695751.01,31.54,2.77,218571.96,4.07
1695780.97,31.54,2.77,218584.21,4.07
1695563.92,31.54,2.77,218865.86,4.07
1695879.68,31.55,2.77,218789.53,4.07
1695662.64,31.55,2.77,218783.99,4.07
1696010.17,31.56,2.78,218769.47,4.07
1695981.09,31.57,2.79,218948.36,4.08
1695995.55,31.57,2.79,218941.47,4.07
1695687.61,31.57,2.79,218905.16,4.08
1695470.56,31.57,2.79,218899.87,4.08
1695777.91,31.58,2.79,218960.14,4.08
1695509.74,31.58,2.79,218962.47,4.08
1695211.61,31.58,2.79,218934.69,4.08
1694952.22,31.58,2.8,220650.67,4.11
1694654.09,31.58,2.8,220707.1,4.11
1694625.01,31.58,2.8,220865.06,4.12
1694515.12,31.58,2.8,220845.13,4.12
1694822.88,31.59,2.81,220805.7,4.12
1694554.7,31.59,2.81,220810.22,4.12
1694256.58,31.59,2.81,220782.11,4.12
1694039.53,31.6,2.81,221175.67,4.13
1693741.4,31.6,2.81,221212.37,4.13
1693443.28,31.6,2.81,221176.06,4.13
1693145.15,31.6,2.81,221108.28,4.13
1692839.53,31.6,2.81,221156.5,4.13
1693075.33,31.6,2.82,221171.11,4.13
1692858.29,31.6,2.82,221097.05,4.13
1692642.79,31.61,2.82,221033.75,4.13
1692674.3,31.61,2.82,221681.8,4.14
1692376.17,31.61,2.82,221656.26,4.14
1692159.12,31.61,2.82,221650.52,4.14
1692048.34,31.62,2.83,221854.22,4.15
1692431.03,31.63,2.84,222393.08,4.16
1692445.49,31.63,2.84,222386.19,4.16
1692522.44,31.63,2.85,222214.31,4.15
1692306.95,31.64,2.85,222219.56,4.15
1692038.78,31.64,2.85,222219.42,4.16
1692359.35,31.64,2.86,222748.12,4.17
1692373.82,31.64,2.86,222741.23,4.16
1692105.64,31.65,2.86,222743.56,4.17
1691889.37,31.65,2.86,222789.78,4.17
1691809.43,31.65,2.86,222798.73,4.17
1691511.31,31.65,2.86,222776.68,4.17
1691139.37,31.65,2.86,222415.62,4.16
1691486.9,31.65,2.87,222417.73,4.16
1691459.37,31.66,2.87,222513.86,4.16
1691704.98,31.67,2.87,222537.07,4.17
1691675.9,31.67,2.88,222695.03,4.17
1691439.43,31.67,2.88,222671.1,4.17
1691594.5,31.67,2.88,222648.14,4.17
1691296.37,31.67,2.88,222712.25,4.17
1691079.33,31.68,2.88,222706.74,4.17
1691421.84,31.69,2.89,223079.26,4.18
1691204.79,31.69,2.89,223291.91,4.18
1690987.75,31.69,2.89,223217.85,4.18
1690689.62,31.69,2.89,223254.85,4.18
1690366.06,31.69,2.89,223231.04,4.18
1690067.93,31.69,2.89,223979.69,4.2
1689852.44,31.69,2.9,223984.95,4.2
1689824.91,31.7,2.9,223977.47,4.2
1689730.51,31.7,2.9,223974.32,4.2
1689462.33,31.7,2.9,223973.39,4.2
1689194.16,31.7,2.9,223977.91,4.2
1688925.99,31.7,2.9,223980.24,4.2
1688708.94,31.7,2.91,223974.94,4.2
1688410.82,31.7,2.91,223949.85,4.21
1688195.32,31.71,2.91,223886.34,4.2
1688085.43,31.71,2.91,223922.39,4.21
1687817.26,31.71,2.91,223921.46,4.21
1687600.21,31.71,2.91,223915.72,4.21
1687383.17,31.71,2.91,224070.86,4.21
1687273.27,31.72,2.91,224053.71,4.21
1686975.15,31.72,2.91,224031.31,4.21
1687052.1,31.72,2.92,223859.43,4.21
1687135.65,31.73,2.93,224233.56,4.22
1686920.16,31.73,2.93,224170.04,4.22
1686622.03,31.73,2.93,224194.89,4.22
1686298.46,31.73,2.93,224215.79,4.22
1686298.46,31.73,2.93,224194.75,4.22
1686574.03,31.74,2.94,224198.6,4.22
1686574.03,31.74,2.94,224172.47,4.22
1686574.03,31.74,2.94,224146.27,4.22
1686305.86,31.74,2.94,224150.79,4.22
1686305.86,31.74,2.94,224095.77,4.22
1686278.33,31.74,2.94,224191.89,4.22
1686608.47,31.76,2.95,224278.1,4.22
1686929.05,31.76,2.96,224808.12,4.23
1686849.11,31.77,2.96,224793.61,4.23
1687155.99,31.77,2.97,224807.63,4.23
1687155.99,31.77,2.97,224796.29,4.23
1687050.1,31.78,2.97,224359.9,4.23
1687336.98,31.78,2.98,224299.72,4.23
1687446.09,31.79,2.98,224295.7,4.23
1687776.23,31.8,3.0,224381.9,4.23
1688378.13,31.82,3.01,226266.19,4.26
1688653.69,31.83,3.02,226270.04,4.26
1688809.73,31.83,3.03,226512.64,4.27
1689186.28,31.84,3.04,226533.32,4.27
1689186.28,31.84,3.04,226533.32,4.27
1689076.38,31.84,3.04,226516.17,4.27
1688808.21,31.84,3.04,226514.92,4.27
1688780.68,31.85,3.04,226611.05,4.27
1688512.51,31.85,3.04,226615.56,4.27
1688244.33,31.85,3.04,226605.86,4.28
1687946.21,31.85,3.05,226597.23,4.28
1687729.16,31.85,3.05,226846.89,4.28
1687700.08,31.86,3.05,227024.61,4.29
1687401.96,31.86,3.05,226997.3,4.29
1687292.06,31.86,3.05,226989.39,4.29
1686916.34,31.86,3.05,226774.16,4.28
1686580.65,31.86,3.05,226767.15,4.28
1686757.28,31.86,3.05,226771.44,4.28
1686540.23,31.86,3.05,227286.62,4.29
1686785.84,31.87,3.06,227310.83,4.29
1687002.29,31.88,3.07,227381.8,4.3
1686786.79,31.88,3.07,227489.19,4.3
1686488.66,31.88,3.07,227465.38,4.3
1686190.54,31.88,3.07,227434.48,4.3
1686496.33,31.89,3.08,227895.67,4.31
1686330.25,31.89,3.07,227871.33,4.31
1686062.07,31.89,3.08,227870.4,4.31
1685779.44,31.89,3.08,228040.81,4.31
1685481.31,31.89,3.08,228058.46,4.31
1685375.42,31.89,3.08,227622.07,4.31
1685295.48,31.89,3.08,227607.56,4.31
1685027.31,31.9,3.08,227612.08,4.31
1685173.98,31.9,3.09,227585.56,4.31
1684874.05,31.9,3.09,227580.01,4.31
1685090.49,31.91,3.1,227650.98,4.31
1684875.0,31.91,3.1,227643.61,4.31
1684576.87,31.91,3.1,227615.1,4.31
1684361.38,31.91,3.1,227620.36,4.31
1684063.25,31.91,3.1,227617.15,4.31
1684146.8,31.92,3.1,227590.17,4.31
1684323.43,31.92,3.11,227594.46,4.31
1684337.89,31.92,3.11,227587.58,4.31
1684228.0,31.93,3.11,227566.34,4.31
1684228.0,31.93,3.11,227511.31,4.31
1684228.0,31.93,3.11,227452.93,4.31
1683037.81,31.93,3.12,227417.21,4.31
1682769.64,31.93,3.12,227414.13,4.32
1682188.36,31.93,3.12,226757.13,4.3
1682082.47,31.93,3.12,226320.74,4.3
1682054.94,31.94,3.12,226416.87,4.3
1681759.13,31.94,3.13,226384.39,4.3
1681717.64,31.94,3.13,226268.06,4.3
1681424.03,31.94,3.13,226270.22,4.3
1681155.85,31.94,3.13,226267.8,4.3
1681247.53,31.95,3.14,226067.11,4.3
1680953.92,31.95,3.14,226074.33,4.3
1680655.79,31.95,3.14,226327.78,4.3
1680438.75,31.95,3.14,226266.34,4.3
1680661.79,31.96,3.15,226502.19,4.31
1680444.75,31.96,3.15,226496.45,4.31
1680659.64,31.97,3.15,226912.17,4.32
1680876.09,31.98,3.16,226983.13,4.32
1680660.59,31.98,3.16,226919.69,4.32
1680449.6,31.98,3.16,227203.68,4.32
1680232.56,31.98,3.16,227198.38,4.32
1680205.03,31.99,3.17,227294.51,4.33
1680426.52,31.99,3.17,227386.09,4.33
1680209.48,32.0,3.17,227380.35,4.33
1680209.48,32.0,3.17,227221.72,4.33
1679993.98,32.0,3.17,227226.97,4.33
1680170.61,32.0,3.18,227231.27,4.33
1679876.49,32.0,3.18,226532.71,4.32
1680202.06,32.01,3.19,226507.12,4.32
1679933.89,32.01,3.19,226499.96,4.32
1679925.23,32.02,3.2,226159.56,4.31
1679925.23,32.02,3.2,226133.93,4.31
1679657.06,32.02,3.2,226132.01,4.31
1679349.12,32.02,3.2,226103.99,4.31
1679133.63,32.02,3.2,226040.73,4.31
1678865.45,32.02,3.2,226045.25,4.31
1678836.37,32.03,3.2,226384.24,4.32
1678623.2,32.03,3.2,226366.47,4.32
1678407.71,32.03,3.2,226475.05,4.32
1678109.58,32.03,3.2,226567.25,4.32
1678439.73,32.04,3.22,226653.45,4.33
1678141.6,32.04,3.22,226617.81,4.33
1677833.66,32.04,3.22,226585.15,4.33
1678050.11,32.05,3.22,226578.99,4.33
1677940.21,32.05,3.23,226561.84,4.33
1678155.11,32.06,3.23,227534.74,4.35
1678301.78,32.07,3.24,228382.1,4.36
1678003.66,32.07,3.24,228353.59,4.36
1678009.08,32.07,3.24,228421.26,4.37
1678223.97,32.07,3.25,228836.53,4.37
1678510.85,32.08,3.25,228776.35,4.37
1678212.72,32.08,3.25,228744.92,4.37
1678361.72,32.09,3.26,229759.89,4.39
1678144.68,32.09,3.26,229685.83,4.39
1677876.51,32.09,3.26,229682.74,4.39
1677671.64,32.09,3.26,229824.57,4.4
1677690.97,32.09,3.26,229783.57,4.4
1677980.17,32.1,3.27,229823.79,4.4
1677951.09,32.11,3.27,230185.61,4.4
1677735.6,32.11,3.27,230122.55,4.4
1677518.56,32.11,3.27,230048.48,4.4
1677665.23,32.12,3.28,230032.0,4.4
1677448.19,32.12,3.28,230026.26,4.4
1677478.14,32.12,3.28,230038.5,4.4
1677555.1,32.13,3.29,229866.62,4.4
1677272.46,32.13,3.29,229855.04,4.4
1677286.92,32.13,3.29,229842.52,4.4
1677286.92,32.13,3.29,229819.73,4.4
1677501.82,32.13,3.3,230053.89,4.41
1677286.32,32.14,3.3,230046.52,4.41
1677062.14,32.13,3.29,229896.87,4.4
1676863.17,32.13,3.29,229687.81,4.4
1677183.75,32.14,3.3,230457.4,4.42
1677260.7,32.15,3.31,230285.52,4.41
1676952.76,32.15,3.31,230732.97,4.42
1676737.27,32.15,3.31,230669.71,4.42
1676737.27,32.15,3.31,230671.11,4.42
1676913.9,32.15,3.31,230675.4,4.42
1676884.82,32.16,3.32,230775.41,4.43
1676595.87,32.16,3.31,230439.31,4.42
1676380.38,32.16,3.32,230376.24,4.42
1676409.52,32.16,3.32,230352.57,4.42
1675843.22,32.16,3.32,230329.37,4.42
1675547.42,32.17,3.32,230292.93,4.42
1675249.29,32.17,3.32,230267.83,4.42
1675326.24,32.17,3.33,230095.95,4.42
1675028.11,32.17,3.33,230065.55,4.42
1674729.99,32.17,3.33,230240.5,4.42
1674512.94,32.18,3.33,230166.44,4.42
1674297.45,32.18,3.33,230157.95,4.42
1674603.25,32.19,3.34,231075.94,4.44
1673413.06,32.19,3.34,231095.24,4.45
1673196.02,32.19,3.34,231033.8,4.44
1672888.07,32.19,3.34,231001.21,4.45
1673310.32,32.2,3.36,231122.9,4.45
1673310.32,32.2,3.36,231068.36,4.45
1673093.27,32.2,3.36,231581.2,4.46
1672877.78,32.21,3.36,231573.83,4.46
1672848.7,32.21,3.36,231731.79,4.46
1672738.8,32.21,3.36,231714.64,4.46
1672523.31,32.22,3.36,231707.27,4.46
1672537.77,32.22,3.36,231700.38,4.46
1672165.83,32.21,3.36,231407.96,4.46
1671948.79,32.21,3.36,231402.67,4.46
1672323.79,32.22,3.37,232464.79,4.48
1671647.87,32.22,3.36,231746.38,4.47
1671430.82,32.22,3.36,232258.17,4.48
1671162.65,32.22,3.36,232258.03,4.48
1670864.52,32.22,3.36,232236.52,4.48
1670540.96,32.22,3.36,232211.94,4.48
1670272.79,32.22,3.37,232212.38,4.48
1669974.66,32.22,3.37,232187.19,4.48
1669681.05,32.22,3.37,232182.74,4.48
1669681.05,32.22,3.37,232156.9,4.48
1669681.05,32.22,3.37,232273.69,4.48
1669571.16,32.22,3.37,232249.62,4.48
1669571.16,32.22,3.37,232286.11,4.48
1669542.08,32.23,3.37,232386.12,4.49
1669243.95,32.23,3.37,232923.49,4.5
1669030.78,32.23,3.37,232902.03,4.5
1669045.24,32.23,3.38,232889.5,4.5
1669357.85,32.24,3.38,232884.73,4.5
1669592.88,32.25,3.39,232380.26,4.49
1669324.7,32.25,3.39,232380.7,4.49
1669324.7,32.25,3.39,232312.1,4.49
1669056.53,32.25,3.39,232312.54,4.49
1668839.49,32.25,3.39,232238.48,4.49
1668541.36,32.25,3.39,232261.81,4.49
1668816.92,32.26,3.4,232265.66,4.49
1668522.8,32.26,3.4,231567.1,4.48
1668306.53,32.26,3.4,231551.2,4.48
1668196.63,32.26,3.4,231529.65,4.48
1667981.14,32.26,3.4,231466.13,4.48
1667901.2,32.27,3.41,231475.08,4.48
1667603.07,32.27,3.41,231444.7,4.48
1667304.95,32.27,3.41,231417.89,4.48
1667006.82,32.27,3.41,231400.08,4.48
1667035.96,32.27,3.41,231372.88,4.48
1666767.79,32.28,3.42,231375.22,4.48
1666657.89,32.28,3.42,231417.8,4.48
1666657.89,32.28,3.42,231417.8,4.48
1666767.0,32.28,3.42,231411.16,4.48
1666549.96,32.29,3.42,231623.82,4.49
1666332.91,32.29,3.43,231562.38,4.49
1666115.87,32.29,3.43,231775.03,4.49
1665817.74,32.29,3.43,231747.89,4.49
1665707.85,32.29,3.43,231730.53,4.49
1665854.52,32.3,3.44,231743.05,4.49
1665556.4,32.3,3.44,231709.46,4.49
1665278.41,32.3,3.44,231708.2,4.49
1665249.33,32.31,3.44,232380.25,4.51
1665263.79,32.31,3.44,232373.36,4.51
1664995.62,32.31,3.44,232370.39,4.51
1664968.09,32.31,3.44,232466.52,4.51
1665166.01,32.32,3.45,232867.74,4.52
1664941.82,32.32,3.45,232734.38,4.52
1664633.88,32.32,3.45,232708.1,4.52
1664633.88,32.32,3.45,232709.27,4.52
1664416.84,32.32,3.45,232705.78,4.52
1664199.79,32.32,3.45,232882.94,4.52
1663931.62,32.32,3.45,232879.97,4.52
1663608.06,32.32,3.45,232905.08,4.53
1663822.95,32.33,3.46,233806.47,4.54
1663625.41,32.33,3.46,233835.49,4.54
1663408.36,32.33,3.46,233761.43,4.54
1663328.42,32.34,3.47,233770.38,4.54
1663030.3,32.34,3.47,233745.65,4.55
1662732.17,32.34,3.47,233719.95,4.55
1662652.23,32.34,3.47,233728.9,4.55
1662873.15,32.35,3.48,233510.23,4.54
1662873.15,32.35,3.48,233551.79,4.54
1662657.65,32.35,3.48,233488.5,4.54
1662442.16,32.36,3.48,233425.44,4.54
1662225.11,32.36,3.48,233849.8,4.55
1661956.94,32.36,3.48,233850.24,4.55
1662133.57,32.37,3.49,233854.53,4.55
1661837.77,32.37,3.49,233812.54,4.55
1661896.86,32.37,3.5,233813.89,4.55
1661681.37,32.37,3.5,233750.38,4.55
1661464.33,32.38,3.5,233768.9,4.56
1661709.94,32.38,3.5,233809.34,4.56
1661604.04,32.39,3.51,233372.94,4.55
1661387.0,32.39,3.51,233391.95,4.55
1661387.0,32.39,3.51,233336.92,4.55
1661079.06,32.39,3.51,233314.75,4.55
1661079.06,32.39,3.51,233291.03,4.55
1660771.12,32.39,3.51,233257.23,4.55
1660661.23,32.39,3.51,233235.56,4.55
1660393.05,32.39,3.51,233232.27,4.55
1660393.05,32.39,3.51,233184.14,4.55
1660470.01,32.4,3.52,233012.25,4.55
1660616.68,32.41,3.53,232994.22,4.55
1660510.79,32.41,3.53,232557.83,4.54
1660525.25,32.41,3.53,232550.94,4.54
1660219.63,32.41,3.53,232500.04,4.54
1659921.51,32.41,3.53,232467.46,4.54
1659827.11,32.41,3.54,232459.59,4.54
1659717.21,32.42,3.54,232453.84,4.54
1659746.35,32.42,3.54,232432.52,4.54
1659636.46,32.42,3.55,232414.41,4.54
1659607.38,32.43,3.55,232580.05,4.54
1659607.38,32.43,3.55,232579.8,4.54
1659607.38,32.43,3.55,232556.2,4.54
1659339.21,32.43,3.55,232560.72,4.55
1659369.16,32.43,3.55,232572.97,4.55
1659081.08,32.43,3.55,232753.54,4.55
1658865.59,32.43,3.55,232814.64,4.55
1658571.33,32.43,3.55,232479.81,4.55
1658630.21,32.44,3.56,232242.45,4.54
1658520.06,32.44,3.56,232229.87,4.54
1658221.93,32.44,3.56,232205.68,4.54
1658382.97,32.45,3.57,232861.75,4.56
1658382.97,32.45,3.57,232762.05,4.55
1658382.97,32.45,3.57,232733.21,4.55
1658165.92,32.45,3.57,232659.14,4.55
1657949.65,32.45,3.57,232650.22,4.55
1657949.65,32.45,3.57,232650.22,4.55
1657681.48,32.45,3.57,232635.08,4.55
1657383.35,32.45,3.57,232612.68,4.55
1657634.8,32.46,3.58,232605.21,4.56
1657926.94,32.47,3.58,232587.15,4.55
1657711.44,32.47,3.58,232592.41,4.56
1657443.27,32.47,3.59,232590.48,4.56
1656886.46,32.47,3.58,232038.57,4.55
1656945.56,32.47,3.59,232039.91,4.55
1656945.56,32.47,3.59,232000.9,4.55
1656918.03,32.48,3.59,232097.03,4.55
1656806.2,32.48,3.59,232565.78,4.56
1656589.16,32.48,3.59,232491.72,4.56
1656840.6,32.49,3.6,232484.24,4.56
1656840.6,32.49,3.6,232458.11,4.56
1656572.43,32.49,3.6,232450.94,4.56
1656788.87,32.5,3.61,232521.91,4.56
1656573.38,32.5,3.61,232458.65,4.56
1656573.38,32.5,3.61,232432.45,4.56
1656275.25,32.5,3.61,232432.11,4.56
1656058.21,32.5,3.61,232426.37,4.56
1655758.27,32.5,3.61,232636.22,4.57
1656065.62,32.51,3.62,232696.49,4.57
1655850.13,32.51,3.62,232633.05,4.57
1655633.08,32.51,3.62,232653.96,4.57
1655417.59,32.52,3.62,232659.22,4.57
1655388.51,32.52,3.62,232702.5,4.57
1655772.74,32.53,3.63,232643.12,4.57
1656010.86,32.54,3.64,232500.28,4.57
1655981.78,32.54,3.64,233275.66,4.58
1656158.41,32.55,3.65,233279.96,4.58
1655890.24,32.55,3.65,233278.7,4.59
1655592.11,32.55,3.65,233249.96,4.59
1655738.79,32.55,3.66,233326.18,4.59
1655440.66,32.56,3.66,233289.89,4.59
1655579.99,32.56,3.66,233887.76,4.6
1655302.0,32.56,3.66,233890.09,4.6
1655086.51,32.56,3.66,233895.35,4.6
1654976.61,32.57,3.67,233884.31,4.6
1655193.06,32.57,3.67,233955.27,4.6
1655005.56,32.58,3.68,233844.72,4.6
1655251.17,32.58,3.68,233864.86,4.6
1655171.23,32.59,3.69,233873.81,4.6
1654873.11,32.59,3.69,233990.76,4.61
1654739.2,32.59,3.69,234284.03,4.61
1654523.71,32.59,3.69,234289.29,4.62
1654225.58,32.59,3.69,234258.88,4.62
1654544.58,32.6,3.7,233728.21,4.61
1654329.08,32.6,3.7,233664.77,4.6
1654300.0,32.61,3.7,233828.78,4.61
1654551.45,32.61,3.71,233821.3,4.61
1654904.03,32.62,3.72,234402.42,4.62
1654904.03,32.62,3.72,234419.54,4.62
1654605.9,32.62,3.72,234392.4,4.62
1654307.77,32.62,3.72,234360.96,4.62
1654043.08,32.62,3.72,236903.98,4.67
1653744.96,32.62,3.72,237087.88,4.68
1653527.91,32.63,3.72,237013.82,4.68
1653310.87,32.63,3.72,237407.37,4.69
1653095.38,32.63,3.72,237344.31,4.69
1652797.25,32.63,3.72,237318.66,4.69
1652580.98,32.63,3.72,237376.08,4.69
1652282.85,32.63,3.73,237441.85,4.69
1651984.72,32.64,3.73,237420.34,4.69
1652201.17,32.64,3.73,237491.3,4.69
1652441.56,32.65,3.74,237210.02,4.69
1652331.67,32.65,3.74,237210.73,4.69
1652331.67,32.65,3.74,237210.73,4.69
1652390.76,32.66,3.75,237212.08,4.69
1652390.76,32.66,3.75,237183.23,4.69
1652173.72,32.66,3.75,237121.79,4.69
1652173.72,32.66,3.75,237466.8,4.69
1651956.68,32.66,3.75,237985.38,4.71
1651671.59,32.66,3.75,238036.98,4.71
1651916.42,32.67,3.76,237476.58,4.7
1651920.82,32.67,3.76,237998.23,4.71
1651583.11,32.67,3.76,237665.42,4.7
1651473.22,32.67,3.76,237708.83,4.7
1651619.9,32.68,3.77,237798.37,4.71
1651510.0,32.68,3.77,237787.33,4.71
1651307.26,32.68,3.77,237519.57,4.7
1651090.22,32.68,3.77,237445.5,4.7
1650792.09,32.68,3.77,237420.19,4.7
1651043.54,32.69,3.78,237412.72,4.7
1651190.21,32.7,3.78,237392.85,4.7
1651161.13,32.7,3.79,237550.81,4.7
1651480.13,32.71,3.79,237020.13,4.69
1651215.44,32.71,3.8,236242.59,4.68
1650891.88,32.71,3.8,236260.15,4.68
1650517.92,32.71,3.8,235972.75,4.68
1650219.79,32.71,3.8,236003.0,4.68
1650219.79,32.71,3.8,235871.33,4.68
1650002.75,32.71,3.8,235865.97,4.68
1649973.67,32.72,3.8,236023.92,4.68
1649675.54,32.72,3.8,236060.18,4.68
1650248.73,32.73,3.81,236109.7,4.68
1650395.41,32.74,3.82,236143.66,4.68
1650179.91,32.74,3.82,236080.4,4.68
1649881.78,32.74,3.82,236051.02,4.68
1649881.78,32.74,3.82,235995.99,4.68
1651245.23,32.77,3.85,239424.35,4.75
1651304.32,32.77,3.85,239425.7,4.75
1651036.15,32.77,3.86,239418.35,4.75
1651156.94,32.78,3.86,239451.97,4.75
1651077.0,32.78,3.87,239460.92,4.75
1650808.83,32.78,3.87,239465.44,4.76
1650510.7,32.79,3.87,239363.23,4.75
1650510.7,32.79,3.87,239311.56,4.75
1650539.84,32.79,3.87,239383.85,4.76
1650244.04,32.79,3.87,239367.33,4.76
1649945.91,32.79,3.87,239310.75,4.76
1649637.97,32.79,3.87,239330.39,4.76
1649945.31,32.8,3.88,239390.65,4.76
1650121.94,32.81,3.89,239395.5,4.76
1649827.82,32.81,3.89,238713.98,4.75
1649559.65,32.81,3.89,238718.5,4.75
1649344.15,32.81,3.89,238655.06,4.75
1649128.66,32.81,3.89,238591.99,4.75
1649128.66,32.81,3.89,238660.58,4.75
1649158.61,32.81,3.89,238672.83,4.75
1648864.36,32.81,3.89,238800.19,4.75
1648836.83,32.82,3.9,238896.32,4.76
1648809.3,32.82,3.9,239155.14,4.76
1648511.17,32.82,3.9,239269.19,4.76
1648511.17,32.82,3.9,239259.28,4.76
1648525.63,32.82,3.9,239252.39,4.76
1648227.5,32.83,3.9,239292.5,4.77
1648533.3,32.83,3.91,239637.14,4.77
1648344.34,32.83,3.91,239395.81,4.77
1648076.17,32.83,3.91,239394.88,4.77
1647996.23,32.84,3.91,239403.83,4.77
1647700.42,32.84,3.91,239384.37,4.77
1647402.29,32.84,3.91,239497.65,4.77
1647548.97,32.84,3.92,239498.91,4.77
1647439.08,32.85,3.92,239474.66,4.77
1647653.97,32.85,3.93,239753.02,4.78
1647385.8,32.86,3.93,239751.76,4.78
1647707.93,32.86,3.94,239692.75,4.78
1647707.93,32.86,3.94,239671.72,4.78
1647870.51,32.87,3.95,239610.39,4.78
1647655.02,32.87,3.95,239601.9,4.78
1648108.07,32.88,3.96,239767.12,4.78
1648415.42,32.89,3.97,239762.23,4.78
1648147.24,32.89,3.97,239760.98,4.79
1647486.04,32.89,3.96,239187.57,4.77
1647187.92,32.89,3.96,239304.53,4.78
1646889.79,32.89,3.96,239295.16,4.78
1646809.85,32.89,3.97,239304.11,4.78
1646531.86,32.89,3.97,239306.44,4.78
1646229.79,32.89,3.96,238949.52,4.77
1646380.53,32.9,3.97,238944.98,4.77
1646082.41,32.9,3.97,238913.55,4.77
1646082.41,32.9,3.97,238982.66,4.78
1645865.36,32.9,3.97,238921.22,4.78
1645865.36,32.9,3.97,238866.2,4.77
1645649.09,32.9,3.97,238980.1,4.78
1645380.92,32.9,3.97,238979.17,4.78
1645112.75,32.9,3.97,238978.24,4.78
1645329.19,32.91,3.98,239049.2,4.78
1645329.19,32.91,3.98,239030.29,4.78
1645711.88,32.92,3.99,239640.19,4.79
1645819.44,32.93,4.0,239898.33,4.8
1646626.62,32.94,4.01,240811.64,4.82
1646597.54,32.95,4.02,241128.23,4.82
1646314.91,32.95,4.02,241110.79,4.83
1646205.01,32.95,4.02,241102.88,4.83
1645906.88,32.95,4.02,241081.37,4.83
1645862.12,32.96,4.02,241125.81,4.83
1645584.13,32.96,4.03,241102.27,4.83
1645734.88,32.96,4.03,241097.73,4.83
1645889.94,32.97,4.04,241074.77,4.83
1645621.77,32.97,4.04,241079.29,4.83
1645406.28,32.97,4.04,241015.78,4.83
1645420.74,32.97,4.04,241003.03,4.83
1645122.61,32.97,4.04,240979.42,4.83
1644746.88,32.97,4.04,240764.19,4.83
1644438.94,32.97,4.04,240863.97,4.83
1644115.38,32.97,4.04,240879.6,4.83
1643817.25,32.98,4.04,240924.84,4.83
1643707.36,32.98,4.05,240907.69,4.83
1643491.86,32.98,4.05,240900.33,4.83
1641136.8,32.99,4.05,240849.79,4.84
1641313.43,32.99,4.06,240854.64,4.84
1641634.0,33.0,4.07,241318.09,4.85
1641416.96,33.0,4.07,241244.03,4.85
1641118.83,33.0,4.07,241214.23,4.85
1640818.9,33.0,4.07,241730.59,4.86
1640520.77,33.0,4.07,241694.22,4.86
1640222.64,33.01,4.07,241672.63,4.86
1640369.32,33.01,4.08,241687.23,4.86
1640071.19,33.01,4.08,241666.32,4.86
1639340.12,33.0,4.07,240971.97,4.85
1639123.07,33.01,4.07,240854.33,4.85
1638907.58,33.01,4.07,240859.58,4.85
1639213.38,33.02,4.08,241320.78,4.86
1639525.99,33.02,4.09,241316.01,4.86
1639446.05,33.03,4.09,241324.96,4.86
1639229.01,33.03,4.09,241849.91,4.87
1639479.78,33.04,4.1,242873.62,4.89
1639369.89,33.04,4.1,242843.23,4.89
1639516.56,33.05,4.11,242915.42,4.9
1639299.52,33.05,4.11,242911.93,4.9
1639271.99,33.05,4.11,243008.06,4.9
1639003.82,33.06,4.11,243005.09,4.9
1638705.69,33.06,4.11,243002.18,4.9
1638814.8,33.06,4.12,242998.15,4.9
1638599.31,33.06,4.12,242934.89,4.9
1638570.23,33.07,4.12,243057.32,4.91
1638354.73,33.07,4.12,243076.22,4.91
1638086.56,33.07,4.13,243080.74,4.91
1638434.09,33.08,4.13,243082.86,4.91
1638217.04,33.08,4.14,243577.26,4.92
1637569.14,33.08,4.14,243666.18,4.92
1637381.65,33.09,4.14,243555.63,4.92
1637673.44,33.09,4.15,243575.24,4.92
1637456.4,33.09,4.15,243974.15,4.93
1637158.27,33.1,4.15,244010.62,4.93
1636860.15,33.1,4.15,243974.04,4.93
1637167.91,33.1,4.16,244438.0,4.94
1636859.97,33.1,4.16,244438.62,4.94
1636642.92,33.11,4.16,244432.88,4.94
1636334.21,33.11,4.16,244400.38,4.94
1636224.31,33.11,4.16,244370.19,4.95
1635850.35,33.11,4.16,244082.79,4.94
1635552.23,33.11,4.16,244053.51,4.94
1635552.23,33.11,4.16,244076.02,4.94
1635228.66,33.11,4.16,244044.92,4.94
1634930.53,33.11,4.16,244020.34,4.94
1634820.64,33.11,4.17,244000.79,4.94
1634522.51,33.11,4.17,243979.28,4.94
1634222.58,33.12,4.17,243974.09,4.94
1634007.08,33.12,4.17,243910.57,4.94
1634324.66,33.13,4.18,243877.15,4.94
1634541.1,33.13,4.18,243948.11,4.94
1634435.49,33.13,4.18,244178.42,4.95
1634435.49,33.13,4.18,244135.08,4.95
1634890.62,33.15,4.2,244842.55,4.96
1634622.45,33.15,4.2,244842.99,4.97
1634868.05,33.16,4.21,244814.74,4.97
1634560.11,33.16,4.21,244811.63,4.97
1634531.03,33.16,4.21,245405.05,4.98
1634237.43,33.16,4.21,245412.28,4.98
1633641.17,33.16,4.21,245414.43,4.98
1633521.46,33.17,4.22,245405.77,4.98
1633145.74,33.17,4.22,245190.53,4.98
1633145.74,33.17,4.22,245168.52,4.98
1633145.74,33.17,4.22,245163.3,4.98
1633145.74,33.17,4.22,245163.3,4.98
1632847.61,33.17,4.22,245141.72,4.98
1632549.48,33.17,4.22,245113.54,4.98
1632333.99,33.17,4.22,245050.03,4.98
1632118.49,33.17,4.22,245042.66,4.98
1632118.49,33.17,4.22,245160.92,4.98
1631686.73,33.18,4.22,245285.41,4.99
1631388.6,33.18,4.22,245263.01,4.99
1631065.04,33.18,4.22,245241.82,4.99
1630849.55,33.18,4.22,245178.75,4.99
1630551.42,33.18,4.22,245157.85,4.99
1630177.63,33.18,4.22,244862.07,4.98
1629862.54,33.17,4.21,244517.88,4.98
1629742.06,33.18,4.22,244926.91,4.99
1629517.87,33.17,4.21,244684.33,4.98
1629517.87,33.17,4.21,244684.08,4.98
1629517.87,33.17,4.21,244629.05,4.98
1629219.74,33.17,4.22,244601.91,4.98
1629219.74,33.17,4.22,245312.71,5.0
1628921.61,33.18,4.22,245334.57,5.0
1628894.08,33.18,4.22,245421.05,5.0
1629241.61,33.19,4.23,245423.16,5.0
1629131.72,33.19,4.23,245379.22,5.0
1629102.64,33.2,4.24,245557.38,5.0
1626544.08,33.2,4.24,245556.87,5.01
1626544.08,33.2,4.24,245552.13,5.01
1626275.91,33.2,4.24,245556.65,5.01
1626246.83,33.2,4.25,245963.28,5.02
1625948.7,33.21,4.25,245941.77,5.02
1625731.66,33.21,4.25,245867.71,5.02
1625432.76,33.21,4.25,246884.27,5.04
1625715.88,33.22,4.26,247369.83,5.05
1625417.75,33.22,4.26,247445.19,5.06
1625202.26,33.22,4.26,247381.68,5.06
1624985.22,33.22,4.26,247375.94,5.06
1624985.22,33.22,4.26,247380.58,5.06
1625106.0,33.23,4.27,247351.33,5.06
1625135.96,33.23,4.27,247363.58,5.06
1624918.92,33.23,4.27,247265.53,5.06
1624891.39,33.24,4.27,247361.66,5.06
1624593.26,33.24,4.27,247331.67,5.06
1624269.69,33.24,4.27,247306.68,5.06
1623971.57,33.24,4.27,247336.1,5.06
1623971.57,33.24,4.27,247315.45,5.06
1623673.44,33.24,4.27,247294.55,5.06
1623563.54,33.24,4.28,247275.04,5.06
1623748.57,33.25,4.28,247275.52,5.06
1623638.67,33.25,4.29,247253.85,5.06
1623638.67,33.25,4.29,248440.12,5.09
1623289.01,33.25,4.28,248066.87,5.08
1623209.08,33.25,4.29,248075.82,5.08
1623209.08,33.25,4.29,248053.03,5.08
1622910.95,33.25,4.29,248041.28,5.08
1622612.82,33.25,4.29,248022.81,5.08
1622314.69,33.25,4.29,248039.39,5.08
1621718.44,33.26,4.29,248031.1,5.09
1621501.39,33.26,4.29,248025.81,5.09
1621177.83,33.26,4.29,247991.34,5.09
1620960.79,33.26,4.29,248203.99,5.09
1620960.79,33.26,4.29,248183.69,5.09
1621287.06,33.27,4.31,248266.02,5.1
1621287.06,33.27,4.31,248219.58,5.09
1620988.93,33.28,4.31,248190.2,5.09
1620879.04,33.28,4.31,248175.59,5.1
1620663.55,33.28,4.31,248112.07,5.1
1620288.21,33.28,4.31,247823.03,5.09
1619912.49,33.28,4.31,247607.79,5.09
1619989.44,33.29,4.32,247435.91,5.08
1619989.44,33.29,4.32,247414.56,5.08
1620205.88,33.3,4.33,247485.52,5.09
1620205.88,33.3,4.33,247485.52,5.09
1619907.75,33.3,4.33,247457.51,5.09
1620054.43,33.3,4.33,247431.98,5.09
1619756.3,33.3,4.33,247447.5,5.09
1619728.77,33.31,4.34,247543.63,5.09
1620113.01,33.32,4.35,247484.3,5.09
1620113.01,33.32,4.35,247325.67,5.09
1619814.88,33.32,4.35,247373.69,5.09
1619814.88,33.32,4.35,247359.2,5.09
1619597.84,33.32,4.35,247607.65,5.09
1619329.66,33.32,4.35,247606.39,5.1
1619031.54,33.32,4.35,247647.65,5.1
1618763.36,33.32,4.35,247648.09,5.1
1618738.16,33.33,4.36,247635.19,5.1
1616383.09,33.34,4.36,247584.65,5.11
1616084.96,33.34,4.36,247609.78,5.11
1616300.63,33.34,4.37,247598.04,5.11
1616085.14,33.35,4.37,247534.53,5.11
1616270.16,33.35,4.38,247535.01,5.11
1616160.26,33.36,4.38,247515.0,5.11
1615930.02,33.36,4.38,247562.49,5.11
1616076.7,33.36,4.39,247536.32,5.11
1615808.52,33.37,4.39,247540.84,5.11
1615892.07,33.37,4.4,247515.35,5.11
1616314.31,33.38,4.41,247637.03,5.11
1616082.94,33.39,4.41,246393.06,5.09
1615865.9,33.39,4.41,246263.15,5.09
1616012.57,33.4,4.42,246451.13,5.09
1614822.38,33.4,4.42,246920.17,5.11
1614605.34,33.4,4.43,246914.63,5.11
1614229.61,33.4,4.42,246682.36,5.1
1611860.09,33.41,4.43,246644.57,5.11
1611644.59,33.41,4.43,246649.83,5.11
1611376.42,33.41,4.43,246654.35,5.11
1611483.98,33.42,4.44,246896.1,5.12
1611509.78,33.42,4.44,247207.96,5.13
1611399.88,33.43,4.45,247186.44,5.13
1611101.75,33.43,4.45,247152.99,5.13
1610793.81,33.43,4.45,247122.59,5.13
1610823.77,33.43,4.45,247134.84,5.13
1610527.96,33.43,4.45,247112.71,5.13
1610527.96,33.43,4.45,247104.42,5.13
1610418.07,33.43,4.45,246759.85,5.12
1610418.07,33.43,4.45,246601.22,5.12
1610119.94,33.43,4.46,246572.6,5.12
1610010.05,33.44,4.46,246555.44,5.12
1609741.87,33.44,4.46,246559.96,5.12
1609862.66,33.44,4.47,246534.51,5.12
1609483.4,33.44,4.46,246142.77,5.11
1609185.27,33.44,4.46,246154.68,5.12
1609522.99,33.45,4.47,246156.79,5.12
1609224.86,33.45,4.47,246130.01,5.12
1609007.82,33.45,4.47,246124.27,5.12
1608980.29,33.46,4.48,246220.39,5.12
1608952.76,33.46,4.48,246212.91,5.12
1608654.63,33.46,4.48,246188.39,5.12
1608763.74,33.47,4.49,246184.37,5.12
1608548.25,33.47,4.49,246189.63,5.12
1605989.69,33.47,4.5,246165.4,5.13
1605960.61,33.48,4.5,246248.32,5.13
1606177.06,33.49,4.51,246319.28,5.14
1606422.67,33.49,4.51,246364.08,5.14
1606099.1,33.49,4.52,246336.91,5.14
1606404.9,33.5,4.52,246785.46,5.15
1606404.9,33.5,4.52,246752.35,5.15
1606187.86,33.51,4.52,246770.87,5.15
1605889.73,33.51,4.52,246747.33,5.15
1606126.4,33.51,4.53,249494.0,5.21
1606032.0,33.51,4.53,249490.85,5.21
1605844.79,33.51,4.53,249224.55,5.2
1605627.75,33.52,4.53,249505.79,5.21
1605787.46,33.52,4.54,248783.58,5.19
1605758.38,33.53,4.54,249141.87,5.2
1605897.71,33.53,4.55,249907.56,5.22
1605680.66,33.54,4.55,249785.48,5.22
1605463.62,33.54,4.55,249711.41,5.22
1605610.3,33.55,4.56,249819.87,5.22
1605312.17,33.55,4.56,249843.13,5.22
1605044.0,33.55,4.56,249845.47,5.22
1604745.87,33.55,4.56,249806.4,5.22
1604568.79,33.55,4.56,249553.69,5.22
1604351.75,33.55,4.56,250083.53,5.23
1604110.69,33.55,4.56,250009.92,5.23
1603810.76,33.55,4.56,249946.32,5.23
1603572.15,33.55,4.57,250401.1,5.24
1603543.07,33.56,4.57,250579.26,5.24
1603069.29,33.56,4.56,249962.37,5.23
1603191.66,33.56,4.57,250186.39,5.24
1603033.69,33.56,4.57,250059.27,5.23
1602765.52,33.56,4.57,250063.79,5.24
1602467.39,33.56,4.57,250110.42,5.24
1602422.76,33.56,4.57,250136.32,5.24
1602422.76,33.56,4.57,251315.0,5.26
1601881.68,33.56,4.56,250810.65,5.25
1601771.01,33.56,4.57,251033.81,5.26
1601553.97,33.56,4.57,251211.08,5.26
1601553.97,33.56,4.57,251156.06,5.26
1601255.84,33.56,4.57,251181.41,5.26
1601630.84,33.57,4.58,252104.64,5.28
1601520.95,33.57,4.58,252146.59,5.29
1601222.82,33.58,4.58,252203.15,5.29
1601193.74,33.58,4.59,252542.15,5.3
1600976.7,33.58,4.59,252536.85,5.3
1600976.7,33.58,4.59,252504.29,5.3
1600869.13,33.59,4.59,252483.64,5.3
1600653.63,33.59,4.59,252476.27,5.3
1600436.59,33.59,4.59,252639.27,5.3
1600138.46,33.59,4.59,252805.83,5.31
1600110.93,33.6,4.6,252901.74,5.31
1600001.04,33.6,4.6,252892.66,5.31
1600001.04,33.6,4.6,252877.94,5.31
1600147.71,33.61,4.61,252941.83,5.31
1599847.78,33.61,4.61,253457.92,5.32
1599847.78,33.61,4.61,253439.11,5.32
1599579.6,33.61,4.61,253443.63,5.33
1599281.48,33.61,4.61,253439.43,5.33
1598909.54,33.61,4.61,253202.06,5.32
1598641.36,33.61,4.61,253186.83,5.32
1598424.32,33.61,4.61,253181.47,5.32
1598424.32,33.61,4.61,253383.93,5.33
1598288.99,33.61,4.61,253423.73,5.33
1597990.86,33.61,4.61,253446.66,5.33
1597961.78,33.62,4.62,253604.62,5.34
1598441.58,33.64,4.63,255085.29,5.37
1598069.64,33.63,4.63,254724.28,5.36
1597771.51,33.63,4.63,254770.6,5.36
1597556.02,33.63,4.63,254806.88,5.36
1597338.97,33.64,4.63,255019.53,5.37
1597040.85,33.64,4.63,254998.81,5.37
1597132.52,33.65,4.64,254798.12,5.37
1597348.96,33.65,4.65,254869.08,5.37
1597025.4,33.66,4.65,254841.03,5.37
1596729.6,33.66,4.65,254818.2,5.37
1596759.55,33.66,4.65,254830.45,5.37
1596461.42,33.66,4.65,254870.28,5.37
1596463.19,33.66,4.65,254872.32,5.37
1596463.19,33.66,4.65,254920.42,5.37
1596679.63,33.67,4.66,254991.38,5.38
1596464.14,33.67,4.66,254996.64,5.38
1596181.51,33.67,4.66,254979.2,5.38
1595966.01,33.67,4.66,254971.84,5.38
1595697.84,33.67,4.66,254968.55,5.38
1595607.09,33.67,4.66,254879.26,5.38
1595690.64,33.68,4.67,254850.42,5.38
1595373.28,33.68,4.67,254626.89,5.38
1595191.14,33.68,4.67,254364.19,5.37
1595337.82,33.68,4.67,254338.66,5.37
1595337.82,33.68,4.67,254282.51,5.37
1595069.64,33.69,4.67,254287.03,5.37
1594963.75,33.69,4.68,253850.64,5.36
1594963.75,33.69,4.68,253796.1,5.36
1594853.86,33.69,4.68,253788.18,5.36
1595068.75,33.7,4.69,254102.01,5.37
1594853.26,33.7,4.69,254038.5,5.37
1595038.28,33.71,4.7,254038.98,5.37
1595038.28,33.71,4.7,253997.42,5.37
1594740.15,33.71,4.7,253980.72,5.37
1594442.03,33.71,4.7,253962.25,5.37
1594332.13,33.71,4.7,254019.16,5.37
1594017.04,33.71,4.7,253631.36,5.36
1593718.91,33.71,4.7,253600.17,5.36
1593795.87,33.72,4.71,253428.29,5.36
1593497.74,33.72,4.71,253400.24,5.36
1593497.74,33.72,4.71,253400.24,5.36
1593199.61,33.72,4.71,254123.47,5.38
1592901.48,33.72,4.71,254098.69,5.38
1592835.36,33.73,4.72,257420.99,5.45
1592618.32,33.73,4.72,257415.69,5.45
1592739.1,33.74,4.72,257389.27,5.45
1592954.77,33.74,4.73,257558.51,5.46
1592569.97,33.74,4.73,257531.05,5.46
1592569.97,33.74,4.73,257427.42,5.45
1592503.17,33.74,4.73,257385.88,5.45
1592566.17,33.74,4.73,256900.03,5.44
1592184.26,33.74,4.73,256530.22,5.44
1591886.13,33.74,4.73,256581.87,5.44
1591586.19,33.74,4.73,257098.76,5.45
1591086.42,33.74,4.72,256780.35,5.44
1591305.04,33.74,4.73,257080.64,5.45
1591305.04,33.74,4.73,257057.57,5.45
1591011.43,33.74,4.73,257064.8,5.45
1590713.31,33.75,4.73,257040.28,5.45
1590500.14,33.75,4.73,257025.1,5.45
1589948.04,33.74,4.73,256529.62,5.44
1589948.04,33.74,4.73,256529.62,5.44
1589679.87,33.74,4.73,256529.87,5.45
1589788.98,33.75,4.73,256931.33,5.45
1589988.45,33.76,4.74,256810.24,5.45
1589690.32,33.76,4.74,256791.77,5.45
1589392.19,33.76,4.74,256766.68,5.45
1589392.19,33.76,4.74,256670.89,5.45
1589392.19,33.76,4.74,256670.44,5.45
1589124.02,33.76,4.74,256672.77,5.45
1589124.02,33.76,4.74,256791.84,5.46
1589270.7,33.77,4.75,257600.03,5.47
1589002.52,33.77,4.75,257584.81,5.47
1589248.13,33.78,4.76,257664.55,5.48
1589394.81,33.78,4.77,257745.06,5.48
1589177.77,33.79,4.77,257739.76,5.48
1589324.44,33.79,4.77,257716.1,5.48
1589471.12,33.8,4.78,257690.69,5.48
1589627.16,33.81,4.79,257933.29,5.49
1589517.26,33.81,4.79,257965.84,5.49
1589249.09,33.81,4.79,257968.17,5.49
1589032.05,33.81,4.79,258462.41,5.5
1589032.05,33.81,4.79,258446.75,5.5
1588816.55,33.82,4.79,258439.38,5.5
1588548.38,33.82,4.8,258438.13,5.5
1588747.85,33.83,4.8,258377.0,5.5
1588530.81,33.83,4.8,258770.27,5.51
1588313.76,33.83,4.81,258789.27,5.51
1587951.82,33.83,4.8,258775.79,5.51
1587951.82,33.83,4.8,258885.24,5.51
1587967.32,33.83,4.8,258875.17,5.51
1587669.19,33.83,4.8,258847.87,5.52
1587371.06,33.83,4.8,258958.86,5.52
1587261.17,33.83,4.81,258992.64,5.52
1587477.61,33.84,4.81,259063.6,5.52
1587260.57,33.84,4.81,259276.26,5.53
1587106.9,33.84,4.81,259016.67,5.52
1586798.96,33.84,4.81,258948.66,5.52
1586805.15,33.84,4.81,258962.69,5.52
1586588.11,33.85,4.81,259326.52,5.53
1586216.17,33.84,4.81,259192.36,5.53
1586299.72,33.85,4.82,259234.53,5.53
1586001.6,33.85,4.82,259216.06,5.53
1585891.7,33.85,4.82,259213.35,5.53
1585891.7,33.85,4.82,259544.71,5.54
1585593.57,33.85,4.82,259602.19,5.54
1586063.81,33.86,4.83,260756.27,5.57
1585833.99,33.87,4.84,260532.68,5.56
1586153.89,33.88,4.84,260510.95,5.56
1586290.75,33.88,4.85,260773.99,5.57
1585982.81,33.88,4.85,260874.26,5.57
1586258.37,33.89,4.86,260878.11,5.57
1585960.24,33.89,4.86,260926.19,5.58
1585743.2,33.89,4.86,260920.82,5.58
1585445.07,33.89,4.86,260885.39,5.58
1586775.22,33.92,4.89,261971.6,5.6
1586831.51,33.93,4.9,262574.36,5.61
1586533.39,33.93,4.9,262640.38,5.62
1586505.86,33.94,4.9,262736.5,5.62
1586896.84,33.95,4.91,263283.47,5.63
1586598.71,33.95,4.91,263327.68,5.63
1586906.06,33.96,4.92,263267.77,5.63
1586598.12,33.96,4.92,263379.22,5.64
1586303.09,33.96,4.92,263240.63,5.64
1585979.52,33.96,4.93,263209.59,5.64
1585762.48,33.96,4.93,263794.24,5.65
1585494.31,33.96,4.93,263794.68,5.65
1585185.59,33.96,4.93,263741.12,5.65
1585185.59,33.96,4.93,263717.73,5.65
1584887.46,33.96,4.93,263718.2,5.65
1584589.34,33.96,4.93,263744.58,5.65
1584804.23,33.97,4.94,264159.86,5.66
1585129.8,33.98,4.95,264184.49,5.66
1584535.87,33.98,4.95,264173.5,5.67
1584535.87,33.98,4.95,264168.38,5.67
1584257.88,33.98,4.95,264167.12,5.67
1583989.71,33.99,4.95,264164.7,5.67
1583870.0,33.99,4.96,264143.48,5.67
1583654.51,33.99,4.96,264071.47,5.67
1583654.51,33.99,4.96,264016.92,5.67
1583930.07,34.0,4.96,264020.77,5.67
1583713.81,34.0,4.97,264012.9,5.67
1583684.73,34.01,4.97,264170.86,5.67
1583684.73,34.01,4.97,264170.86,5.67
1583684.73,34.01,4.97,264226.91,5.67
1583831.4,34.01,4.98,264314.64,5.68
1583993.57,34.02,4.98,264304.83,5.68
1583993.57,34.02,4.98,264285.73,5.68
1583776.53,34.02,4.98,264498.38,5.68
1584770.01,34.05,5.01,264356.12,5.68
1584217.92,34.05,5.01,263860.64,5.67
1584107.25,34.05,5.01,263827.76,5.67
1583891.76,34.05,5.01,263764.25,5.67
1583674.72,34.06,5.01,263839.36,5.67
1583392.08,34.06,5.01,263821.92,5.67
1583093.95,34.06,5.02,263784.26,5.67
1582825.78,34.06,5.02,263788.78,5.68
1583010.8,34.07,5.02,263789.26,5.68
1582793.76,34.07,5.03,263785.78,5.68
1583008.66,34.08,5.03,264064.13,5.68
1582693.56,34.07,5.03,263720.23,5.68
1582395.44,34.08,5.03,263698.72,5.68
1582366.36,34.08,5.03,263876.98,5.68
1582068.23,34.08,5.03,263913.93,5.69
1582068.23,34.08,5.03,263898.76,5.69
1581595.66,34.08,5.03,263513.71,5.68
1581378.61,34.08,5.03,263690.87,5.68
1581163.12,34.08,5.03,263627.36,5.68
1581053.22,34.09,5.04,263650.54,5.68
1580755.1,34.09,5.04,263696.56,5.69
1580784.24,34.09,5.04,263755.01,5.69
1580486.76,34.09,5.04,263941.3,5.69
1580570.31,34.1,5.05,263968.46,5.69
1580271.4,34.1,5.05,263930.72,5.7
1580243.87,34.11,5.05,264026.85,5.7
1579945.75,34.11,5.06,264042.37,5.7
1580284.54,34.11,5.06,264468.97,5.71
1580314.5,34.12,5.06,264481.22,5.71
1580314.5,34.12,5.06,264640.83,5.71
1579929.7,34.11,5.06,264616.98,5.71
1580050.48,34.12,5.07,264550.19,5.71
1579617.64,34.11,5.06,264117.56,5.7
1579400.6,34.11,5.06,264398.81,5.71
1579427.33,34.12,5.06,266428.28,5.75
1579427.33,34.12,5.06,266427.83,5.75
1579055.39,34.11,5.06,266293.67,5.75
1578945.5,34.11,5.06,266229.76,5.75
1578647.37,34.12,5.06,266203.23,5.75
1578349.24,34.12,5.06,266387.81,5.76
1578666.81,34.12,5.07,266410.71,5.76
1578449.77,34.13,5.07,266692.0,5.77
1578449.77,34.13,5.07,266670.46,5.77
1578762.38,34.14,5.08,266665.69,5.77
1578883.62,34.14,5.09,266644.02,5.77
1579266.31,34.15,5.09,267130.84,5.78
1579049.27,34.15,5.1,267056.78,5.78
1578497.17,34.15,5.09,266561.3,5.77
1578468.87,34.15,5.09,266548.74,5.77
1578083.03,34.15,5.09,266538.84,5.77
1578190.59,34.16,5.1,266780.59,5.77
1578196.01,34.16,5.1,267935.98,5.8
1577872.45,34.16,5.1,267927.35,5.8
1577872.45,34.16,5.1,267923.29,5.8
1577604.28,34.16,5.1,267925.63,5.8
1577664.19,34.17,5.11,267689.3,5.8
1577448.69,34.17,5.11,267680.33,5.8
1577448.69,34.17,5.11,267680.33,5.8
1577150.57,34.17,5.11,267652.84,5.8
1577749.39,34.19,5.13,267678.27,5.8
1577749.39,34.19,5.13,267699.73,5.8
1577451.26,34.2,5.13,267666.59,5.8
1577127.7,34.2,5.14,267700.44,5.8
1577435.04,34.2,5.14,267987.83,5.81
1577127.1,34.21,5.14,268095.95,5.81
1577017.21,34.21,5.15,268082.79,5.82
1576988.13,34.21,5.15,268261.24,5.82
1577143.2,34.22,5.16,268233.35,5.82
1575953.01,34.23,5.16,268198.41,5.82
1575654.88,34.23,5.16,268244.56,5.83
1575654.88,34.23,5.16,268458.71,5.83
1575684.02,34.23,5.17,268414.89,5.83
1575385.89,34.23,5.17,268458.91,5.83
1575385.89,34.23,5.17,268453.43,5.83
1575415.85,34.23,5.17,268457.1,5.83
1575536.64,34.24,5.18,268479.42,5.83
1575319.59,34.24,5.18,268474.12,5.84
1575319.59,34.24,5.18,268455.13,5.84
1575378.69,34.25,5.19,268456.48,5.84
1575161.65,34.25,5.19,268737.77,5.84
1574779.71,34.25,5.18,268366.71,5.84
1574481.58,34.25,5.18,268336.31,5.84
1574183.45,34.25,5.18,268304.86,5.84
1574330.13,34.26,5.19,268285.72,5.84
1574036.52,34.26,5.19,268285.14,5.84
1573712.96,34.26,5.19,268255.17,5.84
1573342.87,34.25,5.19,267892.66,5.83
1573670.76,34.26,5.2,267970.17,5.83
1573560.09,34.26,5.2,268665.22,5.85
1573344.6,34.27,5.2,268601.96,5.85
1573029.51,34.26,5.2,268386.02,5.85
1573244.4,34.27,5.2,268664.37,5.85
1572976.23,34.27,5.21,268662.45,5.85
1572976.23,34.27,5.21,268662.45,5.85
1573251.79,34.28,5.21,268666.3,5.85
1573222.71,34.29,5.22,268723.88,5.86
1573505.37,34.3,5.23,268747.31,5.86
1573395.48,34.3,5.23,268725.12,5.86
1573178.44,34.3,5.23,268719.38,5.86
1573333.5,34.31,5.24,268724.06,5.86
1573420.66,34.31,5.24,268811.02,5.86
1573122.53,34.31,5.24,269169.54,5.87
1573231.64,34.32,5.25,269477.81,5.88
1572933.51,34.32,5.25,269516.64,5.88
1572853.57,34.32,5.25,269525.59,5.88
1572555.44,34.32,5.25,269497.58,5.88
1572555.44,34.32,5.25,269605.84,5.88
1572338.4,34.33,5.25,269531.78,5.88
1572338.4,34.33,5.25,269645.7,5.89
1572368.36,34.33,5.25,269657.95,5.89
1571626.26,34.32,5.25,268972.47,5.87
1571655.4,34.32,5.25,268945.27,5.87
1571357.02,34.33,5.25,268933.39,5.87
1571061.21,34.33,5.25,268891.54,5.88
1570753.27,34.33,5.25,268934.86,5.88
1570445.33,34.33,5.26,269094.71,5.88
1570228.29,34.33,5.26,269088.97,5.88
1570228.29,34.33,5.26,269032.82,5.88
1570374.97,34.34,5.26,269063.39,5.88
1570081.36,34.34,5.27,269062.81,5.88
1567726.29,34.35,5.27,269012.27,5.89
1567428.16,34.35,5.28,268982.3,5.89
1567428.16,34.35,5.28,268983.41,5.89
1567428.16,34.35,5.28,268983.41,5.89
1567239.84,34.35,5.27,268728.01,5.89
1566931.9,34.35,5.28,268698.44,5.89
1566931.9,34.35,5.28,268779.55,5.89
1566633.77,34.35,5.28,268754.37,5.89
1566633.77,34.35,5.28,268802.47,5.89
1566418.28,34.35,5.28,268793.98,5.89
1566120.15,34.35,5.28,268826.35,5.9
1566365.76,34.36,5.29,268780.36,5.9
1566673.17,34.37,5.29,268808.92,5.9
1566378.15,34.37,5.29,268923.14,5.9
1566622.98,34.38,5.3,269098.22,5.9
1566324.85,34.38,5.3,269073.13,5.91
1566022.78,34.37,5.3,268726.89,5.9
1565596.65,34.37,5.3,268602.89,5.9
1565596.65,34.37,5.3,268602.09,5.9
1565298.52,34.37,5.3,268580.22,5.9
1565081.48,34.38,5.3,268574.91,5.9
1565085.35,34.38,5.3,268772.57,5.9
1564817.18,34.38,5.3,268773.01,5.9
1564600.14,34.38,5.3,268985.66,5.91
1563858.05,34.37,5.29,268300.18,5.9
1564185.94,34.38,5.3,269961.25,5.93
1563968.9,34.38,5.3,269899.81,5.93
1563859.0,34.39,5.31,269885.67,5.93
1564005.68,34.39,5.31,270251.53,5.94
1564144.86,34.4,5.32,270232.69,5.94
1563927.82,34.4,5.32,270516.6,5.95
1563712.33,34.41,5.32,270627.31,5.95
1563741.47,34.41,5.33,270641.07,5.96
1563524.42,34.41,5.33,270516.1,5.95
1563854.57,34.43,5.34,270602.31,5.96
1563825.49,34.43,5.35,270702.31,5.96
1563610.0,34.44,5.35,271094.97,5.97
1563915.8,34.45,5.36,271611.57,5.98
1564135.97,34.45,5.37,271642.17,5.98
1563837.84,34.45,5.37,271611.06,5.98
1563539.71,34.46,5.37,271587.07,5.98
1563271.54,34.46,5.37,271586.14,5.99
1562962.83,34.46,5.37,271497.74,5.99
1562469.99,34.45,5.36,271011.56,5.98
1562616.66,34.46,5.37,271051.32,5.98
1562348.49,34.46,5.37,271048.23,5.98
1562131.44,34.46,5.37,271042.72,5.98
1562102.37,34.47,5.38,271818.1,6.0
1561885.32,34.47,5.38,271872.49,6.0
1561587.19,34.47,5.38,271842.47,6.0
1561399.7,34.47,5.38,271731.92,6.0
1561554.77,34.48,5.39,271697.64,6.0
1561256.64,34.48,5.39,271673.83,6.0
1560933.08,34.48,5.39,271648.14,6.0
1560548.28,34.48,5.39,271607.14,6.0
1560252.47,34.48,5.39,271583.57,6.0
1560223.39,34.48,5.39,271947.31,6.01
1560195.86,34.49,5.4,272043.44,6.01
1559897.73,34.49,5.4,272073.21,6.02
1559897.73,34.49,5.4,272049.65,6.02
1560023.3,34.5,5.41,272173.95,6.02
1559913.4,34.51,5.41,271938.09,6.02
1559615.27,34.51,5.41,271998.08,6.02
1559615.27,34.51,5.41,271998.08,6.02
1559398.23,34.51,5.41,271992.79,6.02
1559100.1,34.51,5.41,271837.29,6.02
1558850.39,34.51,5.42,272010.34,6.02
1558971.63,34.52,5.42,271984.55,6.02
1558673.51,34.52,5.42,272017.05,6.02
1558690.66,34.53,5.43,271532.09,6.01
1558694.37,34.53,5.44,271515.33,6.02
1558322.43,34.53,5.43,271351.14,6.01
1558568.04,34.53,5.44,271324.06,6.01
1558299.86,34.54,5.44,271314.35,6.01
1558249.25,34.54,5.45,273260.78,6.06
1557981.08,34.54,5.45,273257.7,6.06
1557981.08,34.54,5.45,273246.12,6.06
1558127.75,34.55,5.46,273220.59,6.06
1558127.75,34.55,5.46,273220.59,6.06
1557859.58,34.55,5.46,273217.61,6.06
1557642.54,34.56,5.46,273212.32,6.06
1557532.64,34.56,5.46,273191.09,6.06
1557234.52,34.56,5.46,273155.71,6.06
1556910.95,34.56,5.46,273130.61,6.06
1556615.15,34.56,5.47,273111.08,6.06
1556831.59,34.57,5.47,273182.04,6.07
1556548.96,34.57,5.47,273170.47,6.07
1556359.99,34.57,5.47,273361.59,6.07
1556091.82,34.57,5.47,273360.34,6.07
1555796.02,34.57,5.48,274952.55,6.11
1555810.48,34.57,5.48,274945.66,6.11
1556035.8,34.58,5.48,275499.56,6.12
1555900.47,34.59,5.49,275479.63,6.12
1555900.47,34.59,5.49,275519.17,6.12
1555591.75,34.59,5.49,275460.72,6.12
1555806.65,34.59,5.5,275774.55,6.13
1555681.82,34.59,5.5,275942.94,6.14
1555828.5,34.6,5.5,275917.78,6.14
1555828.5,34.6,5.5,275894.71,6.14
1555530.37,34.6,5.5,275927.39,6.14
1555685.44,34.61,5.51,275916.59,6.14
1555832.11,34.62,5.52,275956.73,6.14
1555615.85,34.62,5.52,275903.11,6.14
1555253.91,34.61,5.51,275552.06,6.13
1555144.01,34.62,5.52,275518.46,6.13
1555144.01,34.62,5.52,275581.29,6.13
1554845.89,34.62,5.52,275552.78,6.14
1554547.76,34.62,5.52,275535.46,6.14
1554332.26,34.62,5.52,275540.72,6.14
1554034.14,34.62,5.52,275509.78,6.14
1553728.52,34.62,5.52,275504.32,6.14
1553728.52,34.62,5.52,275480.57,6.14
1553728.52,34.62,5.52,275603.66,6.14
1553849.76,34.63,5.53,275633.93,6.14
1553849.76,34.63,5.53,275612.58,6.14
1553769.82,34.64,5.53,275621.53,6.14
1553461.88,34.64,5.54,275560.54,6.14
1553163.75,34.64,5.54,275524.23,6.14
1553136.22,34.64,5.54,275620.36,6.15
1552821.66,34.64,5.54,275262.25,6.14
1552711.77,34.64,5.54,275207.4,6.14
1552388.21,34.64,5.54,275185.94,6.14
1552090.08,34.65,5.54,275170.61,6.14
1551620.06,34.64,5.54,274657.66,6.13
1551321.94,34.64,5.54,274625.07,6.13
1551321.94,34.64,5.54,274556.3,6.13
1551023.81,34.64,5.54,274607.24,6.13
1550725.68,34.64,5.54,274658.01,6.14
1550510.19,34.65,5.54,274770.05,6.14
1550815.98,34.66,5.55,275071.42,6.15
1550734.46,34.66,5.55,275038.31,6.15
1550518.97,34.66,5.55,275337.73,6.15
1550220.84,34.66,5.55,275322.41,6.16
1549897.27,34.66,5.55,275300.14,6.16
1549599.15,34.66,5.56,275271.41,6.16
1549570.84,34.67,5.56,275383.86,6.16
1549570.84,34.67,5.56,275273.72,6.16
1549717.52,34.67,5.57,275248.19,6.16
1549419.39,34.68,5.57,275243.0,6.16
1549121.26,34.68,5.57,275312.72,6.16
1549366.87,34.68,5.58,275296.8,6.16
1549068.74,34.69,5.58,275284.9,6.16
1549205.6,34.69,5.59,275241.94,6.16
1549176.53,34.7,5.59,275341.94,6.17
1549416.92,34.71,5.6,275060.66,6.16
1549416.92,34.71,5.6,275106.61,6.16
1549446.87,34.71,5.6,275118.86,6.16
1549446.87,34.71,5.6,275214.65,6.16
1549148.74,34.71,5.6,275181.97,6.17
1548840.03,34.71,5.6,275469.59,6.17
1548810.95,34.71,5.6,275627.55,6.18
1548810.95,34.71,5.6,275627.1,6.18
1548781.87,34.72,5.61,275669.07,6.18
1548781.87,34.72,5.61,276046.83,6.19
1548958.5,34.73,5.62,276051.68,6.19
1548958.5,34.73,5.62,276053.25,6.19
1548654.43,34.73,5.62,277967.25,6.23
1548437.39,34.73,5.62,277932.34,6.23
1548437.39,34.73,5.62,277904.54,6.23
1548327.5,34.73,5.62,277870.33,6.23
1548487.21,34.74,5.63,278141.81,6.24
1548189.08,34.74,5.63,278183.82,6.24
1548269.03,34.75,5.64,278837.98,6.26
1548514.64,34.76,5.65,278876.61,6.26
1548514.64,34.76,5.65,279689.3,6.28
1548297.59,34.76,5.65,279684.0,6.28
1548014.96,34.76,5.65,279672.21,6.28
1547797.92,34.76,5.65,279598.14,6.28
1547499.79,34.77,5.65,279507.76,6.28
1547637.62,34.77,5.66,279113.65,6.27
1547637.62,34.77,5.66,279108.91,6.27
1547422.13,34.78,5.66,279100.42,6.27
1547124.0,34.78,5.66,279250.42,6.28
1547124.0,34.78,5.66,279227.17,6.28
1547124.0,34.78,5.66,279271.24,6.28
1547244.79,34.78,5.67,279302.69,6.28
1546946.66,34.79,5.67,279274.18,6.28
1546646.72,34.79,5.67,279523.27,6.29
1546348.59,34.79,5.67,279560.57,6.29
1546674.16,34.8,5.68,279571.15,6.29
1546312.23,34.79,5.67,279288.73,6.28
1546096.73,34.8,5.68,279408.06,6.29
1546180.28,34.8,5.68,279381.16,6.29
1545912.11,34.8,5.68,279383.49,6.29
1545613.98,34.8,5.69,279348.14,6.29
1545387.13,34.81,5.69,278692.37,6.28
1545171.63,34.81,5.69,278805.11,6.28
1544873.5,34.81,5.69,278778.29,6.28
1544588.25,34.81,5.69,278554.55,6.28
1544588.25,34.81,5.69,278531.48,6.28
1544750.84,34.82,5.69,279071.78,6.29
1544750.84,34.82,5.69,279023.62,6.29
1544750.84,34.82,5.69,279000.35,6.29
1544750.84,34.82,5.69,278993.56,6.29
1544897.51,34.82,5.7,279032.77,6.29
1544806.62,34.83,5.71,281065.87,6.34
1544726.68,34.83,5.71,281074.82,6.34
1544726.68,34.83,5.71,281121.97,6.34
1544972.29,34.84,5.72,281097.06,6.34
1544755.24,34.84,5.72,281110.69,6.34
1544457.12,34.85,5.72,281126.4,6.34
1544188.94,34.85,5.72,281130.92,6.34
1544566.5,34.86,5.74,281352.12,6.35
1544538.97,34.87,5.74,281860.91,6.36
1544270.8,34.87,5.75,281859.65,6.36
1543972.67,34.87,5.75,281835.07,6.37
1544722.83,34.9,5.77,282002.97,6.37
1544428.58,34.9,5.77,282152.27,6.38
1544130.45,34.9,5.78,282125.26,6.38
1544251.24,34.91,5.78,282489.06,6.39
1544222.16,34.91,5.79,282828.05,6.39
1544222.16,34.91,5.79,282807.74,6.39
1543924.03,34.91,5.79,282834.46,6.4
1543924.03,34.91,5.79,282675.82,6.39
1543625.9,34.91,5.79,282653.42,6.39
1543408.86,34.92,5.79,282648.06,6.39
1543438.0,34.92,5.8,282619.58,6.39
1543461.5,34.92,5.8,282651.41,6.4
1543163.37,34.93,5.8,282689.07,6.4
1542865.24,34.93,5.8,282655.35,6.4
1542865.24,34.93,5.8,282655.35,6.4
1542755.35,34.93,5.8,282452.65,6.4
1542769.81,34.93,5.8,282445.76,6.39
1542501.64,34.93,5.81,282446.21,6.4
1542747.24,34.94,5.81,282481.43,6.4
1542083.46,34.93,5.81,281674.54,6.38
1541815.29,34.94,5.81,281672.12,6.38
1539460.22,34.95,5.82,281621.58,6.39
1539162.09,34.95,5.82,281444.61,6.39
1539269.65,34.95,5.83,281753.03,6.4
1538971.52,34.96,5.83,281723.35,6.4
1538971.52,34.96,5.83,281723.35,6.4
1538647.96,34.96,5.83,281698.57,6.4
1538352.16,34.96,5.83,281677.3,6.4
1538054.03,34.96,5.83,281742.91,6.4
1537836.99,34.96,5.83,281737.62,6.41
1537836.99,34.96,5.83,281642.4,6.4
1537809.46,34.97,5.84,281634.43,6.4
1537593.96,34.97,5.84,281659.53,6.41
1537376.92,34.97,5.84,281872.18,6.41
1537078.79,34.97,5.84,281850.53,6.41
1537300.41,34.98,5.85,281848.64,6.41
1537447.09,34.99,5.86,281908.61,6.42
1537148.96,34.99,5.86,281863.43,6.42
1536924.77,34.99,5.85,281772.21,6.41
1537250.36,35.0,5.87,284623.56,6.48
1537323.43,35.0,5.87,284587.69,6.48
1537106.39,35.01,5.87,284584.2,6.48
1536890.89,35.01,5.87,284836.87,6.49
1537142.34,35.02,5.88,284829.4,6.49
1537358.78,35.03,5.89,284900.36,6.49
1537060.66,35.03,5.89,285057.42,6.5
1537174.16,35.04,5.9,285052.73,6.5
1537145.08,35.04,5.9,285231.18,6.5
1537145.08,35.04,5.9,285257.64,6.5
1536846.95,35.04,5.9,285298.33,6.51
1536539.01,35.04,5.91,285295.5,6.51
1536321.97,35.05,5.91,285176.62,6.51
1536201.49,35.05,5.91,284645.0,6.49
1535984.45,35.05,5.91,284639.45,6.5
1535767.4,35.06,5.91,284513.97,6.49
1535484.77,35.06,5.91,284502.15,6.5
1535513.91,35.06,5.92,284575.52,6.5
1535215.78,35.07,5.92,284536.53,6.5
1534917.65,35.07,5.92,284509.39,6.5
1534619.53,35.07,5.92,284536.65,6.5
1534766.2,35.08,5.93,284555.44,6.5
1534492.09,35.08,5.93,285133.81,6.52
1534193.96,35.08,5.93,285111.19,6.52
1533870.4,35.08,5.94,285078.6,6.52
1533870.4,35.08,5.94,285056.59,6.52
1533654.9,35.08,5.94,284993.52,6.52
1533535.2,35.09,5.94,284917.1,6.52
1533319.7,35.09,5.94,284909.74,6.52
1533292.17,35.09,5.95,285005.86,6.52
1533263.09,35.1,5.95,285184.48,6.53
1533263.09,35.1,5.95,285155.29,6.53
1533046.05,35.1,5.95,285569.54,6.54
1532747.92,35.1,5.95,285524.53,6.54
1532777.06,35.11,5.96,285610.5,6.54
1532478.94,35.11,5.96,285601.88,6.54
1532291.44,35.11,5.96,285491.33,6.54
1531919.51,35.11,5.96,285130.31,6.53
1532146.65,35.12,5.97,284566.18,6.52
1532523.2,35.13,5.98,284506.75,6.52
1532225.07,35.13,5.98,284481.65,6.52
1531926.94,35.13,5.98,284448.21,6.52
1531807.23,35.13,5.98,284468.21,6.52
1531509.11,35.14,5.98,284436.78,6.53
1531399.21,35.14,5.99,284417.23,6.53
1531399.21,35.14,5.99,284391.52,6.53
1531182.17,35.14,5.99,284386.23,6.53
1531911.5,35.16,6.01,285732.04,6.56
1531911.5,35.16,6.01,285631.91,6.56
1531925.97,35.16,6.01,285619.16,6.56
1532140.86,35.17,6.02,286034.43,6.57
1532295.93,35.18,6.03,286067.48,6.57
1532601.72,35.19,6.04,286516.68,6.58
1532303.6,35.19,6.04,286494.23,6.58
1532274.52,35.2,6.04,287277.45,6.6
1532057.47,35.2,6.04,287283.86,6.6
1532234.1,35.21,6.05,287288.71,6.6
1531934.17,35.21,6.05,287225.11,6.6
1532043.28,35.22,6.06,287218.48,6.6
1531826.23,35.22,6.06,287178.23,6.6
1531528.11,35.22,6.06,287153.14,6.6
1531311.84,35.22,6.06,287236.23,6.61
1531217.44,35.23,6.07,287205.42,6.61
1531110.64,35.23,6.07,288324.58,6.63
1530893.6,35.24,6.07,288318.84,6.64
1530595.47,35.24,6.07,288310.21,6.64
1530833.08,35.25,6.08,288249.35,6.64
1530539.6,35.25,6.08,289707.27,6.67
1530241.48,35.25,6.08,289676.87,6.67
1529945.67,35.25,6.09,289661.33,6.67
1529945.67,35.25,6.09,289735.08,6.68
1529647.55,35.25,6.09,289788.95,6.68
1529349.42,35.25,6.09,289836.17,6.68
1529239.52,35.26,6.09,289813.51,6.68
1529022.48,35.26,6.09,289752.07,6.68
1528724.35,35.26,6.1,289722.79,6.68
1528605.93,35.26,6.09,289482.26,6.68
1528307.8,35.26,6.09,289455.73,6.68
1528197.91,35.26,6.1,289498.31,6.68
1527980.86,35.27,6.1,289492.77,6.68
1527980.86,35.27,6.1,289588.46,6.68
1527682.74,35.27,6.1,289526.99,6.68
1527386.93,35.27,6.1,289505.32,6.69
1527087.0,35.27,6.1,289522.82,6.69
1526788.87,35.27,6.11,289493.44,6.69
1526788.87,35.27,6.11,289583.39,6.69
1527034.48,35.28,6.11,289556.31,6.69
1527109.61,35.29,6.12,289634.87,6.69
1526841.44,35.29,6.12,289635.31,6.69
1526841.44,35.29,6.12,289577.67,6.69
1526841.44,35.29,6.12,289556.64,6.69
1527167.01,35.3,6.13,289594.08,6.69
1527250.56,35.3,6.14,289568.58,6.69
1526952.43,35.3,6.14,289550.11,6.69
1526654.3,35.31,6.14,289518.12,6.7
1526345.36,35.31,6.14,288798.83,6.68
1526376.82,35.31,6.14,288781.28,6.68
1527837.21,35.35,6.18,291832.39,6.75
1527808.13,35.36,6.19,292010.55,6.76
1527808.13,35.36,6.19,292010.55,6.76
1527523.04,35.36,6.19,292062.59,6.76
1527224.92,35.36,6.19,292078.9,6.76
1527420.01,35.37,6.2,292257.0,6.77
1527310.11,35.37,6.2,292235.95,6.77
1527310.11,35.37,6.2,292179.8,6.77
1527617.88,35.38,6.21,292177.88,6.77
1527319.75,35.38,6.21,292151.57,6.77
1527319.75,35.38,6.21,292188.04,6.77
1527290.67,35.39,6.22,292366.66,6.77
1526992.54,35.39,6.22,292326.04,6.77
1526612.45,35.38,6.21,292111.42,6.77
1526817.71,35.39,6.22,292660.94,6.78
1526310.08,35.39,6.22,292254.88,6.78
1526281.0,35.39,6.22,292636.5,6.79
1526251.93,35.4,6.23,292941.89,6.79
1526036.43,35.4,6.23,292947.15,6.8
1525768.26,35.41,6.23,292939.98,6.8
1525470.13,35.41,6.23,292918.47,6.8
1525172.0,35.41,6.23,292976.85,6.8
1524873.87,35.41,6.23,293015.82,6.8
1524570.58,35.41,6.23,295555.7,6.86
1524412.62,35.41,6.23,295401.84,6.86
1524332.68,35.41,6.24,295410.79,6.86
1524034.55,35.41,6.24,295398.5,6.86
1523727.9,35.41,6.23,295061.65,6.86
1523429.78,35.41,6.23,295102.09,6.86
1523294.85,35.42,6.24,300178.99,6.98
1523001.24,35.42,6.24,300184.56,6.98
1523084.79,35.43,6.25,300049.91,6.98
1522867.75,35.43,6.25,299988.47,6.98
1522757.86,35.43,6.25,299956.68,6.98
1522540.81,35.44,6.26,299953.19,6.98
1522432.94,35.44,6.25,299781.64,6.98
1523767.23,35.47,6.29,300197.99,6.99
1524012.84,35.47,6.29,300225.64,6.99
1523902.17,35.48,6.3,300524.67,7.0
1523617.08,35.48,6.3,300576.27,7.0
1523924.43,35.49,6.31,300636.54,7.0
1523586.35,35.49,6.3,300352.8,7.0
1523806.52,35.49,6.31,300336.87,7.0
1523806.52,35.49,6.31,301235.42,7.02
1523806.52,35.49,6.31,301338.04,7.02
1524035.19,35.5,6.32,302004.51,7.04
1524035.19,35.5,6.32,301935.87,7.03
1523737.06,35.5,6.32,301896.52,7.03
1523521.56,35.51,6.32,301901.78,7.04
1523227.44,35.51,6.33,301220.25,7.02
1523435.7,35.52,6.33,306186.29,7.14
1523131.64,35.52,6.34,306104.66,7.14
1523346.53,35.53,6.34,306700.15,7.15
1523048.4,35.53,6.35,306672.1,7.15
1522780.23,35.53,6.35,306674.44,7.16
1522996.67,35.54,6.36,306745.4,7.16
1522779.63,35.54,6.36,306958.05,7.16
1522481.5,35.54,6.36,306936.54,7.17
1522213.33,35.55,6.36,306936.98,7.17
1521914.94,35.55,6.36,306925.11,7.17
1521914.94,35.55,6.36,307014.69,7.17
1521914.94,35.55,6.36,306994.39,7.17
1521616.82,35.55,6.36,306962.92,7.17
1521645.96,35.55,6.37,306965.86,7.17
1521428.91,35.56,6.37,306960.32,7.17
1520589.92,35.55,6.36,306135.32,7.16
1520291.79,35.55,6.36,306116.64,7.16
1520291.79,35.55,6.36,306094.18,7.16
1520291.79,35.55,6.36,306094.18,7.16
1520291.79,35.55,6.36,306246.78,7.16
1520156.46,35.55,6.37,306231.32,7.16
1519853.8,35.55,6.36,305867.44,7.15
1519301.71,35.54,6.35,305371.96,7.14
1518980.47,35.54,6.36,305531.01,7.15
1518763.43,35.55,6.36,305525.72,7.15
1518425.72,35.54,6.35,305192.91,7.14
1518602.36,35.55,6.36,305197.2,7.14
1518602.36,35.55,6.36,305124.79,7.14
1518757.42,35.56,6.37,305164.72,7.14
1518646.75,35.56,6.37,305408.03,7.15
1518348.63,35.56,6.38,305366.55,7.15
1518563.52,35.57,6.38,305841.37,7.16
1518453.63,35.58,6.39,305818.21,7.17
1518155.5,35.58,6.39,305852.37,7.17
1517940.01,35.58,6.39,305788.86,7.17
1517644.2,35.58,6.39,305785.7,7.17
1518235.42,35.6,6.41,306096.25,7.18
1517937.29,35.6,6.41,306073.85,7.18
1517669.12,35.6,6.41,306072.92,7.18
1517778.23,35.61,6.42,306287.96,7.19
1517561.19,35.62,6.42,306213.89,7.19
1517345.69,35.62,6.42,306118.81,7.19
1517208.59,35.62,6.42,305939.21,7.18
1516910.46,35.62,6.43,306007.48,7.19
1517047.32,35.63,6.43,306058.97,7.19
1517364.9,35.64,6.44,306034.71,7.19
1517423.99,35.64,6.45,306036.06,7.19
1517125.86,35.65,6.45,306079.92,7.19
1516827.74,35.65,6.45,306047.35,7.19
1516334.9,35.64,6.44,305554.72,7.18
1516199.57,35.64,6.45,305588.53,7.18
1515903.76,35.65,6.45,305586.85,7.19
1513548.69,35.66,6.46,305536.31,7.2
1513413.36,35.66,6.47,305519.16,7.2
1513389.4,35.67,6.47,305581.76,7.2
1513121.23,35.67,6.47,305586.28,7.2
1512797.67,35.67,6.47,305562.39,7.2
1512687.64,35.67,6.48,304947.43,7.19
1513005.22,35.68,6.49,304972.75,7.19
1512707.09,35.68,6.49,304943.39,7.19
1512678.01,35.69,6.49,305282.38,7.2
1510322.94,35.7,6.51,305231.84,7.22
1510015.0,35.7,6.51,305916.37,7.23
1509935.06,35.71,6.51,305925.32,7.23
1509636.94,35.71,6.51,305956.39,7.24
1510217.05,35.73,6.53,303117.58,7.17
1510107.16,35.73,6.54,303147.39,7.17
1510078.08,35.74,6.54,303189.1,7.18
1510107.22,35.74,6.55,303160.62,7.18
1509798.5,35.75,6.55,303082.04,7.18
1509500.38,35.75,6.55,303051.48,7.18
1509202.25,35.75,6.55,303304.93,7.18
1509060.28,35.75,6.55,303210.01,7.18
1508760.34,35.75,6.55,303204.72,7.18
1508543.3,35.75,6.55,303130.65,7.18
1508181.36,35.75,6.55,302708.33,7.17
1508330.36,35.75,6.56,303263.19,7.19
1508062.19,35.76,6.56,303265.52,7.19
1507845.15,35.76,6.56,303235.28,7.19
1508189.39,35.77,6.57,303743.23,7.2
1508189.39,35.77,6.57,303816.64,7.21
1507812.33,35.77,6.57,303459.96,7.2
1507725.36,35.77,6.57,303377.64,7.2
1507725.36,35.77,6.57,303377.64,7.2
1507508.31,35.77,6.57,303372.1,7.2
1507240.14,35.77,6.57,303369.01,7.2
1506941.24,35.78,6.57,303551.73,7.21
1507157.68,35.78,6.58,303546.05,7.21
1506859.55,35.79,6.58,303527.11,7.21
1506749.66,35.79,6.59,303507.56,7.21
1506467.03,35.79,6.59,303568.01,7.21
1506357.13,35.8,6.59,303213.29,7.21
1506328.05,35.8,6.6,303313.3,7.21
1506029.92,35.8,6.6,303291.79,7.21
1505731.8,35.81,6.6,303266.47,7.21
1505977.4,35.81,6.61,303848.28,7.23
1505977.4,35.81,6.61,303762.85,7.22
1505679.28,35.82,6.61,303603.87,7.22
1505828.28,35.82,6.62,303575.87,7.22
1505611.23,35.83,6.62,303570.57,7.22
1505313.11,35.83,6.62,303652.84,7.23
1505177.78,35.83,6.63,303639.8,7.23
1505186.77,35.83,6.63,303694.79,7.23
1504881.15,35.83,6.63,303635.57,7.23
1504573.21,35.83,6.63,304153.08,7.24
1504573.21,35.83,6.63,304129.33,7.24
1504278.18,35.84,6.63,304107.34,7.24
1503980.05,35.84,6.63,304113.27,7.25
1503681.93,35.84,6.63,304042.33,7.25
1503681.93,35.84,6.63,304099.34,7.25
1503572.03,35.84,6.64,304115.74,7.25
1503276.23,35.84,6.64,304104.1,7.25
1502968.29,35.85,6.64,304080.05,7.25
1502670.16,35.85,6.64,304074.58,7.25
1502372.03,35.85,6.64,304050.38,7.25
1502401.17,35.85,6.65,304202.56,7.26
1505980.13,35.95,6.74,304678.15,7.27
1505763.08,35.95,6.75,304574.52,7.27
1505494.91,35.95,6.75,304573.27,7.27
1505196.78,35.96,6.75,304603.72,7.28
1507161.79,36.0,6.8,306710.82,7.33
1507132.71,36.01,6.8,306889.71,7.33
1507252.29,36.02,6.81,307579.03,7.35
1506954.16,36.02,6.81,307561.71,7.35
1506655.77,36.02,6.81,307494.44,7.35
1506355.84,36.02,6.81,307430.84,7.35
1506553.76,36.03,6.82,307861.03,7.36
1506230.19,36.03,6.82,307887.61,7.37
1505908.96,36.03,6.82,307870.39,7.37
1505691.91,36.04,6.83,308263.66,7.38
1505691.91,36.04,6.83,308291.3,7.38
1505582.02,36.04,6.83,308276.42,7.38
1505472.12,36.04,6.84,308277.13,7.38
1505687.02,36.05,6.84,308598.86,7.39
1505418.85,36.06,6.85,308597.6,7.39
1505120.72,36.06,6.85,308658.96,7.39
1505267.39,36.06,6.85,308708.09,7.4
1505424.79,36.07,6.86,309415.22,7.41
1505395.71,36.08,6.87,309502.6,7.42
1505542.38,36.09,6.88,309477.07,7.42
1505717.85,36.09,6.88,309245.54,7.41
1505419.72,36.1,6.89,309223.14,7.41
1505636.17,36.11,6.89,309294.1,7.42
1505338.04,36.11,6.89,309260.82,7.42
1505484.71,36.11,6.9,309247.99,7.42
1505484.71,36.11,6.9,309349.8,7.42
1505186.58,36.12,6.9,309313.51,7.42
1505186.58,36.12,6.9,309313.51,7.42
1504888.46,36.12,6.91,309627.61,7.43
1504672.96,36.12,6.91,309935.27,7.44
1504485.47,36.12,6.91,309890.96,7.44
1504189.67,36.13,6.91,309866.3,7.44
1503807.73,36.12,6.91,309494.76,7.43
1503983.46,36.13,6.91,311121.93,7.47
1503983.46,36.13,6.91,311131.59,7.47
1503685.33,36.13,6.92,311446.99,7.48
1503685.33,36.13,6.92,311424.98,7.48
1502495.14,36.14,6.92,311389.25,7.49
1502498.67,36.14,6.92,311402.4,7.49
1502653.74,36.14,6.93,311377.28,7.49
1502355.61,36.15,6.93,312062.07,7.51
1502087.44,36.15,6.93,312061.14,7.51
1501772.35,36.14,6.93,311795.6,7.5
1501775.28,36.15,6.94,312027.76,7.51
1501507.11,36.15,6.94,312024.79,7.51
1501290.06,36.16,6.94,312291.86,7.52
1501504.96,36.16,6.95,313026.0,7.54
1501395.06,36.17,6.95,312986.16,7.54
1501395.06,36.17,6.95,312959.91,7.54
1501285.17,36.17,6.96,313015.55,7.54
1501285.17,36.17,6.96,313038.24,7.54
1500900.37,36.17,6.95,312998.05,7.54
1500790.47,36.17,6.96,312958.71,7.54
1500492.34,36.17,6.96,312957.57,7.54
1500397.94,36.18,6.96,312946.71,7.55
1500614.39,36.19,6.97,313017.67,7.55
1500749.7,36.2,6.98,313213.56,7.55
1500532.66,36.2,6.98,313208.05,7.56
1500234.53,36.2,6.98,313188.5,7.56
1499910.97,36.2,6.98,313162.22,7.56
1500047.83,36.21,6.99,313238.53,7.56
1500047.83,36.21,6.99,313238.53,7.56
1500353.63,36.22,7.0,313756.89,7.57
1500207.71,36.22,7.0,313568.47,7.57
1500354.38,36.23,7.01,313542.35,7.57
1499880.6,36.22,7.0,312925.46,7.56
1499518.66,36.22,7.0,312544.59,7.55
1499408.77,36.22,7.0,312527.44,7.55
1499528.78,36.23,7.01,312197.66,7.54
1499260.61,36.23,7.01,312194.57,7.54
1499043.56,36.24,7.01,312624.18,7.56
1498747.76,36.24,7.02,312605.48,7.56
1498016.69,36.23,7.01,311911.13,7.54
1497829.2,36.23,7.01,311883.86,7.54
1497843.66,36.23,7.01,311876.97,7.54
1498190.84,36.24,7.02,311862.42,7.54
1498337.52,36.25,7.03,311843.65,7.54
1498039.39,36.25,7.03,311807.35,7.55
1497823.9,36.25,7.03,311743.91,7.55
1497853.04,36.26,7.04,311807.09,7.55
1497554.91,36.26,7.04,311787.09,7.55
1497569.37,36.26,7.04,311774.35,7.55
1497569.37,36.26,7.04,311774.35,7.55
1497461.41,36.26,7.04,311670.89,7.55
1497350.74,36.27,7.04,312067.8,7.56
1497680.83,36.28,7.05,312070.0,7.56
1497382.7,36.28,7.05,312033.69,7.56
1497382.7,36.28,7.05,312044.12,7.56
1497037.97,36.27,7.05,311786.76,7.55
1497184.65,36.28,7.06,311773.92,7.56
1496886.52,36.28,7.06,311734.06,7.56
1496588.39,36.28,7.06,311787.3,7.56
1496290.26,36.29,7.06,311821.07,7.56
1495992.13,36.29,7.06,311812.83,7.56
1495694.01,36.29,7.06,311762.44,7.56
1495584.11,36.29,7.07,311649.82,7.56
1495285.98,36.29,7.07,311619.51,7.56
1494978.04,36.3,7.07,312102.38,7.58
1495298.62,36.3,7.08,312565.83,7.59
1495515.07,36.31,7.09,313369.26,7.61
1495216.94,36.32,7.09,312998.69,7.6
1495216.94,36.32,7.09,313701.63,7.62
1494921.13,36.32,7.09,313666.66,7.62
1494950.28,36.32,7.1,313644.53,7.62
1494513.35,36.32,7.1,313235.51,7.61
1494907.93,36.34,7.11,313430.21,7.62
1494584.37,36.34,7.12,313452.78,7.62
1494286.24,36.34,7.12,313425.48,7.62
1493988.11,36.34,7.12,313376.49,7.62
1493682.5,36.34,7.12,313467.08,7.63
1493653.42,36.35,7.13,313721.0,7.63
1493830.05,36.36,7.13,313725.29,7.64
1493855.84,36.37,7.14,314328.78,7.65
1493976.63,36.37,7.15,314151.39,7.65
1494294.21,36.38,7.16,314117.97,7.65
1493999.18,36.38,7.16,315930.53,7.69
1495099.66,36.42,7.2,316471.01,7.71
1492744.59,36.43,7.21,316420.48,7.72
1492634.7,36.44,7.21,316391.89,7.72
1492336.57,36.44,7.22,316447.57,7.73
1492037.67,36.44,7.22,316413.78,7.73
1492037.67,36.44,7.22,316413.78,7.73
1491820.62,36.45,7.22,316352.34,7.73
1491499.38,36.45,7.22,316339.27,7.73
1491201.26,36.45,7.22,316306.68,7.73
1491429.92,36.46,7.23,317267.06,7.76
1491212.88,36.46,7.23,317261.32,7.76
1491458.49,36.47,7.24,317312.49,7.76
1491160.36,36.47,7.24,317393.15,7.76
1490864.55,36.47,7.25,317505.2,7.77
1491455.77,36.49,7.26,317815.75,7.78
1491239.51,36.5,7.27,317922.31,7.78
1491065.07,36.5,7.27,318462.34,7.8
1490988.62,36.51,7.28,317729.82,7.78
1490771.57,36.51,7.28,318011.12,7.79
1490473.45,36.51,7.28,318015.05,7.79
1490610.31,36.52,7.29,318029.67,7.79
1490610.31,36.52,7.29,318135.03,7.79
1490693.86,36.53,7.3,318134.71,7.8
1490395.73,36.53,7.3,318167.84,7.8
1490051.64,36.52,7.29,317800.92,7.79
1491901.22,36.57,7.34,320440.82,7.85
1491670.98,36.57,7.34,320488.32,7.86
1491833.56,36.58,7.35,320426.99,7.86
1491862.71,36.59,7.36,320447.83,7.86
1491833.63,36.59,7.36,320688.65,7.87
1492116.29,36.6,7.37,320691.96,7.87
1492145.43,36.61,7.38,320662.34,7.87
1492145.43,36.61,7.38,320662.34,7.87
1492481.54,36.62,7.39,321113.99,7.88
1492185.73,36.62,7.39,321057.46,7.88
1492185.73,36.62,7.39,321037.83,7.88
1491811.77,36.62,7.39,320750.43,7.87
1491992.38,36.63,7.4,321137.84,7.88
1491694.26,36.63,7.4,320949.19,7.88
1491396.13,36.63,7.4,320941.82,7.88
1491542.8,36.64,7.41,321023.45,7.89
1491788.41,36.65,7.42,321305.67,7.89
1492105.99,36.66,7.43,321364.78,7.9
1492105.99,36.66,7.43,321364.78,7.9
1492252.66,36.67,7.43,321330.19,7.9
1492252.66,36.67,7.43,321330.19,7.9
1492420.13,36.68,7.45,321797.88,7.91
1492705.11,36.69,7.46,321902.61,7.91
1492489.62,36.69,7.46,321895.24,7.91
1492398.87,36.69,7.46,321836.38,7.91
1492418.2,36.7,7.46,321862.81,7.91
1492122.4,36.7,7.46,321818.56,7.92
1492122.4,36.7,7.46,321818.56,7.92
1492093.32,36.71,7.47,321976.51,7.92
1491794.41,36.71,7.47,322165.16,7.93
1491496.29,36.71,7.47,322146.42,7.93
1491642.96,36.72,7.48,322119.89,7.93
1491102.86,36.71,7.48,321631.81,7.92
1490885.82,36.72,7.48,321626.3,7.92
1490417.48,36.71,7.47,321125.42,7.91
1490200.44,36.72,7.47,321644.84,7.92
1489902.31,36.72,7.47,321616.74,7.93
1489604.18,36.72,7.48,321588.94,7.93
1489388.69,36.72,7.48,321594.2,7.93
1489634.3,36.73,7.49,321660.51,7.93
1489335.91,36.73,7.49,321593.23,7.93
1489020.82,36.73,7.48,321249.06,7.92
1488910.93,36.73,7.49,321235.89,7.93
1489211.06,36.74,7.5,321217.55,7.93
1488942.89,36.75,7.5,321217.99,7.93
1488942.89,36.75,7.5,321163.45,7.93
1488725.85,36.75,7.5,321182.34,7.93
1488505.88,36.75,7.5,321004.59,7.92
1488505.88,36.75,7.5,321254.32,7.93
1488181.54,36.75,7.5,321397.06,7.94
1488343.71,36.76,7.51,321385.0,7.94
1488373.66,36.76,7.51,321397.25,7.94
1487901.09,36.75,7.51,321012.2,7.93
1487602.96,36.75,7.51,320932.8,7.93
1487662.06,36.76,7.51,320934.15,7.93
1488020.0,36.77,7.52,321117.58,7.94
1487721.87,36.77,7.53,321081.29,7.94
1487611.98,36.78,7.53,321067.18,7.94
1487774.15,36.79,7.54,321055.12,7.94
1487803.29,36.79,7.55,321102.53,7.94
1487803.29,36.79,7.55,321094.21,7.94
1487586.24,36.8,7.55,321088.85,7.94
1487586.24,36.8,7.55,321160.21,7.94
1487288.12,36.8,7.55,321135.43,7.95
1486982.5,36.8,7.55,321007.71,7.94
1487131.5,36.81,7.56,321177.93,7.95
1487618.65,36.83,7.58,322073.82,7.97
1487512.76,36.83,7.58,321637.43,7.96
1487244.59,36.84,7.59,321634.34,7.97
1486704.83,36.83,7.58,321146.87,7.96
1486406.7,36.83,7.58,321183.94,7.96
1486108.57,36.83,7.59,321165.46,7.96
1486229.81,36.84,7.59,321200.79,7.96
1485998.6,36.84,7.59,321052.63,7.96
1485781.55,36.84,7.59,320978.57,7.96
1485661.85,36.85,7.6,320960.46,7.96
1485363.72,36.85,7.6,320922.78,7.96
1485065.59,36.85,7.6,320899.67,7.96
1484767.46,36.85,7.6,320870.3,7.96
1484797.42,36.85,7.6,320882.55,7.96
1484918.66,36.86,7.61,320866.9,7.96
1484703.16,36.86,7.61,320857.93,7.97
1484486.12,36.87,7.61,320783.87,7.97
1484701.02,36.88,7.62,321074.85,7.97
1485083.7,36.89,7.63,321694.05,7.99
1484878.84,36.88,7.63,321570.3,7.99
1484661.79,36.89,7.63,321565.01,7.99
1484745.34,36.9,7.64,321596.95,7.99
1484635.45,36.9,7.64,321575.43,7.99
1484337.32,36.9,7.65,321542.86,7.99
1484684.85,36.91,7.66,321544.97,7.99
1484386.72,36.92,7.66,321608.23,8.0
1484088.59,36.92,7.66,321579.72,8.0
1483790.47,36.92,7.66,321561.25,8.0
1483492.34,36.92,7.66,321537.3,8.0
1483276.07,36.92,7.67,321610.89,8.01
1483290.53,36.92,7.67,321598.14,8.01
1482750.77,36.92,7.66,321110.67,8.0
1482640.88,36.92,7.66,321091.12,8.0
1482423.83,36.93,7.67,321085.83,8.0
1482423.83,36.93,7.67,321066.79,8.0
1482134.92,36.93,7.67,320875.44,7.99
1482134.92,36.93,7.67,320998.41,8.0
1481917.87,36.93,7.67,321123.01,8.0
1481917.87,36.93,7.67,321232.63,8.01
1481976.07,36.94,7.68,321443.31,8.01
1481976.07,36.94,7.68,321477.67,8.01
1481652.5,36.94,7.68,321455.46,8.01
1481623.42,36.95,7.68,321862.09,8.03
1481325.3,36.95,7.69,321834.79,8.03
1481027.17,36.95,7.69,321813.2,8.03
1481409.85,36.96,7.7,322488.78,8.05
1481105.01,36.96,7.7,322454.33,8.05
1480806.88,36.97,7.7,322509.48,8.05
1480508.76,36.97,7.71,322536.86,8.05
1480208.69,36.97,7.71,323171.4,8.07
1480208.69,36.97,7.71,323039.73,8.07
1480357.69,36.98,7.72,323309.48,8.08
1480059.56,36.98,7.72,323279.78,8.08
1480206.24,36.99,7.73,323280.6,8.08
1480098.67,36.99,7.73,323309.66,8.08
1479883.17,37.0,7.73,323302.29,8.08
1479575.23,37.0,7.73,323293.67,8.08
1479142.39,36.99,7.73,322861.33,8.07
1478844.26,36.99,7.73,322836.86,8.08
1478628.77,37.0,7.73,322776.65,8.08
1478305.21,37.0,7.73,322801.94,8.08
1478007.08,37.0,7.73,322858.51,8.08
1477790.04,37.01,7.74,322836.92,8.08
1477790.04,37.01,7.74,322871.55,8.09
1477682.47,37.01,7.74,322860.56,8.09
1477384.34,37.01,7.74,322888.49,8.09
1477384.34,37.01,7.74,322993.56,8.09
1477086.21,37.01,7.74,322966.86,8.09
1476788.08,37.02,7.75,322947.97,8.09
1476416.14,37.01,7.74,322586.95,8.09
1476615.62,37.02,7.75,322469.59,8.08
1476317.49,37.02,7.75,322442.45,8.09
1476019.36,37.02,7.75,322405.87,8.09
1475721.23,37.03,7.76,322369.3,8.09
1475883.4,37.03,7.76,322359.7,8.09
1475667.91,37.04,7.77,322296.26,8.09
1475369.78,37.04,7.77,322272.07,8.09
1475344.05,37.05,7.77,322389.8,8.1
1475520.68,37.05,7.78,322394.1,8.1
1475520.68,37.05,7.78,322443.88,8.1
1475224.88,37.06,7.78,322935.08,8.11
1475007.84,37.06,7.79,323529.62,8.13
1474709.71,37.06,7.79,323649.62,8.13
1474589.23,37.07,7.79,323442.26,8.13
1474329.16,37.06,7.79,323153.21,8.12
1474249.22,37.07,7.79,323162.16,8.13
1475133.71,37.09,7.82,325431.56,8.18
1475066.91,37.09,7.82,325369.65,8.18
1474548.25,37.09,7.81,324589.12,8.16
1474250.12,37.09,7.82,324621.31,8.17
1474495.73,37.1,7.83,324677.06,8.17
1474355.28,37.1,7.82,324501.86,8.17
1474277.61,37.1,7.82,325107.14,8.18
1474248.53,37.11,7.83,325148.74,8.18
1474137.86,37.11,7.83,325141.74,8.19
1473920.82,37.11,7.84,325136.37,8.19
1474181.92,37.12,7.85,325204.89,8.19
1474071.25,37.13,7.85,326490.93,8.22
1473776.22,37.13,7.85,327635.12,8.25
1473931.29,37.14,7.86,327685.45,8.26
1473635.49,37.14,7.86,327668.91,8.26
1473635.49,37.14,7.86,328588.83,8.28
1473337.36,37.14,7.86,328584.0,8.28
1473227.47,37.15,7.87,328566.69,8.28
1473320.66,37.15,7.87,328685.14,8.29
1473022.53,37.15,7.87,328659.44,8.29
1473348.1,37.16,7.88,328690.76,8.29
1473049.98,37.16,7.89,328662.12,8.29
1473049.98,37.16,7.89,328710.79,8.29
1472832.93,37.17,7.89,328729.6,8.3
1472858.73,37.18,7.9,329037.75,8.3
1472560.6,37.18,7.9,329014.42,8.31
1472560.6,37.18,7.9,328990.62,8.31
1472262.47,37.18,7.9,328992.66,8.31
1471964.35,37.18,7.9,329057.96,8.31
1471666.22,37.18,7.9,329032.7,8.31
1471666.22,37.18,7.9,329032.7,8.31
1471642.26,37.19,7.91,329095.3,8.32
1471763.5,37.2,7.92,329122.26,8.32
1471495.32,37.2,7.92,329126.78,8.32
1471197.2,37.2,7.92,329803.83,8.34
1471412.09,37.21,7.93,330117.66,8.35
1471567.16,37.22,7.94,330154.7,8.35
1471729.33,37.23,7.95,330142.64,8.35
1471461.16,37.23,7.95,330141.38,8.35
1473331.05,37.29,8.01,331819.81,8.4
1473032.93,37.29,8.01,331863.81,8.4
1472815.88,37.29,8.01,331858.52,8.4
1472815.88,37.29,8.01,331770.4,8.4
1473255.0,37.31,8.03,331623.09,8.4
1473580.57,37.32,8.04,331805.07,8.4
1473595.04,37.32,8.04,331798.18,8.4
1473840.64,37.33,8.05,331863.92,8.41
1473623.6,37.34,8.05,332208.25,8.42
1473623.6,37.34,8.05,332156.3,8.42
1473230.48,37.33,8.05,331762.4,8.41
1472962.3,37.33,8.05,331766.92,8.41
1472590.36,37.33,8.04,331405.91,8.4
1472294.56,37.33,8.05,331354.71,8.4
1471996.43,37.33,8.05,331306.98,8.4
1471697.53,37.34,8.05,331574.83,8.41
1471844.21,37.34,8.06,331555.9,8.41
1471663.06,37.35,8.06,331561.34,8.41
1471747.7,37.35,8.07,332220.58,8.43
1471451.9,37.36,8.07,332198.62,8.43
1471451.9,37.36,8.07,332218.78,8.43
1471153.77,37.36,8.07,332255.99,8.44
1471438.75,37.37,8.08,332599.48,8.45
1471066.81,37.36,8.07,332238.46,8.44
1470768.69,37.36,8.08,332267.75,8.44
1470768.69,37.36,8.08,332432.65,8.45
1470768.69,37.36,8.08,332432.65,8.45
1470915.36,37.37,8.08,332496.55,8.45
1470619.56,37.37,8.09,332473.07,8.45
1470126.72,37.37,8.08,331959.4,8.44
1469827.04,37.37,8.08,332337.96,8.45
1469455.1,37.36,8.07,332045.54,8.44
1469319.77,37.37,8.08,332028.39,8.44
1469021.64,37.37,8.08,332056.05,8.45
1468911.75,37.37,8.09,332036.54,8.45
1468801.86,37.38,8.09,331711.89,8.44
1468503.73,37.38,8.09,331942.06,8.45
1468286.68,37.39,8.1,331868.0,8.45
1468407.92,37.39,8.1,331851.51,8.45
1468109.8,37.4,8.11,331839.37,8.45
1467998.63,37.4,8.11,331746.54,8.45
1468246.56,37.41,8.12,331922.01,8.46
1468246.56,37.41,8.12,331947.31,8.46
1468275.7,37.42,8.13,331919.23,8.46
1468155.99,37.42,8.13,331223.3,8.44
1468431.56,37.43,8.14,331221.25,8.44
1468133.43,37.43,8.15,331246.89,8.45
1467865.26,37.44,8.15,331243.91,8.45
1467649.76,37.44,8.15,331161.45,8.45
1467433.5,37.45,8.15,331153.92,8.45
1467739.29,37.46,8.16,332037.66,8.47
1467415.73,37.46,8.16,332063.5,8.48
1467415.73,37.46,8.16,332023.71,8.48
1467116.83,37.46,8.17,331924.5,8.47
1467116.83,37.46,8.17,331902.4,8.47
1466899.78,37.46,8.17,331897.1,8.48
1466600.88,37.47,8.17,331882.33,8.48
1466083.73,37.46,8.17,331774.33,8.48
1465866.69,37.46,8.17,331785.38,8.48
1465649.64,37.47,8.17,331740.06,8.48
1466338.6,37.49,8.19,333532.0,8.53
1466342.68,37.49,8.19,333493.59,8.53
1466232.79,37.49,8.19,333474.04,8.53
1465934.66,37.5,8.2,333463.85,8.53
1465636.53,37.5,8.2,333433.73,8.53
1465559.47,37.51,8.21,333193.37,8.53
1464918.57,37.5,8.2,332559.14,8.51
1464918.57,37.5,8.2,332536.07,8.51
1464635.94,37.5,8.2,332518.63,8.51
1464842.68,37.51,8.21,332858.24,8.52
1464544.55,37.51,8.21,332905.46,8.53
1464246.42,37.51,8.21,332878.64,8.53
1464218.89,37.52,8.22,332871.16,8.53
1464109.0,37.53,8.22,332857.05,8.53
1463814.75,37.53,8.23,332810.37,8.53
1463520.49,37.53,8.23,333054.52,8.54
1463303.45,37.53,8.23,333126.8,8.54
1463008.42,37.54,8.23,333096.31,8.55
1462710.29,37.54,8.23,333210.52,8.55
1462600.4,37.54,8.24,333185.91,8.55
1462600.4,37.54,8.24,333210.24,8.55
1462383.35,37.55,8.24,333204.94,8.55
1462085.23,37.55,8.24,333185.15,8.56
1461975.33,37.55,8.25,333159.33,8.56
1461667.39,37.56,8.25,333125.0,8.56
1461320.66,37.55,8.24,332866.63,8.55
1461323.76,37.55,8.24,332976.65,8.56
1461025.63,37.55,8.25,333070.07,8.56
1461172.31,37.56,8.26,333068.48,8.56
1460956.81,37.57,8.26,333183.23,8.57
1460467.72,37.56,8.25,332616.03,8.55
1460467.72,37.56,8.25,332616.03,8.55
1460357.83,37.56,8.26,332575.56,8.55
1460328.75,37.57,8.26,332615.63,8.56
1460328.75,37.57,8.26,332575.57,8.56
1460029.85,37.57,8.26,332270.91,8.55
1460166.71,37.58,8.27,332257.57,8.55
1460483.94,37.59,8.28,332279.46,8.55
1460567.49,37.6,8.29,332258.54,8.55
1460299.32,37.6,8.29,332255.45,8.56
1460082.28,37.6,8.29,332376.97,8.56
1460082.28,37.6,8.29,332474.24,8.56
1459784.15,37.61,8.29,332756.15,8.57
1459314.13,37.6,8.29,332235.41,8.56
1459204.24,37.61,8.29,332200.0,8.56
1458987.2,37.61,8.29,332218.52,8.56
1458689.07,37.61,8.3,332190.01,8.57
1458390.94,37.61,8.3,332288.6,8.57
1458069.7,37.62,8.3,332271.97,8.57
1457843.49,37.62,8.3,332131.43,8.57
1457993.26,37.63,8.31,334521.49,8.63
1457969.3,37.63,8.32,334584.08,8.64
1456850.39,37.64,8.33,334743.83,8.65
1456850.39,37.64,8.33,334905.67,8.65
1456701.83,37.64,8.33,334868.7,8.65
1456916.73,37.65,8.34,335465.1,8.67
1456701.23,37.66,8.34,335470.36,8.67
1456377.67,37.66,8.34,335451.27,8.67
1456660.33,37.67,8.35,335493.86,8.68
1456550.44,37.67,8.35,335480.79,8.68
1456252.31,37.67,8.36,335499.72,8.68
1455880.37,37.67,8.35,335240.07,8.67
1455851.29,37.68,8.36,335579.06,8.68
1455553.16,37.68,8.36,335554.26,8.69
1455553.16,37.68,8.36,335618.68,8.69
1455255.03,37.68,8.36,335586.39,8.69
1454931.47,37.68,8.36,335624.41,8.69
1455086.54,37.69,8.37,335590.12,8.69
1455178.21,37.7,8.38,335389.43,8.69
1455325.82,37.71,8.39,335814.4,8.7
1455108.78,37.71,8.39,335731.43,8.7
1455108.78,37.71,8.39,335589.48,8.7
1454800.84,37.72,8.4,335551.11,8.7
1454693.27,37.72,8.4,335847.88,8.71
1454693.27,37.72,8.4,335800.22,8.71
1454463.44,37.72,8.4,336094.84,8.72
1454165.32,37.73,8.41,336066.85,8.72
1453866.41,37.73,8.41,335919.33,8.72
1453650.92,37.73,8.41,335911.96,8.72
1453352.79,37.73,8.41,335886.22,8.72
1453352.79,37.73,8.41,335871.8,8.72
1453056.99,37.74,8.42,335840.44,8.72
1453056.99,37.74,8.42,335825.23,8.72
1453056.99,37.74,8.42,335799.52,8.72
1452964.14,37.74,8.42,335147.34,8.71
1453179.03,37.75,8.43,335914.82,8.73
1453071.46,37.76,8.44,335910.5,8.73
1453466.04,37.78,8.46,336104.76,8.74
1453783.61,37.79,8.47,336124.18,8.74
1453930.29,37.8,8.47,336211.92,8.74
1453930.29,37.8,8.47,336211.92,8.74
1453558.35,37.79,8.47,335850.86,8.73
1453260.22,37.79,8.47,335844.31,8.73
1452962.09,37.8,8.47,335840.41,8.74
1452852.2,37.8,8.48,335922.39,8.74
1452554.07,37.8,8.48,335922.66,8.74
1452560.92,37.81,8.49,336646.84,8.76
1452343.87,37.82,8.49,336523.05,8.76
1452045.74,37.82,8.49,336520.41,8.76
1452045.74,37.82,8.49,336599.86,8.77
1452291.35,37.83,8.5,336636.7,8.77
1452437.25,37.84,8.51,337055.78,8.78
1452586.25,37.85,8.52,337261.01,8.79
1452288.13,37.85,8.52,337232.5,8.79
1452288.13,37.85,8.52,337176.35,8.79
1451990.0,37.85,8.53,337227.55,8.79
1451606.05,37.84,8.52,336843.78,8.78
1451606.05,37.84,8.52,336843.78,8.78
1451609.75,37.85,8.53,336873.61,8.78
1451313.95,37.85,8.53,336861.51,8.79
1451015.82,37.86,8.53,336824.94,8.79
1450798.78,37.86,8.53,336783.1,8.79
1450500.65,37.86,8.53,336817.31,8.79
1450202.52,37.86,8.54,336923.81,8.8
1449904.4,37.87,8.54,336975.21,8.8
1449904.4,37.87,8.54,336954.9,8.8
1449606.27,37.87,8.54,336929.2,8.8
1449606.27,37.87,8.54,336809.31,8.8
1449486.56,37.87,8.55,336860.42,8.8
1449376.67,37.88,8.55,336892.45,8.8
1449108.49,37.88,8.55,336885.02,8.81
1449627.79,37.9,8.58,336472.9,8.8
1449774.46,37.91,8.59,336502.6,8.8
1449581.81,37.91,8.58,336352.03,8.8
1449364.76,37.91,8.58,336344.23,8.8
1448823.69,37.91,8.58,335839.88,8.79
1448823.69,37.91,8.58,335812.9,8.79
1448706.11,37.91,8.58,335637.3,8.78
1448411.86,37.91,8.58,337416.21,8.83
1448113.73,37.91,8.58,337449.66,8.83
1447815.6,37.91,8.58,337406.92,8.84
1447547.43,37.92,8.59,337404.99,8.84
1447249.3,37.92,8.59,337415.39,8.84
1446951.18,37.92,8.59,337447.73,8.84
1446653.05,37.92,8.59,337523.58,8.85
1446543.15,37.93,8.6,337504.14,8.85
1446245.03,37.93,8.6,337473.74,8.85
1445865.77,37.93,8.6,336977.37,8.84
1446012.44,37.93,8.6,336918.67,8.84
1445795.4,37.94,8.61,336913.37,8.84
1445795.4,37.94,8.61,336913.37,8.84
1445795.4,37.94,8.61,336936.44,8.84
1445824.54,37.95,8.61,336910.93,8.84
1445637.61,37.95,8.62,336630.32,8.84
1445583.86,37.95,8.62,337532.17,8.86
1445278.24,37.96,8.62,337500.58,8.86
1444980.11,37.96,8.63,337300.17,8.86
1445225.72,37.97,8.64,337312.93,8.86
1445547.17,37.98,8.65,338900.41,8.9
1445249.04,37.98,8.65,338920.98,8.91
1444950.91,37.98,8.65,338990.78,8.91
1444950.91,37.98,8.65,338894.67,8.91
1444652.01,37.98,8.65,338951.63,8.91
1444775.96,38.0,8.67,339326.97,8.92
1444666.07,38.0,8.67,339907.1,8.94
1444370.26,38.01,8.67,340178.0,8.95
1444153.22,38.01,8.68,340464.63,8.96
1443845.28,38.01,8.68,340500.79,8.96
1445307.0,38.06,8.73,340813.81,8.97
1445270.52,38.06,8.73,341420.11,8.99
1444972.39,38.07,8.73,341401.87,8.99
1444666.77,38.07,8.74,341165.07,8.99
1445103.44,38.08,8.75,341330.08,9.0
1445103.44,38.08,8.75,341353.79,9.0
1444805.32,38.09,8.75,341342.75,9.0
1444507.19,38.09,8.76,341203.66,9.0
1444507.19,38.09,8.76,341203.66,9.0
1444824.76,38.1,8.77,341181.55,9.0
1444148.84,38.09,8.76,340463.14,8.98
1444148.84,38.09,8.76,340620.52,8.98
1444148.84,38.09,8.76,340620.52,8.98
1444038.95,38.1,8.77,340682.05,8.99
1443730.23,38.1,8.77,340622.81,8.99
1443513.19,38.1,8.77,340617.52,8.99
1443534.84,38.11,8.78,340602.31,8.99
1443810.41,38.12,8.79,340606.16,8.99
1443810.41,38.12,8.79,340606.16,8.99
1443460.75,38.12,8.78,340230.09,8.98
1443350.85,38.12,8.79,340167.79,8.98
1443350.85,38.12,8.79,340167.79,8.98
1443052.73,38.13,8.79,340101.45,8.99
1443376.81,38.13,8.8,340383.03,8.99
1443237.61,38.13,8.8,340241.19,8.99
1442929.67,38.13,8.8,340222.05,8.99
1442929.67,38.13,8.8,340203.84,8.99
1443151.16,38.14,8.81,340173.61,8.99
1443486.05,38.15,8.82,340759.45,9.01
1442914.52,38.15,8.81,340236.35,8.99
1442914.52,38.15,8.81,340214.47,8.99
1443197.18,38.15,8.82,340274.21,9.0
1442980.14,38.16,8.82,340315.03,9.0
1442608.2,38.15,8.82,339894.97,8.99
1442814.95,38.16,8.83,340617.86,9.01
1442507.0,38.17,8.83,340577.27,9.01
1442240.09,38.16,8.82,340287.96,9.0
1441944.29,38.16,8.83,340274.43,9.01
1442192.22,38.17,8.84,340908.95,9.02
1442081.55,38.18,8.84,340868.61,9.02
1441781.87,38.18,8.84,340807.29,9.03
1441458.31,38.18,8.85,340901.98,9.03
1441160.18,38.19,8.85,340915.24,9.03
1441059.2,38.19,8.85,341745.94,9.06
1440790.12,38.19,8.86,342460.44,9.08
1440468.88,38.2,8.86,342442.28,9.08
1440358.99,38.2,8.86,343507.5,9.11
1439802.18,38.19,8.86,342955.58,9.1
1439692.29,38.2,8.86,342985.96,9.1
1439394.16,38.2,8.87,343031.1,9.1
1439056.46,38.2,8.86,342698.29,9.1
1438788.28,38.2,8.87,342695.32,9.1
1438572.79,38.21,8.87,342613.52,9.1
1438925.23,38.22,8.88,345685.16,9.18
1438629.42,38.22,8.88,345793.99,9.19
1438629.42,38.22,8.88,345925.31,9.19
1438629.42,38.22,8.88,346983.22,9.22
1438519.53,38.23,8.89,346957.49,9.22
1438302.48,38.23,8.89,346952.2,9.22
1438706.97,38.25,8.91,348057.47,9.25
1438853.64,38.26,8.92,348226.99,9.26
1438720.74,38.26,8.92,348142.5,9.26
1438610.84,38.26,8.92,348118.43,9.26
1438856.45,38.27,8.93,348151.74,9.26
1438639.41,38.28,8.93,348023.38,9.26
1438529.52,38.28,8.94,348066.27,9.26
1438261.34,38.28,8.94,348066.71,9.27
1438233.81,38.29,8.95,348162.84,9.27
1438056.8,38.3,8.95,348185.05,9.27
1437506.01,38.29,8.95,348166.7,9.27
1437274.8,38.29,8.94,348018.58,9.27
1436976.67,38.29,8.95,347948.42,9.27
1436752.48,38.29,8.94,347778.9,9.27
1436453.58,38.29,8.95,348232.74,9.28
1436458.22,38.29,8.95,348321.45,9.28
1436458.22,38.29,8.95,348321.45,9.28
1436212.66,38.29,8.94,348025.05,9.28
1436092.96,38.29,8.95,347992.73,9.28
1436338.57,38.3,8.96,348036.06,9.28
1436123.07,38.31,8.96,348027.58,9.28
1435824.94,38.31,8.96,348549.39,9.3
1435524.85,38.31,8.96,348177.44,9.29
1435547.29,38.31,8.96,348162.07,9.29
1435249.17,38.31,8.96,348148.89,9.29
1435395.84,38.32,8.97,348122.37,9.29
1435102.36,38.32,8.97,348154.91,9.3
1434885.32,38.32,8.97,348093.47,9.3
1435031.99,38.33,8.98,348828.54,9.32
1434733.87,38.33,8.98,348858.18,9.32
1434854.33,38.34,8.99,349028.72,9.33
1434558.53,38.35,9.0,349002.2,9.33
1434585.87,38.35,9.0,348993.98,9.33
1434732.55,38.36,9.01,348974.13,9.33
1434525.43,38.36,9.01,351517.78,9.4
1434227.3,38.36,9.01,351743.01,9.41
1435353.99,38.4,9.05,352337.72,9.43
1435636.65,38.41,9.06,352404.7,9.43
1435419.61,38.42,9.06,352818.8,9.44
1435121.48,38.42,9.07,352822.41,9.44
1435096.3,38.43,9.08,353338.53,9.46
1434988.73,38.43,9.08,353542.83,9.47
1434956.11,38.44,9.09,353216.21,9.46
1434648.17,38.44,9.09,354005.67,9.49
1434350.05,38.44,9.09,354039.71,9.49
1434350.05,38.44,9.09,354086.13,9.49
1434067.41,38.44,9.09,354068.72,9.49
1433811.71,38.45,9.1,354897.87,9.52
1433958.39,38.46,9.11,354874.87,9.52
1433848.5,38.46,9.11,354849.26,9.52
1433995.17,38.47,9.12,354913.16,9.52
1433885.28,38.48,9.13,354878.48,9.52
1433885.28,38.48,9.13,354983.57,9.53
1433654.81,38.48,9.13,354939.56,9.53
1433683.95,38.49,9.14,355465.28,9.54
1433574.05,38.49,9.14,355499.45,9.55
1433275.93,38.5,9.15,355469.07,9.55
1432788.63,38.49,9.14,354939.01,9.54
1432490.5,38.49,9.14,354902.01,9.54
1432738.44,38.5,9.15,355100.37,9.54
1432440.31,38.51,9.16,355054.52,9.54
1432967.26,38.52,9.17,355577.04,9.56
1432669.13,38.52,9.17,355695.95,9.56
1432345.56,38.52,9.17,355673.5,9.57
1432212.56,38.53,9.18,355662.07,9.57
1432458.17,38.54,9.19,355729.14,9.57
1432254.03,38.54,9.19,355624.22,9.57
1432144.14,38.55,9.2,355607.07,9.57
1431808.45,38.54,9.2,355583.13,9.57
1431929.69,38.55,9.2,355599.22,9.57
1432076.37,38.56,9.21,355573.05,9.57
1432076.37,38.56,9.21,355565.37,9.57
1431778.24,38.56,9.22,355880.27,9.59
1431993.13,38.57,9.23,356108.9,9.59
1431698.1,38.58,9.23,357000.05,9.62
1431383.01,38.57,9.22,356655.41,9.61
1431084.89,38.58,9.23,356630.97,9.61
1431230.79,38.58,9.23,357431.24,9.64
1431230.79,38.58,9.23,357431.24,9.64
1430976.49,38.58,9.23,357100.43,9.63
1430759.45,38.59,9.23,357095.14,9.63
1430461.32,38.59,9.24,357102.24,9.63
1430244.28,38.6,9.24,357066.71,9.64
1429948.47,38.6,9.24,357053.65,9.64
1430194.08,38.61,9.25,357100.37,9.64
1429925.91,38.61,9.25,357104.89,9.64
1429925.91,38.61,9.25,357798.72,9.66
1430205.7,38.62,9.27,361306.15,9.76
1429733.4,38.62,9.26,360801.05,9.75
1429516.36,38.62,9.26,361290.41,9.76
1428944.83,38.61,9.26,360767.3,9.75
1428837.26,38.62,9.26,360752.39,9.75
1428885.68,38.62,9.26,360965.29,9.76
1428587.55,38.62,9.26,360940.3,9.76
1428477.66,38.63,9.27,360913.71,9.76
1428179.53,38.63,9.27,360902.67,9.76
1427883.73,38.63,9.28,360877.15,9.76
1427773.83,38.64,9.28,360857.65,9.77
1427857.38,38.65,9.29,360912.81,9.77
1427559.26,38.65,9.29,360878.15,9.77
1427291.08,38.65,9.29,360870.8,9.77
1426781.44,38.65,9.29,360121.82,9.75
1426564.4,38.65,9.29,360186.16,9.76
1426266.27,38.66,9.29,360161.17,9.76
1425968.14,38.66,9.3,360128.59,9.76
1425884.2,38.66,9.3,361981.93,9.82
1425812.15,38.67,9.31,364433.05,9.88
1425969.55,38.68,9.32,364578.35,9.89
1425671.42,38.68,9.32,364641.24,9.89
1425560.75,38.69,9.33,364547.36,9.89
1425450.86,38.7,9.33,364530.2,9.9
1425152.73,38.7,9.34,364689.35,9.9
1425152.73,38.7,9.34,364690.54,9.9
1425152.73,38.7,9.34,366002.71,9.94
1424856.92,38.7,9.34,365882.8,9.94
1424561.12,38.7,9.34,365980.87,9.94
1424262.99,38.71,9.34,366035.46,9.95
1424408.89,38.71,9.35,366494.69,9.96
1424110.77,38.72,9.36,366535.05,9.96
1423812.64,38.72,9.36,366490.27,9.97
1424159.82,38.73,9.37,366521.82,9.97
1423861.7,38.73,9.37,366477.61,9.97
1423563.57,38.73,9.37,366588.29,9.97
1423265.44,38.74,9.38,366632.38,9.98
1422967.31,38.74,9.38,366591.22,9.98
1422643.75,38.74,9.38,366553.6,9.98
1422805.92,38.75,9.39,366541.53,9.98
1422507.79,38.75,9.39,366507.34,9.98
1422397.9,38.76,9.4,366496.01,9.99
1422593.95,38.77,9.41,366530.29,9.99
1422209.15,38.76,9.4,367461.59,10.02
1422703.79,38.78,9.42,369549.95,10.07
1422479.6,38.78,9.42,369458.73,10.07
1422479.6,38.78,9.42,369442.05,10.07
1422479.6,38.78,9.42,369406.13,10.07
1422321.37,38.77,9.41,369528.44,10.07
1422321.37,38.77,9.41,369573.71,10.08
1422022.47,38.78,9.42,369582.61,10.08
1421912.57,38.78,9.42,369583.97,10.08
1421614.45,38.79,9.43,369668.43,10.09
1421316.32,38.79,9.43,369641.83,10.09
1421316.32,38.79,9.43,369728.72,10.09
1421018.19,38.79,9.43,369792.25,10.09
1421164.87,38.8,9.44,369802.71,10.1
1420869.06,38.8,9.44,369776.81,10.1
1421045.69,38.81,9.45,369781.66,10.1
1421045.69,38.81,9.45,369752.72,10.1
1421045.69,38.81,9.45,369730.71,10.1
1421860.3,38.84,9.48,369204.43,10.09
1421995.61,38.85,9.49,369407.22,10.09
1421995.61,38.85,9.49,369332.52,10.09
1422313.19,38.86,9.5,369359.31,10.09
1422393.46,38.88,9.52,370691.48,10.13
1422393.46,38.88,9.52,370597.01,10.13
1422283.57,38.88,9.52,370591.09,10.13
1421958.45,38.88,9.53,370810.74,10.14
1421769.49,38.88,9.52,370685.37,10.14
1421384.69,38.88,9.52,370632.8,10.14
1421167.64,38.88,9.52,370922.43,10.15
1421167.64,38.88,9.52,370900.42,10.15
1420869.52,38.88,9.52,370927.34,10.15
1420720.89,38.89,9.52,370243.82,10.13
1420720.89,38.89,9.52,370222.79,10.13
1420720.89,38.89,9.52,370245.19,10.13
1420867.57,38.9,9.53,370219.66,10.13
1420569.44,38.9,9.54,370229.23,10.14
1420569.44,38.9,9.54,370229.23,10.14
1420352.4,38.9,9.54,370155.16,10.14
1420242.5,38.91,9.54,370453.15,10.15
1420132.61,38.91,9.55,370115.28,10.14
1420132.61,38.91,9.55,370067.56,10.14
1419834.48,38.92,9.55,370040.41,10.14
1419093.1,38.91,9.54,369270.57,10.12
1419269.73,38.92,9.55,369274.86,10.13
1418547.36,38.91,9.54,368515.45,10.11
1418249.23,38.91,9.55,368444.9,10.11
1417879.14,38.9,9.54,367940.33,10.1
1417879.14,38.9,9.54,367902.92,10.09
1418101.64,38.91,9.55,367938.14,10.1
1418101.64,38.91,9.55,367938.14,10.1
1418101.64,38.91,9.55,367922.93,10.1
1417991.74,38.92,9.56,367897.09,10.1
1417602.48,38.91,9.55,367516.95,10.09
1417448.73,38.91,9.55,367486.48,10.09
1417149.83,38.91,9.55,367175.68,10.08
1417149.83,38.91,9.55,367108.25,10.08
1416850.93,38.92,9.55,367073.68,10.08
1416552.8,38.92,9.56,367046.87,10.08
1416416.16,38.92,9.55,366914.51,10.08
1416120.36,38.92,9.56,366892.98,10.08
1416120.36,38.92,9.56,366992.23,10.09
1415773.27,38.92,9.55,366712.95,10.08
1415880.83,38.93,9.56,367022.02,10.09
1415582.7,38.93,9.56,366997.24,10.09
1415712.34,38.94,9.57,366993.99,10.09
1415632.4,38.94,9.58,367002.94,10.1
1415522.5,38.95,9.58,366985.69,10.1
1415522.5,38.95,9.58,366963.68,10.1
1415224.38,38.95,9.59,366933.75,10.1
1414973.25,38.95,9.59,365903.42,10.07
1414692.16,38.96,9.59,365994.18,10.08
1414394.03,38.96,9.6,365963.93,10.08
1414083.68,38.96,9.6,365835.21,10.08
1413785.56,38.97,9.6,365835.45,10.08
1413931.46,38.97,9.61,365816.99,10.08
1413902.38,38.98,9.61,366155.98,10.1
1413668.68,38.99,9.62,364858.68,10.06
1413370.55,38.99,9.62,364898.43,10.07
1413074.75,38.99,9.62,364856.44,10.07
1413074.75,38.99,9.62,364839.46,10.07
1413320.36,39.0,9.63,365509.78,10.09
1413183.92,39.0,9.63,365346.67,10.08
1412885.79,39.0,9.64,365321.57,10.08
1412587.66,39.0,9.64,365279.4,10.09
1412587.66,39.0,9.64,365420.37,10.09
1412616.8,39.01,9.65,365464.68,10.09
1412616.8,39.01,9.65,365464.68,10.09
1412318.68,39.02,9.65,365477.96,10.1
1412495.31,39.03,9.66,365482.25,10.1
1412197.18,39.03,9.66,365515.97,10.1
1411901.37,39.03,9.66,365480.58,10.1
1411790.7,39.04,9.67,365350.51,10.1
1411494.9,39.04,9.67,365331.15,10.1
1411520.7,39.05,9.68,365918.38,10.12
1409165.63,39.07,9.7,365867.84,10.14
1408948.59,39.07,9.7,365864.35,10.15
1409063.5,39.09,9.72,369478.34,10.25
1409063.5,39.09,9.72,369284.22,10.24
1408765.37,39.09,9.72,369330.23,10.25
1408765.37,39.09,9.72,369351.73,10.25
1408466.47,39.09,9.72,369308.28,10.25
1408712.08,39.1,9.73,369340.91,10.25
1408495.04,39.11,9.74,369480.3,10.26
1408495.04,39.11,9.74,370009.24,10.27
1408196.13,39.11,9.74,370241.17,10.28
1408196.13,39.11,9.74,370224.25,10.28
1407900.33,39.11,9.74,370204.97,10.28
1407602.2,39.11,9.74,370174.03,10.29
1407304.07,39.12,9.75,370206.53,10.29
1407304.07,39.12,9.75,370206.53,10.29
1407304.07,39.12,9.75,370415.22,10.3
1409745.21,39.18,9.81,375060.19,10.43
1409528.17,39.19,9.82,375054.9,10.43
1409542.63,39.19,9.82,375042.15,10.43
1409542.63,39.19,9.82,375042.15,10.43
1409035.01,39.18,9.81,374534.64,10.42
1409035.01,39.18,9.81,374534.64,10.42
1409280.62,39.2,9.82,374512.09,10.42
1409169.95,39.2,9.83,374451.94,10.42
1409417.88,39.21,9.84,374842.6,10.43
1409307.99,39.22,9.84,374825.31,10.43
1409015.02,39.22,9.84,374774.81,10.43
1408716.9,39.22,9.85,374798.81,10.44
1408344.96,39.22,9.84,374506.39,10.43
1408046.83,39.22,9.84,374494.65,10.43
1408193.51,39.23,9.85,374469.23,10.43
1408193.51,39.23,9.85,374568.8,10.43
1408510.74,39.24,9.86,374972.2,10.45
1408212.61,39.24,9.87,375016.34,10.45
1407726.69,39.24,9.86,374487.93,10.44
1407616.79,39.24,9.87,374478.85,10.44
1407700.34,39.25,9.88,374503.31,10.44
1407392.4,39.25,9.88,374469.33,10.44
1407392.4,39.25,9.88,374469.33,10.44
1407123.33,39.26,9.88,376096.25,10.49
1407013.43,39.26,9.89,376078.15,10.49
1407013.43,39.26,9.89,376056.13,10.49
1406715.31,39.27,9.89,376094.93,10.5
1404156.75,39.28,9.91,376047.11,10.52
1403907.04,39.29,9.92,376258.46,10.53
1403797.15,39.29,9.92,376258.26,10.53
1403501.34,39.29,9.93,376351.29,10.54
1403501.34,39.29,9.93,376373.57,10.54
1403501.34,39.29,9.93,376458.4,10.54
1403501.34,39.29,9.93,376458.4,10.54
1403343.38,39.29,9.92,376331.28,10.54
1403490.06,39.3,9.93,376339.18,10.54
1403185.86,39.3,9.93,376123.94,10.54
1403189.56,39.31,9.94,376103.85,10.54
1402868.33,39.31,9.94,376088.2,10.54
1402868.33,39.31,9.94,376088.2,10.54
1403632.17,39.35,9.97,375355.55,10.52
1403317.08,39.34,9.97,375104.44,10.52
1403140.01,39.34,9.97,375067.82,10.52
1402844.2,39.34,9.97,375222.75,10.52
1403329.58,39.37,10.0,374928.62,10.52
1403031.45,39.37,10.0,374903.45,10.52
1402710.21,39.37,10.0,374886.98,10.52
1402486.02,39.37,10.0,374644.41,10.52
1402268.98,39.37,10.0,374640.92,10.52
1402298.12,39.38,10.01,374667.03,10.52
1402190.55,39.39,10.01,375027.53,10.53
1401894.75,39.39,10.02,375017.01,10.54
1402049.82,39.4,10.03,374974.8,10.54
1402049.82,39.4,10.03,374932.25,10.54
1401832.77,39.41,10.03,374926.95,10.54
1401795.73,39.41,10.03,374962.77,10.54
1401490.11,39.41,10.03,376118.64,10.58
1401273.07,39.41,10.03,376137.16,10.58
1401422.07,39.42,10.04,376123.05,10.58
1401123.94,39.43,10.05,376094.38,10.58
1400906.89,39.43,10.05,376089.02,10.59
1400607.99,39.43,10.05,376072.18,10.59
1400883.56,39.44,10.06,376076.03,10.59
1400585.43,39.45,10.07,376048.15,10.59
1400289.62,39.45,10.07,376013.54,10.59
1400436.3,39.46,10.08,376011.19,10.59
1400582.97,39.47,10.09,376030.29,10.6
1400284.85,39.47,10.09,375969.72,10.6
1399986.72,39.47,10.09,376125.64,10.61
1399867.01,39.48,10.1,376079.99,10.61
1399568.88,39.48,10.1,376394.49,10.62
1399715.56,39.49,10.11,376671.06,10.63
1399415.88,39.49,10.11,377057.59,10.64
1399735.78,39.51,10.12,377223.96,10.65
1399467.61,39.51,10.13,377226.29,10.65
1399202.31,39.51,10.13,377133.71,10.65
1398904.18,39.52,10.13,377087.08,10.65
1399149.79,39.53,10.14,377059.22,10.65
1399149.79,39.53,10.14,377059.22,10.65
1398851.66,39.53,10.15,377026.35,10.65
1398528.1,39.53,10.15,377003.2,10.66
1398229.97,39.53,10.15,376958.21,10.66
1397931.84,39.54,10.16,376931.46,10.66
1397714.8,39.54,10.16,376803.08,10.66
1397497.75,39.55,10.16,376797.78,10.66
1397216.67,39.55,10.16,377221.78,10.68
1397106.77,39.56,10.17,377197.27,10.68
1396808.65,39.56,10.17,377167.27,10.68
1396510.52,39.56,10.18,377142.29,10.68
1396539.66,39.57,10.18,377114.81,10.69
1396216.1,39.57,10.19,377094.82,10.69
1395859.01,39.57,10.18,376805.54,10.68
1395543.92,39.56,10.18,376460.18,10.67
1395789.53,39.57,10.19,376460.81,10.67
1395465.97,39.58,10.19,376499.34,10.68
1395332.96,39.58,10.2,376486.57,10.68
1395034.83,39.58,10.2,376481.47,10.68
1394854.59,39.59,10.21,375901.11,10.67
1394744.69,39.6,10.21,375879.6,10.67
1394421.13,39.6,10.21,375856.68,10.67
1394049.19,39.59,10.21,375466.42,10.66
1393825.0,39.59,10.2,375214.53,10.66
1393526.88,39.59,10.21,375191.87,10.66
1393526.88,39.59,10.21,375143.6,10.66
1393526.88,39.59,10.21,375121.22,10.66
1393228.75,39.6,10.21,375130.99,10.66
1393377.75,39.6,10.22,375174.05,10.66
1392639.17,39.6,10.21,374395.49,10.64
1392340.27,39.6,10.21,374333.66,10.65
1392340.27,39.6,10.21,374333.66,10.65
1392486.95,39.61,10.22,374395.85,10.65
1392486.95,39.61,10.22,374395.85,10.65
1392188.82,39.61,10.23,374377.88,10.65
1393311.5,39.65,10.27,375869.67,10.7
1393015.7,39.66,10.27,376797.13,10.73
1392717.57,39.66,10.27,376686.14,10.73
1392717.57,39.66,10.27,376686.14,10.73
1392606.13,39.66,10.28,377295.04,10.75
1392763.52,39.67,10.29,377439.18,10.75
1392792.66,39.68,10.3,377436.62,10.75
1392792.66,39.68,10.3,377436.62,10.75
1392792.66,39.68,10.3,377436.62,10.75
1392795.76,39.68,10.3,377528.84,10.76
1392638.01,39.68,10.3,377399.83,10.75
1392883.62,39.69,10.31,377433.75,10.76
1392883.62,39.69,10.31,377420.41,10.75
1392585.49,39.69,10.31,377382.17,10.76
1392287.36,39.7,10.31,377598.6,10.77
1391989.34,39.69,10.31,377359.91,10.76
1391691.21,39.7,10.31,377323.4,10.76
1391183.59,39.69,10.3,376813.77,10.75
1391330.26,39.7,10.31,376788.36,10.75
1391032.13,39.7,10.32,376778.28,10.75
1390562.12,39.7,10.31,376182.04,10.74
1390454.55,39.7,10.31,376165.32,10.74
1390084.46,39.7,10.31,375719.01,10.73
1389776.52,39.7,10.31,375688.18,10.73
1389651.7,39.7,10.31,375664.35,10.73
1389482.89,39.7,10.31,376582.97,10.76
1389896.06,39.72,10.33,376432.09,10.76
1389466.99,39.72,10.33,375716.48,10.74
1389357.1,39.72,10.33,375696.79,10.74
1389247.2,39.73,10.34,376055.86,10.75
1388949.08,39.73,10.34,376049.54,10.76
1389576.99,39.75,10.36,378846.91,10.84
1389606.13,39.76,10.37,378817.11,10.84
1389308.0,39.76,10.37,379018.5,10.85
1389009.87,39.76,10.37,378929.03,10.85
1388453.07,39.76,10.37,378377.11,10.83
1388154.94,39.76,10.37,378426.41,10.84
1387859.14,39.76,10.37,378426.56,10.84
1387551.2,39.77,10.38,378408.82,10.84
1387253.07,39.77,10.38,378379.42,10.85
1386954.94,39.77,10.38,378266.73,10.85
1386668.96,39.77,10.38,377996.74,10.84
1386370.83,39.77,10.38,377954.21,10.84
1385998.89,39.76,10.37,377661.79,10.84
1385700.76,39.77,10.38,377643.75,10.84
1385419.68,39.77,10.38,378635.91,10.87
1385309.78,39.78,10.39,378682.73,10.87
1385001.84,39.78,10.39,378663.03,10.88
1384699.77,39.78,10.39,378473.49,10.87
1384430.69,39.78,10.39,378310.76,10.87
1384132.57,39.78,10.39,378561.13,10.88
1384022.67,39.79,10.4,378536.37,10.88
1383724.54,39.79,10.4,378516.58,10.88
1383879.61,39.8,10.41,378565.05,10.89
1383769.72,39.81,10.42,378550.94,10.89
1383662.15,39.81,10.42,378998.5,10.91
1383374.85,39.81,10.42,378720.18,10.9
1383076.72,39.81,10.42,379710.63,10.93
1382966.83,39.82,10.43,379689.66,10.93
1382856.93,39.82,10.43,379660.67,10.93
1382749.36,39.83,10.44,379625.97,10.94
1382451.23,39.83,10.44,379602.05,10.94
1382079.3,39.83,10.44,379241.04,10.93
1381781.17,39.83,10.44,379215.29,10.93
1381671.27,39.84,10.44,379195.79,10.93
1381356.18,39.83,10.44,378851.59,10.92
1381246.29,39.84,10.45,378822.78,10.93
1381136.4,39.85,10.45,378796.97,10.93
1381136.4,39.85,10.45,378796.97,10.93
1381449.01,39.86,10.46,378857.52,10.93
1381143.39,39.86,10.47,379602.21,10.95
1380771.46,39.85,10.46,379309.79,10.95
1380661.56,39.86,10.47,379280.93,10.95
1380363.43,39.86,10.47,378771.47,10.94
1380392.57,39.87,10.48,378747.13,10.94
1380421.72,39.88,10.49,378743.26,10.94
1380286.39,39.88,10.49,378723.09,10.94
1380286.39,39.88,10.49,378707.95,10.94
1379988.26,39.89,10.49,378661.22,10.94
1379689.36,39.89,10.5,378148.74,10.93
1379393.55,39.89,10.5,378095.58,10.93
1379393.55,39.89,10.5,378095.58,10.93
1379283.66,39.9,10.51,378087.28,10.94
1379603.56,39.91,10.52,378381.67,10.95
1379305.43,39.91,10.52,378237.11,10.95
1379007.3,39.92,10.52,378273.84,10.95
1379007.3,39.92,10.52,378273.84,10.95
1378712.27,39.92,10.53,379811.98,11.0
1378602.38,39.93,10.53,380076.93,11.01
1378847.99,39.94,10.54,380097.45,11.01
1378460.38,39.94,10.54,379718.91,11.0
1378340.67,39.94,10.55,379700.33,11.0
1378012.2,39.95,10.55,379582.99,11.0
1377902.31,39.95,10.56,379562.9,11.01
1377603.41,39.95,10.56,380129.7,11.02
1377493.51,39.96,10.57,380108.48,11.03
1376985.89,39.96,10.56,379604.48,11.01
1376716.81,39.96,10.57,381072.47,11.06
1376418.69,39.96,10.57,381051.57,11.06
1376905.48,39.99,10.59,383453.46,11.14
1376607.35,39.99,10.6,383870.21,11.15
1376239.8,39.99,10.59,383517.04,11.14
1376386.48,40.0,10.6,384129.14,11.16
1376276.58,40.0,10.61,384111.22,11.16
1376423.26,40.01,10.62,384133.3,11.17
1376577.55,40.02,10.63,385463.17,11.21
1376577.55,40.02,10.63,385558.49,11.21
1376825.48,40.03,10.64,385733.14,11.22
1376981.07,40.04,10.65,386454.11,11.24
1376712.89,40.05,10.65,386458.63,11.24
1376414.77,40.05,10.66,386424.11,11.24
1376561.44,40.06,10.67,386397.99,11.24
1376263.31,40.06,10.67,386372.83,11.25
1375965.19,40.06,10.67,386328.4,11.25
1375965.19,40.06,10.67,386328.4,11.25
1375853.74,40.07,10.68,386741.25,11.26
1375555.61,40.07,10.68,386911.11,11.27
1375353.69,40.07,10.68,386720.94,11.27
1374860.85,40.06,10.67,386332.22,11.26
1374500.78,40.06,10.66,386036.0,11.25
1374202.65,40.06,10.67,386019.3,11.25
1373904.52,40.06,10.67,386191.35,11.26
1373904.52,40.06,10.67,386191.35,11.26
1373904.52,40.06,10.67,386191.35,11.26
1373943.26,40.07,10.67,388707.0,11.34
1374089.93,40.08,10.68,388683.43,11.34
1373885.08,40.08,10.68,388383.55,11.33
1373586.18,40.08,10.69,388241.13,11.33
1373586.18,40.08,10.69,388241.13,11.33
1373305.09,40.09,10.69,388280.54,11.33
1373887.97,40.11,10.72,389007.94,11.36
1373606.89,40.12,10.72,388421.25,11.34
1373499.32,40.12,10.73,388406.94,11.35
1373201.19,40.13,10.73,388384.2,11.35
1373083.81,40.13,10.74,388515.11,11.36
1372785.68,40.14,10.74,388739.57,11.37
1372487.55,40.14,10.74,388866.37,11.37
1372515.92,40.15,10.75,389517.07,11.39
1372515.92,40.15,10.75,389517.07,11.39
1372406.02,40.15,10.76,389495.93,11.4
1371878.49,40.15,10.75,388896.82,11.38
1371878.49,40.15,10.75,388896.82,11.38
1371811.68,40.15,10.75,388834.9,11.38
1372132.36,40.16,10.77,390064.31,11.42
1372132.36,40.16,10.77,390064.31,11.42
1371811.12,40.16,10.77,390082.15,11.42
1371814.99,40.16,10.77,390334.48,11.43
1371519.19,40.17,10.77,390311.91,11.43
1371221.06,40.17,10.78,390339.69,11.44
1370922.93,40.17,10.78,389969.89,11.43
1370620.86,40.17,10.77,389613.73,11.42
1370513.29,40.18,10.78,389491.34,11.42
1370313.08,40.17,10.78,389352.44,11.41
1370342.22,40.18,10.79,389369.78,11.42
1370080.1,40.19,10.79,389336.31,11.42
1369781.97,40.19,10.79,389281.07,11.42
1369672.08,40.2,10.8,389271.11,11.42
1369562.19,40.2,10.81,388995.21,11.42
1369266.38,40.2,10.81,389743.01,11.44
1368709.58,40.2,10.8,389211.47,11.43
1368365.49,40.19,10.8,388948.36,11.42
1368293.19,40.19,10.8,388963.14,11.43
1368293.19,40.19,10.8,388963.14,11.43
1368183.29,40.2,10.8,388954.91,11.43
1368183.29,40.2,10.8,388954.91,11.43
1367885.17,40.2,10.81,388772.77,11.43
1368042.56,40.21,10.82,388797.94,11.43
1367761.47,40.22,10.82,389459.36,11.45
1367493.3,40.22,10.82,389456.07,11.45
1367744.07,40.23,10.83,389017.93,11.44
1367445.95,40.23,10.84,389051.51,11.45
1367583.45,40.24,10.85,389377.18,11.46
1367259.89,40.25,10.85,389348.22,11.46
1367000.5,40.25,10.85,389063.04,11.46
1366702.37,40.25,10.86,389039.57,11.46
1366403.47,40.26,10.86,389034.02,11.46
1366293.57,40.26,10.87,389014.05,11.46
1366183.68,40.27,10.87,389053.32,11.47
1366076.11,40.28,10.88,389037.81,11.47
1365803.93,40.28,10.88,389084.07,11.47
1365803.93,40.28,10.88,389073.35,11.47
1365505.81,40.28,10.89,389047.42,11.48
1366411.38,40.31,10.92,389240.12,11.48
1366113.26,40.32,10.92,389240.35,11.49
1365556.45,40.31,10.92,388688.44,11.47
1365777.94,40.32,10.93,388721.35,11.48
1365479.81,40.33,10.93,388691.49,11.48
1365369.92,40.33,10.94,388646.35,11.48
1365369.92,40.33,10.94,388638.35,11.48
1365369.92,40.33,10.94,388623.29,11.48
1365369.92,40.33,10.94,388527.02,11.48
1365072.85,40.33,10.93,388276.02,11.47
1365072.85,40.33,10.93,388250.94,11.47
1366537.95,40.38,10.99,389432.07,11.51
1366855.53,40.39,11.0,389467.9,11.51
1366483.59,40.39,10.99,389230.53,11.5
1365976.74,40.38,10.99,388489.82,11.49
1365680.93,40.39,10.99,388814.97,11.5
1365399.85,40.39,10.99,389450.97,11.52
1365399.85,40.39,10.99,389477.44,11.52
1365399.85,40.39,10.99,389469.15,11.52
1365403.56,40.4,11.0,389499.62,11.52
1365649.16,40.41,11.01,389554.66,11.53
1365327.93,40.41,11.02,389594.85,11.53
1365474.6,40.42,11.03,390715.43,11.57
1365685.01,40.44,11.04,390956.88,11.58
1365470.5,40.45,11.05,391645.79,11.6
1365470.5,40.45,11.05,391645.79,11.6
1365470.5,40.45,11.05,391645.5,11.6
1365470.5,40.45,11.05,391645.5,11.6
1365172.37,40.45,11.05,391672.41,11.6
1365319.04,40.46,11.06,391641.51,11.61
1365563.88,40.47,11.07,392152.52,11.62
1365257.23,40.47,11.07,392000.03,11.62
1364942.14,40.46,11.06,391650.56,11.61
1364673.97,40.47,11.07,391655.08,11.61
1364375.84,40.47,11.07,391731.45,11.62
1364054.6,40.47,11.07,391714.95,11.62
1363758.8,40.48,11.08,391666.37,11.62
1363460.67,40.48,11.08,391478.58,11.62
1363489.04,40.49,11.09,391888.66,11.64
1363609.82,40.5,11.1,391909.46,11.64
1363314.02,40.5,11.1,391880.76,11.64
1363018.22,40.5,11.11,392297.04,11.66
1363412.41,40.52,11.12,393548.11,11.7
1363113.5,40.52,11.13,393903.3,11.71
1362807.89,40.53,11.13,393887.66,11.71
1362484.32,40.53,11.13,393883.56,11.72
1362185.42,40.53,11.14,393872.75,11.72
1361965.45,40.53,11.13,393685.25,11.72
1361424.38,40.52,11.13,393180.9,11.7
1361125.48,40.53,11.13,392837.71,11.7
1360452.43,40.52,11.12,392066.55,11.68
1360342.54,40.52,11.13,392115.4,11.68
1360044.41,40.53,11.13,392085.93,11.68
1360044.41,40.53,11.13,392085.93,11.68
1359746.28,40.53,11.13,392117.36,11.69
1359446.61,40.53,11.14,392705.21,11.71
1359148.48,40.54,11.14,392684.06,11.71
1358852.67,40.54,11.14,392612.07,11.71
1358494.6,40.54,11.14,394158.5,11.76
1358196.47,40.54,11.14,394567.17,11.78
1358343.15,40.55,11.15,394608.96,11.78
1358591.08,40.56,11.16,394821.66,11.79
1358292.95,40.56,11.17,394788.45,11.79
1358455.77,40.57,11.18,396535.62,11.84
1358345.87,40.58,11.18,397314.98,11.87
1358492.55,40.59,11.19,397228.03,11.87
1358628.63,40.6,11.2,397197.07,11.87
1358812.54,40.62,11.22,398674.68,11.92
1358961.54,40.63,11.23,398601.88,11.92
1358663.41,40.63,11.24,398592.95,11.92
1358365.28,40.63,11.24,398640.17,11.93
1357808.48,40.63,11.23,398088.25,11.91
1357808.48,40.63,11.23,398088.25,11.91
1357808.48,40.63,11.23,398088.25,11.91
1357067.09,40.62,11.22,397410.79,11.89
1357342.66,40.63,11.23,397414.64,11.9
1357342.66,40.63,11.23,398081.9,11.92
1357044.53,40.63,11.24,398097.43,11.92
1356746.4,40.64,11.24,398143.38,11.92
1356450.6,40.64,11.24,398120.19,11.93
1356340.7,40.65,11.25,398082.69,11.93
1356340.7,40.65,11.25,398082.69,11.93
1356230.81,40.65,11.26,398128.0,11.93
1356377.48,40.66,11.27,398112.58,11.94
1356078.58,40.67,11.27,398065.43,11.94
1355780.45,40.67,11.27,398103.32,11.94
1355670.56,40.68,11.28,398062.85,11.94
1355376.31,40.68,11.28,397935.69,11.94
1355376.31,40.68,11.28,398600.4,11.96
1355487.99,40.69,11.3,398658.34,11.97
1355900.64,40.72,11.32,399320.71,11.99
1355934.3,40.73,11.33,399324.76,11.99
1356251.88,40.74,11.35,399364.87,12.0
1355953.75,40.74,11.35,399328.93,12.0
1355846.18,40.75,11.36,399310.43,12.0
1355548.05,40.75,11.36,399355.35,12.01
1355212.36,40.75,11.35,398842.11,11.99
1355102.47,40.76,11.36,398878.16,12.0
1355248.37,40.77,11.37,399248.21,12.01
1355248.37,40.77,11.37,399239.67,12.01
1355652.95,40.79,11.39,398736.85,12.0
1355354.82,40.79,11.4,398790.69,12.0
1355495.43,40.8,11.41,399124.26,12.01
1355227.26,40.81,11.41,399123.33,12.02
1355376.26,40.82,11.42,399106.55,12.02
1353021.19,40.84,11.45,399056.01,12.05
1352725.38,40.85,11.45,399106.06,12.05
1352340.58,40.84,11.45,399075.35,12.05
1352042.45,40.84,11.45,399187.25,12.06
1352219.08,40.86,11.46,399191.55,12.06
1351920.96,40.86,11.46,399227.63,12.07
1351920.96,40.86,11.46,399203.27,12.07
1351920.96,40.86,11.46,399398.5,12.07
1351622.83,40.86,11.47,399348.23,12.07
1351870.76,40.87,11.48,399379.45,12.08
1351187.06,40.87,11.47,398604.66,12.06
1351076.39,40.87,11.48,398505.92,12.06
1352548.7,40.93,11.54,399193.96,12.08
1352581.72,40.94,11.54,399629.44,12.1
1352727.62,40.95,11.55,400094.46,12.11
1352727.62,40.95,11.55,400094.46,12.11
1352727.62,40.95,11.55,400094.46,12.11
1352404.06,40.95,11.56,400083.42,12.11
1352404.06,40.95,11.56,400073.52,12.11
1352553.06,40.96,11.57,400054.73,12.12
1352702.06,40.97,11.58,400053.93,12.12
1352594.49,40.98,11.59,399873.07,12.11
1352594.49,40.98,11.59,399873.07,12.11
1352594.49,40.98,11.59,399873.07,12.11
1352771.12,40.99,11.6,399877.36,12.12
1352214.31,40.98,11.59,399325.45,12.1
1352531.89,41.0,11.6,399360.28,12.1
1353753.31,41.05,11.65,400678.8,12.15
1353455.18,41.05,11.66,400718.7,12.15
1352872.42,41.04,11.65,399929.45,12.13
1352574.29,41.05,11.65,399917.43,12.14
1352276.16,41.05,11.66,399889.94,12.14
1352422.84,41.06,11.67,399852.13,12.14
1352571.84,41.07,11.68,399852.65,12.14
1352273.71,41.07,11.68,399824.53,12.14
1352420.38,41.08,11.69,399824.43,12.15
1352420.38,41.08,11.69,399891.44,12.15
1352122.26,41.09,11.7,399952.1,12.15
1351816.64,41.09,11.7,400212.5,12.17
1351816.64,41.09,11.7,400116.85,12.16
1351848.11,41.1,11.71,400087.74,12.16
1351848.11,41.1,11.71,400068.17,12.16
1351848.11,41.1,11.71,399894.88,12.16
1351498.94,41.1,11.7,399883.02,12.16
1351743.77,41.11,11.71,400669.96,12.18
1351475.6,41.11,11.72,400669.03,12.19
1351630.67,41.12,11.73,401778.06,12.22
1351630.67,41.12,11.73,401778.06,12.22
1351362.49,41.13,11.73,401782.58,12.23
1351362.49,41.13,11.73,401790.74,12.23
1351362.49,41.13,11.73,401768.72,12.23
1351362.49,41.13,11.73,401768.72,12.23
1351064.37,41.13,11.74,401743.12,12.23
1350766.24,41.13,11.74,401681.55,12.23
1350656.34,41.14,11.75,401672.89,12.23
1350805.34,41.15,11.76,401860.27,12.24
1350509.54,41.15,11.76,401836.34,12.25
1350211.41,41.16,11.76,401812.32,12.25
1350211.41,41.16,11.76,401932.59,12.25
1349863.19,41.16,11.77,401790.9,12.25
1349867.06,41.16,11.77,402638.68,12.28
1349757.17,41.17,11.77,402612.09,12.28
1349459.04,41.17,11.78,402622.85,12.28
1349160.91,41.17,11.78,402592.44,12.29
1349897.8,41.21,11.82,402357.67,12.28
1349787.9,41.21,11.82,402385.52,12.29
1349472.81,41.21,11.82,402169.59,12.28
1349149.25,41.21,11.82,402141.54,12.28
1348881.08,41.22,11.83,402146.06,12.29
1348881.08,41.22,11.83,402349.36,12.29
1348582.95,41.22,11.83,402237.39,12.3
1348738.02,41.23,11.84,402462.42,12.3
1348776.26,41.25,11.85,404549.0,12.37
1348371.29,41.24,11.85,404208.82,12.36
1348261.4,41.25,11.85,404226.62,12.37
1347963.27,41.25,11.86,404253.1,12.37
1347668.24,41.25,11.86,404172.45,12.37
1347668.24,41.25,11.86,404172.45,12.37
1347904.91,41.26,11.87,405057.87,12.4
1347795.02,41.27,11.87,405136.99,12.4
1347687.45,41.27,11.88,405136.54,12.41
1347849.62,41.29,11.89,405124.47,12.41
1347560.4,41.29,11.9,405002.03,12.41
1347262.27,41.29,11.9,404974.08,12.41
1346963.37,41.3,11.9,405371.71,12.43
1346665.24,41.3,11.91,405342.18,12.43
1346665.24,41.3,11.91,405342.18,12.43
1346811.91,41.31,11.92,405379.52,12.43
1346811.91,41.31,11.92,405379.52,12.43
1346487.58,41.31,11.92,405506.18,12.44
1346487.58,41.31,11.92,405538.34,12.44
1346113.79,41.31,11.91,405174.67,12.43
1346674.36,41.34,11.94,404891.35,12.43
1346376.24,41.34,11.95,405733.38,12.46
1346222.49,41.34,11.95,405726.62,12.46
1345923.58,41.34,11.95,405962.96,12.47
1346069.48,41.35,11.96,406411.39,12.49
1345771.36,41.36,11.96,407543.71,12.52
1345710.91,41.36,11.97,408983.57,12.57
1345710.91,41.36,11.97,408983.57,12.57
1345710.91,41.36,11.97,408967.31,12.57
1345411.24,41.37,11.97,408928.97,12.57
1345460.16,41.37,11.98,409014.62,12.58
1345154.55,41.38,11.98,409187.82,12.59
1345043.88,41.38,11.99,408586.4,12.57
1345047.75,41.38,11.99,408612.08,12.57
1344749.62,41.39,11.99,408578.94,12.57
1344451.5,41.39,12.0,408513.97,12.58
1344127.93,41.39,12.0,408379.49,12.58
1343829.03,41.4,12.0,408776.94,12.59
1343530.9,41.4,12.01,408930.34,12.6
1343530.9,41.4,12.01,408930.34,12.6
1343530.9,41.4,12.01,408930.34,12.6
1343530.9,41.4,12.01,408930.34,12.6
1343307.7,41.4,12.0,408663.74,12.59
1343599.06,41.41,12.02,408809.17,12.6
1343300.93,41.41,12.02,408863.51,12.61
1343190.26,41.42,12.03,409331.01,12.62
1340631.71,41.44,12.06,409283.18,12.65
1340091.22,41.44,12.05,408989.59,12.65
1340091.22,41.44,12.05,408989.59,12.65
1339793.1,41.44,12.05,408969.96,12.65
1339494.97,41.44,12.06,408963.0,12.65
1339196.84,41.45,12.06,408922.33,12.66
1339228.31,41.46,12.07,409134.27,12.67
1339228.31,41.46,12.07,409134.27,12.67
1339473.91,41.47,12.08,409304.23,12.67
1339366.34,41.48,12.09,409403.96,12.68
1339230.24,41.48,12.1,409680.75,12.69
1338934.44,41.49,12.1,409676.54,12.69
1338638.63,41.49,12.1,409619.18,12.7
1338340.5,41.49,12.11,409586.59,12.7
1338031.79,41.5,12.11,409555.98,12.7
1338031.79,41.5,12.11,409555.98,12.7
1337736.76,41.5,12.11,409595.65,12.71
1337438.63,41.5,12.12,409672.0,12.71
1337303.3,41.51,12.13,409664.53,12.72
1337167.97,41.52,12.13,409646.77,12.72
1336973.54,41.52,12.14,409306.12,12.71
1336649.2,41.52,12.14,409222.03,12.71
1336795.87,41.53,12.15,409342.76,12.72
1336474.63,41.54,12.16,409372.57,12.72
1336474.63,41.54,12.16,409372.57,12.72
1335923.85,41.53,12.15,409483.98,12.73
1335816.28,41.54,12.16,409321.21,12.73
1336372.43,41.57,12.19,409683.04,12.74
1336297.39,41.58,12.19,411888.72,12.82
1336446.39,41.59,12.2,411993.16,12.82
1336728.28,41.6,12.22,412239.14,12.83
1336728.28,41.6,12.22,412239.14,12.83
1336728.28,41.6,12.22,412239.17,12.83
1336434.8,41.6,12.22,412522.35,12.84
1336324.91,41.61,12.23,412601.54,12.85
1336641.7,41.62,12.24,412887.6,12.86
1336262.44,41.62,12.23,412626.1,12.85
1335966.64,41.62,12.24,412553.27,12.85
1335966.64,41.62,12.24,412514.3,12.85
1335966.64,41.62,12.24,412473.96,12.85
1335966.64,41.62,12.24,412458.38,12.85
1335667.74,41.62,12.24,412413.58,12.85
1335369.61,41.63,12.24,412409.01,12.86
1335303.89,41.64,12.26,414191.28,12.92
1335194.0,41.64,12.26,414110.8,12.92
1335072.74,41.65,12.27,414399.71,12.93
1334773.06,41.66,12.27,414744.09,12.94
1334449.5,41.66,12.28,414723.18,12.95
1334544.85,41.67,12.29,414769.52,12.95
1334246.72,41.67,12.29,414736.93,12.95
1333948.6,41.68,12.3,414698.35,12.96
1333650.47,41.68,12.3,414932.19,12.97
1333797.14,41.69,12.31,414899.41,12.97
1333797.14,41.69,12.31,414961.84,12.97
1333686.47,41.7,12.32,415255.75,12.98
1333931.31,41.71,12.33,416169.68,13.01
1333823.74,41.72,12.34,416132.56,13.01
1333823.74,41.72,12.34,416110.54,13.01
1333823.74,41.72,12.34,416344.39,13.02
1333525.61,41.72,12.34,416387.13,13.03
1333219.99,41.72,12.34,416850.12,13.05
1332848.06,41.72,12.34,416415.33,13.03
1332997.05,41.73,12.35,416627.67,13.04
1333143.73,41.74,12.36,416815.66,13.05
1332861.1,41.74,12.36,417062.67,13.06
1333256.73,41.77,12.39,417105.03,13.07
1332958.6,41.77,12.39,416891.26,13.06
1332851.03,41.78,12.4,416854.61,13.07
1332552.9,41.78,12.4,416844.56,13.07
1332580.5,41.79,12.41,417569.96,13.1
1332583.59,41.79,12.41,417702.98,13.1
1332365.07,41.79,12.41,418878.43,13.14
1332066.94,41.8,12.42,418848.36,13.14
1331695.0,41.79,12.41,418610.99,13.14
1331695.0,41.79,12.41,418610.99,13.14
1331697.93,41.8,12.42,418595.52,13.14
1331697.93,41.8,12.42,418595.52,13.14
1331399.8,41.8,12.42,418639.4,13.14
1331621.29,41.81,12.43,419031.41,13.16
1331704.84,41.83,12.44,419465.0,13.17
1331406.72,41.83,12.45,419505.67,13.18
1331406.72,41.83,12.45,419505.67,13.18
1331295.27,41.84,12.45,419730.29,13.19
1330710.37,41.83,12.45,419523.04,13.19
1330448.26,41.84,12.45,419389.03,13.19
1331492.96,41.87,12.49,420729.58,13.23
1331492.96,41.87,12.49,420707.46,13.23
1331305.23,41.88,12.49,421445.08,13.26
1330980.89,41.88,12.5,421429.4,13.26
1330980.89,41.88,12.5,421429.4,13.26
1331063.67,41.89,12.51,420694.16,13.24
1331063.67,41.89,12.51,420671.85,13.24
1331210.34,41.9,12.52,420643.26,13.24
1330990.71,41.9,12.52,420467.25,13.24
1330694.9,41.9,12.52,420436.71,13.24
1330396.78,41.9,12.52,420472.76,13.24
1330100.97,41.91,12.53,421213.22,13.27
1329801.3,41.91,12.53,421588.07,13.29
1329691.4,41.92,12.54,421557.65,13.29
1329393.27,41.92,12.54,421511.89,13.29
1329095.15,41.93,12.55,421488.73,13.3
1329412.72,41.94,12.56,421455.3,13.3
1329471.82,41.95,12.57,421456.65,13.3
1329471.82,41.95,12.57,421493.25,13.3
1329648.45,41.96,12.58,421498.1,13.3
1329146.4,41.96,12.58,420745.71,13.28
1328840.78,41.96,12.58,421072.39,13.3
1328542.65,41.96,12.58,420789.98,13.29
1328244.52,41.97,12.59,420769.04,13.29
1327946.4,41.97,12.59,420768.72,13.3
1327647.49,41.98,12.6,420744.85,13.3
1327647.49,41.98,12.6,420724.55,13.3
1327349.37,41.98,12.6,420674.06,13.3
1326707.47,41.97,12.59,420039.39,13.29
1326953.08,41.98,12.6,420007.94,13.29
1326644.37,41.99,12.61,419788.02,13.29
1326534.47,41.99,12.61,419765.49,13.29
1326236.35,42.0,12.62,419523.58,13.28
1325940.54,42.0,12.62,419521.86,13.29
1326541.66,42.02,12.64,420547.92,13.32
1326431.76,42.03,12.65,420403.7,13.32
1326431.76,42.03,12.65,420353.58,13.32
1326133.63,42.04,12.66,420303.38,13.32
1327027.89,42.06,12.68,421224.51,13.35
1327027.89,42.06,12.68,421224.51,13.35
1327110.66,42.07,12.69,421191.37,13.35
1327110.66,42.07,12.69,421191.37,13.35
1326814.86,42.08,12.7,421990.28,13.38
1326516.73,42.08,12.7,421915.68,13.38
1326221.7,42.09,12.71,422146.59,13.4
1326368.38,42.1,12.72,422202.06,13.4
1326235.0,42.11,12.73,421795.76,13.39
1325939.2,42.11,12.73,421796.35,13.4
1325580.35,42.11,12.73,421395.55,13.39
1325218.41,42.1,12.72,421167.84,13.38
1326057.36,42.14,12.76,421300.86,13.39
1325759.24,42.14,12.76,421274.4,13.39
1325464.98,42.15,12.77,421679.06,13.41
1325611.66,42.16,12.78,421718.82,13.41
1325412.3,42.17,12.79,420883.52,13.39
1325412.3,42.17,12.79,420883.52,13.39
1325412.3,42.17,12.79,420883.52,13.39
1325114.17,42.17,12.79,420926.33,13.4
1322759.11,42.2,12.82,420875.8,13.43
1322460.98,42.21,12.83,420887.31,13.43
1322614.88,42.21,12.83,421714.36,13.46
1322614.88,42.21,12.83,421714.36,13.46
1322316.76,42.22,12.84,421689.7,13.46
1322020.95,42.22,12.84,421588.04,13.46
1322020.95,42.22,12.84,421588.04,13.46
1321722.83,42.22,12.84,421567.92,13.47
1321427.02,42.23,12.85,421543.57,13.47
1321427.02,42.23,12.85,421543.57,13.47
1321427.02,42.23,12.85,421543.57,13.47
1321573.7,42.24,12.86,421564.7,13.47
1321573.7,42.24,12.86,421532.12,13.47
1321277.89,42.24,12.86,421941.53,13.49
1321394.88,42.25,12.87,420687.02,13.45
1321071.32,42.26,12.88,420664.48,13.46
1321071.32,42.26,12.88,420664.48,13.46
1321071.32,42.26,12.88,420664.48,13.46
1320961.43,42.26,12.89,420683.02,13.46
1320653.49,42.27,12.89,420646.28,13.46
1320543.59,42.28,12.9,420665.09,13.47
1320543.59,42.28,12.9,420467.63,13.46
1320543.59,42.28,12.9,420467.63,13.46
1320433.7,42.28,12.9,420447.15,13.46
1320433.7,42.28,12.9,420448.05,13.46
1321206.22,42.32,12.94,423448.56,13.56
1320908.09,42.33,12.95,423241.52,13.56
1320584.53,42.33,12.95,423219.0,13.57
1320721.39,42.34,12.96,423193.2,13.57
1320517.86,42.35,12.97,423980.19,13.6
1320664.54,42.36,12.98,424054.78,13.6
1320368.73,42.36,12.98,424412.96,13.62
1320070.61,42.37,12.99,424384.91,13.62
1319774.8,42.37,12.99,424363.73,13.62
1319476.68,42.37,13.0,424336.18,13.63
1319476.68,42.37,13.0,424336.18,13.63
1319178.55,42.38,13.0,424355.33,13.63
1319024.8,42.38,13.0,424081.26,13.62
1319024.8,42.38,13.0,424081.26,13.62
1319269.63,42.39,13.01,424429.0,13.64
1318970.73,42.39,13.01,424395.38,13.64
1318970.73,42.39,13.01,424395.38,13.64
1318701.65,42.4,13.02,424220.2,13.64
1318847.55,42.41,13.03,424551.59,13.65
1318549.42,42.41,13.04,424688.35,13.66
1318698.42,42.42,13.05,424666.66,13.66
1318400.3,42.43,13.05,424743.36,13.67
1318400.3,42.43,13.05,424743.36,13.67
1318400.3,42.43,13.05,424743.36,13.67
1318400.3,42.43,13.05,424743.36,13.67
1318645.13,42.44,13.06,425165.93,13.68
1318185.73,42.44,13.06,424383.78,13.66
1317886.83,42.44,13.07,424379.27,13.67
1317697.87,42.44,13.06,424138.45,13.66
1317697.87,42.44,13.06,424138.45,13.66
1317697.87,42.44,13.06,424138.45,13.66
1317402.06,42.45,13.07,424109.06,13.66
1317402.06,42.45,13.07,424204.76,13.67
1317103.94,42.45,13.07,424241.08,13.67
1316808.13,42.45,13.08,424198.81,13.68
1316510.01,42.46,13.08,424174.61,13.68
1316201.29,42.46,13.08,424536.01,13.7
1315977.1,42.46,13.08,424386.65,13.69
1315678.97,42.46,13.08,424373.96,13.7
1315926.91,42.48,13.1,425027.67,13.72
1315637.69,42.48,13.1,424623.37,13.71
1315341.88,42.48,13.11,424604.96,13.71
1315043.76,42.49,13.11,424576.45,13.72
1315043.76,42.49,13.11,424554.92,13.72
1314885.79,42.48,13.11,424401.45,13.71
1314583.72,42.48,13.1,424037.89,13.7
1314697.23,42.49,13.11,424033.2,13.71
1314539.26,42.49,13.11,423906.09,13.7
1314241.13,42.49,13.11,423891.62,13.71
1314241.13,42.49,13.11,423891.62,13.71
1314387.81,42.51,13.13,423866.46,13.71
1314534.48,42.52,13.14,423926.55,13.71
1314565.95,42.53,13.15,423908.74,13.71
1314275.93,42.52,13.14,423634.94,13.71
1315409.05,42.57,13.19,427266.47,13.83
1315110.92,42.58,13.2,427360.67,13.84
1315001.02,42.58,13.2,427325.61,13.84
1315001.02,42.58,13.2,427325.61,13.84
1314893.45,42.59,13.21,427309.51,13.84
1314893.45,42.59,13.21,427309.51,13.84
1314594.55,42.6,13.22,427670.98,13.86
1314749.62,42.61,13.23,427670.18,13.86
1314413.92,42.61,13.23,428463.51,13.89
1314115.79,42.61,13.23,428426.12,13.89
1314236.58,42.63,13.25,428445.0,13.9
1313938.45,42.63,13.25,428474.94,13.9
1313938.45,42.63,13.25,428475.05,13.9
1314085.13,42.64,13.26,428534.77,13.91
1313804.04,42.65,13.27,429280.47,13.93
1313479.7,42.65,13.27,429439.79,13.94
1313183.97,42.64,13.26,429153.87,13.94
1312885.84,42.65,13.27,429125.36,13.94
1312775.17,42.66,13.28,429309.17,13.95
1312479.37,42.66,13.28,429359.55,13.96
1312428.76,42.67,13.29,430052.33,13.98
1312318.86,42.68,13.3,429721.93,13.98
1312318.86,42.68,13.3,429721.93,13.98
1312114.0,42.68,13.3,429510.48,13.97
1311815.87,42.68,13.3,429492.77,13.97
1311517.74,42.68,13.31,429471.94,13.98
1311664.42,42.7,13.32,429472.77,13.98
1311522.45,42.69,13.31,429461.6,13.98
1311522.45,42.69,13.31,429446.69,13.98
1311250.27,42.7,13.32,430854.83,14.03
1310944.65,42.7,13.32,431288.32,14.05
1310944.65,42.7,13.32,431269.92,14.05
1310646.53,42.71,13.33,431238.98,14.05
1310350.72,42.71,13.33,431227.89,14.06
1310350.72,42.71,13.33,431182.86,14.05
1310466.21,42.73,13.35,432723.03,14.11
1310615.2,42.74,13.36,432987.24,14.12
1310317.08,42.75,13.37,432976.94,14.12
1310096.07,42.74,13.36,433788.9,14.15
1309800.27,42.75,13.37,433781.83,14.16
1309955.34,42.76,13.38,433762.9,14.16
1310274.89,42.77,13.39,433804.3,14.16
1310274.89,42.77,13.39,433804.3,14.16
1310556.78,42.78,13.4,434011.98,14.17
1310446.88,42.79,13.41,433983.21,14.17
1310073.09,42.78,13.4,433715.81,14.16
1309884.33,42.79,13.41,435471.29,14.23
1310129.94,42.8,13.42,435503.11,14.23
1310293.66,42.82,13.44,437040.38,14.28
1310293.66,42.82,13.44,437040.38,14.28
1309997.85,42.82,13.44,437027.29,14.29
1309997.85,42.82,13.44,437027.29,14.29
1309997.85,42.82,13.44,436806.27,14.28
1309702.05,42.82,13.44,437008.67,14.29
1309403.15,42.83,13.45,437390.78,14.31
1309079.58,42.83,13.45,437375.17,14.31
1309397.16,42.85,13.47,437416.63,14.31
1309160.81,42.85,13.47,437560.22,14.32
1308862.68,42.85,13.47,437538.41,14.32
1308755.11,42.86,13.48,437522.62,14.33
1308901.79,42.87,13.49,437562.38,14.33
1308947.97,42.88,13.5,438999.62,14.38
1308947.97,42.88,13.5,438999.62,14.38
1308649.84,42.88,13.5,438891.06,14.38
1308649.84,42.88,13.5,438891.06,14.38
1308265.89,42.88,13.5,438634.43,14.38
1308265.89,42.88,13.5,438666.19,14.38
1308148.51,42.89,13.5,438653.65,14.38
1307880.34,42.89,13.51,438653.9,14.39
1307770.44,42.9,13.52,438609.29,14.39
1307612.21,42.9,13.51,438785.97,14.39
1307502.32,42.9,13.52,438761.32,14.4
1307502.32,42.9,13.52,438806.08,14.4
1307177.98,42.91,13.53,439009.22,14.41
1307422.81,42.92,13.54,439974.76,14.44
1307101.57,42.92,13.54,439951.64,14.45
1306803.44,42.93,13.55,439932.61,14.45
1306505.32,42.93,13.55,439926.43,14.46
1306195.83,42.94,13.56,440645.09,14.48
1306085.16,42.94,13.56,440505.52,14.48
1305977.59,42.95,13.57,440493.69,14.49
1305977.59,42.95,13.57,440493.69,14.49
1306016.32,42.95,13.57,442793.17,14.56
1305905.65,42.96,13.58,443118.71,14.58
1306118.53,42.98,13.6,443146.41,14.58
1305820.4,42.98,13.6,443110.68,14.58
1305570.69,42.99,13.61,443186.06,14.59
1305307.42,42.99,13.61,444641.36,14.64
1305307.42,42.99,13.61,444641.36,14.64
1305650.82,43.01,13.63,444055.4,14.63
1305355.02,43.01,13.63,444049.86,14.63
1305522.05,43.03,13.65,443906.92,14.63
1305223.15,43.03,13.65,444500.23,14.65
1305372.15,43.04,13.66,444622.27,14.66
1304879.31,43.03,13.65,444130.94,14.65
1304555.75,43.04,13.66,444157.06,14.65
1304257.62,43.04,13.66,444128.95,14.66
1303885.68,43.04,13.66,443765.16,14.65
1303885.68,43.04,13.66,443748.81,14.65
1303775.79,43.04,13.66,443731.05,14.65
1303477.66,43.05,13.67,443706.47,14.65
1303179.53,43.05,13.67,443674.48,14.66
1302944.41,43.06,13.68,443102.17,14.64
1303099.48,43.07,13.69,443242.12,14.65
1303099.48,43.07,13.69,443242.12,14.65
1302801.35,43.08,13.7,443211.58,14.65
1302801.35,43.08,13.7,443211.58,14.65
1302801.35,43.08,13.7,443211.58,14.65
1302505.55,43.08,13.7,443210.3,14.66
1302205.87,43.08,13.7,443536.23,14.67
1301907.74,43.09,13.71,443550.9,14.68
1301907.74,43.09,13.71,443550.9,14.68
1301609.61,43.09,13.71,443520.52,14.68
1301300.9,43.1,13.72,444353.74,14.72
1300916.1,43.09,13.71,444349.73,14.72
1300594.86,43.1,13.72,444312.13,14.72
1300299.05,43.1,13.72,444310.66,14.73
1300000.92,43.1,13.73,444287.38,14.73
1299705.12,43.11,13.73,444273.44,14.74
1299595.23,43.12,13.74,444254.57,14.74
1299484.56,43.12,13.75,444389.75,14.75
1299195.34,43.13,13.75,445558.08,14.79
1298926.26,43.13,13.76,447300.14,14.85
1298926.26,43.13,13.76,447368.74,14.86
1298926.26,43.13,13.76,447368.74,14.86
1298816.37,43.14,13.76,447403.73,14.86
1298517.47,43.15,13.77,447391.7,14.87
1298517.47,43.15,13.77,447391.7,14.87
1298407.57,43.15,13.78,447343.27,14.87
1297767.44,43.15,13.77,446708.29,14.85
1297460.41,43.15,13.77,446104.59,14.84
1297460.41,43.15,13.77,446104.59,14.84
1297777.98,43.16,13.78,446070.9,14.84
1297668.09,43.17,13.79,446050.49,14.84
1297369.18,43.18,13.8,445809.83,14.84
1297088.1,43.18,13.8,445781.33,14.84
1296789.97,43.18,13.81,445760.8,14.84
1296544.39,43.19,13.81,446038.34,14.86
1296544.39,43.19,13.81,446038.34,14.86
1296544.39,43.19,13.81,446038.34,14.86
1296544.39,43.19,13.81,446020.24,14.86
1296434.5,43.2,13.82,445881.11,14.86
1296752.07,43.21,13.83,445778.64,14.86
1296428.51,43.22,13.84,445873.45,14.86
1296428.51,43.22,13.84,446271.62,14.88
1296457.65,43.23,13.85,446834.63,14.9
1296097.56,43.22,13.84,446555.56,14.89
1296726.82,43.25,13.88,445956.53,14.88
1296616.15,43.26,13.88,445937.31,14.88
1296292.59,43.27,13.89,445905.91,14.88
1295996.79,43.27,13.89,445984.83,14.89
1296173.42,43.28,13.91,445989.13,14.89
1296065.85,43.29,13.91,445974.42,14.9
1296251.26,43.3,13.93,448782.6,14.99
1293896.19,43.34,13.96,448732.07,15.03
1293925.33,43.35,13.97,448712.31,15.03
1293955.29,43.35,13.98,448724.56,15.03
1293955.29,43.35,13.98,448538.43,15.03
1293657.16,43.36,13.98,448489.85,15.03
1293657.16,43.36,13.98,448489.85,15.03
1293657.16,43.36,13.98,448749.48,15.04
1293359.03,43.36,13.98,448548.8,15.04
1293279.09,43.37,13.99,448557.75,15.04
1293279.09,43.37,13.99,448557.75,15.04
1292980.19,43.38,14.0,448913.53,15.06
1292980.19,43.38,14.0,448913.53,15.06
1292682.06,43.38,14.0,448875.57,15.06
1292375.41,43.38,14.0,448667.64,15.06
1292524.41,43.39,14.01,448652.36,15.06
1292524.41,43.39,14.01,448634.81,15.06
1292524.41,43.39,14.01,448617.35,15.06
1292228.61,43.39,14.01,448584.88,15.06
1291929.71,43.4,14.02,448556.49,15.07
1291631.58,43.4,14.02,448587.59,15.07
1291631.58,43.4,14.02,448587.59,15.07
1291634.68,43.4,14.02,448793.92,15.08
1291336.55,43.41,14.03,448845.62,15.09
1291237.11,43.41,14.03,448963.19,15.09
1291509.18,43.42,14.04,449087.62,15.1
1291121.57,43.42,14.04,448705.75,15.09
1291853.2,43.45,14.07,448962.21,15.1
1291745.63,43.46,14.08,448943.44,15.1
1291447.5,43.46,14.08,448916.83,15.11
1291279.0,43.47,14.09,448913.73,15.11
1291279.0,43.47,14.09,448890.94,15.11
1291425.68,43.48,14.1,448660.27,15.11
1291425.68,43.48,14.1,448660.27,15.11
1291671.29,43.49,14.12,448714.73,15.11
1291372.39,43.5,14.12,448664.58,15.11
1291262.49,43.51,14.13,448886.62,15.12
1290890.55,43.5,14.12,448649.25,15.12
1290590.88,43.51,14.13,448736.08,15.13
1290275.79,43.5,14.12,448376.36,15.12
1289977.66,43.51,14.13,449079.55,15.15
1289679.53,43.51,14.13,449042.13,15.15
1289381.4,43.52,14.14,449073.71,15.16
1289085.6,43.52,14.14,448961.19,15.16
1289223.11,43.53,14.15,449146.44,15.17
1289445.6,43.54,14.17,449212.19,15.17
1289997.96,43.58,14.2,449333.32,15.18
1290136.24,43.59,14.21,450353.27,15.22
1290282.92,43.6,14.22,450378.69,15.22
1290282.92,43.6,14.22,450378.69,15.22
1289984.79,43.61,14.23,450353.91,15.22
1289685.89,43.61,14.23,450717.2,15.24
1289685.89,43.61,14.23,450717.2,15.24
1289189.92,43.6,14.22,450939.23,15.25
1289347.31,43.62,14.24,451316.75,15.27
1289047.64,43.62,14.24,451285.98,15.27
1288709.56,43.61,14.23,451022.45,15.26
1288411.43,43.62,14.24,450986.31,15.27
1288086.32,43.62,14.24,451185.31,15.28
1288160.28,43.64,14.26,451589.49,15.3
1287805.48,43.63,14.25,451816.21,15.31
1287507.35,43.64,14.26,451786.83,15.31
1287507.35,43.64,14.26,451786.83,15.31
1287654.03,43.65,14.27,452098.26,15.33
1287037.37,43.66,14.28,452896.74,15.36
1287357.7,43.67,14.29,453200.38,15.37
1287441.25,43.68,14.3,453218.61,15.38
1287686.85,43.7,14.32,453282.6,15.38
1287715.22,43.71,14.33,453640.48,15.4
1287416.32,43.71,14.33,454157.68,15.42
1287054.38,43.71,14.33,453805.49,15.41
1288088.34,43.76,14.38,454182.75,15.43
1287789.44,43.76,14.38,454384.08,15.44
1287789.44,43.76,14.38,454400.05,15.44
1287789.44,43.76,14.38,454400.05,15.44
1287491.31,43.77,14.39,454368.86,15.45
1287195.51,43.77,14.39,454345.28,15.45
1286897.38,43.78,14.39,454385.95,15.46
1287044.06,43.79,14.41,454419.93,15.46
1286745.93,43.79,14.41,454814.01,15.48
1286447.8,43.8,14.42,454779.82,15.48
1286596.8,43.81,14.43,455611.39,15.51
1286596.8,43.81,14.43,455611.39,15.51
1286301.0,43.81,14.43,455593.26,15.52
1286301.0,43.81,14.43,456477.09,15.55
1286002.87,43.82,14.44,456462.27,15.55
1285704.74,43.82,14.44,457387.36,15.59
1285594.85,43.83,14.45,457430.25,15.6
1285832.46,43.84,14.46,457450.78,15.6
1285672.36,43.85,14.47,456771.76,15.58
1285917.97,43.87,14.49,456952.88,15.59
1285947.11,43.88,14.5,458006.55,15.63
1285811.78,43.89,14.51,458033.84,15.63
1285554.13,43.89,14.51,457699.46,15.63
1285554.13,43.89,14.51,457699.46,15.63
1285440.0,43.9,14.52,460358.7,15.72
1285440.0,43.9,14.52,460358.7,15.72
1285330.1,43.91,14.53,460398.17,15.73
1285330.1,43.91,14.53,460398.17,15.73
1285072.44,43.9,14.53,460758.86,15.74
1285495.42,43.93,14.55,461335.51,15.77
1285649.71,43.94,14.56,461878.58,15.79
1285419.24,43.95,14.57,463205.42,15.84
1285445.96,43.95,14.57,464187.12,15.87
1285246.58,43.96,14.58,464167.28,15.88
1284947.67,43.96,14.58,464560.57,15.89
1284647.58,43.96,14.58,464411.76,15.89
1284647.58,43.96,14.58,464411.76,15.89
1284567.64,43.97,14.59,464420.71,15.9
1284252.55,43.96,14.58,464075.45,15.89
1284252.55,43.96,14.58,464075.45,15.89
1284141.88,43.97,14.59,464056.89,15.89
1284031.98,43.98,14.6,464256.77,15.9
1283733.86,43.99,14.6,464232.86,15.91
1283410.29,43.99,14.61,464428.66,15.92
1283086.73,43.99,14.61,464418.8,15.92
1282788.6,44.0,14.62,464398.45,15.93
1282788.6,44.0,14.62,464398.45,15.93
1282489.7,44.0,14.62,464665.26,15.94
1282191.57,44.01,14.63,464658.3,15.95
1281884.92,44.01,14.62,464445.68,15.94
1281884.92,44.01,14.62,464445.68,15.94
1282106.41,44.02,14.64,464386.88,15.94
1281782.08,44.02,14.64,464341.55,15.95
1281483.95,44.03,14.65,464371.28,15.95
1281175.23,44.03,14.65,464325.51,15.96
1281258.34,44.05,14.67,464201.37,15.96
1280962.54,44.06,14.68,464062.64,15.96
1280666.73,44.06,14.68,464041.33,15.96
1280370.93,44.07,14.69,464846.68,16.0
1280526.0,44.08,14.7,464928.31,16.0
1280230.19,44.08,14.7,464907.34,16.01
1280120.3,44.09,14.71,464883.64,16.01
1280120.3,44.09,14.71,464883.64,16.01
1280120.3,44.09,14.71,464858.92,16.01
1279824.5,44.1,14.72,464842.47,16.02
1279971.17,44.11,14.73,464807.6,16.02
1279744.32,44.12,14.74,465532.38,16.05
1279257.02,44.11,14.73,465002.32,16.03
1279146.35,44.12,14.74,464476.04,16.02
1278836.86,44.12,14.75,464406.01,16.02
1278538.74,44.13,14.75,464128.51,16.02
1278401.24,44.13,14.75,463997.33,16.02
1278547.91,44.14,14.76,464051.17,16.02
1278693.04,44.15,14.77,465008.28,16.06
1278693.04,44.15,14.77,465008.28,16.06
1278394.14,44.16,14.78,464958.79,16.06
1278394.14,44.16,14.78,464958.79,16.06
1278252.17,44.15,14.78,464617.19,16.05
1278252.17,44.15,14.78,464617.19,16.05
1278252.17,44.15,14.78,464617.19,16.05
1277954.04,44.16,14.78,464639.99,16.06
1277954.04,44.16,14.78,464624.88,16.06
1277653.97,44.16,14.79,464805.91,16.07
1278540.34,44.2,14.82,465422.19,16.09
1278593.87,44.2,14.82,465680.0,16.1
1278221.93,44.19,14.81,465387.58,16.09
1278027.04,44.19,14.81,465236.42,16.09
1278030.14,44.19,14.81,465170.59,16.08
1278030.14,44.19,14.81,465170.59,16.08
1278030.14,44.19,14.81,465170.59,16.08
1278030.14,44.19,14.81,465102.0,16.08
1277734.33,44.2,14.82,464921.83,16.08
1277622.89,44.21,14.82,465405.6,16.1
1277299.33,44.21,14.83,465424.78,16.11
1277187.88,44.22,14.84,465825.68,16.13
1276898.66,44.22,14.84,465525.38,16.12
1276898.66,44.22,14.84,465497.37,16.12
1276788.77,44.23,14.85,465466.41,16.13
1276788.77,44.23,14.85,465432.73,16.12
1276490.64,44.24,14.86,465399.38,16.13
1276490.64,44.24,14.86,465399.38,16.13
1276173.28,44.24,14.86,465739.15,16.15
1275875.15,44.25,14.87,465704.85,16.15
1276024.15,44.26,14.88,465690.45,16.15
1275959.41,44.26,14.89,465566.63,16.15
1276105.31,44.28,14.9,466076.88,16.17
1276134.45,44.29,14.91,466053.48,16.17
1276134.45,44.29,14.91,466053.48,16.17
1275838.65,44.29,14.91,465892.65,16.17
1275896.75,44.3,14.92,466261.19,16.19
1275598.62,44.3,14.92,466233.18,16.19
1275300.49,44.31,14.93,466290.44,16.2
1275300.49,44.31,14.93,466290.44,16.2
1274992.55,44.31,14.93,466195.91,16.2
1274694.43,44.31,14.94,466195.11,16.21
1274309.62,44.31,14.93,465791.37,16.2
1274202.05,44.32,14.94,465786.93,16.2
1273903.93,44.32,14.94,466259.77,16.22
1273603.83,44.32,14.94,465903.32,16.21
1273450.14,44.32,14.94,467743.81,16.28
1273152.01,44.32,14.94,467713.43,16.28
1273015.91,44.33,14.95,467761.66,16.29
1272717.78,44.34,14.96,467730.77,16.29
1273254.1,44.36,14.98,467492.95,16.29
1273290.13,44.36,14.98,467234.83,16.28
1272991.22,44.36,14.98,467213.25,16.28
1272667.66,44.37,14.99,467190.15,16.29
1272295.72,44.36,14.98,466897.73,16.28
1271834.89,44.36,14.98,466367.81,16.27
1271536.76,44.36,14.98,466331.6,16.27
1271237.09,44.37,14.99,467652.54,16.32
1270968.91,44.37,15.0,467645.38,16.33
1271117.91,44.39,15.01,468018.38,16.34
1271241.03,44.4,15.02,467673.63,16.33
1270942.9,44.41,15.03,467709.21,16.34
1270644.77,44.41,15.03,467741.13,16.35
1270644.77,44.41,15.03,467763.15,16.35
1270644.77,44.41,15.03,467763.15,16.35
1270746.2,44.43,15.05,469248.67,16.41
1272066.87,44.49,15.11,470993.28,16.47
1272066.87,44.49,15.11,470994.45,16.47
1271956.2,44.5,15.12,470043.95,16.44
1271846.31,44.51,15.13,470024.02,16.45
1271546.63,44.51,15.13,471008.68,16.49
1271171.83,44.51,15.13,471304.12,16.5
1271318.5,44.52,15.14,471339.55,16.51
1271020.37,44.53,15.15,471297.28,16.51
1270722.25,44.53,15.15,471256.02,16.51
1270815.19,44.55,15.17,471818.8,16.54
1271434.78,44.58,15.2,471905.57,16.54
1271434.78,44.58,15.2,471905.57,16.54
1271434.78,44.58,15.2,472266.52,16.56
1271136.65,44.58,15.2,472264.72,16.56
1271087.18,44.59,15.21,474044.89,16.63
1270251.81,44.58,15.2,473219.91,16.61
1270251.81,44.58,15.2,473219.91,16.61
1269956.0,44.58,15.2,473218.95,16.61
1270101.13,44.6,15.22,473413.99,16.62
1269876.94,44.59,15.21,473240.01,16.62
1269591.69,44.59,15.21,473030.43,16.61
1269292.79,44.59,15.21,472965.86,16.62
1268996.98,44.6,15.22,473134.92,16.63
1269143.66,44.61,15.23,474001.62,16.66
1268845.53,44.62,15.23,473965.05,16.67
1268872.26,44.62,15.24,474437.89,16.68
1268791.43,44.63,15.25,477195.69,16.79
1268495.63,44.64,15.25,477281.37,16.79
1268199.82,44.64,15.26,477635.83,16.81
1268228.96,44.65,15.27,477729.46,16.82
1268283.35,44.67,15.29,477646.51,16.82
1268430.02,44.68,15.3,477696.09,16.83
1268188.66,44.69,15.31,478519.92,16.86
1267890.53,44.69,15.31,478490.64,16.87
1268010.22,44.71,15.33,479433.04,16.9
1268010.22,44.71,15.33,479411.02,16.9
1267711.32,44.71,15.33,480003.29,16.93
1267711.32,44.71,15.33,480003.29,16.93
1267386.2,44.72,15.34,480337.33,16.95
1267532.88,44.73,15.35,480404.53,16.95
1267532.88,44.73,15.35,480404.53,16.95
1267160.94,44.72,15.34,480169.53,16.95
1268093.28,44.77,15.39,484624.73,17.11
1267749.19,44.77,15.38,484288.51,17.1
1267970.68,44.78,15.4,484287.48,17.1
1267674.88,44.79,15.4,484259.98,17.11
1267892.95,44.79,15.41,486432.21,17.19
1267342.17,44.79,15.41,485591.87,17.16
1267342.17,44.79,15.41,485591.87,17.16
1267046.36,44.79,15.41,486170.38,17.19
1266746.69,44.8,15.42,486379.66,17.2
1266746.69,44.8,15.42,486379.66,17.2
1266448.56,44.8,15.42,485999.4,17.19
1266597.56,44.82,15.43,486597.04,17.22
1265868.44,44.81,15.42,485851.22,17.2
1265596.26,44.81,15.43,486926.02,17.24
1265296.17,44.81,15.43,486690.74,17.24
1264983.48,44.8,15.42,487082.97,17.25
1264685.35,44.81,15.43,487048.63,17.26
1264831.25,44.82,15.44,487604.93,17.28
1264834.96,44.83,15.45,487628.95,17.28
1264536.83,44.84,15.46,487587.3,17.29
1264568.29,44.85,15.47,487565.51,17.29
1264318.58,44.86,15.48,487729.56,17.3
1263883.28,44.85,15.47,487460.38,17.3
1263603.06,44.85,15.47,487609.86,17.31
1263304.16,44.86,15.48,487514.49,17.31
1263006.03,44.86,15.48,487487.49,17.32
1262707.9,44.87,15.49,487542.91,17.32
1262172.54,44.86,15.48,487526.34,17.33
1261980.55,44.87,15.49,487275.95,17.33
1261721.16,44.88,15.5,487460.83,17.34
1261721.16,44.88,15.5,487460.83,17.34
1263564.09,44.96,15.58,488620.43,17.39
1263649.29,44.96,15.58,488762.49,17.39
1263351.16,44.97,15.59,488699.67,17.39
1263055.35,44.97,15.59,488666.29,17.4
1262641.39,44.97,15.59,488194.33,17.39
1262344.12,44.96,15.58,488068.25,17.38
1261825.46,44.96,15.58,487698.19,17.38
1261526.56,44.97,15.58,488483.51,17.41
1261228.43,44.97,15.59,488505.17,17.42
1261513.41,44.98,15.6,488586.33,17.42
1261513.41,44.98,15.6,488586.33,17.42
1261403.52,44.99,15.61,488746.19,17.43
1261403.52,44.99,15.61,488737.36,17.43
1261311.83,45.0,15.62,488471.33,17.43
1260865.15,45.0,15.61,487957.84,17.41
1260567.02,45.0,15.62,487935.3,17.42
1260567.02,45.0,15.62,487935.3,17.42
1260713.7,45.01,15.63,487640.03,17.41
1260890.33,45.03,15.65,487644.32,17.41
1260581.61,45.03,15.65,487369.09,17.41
1260581.61,45.03,15.65,487369.09,17.41
1261336.29,45.08,15.69,489854.63,17.51
1261336.29,45.08,15.69,489885.3,17.51
1261485.29,45.09,15.71,490115.21,17.52
1261485.29,45.09,15.71,490399.05,17.53
1261485.29,45.09,15.71,490399.05,17.53
1261631.97,45.1,15.72,490338.67,17.53
1261260.03,45.1,15.71,489972.84,17.52
1261179.2,45.11,15.73,491763.26,17.59
1258824.13,45.15,15.77,491712.73,17.64
1258509.04,45.15,15.77,491368.82,17.63
1258213.24,45.16,15.77,491353.44,17.63
1258213.24,45.16,15.77,491352.05,17.63
1257915.11,45.16,15.78,491319.65,17.64
1257915.11,45.16,15.78,491319.65,17.64
1257807.54,45.17,15.79,491306.06,17.64
1257509.41,45.18,15.79,491283.39,17.65
1257509.41,45.18,15.79,491270.0,17.65
1257185.85,45.18,15.8,491301.3,17.66
1257214.99,45.19,15.81,491257.65,17.66
1257214.99,45.19,15.81,491257.65,17.66
1256920.74,45.2,15.81,491165.89,17.66
1257168.67,45.21,15.83,491353.32,17.67
1257172.54,45.21,15.83,491831.84,17.69
1256874.41,45.22,15.83,491810.33,17.69
1256874.41,45.22,15.83,491788.32,17.69
1256764.52,45.23,15.84,491741.8,17.7
1256465.62,45.23,15.85,492118.88,17.72
1256790.41,45.25,15.86,492434.66,17.73
1256790.41,45.25,15.86,492435.9,17.73
1256937.09,45.26,15.88,492270.35,17.73
1257340.32,45.27,15.89,492669.3,17.74
1257657.89,45.29,15.91,492771.35,17.75
1258715.09,45.34,15.96,493580.82,17.78
1258416.96,45.35,15.97,494197.39,17.81
1258416.96,45.35,15.97,494149.73,17.81
1258081.27,45.35,15.96,493523.58,17.79
1258081.27,45.35,15.96,493523.58,17.79
1257783.14,45.35,15.97,493498.88,17.79
1257484.24,45.36,15.97,493404.51,17.8
1257186.11,45.36,15.98,493416.24,17.8
1257332.79,45.38,15.99,493445.48,17.81
1256838.81,45.37,15.99,493458.58,17.81
1256728.91,45.38,15.99,493429.38,17.82
1256728.91,45.38,15.99,493429.38,17.82
1256910.45,45.39,16.01,493284.74,17.81
1256612.32,45.4,16.01,494031.23,17.85
1256331.24,45.4,16.02,494147.96,17.86
1256219.79,45.41,16.03,494709.89,17.88
1256112.22,45.42,16.04,494690.81,17.89
1255979.22,45.43,16.05,494686.52,17.89
1255594.41,45.42,16.04,494369.06,17.89
1255486.84,45.43,16.05,494625.92,17.9
1255188.72,45.44,16.06,494873.2,17.92
1255343.78,45.45,16.07,494850.44,17.92
1255029.75,45.45,16.07,495772.48,17.95
1255029.75,45.45,16.07,495683.71,17.95
1255137.82,45.45,16.07,496390.96,17.98
1255284.49,45.47,16.08,496359.76,17.98
1254986.37,45.47,16.09,496329.8,17.98
1254690.56,45.48,16.1,497274.37,18.02
1254389.79,45.47,16.09,496896.06,18.01
1254145.43,45.48,16.1,497128.99,18.03
1254720.6,45.52,16.14,496990.7,18.03
1254610.7,45.53,16.15,497308.64,18.05
1254302.76,45.53,16.15,498757.31,18.11
1254003.86,45.54,16.16,499014.88,18.12
1254003.86,45.54,16.16,499686.23,18.15
1253704.96,45.55,16.16,499109.55,18.13
1253406.83,45.55,16.17,499139.22,18.14
1253108.7,45.56,16.18,499167.38,18.15
1252809.8,45.56,16.18,499134.47,18.15
1252809.8,45.56,16.18,499134.47,18.15
1252809.8,45.56,16.18,499134.47,18.15
1252437.86,45.56,16.17,498773.41,18.14
1252437.86,45.56,16.17,498773.41,18.14
1252327.97,45.57,16.18,498764.69,18.15
1252032.17,45.57,16.19,498745.69,18.15
1251734.04,45.58,16.2,498734.3,18.16
1251435.91,45.58,16.2,498707.32,18.17
1251063.97,45.58,16.19,498438.97,18.16
1251063.97,45.58,16.19,499019.32,18.18
1251219.56,45.59,16.21,498980.4,18.18
1250921.43,45.6,16.21,498840.71,18.18
1250810.76,45.61,16.22,498750.29,18.19
1250502.04,45.61,16.23,498499.42,18.18
1250502.04,45.61,16.23,498499.42,18.18
1250502.04,45.61,16.23,498477.4,18.18
1250192.55,45.62,16.23,498636.86,18.19
1250192.55,45.62,16.23,498673.19,18.2
1250192.55,45.62,16.23,498673.19,18.2
1250192.55,45.62,16.23,498673.19,18.2
1250192.55,45.62,16.23,498675.63,18.2
1250348.14,45.63,16.25,498717.87,18.2
1250238.24,45.64,16.26,498685.3,18.2
1250238.24,45.64,16.26,498685.3,18.2
1250462.96,45.65,16.27,500642.46,18.28
1250600.55,45.66,16.28,500333.27,18.27
1250304.74,45.67,16.29,501001.48,18.3
1249989.8,45.67,16.28,501002.76,18.3
1249989.8,45.67,16.28,500972.46,18.3
1250431.17,45.68,16.3,502882.6,18.37
1250431.17,45.68,16.3,502882.6,18.37
1250321.28,45.69,16.31,502876.95,18.38
1250566.89,45.71,16.32,502878.02,18.38
1250688.13,45.72,16.34,502870.83,18.38
1249497.17,45.74,16.36,502791.3,18.41
1249199.04,45.75,16.37,502971.8,18.42
1249225.77,45.75,16.37,504366.06,18.47
1248926.09,45.76,16.37,504440.34,18.48
1248926.09,45.76,16.37,504426.91,18.48
1248820.07,45.77,16.38,503564.35,18.45
1248820.07,45.77,16.38,503564.35,18.45
1249065.68,45.78,16.4,503606.12,18.46
1249173.75,45.78,16.4,504038.11,18.47
1249173.75,45.78,16.4,504038.11,18.47
1249015.12,45.78,16.4,503879.75,18.47
1249343.01,45.8,16.41,503848.91,18.47
1248792.23,45.79,16.41,503265.28,18.45
1248511.14,45.8,16.41,504026.65,18.49
1248514.07,45.81,16.43,504235.65,18.5
1248690.7,45.82,16.44,504240.5,18.5
1248690.7,45.82,16.44,504285.03,18.51
1248811.94,45.83,16.45,504286.97,18.51
1249870.65,45.88,16.5,505514.1,18.56
1249870.65,45.88,16.5,505514.1,18.56
1251208.81,45.94,16.56,505779.46,18.57
1250901.0,45.95,16.57,504970.01,18.55
1250901.0,45.95,16.57,504940.33,18.55
1250817.05,45.96,16.58,504138.83,18.52
1250707.16,45.97,16.59,504119.32,18.53
1250955.45,45.98,16.6,506843.94,18.63
1250583.51,45.97,16.59,506551.52,18.62
1250475.94,45.98,16.6,506527.22,18.63
1250475.94,45.98,16.6,506563.82,18.63
1250850.64,46.01,16.63,506702.37,18.64
1250552.51,46.02,16.63,506679.77,18.64
1250254.38,46.02,16.64,506652.34,18.65
1249955.48,46.03,16.65,506274.22,18.64
1249657.35,46.03,16.65,506247.96,18.65
1249657.35,46.03,16.65,506247.96,18.65
1249657.35,46.03,16.65,506247.96,18.65
1249905.69,46.06,16.68,506041.13,18.65
1249607.56,46.07,16.68,505999.59,18.65
1249284.0,46.07,16.69,506527.96,18.68
1249284.0,46.07,16.69,506527.96,18.68
1248784.56,46.07,16.69,505703.02,18.66
1249146.99,46.09,16.71,505775.53,18.66
1248851.18,46.1,16.71,506249.31,18.69
1248851.18,46.1,16.71,506249.31,18.69
1248854.89,46.11,16.73,507397.19,18.73
1248556.76,46.11,16.73,507375.28,18.74
1248556.76,46.11,16.73,507375.28,18.74
1248802.37,46.13,16.75,507359.75,18.74
1248506.57,46.13,16.75,507337.18,18.75
1248386.99,46.14,16.76,506686.24,18.73
1248429.66,46.14,16.76,506564.57,18.72
1248192.9,46.14,16.76,506530.04,18.72
1248057.57,46.15,16.77,506512.84,18.73
1247757.9,46.16,16.78,506385.24,18.73
1247494.53,46.16,16.78,505654.8,18.71
1247643.53,46.17,16.79,505629.94,18.71
1247347.73,46.18,16.8,505626.21,18.72
1247053.13,46.17,16.79,505342.99,18.71
1247208.19,46.19,16.81,505366.85,18.72
1247430.69,46.2,16.82,505425.54,18.72
1247577.37,46.21,16.83,505403.13,18.72
1247469.8,46.22,16.84,505390.03,18.73
1247171.67,46.23,16.85,505471.26,18.74
1247038.66,46.24,16.86,505506.17,18.74
1246740.54,46.25,16.87,505481.95,18.75
1246966.62,46.26,16.88,505073.42,18.74
1246670.81,46.27,16.89,505042.4,18.74
1246371.91,46.27,16.9,505030.84,18.75
1246654.57,46.29,16.91,504828.13,18.74
1246356.44,46.29,16.91,504803.41,18.75
1246032.1,46.3,16.92,504915.07,18.76
1246032.1,46.3,16.92,504915.07,18.76
1246032.1,46.3,16.92,504915.07,18.76
1245736.3,46.31,16.93,504896.1,18.77
1245808.35,46.31,16.93,506154.49,18.81
1245717.6,46.31,16.93,506188.5,18.82
1245483.64,46.32,16.94,506020.07,18.82
1245183.97,46.32,16.94,505968.16,18.82
1245074.07,46.33,16.95,505951.01,18.83
1244778.27,46.34,16.96,505981.11,18.84
1244668.38,46.35,16.97,505969.31,18.84
1245374.98,46.37,17.0,506518.28,18.86
1245374.98,46.37,17.0,506495.99,18.86
1245265.09,46.38,17.01,506446.81,18.86
1244966.96,46.39,17.01,506439.28,18.87
1244668.83,46.4,17.02,506418.37,18.88
1246978.71,46.5,17.12,507195.62,18.91
1246680.58,46.51,17.13,507190.72,18.92
1246166.84,46.5,17.12,506466.83,18.9
1246195.99,46.51,17.13,506474.39,18.9
1247083.7,46.55,17.17,506438.75,18.9
1246973.81,46.56,17.18,506482.11,18.91
1246973.81,46.56,17.18,506482.11,18.91
1246675.68,46.57,17.19,506474.84,18.92
1247227.4,46.6,17.23,508648.59,19.01
1246609.25,46.6,17.22,508146.92,18.99
1246640.71,46.61,17.23,508435.83,19.01
1246342.59,46.62,17.24,508404.57,19.02
1245828.85,46.61,17.23,508369.34,19.02
1245828.85,46.61,17.23,508369.34,19.02
1245530.72,46.61,17.24,508367.01,19.03
1245530.72,46.61,17.24,508367.01,19.03
1245231.82,46.62,17.24,508645.61,19.04
1245231.82,46.62,17.24,508624.26,19.04
1245231.82,46.62,17.24,508597.62,19.04
1245331.27,46.64,17.26,509995.24,19.1
1245358.86,46.65,17.28,511125.97,19.15
1245050.92,46.66,17.28,511099.16,19.15
1244787.65,46.67,17.29,510280.14,19.13
1244513.54,46.67,17.3,510439.56,19.14
1245205.84,46.71,17.33,510815.37,19.16
1245205.84,46.71,17.33,510880.09,19.16
1244496.3,46.7,17.33,510389.43,19.15
1244496.3,46.7,17.33,510389.43,19.15
1244273.09,46.7,17.32,510282.09,19.15
1243885.49,46.7,17.33,509901.51,19.14
1243577.68,46.71,17.33,509855.85,19.15
1243739.85,46.72,17.35,509843.78,19.15
1243886.52,46.74,17.36,510766.34,19.19
1243588.39,46.74,17.37,510741.02,19.2
1243588.39,46.74,17.37,510741.02,19.2
1243289.49,46.75,17.37,510678.39,19.2
1243289.49,46.75,17.37,511103.61,19.22
1243437.67,46.77,17.4,510916.38,19.22
1243141.86,46.78,17.4,510912.1,19.23
1242842.96,46.79,17.41,511465.0,19.25
1242700.99,46.78,17.41,511288.96,19.25
1242325.14,46.78,17.4,510724.04,19.23
1242325.14,46.78,17.4,510724.04,19.23
1242377.56,46.8,17.42,511332.65,19.26
1242054.0,46.8,17.43,511242.15,19.27
1241755.1,46.81,17.43,510953.0,19.26
1241456.97,46.82,17.44,510853.45,19.27
1241456.97,46.82,17.44,510877.91,19.27
1241158.84,46.82,17.45,510855.87,19.27
1240860.71,46.83,17.45,511664.31,19.31
1240899.45,46.83,17.45,514755.73,19.43
1240575.89,46.84,17.46,514731.24,19.43
1240276.98,46.84,17.47,515275.97,19.46
1239978.85,46.85,17.47,514990.56,19.46
1239978.85,46.85,17.47,514990.56,19.46
1239683.05,46.86,17.48,514947.98,19.46
1239388.02,46.86,17.49,514896.35,19.47
1239089.89,46.87,17.49,514871.63,19.48
1238981.66,46.87,17.49,514893.32,19.48
1238874.09,46.88,17.5,514880.53,19.48
1238392.81,46.87,17.49,514390.76,19.47
1238282.91,46.88,17.5,514364.04,19.47
1237987.11,46.89,17.51,514299.21,19.48
1238249.76,46.9,17.52,513623.33,19.46
1238541.9,46.92,17.54,514187.69,19.48
1238541.9,46.92,17.54,514187.69,19.48
1238432.0,46.93,17.55,514266.88,19.49
1238432.0,46.93,17.55,514266.88,19.49
1238432.0,46.93,17.55,514266.88,19.49
1238136.2,46.94,17.56,514025.92,19.49
1237838.07,46.94,17.56,514872.9,19.53
1237539.94,46.95,17.57,514848.31,19.53
1237539.94,46.95,17.57,514848.31,19.53
1237539.94,46.95,17.57,514870.59,19.53
1237539.94,46.95,17.57,514855.75,19.53
1237539.94,46.95,17.57,514855.75,19.53
1237338.53,46.95,17.57,514256.81,19.51
1237040.4,46.95,17.57,514272.1,19.52
1237040.4,46.95,17.57,514233.49,19.52
1237187.08,46.97,17.59,514222.57,19.52
1236891.28,46.97,17.59,514194.99,19.53
1237128.89,46.99,17.61,514619.98,19.55
1236830.76,46.99,17.62,514607.38,19.55
1236720.09,47.01,17.63,514581.29,19.56
1236720.09,47.01,17.63,514581.29,19.56
1236421.96,47.01,17.63,514711.71,19.57
1236336.88,47.03,17.65,517044.43,19.67
1236457.66,47.04,17.66,517150.37,19.67
1236159.54,47.05,17.67,516900.93,19.67
1236281.6,47.06,17.68,517127.38,19.69
1236100.45,47.07,17.69,516621.79,19.67
1235802.32,47.08,17.7,516590.86,19.68
1235830.69,47.09,17.71,516471.54,19.68
1235532.56,47.1,17.72,516475.83,19.69
1235087.81,47.1,17.72,515419.09,19.65
1234774.82,47.1,17.72,515371.94,19.66
1234774.82,47.1,17.72,515371.94,19.66
1234921.49,47.11,17.74,515408.29,19.66
1234921.49,47.11,17.74,515408.29,19.66
1234811.6,47.13,17.75,515378.34,19.67
1234551.95,47.13,17.76,515158.84,19.67
1234253.82,47.14,17.76,515132.97,19.67
1233955.69,47.15,17.77,515195.81,19.68
1233739.5,47.14,17.76,515010.32,19.68
1233440.59,47.15,17.77,515373.8,19.7
1233725.58,47.16,17.78,515362.63,19.7
1233971.19,47.18,17.8,515792.22,19.72
1234850.42,47.23,17.85,515787.09,19.73
1234971.21,47.24,17.87,515722.0,19.73
1235219.14,47.26,17.88,515779.06,19.73
1235219.14,47.26,17.88,515779.06,19.73
1234919.47,47.27,17.89,515934.29,19.75
1234919.47,47.27,17.89,515918.9,19.75
1234761.42,47.26,17.88,515764.63,19.74
1234607.67,47.26,17.88,515755.78,19.74
1234309.54,47.27,17.89,515771.07,19.75
1234011.41,47.27,17.9,516038.39,19.77
1233863.94,47.28,17.91,516024.84,19.77
1233561.28,47.28,17.9,515854.95,19.77
1233293.11,47.29,17.91,515856.61,19.78
1233182.44,47.3,17.92,515937.13,19.79
1232884.32,47.31,17.93,515943.85,19.8
1232884.32,47.31,17.93,515972.8,19.8
1233030.99,47.32,17.94,515951.05,19.8
1232732.86,47.33,17.95,515981.05,19.81
1232732.86,47.33,17.95,515981.05,19.81
1232437.06,47.33,17.95,515815.07,19.81
1232141.26,47.34,17.96,515875.43,19.82
1232141.26,47.34,17.96,516133.35,19.83
1232031.36,47.35,17.97,516112.26,19.84
1231917.08,47.36,17.98,515718.66,19.83
1232066.08,47.37,18.0,515850.88,19.84
1232310.91,47.39,18.01,516050.86,19.85
1232628.48,47.41,18.03,516802.76,19.88
1232285.17,47.41,18.03,516508.52,19.87
1231995.95,47.42,18.04,516391.14,19.88
1231714.86,47.43,18.05,516479.4,19.89
1231604.19,47.44,18.06,516355.1,19.89
1231306.07,47.44,18.06,516321.86,19.89
1231010.26,47.45,18.07,515470.05,19.87
1230875.45,47.46,18.08,516510.25,19.92
1230579.64,47.47,18.09,516499.86,19.92
1230647.34,47.48,18.1,517733.54,19.98
1230647.34,47.48,18.1,517733.54,19.98
1230647.34,47.48,18.1,517733.54,19.98
1230349.21,47.49,18.11,517826.43,19.99
1230053.41,47.5,18.12,517820.05,19.99
1230161.08,47.51,18.13,519479.71,20.06
1229862.95,47.52,18.14,519395.85,20.07
1229753.05,47.53,18.15,519297.27,20.07
1229454.93,47.54,18.16,519230.07,20.08
1229600.45,47.56,18.18,520491.87,20.13
1229343.2,47.57,18.19,521247.29,20.17
1229045.08,47.57,18.2,520948.06,20.17
1228746.95,47.58,18.2,521055.9,20.18
1228895.95,47.6,18.22,520987.03,20.18
1229140.78,47.61,18.23,521268.63,20.19
1229388.72,47.63,18.25,521338.66,20.2
1229898.32,47.66,18.28,521670.62,20.21
1229806.63,47.67,18.29,521016.58,20.19
1229507.73,47.67,18.3,520993.97,20.2
1229243.24,47.68,18.3,520401.09,20.18
1229243.24,47.68,18.3,520431.54,20.19
1228907.55,47.67,18.3,520716.63,20.2
1229160.65,47.69,18.31,520758.37,20.2
1230067.29,47.73,18.35,521722.03,20.24
1229923.24,47.72,18.35,522028.03,20.26
1229625.11,47.73,18.35,522033.66,20.26
1229656.58,47.74,18.37,522554.56,20.29
1231079.09,47.8,18.42,525835.25,20.42
1231224.99,47.81,18.44,526854.41,20.46
1230926.86,47.82,18.44,526879.88,20.47
1231648.12,47.85,18.47,529142.43,20.56
1234206.66,47.95,18.57,532911.48,20.7
1234206.66,47.95,18.57,532911.48,20.7
1233908.53,47.96,18.58,532898.05,20.71
1233821.5,47.95,18.58,532841.28,20.71
1233711.6,47.96,18.59,532909.88,20.72
1233601.71,47.98,18.6,532886.72,20.72
1233303.58,47.98,18.6,532859.58,20.73
1233303.58,47.98,18.6,532859.58,20.73
1232112.62,48.01,18.63,533137.08,20.77
1231831.52,48.02,18.64,532460.22,20.75
1231977.42,48.03,18.65,532942.56,20.78
1231977.42,48.03,18.65,532942.56,20.78
1231687.54,48.02,18.65,532614.69,20.77
1232012.33,48.04,18.66,532956.65,20.78
1231723.1,48.05,18.67,533653.98,20.82
1231723.1,48.05,18.67,533696.93,20.82
1232459.98,48.1,18.72,536534.09,20.94
1232164.18,48.1,18.73,537273.58,20.97
1231864.12,48.11,18.73,537223.87,20.98
1231482.41,48.1,18.73,538473.18,21.03
1231193.19,48.11,18.73,537977.21,21.02
1230869.63,48.12,18.74,537953.34,21.03
1230193.71,48.11,18.73,537234.92,21.01
1230193.71,48.11,18.73,537211.53,21.01
1230193.71,48.11,18.73,537150.41,21.01
1229870.15,48.12,18.74,537102.08,21.01
1229870.15,48.12,18.74,537126.41,21.01
1229572.02,48.12,18.75,537232.9,21.03
1229055.3,48.12,18.74,536742.56,21.01
1229055.3,48.12,18.74,536312.93,21.0
1229055.3,48.12,18.74,536312.93,21.0
1228730.96,48.12,18.75,536568.41,21.02
1228540.13,48.14,18.76,536699.78,21.03
1228543.66,48.14,18.76,536712.93,21.03
1228543.66,48.14,18.76,536712.93,21.03
1228543.66,48.14,18.76,536712.93,21.03
1228670.38,48.16,18.79,536793.96,21.04
1228670.38,48.16,18.79,536861.27,21.04
1228381.16,48.17,18.79,537081.29,21.06
1228083.03,48.17,18.8,537123.81,21.07
1227784.9,48.18,18.81,536476.71,21.05
1227486.0,48.19,18.82,537170.41,21.09
1227486.0,48.19,18.82,537170.41,21.09
1227561.9,48.21,18.83,536631.0,21.07
1227335.69,48.22,18.84,536544.89,21.08
1226919.36,48.21,18.84,536113.47,21.07
1226628.17,48.2,18.83,535832.44,21.06
1226330.04,48.21,18.84,536153.12,21.08
1226330.04,48.21,18.84,536635.8,21.1
1226031.91,48.22,18.84,537340.74,21.13
1225736.11,48.23,18.85,537668.11,21.15
1225736.11,48.23,18.85,537668.11,21.15
1226060.91,48.24,18.87,538110.26,21.17
1225762.78,48.25,18.88,538898.28,21.21
1226813.26,48.29,18.92,540850.5,21.29
1226813.26,48.29,18.92,540850.5,21.29
1226959.94,48.31,18.93,540815.65,21.29
1226959.94,48.31,18.93,540815.65,21.29
1226959.94,48.31,18.93,540815.65,21.29
1226636.37,48.31,18.94,540746.64,21.3
1226264.44,48.31,18.93,540454.22,21.29
1226547.09,48.32,18.95,541166.87,21.32
1226248.19,48.33,18.95,541831.33,21.35
1226136.75,48.34,18.96,542422.52,21.38
1226165.12,48.35,18.98,542414.94,21.39
1225789.22,48.35,18.97,542948.67,21.41
1225789.22,48.35,18.97,542967.2,21.42
1225491.09,48.35,18.98,542950.08,21.42
1225192.97,48.36,18.99,543028.25,21.43
1224885.03,48.37,18.99,543208.83,21.45
1224559.91,48.38,19.0,543403.01,21.47
1224589.05,48.39,19.01,543652.71,21.48
1224290.93,48.4,19.02,543607.87,21.49
1223992.8,48.4,19.03,543563.57,21.5
1223905.18,48.4,19.03,543657.98,21.5
1223905.18,48.4,19.03,543635.97,21.5
1223934.33,48.42,19.04,543606.17,21.5
1223636.2,48.43,19.05,543648.58,21.51
1223355.11,48.43,19.06,543503.05,21.52
1223056.21,48.44,19.07,543934.55,21.54
1222758.08,48.45,19.07,543672.82,21.54
1222459.95,48.46,19.08,543638.35,21.55
1222350.06,48.47,19.09,543627.81,21.56
1222054.26,48.47,19.1,543562.77,21.56
1221758.45,48.48,19.11,543554.93,21.57
1221460.33,48.49,19.12,543741.24,21.59
1221160.65,48.5,19.12,543765.77,21.59
1221160.65,48.5,19.12,543765.77,21.59
1221160.65,48.5,19.12,543765.77,21.59
1220862.52,48.5,19.13,543735.44,21.6
1220862.52,48.5,19.13,543715.73,21.6
1220564.39,48.51,19.14,543699.17,21.61
1220454.5,48.52,19.15,544698.62,21.66
1220362.81,48.53,19.16,544947.87,21.67
1220362.81,48.53,19.16,544925.77,21.67
1220362.81,48.53,19.16,544908.25,21.67
1220062.74,48.54,19.17,546074.98,21.73
1220720.85,48.58,19.21,545275.85,21.7
1220422.72,48.59,19.21,545242.88,21.71
1220668.33,48.6,19.23,545206.32,21.71
1221441.21,48.65,19.28,548254.96,21.84
1221441.21,48.65,19.28,548254.96,21.84
1221470.35,48.67,19.29,548329.63,21.85
1221470.35,48.67,19.29,549038.24,21.87
1221171.45,48.67,19.3,549493.92,21.9
1220875.65,48.68,19.31,549625.09,21.92
1220883.68,48.7,19.33,550704.9,21.97
1221030.35,48.72,19.34,550695.7,21.97
1220734.55,48.72,19.35,551468.98,22.01
1220624.65,48.73,19.36,552333.48,22.05
1220326.53,48.74,19.37,552434.85,22.07
1220037.31,48.75,19.38,552311.27,22.07
1220037.31,48.75,19.38,552286.08,22.07
1219739.18,48.76,19.39,552385.15,22.08
1219739.18,48.76,19.39,552385.15,22.08
1219441.05,48.77,19.39,552416.67,22.09
1219141.37,48.77,19.4,552733.11,22.11
1218843.25,48.78,19.41,552577.81,22.12
1218903.81,48.8,19.42,553996.85,22.18
1218604.91,48.8,19.43,553804.95,22.18
1218296.97,48.81,19.44,553637.77,22.18
1218314.78,48.81,19.44,553946.33,22.19
1218078.32,48.81,19.44,553803.96,22.19
1217564.58,48.8,19.43,554050.58,22.21
1217810.19,48.82,19.44,554440.93,22.22
1217810.19,48.82,19.44,554440.93,22.22
1217511.29,48.82,19.45,555038.9,22.26
1217217.04,48.83,19.46,555182.5,22.27
1217217.04,48.83,19.46,555182.5,22.27
1217246.18,48.85,19.47,555345.72,22.28
1217246.18,48.85,19.47,555345.72,22.28
1217246.18,48.85,19.47,555327.25,22.28
1217249.28,48.85,19.47,555467.7,22.29
1216951.15,48.85,19.48,555422.05,22.3
1217100.15,48.87,19.5,555820.77,22.32
1216800.47,48.88,19.5,555961.98,22.33
1216407.35,48.87,19.5,555670.05,22.32
1216530.91,48.89,19.51,555648.25,22.33
1216530.91,48.89,19.51,555648.25,22.33
1216530.91,48.89,19.51,555648.25,22.33
1216530.91,48.89,19.51,555622.96,22.33
1216530.91,48.89,19.51,555622.96,22.33
1216235.11,48.89,19.52,555460.17,22.33
1216493.07,48.91,19.53,555916.3,22.35
1216493.07,48.91,19.53,555916.3,22.35
1216522.21,48.92,19.55,556443.82,22.38
1216522.21,48.92,19.55,556443.82,22.38
1216367.15,48.92,19.54,556012.33,22.36
1216121.7,48.93,19.55,556082.58,22.37
1216011.8,48.94,19.57,556041.67,22.38
1215706.19,48.95,19.57,556019.35,22.39
1215859.71,48.96,19.59,556479.92,22.41
1215859.71,48.96,19.59,556457.63,22.41
1215578.62,48.97,19.6,556936.33,22.44
1215255.06,48.98,19.61,556964.76,22.45
1214933.82,48.98,19.61,556946.3,22.45
1214638.01,48.99,19.62,556924.17,22.46
1214339.89,49.0,19.63,557245.42,22.49
1214339.89,49.0,19.63,557245.42,22.49
1214041.76,49.01,19.64,557423.58,22.5
1213745.95,49.01,19.64,557422.14,22.51
1213638.63,49.01,19.64,558078.58,22.54
1213315.07,49.02,19.65,558053.96,22.55
1213016.94,49.03,19.66,558013.26,22.55
1213016.94,49.03,19.66,558013.26,22.55
1213016.94,49.03,19.66,558013.26,22.55
1213016.94,49.03,19.66,558013.26,22.55
1212721.13,49.04,19.67,557993.31,22.56
1212425.33,49.04,19.67,557953.45,22.57
1212127.2,49.05,19.68,558341.21,22.59
1212019.63,49.06,19.69,558400.41,22.6
1212019.63,49.06,19.69,558400.41,22.6
1211723.9,49.06,19.69,558115.96,22.6
1211565.67,49.05,19.69,557960.79,22.59
1211193.73,49.05,19.68,557599.37,22.58
1211083.83,49.06,19.69,557576.21,22.59
1210783.74,49.06,19.69,557196.48,22.58
1210578.87,49.05,19.68,557024.6,22.57
1210206.93,49.05,19.67,556816.72,22.57
1209908.81,49.06,19.68,556747.49,22.57
1211511.89,49.12,19.75,561255.2,22.76
1211757.5,49.14,19.76,562102.61,22.79
1211459.37,49.15,19.77,562021.38,22.8
1211407.05,49.15,19.78,562310.07,22.81
1211108.15,49.16,19.78,562253.45,22.82
1212277.52,49.21,19.84,563694.48,22.88
1212671.18,49.23,19.86,565389.58,22.95
1212671.18,49.23,19.86,565389.58,22.95
1212671.18,49.23,19.86,565389.58,22.95
1212560.51,49.25,19.87,565338.28,22.96
1212336.32,49.24,19.87,565098.5,22.95
1212336.32,49.24,19.87,565098.5,22.95
1212336.32,49.24,19.87,565098.5,22.95
1212480.42,49.25,19.87,565264.8,22.96
1212182.29,49.26,19.88,565710.99,22.99
1212182.29,49.26,19.88,565710.99,22.99
1211886.49,49.27,19.89,565710.42,23.0
1212337.37,49.3,19.93,565778.13,23.01
1212337.37,49.3,19.93,565778.13,23.01
1212039.24,49.31,19.94,566050.02,23.03
1211832.13,49.31,19.93,566021.21,23.03
1211448.42,49.31,19.94,565386.25,23.01
1211150.29,49.32,19.94,565356.45,23.02
1211150.29,49.32,19.94,565356.45,23.02
1210778.35,49.31,19.94,565064.03,23.01
1210480.23,49.32,19.94,565060.97,23.02
1210155.11,49.33,19.95,565578.78,23.05
1209856.99,49.34,19.96,565598.07,23.06
1209558.86,49.34,19.97,565831.74,23.08
1209260.73,49.35,19.98,565827.41,23.09
1209260.73,49.35,19.98,565827.41,23.09
1209150.06,49.36,19.99,565641.44,23.09
1209040.17,49.37,20.0,565633.53,23.1
1208741.26,49.38,20.01,565714.08,23.11
1208670.15,49.4,20.02,566635.14,23.16
1208380.93,49.41,20.03,566673.07,23.17
1207996.13,49.4,20.03,566686.64,23.18
1207700.33,49.41,20.04,566648.89,23.18
1207700.33,49.41,20.04,566685.41,23.18
1207368.81,49.41,20.03,566669.59,23.19
1207073.01,49.41,20.04,566650.65,23.2
1206777.2,49.42,20.05,566914.84,23.22
1206479.08,49.43,20.06,566952.14,23.23
1206479.08,49.43,20.06,566952.14,23.23
1206479.08,49.43,20.06,566952.14,23.23
1206183.27,49.44,20.06,566995.58,23.24
1206075.7,49.45,20.08,567112.31,23.25
1206075.7,49.45,20.08,567112.31,23.25
1206225.48,49.47,20.09,568732.43,23.32
1205926.57,49.47,20.1,568974.25,23.34
1205534.05,49.47,20.1,568273.61,23.32
1205235.92,49.48,20.11,568269.51,23.33
1205235.92,49.48,20.11,568269.51,23.33
1205408.14,49.5,20.12,568202.71,23.33
1205557.14,49.51,20.14,568175.82,23.33
1205108.75,49.51,20.13,567411.25,23.31
1205112.62,49.51,20.13,567580.79,23.32
1204776.92,49.52,20.14,568401.6,23.36
1204477.24,49.52,20.15,568311.18,23.37
1204477.24,49.52,20.15,568343.16,23.37
1204623.92,49.54,20.16,568360.99,23.37
1204623.92,49.54,20.16,568360.99,23.37
1204324.24,49.55,20.17,569157.47,23.42
1205390.3,49.61,20.24,570871.27,23.5
1205007.11,49.61,20.23,570418.54,23.48
1204707.43,49.61,20.24,571044.17,23.52
1204853.33,49.63,20.25,571485.99,23.54
1204481.39,49.62,20.25,571123.65,23.53
1204254.54,49.63,20.26,571575.69,23.56
1203956.41,49.64,20.27,571578.58,23.57
1203631.3,49.65,20.27,572006.32,23.6
1203876.91,49.67,20.29,572054.79,23.6
1204235.62,49.68,20.31,572121.02,23.6
1204390.69,49.7,20.32,572176.95,23.61
1203897.85,49.69,20.31,571727.89,23.6
1204046.85,49.71,20.33,571849.63,23.61
1204213.01,49.73,20.35,571472.89,23.6
1204433.73,49.74,20.37,572555.93,23.65
1204137.93,49.75,20.37,572463.36,23.65
1203842.12,49.76,20.38,572413.79,23.66
1203997.19,49.78,20.4,572378.88,23.66
1204116.88,49.79,20.41,572984.34,23.69
1204116.88,49.79,20.41,572984.34,23.69
1203869.47,49.8,20.42,572922.39,23.7
1203406.3,49.79,20.42,572437.54,23.69
1203552.2,49.81,20.43,573219.73,23.72
1203707.79,49.83,20.45,573416.58,23.74
1203707.79,49.83,20.45,573416.58,23.74
1203411.98,49.83,20.46,574613.75,23.79
1203176.81,49.83,20.45,574662.81,23.8
1203066.92,49.84,20.47,574659.34,23.81
1203425.64,49.86,20.48,574664.96,23.81
1204408.08,49.92,20.54,575254.81,23.84
1204109.95,49.93,20.55,575935.27,23.88
1203814.14,49.94,20.56,575935.18,23.89
1203219.44,49.95,20.58,575670.21,23.9
1202839.28,49.95,20.57,575814.78,23.91
1202211.52,49.94,20.57,575061.74,23.89
1201668.52,49.94,20.56,574868.99,23.89
1201630.29,49.95,20.58,576609.66,23.97
1201630.29,49.95,20.58,576609.66,23.97
1201519.62,49.96,20.59,576759.23,23.98
1201223.82,49.97,20.6,576716.45,23.99
1201223.82,49.97,20.6,576739.58,23.99
1201223.82,49.97,20.6,576739.58,23.99
1201223.82,49.97,20.6,576739.58,23.99
1200925.69,49.98,20.61,576717.53,24.0
1200957.15,50.0,20.62,576976.74,24.02
1201274.73,50.01,20.64,577473.89,24.04
1200975.05,50.02,20.65,578081.3,24.08
1200980.47,50.02,20.65,580540.19,24.18
1200768.17,50.02,20.64,580334.03,24.17
1200658.27,50.03,20.65,580349.15,24.18
1200349.68,50.04,20.66,581055.76,24.22
1200051.56,50.05,20.67,581028.62,24.23
1199941.66,50.06,20.68,581009.07,24.24
1199642.76,50.07,20.69,580945.41,24.25
1199270.82,50.06,20.68,580583.99,24.24
1198972.69,50.07,20.69,580540.98,24.24
1199056.25,50.09,20.71,580512.13,24.25
1199203.44,50.09,20.71,580860.35,24.26
1199067.39,50.11,20.73,581010.98,24.28
1198543.1,50.1,20.72,580135.39,24.25
1198698.17,50.12,20.74,580135.53,24.26
1198400.04,50.13,20.75,580174.51,24.27
1198263.94,50.14,20.76,580219.69,24.28
1197615.26,50.15,20.78,580928.65,24.33
1197316.36,50.16,20.79,581331.61,24.36
1197017.45,50.17,20.8,581236.08,24.36
1197020.55,50.17,20.8,581319.7,24.36
1196722.42,50.18,20.8,581494.84,24.38
1196722.42,50.18,20.8,581494.84,24.38
1196722.42,50.18,20.8,581494.84,24.38
1196426.62,50.19,20.81,581875.55,24.41
1196130.82,50.2,20.82,582114.12,24.43
1196375.65,50.21,20.84,583731.34,24.5
1196522.33,50.23,20.85,584267.96,24.53
1196224.2,50.24,20.86,584256.21,24.54
1196113.53,50.25,20.88,584117.59,24.54
1196117.4,50.25,20.88,584093.54,24.54
1196117.4,50.25,20.88,584093.54,24.54
1196237.87,50.27,20.89,584407.8,24.56
1196383.77,50.28,20.91,585161.84,24.59
1196185.0,50.28,20.9,584940.81,24.59
1195860.35,50.27,20.9,584729.83,24.58
1195860.35,50.27,20.9,584769.31,24.58
1195860.35,50.27,20.9,584769.31,24.58
1193490.82,50.34,20.97,584731.52,24.67
1193522.29,50.36,20.98,584714.66,24.67
1193224.16,50.37,20.99,584678.42,24.68
1193224.16,50.37,20.99,584678.42,24.68
1193114.26,50.38,21.01,584646.83,24.69
1192816.14,50.39,21.01,584612.86,24.7
1193098.8,50.4,21.03,584924.07,24.71
1192991.23,50.42,21.04,585188.35,24.73
1192991.23,50.42,21.04,585188.35,24.73
1192608.03,50.41,21.04,585784.07,24.76
1192753.93,50.43,21.05,586438.07,24.79
1192753.93,50.43,21.05,586438.07,24.79
1192652.95,50.44,21.07,586311.77,24.8
1193213.81,50.49,21.11,588697.72,24.91
1193095.03,50.5,21.13,588900.89,24.93
1192807.8,50.5,21.12,588678.66,24.92
1192512.0,50.51,21.13,588630.37,24.93
1192216.19,50.51,21.14,589060.26,24.96
1191880.51,50.51,21.14,589038.84,24.96
1193373.86,50.59,21.22,591607.39,25.08
1193263.19,50.61,21.23,591547.15,25.09
1192954.47,50.62,21.24,591877.64,25.11
1192656.34,50.62,21.25,591833.52,25.12
1192311.99,50.63,21.26,591212.4,25.11
1191988.43,50.64,21.27,591188.85,25.12
1191988.43,50.64,21.27,591188.85,25.12
1191692.63,50.65,21.28,591164.29,25.13
1191692.63,50.65,21.28,591186.3,25.13
1191930.24,50.67,21.29,591221.27,25.13
1191905.06,50.69,21.31,591559.42,25.16
1193433.74,50.75,21.38,595294.72,25.31
1193678.57,50.77,21.4,596075.04,25.35
1193678.57,50.77,21.4,596180.47,25.36
1193814.79,50.78,21.41,596459.62,25.37
1193814.79,50.78,21.41,596459.62,25.37
1193516.66,50.79,21.42,597061.86,25.41
1193291.74,50.81,21.43,599413.3,25.52
1193609.32,50.82,21.45,600344.86,25.56
1193299.83,50.83,21.46,600580.34,25.58
1193010.61,50.84,21.47,600591.07,25.59
1192638.67,50.84,21.46,600298.65,25.59
1192339.77,50.84,21.47,600311.88,25.6
1192257.0,50.86,21.49,599181.13,25.56
1191957.59,50.86,21.48,598879.12,25.55
1191658.69,50.87,21.49,598969.55,25.57
1191658.69,50.87,21.49,598969.55,25.57
1191359.79,50.87,21.5,599567.52,25.6
1191359.79,50.87,21.5,599567.52,25.6
1191362.04,50.88,21.5,599570.13,25.6
1191067.78,50.88,21.51,599465.11,25.61
1191067.78,50.88,21.51,599465.11,25.61
1191067.78,50.88,21.51,599465.11,25.61
1190769.66,50.89,21.52,599612.39,25.63
1190534.28,50.9,21.53,599478.02,25.63
1190238.48,50.91,21.54,599670.59,25.65
1191758.01,50.98,21.61,602109.93,25.76
1191749.88,51.0,21.63,602509.78,25.78
1191904.94,51.02,21.64,602552.25,25.79
1191934.09,51.03,21.66,602604.28,25.8
1191635.96,51.04,21.67,602626.06,25.81
1191525.29,51.05,21.68,602262.14,25.81
1191671.19,51.07,21.7,602830.4,25.84
1191671.19,51.07,21.7,602830.4,25.84
1191932.69,51.09,21.72,602593.08,25.83
1191560.75,51.09,21.71,602232.07,25.82
1191560.75,51.09,21.71,602232.07,25.82
1191188.82,51.08,21.71,601865.67,25.81
1190890.69,51.09,21.71,601839.02,25.82
1190594.88,51.1,21.72,601819.98,25.83
1189402.37,51.14,21.76,602631.27,25.91
1189762.11,51.17,21.8,602575.65,25.92
1189463.21,51.18,21.81,603063.15,25.95
1189189.1,51.19,21.82,602918.24,25.95
1188890.97,51.2,21.83,602882.14,25.96
1188890.97,51.2,21.83,602863.46,25.96
1188782.74,51.2,21.82,602755.49,25.96
1188484.61,51.21,21.83,602792.7,25.97
1188186.48,51.22,21.84,602629.56,25.98
1188333.16,51.24,21.86,602630.28,25.98
1188175.41,51.23,21.86,602477.21,25.98
1187800.6,51.23,21.85,602126.76,25.97
1188725.05,51.27,21.89,603868.51,26.04
1188725.05,51.27,21.89,603868.51,26.04
1188568.84,51.26,21.89,603714.01,26.04
1188378.01,51.28,21.9,603477.55,26.04
1188224.49,51.29,21.92,605407.04,26.13
1187926.36,51.3,21.93,605376.34,26.14
1187635.19,51.31,21.94,605088.6,26.14
1187366.12,51.32,21.95,604567.97,26.13
1187067.21,51.33,21.96,604452.84,26.14
1187067.21,51.33,21.96,604452.84,26.14
1186957.32,51.34,21.97,604435.69,26.15
1186957.32,51.34,21.97,604435.69,26.15
1186957.32,51.34,21.97,604435.69,26.15
1186847.43,51.36,21.98,604290.57,26.15
1186511.74,51.35,21.98,604259.53,26.15
1186404.73,51.35,21.98,605054.81,26.19
1186404.73,51.35,21.98,605054.81,26.19
1186404.73,51.35,21.98,605054.81,26.19
1186108.93,51.36,21.99,605333.17,26.21
1185810.8,51.37,22.0,605306.06,26.22
1186056.41,51.39,22.01,604945.33,26.21
1185758.28,51.4,22.02,604938.66,26.22
1185789.75,51.42,22.04,604898.31,26.23
1185789.75,51.42,22.04,604882.84,26.23
1185446.43,51.42,22.05,604683.7,26.23
1185868.79,51.46,22.09,605182.61,26.26
1185570.66,51.47,22.1,605251.97,26.28
1185570.66,51.47,22.1,605251.97,26.28
1185478.97,51.49,22.11,604398.51,26.25
1185180.85,51.5,22.12,604378.61,26.26
1185208.44,51.51,22.14,605868.87,26.33
1184910.31,51.52,22.15,605845.52,26.34
1184939.45,51.54,22.16,605902.51,26.35
1184743.47,51.53,22.16,605722.53,26.35
1184445.34,51.54,22.17,605719.65,26.36
1184785.05,51.57,22.19,606428.01,26.4
1184785.05,51.57,22.19,606428.01,26.4
1184785.05,51.57,22.19,606428.01,26.4
1184489.25,51.58,22.2,606410.43,26.41
1184191.12,51.59,22.21,606381.07,26.42
1184412.61,51.61,22.23,606380.08,26.42
1184114.48,51.62,22.24,606393.53,26.43
1184114.48,51.62,22.24,606393.53,26.43
1183816.36,51.62,22.25,606434.09,26.45
1183527.14,51.63,22.26,606413.51,26.46
1183310.94,51.63,22.26,606228.02,26.45
1183012.82,51.64,22.26,606192.4,26.46
1183012.82,51.64,22.26,606192.4,26.46
1182713.91,51.65,22.27,606147.75,26.47
1182713.91,51.65,22.27,606599.34,26.49
1182770.48,51.66,22.29,607399.9,26.53
1182651.69,51.68,22.31,607107.17,26.53
1182343.11,51.69,22.32,606877.27,26.53
1183115.99,51.75,22.37,609276.11,26.65
1182817.09,51.76,22.38,609610.93,26.68
1182817.09,51.76,22.38,609610.93,26.68
1182518.19,51.77,22.39,609546.64,26.68
1182518.19,51.77,22.39,609560.91,26.68
1182258.79,51.78,22.4,609043.57,26.67
1181950.21,51.79,22.41,609384.13,26.7
1181652.08,51.8,22.42,609417.39,26.71
1181353.95,51.81,22.43,609509.53,26.73
1181072.87,51.82,22.44,609222.89,26.73
1180818.51,51.83,22.45,608913.03,26.73
1180520.38,51.84,22.46,608885.89,26.74
1180150.29,51.83,22.46,608658.37,26.73
1179850.62,51.84,22.47,608928.51,26.76
1179850.62,51.84,22.47,608928.51,26.76
1179850.62,51.84,22.47,608928.51,26.76
1179465.81,51.84,22.46,609504.74,26.79
1179167.69,51.85,22.47,609552.89,26.8
1179057.79,51.86,22.48,609685.09,26.82
1178761.99,51.87,22.49,610519.82,26.86
1178444.62,51.88,22.5,611047.02,26.9
1178250.94,51.89,22.52,611845.96,26.95
1178141.05,51.91,22.53,611850.08,26.96
1177842.14,51.92,22.54,611786.09,26.97
1177894.82,51.92,22.54,611125.55,26.94
1177595.92,51.93,22.55,611317.08,26.96
1177595.92,51.93,22.55,611317.08,26.96
1177297.02,51.94,22.56,611918.81,27.0
1177297.02,51.94,22.56,611931.35,27.0
1177297.02,51.94,22.56,611931.35,27.0
1176998.89,51.95,22.57,611999.82,27.01
1176833.71,51.95,22.57,612118.92,27.02
1176534.81,51.96,22.58,612598.87,27.05
1176534.81,51.96,22.58,613395.87,27.09
1176534.81,51.96,22.58,613421.04,27.09
1176235.13,51.97,22.59,613671.41,27.11
1176235.13,51.97,22.59,613674.64,27.11
1176350.04,51.99,22.62,617995.61,27.31
1176051.92,52.0,22.63,618156.03,27.33
1175777.8,52.01,22.64,618643.13,27.37
1175479.68,52.02,22.65,618608.69,27.38
1175181.55,52.03,22.66,618581.65,27.39
1174882.65,52.04,22.67,619477.24,27.44
1174584.52,52.05,22.68,619477.08,27.45
1174287.66,52.06,22.69,619297.45,27.46
1174496.25,52.08,22.71,619191.28,27.46
1174197.35,52.09,22.72,619299.95,27.47
1173899.22,52.1,22.73,619159.8,27.48
1173600.32,52.11,22.74,618885.8,27.48
1173600.32,52.11,22.74,618885.8,27.48
1173302.19,52.12,22.75,618939.04,27.49
1173451.19,52.14,22.76,618915.72,27.5
1173451.19,52.14,22.76,618915.72,27.5
1173153.06,52.15,22.77,618890.79,27.51
1172854.93,52.16,22.78,618749.46,27.52
1173224.2,52.17,22.8,619056.07,27.53
1173439.44,52.19,22.82,619715.02,27.56
1173588.44,52.21,22.84,620133.42,27.59
1175029.37,52.28,22.9,622639.57,27.7
1175176.04,52.29,22.92,622636.94,27.71
1175176.04,52.29,22.92,622636.94,27.71
1175038.6,52.3,22.92,622456.62,27.7
1175675.59,52.34,22.96,622440.74,27.71
1175352.55,52.35,22.97,623317.46,27.76
1175216.44,52.36,22.99,623303.54,27.77
1175216.44,52.36,22.99,623299.75,27.77
1175363.12,52.38,23.0,624725.04,27.84
1175363.12,52.38,23.0,624725.04,27.84
1175069.24,52.37,23.0,624482.59,27.83
1174748.0,52.38,23.01,624455.47,27.84
1174894.68,52.4,23.03,624432.39,27.85
1174894.68,52.4,23.03,624432.39,27.85
1174522.74,52.39,23.02,624195.02,27.84
1175088.75,52.44,23.07,624848.71,27.89
1175244.33,52.46,23.08,624767.5,27.89
1175561.9,52.48,23.1,624801.94,27.89
1175266.1,52.49,23.11,624864.26,27.91
1175266.1,52.49,23.11,624864.26,27.91
1175016.39,52.5,23.13,625119.98,27.93
1174716.71,52.51,23.14,625809.45,27.97
1174420.91,52.52,23.15,625965.45,27.99
1174503.69,52.54,23.16,625801.96,27.99
1174182.45,52.55,23.17,625800.95,28.01
1173981.03,52.55,23.17,625569.61,28.0
1173981.03,52.55,23.17,625569.61,28.0
1173682.91,52.56,23.18,625528.1,28.01
1173828.03,52.57,23.2,626221.35,28.05
1173828.03,52.57,23.2,626221.35,28.05
1173828.03,52.57,23.2,626221.35,28.05
1173828.03,52.57,23.2,626243.63,28.05
1173828.03,52.57,23.2,626243.63,28.05
1173443.23,52.57,23.2,626230.97,28.05
1173443.23,52.57,23.2,626214.21,28.05
1173443.23,52.57,23.2,626214.21,28.05
1173443.23,52.57,23.2,626214.21,28.05
1173589.13,52.59,23.21,626628.51,28.08
1173589.13,52.59,23.21,626628.51,28.08
1173293.33,52.6,23.22,626611.95,28.09
1173296.42,52.6,23.22,626828.12,28.1
1173060.08,52.6,23.22,627031.96,28.11
1172833.87,52.61,23.24,628052.15,28.17
1172833.87,52.61,23.24,628056.3,28.17
1172833.87,52.61,23.24,628056.3,28.17
1172726.3,52.62,23.25,627575.15,28.16
1172726.3,52.62,23.25,627575.15,28.16
1172445.21,52.64,23.26,627402.32,28.17
1172185.82,52.65,23.28,627709.29,28.19
1171813.88,52.64,23.27,627348.27,28.18
1171490.32,52.65,23.28,627320.16,28.19
1171191.42,52.66,23.29,627274.33,28.2
1171191.42,52.66,23.29,627274.33,28.2
1171338.09,52.68,23.31,627781.86,28.23
1171230.52,52.69,23.32,627761.81,28.24
1170562.48,52.69,23.31,627048.88,28.22
1170562.48,52.69,23.31,627048.88,28.22
1170043.82,52.69,23.31,626267.25,28.2
1169744.14,52.7,23.33,627511.98,28.27
1169446.02,52.71,23.34,627508.27,28.28
1169446.02,52.71,23.34,628230.96,28.31
1169150.21,52.72,23.35,628206.15,28.33
1168851.31,52.73,23.36,628760.73,28.36
1169823.11,52.78,23.41,630276.13,28.44
1169527.31,52.79,23.42,630212.16,28.45
1169599.35,52.79,23.42,630099.81,28.44
1169300.45,52.8,23.43,629934.13,28.45
1168653.52,52.79,23.42,629299.14,28.43
1168657.39,52.79,23.42,629800.4,28.45
1168657.39,52.79,23.42,629800.4,28.45
1168814.78,52.81,23.44,629781.57,28.46
1168518.98,52.82,23.45,629829.15,28.47
1168219.3,52.83,23.46,630120.25,28.5
1167921.17,52.84,23.47,630162.98,28.51
1167921.17,52.84,23.47,630162.98,28.51
1167921.17,52.84,23.47,630162.98,28.51
1167621.5,52.85,23.48,630351.7,28.53
1169558.53,52.96,23.59,633666.09,28.69
1169259.63,52.97,23.6,633399.08,28.69
1169259.63,52.97,23.6,633399.08,28.69
1169406.3,52.99,23.61,633358.59,28.7
1169110.5,53.0,23.62,633195.03,28.7
1169000.6,53.01,23.64,633175.71,28.71
1169000.6,53.01,23.64,633175.71,28.71
1168789.9,53.01,23.63,632966.08,28.71
1168789.9,53.01,23.63,632966.08,28.71
1168789.9,53.01,23.63,632966.08,28.71
1168491.77,53.02,23.65,633328.95,28.74
1168792.64,53.03,23.66,634598.82,28.8
1168493.74,53.04,23.67,635177.88,28.83
1168493.74,53.04,23.67,635177.88,28.83
1168493.74,53.04,23.67,635177.88,28.83
1168383.84,53.06,23.69,634954.93,28.83
1168011.9,53.05,23.68,634631.89,28.83
1167299.77,53.05,23.67,634352.03,28.83
1167001.65,53.06,23.68,634325.51,28.84
1166720.56,53.07,23.69,634724.73,28.87
1166422.43,53.08,23.7,634684.96,28.88
1166642.61,53.1,23.72,634721.17,28.89
1166346.8,53.11,23.73,634697.52,28.9
1166346.8,53.11,23.73,634697.52,28.9
1166048.68,53.12,23.74,634713.05,28.91
1165767.59,53.13,23.76,634859.97,28.93
1165469.46,53.14,23.77,634896.65,28.95
1165615.36,53.16,23.78,634917.1,28.96
1165353.24,53.17,23.8,635077.16,28.98
1165353.24,53.17,23.8,635077.16,28.98
1165157.22,53.17,23.79,634885.85,28.97
1165157.22,53.17,23.79,634885.85,28.97
1165306.22,53.18,23.81,636350.55,29.04
1164931.42,53.18,23.81,635996.76,29.03
1164931.42,53.18,23.81,635996.76,29.03
1164632.52,53.19,23.82,636292.22,29.06
1164334.39,53.2,23.83,636294.5,29.07
1164373.12,53.2,23.83,636474.23,29.08
1163953.38,53.2,23.82,634918.35,29.02
1164040.62,53.22,23.84,634738.28,29.02
1163929.95,53.23,23.86,634599.01,29.02
1163929.95,53.23,23.86,634599.01,29.02
1164063.05,53.25,23.87,634688.91,29.03
1163767.25,53.26,23.89,634667.53,29.04
1163442.91,53.27,23.9,634639.67,29.06
1163284.95,53.26,23.89,634500.36,29.05
1163284.95,53.26,23.89,634129.17,29.04
1163174.28,53.28,23.91,634112.98,29.05
1163174.28,53.28,23.91,634112.98,29.05
1163373.89,53.3,23.93,634226.98,29.06
1163373.89,53.3,23.93,634226.98,29.06
1163074.21,53.31,23.94,635356.41,29.12
1162853.81,53.32,23.95,636547.94,29.19
1162743.15,53.34,23.97,636381.93,29.19
1162445.02,53.35,23.98,636338.33,29.2
1162692.95,53.37,24.0,637183.62,29.25
1162394.82,53.38,24.01,637804.73,29.29
1162096.69,53.39,24.02,638148.48,29.32
1162100.4,53.41,24.04,639295.36,29.38
1161801.5,53.42,24.05,640113.36,29.43
1161801.5,53.42,24.05,640113.36,29.43
1161503.37,53.43,24.06,640100.52,29.44
1161214.17,53.42,24.05,639775.9,29.43
1161359.3,53.44,24.07,640610.34,29.48
1161359.3,53.44,24.07,640610.34,29.48
1161359.3,53.44,24.07,640610.34,29.48
1161247.85,53.46,24.09,641033.82,29.51
1161136.41,53.47,24.1,641652.01,29.55
1161136.41,53.47,24.1,641652.01,29.55
1161456.31,53.49,24.12,641653.85,29.55
1161456.31,53.49,24.12,641653.85,29.55
1161602.98,53.51,24.14,641600.3,29.56
1161602.98,53.51,24.14,641537.73,29.55
1161304.85,53.52,24.15,641654.71,29.57
1161055.14,53.53,24.16,644718.66,29.73
1161101.33,53.55,24.18,644591.01,29.73
1160807.45,53.55,24.17,644307.09,29.72
1160807.45,53.55,24.17,644307.09,29.72
1160511.65,53.56,24.19,644347.44,29.74
1160511.65,53.56,24.19,644331.34,29.74
1159839.51,53.55,24.18,643843.84,29.73
1159728.07,53.57,24.19,644589.53,29.77
1159728.07,53.57,24.19,644589.53,29.77
1159429.17,53.58,24.21,645315.43,29.82
1159429.17,53.58,24.21,645339.76,29.82
1159429.17,53.58,24.21,645339.76,29.82
1159129.49,53.59,24.22,645859.21,29.86
1158830.59,53.6,24.23,646061.99,29.88
1158532.46,53.61,24.24,646053.05,29.9
1158778.07,53.63,24.26,646433.15,29.92
1158778.07,53.63,24.26,646433.15,29.92
1159022.9,53.65,24.28,647075.81,29.95
1158727.87,53.66,24.29,648860.44,30.05
1159464.76,53.72,24.35,649246.39,30.08
1159464.76,53.72,24.35,649246.39,30.08
1159092.82,53.71,24.34,648844.25,30.07
1158794.69,53.72,24.35,649132.99,30.1
1158496.57,53.74,24.36,649084.74,30.11
1158434.97,53.74,24.37,649014.82,30.11
1158434.97,53.74,24.37,649014.82,30.11
1158581.65,53.76,24.39,650050.96,30.16
1158285.85,53.77,24.4,649895.99,30.17
1158285.85,53.77,24.4,649895.99,30.17
1157745.33,53.77,24.4,649807.0,30.18
1157745.33,53.77,24.4,649807.0,30.18
1158157.98,53.81,24.44,649552.69,30.18
1157862.95,53.83,24.45,649397.66,30.19
1157478.15,53.82,24.45,649160.22,30.18
1157182.34,53.83,24.46,649403.22,30.21
1156789.79,53.83,24.46,648887.5,30.19
1156679.9,53.84,24.47,649039.33,30.21
1156046.48,53.84,24.47,648297.31,30.19
1156046.48,53.84,24.47,648297.31,30.19
1156073.2,53.84,24.47,648787.52,30.22
1155792.12,53.85,24.48,648509.51,30.22
1155612.12,53.86,24.49,648337.76,30.22
1155612.12,53.86,24.49,648337.76,30.22
1155588.03,53.87,24.5,647112.12,30.17
1155289.13,53.88,24.51,647085.41,30.18
1155289.13,53.88,24.51,647076.26,30.18
1154927.19,53.88,24.5,646777.19,30.17
1155092.72,53.88,24.51,648263.82,30.24
1154794.59,53.9,24.52,648454.34,30.26
1154958.31,53.92,24.54,649403.64,30.32
1154848.42,53.93,24.56,649402.72,30.33
1154709.87,53.95,24.58,651189.74,30.42
1154634.84,53.97,24.59,650714.26,30.41
1154345.62,53.98,24.61,650609.49,30.42
1154798.82,54.02,24.65,650511.9,30.43
1154798.82,54.02,24.65,650534.55,30.43
1154798.82,54.02,24.65,650534.55,30.43
1154475.26,54.03,24.66,650520.33,30.45
1154475.26,54.03,24.66,651099.76,30.47
1154150.92,54.04,24.67,651075.96,30.49
1154150.92,54.04,24.67,651075.96,30.49
1155140.16,54.12,24.75,652809.62,30.58
1155140.16,54.12,24.75,652749.96,30.58
1155140.16,54.12,24.75,652764.17,30.58
1154842.04,54.13,24.76,652709.63,30.59
1154546.23,54.14,24.77,652771.09,30.61
1156067.78,54.21,24.84,657750.53,30.84
1155786.69,54.22,24.85,657765.19,30.86
1155792.72,54.24,24.87,657884.4,30.87
1155494.59,54.25,24.88,657855.15,30.89
1155494.59,54.25,24.88,657855.15,30.89
1155232.49,54.26,24.9,658401.85,30.93
1155232.49,54.26,24.9,658401.85,30.93
1156781.31,54.34,24.97,661098.1,31.05
1156482.41,54.35,24.98,661264.14,31.08
1156186.61,54.36,24.99,661236.1,31.09
1155888.48,54.37,25.0,662327.89,31.16
1155888.48,54.37,25.0,662327.89,31.16
1155888.48,54.37,25.0,662352.51,31.16
1155592.67,54.38,25.01,662316.4,31.17
1155045.33,54.38,25.01,661835.24,31.16
1154746.42,54.39,25.02,661801.23,31.17
1155945.03,54.47,25.1,665663.72,31.37
1155649.22,54.48,25.11,666736.73,31.43
1155204.81,54.49,25.12,666855.95,31.45
1154916.73,54.48,25.11,666617.2,31.45
1154916.73,54.48,25.11,666617.2,31.45
1154659.09,54.49,25.12,665493.44,31.41
1154363.28,54.5,25.13,665468.23,31.42
1154363.28,54.5,25.13,665468.23,31.42
1154065.15,54.52,25.15,666096.39,31.46
1153767.03,54.53,25.16,666102.56,31.48
1153521.58,54.54,25.17,666045.81,31.49
1153221.9,54.55,25.18,666355.41,31.52
1153466.73,54.57,25.2,666125.68,31.52
1153466.73,54.57,25.2,666125.68,31.52
1153615.73,54.59,25.22,666106.89,31.52
1153943.63,54.61,25.24,666147.54,31.53
1153684.23,54.63,25.26,668583.18,31.66
1153684.23,54.63,25.26,668583.18,31.66
1153395.02,54.64,25.27,668449.5,31.67
1153395.02,54.64,25.27,668449.5,31.67
1155471.19,54.76,25.39,671657.14,31.83
1155171.52,54.77,25.41,671742.39,31.85
1155417.13,54.79,25.43,671697.59,31.85
1155148.05,54.81,25.44,673482.53,31.95
1155148.05,54.81,25.44,673505.19,31.96
1154852.25,54.82,25.45,673487.85,31.97
1155180.59,54.85,25.48,675838.09,32.09
1154808.65,54.84,25.47,675601.07,32.08
1154954.55,54.86,25.49,676136.18,32.12
1154844.65,54.88,25.51,676161.39,32.13
1154555.44,54.89,25.52,676098.27,32.14
1154231.87,54.9,25.53,676076.22,32.16
1153987.7,54.9,25.53,675903.13,32.16
1153880.13,54.92,25.55,676175.23,32.18
1153582.01,54.93,25.56,676202.89,32.2
1153283.88,54.94,25.57,676252.8,32.22
1152696.92,54.94,25.57,675891.98,32.21
1152051.54,54.93,25.56,675257.0,32.2
1151753.59,54.94,25.57,675159.73,32.21
1153146.59,55.03,25.66,677786.72,32.34
1154267.69,55.1,25.73,678262.14,32.38
1153943.35,55.11,25.74,678234.74,32.39
1153644.45,55.12,25.75,678630.93,32.42
1153348.64,55.13,25.76,678607.03,32.44
1153050.52,55.14,25.78,678828.43,32.46
1153197.19,55.16,25.8,678893.95,32.47
1152907.97,55.18,25.81,678779.56,32.48
1152960.39,55.2,25.84,680248.48,32.57
1152868.7,55.22,25.85,679915.3,32.57
1152868.7,55.22,25.85,679901.65,32.57
1153116.64,55.24,25.87,680143.5,32.58
1152822.2,55.24,25.87,679840.86,32.57
1152904.98,55.26,25.89,680079.98,32.59
1153229.78,55.28,25.91,680356.02,32.61
1152931.65,55.29,25.92,680509.67,32.63
1152730.15,55.29,25.92,680314.48,32.63
1152730.15,55.29,25.92,680314.48,32.63
1152496.19,55.3,25.93,681352.57,32.69
1152496.19,55.3,25.93,681352.57,32.69
1152969.27,55.35,25.98,681440.36,32.71
1152969.27,55.35,25.98,681440.36,32.71
1152706.0,55.36,26.0,681632.46,32.74
1152706.0,55.36,26.0,681632.46,32.74
1152599.98,55.38,26.01,681349.29,32.74
1152301.85,55.39,26.02,681362.89,32.75
1152006.05,55.41,26.04,681339.65,32.77
1152243.66,55.43,26.06,681873.42,32.8
1152243.66,55.43,26.06,681873.42,32.8
1151986.02,55.43,26.07,680756.92,32.76
1151687.89,55.45,26.08,681878.35,32.83
1151774.81,55.45,26.08,682036.23,32.84
1151476.69,55.46,26.1,682214.5,32.86
1151476.69,55.46,26.1,682214.5,32.86
1151366.79,55.48,26.11,682174.72,32.87
1151567.18,55.5,26.13,683762.95,32.96
1151269.05,55.51,26.15,684037.39,32.98
1150991.15,55.51,26.14,683821.43,32.98
1150991.15,55.51,26.14,683821.43,32.98
1150879.71,55.53,26.16,684039.91,33.0
1151247.41,55.55,26.18,685685.47,33.08
1151247.41,55.55,26.18,685685.47,33.08
1151278.87,55.57,26.2,685640.14,33.09
1151594.9,55.59,26.22,686398.74,33.13
1151307.06,55.58,26.21,686099.24,33.12
1151008.16,55.6,26.23,686244.81,33.15
1151328.06,55.62,26.25,686230.3,33.15
1151217.39,55.63,26.26,685682.7,33.14
1150919.26,55.65,26.28,686128.89,33.17
1150594.15,55.66,26.29,686173.64,33.19
1150715.39,55.68,26.31,687002.46,33.24
1150419.59,55.69,26.32,686984.91,33.25
1151327.72,55.75,26.38,686947.99,33.26
1151052.11,55.76,26.39,686861.8,33.27
1151052.11,55.76,26.39,686861.8,33.27
1150756.3,55.77,26.4,687073.31,33.3
1150756.3,55.77,26.4,687073.31,33.3
1150458.18,55.78,26.42,687141.52,33.32
1150458.18,55.78,26.42,687126.31,33.32
1150590.13,55.8,26.44,687160.32,33.33
1151081.73,55.84,26.47,687161.71,33.33
1151081.73,55.84,26.47,687161.71,33.33
1151407.3,55.86,26.49,687131.82,33.34
1151108.4,55.87,26.51,687527.1,33.37
1151108.4,55.87,26.51,687527.1,33.37
1150997.73,55.89,26.52,687309.14,33.37
1151015.55,55.89,26.52,687550.4,33.39
1150716.65,55.9,26.54,688001.68,33.42
1150606.75,55.92,26.55,688127.01,33.44
1150833.38,55.96,26.59,689611.18,33.53
1150537.58,55.97,26.61,689586.52,33.55
1150238.67,55.98,26.62,689908.03,33.58
1150277.41,55.99,26.62,690759.79,33.62
1150277.41,55.99,26.62,690759.79,33.62
1150080.62,55.99,26.62,690427.24,33.61
1150474.81,56.02,26.65,693813.13,33.78
1150176.68,56.03,26.66,693775.4,33.8
1149878.56,56.04,26.68,693768.86,33.81
1149579.65,56.06,26.69,693697.45,33.83
1149298.57,56.07,26.7,694834.79,33.9
1149561.22,56.09,26.72,695110.12,33.92
1149451.33,56.11,26.74,695039.18,33.93
1149152.42,56.12,26.75,696009.46,33.99
1149152.42,56.12,26.75,696009.46,33.99
1149152.42,56.12,26.75,696009.46,33.99
1149060.74,56.14,26.77,697577.27,34.08
1149060.74,56.14,26.77,697577.27,34.08
1149060.74,56.14,26.77,697577.27,34.08
1149060.74,56.14,26.77,697577.27,34.08
1150501.67,56.21,26.84,700937.07,34.24
1150239.56,56.22,26.86,702202.39,34.32
1149943.76,56.24,26.87,702207.16,34.34
1149833.86,56.25,26.89,702471.1,34.37
1149510.3,56.26,26.9,702450.82,34.38
1149514.17,56.27,26.9,703939.35,34.46
1149304.54,56.26,26.9,703796.8,34.45
1149006.41,56.27,26.91,703868.15,34.47
1149277.97,56.3,26.93,703230.1,34.45
1148982.17,56.31,26.94,703201.58,34.46
1148982.17,56.31,26.94,703201.58,34.46
1148684.04,56.32,26.96,703235.84,34.48
1148965.67,56.34,26.98,702981.63,34.47
1148666.77,56.36,26.99,702972.47,34.49
1148258.52,56.37,27.0,702548.82,34.49
1148258.52,56.37,27.0,702548.82,34.49
1147918.89,56.36,26.99,702221.72,34.48
1148001.66,56.38,27.01,702506.86,34.5
1147714.02,56.39,27.03,702665.36,34.53
1147869.08,56.41,27.05,702708.97,34.54
1147869.08,56.41,27.05,702640.07,34.53
1147570.18,56.43,27.06,703031.0,34.57
1147458.74,56.44,27.08,703900.21,34.62
1147091.8,56.45,27.09,703631.51,34.63
1146793.67,56.47,27.1,703674.7,34.65
1146556.91,56.46,27.1,703702.53,34.65
1146556.91,56.46,27.1,703699.6,34.65
1146257.24,56.48,27.11,703838.56,34.68
1145681.7,56.47,27.1,703478.99,34.67
1145285.65,56.46,27.1,703046.47,34.66
1145439.94,56.48,27.12,702927.41,34.66
1145652.81,56.51,27.15,703093.16,34.68
1145363.6,56.53,27.16,703073.57,34.7
1145508.72,56.55,27.18,703790.7,34.74
1145209.04,56.56,27.19,703927.27,34.77
1145209.04,56.56,27.19,703885.11,34.76
1145279.63,56.56,27.2,704316.52,34.79
1144981.51,56.58,27.21,704255.16,34.8
1148777.5,56.76,27.4,708850.43,35.03
1148479.38,56.78,27.41,708938.9,35.05
1148181.25,56.79,27.42,708950.96,35.07
1148181.25,56.79,27.42,708928.83,35.06
1148181.25,56.79,27.42,709387.09,35.09
1147921.6,56.81,27.44,709899.67,35.13
1147694.74,56.82,27.46,709726.89,35.14
1147256.64,56.82,27.46,708951.79,35.11
1147256.64,56.82,27.46,708951.79,35.11
1146956.96,56.84,27.47,709260.03,35.15
1146572.15,56.83,27.47,709185.04,35.15
1146460.71,56.85,27.48,709447.51,35.18
1146162.58,56.86,27.5,709441.95,35.2
1145864.46,56.88,27.51,709424.45,35.21
1145864.46,56.88,27.51,709424.45,35.21
1146026.8,56.89,27.52,709002.83,35.19
1145718.21,56.9,27.54,709967.37,35.26
1145456.09,56.92,27.55,710206.64,35.29
1146272.26,56.99,27.62,710628.62,35.33
1146272.26,56.99,27.62,710642.83,35.33
1145974.13,57.0,27.63,710624.39,35.35
1146299.7,57.02,27.66,711202.87,35.38
1146543.76,57.04,27.68,712322.08,35.44
1146436.19,57.06,27.7,712252.71,35.45
1145723.74,57.05,27.69,711532.68,35.43
1145723.74,57.05,27.69,711532.68,35.43
1145424.06,57.07,27.7,712025.31,35.47
1145529.56,57.07,27.71,712201.83,35.48
1145529.56,57.07,27.71,712201.83,35.48
1145529.56,57.07,27.71,712297.85,35.49
1145529.56,57.07,27.71,712297.85,35.49
1145529.56,57.07,27.71,712297.85,35.49
1145221.74,57.08,27.72,713908.83,35.59
1145221.74,57.08,27.72,713957.05,35.59
1145221.74,57.08,27.72,713957.05,35.59
1144923.62,57.1,27.73,713953.3,35.61
1144600.05,57.11,27.75,714620.96,35.66
1144746.73,57.13,27.77,714931.09,35.68
1144422.39,57.14,27.78,714914.11,35.7
1144350.23,57.17,27.81,715017.37,35.72
1144350.23,57.17,27.81,714997.94,35.72
1144061.01,57.18,27.82,714861.45,35.73
1144061.01,57.18,27.82,714861.45,35.73
1143791.94,57.2,27.84,716324.63,35.82
1143493.81,57.21,27.85,716312.74,35.84
1143195.68,57.23,27.86,716291.25,35.86
1144512.29,57.31,27.95,719340.21,36.02
1144402.39,57.33,27.97,719218.75,36.03
1144402.39,57.33,27.97,719218.75,36.03
1144438.41,57.33,27.97,718755.66,36.01
1144585.09,57.35,27.99,718818.94,36.02
1144475.2,57.37,28.01,719013.03,36.04
1144475.2,57.37,28.01,719013.03,36.04
1144475.2,57.37,28.01,719013.03,36.04
1144475.2,57.37,28.01,718784.7,36.03
1144177.07,57.38,28.02,718714.11,36.04
1144067.17,57.4,28.04,718819.61,36.06
1143771.37,57.41,28.05,718798.65,36.08
1143473.24,57.43,28.07,718767.5,36.1
1143473.24,57.43,28.07,718767.5,36.1
1143177.44,57.44,28.08,718746.14,36.12
1143085.75,57.46,28.1,718496.4,36.12
1143085.75,57.46,28.1,718496.4,36.12
1142804.66,57.48,28.11,718499.14,36.14
1142613.83,57.49,28.13,720330.01,36.25
1142315.7,57.51,28.15,721377.38,36.32
1142205.04,57.53,28.17,721733.74,36.35
1141906.91,57.54,28.18,721720.83,36.37
1141611.1,57.55,28.19,721312.36,36.37
1141611.1,57.55,28.19,721312.36,36.37
1141611.1,57.55,28.19,721312.36,36.37
1141611.1,57.55,28.19,721288.03,36.36
1141212.14,57.55,28.19,720688.26,36.34
1141212.14,57.55,28.19,720733.81,36.35
1140844.8,57.56,28.2,720437.38,36.35
1140750.37,57.56,28.2,719857.89,36.32
1140451.47,57.57,28.21,719908.8,36.34
1140152.57,57.59,28.23,720098.76,36.37
1139856.77,57.6,28.24,720530.74,36.41
1139856.77,57.6,28.24,720530.74,36.41
1139763.91,57.62,28.26,719709.08,36.38
1139179.85,57.61,28.25,719126.16,36.37
1138881.72,57.62,28.26,719175.81,36.39
1138910.09,57.64,28.28,719046.56,36.39
1138688.14,57.66,28.3,720289.71,36.47
1138363.03,57.67,28.31,720621.1,36.51
1138063.35,57.69,28.33,721039.54,36.55
1138063.35,57.69,28.33,721039.54,36.55
1137775.71,57.7,28.34,721072.99,36.57
1137476.8,57.72,28.36,721014.38,36.58
1137476.8,57.72,28.36,721014.38,36.58
1137260.66,57.73,28.38,722468.31,36.68
1136961.76,57.75,28.39,723313.28,36.74
1136990.13,57.77,28.41,723285.18,36.75
1136990.13,57.77,28.41,723241.81,36.75
1136990.13,57.77,28.41,723241.81,36.75
1137110.92,57.79,28.43,723209.72,36.76
1137110.92,57.79,28.43,723209.72,36.76
1136812.79,57.81,28.45,723286.42,36.78
1136812.79,57.81,28.45,723286.42,36.78
1136801.67,57.83,28.47,722454.89,36.75
1136505.86,57.84,28.49,722726.95,36.78
1136598.79,57.85,28.49,722715.74,36.78
1136598.79,57.85,28.49,722715.74,36.78
1136372.58,57.87,28.51,723255.91,36.83
1136521.58,57.89,28.53,724039.09,36.88
1136007.85,57.88,28.52,723231.71,36.85
1135897.95,57.9,28.54,723197.47,36.86
1135599.05,57.91,28.55,723606.63,36.9
1135223.15,57.91,28.55,723126.03,36.89
1135223.15,57.91,28.55,723101.7,36.89
1135223.15,57.91,28.55,723101.7,36.89
1134925.03,57.92,28.56,723196.41,36.91
1134925.03,57.92,28.56,723171.13,36.91
1134643.94,57.94,28.58,723763.17,36.96
1134570.59,57.96,28.6,723196.04,36.94
1134463.02,57.98,28.62,723195.47,36.96
1135079.23,58.02,28.66,723272.25,36.97
1135079.23,58.02,28.66,723272.25,36.97
1134968.56,58.04,28.68,722910.12,36.97
1134668.88,58.05,28.69,722867.48,36.98
1134668.88,58.05,28.69,722848.97,36.98
1134373.08,58.06,28.71,722770.27,37.0
1134077.28,58.08,28.72,723247.78,37.04
1133779.15,58.09,28.74,723242.78,37.06
1133934.22,58.11,28.76,723284.85,37.07
1135211.17,58.21,28.85,726454.04,37.25
1135211.17,58.21,28.85,726454.04,37.25
1135253.59,58.23,28.87,726888.58,37.28
1136646.64,58.32,28.96,727167.39,37.31
1136892.25,58.34,28.98,727094.02,37.31
1136594.12,58.36,29.0,727673.33,37.36
1136603.03,58.36,29.0,727416.85,37.35
1136641.77,58.36,29.0,726933.71,37.32
1136342.09,58.37,29.02,728433.54,37.42
1136042.41,58.39,29.03,728925.81,37.46
1135744.28,58.4,29.05,728937.04,37.48
1137906.08,58.54,29.19,728864.05,37.5
1137906.08,58.54,29.19,728864.05,37.5
1138052.76,58.57,29.21,728874.31,37.51
1138300.69,58.59,29.23,729004.37,37.52
1138300.69,58.59,29.23,729004.37,37.52
1138019.6,58.6,29.25,729802.02,37.58
1137719.93,58.62,29.26,730924.15,37.66
1137395.28,58.62,29.26,730897.67,37.67
1137395.28,58.62,29.26,730897.67,37.67
1137395.28,58.62,29.26,730897.67,37.67
1137097.15,58.63,29.27,730877.88,37.69
1136788.56,58.65,29.29,731050.97,37.71
1136552.1,58.64,29.29,731027.23,37.72
1136720.84,58.68,29.32,731840.37,37.78
1136370.89,58.69,29.33,732177.84,37.81
1136370.89,58.69,29.33,732177.84,37.81
1136370.89,58.69,29.33,732177.84,37.81
1136370.89,58.69,29.33,732233.22,37.82
1136370.89,58.69,29.33,732233.22,37.82
1136075.09,58.7,29.35,732201.82,37.83
1136075.09,58.7,29.35,732223.83,37.84
1135766.5,58.72,29.36,732376.89,37.86
1135468.37,58.73,29.38,732342.9,37.88
1135083.57,58.73,29.37,731646.16,37.85
1135083.57,58.73,29.37,731646.16,37.85
1135083.57,58.73,29.37,731624.15,37.85
1134972.9,58.75,29.39,731580.66,37.87
1134972.9,58.75,29.39,731580.66,37.87
1134329.13,58.74,29.39,731050.72,37.86
1134030.23,58.76,29.4,730978.33,37.87
1134176.13,58.78,29.42,731535.78,37.91
1134176.13,58.78,29.42,731535.78,37.91
1133880.32,58.79,29.44,731535.45,37.93
1133247.44,58.79,29.44,731258.67,37.94
1132987.47,58.79,29.43,731004.08,37.93
1132876.81,58.81,29.45,730739.33,37.93
1132876.81,58.81,29.45,730844.88,37.94
1132585.66,58.82,29.47,730557.03,37.94
1132287.54,58.84,29.48,730525.03,37.96
1132006.45,58.85,29.5,731895.01,38.05
1131707.55,58.87,29.51,731790.22,38.07
1131371.85,58.88,29.52,731513.91,38.07
1131156.13,58.88,29.53,731803.88,38.1
1131048.56,58.9,29.55,731761.03,38.11
1131191.1,58.91,29.55,731830.24,38.11
1131191.1,58.91,29.55,731830.24,38.11
1130865.99,58.92,29.57,732122.14,38.15
1130865.99,58.92,29.57,732333.15,38.16
1130567.86,58.94,29.58,732308.08,38.18
1130457.19,58.96,29.6,732135.79,38.18
1130133.63,58.97,29.62,732158.6,38.21
1129835.37,58.99,29.63,733187.12,38.28
1129539.56,59.0,29.65,733334.06,38.31
1129240.66,59.02,29.67,733327.42,38.33
1129240.66,59.02,29.67,733327.42,38.33
1129120.31,59.04,29.68,734318.81,38.39
1129120.31,59.04,29.68,734318.81,38.39
1129120.31,59.04,29.68,734318.81,38.39
1129120.31,59.04,29.68,734318.81,38.39
1129120.31,59.04,29.68,734335.08,38.4
1129120.31,59.04,29.68,734335.08,38.4
1130626.21,59.12,29.76,736643.96,38.52
1130327.31,59.13,29.78,737526.19,38.58
1130644.88,59.15,29.8,737543.95,38.59
1130346.76,59.17,29.82,737518.63,38.61
1130403.32,59.19,29.84,738584.25,38.67
1130431.69,59.21,29.86,739377.24,38.73
1130116.0,59.23,29.88,739923.69,38.78
1130271.07,59.25,29.9,740947.02,38.84
1130161.17,59.27,29.92,740816.16,38.85
1129827.54,59.28,29.93,740560.07,38.86
1129531.74,59.3,29.95,740539.23,38.88
1129232.06,59.31,29.96,741033.2,38.92
1128936.26,59.33,29.98,741028.88,38.94
1128715.55,59.33,29.97,740851.13,38.94
1128597.01,59.34,29.99,740009.87,38.91
1128395.51,59.34,29.99,739814.61,38.91
1129452.7,59.43,30.08,743199.24,39.1
1129452.7,59.43,30.08,743244.65,39.11
1129452.7,59.43,30.08,743317.13,39.11
1129153.03,59.44,30.09,743708.07,39.15
1129201.45,59.45,30.1,744022.67,39.17
1129090.78,59.47,30.11,744223.91,39.2
1128791.1,59.48,30.13,744126.67,39.21
1128495.3,59.5,30.15,744103.49,39.23
1128200.69,59.49,30.14,743819.78,39.22
1127904.89,59.51,30.16,743778.11,39.24
1127606.76,59.52,30.17,743884.77,39.27
1127310.96,59.54,30.19,743984.16,39.29
1127310.96,59.54,30.19,743984.16,39.29
1127080.49,59.56,30.21,743923.39,39.31
1126780.81,59.57,30.22,743843.23,39.33
1126131.82,59.56,30.21,743278.14,39.31
1126131.82,59.56,30.21,743278.14,39.31
1126021.92,59.58,30.23,743258.45,39.33
1126304.58,59.6,30.25,743304.92,39.34
1126006.45,59.62,30.27,743297.18,39.36
1125693.7,59.62,30.27,743187.98,39.36
1125395.57,59.63,30.28,743169.87,39.38
1125102.48,59.65,30.3,742462.86,39.36
1126084.92,59.73,30.38,744362.25,39.49
1125761.35,59.75,30.4,744462.81,39.51
1125910.35,59.77,30.42,744453.52,39.52
1126038.95,59.79,30.44,747960.16,39.72
1125743.15,59.81,30.46,747937.93,39.74
1125444.25,59.83,30.48,748438.67,39.78
1125144.57,59.84,30.49,748424.55,39.81
1125144.57,59.84,30.49,748424.55,39.81
1124846.44,59.86,30.51,748201.01,39.81
1125003.83,59.88,30.53,748477.54,39.84
1125003.83,59.88,30.53,748139.22,39.82
1125003.83,59.88,30.53,748161.82,39.82
1124705.71,59.9,30.55,747915.78,39.83
1124407.58,59.91,30.56,748381.75,39.88
1124407.58,59.91,30.56,748381.75,39.88
1124216.74,59.93,30.59,749793.37,39.97
1124216.74,59.93,30.59,749793.37,39.97
1124216.74,59.93,30.59,749793.37,39.97
1124216.74,59.93,30.59,749793.37,39.97
1124216.74,59.93,30.59,749793.37,39.97
1123895.51,59.95,30.6,749778.08,39.99
1123923.1,59.97,30.62,750003.22,40.02
1123820.22,60.0,30.65,749964.41,40.04
1123829.13,60.0,30.65,750869.07,40.09
1123565.86,60.02,30.67,750907.86,40.11
1123183.3,60.03,30.68,751658.2,40.17
1122884.4,60.04,30.7,752047.24,40.21
1122595.18,60.06,30.71,752137.07,40.24
1122299.38,60.08,30.73,752157.3,40.26
1122371.42,60.08,30.73,752533.54,40.28
1122371.42,60.08,30.73,752533.54,40.28
1122082.2,60.1,30.75,752711.76,40.31
1122082.2,60.1,30.75,752711.76,40.31
1122082.2,60.1,30.75,752711.76,40.31
1122082.2,60.1,30.75,752711.76,40.31
1121971.53,60.12,30.77,752705.43,40.33
1121870.55,60.14,30.79,753681.16,40.4
1121590.63,60.16,30.81,753095.07,40.39
1121590.63,60.16,30.81,753246.05,40.4
1121354.16,60.15,30.81,753222.89,40.41
1121105.25,60.17,30.83,753351.64,40.43
1120410.3,60.17,30.82,753118.26,40.44
1120410.3,60.17,30.82,753095.51,40.44
1120023.23,60.17,30.82,753001.67,40.45
1119725.1,60.18,30.84,752958.31,40.47
1119725.1,60.18,30.84,752878.61,40.47
1119725.1,60.18,30.84,752878.61,40.47
1119429.3,60.2,30.85,752844.01,40.49
1119458.44,60.22,30.88,752792.21,40.5
1119458.44,60.22,30.88,752792.21,40.5
1119162.64,60.24,30.89,753061.23,40.53
1118862.96,60.26,30.91,753474.43,40.58
1118501.85,60.25,30.91,753440.79,40.59
1118741.55,60.28,30.93,753899.23,40.62
1118065.49,60.27,30.93,753103.71,40.6
1118065.49,60.27,30.93,753103.71,40.6
1117680.69,60.27,30.92,754285.64,40.67
1117680.69,60.27,30.92,754265.69,40.67
1117829.69,60.29,30.95,754444.06,40.69
1117497.57,60.3,30.96,754998.19,40.74
1117201.77,60.32,30.98,755281.8,40.78
1117203.92,60.34,31.0,755807.18,40.82
1117203.92,60.34,31.0,755807.18,40.82
1117203.92,60.34,31.0,755807.18,40.82
1117203.92,60.34,31.0,755798.35,40.82
1116905.79,60.36,31.02,755912.89,40.85
1116606.12,60.38,31.03,756786.45,40.92
1116307.99,60.39,31.05,756633.44,40.93
1116307.99,60.39,31.05,756939.58,40.95
1116307.99,60.39,31.05,756939.58,40.95
1116008.31,60.41,31.06,756957.66,40.97
1115709.41,60.42,31.08,756757.65,40.98
1115709.41,60.42,31.08,756694.71,40.98
1117030.18,60.5,31.15,759704.65,41.14
1117030.18,60.5,31.15,759726.93,41.15
1117030.18,60.5,31.15,759726.93,41.15
1116730.51,60.51,31.17,760356.25,41.2
1116953.92,60.53,31.18,760701.68,41.22
1116953.92,60.53,31.18,760701.68,41.22
1116668.67,60.52,31.18,760490.37,41.22
1116343.56,60.54,31.19,761448.16,41.29
1116019.99,60.55,31.21,761406.48,41.31
1115514.2,60.55,31.21,761686.5,41.34
1115514.2,60.55,31.21,761686.5,41.34
1115514.2,60.55,31.21,761686.5,41.34
1115514.2,60.55,31.21,761686.5,41.34
1115569.78,60.55,31.21,761703.78,41.35
1115273.98,60.57,31.23,761707.72,41.37
1115273.98,60.57,31.23,761707.72,41.37
1115696.34,60.63,31.28,763690.81,41.5
1115586.44,60.65,31.3,763962.81,41.53
1115288.32,60.66,31.32,763920.06,41.55
1114990.06,60.68,31.34,763774.68,41.57
1114668.82,60.7,31.36,763754.94,41.59
1114507.75,60.72,31.38,763585.83,41.6
1114507.75,60.72,31.38,763625.33,41.6
1114209.62,60.74,31.4,763790.07,41.63
1113909.94,60.75,31.41,763810.11,41.66
1116480.42,60.93,31.59,768320.91,41.93
1116191.2,60.94,31.6,767997.02,41.93
1116191.2,60.94,31.6,767997.02,41.93
1115929.21,60.96,31.62,767025.04,41.9
1115817.76,60.98,31.64,767340.25,41.93
1115518.86,60.99,31.65,767268.95,41.95
1115518.86,60.99,31.65,767268.95,41.95
1115664.76,61.02,31.68,767685.68,41.99
1115365.86,61.04,31.7,768178.22,42.04
1115365.86,61.04,31.7,768178.22,42.04
1115066.18,61.05,31.71,768955.22,42.1
1114905.24,61.05,31.71,768248.89,42.07
1114587.41,61.07,31.73,767816.87,42.07
1114587.41,61.07,31.73,767816.87,42.07
1114587.41,61.07,31.73,767816.87,42.07
1114260.1,61.08,31.74,768038.1,42.1
1114099.99,61.1,31.76,767335.23,42.08
1114246.67,61.12,31.79,767455.66,42.1
1113948.54,61.14,31.8,767443.32,42.12
1113650.41,61.16,31.82,767490.54,42.15
1113650.41,61.16,31.82,767490.54,42.15
1113352.28,61.18,31.84,767200.04,42.16
1112967.48,61.17,31.83,766812.95,42.15
1112718.97,61.17,31.83,766670.5,42.15
1112423.17,61.19,31.85,766651.58,42.17
1112567.95,61.23,31.89,766953.57,42.21
1112269.82,61.25,31.91,766862.81,42.23
1111933.85,61.26,31.93,766538.38,42.23
1111634.95,61.28,31.94,766726.53,42.27
1111634.95,61.28,31.94,766750.31,42.27
1111336.04,61.3,31.96,767240.56,42.32
1111036.37,61.32,31.98,767594.51,42.36
1111036.37,61.32,31.98,767594.51,42.36
1110736.69,61.33,32.0,767607.73,42.39
1110437.02,61.33,31.99,767227.14,42.38
1110141.22,61.35,32.01,767327.11,42.41
1109834.18,61.37,32.03,766416.87,42.38
1109723.51,61.39,32.05,766382.88,42.4
1109338.71,61.38,32.05,766148.36,42.39
1109039.03,61.4,32.06,766309.94,42.43
1109039.03,61.4,32.06,766309.94,42.43
1108744.43,61.4,32.06,766061.58,42.42
1108995.07,61.42,32.08,765202.85,42.38
1108821.26,61.45,32.11,765792.42,42.44
1108711.36,61.47,32.13,766507.26,42.49
1108387.03,61.48,32.15,766820.01,42.54
1108706.92,61.51,32.17,766825.74,42.54
1108490.79,61.53,32.19,767383.46,42.6
1109391.59,61.6,32.26,767670.41,42.62
1109391.59,61.6,32.26,767670.41,42.62
1108874.61,61.6,32.27,766845.45,42.6
1108716.65,61.6,32.26,766691.72,42.6
1108716.65,61.6,32.26,766691.72,42.6
1108716.65,61.6,32.26,766691.72,42.6
1108013.23,61.59,32.26,766501.35,42.61
1107794.13,61.62,32.28,765726.16,42.59
1107495.23,61.63,32.3,765669.18,42.61
1107279.09,61.66,32.32,765840.18,42.64
1107168.42,61.68,32.34,766198.96,42.68
1107168.42,61.68,32.34,766198.96,42.68
1106885.41,61.68,32.34,766737.92,42.72
1106586.51,61.7,32.36,766761.29,42.75
1106290.7,61.71,32.38,766742.09,42.77
1105995.67,61.73,32.39,766781.21,42.8
1105724.49,61.75,32.41,766254.69,42.79
1105724.49,61.75,32.41,766254.69,42.79
1106042.06,61.78,32.44,766934.53,42.84
1105743.93,61.79,32.46,766898.14,42.86
1105498.48,61.82,32.48,767077.05,42.89
1105199.58,61.83,32.5,766929.65,42.91
1104890.99,61.85,32.51,766760.62,42.92
1105135.83,61.88,32.54,767092.13,42.95
1105135.83,61.88,32.54,767092.13,42.95
1105499.81,61.91,32.57,769793.72,43.11
1105200.13,61.93,32.59,769954.73,43.14
1105200.13,61.93,32.59,769954.73,43.14
1105428.79,61.96,32.62,770298.23,43.18
1105536.14,62.0,32.66,770131.95,43.19
1105244.47,61.99,32.66,769956.17,43.19
1105244.47,61.99,32.66,769956.17,43.19
1104946.34,62.01,32.68,769783.94,43.2
1104621.23,62.03,32.69,770208.99,43.25
1104341.3,62.05,32.71,770738.09,43.3
1104043.17,62.07,32.73,770747.09,43.33
1104189.85,62.09,32.76,770705.78,43.34
1103790.88,62.09,32.75,771344.51,43.39
1103790.88,62.09,32.75,771344.51,43.39
1103680.99,62.11,32.77,771279.18,43.4
1103720.61,62.13,32.8,772537.64,43.49
1103422.48,62.15,32.82,772494.33,43.51
1103747.28,62.18,32.84,772958.32,43.54
1104395.54,62.22,32.88,773635.59,43.58
1104395.54,62.22,32.88,773635.59,43.58
1104399.34,62.22,32.88,773775.51,43.59
1104101.21,62.23,32.9,773908.5,43.62
1104101.21,62.23,32.9,773908.5,43.62
1104101.21,62.23,32.9,773873.42,43.62
1103801.53,62.25,32.92,774921.45,43.7
1103574.67,62.27,32.94,777136.38,43.85
1102383.71,62.35,33.01,777414.94,43.97
1102087.91,62.37,33.03,777387.74,43.99
1102236.91,62.39,33.06,777996.52,44.04
1102127.01,62.41,33.08,778199.34,44.07
1101828.89,62.43,33.1,778282.66,44.1
1101533.08,62.45,33.12,778263.54,44.12
1101533.08,62.45,33.12,778263.54,44.12
1101234.18,62.47,33.14,777945.88,44.13
1101234.18,62.47,33.14,777945.88,44.13
1101990.22,62.51,33.18,779393.43,44.21
1101990.22,62.51,33.18,779393.43,44.21
1101236.65,62.51,33.17,778662.95,44.2
1100937.75,62.52,33.19,778997.52,44.24
1100827.86,62.55,33.21,778869.7,44.25
1100827.86,62.55,33.21,778591.68,44.24
1100615.36,62.57,33.24,778488.12,44.26
1100615.36,62.57,33.24,778488.12,44.26
1100503.91,62.59,33.26,778879.05,44.3
1100503.91,62.59,33.26,778859.1,44.3
1100205.79,62.61,33.28,778720.32,44.32
1099859.31,62.62,33.29,778138.06,44.3
1099761.67,62.63,33.29,778442.09,44.33
1099463.54,62.64,33.31,778404.09,44.35
1099182.45,62.66,33.33,778195.81,44.36
1099182.45,62.66,33.33,778195.81,44.36
1098943.03,62.67,33.33,778311.87,44.38
1098647.23,62.69,33.35,778271.49,44.41
1098877.33,62.72,33.39,777765.13,44.39
1099024.0,62.75,33.41,777854.81,44.41
1098851.51,62.76,33.43,778529.35,44.47
1098553.38,62.78,33.45,778236.5,44.48
1098702.38,62.81,33.48,779407.89,44.56
1098403.48,62.83,33.49,779400.7,44.58
1098105.35,62.85,33.51,779248.15,44.6
1097948.88,62.84,33.51,779101.3,44.59
1097667.8,62.86,33.53,779049.87,44.62
1097592.77,62.89,33.56,777784.9,44.56
1097592.77,62.89,33.56,777784.9,44.56
1097674.76,62.89,33.56,777505.86,44.55
1097563.31,62.92,33.58,777837.03,44.59
1097709.21,62.94,33.61,778680.33,44.65
1097411.94,62.94,33.6,778455.79,44.64
1097373.71,62.96,33.63,777280.88,44.6
1097876.82,63.0,33.67,779416.29,44.73
1097553.25,63.02,33.69,780057.6,44.79
1097253.58,63.04,33.71,780955.55,44.87
1097501.51,63.06,33.73,781785.21,44.92
1097391.49,63.09,33.75,782691.09,44.99
1097827.45,63.15,33.82,782894.77,45.03
1097694.45,63.17,33.84,782881.35,45.05
1097455.81,63.19,33.86,784318.45,45.16
1097461.24,63.19,33.86,784508.19,45.17
1097490.38,63.22,33.89,785357.08,45.24
1097781.74,63.24,33.91,785337.29,45.24
1097482.84,63.26,33.93,785319.2,45.27
1097184.71,63.28,33.95,785298.58,45.29
1097184.71,63.28,33.95,785298.58,45.29
1097184.71,63.28,33.95,785298.58,45.29
1097074.04,63.3,33.97,785228.51,45.31
1096739.91,63.32,33.99,785074.63,45.33
1096885.3,63.33,34.0,785697.98,45.36
1096830.58,63.36,34.03,787143.59,45.47
1096532.45,63.38,34.05,787733.66,45.53
1096532.45,63.38,34.05,787733.66,45.53
1096401.95,63.38,34.05,787786.14,45.54
1095948.22,63.38,34.05,788198.49,45.58
1095882.16,63.41,34.08,788885.81,45.65
1095523.23,63.43,34.1,788540.54,45.65
1095240.79,63.45,34.12,788272.23,45.66
1094892.92,63.46,34.14,788095.83,45.68
1094565.65,63.46,34.13,787772.17,45.67
1094594.79,63.48,34.15,788423.52,45.73
1094305.57,63.5,34.17,788423.0,45.75
1094305.57,63.5,34.17,788423.0,45.75
1094305.57,63.5,34.17,788642.02,45.77
1094198.0,63.53,34.2,788623.68,45.79
1094198.0,63.53,34.2,788608.18,45.79
1094167.51,63.56,34.23,787445.36,45.74
1093868.61,63.57,34.25,787785.24,45.79
1093758.72,63.6,34.27,787764.18,45.81
1093531.86,63.62,34.29,788041.4,45.85
1093206.75,63.64,34.31,787900.64,45.87
1092908.62,63.66,34.33,787867.2,45.89
1092600.03,63.68,34.35,787844.73,45.92
1092847.97,63.71,34.38,787861.33,45.93
1093045.64,63.75,34.43,788880.03,46.01
1092747.52,63.77,34.45,788846.27,46.04
1092447.84,63.79,34.47,790854.74,46.18
1092150.67,63.81,34.49,790986.67,46.22
1092445.13,63.84,34.51,791022.19,46.23
1092445.13,63.84,34.51,791022.19,46.23
1092146.23,63.86,34.53,791579.06,46.28
1092146.23,63.86,34.53,791579.06,46.28
1091857.03,63.85,34.53,791364.77,46.28
1091419.65,63.85,34.52,790914.76,46.27
1091447.25,63.88,34.55,791243.7,46.31
1092196.02,63.96,34.63,794897.71,46.55
1091673.21,63.96,34.64,793961.79,46.52
1091673.21,63.96,34.64,793920.74,46.52
1091474.54,63.99,34.67,792852.36,46.48
1091598.24,64.04,34.71,793920.4,46.57
1091818.18,64.06,34.74,794868.19,46.64
1092063.01,64.09,34.76,794848.66,46.65
1092988.12,64.18,34.86,797288.83,46.82
1092673.18,64.18,34.85,797318.1,46.83
1091940.73,64.17,34.85,796528.99,46.81
1091642.6,64.19,34.87,797003.18,46.87
1091342.92,64.21,34.89,797238.71,46.91
1091233.03,64.24,34.91,797318.32,46.94
1090934.13,64.26,34.93,797391.9,46.97
1090638.32,64.28,34.95,797362.78,46.99
1090519.52,64.3,34.98,796661.64,46.98
1090183.82,64.32,35.0,796940.86,47.02
1089885.69,64.34,35.02,796849.35,47.04
1089587.43,64.36,35.04,796069.51,47.02
1089479.86,64.39,35.06,796045.25,47.04
1089406.51,64.41,35.09,795488.07,47.03
1089108.38,64.43,35.11,795467.75,47.06
1089108.38,64.43,35.11,795734.28,47.08
1088983.56,64.43,35.11,795637.07,47.08
1088668.09,64.43,35.11,795329.1,47.07
1088369.19,64.45,35.13,795721.71,47.12
1088369.19,64.45,35.13,795663.82,47.12
1088073.38,64.47,35.15,795971.2,47.17
1087775.26,64.5,35.17,795948.46,47.19
1087477.13,64.52,35.19,796536.82,47.26
1087181.32,64.54,35.21,796975.59,47.31
1087300.56,64.57,35.24,798458.88,47.41
1087549.43,64.59,35.27,798695.74,47.44
1087449.48,64.62,35.29,797714.61,47.4
1087766.71,64.64,35.32,798368.18,47.44
1087395.09,64.64,35.32,798419.95,47.46
1087095.42,64.66,35.34,798784.19,47.51
1087614.22,64.73,35.41,799295.86,47.57
1087614.22,64.73,35.41,799295.86,47.57
1087614.22,64.73,35.41,799295.86,47.57
1087834.94,64.76,35.44,799570.35,47.6
1087971.16,64.79,35.46,800458.56,47.67
1088117.06,64.81,35.49,801517.92,47.74
1087810.24,64.83,35.51,801644.92,47.78
1087512.11,64.85,35.53,801702.29,47.81
1087213.21,64.88,35.55,802366.05,47.88
1087213.21,64.88,35.55,802366.05,47.88
1087213.21,64.88,35.55,802326.55,47.88
1087213.21,64.88,35.55,802326.55,47.88
1087103.31,64.9,35.58,802312.89,47.9
1086666.0,64.9,35.57,801769.28,47.88
1086666.0,64.9,35.57,801769.28,47.88
1086370.19,64.92,35.59,801651.86,47.9
1086370.19,64.92,35.59,801651.86,47.9
1086236.82,64.95,35.62,803421.39,48.04
1086126.15,64.97,35.65,803270.01,48.05
1086272.05,65.0,35.68,803202.86,48.06
1086418.72,65.03,35.7,802896.08,48.06
1086119.05,65.05,35.72,803220.35,48.1
1086119.05,65.05,35.72,803220.35,48.1
1085819.37,65.07,35.75,803792.3,48.17
1085519.69,65.09,35.77,804161.65,48.22
1085220.01,65.11,35.79,804220.12,48.25
1085112.44,65.14,35.81,804217.44,48.27
1084823.23,65.16,35.84,803913.73,48.29
1084968.35,65.18,35.86,805025.68,48.37
1084644.79,65.2,35.88,805002.98,48.39
1084348.98,65.23,35.91,804982.97,48.42
1084473.32,65.27,35.95,805434.75,48.48
1084473.32,65.27,35.95,805434.75,48.48
1084473.32,65.27,35.95,806041.01,48.51
1084365.75,65.3,35.98,806285.29,48.55
1084365.75,65.3,35.98,806285.29,48.55
1084066.07,65.32,36.0,806541.02,48.6
1084066.07,65.32,36.0,806541.02,48.6
1085665.69,65.46,36.13,807050.15,48.66
1085665.69,65.46,36.13,807050.15,48.66
1085665.69,65.46,36.13,807050.15,48.66
1085566.24,65.46,36.14,807046.68,48.66
1085456.35,65.48,36.16,807221.88,48.7
1085261.46,65.48,36.16,807075.37,48.69
1085150.79,65.5,36.18,806908.44,48.71
1085150.79,65.5,36.18,806908.44,48.71
1085150.79,65.5,36.18,806908.44,48.71
1084869.71,65.53,36.2,808335.45,48.82
1084869.71,65.53,36.2,808335.45,48.82
1084613.32,65.55,36.23,808690.97,48.87
1084317.51,65.57,36.25,809041.67,48.92
1084464.19,65.6,36.28,809699.82,48.98
1084165.28,65.62,36.3,809977.05,49.03
1083326.29,65.61,36.29,809152.06,49.0
1083030.49,65.63,36.31,809134.47,49.03
1083180.26,65.66,36.34,811184.33,49.17
1082882.13,65.68,36.36,811077.09,49.19
1082771.47,65.71,36.39,811107.33,49.22
1082486.04,65.71,36.39,810798.1,49.22
1082101.23,65.7,36.38,810678.42,49.22
1081802.33,65.73,36.41,810639.49,49.25
1082047.94,65.75,36.43,812194.56,49.35
1082047.94,65.75,36.43,812194.56,49.35
1081722.83,65.77,36.45,812213.26,49.39
1081722.83,65.77,36.45,812213.26,49.39
1081966.89,65.8,36.48,812816.91,49.43
1081966.89,65.8,36.48,812816.91,49.43
1082286.44,65.82,36.51,813007.47,49.45
1082005.36,65.85,36.53,812924.15,49.47
1081540.83,65.86,36.54,812794.44,49.49
1081304.37,65.86,36.54,812560.35,49.49
1081304.37,65.86,36.54,812560.35,49.49
1081333.51,65.89,36.57,812807.59,49.52
1081033.83,65.91,36.59,813333.69,49.59
1080922.39,65.93,36.62,813680.77,49.63
1080622.71,65.96,36.64,814767.32,49.73
1080622.71,65.96,36.64,814767.32,49.73
1080326.91,65.98,36.66,814743.72,49.76
1081049.35,66.02,36.7,815420.41,49.8
1080725.02,66.04,36.73,815402.67,49.83
1081325.9,66.12,36.8,815457.94,49.86
1084100.58,66.33,37.01,819164.94,50.12
1084100.58,66.33,37.01,819164.94,50.12
1084100.58,66.33,37.01,819164.94,50.12
1084100.58,66.33,37.01,819164.94,50.12
1083715.77,66.32,37.01,819112.63,50.13
1083428.21,66.35,37.03,819401.65,50.18
1083103.61,66.34,37.02,819120.88,50.17
1083385.49,66.37,37.05,819399.51,50.19
1083089.69,66.39,37.07,819979.67,50.26
1083089.69,66.39,37.07,819979.67,50.26
1083089.69,66.39,37.07,819979.67,50.26
1082978.25,66.41,37.1,820885.93,50.34
1082679.34,66.44,37.12,820623.35,50.36
1083281.74,66.47,37.16,823047.11,50.51
1082834.34,66.49,37.17,822885.18,50.53
1082483.16,66.49,37.17,822787.06,50.53
1082373.27,66.51,37.19,823018.95,50.57
1082494.06,66.54,37.22,823916.72,50.65
1082384.16,66.57,37.25,823954.84,50.67
1082085.26,66.59,37.27,823999.7,50.71
1081789.46,66.61,37.3,823941.56,50.74
1082211.16,66.64,37.32,824416.14,50.76
1081930.07,66.66,37.35,825833.95,50.88
1081634.27,66.69,37.37,826486.39,50.96
1081335.37,66.71,37.39,826419.34,50.98
1081224.7,66.73,37.42,826850.9,51.03
1080607.8,66.74,37.42,826172.3,51.02
1080445.38,66.76,37.44,826000.15,51.04
1080583.67,66.79,37.47,826123.79,51.06
1080429.91,66.79,37.47,825720.73,51.04
1080429.91,66.79,37.47,825720.73,51.04
1080302.49,66.81,37.49,826607.73,51.12
1080004.36,66.83,37.52,826652.42,51.15
1079705.46,66.85,37.54,827149.46,51.22
1079409.65,66.88,37.56,827636.09,51.28
1079113.85,66.9,37.58,827801.79,51.32
1078817.98,66.92,37.61,828231.29,51.38
1078519.08,66.95,37.63,828951.97,51.46
1078807.43,66.97,37.66,829443.97,51.49
1078835.79,67.0,37.69,829987.96,51.55
1078725.12,67.03,37.71,829850.35,51.57
1078973.06,67.06,37.74,830061.66,51.59
1078973.06,67.06,37.74,830061.66,51.59
1078973.06,67.06,37.74,830061.66,51.59
1079734.69,67.13,37.81,830945.49,51.66
1079435.01,67.15,37.83,831075.72,51.7
1079201.05,67.18,37.86,831862.15,51.78
1079201.05,67.18,37.86,831862.15,51.78
1079008.89,67.18,37.87,832455.58,51.83
1078710.76,67.21,37.89,832452.44,51.86
1078710.76,67.21,37.89,832430.46,51.86
1078325.96,67.2,37.89,832020.24,51.85
1078044.88,67.23,37.91,832015.31,51.88
1078044.88,67.23,37.91,832015.31,51.88
1078119.52,67.26,37.94,832259.21,51.92
1077821.39,67.28,37.96,832221.36,51.95
1077874.07,67.28,37.97,832020.28,51.94
1077541.08,67.3,37.99,831864.99,51.96
1077569.45,67.33,38.02,831812.37,51.98
1077569.45,67.33,38.02,831812.37,51.98
1077569.45,67.33,38.02,831812.37,51.98
1077569.45,67.33,38.02,831812.37,51.98
1077271.32,67.36,38.04,831521.53,51.99
1076896.52,67.35,38.04,831442.12,52.0
1076524.61,67.36,38.05,831543.56,52.03
1076225.33,67.39,38.07,831678.17,52.07
1075927.2,67.41,38.1,831670.25,52.11
1075628.3,67.43,38.12,831809.78,52.15
1075304.74,67.46,38.14,832328.31,52.21
1075430.8,67.51,38.2,832395.7,52.25
1075320.91,67.53,38.22,832292.44,52.27
1075320.91,67.53,38.22,832292.44,52.27
1075383.5,67.55,38.24,833311.58,52.34
1074969.48,67.54,38.23,833517.34,52.37
1074645.14,67.57,38.26,833489.42,52.4
1074645.14,67.57,38.26,833890.42,52.43
1074349.33,67.59,38.28,834161.48,52.48
1074051.21,67.61,38.31,834728.58,52.55
1074051.21,67.61,38.31,834728.58,52.55
1073537.47,67.61,38.3,834809.3,52.58
1073663.54,67.66,38.35,835007.71,52.62
1073388.58,67.69,38.38,834594.47,52.63
1072837.79,67.69,38.38,834361.69,52.64
1072704.78,67.71,38.4,834329.9,52.67
1074027.19,67.8,38.49,835746.85,52.75
1073777.48,67.82,38.51,837798.58,52.92
1073777.48,67.82,38.51,837798.58,52.92
1073777.48,67.82,38.51,837798.58,52.92
1073618.35,67.83,38.52,838830.52,53.0
1073852.17,67.88,38.57,839064.79,53.03
1073599.9,67.9,38.59,839768.54,53.11
1073599.9,67.9,38.59,839768.54,53.11
1073226.71,67.9,38.59,838983.43,53.08
1072905.47,67.92,38.62,838968.04,53.11
1072905.47,67.92,38.62,838968.04,53.11
1072974.55,67.97,38.66,839006.74,53.15
1072974.55,67.97,38.66,839006.74,53.15
1072824.4,67.99,38.69,838901.73,53.17
1073544.86,68.04,38.73,839750.72,53.22
1073093.31,68.05,38.74,839168.89,53.21
1072870.55,68.07,38.76,838501.52,53.2
1072870.55,68.07,38.76,838501.52,53.2
1073053.25,68.1,38.79,839196.09,53.26
1073308.38,68.11,38.81,842579.91,53.47
1073382.35,68.15,38.85,842195.52,53.48
1073272.45,68.18,38.88,842268.03,53.51
1073180.77,68.21,38.91,841882.41,53.51
1072964.66,68.23,38.93,841183.9,53.49
1072675.44,68.26,38.95,841490.38,53.55
1072448.58,68.29,38.98,841664.5,53.59
1071954.33,68.3,38.99,840716.93,53.57
1071844.44,68.33,39.02,840859.66,53.6
1071546.31,68.35,39.05,840606.12,53.62
1071546.31,68.35,39.05,840606.12,53.62
1071250.5,68.38,39.07,841291.02,53.7
1070961.28,68.4,39.1,841181.96,53.73
1070692.21,68.43,39.12,841277.76,53.77
1070455.86,68.43,39.13,841597.73,53.8
1070455.86,68.43,39.13,841597.73,53.8
1070455.86,68.43,39.13,841597.73,53.8
1070588.9,68.49,39.18,841480.48,53.83
1070480.27,68.48,39.18,841372.13,53.83
1070156.71,68.51,39.2,841380.86,53.86
1070343.11,68.54,39.24,843623.45,54.02
1069971.11,68.55,39.25,843009.72,54.01
1069971.11,68.55,39.25,843009.72,54.01
1069672.98,68.58,39.27,842675.44,54.02
1069373.3,68.6,39.3,842847.61,54.07
1069540.47,68.64,39.34,843810.26,54.15
1069631.65,68.69,39.39,845342.86,54.29
1069521.75,68.72,39.42,845616.42,54.33
1069223.62,68.74,39.44,845594.19,54.37
1068938.5,68.75,39.44,845721.18,54.39
1069084.4,68.78,39.47,846157.28,54.43
1068854.83,68.81,39.5,845903.88,54.45
1068747.26,68.83,39.53,845884.34,54.48
1068747.26,68.83,39.53,845884.34,54.48
1068449.14,68.86,39.56,845904.48,54.52
1068449.14,68.86,39.56,845904.48,54.52
1068577.99,68.89,39.59,845890.11,54.53
1068315.89,68.92,39.61,845792.26,54.56
1068315.89,68.92,39.61,845770.25,54.56
1068315.89,68.92,39.61,845745.25,54.56
1068020.86,68.94,39.64,845971.84,54.61
1067722.73,68.97,39.67,845966.23,54.64
1067525.95,68.97,39.67,845926.39,54.65
1067415.92,69.0,39.7,845033.92,54.62
1067092.36,69.02,39.72,845710.7,54.7
1067092.36,69.02,39.72,845710.7,54.7
1066797.03,69.02,39.72,845401.42,54.69
1069443.89,69.19,39.89,847415.08,54.82
1069135.3,69.21,39.91,848103.99,54.9
1068740.5,69.21,39.91,848136.07,54.92
1068037.72,69.21,39.91,847368.2,54.91
1068037.72,69.21,39.91,847368.2,54.91
1067849.22,69.22,39.92,846987.48,54.9
1067524.11,69.24,39.94,847431.45,54.96
1067199.0,69.26,39.97,847633.43,55.01
1066899.32,69.29,39.99,847764.51,55.06
1066992.63,69.32,40.03,846624.9,55.01
1066992.63,69.32,40.03,846624.9,55.01
1066711.55,69.35,40.06,846313.23,55.02
1067144.37,69.39,40.09,849537.35,55.24
1067227.92,69.42,40.12,850367.15,55.31
1067227.92,69.42,40.12,850396.46,55.31
1067914.71,69.51,40.21,850233.07,55.34
1067914.71,69.51,40.21,850233.07,55.34
1068160.32,69.54,40.24,850127.78,55.34
1068160.32,69.54,40.24,850127.78,55.34
1068160.32,69.54,40.24,850127.78,55.34
1067860.64,69.56,40.27,851601.95,55.48
1067623.89,69.56,40.27,851306.04,55.47
1067623.89,69.56,40.27,851306.04,55.47
1067623.89,69.56,40.27,851306.04,55.47
1067387.13,69.56,40.27,851600.0,55.5
1067121.83,69.59,40.3,851611.52,55.54
1066822.15,69.62,40.32,851917.04,55.59
1066773.88,69.62,40.32,851892.33,55.59
1066475.75,69.64,40.35,851815.94,55.62
1066151.42,69.67,40.37,851825.39,55.66
1066151.42,69.67,40.37,851825.39,55.66
1065827.85,69.69,40.4,851812.17,55.7
1065551.18,69.72,40.43,851621.53,55.72
1065251.5,69.74,40.45,851640.02,55.76
1065251.5,69.74,40.45,851640.02,55.76
1065533.39,69.77,40.48,852084.56,55.79
1065533.39,69.77,40.48,852084.56,55.79
1065533.39,69.77,40.48,852084.56,55.79
1065281.01,69.79,40.5,851477.48,55.78
1064981.33,69.82,40.52,852693.92,55.9
1064981.33,69.82,40.52,852693.92,55.9
1064683.2,69.84,40.55,852363.01,55.91
1064683.2,69.84,40.55,852340.99,55.91
1064383.53,69.87,40.58,852946.51,55.99
1064530.2,69.9,40.61,852907.42,56.0
1064530.2,69.9,40.61,852907.42,56.0
1064530.2,69.9,40.61,852907.42,56.0
1064675.33,69.93,40.64,854231.89,56.11
1064675.33,69.93,40.64,854231.89,56.11
1064675.33,69.93,40.64,854268.24,56.11
1064896.82,69.96,40.67,854270.04,56.12
1064607.62,69.96,40.67,854164.43,56.13
1065550.37,70.02,40.73,855761.01,56.23
1065350.36,70.02,40.73,855644.98,56.24
1064623.38,70.02,40.72,854818.11,56.22
1064623.38,70.02,40.72,854818.11,56.22
1064623.38,70.02,40.72,854818.11,56.22
1064243.98,70.01,40.72,854422.15,56.21
1063944.3,70.04,40.75,855244.19,56.3
1063649.27,70.07,40.77,855213.33,56.34
1063349.59,70.09,40.8,855349.14,56.38
1063049.92,70.12,40.83,855663.99,56.44
1063049.92,70.12,40.83,855663.99,56.44
1063159.42,70.15,40.86,854359.76,56.38
1063047.98,70.18,40.89,855134.25,56.46
1063047.98,70.18,40.89,855134.25,56.46
1063113.31,70.23,40.94,855667.51,56.53
1062817.51,70.26,40.97,855556.08,56.56
1062517.83,70.29,41.0,855490.64,56.59
1062218.15,70.31,41.02,855729.97,56.65
1061991.3,70.35,41.05,857199.87,56.78
1061697.02,70.37,41.08,857185.83,56.82
1061382.07,70.37,41.08,856792.65,56.81
1061272.18,70.4,41.11,856812.36,56.84
1061272.18,70.4,41.11,857142.07,56.86
1061332.27,70.41,41.12,857155.32,56.86
1062070.55,70.5,41.21,860202.55,57.1
1061774.74,70.53,41.24,860193.48,57.14
1061493.66,70.56,41.27,860175.45,57.18
1062095.77,70.6,41.31,860805.23,57.22
1062095.77,70.6,41.31,860805.23,57.22
1061799.96,70.63,41.34,861806.27,57.32
1061563.21,70.63,41.33,862208.64,57.36
1061221.69,70.62,41.33,861735.02,57.35
1060925.88,70.65,41.36,861845.93,57.39
1061338.54,70.73,41.44,863074.71,57.51
1061338.54,70.73,41.44,863074.71,57.51
1061025.78,70.73,41.44,863043.93,57.53
1060268.39,70.72,41.44,862265.43,57.52
1060268.39,70.72,41.44,862265.43,57.52
1060268.39,70.72,41.44,862265.43,57.52
1060268.39,70.72,41.44,862265.43,57.52
1060612.16,70.79,41.51,862821.63,57.59
1060312.49,70.82,41.53,862815.86,57.63
1060312.49,70.82,41.53,862815.86,57.63
1060312.49,70.82,41.53,862815.86,57.63
1060312.49,70.82,41.53,862800.79,57.63
1060013.58,70.85,41.56,862776.02,57.67
1059728.33,70.85,41.55,862481.0,57.66
1059941.14,70.9,41.61,861882.27,57.65
1060062.38,70.93,41.64,863031.36,57.75
1060226.1,70.96,41.67,862862.74,57.75
1060226.1,70.96,41.67,862851.23,57.75
1059930.3,70.99,41.7,862865.17,57.79
1060212.23,71.06,41.77,862698.95,57.82
1059876.55,71.06,41.77,862843.2,57.85
1059540.86,71.06,41.77,862481.11,57.84
1059540.86,71.06,41.77,862481.11,57.84
1060532.46,71.17,41.88,862561.25,57.88
1060532.46,71.17,41.88,862579.81,57.89
1059981.67,71.17,41.88,862166.87,57.89
1059981.67,71.17,41.88,862271.81,57.9
1059981.67,71.17,41.88,862271.81,57.9
1059630.86,71.2,41.91,861446.86,57.88
1059213.13,71.19,41.9,861015.06,57.87
1059022.29,71.22,41.94,863443.02,58.07
1058726.49,71.25,41.96,865074.13,58.22
1058726.49,71.25,41.96,865074.13,58.22
1058726.49,71.25,41.96,865074.13,58.22
1058341.69,71.25,41.96,864679.4,58.21
1058341.69,71.25,41.96,864679.4,58.21
1058758.26,71.33,42.04,865668.68,58.32
1058509.48,71.36,42.07,866151.27,58.39
1058048.65,71.36,42.08,866193.46,58.42
1058048.65,71.36,42.08,866193.46,58.42
1058048.65,71.36,42.08,866193.46,58.42
1057763.4,71.36,42.07,866031.86,58.43
1057651.96,71.39,42.1,866417.22,58.48
1057267.15,71.39,42.1,866003.38,58.47
1056883.96,71.39,42.1,865621.03,58.47
1056883.96,71.39,42.1,866184.55,58.51
1057113.11,71.42,42.13,867676.07,58.62
1056814.2,71.45,42.16,867632.76,58.66
1056516.07,71.48,42.19,867376.93,58.68
1056516.07,71.48,42.19,867376.93,58.68
1056624.17,71.51,42.22,868348.56,58.77
1056860.09,71.54,42.25,870277.15,58.91
1056564.29,71.57,42.28,870429.98,58.96
1056564.29,71.57,42.28,870429.98,58.96
1056812.58,71.59,42.3,871557.54,59.04
1056812.58,71.59,42.3,871544.04,59.04
1056489.01,71.61,42.33,872098.12,59.11
1056163.9,71.64,42.35,872142.59,59.16
1056163.9,71.64,42.35,872142.59,59.16
1056163.9,71.64,42.35,872142.59,59.16
1056163.9,71.64,42.35,872142.59,59.16
1056163.9,71.64,42.35,872142.59,59.16
1056312.9,71.67,42.39,872535.23,59.2
1056031.82,71.7,42.42,872534.6,59.24
1055673.14,71.71,42.42,872144.58,59.24
1055341.69,71.72,42.44,871423.87,59.22
1055341.69,71.72,42.44,871423.87,59.22
1055042.01,71.75,42.47,871979.35,59.3
1056014.91,71.84,42.55,872564.66,59.36
1056014.91,71.84,42.55,872564.66,59.36
1055716.78,71.87,42.58,873179.43,59.44
1055393.83,71.87,42.59,872874.88,59.44
1055013.57,71.87,42.58,872471.07,59.43
1055013.57,71.87,42.58,872448.94,59.43
1055001.25,71.87,42.58,872443.95,59.43
1054289.86,71.87,42.58,872022.42,59.44
1053990.96,71.9,42.61,871623.88,59.46
1054136.86,71.93,42.65,871552.42,59.47
1053837.18,71.96,42.68,872205.11,59.56
1053837.18,71.96,42.68,872205.11,59.56
1053727.29,71.99,42.71,872362.9,59.6
1053428.38,72.02,42.74,872293.46,59.64
1053428.38,72.02,42.74,872293.46,59.64
1053156.21,72.05,42.77,872241.25,59.67
1052940.07,72.09,42.8,873209.49,59.78
1052940.07,72.09,42.8,873231.95,59.78
1052940.07,72.09,42.8,873231.95,59.78
1052650.85,72.11,42.83,873359.39,59.83
1052100.06,72.12,42.83,873527.01,59.88
1051873.59,72.15,42.87,873645.04,59.93
1052951.73,72.27,42.99,873540.69,59.96
1052655.93,72.3,43.02,873848.61,60.02
1052465.09,72.34,43.06,875299.1,60.16
1052175.88,72.37,43.09,875166.77,60.2
1051840.18,72.4,43.11,874892.8,60.22
1051259.03,72.41,43.12,874349.4,60.22
1050757.8,72.42,43.14,874124.76,60.25
1051016.7,72.45,43.17,874157.03,60.26
1051645.79,72.54,43.26,873894.48,60.28
1051297.31,72.57,43.29,874694.23,60.38
1051297.31,72.57,43.29,874665.26,60.38
1051393.58,72.63,43.35,874522.07,60.41
1051231.37,72.63,43.35,874446.46,60.41
1051231.37,72.63,43.35,874343.99,60.41
1051040.14,72.65,43.37,873274.26,60.37
1051061.08,72.66,43.38,873479.8,60.38
1050977.13,72.69,43.41,873741.95,60.43
1050761.0,72.73,43.45,874135.38,60.5
1051008.93,72.76,43.48,874402.03,60.53
1051008.93,72.76,43.48,874402.03,60.53
1051008.93,72.76,43.48,874402.03,60.53
1050713.12,72.79,43.51,874388.6,60.57
1050713.12,72.79,43.51,874388.6,60.57
1050713.12,72.79,43.51,874370.52,60.57
1050447.82,72.82,43.54,875411.84,60.69
1050152.02,72.85,43.57,875391.57,60.73
1049853.89,72.88,43.6,875348.72,60.77
1049853.89,72.88,43.6,875348.72,60.77
1049856.05,72.91,43.64,876176.13,60.85
1049557.15,72.94,43.67,875998.36,60.88
1049557.15,72.94,43.67,875975.7,60.88
1049172.34,72.94,43.66,875572.01,60.87
1048873.44,72.97,43.69,875508.03,60.91
1048574.54,73.0,43.72,875926.62,60.98
1047973.72,73.01,43.73,875417.17,60.99
1047744.15,73.05,43.77,875987.17,61.07
1047444.47,73.08,43.8,876027.12,61.12
1047444.47,73.08,43.8,876027.12,61.12
1047146.34,73.11,43.83,877285.48,61.25
1046847.44,73.14,43.86,877231.23,61.29
1047320.52,73.22,43.94,877158.58,61.32
1048220.07,73.33,44.06,876836.6,61.34
1047938.99,73.37,44.09,876990.75,61.4
1047938.99,73.37,44.09,876990.75,61.4
1047938.99,73.37,44.09,876990.75,61.4
1047591.69,73.39,44.12,877227.97,61.46
1047591.69,73.39,44.12,877244.37,61.46
1047369.64,73.4,44.12,877004.07,61.46
1047041.34,73.43,44.15,876582.87,61.47
1045850.37,73.55,44.27,876640.08,61.65
1045551.47,73.58,44.3,876494.44,61.68
1045252.57,73.61,44.33,876574.33,61.73
1045252.57,73.61,44.33,876574.33,61.73
1045092.36,73.65,44.37,877308.66,61.83
1044578.63,73.65,44.37,877191.15,61.85
1044359.35,73.66,44.38,877110.11,61.86
1044437.72,73.68,44.4,877618.13,61.91
1044141.91,73.71,44.43,877847.43,61.97
1044031.25,73.74,44.47,877645.32,61.99
1043877.73,73.79,44.51,878698.3,62.11
1043877.73,73.79,44.51,878698.3,62.11
1043596.64,73.82,44.54,878636.12,62.15
1043596.64,73.82,44.54,878636.12,62.15
1043300.84,73.85,44.57,879226.64,62.24
1042602.28,73.85,44.58,878781.59,62.25
1042602.28,73.85,44.58,878781.59,62.25
1042602.28,73.85,44.58,878781.59,62.25
1042813.31,73.89,44.61,878944.91,62.28
1042299.57,73.88,44.61,878287.79,62.26
1042189.68,73.92,44.64,878367.38,62.3
1042362.95,73.95,44.68,879249.66,62.38
1042064.05,73.99,44.71,879591.34,62.45
1041774.83,74.02,44.74,879580.57,62.49
1042204.62,74.1,44.83,881256.62,62.66
1042204.62,74.1,44.83,881072.76,62.64
1041915.41,74.13,44.86,881916.81,62.75
1041969.79,74.19,44.91,883342.51,62.9
1041634.82,74.19,44.91,882979.07,62.89
1041345.6,74.22,44.94,883083.98,62.94
1041345.6,74.22,44.94,883083.98,62.94
1041109.14,74.22,44.94,882633.82,62.92
1040813.34,74.25,44.97,882527.88,62.96
1040517.53,74.28,45.0,883304.09,63.06
1040517.53,74.28,45.0,883304.09,63.06
1040234.37,74.3,45.03,882959.19,63.07
1040317.14,74.34,45.07,883670.89,63.15
1040209.57,74.38,45.1,883878.76,63.2
1039911.44,74.41,45.13,883732.37,63.23
1039911.44,74.41,45.13,883710.35,63.23
1040013.2,74.45,45.17,884673.62,63.33
1039715.07,74.48,45.2,885295.29,63.42
1040664.93,74.58,45.3,885158.44,63.43
1040547.35,74.6,45.32,885905.58,63.51
1040547.35,74.6,45.32,885905.58,63.51
1040062.71,74.61,45.33,885278.77,63.51
1040009.5,74.65,45.37,885013.54,63.52
1039709.82,74.68,45.4,884839.87,63.56
1039599.93,74.72,45.44,884802.91,63.59
1039599.93,74.72,45.44,884802.91,63.59
1040273.69,74.82,45.54,886282.12,63.74
1040273.69,74.82,45.54,886282.12,63.74
1040273.69,74.82,45.54,886282.12,63.74
1040273.69,74.82,45.54,886282.12,63.74
1039758.5,74.82,45.55,885485.35,63.72
1039758.5,74.82,45.55,885485.58,63.72
1039458.83,74.86,45.58,885799.54,63.79
1039160.7,74.89,45.61,885764.61,63.83
1038871.48,74.92,45.65,885257.25,63.84
1038223.78,74.92,45.64,884731.26,63.84
1038223.78,74.92,45.64,884731.26,63.84
1037729.84,74.92,45.64,884200.81,63.84
1037431.71,74.95,45.68,884343.53,63.89
1037431.71,74.95,45.68,884343.53,63.89
1037132.81,74.98,45.71,884575.64,63.95
1036748.01,74.98,45.71,884547.93,63.97
1036637.34,75.02,45.74,884228.27,63.99
1036759.61,75.08,45.81,884887.29,64.08
1036787.2,75.12,45.84,885540.45,64.16
1036787.2,75.12,45.84,885540.45,64.16
1036254.64,75.12,45.85,884949.46,64.16
1036544.79,75.17,45.9,884920.96,64.17
1036318.58,75.21,45.94,886366.84,64.33
1036018.91,75.24,45.97,886219.36,64.36
1035693.79,75.27,46.0,886565.56,64.43
1035397.99,75.31,46.03,886543.44,64.48
1034782.62,75.32,46.05,885772.83,64.47
1034140.01,75.32,46.05,884803.93,64.45
1034260.8,75.36,46.09,884682.2,64.46
1033966.92,75.36,46.09,884440.15,64.46
1033671.12,75.39,46.12,884504.29,64.51
1033141.39,75.4,46.13,884129.91,64.52
1032903.0,75.44,46.16,884119.82,64.57
1032621.92,75.47,46.2,884412.58,64.64
1032333.73,75.5,46.23,884414.41,64.69
1032283.12,75.56,46.28,884602.58,64.75
1032049.16,75.59,46.32,884358.85,64.78
1031751.04,75.63,46.36,884326.09,64.82
1031904.17,75.69,46.42,883595.13,64.82
1031606.04,75.73,46.46,883359.07,64.85
1031850.87,75.76,46.49,883343.78,64.86
1031850.87,75.76,46.49,883343.78,64.86
1031457.79,75.77,46.5,882789.15,64.85
1031457.79,75.77,46.5,882774.41,64.84
1031457.79,75.77,46.5,882774.41,64.84
1031457.79,75.77,46.5,882774.41,64.84
1031264.35,75.76,46.49,882701.59,64.85
1030939.7,75.77,46.5,882288.87,64.84
1030614.58,75.8,46.53,882895.29,64.93
1030614.58,75.8,46.53,882895.29,64.93
1030494.23,75.83,46.57,883133.98,64.99
1030205.03,75.83,46.56,882876.69,64.99
1029955.51,75.83,46.56,882592.39,64.98
1030192.28,75.85,46.58,882667.85,64.99
1029787.32,75.86,46.59,882153.31,64.99
1029787.32,75.86,46.59,882175.58,64.99
1029787.32,75.86,46.59,882184.76,64.99
1029826.05,75.87,46.6,882443.79,65.01
1029826.05,75.87,46.6,882443.79,65.01
1029826.05,75.87,46.6,882443.79,65.01
1029826.05,75.87,46.6,882443.79,65.01
1029527.93,75.9,46.63,882061.91,65.03
1029527.93,75.9,46.63,882061.91,65.03
1028988.65,75.91,46.64,881471.27,65.02
1028988.65,75.91,46.64,881471.27,65.02
1029320.99,75.93,46.66,881923.29,65.06
1029031.77,75.97,46.7,881804.08,65.1
1028735.97,76.0,46.73,881810.63,65.15
1028625.3,76.04,46.77,881686.16,65.17
1028326.4,76.07,46.8,882087.0,65.25
1028716.52,76.1,46.83,883758.11,65.38
1028454.42,76.14,46.87,883685.04,65.42
1028765.85,76.19,46.92,884137.85,65.48
1029614.28,76.31,47.04,883808.98,65.5
1029100.54,76.3,47.04,883217.09,65.49
1029172.74,76.37,47.1,883643.92,65.57
1028837.04,76.4,47.13,883904.92,65.64
1028620.31,76.39,47.13,883693.63,65.63
1028297.36,76.4,47.13,883346.69,65.63
1028297.36,76.4,47.13,883346.69,65.63
1028330.81,76.46,47.19,883407.76,65.68
1028041.71,76.45,47.19,883118.66,65.67
1028041.71,76.45,47.19,883118.66,65.67
1028196.77,76.49,47.22,882980.4,65.69
1028089.2,76.53,47.26,883026.63,65.73
1027789.53,76.56,47.3,883210.83,65.79
1027678.86,76.6,47.33,883526.43,65.86
1026944.49,76.6,47.34,882972.95,65.86
1026646.37,76.64,47.37,882803.56,65.9
1026282.75,76.67,47.4,882448.29,65.92
1026135.28,76.7,47.44,882403.65,65.96
1025835.6,76.74,47.47,882358.9,66.0
1025535.93,76.77,47.51,882415.79,66.06
1025535.93,76.77,47.51,882540.43,66.07
1025656.71,76.81,47.55,882477.59,66.09
1025656.71,76.81,47.55,882477.59,66.09
1025656.71,76.81,47.55,882477.59,66.09
1025546.05,76.85,47.59,881906.4,66.09
1025436.15,76.89,47.63,881892.91,66.13
1025436.15,76.89,47.63,881892.91,66.13
1025328.83,76.89,47.63,882263.33,66.16
1025337.73,76.89,47.63,882264.03,66.16
1025337.73,76.89,47.63,882242.01,66.16
1024949.27,76.89,47.63,881902.66,66.16
1024571.13,76.92,47.66,881536.75,66.18
1024665.24,76.97,47.71,881152.65,66.19
1024129.88,76.98,47.72,880668.22,66.2
1023933.1,76.98,47.72,880371.97,66.19
1023633.42,77.02,47.76,880775.08,66.27
1023335.29,77.05,47.79,881655.3,66.39
1023580.9,77.09,47.83,881670.73,66.4
1023580.9,77.09,47.83,881670.73,66.4
1023580.9,77.09,47.83,881976.79,66.43
1023580.9,77.09,47.83,881958.26,66.43
1023777.16,77.11,47.84,882258.5,66.45
1023479.03,77.14,47.88,882249.12,66.5
1023479.03,77.14,47.88,882249.12,66.5
1023243.53,77.18,47.92,881990.59,66.53
1023388.65,77.22,47.96,882714.06,66.61
1023625.35,77.26,47.99,884615.41,66.77
1023625.35,77.26,47.99,884615.41,66.77
1023368.96,77.3,48.03,885650.91,66.89
1023368.96,77.3,48.03,885650.91,66.89
1023188.72,77.34,48.08,884856.68,66.89
1022890.59,77.38,48.11,884858.67,66.94
1023044.06,77.41,48.15,884688.56,66.94
1022908.73,77.44,48.18,884883.27,66.99
1022654.76,77.44,48.18,884685.42,67.0
1022428.54,77.49,48.23,884397.97,67.03
1022218.58,77.48,48.22,884230.22,67.02
1022218.58,77.48,48.22,884230.22,67.02
1022364.48,77.52,48.26,884742.98,67.09
1022043.24,77.56,48.3,884776.86,67.14
1022043.24,77.56,48.3,884776.86,67.14
1022043.24,77.56,48.3,884776.86,67.14
1021744.34,77.59,48.33,884594.54,67.18
1021444.66,77.63,48.37,884843.57,67.25
1021334.76,77.67,48.41,885010.68,67.3
1021220.37,77.72,48.46,885150.42,67.36
1020742.14,77.73,48.47,884515.46,67.36
1020446.34,77.77,48.51,885164.69,67.46
1020147.44,77.8,48.54,885145.72,67.51
1020232.6,77.81,48.55,885799.03,67.56
1021793.5,77.96,48.7,886354.46,67.62
1021948.56,78.0,48.74,886629.2,67.67
1021948.56,78.0,48.74,886629.2,67.67
1021948.56,78.0,48.74,886629.2,67.67
1023429.11,78.14,48.88,889468.26,67.91
1023562.82,78.21,48.95,891233.12,68.1
1023562.82,78.21,48.95,891233.12,68.1
1023267.02,78.24,48.99,891226.39,68.15
1022967.34,78.28,49.02,891442.08,68.22
1022668.44,78.32,49.06,891209.74,68.25
1022668.44,78.32,49.06,891209.74,68.25
1022668.44,78.32,49.06,891209.74,68.25
1022800.52,78.39,49.13,890436.46,68.24
1022800.52,78.39,49.13,890436.46,68.24
1022800.52,78.39,49.13,890436.46,68.24
1022491.94,78.42,49.17,890551.27,68.3
1022193.04,78.46,49.2,890463.08,68.35
1022221.4,78.5,49.25,890383.52,68.38
1022221.4,78.5,49.25,890383.52,68.38
1021925.6,78.54,49.28,890802.08,68.46
1021627.47,78.58,49.32,890910.93,68.52
1021242.67,78.58,49.32,891567.96,68.6
1020944.54,78.61,49.36,891549.32,68.65
1020718.25,78.66,49.4,891654.41,68.71
1020418.58,78.7,49.44,892396.15,68.82
1020418.58,78.7,49.44,892396.15,68.82
1019694.64,78.7,49.44,891917.56,68.84
1019369.99,78.7,49.45,891560.31,68.84
1018872.97,78.7,49.45,891166.82,68.84
1018872.97,78.7,49.45,891166.82,68.84
1018729.07,78.72,49.46,891086.34,68.86
1018475.36,78.76,49.5,891057.83,68.91
1018177.23,78.8,49.54,890859.95,68.94
1018177.23,78.8,49.54,890859.95,68.94
1017889.16,78.79,49.54,890645.75,68.95
1018067.7,78.87,49.61,890660.83,69.0
1017710.93,78.9,49.65,890223.14,69.02
1017375.23,78.94,49.68,890287.74,69.08
1017094.14,78.98,49.72,890094.81,69.12
1017094.14,78.98,49.72,890094.81,69.12
1016796.01,79.02,49.76,890832.74,69.23
1016465.61,79.02,49.76,890412.55,69.22
1016486.55,79.02,49.76,890511.44,69.23
1016187.65,79.06,49.8,890477.46,69.28
1015898.43,79.1,49.84,890657.69,69.35
1015598.76,79.14,49.88,891342.51,69.45
1015299.08,79.17,49.92,891655.38,69.53
1014999.4,79.21,49.96,891929.95,69.61
1014961.17,79.26,50.0,893760.22,69.8
1014665.36,79.3,50.04,893731.27,69.85
1014567.17,79.34,50.09,894641.49,69.96
1014988.56,79.42,50.16,895938.4,70.1
1014988.56,79.42,50.16,895938.4,70.1
1014440.66,79.42,50.17,895361.53,70.1
1014440.66,79.42,50.17,895361.53,70.1
1014440.66,79.42,50.17,895361.53,70.1
1014141.76,79.46,50.21,895277.59,70.15
1013473.72,79.47,50.22,894720.84,70.16
1013473.72,79.47,50.22,894720.84,70.16
1013551.22,79.54,50.28,895403.57,70.27
1014663.75,79.69,50.43,895318.49,70.32
1014496.88,79.74,50.48,896560.99,70.47
1014645.87,79.78,50.53,897694.89,70.58
1014645.87,79.78,50.53,897694.89,70.58
1014571.32,79.8,50.55,897962.91,70.63
1014271.64,79.84,50.59,898427.42,70.72
1014271.64,79.84,50.59,898427.42,70.72
1014588.47,79.93,50.68,898482.42,70.78
1014752.19,79.97,50.72,898721.23,70.83
1014680.57,80.03,50.78,899626.49,70.96
1014819.24,80.04,50.79,900801.28,71.05
1014521.12,80.08,50.83,901027.19,71.12
1014840.42,80.17,50.92,901794.82,71.24
1014540.74,80.21,50.96,903130.83,71.4
1014246.14,80.21,50.95,902920.18,71.4
1013786.37,80.23,50.98,901987.68,71.39
1014772.21,80.34,51.09,902290.27,71.44
1014772.21,80.34,51.09,902315.51,71.44
1014436.52,80.35,51.09,902365.36,71.47
1014658.01,80.39,51.13,902860.42,71.53
1014658.01,80.39,51.13,902860.42,71.53
1014658.01,80.39,51.13,902853.26,71.53
1014658.01,80.39,51.13,902853.26,71.53
1014658.01,80.39,51.13,902853.26,71.53
1014658.01,80.39,51.13,902863.68,71.53
1014359.88,80.43,51.17,902920.22,71.59
1014060.21,80.47,51.21,903903.64,71.73
1013762.08,80.51,51.25,903802.6,71.77
1014219.43,80.57,51.32,904648.4,71.87
1014024.54,80.57,51.32,904460.03,71.87
1013724.86,80.61,51.36,904837.78,71.95
1013426.74,80.65,51.4,904892.98,72.01
1013270.98,80.7,51.45,905169.49,72.09
1013270.98,80.7,51.45,905160.65,72.09
1012946.64,80.74,51.49,905580.48,72.18
1012411.28,80.75,51.5,905033.23,72.19
1012149.18,80.8,51.54,905830.72,72.31
1012149.18,80.8,51.54,905830.72,72.31
1012149.18,80.8,51.54,905830.72,72.31
1012149.18,80.8,51.54,905830.72,72.31
1011970.92,80.8,51.55,905755.37,72.32
1011833.76,80.86,51.6,906895.03,72.47
1011534.08,80.9,51.64,906883.24,72.53
1011238.28,80.94,51.68,906839.91,72.58
1010958.35,80.98,51.73,906101.14,72.58
1010686.48,81.01,51.76,905625.93,72.59
1010386.8,81.05,51.8,905837.24,72.66
1010228.84,81.05,51.8,905683.78,72.66
1009929.16,81.09,51.84,905706.0,72.72
1009639.94,81.13,51.88,906189.69,72.82
1008992.24,81.13,51.88,905624.61,72.82
1008992.24,81.13,51.88,905608.24,72.82
1009028.26,81.14,51.88,905485.32,72.81
1008198.13,81.13,51.88,904751.45,72.81
1008198.13,81.13,51.88,904751.45,72.81
1008198.13,81.13,51.88,904751.45,72.81
1007936.03,81.18,51.93,904582.29,72.85
1007422.29,81.18,51.93,903835.47,72.83
1007422.29,81.18,51.93,903835.47,72.83
1007311.62,81.22,51.97,903627.23,72.86
1006926.82,81.22,51.97,903246.9,72.86
1006926.82,81.22,51.97,903246.9,72.86
1007078.38,81.29,52.04,902935.32,72.88
1007078.38,81.29,52.04,902935.32,72.88
1006818.8,81.33,52.08,903074.41,72.95
1006520.68,81.38,52.12,902794.06,72.99
1006520.68,81.38,52.12,902794.06,72.99
1006520.68,81.38,52.12,902794.06,72.99
1006221.0,81.42,52.17,903245.51,73.08
1006058.96,81.47,52.22,903258.43,73.14
1006058.96,81.47,52.22,903219.06,73.14
1006076.78,81.47,52.22,903218.71,73.14
1006076.78,81.47,52.22,903218.71,73.14
1005789.13,81.51,52.26,903163.67,73.2
1005464.02,81.55,52.3,904257.69,73.34
1006641.68,81.72,52.47,905644.89,73.52
1006343.55,81.76,52.51,905608.95,73.57
1006044.65,81.8,52.55,905594.09,73.63
1006076.12,81.85,52.6,905660.26,73.68
1006076.12,81.85,52.6,905660.26,73.68
1006076.12,81.85,52.6,905660.26,73.68
1006076.12,81.85,52.6,905660.26,73.68
1005814.01,81.89,52.64,906299.75,73.79
1005358.62,81.92,52.67,906514.36,73.87
1005172.44,81.93,52.68,906272.47,73.87
1005172.44,81.93,52.68,906272.47,73.87
1004902.86,81.97,52.72,906558.11,73.95
1004902.86,81.97,52.72,906558.11,73.95
1004902.86,81.97,52.72,906558.11,73.95
1004637.56,82.02,52.77,906690.31,74.02
1004802.89,82.07,52.82,907563.18,74.12
1006277.08,82.25,53.01,911143.33,74.48
1006176.09,82.3,53.05,910911.82,74.51
1005816.34,82.3,53.06,910466.51,74.5
1006807.35,82.45,53.2,910736.2,74.58
1006509.22,82.49,53.25,910671.44,74.64
1006209.54,82.54,53.29,911027.61,74.73
1006400.69,82.62,53.37,910765.89,74.77
1006077.13,82.66,53.42,910772.13,74.83
1006077.13,82.66,53.42,910772.13,74.83
1006077.13,82.66,53.42,910772.13,74.83
1005775.81,82.66,53.41,910468.34,74.83
1005481.2,82.66,53.41,910184.62,74.82
1005620.2,82.71,53.46,911876.64,75.0
1005437.89,82.76,53.51,912271.33,75.09
1005437.89,82.76,53.51,912271.33,75.09
1005113.55,82.8,53.56,912630.79,75.18
1005595.2,82.91,53.66,913595.36,75.32
1005228.89,82.91,53.67,913196.0,75.32
1005228.89,82.91,53.67,913196.0,75.32
1005114.5,82.97,53.73,913191.9,75.38
1006521.43,83.08,53.84,915633.18,75.58
1006521.43,83.08,53.84,915633.18,75.58
1006157.56,83.09,53.84,915144.45,75.57
1005862.96,83.08,53.84,914900.23,75.57
1005567.16,83.13,53.88,915020.07,75.64
1005333.2,83.18,53.93,914969.02,75.7
1005141.56,83.23,53.99,914867.34,75.76
1004756.76,83.23,53.99,914795.63,75.78
1004421.07,83.24,53.99,915338.24,75.85
1004421.07,83.24,53.99,915338.24,75.85
1004421.07,83.24,53.99,915338.24,75.85
1004302.09,83.28,54.04,914815.39,75.86
1004190.65,83.33,54.08,915445.52,75.96
1003890.97,83.37,54.13,915813.46,76.06
1004054.69,83.42,54.18,917291.61,76.21
1004054.69,83.42,54.18,917291.61,76.21
1003755.01,83.46,54.22,917546.81,76.3
1004150.65,83.57,54.32,919439.98,76.52
1003855.62,83.61,54.37,919326.28,76.57
1003418.24,83.62,54.37,919082.09,76.59
1003103.3,83.62,54.38,918683.26,76.58
1003103.3,83.62,54.38,918683.26,76.58
1002803.62,83.67,54.42,919022.97,76.68
1002476.84,83.67,54.43,920206.95,76.81
1002187.6,83.72,54.47,920906.9,76.93
1001889.48,83.76,54.52,920834.79,76.99
1001889.48,83.76,54.52,920807.59,76.98
1001808.65,83.83,54.58,923030.05,77.23
1001565.88,83.88,54.63,923863.49,77.37
1001270.07,83.92,54.68,924717.21,77.51
1001297.67,83.97,54.73,925738.82,77.63
1001012.07,83.97,54.73,925481.13,77.64
1001012.07,83.97,54.73,925481.13,77.64
1000812.54,83.99,54.75,925153.29,77.64
1000729.98,84.04,54.8,924560.49,77.65
1000415.22,84.09,54.85,925366.73,77.78
1000178.46,84.09,54.85,925151.08,77.78
999842.76,84.13,54.89,924894.3,77.83
999842.76,84.13,54.89,924894.3,77.83
999842.76,84.13,54.89,924894.3,77.83
999842.76,84.13,54.89,924894.3,77.83
999567.07,84.18,54.94,925427.66,77.94
999567.07,84.18,54.94,925427.66,77.94
999595.43,84.23,54.99,926060.8,78.03
999355.33,84.28,55.04,926078.8,78.1
999791.19,84.33,55.09,926799.86,78.18
999656.95,84.39,55.15,927019.85,78.26
999903.46,84.49,55.25,927783.12,78.39
999418.05,84.5,55.26,927242.09,78.4
999592.18,84.54,55.3,927677.22,78.46
999293.28,84.59,55.35,927584.2,78.52
999004.06,84.63,55.39,927408.36,78.57
998856.81,84.64,55.4,928763.8,78.7
998856.81,84.64,55.4,928763.8,78.7
998877.75,84.64,55.4,928910.42,78.71
998905.35,84.69,55.45,929409.57,78.8
998569.66,84.69,55.45,929374.37,78.82
998569.66,84.69,55.45,929363.07,78.82
998246.09,84.74,55.5,929248.92,78.88
997971.73,84.75,55.52,929224.25,78.92
997663.15,84.8,55.56,928966.11,78.96
997442.74,84.85,55.62,930034.45,79.12
997057.94,84.85,55.62,929678.7,79.12
997057.94,84.85,55.62,929678.7,79.12
997057.94,84.85,55.62,929678.7,79.12
996948.05,84.9,55.67,930316.8,79.23
996948.05,84.9,55.67,930316.8,79.23
996948.05,84.9,55.67,930339.08,79.23
996948.05,84.9,55.67,930322.5,79.23
996685.94,84.95,55.72,931644.83,79.41
996173.57,84.98,55.75,931306.45,79.45
995874.66,85.03,55.79,931847.82,79.56
995576.54,85.08,55.84,932594.75,79.69
995576.54,85.08,55.84,932594.75,79.69
995276.86,85.12,55.89,932691.17,79.77
995276.86,85.12,55.89,932691.17,79.77
994816.03,85.14,55.91,932357.92,79.8
994816.03,85.14,55.91,932357.92,79.8
994490.92,85.19,55.96,933022.97,79.92
994191.24,85.24,56.0,933279.46,80.01
994191.24,85.24,56.0,933279.46,80.01
993933.84,85.29,56.05,933273.81,80.08
994006.93,85.34,56.1,934364.73,80.22
994006.93,85.34,56.1,934364.73,80.22
994006.93,85.34,56.1,934364.73,80.22
994002.41,85.41,56.18,933996.35,80.25
994002.41,85.41,56.18,933996.35,80.25
993680.03,85.44,56.21,933473.7,80.26
993355.69,85.49,56.26,933444.66,80.33
992777.41,85.5,56.27,932976.06,80.35
992777.41,85.5,56.27,932976.06,80.35
992777.41,85.5,56.27,932976.06,80.35
992777.41,85.5,56.27,932976.06,80.35
992527.7,85.55,56.32,933034.27,80.42
992203.05,85.56,56.33,932674.04,80.42
991928.52,85.59,56.36,932079.67,80.43
991629.62,85.64,56.41,932034.44,80.49
991392.74,85.64,56.41,931941.91,80.51
991973.71,85.69,56.46,932268.22,80.54
991939.09,85.7,56.47,932183.85,80.54
991959.75,85.77,56.54,932198.88,80.61
991660.07,85.82,56.59,932209.52,80.68
991502.11,85.82,56.59,932078.08,80.68
991212.89,85.87,56.64,932700.27,80.8
990889.33,85.92,56.69,933043.83,80.9
990580.74,85.96,56.74,934204.01,81.07
990470.85,86.01,56.79,934399.65,81.15
990337.47,86.08,56.85,934790.06,81.25
990337.47,86.08,56.85,934790.06,81.25
989816.02,86.11,56.88,933620.19,81.22
989816.02,86.11,56.88,933684.68,81.22
989816.02,86.11,56.88,933684.68,81.22
989431.22,86.11,56.88,933654.58,81.26
989431.22,86.11,56.88,933654.58,81.26
989431.22,86.11,56.88,933794.84,81.27
988915.5,86.13,56.9,933203.93,81.27
988894.72,86.2,56.97,932837.24,81.31
988894.72,86.2,56.97,932837.24,81.31
989247.16,86.27,57.04,933400.9,81.4
988867.26,86.31,57.09,933334.77,81.47
988545.32,86.35,57.12,932699.81,81.47
988794.47,86.44,57.22,932800.38,81.55
988558.0,86.45,57.22,932826.77,81.57
988304.42,86.5,57.27,931837.5,81.56
988061.09,86.51,57.28,931927.74,81.59
988061.09,86.51,57.28,931927.74,81.59
988061.09,86.51,57.28,931927.74,81.59
988110.1,86.51,57.29,931910.36,81.59
988344.66,86.61,57.38,932040.42,81.67
988057.02,86.66,57.43,932427.75,81.78
987761.21,86.71,57.48,932390.09,81.85
987761.21,86.71,57.48,932390.09,81.85
987462.31,86.76,57.53,932158.15,81.9
987462.31,86.76,57.53,932158.15,81.9
987462.31,86.76,57.53,932195.29,81.9
986639.22,86.76,57.54,931370.32,81.9
987772.34,86.94,57.71,932434.75,82.07
987772.34,86.94,57.71,932434.75,82.07
987241.29,86.95,57.73,932255.42,82.11
987267.55,86.96,57.73,932329.04,82.12
987236.55,87.01,57.79,932254.15,82.17
986482.99,87.03,57.8,931615.99,82.18
987624.84,87.2,57.98,931928.43,82.29
987437.1,87.2,57.98,931726.64,82.28
987548.23,87.26,58.04,931703.95,82.33
987248.56,87.31,58.09,932069.95,82.43
986951.29,87.31,58.09,931848.74,82.44
986951.29,87.31,58.09,931848.74,82.44
987097.96,87.36,58.14,932634.6,82.54
987097.96,87.36,58.14,932634.6,82.54
987097.96,87.36,58.14,932634.6,82.54
987126.33,87.42,58.19,932610.15,82.59
986826.65,87.47,58.24,933449.73,82.74
986826.65,87.47,58.24,933433.14,82.73
986528.52,87.52,58.29,933364.05,82.8
986447.7,87.59,58.37,935507.04,83.06
986447.7,87.59,58.37,935507.04,83.06
986447.7,87.59,58.37,935532.84,83.07
986210.94,87.59,58.37,935300.77,83.07
986366.53,87.64,58.42,936163.91,83.18
986366.53,87.64,58.42,936163.91,83.18
986511.65,87.69,58.47,937349.85,83.32
986511.65,87.69,58.47,937349.85,83.32
986747.76,87.78,58.55,937516.19,83.4
986448.08,87.83,58.61,937547.42,83.47
986020.21,87.85,58.63,937022.91,83.49
985721.31,87.9,58.68,936993.06,83.56
985891.85,87.92,58.7,937037.63,83.56
985697.53,87.98,58.76,937293.42,83.66
985399.4,88.03,58.81,937270.91,83.73
985424.18,88.06,58.84,938352.28,83.86
985158.88,88.12,58.9,938361.18,83.93
984845.88,88.15,58.93,938054.37,83.97
984556.66,88.21,58.99,938803.72,84.11
984556.66,88.21,58.99,938803.72,84.11
984256.99,88.26,59.04,938981.86,84.2
983816.66,88.3,59.08,938859.56,84.26
983669.19,88.35,59.13,938851.25,84.33
983865.97,88.39,59.17,938945.11,84.36
983582.27,88.45,59.23,938916.93,84.43
983257.16,88.5,59.28,939170.53,84.53
982967.94,88.55,59.33,939023.6,84.59
982678.72,88.61,59.39,938992.76,84.67
982258.59,88.61,59.4,938577.79,84.67
981883.57,88.66,59.44,937487.02,84.65
981883.57,88.66,59.44,937487.02,84.65
981981.99,88.67,59.45,937574.23,84.66
981981.99,88.67,59.45,937574.23,84.66
981686.19,88.72,59.51,938101.27,84.78
981494.73,88.73,59.52,937961.16,84.8
981111.54,88.73,59.52,937590.37,84.8
980786.42,88.79,59.57,937512.99,84.87
980786.42,88.79,59.57,937512.99,84.87
980309.69,88.82,59.61,937498.03,84.94
980337.86,88.85,59.64,938535.32,85.06
980337.86,88.85,59.64,938535.32,85.06
980014.11,88.89,59.67,938062.7,85.08
979777.65,88.89,59.68,937944.44,85.1
979445.48,88.94,59.73,937677.87,85.15
979145.8,89.0,59.78,939900.25,85.43
978820.69,89.05,59.84,940000.85,85.52
978700.34,89.1,59.89,940357.76,85.61
978441.4,89.16,59.95,940164.51,85.67
977844.41,89.19,59.98,939599.34,85.7
977556.77,89.24,60.03,939602.71,85.78
977257.86,89.3,60.09,940532.0,85.94
977257.86,89.3,60.09,940532.0,85.94
976873.06,89.3,60.09,940442.58,85.97
977666.92,89.45,60.24,943841.21,86.36
977666.92,89.45,60.24,943765.09,86.35
977545.78,89.52,60.31,943750.7,86.43
977246.88,89.58,60.37,943417.28,86.48
977246.88,89.58,60.37,943417.28,86.48
976959.24,89.63,60.43,943313.08,86.55
976623.54,89.69,60.48,943051.72,86.6
976623.54,89.69,60.48,943051.72,86.6
976623.54,89.69,60.48,943051.72,86.6
976623.54,89.69,60.48,943099.94,86.61
976397.32,89.75,60.54,943231.99,86.7
976271.19,89.75,60.55,943270.6,86.72
975971.51,89.81,60.6,943628.63,86.83
976154.05,89.91,60.7,943116.0,86.87
976154.05,89.91,60.7,943116.0,86.87
975854.37,89.96,60.76,944642.61,87.09
975332.72,89.98,60.78,944302.98,87.12
975221.28,90.04,60.83,944761.39,87.23
975221.28,90.04,60.83,944761.39,87.23
975681.99,90.17,60.96,945728.78,87.4
975733.25,90.25,61.05,945859.59,87.49
975435.12,90.31,61.1,946755.45,87.66
975140.14,90.35,61.14,946121.43,87.66
975140.14,90.35,61.14,946121.43,87.66
974845.54,90.35,61.14,945870.66,87.67
974557.89,90.41,61.2,946348.94,87.79
974258.99,90.46,61.26,946324.42,87.87
975158.42,90.63,61.42,946260.32,87.95
975314.01,90.69,61.48,946411.29,88.0
975314.01,90.69,61.48,946683.59,88.02
975204.11,90.74,61.54,947456.02,88.16
975037.53,90.75,61.54,947359.05,88.17
975037.53,90.75,61.54,947445.39,88.18
974357.02,90.77,61.56,947165.05,88.24
974057.34,90.83,61.62,947055.24,88.31
973899.38,90.82,61.62,946901.78,88.31
973464.07,90.85,61.64,946755.26,88.36
973464.07,90.85,61.64,946755.26,88.36
973194.24,90.9,61.69,946160.64,88.37
972982.58,90.96,61.75,946270.7,88.46
972683.68,91.02,61.81,946247.84,88.54
972169.94,91.03,61.82,945657.06,88.54
972059.92,91.08,61.88,946554.6,88.69
971691.44,91.09,61.88,946339.9,88.71
971157.76,91.12,61.92,945231.44,88.69
970859.63,91.18,61.98,945626.75,88.81
970640.77,91.19,61.98,945444.43,88.82
970640.77,91.19,61.98,945444.43,88.82
970382.45,91.25,62.05,945963.86,88.95
970145.69,91.26,62.05,945781.05,88.96
970145.69,91.26,62.05,945781.05,88.96
969847.56,91.31,62.11,945758.77,89.05
969654.13,91.36,62.16,945882.06,89.12
969654.13,91.36,62.16,945882.06,89.12
969396.73,91.43,62.22,945853.82,89.21
968749.93,91.44,62.23,945218.83,89.21
968798.94,91.44,62.24,945237.64,89.22
969706.89,91.61,62.41,945260.7,89.3
969706.89,91.61,62.41,945260.7,89.3
969516.69,91.68,62.48,945601.38,89.42
969516.69,91.68,62.48,945601.38,89.42
969217.02,91.74,62.54,945730.57,89.52
968756.19,91.77,62.56,945302.66,89.54
968756.19,91.77,62.56,945302.66,89.54
968756.19,91.77,62.56,945302.66,89.54
968756.19,91.77,62.56,945302.66,89.54
968826.43,91.86,62.66,946236.67,89.72
968826.43,91.86,62.66,946236.67,89.72
968530.62,91.92,62.72,946217.27,89.8
969035.72,92.05,62.85,947651.28,90.02
969035.72,92.05,62.85,947651.28,90.02
968808.87,92.12,62.92,948372.46,90.18
968808.87,92.12,62.92,948372.46,90.18
968507.99,92.13,62.93,948336.39,90.21
968319.71,92.2,63.0,949401.29,90.4
968020.03,92.26,63.06,950433.68,90.58
967506.3,92.27,63.07,950349.16,90.63
967239.14,92.31,63.11,949632.0,90.63
967239.14,92.31,63.11,949654.05,90.64
966939.46,92.37,63.17,949625.45,90.72
966939.46,92.37,63.17,949625.45,90.72
966924.24,92.43,63.22,950697.87,90.87
966636.59,92.49,63.29,950573.65,90.95
966340.79,92.55,63.35,950556.43,91.03
966223.06,92.62,63.42,951351.31,91.2
966223.06,92.62,63.42,951351.31,91.2
965859.2,92.63,63.43,950889.34,91.19
965859.2,92.63,63.43,950889.34,91.19
965859.2,92.63,63.43,950889.34,91.19
965859.2,92.63,63.43,950889.34,91.19
965859.2,92.63,63.43,950889.34,91.19
965859.2,92.63,63.43,950889.34,91.19
965560.3,92.69,63.49,951312.27,91.32
965177.1,92.7,63.5,950899.68,91.32
965177.1,92.7,63.5,950899.68,91.32
964878.2,92.76,63.56,950896.23,91.41
964878.2,92.76,63.56,950931.51,91.42
964843.03,92.79,63.6,950821.75,91.45
964458.22,92.8,63.6,950424.02,91.45
964080.33,92.81,63.61,950078.18,91.46
964149.4,92.9,63.7,949940.32,91.53
964149.4,92.9,63.7,949940.32,91.53
963860.18,92.96,63.77,949965.51,91.62
963313.52,93.0,63.8,949738.14,91.69
963127.59,93.01,63.81,949701.38,91.71
963127.59,93.01,63.81,949701.38,91.71
963102.24,93.05,63.85,950070.92,91.79
962727.22,93.09,63.89,949350.38,91.79
962342.81,93.09,63.9,949083.67,91.81
962342.81,93.09,63.9,949083.67,91.81
962342.81,93.09,63.9,949083.67,91.81
962007.12,93.1,63.91,948912.65,91.83
962007.12,93.1,63.91,948912.65,91.83
961709.0,93.16,63.97,949412.06,91.97
961337.0,93.2,64.0,948821.66,91.99
962182.04,93.33,64.13,949023.86,92.05
962182.04,93.33,64.13,949046.27,92.05
961633.93,93.35,64.15,948723.17,92.09
960961.87,93.37,64.17,947945.27,92.11
960559.66,93.37,64.18,947629.65,92.12
960259.98,93.44,64.24,947478.79,92.19
960259.98,93.44,64.24,947478.79,92.19
960259.98,93.44,64.24,947478.79,92.19
960259.98,93.44,64.24,947414.08,92.19
959754.87,93.46,64.26,947061.26,92.22
959253.64,93.5,64.31,946492.62,92.26
959411.28,93.59,64.4,946171.37,92.3
959372.44,93.66,64.47,945577.34,92.32
959247.62,93.67,64.48,945233.33,92.3
959247.62,93.67,64.48,945233.33,92.3
959247.62,93.67,64.48,945233.33,92.3
959247.62,93.67,64.48,945233.33,92.3
959247.62,93.67,64.48,945233.33,92.3
959247.62,93.67,64.48,945233.33,92.3
958688.17,93.69,64.5,944643.62,92.32
958688.17,93.69,64.5,944643.62,92.32
958420.31,93.69,64.5,944423.7,92.33
957773.77,93.7,64.51,944006.8,92.36
957773.77,93.7,64.51,944006.8,92.36
957773.77,93.7,64.51,944006.8,92.36
957773.77,93.7,64.51,944049.39,92.36
957240.4,93.73,64.53,943459.46,92.38
957240.4,93.73,64.53,943459.46,92.38
956661.64,93.76,64.57,942673.95,92.39
956661.64,93.76,64.57,942673.95,92.39
956661.64,93.76,64.57,942673.95,92.39
956661.64,93.76,64.57,942643.82,92.39
956661.64,93.76,64.57,942643.82,92.39
956661.64,93.76,64.57,942643.82,92.39
956276.84,93.77,64.57,942467.47,92.41
955758.44,93.81,64.62,941792.69,92.44
955213.04,93.83,64.64,941427.15,92.48
955213.04,93.83,64.64,941465.91,92.48
955213.04,93.83,64.64,941465.91,92.48
954863.42,93.87,64.68,940714.6,92.48
954700.15,93.9,64.71,940879.59,92.54
954700.15,93.9,64.71,940879.59,92.54
954700.15,93.9,64.71,940879.59,92.54
954700.15,93.9,64.71,940879.59,92.54
954274.6,93.91,64.72,940736.2,92.58
953519.67,93.93,64.74,939957.93,92.59
953519.67,93.93,64.74,939957.93,92.59
953519.67,93.93,64.74,939957.93,92.59
953519.67,93.93,64.74,939957.93,92.59
953183.98,93.94,64.75,939611.68,92.6
952670.24,93.95,64.76,938990.58,92.6
952670.24,93.95,64.76,938990.58,92.6
952670.24,93.95,64.76,939009.98,92.6
952670.24,93.95,64.76,939009.98,92.6
952670.24,93.95,64.76,939009.98,92.6
952302.49,93.99,64.8,938417.19,92.62
951656.88,94.0,64.81,937804.82,92.63
951656.88,94.0,64.81,937809.12,92.63
951656.88,94.0,64.81,937809.12,92.63
951656.88,94.0,64.81,937809.12,92.63
951656.88,94.0,64.81,937809.12,92.63
951434.01,94.01,64.82,937526.2,92.63
951434.01,94.01,64.82,937526.2,92.63
950952.64,94.05,64.86,936769.77,92.65
950952.64,94.05,64.86,936769.77,92.65
950952.64,94.05,64.86,936769.77,92.65
950952.64,94.05,64.86,936769.77,92.65
950952.64,94.05,64.86,936769.77,92.65
950474.0,94.08,64.89,936248.41,92.67
950474.0,94.08,64.89,936248.41,92.67
950474.0,94.08,64.89,936248.41,92.67
950474.0,94.08,64.89,936248.41,92.67
950474.0,94.08,64.89,936237.99,92.67
950067.26,94.09,64.9,935834.05,92.68
950522.47,94.23,65.04,936869.25,92.88
950522.47,94.23,65.04,936869.25,92.88
950233.27,94.23,65.04,936531.98,92.87
950086.79,94.24,65.05,936438.21,92.88
950086.79,94.24,65.05,936438.21,92.88
950086.79,94.24,65.05,936438.21,92.88
950086.79,94.24,65.05,936438.21,92.88
950086.79,94.24,65.05,936438.21,92.88
949573.06,94.25,65.06,936151.32,92.92
949425.81,94.25,65.07,936150.35,92.94
949041.01,94.26,65.07,935754.46,92.94
949041.01,94.26,65.07,935754.46,92.94
948394.09,94.27,65.08,935119.48,92.95
948394.09,94.27,65.08,935119.48,92.95
948009.29,94.28,65.09,934917.38,92.98
947354.17,94.31,65.12,934137.3,92.99
947354.17,94.31,65.12,934137.3,92.99
947107.4,94.33,65.14,933929.27,93.01
947107.4,94.33,65.14,933929.27,93.01
947107.4,94.33,65.14,933929.27,93.01
947107.4,94.33,65.14,933929.27,93.01
946368.47,94.35,65.16,933205.86,93.03
945993.66,94.35,65.17,932823.87,93.04
945993.66,94.35,65.17,932823.87,93.04
945993.66,94.35,65.17,932823.87,93.04
945657.98,94.36,65.18,932742.75,93.07
945230.13,94.4,65.21,932160.52,93.09
945230.13,94.4,65.21,932160.52,93.09
944845.33,94.4,65.22,931711.96,93.09
944845.33,94.4,65.22,931711.96,93.09
944845.33,94.4,65.22,931711.96,93.09
944462.14,94.41,65.22,931460.87,93.11
944462.14,94.41,65.22,931460.87,93.11
944126.45,94.42,65.23,931074.0,93.11
944441.17,94.5,65.31,931376.97,93.19
944039.25,94.5,65.31,930961.68,93.19
943744.65,94.5,65.31,930762.65,93.2
943359.84,94.51,65.32,930245.4,93.19
943451.9,94.52,65.33,930325.75,93.2
943025.27,94.55,65.36,929820.59,93.23
942962.22,94.64,65.45,929698.85,93.31
942962.22,94.64,65.45,929698.85,93.31
942962.22,94.64,65.45,929698.85,93.31
942962.22,94.64,65.45,929698.85,93.31
942962.22,94.64,65.45,929698.85,93.31
942962.22,94.64,65.45,929698.85,93.31
942579.02,94.64,65.46,929184.41,93.3
942579.02,94.64,65.46,929184.41,93.3
942579.02,94.64,65.46,929184.41,93.3
942579.02,94.64,65.46,929184.41,93.3
942237.5,94.65,65.47,928733.82,93.3
942237.5,94.65,65.47,928733.82,93.3
942237.5,94.65,65.47,928733.82,93.3
942237.5,94.65,65.47,928733.82,93.3
941592.13,94.67,65.48,928105.39,93.31
940862.17,94.69,65.5,927324.81,93.33
940187.93,94.72,65.53,926508.7,93.34
939860.93,94.73,65.54,926080.62,93.34
939860.93,94.73,65.54,926080.62,93.34
939325.62,94.75,65.56,925549.98,93.36
938938.89,94.79,65.6,924147.19,93.3
938938.89,94.79,65.6,924147.19,93.3
938938.89,94.79,65.6,924147.19,93.3
938429.3,94.81,65.63,923886.68,93.35
938054.5,94.82,65.64,923442.99,93.34
938054.5,94.82,65.64,923442.99,93.34
938054.5,94.82,65.64,923442.99,93.34
937659.7,94.83,65.64,923590.15,93.4
937410.61,94.85,65.66,923678.77,93.46
937410.61,94.85,65.66,923678.77,93.46
936794.4,94.88,65.7,923304.21,93.51
936385.25,94.89,65.71,922750.41,93.51
936385.25,94.89,65.71,922750.41,93.51
936245.18,94.96,65.77,922573.15,93.57
935408.64,94.97,65.78,921888.04,93.59
935072.94,95.03,65.85,921611.48,93.66
935072.94,95.03,65.85,921611.48,93.66
934896.76,95.03,65.85,921446.78,93.67
934896.76,95.03,65.85,921446.78,93.67
934365.4,95.06,65.88,921194.81,93.72
934365.4,95.06,65.88,921185.12,93.72
934365.4,95.06,65.88,921185.12,93.72
934365.4,95.06,65.88,921185.12,93.72
934365.4,95.06,65.88,921185.12,93.72
934130.54,95.11,65.93,920591.42,93.73
934448.51,95.24,66.06,921392.17,93.91
934448.51,95.24,66.06,921392.17,93.91
934340.23,95.24,66.06,921287.68,93.91
934340.23,95.24,66.06,921287.68,93.91
934340.23,95.24,66.06,921287.68,93.91
934340.23,95.24,66.06,921287.68,93.91
934017.85,95.29,66.1,920694.88,93.93
934017.85,95.29,66.1,920694.88,93.93
934135.9,95.3,66.12,920888.95,93.95
933755.0,95.31,66.12,920480.58,93.95
933755.0,95.31,66.12,920480.58,93.95
933840.8,95.32,66.13,920638.04,93.97
933721.83,95.38,66.2,920390.17,94.02
933721.83,95.38,66.2,920390.17,94.02
933721.83,95.38,66.2,920390.17,94.02
933721.83,95.38,66.2,920390.17,94.02
933721.83,95.38,66.2,920359.48,94.02
933499.06,95.46,66.27,919584.35,94.03
932922.43,95.5,66.31,918672.47,94.04
932922.43,95.5,66.31,918672.47,94.04
932473.45,95.53,66.35,918138.19,94.06
932473.45,95.53,66.35,918138.19,94.06
932473.45,95.53,66.35,918138.19,94.06
931977.49,95.54,66.36,918053.49,94.11
931977.49,95.54,66.36,918069.01,94.12
931977.49,95.54,66.36,918069.01,94.12
931592.69,95.55,66.37,917520.68,94.1
931468.4,95.57,66.39,917509.52,94.13
930958.75,95.57,66.39,916948.19,94.13
930958.75,95.57,66.39,916948.19,94.13
930958.75,95.57,66.39,916948.19,94.13
930958.75,95.57,66.39,916948.19,94.13
930575.56,95.58,66.4,916554.16,94.14
930575.56,95.58,66.4,916554.16,94.14
930575.56,95.58,66.4,916554.16,94.14
930575.56,95.58,66.4,916554.16,94.14
930304.61,95.63,66.45,915856.25,94.15
929730.67,95.67,66.49,915241.7,94.18
929730.67,95.67,66.49,915258.58,94.18
929730.67,95.67,66.49,915258.58,94.18
929730.67,95.67,66.49,915258.58,94.18
929730.67,95.67,66.49,915258.58,94.18
929511.04,95.67,66.49,915047.48,94.18
929511.04,95.67,66.49,915047.48,94.18
929831.71,95.7,66.52,915225.9,94.2
929831.71,95.7,66.52,915225.9,94.2
929446.91,95.71,66.53,914680.78,94.19
929446.91,95.71,66.53,914680.78,94.19
929446.91,95.71,66.53,914680.78,94.19
929446.91,95.71,66.53,914680.78,94.19
929446.91,95.71,66.53,915235.99,94.25
929446.91,95.71,66.53,915236.96,94.25
929446.91,95.71,66.53,915236.96,94.25
929446.91,95.71,66.53,915234.58,94.25
929446.91,95.71,66.53,915234.58,94.25
929242.05,95.71,66.53,915024.34,94.25
929044.49,95.71,66.53,914784.12,94.24
929044.49,95.71,66.53,914784.12,94.24
928728.44,95.73,66.54,914937.6,94.3
928728.44,95.73,66.54,914937.6,94.3
928728.44,95.73,66.54,914912.85,94.3
928728.44,95.73,66.54,914912.85,94.3
928055.36,95.76,66.57,914129.46,94.32
928055.36,95.76,66.57,914129.46,94.32
928055.36,95.76,66.57,914129.46,94.32
928055.36,95.76,66.57,914103.98,94.32
928055.36,95.76,66.57,914103.98,94.32
928055.36,95.76,66.57,914120.35,94.32
928055.36,95.76,66.57,914120.35,94.32
928055.36,95.76,66.57,914120.35,94.32
928055.36,95.76,66.57,914120.35,94.32
928055.36,95.76,66.57,914120.35,94.32
928055.36,95.76,66.57,914120.35,94.32
928055.36,95.76,66.57,914120.35,94.32
927709.84,95.8,66.62,913991.3,94.38
927700.52,95.88,66.7,914301.3,94.49
927317.32,95.89,66.71,913854.68,94.49
927317.32,95.89,66.71,913854.68,94.49
926670.79,95.9,66.72,913398.67,94.53
925989.34,95.93,66.75,913009.51,94.58
925831.59,95.93,66.75,912856.74,94.58
925831.59,95.93,66.75,912856.74,94.58
925346.95,95.96,66.78,912569.5,94.63
925346.95,95.96,66.78,912569.5,94.63
925346.95,95.96,66.78,912569.5,94.63
925346.95,95.96,66.78,912569.5,94.63
925346.95,95.96,66.78,912569.5,94.63
925049.68,95.96,66.78,912222.27,94.63
924770.93,95.96,66.78,911933.62,94.63
924770.93,95.96,66.78,911933.62,94.63
924107.33,95.99,66.81,911543.79,94.69
924107.33,95.99,66.81,911543.79,94.69
924107.33,95.99,66.81,911543.79,94.69
923996.16,96.08,66.9,912485.65,94.88
923545.81,96.09,66.91,912014.39,94.89
923545.81,96.09,66.91,912014.39,94.89
923545.81,96.09,66.91,912014.39,94.89
923164.81,96.1,66.92,911719.56,94.91
923164.81,96.1,66.92,911719.56,94.91
922427.31,96.12,66.94,911018.26,94.93
921840.56,96.14,66.96,910458.81,94.95
921203.1,96.15,66.98,909850.17,94.97
921203.1,96.15,66.98,909850.17,94.97
921293.86,96.16,66.99,909933.4,94.98
920853.71,96.2,67.02,909404.66,95.0
920853.71,96.2,67.02,909404.66,95.0
920853.71,96.2,67.02,909404.66,95.0
920853.71,96.2,67.02,909404.66,95.0
920183.69,96.23,67.05,908880.29,95.05
920183.69,96.23,67.05,908834.53,95.04
919928.3,96.24,67.06,908436.99,95.03
919928.3,96.24,67.06,908436.99,95.03
919928.3,96.24,67.06,908436.99,95.03
919928.3,96.24,67.06,908436.99,95.03
919928.3,96.24,67.06,908436.99,95.03
919689.74,96.29,67.11,907876.04,95.06
919689.74,96.29,67.11,907876.04,95.06
919689.74,96.29,67.11,907876.04,95.06
919689.74,96.29,67.11,907876.04,95.06
919689.74,96.29,67.11,907876.04,95.06
919689.74,96.29,67.11,907876.04,95.06
919689.74,96.29,67.11,907876.04,95.06
919689.74,96.29,67.11,907876.04,95.06
919304.94,96.3,67.12,907870.31,95.1
919070.58,96.31,67.13,907614.23,95.11
919070.58,96.31,67.13,907614.23,95.11
918588.4,96.36,67.18,906935.62,95.14
918588.4,96.36,67.18,906935.62,95.14
918588.4,96.36,67.18,906935.62,95.14
918588.4,96.36,67.18,906935.62,95.14
918588.4,96.36,67.18,906935.62,95.14
918588.4,96.36,67.18,906935.62,95.14
918588.4,96.36,67.18,906935.62,95.14
918588.4,96.36,67.18,906935.62,95.14
918588.4,96.36,67.18,906911.29,95.13
918169.17,96.38,67.2,906414.53,95.15
918169.17,96.38,67.2,906414.53,95.15
918169.17,96.38,67.2,906414.53,95.15
918169.17,96.38,67.2,906414.53,95.15
918169.17,96.38,67.2,906414.53,95.15
918169.17,96.38,67.2,906414.53,95.15
917656.83,96.43,67.25,905589.57,95.16
916664.02,96.42,67.25,904591.98,95.15
915943.97,96.45,67.27,903812.42,95.17
915943.97,96.45,67.27,903812.42,95.17
915943.97,96.45,67.27,903812.42,95.17
915943.97,96.45,67.27,903812.42,95.17
915476.85,96.46,67.28,903291.91,95.17
915476.85,96.46,67.28,903291.91,95.17
915152.2,96.47,67.3,902987.69,95.19
915152.2,96.47,67.3,903011.06,95.19
915152.2,96.47,67.3,903011.06,95.19
914623.22,96.5,67.32,902431.17,95.21
914623.22,96.5,67.32,902431.17,95.21
914623.22,96.5,67.32,902431.17,95.21
914045.59,96.52,67.34,902179.09,95.27
913842.24,96.52,67.35,901907.2,95.26
913662.74,96.52,67.35,901749.76,95.26
913459.39,96.53,67.35,901530.56,95.26
913459.39,96.53,67.35,901530.56,95.26
913459.39,96.53,67.35,901530.56,95.26
913459.39,96.53,67.35,901550.0,95.27
913459.39,96.53,67.35,901571.45,95.27
913131.7,96.54,67.36,901352.61,95.29
913131.7,96.54,67.36,901389.68,95.3
912840.02,96.54,67.37,901169.05,95.31
912464.37,96.55,67.37,900756.08,95.31
912464.37,96.55,67.37,900756.08,95.31
912464.37,96.55,67.37,900831.41,95.32
912464.37,96.55,67.37,900856.02,95.32
912464.37,96.55,67.37,900856.02,95.32
911979.87,96.58,67.41,900326.35,95.35
911979.87,96.58,67.41,900326.35,95.35
912007.13,96.58,67.41,900356.5,95.35
911644.29,96.59,67.42,900079.98,95.37
911263.02,96.6,67.43,899824.14,95.39
910712.23,96.62,67.45,899252.04,95.41
910259.84,96.63,67.46,898731.27,95.41
909774.43,96.66,67.49,898194.96,95.43
909774.43,96.66,67.49,898194.96,95.43
909732.77,96.67,67.5,898185.58,95.44
909257.74,96.69,67.52,897762.6,95.47
909157.79,96.76,67.59,898325.05,95.61
909157.79,96.76,67.59,898325.05,95.61
908161.66,96.76,67.59,897330.07,95.6
908161.66,96.76,67.59,897330.07,95.6
908161.66,96.76,67.59,897330.07,95.6
908161.66,96.76,67.59,897330.07,95.6
908161.66,96.76,67.59,897330.07,95.6
907776.86,96.76,67.59,897183.69,95.64
907776.86,96.76,67.59,897183.69,95.64
907776.86,96.76,67.59,897183.69,95.64
907776.86,96.76,67.59,897183.69,95.64
907776.86,96.76,67.59,897183.69,95.64
907482.98,96.77,67.59,896899.05,95.64
907098.18,96.77,67.6,896751.83,95.67
907098.18,96.77,67.6,896751.83,95.67
907098.18,96.77,67.6,896751.83,95.67
906888.55,96.77,67.6,896609.82,95.68
906888.55,96.77,67.6,896609.82,95.68
906888.55,96.77,67.6,896609.82,95.68
906888.55,96.77,67.6,896609.82,95.68
906503.74,96.78,67.61,896211.77,95.68
906503.74,96.78,67.61,896176.86,95.68
906503.74,96.78,67.61,896176.86,95.68
905990.01,96.79,67.62,895877.13,95.71
905990.01,96.79,67.62,895877.13,95.71
905990.01,96.79,67.62,895877.13,95.71
905732.31,96.8,67.63,895609.45,95.72
905732.31,96.8,67.63,895609.45,95.72
905732.31,96.8,67.63,895609.45,95.72
905151.52,96.8,67.63,895038.43,95.72
904913.25,96.81,67.63,894855.67,95.73
904913.25,96.81,67.63,894855.67,95.73
904913.25,96.81,67.63,894855.67,95.73
904913.25,96.81,67.63,894855.67,95.73
904913.25,96.81,67.63,894855.67,95.73
904913.25,96.81,67.63,894855.67,95.73
904913.25,96.81,67.63,894855.67,95.73
904913.25,96.81,67.63,894855.67,95.73
904913.25,96.81,67.63,894855.67,95.73
904913.25,96.81,67.63,894855.67,95.73
904913.25,96.81,67.63,894855.67,95.73
904913.25,96.81,67.63,894855.67,95.73
904913.25,96.81,67.63,894855.67,95.73
904913.25,96.81,67.63,894878.27,95.73
904913.25,96.81,67.63,894878.27,95.73
904913.25,96.81,67.63,894878.27,95.73
904913.25,96.81,67.63,894878.27,95.73
904913.25,96.81,67.63,894878.27,95.73
904913.25,96.81,67.63,894878.27,95.73
904913.25,96.81,67.63,894878.27,95.73
904913.25,96.81,67.63,894878.27,95.73
904913.25,96.81,67.63,894878.27,95.73
904913.25,96.81,67.63,894911.38,95.74
904913.25,96.81,67.63,894911.38,95.74
904913.25,96.81,67.63,894911.38,95.74
904913.25,96.81,67.63,894911.38,95.74
904913.25,96.81,67.63,894911.38,95.74
904913.25,96.81,67.63,894911.38,95.74
904913.25,96.81,67.63,894911.38,95.74
904913.25,96.81,67.63,894911.38,95.74
904621.4,96.82,67.65,894541.99,95.74
904621.4,96.82,67.65,894541.99,95.74
904621.4,96.82,67.65,894541.99,95.74
904621.4,96.82,67.65,894541.99,95.74
904621.4,96.82,67.65,894541.99,95.74
904621.4,96.82,67.65,894541.99,95.74
904621.4,96.82,67.65,894541.99,95.74
904621.4,96.82,67.65,894541.99,95.74
904621.4,96.82,67.65,894541.99,95.74
904621.4,96.82,67.65,894590.1,95.75
904621.4,96.82,67.65,894590.1,95.75
904285.71,96.84,67.66,894078.54,95.74
903791.73,96.85,67.68,893868.42,95.79
903464.72,96.86,67.69,893461.35,95.79
903145.89,96.86,67.69,893140.61,95.79
903145.89,96.86,67.69,893140.61,95.79
903145.89,96.86,67.69,893140.61,95.79
902761.08,96.87,67.7,892761.13,95.8
902761.08,96.87,67.7,892761.13,95.8
902761.08,96.87,67.7,892761.13,95.8
902761.08,96.87,67.7,892761.13,95.8
902761.08,96.87,67.7,892761.13,95.8
902761.08,96.87,67.7,892761.13,95.8
902761.08,96.87,67.7,892761.13,95.8
902761.08,96.87,67.7,892761.13,95.8
902396.37,96.88,67.71,892436.09,95.81
902396.37,96.88,67.71,892436.09,95.81
901916.75,96.89,67.72,891629.42,95.78
901916.75,96.89,67.72,891629.42,95.78
901916.75,96.89,67.72,891629.42,95.78
901916.75,96.89,67.72,891629.42,95.78
901916.75,96.89,67.72,891629.42,95.78
901916.75,96.89,67.72,891629.42,95.78
901916.75,96.89,67.72,891629.42,95.78
901916.75,96.89,67.72,891629.42,95.78
901630.46,96.9,67.73,891380.23,95.8
901245.66,96.91,67.74,890891.88,95.79
901049.4,96.91,67.74,890753.64,95.8
901049.4,96.91,67.74,890753.64,95.8
900733.7,96.92,67.75,890491.61,95.82
900733.7,96.92,67.75,890491.61,95.82
900733.7,96.92,67.75,890491.61,95.82
900733.7,96.92,67.75,890491.61,95.82
900526.58,96.93,67.77,890832.61,95.89
900526.58,96.93,67.77,890832.61,95.89
900526.58,96.93,67.77,890832.61,95.89
900188.98,96.95,67.78,890428.47,95.9
900188.98,96.95,67.78,890428.47,95.9
899853.29,96.96,67.79,890478.99,95.95
899616.83,96.97,67.8,890451.91,95.98
899616.83,96.97,67.8,890451.91,95.98
899463.08,96.98,67.81,890440.47,96.0
899463.08,96.98,67.81,890440.47,96.0
899088.28,96.98,67.82,889701.19,95.97
899088.28,96.98,67.82,889697.94,95.97
899088.28,96.98,67.82,889697.94,95.97
899088.28,96.98,67.82,889697.94,95.97
898714.79,96.99,67.83,889427.49,95.99
898341.3,97.0,67.83,889157.03,96.01
898341.3,97.0,67.83,889157.03,96.01
898341.3,97.0,67.83,889157.03,96.01
898183.07,97.0,67.83,888942.24,96.0
898183.07,97.0,67.83,888920.23,96.0
898183.07,97.0,67.83,888920.23,96.0
898183.07,97.0,67.83,888920.23,96.0
898183.07,97.0,67.83,888920.23,96.0
898183.07,97.0,67.83,888920.23,96.0
898183.07,97.0,67.83,888920.23,96.0
897673.12,97.01,67.85,888378.86,96.01
897391.36,97.02,67.85,888079.81,96.01
897391.36,97.02,67.85,888079.81,96.01
897138.21,97.02,67.86,887760.26,96.01
896918.58,97.02,67.85,887544.26,96.01
896918.58,97.02,67.85,887544.26,96.01
896793.75,97.03,67.87,887585.71,96.04
896793.75,97.03,67.87,887585.71,96.04
896793.75,97.03,67.87,887609.07,96.04
896793.75,97.03,67.87,887609.07,96.04
896793.75,97.03,67.87,887609.07,96.04
896793.75,97.03,67.87,887609.07,96.04
896793.75,97.03,67.87,887609.07,96.04
896793.75,97.03,67.87,887609.07,96.04
896793.75,97.03,67.87,887609.07,96.04
896793.75,97.03,67.87,887587.67,96.04
896794.15,97.03,67.87,887614.58,96.04
896357.15,97.05,67.89,887048.86,96.05
896357.15,97.05,67.89,887048.86,96.05
896357.15,97.05,67.89,887048.86,96.05
896357.15,97.05,67.89,887048.86,96.05
896357.15,97.05,67.89,887048.86,96.05
896357.15,97.05,67.89,887048.86,96.05
896081.63,97.06,67.9,886758.9,96.05
895883.68,97.08,67.91,886422.9,96.05
895883.68,97.08,67.91,886422.9,96.05
895687.65,97.1,67.94,886374.46,96.09
895687.65,97.1,67.94,886374.46,96.09
895687.65,97.1,67.94,886374.46,96.09
895687.65,97.1,67.94,886374.46,96.09
895687.65,97.1,67.94,886374.46,96.09
895687.65,97.1,67.94,886374.46,96.09
895687.65,97.1,67.94,886374.46,96.09
895687.65,97.1,67.94,886374.46,96.09
895687.65,97.1,67.94,886374.46,96.09
895687.65,97.1,67.94,886374.46,96.09
895687.65,97.1,67.94,886400.98,96.1
895687.65,97.1,67.94,886400.98,96.1
895390.96,97.11,67.94,886132.01,96.11
895390.96,97.11,67.94,886132.01,96.11
895390.96,97.11,67.94,886132.01,96.11
895390.96,97.11,67.94,886132.01,96.11
895154.21,97.12,67.95,885905.06,96.11
895154.21,97.12,67.95,885905.06,96.11
895154.21,97.12,67.95,885905.06,96.11
895154.21,97.12,67.95,885905.06,96.11
895154.21,97.12,67.95,885915.64,96.12
895154.21,97.12,67.95,885915.64,96.12
895154.21,97.12,67.95,885915.64,96.12
895154.21,97.12,67.95,885915.64,96.12
895154.21,97.12,67.95,885915.64,96.12
895154.21,97.12,67.95,885915.64,96.12
895154.21,97.12,67.95,885915.64,96.12
895154.21,97.12,67.95,885915.64,96.12
895154.21,97.12,67.95,885915.64,96.12
895154.21,97.12,67.95,885915.64,96.12
895154.21,97.12,67.95,885915.64,96.12
895154.21,97.12,67.95,885915.64,96.12
894779.41,97.13,67.96,885605.28,96.13
894779.41,97.13,67.96,885605.28,96.13
894779.41,97.13,67.96,885605.28,96.13
894779.41,97.13,67.96,885605.28,96.13
894779.41,97.13,67.96,885605.28,96.13
894779.41,97.13,67.96,885605.28,96.13
894779.41,97.13,67.96,885605.28,96.13
894779.41,97.13,67.96,885605.28,96.13
894779.41,97.13,67.96,885605.28,96.13
894779.41,97.13,67.96,885605.28,96.13
894779.41,97.13,67.96,885605.28,96.13
894779.41,97.13,67.96,885605.28,96.13
894779.41,97.13,67.96,885605.28,96.13
894779.41,97.13,67.96,885605.28,96.13
894478.34,97.13,67.96,885304.5,96.13
894238.46,97.13,67.97,885125.42,96.14
894238.46,97.13,67.97,885125.42,96.14
894238.46,97.13,67.97,885125.42,96.14
894238.46,97.13,67.97,885125.42,96.14
894238.46,97.13,67.97,885125.42,96.14
894238.46,97.13,67.97,885125.42,96.14
894238.46,97.13,67.97,885125.42,96.14
894238.46,97.13,67.97,885125.42,96.14
894238.46,97.13,67.97,885125.42,96.14
894238.46,97.13,67.97,885125.42,96.14
894238.46,97.13,67.97,885125.42,96.14
894076.46,97.14,67.98,884911.69,96.15
894076.46,97.14,67.98,884911.69,96.15
893883.19,97.14,67.98,884719.26,96.15
893732.91,97.14,67.98,884633.24,96.15
893348.11,97.15,67.99,884170.25,96.15
893348.11,97.15,67.99,884170.25,96.15
893348.11,97.15,67.99,884170.25,96.15
893348.11,97.15,67.99,884170.25,96.15
893348.11,97.15,67.99,884170.25,96.15
893348.11,97.15,67.99,884133.09,96.15
893348.11,97.15,67.99,884133.09,96.15
893348.11,97.15,67.99,884133.09,96.15
893348.11,97.15,67.99,884133.09,96.15
893348.11,97.15,67.99,884133.09,96.15
893348.11,97.15,67.99,884133.09,96.15
893348.11,97.15,67.99,884133.09,96.15
893348.11,97.15,67.99,884133.09,96.15
893348.11,97.15,67.99,884133.09,96.15
893131.91,97.15,67.98,883922.31,96.15
893131.91,97.15,67.98,883922.31,96.15
893131.91,97.15,67.98,883922.31,96.15
893131.91,97.15,67.98,883922.31,96.15
893131.91,97.15,67.98,883922.31,96.15
892927.05,97.15,67.98,883687.31,96.15
892927.05,97.15,67.98,883687.31,96.15
892927.05,97.15,67.98,883664.82,96.15
892927.05,97.15,67.98,883664.82,96.15
892927.05,97.15,67.98,883664.82,96.15
892651.05,97.17,68.0,883366.28,96.16
892651.05,97.17,68.0,883366.28,96.16
892651.05,97.17,68.0,883366.28,96.16
892651.05,97.17,68.0,883388.87,96.16
892266.25,97.18,68.01,882937.68,96.16
892266.25,97.18,68.01,882937.68,96.16
892266.25,97.18,68.01,882937.68,96.16
892266.25,97.18,68.01,882937.68,96.16
892266.25,97.18,68.01,882937.68,96.16
892266.25,97.18,68.01,882937.68,96.16
892266.25,97.18,68.01,882937.68,96.16
892266.25,97.18,68.01,882937.68,96.16
892266.25,97.18,68.01,882937.68,96.16
892266.25,97.18,68.01,882937.68,96.16
892266.25,97.18,68.01,882937.68,96.16
892266.25,97.18,68.01,882937.68,96.16
892110.55,97.19,68.02,882867.22,96.18
892110.55,97.19,68.02,882867.22,96.18
892110.55,97.19,68.02,882867.22,96.18
891813.28,97.19,68.02,882635.31,96.19
891813.28,97.19,68.02,882635.31,96.19
891813.28,97.19,68.02,882635.31,96.19
891813.28,97.19,68.02,882635.31,96.19
891813.28,97.19,68.02,882635.31,96.19
891568.68,97.19,68.02,882399.5,96.19
891573.7,97.19,68.02,882427.32,96.2
891035.83,97.2,68.03,882035.22,96.22
891035.83,97.2,68.03,882035.22,96.22
891035.83,97.2,68.03,882035.22,96.22
891035.83,97.2,68.03,882035.22,96.22
891035.83,97.2,68.03,882035.22,96.22
891035.83,97.2,68.03,882035.22,96.22
891035.83,97.2,68.03,882035.22,96.22
891035.83,97.2,68.03,882035.22,96.22
890877.6,97.2,68.03,881878.33,96.22
890877.6,97.2,68.03,881878.33,96.22
890877.6,97.2,68.03,881878.33,96.22
890877.6,97.2,68.03,881878.33,96.22
890877.6,97.2,68.03,881878.33,96.22
890877.6,97.2,68.03,881878.33,96.22
890877.6,97.2,68.03,881878.33,96.22
890877.6,97.2,68.03,881878.33,96.22
890877.6,97.2,68.03,881878.33,96.22
890877.6,97.2,68.03,881878.33,96.22
890877.6,97.2,68.03,881878.33,96.22
890877.6,97.2,68.03,881878.33,96.22
890877.6,97.2,68.03,881878.33,96.22
890877.6,97.2,68.03,881878.33,96.22
890877.6,97.2,68.03,881854.0,96.22
890667.97,97.2,68.03,881648.4,96.22
890667.97,97.2,68.03,881648.4,96.22
890178.38,97.21,68.03,881176.57,96.22
890178.38,97.21,68.03,881176.57,96.22
890178.38,97.21,68.03,881176.57,96.22
890178.38,97.21,68.03,881176.57,96.22
890178.38,97.21,68.03,881176.57,96.22
890178.38,97.21,68.03,881176.57,96.22
890178.38,97.21,68.03,881176.57,96.22
889793.58,97.22,68.04,881157.89,96.27
889793.58,97.22,68.04,881157.89,96.27
889793.58,97.22,68.04,881157.89,96.27
889793.58,97.22,68.04,881114.21,96.27
889793.58,97.22,68.04,881114.21,96.27
889793.58,97.22,68.04,881114.21,96.27
889793.58,97.22,68.04,881114.21,96.27
889793.58,97.22,68.04,881114.21,96.27
889793.58,97.22,68.04,881114.21,96.27
889793.58,97.22,68.04,881114.21,96.27
889698.57,97.22,68.04,881021.98,96.27
889698.57,97.22,68.04,881021.98,96.27
889698.57,97.22,68.04,881021.98,96.27
889698.57,97.22,68.04,881021.98,96.27
889535.34,97.22,68.05,880939.99,96.28
889535.34,97.22,68.05,880939.99,96.28
889078.43,97.23,68.06,880454.32,96.29
889078.43,97.23,68.06,880454.32,96.29
889078.43,97.23,68.06,880501.47,96.29
889078.43,97.23,68.06,880501.47,96.29
888719.0,97.24,68.07,880090.79,96.3
888719.0,97.24,68.07,880090.79,96.3
888719.0,97.24,68.07,880090.79,96.3
888719.0,97.24,68.07,880090.79,96.3
888719.0,97.24,68.07,880090.79,96.3
888719.0,97.24,68.07,880090.79,96.3
888719.0,97.24,68.07,880090.79,96.3
888719.0,97.24,68.07,880090.79,96.3
888719.0,97.24,68.07,880090.79,96.3
888719.0,97.24,68.07,880090.79,96.3
888719.0,97.24,68.07,880090.79,96.3
888719.0,97.24,68.07,880090.79,96.3
888719.0,97.24,68.07,880090.79,96.3
888383.31,97.26,68.08,879685.04,96.3
888383.31,97.26,68.08,879685.04,96.3
888383.31,97.26,68.08,879685.04,96.3
888250.5,97.27,68.09,879392.99,96.3
887865.7,97.27,68.1,879134.59,96.32
887865.7,97.27,68.1,879134.59,96.32
887865.7,97.27,68.1,879134.59,96.32
887865.7,97.27,68.1,879237.92,96.33
887865.7,97.27,68.1,879237.92,96.33
887865.7,97.27,68.1,879237.92,96.33
887436.0,97.3,68.13,878798.63,96.35
887100.31,97.31,68.14,878667.18,96.38
886759.89,97.31,68.14,878338.14,96.39
886759.89,97.31,68.14,878338.14,96.39
886759.89,97.31,68.14,878338.14,96.39
886759.89,97.31,68.14,878338.14,96.39
886759.89,97.31,68.14,878338.14,96.39
886759.89,97.31,68.14,878338.14,96.39
886446.25,97.32,68.14,878077.76,96.4
885952.27,97.33,68.16,877865.65,96.44
885650.58,97.35,68.18,877646.42,96.47
885650.58,97.35,68.18,877646.42,96.47
885650.58,97.35,68.18,877646.42,96.47
885650.58,97.35,68.18,877646.42,96.47
885289.87,97.36,68.19,877463.92,96.5
885289.87,97.36,68.19,877463.92,96.5
885289.87,97.36,68.19,877463.92,96.5
885289.87,97.36,68.19,877463.92,96.5
885289.87,97.36,68.19,877441.46,96.5
885289.87,97.36,68.19,877441.46,96.5
885289.87,97.36,68.19,877441.46,96.5
885289.87,97.36,68.19,877441.46,96.5
884908.86,97.37,68.19,877024.66,96.5
884908.86,97.37,68.19,877024.66,96.5
884908.86,97.37,68.19,877024.66,96.5
884750.63,97.37,68.19,876839.43,96.5
884750.63,97.37,68.19,876839.43,96.5
884750.63,97.37,68.19,876839.43,96.5
884750.63,97.37,68.19,876839.43,96.5
884360.19,97.37,68.2,876515.7,96.51
884360.19,97.37,68.2,876515.7,96.51
884360.19,97.37,68.2,876515.7,96.51
884360.19,97.37,68.2,876515.7,96.51
884360.19,97.37,68.2,876515.7,96.51
883977.0,97.38,68.21,876451.88,96.55
883592.19,97.39,68.22,876182.4,96.57
883592.19,97.39,68.22,876182.4,96.57
883592.19,97.39,68.22,876182.4,96.57
883207.39,97.4,68.23,875799.95,96.58
883207.39,97.4,68.23,875799.95,96.58
883207.39,97.4,68.23,875799.95,96.58
883207.39,97.4,68.23,875799.95,96.58
883207.39,97.4,68.23,875799.95,96.58
883207.39,97.4,68.23,875799.95,96.58
883207.39,97.4,68.23,875799.95,96.58
883207.39,97.4,68.23,875799.95,96.58
883207.39,97.4,68.23,875799.95,96.58
883207.39,97.4,68.23,875799.95,96.58
882716.54,97.41,68.24,875110.03,96.57
882716.54,97.41,68.24,875110.03,96.57
882716.54,97.41,68.24,875110.03,96.57
882716.54,97.41,68.24,875110.03,96.57
882332.13,97.42,68.25,874796.84,96.59
882037.69,97.42,68.25,874441.31,96.58
882037.69,97.42,68.25,874441.31,96.58
881652.88,97.43,68.26,874180.96,96.61
881652.88,97.43,68.26,874180.96,96.61
881652.88,97.43,68.26,874180.96,96.61
881652.88,97.43,68.26,874180.96,96.61
881652.88,97.43,68.26,874180.96,96.61
881652.88,97.43,68.26,874180.96,96.61
881652.88,97.43,68.26,874180.96,96.61
881279.0,97.44,68.27,873768.93,96.61
881279.0,97.44,68.27,873768.93,96.61
881279.0,97.44,68.27,873768.93,96.61
881279.0,97.44,68.27,873795.45,96.61
881279.0,97.44,68.27,873795.45,96.61
881279.0,97.44,68.27,873795.45,96.61
881279.0,97.44,68.27,873795.45,96.61
881279.0,97.44,68.27,873795.45,96.61
880894.2,97.45,68.28,873285.64,96.61
880894.2,97.45,68.28,873285.64,96.61
880894.2,97.45,68.28,873285.64,96.61
880894.2,97.45,68.28,873259.0,96.6
880894.2,97.45,68.28,873259.0,96.6
880909.05,97.45,68.28,873221.82,96.6
880909.05,97.45,68.28,873221.82,96.6
880745.82,97.46,68.29,873148.21,96.62
880361.02,97.47,68.3,872572.69,96.6
880361.02,97.47,68.3,872572.69,96.6
880361.02,97.47,68.3,872572.69,96.6
880361.02,97.47,68.3,872572.69,96.6
880361.02,97.47,68.3,872572.69,96.6
880361.02,97.47,68.3,872572.69,96.6
880361.02,97.47,68.3,872572.69,96.6
880361.02,97.47,68.3,872572.69,96.6
880361.02,97.47,68.3,872557.52,96.6
880361.02,97.47,68.3,872557.52,96.6
880361.02,97.47,68.3,872557.52,96.6
880361.02,97.47,68.3,872557.52,96.6
880361.02,97.47,68.3,872557.52,96.6
880361.02,97.47,68.3,872557.52,96.6
880361.02,97.47,68.3,872557.52,96.6
880063.75,97.47,68.3,872198.2,96.6
880063.75,97.47,68.3,872198.2,96.6
879567.79,97.48,68.31,871898.84,96.63
879259.08,97.49,68.32,871625.98,96.64
879101.12,97.49,68.32,871498.86,96.65
878726.31,97.5,68.33,871117.46,96.65
878726.31,97.5,68.33,871117.46,96.65
878726.31,97.5,68.33,871117.46,96.65
878726.31,97.5,68.33,871117.46,96.65
878726.31,97.5,68.33,871117.46,96.65
878726.31,97.5,68.33,871117.46,96.65
878726.31,97.5,68.33,871117.46,96.65
878726.31,97.5,68.33,871117.46,96.65
878233.51,97.51,68.34,870556.47,96.65
878233.51,97.51,68.34,870573.05,96.66
878233.51,97.51,68.34,870595.56,96.66
878075.54,97.51,68.34,870438.94,96.66
878075.54,97.51,68.34,870438.94,96.66
877767.3,97.52,68.35,870437.75,96.71
877380.89,97.53,68.36,870181.67,96.73
877380.89,97.53,68.36,870181.67,96.73
877381.68,97.53,68.36,870182.97,96.73
877020.57,97.54,68.37,869804.03,96.74
877020.57,97.54,68.37,869804.03,96.74
877020.57,97.54,68.37,869804.03,96.74
876813.04,97.54,68.37,869592.17,96.74
876813.04,97.54,68.37,869592.17,96.74
876813.04,97.54,68.37,869592.17,96.74
876813.04,97.54,68.37,869592.17,96.74
876813.04,97.54,68.37,869592.17,96.74
876813.04,97.54,68.37,869592.17,96.74
876813.04,97.54,68.37,869592.17,96.74
876813.04,97.54,68.37,869592.17,96.74
876428.23,97.55,68.38,869451.53,96.77
876428.23,97.55,68.38,869451.53,96.77
876428.23,97.55,68.38,869451.53,96.77
876428.23,97.55,68.38,869464.26,96.78
876043.43,97.56,68.39,868928.19,96.77
876043.43,97.56,68.39,868928.19,96.77
876043.43,97.56,68.39,868928.19,96.77
876043.43,97.56,68.39,868928.19,96.77
876043.43,97.56,68.39,868928.19,96.77
876043.43,97.56,68.39,868928.19,96.77
876043.43,97.56,68.39,868928.19,96.77
876043.43,97.56,68.39,868928.19,96.77
875752.56,97.57,68.4,868648.57,96.78
875752.56,97.57,68.4,868648.57,96.78
875752.56,97.57,68.4,868648.57,96.78
875752.56,97.57,68.4,868648.57,96.78
875752.56,97.57,68.4,868648.57,96.78
875427.91,97.58,68.41,868320.53,96.79
875117.33,97.6,68.43,867694.12,96.77
875117.33,97.6,68.43,867694.12,96.77
875117.33,97.6,68.43,867716.97,96.77
874906.13,97.63,68.46,867348.86,96.78
874906.13,97.63,68.46,867348.86,96.78
874906.13,97.63,68.46,867348.86,96.78
874906.13,97.63,68.46,867348.86,96.78
874443.31,97.64,68.48,866995.71,96.81
874060.11,97.65,68.49,866678.5,96.83
873696.25,97.66,68.5,866186.14,96.82
873696.25,97.66,68.5,866186.14,96.82
873696.25,97.66,68.5,866186.14,96.82
873696.25,97.66,68.5,866186.14,96.82
873696.25,97.66,68.5,866186.14,96.82
873696.25,97.66,68.5,866186.14,96.82
873696.25,97.66,68.5,866186.14,96.82
873313.05,97.67,68.51,865730.12,96.82
873015.99,97.67,68.51,865446.62,96.83
873015.99,97.67,68.51,865446.62,96.83
873015.99,97.67,68.51,865446.62,96.83
872642.79,97.68,68.51,865038.71,96.83
872642.79,97.68,68.51,865038.71,96.83
872129.05,97.7,68.53,864321.3,96.82
872132.85,97.7,68.53,864291.53,96.82
872132.85,97.7,68.53,864291.53,96.82
871619.11,97.71,68.54,863629.62,96.81
871619.11,97.71,68.54,863629.62,96.81
871619.11,97.71,68.54,863629.62,96.81
871619.11,97.71,68.54,863629.62,96.81
871371.48,97.73,68.57,863237.92,96.82
871371.48,97.73,68.57,863237.92,96.82
871371.48,97.73,68.57,863237.92,96.82
870986.68,97.74,68.58,863112.94,96.86
870986.68,97.74,68.58,863112.94,96.86
870986.68,97.74,68.58,863112.94,96.86
870986.68,97.74,68.58,863112.94,96.86
870657.7,97.76,68.59,862990.51,96.9
870450.17,97.76,68.59,862851.45,96.9
870450.17,97.76,68.59,862851.45,96.9
870450.17,97.76,68.59,862851.45,96.9
870450.17,97.76,68.59,862851.45,96.9
870450.17,97.76,68.59,862851.45,96.9
870450.17,97.76,68.59,862851.45,96.9
870213.41,97.77,68.6,862700.75,96.92
870213.41,97.77,68.6,862700.75,96.92
870213.41,97.77,68.6,862700.75,96.92
870213.41,97.77,68.6,862700.75,96.92
869924.21,97.77,68.6,862428.23,96.93
869924.21,97.77,68.6,862428.23,96.93
869924.21,97.77,68.6,862428.23,96.93
869924.21,97.77,68.6,862428.23,96.93
869543.61,97.78,68.61,862015.01,96.93
869543.61,97.78,68.61,862015.01,96.93
869543.61,97.78,68.61,862015.01,96.93
869543.61,97.78,68.61,862015.01,96.93
869578.23,97.78,68.62,862205.78,96.95
869578.23,97.78,68.62,862205.78,96.95
869578.23,97.78,68.62,862205.78,96.95
869153.22,97.81,68.64,861691.76,96.97
869153.22,97.81,68.64,861691.76,96.97
869153.22,97.81,68.64,861691.76,96.97
869153.22,97.81,68.64,861691.76,96.97
869153.22,97.81,68.64,861691.76,96.97
869153.22,97.81,68.64,861691.76,96.97
869153.22,97.81,68.64,861691.76,96.97
869153.22,97.81,68.64,861691.76,96.97
868955.7,97.83,68.67,861436.22,96.99
868955.7,97.83,68.67,861436.22,96.99
868955.7,97.83,68.67,861436.22,96.99
868955.7,97.83,68.67,861436.22,96.99
868582.89,97.84,68.68,861152.45,97.01
868177.93,97.85,68.68,860750.44,97.01
868177.93,97.85,68.68,860750.44,97.01
868177.93,97.85,68.68,860750.44,97.01
868177.93,97.85,68.68,860750.44,97.01
868177.93,97.85,68.68,860750.44,97.01
868177.93,97.85,68.68,860750.44,97.01
867924.3,97.87,68.7,860593.88,97.04
867924.3,97.87,68.7,860593.88,97.04
867924.3,97.87,68.7,860593.88,97.04
867924.3,97.87,68.7,860593.88,97.04
867924.3,97.87,68.7,860617.66,97.05
867924.3,97.87,68.7,860617.66,97.05
867924.3,97.87,68.7,860617.66,97.05
867924.3,97.87,68.7,860617.66,97.05
867924.3,97.87,68.7,860617.66,97.05
867924.3,97.87,68.7,860617.66,97.05
867924.3,97.87,68.7,860617.66,97.05
867924.3,97.87,68.7,860617.66,97.05
867924.3,97.87,68.7,860617.66,97.05
867924.3,97.87,68.7,860617.66,97.05
867924.3,97.87,68.7,860617.66,97.05
867520.33,97.88,68.71,860204.35,97.05
867212.79,97.88,68.71,859926.43,97.06
867212.79,97.88,68.71,859926.43,97.06
867212.79,97.88,68.71,859926.43,97.06
866766.06,97.89,68.72,859437.27,97.06
866766.06,97.89,68.72,859437.27,97.06
866330.59,97.9,68.74,858893.89,97.06
866330.59,97.9,68.74,858893.89,97.06
866330.59,97.9,68.74,858893.89,97.06
865948.58,97.91,68.75,858518.33,97.07
865948.58,97.91,68.75,858518.33,97.07
865948.58,97.91,68.75,858542.96,97.08
865948.58,97.91,68.75,858542.96,97.08
865948.58,97.91,68.75,858542.96,97.08
865948.58,97.91,68.75,858542.96,97.08
865948.58,97.91,68.75,858542.96,97.08
865652.09,97.92,68.75,858294.64,97.08
865652.09,97.92,68.75,858294.64,97.08
865652.09,97.92,68.75,858294.64,97.08
865652.09,97.92,68.75,858294.64,97.08
865652.09,97.92,68.75,858294.64,97.08
865349.71,97.92,68.75,857949.25,97.08
865349.71,97.92,68.75,857949.25,97.08
865349.71,97.92,68.75,857945.39,97.08
865145.25,97.92,68.76,857758.96,97.09
865145.25,97.92,68.76,857758.96,97.09
865145.25,97.92,68.76,857758.96,97.09
865145.25,97.92,68.76,857758.96,97.09
864992.6,97.93,68.77,857556.25,97.09
864992.6,97.93,68.77,857556.25,97.09
864607.8,97.94,68.77,857281.4,97.11
864607.8,97.94,68.77,857281.4,97.11
864607.8,97.94,68.77,857281.4,97.11
864607.8,97.94,68.77,857281.4,97.11
864607.8,97.94,68.77,857281.4,97.11
864253.24,97.95,68.79,856952.16,97.13
864253.24,97.95,68.79,856952.16,97.13
864253.24,97.95,68.79,856952.16,97.13
864282.0,97.96,68.79,856981.65,97.13
863876.26,97.96,68.8,856601.57,97.14
863876.26,97.96,68.8,856601.57,97.14
863876.26,97.96,68.8,856601.57,97.14
863876.26,97.96,68.8,856601.57,97.14
863876.26,97.96,68.8,856601.57,97.14
863876.26,97.96,68.8,856601.57,97.14
863679.01,97.97,68.8,856392.1,97.14
863679.01,97.97,68.8,856392.1,97.14
863679.01,97.97,68.8,856392.1,97.14
863295.81,97.98,68.81,856169.2,97.17
863295.81,97.98,68.81,856090.41,97.16
863295.81,97.98,68.81,856090.41,97.16
863295.81,97.98,68.81,856090.41,97.16
862933.93,97.99,68.82,855827.03,97.18
862933.93,97.99,68.82,855827.03,97.18
862933.93,97.99,68.82,855827.03,97.18
862933.93,97.99,68.82,855827.03,97.18
862933.93,97.99,68.82,855827.03,97.18
862933.93,97.99,68.82,855827.03,97.18
862933.93,97.99,68.82,855827.03,97.18
862933.93,97.99,68.82,855827.03,97.18
862933.93,97.99,68.82,855827.03,97.18
862933.93,97.99,68.82,855827.03,97.18
862571.38,98.0,68.83,855476.4,97.19
862571.38,98.0,68.83,855476.4,97.19
862571.38,98.0,68.83,855476.4,97.19
862571.38,98.0,68.83,855476.4,97.19
862571.38,98.0,68.83,855476.4,97.19
862571.38,98.0,68.83,855476.4,97.19
862571.38,98.0,68.83,855476.4,97.19
862571.38,98.0,68.83,855476.4,97.19
862571.38,98.0,68.83,855476.4,97.19
862571.38,98.0,68.83,855476.4,97.19
862571.38,98.0,68.83,855476.4,97.19
862238.62,98.0,68.83,855156.31,97.2
862018.65,98.0,68.83,854967.33,97.2
862018.65,98.0,68.83,854967.33,97.2
861558.34,98.01,68.84,854665.92,97.23
861209.74,98.02,68.85,854297.92,97.24
861209.74,98.02,68.85,854297.92,97.24
861209.74,98.02,68.85,854297.92,97.24
861209.74,98.02,68.85,854297.92,97.24
861209.74,98.02,68.85,854297.92,97.24
861209.74,98.02,68.85,854310.33,97.24
861209.74,98.02,68.85,854310.33,97.24
861209.74,98.02,68.85,854310.33,97.24
861209.74,98.02,68.85,854310.33,97.24
860815.63,98.03,68.86,853983.91,97.25
860815.63,98.03,68.86,853983.91,97.25
860815.63,98.03,68.86,853983.91,97.25
860815.63,98.03,68.86,853983.91,97.25
860815.63,98.03,68.86,853983.91,97.25
860815.63,98.03,68.86,853983.91,97.25
860815.63,98.03,68.86,853983.91,97.25
860815.63,98.03,68.86,853983.91,97.25
860815.63,98.03,68.86,853983.91,97.25
860815.63,98.03,68.86,853983.91,97.25
860815.63,98.03,68.86,853983.91,97.25
860364.49,98.04,68.87,853528.78,97.26
860364.49,98.04,68.87,853528.78,97.26
860364.49,98.04,68.87,853528.78,97.26
860364.49,98.04,68.87,853528.78,97.26
860364.49,98.04,68.87,853528.78,97.26
860364.49,98.04,68.87,853528.78,97.26
860364.49,98.04,68.87,853528.78,97.26
860364.49,98.04,68.87,853528.78,97.26
860364.49,98.04,68.87,853528.78,97.26
860364.49,98.04,68.87,853528.78,97.26
860364.49,98.04,68.87,853528.78,97.26
860364.49,98.04,68.87,853528.78,97.26
860364.49,98.04,68.87,853528.78,97.26
860364.49,98.04,68.87,853505.61,97.26
860364.49,98.04,68.87,853505.61,97.26
860364.49,98.04,68.87,853505.61,97.26
860364.49,98.04,68.87,853505.61,97.26
860364.49,98.04,68.87,853505.61,97.26
860132.08,98.05,68.88,853322.24,97.27
860132.08,98.05,68.88,853322.24,97.27
860132.08,98.05,68.88,853322.24,97.27
860132.08,98.05,68.88,853322.24,97.27
860132.08,98.05,68.88,853322.24,97.27
860132.08,98.05,68.88,853322.24,97.27
860132.08,98.05,68.88,853322.24,97.27
860132.08,98.05,68.88,853322.24,97.27
860132.08,98.05,68.88,853322.24,97.27
860132.08,98.05,68.88,853322.24,97.27
860132.08,98.05,68.88,853322.24,97.27
860132.08,98.05,68.88,853322.24,97.27
859833.04,98.05,68.88,853019.25,97.27
859833.04,98.05,68.88,853019.25,97.27
859833.04,98.05,68.88,853019.25,97.27
859833.04,98.05,68.88,853019.25,97.27
859572.55,98.06,68.89,852725.12,97.28
859572.55,98.06,68.89,852725.12,97.28
859066.78,98.06,68.9,852254.51,97.29
859066.78,98.06,68.9,852254.51,97.29
858736.77,98.08,68.91,852147.88,97.33
858736.77,98.08,68.91,852147.88,97.33
858736.77,98.08,68.91,852147.88,97.33
858213.27,98.09,68.92,851581.54,97.33
858213.27,98.09,68.92,851581.54,97.33
858213.27,98.09,68.92,851581.54,97.33
858213.27,98.09,68.92,851581.54,97.33
857870.34,98.1,68.93,851124.19,97.33
857870.34,98.1,68.93,851124.19,97.33
857485.54,98.11,68.94,850699.73,97.33
857269.35,98.11,68.94,850514.24,97.34
857026.37,98.12,68.95,850415.1,97.36
857026.37,98.12,68.95,850415.1,97.36
857026.37,98.12,68.95,850415.1,97.36
856823.01,98.12,68.96,850193.06,97.37
856823.01,98.12,68.96,850193.06,97.37
856448.21,98.13,68.97,849815.74,97.37
856448.21,98.13,68.97,849815.74,97.37
856448.21,98.13,68.97,849815.74,97.37
856449.98,98.13,68.97,849817.78,97.37
856449.98,98.13,68.97,849807.45,97.37
856449.98,98.13,68.97,849807.45,97.37
856449.98,98.13,68.97,849807.45,97.37
856192.28,98.14,68.97,849587.83,97.38
856192.28,98.14,68.97,849587.83,97.38
856192.28,98.14,68.97,849587.83,97.38
856192.28,98.14,68.97,849587.83,97.38
856192.28,98.14,68.97,849587.83,97.38
855985.68,98.14,68.97,849465.93,97.39
855985.68,98.14,68.97,849465.93,97.39
855985.68,98.14,68.97,849465.93,97.39
855985.68,98.14,68.97,849465.93,97.39
855985.68,98.14,68.97,849465.93,97.39
855635.11,98.15,68.99,849455.31,97.44
855635.11,98.15,68.99,849455.31,97.44
855635.11,98.15,68.99,849455.31,97.44
855635.11,98.15,68.99,849455.31,97.44
855323.47,98.17,69.0,849151.35,97.46
855323.47,98.17,69.0,849151.35,97.46
855323.47,98.17,69.0,849151.35,97.46
855323.47,98.17,69.0,849151.35,97.46
855165.51,98.17,69.0,849019.9,97.46
855165.51,98.17,69.0,849019.9,97.46
855165.51,98.17,69.0,849019.9,97.46
855007.54,98.17,69.0,848878.04,97.47
855007.54,98.17,69.0,848878.04,97.47
854588.04,98.17,69.0,848446.57,97.47
854368.41,98.17,69.0,848270.1,97.47
854194.73,98.18,69.01,848175.4,97.49
854194.73,98.18,69.01,848175.4,97.49
854194.73,98.18,69.01,848175.4,97.49
854194.73,98.18,69.01,848175.4,97.49
853987.19,98.18,69.01,847924.83,97.49
853591.45,98.19,69.02,847523.68,97.49
853591.45,98.19,69.02,847523.68,97.49
853591.45,98.19,69.02,847523.68,97.49
853454.03,98.19,69.02,847457.19,97.5
853454.03,98.19,69.02,847457.19,97.5
853454.03,98.19,69.02,847457.19,97.5
853454.03,98.19,69.02,847457.19,97.5
853454.03,98.19,69.02,847457.19,97.5
853454.03,98.19,69.02,847488.91,97.5
853454.03,98.19,69.02,847444.37,97.5
853454.03,98.19,69.02,847444.37,97.5
853454.03,98.19,69.02,847444.37,97.5
853246.49,98.19,69.02,847266.33,97.5
853088.53,98.19,69.02,847114.94,97.51
853088.53,98.19,69.02,847114.94,97.51
853088.53,98.19,69.02,847114.94,97.51
853088.53,98.19,69.02,847114.94,97.51
853088.53,98.19,69.02,847114.94,97.51
853088.53,98.19,69.02,847114.94,97.51
852811.78,98.2,69.03,846819.32,97.51
852811.78,98.2,69.03,846819.32,97.51
852811.78,98.2,69.03,846819.32,97.51
852811.78,98.2,69.03,846924.01,97.52
852811.78,98.2,69.03,846924.01,97.52
852522.58,98.2,69.03,846640.83,97.52
852522.58,98.2,69.03,846665.7,97.53
852522.58,98.2,69.03,846650.44,97.52
852522.58,98.2,69.03,846636.65,97.52
852522.58,98.2,69.03,846636.65,97.52
852139.56,98.21,69.04,846223.01,97.53
852139.56,98.21,69.04,846223.01,97.53
852139.56,98.21,69.04,846223.01,97.53
852139.56,98.21,69.04,846223.01,97.53
852139.56,98.21,69.04,846223.01,97.53
852139.56,98.21,69.04,846223.01,97.53
852139.56,98.21,69.04,846223.01,97.53
852139.56,98.21,69.04,846223.01,97.53
852139.56,98.21,69.04,846223.01,97.53
852139.56,98.21,69.04,846223.01,97.53
852139.56,98.21,69.04,846190.57,97.52
852139.56,98.21,69.04,846190.57,97.52
852139.56,98.21,69.04,846190.57,97.52
852139.56,98.21,69.04,846190.57,97.52
852139.56,98.21,69.04,846190.57,97.52
852139.56,98.21,69.04,846159.29,97.52
852139.56,98.21,69.04,846159.29,97.52
852139.56,98.21,69.04,846159.29,97.52
852139.56,98.21,69.04,846159.29,97.52
852139.56,98.21,69.04,846159.29,97.52
852139.56,98.21,69.04,846159.29,97.52
852139.56,98.21,69.04,846159.29,97.52
852139.56,98.21,69.04,846159.29,97.52
852139.56,98.21,69.04,846159.29,97.52
852139.56,98.21,69.04,846159.29,97.52
852139.56,98.21,69.04,846159.29,97.52
852139.56,98.21,69.04,846159.29,97.52
852139.56,98.21,69.04,846159.29,97.52
852139.56,98.21,69.04,846159.29,97.52
852139.56,98.21,69.04,846159.29,97.52
852139.56,98.21,69.04,846159.29,97.52
852139.56,98.21,69.04,846159.29,97.52
852139.56,98.21,69.04,846159.29,97.52
852139.56,98.21,69.04,846159.29,97.52
852139.56,98.21,69.04,846159.29,97.52
851771.31,98.22,69.05,845827.46,97.53
851771.31,98.22,69.05,845827.46,97.53
851771.31,98.22,69.05,845827.46,97.53
851771.31,98.22,69.05,845827.46,97.53
851771.31,98.22,69.05,845827.46,97.53
851771.31,98.22,69.05,845827.46,97.53
851486.86,98.24,69.07,845675.6,97.57
851486.86,98.24,69.07,845675.6,97.57
851486.86,98.24,69.07,845675.6,97.57
851486.86,98.24,69.07,845675.6,97.57
851486.86,98.24,69.07,845675.6,97.57
851486.86,98.24,69.07,845675.6,97.57
851131.81,98.25,69.08,845373.94,97.59
851131.81,98.25,69.08,845373.94,97.59
851131.81,98.25,69.08,845373.94,97.59
851131.81,98.25,69.08,845373.94,97.59
851131.81,98.25,69.08,845373.94,97.59
851131.81,98.25,69.08,845373.94,97.59
851131.81,98.25,69.08,845373.94,97.59
850796.72,98.25,69.08,845080.35,97.59
850796.72,98.25,69.08,845080.35,97.59
850796.72,98.25,69.08,845080.35,97.59
850796.72,98.25,69.08,845080.35,97.59
850796.72,98.25,69.08,845080.35,97.59
850796.72,98.25,69.08,845080.35,97.59
850796.72,98.25,69.08,845080.35,97.59
850796.72,98.25,69.08,845080.35,97.59
850796.72,98.25,69.08,845080.35,97.59
850796.72,98.25,69.08,845080.35,97.59
850796.72,98.25,69.08,845080.35,97.59
850796.72,98.25,69.08,845080.35,97.59
850796.72,98.25,69.08,845080.35,97.59
850796.72,98.25,69.08,845080.35,97.59
850507.52,98.26,69.09,844854.44,97.6
850507.52,98.26,69.09,844854.44,97.6
850507.52,98.26,69.09,844854.44,97.6
850507.52,98.26,69.09,844854.44,97.6
850507.52,98.26,69.09,844854.44,97.6
850507.52,98.26,69.09,844835.04,97.6
849968.15,98.26,69.09,844331.43,97.61
849968.54,98.26,69.09,844359.56,97.61
849662.94,98.26,69.09,844070.08,97.62
849662.94,98.26,69.09,844070.08,97.62
849662.94,98.26,69.09,844070.08,97.62
849662.94,98.26,69.09,844070.08,97.62
849662.94,98.26,69.09,844070.08,97.62
849662.94,98.26,69.09,844070.08,97.62
849662.94,98.26,69.09,844070.08,97.62
849662.94,98.26,69.09,844070.08,97.62
849662.94,98.26,69.09,844070.08,97.62
849662.94,98.26,69.09,844070.08,97.62
849662.94,98.26,69.09,844070.08,97.62
849276.15,98.27,69.1,843764.51,97.63
849276.15,98.27,69.1,843764.51,97.63
849276.15,98.27,69.1,843764.51,97.63
849276.15,98.27,69.1,843764.51,97.63
849276.15,98.27,69.1,843764.51,97.63
849276.15,98.27,69.1,843764.51,97.63
849276.15,98.27,69.1,843764.51,97.63
849276.15,98.27,69.1,843764.51,97.63
849276.15,98.27,69.1,843764.51,97.63
849276.15,98.27,69.1,843764.51,97.63
849276.15,98.27,69.1,843764.51,97.63
849276.15,98.27,69.1,843764.51,97.63
849276.15,98.27,69.1,843764.51,97.63
849276.15,98.27,69.1,843764.51,97.63
849276.15,98.27,69.1,843764.51,97.63
849276.15,98.27,69.1,843764.51,97.63
849276.15,98.27,69.1,843764.51,97.63
849276.15,98.27,69.1,843764.51,97.63
849276.15,98.27,69.1,843764.51,97.63
849276.15,98.27,69.1,843764.51,97.63
849276.15,98.27,69.1,843764.51,97.63
849276.15,98.27,69.1,843764.51,97.63
849276.15,98.27,69.1,843764.51,97.63
849276.15,98.27,69.1,843764.51,97.63
849276.15,98.27,69.1,843764.51,97.63
849276.15,98.27,69.1,843764.51,97.63
849276.15,98.27,69.1,843764.51,97.63
849276.15,98.27,69.1,843764.51,97.63
849276.15,98.27,69.1,843764.51,97.63
849276.15,98.27,69.1,843764.51,97.63
849276.15,98.27,69.1,843764.51,97.63
848999.02,98.28,69.11,842126.18,97.48
848548.96,98.29,69.12,841726.9,97.5
848548.96,98.29,69.12,841726.9,97.5
848548.96,98.29,69.12,841726.9,97.5
848548.96,98.29,69.12,841726.9,97.5
848548.96,98.29,69.12,841726.9,97.5
848548.96,98.29,69.12,841726.9,97.5
848548.96,98.29,69.12,841726.9,97.5
848370.38,98.29,69.12,841573.31,97.5
848370.38,98.29,69.12,841573.31,97.5
848370.38,98.29,69.12,841573.31,97.5
848370.38,98.29,69.12,841573.31,97.5
848370.38,98.29,69.12,841573.31,97.5
848370.38,98.29,69.12,841573.31,97.5
847950.88,98.3,69.13,841141.84,97.51
847950.88,98.3,69.13,841141.84,97.51
847950.88,98.3,69.13,841141.84,97.51
847950.88,98.3,69.13,841141.84,97.51
847950.88,98.3,69.13,841141.84,97.51
847950.88,98.3,69.13,841141.84,97.51
847950.88,98.3,69.13,841141.84,97.51
847950.88,98.3,69.13,841141.84,97.51
847950.88,98.3,69.13,841141.84,97.51
847950.88,98.3,69.13,841141.84,97.51
847950.88,98.3,69.13,841141.84,97.51
847738.2,98.3,69.13,840929.08,97.51
847738.2,98.3,69.13,840929.08,97.51
847738.2,98.3,69.13,840929.08,97.51
847340.81,98.3,69.13,840496.75,97.51
847340.81,98.3,69.13,840496.75,97.51
847340.81,98.3,69.13,840496.75,97.51
847340.81,98.3,69.13,840496.75,97.51
846893.56,98.31,69.14,840037.93,97.51
846893.56,98.31,69.14,840037.93,97.51
846893.56,98.31,69.14,840037.93,97.51
846893.56,98.31,69.14,840037.93,97.51
846893.56,98.31,69.14,840037.93,97.51
846893.56,98.31,69.14,840037.93,97.51
846893.56,98.31,69.14,840037.93,97.51
846893.56,98.31,69.14,840037.93,97.51
846893.56,98.31,69.14,840037.93,97.51
846893.56,98.31,69.14,840037.93,97.51
846893.56,98.31,69.14,840037.93,97.51
846893.56,98.31,69.14,840037.93,97.51
846893.56,98.31,69.14,840037.93,97.51
846628.09,98.31,69.14,839735.01,97.51
846628.09,98.31,69.14,839735.01,97.51
846628.09,98.31,69.14,839735.01,97.51
846519.86,98.31,69.14,839568.38,97.5
846519.86,98.31,69.14,839568.38,97.5
846221.16,98.33,69.16,839229.47,97.52
846221.16,98.33,69.16,839229.47,97.52
846221.16,98.33,69.16,839229.47,97.52
846221.16,98.33,69.16,839229.47,97.52
846221.16,98.33,69.16,839229.47,97.52
846221.16,98.33,69.16,839229.47,97.52
846221.16,98.33,69.16,839229.47,97.52
846221.16,98.33,69.16,839229.47,97.52
846221.16,98.33,69.16,839229.47,97.52
846221.16,98.33,69.16,839229.47,97.52
846221.16,98.33,69.16,839229.47,97.52
846063.2,98.33,69.16,839075.75,97.52
846063.2,98.33,69.16,839075.75,97.52
846063.2,98.33,69.16,839075.75,97.52
846063.2,98.33,69.16,839075.75,97.52
846063.2,98.33,69.16,839075.75,97.52
845067.07,98.33,69.16,838076.56,97.52
845067.07,98.33,69.16,838076.56,97.52
844663.1,98.34,69.17,837663.24,97.52
844663.1,98.34,69.17,837663.24,97.52
844663.1,98.34,69.17,837663.24,97.52
844663.1,98.34,69.17,837663.24,97.52
844663.1,98.34,69.17,837663.24,97.52
844663.1,98.34,69.17,837663.24,97.52
844663.1,98.34,69.17,837689.04,97.52
844663.1,98.34,69.17,837689.04,97.52
844663.1,98.34,69.17,837689.04,97.52
844663.1,98.34,69.17,837689.04,97.52
844663.1,98.34,69.17,837689.04,97.52
844663.1,98.34,69.17,837689.04,97.52
844663.1,98.34,69.17,837689.04,97.52
844443.13,98.34,69.17,837491.19,97.53
844443.13,98.34,69.17,837491.19,97.53
844443.13,98.34,69.17,837491.19,97.53
844443.13,98.34,69.17,837462.22,97.52
844443.13,98.34,69.17,837462.22,97.52
844443.13,98.34,69.17,837462.22,97.52
844443.13,98.34,69.17,837462.22,97.52
844443.13,98.34,69.17,837462.22,97.52
844443.13,98.34,69.17,837462.22,97.52
844106.41,98.35,69.18,837239.22,97.55
843704.2,98.36,69.19,836940.3,97.57
843704.2,98.36,69.19,836940.3,97.57
843704.2,98.36,69.19,836940.3,97.57
843704.2,98.36,69.19,836940.3,97.57
843704.2,98.36,69.19,836940.3,97.57
843411.83,98.36,69.19,836768.82,97.59
843411.83,98.36,69.19,836768.82,97.59
843411.83,98.36,69.19,836768.82,97.59
843411.83,98.36,69.19,836768.82,97.59
843411.83,98.36,69.19,836768.82,97.59
843411.83,98.36,69.19,836768.82,97.59
843411.83,98.36,69.19,836768.82,97.59
843411.83,98.36,69.19,836768.82,97.59
843411.83,98.36,69.19,836794.49,97.59
843411.83,98.36,69.19,836794.49,97.59
843411.83,98.36,69.19,836794.49,97.59
843411.83,98.36,69.19,836794.49,97.59
843411.83,98.36,69.19,836794.49,97.59
843411.83,98.36,69.19,836794.49,97.59
843411.83,98.36,69.19,836794.49,97.59
843411.83,98.36,69.19,836794.49,97.59
843009.62,98.37,69.2,836379.27,97.59
843009.62,98.37,69.2,836379.27,97.59
843009.62,98.37,69.2,836379.27,97.59
843009.62,98.37,69.2,836379.27,97.59
843009.62,98.37,69.2,836379.27,97.59
843009.62,98.37,69.2,836379.27,97.59
843009.62,98.37,69.2,836379.27,97.59
843009.62,98.37,69.2,836379.27,97.59
843009.62,98.37,69.2,836379.27,97.59
843009.62,98.37,69.2,836379.27,97.59
843009.62,98.37,69.2,836379.27,97.59
843009.62,98.37,69.2,836379.27,97.59
843009.62,98.37,69.2,836379.27,97.59
843009.62,98.37,69.2,836379.27,97.59
843009.62,98.37,69.2,836379.27,97.59
843009.62,98.37,69.2,836357.25,97.59
842672.01,98.38,69.21,835946.21,97.6
842333.09,98.39,69.22,835875.91,97.63
842075.63,98.39,69.22,835591.96,97.63
842075.63,98.39,69.22,835591.96,97.63
842075.63,98.39,69.22,835591.96,97.63
842075.63,98.39,69.22,835591.96,97.63
842075.63,98.39,69.22,835591.96,97.63
842075.63,98.39,69.22,835591.96,97.63
841536.34,98.4,69.23,835077.67,97.64
841536.34,98.4,69.23,835077.67,97.64
841536.34,98.4,69.23,835077.67,97.64
841536.34,98.4,69.23,835077.67,97.64
841536.34,98.4,69.23,835077.67,97.64
841536.34,98.4,69.23,835077.67,97.64
841536.34,98.4,69.23,835077.67,97.64
841536.34,98.4,69.23,835077.67,97.64
841536.34,98.4,69.23,835077.67,97.64
841536.34,98.4,69.23,835077.67,97.64
841536.34,98.4,69.23,835077.67,97.64
841536.34,98.4,69.23,835077.67,97.64
841536.34,98.4,69.23,835077.67,97.64
841536.34,98.4,69.23,835077.67,97.64
841536.34,98.4,69.23,835077.67,97.64
841536.34,98.4,69.23,835077.67,97.64
841536.34,98.4,69.23,835077.67,97.64
841536.34,98.4,69.23,835077.67,97.64
841536.34,98.4,69.23,835077.67,97.64
841536.34,98.4,69.23,835077.67,97.64
841536.34,98.4,69.23,835077.67,97.64
841536.34,98.4,69.23,835077.67,97.64
841536.34,98.4,69.23,835077.67,97.64
841191.9,98.4,69.23,834688.66,97.64
841191.9,98.4,69.23,834688.66,97.64
841197.2,98.4,69.23,834756.93,97.65
841197.2,98.4,69.23,834756.93,97.65
841197.2,98.4,69.23,834756.93,97.65
840876.51,98.42,69.25,834421.52,97.66
840876.51,98.42,69.25,834421.52,97.66
840876.51,98.42,69.25,834421.52,97.66
840538.77,98.43,69.26,834200.21,97.69
840538.77,98.43,69.26,834200.21,97.69
840538.77,98.43,69.26,834200.21,97.69
840538.77,98.43,69.26,834200.21,97.69
840538.77,98.43,69.26,834200.21,97.69
840538.77,98.43,69.26,834200.21,97.69
840538.77,98.43,69.26,834200.21,97.69
840538.77,98.43,69.26,834200.21,97.69
840538.77,98.43,69.26,834200.21,97.69
840492.3,98.43,69.26,834163.36,97.69
840203.1,98.43,69.27,833886.43,97.69
840203.1,98.43,69.27,833886.43,97.69
840203.1,98.43,69.27,833886.43,97.69
840203.1,98.43,69.27,833860.83,97.69
839822.33,98.44,69.27,833509.45,97.7
839822.33,98.44,69.27,833509.45,97.7
839822.33,98.44,69.27,833509.45,97.7
839822.33,98.44,69.27,833509.45,97.7
839742.77,98.45,69.28,833373.54,97.7
839742.77,98.45,69.28,833373.54,97.7
839742.77,98.45,69.28,833373.54,97.7
839742.77,98.45,69.28,833373.54,97.7
839742.77,98.45,69.28,833373.54,97.7
839742.77,98.45,69.28,833373.54,97.7
839742.77,98.45,69.28,833373.54,97.7
839742.77,98.45,69.28,833373.54,97.7
839742.77,98.45,69.28,833373.54,97.7
839742.77,98.45,69.28,833373.54,97.7
839742.77,98.45,69.28,833373.54,97.7
839742.77,98.45,69.28,833373.54,97.7
839742.77,98.45,69.28,833373.54,97.7
839742.77,98.45,69.28,833373.54,97.7
839742.77,98.45,69.28,833373.54,97.7
839742.77,98.45,69.28,833373.54,97.7
839742.77,98.45,69.28,833373.54,97.7
839742.77,98.45,69.28,833373.54,97.7
839742.77,98.45,69.28,833373.54,97.7
839742.77,98.45,69.28,833373.54,97.7
839742.77,98.45,69.28,833373.54,97.7
839742.77,98.45,69.28,833373.54,97.7
839742.77,98.45,69.28,833373.54,97.7
839533.13,98.45,69.28,833195.93,97.71
839533.13,98.45,69.28,833244.77,97.71
839533.13,98.45,69.28,833244.77,97.71
839533.13,98.45,69.28,833244.77,97.71
839533.13,98.45,69.28,833244.77,97.71
839533.13,98.45,69.28,833244.77,97.71
839533.13,98.45,69.28,833244.77,97.71
839241.45,98.46,69.29,832933.02,97.72
839241.45,98.46,69.29,832933.02,97.72
839241.45,98.46,69.29,832933.02,97.72
839241.45,98.46,69.29,832933.02,97.72
839241.45,98.46,69.29,832933.02,97.72
839241.45,98.46,69.29,832933.02,97.72
839241.45,98.46,69.29,832933.02,97.72
839241.45,98.46,69.29,832933.02,97.72
839241.45,98.46,69.29,832933.02,97.72
839241.45,98.46,69.29,832933.02,97.72
839241.45,98.46,69.29,832933.02,97.72
839241.45,98.46,69.29,832933.02,97.72
838944.18,98.46,69.29,832605.75,97.71
838944.18,98.46,69.29,832605.75,97.71
838646.92,98.46,69.29,832368.3,97.72
838646.92,98.46,69.29,832368.3,97.72
838646.92,98.46,69.29,832368.3,97.72
838646.92,98.46,69.29,832368.3,97.72
838646.92,98.46,69.29,832368.3,97.72
838357.18,98.46,69.29,832104.77,97.73
838012.36,98.47,69.31,831683.1,97.73
838012.36,98.47,69.31,831683.1,97.73
838012.36,98.47,69.31,831683.1,97.73
838012.36,98.47,69.31,831683.1,97.73
838012.36,98.47,69.31,831683.1,97.73
838012.36,98.47,69.31,831683.1,97.73
838012.36,98.47,69.31,831683.1,97.73
838012.36,98.47,69.31,831723.32,97.74
838012.36,98.47,69.31,831706.93,97.73
837854.13,98.47,69.31,831450.94,97.72
837854.13,98.47,69.31,831450.94,97.72
837854.13,98.47,69.31,831451.23,97.72
837592.1,98.48,69.31,831162.2,97.73
837382.13,98.48,69.31,831004.9,97.73
837382.13,98.48,69.31,831004.9,97.73
837382.13,98.48,69.31,831004.9,97.73
837382.13,98.48,69.31,830993.03,97.73
837382.13,98.48,69.31,830993.03,97.73
837382.13,98.48,69.31,830993.03,97.73
837382.13,98.48,69.31,830993.03,97.73
837382.13,98.48,69.31,830993.03,97.73
837382.13,98.48,69.31,830993.03,97.73
837382.13,98.48,69.31,830993.03,97.73
837382.13,98.48,69.31,830993.03,97.73
837382.13,98.48,69.31,830993.03,97.73
837382.13,98.48,69.31,830993.03,97.73
837382.13,98.48,69.31,830993.03,97.73
836997.4,98.49,69.32,830588.19,97.74
836997.4,98.49,69.32,830588.19,97.74
836997.4,98.49,69.32,830641.79,97.74
836997.4,98.49,69.32,830666.66,97.75
836997.4,98.49,69.32,830666.66,97.75
836997.4,98.49,69.32,830666.66,97.75
836791.64,98.49,69.32,830499.67,97.75
836791.64,98.49,69.32,830499.67,97.75
836791.64,98.49,69.32,830499.67,97.75
836791.64,98.49,69.32,830499.67,97.75
836791.64,98.49,69.32,830499.67,97.75
836402.57,98.5,69.33,830159.79,97.76
836402.57,98.5,69.33,830159.79,97.76
836402.57,98.5,69.33,830159.79,97.76
836402.57,98.5,69.33,830159.79,97.76
836402.57,98.5,69.33,830159.79,97.76
836402.57,98.5,69.33,830159.79,97.76
836402.57,98.5,69.33,830159.79,97.76
836402.57,98.5,69.33,830159.79,97.76
836402.57,98.5,69.33,830159.79,97.76
836402.57,98.5,69.33,830159.79,97.76
836294.61,98.5,69.33,830078.35,97.77
836294.61,98.5,69.33,830078.35,97.77
836294.61,98.5,69.33,830078.35,97.77
836294.61,98.5,69.33,830078.35,97.77
836294.61,98.5,69.33,830078.35,97.77
836294.61,98.5,69.33,830078.35,97.77
836294.61,98.5,69.33,830078.35,97.77
836294.61,98.5,69.33,830078.35,97.77
836294.61,98.5,69.33,830078.35,97.77
836294.61,98.5,69.33,830078.35,97.77
836294.61,98.5,69.33,830078.35,97.77
836294.61,98.5,69.33,830078.35,97.77
836294.61,98.5,69.33,830078.35,97.77
836294.61,98.5,69.33,830056.21,97.77
836294.61,98.5,69.33,830056.21,97.77
836294.61,98.5,69.33,830056.21,97.77
836294.61,98.5,69.33,830056.21,97.77
836294.61,98.5,69.33,830056.21,97.77
836294.61,98.5,69.33,830056.21,97.77
835876.88,98.5,69.33,829675.28,97.77
835876.88,98.5,69.33,829675.28,97.77
835876.88,98.5,69.33,829675.28,97.77
835876.88,98.5,69.33,829675.28,97.77
835666.12,98.52,69.34,829546.66,97.8
835444.48,98.52,69.34,829328.05,97.8
835444.48,98.52,69.34,829328.05,97.8
835444.48,98.52,69.34,829312.88,97.79
835444.48,98.52,69.34,829312.88,97.79
835444.48,98.52,69.34,829312.88,97.79
835444.48,98.52,69.34,829312.88,97.79
835444.48,98.52,69.34,829312.88,97.79
835444.48,98.52,69.34,829312.88,97.79
835444.48,98.52,69.34,829312.88,97.79
835444.48,98.52,69.34,829312.88,97.79
835444.48,98.52,69.34,829337.93,97.8
835238.36,98.52,69.35,829130.36,97.8
835238.36,98.52,69.35,829130.36,97.8
834942.25,98.52,69.35,828826.68,97.8
834942.25,98.52,69.35,828826.68,97.8
834942.25,98.52,69.35,828826.68,97.8
834942.25,98.52,69.35,828826.68,97.8
834942.25,98.52,69.35,828826.68,97.8
834942.25,98.52,69.35,828826.68,97.8
834942.25,98.52,69.35,828826.68,97.8
834942.25,98.52,69.35,828826.68,97.8
834942.25,98.52,69.35,828826.68,97.8
834942.25,98.52,69.35,828826.68,97.8
834942.25,98.52,69.35,828826.68,97.8
834942.25,98.52,69.35,828826.68,97.8
834942.25,98.52,69.35,828826.68,97.8
834942.25,98.52,69.35,828826.68,97.8
834942.25,98.52,69.35,828826.68,97.8
834684.05,98.53,69.35,828592.8,97.81
834684.05,98.53,69.35,828592.8,97.81
834684.05,98.53,69.35,828592.8,97.81
834684.05,98.53,69.35,828592.8,97.81
834396.21,98.53,69.36,828293.35,97.81
834396.21,98.53,69.36,828293.35,97.81
834098.94,98.53,69.36,828025.45,97.82
834098.94,98.53,69.36,828025.45,97.82
834098.94,98.53,69.36,828025.45,97.82
834098.94,98.53,69.36,828025.45,97.82
834098.94,98.53,69.36,828025.45,97.82
834098.94,98.53,69.36,828025.45,97.82
834098.94,98.53,69.36,828025.45,97.82
834098.94,98.53,69.36,828025.45,97.82
834098.94,98.53,69.36,828025.45,97.82
834098.94,98.53,69.36,828025.45,97.82
834098.94,98.53,69.36,828025.45,97.82
834098.94,98.53,69.36,828025.45,97.82
834098.94,98.53,69.36,828025.45,97.82
834098.94,98.53,69.36,828025.45,97.82
834098.94,98.53,69.36,828025.45,97.82
833891.41,98.54,69.36,827947.79,97.83
833891.41,98.54,69.36,827947.79,97.83
833891.41,98.54,69.36,827947.79,97.83
833891.41,98.54,69.36,827947.79,97.83
833891.41,98.54,69.36,827947.79,97.83
833891.41,98.54,69.36,827947.79,97.83
833891.41,98.54,69.36,827947.79,97.83
833891.41,98.54,69.36,827947.79,97.83
833891.41,98.54,69.36,827947.79,97.83
833891.41,98.54,69.36,827947.79,97.83
833891.41,98.54,69.36,827947.79,97.83
833891.41,98.54,69.36,827947.79,97.83
833891.41,98.54,69.36,827947.79,97.83
833891.41,98.54,69.36,827947.79,97.83
833891.41,98.54,69.36,827947.79,97.83
833891.41,98.54,69.36,827947.79,97.83
833891.41,98.54,69.36,827947.79,97.83
833891.41,98.54,69.36,827947.79,97.83
833891.41,98.54,69.36,827947.79,97.83
833891.41,98.54,69.36,827947.79,97.83
833891.41,98.54,69.36,827978.28,97.84
833891.41,98.54,69.36,827978.28,97.84
833891.41,98.54,69.36,827978.28,97.84
833891.41,98.54,69.36,827978.28,97.84
833891.41,98.54,69.36,827978.28,97.84
833891.41,98.54,69.36,827978.28,97.84
833594.14,98.54,69.37,827667.57,97.84
833594.14,98.54,69.37,827667.57,97.84
833594.14,98.54,69.37,827667.57,97.84
833594.14,98.54,69.37,827667.57,97.84
833594.14,98.54,69.37,827667.57,97.84
833594.14,98.54,69.37,827667.57,97.84
833594.14,98.54,69.37,827667.57,97.84
833594.14,98.54,69.37,827667.57,97.84
833594.14,98.54,69.37,827667.57,97.84
833594.14,98.54,69.37,827667.57,97.84
833594.14,98.54,69.37,827667.57,97.84
833594.14,98.54,69.37,827667.57,97.84
833594.14,98.54,69.37,827667.57,97.84
833594.14,98.54,69.37,827667.57,97.84
833194.57,98.54,69.37,827233.83,97.84
833196.62,98.54,69.37,827281.93,97.85
833196.62,98.54,69.37,827281.93,97.85
833196.62,98.54,69.37,827281.93,97.85
833196.62,98.54,69.37,827281.93,97.85
833196.62,98.54,69.37,827281.93,97.85
832902.87,98.55,69.38,827094.2,97.86
832902.87,98.55,69.38,827094.2,97.86
832902.87,98.55,69.38,827094.2,97.86
832902.87,98.55,69.38,827094.2,97.86
832902.87,98.55,69.38,827094.2,97.86
832902.87,98.55,69.38,827094.2,97.86
832902.87,98.55,69.38,827094.2,97.86
832902.87,98.55,69.38,827094.2,97.86
832902.87,98.55,69.38,827094.2,97.86
832902.87,98.55,69.38,827094.2,97.86
832902.87,98.55,69.38,827094.2,97.86
832902.87,98.55,69.38,827094.2,97.86
832902.87,98.55,69.38,827094.2,97.86
832902.87,98.55,69.38,827094.2,97.86
832902.87,98.55,69.38,827094.2,97.86
832902.87,98.55,69.38,827094.2,97.86
832902.87,98.55,69.38,827094.2,97.86
832902.87,98.55,69.38,827094.2,97.86
832902.87,98.55,69.38,827094.2,97.86
832902.87,98.55,69.38,827094.2,97.86
832902.87,98.55,69.38,827094.2,97.86
832902.87,98.55,69.38,827094.2,97.86
832902.87,98.55,69.38,827136.48,97.87
832902.87,98.55,69.38,827136.48,97.87
832902.87,98.55,69.38,827136.48,97.87
832902.87,98.55,69.38,827136.48,97.87
832902.87,98.55,69.38,827136.48,97.87
832902.87,98.55,69.38,827136.48,97.87
832902.87,98.55,69.38,827136.48,97.87
832902.87,98.55,69.38,827136.48,97.87
832902.87,98.55,69.38,827136.48,97.87
832902.87,98.55,69.38,827136.48,97.87
832902.87,98.55,69.38,827136.48,97.87
832902.87,98.55,69.38,827136.48,97.87
832902.87,98.55,69.38,827136.48,97.87
832902.87,98.55,69.38,827121.08,97.86
832902.87,98.55,69.38,827121.08,97.86
832902.87,98.55,69.38,827121.08,97.86
832902.87,98.55,69.38,827121.08,97.86
832902.87,98.55,69.38,827121.08,97.86
832902.87,98.55,69.38,827121.08,97.86
832902.87,98.55,69.38,827121.08,97.86
832902.87,98.55,69.38,827121.08,97.86
832902.87,98.55,69.38,827084.79,97.86
832902.87,98.55,69.38,827084.79,97.86
832902.87,98.55,69.38,827084.79,97.86
832902.87,98.55,69.38,827084.79,97.86
832902.87,98.55,69.38,827084.79,97.86
832902.87,98.55,69.38,827084.79,97.86
832693.24,98.55,69.37,826944.89,97.87
832693.24,98.55,69.37,826944.89,97.87
832693.24,98.55,69.37,826944.89,97.87
832693.24,98.55,69.37,826944.89,97.87
832693.24,98.55,69.37,826944.89,97.87
832693.24,98.55,69.37,826944.89,97.87
832698.54,98.55,69.38,826948.9,97.87
832698.54,98.55,69.38,826948.9,97.87
832698.54,98.55,69.38,826948.9,97.87
832698.54,98.55,69.38,826948.9,97.87
832698.54,98.55,69.38,826948.9,97.87
832698.54,98.55,69.38,826948.9,97.87
832698.54,98.55,69.38,826996.84,97.87
832698.54,98.55,69.38,826996.84,97.87
832698.54,98.55,69.38,826996.84,97.87
832698.54,98.55,69.38,826996.84,97.87
832698.54,98.55,69.38,826996.84,97.87
832698.54,98.55,69.38,826996.84,97.87
832698.54,98.55,69.38,826996.84,97.87
832477.79,98.55,69.38,826830.0,97.88
832477.79,98.55,69.38,826830.0,97.88
832477.79,98.55,69.38,826830.0,97.88
832477.79,98.55,69.38,826830.0,97.88
832477.79,98.55,69.38,826830.0,97.88
832477.79,98.55,69.38,826830.0,97.88
832477.79,98.55,69.38,826830.0,97.88
832477.79,98.55,69.38,826830.0,97.88
831894.19,98.55,69.38,826246.04,97.88
831894.19,98.55,69.38,826246.04,97.88
831894.19,98.55,69.38,826246.04,97.88
831894.19,98.55,69.38,826246.04,97.88
831894.19,98.55,69.38,826246.04,97.88
831894.19,98.55,69.38,826246.04,97.88
831894.19,98.55,69.38,826246.04,97.88
831894.19,98.55,69.38,826246.04,97.88
831894.19,98.55,69.38,826246.04,97.88
831894.19,98.55,69.38,826246.04,97.88
831894.19,98.55,69.38,826246.04,97.88
831894.19,98.55,69.38,826246.04,97.88
831894.19,98.55,69.38,826246.04,97.88
831894.19,98.55,69.38,826246.04,97.88
831475.0,98.55,69.38,825860.77,97.89
831275.79,98.56,69.38,825667.58,97.89
831275.79,98.56,69.38,825667.58,97.89
831275.79,98.56,69.38,825667.58,97.89
831275.79,98.56,69.38,825638.62,97.89
831275.79,98.56,69.38,825638.62,97.89
830978.53,98.56,69.39,825313.87,97.89
830978.53,98.56,69.39,825313.87,97.89
830978.53,98.56,69.39,825313.87,97.89
830978.53,98.56,69.39,825313.87,97.89
830978.53,98.56,69.39,825313.87,97.89
830978.53,98.56,69.39,825313.87,97.89
830978.53,98.56,69.39,825313.87,97.89
830978.53,98.56,69.39,825313.87,97.89
830978.53,98.56,69.39,825313.87,97.89
830978.53,98.56,69.39,825313.87,97.89
830978.53,98.56,69.39,825313.87,97.89
830978.53,98.56,69.39,825313.87,97.89
830978.53,98.56,69.39,825313.87,97.89
830978.53,98.56,69.39,825313.87,97.89
830978.53,98.56,69.39,825313.87,97.89
830978.53,98.56,69.39,825313.87,97.89
830978.53,98.56,69.39,825313.87,97.89
830978.53,98.56,69.39,825313.87,97.89
830978.53,98.56,69.39,825313.87,97.89
830978.53,98.56,69.39,825313.87,97.89
830978.53,98.56,69.39,825313.87,97.89
830978.53,98.56,69.39,825313.87,97.89
830985.78,98.56,69.39,825316.95,97.89
830985.78,98.56,69.39,825316.95,97.89
830765.02,98.56,69.39,825088.51,97.89
830765.02,98.56,69.39,825088.51,97.89
830772.27,98.56,69.39,825090.18,97.89
830772.27,98.56,69.39,825090.18,97.89
830772.27,98.56,69.39,825090.18,97.89
830772.27,98.56,69.39,825090.18,97.89
830772.27,98.56,69.39,825090.18,97.89
830772.27,98.56,69.39,825090.18,97.89
830772.27,98.56,69.39,825090.18,97.89
830772.27,98.56,69.39,825090.18,97.89
830772.27,98.56,69.39,825090.18,97.89
830772.27,98.56,69.39,825090.18,97.89
830772.27,98.56,69.39,825090.18,97.89
830483.07,98.56,69.39,824788.24,97.89
830483.07,98.56,69.39,824766.23,97.89
830483.07,98.56,69.39,824766.23,97.89
830174.15,98.58,69.41,824362.88,97.89
830174.15,98.58,69.41,824362.88,97.89
830174.15,98.58,69.41,824362.88,97.89
830174.15,98.58,69.41,824362.88,97.89
830174.15,98.58,69.41,824362.88,97.89
830174.15,98.58,69.41,824362.88,97.89
830174.15,98.58,69.41,824362.88,97.89
830174.15,98.58,69.41,824362.88,97.89
830174.15,98.58,69.41,824362.88,97.89
830174.15,98.58,69.41,824362.88,97.89
830174.15,98.58,69.41,824362.88,97.89
830174.15,98.58,69.41,824362.88,97.89
830174.15,98.58,69.41,824362.88,97.89
830174.15,98.58,69.41,824362.88,97.89
830174.15,98.58,69.41,824362.88,97.89
830174.15,98.58,69.41,824362.88,97.89
829774.77,98.59,69.42,823929.13,97.89
829617.02,98.59,69.42,823773.09,97.89
829617.02,98.59,69.42,823773.09,97.89
829290.02,98.6,69.43,823675.6,97.94
829290.02,98.6,69.43,823675.6,97.94
829290.02,98.6,69.43,823675.6,97.94
828992.75,98.61,69.43,823411.04,97.94
828992.75,98.61,69.43,823411.04,97.94
828992.75,98.61,69.43,823411.04,97.94
828992.75,98.61,69.43,823411.04,97.94
828781.99,98.61,69.44,823115.89,97.93
828781.99,98.61,69.44,823115.89,97.93
828781.99,98.61,69.44,823115.89,97.93
828781.99,98.61,69.44,823115.89,97.93
828781.99,98.61,69.44,823115.89,97.93
828781.99,98.61,69.44,823115.89,97.93
828781.99,98.61,69.44,823115.89,97.93
828781.99,98.61,69.44,823115.89,97.93
828781.99,98.61,69.44,823115.89,97.93
828781.99,98.61,69.44,823115.89,97.93
828781.99,98.61,69.44,823115.89,97.93
828781.99,98.61,69.44,823115.89,97.93
828781.99,98.61,69.44,823115.89,97.93
828781.99,98.61,69.44,823115.89,97.93
828781.99,98.61,69.44,823115.89,97.93
828781.99,98.61,69.44,823115.89,97.93
828781.99,98.61,69.44,823115.89,97.93
828313.36,98.61,69.44,822596.32,97.93
828313.36,98.61,69.44,822596.32,97.93
828313.36,98.61,69.44,822624.15,97.94
828313.36,98.61,69.44,822624.15,97.94
828313.36,98.61,69.44,822624.15,97.94
828313.36,98.61,69.44,822649.65,97.94
828313.36,98.61,69.44,822649.65,97.94
828313.36,98.61,69.44,822649.65,97.94
828313.36,98.61,69.44,822649.65,97.94
828313.36,98.61,69.44,822649.65,97.94
827819.23,98.62,69.45,822166.65,97.95
827819.23,98.62,69.45,822166.65,97.95
827819.23,98.62,69.45,822166.65,97.95
827819.23,98.62,69.45,822166.65,97.95
827819.23,98.62,69.45,822166.65,97.95
827819.23,98.62,69.45,822166.65,97.95
827819.23,98.62,69.45,822166.65,97.95
827819.23,98.62,69.45,822166.65,97.95
827819.23,98.62,69.45,822166.65,97.95
827819.23,98.62,69.45,822166.65,97.95
827819.23,98.62,69.45,822166.65,97.95
827819.23,98.62,69.45,822166.65,97.95
827819.23,98.62,69.45,822166.65,97.95
827819.23,98.62,69.45,822166.65,97.95
827819.23,98.62,69.45,822166.65,97.95
827819.23,98.62,69.45,822166.65,97.95
827819.23,98.62,69.45,822119.51,97.94
827819.23,98.62,69.45,822119.51,97.94
827819.23,98.62,69.45,822119.51,97.94
827819.23,98.62,69.45,822119.51,97.94
827819.23,98.62,69.45,822119.51,97.94
827819.23,98.62,69.45,822119.51,97.94
827819.23,98.62,69.45,822119.51,97.94
827819.23,98.62,69.45,822119.51,97.94
827819.23,98.62,69.45,822108.0,97.94
827423.49,98.63,69.46,821706.1,97.95
827423.49,98.63,69.46,821706.1,97.95
827423.49,98.63,69.46,821706.1,97.95
827423.49,98.63,69.46,821706.1,97.95
827423.49,98.63,69.46,821706.1,97.95
827428.79,98.63,69.46,821686.7,97.94
827428.79,98.63,69.46,821686.7,97.94
827428.79,98.63,69.46,821664.21,97.94
827428.79,98.63,69.46,821664.21,97.94
827428.79,98.63,69.46,821664.21,97.94
827428.79,98.63,69.46,821664.21,97.94
826928.14,98.63,69.46,821147.13,97.94
826928.14,98.63,69.46,821147.13,97.94
826928.14,98.63,69.46,821147.13,97.94
826928.14,98.63,69.46,821147.13,97.94
826928.14,98.63,69.46,821147.13,97.94
826928.14,98.63,69.46,821147.13,97.94
826928.14,98.63,69.46,821147.13,97.94
826770.39,98.63,69.46,820993.64,97.94
826770.39,98.63,69.46,820993.64,97.94
826770.39,98.63,69.46,820993.64,97.94
826566.94,98.64,69.47,820850.36,97.95
826566.94,98.64,69.47,820850.36,97.95
826566.94,98.64,69.47,820850.36,97.95
826566.94,98.64,69.47,820850.36,97.95
826566.94,98.64,69.47,820850.36,97.95
826566.94,98.64,69.47,820850.36,97.95
826566.94,98.64,69.47,820850.36,97.95
826303.21,98.64,69.47,820569.59,97.96
826303.21,98.64,69.47,820569.59,97.96
826303.21,98.64,69.47,820569.59,97.96
826303.21,98.64,69.47,820569.59,97.96
826303.21,98.64,69.47,820569.59,97.96
826303.21,98.64,69.47,820569.59,97.96
826303.21,98.64,69.47,820569.59,97.96
826303.21,98.64,69.47,820569.59,97.96
826303.21,98.64,69.47,820569.59,97.96
826303.21,98.64,69.47,820569.59,97.96
826303.21,98.64,69.47,820569.59,97.96
826303.21,98.64,69.47,820569.59,97.96
826303.21,98.64,69.47,820569.59,97.96
826002.15,98.64,69.47,820276.59,97.96
826002.15,98.64,69.47,820276.59,97.96
826002.15,98.64,69.47,820298.61,97.96
826002.15,98.64,69.47,820298.61,97.96
826002.15,98.64,69.47,820298.61,97.96
826002.15,98.64,69.47,820298.61,97.96
826002.15,98.64,69.47,820298.61,97.96
826002.15,98.64,69.47,820298.61,97.96
826005.68,98.64,69.47,820341.49,97.97
826005.68,98.64,69.47,820341.49,97.97
826005.68,98.64,69.47,820341.49,97.97
826005.68,98.64,69.47,820341.49,97.97
826005.68,98.64,69.47,820341.49,97.97
825784.63,98.64,69.48,820138.06,97.97
825784.63,98.64,69.48,820138.06,97.97
825784.63,98.64,69.48,820138.06,97.97
825784.63,98.64,69.48,820138.06,97.97
825784.63,98.64,69.48,820138.06,97.97
825784.63,98.64,69.48,820138.06,97.97
825784.63,98.64,69.48,820138.06,97.97
825784.63,98.64,69.48,820138.06,97.97
825204.21,98.64,69.48,819572.21,97.97
825204.21,98.64,69.48,819572.21,97.97
825204.21,98.64,69.48,819572.21,97.97
825213.61,98.65,69.48,819540.84,97.97
825213.61,98.65,69.48,819540.84,97.97
825213.61,98.65,69.48,819540.84,97.97
825213.61,98.65,69.48,819540.84,97.97
825213.61,98.65,69.48,819540.84,97.97
825213.61,98.65,69.48,819540.84,97.97
825213.61,98.65,69.48,819540.84,97.97
825213.61,98.65,69.48,819540.84,97.97
825213.61,98.65,69.48,819565.96,97.97
825213.61,98.65,69.48,819565.96,97.97
825213.61,98.65,69.48,819565.96,97.97
825213.61,98.65,69.48,819565.96,97.97
824942.18,98.65,69.48,819261.75,97.97
824942.18,98.65,69.48,819261.75,97.97
824745.85,98.65,69.49,819143.76,97.98
824745.85,98.65,69.49,819143.76,97.98
824745.85,98.65,69.49,819143.76,97.98
824745.85,98.65,69.49,819143.76,97.98
824745.85,98.65,69.49,819143.76,97.98
824745.85,98.65,69.49,819143.76,97.98
824745.85,98.65,69.49,819143.76,97.98
824745.85,98.65,69.49,819143.76,97.98
824745.85,98.65,69.49,819143.76,97.98
824745.85,98.65,69.49,819143.76,97.98
824745.85,98.65,69.49,819143.76,97.98
824745.85,98.65,69.49,819143.76,97.98
824745.85,98.65,69.49,819143.76,97.98
824745.85,98.65,69.49,819143.76,97.98
824745.85,98.65,69.49,819143.76,97.98
824745.85,98.65,69.49,819143.76,97.98
824745.85,98.65,69.49,819143.76,97.98
824745.85,98.65,69.49,819169.29,97.99
824745.85,98.65,69.49,819169.29,97.99
824745.85,98.65,69.49,819169.29,97.99
824745.85,98.65,69.49,819169.29,97.99
824745.85,98.65,69.49,819169.29,97.99
824636.13,98.65,69.48,819072.85,97.99
824636.13,98.65,69.48,819072.85,97.99
824636.13,98.65,69.48,819072.85,97.99
824636.13,98.65,69.48,819072.85,97.99
824636.13,98.65,69.48,819072.85,97.99
824636.13,98.65,69.48,819072.85,97.99
824636.13,98.65,69.48,819072.85,97.99
824636.13,98.65,69.48,819072.85,97.99
824636.13,98.65,69.48,819072.85,97.99
824636.13,98.65,69.48,819072.85,97.99
824636.13,98.65,69.48,819072.85,97.99
824636.13,98.65,69.48,819072.85,97.99
824636.13,98.65,69.48,819072.85,97.99
824636.13,98.65,69.48,819072.85,97.99
824636.13,98.65,69.48,819072.85,97.99
824636.13,98.65,69.48,819072.85,97.99
824636.13,98.65,69.48,819049.56,97.99
824636.13,98.65,69.48,819049.56,97.99
824636.13,98.65,69.48,819049.56,97.99
824636.13,98.65,69.48,819049.56,97.99
824636.13,98.65,69.48,819049.56,97.99
824636.13,98.65,69.48,819049.56,97.99
824636.13,98.65,69.48,819049.56,97.99
824636.13,98.65,69.48,819049.56,97.99
824636.13,98.65,69.48,819049.56,97.99
824636.13,98.65,69.48,819049.56,97.99
824636.13,98.65,69.48,819049.56,97.99
824636.13,98.65,69.48,819049.56,97.99
824171.63,98.66,69.49,818617.21,98.0
823175.51,98.66,69.49,817623.12,98.0
823175.51,98.66,69.49,817623.12,98.0
823125.51,98.66,69.49,817575.05,98.0
823125.51,98.66,69.49,817575.05,98.0
823125.51,98.66,69.49,817575.05,98.0
822836.31,98.66,69.5,817375.86,98.01
822699.72,98.67,69.5,817254.56,98.01
822699.72,98.67,69.5,817254.56,98.01
822699.72,98.67,69.5,817254.56,98.01
822699.72,98.67,69.5,817254.56,98.01
822699.72,98.67,69.5,817254.56,98.01
822699.72,98.67,69.5,817254.56,98.01
822699.72,98.67,69.5,817254.56,98.01
822699.72,98.67,69.5,817254.56,98.01
822699.72,98.67,69.5,817254.56,98.01
822699.72,98.67,69.5,817254.56,98.01
822529.88,98.67,69.51,817101.51,98.02
822529.88,98.67,69.51,817101.51,98.02
822529.88,98.67,69.51,817101.51,98.02
822529.88,98.67,69.51,817101.51,98.02
822529.88,98.67,69.51,817101.51,98.02
822529.88,98.67,69.51,817101.51,98.02
822529.88,98.67,69.51,817101.51,98.02
822529.88,98.67,69.51,817101.51,98.02
822529.88,98.67,69.51,817101.51,98.02
822529.88,98.67,69.51,817101.51,98.02
822529.88,98.67,69.51,817101.51,98.02
822529.88,98.67,69.51,817101.51,98.02
822529.88,98.67,69.51,817101.51,98.02
822529.88,98.67,69.51,817101.51,98.02
822529.88,98.67,69.51,817101.51,98.02
822529.88,98.67,69.51,817101.51,98.02
822529.88,98.67,69.51,817101.51,98.02
822529.88,98.67,69.51,817101.51,98.02
822529.88,98.67,69.51,817101.51,98.02
822529.88,98.67,69.51,817101.51,98.02
822529.88,98.67,69.51,817101.51,98.02
822529.88,98.67,69.51,817101.51,98.02
822529.88,98.67,69.51,817101.51,98.02
822529.88,98.67,69.51,817101.51,98.02
822529.88,98.67,69.51,817101.51,98.02
822309.91,98.68,69.51,816934.22,98.03
822309.91,98.68,69.51,816934.22,98.03
822309.91,98.68,69.51,816934.22,98.03
822309.91,98.68,69.51,816934.22,98.03
822309.91,98.68,69.51,816934.22,98.03
822309.91,98.68,69.51,816934.22,98.03
822309.91,98.68,69.51,816934.22,98.03
822309.91,98.68,69.51,816934.22,98.03
822309.91,98.68,69.51,816934.22,98.03
822309.91,98.68,69.51,816886.0,98.02
822309.91,98.68,69.51,816886.0,98.02
822309.91,98.68,69.51,816886.0,98.02
821970.99,98.68,69.51,816648.93,98.04
821970.99,98.68,69.51,816648.93,98.04
821970.99,98.68,69.51,816648.93,98.04
821970.99,98.68,69.51,816648.93,98.04
821970.99,98.68,69.51,816648.93,98.04
821970.99,98.68,69.51,816648.93,98.04
821970.99,98.68,69.51,816648.93,98.04
821970.99,98.68,69.51,816632.26,98.04
821970.99,98.68,69.51,816632.26,98.04
821970.99,98.68,69.51,816632.26,98.04
821970.99,98.68,69.51,816632.26,98.04
821970.99,98.68,69.51,816632.26,98.04
821970.99,98.68,69.51,816632.26,98.04
821970.99,98.68,69.51,816632.26,98.04
821970.99,98.68,69.51,816632.26,98.04
821970.99,98.68,69.51,816632.26,98.04
821540.34,98.68,69.52,816211.44,98.04
820958.76,98.68,69.52,815627.48,98.04
820958.76,98.68,69.52,815627.48,98.04
820958.76,98.68,69.52,815627.48,98.04
820958.76,98.68,69.52,815627.48,98.04
820850.79,98.68,69.51,815546.04,98.05
820850.79,98.68,69.51,815546.04,98.05
820850.79,98.68,69.51,815537.23,98.04
820850.79,98.68,69.51,815537.23,98.04
820850.79,98.68,69.51,815537.23,98.04
820850.79,98.68,69.51,815537.23,98.04
820850.79,98.68,69.51,815537.23,98.04
820850.79,98.68,69.51,815537.23,98.04
820850.79,98.68,69.51,815512.9,98.04
820850.79,98.68,69.51,815512.9,98.04
820850.79,98.68,69.51,815512.9,98.04
820850.79,98.68,69.51,815512.9,98.04
820850.79,98.68,69.51,815512.9,98.04
820850.79,98.68,69.51,815512.9,98.04
820850.79,98.68,69.51,815512.9,98.04
820850.79,98.68,69.51,815512.9,98.04
820850.79,98.68,69.51,815512.9,98.04
820850.79,98.68,69.51,815512.9,98.04
820850.79,98.68,69.51,815512.9,98.04
820850.79,98.68,69.51,815512.9,98.04
820850.79,98.68,69.51,815513.13,98.04
820850.79,98.68,69.51,815513.13,98.04
820850.79,98.68,69.51,815513.13,98.04
820850.79,98.68,69.51,815513.13,98.04
820850.79,98.68,69.51,815513.13,98.04
820850.79,98.68,69.51,815513.13,98.04
820850.79,98.68,69.51,815513.13,98.04
820850.79,98.68,69.51,815513.13,98.04
820850.79,98.68,69.51,815513.13,98.04
820850.79,98.68,69.51,815513.13,98.04
820850.79,98.68,69.51,815513.13,98.04
820850.79,98.68,69.51,815513.13,98.04
820850.79,98.68,69.51,815513.13,98.04
820850.79,98.68,69.51,815513.13,98.04
820850.79,98.68,69.51,815513.13,98.04
820850.79,98.68,69.51,815513.13,98.04
820850.79,98.68,69.51,815513.13,98.04
820586.86,98.69,69.52,815270.28,98.05
820586.86,98.69,69.52,815270.28,98.05
820586.86,98.69,69.52,815238.34,98.05
820586.86,98.69,69.52,815238.34,98.05
820586.86,98.69,69.52,815205.5,98.04
820586.86,98.69,69.52,815205.5,98.04
820428.89,98.69,69.52,815054.09,98.04
820428.89,98.69,69.52,815054.09,98.04
819820.51,98.69,69.52,814453.87,98.05
819820.51,98.69,69.52,814453.87,98.05
819820.51,98.69,69.52,814453.87,98.05
819820.51,98.69,69.52,814453.87,98.05
819820.51,98.69,69.52,814453.87,98.05
819820.51,98.69,69.52,814453.87,98.05
819820.51,98.69,69.52,814453.87,98.05
819820.51,98.69,69.52,814424.79,98.04
819820.51,98.69,69.52,814424.79,98.04
819820.51,98.69,69.52,814424.79,98.04
819820.51,98.69,69.52,814424.79,98.04
819820.51,98.69,69.52,814424.79,98.04
819820.51,98.69,69.52,814424.79,98.04
819820.51,98.69,69.52,814424.79,98.04
819820.51,98.69,69.52,814424.79,98.04
819820.51,98.69,69.52,814424.79,98.04
819820.51,98.69,69.52,814424.79,98.04
819820.51,98.69,69.52,814424.79,98.04
819820.51,98.69,69.52,814424.79,98.04
819820.51,98.69,69.52,814424.79,98.04
819820.51,98.69,69.52,814424.79,98.04
819820.51,98.69,69.52,814425.31,98.04
819820.51,98.69,69.52,814425.31,98.04
819820.51,98.69,69.52,814425.31,98.04
819820.51,98.69,69.52,814425.31,98.04
819820.51,98.69,69.52,814425.31,98.04
819820.51,98.69,69.52,814425.31,98.04
819820.51,98.69,69.52,814425.31,98.04
819820.51,98.69,69.52,814425.31,98.04
819820.51,98.69,69.52,814425.31,98.04
819820.51,98.69,69.52,814425.31,98.04
819820.51,98.69,69.52,814447.52,98.05
819820.51,98.69,69.52,814447.52,98.05
819820.51,98.69,69.52,814447.52,98.05
819820.51,98.69,69.52,814447.52,98.05
819820.51,98.69,69.52,814447.52,98.05
819820.51,98.69,69.52,814474.58,98.05
819820.51,98.69,69.52,814458.87,98.05
819820.51,98.69,69.52,814484.35,98.05
819639.52,98.7,69.53,814315.48,98.06
819639.52,98.7,69.53,814293.72,98.06
819639.52,98.7,69.53,814293.72,98.06
819352.36,98.7,69.53,813982.23,98.06
819352.36,98.7,69.53,813982.23,98.06
819352.36,98.7,69.53,813982.23,98.06
819352.36,98.7,69.53,813982.23,98.06
819352.36,98.7,69.53,813982.23,98.06
819302.36,98.7,69.53,813932.23,98.06
819302.36,98.7,69.53,813932.23,98.06
819302.36,98.7,69.53,813932.23,98.06
819302.36,98.7,69.53,813930.24,98.06
819302.36,98.7,69.53,813930.24,98.06
819302.36,98.7,69.53,813930.24,98.06
819302.36,98.7,69.53,813930.24,98.06
819302.36,98.7,69.53,813930.24,98.06
819302.36,98.7,69.53,813930.24,98.06
819302.36,98.7,69.53,813930.24,98.06
819302.36,98.7,69.53,813930.24,98.06
819302.36,98.7,69.53,813930.24,98.06
819302.36,98.7,69.53,813930.24,98.06
819302.36,98.7,69.53,813930.24,98.06
819302.36,98.7,69.53,813930.24,98.06
819302.36,98.7,69.53,813930.24,98.06
819302.36,98.7,69.53,813930.24,98.06
819302.36,98.7,69.53,813930.24,98.06
819302.36,98.7,69.53,813930.24,98.06
819302.36,98.7,69.53,813930.24,98.06
819302.36,98.7,69.53,813930.24,98.06
819302.36,98.7,69.53,813930.24,98.06
819104.8,98.71,69.54,813811.83,98.07
818789.1,98.71,69.54,813518.65,98.08
818789.1,98.71,69.54,813518.65,98.08
818789.1,98.71,69.54,813518.65,98.08
818789.1,98.71,69.54,813518.65,98.08
818789.1,98.71,69.54,813518.65,98.08
818789.1,98.71,69.54,813518.65,98.08
818789.1,98.71,69.54,813518.65,98.08
818789.1,98.71,69.54,813518.65,98.08
818789.1,98.71,69.54,813518.65,98.08
818789.1,98.71,69.54,813518.65,98.08
818789.1,98.71,69.54,813518.65,98.08
818789.1,98.71,69.54,813518.65,98.08
818789.1,98.71,69.54,813519.92,98.08
818789.1,98.71,69.54,813519.92,98.08
818789.1,98.71,69.54,813519.92,98.08
818789.1,98.71,69.54,813519.92,98.08
818789.1,98.71,69.54,813519.92,98.08
818789.1,98.71,69.54,813519.92,98.08
818789.1,98.71,69.54,813519.92,98.08
818789.1,98.71,69.54,813519.92,98.08
818789.1,98.71,69.54,813519.92,98.08
818789.1,98.71,69.54,813519.92,98.08
818789.1,98.71,69.54,813519.92,98.08
818789.1,98.71,69.54,813519.92,98.08
817796.85,98.71,69.54,812527.9,98.07
817796.85,98.71,69.54,812527.9,98.07
817796.85,98.71,69.54,812527.9,98.07
817796.85,98.71,69.54,812527.9,98.07
817796.85,98.71,69.54,812527.9,98.07
817796.85,98.71,69.54,812527.9,98.07
817460.39,98.71,69.54,812225.28,98.08
817460.39,98.71,69.54,812225.28,98.08
817460.39,98.71,69.54,812225.28,98.08
817460.39,98.71,69.54,812225.28,98.08
817460.39,98.71,69.54,812225.28,98.08
817460.39,98.71,69.54,812225.28,98.08
817460.39,98.71,69.54,812225.28,98.08
817460.39,98.71,69.54,812225.28,98.08
817460.39,98.71,69.54,812225.28,98.08
817168.71,98.72,69.55,812128.35,98.11
817168.71,98.72,69.55,812128.35,98.11
817168.71,98.72,69.55,812128.35,98.11
817168.71,98.72,69.55,812128.35,98.11
817168.71,98.72,69.55,812128.35,98.11
816859.13,98.72,69.55,811837.53,98.12
816859.13,98.72,69.55,811837.53,98.12
816859.13,98.72,69.55,811837.53,98.12
816859.13,98.72,69.55,811837.53,98.12
816561.86,98.73,69.56,811589.46,98.12
816561.86,98.73,69.56,811589.46,98.12
816264.6,98.73,69.56,811421.38,98.14
816264.6,98.73,69.56,811421.38,98.14
816264.6,98.73,69.56,811421.38,98.14
816264.6,98.73,69.56,811421.38,98.14
816264.6,98.73,69.56,811421.38,98.14
816264.6,98.73,69.56,811421.38,98.14
816264.6,98.73,69.56,811421.38,98.14
816264.6,98.73,69.56,811421.38,98.14
816264.6,98.73,69.56,811376.15,98.14
816264.6,98.73,69.56,811341.55,98.13
816264.6,98.73,69.56,811341.55,98.13
816264.6,98.73,69.56,811341.55,98.13
816264.6,98.73,69.56,811341.55,98.13
816264.6,98.73,69.56,811341.55,98.13
815988.37,98.73,69.57,811040.75,98.13
815988.37,98.73,69.57,811040.75,98.13
815988.37,98.73,69.57,811040.75,98.13
815988.37,98.73,69.57,811040.75,98.13
815988.37,98.73,69.57,811040.75,98.13
815988.37,98.73,69.57,811040.75,98.13
815988.37,98.73,69.57,811040.75,98.13
815445.49,98.74,69.57,810507.12,98.14
815445.49,98.74,69.57,810507.12,98.14
815445.49,98.74,69.57,810507.12,98.14
815446.67,98.74,69.57,810506.27,98.14
815107.46,98.74,69.57,810177.25,98.14
814810.58,98.74,69.58,809930.91,98.15
814810.58,98.74,69.58,809930.91,98.15
814810.58,98.74,69.58,809930.91,98.15
814810.58,98.74,69.58,809930.91,98.15
814810.58,98.74,69.58,809930.91,98.15
814810.58,98.74,69.58,809930.91,98.15
814810.58,98.74,69.58,809915.74,98.15
814810.58,98.74,69.58,809915.74,98.15
814810.58,98.74,69.58,809915.74,98.15
814810.58,98.74,69.58,809915.74,98.15
814516.23,98.75,69.58,809615.87,98.15
814516.23,98.75,69.58,809615.87,98.15
814516.23,98.75,69.58,809615.87,98.15
814516.23,98.75,69.58,809615.87,98.15
814516.23,98.75,69.58,809615.87,98.15
814516.23,98.75,69.58,809615.87,98.15
813933.33,98.75,69.58,809031.91,98.15
813933.33,98.75,69.58,809031.91,98.15
813933.33,98.75,69.58,809088.22,98.16
813933.33,98.75,69.58,809088.22,98.16
813933.33,98.75,69.58,809088.22,98.16
813933.33,98.75,69.58,809088.22,98.16
813933.33,98.75,69.58,809088.22,98.16
813933.33,98.75,69.58,809072.7,98.16
813933.33,98.75,69.58,809096.97,98.16
813933.33,98.75,69.58,809096.97,98.16
813606.06,98.75,69.58,808768.99,98.16
813606.06,98.75,69.58,808768.99,98.16
813498.09,98.75,69.58,808687.55,98.16
813498.09,98.75,69.58,808687.55,98.16
813498.09,98.75,69.58,808687.55,98.16
813498.09,98.75,69.58,808687.55,98.16
813498.09,98.75,69.58,808687.55,98.16
813498.09,98.75,69.58,808687.55,98.16
813498.09,98.75,69.58,808687.55,98.16
813498.09,98.75,69.58,808687.55,98.16
813498.09,98.75,69.58,808687.55,98.16
813201.66,98.75,69.58,808384.93,98.17
813201.66,98.75,69.58,808384.93,98.17
813201.66,98.75,69.58,808384.93,98.17
813201.66,98.75,69.58,808384.93,98.17
813201.66,98.75,69.58,808384.93,98.17
813201.66,98.75,69.58,808384.93,98.17
813201.66,98.75,69.58,808384.93,98.17
813201.66,98.75,69.58,808384.93,98.17
813201.66,98.75,69.58,808384.93,98.17
813201.66,98.75,69.58,808384.93,98.17
813201.66,98.75,69.58,808384.93,98.17
813201.66,98.75,69.58,808384.93,98.17
813201.66,98.75,69.58,808384.93,98.17
813201.66,98.75,69.58,808384.93,98.17
813201.66,98.75,69.58,808384.93,98.17
813201.66,98.75,69.58,808384.93,98.17
813201.66,98.75,69.58,808384.93,98.17
813201.66,98.75,69.58,808384.93,98.17
813201.66,98.75,69.58,808384.93,98.17
813201.66,98.75,69.58,808384.93,98.17
813201.66,98.75,69.58,808384.93,98.17
813201.66,98.75,69.58,808384.93,98.17
813201.66,98.75,69.58,808384.93,98.17
813201.66,98.75,69.58,808384.93,98.17
813201.66,98.75,69.58,808384.93,98.17
813201.66,98.75,69.58,808384.93,98.17
813201.66,98.75,69.58,808384.93,98.17
813201.66,98.75,69.58,808384.93,98.17
813201.66,98.75,69.58,808384.93,98.17
813201.66,98.75,69.58,808384.93,98.17
813201.66,98.75,69.58,808367.38,98.16
813201.66,98.75,69.58,808367.38,98.16
813201.66,98.75,69.58,808367.38,98.16
813201.66,98.75,69.58,808367.38,98.16
813201.66,98.75,69.58,808367.38,98.16
813201.66,98.75,69.58,808367.38,98.16
813201.66,98.75,69.58,808367.38,98.16
813201.66,98.75,69.58,808367.38,98.16
813201.66,98.75,69.58,808367.38,98.16
813201.66,98.75,69.58,808367.38,98.16
813201.66,98.75,69.58,808339.23,98.16
813201.66,98.75,69.58,808339.23,98.16
813201.66,98.75,69.58,808339.23,98.16
813201.66,98.75,69.58,808339.23,98.16
813201.66,98.75,69.58,808339.23,98.16
813201.66,98.75,69.58,808393.58,98.17
813201.66,98.75,69.58,808393.58,98.17
813201.66,98.75,69.58,808393.58,98.17
813201.66,98.75,69.58,808393.58,98.17
813201.66,98.75,69.58,808393.58,98.17
813201.66,98.75,69.58,808393.58,98.17
813201.66,98.75,69.58,808393.58,98.17
813201.66,98.75,69.58,808393.58,98.17
812990.91,98.75,69.58,808177.05,98.17
812990.91,98.75,69.58,808177.05,98.17
812990.91,98.75,69.58,808177.05,98.17
812990.91,98.75,69.58,808177.05,98.17
812990.91,98.75,69.58,808177.05,98.17
812990.91,98.75,69.58,808177.05,98.17
812990.91,98.75,69.58,808177.05,98.17
812694.82,98.75,69.59,807949.86,98.18
812694.82,98.75,69.59,807949.86,98.18
812694.82,98.75,69.59,807949.86,98.18
812694.82,98.75,69.59,807949.86,98.18
812694.82,98.75,69.59,807949.86,98.18
812694.82,98.75,69.59,807949.86,98.18
812694.82,98.75,69.59,807949.86,98.18
812694.82,98.75,69.59,807949.86,98.18
812694.82,98.75,69.59,807949.86,98.18
812694.82,98.75,69.59,807949.86,98.18
812694.82,98.75,69.59,807949.86,98.18
812694.82,98.75,69.59,807949.86,98.18
812695.54,98.75,69.59,807975.98,98.18
812695.54,98.75,69.59,807944.55,98.18
812695.54,98.75,69.59,807944.55,98.18
812695.54,98.75,69.59,807944.55,98.18
812537.58,98.75,69.59,807790.83,98.18
812537.58,98.75,69.59,807790.83,98.18
812537.58,98.75,69.59,807790.83,98.18
812537.58,98.75,69.59,807790.83,98.18
812537.58,98.75,69.59,807790.83,98.18
812537.58,98.75,69.59,807790.83,98.18
812537.58,98.75,69.59,807790.83,98.18
812537.58,98.75,69.59,807790.83,98.18
812537.58,98.75,69.59,807790.83,98.18
812537.58,98.75,69.59,807790.83,98.18
812537.58,98.75,69.59,807790.83,98.18
812537.97,98.75,69.59,807810.63,98.18
812537.97,98.75,69.59,807810.63,98.18
812537.97,98.75,69.59,807810.63,98.18
812537.97,98.75,69.59,807810.63,98.18
812537.97,98.75,69.59,807810.63,98.18
812537.97,98.75,69.59,807810.63,98.18
812537.97,98.75,69.59,807810.63,98.18
812537.97,98.75,69.59,807810.63,98.18
812537.97,98.75,69.59,807794.25,98.18
812537.97,98.75,69.59,807794.25,98.18
812537.97,98.75,69.59,807794.25,98.18
812537.97,98.75,69.59,807794.25,98.18
812537.97,98.75,69.59,807794.25,98.18
812537.97,98.75,69.59,807794.25,98.18
812537.97,98.75,69.59,807794.25,98.18
812537.97,98.75,69.59,807794.25,98.18
812537.97,98.75,69.59,807794.25,98.18
812537.97,98.75,69.59,807794.25,98.18
812537.97,98.75,69.59,807794.25,98.18
812537.97,98.75,69.59,807794.25,98.18
812537.97,98.75,69.59,807794.25,98.18
812537.97,98.75,69.59,807794.25,98.18
812537.97,98.75,69.59,807794.25,98.18
812317.22,98.75,69.59,807529.19,98.17
812317.22,98.75,69.59,807529.19,98.17
812317.22,98.75,69.59,807529.19,98.17
812317.22,98.75,69.59,807529.19,98.17
812317.22,98.75,69.59,807529.19,98.17
812317.22,98.75,69.59,807529.19,98.17
812317.22,98.75,69.59,807529.19,98.17
812317.22,98.75,69.59,807529.19,98.17
812317.22,98.75,69.59,807529.19,98.17
812109.68,98.76,69.59,807300.75,98.17
812109.68,98.76,69.59,807300.75,98.17
811911.85,98.76,69.59,807091.25,98.17
811911.85,98.76,69.59,807091.25,98.17
811911.85,98.76,69.59,807091.25,98.17
811911.85,98.76,69.59,807091.25,98.17
811911.85,98.76,69.59,807091.25,98.17
811911.85,98.76,69.59,807091.25,98.17
811911.85,98.76,69.59,807091.25,98.17
811911.85,98.76,69.59,807091.25,98.17
811911.85,98.76,69.59,807091.25,98.17
811911.85,98.76,69.59,807091.25,98.17
811911.85,98.76,69.59,807091.25,98.17
811911.85,98.76,69.59,807091.25,98.17
811694.27,98.76,69.59,806874.2,98.17
811694.27,98.76,69.59,806874.2,98.17
811694.27,98.76,69.59,806874.2,98.17
811694.27,98.76,69.59,806874.2,98.17
811694.27,98.76,69.59,806874.2,98.17
811694.27,98.76,69.59,806864.81,98.17
811694.27,98.76,69.59,806864.81,98.17
811694.27,98.76,69.59,806864.81,98.17
811694.27,98.76,69.59,806864.81,98.17
811694.27,98.76,69.59,806864.81,98.17
811694.27,98.76,69.59,806864.81,98.17
811694.27,98.76,69.59,806864.81,98.17
811694.27,98.76,69.59,806864.81,98.17
811694.27,98.76,69.59,806864.81,98.17
811694.27,98.76,69.59,806864.81,98.17
811694.27,98.76,69.59,806864.81,98.17
811694.27,98.76,69.59,806864.81,98.17
811694.27,98.76,69.59,806864.81,98.17
811694.27,98.76,69.59,806864.81,98.17
811694.27,98.76,69.59,806864.81,98.17
811694.27,98.76,69.59,806896.17,98.18
811694.27,98.76,69.59,806896.17,98.18
811694.27,98.76,69.59,806896.17,98.18
811694.27,98.76,69.59,806896.17,98.18
811694.27,98.76,69.59,806896.17,98.18
811694.27,98.76,69.59,806896.17,98.18
811694.27,98.76,69.59,806896.17,98.18
811694.27,98.76,69.59,806896.17,98.18
811694.27,98.76,69.59,806896.17,98.18
811694.27,98.76,69.59,806896.17,98.18
811694.27,98.76,69.59,806896.17,98.18
811694.27,98.76,69.59,806896.17,98.18
811694.27,98.76,69.59,806896.17,98.18
811111.52,98.76,69.6,806312.21,98.18
811111.52,98.76,69.6,806312.21,98.18
811111.52,98.76,69.6,806312.21,98.18
810891.42,98.76,69.6,806089.42,98.18
810602.22,98.76,69.6,805791.7,98.18
809606.8,98.76,69.6,804799.03,98.18
809606.8,98.76,69.6,804799.03,98.18
809606.8,98.76,69.6,804799.03,98.18
808960.67,98.76,69.6,804152.9,98.18
807971.07,98.76,69.6,803165.33,98.18
807971.07,98.76,69.6,803165.33,98.18
807971.07,98.76,69.6,803165.33,98.18
807971.07,98.76,69.6,803150.76,98.17
807812.84,98.76,69.6,802992.79,98.17
807812.84,98.76,69.6,802992.79,98.17
807812.84,98.76,69.6,802992.79,98.17
807812.84,98.76,69.6,802992.79,98.17
807812.84,98.76,69.6,802992.79,98.17
807812.84,98.76,69.6,802992.79,98.17
807812.84,98.76,69.6,802992.79,98.17
807812.84,98.76,69.6,802992.79,98.17
807812.84,98.76,69.6,803022.97,98.18
807812.84,98.76,69.6,803022.97,98.18
807812.84,98.76,69.6,803022.97,98.18
807812.84,98.76,69.6,803022.97,98.18
807812.84,98.76,69.6,803022.97,98.18
807812.84,98.76,69.6,803022.97,98.18
807812.84,98.76,69.6,803022.97,98.18
807515.57,98.77,69.6,802796.96,98.19
807515.57,98.77,69.6,802796.96,98.19
807515.57,98.77,69.6,802796.96,98.19
807221.57,98.77,69.6,802500.69,98.19
807221.57,98.77,69.6,802500.69,98.19
807221.57,98.77,69.6,802500.69,98.19
807221.57,98.77,69.6,802500.69,98.19
807221.57,98.77,69.6,802500.69,98.19
807221.57,98.77,69.6,802500.69,98.19
807221.57,98.77,69.6,802500.69,98.19
807221.57,98.77,69.6,802500.69,98.19
807221.57,98.77,69.6,802500.69,98.19
807221.57,98.77,69.6,802500.69,98.19
807221.57,98.77,69.6,802500.69,98.19
807221.57,98.77,69.6,802500.69,98.19
807221.57,98.77,69.6,802500.69,98.19
807063.6,98.77,69.6,802343.58,98.19
807063.6,98.77,69.6,802343.58,98.19
807063.6,98.77,69.6,802343.58,98.19
807063.6,98.77,69.6,802367.92,98.19
806766.34,98.77,69.6,802056.32,98.19
806766.34,98.77,69.6,802056.32,98.19
806766.34,98.77,69.6,802056.32,98.19
806766.34,98.77,69.6,802056.32,98.19
806766.34,98.77,69.6,802056.32,98.19
806544.01,98.77,69.61,801835.38,98.19
806544.01,98.77,69.61,801835.38,98.19
806544.01,98.77,69.61,801835.38,98.19
806544.01,98.77,69.61,801835.38,98.19
806544.01,98.77,69.61,801835.38,98.19
806544.01,98.77,69.61,801835.38,98.19
806544.01,98.77,69.61,801835.38,98.19
806544.01,98.77,69.61,801835.38,98.19
806335.12,98.77,69.61,801623.24,98.2
806335.12,98.77,69.61,801623.24,98.2
806335.12,98.77,69.61,801623.24,98.2
806335.12,98.77,69.61,801623.24,98.2
806335.12,98.77,69.61,801623.24,98.2
806335.12,98.77,69.61,801623.24,98.2
806335.12,98.77,69.61,801623.24,98.2
806335.12,98.77,69.61,801623.24,98.2
806335.12,98.77,69.61,801623.24,98.2
806335.12,98.77,69.61,801623.24,98.2
806335.12,98.77,69.61,801623.24,98.2
806045.91,98.78,69.61,801256.11,98.19
806045.91,98.78,69.61,801256.11,98.19
806045.91,98.78,69.61,801256.11,98.19
806045.91,98.78,69.61,801256.11,98.19
806045.91,98.78,69.61,801256.11,98.19
806045.91,98.78,69.61,801256.11,98.19
806045.91,98.78,69.61,801256.11,98.19
805824.56,98.78,69.61,801058.48,98.19
805824.56,98.78,69.61,801058.48,98.19
805824.56,98.78,69.61,801058.48,98.19
805824.56,98.78,69.61,801058.48,98.19
805666.33,98.78,69.61,800898.68,98.19
805666.33,98.78,69.61,800898.68,98.19
805666.33,98.78,69.61,800898.68,98.19
805666.33,98.78,69.61,800898.68,98.19
805667.12,98.78,69.61,800933.33,98.2
805667.12,98.78,69.61,800933.33,98.2
805450.92,98.78,69.61,800725.48,98.2
805450.92,98.78,69.61,800725.48,98.2
805450.92,98.78,69.61,800725.48,98.2
805450.92,98.78,69.61,800725.48,98.2
805450.92,98.78,69.61,800725.48,98.2
805450.92,98.78,69.61,800725.48,98.2
805450.92,98.78,69.61,800725.48,98.2
805153.65,98.78,69.61,800431.59,98.2
804851.86,98.78,69.62,800129.58,98.2
804851.86,98.78,69.62,800129.58,98.2
804851.86,98.78,69.62,800129.58,98.2
804851.86,98.78,69.62,800129.58,98.2
804851.86,98.78,69.62,800129.58,98.2
804851.86,98.78,69.62,800129.58,98.2
804851.86,98.78,69.62,800129.58,98.2
804851.86,98.78,69.62,800129.58,98.2
804851.86,98.78,69.62,800129.58,98.2
804851.86,98.78,69.62,800129.58,98.2
804851.86,98.78,69.62,800129.58,98.2
804851.86,98.78,69.62,800129.58,98.2
804630.81,98.78,69.62,799889.69,98.2
804630.81,98.78,69.62,799889.69,98.2
804630.81,98.78,69.62,799889.69,98.2
804630.81,98.78,69.62,799889.69,98.2
804330.18,98.78,69.62,799601.43,98.2
804330.18,98.78,69.62,799601.43,98.2
804330.18,98.78,69.62,799601.43,98.2
804330.18,98.78,69.62,799601.43,98.2
804330.18,98.78,69.62,799601.43,98.2
804330.18,98.78,69.62,799601.43,98.2
804330.18,98.78,69.62,799601.43,98.2
804330.18,98.78,69.62,799601.43,98.2
804172.22,98.78,69.62,799443.78,98.2
804172.22,98.78,69.62,799443.78,98.2
804172.22,98.78,69.62,799443.78,98.2
804172.22,98.78,69.62,799443.78,98.2
804172.22,98.78,69.62,799443.78,98.2
804172.22,98.78,69.62,799443.78,98.2
804014.77,98.78,69.62,799281.18,98.2
804014.77,98.78,69.62,799281.18,98.2
804014.77,98.78,69.62,799281.18,98.2
804014.77,98.78,69.62,799281.18,98.2
804014.77,98.78,69.62,799281.18,98.2
804014.77,98.78,69.62,799281.18,98.2
804014.77,98.78,69.62,799281.18,98.2
804014.77,98.78,69.62,799281.18,98.2
804014.77,98.78,69.62,799281.18,98.2
804014.77,98.78,69.62,799281.18,98.2
804014.77,98.78,69.62,799281.18,98.2
804014.77,98.78,69.62,799281.18,98.2
804014.77,98.78,69.62,799281.18,98.2
804014.77,98.78,69.62,799281.18,98.2
804014.77,98.78,69.62,799281.18,98.2
804014.77,98.78,69.62,799281.18,98.2
804014.77,98.78,69.62,799281.18,98.2
804014.77,98.78,69.62,799281.18,98.2
804014.77,98.78,69.62,799281.18,98.2
803675.16,98.79,69.62,798931.45,98.2
803675.16,98.79,69.62,798931.45,98.2
803675.16,98.79,69.62,798931.45,98.2
803375.86,98.79,69.62,798650.03,98.21
803375.86,98.79,69.62,798650.03,98.21
803375.86,98.79,69.62,798650.03,98.21
803375.86,98.79,69.62,798650.03,98.21
803375.86,98.79,69.62,798650.03,98.21
803375.86,98.79,69.62,798650.03,98.21
803375.86,98.79,69.62,798650.03,98.21
803375.86,98.79,69.62,798650.03,98.21
803375.86,98.79,69.62,798881.92,98.24
803375.86,98.79,69.62,798881.92,98.24
803375.86,98.79,69.62,798881.92,98.24
803375.86,98.79,69.62,798881.92,98.24
803375.86,98.79,69.62,798881.92,98.24
803375.86,98.79,69.62,798881.92,98.24
803165.34,98.79,69.63,798678.93,98.24
803165.34,98.79,69.63,798678.93,98.24
803165.34,98.79,69.63,798651.12,98.24
802980.25,98.8,69.63,798451.3,98.24
802980.25,98.8,69.63,798451.3,98.24
802693.71,98.8,69.63,798151.03,98.24
802693.71,98.8,69.63,798151.03,98.24
802693.71,98.8,69.63,798151.03,98.24
802693.71,98.8,69.63,798151.03,98.24
802693.71,98.8,69.63,798151.03,98.24
802693.71,98.8,69.63,798151.03,98.24
802693.71,98.8,69.63,798151.03,98.24
802693.71,98.8,69.63,798151.03,98.24
802476.98,98.8,69.63,798016.87,98.25
802476.98,98.8,69.63,798016.87,98.25
802476.98,98.8,69.63,798016.87,98.25
802476.98,98.8,69.63,798016.87,98.25
802476.98,98.8,69.63,798016.87,98.25
802476.98,98.8,69.63,798016.87,98.25
802476.98,98.8,69.63,798016.87,98.25
802476.98,98.8,69.63,798016.87,98.25
802476.98,98.8,69.63,798016.87,98.25
802476.98,98.8,69.63,798016.87,98.25
802476.98,98.8,69.63,798016.87,98.25
802476.98,98.8,69.63,798016.87,98.25
802476.98,98.8,69.63,798016.87,98.25
802319.01,98.8,69.63,797863.15,98.25
802319.01,98.8,69.63,797863.15,98.25
802319.01,98.8,69.63,797863.15,98.25
802319.01,98.8,69.63,797863.15,98.25
802319.01,98.8,69.63,797863.15,98.25
802319.01,98.8,69.63,797863.15,98.25
802319.01,98.8,69.63,797863.15,98.25
802319.01,98.8,69.63,797863.15,98.25
802319.01,98.8,69.63,797863.15,98.25
802319.01,98.8,69.63,797863.15,98.25
802319.01,98.8,69.63,797863.15,98.25
802319.01,98.8,69.63,797863.15,98.25
802319.01,98.8,69.63,797863.15,98.25
802319.01,98.8,69.63,797863.15,98.25
802319.01,98.8,69.63,797863.15,98.25
802319.01,98.8,69.63,797863.15,98.25
802319.01,98.8,69.63,797863.15,98.25
802319.01,98.8,69.63,797863.15,98.25
802319.01,98.8,69.63,797863.15,98.25
802319.01,98.8,69.63,797863.15,98.25
802031.18,98.8,69.64,797563.7,98.25
802031.18,98.8,69.64,797563.7,98.25
802031.18,98.8,69.64,797563.7,98.25
802031.18,98.8,69.64,797563.7,98.25
802031.18,98.8,69.64,797563.7,98.25
802031.18,98.8,69.64,797563.7,98.25
802031.18,98.8,69.64,797563.7,98.25
801873.22,98.8,69.64,797380.6,98.25
801873.22,98.8,69.64,797380.6,98.25
801873.22,98.8,69.64,797380.6,98.25
801873.22,98.8,69.64,797380.6,98.25
801873.22,98.8,69.64,797380.6,98.25
801873.22,98.8,69.64,797380.6,98.25
801534.3,98.81,69.64,797030.42,98.25
801534.3,98.81,69.64,797030.42,98.25
801534.3,98.81,69.64,797030.42,98.25
801534.3,98.81,69.64,797030.42,98.25
801534.3,98.81,69.64,797030.42,98.25
801534.3,98.81,69.64,797030.42,98.25
801534.3,98.81,69.64,797030.42,98.25
801534.3,98.81,69.64,797030.42,98.25
801534.3,98.81,69.64,797030.42,98.25
801534.3,98.81,69.64,797030.42,98.25
801534.3,98.81,69.64,797030.42,98.25
801534.3,98.81,69.64,797030.42,98.25
801534.3,98.81,69.64,797030.42,98.25
801534.3,98.81,69.64,797030.42,98.25
801534.3,98.81,69.64,797030.42,98.25
801237.03,98.81,69.64,796718.89,98.25
801237.03,98.81,69.64,796718.89,98.25
801237.03,98.81,69.64,796718.89,98.25
800937.99,98.81,69.64,796444.32,98.26
800937.99,98.81,69.64,796444.32,98.26
800937.99,98.81,69.64,796444.32,98.26
800937.99,98.81,69.64,796444.32,98.26
800937.99,98.81,69.64,796444.32,98.26
800937.99,98.81,69.64,796444.32,98.26
800937.99,98.81,69.64,796444.32,98.26
800937.99,98.81,69.64,796444.32,98.26
800937.99,98.81,69.64,796444.32,98.26
800937.99,98.81,69.64,796444.32,98.26
800937.99,98.81,69.64,796444.32,98.26
800937.99,98.81,69.64,796444.32,98.26
800937.99,98.81,69.64,796444.32,98.26
800937.99,98.81,69.64,796444.32,98.26
800937.99,98.81,69.64,796444.32,98.26
800937.99,98.81,69.64,796444.32,98.26
800937.99,98.81,69.64,796444.32,98.26
800937.99,98.81,69.64,796444.32,98.26
800937.99,98.81,69.64,796444.32,98.26
800937.99,98.81,69.64,796444.32,98.26
800610.72,98.81,69.65,796157.0,98.26
800452.49,98.81,69.65,795999.89,98.26
800452.49,98.81,69.65,795999.89,98.26
800452.49,98.81,69.65,795999.89,98.26
800452.49,98.81,69.65,795999.89,98.26
800452.49,98.81,69.65,795999.89,98.26
800452.49,98.81,69.65,795999.89,98.26
800452.49,98.81,69.65,795999.89,98.26
800452.49,98.81,69.65,795999.89,98.26
800452.49,98.81,69.65,795970.57,98.26
800452.49,98.81,69.65,795970.57,98.26
800163.39,98.81,69.65,795681.47,98.26
800163.39,98.81,69.65,795681.47,98.26
800166.92,98.81,69.65,795718.11,98.26
800166.92,98.81,69.65,795718.11,98.26
800166.92,98.81,69.65,795718.11,98.26
800166.92,98.81,69.65,795718.11,98.26
800166.92,98.81,69.65,795718.11,98.26
800166.92,98.81,69.65,795718.11,98.26
800166.92,98.81,69.65,795718.11,98.26
800166.92,98.81,69.65,795718.11,98.26
800166.92,98.81,69.65,795718.11,98.26
800166.92,98.81,69.65,795718.11,98.26
800166.92,98.81,69.65,795718.11,98.26
800166.92,98.81,69.65,795718.11,98.26
800166.92,98.81,69.65,795718.11,98.26
800166.92,98.81,69.65,795718.11,98.26
800166.92,98.81,69.65,795718.11,98.26
800166.92,98.81,69.65,795718.11,98.26
800166.92,98.81,69.65,795743.57,98.27
800166.92,98.81,69.65,795743.57,98.27
800166.92,98.81,69.65,795743.57,98.27
800166.92,98.81,69.65,795743.57,98.27
800166.92,98.81,69.65,795743.57,98.27
800166.92,98.81,69.65,795743.57,98.27
800166.92,98.81,69.65,795743.57,98.27
799890.57,98.82,69.65,795489.75,98.27
799890.57,98.82,69.65,795489.75,98.27
799890.57,98.82,69.65,795489.75,98.27
799890.57,98.82,69.65,795489.75,98.27
799890.57,98.82,69.65,795542.39,98.28
799890.57,98.82,69.65,795542.39,98.28
799890.57,98.82,69.65,795542.39,98.28
799890.57,98.82,69.65,795542.39,98.28
799890.57,98.82,69.65,795542.39,98.28
799890.57,98.82,69.65,795542.39,98.28
799890.57,98.82,69.65,795542.39,98.28
799669.52,98.82,69.65,795353.52,98.29
799377.49,98.82,69.66,795053.52,98.29
799377.49,98.82,69.66,795053.52,98.29
799377.49,98.82,69.66,795053.52,98.29
799377.49,98.82,69.66,795053.52,98.29
799377.49,98.82,69.66,795045.9,98.29
799377.49,98.82,69.66,795076.86,98.29
799269.53,98.82,69.66,794999.92,98.29
799269.53,98.82,69.66,794999.92,98.29
799269.53,98.82,69.66,794999.92,98.29
799269.53,98.82,69.66,794999.92,98.29
799269.53,98.82,69.66,794999.92,98.29
799111.78,98.82,69.65,794871.48,98.3
799111.78,98.82,69.65,794871.48,98.3
799111.78,98.82,69.65,794871.48,98.3
799111.78,98.82,69.65,794871.48,98.3
799111.78,98.82,69.65,794871.48,98.3
799111.78,98.82,69.65,794871.48,98.3
799111.78,98.82,69.65,794871.48,98.3
798814.51,98.82,69.66,794428.82,98.28
798814.51,98.82,69.66,794428.82,98.28
798814.51,98.82,69.66,794428.82,98.28
798814.51,98.82,69.66,794428.82,98.28
798814.51,98.82,69.66,794428.82,98.28
798814.51,98.82,69.66,794428.82,98.28
798814.51,98.82,69.66,794428.82,98.28
798814.51,98.82,69.66,794428.82,98.28
798814.51,98.82,69.66,794428.82,98.28
798514.38,98.83,69.66,794150.52,98.29
798514.38,98.83,69.66,794150.52,98.29
798514.38,98.83,69.66,794172.79,98.29
798514.38,98.83,69.66,794172.79,98.29
798514.38,98.83,69.66,794172.79,98.29
798514.38,98.83,69.66,794172.79,98.29
798222.7,98.83,69.66,794029.84,98.31
798222.7,98.83,69.66,794029.84,98.31
798222.7,98.83,69.66,794029.84,98.31
797639.11,98.83,69.66,793451.75,98.31
797639.11,98.83,69.66,793451.75,98.31
797639.11,98.83,69.66,793425.95,98.31
797639.11,98.83,69.66,793425.95,98.31
797639.11,98.83,69.66,793425.95,98.31
797639.11,98.83,69.66,793425.95,98.31
797590.57,98.83,69.66,793427.57,98.31
797590.57,98.83,69.66,793427.57,98.31
797590.57,98.83,69.66,793427.57,98.31
797590.57,98.83,69.66,793461.26,98.32
797590.57,98.83,69.66,793461.26,98.32
797590.57,98.83,69.66,793456.74,98.32
797590.57,98.83,69.66,793456.74,98.32
797590.57,98.83,69.66,793456.74,98.32
797590.57,98.83,69.66,793456.74,98.32
797590.57,98.83,69.66,793456.74,98.32
797590.57,98.83,69.66,793456.74,98.32
797590.57,98.83,69.66,793456.74,98.32
797590.57,98.83,69.66,793456.74,98.32
797590.57,98.83,69.66,793456.74,98.32
797590.57,98.83,69.66,793456.74,98.32
797590.57,98.83,69.66,793456.74,98.32
797590.57,98.83,69.66,793456.74,98.32
797590.57,98.83,69.66,793456.74,98.32
797373.84,98.83,69.66,793256.96,98.32
797373.84,98.83,69.66,793256.96,98.32
797373.84,98.83,69.66,793256.96,98.32
797373.84,98.83,69.66,793256.96,98.32
797373.84,98.83,69.66,793256.96,98.32
797373.84,98.83,69.66,793256.96,98.32
797373.84,98.83,69.66,793256.96,98.32
797373.84,98.83,69.66,793256.96,98.32
797373.84,98.83,69.66,793256.96,98.32
797373.84,98.83,69.66,793256.96,98.32
797373.84,98.83,69.66,793256.96,98.32
797373.84,98.83,69.66,793256.96,98.32
797373.84,98.83,69.66,793256.96,98.32
797373.84,98.83,69.66,793256.96,98.32
797373.84,98.83,69.66,793256.96,98.32
797373.84,98.83,69.66,793256.96,98.32
797373.84,98.83,69.66,793256.96,98.32
797373.84,98.83,69.66,793256.96,98.32
797373.84,98.83,69.66,793256.96,98.32
797373.84,98.83,69.66,793256.96,98.32
797373.84,98.83,69.66,793256.96,98.32
797373.84,98.83,69.66,793256.96,98.32
797157.64,98.83,69.66,793049.73,98.32
797157.64,98.83,69.66,793049.73,98.32
797157.64,98.83,69.66,793049.73,98.32
797157.64,98.83,69.66,793049.73,98.32
797157.64,98.83,69.66,793049.73,98.32
797157.64,98.83,69.66,793049.73,98.32
797157.64,98.83,69.66,793027.33,98.32
797157.64,98.83,69.66,793027.33,98.32
797157.64,98.83,69.66,793027.33,98.32
797157.64,98.83,69.66,793027.33,98.32
796640.77,98.84,69.67,792465.27,98.32
796640.77,98.84,69.67,792465.27,98.32
796640.77,98.84,69.67,792465.27,98.32
796640.77,98.84,69.67,792465.27,98.32
796640.77,98.84,69.67,792465.27,98.32
796640.77,98.84,69.67,792465.27,98.32
796640.77,98.84,69.67,792465.27,98.32
796640.77,98.84,69.67,792465.27,98.32
796640.77,98.84,69.67,792465.27,98.32
796640.77,98.84,69.67,792465.27,98.32
796640.77,98.84,69.67,792465.27,98.32
796640.77,98.84,69.67,792465.27,98.32
796640.77,98.84,69.67,792465.27,98.32
796640.77,98.84,69.67,792498.1,98.32
796640.77,98.84,69.67,792498.1,98.32
796640.77,98.84,69.67,792498.1,98.32
796640.77,98.84,69.67,792498.1,98.32
796640.77,98.84,69.67,792498.1,98.32
796640.77,98.84,69.67,792498.1,98.32
796640.77,98.84,69.67,792498.1,98.32
796640.77,98.84,69.67,792498.1,98.32
796640.77,98.84,69.67,792498.1,98.32
796640.77,98.84,69.67,792498.1,98.32
796640.77,98.84,69.67,792498.1,98.32
796640.77,98.84,69.67,792498.1,98.32
796640.77,98.84,69.67,792498.1,98.32
796640.77,98.84,69.67,792498.1,98.32
796640.77,98.84,69.67,792498.1,98.32
796640.77,98.84,69.67,792498.1,98.32
796640.77,98.84,69.67,792498.1,98.32
796640.77,98.84,69.67,792498.1,98.32
796640.77,98.84,69.67,792498.1,98.32
796640.77,98.84,69.67,792498.1,98.32
796640.77,98.84,69.67,792498.1,98.32
796640.77,98.84,69.67,792498.1,98.32
796640.77,98.84,69.67,792498.1,98.32
796640.77,98.84,69.67,792498.1,98.32
796640.77,98.84,69.67,792498.1,98.32
796640.77,98.84,69.67,792498.1,98.32
796640.77,98.84,69.67,792498.1,98.32
796640.77,98.84,69.67,792498.1,98.32
796640.77,98.84,69.67,792498.1,98.32
796640.77,98.84,69.67,792498.1,98.32
796640.77,98.84,69.67,792498.1,98.32
796640.77,98.84,69.67,792498.1,98.32
796640.77,98.84,69.67,792498.1,98.32
796640.77,98.84,69.67,792498.1,98.32
796640.77,98.84,69.67,792498.1,98.32
796640.77,98.84,69.67,792498.1,98.32
796640.77,98.84,69.67,792498.1,98.32
796640.77,98.84,69.67,792498.1,98.32
796640.77,98.84,69.67,792498.1,98.32
796640.77,98.84,69.67,792498.1,98.32
796640.77,98.84,69.67,792498.1,98.32
796640.77,98.84,69.67,792520.11,98.33
796640.77,98.84,69.67,792520.11,98.33
796640.77,98.84,69.67,792520.11,98.33
796640.77,98.84,69.67,792520.11,98.33
796640.77,98.84,69.67,792482.57,98.32
796640.77,98.84,69.67,792482.57,98.32
796640.77,98.84,69.67,792482.57,98.32
796640.77,98.84,69.67,792482.57,98.32
796640.77,98.84,69.67,792482.57,98.32
796640.77,98.84,69.67,792482.57,98.32
796419.72,98.84,69.67,792284.72,98.33
796419.72,98.84,69.67,792306.74,98.33
796419.72,98.84,69.67,792306.74,98.33
796419.72,98.84,69.67,792306.74,98.33
796419.72,98.84,69.67,792306.74,98.33
796419.72,98.84,69.67,792306.74,98.33
796419.72,98.84,69.67,792306.74,98.33
796419.72,98.84,69.67,792306.74,98.33
796419.72,98.84,69.67,792306.74,98.33
796419.72,98.84,69.67,792306.74,98.33
796419.72,98.84,69.67,792306.74,98.33
796419.72,98.84,69.67,792306.74,98.33
796419.72,98.84,69.67,792325.2,98.33
796419.72,98.84,69.67,792325.2,98.33
796419.72,98.84,69.67,792325.2,98.33
796419.72,98.84,69.67,792325.2,98.33
796419.72,98.84,69.67,792325.2,98.33
796419.72,98.84,69.67,792325.2,98.33
796419.72,98.84,69.67,792325.2,98.33
796419.72,98.84,69.67,792325.2,98.33
796419.72,98.84,69.67,792325.2,98.33
796419.72,98.84,69.67,792325.2,98.33
796419.72,98.84,69.67,792325.2,98.33
796419.72,98.84,69.67,792325.2,98.33
796419.72,98.84,69.67,792325.2,98.33
796200.09,98.84,69.67,792077.22,98.33
796200.09,98.84,69.67,792101.92,98.33
796200.09,98.84,69.67,792101.92,98.33
796200.09,98.84,69.67,792101.92,98.33
796200.09,98.84,69.67,792101.92,98.33
796200.09,98.84,69.67,792101.92,98.33
796200.09,98.84,69.67,792101.92,98.33
796200.09,98.84,69.67,792101.92,98.33
796200.09,98.84,69.67,792101.92,98.33
796200.09,98.84,69.67,792101.92,98.33
796200.09,98.84,69.67,792101.92,98.33
796200.09,98.84,69.67,792101.92,98.33
796200.09,98.84,69.67,792101.92,98.33
796200.09,98.84,69.67,792101.92,98.33
796200.09,98.84,69.67,792101.92,98.33
796200.09,98.84,69.67,792101.92,98.33
796200.09,98.84,69.67,792101.92,98.33
796200.09,98.84,69.67,792101.92,98.33
796200.09,98.84,69.67,792101.92,98.33
796200.09,98.84,69.67,792101.92,98.33
796200.09,98.84,69.67,792101.92,98.33
796200.09,98.84,69.67,792101.92,98.33
796200.09,98.84,69.67,792101.92,98.33
795979.82,98.84,69.67,791909.67,98.33
795979.82,98.84,69.67,791909.67,98.33
795979.82,98.84,69.67,791909.67,98.33
795979.82,98.84,69.67,791909.67,98.33
795979.82,98.84,69.67,791909.67,98.33
795979.82,98.84,69.67,791909.67,98.33
795979.82,98.84,69.67,791894.33,98.33
795979.82,98.84,69.67,791894.33,98.33
795979.82,98.84,69.67,791894.33,98.33
795871.19,98.84,69.67,791785.97,98.33
795871.19,98.84,69.67,791806.48,98.34
795871.19,98.84,69.67,791806.48,98.34
795871.19,98.84,69.67,791806.48,98.34
795871.19,98.84,69.67,791806.48,98.34
795871.19,98.84,69.67,791806.48,98.34
795871.19,98.84,69.67,791806.48,98.34
795871.19,98.84,69.67,791806.48,98.34
795871.19,98.84,69.67,791806.48,98.34
795871.19,98.84,69.67,791806.48,98.34
795871.19,98.84,69.67,791806.48,98.34
795871.19,98.84,69.67,791806.48,98.34
795871.19,98.84,69.67,791794.09,98.33
795871.19,98.84,69.67,791794.09,98.33
795871.19,98.84,69.67,791794.09,98.33
795871.19,98.84,69.67,791794.09,98.33
795871.19,98.84,69.67,791794.09,98.33
795871.19,98.84,69.67,791794.09,98.33
795871.19,98.84,69.67,791794.09,98.33
795871.19,98.84,69.67,791794.09,98.33
795871.19,98.84,69.67,791825.23,98.34
795876.49,98.84,69.67,791924.42,98.35
795876.49,98.84,69.67,791924.42,98.35
795876.49,98.84,69.67,791924.42,98.35
795876.49,98.84,69.67,791924.42,98.35
795876.49,98.84,69.67,791924.42,98.35
795876.49,98.84,69.67,791924.42,98.35
795876.49,98.84,69.67,791924.42,98.35
795876.49,98.84,69.67,791924.42,98.35
795876.49,98.84,69.67,791924.42,98.35
795876.49,98.84,69.67,791924.42,98.35
795876.49,98.84,69.67,791924.42,98.35
795876.49,98.84,69.67,791924.42,98.35
795876.49,98.84,69.67,791924.42,98.35
795876.49,98.84,69.67,791924.42,98.35
795876.49,98.84,69.67,791924.42,98.35
795876.49,98.84,69.67,791924.42,98.35
795876.49,98.84,69.67,791924.42,98.35
795876.49,98.84,69.67,791924.42,98.35
795876.49,98.84,69.67,791924.42,98.35
795876.49,98.84,69.67,791924.42,98.35
795876.49,98.84,69.67,791924.42,98.35
795876.49,98.84,69.67,791924.42,98.35
795876.49,98.84,69.67,791924.42,98.35
795876.49,98.84,69.67,791887.35,98.35
795876.49,98.84,69.67,791887.35,98.35
795876.49,98.84,69.67,791887.35,98.35
795876.49,98.84,69.67,791887.35,98.35
795876.49,98.84,69.67,791878.67,98.34
795876.49,98.84,69.67,791878.67,98.34
795876.49,98.84,69.67,791878.67,98.34
795876.49,98.84,69.67,791878.67,98.34
795876.49,98.84,69.67,791878.67,98.34
795876.49,98.84,69.67,791839.28,98.34
795876.49,98.84,69.67,791839.28,98.34
795876.49,98.84,69.67,791839.28,98.34
795876.49,98.84,69.67,791839.28,98.34
795876.49,98.84,69.67,791839.28,98.34
795876.49,98.84,69.67,791863.79,98.34
795876.49,98.84,69.67,791863.79,98.34
795876.49,98.84,69.67,791863.79,98.34
795766.78,98.84,69.67,791794.94,98.35
795766.78,98.84,69.67,791794.94,98.35
795766.78,98.84,69.67,791794.94,98.35
795766.78,98.84,69.67,791794.94,98.35
795766.78,98.84,69.67,791823.08,98.35
795766.78,98.84,69.67,791823.08,98.35
795768.81,98.84,69.67,791827.85,98.35
795768.81,98.84,69.67,791827.85,98.35
795768.81,98.84,69.67,791827.85,98.35
795768.81,98.84,69.67,791827.85,98.35
795768.81,98.84,69.67,791827.85,98.35
795768.81,98.84,69.67,791827.85,98.35
795768.81,98.84,69.67,791827.85,98.35
795768.81,98.84,69.67,791827.85,98.35
795768.81,98.84,69.67,791827.85,98.35
795768.81,98.84,69.67,791827.85,98.35
795768.81,98.84,69.67,791827.85,98.35
795768.81,98.84,69.67,791827.85,98.35
795768.81,98.84,69.67,791805.61,98.35
795768.81,98.84,69.67,791805.61,98.35
795768.81,98.84,69.67,791805.61,98.35
795768.81,98.84,69.67,791805.61,98.35
795768.81,98.84,69.67,791805.61,98.35
795768.81,98.84,69.67,791805.61,98.35
795768.81,98.84,69.67,791805.61,98.35
795768.81,98.84,69.67,791805.61,98.35
795768.81,98.84,69.67,791805.61,98.35
795768.81,98.84,69.67,791805.61,98.35
795768.81,98.84,69.67,791805.61,98.35
795768.81,98.84,69.67,791805.61,98.35
795768.81,98.84,69.67,791805.61,98.35
795768.81,98.84,69.67,791805.61,98.35
795768.81,98.84,69.67,791805.61,98.35
795768.81,98.84,69.67,791805.61,98.35
795768.81,98.84,69.67,791805.61,98.35
795768.81,98.84,69.67,791805.61,98.35
795768.81,98.84,69.67,791805.61,98.35
795768.81,98.84,69.67,791805.61,98.35
795768.81,98.84,69.67,791805.61,98.35
795768.81,98.84,69.67,791805.61,98.35
795768.81,98.84,69.67,791805.61,98.35
795768.81,98.84,69.67,791805.61,98.35
795768.81,98.84,69.67,791805.61,98.35
795768.81,98.84,69.67,791805.61,98.35
795768.81,98.84,69.67,791805.61,98.35
795768.81,98.84,69.67,791805.61,98.35
795768.81,98.84,69.67,791805.61,98.35
795768.81,98.84,69.67,791805.61,98.35
795768.81,98.84,69.67,791805.61,98.35
795768.81,98.84,69.67,791805.61,98.35
795768.81,98.84,69.67,791805.61,98.35
795768.81,98.84,69.67,791805.61,98.35
795768.81,98.84,69.67,791805.61,98.35
795768.81,98.84,69.67,791805.61,98.35
795768.81,98.84,69.67,791805.61,98.35
795768.81,98.84,69.67,791789.69,98.35
795768.81,98.84,69.67,791789.69,98.35
795769.58,98.84,69.67,791789.74,98.35
795769.58,98.84,69.67,791789.74,98.35
795611.35,98.84,69.67,791631.92,98.35
795611.35,98.84,69.67,791631.92,98.35
795611.35,98.84,69.67,791631.92,98.35
795611.35,98.84,69.67,791631.92,98.35
795453.11,98.84,69.67,791514.39,98.35
795453.11,98.84,69.67,791514.39,98.35
795453.11,98.84,69.67,791514.39,98.35
795453.11,98.84,69.67,791514.39,98.35
794908.75,98.85,69.68,790954.87,98.35
794908.75,98.85,69.68,790954.87,98.35
794908.75,98.85,69.68,790954.87,98.35
794908.75,98.85,69.68,790954.87,98.35
794908.75,98.85,69.68,790954.87,98.35
794908.75,98.85,69.68,790954.87,98.35
794908.75,98.85,69.68,790954.87,98.35
794908.75,98.85,69.68,790954.87,98.35
794908.75,98.85,69.68,790948.29,98.35
794908.75,98.85,69.68,790948.29,98.35
794908.75,98.85,69.68,790948.29,98.35
794908.75,98.85,69.68,790948.29,98.35
794908.75,98.85,69.68,790948.29,98.35
794908.75,98.85,69.68,790948.29,98.35
794908.75,98.85,69.68,790948.29,98.35
794908.75,98.85,69.68,790948.29,98.35
794908.75,98.85,69.68,790948.29,98.35
794908.75,98.85,69.68,790948.29,98.35
794908.75,98.85,69.68,790924.71,98.35
794908.75,98.85,69.68,790924.71,98.35
794908.75,98.85,69.68,790924.71,98.35
794908.75,98.85,69.68,790924.71,98.35
794908.75,98.85,69.68,790924.71,98.35
794908.75,98.85,69.68,790924.71,98.35
794908.75,98.85,69.68,790924.71,98.35
794908.75,98.85,69.68,790924.71,98.35
794908.75,98.85,69.68,790924.71,98.35
794908.75,98.85,69.68,790924.71,98.35
794908.75,98.85,69.68,790924.71,98.35
794908.75,98.85,69.68,790924.71,98.35
794908.75,98.85,69.68,790924.71,98.35
794908.75,98.85,69.68,790924.71,98.35
794908.75,98.85,69.68,790924.71,98.35
794908.75,98.85,69.68,790924.71,98.35
794908.75,98.85,69.68,790924.71,98.35
794908.75,98.85,69.68,790924.71,98.35
794908.75,98.85,69.68,790924.71,98.35
