name,ip,model,cpu,gpu,memory_mib,gpu_mem_mib_each,num_pod,cpu_milli_left,memory_mib_left,gpu_milli_left_0,gpu_mem_mib_left_0,gpu_milli_left_1,gpu_mem_mib_left_1,gpu_milli_left_2,gpu_mem_mib_left_2,gpu_milli_left_3,gpu_mem_mib_left_3,gpu_milli_left_4,gpu_mem_mib_left_4,gpu_milli_left_5,gpu_mem_mib_left_5,gpu_milli_left_6,gpu_mem_mib_left_6,gpu_milli_left_7,gpu_mem_mib_left_7,gpu_milli_left,gpu_mem_mib_left
0000-openb-node-0260,,G2,96,8,412316860416,20000,9,2128,412316860416,0,0,0,0,0,0,0,0,0,0,190,3800,350,7000,190,3800,730,14600
0001-openb-node-0858,,G2,96,8,412316860416,20000,9,3392,412316860416,0,0,0,0,0,0,0,0,0,0,0,0,70,1400,530,10600,600,12000
0002-openb-node-0619,,G2,96,8,412316860416,20000,9,3436,412316860416,0,0,0,0,0,0,770,15400,0,0,0,0,190,3800,190,3800,1150,23000
0003-openb-node-0582,,G2,96,8,412316860416,20000,12,8418,412316860416,0,0,190,3800,30,600,190,3800,0,0,0,0,60,1200,130,2600,600,12000
0004-openb-node-0882,,T4,104,2,549755813888,15109,2,84848,549755813888,0,0,190,2870,0,0,0,0,0,0,0,0,0,0,0,0,190,2870
0005-openb-node-1135,,G2,96,8,412316860416,20000,9,3538,412316860416,0,0,0,0,0,0,0,0,1000,20000,190,3800,770,15400,1000,20000,2960,59200
0006-openb-node-0431,,P100,16,2,128849018880,16280,2,940,128849018880,530,8628,190,3093,0,0,0,0,0,0,0,0,0,0,0,0,720,11721
0007-openb-node-1096,,T4,104,2,549755813888,15109,4,21892,549755813888,0,0,0,0,0,0,0,0,0,0,0,0,0,0,0,0,0,0
0008-openb-node-1052,,P100,16,2,128849018880,16280,4,696,128849018880,350,5698,190,3093,0,0,0,0,0,0,0,0,0,0,0,0,540,8791
0009-openb-node-0985,,P100,16,2,128849018880,16280,1,1800,128849018880,0,0,1000,16280,0,0,0,0,0,0,0,0,0,0,0,0,1000,16280
0010-openb-node-1151,,T4,104,2,549755813888,15109,4,24848,549755813888,0,0,190,2870,0,0,0,0,0,0,0,0,0,0,0,0,190,2870
0011-openb-node-1171,,G2,96,8,412316860416,20000,9,3496,412316860416,0,0,0,0,0,0,680,13600,0,0,190,3800,0,0,0,0,870,17400
0012-openb-node-0016,,P100,64,2,274877906944,16280,4,15684,274877906944,0,0,60,976,0,0,0,0,0,0,0,0,0,0,0,0,60,976
0013-openb-node-0003,,P100,64,2,274877906944,16280,4,184,274877906944,0,0,30,488,0,0,0,0,0,0,0,0,0,0,0,0,30,488
0014-openb-node-0877,,T4,104,2,549755813888,15109,3,74048,549755813888,0,0,190,2870,0,0,0,0,0,0,0,0,0,0,0,0,190,2870
0015-openb-node-0256,,V100M32,96,8,824633720832,32510,6,284,824633720832,0,0,0,0,0,0,0,0,0,0,0,0,1000,32510,1000,32510,2000,65020
0016-openb-node-0382,,G2,96,8,412316860416,20000,7,1832,412316860416,0,0,0,0,0,0,0,0,350,7000,0,0,1000,20000,1000,20000,2350,47000
0017-openb-node-0280,,G2,96,8,412316860416,20000,9,1332,412316860416,0,0,190,3800,0,0,0,0,0,0,0,0,0,0,1000,20000,1190,23800
0018-openb-node-0080,,G2,96,8,412316860416,20000,11,3092,412316860416,190,3800,0,0,0,0,890,17800,0,0,30,600,190,3800,190,3800,1490,29800
0019-openb-node-0320,,G3,128,8,824633720832,30000,1,7800,824633720832,0,0,0,0,0,0,0,0,0,0,0,0,0,0,0,0,0,0
0020-openb-node-1170,,G3,128,8,824633720832,30000,13,1364,824633720832,0,0,80,2400,0,0,220,6600,0,0,0,0,0,0,0,0,300,9000
0021-openb-node-0764,,G2,96,8,412316860416,20000,10,6444,412316860416,0,0,0,0,200,4000,0,0,0,0,0,0,190,3800,190,3800,580,11600
0022-openb-node-0717,,T4,104,2,549755813888,15109,6,12348,549755813888,0,0,0,0,0,0,0,0,0,0,0,0,0,0,0,0,0,0
0023-openb-node-0074,,G2,96,8,412316860416,20000,9,80,412316860416,350,7000,0,0,0,0,350,7000,0,0,1000,20000,680,13600,190,3800,2570,51400
0024-openb-node-0430,,P100,16,2,128849018880,16280,1,0,128849018880,0,0,1000,16280,0,0,0,0,0,0,0,0,0,0,0,0,1000,16280
0025-openb-node-0466,,G2,96,8,412316860416,20000,11,88,412316860416,0,0,0,0,30,600,0,0,410,8200,190,3800,0,0,680,13600,1310,26200
0026-openb-node-0989,,P100,8,2,64424509440,16280,2,1696,64424509440,190,3093,190,3093,0,0,0,0,0,0,0,0,0,0,0,0,380,6186
0027-openb-node-0321,,G2,96,8,412316860416,20000,9,11344,412316860416,0,0,0,0,0,0,0,0,190,3800,0,0,190,3800,0,0,380,7600
0028-openb-node-0014,,P100,64,2,274877906944,16280,7,24848,274877906944,30,488,130,2116,0,0,0,0,0,0,0,0,0,0,0,0,160,2604
0029-openb-node-1026,,T4,104,2,549755813888,15109,4,72948,549755813888,0,0,30,453,0,0,0,0,0,0,0,0,0,0,0,0,30,453
0030-openb-node-0019,,P100,64,2,274877906944,16280,5,2348,274877906944,70,1139,190,3093,0,0,0,0,0,0,0,0,0,0,0,0,260,4232
0031-openb-node-0780,,T4,104,2,549755813888,15109,4,64092,549755813888,0,0,130,1964,0,0,0,0,0,0,0,0,0,0,0,0,130,1964
0032-openb-node-0849,,G2,96,8,412316860416,20000,12,766,412316860416,0,0,0,0,350,7000,360,7200,300,6000,130,2600,190,3800,190,3800,1520,30400
0033-openb-node-0775,,T4,104,2,549755813888,15109,6,28048,549755813888,0,0,130,1964,0,0,0,0,0,0,0,0,0,0,0,0,130,1964
0034-openb-node-1196,,T4,104,2,549755813888,15109,5,27892,549755813888,0,0,120,1813,0,0,0,0,0,0,0,0,0,0,0,0,120,1813
0035-openb-node-1066,,G2,96,8,412316860416,20000,10,4828,412316860416,0,0,0,0,530,10600,190,3800,530,10600,190,3800,190,3800,0,0,1630,32600
0036-openb-node-0853,,G2,96,8,412316860416,20000,9,5824,412316860416,190,3800,0,0,680,13600,0,0,0,0,0,0,190,3800,410,8200,1470,29400
0037-openb-node-1080,,V100M16,8,1,34359738368,16160,1,0,34359738368,530,8564,0,0,0,0,0,0,0,0,0,0,0,0,0,0,530,8564
0038-openb-node-0912,,G2,96,8,412316860416,20000,8,1540,412316860416,0,0,0,0,0,0,0,0,0,0,0,0,190,3800,350,7000,540,10800
0039-openb-node-0477,,G2,96,8,412316860416,20000,10,7124,412316860416,0,0,0,0,0,0,0,0,60,1200,60,1200,0,0,190,3800,310,6200
0040-openb-node-0632,,G2,96,8,412316860416,20000,10,2180,412316860416,0,0,0,0,680,13600,0,0,190,3800,350,7000,60,1200,1000,20000,2280,45600
0041-openb-node-1161,,T4,104,2,549755813888,15109,3,80348,549755813888,0,0,190,2870,0,0,0,0,0,0,0,0,0,0,0,0,190,2870
0042-openb-node-0333,,G3,128,8,824633720832,30000,12,2628,824633720832,0,0,0,0,0,0,30,900,190,5700,0,0,120,3600,80,2400,420,12600
0043-openb-node-1003,,P100,16,2,128849018880,16280,3,848,128849018880,300,4884,190,3093,0,0,0,0,0,0,0,0,0,0,0,0,490,7977
0044-openb-node-0169,,G3,128,8,824633720832,30000,10,45640,824633720832,0,0,0,0,190,5700,0,0,0,0,190,5700,190,5700,0,0,570,17100
0045-openb-node-0141,,G2,96,8,412316860416,20000,9,15040,412316860416,0,0,0,0,0,0,0,0,30,600,0,0,0,0,190,3800,220,4400
0046-openb-node-0681,,G2,96,8,412316860416,20000,12,4572,412316860416,0,0,0,0,190,3800,60,1200,120,2400,0,0,80,1600,190,3800,640,12800
0047-openb-node-0561,,G2,96,8,412316860416,20000,9,340,412316860416,0,0,0,0,0,0,0,0,0,0,680,13600,190,3800,0,0,870,17400
0048-openb-node-0153,,G2,96,8,412316860416,20000,6,20640,412316860416,0,0,0,0,0,0,0,0,0,0,0,0,0,0,160,3200,160,3200
0049-openb-node-0390,,T4,104,2,549755813888,15109,3,77148,549755813888,0,0,190,2870,0,0,0,0,0,0,0,0,0,0,0,0,190,2870
0050-openb-node-0928,,T4,104,2,549755813888,15109,4,40092,549755813888,0,0,30,453,0,0,0,0,0,0,0,0,0,0,0,0,30,453
0051-openb-node-0384,,G2,96,8,412316860416,20000,9,1016,412316860416,0,0,0,0,190,3800,0,0,0,0,0,0,0,0,210,4200,400,8000
0052-openb-node-0893,,G2,96,8,412316860416,20000,2,19300,412316860416,0,0,0,0,0,0,0,0,0,0,0,0,0,0,0,0,0,0
0053-openb-node-0065,,V100M32,96,8,824633720832,32510,9,3744,824633720832,0,0,0,0,0,0,0,0,0,0,0,0,0,0,0,0,0,0
0054-openb-node-0511,,G2,96,8,412316860416,20000,10,2380,412316860416,0,0,60,1200,190,3800,190,3800,0,0,0,0,530,10600,530,10600,1500,30000
0055-openb-node-0282,,G2,96,8,412316860416,20000,10,688,412316860416,0,0,0,0,190,3800,0,0,680,13600,0,0,190,3800,530,10600,1590,31800
0056-openb-node-0168,,G3,128,8,824633720832,30000,10,288,824633720832,0,0,0,0,0,0,0,0,0,0,0,0,0,0,0,0,0,0
0057-openb-node-0957,,G2,96,8,412316860416,20000,9,280,412316860416,190,3800,0,0,0,0,0,0,0,0,530,10600,680,13600,190,3800,1590,31800
0058-openb-node-0543,,P100,16,2,128849018880,16280,2,92,128849018880,530,8628,0,0,0,0,0,0,0,0,0,0,0,0,0,0,530,8628
0059-openb-node-0422,,T4,104,2,549755813888,15109,3,77048,549755813888,190,2870,0,0,0,0,0,0,0,0,0,0,0,0,0,0,190,2870
0060-openb-node-0391,,T4,104,2,549755813888,15109,3,81548,549755813888,0,0,190,2870,0,0,0,0,0,0,0,0,0,0,0,0,190,2870
0061-openb-node-0646,,T4,104,2,549755813888,15109,4,53792,549755813888,0,0,60,906,0,0,0,0,0,0,0,0,0,0,0,0,60,906
0062-openb-node-0211,,T4,104,2,549755813888,15109,5,500,549755813888,0,0,0,0,0,0,0,0,0,0,0,0,0,0,0,0,0,0
0063-openb-node-0380,,P100,16,2,128849018880,16280,2,940,128849018880,0,0,190,3093,0,0,0,0,0,0,0,0,0,0,0,0,190,3093
0064-openb-node-0799,,T4,96,4,412316860416,15109,8,2588,412316860416,0,0,160,2417,0,0,190,2870,0,0,0,0,0,0,0,0,350,5287
0065-openb-node-0433,,G2,96,8,412316860416,20000,7,1948,412316860416,0,0,0,0,0,0,190,3800,1000,20000,1000,20000,1000,20000,1000,20000,4190,83800
0066-openb-node-0761,,T4,104,2,549755813888,15109,4,61648,549755813888,0,0,190,2870,0,0,0,0,0,0,0,0,0,0,0,0,190,2870
0067-openb-node-0898,,P100,16,2,128849018880,16280,3,848,128849018880,80,1302,190,3093,0,0,0,0,0,0,0,0,0,0,0,0,270,4395
0068-openb-node-1035,,G2,96,8,412316860416,20000,12,8632,412316860416,0,0,0,0,0,0,0,0,30,600,190,3800,210,4200,40,800,470,9400
0069-openb-node-1169,,G2,96,8,412316860416,20000,8,3196,412316860416,0,0,0,0,0,0,0,0,0,0,0,0,190,3800,0,0,190,3800
0070-openb-node-0848,,G2,96,8,412316860416,20000,11,13966,412316860416,60,1200,0,0,0,0,0,0,190,3800,0,0,0,0,190,3800,440,8800
0071-openb-node-1022,,G2,96,8,412316860416,20000,11,3688,412316860416,0,0,230,4600,0,0,30,600,0,0,190,3800,0,0,120,2400,570,11400
0072-openb-node-1089,,P100,16,2,128849018880,16280,1,0,128849018880,0,0,1000,16280,0,0,0,0,0,0,0,0,0,0,0,0,1000,16280
0073-openb-node-0792,,G2,96,8,412316860416,20000,1,8000,412316860416,0,0,0,0,0,0,0,0,0,0,0,0,0,0,0,0,0,0
0074-openb-node-0089,,G2,96,8,412316860416,20000,11,11376,412316860416,0,0,0,0,0,0,0,0,190,3800,80,1600,210,4200,0,0,480,9600
0075-openb-node-0913,,G2,96,8,412316860416,20000,8,126,412316860416,0,0,0,0,0,0,190,3800,1000,20000,350,7000,190,3800,450,9000,2180,43600
0076-openb-node-0366,,G2,96,8,412316860416,20000,10,15684,412316860416,0,0,0,0,0,0,0,0,0,0,190,3800,210,4200,190,3800,590,11800
0077-openb-node-0145,,P100,16,2,128849018880,16280,2,1548,128849018880,0,0,190,3093,0,0,0,0,0,0,0,0,0,0,0,0,190,3093
0078-openb-node-0788,,T4,104,2,549755813888,15109,4,17300,549755813888,0,0,0,0,0,0,0,0,0,0,0,0,0,0,0,0,0,0
0079-openb-node-0443,,G2,96,8,412316860416,20000,10,444,412316860416,0,0,0,0,0,0,380,7600,190,3800,0,0,0,0,530,10600,1100,22000
0080-openb-node-0178,,G2,96,8,412316860416,20000,9,832,412316860416,0,0,0,0,620,12400,0,0,0,0,0,0,0,0,0,0,620,12400
0081-openb-node-0444,,V100M32,96,8,824633720832,32510,8,840,824633720832,0,0,0,0,0,0,370,12028,0,0,0,0,0,0,190,6176,560,18204
0082-openb-node-1127,,T4,104,2,549755813888,15109,4,49100,549755813888,0,0,0,0,0,0,0,0,0,0,0,0,0,0,0,0,0,0
0083-openb-node-0527,,T4,104,2,549755813888,15109,4,56800,549755813888,0,0,0,0,0,0,0,0,0,0,0,0,0,0,0,0,0,0
0084-openb-node-0704,,T4,104,2,549755813888,15109,6,52196,549755813888,30,453,190,2870,0,0,0,0,0,0,0,0,0,0,0,0,220,3323
0085-openb-node-0136,,T4,104,2,549755813888,15109,4,58748,549755813888,0,0,190,2870,0,0,0,0,0,0,0,0,0,0,0,0,190,2870
0086-openb-node-0824,,V100M16,32,4,137438953472,16160,4,2488,137438953472,530,8564,0,0,0,0,0,0,0,0,0,0,0,0,0,0,530,8564
0087-openb-node-0529,,T4,104,2,549755813888,15109,5,28792,549755813888,0,0,0,0,0,0,0,0,0,0,0,0,0,0,0,0,0,0
0088-openb-node-0987,,T4,104,2,549755813888,15109,6,12492,549755813888,0,0,50,755,0,0,0,0,0,0,0,0,0,0,0,0,50,755
0089-openb-node-0075,,G2,96,8,412316860416,20000,10,880,412316860416,0,0,0,0,0,0,0,0,410,8200,530,10600,210,4200,60,1200,1210,24200
0090-openb-node-0721,,T4,104,2,549755813888,15109,5,12700,549755813888,0,0,0,0,0,0,0,0,0,0,0,0,0,0,0,0,0,0
0091-openb-node-0311,,G2,96,8,412316860416,20000,2,19300,412316860416,0,0,0,0,0,0,0,0,0,0,0,0,0,0,0,0,0,0
0092-openb-node-0121,,T4,104,2,549755813888,15109,5,25140,549755813888,0,0,190,2870,0,0,0,0,0,0,0,0,0,0,0,0,190,2870
0093-openb-node-0813,,G2,96,8,412316860416,20000,8,748,412316860416,0,0,0,0,0,0,0,0,540,10800,0,0,840,16800,1000,20000,2380,47600
0094-openb-node-0285,,G2,96,8,412316860416,20000,6,2592,412316860416,0,0,0,0,0,0,0,0,0,0,0,0,530,10600,0,0,530,10600
0095-openb-node-0331,,G2,96,8,412316860416,20000,11,3778,412316860416,0,0,0,0,0,0,0,0,300,6000,350,7000,70,1400,190,3800,910,18200
0096-openb-node-0506,,G2,96,8,412316860416,20000,9,5230,412316860416,0,0,0,0,0,0,0,0,770,15400,0,0,530,10600,0,0,1300,26000
0097-openb-node-0917,,G2,96,8,412316860416,20000,2,0,412316860416,0,0,0,0,0,0,0,0,0,0,0,0,0,0,0,0,0,0
0098-openb-node-0309,,G3,128,8,824633720832,30000,13,380,824633720832,0,0,0,0,60,1800,0,0,0,0,310,9300,30,900,350,10500,750,22500
0099-openb-node-0081,,G2,96,8,412316860416,20000,9,4588,412316860416,0,0,0,0,0,0,0,0,320,6400,190,3800,0,0,190,3800,700,14000
0100-openb-node-0980,,G2,96,8,412316860416,20000,9,2940,412316860416,0,0,0,0,0,0,70,1400,530,10600,190,3800,0,0,0,0,790,15800
0101-openb-node-0284,,P100,16,2,128849018880,16280,1,600,128849018880,1000,16280,1000,16280,0,0,0,0,0,0,0,0,0,0,0,0,2000,32560
0102-openb-node-1085,,G2,96,8,412316860416,20000,8,2648,412316860416,0,0,0,0,0,0,0,0,0,0,210,4200,1000,20000,1000,20000,2210,44200
0103-openb-node-0322,,G2,96,8,412316860416,20000,9,96,412316860416,0,0,0,0,0,0,0,0,0,0,0,0,0,0,90,1800,90,1800
0104-openb-node-1077,,G2,96,8,412316860416,20000,9,1132,412316860416,0,0,0,0,0,0,220,4400,530,10600,530,10600,190,3800,1000,20000,2470,49400
0105-openb-node-0327,,G2,96,8,412316860416,20000,9,940,412316860416,0,0,0,0,0,0,0,0,0,0,0,0,0,0,130,2600,130,2600
0106-openb-node-0381,,P100,16,2,128849018880,16280,2,848,128849018880,190,3093,0,0,0,0,0,0,0,0,0,0,0,0,0,0,190,3093
0107-openb-node-0680,,T4,104,2,549755813888,15109,4,76940,549755813888,120,1813,190,2870,0,0,0,0,0,0,0,0,0,0,0,0,310,4683
0108-openb-node-0603,,T4,104,2,549755813888,15109,5,40692,549755813888,0,0,140,2115,0,0,0,0,0,0,0,0,0,0,0,0,140,2115
0109-openb-node-0404,,T4,104,2,549755813888,15109,5,60440,549755813888,0,0,70,1057,0,0,0,0,0,0,0,0,0,0,0,0,70,1057
0110-openb-node-1031,,G2,96,8,412316860416,20000,7,1532,412316860416,0,0,0,0,0,0,1000,20000,190,3800,1000,20000,1000,20000,530,10600,3720,74400
0111-openb-node-0190,,G2,96,8,412316860416,20000,9,344,412316860416,0,0,0,0,0,0,450,9000,0,0,0,0,1000,20000,190,3800,1640,32800
0112-openb-node-0967,,P100,16,2,128849018880,16280,2,940,128849018880,190,3093,350,5698,0,0,0,0,0,0,0,0,0,0,0,0,540,8791
0113-openb-node-0558,,T4,96,4,412316860416,15109,8,7900,412316860416,0,0,0,0,0,0,50,755,0,0,0,0,0,0,0,0,50,755
0114-openb-node-1067,,G2,96,8,412316860416,20000,11,3776,412316860416,0,0,0,0,60,1200,190,3800,190,3800,0,0,450,9000,190,3800,1080,21600
0115-openb-node-0544,,G2,96,8,412316860416,20000,9,2424,412316860416,0,0,0,0,0,0,0,0,190,3800,190,3800,0,0,190,3800,570,11400
0116-openb-node-1040,,G2,96,8,412316860416,20000,11,7036,412316860416,0,0,0,0,0,0,0,0,350,7000,0,0,300,6000,180,3600,830,16600
0117-openb-node-0591,,T4,104,2,549755813888,15109,5,57848,549755813888,0,0,30,453,0,0,0,0,0,0,0,0,0,0,0,0,30,453
0118-openb-node-0655,,V100M16,32,4,137438953472,16160,3,1400,137438953472,0,0,0,0,0,0,1000,16160,0,0,0,0,0,0,0,0,1000,16160
0119-openb-node-0408,,P100,16,2,128849018880,16280,2,0,128849018880,530,8628,530,8628,0,0,0,0,0,0,0,0,0,0,0,0,1060,17256
0120-openb-node-1181,,T4,104,2,549755813888,15109,4,49092,549755813888,0,0,0,0,0,0,0,0,0,0,0,0,0,0,0,0,0,0
0121-openb-node-0062,,P100,16,2,128849018880,16280,2,1548,128849018880,190,3093,0,0,0,0,0,0,0,0,0,0,0,0,0,0,190,3093
0122-openb-node-0875,,T4,104,2,549755813888,15109,5,10538,549755813888,0,0,190,2870,0,0,0,0,0,0,0,0,0,0,0,0,190,2870
0123-openb-node-1207,,T4,104,2,549755813888,15109,6,25684,549755813888,70,1057,30,453,0,0,0,0,0,0,0,0,0,0,0,0,100,1510
0124-openb-node-0955,,G2,96,8,412316860416,20000,9,3148,412316860416,0,0,0,0,0,0,0,0,0,0,0,0,450,9000,1000,20000,1450,29000
0125-openb-node-0758,,T4,104,2,549755813888,15109,3,64900,549755813888,0,0,0,0,0,0,0,0,0,0,0,0,0,0,0,0,0,0
0126-openb-node-0934,,V100M32,96,8,824633720832,32510,11,378,824633720832,0,0,0,0,90,2925,0,0,0,0,60,1950,0,0,220,7152,370,12027
0127-openb-node-0213,,T4,104,2,549755813888,15109,3,48700,549755813888,0,0,0,0,0,0,0,0,0,0,0,0,0,0,0,0,0,0
0128-openb-node-0847,,G2,96,8,412316860416,20000,9,2748,412316860416,0,0,0,0,0,0,0,0,1000,20000,1000,20000,540,10800,190,3800,2730,54600
0129-openb-node-0434,,G2,96,8,412316860416,20000,6,2488,412316860416,0,0,190,3800,1000,20000,190,3800,1000,20000,1000,20000,350,7000,1000,20000,4730,94600
0130-openb-node-0624,,G2,96,8,412316860416,20000,12,22684,412316860416,0,0,0,0,100,2000,190,3800,130,2600,0,0,190,3800,190,3800,800,16000
0131-openb-node-1201,,T4,104,2,549755813888,15109,4,84000,549755813888,0,0,50,755,0,0,0,0,0,0,0,0,0,0,0,0,50,755
0132-openb-node-0993,,G2,96,8,412316860416,20000,7,18930,412316860416,0,0,0,0,0,0,0,0,0,0,0,0,0,0,0,0,0,0
0133-openb-node-0562,,P100,16,2,128849018880,16280,2,940,128849018880,190,3093,350,5698,0,0,0,0,0,0,0,0,0,0,0,0,540,8791
0134-openb-node-0377,,T4,104,2,549755813888,15109,4,69540,549755813888,190,2870,30,453,0,0,0,0,0,0,0,0,0,0,0,0,220,3323
0135-openb-node-0698,,T4,104,2,549755813888,15109,3,81148,549755813888,30,453,0,0,0,0,0,0,0,0,0,0,0,0,0,0,30,453
0136-openb-node-0024,,V100M32,96,8,824633720832,32510,6,11240,824633720832,0,0,0,0,0,0,0,0,0,0,0,0,0,0,0,0,0,0
0137-openb-node-0292,,P100,8,1,64424509440,16280,2,848,64424509440,180,2930,0,0,0,0,0,0,0,0,0,0,0,0,0,0,180,2930
0138-openb-node-0238,,T4,104,2,549755813888,15109,6,36848,549755813888,30,453,210,3172,0,0,0,0,0,0,0,0,0,0,0,0,240,3625
0139-openb-node-0146,,P100,16,2,128849018880,16280,3,5696,128849018880,0,0,80,1302,0,0,0,0,0,0,0,0,0,0,0,0,80,1302
0140-openb-node-0836,,P100,16,2,128849018880,16280,4,1696,128849018880,0,0,30,488,0,0,0,0,0,0,0,0,0,0,0,0,30,488
0141-openb-node-1024,,G2,96,8,412316860416,20000,8,12430,412316860416,0,0,0,0,0,0,0,0,0,0,0,0,0,0,0,0,0,0
0142-openb-node-0030,,G2,96,8,412316860416,20000,7,2100,412316860416,0,0,0,0,0,0,530,10600,530,10600,1000,20000,680,13600,1000,20000,3740,74800
0143-openb-node-1206,,G2,96,8,412316860416,20000,10,14392,412316860416,0,0,0,0,0,0,0,0,190,3800,0,0,40,800,190,3800,420,8400
0144-openb-node-0822,,G2,96,8,412316860416,20000,11,1848,412316860416,0,0,0,0,40,800,0,0,190,3800,0,0,0,0,0,0,230,4600
0145-openb-node-0653,,G3,128,8,824633720832,30000,11,42280,824633720832,0,0,0,0,0,0,0,0,130,3900,210,6300,30,900,190,5700,560,16800
0146-openb-node-0579,,V100M16,64,8,274877906944,16160,7,2488,274877906944,0,0,0,0,350,5656,0,0,0,0,190,3070,190,3070,1000,16160,1730,27956
0147-openb-node-0077,,G2,96,8,412316860416,20000,9,13284,412316860416,0,0,0,0,0,0,190,3800,0,0,0,0,0,0,190,3800,380,7600
0148-openb-node-0643,,T4,104,2,549755813888,15109,6,1448,549755813888,0,0,0,0,0,0,0,0,0,0,0,0,0,0,0,0,0,0
0149-openb-node-1157,,T4,104,2,549755813888,15109,8,19848,549755813888,50,755,30,453,0,0,0,0,0,0,0,0,0,0,0,0,80,1208
0150-openb-node-1145,,P100,16,2,128849018880,16280,2,1548,128849018880,0,0,190,3093,0,0,0,0,0,0,0,0,0,0,0,0,190,3093
0151-openb-node-0109,,G2,96,8,412316860416,20000,10,2728,412316860416,0,0,0,0,0,0,530,10600,0,0,530,10600,30,600,190,3800,1280,25600
0152-openb-node-0347,,V100M32,96,8,824633720832,32510,9,7688,824633720832,0,0,0,0,190,6176,0,0,30,975,0,0,0,0,0,0,220,7151
0153-openb-node-0965,,G2,96,8,412316860416,20000,10,2780,412316860416,0,0,0,0,0,0,0,0,530,10600,0,0,160,3200,0,0,690,13800
0154-openb-node-0042,,G2,96,8,412316860416,20000,7,1788,412316860416,0,0,530,10600,190,3800,530,10600,1000,20000,1000,20000,680,13600,1000,20000,4930,98600
0155-openb-node-0122,,T4,104,2,549755813888,15109,5,29392,549755813888,30,453,0,0,0,0,0,0,0,0,0,0,0,0,0,0,30,453
0156-openb-node-1173,,T4,104,2,549755813888,15109,7,8540,549755813888,190,2870,60,906,0,0,0,0,0,0,0,0,0,0,0,0,250,3776
0157-openb-node-0195,,G2,96,8,412316860416,20000,10,5388,412316860416,0,0,0,0,0,0,0,0,130,2600,0,0,210,4200,190,3800,530,10600
0158-openb-node-0944,,T4,104,2,549755813888,15109,3,56940,549755813888,0,0,0,0,0,0,0,0,0,0,0,0,0,0,0,0,0,0
0159-openb-node-0263,,P100,16,2,128849018880,16280,3,848,128849018880,190,3093,310,5046,0,0,0,0,0,0,0,0,0,0,0,0,500,8139
0160-openb-node-0072,,P100,16,2,128849018880,16280,2,940,128849018880,530,8628,190,3093,0,0,0,0,0,0,0,0,0,0,0,0,720,11721
0161-openb-node-0212,,T4,104,2,549755813888,15109,4,64140,549755813888,0,0,80,1208,0,0,0,0,0,0,0,0,0,0,0,0,80,1208
0162-openb-node-1131,,G3,128,8,824633720832,30000,11,39436,824633720832,0,0,0,0,210,6300,190,5700,60,1800,190,5700,0,0,0,0,650,19500
0163-openb-node-1178,,T4,104,2,549755813888,15109,5,56848,549755813888,40,604,0,0,0,0,0,0,0,0,0,0,0,0,0,0,40,604
0164-openb-node-0287,,G2,96,8,412316860416,20000,11,11378,412316860416,0,0,190,3800,0,0,0,0,0,0,190,3800,70,1400,30,600,480,9600
0165-openb-node-0175,,G2,96,8,412316860416,20000,9,10372,412316860416,530,10600,0,0,0,0,680,13600,0,0,0,0,0,0,530,10600,1740,34800
0166-openb-node-0959,,G2,96,8,412316860416,20000,9,640,412316860416,0,0,0,0,680,13600,0,0,680,13600,540,10800,0,0,1000,20000,2900,58000
0167-openb-node-0432,,G2,96,8,412316860416,20000,8,380,412316860416,0,0,0,0,0,0,190,3800,190,3800,0,0,0,0,1000,20000,1380,27600
0168-openb-node-0534,,T4,104,2,549755813888,15109,5,40940,549755813888,0,0,0,0,0,0,0,0,0,0,0,0,0,0,0,0,0,0
0169-openb-node-0061,,G2,96,8,412316860416,20000,9,392,412316860416,0,0,0,0,0,0,0,0,190,3800,190,3800,190,3800,1000,20000,1570,31400
0170-openb-node-1141,,V100M16,8,1,34359738368,16160,1,4848,34359738368,190,3070,0,0,0,0,0,0,0,0,0,0,0,0,0,0,190,3070
0171-openb-node-0104,,G2,96,8,412316860416,20000,8,2380,412316860416,0,0,0,0,0,0,0,0,0,0,0,0,0,0,190,3800,190,3800
0172-openb-node-0994,,G2,96,8,412316860416,20000,11,5828,412316860416,0,0,190,3800,0,0,0,0,190,3800,0,0,0,0,190,3800,570,11400
0173-openb-node-0866,,P100,16,2,128849018880,16280,3,848,128849018880,190,3093,310,5046,0,0,0,0,0,0,0,0,0,0,0,0,500,8139
0174-openb-node-0935,,G2,96,8,412316860416,20000,8,6988,412316860416,0,0,0,0,0,0,0,0,0,0,0,0,0,0,190,3800,190,3800
0175-openb-node-0850,,G2,96,8,412316860416,20000,8,1896,412316860416,780,15600,0,0,190,3800,540,10800,1000,20000,1000,20000,190,3800,530,10600,4230,84600
0176-openb-node-0416,,T4,104,2,549755813888,15109,3,86848,549755813888,70,1057,190,2870,0,0,0,0,0,0,0,0,0,0,0,0,260,3927
0177-openb-node-0192,,P100,16,2,128849018880,16280,2,940,128849018880,530,8628,0,0,0,0,0,0,0,0,0,0,0,0,0,0,530,8628
0178-openb-node-0161,,P100,16,2,128849018880,16280,2,940,128849018880,190,3093,530,8628,0,0,0,0,0,0,0,0,0,0,0,0,720,11721
0179-openb-node-0971,,G2,96,8,412316860416,20000,9,24492,412316860416,0,0,190,3800,10,200,0,0,0,0,190,3800,0,0,0,0,390,7800
0180-openb-node-0765,,G2,96,8,412316860416,20000,8,19068,412316860416,0,0,0,0,0,0,190,3800,0,0,0,0,190,3800,0,0,380,7600
0181-openb-node-0008,,P100,64,2,274877906944,16280,5,20440,274877906944,30,488,60,976,0,0,0,0,0,0,0,0,0,0,0,0,90,1464
0182-openb-node-0239,,T4,104,2,549755813888,15109,5,38490,549755813888,0,0,0,0,0,0,0,0,0,0,0,0,0,0,0,0,0,0
0183-openb-node-0128,,T4,104,2,549755813888,15109,4,72948,549755813888,30,453,0,0,0,0,0,0,0,0,0,0,0,0,0,0,30,453
0184-openb-node-0952,,T4,104,2,549755813888,15109,4,82848,549755813888,30,453,0,0,0,0,0,0,0,0,0,0,0,0,0,0,30,453
0185-openb-node-0549,,G2,96,8,412316860416,20000,3,6800,412316860416,0,0,0,0,0,0,0,0,0,0,0,0,0,0,0,0,0,0
0186-openb-node-0701,,T4,104,2,549755813888,15109,8,14192,549755813888,0,0,60,906,0,0,0,0,0,0,0,0,0,0,0,0,60,906
0187-openb-node-0752,,T4,104,2,549755813888,15109,4,61696,549755813888,190,2870,90,1359,0,0,0,0,0,0,0,0,0,0,0,0,280,4229
0188-openb-node-0456,,T4,104,2,549755813888,15109,2,76892,549755813888,0,0,0,0,0,0,0,0,0,0,0,0,0,0,0,0,0,0
0189-openb-node-0857,,G2,96,8,412316860416,20000,10,296,412316860416,0,0,0,0,0,0,0,0,530,10600,190,3800,1000,20000,770,15400,2490,49800
0190-openb-node-0103,,T4,96,4,412316860416,15109,6,58488,412316860416,30,453,0,0,0,0,190,2870,0,0,0,0,0,0,0,0,220,3323
0191-openb-node-0428,,G2,96,8,412316860416,20000,9,4588,412316860416,0,0,0,0,0,0,0,0,530,10600,530,10600,190,3800,190,3800,1440,28800
0192-openb-node-1011,,G2,96,8,412316860416,20000,10,1980,412316860416,0,0,300,6000,130,2600,0,0,0,0,0,0,0,0,0,0,430,8600
0193-openb-node-0988,,P100,16,2,128849018880,16280,2,940,128849018880,530,8628,0,0,0,0,0,0,0,0,0,0,0,0,0,0,530,8628
0194-openb-node-0245,,G2,96,8,412316860416,20000,12,436,412316860416,160,3200,0,0,0,0,360,7200,0,0,190,3800,190,3800,540,10800,1440,28800
0195-openb-node-0628,,P100,16,2,128849018880,16280,2,940,128849018880,350,5698,190,3093,0,0,0,0,0,0,0,0,0,0,0,0,540,8791
0196-openb-node-1183,,T4,104,2,549755813888,15109,2,73992,549755813888,0,0,0,0,0,0,0,0,0,0,0,0,0,0,0,0,0,0
0197-openb-node-0708,,G2,96,8,412316860416,20000,11,5388,412316860416,0,0,210,4200,0,0,0,0,0,0,190,3800,60,1200,130,2600,590,11800
0198-openb-node-0395,,T4,104,2,549755813888,15109,3,65696,549755813888,0,0,190,2870,0,0,0,0,0,0,0,0,0,0,0,0,190,2870
0199-openb-node-0782,,G2,96,8,412316860416,20000,8,1896,412316860416,0,0,0,0,0,0,0,0,1000,20000,190,3800,1000,20000,770,15400,2960,59200
0200-openb-node-0330,,G2,96,8,412316860416,20000,11,1162,412316860416,0,0,0,0,0,0,0,0,30,600,180,3600,190,3800,160,3200,560,11200
0201-openb-node-0373,,G2,96,8,412316860416,20000,6,1196,412316860416,0,0,0,0,1000,20000,190,3800,1000,20000,1000,20000,1000,20000,1000,20000,5190,103800
0202-openb-node-0542,,P100,16,2,128849018880,16280,3,1696,128849018880,0,0,410,6674,0,0,0,0,0,0,0,0,0,0,0,0,410,6674
0203-openb-node-0737,,G2,96,8,412316860416,20000,12,1270,412316860416,0,0,180,3600,0,0,120,2400,0,0,0,0,60,1200,0,0,360,7200
0204-openb-node-0724,,T4,104,2,549755813888,15109,6,12348,549755813888,0,0,190,2870,0,0,0,0,0,0,0,0,0,0,0,0,190,2870
0205-openb-node-1204,,G2,96,8,412316860416,20000,9,2388,412316860416,0,0,0,0,0,0,0,0,190,3800,530,10600,0,0,0,0,720,14400
0206-openb-node-0777,,T4,104,2,549755813888,15109,4,16700,549755813888,0,0,0,0,0,0,0,0,0,0,0,0,0,0,0,0,0,0
0207-openb-node-0651,,T4,104,2,549755813888,15109,2,97696,549755813888,0,0,190,2870,0,0,0,0,0,0,0,0,0,0,0,0,190,2870
0208-openb-node-0749,,T4,104,2,549755813888,15109,4,41048,549755813888,190,2870,0,0,0,0,0,0,0,0,0,0,0,0,0,0,190,2870
0209-openb-node-0570,,G2,96,8,412316860416,20000,10,1420,412316860416,0,0,190,3800,0,0,0,0,30,600,410,8200,1000,20000,190,3800,1820,36400
0210-openb-node-1049,,P100,16,2,128849018880,16280,2,1548,128849018880,0,0,190,3093,0,0,0,0,0,0,0,0,0,0,0,0,190,3093
0211-openb-node-0658,,G2,96,8,412316860416,20000,11,3080,412316860416,0,0,0,0,0,0,310,6200,0,0,190,3800,190,3800,60,1200,750,15000
0212-openb-node-0270,,P100,16,2,128849018880,16280,2,1448,128849018880,0,0,410,6674,0,0,0,0,0,0,0,0,0,0,0,0,410,6674
0213-openb-node-1039,,G2,96,8,412316860416,20000,5,1200,412316860416,0,0,0,0,0,0,1000,20000,1000,20000,1000,20000,1000,20000,1000,20000,5000,100000
0214-openb-node-0396,,T4,104,2,549755813888,15109,6,11548,549755813888,0,0,30,453,0,0,0,0,0,0,0,0,0,0,0,0,30,453
0215-openb-node-0852,,V100M32,48,4,395136991232,32510,3,2740,395136991232,0,0,0,0,0,0,190,6176,0,0,0,0,0,0,0,0,190,6176
0216-openb-node-0371,,P100,16,2,128849018880,16280,2,700,128849018880,680,11070,0,0,0,0,0,0,0,0,0,0,0,0,0,0,680,11070
0217-openb-node-0489,,T4,104,2,549755813888,15109,3,76948,549755813888,190,2870,0,0,0,0,0,0,0,0,0,0,0,0,0,0,190,2870
0218-openb-node-1100,,T4,104,2,549755813888,15109,4,78000,549755813888,0,0,50,755,0,0,0,0,0,0,0,0,0,0,0,0,50,755
0219-openb-node-1137,,V100M16,32,4,137438953472,16160,4,196,137438953472,0,0,0,0,0,0,190,3070,0,0,0,0,0,0,0,0,190,3070
0220-openb-node-0273,,G2,96,8,412316860416,20000,10,2780,412316860416,0,0,0,0,530,10600,0,0,0,0,190,3800,60,1200,770,15400,1550,31000
0221-openb-node-0786,,V100M32,48,4,395136991232,32510,4,5648,395136991232,0,0,0,0,0,0,0,0,0,0,0,0,0,0,0,0,0,0
0222-openb-node-0092,,G2,96,8,412316860416,20000,10,480,412316860416,530,10600,0,0,0,0,0,0,0,0,350,7000,1000,20000,190,3800,2070,41400
0223-openb-node-0871,,T4,104,2,549755813888,15109,6,23692,549755813888,120,1813,0,0,0,0,0,0,0,0,0,0,0,0,0,0,120,1813
0224-openb-node-1001,,G2,96,8,412316860416,20000,9,1300,412316860416,0,0,0,0,0,0,0,0,0,0,0,0,530,10600,0,0,530,10600
0225-openb-node-0164,,T4,104,2,549755813888,15109,5,36440,549755813888,0,0,60,906,0,0,0,0,0,0,0,0,0,0,0,0,60,906
0226-openb-node-0806,,G2,96,8,412316860416,20000,11,2628,412316860416,0,0,530,10600,0,0,680,13600,190,3800,60,1200,0,0,190,3800,1650,33000
0227-openb-node-0865,,G2,96,8,412316860416,20000,9,1932,412316860416,0,0,190,3800,0,0,0,0,0,0,680,13600,350,7000,530,10600,1750,35000
0228-openb-node-1086,,G2,96,8,412316860416,20000,12,5736,412316860416,0,0,0,0,0,0,70,1400,190,3800,0,0,0,0,0,0,260,5200
0229-openb-node-0461,,G2,96,8,412316860416,20000,9,1284,412316860416,0,0,0,0,350,7000,0,0,530,10600,200,4000,1000,20000,1000,20000,3080,61600
0230-openb-node-0997,,V100M32,48,4,395136991232,32510,5,2140,395136991232,0,0,0,0,780,25357,190,6176,0,0,0,0,0,0,0,0,970,31533
0231-openb-node-0325,,G2,96,8,412316860416,20000,9,25934,412316860416,0,0,0,0,0,0,190,3800,0,0,0,0,0,0,190,3800,380,7600
0232-openb-node-0216,,G2,96,8,412316860416,20000,11,3336,412316860416,0,0,190,3800,0,0,210,4200,0,0,530,10600,80,1600,350,7000,1360,27200
0233-openb-node-0044,,G2,96,8,412316860416,20000,8,480,412316860416,0,0,0,0,0,0,0,0,0,0,0,0,190,3800,1000,20000,1190,23800
0234-openb-node-0609,,T4,104,2,549755813888,15109,5,40300,549755813888,0,0,0,0,0,0,0,0,0,0,0,0,0,0,0,0,0,0
0235-openb-node-1097,,T4,104,2,549755813888,15109,4,65640,549755813888,0,0,60,906,0,0,0,0,0,0,0,0,0,0,0,0,60,906
0236-openb-node-1128,,T4,104,2,549755813888,15109,6,19948,549755813888,190,2870,0,0,0,0,0,0,0,0,0,0,0,0,0,0,190,2870
0237-openb-node-0230,,V100M16,32,4,137438953472,16160,3,648,137438953472,0,0,190,3070,0,0,1000,16160,0,0,0,0,0,0,0,0,1190,19230
0238-openb-node-1009,,G2,96,8,412316860416,20000,11,14144,412316860416,0,0,190,3800,190,3800,0,0,0,0,0,0,0,0,300,6000,680,13600
0239-openb-node-0337,,G2,96,8,412316860416,20000,9,8388,412316860416,210,4200,0,0,0,0,0,0,190,3800,0,0,0,0,190,3800,590,11800
0240-openb-node-0475,,V100M16,8,1,34359738368,16160,2,848,34359738368,30,484,0,0,0,0,0,0,0,0,0,0,0,0,0,0,30,484
0241-openb-node-0740,,G2,96,8,412316860416,20000,10,6674,412316860416,0,0,0,0,310,6200,0,0,0,0,0,0,190,3800,190,3800,690,13800
0242-openb-node-0592,,T4,104,2,549755813888,15109,3,66000,549755813888,0,0,0,0,0,0,0,0,0,0,0,0,0,0,0,0,0,0
0243-openb-node-0063,,G2,96,8,412316860416,20000,11,5682,412316860416,0,0,0,0,450,9000,180,3600,190,3800,190,3800,0,0,0,0,1010,20200
0244-openb-node-0201,,T4,104,2,549755813888,15109,4,72092,549755813888,0,0,50,755,0,0,0,0,0,0,0,0,0,0,0,0,50,755
0245-openb-node-0198,,G2,96,8,412316860416,20000,10,100,412316860416,0,0,0,0,0,0,0,0,0,0,240,4800,60,1200,680,13600,980,19600
0246-openb-node-0816,,G2,96,8,412316860416,20000,12,20036,412316860416,0,0,0,0,190,3800,0,0,0,0,100,2000,190,3800,210,4200,690,13800
0247-openb-node-0611,,T4,104,2,549755813888,15109,7,29448,549755813888,30,453,70,1057,0,0,0,0,0,0,0,0,0,0,0,0,100,1510
0248-openb-node-0481,,T4,104,2,549755813888,15109,5,4092,549755813888,0,0,60,906,0,0,0,0,0,0,0,0,0,0,0,0,60,906
0249-openb-node-0018,,P100,64,2,274877906944,16280,5,24440,274877906944,30,488,30,488,0,0,0,0,0,0,0,0,0,0,0,0,60,976
0250-openb-node-0510,,G2,96,8,412316860416,20000,10,384,412316860416,0,0,0,0,0,0,0,0,190,3800,540,10800,0,0,190,3800,920,18400
0251-openb-node-0389,,T4,104,2,549755813888,15109,3,85196,549755813888,190,2870,190,2870,0,0,0,0,0,0,0,0,0,0,0,0,380,5740
0252-openb-node-0621,,G2,96,8,412316860416,20000,8,2568,412316860416,0,0,0,0,0,0,530,10600,0,0,0,0,350,7000,530,10600,1410,28200
0253-openb-node-0047,,G2,96,8,412316860416,20000,9,1688,412316860416,0,0,0,0,0,0,0,0,0,0,0,0,190,3800,120,2400,310,6200
0254-openb-node-1054,,P100,16,2,128849018880,16280,3,0,128849018880,0,0,360,5860,0,0,0,0,0,0,0,0,0,0,0,0,360,5860
0255-openb-node-0411,,T4,104,2,549755813888,15109,7,15792,549755813888,0,0,80,1208,0,0,0,0,0,0,0,0,0,0,0,0,80,1208
0256-openb-node-0947,,T4,104,2,549755813888,15109,7,25848,549755813888,70,1057,30,453,0,0,0,0,0,0,0,0,0,0,0,0,100,1510
0257-openb-node-1136,,G2,96,8,412316860416,20000,9,0,412316860416,0,0,0,0,0,0,0,0,0,0,450,9000,0,0,0,0,450,9000
0258-openb-node-0670,,T4,104,2,549755813888,15109,4,76700,549755813888,0,0,70,1057,0,0,0,0,0,0,0,0,0,0,0,0,70,1057
0259-openb-node-0536,,T4,104,2,549755813888,15109,4,60900,549755813888,0,0,0,0,0,0,0,0,0,0,0,0,0,0,0,0,0,0
0260-openb-node-0835,,G3,128,8,824633720832,30000,10,1962,824633720832,0,0,0,0,190,5700,0,0,0,0,0,0,530,15900,350,10500,1070,32100
0261-openb-node-0888,,T4,104,2,549755813888,15109,6,31640,549755813888,0,0,130,1964,0,0,0,0,0,0,0,0,0,0,0,0,130,1964
0262-openb-node-0841,,G2,96,8,412316860416,20000,6,1040,412316860416,190,3800,0,0,0,0,1000,20000,350,7000,1000,20000,1000,20000,530,10600,4070,81400
0263-openb-node-0881,,T4,104,2,549755813888,15109,2,68500,549755813888,0,0,0,0,0,0,0,0,0,0,0,0,0,0,0,0,0,0
0264-openb-node-1064,,P100,16,2,128849018880,16280,2,940,128849018880,190,3093,350,5698,0,0,0,0,0,0,0,0,0,0,0,0,540,8791
0265-openb-node-0064,,G2,96,8,412316860416,20000,9,1996,412316860416,0,0,0,0,770,15400,190,3800,0,0,1000,20000,680,13600,1000,20000,3640,72800
0266-openb-node-1193,,T4,104,2,549755813888,15109,3,84196,549755813888,190,2870,190,2870,0,0,0,0,0,0,0,0,0,0,0,0,380,5740
0267-openb-node-0132,,T4,104,2,549755813888,15109,5,37448,549755813888,0,0,30,453,0,0,0,0,0,0,0,0,0,0,0,0,30,453
0268-openb-node-1202,,G2,96,8,412316860416,20000,8,2388,412316860416,0,0,0,0,0,0,190,3800,190,3800,1000,20000,530,10600,1000,20000,2910,58200
0269-openb-node-0608,,T4,104,2,549755813888,15109,4,68100,549755813888,0,0,210,3172,0,0,0,0,0,0,0,0,0,0,0,0,210,3172
0270-openb-node-0187,,T4,104,2,549755813888,15109,6,12400,549755813888,0,0,0,0,0,0,0,0,0,0,0,0,0,0,0,0,0,0
0271-openb-node-0771,,G2,96,8,412316860416,20000,10,684,412316860416,0,0,0,0,190,3800,190,3800,0,0,190,3800,190,3800,130,2600,890,17800
0272-openb-node-0162,,P100,16,2,128849018880,16280,2,1548,128849018880,190,3093,0,0,0,0,0,0,0,0,0,0,0,0,0,0,190,3093
0273-openb-node-0293,,G2,96,8,412316860416,20000,7,484,412316860416,0,0,0,0,350,7000,0,0,1000,20000,1000,20000,1000,20000,1000,20000,4350,87000
0274-openb-node-1103,,T4,104,2,549755813888,15109,2,89548,549755813888,0,0,190,2870,0,0,0,0,0,0,0,0,0,0,0,0,190,2870
0275-openb-node-0307,,G3,128,8,824633720832,30000,11,9430,824633720832,0,0,0,0,0,0,0,0,0,0,140,4200,0,0,0,0,140,4200
0276-openb-node-0236,,T4,104,2,549755813888,15109,4,69292,549755813888,140,2115,0,0,0,0,0,0,0,0,0,0,0,0,0,0,140,2115
0277-openb-node-0738,,T4,104,2,549755813888,15109,4,69538,549755813888,0,0,130,1964,0,0,0,0,0,0,0,0,0,0,0,0,130,1964
0278-openb-node-0343,,G2,96,8,412316860416,20000,10,3280,412316860416,0,0,0,0,0,0,0,0,0,0,0,0,190,3800,680,13600,870,17400
0279-openb-node-0854,,G2,96,8,412316860416,20000,10,2888,412316860416,0,0,0,0,0,0,0,0,190,3800,770,15400,530,10600,0,0,1490,29800
0280-openb-node-0604,,V100M16,8,1,34359738368,16160,1,0,34359738368,0,0,0,0,0,0,0,0,0,0,0,0,0,0,0,0,0,0
0281-openb-node-0963,,T4,104,2,549755813888,15109,4,72348,549755813888,210,3172,0,0,0,0,0,0,0,0,0,0,0,0,0,0,210,3172
0282-openb-node-1041,,G2,96,8,412316860416,20000,4,10892,412316860416,0,0,0,0,0,0,350,7000,0,0,0,0,0,0,1000,20000,1350,27000
0283-openb-node-0268,,G2,96,8,412316860416,20000,12,3336,412316860416,0,0,70,1400,0,0,190,3800,190,3800,0,0,550,11000,190,3800,1190,23800
0284-openb-node-0783,,G2,96,8,412316860416,20000,2,0,412316860416,0,0,0,0,0,0,0,0,0,0,0,0,0,0,0,0,0,0
0285-openb-node-0417,,T4,104,2,549755813888,15109,7,12292,549755813888,0,0,0,0,0,0,0,0,0,0,0,0,0,0,0,0,0,0
0286-openb-node-0682,,G2,96,8,412316860416,20000,8,3606,412316860416,0,0,0,0,190,3800,0,0,0,0,520,10400,0,0,0,0,710,14200
0287-openb-node-0503,,P100,16,2,128849018880,16280,2,3848,128849018880,530,8628,450,7326,0,0,0,0,0,0,0,0,0,0,0,0,980,15954
0288-openb-node-1200,,T4,104,2,549755813888,15109,4,85696,549755813888,0,0,30,453,0,0,0,0,0,0,0,0,0,0,0,0,30,453
0289-openb-node-0612,,T4,104,2,549755813888,15109,4,53196,549755813888,0,0,0,0,0,0,0,0,0,0,0,0,0,0,0,0,0,0
0290-openb-node-0316,,T4,104,2,549755813888,15109,4,60448,549755813888,0,0,190,2870,0,0,0,0,0,0,0,0,0,0,0,0,190,2870
0291-openb-node-1211,,G2,96,8,412316860416,20000,11,7528,412316860416,0,0,0,0,140,2800,0,0,0,0,0,0,190,3800,190,3800,520,10400
0292-openb-node-0025,,V100M16,32,4,137438953472,16160,4,2048,137438953472,0,0,0,0,0,0,0,0,0,0,0,0,0,0,0,0,0,0
0293-openb-node-0143,,V100M16,8,1,34359738368,16160,1,4848,34359738368,190,3070,0,0,0,0,0,0,0,0,0,0,0,0,0,0,190,3070
0294-openb-node-0026,,G2,96,8,412316860416,20000,10,3744,412316860416,0,0,0,0,0,0,450,9000,0,0,0,0,0,0,190,3800,640,12800
0295-openb-node-0537,,T4,104,2,549755813888,15109,5,61648,549755813888,0,0,30,453,0,0,0,0,0,0,0,0,0,0,0,0,30,453
0296-openb-node-0897,,V100M16,8,1,34359738368,16160,1,4848,34359738368,0,0,0,0,0,0,0,0,0,0,0,0,0,0,0,0,0,0
0297-openb-node-0272,,G2,96,8,412316860416,20000,10,1668,412316860416,0,0,0,0,0,0,530,10600,1000,20000,210,4200,530,10600,300,6000,2570,51400
0298-openb-node-0110,,G2,96,8,412316860416,20000,11,1880,412316860416,0,0,130,2600,210,4200,0,0,0,0,190,3800,680,13600,530,10600,1740,34800
0299-openb-node-0224,,V100M16,32,4,137438953472,16160,3,2700,137438953472,0,0,540,8726,0,0,1000,16160,0,0,0,0,0,0,0,0,1540,24886
0300-openb-node-0576,,G2,96,8,412316860416,20000,9,3488,412316860416,0,0,0,0,0,0,530,10600,0,0,450,9000,0,0,0,0,980,19600
0301-openb-node-1187,,G2,96,8,412316860416,20000,9,2088,412316860416,0,0,0,0,0,0,0,0,190,3800,530,10600,190,3800,680,13600,1590,31800
0302-openb-node-0452,,T4,104,2,549755813888,15109,2,55800,549755813888,0,0,0,0,0,0,0,0,0,0,0,0,0,0,0,0,0,0
0303-openb-node-0523,,T4,104,2,549755813888,15109,6,13500,549755813888,0,0,0,0,0,0,0,0,0,0,0,0,0,0,0,0,0,0
0304-openb-node-1027,,T4,104,2,549755813888,15109,2,71900,549755813888,0,0,0,0,0,0,0,0,0,0,0,0,0,0,0,0,0,0
0305-openb-node-0484,,G2,96,8,412316860416,20000,7,2680,412316860416,0,0,0,0,350,7000,1000,20000,530,10600,190,3800,1000,20000,190,3800,3260,65200
0306-openb-node-0793,,G2,96,8,412316860416,20000,10,1736,412316860416,0,0,70,1400,0,0,0,0,0,0,190,3800,0,0,190,3800,450,9000
0307-openb-node-0379,,P100,16,2,128849018880,16280,3,848,128849018880,190,3093,80,1302,0,0,0,0,0,0,0,0,0,0,0,0,270,4395
0308-openb-node-1150,,T4,104,2,549755813888,15109,6,24200,549755813888,0,0,0,0,0,0,0,0,0,0,0,0,0,0,0,0,0,0
0309-openb-node-0219,,P100,16,2,128849018880,16280,1,600,128849018880,1000,16280,1000,16280,0,0,0,0,0,0,0,0,0,0,0,0,2000,32560
0310-openb-node-0491,,P100,16,2,128849018880,16280,2,700,128849018880,840,13675,0,0,0,0,0,0,0,0,0,0,0,0,0,0,840,13675
0311-openb-node-0842,,T4,104,2,549755813888,15109,5,15500,549755813888,0,0,0,0,0,0,0,0,0,0,0,0,0,0,0,0,0,0
0312-openb-node-0378,,T4,104,2,549755813888,15109,4,65592,549755813888,210,3172,0,0,0,0,0,0,0,0,0,0,0,0,0,0,210,3172
0313-openb-node-1074,,G2,96,8,412316860416,20000,10,488,412316860416,0,0,0,0,0,0,190,3800,0,0,0,0,540,10800,0,0,730,14600
0314-openb-node-0538,,T4,104,2,549755813888,15109,6,43440,549755813888,0,0,80,1208,0,0,0,0,0,0,0,0,0,0,0,0,80,1208
0315-openb-node-0196,,G2,96,8,412316860416,20000,10,784,412316860416,0,0,0,0,190,3800,0,0,530,10600,190,3800,530,10600,190,3800,1630,32600
0316-openb-node-0029,,G2,96,8,412316860416,20000,9,1448,412316860416,0,0,0,0,0,0,680,13600,0,0,780,15600,0,0,1000,20000,2460,49200
0317-openb-node-1082,,T4,104,2,549755813888,15109,6,29492,549755813888,60,906,0,0,0,0,0,0,0,0,0,0,0,0,0,0,60,906
0318-openb-node-0518,,G2,96,8,412316860416,20000,11,8432,412316860416,0,0,190,3800,0,0,0,0,310,6200,60,1200,0,0,0,0,560,11200
0319-openb-node-0501,,G2,96,8,412316860416,20000,11,15476,412316860416,0,0,0,0,0,0,70,1400,0,0,190,3800,70,1400,220,4400,550,11000
0320-openb-node-0725,,T4,104,2,549755813888,15109,7,5392,549755813888,0,0,160,2417,0,0,0,0,0,0,0,0,0,0,0,0,160,2417
0321-openb-node-1121,,T4,104,2,549755813888,15109,3,72200,549755813888,0,0,0,0,0,0,0,0,0,0,0,0,0,0,0,0,0,0
0322-openb-node-0250,,G2,96,8,412316860416,20000,11,2644,412316860416,0,0,0,0,190,3800,0,0,0,0,0,0,210,4200,190,3800,590,11800
0323-openb-node-0677,,G2,96,8,412316860416,20000,9,1680,412316860416,0,0,0,0,0,0,90,1800,1000,20000,770,15400,190,3800,530,10600,2580,51600
0324-openb-node-1134,,G2,96,8,412316860416,20000,9,1200,412316860416,0,0,0,0,0,0,0,0,0,0,0,0,0,0,1000,20000,1000,20000
0325-openb-node-1029,,G2,96,8,412316860416,20000,9,21382,412316860416,0,0,0,0,0,0,0,0,0,0,0,0,190,3800,190,3800,380,7600
0326-openb-node-0581,,G3,128,8,824633720832,30000,11,23736,824633720832,0,0,0,0,0,0,0,0,190,5700,190,5700,0,0,80,2400,460,13800
0327-openb-node-0185,,G2,96,8,412316860416,20000,9,2424,412316860416,0,0,190,3800,60,1200,0,0,350,7000,0,0,0,0,1000,20000,1600,32000
0328-openb-node-0530,,G2,96,8,412316860416,20000,11,2140,412316860416,0,0,0,0,0,0,0,0,0,0,680,13600,150,3000,0,0,830,16600
0329-openb-node-0304,,G2,96,8,412316860416,20000,11,788,412316860416,0,0,0,0,0,0,210,4200,0,0,70,1400,450,9000,190,3800,920,18400
0330-openb-node-0755,,T4,104,2,549755813888,15109,2,81300,549755813888,0,0,0,0,0,0,0,0,0,0,0,0,0,0,0,0,0,0
0331-openb-node-0995,,V100M16,32,4,137438953472,16160,3,1400,137438953472,0,0,0,0,1000,16160,530,8564,0,0,0,0,0,0,0,0,1530,24724
0332-openb-node-0229,,T4,104,2,549755813888,15109,5,31592,549755813888,0,0,30,453,0,0,0,0,0,0,0,0,0,0,0,0,30,453
0333-openb-node-0200,,T4,104,2,549755813888,15109,5,51892,549755813888,0,0,30,453,0,0,0,0,0,0,0,0,0,0,0,0,30,453
0334-openb-node-1208,,T4,104,2,549755813888,15109,5,21890,549755813888,0,0,0,0,0,0,0,0,0,0,0,0,0,0,0,0,0,0
0335-openb-node-0954,,T4,104,2,549755813888,15109,6,24348,549755813888,90,1359,0,0,0,0,0,0,0,0,0,0,0,0,0,0,90,1359
0336-openb-node-0862,,V100M16,8,1,34359738368,16160,1,0,34359738368,0,0,0,0,0,0,0,0,0,0,0,0,0,0,0,0,0,0
0337-openb-node-0539,,T4,104,2,549755813888,15109,3,50140,549755813888,0,0,190,2870,0,0,0,0,0,0,0,0,0,0,0,0,190,2870
0338-openb-node-0360,,G2,96,8,412316860416,20000,10,11040,412316860416,0,0,120,2400,0,0,0,0,190,3800,0,0,0,0,60,1200,370,7400
0339-openb-node-0493,,G2,96,8,412316860416,20000,11,224,412316860416,0,0,0,0,0,0,0,0,410,8200,60,1200,350,7000,190,3800,1010,20200
0340-openb-node-0641,,T4,104,2,549755813888,15109,5,12692,549755813888,130,1964,0,0,0,0,0,0,0,0,0,0,0,0,0,0,130,1964
0341-openb-node-0410,,P100,16,2,128849018880,16280,3,2848,128849018880,30,488,680,11070,0,0,0,0,0,0,0,0,0,0,0,0,710,11558
0342-openb-node-0376,,T4,104,2,549755813888,15109,6,54940,549755813888,30,453,130,1964,0,0,0,0,0,0,0,0,0,0,0,0,160,2417
0343-openb-node-0231,,V100M16,64,8,274877906944,16160,6,890,274877906944,0,0,0,0,0,0,0,0,0,0,0,0,1000,16160,1000,16160,2000,32320
0344-openb-node-0736,,G2,96,8,412316860416,20000,9,1714,412316860416,0,0,0,0,350,7000,0,0,0,0,0,0,60,1200,410,8200,820,16400
0345-openb-node-0908,,G2,96,8,412316860416,20000,12,7420,412316860416,0,0,0,0,30,600,0,0,190,3800,190,3800,30,600,60,1200,500,10000
0346-openb-node-0066,,G2,96,8,412316860416,20000,10,6226,412316860416,0,0,0,0,0,0,0,0,0,0,0,0,0,0,190,3800,190,3800
0347-openb-node-0896,,V100M16,8,1,34359738368,16160,1,4000,34359738368,770,12443,0,0,0,0,0,0,0,0,0,0,0,0,0,0,770,12443
0348-openb-node-1172,,T4,104,2,549755813888,15109,4,76700,549755813888,70,1057,0,0,0,0,0,0,0,0,0,0,0,0,0,0,70,1057
0349-openb-node-0454,,T4,104,2,549755813888,15109,5,68696,549755813888,30,453,0,0,0,0,0,0,0,0,0,0,0,0,0,0,30,453
0350-openb-node-0474,,G2,96,8,412316860416,20000,9,6178,412316860416,0,0,0,0,0,0,0,0,0,0,190,3800,0,0,190,3800,380,7600
0351-openb-node-0127,,T4,104,2,549755813888,15109,5,58948,549755813888,80,1208,0,0,0,0,0,0,0,0,0,0,0,0,0,0,80,1208
0352-openb-node-1048,,G2,96,8,412316860416,20000,8,730,412316860416,0,0,0,0,0,0,0,0,0,0,190,3800,1000,20000,1000,20000,2190,43800
0353-openb-node-0983,,G2,96,8,412316860416,20000,11,736,412316860416,0,0,190,3800,0,0,0,0,0,0,210,4200,0,0,0,0,400,8000
0354-openb-node-0086,,G2,96,8,412316860416,20000,11,20332,412316860416,0,0,130,2600,0,0,0,0,190,3800,190,3800,190,3800,190,3800,890,17800
0355-openb-node-0398,,G2,96,8,412316860416,20000,12,2440,412316860416,0,0,0,0,190,3800,210,4200,190,3800,190,3800,520,10400,190,3800,1490,29800
0356-openb-node-0375,,T4,104,2,549755813888,15109,2,88848,549755813888,0,0,190,2870,0,0,0,0,0,0,0,0,0,0,0,0,190,2870
0357-openb-node-0458,,T4,104,2,549755813888,15109,6,29848,549755813888,0,0,70,1057,0,0,0,0,0,0,0,0,0,0,0,0,70,1057
0358-openb-node-1101,,T4,104,2,549755813888,15109,5,45900,549755813888,0,0,0,0,0,0,0,0,0,0,0,0,0,0,0,0,0,0
0359-openb-node-0301,,G2,96,8,412316860416,20000,10,736,412316860416,0,0,0,0,450,9000,0,0,60,1200,0,0,0,0,190,3800,700,14000
0360-openb-node-0797,,G2,96,8,412316860416,20000,9,4210,412316860416,0,0,0,0,0,0,0,0,0,0,60,1200,0,0,190,3800,250,5000
0361-openb-node-1013,,V100M16,32,4,137438953472,16160,5,1886,137438953472,0,0,630,10180,450,7272,210,3393,0,0,0,0,0,0,0,0,1290,20845
0362-openb-node-0171,,G2,96,8,412316860416,20000,9,714,412316860416,0,0,0,0,0,0,0,0,680,13600,30,600,0,0,450,9000,1160,23200
0363-openb-node-0684,,G2,96,8,412316860416,20000,12,6580,412316860416,0,0,0,0,50,1000,0,0,0,0,70,1400,190,3800,0,0,310,6200
0364-openb-node-0186,,G2,96,8,412316860416,20000,9,1028,412316860416,0,0,0,0,0,0,190,3800,1000,20000,190,3800,350,7000,190,3800,1920,38400
0365-openb-node-0159,,G2,96,8,412316860416,20000,7,2872,412316860416,0,0,0,0,0,0,0,0,530,10600,0,0,1000,20000,1000,20000,2530,50600
0366-openb-node-0392,,T4,104,2,549755813888,15109,3,64200,549755813888,0,0,0,0,0,0,0,0,0,0,0,0,0,0,0,0,0,0
0367-openb-node-0831,,G2,96,8,412316860416,20000,11,6780,412316860416,0,0,0,0,0,0,50,1000,0,0,130,2600,30,600,0,0,210,4200
0368-openb-node-0546,,G2,96,8,412316860416,20000,9,21568,412316860416,190,3800,0,0,0,0,0,0,60,1200,0,0,190,3800,0,0,440,8800
0369-openb-node-0269,,G2,96,8,412316860416,20000,6,14000,412316860416,0,0,60,1200,0,0,0,0,0,0,0,0,0,0,0,0,60,1200
0370-openb-node-0878,,T4,104,2,549755813888,15109,3,81196,549755813888,0,0,190,2870,0,0,0,0,0,0,0,0,0,0,0,0,190,2870
0371-openb-node-0403,,T4,104,2,549755813888,15109,5,1300,549755813888,0,0,0,0,0,0,0,0,0,0,0,0,0,0,0,0,0,0
0372-openb-node-0554,,P100,16,2,128849018880,16280,3,696,128849018880,190,3093,160,2604,0,0,0,0,0,0,0,0,0,0,0,0,350,5697
0373-openb-node-0023,,V100M32,96,8,824633720832,32510,8,3724,824633720832,0,0,0,0,0,0,0,0,0,0,0,0,350,11378,0,0,350,11378
0374-openb-node-0809,,G2,96,8,412316860416,20000,10,3444,412316860416,0,0,0,0,190,3800,0,0,0,0,0,0,190,3800,0,0,380,7600
0375-openb-node-0328,,G2,96,8,412316860416,20000,9,870,412316860416,0,0,0,0,0,0,0,0,0,0,680,13600,190,3800,190,3800,1060,21200
0376-openb-node-0776,,T4,104,2,549755813888,15109,5,49148,549755813888,0,0,190,2870,0,0,0,0,0,0,0,0,0,0,0,0,190,2870
0377-openb-node-1210,,T4,104,2,549755813888,15109,3,57448,549755813888,0,0,0,0,0,0,0,0,0,0,0,0,0,0,0,0,0,0
0378-openb-node-1042,,G2,96,8,412316860416,20000,10,480,412316860416,0,0,0,0,0,0,0,0,30,600,220,4400,0,0,190,3800,440,8800
0379-openb-node-1159,,T4,104,2,549755813888,15109,8,540,549755813888,90,1359,30,453,0,0,0,0,0,0,0,0,0,0,0,0,120,1812
0380-openb-node-0916,,G2,96,8,412316860416,20000,9,14,412316860416,0,0,0,0,60,1200,0,0,0,0,1000,20000,1000,20000,530,10600,2590,51800
0381-openb-node-0439,,P100,16,2,128849018880,16280,2,700,128849018880,0,0,680,11070,0,0,0,0,0,0,0,0,0,0,0,0,680,11070
0382-openb-node-1144,,P100,16,2,128849018880,16280,2,92,128849018880,1000,16280,300,4884,0,0,0,0,0,0,0,0,0,0,0,0,1300,21164
0383-openb-node-0932,,P100,16,2,128849018880,16280,1,0,128849018880,0,0,1000,16280,0,0,0,0,0,0,0,0,0,0,0,0,1000,16280
0384-openb-node-0807,,G2,96,8,412316860416,20000,7,580,412316860416,0,0,0,0,0,0,0,0,0,0,1000,20000,1000,20000,1000,20000,3000,60000
0385-openb-node-0661,,G2,96,8,412316860416,20000,9,1596,412316860416,220,4400,0,0,0,0,0,0,0,0,0,0,190,3800,1000,20000,1410,28200
0386-openb-node-0895,,G2,96,8,412316860416,20000,10,1338,412316860416,0,0,0,0,0,0,0,0,190,3800,0,0,1000,20000,300,6000,1490,29800
0387-openb-node-0497,,G2,96,8,412316860416,20000,8,182,412316860416,0,0,0,0,0,0,0,0,0,0,0,0,0,0,0,0,0,0
0388-openb-node-0911,,G2,96,8,412316860416,20000,6,14496,412316860416,0,0,0,0,0,0,190,3800,0,0,0,0,0,0,0,0,190,3800
0389-openb-node-0267,,G2,96,8,412316860416,20000,12,7328,412316860416,0,0,0,0,200,4000,60,1200,180,3600,190,3800,210,4200,190,3800,1030,20600
0390-openb-node-0914,,P100,16,2,128849018880,16280,2,940,128849018880,350,5698,190,3093,0,0,0,0,0,0,0,0,0,0,0,0,540,8791
0391-openb-node-0620,,G2,96,8,412316860416,20000,9,2478,412316860416,0,0,0,0,680,13600,0,0,0,0,0,0,530,10600,190,3800,1400,28000
0392-openb-node-0017,,P100,64,2,274877906944,16280,5,1032,274877906944,30,488,60,976,0,0,0,0,0,0,0,0,0,0,0,0,90,1464
0393-openb-node-0067,,T4,104,2,549755813888,15109,3,79848,549755813888,0,0,160,2417,0,0,0,0,0,0,0,0,0,0,0,0,160,2417
0394-openb-node-1058,,P100,16,2,128849018880,16280,2,348,128849018880,190,3093,1000,16280,0,0,0,0,0,0,0,0,0,0,0,0,1190,19373
0395-openb-node-0601,,T4,104,2,549755813888,15109,5,10148,549755813888,0,0,190,2870,0,0,0,0,0,0,0,0,0,0,0,0,190,2870
0396-openb-node-0605,,G2,96,8,412316860416,20000,11,680,412316860416,0,0,30,600,0,0,0,0,190,3800,0,0,350,7000,170,3400,740,14800
0397-openb-node-0363,,G2,96,8,412316860416,20000,8,776,412316860416,0,0,0,0,0,0,0,0,0,0,530,10600,0,0,1000,20000,1530,30600
0398-openb-node-1090,,P100,16,2,128849018880,16280,2,1548,128849018880,0,0,190,3093,0,0,0,0,0,0,0,0,0,0,0,0,190,3093
0399-openb-node-0184,,T4,104,2,549755813888,15109,6,33448,549755813888,0,0,190,2870,0,0,0,0,0,0,0,0,0,0,0,0,190,2870
0400-openb-node-1107,,G2,96,8,412316860416,20000,9,1186,412316860416,0,0,0,0,0,0,0,0,190,3800,0,0,1000,20000,30,600,1220,24400
0401-openb-node-1111,,P100,16,2,128849018880,16280,2,940,128849018880,530,8628,0,0,0,0,0,0,0,0,0,0,0,0,0,0,530,8628
0402-openb-node-0746,,G2,96,8,412316860416,20000,9,392,412316860416,0,0,0,0,0,0,0,0,0,0,0,0,60,1200,350,7000,410,8200
0403-openb-node-1168,,V100M16,8,1,34359738368,16160,1,4848,34359738368,0,0,0,0,0,0,0,0,0,0,0,0,0,0,0,0,0,0
0404-openb-node-0769,,T4,104,2,549755813888,15109,4,68948,549755813888,0,0,0,0,0,0,0,0,0,0,0,0,0,0,0,0,0,0
0405-openb-node-0547,,G2,96,8,412316860416,20000,8,2722,412316860416,0,0,0,0,0,0,0,0,0,0,0,0,530,10600,190,3800,720,14400
0406-openb-node-0734,,G2,96,8,412316860416,20000,10,2232,412316860416,0,0,0,0,70,1400,0,0,0,0,210,4200,0,0,190,3800,470,9400
0407-openb-node-1188,,G2,96,8,412316860416,20000,10,11028,412316860416,0,0,0,0,0,0,210,4200,0,0,190,3800,40,800,0,0,440,8800
0408-openb-node-0714,,T4,104,2,549755813888,15109,2,88940,549755813888,190,2870,0,0,0,0,0,0,0,0,0,0,0,0,0,0,190,2870
0409-openb-node-0336,,G3,128,8,824633720832,30000,13,31278,824633720832,0,0,0,0,60,1800,0,0,250,7500,0,0,0,0,50,1500,360,10800
0410-openb-node-0713,,V100M16,8,1,34359738368,16160,1,4848,34359738368,0,0,0,0,0,0,0,0,0,0,0,0,0,0,0,0,0,0
0411-openb-node-0781,,T4,104,2,549755813888,15109,3,74148,549755813888,190,2870,0,0,0,0,0,0,0,0,0,0,0,0,0,0,190,2870
0412-openb-node-0635,,T4,104,2,549755813888,15109,5,33592,549755813888,0,0,70,1057,0,0,0,0,0,0,0,0,0,0,0,0,70,1057
0413-openb-node-0033,,G2,96,8,412316860416,20000,9,2634,412316860416,0,0,0,0,530,10600,0,0,0,0,0,0,190,3800,190,3800,910,18200
0414-openb-node-0050,,G3,128,8,824633720832,30000,11,7236,824633720832,0,0,0,0,0,0,190,5700,0,0,60,1800,190,5700,0,0,440,13200
0415-openb-node-0036,,T4,104,2,549755813888,15109,4,41584,549755813888,0,0,0,0,0,0,0,0,0,0,0,0,0,0,0,0,0,0
0416-openb-node-1106,,G2,96,8,412316860416,20000,10,684,412316860416,190,3800,0,0,60,1200,190,3800,0,0,560,11200,0,0,190,3800,1190,23800
0417-openb-node-0468,,G2,96,8,412316860416,20000,11,488,412316860416,0,0,0,0,350,7000,70,1400,530,10600,0,0,190,3800,0,0,1140,22800
0418-openb-node-0800,,T4,104,2,549755813888,15109,5,8348,549755813888,0,0,190,2870,0,0,0,0,0,0,0,0,0,0,0,0,190,2870
0419-openb-node-1007,,G2,96,8,412316860416,20000,8,2848,412316860416,0,0,0,0,0,0,0,0,0,0,190,3800,0,0,1000,20000,1190,23800
0420-openb-node-0634,,T4,104,2,549755813888,15109,4,51900,549755813888,0,0,0,0,0,0,0,0,0,0,0,0,0,0,0,0,0,0
0421-openb-node-0031,,G2,96,8,412316860416,20000,9,3544,412316860416,0,0,190,3800,0,0,0,0,0,0,0,0,190,3800,680,13600,1060,21200
0422-openb-node-0709,,G2,96,8,412316860416,20000,9,2932,412316860416,0,0,0,0,780,15600,0,0,0,0,60,1200,350,7000,0,0,1190,23800
0423-openb-node-0662,,G2,96,8,412316860416,20000,10,7580,412316860416,0,0,0,0,60,1200,0,0,0,0,0,0,190,3800,60,1200,310,6200
0424-openb-node-1019,,T4,104,2,549755813888,15109,5,51792,549755813888,0,0,10,151,0,0,0,0,0,0,0,0,0,0,0,0,10,151
0425-openb-node-1184,,T4,104,2,549755813888,15109,3,72648,549755813888,0,0,30,453,0,0,0,0,0,0,0,0,0,0,0,0,30,453
0426-openb-node-0341,,G2,96,8,412316860416,20000,12,4728,412316860416,0,0,0,0,190,3800,0,0,190,3800,90,1800,30,600,0,0,500,10000
0427-openb-node-0820,,G2,96,8,412316860416,20000,9,8290,412316860416,0,0,0,0,0,0,0,0,0,0,0,0,0,0,60,1200,60,1200
0428-openb-node-0105,,G2,96,8,412316860416,20000,10,1726,412316860416,0,0,0,0,0,0,190,3800,220,4400,0,0,190,3800,0,0,600,12000
0429-openb-node-0472,,G2,96,8,412316860416,20000,9,696,412316860416,0,0,0,0,0,0,0,0,0,0,0,0,0,0,0,0,0,0
0430-openb-node-0409,,P100,16,2,128849018880,16280,2,1548,128849018880,0,0,190,3093,0,0,0,0,0,0,0,0,0,0,0,0,190,3093
0431-openb-node-1192,,T4,104,2,549755813888,15109,7,20692,549755813888,70,1057,0,0,0,0,0,0,0,0,0,0,0,0,0,0,70,1057
0432-openb-node-0521,,G2,96,8,412316860416,20000,8,280,412316860416,0,0,0,0,0,0,190,3800,190,3800,530,10600,1000,20000,530,10600,2440,48800
0433-openb-node-0964,,P100,16,2,128849018880,16280,2,848,128849018880,0,0,190,3093,0,0,0,0,0,0,0,0,0,0,0,0,190,3093
0434-openb-node-0981,,G2,96,8,412316860416,20000,13,34,412316860416,0,0,0,0,550,11000,0,0,220,4400,190,3800,190,3800,70,1400,1220,24400
0435-openb-node-0747,,G2,96,8,412316860416,20000,11,778,412316860416,60,1200,0,0,0,0,0,0,0,0,190,3800,190,3800,300,6000,740,14800
0436-openb-node-0644,,T4,104,2,549755813888,15109,4,70092,549755813888,0,0,10,151,0,0,0,0,0,0,0,0,0,0,0,0,10,151
0437-openb-node-1055,,P100,16,2,128849018880,16280,1,600,128849018880,1000,16280,1000,16280,0,0,0,0,0,0,0,0,0,0,0,0,2000,32560
0438-openb-node-0679,,G3,128,8,824633720832,30000,10,3600,824633720832,0,0,0,0,0,0,0,0,0,0,0,0,0,0,450,13500,450,13500
0439-openb-node-0490,,P100,16,2,128849018880,16280,2,1548,128849018880,190,3093,0,0,0,0,0,0,0,0,0,0,0,0,0,0,190,3093
0440-openb-node-0834,,G2,96,8,412316860416,20000,9,8236,412316860416,190,3800,0,0,0,0,0,0,0,0,0,0,190,3800,60,1200,440,8800
0441-openb-node-0827,,G2,96,8,412316860416,20000,8,2280,412316860416,0,0,0,0,190,3800,0,0,0,0,530,10600,0,0,1000,20000,1720,34400
0442-openb-node-0297,,T4,104,2,549755813888,15109,4,58882,549755813888,0,0,60,906,0,0,0,0,0,0,0,0,0,0,0,0,60,906
0443-openb-node-0577,,G2,96,8,412316860416,20000,11,344,412316860416,0,0,0,0,0,0,0,0,0,0,190,3800,20,400,190,3800,400,8000
0444-openb-node-0795,,G2,96,8,412316860416,20000,13,8392,412316860416,0,0,80,1600,0,0,0,0,260,5200,80,1600,0,0,0,0,420,8400
0445-openb-node-0650,,T4,104,2,549755813888,15109,4,37640,549755813888,0,0,190,2870,0,0,0,0,0,0,0,0,0,0,0,0,190,2870
0446-openb-node-0669,,G2,96,8,412316860416,20000,10,7788,412316860416,0,0,0,0,90,1800,0,0,0,0,60,1200,0,0,190,3800,340,6800
0447-openb-node-1182,,T4,104,2,549755813888,15109,2,89448,549755813888,0,0,190,2870,0,0,0,0,0,0,0,0,0,0,0,0,190,2870
0448-openb-node-0982,,G2,96,8,412316860416,20000,9,3640,412316860416,0,0,0,0,0,0,0,0,60,1200,0,0,190,3800,350,7000,600,12000
0449-openb-node-1076,,P100,16,2,128849018880,16280,3,848,128849018880,0,0,310,5046,0,0,0,0,0,0,0,0,0,0,0,0,310,5046
0450-openb-node-0002,,P100,64,2,274877906944,16280,4,4948,274877906944,0,0,190,3093,0,0,0,0,0,0,0,0,0,0,0,0,190,3093
0451-openb-node-0929,,T4,104,2,549755813888,15109,4,42148,549755813888,0,0,0,0,0,0,0,0,0,0,0,0,0,0,0,0,0,0
0452-openb-node-0943,,T4,104,2,549755813888,15109,4,60848,549755813888,0,0,30,453,0,0,0,0,0,0,0,0,0,0,0,0,30,453
0453-openb-node-0243,,G2,96,8,412316860416,20000,11,12384,412316860416,0,0,0,0,0,0,0,0,0,0,0,0,0,0,30,600,30,600
0454-openb-node-0613,,T4,104,2,549755813888,15109,4,44700,549755813888,0,0,60,906,0,0,0,0,0,0,0,0,0,0,0,0,60,906
0455-openb-node-0891,,V100M16,32,4,137438953472,16160,4,4448,137438953472,0,0,0,0,0,0,0,0,0,0,0,0,0,0,0,0,0,0
0456-openb-node-0495,,G3,128,8,824633720832,30000,11,2082,824633720832,0,0,0,0,190,5700,540,16200,0,0,0,0,0,0,190,5700,920,27600
0457-openb-node-0101,,G2,96,8,412316860416,20000,10,236,412316860416,0,0,0,0,0,0,0,0,50,1000,90,1800,0,0,0,0,140,2800
0458-openb-node-0492,,V100M16,8,1,34359738368,16160,1,0,34359738368,0,0,0,0,0,0,0,0,0,0,0,0,0,0,0,0,0,0
0459-openb-node-0131,,T4,104,2,549755813888,15109,7,12132,549755813888,60,906,30,453,0,0,0,0,0,0,0,0,0,0,0,0,90,1359
0460-openb-node-0686,,G2,96,8,412316860416,20000,9,1822,412316860416,0,0,0,0,0,0,210,4200,0,0,190,3800,0,0,1000,20000,1400,28000
0461-openb-node-0617,,T4,104,2,549755813888,15109,4,68796,549755813888,190,2870,190,2870,0,0,0,0,0,0,0,0,0,0,0,0,380,5740
0462-openb-node-1117,,T4,104,2,549755813888,15109,3,72692,549755813888,30,453,0,0,0,0,0,0,0,0,0,0,0,0,0,0,30,453
0463-openb-node-0448,,G2,96,8,412316860416,20000,9,3996,412316860416,0,0,0,0,0,0,190,3800,0,0,0,0,190,3800,0,0,380,7600
0464-openb-node-0193,,P100,16,2,128849018880,16280,2,1548,128849018880,0,0,190,3093,0,0,0,0,0,0,0,0,0,0,0,0,190,3093
0465-openb-node-0742,,G2,96,8,412316860416,20000,10,2772,412316860416,0,0,530,10600,0,0,190,3800,190,3800,350,7000,680,13600,60,1200,2000,40000
0466-openb-node-0522,,G2,96,8,412316860416,20000,3,8600,412316860416,0,0,0,0,0,0,0,0,0,0,0,0,0,0,0,0,0,0
0467-openb-node-0338,,G2,96,8,412316860416,20000,10,20384,412316860416,0,0,0,0,0,0,190,3800,30,600,0,0,190,3800,190,3800,600,12000
0468-openb-node-0350,,P100,16,2,128849018880,16280,2,92,128849018880,770,12535,530,8628,0,0,0,0,0,0,0,0,0,0,0,0,1300,21163
0469-openb-node-0772,,G2,96,8,412316860416,20000,9,2624,412316860416,0,0,0,0,0,0,190,3800,530,10600,0,0,350,7000,1000,20000,2070,41400
0470-openb-node-0629,,P100,16,2,128849018880,16280,4,696,128849018880,190,3093,90,1465,0,0,0,0,0,0,0,0,0,0,0,0,280,4558
0471-openb-node-0288,,V100M16,64,8,274877906944,16160,4,1848,274877906944,0,0,0,0,0,0,1000,16160,1000,16160,1000,16160,1000,16160,1000,16160,5000,80800
0472-openb-node-0369,,P100,16,2,128849018880,16280,2,940,128849018880,530,8628,190,3093,0,0,0,0,0,0,0,0,0,0,0,0,720,11721
0473-openb-node-0802,,G2,96,8,412316860416,20000,8,4148,412316860416,0,0,0,0,0,0,0,0,0,0,0,0,0,0,0,0,0,0
0474-openb-node-0762,,G2,96,8,412316860416,20000,10,13480,412316860416,0,0,0,0,0,0,0,0,190,3800,0,0,30,600,190,3800,410,8200
0475-openb-node-0091,,G2,96,8,412316860416,20000,9,5772,412316860416,60,1200,0,0,0,0,0,0,0,0,530,10600,0,0,190,3800,780,15600
0476-openb-node-0043,,T4,104,2,549755813888,15109,5,57488,549755813888,0,0,40,604,0,0,0,0,0,0,0,0,0,0,0,0,40,604
0477-openb-node-0173,,G2,96,8,412316860416,20000,9,2682,412316860416,0,0,0,0,0,0,0,0,530,10600,0,0,190,3800,410,8200,1130,22600
0478-openb-node-0463,,G2,96,8,412316860416,20000,1,8000,412316860416,0,0,0,0,0,0,0,0,0,0,0,0,0,0,0,0,0,0
0479-openb-node-0300,,T4,104,2,549755813888,15109,6,15800,549755813888,0,0,0,0,0,0,0,0,0,0,0,0,0,0,0,0,0,0
0480-openb-node-0545,,G2,96,8,412316860416,20000,9,980,412316860416,0,0,0,0,0,0,0,0,0,0,0,0,0,0,770,15400,770,15400
0481-openb-node-0312,,V100M16,32,4,137438953472,16160,2,5400,137438953472,0,0,0,0,1000,16160,1000,16160,0,0,0,0,0,0,0,0,2000,32320
0482-openb-node-0291,,G2,96,8,412316860416,20000,9,18096,412316860416,0,0,190,3800,0,0,190,3800,70,1400,0,0,0,0,0,0,450,9000
0483-openb-node-0665,,G2,96,8,412316860416,20000,9,27044,412316860416,0,0,0,0,0,0,190,3800,0,0,0,0,190,3800,80,1600,460,9200
0484-openb-node-1189,,G2,96,8,412316860416,20000,12,2392,412316860416,0,0,460,9200,0,0,0,0,0,0,190,3800,530,10600,190,3800,1370,27400
0485-openb-node-0261,,G2,96,8,412316860416,20000,8,2380,412316860416,0,0,0,0,410,8200,0,0,1000,20000,190,3800,530,10600,1000,20000,3130,62600
0486-openb-node-0568,,G2,96,8,412316860416,20000,12,3284,412316860416,0,0,0,0,0,0,0,0,80,1600,0,0,90,1800,30,600,200,4000
0487-openb-node-0359,,G2,96,8,412316860416,20000,10,2036,412316860416,0,0,70,1400,190,3800,0,0,530,10600,0,0,0,0,0,0,790,15800
0488-openb-node-1078,,V100M32,96,8,824633720832,32510,8,3384,824633720832,0,0,0,0,0,0,0,0,0,0,0,0,0,0,0,0,0,0
0489-openb-node-1154,,T4,104,2,549755813888,15109,6,12044,549755813888,80,1208,190,2870,0,0,0,0,0,0,0,0,0,0,0,0,270,4078
0490-openb-node-0924,,G2,96,8,412316860416,20000,12,3672,412316860416,0,0,0,0,0,0,100,2000,130,2600,0,0,60,1200,30,600,320,6400
0491-openb-node-0512,,G2,96,8,412316860416,20000,8,12928,412316860416,0,0,0,0,0,0,0,0,0,0,0,0,190,3800,0,0,190,3800
0492-openb-node-0120,,G2,96,8,412316860416,20000,10,5676,412316860416,0,0,0,0,190,3800,0,0,0,0,190,3800,190,3800,190,3800,760,15200
0493-openb-node-0930,,G2,96,8,412316860416,20000,10,2432,412316860416,0,0,0,0,210,4200,0,0,0,0,0,0,0,0,90,1800,300,6000
0494-openb-node-0203,,T4,104,2,549755813888,15109,5,52548,549755813888,0,0,190,2870,0,0,0,0,0,0,0,0,0,0,0,0,190,2870
0495-openb-node-1012,,G2,96,8,412316860416,20000,11,2520,412316860416,0,0,60,1200,0,0,0,0,160,3200,350,7000,0,0,190,3800,760,15200
0496-openb-node-0451,,T4,104,2,549755813888,15109,6,28300,549755813888,0,0,0,0,0,0,0,0,0,0,0,0,0,0,0,0,0,0
0497-openb-node-0283,,P100,16,2,128849018880,16280,3,1696,128849018880,450,7326,170,2767,0,0,0,0,0,0,0,0,0,0,0,0,620,10093
0498-openb-node-0237,,T4,104,2,549755813888,15109,6,20848,549755813888,70,1057,0,0,0,0,0,0,0,0,0,0,0,0,0,0,70,1057
0499-openb-node-0845,,V100M16,64,8,274877906944,16160,7,1680,274877906944,0,0,0,0,190,3070,530,8564,540,8726,0,0,1000,16160,530,8564,2790,45084
0500-openb-node-1124,,T4,104,2,549755813888,15109,3,64696,549755813888,190,2870,190,2870,0,0,0,0,0,0,0,0,0,0,0,0,380,5740
0501-openb-node-0254,,T4,104,2,549755813888,15109,3,68800,549755813888,0,0,0,0,0,0,0,0,0,0,0,0,0,0,0,0,0,0
0502-openb-node-0654,,G2,96,8,412316860416,20000,11,8476,412316860416,0,0,0,0,0,0,0,0,310,6200,190,3800,30,600,190,3800,720,14400
0503-openb-node-0656,,G2,96,8,412316860416,20000,10,178,412316860416,0,0,0,0,0,0,0,0,190,3800,190,3800,1000,20000,210,4200,1590,31800
0504-openb-node-0918,,G2,96,8,412316860416,20000,11,2228,412316860416,0,0,0,0,0,0,160,3200,30,600,190,3800,50,1000,350,7000,780,15600
0505-openb-node-0870,,P100,16,2,128849018880,16280,3,848,128849018880,410,6674,360,5860,0,0,0,0,0,0,0,0,0,0,0,0,770,12534
0506-openb-node-1113,,P100,16,2,128849018880,16280,1,600,128849018880,0,0,1000,16280,0,0,0,0,0,0,0,0,0,0,0,0,1000,16280
0507-openb-node-0473,,G2,96,8,412316860416,20000,10,904,412316860416,0,0,0,0,190,3800,60,1200,190,3800,350,7000,0,0,120,2400,910,18200
0508-openb-node-0412,,T4,104,2,549755813888,15109,5,21400,549755813888,0,0,0,0,0,0,0,0,0,0,0,0,0,0,0,0,0,0
0509-openb-node-0351,,G2,96,8,412316860416,20000,12,896,412316860416,80,1600,0,0,0,0,0,0,530,10600,0,0,190,3800,370,7400,1170,23400
0510-openb-node-0864,,G2,96,8,412316860416,20000,10,178,412316860416,60,1200,0,0,190,3800,0,0,190,3800,0,0,0,0,0,0,440,8800
0511-openb-node-0564,,P100,16,2,128849018880,16280,3,2848,128849018880,0,0,320,5209,0,0,0,0,0,0,0,0,0,0,0,0,320,5209
0512-openb-node-1198,,T4,104,2,549755813888,15109,5,29384,549755813888,0,0,120,1813,0,0,0,0,0,0,0,0,0,0,0,0,120,1813
0513-openb-node-0553,,P100,16,2,128849018880,16280,4,1848,128849018880,30,488,220,3581,0,0,0,0,0,0,0,0,0,0,0,0,250,4069
0514-openb-node-0205,,T4,104,2,549755813888,15109,2,79400,549755813888,0,0,0,0,0,0,0,0,0,0,0,0,0,0,0,0,0,0
0515-openb-node-0921,,V100M16,32,4,137438953472,16160,4,940,137438953472,0,0,0,0,190,3070,680,10988,0,0,0,0,0,0,0,0,870,14058
0516-openb-node-0119,,P100,16,2,128849018880,16280,2,0,128849018880,0,0,530,8628,0,0,0,0,0,0,0,0,0,0,0,0,530,8628
0517-openb-node-0039,,G2,96,8,412316860416,20000,11,5026,412316860416,0,0,0,0,0,0,190,3800,0,0,0,0,0,0,40,800,230,4600
0518-openb-node-0996,,V100M16,32,4,137438953472,16160,4,1288,137438953472,0,0,350,5656,190,3070,1000,16160,0,0,0,0,0,0,0,0,1540,24886
0519-openb-node-0979,,G2,96,8,412316860416,20000,10,548,412316860416,0,0,0,0,0,0,0,0,0,0,70,1400,190,3800,420,8400,680,13600
0520-openb-node-0808,,G2,96,8,412316860416,20000,12,5420,412316860416,0,0,0,0,130,2600,30,600,60,1200,0,0,190,3800,30,600,440,8800
0521-openb-node-0937,,V100M32,48,4,395136991232,32510,5,14744,395136991232,0,0,0,0,190,6176,190,6176,0,0,0,0,0,0,0,0,380,12352
0522-openb-node-0155,,V100M16,8,1,34359738368,16160,1,0,34359738368,530,8564,0,0,0,0,0,0,0,0,0,0,0,0,0,0,530,8564
0523-openb-node-0126,,T4,104,2,549755813888,15109,7,26348,549755813888,0,0,70,1057,0,0,0,0,0,0,0,0,0,0,0,0,70,1057
0524-openb-node-0607,,T4,104,2,549755813888,15109,3,76792,549755813888,0,0,210,3172,0,0,0,0,0,0,0,0,0,0,0,0,210,3172
0525-openb-node-0218,,P100,16,2,128849018880,16280,2,92,128849018880,350,5698,680,11070,0,0,0,0,0,0,0,0,0,0,0,0,1030,16768
0526-openb-node-0966,,P100,16,2,128849018880,16280,3,848,128849018880,0,0,190,3093,0,0,0,0,0,0,0,0,0,0,0,0,190,3093
0527-openb-node-0569,,G2,96,8,412316860416,20000,11,388,412316860416,0,0,190,3800,0,0,0,0,0,0,190,3800,80,1600,0,0,460,9200
0528-openb-node-0035,,T4,96,4,412316860416,15109,5,18840,412316860416,0,0,0,0,0,0,190,2870,0,0,0,0,0,0,0,0,190,2870
0529-openb-node-0500,,G2,96,8,412316860416,20000,12,4770,412316860416,0,0,190,3800,0,0,0,0,220,4400,120,2400,190,3800,0,0,720,14400
0530-openb-node-1199,,T4,104,2,549755813888,15109,5,29048,549755813888,0,0,190,2870,0,0,0,0,0,0,0,0,0,0,0,0,190,2870
0531-openb-node-0183,,T4,104,2,549755813888,15109,3,64900,549755813888,0,0,0,0,0,0,0,0,0,0,0,0,0,0,0,0,0,0
0532-openb-node-0457,,T4,104,2,549755813888,15109,6,20292,549755813888,60,906,0,0,0,0,0,0,0,0,0,0,0,0,0,0,60,906
0533-openb-node-1186,,G2,96,8,412316860416,20000,8,2382,412316860416,0,0,0,0,0,0,0,0,350,7000,680,13600,0,0,0,0,1030,20600
0534-openb-node-0907,,T4,104,2,549755813888,15109,4,70448,549755813888,0,0,190,2870,0,0,0,0,0,0,0,0,0,0,0,0,190,2870
0535-openb-node-0012,,P100,64,2,274877906944,16280,4,648,274877906944,0,0,80,1302,0,0,0,0,0,0,0,0,0,0,0,0,80,1302
0536-openb-node-0163,,P100,16,2,128849018880,16280,2,940,128849018880,530,8628,190,3093,0,0,0,0,0,0,0,0,0,0,0,0,720,11721
0537-openb-node-0901,,G2,96,8,412316860416,20000,2,19300,412316860416,0,0,0,0,0,0,0,0,0,0,0,0,0,0,0,0,0,0
0538-openb-node-0667,,G2,96,8,412316860416,20000,10,268,412316860416,0,0,180,3600,0,0,530,10600,190,3800,190,3800,0,0,190,3800,1280,25600
0539-openb-node-0339,,V100M32,96,8,824633720832,32510,7,2948,824633720832,0,0,0,0,0,0,0,0,0,0,630,20481,1000,32510,1000,32510,2630,85501
0540-openb-node-0778,,T4,104,2,549755813888,15109,3,53148,549755813888,0,0,190,2870,0,0,0,0,0,0,0,0,0,0,0,0,190,2870
0541-openb-node-1087,,G2,96,8,412316860416,20000,9,2564,412316860416,0,0,0,0,530,10600,530,10600,190,3800,0,0,350,7000,30,600,1630,32600
0542-openb-node-0594,,T4,104,2,549755813888,15109,7,23940,549755813888,0,0,140,2115,0,0,0,0,0,0,0,0,0,0,0,0,140,2115
0543-openb-node-0756,,T4,104,2,549755813888,15109,4,63848,549755813888,190,2870,0,0,0,0,0,0,0,0,0,0,0,0,0,0,190,2870
0544-openb-node-0046,,G2,96,8,412316860416,20000,11,6080,412316860416,0,0,190,3800,0,0,0,0,0,0,350,7000,210,4200,420,8400,1170,23400
0545-openb-node-1010,,G2,96,8,412316860416,20000,5,17496,412316860416,530,10600,0,0,0,0,0,0,0,0,190,3800,770,15400,190,3800,1680,33600
0546-openb-node-0504,,V100M16,32,4,137438953472,16160,3,1848,137438953472,0,0,0,0,190,3070,1000,16160,0,0,0,0,0,0,0,0,1190,19230
0547-openb-node-0271,,V100M16,8,1,34359738368,16160,1,2000,34359738368,890,14382,0,0,0,0,0,0,0,0,0,0,0,0,0,0,890,14382
0548-openb-node-0739,,T4,104,2,549755813888,15109,4,66048,549755813888,0,0,0,0,0,0,0,0,0,0,0,0,0,0,0,0,0,0
0549-openb-node-1079,,P100,16,2,128849018880,16280,3,1696,128849018880,190,3093,190,3093,0,0,0,0,0,0,0,0,0,0,0,0,380,6186
0550-openb-node-0707,,T4,104,2,549755813888,15109,4,44992,549755813888,0,0,0,0,0,0,0,0,0,0,0,0,0,0,0,0,0,0
0551-openb-node-0108,,G2,96,8,412316860416,20000,10,7620,412316860416,0,0,0,0,0,0,0,0,60,1200,190,3800,0,0,190,3800,440,8800
0552-openb-node-0693,,T4,104,2,549755813888,15109,3,72692,549755813888,0,0,60,906,0,0,0,0,0,0,0,0,0,0,0,0,60,906
0553-openb-node-0556,,G2,96,8,412316860416,20000,11,2680,412316860416,0,0,0,0,450,9000,0,0,290,5800,190,3800,300,6000,350,7000,1580,31600
0554-openb-node-1205,,G2,96,8,412316860416,20000,9,1388,412316860416,0,0,0,0,0,0,0,0,0,0,540,10800,190,3800,190,3800,920,18400
0555-openb-node-0652,,T4,104,2,549755813888,15109,4,20700,549755813888,0,0,0,0,0,0,0,0,0,0,0,0,0,0,0,0,0,0
0556-openb-node-0828,,G2,96,8,412316860416,20000,10,288,412316860416,0,0,0,0,0,0,0,0,530,10600,90,1800,0,0,60,1200,680,13600
0557-openb-node-0483,,G2,96,8,412316860416,20000,10,1624,412316860416,0,0,0,0,0,0,0,0,120,2400,530,10600,350,7000,190,3800,1190,23800
0558-openb-node-0839,,G2,96,8,412316860416,20000,12,3568,412316860416,0,0,0,0,0,0,60,1200,30,600,190,3800,0,0,70,1400,350,7000
0559-openb-node-0394,,T4,104,2,549755813888,15109,4,45032,549755813888,60,906,190,2870,0,0,0,0,0,0,0,0,0,0,0,0,250,3776
0560-openb-node-0102,,G2,96,8,412316860416,20000,2,19300,412316860416,0,0,0,0,0,0,0,0,0,0,0,0,0,0,0,0,0,0
0561-openb-node-0289,,P100,16,2,128849018880,16280,2,848,128849018880,0,0,190,3093,0,0,0,0,0,0,0,0,0,0,0,0,190,3093
0562-openb-node-0815,,G2,96,8,412316860416,20000,11,8136,412316860416,0,0,0,0,0,0,0,0,190,3800,190,3800,130,2600,30,600,540,10800
0563-openb-node-0962,,G2,96,8,412316860416,20000,9,5520,412316860416,0,0,0,0,190,3800,0,0,0,0,300,6000,190,3800,190,3800,870,17400
0564-openb-node-0610,,T4,96,4,412316860416,15109,8,11048,412316860416,0,0,0,0,80,1208,190,2870,0,0,0,0,0,0,0,0,270,4078
0565-openb-node-0093,,G2,96,8,412316860416,20000,7,1488,412316860416,0,0,0,0,0,0,0,0,0,0,1000,20000,1000,20000,190,3800,2190,43800
0566-openb-node-1163,,T4,104,2,549755813888,15109,6,92,549755813888,0,0,0,0,0,0,0,0,0,0,0,0,0,0,0,0,0,0
0567-openb-node-0811,,G2,96,8,412316860416,20000,10,1772,412316860416,540,10800,0,0,210,4200,0,0,190,3800,0,0,0,0,0,0,940,18800
0568-openb-node-1020,,T4,104,2,549755813888,15109,4,72440,549755813888,190,2870,30,453,0,0,0,0,0,0,0,0,0,0,0,0,220,3323
0569-openb-node-0696,,T4,104,2,549755813888,15109,4,48700,549755813888,0,0,0,0,0,0,0,0,0,0,0,0,0,0,0,0,0,0
0570-openb-node-1006,,G2,96,8,412316860416,20000,10,18534,412316860416,0,0,0,0,80,1600,0,0,0,0,130,2600,0,0,190,3800,400,8000
0571-openb-node-0383,,G2,96,8,412316860416,20000,1,8000,412316860416,0,0,0,0,0,0,0,0,0,0,0,0,0,0,0,0,0,0
0572-openb-node-0636,,T4,104,2,549755813888,15109,4,77196,549755813888,0,0,190,2870,0,0,0,0,0,0,0,0,0,0,0,0,190,2870
0573-openb-node-0049,,G3,128,8,824633720832,30000,13,876,824633720832,0,0,0,0,0,0,0,0,60,1800,350,10500,30,900,190,5700,630,18900
0574-openb-node-0160,,G2,96,8,412316860416,20000,7,900,412316860416,0,0,0,0,0,0,680,13600,1000,20000,530,10600,1000,20000,1000,20000,4210,84200
0575-openb-node-0361,,G2,96,8,412316860416,20000,10,2580,412316860416,0,0,0,0,190,3800,0,0,190,3800,350,7000,350,7000,210,4200,1290,25800
0576-openb-node-1084,,G2,96,8,412316860416,20000,11,4588,412316860416,0,0,0,0,0,0,50,1000,0,0,0,0,80,1600,0,0,130,2600
0577-openb-node-0344,,G2,96,8,412316860416,20000,12,686,412316860416,0,0,0,0,30,600,0,0,0,0,450,9000,210,4200,0,0,690,13800
0578-openb-node-0968,,P100,16,2,128849018880,16280,3,548,128849018880,0,0,90,1465,0,0,0,0,0,0,0,0,0,0,0,0,90,1465
0579-openb-node-1158,,T4,104,2,549755813888,15109,3,88848,549755813888,90,1359,0,0,0,0,0,0,0,0,0,0,0,0,0,0,90,1359
0580-openb-node-0028,,G2,96,8,412316860416,20000,7,12240,412316860416,0,0,0,0,0,0,0,0,0,0,0,0,1000,20000,190,3800,1190,23800
0581-openb-node-0355,,G2,96,8,412316860416,20000,11,5972,412316860416,0,0,0,0,190,3800,20,400,0,0,70,1400,190,3800,210,4200,680,13600
0582-openb-node-0949,,T4,104,2,549755813888,15109,4,56300,549755813888,0,0,0,0,0,0,0,0,0,0,0,0,0,0,0,0,0,0
0583-openb-node-0703,,T4,104,2,549755813888,15109,3,51300,549755813888,0,0,0,0,0,0,0,0,0,0,0,0,0,0,0,0,0,0
0584-openb-node-0784,,G2,96,8,412316860416,20000,9,10688,412316860416,0,0,0,0,0,0,0,0,0,0,190,3800,0,0,210,4200,400,8000
0585-openb-node-1000,,G2,96,8,412316860416,20000,8,1038,412316860416,0,0,0,0,0,0,0,0,770,15400,0,0,1000,20000,1000,20000,2770,55400
0586-openb-node-0308,,T4,104,2,549755813888,15109,5,44848,549755813888,0,0,60,906,0,0,0,0,0,0,0,0,0,0,0,0,60,906
0587-openb-node-0803,,G2,96,8,412316860416,20000,9,190,412316860416,0,0,0,0,0,0,0,0,0,0,0,0,530,10600,0,0,530,10600
0588-openb-node-0340,,G2,96,8,412316860416,20000,10,2144,412316860416,0,0,0,0,0,0,0,0,190,3800,190,3800,130,2600,190,3800,700,14000
0589-openb-node-0723,,T4,104,2,549755813888,15109,3,69690,549755813888,0,0,0,0,0,0,0,0,0,0,0,0,0,0,0,0,0,0
0590-openb-node-0279,,G2,96,8,412316860416,20000,10,544,412316860416,0,0,0,0,0,0,190,3800,0,0,180,3600,0,0,190,3800,560,11200
0591-openb-node-0226,,V100M16,32,4,137438953472,16160,4,3738,137438953472,0,0,0,0,0,0,770,12443,0,0,0,0,0,0,0,0,770,12443
0592-openb-node-1017,,T4,104,2,549755813888,15109,4,76940,549755813888,30,453,190,2870,0,0,0,0,0,0,0,0,0,0,0,0,220,3323
0593-openb-node-0909,,T4,96,4,412316860416,15109,9,13940,412316860416,0,0,70,1057,0,0,70,1057,0,0,0,0,0,0,0,0,140,2114
0594-openb-node-0197,,G2,96,8,412316860416,20000,10,488,412316860416,0,0,0,0,0,0,0,0,410,8200,0,0,0,0,70,1400,480,9600
0595-openb-node-0225,,G2,96,8,412316860416,20000,7,2900,412316860416,0,0,0,0,0,0,0,0,0,0,0,0,1000,20000,1000,20000,2000,40000
0596-openb-node-0306,,G3,128,8,824633720832,30000,9,2840,824633720832,0,0,0,0,190,5700,0,0,0,0,0,0,530,15900,1000,30000,1720,51600
0597-openb-node-0437,,G2,96,8,412316860416,20000,8,3390,412316860416,0,0,0,0,0,0,0,0,0,0,0,0,0,0,520,10400,520,10400
0598-openb-node-0209,,T4,104,2,549755813888,15109,6,1900,549755813888,0,0,0,0,0,0,0,0,0,0,0,0,0,0,0,0,0,0
0599-openb-node-0694,,T4,104,2,549755813888,15109,3,74148,549755813888,0,0,0,0,0,0,0,0,0,0,0,0,0,0,0,0,0,0
0600-openb-node-1162,,T4,104,2,549755813888,15109,4,66684,549755813888,0,0,210,3172,0,0,0,0,0,0,0,0,0,0,0,0,210,3172
0601-openb-node-0000,,P100,64,2,274877906944,16280,5,19592,274877906944,60,976,30,488,0,0,0,0,0,0,0,0,0,0,0,0,90,1464
0602-openb-node-0584,,T4,104,2,549755813888,15109,4,53196,549755813888,190,2870,190,2870,0,0,0,0,0,0,0,0,0,0,0,0,380,5740
0603-openb-node-1075,,T4,104,2,549755813888,15109,3,48692,549755813888,0,0,0,0,0,0,0,0,0,0,0,0,0,0,0,0,0,0
0604-openb-node-0710,,P100,16,2,128849018880,16280,2,0,128849018880,530,8628,1000,16280,0,0,0,0,0,0,0,0,0,0,0,0,1530,24908
0605-openb-node-0941,,G2,96,8,412316860416,20000,10,1996,412316860416,0,0,0,0,0,0,0,0,710,14200,680,13600,30,600,190,3800,1610,32200
0606-openb-node-0590,,T4,104,2,549755813888,15109,6,50848,549755813888,0,0,130,1964,0,0,0,0,0,0,0,0,0,0,0,0,130,1964
0607-openb-node-0794,,G2,96,8,412316860416,20000,12,1292,412316860416,0,0,200,4000,0,0,0,0,190,3800,0,0,190,3800,190,3800,770,15400
0608-openb-node-0927,,G2,96,8,412316860416,20000,1,8000,412316860416,0,0,0,0,0,0,0,0,0,0,0,0,0,0,0,0,0,0
0609-openb-node-0406,,G2,96,8,412316860416,20000,8,3140,412316860416,0,0,0,0,0,0,0,0,0,0,1000,20000,1000,20000,530,10600,2530,50600
0610-openb-node-0386,,G2,96,8,412316860416,20000,10,776,412316860416,0,0,0,0,190,3800,0,0,0,0,0,0,190,3800,0,0,380,7600
0611-openb-node-0204,,T4,104,2,549755813888,15109,3,74790,549755813888,0,0,0,0,0,0,0,0,0,0,0,0,0,0,0,0,0,0
0612-openb-node-1018,,T4,104,2,549755813888,15109,3,61492,549755813888,0,0,0,0,0,0,0,0,0,0,0,0,0,0,0,0,0,0
0613-openb-node-0364,,G2,96,8,412316860416,20000,10,1832,412316860416,30,600,0,0,0,0,530,10600,0,0,530,10600,0,0,70,1400,1160,23200
0614-openb-node-0615,,T4,104,2,549755813888,15109,4,72940,549755813888,190,2870,30,453,0,0,0,0,0,0,0,0,0,0,0,0,220,3323
0615-openb-node-0241,,T4,104,2,549755813888,15109,5,34184,549755813888,0,0,70,1057,0,0,0,0,0,0,0,0,0,0,0,0,70,1057
0616-openb-node-0631,,P100,16,2,128849018880,16280,3,0,128849018880,1000,16280,630,10256,0,0,0,0,0,0,0,0,0,0,0,0,1630,26536
0617-openb-node-0177,,G2,96,8,412316860416,20000,9,12292,412316860416,0,0,0,0,0,0,0,0,0,0,190,3800,190,3800,190,3800,570,11400
0618-openb-node-1002,,G2,96,8,412316860416,20000,8,1600,412316860416,0,0,0,0,0,0,0,0,0,0,1000,20000,360,7200,1000,20000,2360,47200
0619-openb-node-0142,,G2,96,8,412316860416,20000,12,1520,412316860416,0,0,0,0,60,1200,0,0,30,600,70,1400,190,3800,60,1200,410,8200
0620-openb-node-0560,,G2,96,8,412316860416,20000,8,296,412316860416,0,0,0,0,0,0,0,0,0,0,0,0,1000,20000,190,3800,1190,23800
0621-openb-node-1129,,T4,104,2,549755813888,15109,5,62200,549755813888,0,0,80,1208,0,0,0,0,0,0,0,0,0,0,0,0,80,1208
0622-openb-node-0953,,T4,104,2,549755813888,15109,4,32700,549755813888,0,0,0,0,0,0,0,0,0,0,0,0,0,0,0,0,0,0
0623-openb-node-0540,,P100,16,2,128849018880,16280,2,1448,128849018880,190,3093,0,0,0,0,0,0,0,0,0,0,0,0,0,0,190,3093
0624-openb-node-0720,,T4,104,2,549755813888,15109,4,60200,549755813888,0,0,0,0,0,0,0,0,0,0,0,0,0,0,0,0,0,0
0625-openb-node-0479,,P100,8,1,64424509440,16280,1,0,64424509440,780,12698,0,0,0,0,0,0,0,0,0,0,0,0,0,0,780,12698
0626-openb-node-1062,,P100,16,2,128849018880,16280,2,348,128849018880,1000,16280,190,3093,0,0,0,0,0,0,0,0,0,0,0,0,1190,19373
0627-openb-node-0397,,G2,96,8,412316860416,20000,11,23236,412316860416,0,0,210,4200,190,3800,190,3800,0,0,190,3800,60,1200,50,1000,890,17800
0628-openb-node-0508,,V100M16,8,1,34359738368,16160,1,4000,34359738368,680,10988,0,0,0,0,0,0,0,0,0,0,0,0,0,0,680,10988
0629-openb-node-0595,,T4,104,2,549755813888,15109,4,42148,549755813888,0,0,190,2870,0,0,0,0,0,0,0,0,0,0,0,0,190,2870
0630-openb-node-0414,,T4,104,2,549755813888,15109,2,89548,549755813888,0,0,0,0,0,0,0,0,0,0,0,0,0,0,0,0,0,0
0631-openb-node-0020,,P100,64,2,274877906944,16280,5,4384,274877906944,0,0,60,976,0,0,0,0,0,0,0,0,0,0,0,0,60,976
0632-openb-node-0294,,G3,128,8,824633720832,30000,10,4096,824633720832,0,0,0,0,0,0,0,0,0,0,0,0,0,0,190,5700,190,5700
0633-openb-node-0210,,T4,104,2,549755813888,15109,4,66692,549755813888,0,0,210,3172,0,0,0,0,0,0,0,0,0,0,0,0,210,3172
0634-openb-node-1112,,P100,16,2,128849018880,16280,3,848,128849018880,300,4884,190,3093,0,0,0,0,0,0,0,0,0,0,0,0,490,7977
0635-openb-node-0596,,T4,104,2,549755813888,15109,5,80848,549755813888,0,0,190,2870,0,0,0,0,0,0,0,0,0,0,0,0,190,2870
0636-openb-node-0798,,T4,104,2,549755813888,15109,6,30782,549755813888,70,1057,0,0,0,0,0,0,0,0,0,0,0,0,0,0,70,1057
0637-openb-node-0789,,G2,96,8,412316860416,20000,9,1340,412316860416,0,0,0,0,70,1400,0,0,0,0,0,0,0,0,0,0,70,1400
0638-openb-node-0021,,P100,64,2,274877906944,16280,4,24200,274877906944,0,0,60,976,0,0,0,0,0,0,0,0,0,0,0,0,60,976
0639-openb-node-0240,,T4,104,2,549755813888,15109,7,7000,549755813888,0,0,0,0,0,0,0,0,0,0,0,0,0,0,0,0,0,0
0640-openb-node-0846,,T4,104,2,549755813888,15109,5,58440,549755813888,70,1057,190,2870,0,0,0,0,0,0,0,0,0,0,0,0,260,3927
0641-openb-node-0726,,T4,104,2,549755813888,15109,3,73690,549755813888,0,0,0,0,0,0,0,0,0,0,0,0,0,0,0,0,0,0
0642-openb-node-0176,,G2,96,8,412316860416,20000,10,2088,412316860416,0,0,0,0,0,0,0,0,60,1200,0,0,1000,20000,190,3800,1250,25000
0643-openb-node-0889,,V100M32,96,8,824633720832,32510,8,7940,824633720832,0,0,0,0,0,0,0,0,0,0,0,0,0,0,0,0,0,0
0644-openb-node-0578,,P100,16,2,128849018880,16280,2,940,128849018880,0,0,190,3093,0,0,0,0,0,0,0,0,0,0,0,0,190,3093
0645-openb-node-0920,,T4,104,2,549755813888,15109,5,30300,549755813888,0,0,0,0,0,0,0,0,0,0,0,0,0,0,0,0,0,0
0646-openb-node-0423,,T4,104,2,549755813888,15109,4,73148,549755813888,30,453,0,0,0,0,0,0,0,0,0,0,0,0,0,0,30,453
0647-openb-node-1190,,T4,96,4,412316860416,15109,6,47588,412316860416,0,0,0,0,60,906,190,2870,0,0,0,0,0,0,0,0,250,3776
0648-openb-node-0760,,T4,104,2,549755813888,15109,6,2892,549755813888,0,0,30,453,0,0,0,0,0,0,0,0,0,0,0,0,30,453
0649-openb-node-0324,,G2,96,8,412316860416,20000,11,388,412316860416,0,0,0,0,0,0,190,3800,350,7000,210,4200,520,10400,0,0,1270,25400
0650-openb-node-0735,,G2,96,8,412316860416,20000,12,1576,412316860416,350,7000,190,3800,160,3200,0,0,0,0,350,7000,80,1600,190,3800,1320,26400
0651-openb-node-0115,,G2,96,8,412316860416,20000,11,988,412316860416,0,0,680,13600,190,3800,0,0,0,0,220,4400,0,0,0,0,1090,21800
0652-openb-node-0657,,G2,96,8,412316860416,20000,8,4148,412316860416,0,0,0,0,0,0,0,0,0,0,190,3800,0,0,0,0,190,3800
0653-openb-node-0217,,G2,96,8,412316860416,20000,8,24836,412316860416,0,0,0,0,0,0,0,0,190,3800,0,0,0,0,190,3800,380,7600
0654-openb-node-0069,,T4,104,2,549755813888,15109,2,82140,549755813888,0,0,190,2870,0,0,0,0,0,0,0,0,0,0,0,0,190,2870
0655-openb-node-0633,,T4,104,2,549755813888,15109,6,33800,549755813888,0,0,210,3172,0,0,0,0,0,0,0,0,0,0,0,0,210,3172
0656-openb-node-0970,,G2,96,8,412316860416,20000,9,24184,412316860416,0,0,0,0,240,4800,0,0,0,0,0,0,0,0,190,3800,430,8600
0657-openb-node-0716,,T4,104,2,549755813888,15109,5,10282,549755813888,0,0,60,906,0,0,0,0,0,0,0,0,0,0,0,0,60,906
0658-openb-node-0365,,G2,96,8,412316860416,20000,10,7696,412316860416,0,0,0,0,0,0,190,3800,0,0,0,0,40,800,190,3800,420,8400
0659-openb-node-0223,,G2,96,8,412316860416,20000,7,1788,412316860416,0,0,1000,20000,350,7000,190,3800,190,3800,530,10600,1000,20000,1000,20000,4260,85200
0660-openb-node-0258,,V100M16,32,4,137438953472,16160,4,7344,137438953472,0,0,0,0,190,3070,0,0,0,0,0,0,0,0,0,0,190,3070
0661-openb-node-0085,,P100,16,2,128849018880,16280,2,940,128849018880,530,8628,190,3093,0,0,0,0,0,0,0,0,0,0,0,0,720,11721
0662-openb-node-0520,,G2,96,8,412316860416,20000,9,2632,412316860416,0,0,0,0,0,0,190,3800,1000,20000,450,9000,450,9000,190,3800,2280,45600
0663-openb-node-0622,,G2,96,8,412316860416,20000,9,2132,412316860416,0,0,0,0,0,0,0,0,530,10600,530,10600,350,7000,190,3800,1600,32000
0664-openb-node-1209,,T4,104,2,549755813888,15109,4,57200,549755813888,0,0,0,0,0,0,0,0,0,0,0,0,0,0,0,0,0,0
0665-openb-node-1146,,P100,16,2,128849018880,16280,3,0,128849018880,220,3581,540,8791,0,0,0,0,0,0,0,0,0,0,0,0,760,12372
0666-openb-node-0157,,G2,96,8,412316860416,20000,11,3776,412316860416,0,0,90,1800,0,0,530,10600,190,3800,190,3800,190,3800,530,10600,1720,34400
0667-openb-node-0915,,V100M32,96,8,824633720832,32510,8,12796,824633720832,0,0,0,0,0,0,0,0,0,0,0,0,0,0,190,6176,190,6176
0668-openb-node-0719,,T4,104,2,549755813888,15109,3,74148,549755813888,0,0,0,0,0,0,0,0,0,0,0,0,0,0,0,0,0,0
0669-openb-node-0668,,G2,96,8,412316860416,20000,10,36,412316860416,0,0,0,0,0,0,0,0,0,0,0,0,190,3800,90,1800,280,5600
0670-openb-node-0278,,G2,96,8,412316860416,20000,11,180,412316860416,0,0,0,0,0,0,0,0,0,0,0,0,30,600,210,4200,240,4800
0671-openb-node-1005,,T4,104,2,549755813888,15109,4,14400,549755813888,0,0,0,0,0,0,0,0,0,0,0,0,0,0,0,0,0,0
0672-openb-node-0977,,G3,128,8,824633720832,30000,11,2732,824633720832,0,0,0,0,0,0,0,0,130,3900,0,0,540,16200,530,15900,1200,36000
0673-openb-node-0107,,G2,96,8,412316860416,20000,9,1488,412316860416,530,10600,0,0,0,0,0,0,530,10600,190,3800,0,0,680,13600,1930,38600
0674-openb-node-0673,,V100M16,82,8,360777252864,16160,11,184,360777252864,0,0,180,2908,190,3070,140,2262,0,0,530,8564,0,0,0,0,1040,16804
0675-openb-node-0586,,G2,96,8,412316860416,20000,9,1686,412316860416,0,0,0,0,80,1600,0,0,0,0,0,0,1000,20000,530,10600,1610,32200
0676-openb-node-0902,,G2,96,8,412316860416,20000,10,1396,412316860416,0,0,0,0,220,4400,0,0,0,0,0,0,0,0,0,0,220,4400
0677-openb-node-0976,,G3,128,8,824633720832,30000,13,5392,824633720832,0,0,0,0,0,0,0,0,0,0,70,2100,30,900,30,900,130,3900
0678-openb-node-0148,,G2,96,8,412316860416,20000,10,32,412316860416,0,0,0,0,0,0,0,0,0,0,0,0,0,0,410,8200,410,8200
0679-openb-node-0526,,G2,96,8,412316860416,20000,10,2288,412316860416,0,0,190,3800,0,0,0,0,190,3800,350,7000,0,0,540,10800,1270,25400
0680-openb-node-0812,,G2,96,8,412316860416,20000,10,12588,412316860416,0,0,0,0,0,0,0,0,190,3800,60,1200,190,3800,0,0,440,8800
0681-openb-node-0084,,P100,16,2,128849018880,16280,1,0,128849018880,0,0,1000,16280,0,0,0,0,0,0,0,0,0,0,0,0,1000,16280
0682-openb-node-1191,,T4,104,2,549755813888,15109,6,4600,549755813888,60,906,0,0,0,0,0,0,0,0,0,0,0,0,0,0,60,906
0683-openb-node-0485,,G2,96,8,412316860416,20000,10,688,412316860416,0,0,0,0,0,0,530,10600,190,3800,0,0,0,0,90,1800,810,16200
0684-openb-node-0519,,G2,96,8,412316860416,20000,10,36,412316860416,0,0,190,3800,0,0,190,3800,70,1400,0,0,190,3800,60,1200,700,14000
0685-openb-node-0440,,V100M16,32,4,137438953472,16160,3,2790,137438953472,0,0,680,10988,1000,16160,1000,16160,0,0,0,0,0,0,0,0,2680,43308
0686-openb-node-1028,,G2,96,8,412316860416,20000,11,2816,412316860416,530,10600,70,1400,160,3200,0,0,530,10600,0,0,350,7000,210,4200,1850,37000
0687-openb-node-0743,,G2,96,8,412316860416,20000,10,836,412316860416,0,0,350,7000,0,0,0,0,540,10800,0,0,190,3800,190,3800,1270,25400
0688-openb-node-0106,,G2,96,8,412316860416,20000,10,1888,412316860416,0,0,190,3800,0,0,0,0,0,0,0,0,210,4200,190,3800,590,11800
0689-openb-node-0829,,G2,96,8,412316860416,20000,9,2784,412316860416,0,0,0,0,0,0,190,3800,190,3800,630,12600,0,0,530,10600,1540,30800
0690-openb-node-0939,,G2,96,8,412316860416,20000,10,2440,412316860416,0,0,680,13600,0,0,0,0,0,0,190,3800,0,0,530,10600,1400,28000
0691-openb-node-1099,,T4,104,2,549755813888,15109,4,37300,549755813888,0,0,0,0,0,0,0,0,0,0,0,0,0,0,0,0,0,0
0692-openb-node-0910,,G2,96,8,412316860416,20000,9,372,412316860416,0,0,190,3800,530,10600,0,0,190,3800,0,0,0,0,350,7000,1260,25200
0693-openb-node-0919,,T4,104,2,549755813888,15109,4,45048,549755813888,190,2870,0,0,0,0,0,0,0,0,0,0,0,0,0,0,190,2870
0694-openb-node-0034,,G2,96,8,412316860416,20000,8,2048,412316860416,0,0,0,0,0,0,0,0,0,0,1000,20000,530,10600,1000,20000,2530,50600
0695-openb-node-0179,,G2,96,8,412316860416,20000,9,92,412316860416,0,0,190,3800,0,0,0,0,1000,20000,190,3800,190,3800,1000,20000,2570,51400
0696-openb-node-0038,,G2,96,8,412316860416,20000,6,19136,412316860416,0,0,0,0,0,0,0,0,0,0,190,3800,190,3800,190,3800,570,11400
0697-openb-node-0973,,G2,96,8,412316860416,20000,11,2388,412316860416,0,0,0,0,0,0,0,0,190,3800,0,0,310,6200,310,6200,810,16200
0698-openb-node-1057,,P100,16,2,128849018880,16280,2,940,128849018880,190,3093,530,8628,0,0,0,0,0,0,0,0,0,0,0,0,720,11721
0699-openb-node-0951,,T4,104,2,549755813888,15109,6,22740,549755813888,0,0,30,453,0,0,0,0,0,0,0,0,0,0,0,0,30,453
0700-openb-node-0116,,G2,96,8,412316860416,20000,10,70,412316860416,0,0,530,10600,0,0,680,13600,0,0,190,3800,60,1200,450,9000,1910,38200
0701-openb-node-0199,,T4,104,2,549755813888,15109,3,67848,549755813888,0,0,190,2870,0,0,0,0,0,0,0,0,0,0,0,0,190,2870
0702-openb-node-0140,,G2,96,8,412316860416,20000,8,6840,412316860416,0,0,0,0,0,0,0,0,350,7000,0,0,0,0,1000,20000,1350,27000
0703-openb-node-1072,,G2,96,8,412316860416,20000,10,8836,412316860416,160,3200,0,0,190,3800,0,0,0,0,0,0,0,0,0,0,350,7000
0704-openb-node-1174,,T4,104,2,549755813888,15109,3,74048,549755813888,0,0,190,2870,0,0,0,0,0,0,0,0,0,0,0,0,190,2870
0705-openb-node-1038,,G2,96,8,412316860416,20000,11,1528,412316860416,160,3200,0,0,0,0,0,0,60,1200,190,3800,190,3800,0,0,600,12000
0706-openb-node-0233,,T4,104,2,549755813888,15109,4,34290,549755813888,0,0,0,0,0,0,0,0,0,0,0,0,0,0,0,0,0,0
0707-openb-node-0990,,P100,8,2,64424509440,16280,1,2000,64424509440,1000,16280,540,8791,0,0,0,0,0,0,0,0,0,0,0,0,1540,25071
0708-openb-node-0763,,G2,96,8,412316860416,20000,12,11782,412316860416,0,0,0,0,220,4400,190,3800,0,0,0,0,190,3800,0,0,600,12000
0709-openb-node-0041,,G2,96,8,412316860416,20000,8,22436,412316860416,0,0,0,0,0,0,0,0,190,3800,0,0,0,0,190,3800,380,7600
0710-openb-node-0087,,G2,96,8,412316860416,20000,8,640,412316860416,0,0,0,0,0,0,0,0,0,0,680,13600,190,3800,0,0,870,17400
0711-openb-node-0790,,G2,96,8,412316860416,20000,9,2488,412316860416,0,0,0,0,0,0,0,0,0,0,1000,20000,190,3800,530,10600,1720,34400
0712-openb-node-0886,,G2,96,8,412316860416,20000,9,3440,412316860416,0,0,0,0,0,0,0,0,0,0,190,3800,130,2600,0,0,320,6400
0713-openb-node-0274,,G2,96,8,412316860416,20000,11,4232,412316860416,0,0,90,1800,0,0,220,4400,350,7000,0,0,0,0,190,3800,850,17000
0714-openb-node-0352,,G2,96,8,412316860416,20000,10,3324,412316860416,0,0,30,600,0,0,0,0,0,0,0,0,0,0,1000,20000,1030,20600
0715-openb-node-0695,,T4,104,2,549755813888,15109,6,30696,549755813888,30,453,190,2870,0,0,0,0,0,0,0,0,0,0,0,0,220,3323
0716-openb-node-0821,,G2,96,8,412316860416,20000,9,1780,412316860416,0,0,0,0,0,0,0,0,1000,20000,210,4200,190,3800,190,3800,1590,31800
0717-openb-node-1175,,T4,104,2,549755813888,15109,6,184,549755813888,60,906,60,906,0,0,0,0,0,0,0,0,0,0,0,0,120,1812
0718-openb-node-0194,,V100M16,8,1,34359738368,16160,1,0,34359738368,530,8564,0,0,0,0,0,0,0,0,0,0,0,0,0,0,530,8564
0719-openb-node-0060,,G2,96,8,412316860416,20000,9,2836,412316860416,0,0,0,0,0,0,190,3800,310,6200,1000,20000,190,3800,1000,20000,2690,53800
0720-openb-node-0931,,P100,16,2,128849018880,16280,3,1696,128849018880,190,3093,90,1465,0,0,0,0,0,0,0,0,0,0,0,0,280,4558
0721-openb-node-0892,,G2,96,8,412316860416,20000,9,244,412316860416,0,0,0,0,0,0,190,3800,0,0,190,3800,190,3800,0,0,570,11400
0722-openb-node-0374,,T4,104,2,549755813888,15109,6,60348,549755813888,80,1208,60,906,0,0,0,0,0,0,0,0,0,0,0,0,140,2114
0723-openb-node-0753,,T4,104,2,549755813888,15109,9,14348,549755813888,0,0,80,1208,0,0,0,0,0,0,0,0,0,0,0,0,80,1208
0724-openb-node-0418,,T4,104,2,549755813888,15109,5,47200,549755813888,0,0,0,0,0,0,0,0,0,0,0,0,0,0,0,0,0,0
0725-openb-node-0840,,G2,96,8,412316860416,20000,10,1972,412316860416,0,0,300,6000,0,0,350,7000,530,10600,0,0,190,3800,190,3800,1560,31200
0726-openb-node-0419,,T4,104,2,549755813888,15109,3,40000,549755813888,0,0,0,0,0,0,0,0,0,0,0,0,0,0,0,0,0,0
0727-openb-node-1122,,T4,104,2,549755813888,15109,4,64448,549755813888,0,0,190,2870,0,0,0,0,0,0,0,0,0,0,0,0,190,2870
0728-openb-node-0207,,T4,104,2,549755813888,15109,6,20192,549755813888,0,0,60,906,0,0,0,0,0,0,0,0,0,0,0,0,60,906
0729-openb-node-0354,,G2,96,8,412316860416,20000,10,324,412316860416,0,0,0,0,680,13600,0,0,0,0,30,600,190,3800,530,10600,1430,28600
0730-openb-node-0733,,T4,104,2,549755813888,15109,2,89548,549755813888,0,0,190,2870,0,0,0,0,0,0,0,0,0,0,0,0,190,2870
0731-openb-node-0004,,P100,64,2,274877906944,16280,2,37500,274877906944,0,0,0,0,0,0,0,0,0,0,0,0,0,0,0,0,0,0
0732-openb-node-0948,,T4,104,2,549755813888,15109,5,37796,549755813888,0,0,190,2870,0,0,0,0,0,0,0,0,0,0,0,0,190,2870
0733-openb-node-0426,,G2,96,8,412316860416,20000,9,11340,412316860416,0,0,0,0,0,0,0,0,0,0,90,1800,210,4200,30,600,330,6600
0734-openb-node-0275,,G2,96,8,412316860416,20000,10,16384,412316860416,0,0,0,0,0,0,0,0,190,3800,60,1200,0,0,160,3200,410,8200
0735-openb-node-0525,,G2,96,8,412316860416,20000,9,22120,412316860416,0,0,0,0,0,0,0,0,190,3800,0,0,190,3800,60,1200,440,8800
0736-openb-node-0262,,G2,96,8,412316860416,20000,10,730,412316860416,0,0,190,3800,0,0,0,0,0,0,530,10600,350,7000,70,1400,1140,22800
0737-openb-node-0455,,T4,104,2,549755813888,15109,8,1448,549755813888,90,1359,30,453,0,0,0,0,0,0,0,0,0,0,0,0,120,1812
0738-openb-node-0318,,G2,96,8,412316860416,20000,11,4396,412316860416,0,0,0,0,210,4200,0,0,0,0,530,10600,190,3800,190,3800,1120,22400
0739-openb-node-0956,,G2,96,8,412316860416,20000,7,1140,412316860416,0,0,0,0,0,0,0,0,1000,20000,1000,20000,410,8200,1000,20000,3410,68200
0740-openb-node-0796,,G2,96,8,412316860416,20000,9,822,412316860416,530,10600,0,0,0,0,0,0,0,0,0,0,530,10600,190,3800,1250,25000
0741-openb-node-0541,,G2,96,8,412316860416,20000,2,0,412316860416,0,0,0,0,0,0,0,0,0,0,0,0,0,0,0,0,0,0
0742-openb-node-0567,,T4,104,2,549755813888,15109,6,24196,549755813888,190,2870,190,2870,0,0,0,0,0,0,0,0,0,0,0,0,380,5740
0743-openb-node-0295,,T4,104,2,549755813888,15109,5,23300,549755813888,0,0,210,3172,0,0,0,0,0,0,0,0,0,0,0,0,210,3172
0744-openb-node-0335,,P100,8,1,64424509440,16280,1,0,64424509440,890,14489,0,0,0,0,0,0,0,0,0,0,0,0,0,0,890,14489
0745-openb-node-0098,,V100M16,32,4,137438953472,16160,4,1896,137438953472,190,3070,0,0,0,0,630,10180,0,0,0,0,0,0,0,0,820,13250
0746-openb-node-0488,,T4,104,2,549755813888,15109,4,74940,549755813888,70,1057,190,2870,0,0,0,0,0,0,0,0,0,0,0,0,260,3927
0747-openb-node-0138,,G2,96,8,412316860416,20000,9,1548,412316860416,0,0,0,0,0,0,0,0,0,0,0,0,0,0,0,0,0,0
0748-openb-node-1164,,T4,104,2,549755813888,15109,4,45048,549755813888,190,2870,0,0,0,0,0,0,0,0,0,0,0,0,0,0,190,2870
0749-openb-node-0242,,G2,96,8,412316860416,20000,7,1748,412316860416,0,0,0,0,0,0,0,0,0,0,1000,20000,630,12600,1000,20000,2630,52600
0750-openb-node-0032,,G2,96,8,412316860416,20000,9,22692,412316860416,190,3800,0,0,0,0,0,0,0,0,190,3800,190,3800,0,0,570,11400
0751-openb-node-0117,,G2,96,8,412316860416,20000,10,2922,412316860416,0,0,0,0,0,0,0,0,450,9000,0,0,30,600,60,1200,540,10800
0752-openb-node-0090,,P100,16,2,128849018880,16280,2,700,128849018880,0,0,680,11070,0,0,0,0,0,0,0,0,0,0,0,0,680,11070
0753-openb-node-0244,,G2,96,8,412316860416,20000,11,32,412316860416,190,3800,0,0,220,4400,450,9000,0,0,190,3800,0,0,190,3800,1240,24800
0754-openb-node-0863,,G2,96,8,412316860416,20000,10,3980,412316860416,0,0,0,0,0,0,30,600,0,0,0,0,530,10600,190,3800,750,15000
0755-openb-node-1195,,T4,104,2,549755813888,15109,5,4900,549755813888,0,0,0,0,0,0,0,0,0,0,0,0,0,0,0,0,0,0
0756-openb-node-1081,,V100M16,64,8,274877906944,16160,7,440,274877906944,0,0,0,0,0,0,0,0,190,3070,350,5656,1000,16160,1000,16160,2540,41046
0757-openb-node-0575,,T4,104,2,549755813888,15109,5,56940,549755813888,0,0,190,2870,0,0,0,0,0,0,0,0,0,0,0,0,190,2870
0758-openb-node-0446,,G2,96,8,412316860416,20000,11,2616,412316860416,190,3800,0,0,0,0,0,0,350,7000,190,3800,0,0,530,10600,1260,25200
0759-openb-node-0873,,T4,104,2,549755813888,15109,5,2800,549755813888,0,0,0,0,0,0,0,0,0,0,0,0,0,0,0,0,0,0
0760-openb-node-0068,,T4,104,2,549755813888,15109,3,72700,549755813888,0,0,0,0,0,0,0,0,0,0,0,0,0,0,0,0,0,0
0761-openb-node-0618,,G2,96,8,412316860416,20000,8,248,412316860416,0,0,0,0,770,15400,1000,20000,1000,20000,1000,20000,190,3800,1000,20000,4960,99200
0762-openb-node-1043,,T4,96,4,412316860416,15109,7,5496,412316860416,0,0,190,2870,0,0,190,2870,0,0,0,0,0,0,0,0,380,5740
0763-openb-node-0791,,G2,96,8,412316860416,20000,9,16826,412316860416,0,0,0,0,0,0,190,3800,0,0,0,0,170,3400,0,0,360,7200
0764-openb-node-0514,,G2,96,8,412316860416,20000,8,824,412316860416,0,0,0,0,0,0,0,0,190,3800,530,10600,530,10600,0,0,1250,25000
0765-openb-node-0358,,G2,96,8,412316860416,20000,2,0,412316860416,0,0,0,0,0,0,0,0,0,0,0,0,0,0,0,0,0,0
0766-openb-node-0400,,G2,96,8,412316860416,20000,10,2416,412316860416,0,0,0,0,0,0,350,7000,530,10600,680,13600,300,6000,0,0,1860,37200
0767-openb-node-1034,,G2,96,8,412316860416,20000,6,1884,412316860416,0,0,0,0,0,0,0,0,0,0,1000,20000,1000,20000,1000,20000,3000,60000
0768-openb-node-0585,,G2,96,8,412316860416,20000,8,2240,412316860416,0,0,0,0,0,0,0,0,0,0,1000,20000,530,10600,190,3800,1720,34400
0769-openb-node-1165,,T4,104,2,549755813888,15109,4,44348,549755813888,0,0,190,2870,0,0,0,0,0,0,0,0,0,0,0,0,190,2870
0770-openb-node-0424,,G2,96,8,412316860416,20000,10,3592,412316860416,0,0,0,0,0,0,0,0,190,3800,190,3800,190,3800,530,10600,1100,22000
0771-openb-node-0826,,G2,96,8,412316860416,20000,9,1638,412316860416,0,0,0,0,0,0,0,0,0,0,0,0,530,10600,190,3800,720,14400
0772-openb-node-0486,,T4,104,2,549755813888,15109,5,16292,549755813888,0,0,0,0,0,0,0,0,0,0,0,0,0,0,0,0,0,0
0773-openb-node-0574,,T4,104,2,549755813888,15109,5,39200,549755813888,0,0,0,0,0,0,0,0,0,0,0,0,0,0,0,0,0,0
0774-openb-node-0368,,G2,96,8,412316860416,20000,11,2088,412316860416,0,0,0,0,0,0,0,0,190,3800,160,3200,0,0,30,600,380,7600
0775-openb-node-1130,,T4,96,4,412316860416,15109,6,15284,412316860416,0,0,0,0,0,0,0,0,0,0,0,0,0,0,0,0,0,0
0776-openb-node-0427,,G2,96,8,412316860416,20000,10,8144,412316860416,0,0,180,3600,0,0,190,3800,0,0,0,0,0,0,0,0,370,7400
0777-openb-node-0587,,G2,96,8,412316860416,20000,11,880,412316860416,190,3800,0,0,210,4200,0,0,0,0,0,0,30,600,120,2400,550,11000
0778-openb-node-0851,,V100M16,32,4,137438953472,16160,3,2690,137438953472,0,0,0,0,0,0,1000,16160,0,0,0,0,0,0,0,0,1000,16160
0779-openb-node-0099,,V100M16,32,4,137438953472,16160,3,792,137438953472,0,0,0,0,350,5656,1000,16160,0,0,0,0,0,0,0,0,1350,21816
0780-openb-node-0436,,P100,16,2,128849018880,16280,2,940,128849018880,190,3093,530,8628,0,0,0,0,0,0,0,0,0,0,0,0,720,11721
0781-openb-node-1004,,G2,96,8,412316860416,20000,11,15088,412316860416,0,0,0,0,0,0,190,3800,0,0,30,600,190,3800,120,2400,530,10600
0782-openb-node-0940,,G2,96,8,412316860416,20000,2,0,412316860416,0,0,0,0,0,0,0,0,0,0,0,0,0,0,0,0,0,0
0783-openb-node-0922,,G3,128,8,824633720832,30000,11,10470,824633720832,210,6300,0,0,0,0,0,0,0,0,0,0,0,0,70,2100,280,8400
0784-openb-node-0678,,P100,16,2,128849018880,16280,2,92,128849018880,1000,16280,210,3418,0,0,0,0,0,0,0,0,0,0,0,0,1210,19698
0785-openb-node-0058,,G2,96,8,412316860416,20000,9,1088,412316860416,0,0,350,7000,0,0,0,0,0,0,160,3200,190,3800,1000,20000,1700,34000
0786-openb-node-0174,,G2,96,8,412316860416,20000,12,44,412316860416,0,0,0,0,30,600,190,3800,540,10800,460,9200,770,15400,190,3800,2180,43600
0787-openb-node-0449,,T4,104,2,549755813888,15109,6,48048,549755813888,0,0,30,453,0,0,0,0,0,0,0,0,0,0,0,0,30,453
0788-openb-node-0728,,T4,104,2,549755813888,15109,7,23048,549755813888,30,453,0,0,0,0,0,0,0,0,0,0,0,0,0,0,30,453
0789-openb-node-0045,,G2,96,8,412316860416,20000,10,1580,412316860416,530,10600,0,0,680,13600,0,0,370,7400,190,3800,0,0,190,3800,1960,39200
0790-openb-node-1093,,T4,104,2,549755813888,15109,6,39192,549755813888,0,0,140,2115,0,0,0,0,0,0,0,0,0,0,0,0,140,2115
0791-openb-node-1105,,G2,96,8,412316860416,20000,9,436,412316860416,0,0,0,0,0,0,0,0,0,0,190,3800,190,3800,190,3800,570,11400
0792-openb-node-0133,,T4,104,2,549755813888,15109,4,33300,549755813888,0,0,0,0,0,0,0,0,0,0,0,0,0,0,0,0,0,0
0793-openb-node-0639,,T4,104,2,549755813888,15109,7,15690,549755813888,0,0,100,1510,0,0,0,0,0,0,0,0,0,0,0,0,100,1510
0794-openb-node-0638,,T4,104,2,549755813888,15109,5,14538,549755813888,0,0,190,2870,0,0,0,0,0,0,0,0,0,0,0,0,190,2870
0795-openb-node-0991,,G2,96,8,412316860416,20000,10,1944,412316860416,0,0,0,0,0,0,0,0,190,3800,0,0,770,15400,840,16800,1800,36000
0796-openb-node-0825,,V100M32,96,8,824633720832,32510,8,1132,824633720832,0,0,0,0,0,0,0,0,0,0,0,0,0,0,0,0,0,0
0797-openb-node-0969,,G3,128,8,824633720832,30000,10,28872,824633720832,0,0,60,1800,0,0,0,0,0,0,120,3600,0,0,190,5700,370,11100
0798-openb-node-0727,,T4,104,2,549755813888,15109,2,80792,549755813888,0,0,0,0,0,0,0,0,0,0,0,0,0,0,0,0,0,0
0799-openb-node-0563,,V100M16,8,1,34359738368,16160,1,4000,34359738368,680,10988,0,0,0,0,0,0,0,0,0,0,0,0,0,0,680,10988
0800-openb-node-0946,,T4,104,2,549755813888,15109,3,81196,549755813888,0,0,190,2870,0,0,0,0,0,0,0,0,0,0,0,0,190,2870
0801-openb-node-0998,,T4,104,2,549755813888,15109,4,64192,549755813888,0,0,120,1813,0,0,0,0,0,0,0,0,0,0,0,0,120,1813
0802-openb-node-0774,,T4,104,2,549755813888,15109,7,15696,549755813888,190,2870,190,2870,0,0,0,0,0,0,0,0,0,0,0,0,380,5740
0803-openb-node-0626,,V100M16,32,4,137438953472,16160,3,2140,137438953472,0,0,0,0,190,3070,1000,16160,0,0,0,0,0,0,0,0,1190,19230
0804-openb-node-1177,,T4,104,2,549755813888,15109,2,81300,549755813888,0,0,0,0,0,0,0,0,0,0,0,0,0,0,0,0,0,0
0805-openb-node-1185,,T4,104,2,549755813888,15109,5,44492,549755813888,30,453,0,0,0,0,0,0,0,0,0,0,0,0,0,0,30,453
0806-openb-node-0572,,V100M16,8,1,34359738368,16160,1,0,34359738368,0,0,0,0,0,0,0,0,0,0,0,0,0,0,0,0,0,0
0807-openb-node-0147,,T4,104,2,549755813888,15109,6,20700,549755813888,0,0,0,0,0,0,0,0,0,0,0,0,0,0,0,0,0,0
0808-openb-node-1014,,T4,104,2,549755813888,15109,3,68200,549755813888,0,0,0,0,0,0,0,0,0,0,0,0,0,0,0,0,0,0
0809-openb-node-0992,,G2,96,8,412316860416,20000,11,3236,412316860416,0,0,0,0,0,0,190,3800,0,0,350,7000,70,1400,0,0,610,12200
0810-openb-node-0467,,G2,96,8,412316860416,20000,10,2918,412316860416,350,7000,0,0,680,13600,410,8200,0,0,190,3800,540,10800,190,3800,2360,47200
0811-openb-node-0785,,V100M32,48,4,395136991232,32510,5,2000,395136991232,0,0,0,0,0,0,770,25032,0,0,0,0,0,0,0,0,770,25032
0812-openb-node-0823,,G2,96,8,412316860416,20000,10,1668,412316860416,0,0,0,0,0,0,0,0,190,3800,350,7000,190,3800,530,10600,1260,25200
0813-openb-node-0768,,T4,104,2,549755813888,15109,3,49400,549755813888,0,0,0,0,0,0,0,0,0,0,0,0,0,0,0,0,0,0
0814-openb-node-0421,,T4,104,2,549755813888,15109,6,14248,549755813888,0,0,0,0,0,0,0,0,0,0,0,0,0,0,0,0,0,0
0815-openb-node-0001,,P100,64,2,274877906944,16280,5,348,274877906944,60,976,190,3093,0,0,0,0,0,0,0,0,0,0,0,0,250,4069
0816-openb-node-0690,,T4,104,2,549755813888,15109,4,60448,549755813888,0,0,0,0,0,0,0,0,0,0,0,0,0,0,0,0,0,0
0817-openb-node-0182,,V100M16,32,4,137438953472,16160,4,1996,137438953472,680,10988,0,0,0,0,190,3070,0,0,0,0,0,0,0,0,870,14058
0818-openb-node-0076,,G2,96,8,412316860416,20000,7,2984,412316860416,0,0,780,15600,0,0,0,0,0,0,0,0,530,10600,1000,20000,2310,46200
0819-openb-node-1152,,T4,104,2,549755813888,15109,4,60848,549755813888,0,0,30,453,0,0,0,0,0,0,0,0,0,0,0,0,30,453
0820-openb-node-0264,,V100M16,64,8,274877906944,16160,5,882,274877906944,0,0,0,0,0,0,0,0,0,0,1000,16160,1000,16160,1000,16160,3000,48480
0821-openb-node-1050,,V100M32,96,8,824633720832,32510,9,2634,824633720832,190,6176,0,0,0,0,410,13329,0,0,0,0,190,6176,0,0,790,25681
0822-openb-node-0249,,G2,96,8,412316860416,20000,11,102,412316860416,0,0,0,0,0,0,0,0,30,600,60,1200,0,0,30,600,120,2400
0823-openb-node-1123,,T4,104,2,549755813888,15109,4,59696,549755813888,0,0,30,453,0,0,0,0,0,0,0,0,0,0,0,0,30,453
0824-openb-node-0517,,G2,96,8,412316860416,20000,9,7796,412316860416,0,0,0,0,0,0,0,0,130,2600,0,0,0,0,190,3800,320,6400
0825-openb-node-0010,,P100,64,2,274877906944,16280,6,21540,274877906944,20,325,120,1953,0,0,0,0,0,0,0,0,0,0,0,0,140,2278
0826-openb-node-1083,,G2,96,8,412316860416,20000,9,644,412316860416,0,0,0,0,0,0,0,0,190,3800,630,12600,680,13600,190,3800,1690,33800
0827-openb-node-0221,,G2,96,8,412316860416,20000,8,2792,412316860416,410,8200,0,0,190,3800,0,0,190,3800,1000,20000,1000,20000,190,3800,2980,59600
0828-openb-node-0730,,T4,104,2,549755813888,15109,4,41540,549755813888,0,0,190,2870,0,0,0,0,0,0,0,0,0,0,0,0,190,2870
0829-openb-node-0588,,T4,104,2,549755813888,15109,3,46500,549755813888,0,0,0,0,0,0,0,0,0,0,0,0,0,0,0,0,0,0
0830-openb-node-0281,,P100,16,2,128849018880,16280,2,92,128849018880,120,1953,1000,16280,0,0,0,0,0,0,0,0,0,0,0,0,1120,18233
0831-openb-node-0817,,G2,96,8,412316860416,20000,10,1228,412316860416,0,0,190,3800,0,0,0,0,160,3200,60,1200,0,0,530,10600,940,18800
0832-openb-node-0314,,T4,104,2,549755813888,15109,6,15600,549755813888,0,0,0,0,0,0,0,0,0,0,0,0,0,0,0,0,0,0
0833-openb-node-0505,,G2,96,8,412316860416,20000,9,2240,412316860416,0,0,0,0,0,0,0,0,0,0,0,0,0,0,540,10800,540,10800
0834-openb-node-0007,,P100,64,2,274877906944,16280,3,1384,274877906944,0,0,0,0,0,0,0,0,0,0,0,0,0,0,0,0,0,0
0835-openb-node-0571,,G3,128,8,824633720832,30000,2,8000,824633720832,0,0,0,0,0,0,0,0,0,0,0,0,0,0,0,0,0,0
0836-openb-node-0660,,G2,96,8,412316860416,20000,9,3780,412316860416,0,0,0,0,0,0,0,0,60,1200,0,0,190,3800,190,3800,440,8800
0837-openb-node-0700,,T4,104,2,549755813888,15109,4,31700,549755813888,0,0,0,0,0,0,0,0,0,0,0,0,0,0,0,0,0,0
0838-openb-node-0471,,G2,96,8,412316860416,20000,11,1244,412316860416,0,0,0,0,0,0,0,0,430,8600,190,3800,190,3800,0,0,810,16200
0839-openb-node-0150,,G2,96,8,412316860416,20000,8,5674,412316860416,0,0,0,0,0,0,0,0,0,0,0,0,0,0,530,10600,530,10600
0840-openb-node-0402,,G2,96,8,412316860416,20000,10,2620,412316860416,0,0,530,10600,190,3800,90,1800,530,10600,0,0,60,1200,530,10600,1930,38600
0841-openb-node-1142,,P100,16,2,128849018880,16280,2,2448,128849018880,0,0,450,7326,0,0,0,0,0,0,0,0,0,0,0,0,450,7326
0842-openb-node-0158,,G2,96,8,412316860416,20000,8,1840,412316860416,0,0,0,0,190,3800,680,13600,60,1200,1000,20000,1000,20000,1000,20000,3930,78600
0843-openb-node-0082,,G2,96,8,412316860416,20000,9,932,412316860416,0,0,0,0,0,0,0,0,120,2400,350,7000,0,0,190,3800,660,13200
0844-openb-node-0975,,G2,96,8,412316860416,20000,9,24084,412316860416,0,0,0,0,0,0,190,3800,190,3800,30,600,0,0,190,3800,600,12000
0845-openb-node-0299,,T4,104,2,549755813888,15109,3,44000,549755813888,0,0,0,0,0,0,0,0,0,0,0,0,0,0,0,0,0,0
0846-openb-node-1070,,T4,96,4,412316860416,15109,6,28896,412316860416,0,0,0,0,0,0,190,2870,0,0,0,0,0,0,0,0,190,2870
0847-openb-node-1098,,T4,104,2,549755813888,15109,4,60292,549755813888,0,0,60,906,0,0,0,0,0,0,0,0,0,0,0,0,60,906
0848-openb-node-0767,,V100M16,8,1,34359738368,16160,1,0,34359738368,350,5656,0,0,0,0,0,0,0,0,0,0,0,0,0,0,350,5656
0849-openb-node-0015,,P100,64,2,274877906944,16280,6,1292,274877906944,60,976,30,488,0,0,0,0,0,0,0,0,0,0,0,0,90,1464
0850-openb-node-0393,,T4,104,2,549755813888,15109,2,80600,549755813888,0,0,0,0,0,0,0,0,0,0,0,0,0,0,0,0,0,0
0851-openb-node-0172,,G2,96,8,412316860416,20000,10,2438,412316860416,0,0,0,0,0,0,0,0,0,0,1000,20000,330,6600,190,3800,1520,30400
0852-openb-node-0787,,T4,104,2,549755813888,15109,4,63948,549755813888,0,0,160,2417,0,0,0,0,0,0,0,0,0,0,0,0,160,2417
0853-openb-node-1132,,G2,96,8,412316860416,20000,11,3236,412316860416,0,0,0,0,0,0,530,10600,30,600,0,0,0,0,150,3000,710,14200
0854-openb-node-0509,,V100M32,96,8,824633720832,32510,7,1092,824633720832,0,0,0,0,0,0,0,0,0,0,310,10078,0,0,0,0,310,10078
0855-openb-node-0859,,G3,128,8,824633720832,30000,10,2580,824633720832,530,15900,0,0,0,0,0,0,0,0,190,5700,70,2100,0,0,790,23700
0856-openb-node-0515,,G2,96,8,412316860416,20000,10,4270,412316860416,0,0,0,0,190,3800,0,0,0,0,190,3800,210,4200,0,0,590,11800
0857-openb-node-0702,,T4,104,2,549755813888,15109,3,72692,549755813888,0,0,120,1813,0,0,0,0,0,0,0,0,0,0,0,0,120,1813
0858-openb-node-1119,,T4,104,2,549755813888,15109,3,65900,549755813888,0,0,0,0,0,0,0,0,0,0,0,0,0,0,0,0,0,0
0859-openb-node-1047,,G2,96,8,412316860416,20000,11,10268,412316860416,60,1200,0,0,60,1200,0,0,130,2600,190,3800,190,3800,0,0,630,12600
0860-openb-node-0137,,T4,104,2,549755813888,15109,6,18038,549755813888,0,0,90,1359,0,0,0,0,0,0,0,0,0,0,0,0,90,1359
0861-openb-node-0557,,V100M16,32,4,137438953472,16160,2,1992,137438953472,0,0,0,0,1000,16160,1000,16160,0,0,0,0,0,0,0,0,2000,32320
0862-openb-node-1148,,G2,96,8,412316860416,20000,10,6234,412316860416,0,0,0,0,0,0,0,0,0,0,0,0,190,3800,190,3800,380,7600
0863-openb-node-0885,,G2,96,8,412316860416,20000,12,1368,412316860416,0,0,0,0,30,600,530,10600,70,1400,190,3800,190,3800,190,3800,1200,24000
0864-openb-node-1203,,G2,96,8,412316860416,20000,11,4578,412316860416,0,0,0,0,0,0,0,0,450,9000,0,0,520,10400,120,2400,1090,21800
0865-openb-node-1115,,T4,104,2,549755813888,15109,6,5548,549755813888,190,2870,0,0,0,0,0,0,0,0,0,0,0,0,0,0,190,2870
0866-openb-node-0649,,T4,104,2,549755813888,15109,6,17196,549755813888,190,2870,180,2719,0,0,0,0,0,0,0,0,0,0,0,0,370,5589
0867-openb-node-0276,,G2,96,8,412316860416,20000,10,6718,412316860416,0,0,0,0,0,0,0,0,0,0,0,0,30,600,70,1400,100,2000
0868-openb-node-0640,,T4,104,2,549755813888,15109,5,33048,549755813888,0,0,190,2870,0,0,0,0,0,0,0,0,0,0,0,0,190,2870
0869-openb-node-0464,,G2,96,8,412316860416,20000,9,74,412316860416,0,0,0,0,0,0,0,0,0,0,190,3800,0,0,190,3800,380,7600
0870-openb-node-0056,,G2,96,8,412316860416,20000,9,628,412316860416,0,0,210,4200,0,0,0,0,0,0,190,3800,190,3800,0,0,590,11800
0871-openb-node-1030,,G2,96,8,412316860416,20000,8,332,412316860416,0,0,0,0,60,1200,0,0,0,0,0,0,190,3800,30,600,280,5600
0872-openb-node-1166,,G3,128,8,824633720832,30000,11,23880,824633720832,0,0,0,0,0,0,0,0,190,5700,0,0,30,900,190,5700,410,12300
0873-openb-node-0905,,V100M32,48,4,395136991232,32510,3,1448,395136991232,0,0,0,0,1000,32510,1000,32510,0,0,0,0,0,0,0,0,2000,65020
0874-openb-node-0741,,G2,96,8,412316860416,20000,9,1336,412316860416,540,10800,0,0,0,0,0,0,0,0,1000,20000,190,3800,1000,20000,2730,54600
0875-openb-node-0645,,T4,104,2,549755813888,15109,3,93696,549755813888,0,0,30,453,0,0,0,0,0,0,0,0,0,0,0,0,30,453
0876-openb-node-0048,,G2,96,8,412316860416,20000,9,6734,412316860416,0,0,190,3800,40,800,300,6000,0,0,0,0,0,0,0,0,530,10600
0877-openb-node-0259,,G2,96,8,412316860416,20000,11,22176,412316860416,0,0,220,4400,30,600,130,2600,0,0,190,3800,190,3800,190,3800,950,19000
0878-openb-node-0232,,G2,96,8,412316860416,20000,11,1130,412316860416,0,0,0,0,540,10800,350,7000,70,1400,310,6200,0,0,0,0,1270,25400
0879-openb-node-1023,,G2,96,8,412316860416,20000,9,736,412316860416,0,0,0,0,0,0,0,0,0,0,190,3800,190,3800,0,0,380,7600
0880-openb-node-0729,,T4,104,2,549755813888,15109,6,4492,549755813888,0,0,60,906,0,0,0,0,0,0,0,0,0,0,0,0,60,906
0881-openb-node-0478,,P100,16,2,128849018880,16280,2,940,128849018880,350,5698,190,3093,0,0,0,0,0,0,0,0,0,0,0,0,540,8791
0882-openb-node-0071,,V100M16,32,4,137438953472,16160,3,648,137438953472,0,0,0,0,1000,16160,680,10988,0,0,0,0,0,0,0,0,1680,27148
0883-openb-node-1060,,P100,16,2,128849018880,16280,2,1548,128849018880,0,0,190,3093,0,0,0,0,0,0,0,0,0,0,0,0,190,3093
0884-openb-node-0496,,G2,96,8,412316860416,20000,10,3280,412316860416,0,0,190,3800,350,7000,0,0,0,0,0,0,0,0,360,7200,900,18000
0885-openb-node-1037,,G2,96,8,412316860416,20000,7,2040,412316860416,0,0,0,0,0,0,0,0,0,0,0,0,0,0,1000,20000,1000,20000
0886-openb-node-0904,,G2,96,8,412316860416,20000,8,2580,412316860416,0,0,0,0,0,0,0,0,0,0,530,10600,190,3800,190,3800,910,18200
0887-openb-node-0593,,T4,104,2,549755813888,15109,5,55782,549755813888,0,0,30,453,0,0,0,0,0,0,0,0,0,0,0,0,30,453
0888-openb-node-0154,,G2,96,8,412316860416,20000,1,8000,412316860416,0,0,0,0,0,0,0,0,0,0,0,0,0,0,0,0,0,0
0889-openb-node-0305,,G3,128,8,824633720832,30000,12,1570,824633720832,0,0,0,0,0,0,0,0,0,0,300,9000,190,5700,60,1800,550,16500
0890-openb-node-0722,,T4,104,2,549755813888,15109,3,77048,549755813888,0,0,190,2870,0,0,0,0,0,0,0,0,0,0,0,0,190,2870
0891-openb-node-0838,,G2,96,8,412316860416,20000,9,20568,412316860416,0,0,0,0,190,3800,60,1200,0,0,0,0,0,0,190,3800,440,8800
0892-openb-node-1126,,T4,104,2,549755813888,15109,3,65800,549755813888,0,0,0,0,0,0,0,0,0,0,0,0,0,0,0,0,0,0
0893-openb-node-0691,,T4,104,2,549755813888,15109,4,56800,549755813888,0,0,0,0,0,0,0,0,0,0,0,0,0,0,0,0,0,0
0894-openb-node-0766,,G2,96,8,412316860416,20000,11,3492,412316860416,0,0,0,0,190,3800,190,3800,190,3800,0,0,460,9200,190,3800,1220,24400
0895-openb-node-0257,,G2,96,8,412316860416,20000,2,23800,412316860416,0,0,0,0,0,0,0,0,0,0,0,0,0,0,0,0,0,0
0896-openb-node-0251,,T4,104,2,549755813888,15109,6,17148,549755813888,0,0,190,2870,0,0,0,0,0,0,0,0,0,0,0,0,190,2870
0897-openb-node-0861,,G2,96,8,412316860416,20000,9,1586,412316860416,0,0,0,0,0,0,0,0,1000,20000,190,3800,1000,20000,190,3800,2380,47600
0898-openb-node-0362,,V100M32,48,4,395136991232,32510,4,7048,395136991232,190,6176,0,0,0,0,0,0,0,0,0,0,0,0,0,0,190,6176
0899-openb-node-0356,,G2,96,8,412316860416,20000,9,7136,412316860416,0,0,190,3800,0,0,0,0,0,0,0,0,190,3800,190,3800,570,11400
0900-openb-node-1021,,G2,96,8,412316860416,20000,10,3736,412316860416,190,3800,0,0,0,0,0,0,0,0,190,3800,190,3800,30,600,600,12000
0901-openb-node-1102,,T4,104,2,549755813888,15109,6,63544,549755813888,80,1208,80,1208,0,0,0,0,0,0,0,0,0,0,0,0,160,2416
0902-openb-node-0869,,P100,16,2,128849018880,16280,2,0,128849018880,530,8628,780,12698,0,0,0,0,0,0,0,0,0,0,0,0,1310,21326
0903-openb-node-1091,,G2,96,8,412316860416,20000,11,11968,412316860416,0,0,0,0,60,1200,190,3800,0,0,0,0,220,4400,190,3800,660,13200
0904-openb-node-0214,,V100M32,96,8,824633720832,32510,6,700,824633720832,0,0,0,0,0,0,0,0,0,0,1000,32510,1000,32510,1000,32510,3000,97530
0905-openb-node-0961,,G2,96,8,412316860416,20000,9,1240,412316860416,0,0,0,0,0,0,0,0,190,3800,0,0,0,0,1000,20000,1190,23800
0906-openb-node-0246,,G2,96,8,412316860416,20000,12,11376,412316860416,0,0,0,0,190,3800,0,0,0,0,190,3800,0,0,60,1200,440,8800
0907-openb-node-0420,,T4,104,2,549755813888,15109,5,41348,549755813888,70,1057,190,2870,0,0,0,0,0,0,0,0,0,0,0,0,260,3927
0908-openb-node-0533,,T4,104,2,549755813888,15109,6,51684,549755813888,30,453,50,755,0,0,0,0,0,0,0,0,0,0,0,0,80,1208
0909-openb-node-0234,,T4,104,2,549755813888,15109,7,9000,549755813888,0,0,70,1057,0,0,0,0,0,0,0,0,0,0,0,0,70,1057
0910-openb-node-0843,,T4,96,4,412316860416,15109,5,48940,412316860416,0,0,0,0,60,906,0,0,0,0,0,0,0,0,0,0,60,906
0911-openb-node-1108,,G2,96,8,412316860416,20000,9,1122,412316860416,0,0,0,0,30,600,0,0,0,0,190,3800,0,0,0,0,220,4400
0912-openb-node-0810,,G2,96,8,412316860416,20000,10,1286,412316860416,0,0,0,0,0,0,0,0,0,0,140,2800,680,13600,0,0,820,16400
0913-openb-node-0683,,G3,128,8,824633720832,30000,12,8424,824633720832,0,0,0,0,0,0,0,0,190,5700,310,9300,190,5700,20,600,710,21300
0914-openb-node-0253,,T4,104,2,549755813888,15109,5,45392,549755813888,0,0,120,1813,0,0,0,0,0,0,0,0,0,0,0,0,120,1813
0915-openb-node-0860,,G2,96,8,412316860416,20000,10,720,412316860416,0,0,0,0,160,3200,80,1600,0,0,350,7000,0,0,190,3800,780,15600
0916-openb-node-0227,,G2,96,8,412316860416,20000,7,1032,412316860416,0,0,530,10600,0,0,0,0,540,10800,1000,20000,1000,20000,190,3800,3260,65200
0917-openb-node-0073,,P100,16,2,128849018880,16280,2,600,128849018880,0,0,0,0,0,0,0,0,0,0,0,0,0,0,0,0,0,0
0918-openb-node-0942,,P100,16,2,128849018880,16280,4,696,128849018880,190,3093,50,814,0,0,0,0,0,0,0,0,0,0,0,0,240,3907
0919-openb-node-0112,,G2,96,8,412316860416,20000,9,12062,412316860416,0,0,0,0,0,0,0,0,0,0,190,3800,70,1400,0,0,260,5200
0920-openb-node-0879,,T4,104,2,549755813888,15109,6,43848,549755813888,0,0,0,0,0,0,0,0,0,0,0,0,0,0,0,0,0,0
0921-openb-node-0482,,T4,104,2,549755813888,15109,4,60200,549755813888,0,0,0,0,0,0,0,0,0,0,0,0,0,0,0,0,0,0
0922-openb-node-1110,,G2,96,8,412316860416,20000,11,6420,412316860416,0,0,0,0,0,0,120,2400,0,0,0,0,60,1200,310,6200,490,9800
0923-openb-node-0100,,G2,96,8,412316860416,20000,9,3674,412316860416,0,0,0,0,190,3800,190,3800,190,3800,0,0,190,3800,0,0,760,15200
0924-openb-node-1045,,G3,128,8,824633720832,30000,12,3124,824633720832,0,0,0,0,0,0,60,1800,530,15900,0,0,60,1800,0,0,650,19500
0925-openb-node-0830,,G2,96,8,412316860416,20000,9,584,412316860416,0,0,0,0,0,0,770,15400,300,6000,0,0,0,0,530,10600,1600,32000
0926-openb-node-0255,,T4,104,2,549755813888,15109,5,44940,549755813888,30,453,60,906,0,0,0,0,0,0,0,0,0,0,0,0,90,1359
0927-openb-node-0083,,P100,16,2,128849018880,16280,2,1448,128849018880,0,0,190,3093,0,0,0,0,0,0,0,0,0,0,0,0,190,3093
0928-openb-node-0706,,T4,104,2,549755813888,15109,4,80000,549755813888,70,1057,0,0,0,0,0,0,0,0,0,0,0,0,0,0,70,1057
0929-openb-node-0152,,G2,96,8,412316860416,20000,11,1288,412316860416,0,0,0,0,0,0,0,0,0,0,0,0,190,3800,160,3200,350,7000
0930-openb-node-1180,,T4,104,2,549755813888,15109,3,63892,549755813888,0,0,30,453,0,0,0,0,0,0,0,0,0,0,0,0,30,453
0931-openb-node-0334,,T4,104,2,549755813888,15109,5,79348,549755813888,130,1964,190,2870,0,0,0,0,0,0,0,0,0,0,0,0,320,4834
0932-openb-node-1053,,P100,16,2,128849018880,16280,2,548,128849018880,0,0,450,7326,0,0,0,0,0,0,0,0,0,0,0,0,450,7326
0933-openb-node-0906,,T4,104,2,549755813888,15109,4,59696,549755813888,30,453,0,0,0,0,0,0,0,0,0,0,0,0,0,0,30,453
0934-openb-node-0926,,G2,96,8,412316860416,20000,10,1044,412316860416,0,0,0,0,30,600,0,0,0,0,1000,20000,190,3800,190,3800,1410,28200
0935-openb-node-0890,,G2,96,8,412316860416,20000,9,5386,412316860416,0,0,0,0,190,3800,0,0,190,3800,0,0,0,0,0,0,380,7600
0936-openb-node-0614,,T4,104,2,549755813888,15109,6,4148,549755813888,0,0,0,0,0,0,0,0,0,0,0,0,0,0,0,0,0,0
0937-openb-node-0900,,G2,96,8,412316860416,20000,8,1728,412316860416,0,0,0,0,0,0,0,0,190,3800,0,0,1000,20000,680,13600,1870,37400
0938-openb-node-1059,,P100,16,2,128849018880,16280,2,1548,128849018880,190,3093,0,0,0,0,0,0,0,0,0,0,0,0,0,0,190,3093
0939-openb-node-0247,,V100M32,48,4,395136991232,32510,4,4848,395136991232,0,0,0,0,0,0,0,0,0,0,0,0,0,0,0,0,0,0
0940-openb-node-1120,,T4,104,2,549755813888,15109,5,40696,549755813888,0,0,190,2870,0,0,0,0,0,0,0,0,0,0,0,0,190,2870
0941-openb-node-0151,,G2,96,8,412316860416,20000,9,128,412316860416,0,0,190,3800,0,0,0,0,350,7000,0,0,190,3800,190,3800,920,18400
0942-openb-node-0453,,T4,104,2,549755813888,15109,5,65048,549755813888,0,0,80,1208,0,0,0,0,0,0,0,0,0,0,0,0,80,1208
0943-openb-node-1032,,A10,128,1,1099511627776,22731,2,119696,1099511627776,80,1818,0,0,0,0,0,0,0,0,0,0,0,0,0,0,80,1818
0944-openb-node-0999,,G2,96,8,412316860416,20000,10,1388,412316860416,0,0,60,1200,0,0,0,0,0,0,130,2600,190,3800,0,0,380,7600
0945-openb-node-0528,,T4,104,2,549755813888,15109,3,57548,549755813888,0,0,190,2870,0,0,0,0,0,0,0,0,0,0,0,0,190,2870
0946-openb-node-0642,,T4,104,2,549755813888,15109,6,71940,549755813888,80,1208,80,1208,0,0,0,0,0,0,0,0,0,0,0,0,160,2416
0947-openb-node-0637,,T4,104,2,549755813888,15109,5,41740,549755813888,0,0,190,2870,0,0,0,0,0,0,0,0,0,0,0,0,190,2870
0948-openb-node-1197,,T4,104,2,549755813888,15109,7,3500,549755813888,150,2266,0,0,0,0,0,0,0,0,0,0,0,0,0,0,150,2266
0949-openb-node-0687,,G2,96,8,412316860416,20000,9,7838,412316860416,0,0,0,0,0,0,0,0,0,0,0,0,0,0,0,0,0,0
0950-openb-node-1025,,P100,16,2,128849018880,16280,3,696,128849018880,230,3744,190,3093,0,0,0,0,0,0,0,0,0,0,0,0,420,6837
0951-openb-node-0022,,G3,128,8,824633720832,30000,1,7800,824633720832,0,0,0,0,0,0,0,0,0,0,0,0,0,0,0,0,0,0
0952-openb-node-0051,,P100,16,2,128849018880,16280,2,1448,128849018880,0,0,190,3093,0,0,0,0,0,0,0,0,0,0,0,0,190,3093
0953-openb-node-0972,,G2,96,8,412316860416,20000,8,1000,412316860416,0,0,0,0,0,0,0,0,0,0,0,0,0,0,1000,20000,1000,20000
0954-openb-node-0676,,G2,96,8,412316860416,20000,10,296,412316860416,0,0,0,0,0,0,0,0,70,1400,90,1800,540,10800,190,3800,890,17800
0955-openb-node-1044,,G3,128,8,824633720832,30000,12,13024,824633720832,190,5700,30,900,0,0,0,0,0,0,0,0,0,0,190,5700,410,12300
0956-openb-node-1088,,T4,104,2,549755813888,15109,4,36200,549755813888,0,0,0,0,0,0,0,0,0,0,0,0,0,0,0,0,0,0
0957-openb-node-0124,,T4,104,2,549755813888,15109,5,32548,549755813888,0,0,190,2870,0,0,0,0,0,0,0,0,0,0,0,0,190,2870
0958-openb-node-0672,,T4,104,2,549755813888,15109,2,74100,549755813888,0,0,0,0,0,0,0,0,0,0,0,0,0,0,0,0,0,0
0959-openb-node-0052,,G2,96,8,412316860416,20000,9,3140,412316860416,0,0,0,0,0,0,0,0,190,3800,0,0,540,10800,530,10600,1260,25200
0960-openb-node-0313,,G3,128,8,824633720832,30000,11,29120,824633720832,0,0,0,0,0,0,190,5700,190,5700,0,0,190,5700,60,1800,630,18900
0961-openb-node-1104,,G2,96,8,412316860416,20000,9,5438,412316860416,0,0,0,0,0,0,0,0,0,0,0,0,0,0,190,3800,190,3800
0962-openb-node-0874,,T4,104,2,549755813888,15109,4,82848,549755813888,0,0,190,2870,0,0,0,0,0,0,0,0,0,0,0,0,190,2870
0963-openb-node-0933,,G2,96,8,412316860416,20000,9,2330,412316860416,0,0,0,0,0,0,0,0,0,0,0,0,210,4200,0,0,210,4200
0964-openb-node-1160,,T4,104,2,549755813888,15109,6,36396,549755813888,80,1208,0,0,0,0,0,0,0,0,0,0,0,0,0,0,80,1208
0965-openb-node-0388,,T4,104,2,549755813888,15109,6,23848,549755813888,0,0,190,2870,0,0,0,0,0,0,0,0,0,0,0,0,190,2870
0966-openb-node-0006,,P100,64,2,274877906944,16280,6,24440,274877906944,30,488,10,162,0,0,0,0,0,0,0,0,0,0,0,0,40,650
0967-openb-node-0266,,G2,96,8,412316860416,20000,8,20380,412316860416,0,0,0,0,0,0,0,0,190,3800,190,3800,0,0,0,0,380,7600
0968-openb-node-1212,,G2,96,8,412316860416,20000,10,11684,412316860416,0,0,0,0,0,0,0,0,190,3800,70,1400,0,0,0,0,260,5200
0969-openb-node-0208,,T4,104,2,549755813888,15109,6,29796,549755813888,190,2870,190,2870,0,0,0,0,0,0,0,0,0,0,0,0,380,5740
0970-openb-node-0759,,T4,104,2,549755813888,15109,4,40200,549755813888,0,0,0,0,0,0,0,0,0,0,0,0,0,0,0,0,0,0
0971-openb-node-1095,,T4,104,2,549755813888,15109,4,30800,549755813888,0,0,0,0,0,0,0,0,0,0,0,0,0,0,0,0,0,0
0972-openb-node-0248,,V100M16,64,8,274877906944,16160,6,124,274877906944,0,0,0,0,0,0,0,0,0,0,530,8564,1000,16160,1000,16160,2530,40884
0973-openb-node-0215,,G2,96,8,412316860416,20000,11,10388,412316860416,0,0,0,0,60,1200,190,3800,0,0,220,4400,0,0,30,600,500,10000
0974-openb-node-1008,,G2,96,8,412316860416,20000,9,1696,412316860416,190,3800,0,0,680,13600,0,0,540,10800,0,0,0,0,1000,20000,2410,48200
0975-openb-node-0958,,G2,96,8,412316860416,20000,9,192,412316860416,0,0,0,0,0,0,0,0,0,0,430,8600,0,0,1000,20000,1430,28600
0976-openb-node-0054,,G2,96,8,412316860416,20000,11,2024,412316860416,0,0,0,0,0,0,0,0,60,1200,190,3800,210,4200,290,5800,750,15000
0977-openb-node-0583,,G2,96,8,412316860416,20000,10,7816,412316860416,0,0,0,0,0,0,0,0,190,3800,0,0,0,0,60,1200,250,5000
0978-openb-node-0189,,G2,96,8,412316860416,20000,10,980,412316860416,530,10600,0,0,0,0,0,0,350,7000,30,600,530,10600,190,3800,1630,32600
0979-openb-node-0303,,G2,96,8,412316860416,20000,7,2400,412316860416,0,0,0,0,0,0,0,0,1000,20000,1000,20000,180,3600,1000,20000,3180,63600
0980-openb-node-0597,,T4,104,2,549755813888,15109,3,49400,549755813888,0,0,0,0,0,0,0,0,0,0,0,0,0,0,0,0,0,0
0981-openb-node-0623,,G2,96,8,412316860416,20000,11,12784,412316860416,0,0,60,1200,0,0,190,3800,190,3800,190,3800,90,1800,0,0,720,14400
0982-openb-node-0770,,G2,96,8,412316860416,20000,9,124,412316860416,60,1200,0,0,530,10600,0,0,0,0,530,10600,350,7000,190,3800,1660,33200
0983-openb-node-0731,,T4,104,2,549755813888,15109,3,76092,549755813888,0,0,30,453,0,0,0,0,0,0,0,0,0,0,0,0,30,453
0984-openb-node-0550,,G2,96,8,412316860416,20000,11,980,412316860416,160,3200,190,3800,0,0,0,0,60,1200,350,7000,0,0,0,0,760,15200
0985-openb-node-0754,,T4,104,2,549755813888,15109,6,14638,549755813888,190,2870,0,0,0,0,0,0,0,0,0,0,0,0,0,0,190,2870
0986-openb-node-0462,,G2,96,8,412316860416,20000,8,874,412316860416,0,0,0,0,0,0,0,0,530,10600,0,0,530,10600,1000,20000,2060,41200
0987-openb-node-0804,,G2,96,8,412316860416,20000,6,2384,412316860416,0,0,1000,20000,1000,20000,370,7400,1000,20000,1000,20000,1000,20000,1000,20000,6370,127400
0988-openb-node-0097,,V100M16,32,4,137438953472,16160,5,6644,137438953472,0,0,0,0,190,3070,180,2908,0,0,0,0,0,0,0,0,370,5978
0989-openb-node-0938,,V100M16,32,4,137438953472,16160,4,2388,137438953472,190,3070,530,8564,0,0,190,3070,0,0,0,0,0,0,0,0,910,14704
0990-openb-node-0329,,G2,96,8,412316860416,20000,10,11144,412316860416,0,0,0,0,70,1400,190,3800,0,0,0,0,0,0,0,0,260,5200
0991-openb-node-0480,,T4,104,2,549755813888,15109,5,16940,549755813888,0,0,60,906,0,0,0,0,0,0,0,0,0,0,0,0,60,906
0992-openb-node-0348,,T4,104,2,549755813888,15109,5,25400,549755813888,0,0,0,0,0,0,0,0,0,0,0,0,0,0,0,0,0,0
0993-openb-node-0053,,G2,96,8,412316860416,20000,9,2084,412316860416,0,0,0,0,190,3800,0,0,1000,20000,190,3800,1000,20000,190,3800,2570,51400
0994-openb-node-0118,,P100,16,2,128849018880,16280,1,300,128849018880,0,0,1000,16280,0,0,0,0,0,0,0,0,0,0,0,0,1000,16280
0995-openb-node-0711,,G2,96,8,412316860416,20000,9,1548,412316860416,0,0,0,0,0,0,0,0,0,0,220,4400,0,0,680,13600,900,18000
0996-openb-node-0399,,G2,96,8,412316860416,20000,9,6180,412316860416,0,0,0,0,0,0,0,0,0,0,0,0,0,0,310,6200,310,6200
0997-openb-node-0228,,G2,96,8,412316860416,20000,9,1766,412316860416,0,0,190,3800,530,10600,190,3800,0,0,0,0,0,0,190,3800,1100,22000
0998-openb-node-0936,,G2,96,8,412316860416,20000,8,1886,412316860416,0,0,0,0,0,0,0,0,0,0,350,7000,1000,20000,190,3800,1540,30800
0999-openb-node-1114,,G2,96,8,412316860416,20000,7,1196,412316860416,0,0,0,0,0,0,630,12600,0,0,1000,20000,1000,20000,1000,20000,3630,72600
1000-openb-node-0220,,G2,96,8,412316860416,20000,8,1880,412316860416,0,0,190,3800,0,0,0,0,680,13600,0,0,190,3800,1000,20000,2060,41200
1001-openb-node-0181,,G3,128,8,824633720832,30000,11,7640,824633720832,0,0,0,0,0,0,0,0,30,900,0,0,0,0,0,0,30,900
1002-openb-node-0531,,G2,96,8,412316860416,20000,10,7032,412316860416,0,0,0,0,0,0,0,0,210,4200,190,3800,0,0,30,600,430,8600
1003-openb-node-0317,,T4,104,2,549755813888,15109,4,40648,549755813888,190,2870,0,0,0,0,0,0,0,0,0,0,0,0,0,0,190,2870
1004-openb-node-0899,,G2,96,8,412316860416,20000,11,1380,412316860416,0,0,0,0,190,3800,0,0,190,3800,130,2600,210,4200,70,1400,790,15800
1005-openb-node-0442,,T4,96,4,412316860416,15109,7,28400,412316860416,0,0,0,0,0,0,150,2266,0,0,0,0,0,0,0,0,150,2266
1006-openb-node-0296,,T4,104,2,549755813888,15109,4,59484,549755813888,0,0,60,906,0,0,0,0,0,0,0,0,0,0,0,0,60,906
1007-openb-node-0166,,V100M32,96,8,824633720832,32510,10,3048,824633720832,0,0,0,0,0,0,0,0,0,0,130,4226,0,0,0,0,130,4226
1008-openb-node-0315,,T4,104,2,549755813888,15109,3,80848,549755813888,90,1359,0,0,0,0,0,0,0,0,0,0,0,0,0,0,90,1359
1009-openb-node-0070,,T4,104,2,549755813888,15109,4,68000,549755813888,0,0,210,3172,0,0,0,0,0,0,0,0,0,0,0,0,210,3172
1010-openb-node-0960,,G2,96,8,412316860416,20000,7,792,412316860416,0,0,0,0,530,10600,0,0,1000,20000,1000,20000,1000,20000,350,7000,3880,77600
1011-openb-node-0465,,G2,96,8,412316860416,20000,9,9486,412316860416,0,0,0,0,0,0,0,0,0,0,0,0,0,0,190,3800,190,3800
1012-openb-node-1068,,G2,96,8,412316860416,20000,11,3086,412316860416,0,0,230,4600,0,0,0,0,0,0,0,0,450,9000,0,0,680,13600
1013-openb-node-0401,,G2,96,8,412316860416,20000,8,40,412316860416,0,0,190,3800,450,9000,190,3800,190,3800,1000,20000,1000,20000,190,3800,3210,64200
1014-openb-node-1125,,T4,104,2,549755813888,15109,4,71100,549755813888,0,0,0,0,0,0,0,0,0,0,0,0,0,0,0,0,0,0
1015-openb-node-0413,,T4,104,2,549755813888,15109,6,9048,549755813888,30,453,0,0,0,0,0,0,0,0,0,0,0,0,0,0,30,453
1016-openb-node-0342,,V100M32,48,4,395136991232,32510,4,3340,395136991232,0,0,0,0,0,0,0,0,0,0,0,0,0,0,0,0,0,0
1017-openb-node-0566,,T4,104,2,549755813888,15109,5,23090,549755813888,0,0,0,0,0,0,0,0,0,0,0,0,0,0,0,0,0,0
1018-openb-node-0130,,T4,104,2,549755813888,15109,4,57800,549755813888,0,0,160,2417,0,0,0,0,0,0,0,0,0,0,0,0,160,2417
1019-openb-node-0429,,G2,96,8,412316860416,20000,9,10928,412316860416,0,0,0,0,0,0,190,3800,0,0,60,1200,190,3800,190,3800,630,12600
1020-openb-node-0139,,T4,104,2,549755813888,15109,3,78538,549755813888,0,0,0,0,0,0,0,0,0,0,0,0,0,0,0,0,0,0
1021-openb-node-0202,,T4,104,2,549755813888,15109,4,9892,549755813888,0,0,0,0,0,0,0,0,0,0,0,0,0,0,0,0,0,0
1022-openb-node-0298,,T4,104,2,549755813888,15109,3,76348,549755813888,0,0,190,2870,0,0,0,0,0,0,0,0,0,0,0,0,190,2870
1023-openb-node-0832,,G2,96,8,412316860416,20000,6,2592,412316860416,0,0,1000,20000,1000,20000,1000,20000,1000,20000,1000,20000,350,7000,1000,20000,6350,127000
1024-openb-node-0844,,G2,96,8,412316860416,20000,10,2188,412316860416,0,0,0,0,0,0,350,7000,530,10600,0,0,90,1800,0,0,970,19400
1025-openb-node-0630,,P100,16,2,128849018880,16280,3,848,128849018880,680,11070,90,1465,0,0,0,0,0,0,0,0,0,0,0,0,770,12535
1026-openb-node-0088,,G2,96,8,412316860416,20000,10,2236,412316860416,190,3800,0,0,0,0,70,1400,0,0,190,3800,0,0,190,3800,640,12800
1027-openb-node-1176,,T4,104,2,549755813888,15109,6,6948,549755813888,0,0,30,453,0,0,0,0,0,0,0,0,0,0,0,0,30,453
1028-openb-node-0206,,T4,104,2,549755813888,15109,3,70374,549755813888,0,0,60,906,0,0,0,0,0,0,0,0,0,0,0,0,60,906
1029-openb-node-0113,,T4,104,2,549755813888,15109,6,10592,549755813888,0,0,30,453,0,0,0,0,0,0,0,0,0,0,0,0,30,453
1030-openb-node-0013,,P100,64,2,274877906944,16280,5,9196,274877906944,0,0,30,488,0,0,0,0,0,0,0,0,0,0,0,0,30,488
1031-openb-node-0095,,G2,96,8,412316860416,20000,10,10396,412316860416,0,0,0,0,220,4400,90,1800,0,0,0,0,0,0,190,3800,500,10000
1032-openb-node-0903,,G2,96,8,412316860416,20000,10,84,412316860416,0,0,0,0,0,0,530,10600,670,13400,1000,20000,210,4200,680,13600,3090,61800
1033-openb-node-0718,,T4,104,2,549755813888,15109,8,16448,549755813888,0,0,20,302,0,0,0,0,0,0,0,0,0,0,0,0,20,302
1034-openb-node-1118,,T4,104,2,549755813888,15109,6,32440,549755813888,190,2870,70,1057,0,0,0,0,0,0,0,0,0,0,0,0,260,3927
1035-openb-node-0370,,G3,128,8,824633720832,30000,10,10884,824633720832,0,0,0,0,0,0,0,0,0,0,0,0,0,0,60,1800,60,1800
1036-openb-node-0078,,T4,96,4,412316860416,15109,7,4940,412316860416,0,0,0,0,0,0,60,906,0,0,0,0,0,0,0,0,60,906
1037-openb-node-1094,,T4,104,2,549755813888,15109,3,82190,549755813888,0,0,80,1208,0,0,0,0,0,0,0,0,0,0,0,0,80,1208
1038-openb-node-0460,,G2,96,8,412316860416,20000,6,1880,412316860416,0,0,0,0,0,0,1000,20000,1000,20000,350,7000,1000,20000,1000,20000,4350,87000
1039-openb-node-0134,,T4,104,2,549755813888,15109,4,33300,549755813888,0,0,0,0,0,0,0,0,0,0,0,0,0,0,0,0,0,0
1040-openb-node-0096,,T4,96,4,412316860416,15109,9,2984,412316860416,60,906,70,1057,0,0,120,1813,0,0,0,0,0,0,0,0,250,3776
1041-openb-node-0476,,G2,96,8,412316860416,20000,10,780,412316860416,0,0,0,0,0,0,180,3600,0,0,0,0,190,3800,0,0,370,7400
1042-openb-node-0079,,T4,96,4,412316860416,15109,7,26332,412316860416,0,0,120,1813,0,0,30,453,0,0,0,0,0,0,0,0,150,2266
1043-openb-node-1071,,G2,96,8,412316860416,20000,7,19248,412316860416,0,0,0,0,0,0,0,0,0,0,0,0,0,0,0,0,0,0
1044-openb-node-0450,,T4,104,2,549755813888,15109,3,68800,549755813888,0,0,0,0,0,0,0,0,0,0,0,0,0,0,0,0,0,0
1045-openb-node-0027,,G2,96,8,412316860416,20000,9,17596,412316860416,0,0,0,0,0,0,0,0,0,0,0,0,0,0,70,1400,70,1400
1046-openb-node-0286,,G2,96,8,412316860416,20000,12,13096,412316860416,0,0,60,1200,130,2600,0,0,0,0,30,600,0,0,0,0,220,4400
1047-openb-node-0663,,G2,96,8,412316860416,20000,9,480,412316860416,0,0,0,0,0,0,0,0,0,0,0,0,0,0,190,3800,190,3800
1048-openb-node-0705,,T4,104,2,549755813888,15109,6,19500,549755813888,0,0,0,0,0,0,0,0,0,0,0,0,0,0,0,0,0,0
1049-openb-node-0165,,T4,104,2,549755813888,15109,7,9392,549755813888,0,0,80,1208,0,0,0,0,0,0,0,0,0,0,0,0,80,1208
1050-openb-node-0487,,T4,104,2,549755813888,15109,4,61544,549755813888,190,2870,40,604,0,0,0,0,0,0,0,0,0,0,0,0,230,3474
1051-openb-node-0699,,T4,104,2,549755813888,15109,4,57790,549755813888,0,0,0,0,0,0,0,0,0,0,0,0,0,0,0,0,0,0
1052-openb-node-0111,,G2,96,8,412316860416,20000,9,188,412316860416,0,0,0,0,210,4200,0,0,0,0,410,8200,0,0,190,3800,810,16200
1053-openb-node-0265,,P100,16,2,128849018880,16280,3,1696,128849018880,0,0,190,3093,0,0,0,0,0,0,0,0,0,0,0,0,190,3093
1054-openb-node-1109,,G2,96,8,412316860416,20000,10,6688,412316860416,0,0,190,3800,0,0,0,0,0,0,30,600,30,600,0,0,250,5000
1055-openb-node-0923,,G2,96,8,412316860416,20000,9,8128,412316860416,0,0,0,0,0,0,0,0,190,3800,0,0,0,0,190,3800,380,7600
1056-openb-node-0598,,T4,104,2,549755813888,15109,4,50296,549755813888,0,0,190,2870,0,0,0,0,0,0,0,0,0,0,0,0,190,2870
1057-openb-node-0191,,G2,96,8,412316860416,20000,12,1772,412316860416,0,0,0,0,60,1200,0,0,60,1200,70,1400,220,4400,0,0,410,8200
1058-openb-node-0405,,G2,96,8,412316860416,20000,11,3096,412316860416,0,0,0,0,0,0,0,0,780,15600,0,0,1000,20000,360,7200,2140,42800
1059-openb-node-0697,,T4,104,2,549755813888,15109,5,24148,549755813888,0,0,190,2870,0,0,0,0,0,0,0,0,0,0,0,0,190,2870
1060-openb-node-0009,,P100,64,2,274877906944,16280,6,3776,274877906944,30,488,60,976,0,0,0,0,0,0,0,0,0,0,0,0,90,1464
1061-openb-node-0129,,T4,104,2,549755813888,15109,5,43092,549755813888,0,0,60,906,0,0,0,0,0,0,0,0,0,0,0,0,60,906
1062-openb-node-0887,,T4,104,2,549755813888,15109,6,49190,549755813888,140,2115,0,0,0,0,0,0,0,0,0,0,0,0,0,0,140,2115
1063-openb-node-1138,,P100,16,2,128849018880,16280,3,848,128849018880,80,1302,190,3093,0,0,0,0,0,0,0,0,0,0,0,0,270,4395
1064-openb-node-0627,,P100,16,2,128849018880,16280,2,1448,128849018880,190,3093,0,0,0,0,0,0,0,0,0,0,0,0,0,0,190,3093
1065-openb-node-1155,,T4,104,2,549755813888,15109,2,89548,549755813888,0,0,0,0,0,0,0,0,0,0,0,0,0,0,0,0,0,0
1066-openb-node-0602,,T4,104,2,549755813888,15109,5,60100,549755813888,0,0,0,0,0,0,0,0,0,0,0,0,0,0,0,0,0,0
1067-openb-node-0573,,T4,104,2,549755813888,15109,4,68348,549755813888,0,0,0,0,0,0,0,0,0,0,0,0,0,0,0,0,0,0
1068-openb-node-1194,,T4,104,2,549755813888,15109,6,36940,549755813888,190,2870,30,453,0,0,0,0,0,0,0,0,0,0,0,0,220,3323
1069-openb-node-0222,,G2,96,8,412316860416,20000,8,4688,412316860416,0,0,0,0,0,0,0,0,0,0,0,0,0,0,0,0,0,0
1070-openb-node-0945,,T4,104,2,549755813888,15109,4,55100,549755813888,0,0,0,0,0,0,0,0,0,0,0,0,0,0,0,0,0,0
1071-openb-node-1046,,T4,104,2,549755813888,15109,3,80940,549755813888,60,906,190,2870,0,0,0,0,0,0,0,0,0,0,0,0,250,3776
1072-openb-node-1051,,P100,16,2,128849018880,16280,2,1548,128849018880,190,3093,0,0,0,0,0,0,0,0,0,0,0,0,0,0,190,3093
1073-openb-node-0407,,G2,96,8,412316860416,20000,10,2536,412316860416,0,0,0,0,0,0,0,0,0,0,190,3800,60,1200,0,0,250,5000
1074-openb-node-0712,,G2,96,8,412316860416,20000,12,676,412316860416,190,3800,0,0,0,0,190,3800,0,0,310,6200,350,7000,70,1400,1110,22200
1075-openb-node-0974,,G2,96,8,412316860416,20000,12,21332,412316860416,190,3800,290,5800,0,0,0,0,0,0,190,3800,90,1800,190,3800,950,19000
1076-openb-node-1139,,G2,96,8,412316860416,20000,2,23800,412316860416,0,0,0,0,0,0,0,0,0,0,0,0,0,0,0,0,0,0
1077-openb-node-0666,,G2,96,8,412316860416,20000,12,176,412316860416,300,6000,0,0,60,1200,0,0,130,2600,0,0,190,3800,0,0,680,13600
1078-openb-node-0498,,G2,96,8,412316860416,20000,9,128,412316860416,0,0,0,0,0,0,190,3800,0,0,1000,20000,190,3800,1000,20000,2380,47600
1079-openb-node-0507,,G2,96,8,412316860416,20000,8,1376,412316860416,0,0,0,0,350,7000,0,0,350,7000,0,0,0,0,0,0,700,14000
1080-openb-node-0447,,G2,96,8,412316860416,20000,9,1488,412316860416,0,0,0,0,0,0,0,0,60,1200,0,0,190,3800,0,0,250,5000
1081-openb-node-0872,,T4,104,2,549755813888,15109,5,10890,549755813888,0,0,0,0,0,0,0,0,0,0,0,0,0,0,0,0,0,0
1082-openb-node-0323,,G2,96,8,412316860416,20000,9,2438,412316860416,0,0,0,0,0,0,0,0,190,3800,0,0,0,0,530,10600,720,14400
1083-openb-node-0868,,P100,16,2,128849018880,16280,2,940,128849018880,190,3093,350,5698,0,0,0,0,0,0,0,0,0,0,0,0,540,8791
1084-openb-node-0855,,G2,96,8,412316860416,20000,2,23800,412316860416,0,0,0,0,0,0,0,0,0,0,0,0,0,0,0,0,0,0
1085-openb-node-0346,,G2,96,8,412316860416,20000,8,340,412316860416,0,0,770,15400,0,0,0,0,0,0,0,0,1000,20000,30,600,1800,36000
1086-openb-node-0779,,T4,104,2,549755813888,15109,3,61392,549755813888,0,0,0,0,0,0,0,0,0,0,0,0,0,0,0,0,0,0
1087-openb-node-0685,,G2,96,8,412316860416,20000,10,4112,412316860416,0,0,0,0,190,3800,0,0,190,3800,0,0,190,3800,60,1200,630,12600
1088-openb-node-0978,,P100,16,2,128849018880,16280,3,848,128849018880,190,3093,80,1302,0,0,0,0,0,0,0,0,0,0,0,0,270,4395
1089-openb-node-0833,,G2,96,8,412316860416,20000,9,244,412316860416,0,0,0,0,0,0,0,0,190,3800,190,3800,1000,20000,190,3800,1570,31400
1090-openb-node-0156,,G2,96,8,412316860416,20000,10,3380,412316860416,0,0,0,0,0,0,0,0,190,3800,190,3800,350,7000,0,0,730,14600
1091-openb-node-0445,,G2,96,8,412316860416,20000,11,2538,412316860416,0,0,0,0,0,0,0,0,180,3600,0,0,210,4200,0,0,390,7800
1092-openb-node-1156,,T4,104,2,549755813888,15109,4,76348,549755813888,0,0,0,0,0,0,0,0,0,0,0,0,0,0,0,0,0,0
1093-openb-node-0814,,V100M32,96,8,824633720832,32510,8,2224,824633720832,0,0,0,0,0,0,530,17230,0,0,0,0,0,0,540,17555,1070,34785
1094-openb-node-0880,,T4,104,2,549755813888,15109,2,85148,549755813888,0,0,190,2870,0,0,0,0,0,0,0,0,0,0,0,0,190,2870
1095-openb-node-0674,,G2,96,8,412316860416,20000,8,3548,412316860416,0,0,0,0,0,0,0,0,530,10600,0,0,0,0,190,3800,720,14400
1096-openb-node-0387,,T4,104,2,549755813888,15109,6,2792,549755813888,0,0,70,1057,0,0,0,0,0,0,0,0,0,0,0,0,70,1057
1097-openb-node-0180,,G3,128,8,824633720832,30000,11,14216,824633720832,0,0,210,6300,0,0,0,0,0,0,0,0,190,5700,30,900,430,12900
1098-openb-node-0600,,T4,104,2,549755813888,15109,3,81448,549755813888,0,0,0,0,0,0,0,0,0,0,0,0,0,0,0,0,0,0
1099-openb-node-0894,,G2,96,8,412316860416,20000,9,496,412316860416,0,0,0,0,680,13600,210,4200,190,3800,190,3800,1000,20000,1000,20000,3270,65400
1100-openb-node-0805,,G2,96,8,412316860416,20000,11,8434,412316860416,0,0,0,0,0,0,0,0,0,0,190,3800,190,3800,0,0,380,7600
1101-openb-node-0750,,T4,104,2,549755813888,15109,7,15000,549755813888,0,0,80,1208,0,0,0,0,0,0,0,0,0,0,0,0,80,1208
1102-openb-node-0757,,T4,104,2,549755813888,15109,4,53400,549755813888,0,0,0,0,0,0,0,0,0,0,0,0,0,0,0,0,0,0
1103-openb-node-0459,,G2,96,8,412316860416,20000,7,2992,412316860416,0,0,0,0,0,0,0,0,1000,20000,1000,20000,540,10800,540,10800,3080,61600
1104-openb-node-0599,,T4,104,2,549755813888,15109,5,32492,549755813888,0,0,0,0,0,0,0,0,0,0,0,0,0,0,0,0,0,0
1105-openb-node-0876,,T4,104,2,549755813888,15109,3,73548,549755813888,0,0,0,0,0,0,0,0,0,0,0,0,0,0,0,0,0,0
1106-openb-node-1116,,T4,104,2,549755813888,15109,3,80348,549755813888,0,0,0,0,0,0,0,0,0,0,0,0,0,0,0,0,0,0
1107-openb-node-0616,,T4,104,2,549755813888,15109,3,52500,549755813888,0,0,0,0,0,0,0,0,0,0,0,0,0,0,0,0,0,0
1108-openb-node-0502,,G2,96,8,412316860416,20000,10,9668,412316860416,0,0,0,0,0,0,0,0,160,3200,0,0,0,0,190,3800,350,7000
1109-openb-node-0884,,T4,104,2,549755813888,15109,4,56100,549755813888,0,0,0,0,0,0,0,0,0,0,0,0,0,0,0,0,0,0
1110-openb-node-0856,,G2,96,8,412316860416,20000,8,2948,412316860416,0,0,680,13600,0,0,0,0,1000,20000,190,3800,1000,20000,540,10800,3410,68200
1111-openb-node-0055,,G2,96,8,412316860416,20000,7,1140,412316860416,0,0,0,0,0,0,0,0,1000,20000,1000,20000,530,10600,1000,20000,3530,70600
1112-openb-node-0647,,T4,104,2,549755813888,15109,5,44892,549755813888,0,0,60,906,0,0,0,0,0,0,0,0,0,0,0,0,60,906
1113-openb-node-0326,,G2,96,8,412316860416,20000,9,196,412316860416,0,0,0,0,0,0,0,0,0,0,0,0,770,15400,190,3800,960,19200
1114-openb-node-0345,,G2,96,8,412316860416,20000,12,912,412316860416,0,0,70,1400,0,0,60,1200,60,1200,520,10400,410,8200,190,3800,1310,26200
1115-openb-node-1036,,G2,96,8,412316860416,20000,12,2692,412316860416,0,0,90,1800,190,3800,60,1200,300,6000,190,3800,190,3800,0,0,1020,20400
1116-openb-node-0435,,T4,104,2,549755813888,15109,6,4440,549755813888,60,906,190,2870,0,0,0,0,0,0,0,0,0,0,0,0,250,3776
1117-openb-node-0648,,T4,104,2,549755813888,15109,4,74190,549755813888,0,0,0,0,0,0,0,0,0,0,0,0,0,0,0,0,0,0
1118-openb-node-0950,,T4,104,2,549755813888,15109,4,48348,549755813888,0,0,0,0,0,0,0,0,0,0,0,0,0,0,0,0,0,0
1119-openb-node-0499,,G2,96,8,412316860416,20000,11,3480,412316860416,0,0,30,600,0,0,190,3800,70,1400,190,3800,0,0,0,0,480,9600
1120-openb-node-0310,,G2,96,8,412316860416,20000,7,1548,412316860416,0,0,0,0,0,0,0,0,0,0,1000,20000,840,16800,1000,20000,2840,56800
1121-openb-node-1133,,G2,96,8,412316860416,20000,10,1632,412316860416,0,0,320,6400,60,1200,0,0,0,0,530,10600,0,0,0,0,910,18200
1122-openb-node-1153,,T4,104,2,549755813888,15109,7,33800,549755813888,130,1964,0,0,0,0,0,0,0,0,0,0,0,0,0,0,130,1964
1123-openb-node-0037,,G3,128,8,824633720832,30000,11,408,824633720832,0,0,0,0,0,0,210,6300,60,1800,0,0,160,4800,0,0,430,12900
1124-openb-node-0415,,T4,104,2,549755813888,15109,3,59038,549755813888,190,2870,0,0,0,0,0,0,0,0,0,0,0,0,0,0,190,2870
1125-openb-node-0367,,G2,96,8,412316860416,20000,9,6180,412316860416,0,0,0,0,0,0,0,0,60,1200,0,0,0,0,190,3800,250,5000
1126-openb-node-0516,,G2,96,8,412316860416,20000,9,7532,412316860416,0,0,0,0,0,0,0,0,0,0,190,3800,0,0,60,1200,250,5000
1127-openb-node-0125,,T4,104,2,549755813888,15109,5,26748,549755813888,0,0,190,2870,0,0,0,0,0,0,0,0,0,0,0,0,190,2870
1128-openb-node-0494,,G2,96,8,412316860416,20000,8,784,412316860416,0,0,0,0,0,0,0,0,0,0,0,0,0,0,680,13600,680,13600
1129-openb-node-0688,,V100M16,32,4,137438953472,16160,6,5696,137438953472,0,0,550,8888,770,12443,190,3070,0,0,0,0,0,0,0,0,1510,24401
1130-openb-node-1073,,G2,96,8,412316860416,20000,10,1436,412316860416,0,0,0,0,190,3800,190,3800,0,0,0,0,400,8000,0,0,780,15600
1131-openb-node-0552,,T4,104,2,549755813888,15109,2,80600,549755813888,0,0,0,0,0,0,0,0,0,0,0,0,0,0,0,0,0,0
1132-openb-node-0425,,V100M32,96,8,824633720832,32510,5,5848,824633720832,0,0,0,0,0,0,0,0,0,0,0,0,0,0,0,0,0,0
1133-openb-node-0319,,T4,104,2,549755813888,15109,5,68000,549755813888,0,0,0,0,0,0,0,0,0,0,0,0,0,0,0,0,0,0
1134-openb-node-0883,,T4,104,2,549755813888,15109,6,4948,549755813888,190,2870,0,0,0,0,0,0,0,0,0,0,0,0,0,0,190,2870
1135-openb-node-0559,,G2,96,8,412316860416,20000,14,880,412316860416,70,1400,80,1600,30,600,130,2600,0,0,60,1200,190,3800,210,4200,770,15400
1136-openb-node-0535,,T4,104,2,549755813888,15109,6,59348,549755813888,0,0,0,0,0,0,0,0,0,0,0,0,0,0,0,0,0,0
1137-openb-node-1069,,G2,96,8,412316860416,20000,11,1280,412316860416,0,0,0,0,0,0,0,0,60,1200,190,3800,0,0,0,0,250,5000
1138-openb-node-0372,,G2,96,8,412316860416,20000,2,0,412316860416,0,0,0,0,0,0,0,0,0,0,0,0,0,0,0,0,0,0
1139-openb-node-1092,,G2,96,8,412316860416,20000,9,1284,412316860416,0,0,0,0,190,3800,190,3800,190,3800,1000,20000,780,15600,190,3800,2540,50800
1140-openb-node-1140,,V100M16,8,1,34359738368,16160,1,4848,34359738368,0,0,0,0,0,0,0,0,0,0,0,0,0,0,0,0,0,0
1141-openb-node-0149,,G2,96,8,412316860416,20000,9,532,412316860416,0,0,0,0,0,0,0,0,0,0,0,0,190,3800,70,1400,260,5200
1142-openb-node-0135,,T4,104,2,549755813888,15109,4,68696,549755813888,0,0,190,2870,0,0,0,0,0,0,0,0,0,0,0,0,190,2870
1143-openb-node-0005,,P100,64,2,274877906944,16280,4,4792,274877906944,0,0,130,2116,0,0,0,0,0,0,0,0,0,0,0,0,130,2116
1144-openb-node-1063,,T4,104,2,549755813888,15109,3,88848,549755813888,0,0,30,453,0,0,0,0,0,0,0,0,0,0,0,0,30,453
1145-openb-node-0819,,G2,96,8,412316860416,20000,9,628,412316860416,0,0,0,0,0,0,0,0,190,3800,1000,20000,530,10600,120,2400,1840,36800
1146-openb-node-0837,,G2,96,8,412316860416,20000,8,188,412316860416,0,0,0,0,0,0,0,0,190,3800,0,0,1000,20000,1000,20000,2190,43800
1147-openb-node-0606,,T4,104,2,549755813888,15109,5,47948,549755813888,0,0,190,2870,0,0,0,0,0,0,0,0,0,0,0,0,190,2870
1148-openb-node-0625,,V100M16,32,4,137438953472,16160,4,1896,137438953472,0,0,0,0,1000,16160,190,3070,0,0,0,0,0,0,0,0,1190,19230
1149-openb-node-1167,,G2,96,8,412316860416,20000,10,3288,412316860416,0,0,0,0,190,3800,0,0,60,1200,190,3800,530,10600,530,10600,1500,30000
1150-openb-node-0548,,G2,96,8,412316860416,20000,11,3486,412316860416,0,0,0,0,0,0,0,0,0,0,30,600,130,2600,0,0,160,3200
1151-openb-node-0349,,G2,96,8,412316860416,20000,9,72,412316860416,0,0,0,0,0,0,190,3800,350,7000,0,0,70,1400,0,0,610,12200
1152-openb-node-0059,,G2,96,8,412316860416,20000,8,9792,412316860416,0,0,0,0,350,7000,0,0,0,0,0,0,0,0,1000,20000,1350,27000
1153-openb-node-0290,,G2,96,8,412316860416,20000,10,3716,412316860416,0,0,0,0,0,0,0,0,0,0,190,3800,190,3800,210,4200,590,11800
1154-openb-node-0675,,G2,96,8,412316860416,20000,8,2984,412316860416,0,0,0,0,0,0,0,0,530,10600,0,0,1000,20000,770,15400,2300,46000
1155-openb-node-0689,,T4,104,2,549755813888,15109,7,3184,549755813888,60,906,0,0,0,0,0,0,0,0,0,0,0,0,0,0,60,906
1156-openb-node-0513,,G2,96,8,412316860416,20000,9,564,412316860416,0,0,0,0,0,0,0,0,190,3800,190,3800,0,0,350,7000,730,14600
1157-openb-node-1061,,P100,16,2,128849018880,16280,3,0,128849018880,300,4884,650,10582,0,0,0,0,0,0,0,0,0,0,0,0,950,15466
1158-openb-node-0114,,G2,96,8,412316860416,20000,8,1392,412316860416,0,0,0,0,0,0,0,0,0,0,1000,20000,1000,20000,540,10800,2540,50800
1159-openb-node-0555,,G2,96,8,412316860416,20000,9,19436,412316860416,0,0,0,0,0,0,60,1200,0,0,190,3800,0,0,190,3800,440,8800
1160-openb-node-0715,,T4,104,2,549755813888,15109,5,19092,549755813888,0,0,0,0,0,0,0,0,0,0,0,0,0,0,0,0,0,0
1161-openb-node-0671,,T4,104,2,549755813888,15109,4,28792,549755813888,0,0,0,0,0,0,0,0,0,0,0,0,0,0,0,0,0,0
1162-openb-node-1056,,P100,16,2,128849018880,16280,2,940,128849018880,350,5698,0,0,0,0,0,0,0,0,0,0,0,0,0,0,350,5698
1163-openb-node-0357,,P100,16,2,128849018880,16280,3,2848,128849018880,360,5860,190,3093,0,0,0,0,0,0,0,0,0,0,0,0,550,8953
1164-openb-node-0441,,V100M16,32,4,137438953472,16160,3,748,137438953472,0,0,0,0,190,3070,1000,16160,0,0,0,0,0,0,0,0,1190,19230
1165-openb-node-0170,,G3,128,8,824633720832,30000,11,15708,824633720832,0,0,0,0,0,0,0,0,190,5700,130,3900,0,0,60,1800,380,11400
1166-openb-node-0532,,T4,96,4,412316860416,15109,6,28640,412316860416,0,0,0,0,0,0,190,2870,0,0,0,0,0,0,0,0,190,2870
1167-openb-node-0745,,G2,96,8,412316860416,20000,10,1308,412316860416,0,0,0,0,0,0,520,10400,0,0,210,4200,60,1200,350,7000,1140,22800
1168-openb-node-0277,,G2,96,8,412316860416,20000,8,1774,412316860416,0,0,0,0,0,0,680,13600,680,13600,0,0,0,0,1000,20000,2360,47200
1169-openb-node-0751,,T4,104,2,549755813888,15109,5,23892,549755813888,30,453,0,0,0,0,0,0,0,0,0,0,0,0,0,0,30,453
1170-openb-node-0748,,T4,104,2,549755813888,15109,3,76184,549755813888,0,0,30,453,0,0,0,0,0,0,0,0,0,0,0,0,30,453
1171-openb-node-0551,,G2,96,8,412316860416,20000,8,8592,412316860416,0,0,0,0,0,0,1000,20000,530,10600,1000,20000,1000,20000,680,13600,4210,84200
1172-openb-node-0818,,G2,96,8,412316860416,20000,6,2192,412316860416,0,0,0,0,0,0,530,10600,1000,20000,1000,20000,1000,20000,1000,20000,4530,90600
1173-openb-node-0040,,G2,96,8,412316860416,20000,9,936,412316860416,0,0,0,0,0,0,0,0,190,3800,0,0,0,0,190,3800,380,7600
1174-openb-node-0438,,G2,96,8,412316860416,20000,9,536,412316860416,0,0,0,0,0,0,0,0,0,0,0,0,530,10600,190,3800,720,14400
1175-openb-node-0659,,G2,96,8,412316860416,20000,10,1960,412316860416,0,0,0,0,0,0,90,1800,0,0,30,600,0,0,0,0,120,2400
1176-openb-node-0589,,T4,104,2,549755813888,15109,4,60238,549755813888,0,0,0,0,0,0,0,0,0,0,0,0,0,0,0,0,0,0
1177-openb-node-0252,,T4,104,2,549755813888,15109,6,15200,549755813888,0,0,0,0,0,0,0,0,0,0,0,0,0,0,0,0,0,0
1178-openb-node-0353,,G2,96,8,412316860416,20000,2,20400,412316860416,0,0,0,0,0,0,0,0,0,0,0,0,0,0,0,0,0,0
1179-openb-node-0801,,G2,96,8,412316860416,20000,8,240,412316860416,0,0,0,0,0,0,0,0,0,0,770,15400,1000,20000,190,3800,1960,39200
1180-openb-node-0565,,G2,96,8,412316860416,20000,11,13234,412316860416,0,0,0,0,0,0,0,0,60,1200,30,600,0,0,190,3800,280,5600
1181-openb-node-1179,,T4,104,2,549755813888,15109,4,40600,549755813888,0,0,0,0,0,0,0,0,0,0,0,0,0,0,0,0,0,0
1182-openb-node-0385,,G2,96,8,412316860416,20000,8,40444,412316860416,0,0,0,0,0,0,0,0,190,3800,0,0,190,3800,190,3800,570,11400
1183-openb-node-0664,,G2,96,8,412316860416,20000,9,6840,412316860416,0,0,0,0,0,0,0,0,0,0,0,0,0,0,190,3800,190,3800
1184-openb-node-0867,,V100M32,96,8,824633720832,32510,10,1236,824633720832,0,0,0,0,190,6176,0,0,170,5526,0,0,190,6176,0,0,550,17878
1185-openb-node-0470,,G2,96,8,412316860416,20000,1,31800,412316860416,0,0,0,0,0,0,0,0,0,0,0,0,0,0,0,0,0,0
1186-openb-node-0580,,G3,128,8,824633720832,30000,10,7938,824633720832,0,0,0,0,0,0,0,0,0,0,0,0,0,0,0,0,0,0
1187-openb-node-1143,,P100,16,2,128849018880,16280,3,848,128849018880,190,3093,210,3418,0,0,0,0,0,0,0,0,0,0,0,0,400,6511
1188-openb-node-1149,,G2,96,8,412316860416,20000,11,3932,412316860416,0,0,0,0,350,7000,360,7200,0,0,80,1600,350,7000,0,0,1140,22800
1189-openb-node-0094,,G2,96,8,412316860416,20000,11,3480,412316860416,0,0,0,0,190,3800,90,1800,0,0,50,1000,60,1200,0,0,390,7800
1190-openb-node-0011,,P100,64,2,274877906944,16280,8,3196,274877906944,30,488,80,1302,0,0,0,0,0,0,0,0,0,0,0,0,110,1790
1191-openb-node-0524,,V100M32,96,8,824633720832,32510,10,7136,824633720832,0,0,0,0,0,0,0,0,0,0,0,0,90,2925,190,6176,280,9101
1192-openb-node-1065,,P100,16,2,128849018880,16280,2,848,128849018880,0,0,190,3093,0,0,0,0,0,0,0,0,0,0,0,0,190,3093
1193-openb-node-0773,,G2,96,8,412316860416,20000,7,84,412316860416,0,0,0,0,0,0,0,0,1000,20000,1000,20000,1000,20000,70,1400,3070,61400
1194-openb-node-0986,,V100M32,96,8,824633720832,32510,10,1188,824633720832,0,0,0,0,0,0,0,0,0,0,0,0,0,0,60,1950,60,1950
1195-openb-node-0235,,T4,104,2,549755813888,15109,5,22290,549755813888,0,0,0,0,0,0,0,0,0,0,0,0,0,0,0,0,0,0
1196-openb-node-0188,,G2,96,8,412316860416,20000,11,2984,412316860416,0,0,190,3800,680,13600,650,13000,0,0,0,0,60,1200,190,3800,1770,35400
1197-openb-node-1033,,A10,128,1,1099511627776,22731,1,124848,1099511627776,190,4318,0,0,0,0,0,0,0,0,0,0,0,0,0,0,190,4318
1198-openb-node-0692,,T4,104,2,549755813888,15109,7,17600,549755813888,0,0,50,755,0,0,0,0,0,0,0,0,0,0,0,0,50,755
1199-openb-node-0984,,G2,96,8,412316860416,20000,11,3792,412316860416,0,0,0,0,0,0,190,3800,0,0,190,3800,410,8200,0,0,790,15800
1200-openb-node-0925,,G2,96,8,412316860416,20000,8,19140,412316860416,0,0,0,0,0,0,0,0,0,0,190,3800,0,0,0,0,190,3800
1201-openb-node-0167,,G3,128,8,824633720832,30000,12,6292,824633720832,0,0,0,0,80,2400,190,5700,0,0,0,0,0,0,0,0,270,8100
1202-openb-node-0123,,T4,104,2,549755813888,15109,6,13548,549755813888,0,0,190,2870,0,0,0,0,0,0,0,0,0,0,0,0,190,2870
1203-openb-node-1015,,T4,104,2,549755813888,15109,5,60200,549755813888,210,3172,0,0,0,0,0,0,0,0,0,0,0,0,0,0,210,3172
1204-openb-node-1147,,G2,96,8,412316860416,20000,8,134,412316860416,0,0,0,0,0,0,190,3800,0,0,190,3800,0,0,1000,20000,1380,27600
1205-openb-node-0469,,G2,96,8,412316860416,20000,9,2696,412316860416,0,0,0,0,60,1200,0,0,190,3800,1000,20000,190,3800,1000,20000,2440,48800
1206-openb-node-0057,,T4,96,4,412316860416,15109,7,9740,412316860416,0,0,0,0,120,1813,190,2870,0,0,0,0,0,0,0,0,310,4683
1207-openb-node-0744,,G2,96,8,412316860416,20000,8,2390,412316860416,0,0,0,0,0,0,530,10600,0,0,0,0,680,13600,1000,20000,2210,44200
1208-openb-node-0144,,P100,16,2,128849018880,16280,3,5696,128849018880,30,488,0,0,0,0,0,0,0,0,0,0,0,0,0,0,30,488
1209-openb-node-0332,,G3,128,8,824633720832,30000,12,78,824633720832,0,0,0,0,0,0,190,5700,530,15900,0,0,190,5700,30,900,940,28200
1210-openb-node-1016,,T4,104,2,549755813888,15109,8,11848,549755813888,0,0,190,2870,0,0,0,0,0,0,0,0,0,0,0,0,190,2870
1211-openb-node-0302,,T4,104,2,549755813888,15109,5,34100,549755813888,0,0,70,1057,0,0,0,0,0,0,0,0,0,0,0,0,70,1057
1212-openb-node-0732,,T4,104,2,549755813888,15109,4,52940,549755813888,190,2870,30,453,0,0,0,0,0,0,0,0,0,0,0,0,220,3323
