ow_gpuspec10-dr_0.0-tn_1.3-ts_42-if_1.0-ccmd_ac30-policy_Random1000desharemd8fc0-de_share-gs_random-scmd_8fc0-used_nodes,ow_gpuspec10-dr_0.0-tn_1.3-ts_42-if_1.0-ccmd_ac30-policy_Random1000desharemd8fc0-de_share-gs_random-scmd_8fc0-used_gpus,ow_gpuspec10-dr_0.0-tn_1.3-ts_42-if_1.0-ccmd_ac30-policy_Random1000desharemd8fc0-de_share-gs_random-scmd_8fc0-used_gpu_milli,ow_gpuspec10-dr_0.0-tn_1.3-ts_42-if_1.0-ccmd_ac30-policy_Random1000desharemd8fc0-de_share-gs_random-scmd_8fc0-total_gpus,ow_gpuspec10-dr_0.0-tn_1.3-ts_42-if_1.0-ccmd_ac30-policy_Random1000desharemd8fc0-de_share-gs_random-scmd_8fc0-arrived_gpu_milli
1,2,0,6212,0
2,4,810,6212,810
3,12,1810,6212,1810
4,20,2810,6212,2810
5,22,3810,6212,3810
6,30,4620,6212,4620
7,38,5090,6212,5090
8,40,5740,6212,5740
9,42,6550,6212,6550
10,44,6780,6212,6780
11,52,7590,6212,7590
12,60,8590,6212,8590
13,62,9060,6212,9060
14,66,9520,6212,9520
15,74,9520,6212,9520
16,82,10520,6212,10520
17,84,10980,6212,10980
18,92,11440,6212,11440
19,93,12440,6212,12440
20,95,13440,6212,13440
21,103,13440,6212,13440
22,105,13910,6212,13910
22,105,13910,6212,13910
23,107,14720,6212,14720
24,115,14880,6212,14880
25,123,14880,6212,14880
26,131,15880,6212,15880
27,139,16880,6212,16880
28,147,17690,6212,17690
29,155,18690,6212,18690
30,163,18800,6212,18800
31,171,19800,6212,19800
32,173,19800,6212,19800
33,177,20270,6212,20270
34,185,21270,6212,21270
35,193,22270,6212,22270
36,201,23270,6212,23270
37,209,24270,6212,24270
38,217,25270,6212,25270
39,225,25740,6212,25740
40,233,25740,6212,25740
41,235,26740,6212,26740
42,237,26740,6212,26740
43,245,27740,6212,27740
44,253,28060,6212,28060
45,261,29060,6212,29060
46,263,29060,6212,29060
47,265,29380,6212,29380
48,267,30380,6212,30380
49,269,31190,6212,31190
50,271,31190,6212,31190
51,273,31560,6212,31560
52,275,32560,6212,32560
53,283,33560,6212,33560
54,291,34560,6212,34560
55,299,34880,6212,34880
56,301,35880,6212,35880
57,309,36880,6212,36880
58,311,37880,6212,37880
59,313,38690,6212,38690
60,315,39690,6212,39690
61,317,40690,6212,40690
62,319,41010,6212,41010
63,321,42010,6212,42010
64,329,43010,6212,43010
65,337,44010,6212,44010
66,345,45010,6212,45010
67,353,45010,6212,45010
68,355,46010,6212,46010
69,363,47010,6212,47010
70,371,47480,6212,47480
71,379,48290,6212,48290
72,387,49290,6212,49290
73,395,50290,6212,50290
74,397,51100,6212,51100
75,401,51100,6212,51100
76,409,52100,6212,52100
76,409,53100,6212,53100
77,411,53910,6212,53910
78,419,57910,6212,57910
79,421,57910,6212,57910
80,429,58720,6212,58720
81,437,58720,6212,58720
82,439,59530,6212,59530
83,441,60530,6212,60530
84,443,61530,6212,61530
85,451,61530,6212,61530
86,459,62340,6212,62340
87,460,63340,6212,63340
88,462,64340,6212,64340
89,470,65340,6212,65340
90,472,66340,6212,66340
91,480,66990,6212,66990
92,482,67800,6212,67800
93,490,68800,6212,68800
94,498,69800,6212,69800
95,500,70270,6212,70270
96,508,70590,6212,70590
97,510,70590,6212,70590
98,512,71400,6212,71400
99,514,72210,6212,72210
100,516,72760,6212,72760
100,516,73570,6212,73570
101,524,73570,6212,73570
102,526,73570,6212,73570
103,528,74570,6212,74570
104,530,75570,6212,75570
105,538,76570,6212,76570
105,538,77380,6212,77380
106,540,78380,6212,78380
106,540,78850,6212,78850
107,548,79850,6212,79850
108,556,80850,6212,80850
109,564,81660,6212,81660
110,566,82660,6212,82660
111,574,83660,6212,83660
112,578,84660,6212,84660
113,580,84660,6212,84660
113,580,84660,6212,84660
114,588,84660,6212,84660
115,596,84660,6212,84660
116,604,85660,6212,85660
116,604,86660,6212,86660
117,612,87660,6212,87660
118,614,88470,6212,88470
119,622,88470,6212,88470
120,624,88470,6212,88470
121,632,89470,6212,89470
122,640,89470,6212,89470
123,642,89470,6212,89470
124,644,89470,6212,89470
125,646,90120,6212,90120
126,648,90930,6212,90930
127,650,90930,6212,90930
127,650,91930,6212,91930
128,658,92930,6212,92930
129,660,93400,6212,93400
130,662,94400,6212,94400
131,664,95400,6212,95400
132,672,96210,6212,96210
133,674,97210,6212,97210
134,676,98210,6212,98210
135,684,98210,6212,98210
136,688,98860,6212,98860
137,690,99860,6212,99860
138,698,99860,6212,99860
139,700,100510,6212,100510
140,708,100980,6212,100980
141,710,101980,6212,101980
142,712,102790,6212,102790
143,720,103600,6212,103600
144,728,104600,6212,104600
144,728,105410,6212,105410
144,728,106410,6212,106410
145,730,106880,6212,106880
146,732,107880,6212,107880
147,740,108880,6212,108880
148,742,109690,6212,109690
149,750,110690,6212,110690
150,758,111010,6212,111010
151,766,111560,6212,111560
152,774,112560,6212,112560
153,782,113560,6212,113560
154,790,114020,6212,114020
155,798,115020,6212,115020
156,806,115830,6212,115830
157,810,116830,6212,116830
157,810,117830,6212,117830
158,812,118150,6212,118150
158,812,119150,6212,119150
159,820,119470,6212,119470
160,822,120470,6212,120470
161,824,120790,6212,120790
162,832,120790,6212,120790
163,834,121790,6212,121790
164,842,121790,6212,121790
165,844,122790,6212,122790
166,852,123790,6212,123790
167,860,124600,6212,124600
168,862,125600,6212,125600
169,870,125600,6212,125600
170,878,126600,6212,126600
171,886,127070,6212,127070
172,888,127880,6212,127880
172,888,128880,6212,128880
173,896,129530,6212,129530
174,904,129530,6212,129530
174,904,129530,6212,129530
175,906,129760,6212,129760
175,906,130080,6212,130080
176,914,130400,6212,130400
177,922,131210,6212,131210
177,922,132210,6212,132210
178,930,133020,6212,133020
179,938,133020,6212,133020
180,946,133020,6212,133020
180,946,134020,6212,134020
181,948,134830,6212,134830
182,950,134830,6212,134830
183,958,134830,6212,134830
184,962,135640,6212,135640
184,962,135960,6212,135960
185,970,136960,6212,136960
186,978,137960,6212,137960
187,986,138960,6212,138960
188,988,139610,6212,139610
189,990,140610,6212,140610
190,992,141420,6212,141420
191,994,141420,6212,141420
192,1002,142420,6212,142420
193,1004,143420,6212,143420
194,1006,144420,6212,144420
194,1006,145230,6212,145230
195,1007,145600,6212,145600
196,1015,146070,6212,146070
196,1015,147070,6212,147070
197,1023,147540,6212,147540
198,1031,148540,6212,148540
198,1031,149540,6212,149540
199,1039,150010,6212,150010
200,1047,151010,6212,151010
201,1055,151820,6212,151820
202,1063,152630,6212,152630
203,1071,153630,6212,153630
204,1075,153630,6212,153630
204,1075,154630,6212,154630
205,1077,155100,6212,155100
206,1085,156100,6212,156100
206,1085,156570,6212,156570
207,1089,156940,6212,156940
208,1097,157940,6212,157940
209,1105,158750,6212,158750
209,1105,159560,6212,159560
210,1107,160020,6212,160020
211,1109,160830,6212,160830
212,1111,161480,6212,161480
212,1111,161710,6212,161710
212,1111,161710,6212,161710
213,1115,161710,6212,161710
214,1123,161710,6212,161710
215,1125,162710,6212,162710
216,1133,163520,6212,163520
217,1141,167520,6212,167520
218,1143,168520,6212,168520
219,1151,169520,6212,169520
219,1151,170520,6212,170520
220,1153,171520,6212,171520
221,1161,172520,6212,172520
222,1169,172990,6212,172990
223,1171,173990,6212,173990
223,1171,174990,6212,174990
224,1173,175460,6212,175460
225,1175,176460,6212,176460
225,1175,177460,6212,177460
226,1183,178270,6212,178270
227,1191,179270,6212,179270
228,1193,179740,6212,179740
229,1195,180740,6212,180740
230,1203,181740,6212,181740
231,1211,182740,6212,182740
232,1213,183740,6212,183740
232,1213,184740,6212,184740
233,1215,185200,6212,185200
234,1217,186200,6212,186200
235,1219,186200,6212,186200
236,1221,187200,6212,187200
237,1223,188200,6212,188200
238,1225,189200,6212,189200
239,1227,189520,6212,189520
240,1235,190330,6212,190330
241,1237,191140,6212,191140
241,1237,191690,6212,191690
242,1245,192160,6212,192160
243,1247,192160,6212,192160
244,1251,192390,6212,192390
245,1259,192860,6212,192860
246,1267,193080,6212,193080
246,1267,194080,6212,194080
246,1267,194890,6212,194890
247,1275,195890,6212,195890
247,1275,196700,6212,196700
248,1277,196700,6212,196700
249,1285,197170,6212,197170
250,1287,198170,6212,198170
251,1295,199170,6212,199170
251,1295,199980,6212,199980
252,1299,200980,6212,200980
253,1301,201980,6212,201980
254,1309,202450,6212,202450
255,1317,203450,6212,203450
256,1325,204260,6212,204260
257,1327,205260,6212,205260
258,1335,205730,6212,205730
259,1343,205730,6212,205730
260,1345,206540,6212,206540
261,1353,207350,6212,207350
262,1361,207350,6212,207350
263,1363,208350,6212,208350
264,1371,209350,6212,209350
264,1371,209580,6212,209580
265,1379,211580,6212,211580
266,1381,211580,6212,211580
267,1389,212390,6212,212390
268,1397,212390,6212,212390
269,1405,213390,6212,213390
269,1405,214390,6212,214390
270,1413,215200,6212,215200
271,1421,216200,6212,216200
272,1429,217200,6212,217200
273,1437,218200,6212,218200
273,1437,219010,6212,219010
274,1445,219330,6212,219330
275,1453,220140,6212,220140
276,1455,221140,6212,221140
277,1463,222140,6212,222140
278,1471,222140,6212,222140
279,1473,223140,6212,223140
279,1473,223790,6212,223790
280,1475,223790,6212,223790
280,1475,224790,6212,224790
281,1477,226790,6212,226790
281,1477,227020,6212,227020
282,1485,227490,6212,227490
283,1493,228490,6212,228490
284,1501,229300,6212,229300
284,1501,230300,6212,230300
284,1501,231300,6212,231300
284,1501,232300,6212,232300
285,1503,233110,6212,233110
286,1505,233110,6212,233110
287,1513,233920,6212,233920
287,1513,234510,6212,234510
288,1521,234830,6212,234830
289,1523,235830,6212,235830
290,1525,235830,6212,235830
291,1527,235830,6212,235830
292,1529,236300,6212,236300
293,1531,237110,6212,237110
294,1539,237110,6212,237110
295,1541,238110,6212,238110
295,1541,238340,6212,238340
296,1549,239340,6212,239340
297,1557,240340,6212,240340
298,1565,241340,6212,241340
298,1565,241340,6212,241340
299,1567,241660,6212,241660
300,1569,242130,6212,242130
301,1571,243130,6212,243130
302,1573,243130,6212,243130
303,1581,243780,6212,243780
303,1581,244590,6212,244590
304,1589,252590,6212,252590
305,1591,253590,6212,253590
306,1593,254590,6212,254590
307,1601,255590,6212,255590
308,1603,256240,6212,256240
308,1603,257240,6212,257240
309,1611,257710,6212,257710
310,1619,258710,6212,258710
311,1627,259710,6212,259710
312,1629,260710,6212,260710
313,1631,261710,6212,261710
314,1639,262710,6212,262710
315,1647,262940,6212,262940
316,1649,263940,6212,263940
317,1651,264940,6212,264940
318,1653,265750,6212,265750
319,1655,266560,6212,266560
319,1655,267030,6212,267030
320,1659,268030,6212,268030
321,1663,269030,6212,269030
322,1667,270030,6212,270030
323,1675,271030,6212,271030
324,1683,271030,6212,271030
325,1685,271580,6212,271580
326,1693,272050,6212,272050
327,1695,272700,6212,272700
328,1703,272700,6212,272700
329,1711,273700,6212,273700
330,1713,274700,6212,274700
330,1713,275510,6212,275510
331,1721,275980,6212,275980
331,1721,276980,6212,276980
332,1723,277980,6212,277980
333,1731,278980,6212,278980
334,1739,279790,6212,279790
334,1739,280790,6212,280790
335,1747,288790,6212,288790
335,1747,289600,6212,289600
336,1755,290600,6212,290600
337,1757,291150,6212,291150
338,1759,292150,6212,292150
339,1761,293150,6212,293150
340,1769,293620,6212,293620
340,1769,294620,6212,294620
341,1777,295430,6212,295430
342,1785,296080,6212,296080
343,1793,297080,6212,297080
344,1801,298080,6212,298080
345,1809,299080,6212,299080
346,1817,300080,6212,300080
347,1825,301080,6212,301080
347,1825,302080,6212,302080
347,1825,303080,6212,303080
348,1827,304080,6212,304080
349,1835,304550,6212,304550
350,1837,305550,6212,305550
351,1839,305550,6212,305550
351,1839,306550,6212,306550
352,1841,306550,6212,306550
353,1849,307550,6212,307550
354,1857,308550,6212,308550
355,1865,308550,6212,308550
356,1867,309550,6212,309550
357,1869,309780,6212,309780
358,1877,310780,6212,310780
359,1879,311780,6212,311780
360,1887,311780,6212,311780
361,1895,311780,6212,311780
362,1897,312240,6212,312240
363,1901,313240,6212,313240
364,1903,314050,6212,314050
365,1905,314050,6212,314050
366,1907,315050,6212,315050
367,1915,315270,6212,315270
367,1915,316270,6212,316270
367,1915,317080,6212,317080
368,1917,318080,6212,318080
368,1917,318540,6212,318540
369,1919,319350,6212,319350
370,1927,320160,6212,320160
371,1935,320810,6212,320810
372,1943,321810,6212,321810
372,1943,322040,6212,322040
373,1945,323040,6212,323040
374,1949,324040,6212,324040
374,1949,325040,6212,325040
374,1949,326040,6212,326040
374,1949,326510,6212,326510
374,1949,326980,6212,326980
375,1953,327980,6212,327980
376,1955,328980,6212,328980
377,1957,329980,6212,329980
378,1965,330980,6212,330980
379,1967,331300,6212,331300
380,1975,332300,6212,332300
381,1977,333110,6212,333110
382,1979,333920,6212,333920
383,1981,334920,6212,334920
384,1989,335920,6212,335920
385,1991,336920,6212,336920
385,1991,337730,6212,337730
386,1999,338540,6212,338540
386,1999,339540,6212,339540
386,1999,340010,6212,340010
387,2007,341010,6212,341010
388,2009,341010,6212,341010
388,2009,341010,6212,341010
388,2009,342010,6212,342010
389,2011,342010,6212,342010
390,2013,343010,6212,343010
390,2013,343010,6212,343010
391,2015,343820,6212,343820
392,2017,344820,6212,344820
393,2025,345050,6212,345050
393,2025,346050,6212,346050
394,2033,346860,6212,346860
394,2033,347670,6212,347670
394,2033,347670,6212,347670
394,2033,348670,6212,348670
395,2037,349020,6212,349020
396,2045,350020,6212,350020
396,2045,351020,6212,351020
397,2047,351020,6212,351020
398,2049,351340,6212,351340
398,2049,352340,6212,352340
399,2051,353340,6212,353340
399,2051,353340,6212,353340
399,2051,354340,6212,354340
400,2053,355340,6212,355340
400,2053,356150,6212,356150
400,2053,357150,6212,357150
401,2061,357150,6212,357150
402,2069,358150,6212,358150
403,2071,359150,6212,359150
404,2079,360150,6212,360150
405,2081,360620,6212,360620
406,2089,361620,6212,361620
407,2097,362620,6212,362620
408,2099,363430,6212,363430
409,2107,364240,6212,364240
409,2107,365240,6212,365240
410,2115,365240,6212,365240
410,2115,365240,6212,365240
410,2115,366240,6212,366240
410,2115,366470,6212,366470
411,2123,367470,6212,367470
412,2131,368470,6212,368470
412,2131,369280,6212,369280
412,2131,369930,6212,369930
413,2133,369930,6212,369930
414,2135,370930,6212,370930
414,2135,371930,6212,371930
414,2135,372390,6212,372390
415,2137,373200,6212,373200
416,2145,374200,6212,374200
417,2147,375200,6212,375200
417,2147,376200,6212,376200
418,2155,377200,6212,377200
419,2157,378010,6212,378010
420,2159,378010,6212,378010
421,2167,379010,6212,379010
421,2167,380010,6212,380010
422,2175,381010,6212,381010
423,2177,381480,6212,381480
424,2179,382480,6212,382480
424,2179,383480,6212,383480
424,2179,383480,6212,383480
424,2179,384480,6212,384480
425,2187,385290,6212,385290
425,2187,385520,6212,385520
425,2187,386520,6212,386520
426,2195,387520,6212,387520
427,2203,388520,6212,388520
427,2203,389520,6212,389520
428,2205,389990,6212,389990
429,2213,390990,6212,390990
429,2213,391990,6212,391990
430,2221,392990,6212,392990
431,2229,393990,6212,393990
432,2237,394800,6212,394800
433,2245,395800,6212,395800
434,2253,396800,6212,396800
435,2254,397800,6212,397800
435,2254,398030,6212,398030
436,2256,398030,6212,398030
436,2256,399030,6212,399030
437,2264,399840,6212,399840
438,2272,400840,6212,400840
439,2274,401840,6212,401840
439,2274,402160,6212,402160
439,2274,403160,6212,403160
440,2276,403160,6212,403160
440,2276,404160,6212,404160
441,2284,404970,6212,404970
442,2286,405520,6212,405520
443,2294,405520,6212,405520
444,2296,405680,6212,405680
445,2298,406000,6212,406000
446,2306,406810,6212,406810
446,2306,407280,6212,407280
446,2306,408280,6212,408280
446,2306,409090,6212,409090
447,2314,409560,6212,409560
448,2322,410020,6212,410020
448,2322,411020,6212,411020
448,2322,412020,6212,412020
448,2322,413020,6212,413020
448,2322,413240,6212,413240
449,2324,413240,6212,413240
449,2324,414240,6212,414240
450,2332,422240,6212,422240
451,2340,423240,6212,423240
451,2340,424050,6212,424050
451,2340,424050,6212,424050
451,2340,425050,6212,425050
452,2348,426050,6212,426050
453,2356,426270,6212,426270
454,2358,426920,6212,426920
455,2366,427920,6212,427920
456,2368,428920,6212,428920
456,2368,429920,6212,429920
457,2370,430570,6212,430570
458,2378,431380,6212,431380
459,2386,432380,6212,432380
460,2394,433030,6212,433030
461,2402,433500,6212,433500
462,2404,433500,6212,433500
462,2404,434310,6212,434310
462,2404,434780,6212,434780
463,2408,435250,6212,435250
464,2416,435720,6212,435720
465,2420,436190,6212,436190
466,2428,437000,6212,437000
467,2436,438000,6212,438000
467,2436,438320,6212,438320
468,2444,439320,6212,439320
469,2452,440130,6212,440130
470,2460,440600,6212,440600
470,2460,441600,6212,441600
471,2462,441920,6212,441920
472,2464,442730,6212,442730
473,2472,442890,6212,442890
473,2472,443890,6212,443890
474,2474,444540,6212,444540
475,2476,444540,6212,444540
475,2476,445540,6212,445540
475,2476,446010,6212,446010
475,2476,447010,6212,447010
476,2478,447330,6212,447330
477,2480,448330,6212,448330
478,2488,449330,6212,449330
478,2488,449700,6212,449700
478,2488,450700,6212,450700
479,2490,451700,6212,451700
480,2492,452700,6212,452700
481,2500,453700,6212,453700
482,2508,454700,6212,454700
482,2508,455700,6212,455700
482,2508,456700,6212,456700
482,2508,456700,6212,456700
482,2508,456700,6212,456700
482,2508,456930,6212,456930
482,2508,457930,6212,457930
483,2512,457930,6212,457930
483,2512,458250,6212,458250
484,2514,458720,6212,458720
485,2522,459720,6212,459720
486,2530,460720,6212,460720
486,2530,461720,6212,461720
487,2538,462530,6212,462530
487,2538,463340,6212,463340
488,2546,463820,6212,463820
488,2546,464820,6212,464820
488,2546,465820,6212,465820
489,2554,466820,6212,466820
490,2562,466820,6212,466820
490,2562,467820,6212,467820
490,2562,468820,6212,468820
491,2570,469630,6212,469630
491,2570,470630,6212,470630
492,2578,471100,6212,471100
492,2578,472100,6212,472100
493,2580,472910,6212,472910
494,2582,473720,6212,473720
495,2584,474720,6212,474720
496,2592,475720,6212,475720
497,2594,476720,6212,476720
498,2595,477530,6212,477530
498,2595,477760,6212,477760
498,2595,478760,6212,478760
499,2597,478760,6212,478760
500,2605,479760,6212,479760
501,2613,479980,6212,479980
501,2613,480450,6212,480450
501,2613,481260,6212,481260
501,2613,482260,6212,482260
502,2615,483260,6212,483260
502,2615,484260,6212,484260
503,2623,485070,6212,485070
503,2623,485660,6212,485660
504,2631,486660,6212,486660
505,2639,494660,6212,494660
505,2639,495210,6212,495210
506,2641,496020,6212,496020
507,2645,496020,6212,496020
507,2645,497020,6212,497020
508,2653,498020,6212,498020
509,2661,498020,6212,498020
510,2669,499020,6212,499020
511,2671,500020,6212,500020
512,2679,500250,6212,500250
513,2681,501250,6212,501250
513,2681,501410,6212,501410
514,2689,502410,6212,502410
515,2691,503410,6212,503410
516,2699,504410,6212,504410
517,2707,504880,6212,504880
518,2715,505350,6212,505350
519,2723,505820,6212,505820
520,2725,506820,6212,506820
521,2733,507630,6212,507630
521,2733,508630,6212,508630
521,2733,509630,6212,509630
521,2733,509950,6212,509950
522,2735,510760,6212,510760
523,2737,511080,6212,511080
523,2737,511550,6212,511550
524,2739,512360,6212,512360
525,2741,512830,6212,512830
526,2749,513830,6212,513830
527,2751,514300,6212,514300
528,2759,514300,6212,514300
529,2761,514620,6212,514620
529,2761,515620,6212,515620
529,2761,516620,6212,516620
529,2761,517430,6212,517430
530,2769,518430,6212,518430
530,2769,518900,6212,518900
531,2771,519220,6212,519220
532,2773,519690,6212,519690
532,2773,520500,6212,520500
532,2773,520970,6212,520970
533,2775,521970,6212,521970
534,2777,522970,6212,522970
535,2779,523970,6212,523970
536,2781,523970,6212,523970
537,2783,524620,6212,524620
538,2785,525620,6212,525620
539,2793,526430,6212,526430
539,2793,526430,6212,526430
539,2793,527240,6212,527240
539,2793,528240,6212,528240
540,2801,529240,6212,529240
540,2801,529710,6212,529710
541,2803,529710,6212,529710
542,2805,529710,6212,529710
542,2805,530710,6212,530710
543,2807,531710,6212,531710
544,2815,532710,6212,532710
545,2823,533710,6212,533710
546,2831,534710,6212,534710
546,2831,535030,6212,535030
546,2831,536030,6212,536030
546,2831,537030,6212,537030
547,2835,537030,6212,537030
548,2843,537030,6212,537030
548,2843,538030,6212,538030
548,2843,539030,6212,539030
549,2845,539500,6212,539500
550,2847,540500,6212,540500
550,2847,540500,6212,540500
551,2855,541150,6212,541150
552,2857,542150,6212,542150
552,2857,542620,6212,542620
553,2859,542620,6212,542620
553,2859,542730,6212,542730
553,2859,543200,6212,543200
554,2867,544200,6212,544200
555,2869,544200,6212,544200
555,2869,545200,6212,545200
555,2869,546200,6212,546200
555,2869,547200,6212,547200
555,2869,548200,6212,548200
556,2871,549200,6212,549200
556,2871,550200,6212,550200
557,2879,551200,6212,551200
558,2887,551430,6212,551430
558,2887,552430,6212,552430
559,2895,553430,6212,553430
560,2897,554240,6212,554240
561,2905,555240,6212,555240
562,2913,556240,6212,556240
563,2915,556700,6212,556700
563,2915,557700,6212,557700
563,2915,558160,6212,558160
564,2923,559160,6212,559160
564,2923,559970,6212,559970
565,2931,559970,6212,559970
566,2939,560970,6212,560970
566,2939,561970,6212,561970
567,2947,562970,6212,562970
568,2955,563780,6212,563780
569,2957,564370,6212,564370
570,2965,564840,6212,564840
571,2973,565840,6212,565840
571,2973,569840,6212,569840
572,2981,569840,6212,569840
573,2983,570310,6212,570310
573,2983,570310,6212,570310
573,2983,570630,6212,570630
574,2991,571440,6212,571440
574,2991,572440,6212,572440
575,2993,573440,6212,573440
576,3001,573440,6212,573440
576,3001,574440,6212,574440
576,3001,574670,6212,574670
577,3009,575670,6212,575670
578,3011,576670,6212,576670
578,3011,577670,6212,577670
579,3019,577670,6212,577670
579,3019,578670,6212,578670
579,3019,579140,6212,579140
579,3019,579790,6212,579790
579,3019,580790,6212,580790
579,3019,581790,6212,581790
579,3019,581790,6212,581790
579,3019,582790,6212,582790
579,3019,583260,6212,583260
580,3021,583580,6212,583580
581,3023,584390,6212,584390
581,3023,585200,6212,585200
582,3025,585670,6212,585670
583,3033,586670,6212,586670
583,3033,586670,6212,586670
583,3033,587670,6212,587670
584,3041,588670,6212,588670
585,3043,589670,6212,589670
585,3043,590670,6212,590670
585,3043,590890,6212,590890
585,3043,591890,6212,591890
585,3043,592890,6212,592890
586,3051,593890,6212,593890
587,3059,594700,6212,594700
587,3059,594700,6212,594700
587,3059,595160,6212,595160
587,3059,595380,6212,595380
588,3067,596380,6212,596380
588,3067,597380,6212,597380
588,3067,597850,6212,597850
588,3067,598850,6212,598850
589,3075,599850,6212,599850
589,3075,600850,6212,600850
589,3075,608850,6212,608850
589,3075,609170,6212,609170
590,3083,609720,6212,609720
590,3083,610720,6212,610720
591,3085,610720,6212,610720
591,3085,611720,6212,611720
592,3093,612530,6212,612530
592,3093,613000,6212,613000
593,3101,613810,6212,613810
594,3103,614810,6212,614810
594,3103,615030,6212,615030
594,3103,616030,6212,616030
594,3103,616500,6212,616500
594,3103,617310,6212,617310
594,3103,618310,6212,618310
595,3105,619120,6212,619120
596,3106,619440,6212,619440
597,3114,619440,6212,619440
598,3116,620250,6212,620250
598,3116,621060,6212,621060
598,3116,621060,6212,621060
599,3124,621060,6212,621060
599,3124,621870,6212,621870
600,3132,622870,6212,622870
600,3132,623680,6212,623680
600,3132,624000,6212,624000
600,3132,624810,6212,624810
600,3132,625810,6212,625810
601,3134,626620,6212,626620
602,3142,627620,6212,627620
602,3142,628620,6212,628620
602,3142,628940,6212,628940
603,3150,629940,6212,629940
603,3150,630400,6212,630400
603,3150,631400,6212,631400
603,3150,632210,6212,632210
603,3150,633210,6212,633210
604,3152,634210,6212,634210
605,3160,635210,6212,635210
605,3160,635210,6212,635210
606,3162,636020,6212,636020
607,3166,637020,6212,637020
608,3174,637020,6212,637020
609,3178,638020,6212,638020
610,3180,638830,6212,638830
611,3182,639830,6212,639830
611,3182,640830,6212,640830
612,3190,641830,6212,641830
613,3192,642640,6212,642640
614,3194,643450,6212,643450
614,3194,643670,6212,643670
615,3196,644670,6212,644670
616,3204,645130,6212,645130
616,3204,645940,6212,645940
617,3206,646940,6212,646940
617,3206,647940,6212,647940
618,3214,648940,6212,648940
618,3214,649940,6212,649940
618,3214,650940,6212,650940
618,3214,651940,6212,651940
618,3214,651940,6212,651940
618,3214,651940,6212,651940
619,3222,652940,6212,652940
620,3224,653940,6212,653940
621,3226,654940,6212,654940
621,3226,655940,6212,655940
622,3228,656940,6212,656940
623,3230,656940,6212,656940
623,3230,656940,6212,656940
623,3230,657940,6212,657940
624,3232,658750,6212,658750
625,3236,659750,6212,659750
625,3236,660560,6212,660560
626,3238,660560,6212,660560
627,3246,661560,6212,661560
627,3246,662560,6212,662560
627,3246,663560,6212,663560
627,3246,664560,6212,664560
628,3248,664560,6212,664560
629,3250,665560,6212,665560
629,3250,666370,6212,666370
629,3250,667370,6212,667370
629,3250,668370,6212,668370
630,3252,669370,6212,669370
631,3260,670370,6212,670370
632,3268,671370,6212,671370
633,3270,672020,6212,672020
633,3270,673020,6212,673020
633,3270,674020,6212,674020
634,3272,675020,6212,675020
634,3272,675830,6212,675830
635,3280,676830,6212,676830
635,3280,677150,6212,677150
635,3280,678150,6212,678150
636,3282,679150,6212,679150
637,3290,680150,6212,680150
637,3290,680150,6212,680150
637,3290,681150,6212,681150
638,3292,682150,6212,682150
639,3294,683150,6212,683150
640,3296,684150,6212,684150
640,3296,685150,6212,685150
641,3300,685960,6212,685960
642,3302,685960,6212,685960
643,3310,685960,6212,685960
644,3312,686960,6212,686960
645,3316,687610,6212,687610
646,3324,688610,6212,688610
647,3326,689610,6212,689610
648,3328,690200,6212,690200
648,3328,690200,6212,690200
649,3332,690430,6212,690430
649,3332,691430,6212,691430
649,3332,691890,6212,691890
649,3332,692890,6212,692890
650,3334,692890,6212,692890
650,3334,693890,6212,693890
651,3342,694260,6212,694260
652,3350,695260,6212,695260
652,3350,696070,6212,696070
652,3350,697070,6212,697070
653,3352,698070,6212,698070
653,3352,699070,6212,699070
653,3352,699540,6212,699540
653,3352,700540,6212,700540
654,3360,701540,6212,701540
654,3360,702540,6212,702540
654,3360,703540,6212,703540
654,3360,704540,6212,704540
655,3368,705540,6212,705540
656,3376,705540,6212,705540
657,3384,706000,6212,706000
657,3384,707000,6212,707000
658,3392,707000,6212,707000
658,3392,708000,6212,708000
659,3400,709000,6212,709000
660,3402,709000,6212,709000
660,3402,709000,6212,709000
660,3402,710000,6212,710000
661,3410,710000,6212,710000
661,3410,711000,6212,711000
661,3410,711000,6212,711000
661,3410,711160,6212,711160
662,3412,712160,6212,712160
663,3414,712970,6212,712970
664,3422,713970,6212,713970
665,3423,713970,6212,713970
666,3425,714970,6212,714970
666,3425,715970,6212,715970
667,3433,716620,6212,716620
668,3441,716990,6212,716990
668,3441,717220,6212,717220
669,3445,718220,6212,718220
670,3453,719030,6212,719030
670,3453,719250,6212,719250
670,3453,719720,6212,719720
670,3453,720270,6212,720270
671,3457,721270,6212,721270
671,3457,722270,6212,722270
671,3457,723270,6212,723270
671,3457,723590,6212,723590
671,3457,723590,6212,723590
672,3465,724590,6212,724590
673,3467,725060,6212,725060
673,3467,725870,6212,725870
673,3467,726870,6212,726870
673,3467,727340,6212,727340
674,3468,728150,6212,728150
674,3468,729150,6212,729150
675,3470,729620,6212,729620
675,3470,730620,6212,730620
675,3470,730780,6212,730780
676,3478,731590,6212,731590
677,3486,732400,6212,732400
678,3494,732400,6212,732400
679,3496,733400,6212,733400
680,3498,734400,6212,734400
681,3500,735400,6212,735400
682,3508,736400,6212,736400
683,3512,737400,6212,737400
683,3512,738400,6212,738400
683,3512,739400,6212,739400
684,3520,740400,6212,740400
684,3520,741210,6212,741210
684,3520,742210,6212,742210
684,3520,743210,6212,743210
684,3520,744210,6212,744210
685,3528,745210,6212,745210
685,3528,746210,6212,746210
685,3528,747210,6212,747210
686,3536,747670,6212,747670
686,3536,748480,6212,748480
686,3536,749480,6212,749480
686,3536,749480,6212,749480
686,3536,750070,6212,750070
686,3536,751070,6212,751070
687,3544,752070,6212,752070
688,3546,753070,6212,753070
688,3546,754070,6212,754070
688,3546,754880,6212,754880
689,3554,755880,6212,755880
690,3556,756530,6212,756530
691,3560,756530,6212,756530
691,3560,757530,6212,757530
691,3560,758340,6212,758340
691,3560,758810,6212,758810
692,3562,759360,6212,759360
693,3564,760170,6212,760170
693,3564,761170,6212,761170
694,3566,762170,6212,762170
694,3566,762980,6212,762980
694,3566,763790,6212,763790
695,3568,764790,6212,764790
695,3568,765790,6212,765790
695,3568,766260,6212,766260
695,3568,766420,6212,766420
695,3568,766890,6212,766890
695,3568,766890,6212,766890
695,3568,766890,6212,766890
695,3568,767700,6212,767700
695,3568,768700,6212,768700
696,3576,769700,6212,769700
697,3584,770700,6212,770700
697,3584,771170,6212,771170
698,3592,771640,6212,771640
698,3592,772640,6212,772640
699,3600,773640,6212,773640
700,3608,774450,6212,774450
700,3608,775450,6212,775450
700,3608,776450,6212,776450
700,3608,777450,6212,777450
700,3608,778260,6212,778260
701,3610,778850,6212,778850
701,3610,779660,6212,779660
702,3618,780660,6212,780660
702,3618,781470,6212,781470
703,3626,781470,6212,781470
703,3626,782280,6212,782280
704,3628,783280,6212,783280
704,3628,784280,6212,784280
705,3630,785090,6212,785090
706,3632,785900,6212,785900
707,3640,786710,6212,786710
708,3648,787520,6212,787520
708,3648,788170,6212,788170
708,3648,789170,6212,789170
708,3648,789170,6212,789170
709,3650,790170,6212,790170
709,3650,790820,6212,790820
710,3652,791280,6212,791280
711,3656,792280,6212,792280
711,3656,793280,6212,793280
711,3656,794280,6212,794280
711,3656,795280,6212,795280
711,3656,795280,6212,795280
712,3664,803280,6212,803280
712,3664,804280,6212,804280
712,3664,805280,6212,805280
712,3664,805750,6212,805750
713,3672,806070,6212,806070
714,3676,806390,6212,806390
715,3684,807200,6212,807200
716,3686,808200,6212,808200
716,3686,809200,6212,809200
716,3686,809200,6212,809200
716,3686,810200,6212,810200
716,3686,811010,6212,811010
716,3686,812010,6212,812010
717,3688,812820,6212,812820
717,3688,813630,6212,813630
717,3688,814440,6212,814440
718,3690,815440,6212,815440
718,3690,816440,6212,816440
718,3690,817440,6212,817440
719,3692,818440,6212,818440
719,3692,819440,6212,819440
720,3700,819910,6212,819910
720,3700,820910,6212,820910
721,3708,821910,6212,821910
722,3710,822910,6212,822910
723,3712,823560,6212,823560
724,3714,824560,6212,824560
724,3714,825560,6212,825560
724,3714,826560,6212,826560
724,3714,826790,6212,826790
725,3718,827440,6212,827440
725,3718,828440,6212,828440
725,3718,829440,6212,829440
725,3718,830440,6212,830440
726,3726,831440,6212,831440
727,3734,832250,6212,832250
727,3734,833250,6212,833250
727,3734,833250,6212,833250
727,3734,834250,6212,834250
727,3734,834720,6212,834720
727,3734,835530,6212,835530
728,3736,835850,6212,835850
728,3736,835850,6212,835850
728,3736,835850,6212,835850
729,3744,836850,6212,836850
729,3744,837070,6212,837070
730,3746,838070,6212,838070
730,3746,838300,6212,838300
730,3746,839110,6212,839110
731,3748,839110,6212,839110
731,3748,840110,6212,840110
731,3748,841110,6212,841110
731,3748,841430,6212,841430
731,3748,842430,6212,842430
731,3748,843430,6212,843430
731,3748,844430,6212,844430
731,3748,845430,6212,845430
732,3756,846240,6212,846240
733,3764,847050,6212,847050
733,3764,847280,6212,847280
733,3764,848280,6212,848280
733,3764,849280,6212,849280
733,3764,850280,6212,850280
733,3764,851280,6212,851280
734,3766,852280,6212,852280
735,3770,853280,6212,853280
736,3772,854280,6212,854280
736,3772,854600,6212,854600
737,3780,855600,6212,855600
738,3781,856600,6212,856600
739,3789,856600,6212,856600
739,3789,857600,6212,857600
739,3789,858600,6212,858600
739,3789,860600,6212,860600
739,3789,860820,6212,860820
739,3789,860820,6212,860820
739,3789,861820,6212,861820
739,3789,862820,6212,862820
739,3789,863820,6212,863820
740,3791,863980,6212,863980
740,3791,863980,6212,863980
740,3791,864980,6212,864980
741,3799,865980,6212,865980
742,3807,866790,6212,866790
742,3807,867790,6212,867790
742,3807,868260,6212,868260
743,3809,868490,6212,868490
743,3809,869300,6212,869300
744,3811,869620,6212,869620
744,3811,870430,6212,870430
745,3813,870750,6212,870750
745,3813,871210,6212,871210
746,3815,872210,6212,872210
746,3815,873210,6212,873210
746,3815,873860,6212,873860
746,3815,874860,6212,874860
746,3815,875860,6212,875860
746,3815,876860,6212,876860
746,3815,877860,6212,877860
747,3823,878860,6212,878860
747,3823,879860,6212,879860
747,3823,880670,6212,880670
747,3823,881480,6212,881480
747,3823,882480,6212,882480
747,3823,883480,6212,883480
748,3827,884480,6212,884480
749,3828,885480,6212,885480
749,3828,886480,6212,886480
750,3830,887480,6212,887480
751,3838,888290,6212,888290
751,3838,889290,6212,889290
752,3840,890290,6212,890290
753,3842,891290,6212,891290
753,3842,892100,6212,892100
753,3842,893100,6212,893100
753,3842,894100,6212,894100
754,3844,894690,6212,894690
754,3844,895690,6212,895690
754,3844,896690,6212,896690
755,3846,897690,6212,897690
755,3846,897690,6212,897690
755,3846,898010,6212,898010
756,3850,898010,6212,898010
757,3858,898010,6212,898010
757,3858,899010,6212,899010
758,3866,899010,6212,899010
758,3866,899820,6212,899820
759,3874,900820,6212,900820
759,3874,900980,6212,900980
760,3882,901790,6212,901790
761,3890,902020,6212,902020
762,3898,902020,6212,902020
762,3898,902830,6212,902830
763,3900,903200,6212,903200
763,3900,903850,6212,903850
763,3900,904850,6212,904850
763,3900,905850,6212,905850
763,3900,906170,6212,906170
763,3900,906640,6212,906640
763,3900,906870,6212,906870
764,3908,914870,6212,914870
764,3908,915680,6212,915680
764,3908,916680,6212,916680
764,3908,917490,6212,917490
764,3908,918490,6212,918490
765,3916,919490,6212,919490
765,3916,920490,6212,920490
765,3916,921490,6212,921490
765,3916,922300,6212,922300
765,3916,923300,6212,923300
766,3918,924110,6212,924110
767,3920,925110,6212,925110
767,3920,925580,6212,925580
767,3920,926050,6212,926050
768,3922,927050,6212,927050
769,3926,927370,6212,927370
769,3926,927840,6212,927840
770,3928,928840,6212,928840
771,3930,929840,6212,929840
771,3930,930840,6212,930840
772,3938,931160,6212,931160
773,3946,931390,6212,931390
774,3954,932390,6212,932390
774,3954,933390,6212,933390
775,3956,934390,6212,934390
776,3958,935200,6212,935200
777,3960,936010,6212,936010
777,3960,937010,6212,937010
778,3968,937480,6212,937480
778,3968,938480,6212,938480
779,3970,938950,6212,938950
779,3970,939950,6212,939950
779,3970,940950,6212,940950
779,3970,941950,6212,941950
780,3974,942950,6212,942950
780,3974,943540,6212,943540
781,3982,944010,6212,944010
781,3982,944010,6212,944010
781,3982,944820,6212,944820
782,3990,944820,6212,944820
783,3992,944820,6212,944820
784,4000,948820,6212,948820
785,4008,949820,6212,949820
786,4016,951820,6212,951820
786,4016,952630,6212,952630
786,4016,953440,6212,953440
786,4016,954440,6212,954440
786,4016,954990,6212,954990
786,4016,955990,6212,955990
787,4024,956990,6212,956990
787,4024,957990,6212,957990
788,4026,958990,6212,958990
789,4028,959990,6212,959990
789,4028,960990,6212,960990
789,4028,961450,6212,961450
789,4028,962450,6212,962450
790,4030,962920,6212,962920
790,4030,963390,6212,963390
790,4030,964390,6212,964390
790,4030,965390,6212,965390
790,4030,966390,6212,966390
790,4030,967200,6212,967200
790,4030,967570,6212,967570
790,4030,968570,6212,968570
790,4030,968570,6212,968570
791,4038,969570,6212,969570
792,4042,970040,6212,970040
793,4050,971040,6212,971040
793,4050,971260,6212,971260
793,4050,972260,6212,972260
793,4050,973260,6212,973260
793,4050,973260,6212,973260
794,4058,974260,6212,974260
794,4058,975260,6212,975260
795,4060,976260,6212,976260
795,4060,977260,6212,977260
795,4060,978070,6212,978070
795,4060,979070,6212,979070
796,4068,980070,6212,980070
796,4068,981070,6212,981070
797,4070,982070,6212,982070
798,4078,983070,6212,983070
799,4086,984070,6212,984070
800,4094,984540,6212,984540
801,4096,985350,6212,985350
801,4096,985820,6212,985820
802,4098,986290,6212,986290
803,4106,987290,6212,987290
803,4106,987290,6212,987290
803,4106,987760,6212,987760
803,4106,988130,6212,988130
803,4106,989130,6212,989130
803,4106,989600,6212,989600
804,4107,990600,6212,990600
805,4115,991600,6212,991600
805,4115,991830,6212,991830
805,4115,992480,6212,992480
806,4117,992850,6212,992850
807,4119,993660,6212,993660
808,4121,994660,6212,994660
809,4129,995660,6212,995660
809,4129,996130,6212,996130
809,4129,997130,6212,997130
809,4129,997130,6212,997130
809,4129,998130,6212,998130
809,4129,999130,6212,999130
809,4129,999130,6212,999130
810,4131,999130,6212,999130
810,4131,999600,6212,999600
811,4133,1000600,6212,1000600
811,4133,1000920,6212,1000920
811,4133,1001150,6212,1001150
812,4135,1001310,6212,1001310
812,4135,1002310,6212,1002310
812,4135,1003310,6212,1003310
812,4135,1004310,6212,1004310
812,4135,1004310,6212,1004310
812,4135,1004780,6212,1004780
812,4135,1005590,6212,1005590
812,4135,1006180,6212,1006180
812,4135,1007180,6212,1007180
812,4135,1007830,6212,1007830
812,4135,1009830,6212,1009830
812,4135,1010830,6212,1010830
813,4137,1011830,6212,1011830
814,4139,1012830,6212,1012830
815,4147,1013830,6212,1013830
815,4147,1014830,6212,1014830
815,4147,1015830,6212,1015830
815,4147,1016830,6212,1016830
815,4147,1017150,6212,1017150
816,4155,1021150,6212,1021150
816,4155,1022150,6212,1022150
817,4157,1023150,6212,1023150
817,4157,1023800,6212,1023800
817,4157,1023800,6212,1023800
818,4165,1024800,6212,1024800
818,4165,1025800,6212,1025800
818,4165,1026610,6212,1026610
819,4167,1027420,6212,1027420
820,4175,1028420,6212,1028420
820,4175,1028420,6212,1028420
820,4175,1028890,6212,1028890
821,4183,1029890,6212,1029890
821,4183,1030120,6212,1030120
822,4185,1031120,6212,1031120
823,4193,1032120,6212,1032120
824,4201,1033120,6212,1033120
824,4201,1034120,6212,1034120
824,4201,1035120,6212,1035120
824,4201,1036120,6212,1036120
824,4201,1037120,6212,1037120
824,4201,1038120,6212,1038120
824,4201,1038120,6212,1038120
824,4201,1038120,6212,1038120
824,4201,1038930,6212,1038930
824,4201,1038930,6212,1038930
824,4201,1039740,6212,1039740
824,4201,1040740,6212,1040740
824,4201,1041740,6212,1041740
825,4203,1041740,6212,1041740
825,4203,1041900,6212,1041900
825,4203,1042220,6212,1042220
826,4205,1043220,6212,1043220
827,4213,1043220,6212,1043220
827,4213,1044220,6212,1044220
828,4215,1045220,6212,1045220
829,4217,1046220,6212,1046220
830,4219,1046540,6212,1046540
830,4219,1047540,6212,1047540
830,4219,1048540,6212,1048540
830,4219,1049350,6212,1049350
830,4219,1050350,6212,1050350
830,4219,1051160,6212,1051160
831,4221,1052160,6212,1052160
831,4221,1053160,6212,1053160
831,4221,1054160,6212,1054160
831,4221,1054810,6212,1054810
831,4221,1055810,6212,1055810
831,4221,1056620,6212,1056620
832,4229,1056620,6212,1056620
833,4231,1057270,6212,1057270
833,4231,1058270,6212,1058270
833,4231,1059270,6212,1059270
834,4233,1060270,6212,1060270
835,4241,1061270,6212,1061270
835,4241,1062080,6212,1062080
835,4241,1062550,6212,1062550
835,4241,1063550,6212,1063550
835,4241,1064550,6212,1064550
835,4241,1065360,6212,1065360
835,4241,1065360,6212,1065360
835,4241,1066360,6212,1066360
836,4243,1067170,6212,1067170
837,4245,1067720,6212,1067720
838,4253,1068040,6212,1068040
839,4255,1069040,6212,1069040
840,4263,1069040,6212,1069040
841,4265,1070040,6212,1070040
842,4273,1071040,6212,1071040
842,4273,1072040,6212,1072040
843,4281,1073040,6212,1073040
843,4281,1073510,6212,1073510
843,4281,1074510,6212,1074510
843,4281,1075510,6212,1075510
844,4289,1076320,6212,1076320
844,4289,1077320,6212,1077320
845,4297,1078320,6212,1078320
845,4297,1079130,6212,1079130
846,4305,1080130,6212,1080130
847,4307,1080130,6212,1080130
847,4307,1081130,6212,1081130
848,4315,1082130,6212,1082130
848,4315,1083130,6212,1083130
848,4315,1084130,6212,1084130
849,4319,1084600,6212,1084600
849,4319,1085600,6212,1085600
850,4327,1086250,6212,1086250
850,4327,1087250,6212,1087250
850,4327,1088250,6212,1088250
850,4327,1088570,6212,1088570
850,4327,1089380,6212,1089380
851,4329,1090380,6212,1090380
852,4337,1090380,6212,1090380
853,4345,1091380,6212,1091380
853,4345,1091380,6212,1091380
853,4345,1092380,6212,1092380
854,4353,1093190,6212,1093190
854,4353,1094190,6212,1094190
854,4353,1094190,6212,1094190
855,4361,1095190,6212,1095190
855,4361,1095660,6212,1095660
855,4361,1096470,6212,1096470
855,4361,1096470,6212,1096470
855,4361,1097470,6212,1097470
856,4369,1098470,6212,1098470
856,4369,1099280,6212,1099280
856,4369,1100090,6212,1100090
856,4369,1100740,6212,1100740
857,4377,1101550,6212,1101550
857,4377,1102360,6212,1102360
857,4377,1102360,6212,1102360
858,4385,1102360,6212,1102360
858,4385,1103360,6212,1103360
858,4385,1103360,6212,1103360
858,4385,1103680,6212,1103680
858,4385,1104680,6212,1104680
858,4385,1105680,6212,1105680
858,4385,1106680,6212,1106680
859,4389,1107490,6212,1107490
860,4397,1108490,6212,1108490
860,4397,1109080,6212,1109080
860,4397,1109080,6212,1109080
860,4397,1109080,6212,1109080
860,4397,1110080,6212,1110080
860,4397,1111080,6212,1111080
861,4405,1111080,6212,1111080
862,4407,1112080,6212,1112080
863,4415,1113080,6212,1113080
863,4415,1113450,6212,1113450
863,4415,1113680,6212,1113680
863,4415,1114680,6212,1114680
863,4415,1115680,6212,1115680
863,4415,1116490,6212,1116490
863,4415,1117140,6212,1117140
864,4423,1117140,6212,1117140
864,4423,1117950,6212,1117950
864,4423,1118760,6212,1118760
865,4425,1119760,6212,1119760
865,4425,1120130,6212,1120130
865,4425,1120130,6212,1120130
865,4425,1121130,6212,1121130
865,4425,1121600,6212,1121600
866,4427,1122600,6212,1122600
867,4429,1122600,6212,1122600
867,4429,1123600,6212,1123600
867,4429,1124600,6212,1124600
868,4437,1125600,6212,1125600
868,4437,1125920,6212,1125920
868,4437,1126920,6212,1126920
868,4437,1127920,6212,1127920
869,4445,1128920,6212,1128920
870,4447,1129730,6212,1129730
871,4449,1129950,6212,1129950
871,4449,1130270,6212,1130270
871,4449,1131080,6212,1131080
872,4451,1131550,6212,1131550
873,4459,1132550,6212,1132550
873,4459,1133550,6212,1133550
873,4459,1134020,6212,1134020
873,4459,1135020,6212,1135020
873,4459,1135490,6212,1135490
874,4467,1136490,6212,1136490
874,4467,1137490,6212,1137490
874,4467,1138300,6212,1138300
875,4469,1138770,6212,1138770
875,4469,1139580,6212,1139580
875,4469,1139900,6212,1139900
876,4471,1140710,6212,1140710
876,4471,1141710,6212,1141710
876,4471,1142520,6212,1142520
876,4471,1143520,6212,1143520
877,4473,1144520,6212,1144520
877,4473,1144740,6212,1144740
878,4481,1145740,6212,1145740
879,4483,1146550,6212,1146550
880,4491,1146920,6212,1146920
880,4491,1147030,6212,1147030
881,4495,1147030,6212,1147030
881,4495,1148030,6212,1148030
881,4495,1149030,6212,1149030
882,4503,1150030,6212,1150030
883,4505,1151030,6212,1151030
883,4505,1152030,6212,1152030
884,4507,1153030,6212,1153030
884,4507,1154030,6212,1154030
885,4515,1155030,6212,1155030
885,4515,1156030,6212,1156030
886,4519,1157030,6212,1157030
886,4519,1158030,6212,1158030
886,4519,1158500,6212,1158500
886,4519,1158820,6212,1158820
887,4527,1159630,6212,1159630
888,4535,1159630,6212,1159630
889,4543,1160280,6212,1160280
889,4543,1160280,6212,1160280
889,4543,1161280,6212,1161280
889,4543,1161280,6212,1161280
890,4545,1162280,6212,1162280
890,4545,1163280,6212,1163280
891,4553,1163600,6212,1163600
892,4561,1164250,6212,1164250
892,4561,1164840,6212,1164840
893,4563,1165650,6212,1165650
893,4563,1166120,6212,1166120
893,4563,1166930,6212,1166930
893,4563,1167250,6212,1167250
894,4565,1168250,6212,1168250
894,4565,1169250,6212,1169250
894,4565,1169620,6212,1169620
894,4565,1170090,6212,1170090
894,4565,1170900,6212,1170900
894,4565,1171120,6212,1171120
894,4565,1172120,6212,1172120
894,4565,1173120,6212,1173120
894,4565,1174120,6212,1174120
895,4567,1175120,6212,1175120
896,4568,1175120,6212,1175120
897,4570,1176120,6212,1176120
897,4570,1176930,6212,1176930
898,4578,1177930,6212,1177930
899,4580,1178250,6212,1178250
899,4580,1178720,6212,1178720
900,4582,1179720,6212,1179720
901,4590,1180720,6212,1180720
901,4590,1180720,6212,1180720
901,4590,1180720,6212,1180720
901,4590,1181370,6212,1181370
901,4590,1182370,6212,1182370
901,4590,1182920,6212,1182920
901,4590,1183730,6212,1183730
901,4590,1184730,6212,1184730
902,4598,1185730,6212,1185730
903,4606,1185730,6212,1185730
903,4606,1186380,6212,1186380
903,4606,1187380,6212,1187380
904,4614,1188380,6212,1188380
905,4616,1189380,6212,1189380
905,4616,1189700,6212,1189700
905,4616,1190170,6212,1190170
905,4616,1191170,6212,1191170
906,4618,1192170,6212,1192170
906,4618,1193170,6212,1193170
907,4620,1194170,6212,1194170
908,4622,1194170,6212,1194170
909,4630,1194170,6212,1194170
909,4630,1195170,6212,1195170
909,4630,1195980,6212,1195980
909,4630,1196790,6212,1196790
910,4638,1197790,6212,1197790
911,4646,1197790,6212,1197790
911,4646,1197790,6212,1197790
912,4648,1198790,6212,1198790
912,4648,1199110,6212,1199110
913,4650,1199430,6212,1199430
913,4650,1200430,6212,1200430
913,4650,1201240,6212,1201240
914,4652,1202240,6212,1202240
914,4652,1203240,6212,1203240
915,4660,1203710,6212,1203710
915,4660,1204520,6212,1204520
916,4668,1204990,6212,1204990
917,4672,1205990,6212,1205990
917,4672,1206150,6212,1206150
917,4672,1206150,6212,1206150
917,4672,1206740,6212,1206740
917,4672,1207740,6212,1207740
917,4672,1208210,6212,1208210
917,4672,1208530,6212,1208530
917,4672,1209530,6212,1209530
917,4672,1210530,6212,1210530
917,4672,1211530,6212,1211530
917,4672,1212530,6212,1212530
917,4672,1213340,6212,1213340
917,4672,1214340,6212,1214340
917,4672,1214810,6212,1214810
917,4672,1215360,6212,1215360
918,4680,1216360,6212,1216360
918,4680,1216360,6212,1216360
918,4680,1217360,6212,1217360
918,4680,1217360,6212,1217360
919,4682,1218360,6212,1218360
919,4682,1219360,6212,1219360
919,4682,1220360,6212,1220360
919,4682,1220830,6212,1220830
919,4682,1220830,6212,1220830
920,4684,1221050,6212,1221050
920,4684,1221700,6212,1221700
920,4684,1221700,6212,1221700
920,4684,1222510,6212,1222510
920,4684,1223510,6212,1223510
921,4692,1224320,6212,1224320
921,4692,1225320,6212,1225320
921,4692,1225970,6212,1225970
922,4700,1226970,6212,1226970
922,4700,1227520,6212,1227520
923,4704,1227980,6212,1227980
924,4706,1228980,6212,1228980
924,4706,1229980,6212,1229980
925,4714,1229980,6212,1229980
926,4722,1230980,6212,1230980
926,4722,1231980,6212,1231980
926,4722,1232980,6212,1232980
926,4722,1233980,6212,1233980
926,4722,1234980,6212,1234980
926,4722,1235790,6212,1235790
926,4722,1236790,6212,1236790
927,4730,1244790,6212,1244790
927,4730,1245260,6212,1245260
927,4730,1245420,6212,1245420
928,4731,1246420,6212,1246420
929,4739,1247420,6212,1247420
929,4739,1248420,6212,1248420
929,4739,1249420,6212,1249420
930,4741,1250420,6212,1250420
930,4741,1250890,6212,1250890
930,4741,1251890,6212,1251890
930,4741,1252890,6212,1252890
930,4741,1253890,6212,1253890
931,4743,1254890,6212,1254890
931,4743,1255210,6212,1255210
931,4743,1255370,6212,1255370
932,4745,1256180,6212,1256180
933,4747,1257180,6212,1257180
933,4747,1257500,6212,1257500
933,4747,1258310,6212,1258310
934,4749,1258780,6212,1258780
934,4749,1259780,6212,1259780
934,4749,1260590,6212,1260590
934,4749,1261590,6212,1261590
935,4751,1262590,6212,1262590
936,4753,1263240,6212,1263240
937,4761,1264240,6212,1264240
938,4763,1265050,6212,1265050
939,4765,1266050,6212,1266050
939,4765,1267050,6212,1267050
939,4765,1267280,6212,1267280
939,4765,1268280,6212,1268280
939,4765,1270280,6212,1270280
940,4767,1271090,6212,1271090
941,4769,1271200,6212,1271200
941,4769,1272200,6212,1272200
942,4777,1273200,6212,1273200
942,4777,1274200,6212,1274200
942,4777,1274430,6212,1274430
942,4777,1275430,6212,1275430
942,4777,1276430,6212,1276430
943,4779,1277430,6212,1277430
943,4779,1278240,6212,1278240
943,4779,1279240,6212,1279240
943,4779,1280240,6212,1280240
943,4779,1280240,6212,1280240
943,4779,1281240,6212,1281240
943,4779,1282240,6212,1282240
944,4781,1283050,6212,1283050
944,4781,1284050,6212,1284050
944,4781,1285050,6212,1285050
945,4789,1286050,6212,1286050
945,4789,1286280,6212,1286280
945,4789,1286750,6212,1286750
945,4789,1286910,6212,1286910
945,4789,1286910,6212,1286910
945,4789,1287910,6212,1287910
945,4789,1288910,6212,1288910
946,4791,1289230,6212,1289230
946,4791,1290230,6212,1290230
947,4793,1291040,6212,1291040
947,4793,1292040,6212,1292040
947,4793,1294040,6212,1294040
947,4793,1294850,6212,1294850
947,4793,1295850,6212,1295850
947,4793,1295850,6212,1295850
947,4793,1295850,6212,1295850
947,4793,1295850,6212,1295850
948,4801,1296850,6212,1296850
948,4801,1297850,6212,1297850
948,4801,1298850,6212,1298850
948,4801,1299850,6212,1299850
948,4801,1299850,6212,1299850
948,4801,1301850,6212,1301850
948,4801,1302850,6212,1302850
949,4803,1303850,6212,1303850
950,4805,1304850,6212,1304850
950,4805,1305850,6212,1305850
950,4805,1306320,6212,1306320
950,4805,1306790,6212,1306790
950,4805,1307600,6212,1307600
950,4805,1307920,6212,1307920
950,4805,1307920,6212,1307920
951,4807,1307920,6212,1307920
952,4809,1308920,6212,1308920
952,4809,1308920,6212,1308920
952,4809,1309920,6212,1309920
953,4810,1310730,6212,1310730
953,4810,1310960,6212,1310960
953,4810,1311770,6212,1311770
954,4812,1312580,6212,1312580
955,4820,1320580,6212,1320580
955,4820,1320580,6212,1320580
955,4820,1321580,6212,1321580
955,4820,1322390,6212,1322390
955,4820,1323390,6212,1323390
955,4820,1324390,6212,1324390
955,4820,1325390,6212,1325390
955,4820,1325620,6212,1325620
955,4820,1326620,6212,1326620
956,4822,1327620,6212,1327620
956,4822,1328620,6212,1328620
957,4824,1328620,6212,1328620
957,4824,1329170,6212,1329170
958,4826,1329170,6212,1329170
958,4826,1330170,6212,1330170
958,4826,1330980,6212,1330980
958,4826,1331980,6212,1331980
958,4826,1332980,6212,1332980
958,4826,1333980,6212,1333980
959,4834,1333980,6212,1333980
959,4834,1334980,6212,1334980
959,4834,1335790,6212,1335790
959,4834,1336250,6212,1336250
960,4842,1337060,6212,1337060
960,4842,1337060,6212,1337060
960,4842,1337710,6212,1337710
960,4842,1338520,6212,1338520
960,4842,1338520,6212,1338520
960,4842,1339520,6212,1339520
960,4842,1340520,6212,1340520
960,4842,1341520,6212,1341520
960,4842,1343520,6212,1343520
961,4844,1344520,6212,1344520
961,4844,1345520,6212,1345520
961,4844,1346520,6212,1346520
962,4852,1346520,6212,1346520
963,4854,1347520,6212,1347520
964,4855,1347520,6212,1347520
964,4855,1348520,6212,1348520
964,4855,1349330,6212,1349330
964,4855,1350330,6212,1350330
964,4855,1351330,6212,1351330
965,4857,1352330,6212,1352330
965,4857,1353330,6212,1353330
966,4865,1353330,6212,1353330
966,4865,1353800,6212,1353800
967,4873,1353800,6212,1353800
967,4873,1354800,6212,1354800
967,4873,1355270,6212,1355270
968,4881,1356270,6212,1356270
968,4881,1357080,6212,1357080
968,4881,1357300,6212,1357300
968,4881,1357300,6212,1357300
969,4889,1358300,6212,1358300
969,4889,1358300,6212,1358300
969,4889,1359300,6212,1359300
969,4889,1360300,6212,1360300
969,4889,1361300,6212,1361300
969,4889,1362300,6212,1362300
969,4889,1363110,6212,1363110
970,4897,1371110,6212,1371110
971,4899,1372110,6212,1372110
971,4899,1372580,6212,1372580
971,4899,1373580,6212,1373580
971,4899,1374040,6212,1374040
971,4899,1374850,6212,1374850
971,4899,1375850,6212,1375850
971,4899,1376320,6212,1376320
971,4899,1377320,6212,1377320
971,4899,1377910,6212,1377910
971,4899,1378560,6212,1378560
971,4899,1379560,6212,1379560
971,4899,1380560,6212,1380560
972,4907,1381030,6212,1381030
972,4907,1385030,6212,1385030
972,4907,1386030,6212,1386030
972,4907,1387030,6212,1387030
972,4907,1395030,6212,1395030
972,4907,1396030,6212,1396030
972,4907,1397030,6212,1397030
972,4907,1397680,6212,1397680
972,4907,1398330,6212,1398330
972,4907,1399140,6212,1399140
972,4907,1400140,6212,1400140
972,4907,1401140,6212,1401140
972,4907,1401140,6212,1401140
972,4907,1402140,6212,1402140
972,4907,1402140,6212,1402140
972,4907,1402950,6212,1402950
972,4907,1402950,6212,1402950
972,4907,1403950,6212,1403950
973,4909,1404760,6212,1404760
973,4909,1405760,6212,1405760
973,4909,1406310,6212,1406310
974,4911,1406780,6212,1406780
974,4911,1407780,6212,1407780
974,4911,1408010,6212,1408010
974,4911,1409010,6212,1409010
974,4911,1410010,6212,1410010
975,4913,1410820,6212,1410820
975,4913,1411630,6212,1411630
975,4913,1412630,6212,1412630
975,4913,1413280,6212,1413280
975,4913,1414280,6212,1414280
976,4921,1422280,6212,1422280
976,4921,1423090,6212,1423090
977,4923,1423560,6212,1423560
977,4923,1423880,6212,1423880
977,4923,1424880,6212,1424880
977,4923,1425200,6212,1425200
978,4931,1425200,6212,1425200
978,4931,1426200,6212,1426200
978,4931,1427200,6212,1427200
978,4931,1427200,6212,1427200
978,4931,1428010,6212,1428010
978,4931,1428470,6212,1428470
979,4939,1429470,6212,1429470
979,4939,1429930,6212,1429930
979,4939,1430740,6212,1430740
979,4939,1431210,6212,1431210
980,4947,1432210,6212,1432210
980,4947,1433210,6212,1433210
981,4955,1433680,6212,1433680
981,4955,1434680,6212,1434680
981,4955,1435680,6212,1435680
981,4955,1436680,6212,1436680
981,4955,1437000,6212,1437000
981,4955,1438000,6212,1438000
982,4957,1439000,6212,1439000
983,4959,1440000,6212,1440000
984,4967,1441000,6212,1441000
984,4967,1441810,6212,1441810
984,4967,1442620,6212,1442620
984,4967,1443080,6212,1443080
985,4975,1443240,6212,1443240
986,4977,1444240,6212,1444240
986,4977,1445240,6212,1445240
986,4977,1445350,6212,1445350
986,4977,1445350,6212,1445350
986,4977,1446160,6212,1446160
987,4985,1446970,6212,1446970
987,4985,1447970,6212,1447970
987,4985,1447970,6212,1447970
988,4993,1448970,6212,1448970
988,4993,1449200,6212,1449200
988,4993,1450010,6212,1450010
988,4993,1451010,6212,1451010
988,4993,1451820,6212,1451820
988,4993,1452820,6212,1452820
988,4993,1452820,6212,1452820
988,4993,1453630,6212,1453630
989,5001,1454630,6212,1454630
989,5001,1455630,6212,1455630
989,5001,1456630,6212,1456630
989,5001,1457440,6212,1457440
989,5001,1458250,6212,1458250
989,5001,1458250,6212,1458250
989,5001,1458720,6212,1458720
989,5001,1459720,6212,1459720
989,5001,1459720,6212,1459720
989,5001,1460720,6212,1460720
989,5001,1461720,6212,1461720
990,5009,1462190,6212,1462190
990,5009,1463190,6212,1463190
990,5009,1464190,6212,1464190
990,5009,1464190,6212,1464190
991,5017,1465000,6212,1465000
991,5017,1466000,6212,1466000
991,5017,1466810,6212,1466810
992,5025,1467810,6212,1467810
993,5033,1468280,6212,1468280
993,5033,1469280,6212,1469280
993,5033,1470280,6212,1470280
993,5033,1471280,6212,1471280
993,5033,1472280,6212,1472280
994,5035,1473280,6212,1473280
994,5035,1473750,6212,1473750
994,5035,1474750,6212,1474750
995,5037,1475750,6212,1475750
995,5037,1475750,6212,1475750
996,5039,1476750,6212,1476750
996,5039,1476750,6212,1476750
996,5039,1476750,6212,1476750
996,5039,1477220,6212,1477220
996,5039,1478220,6212,1478220
996,5039,1479220,6212,1479220
996,5039,1480220,6212,1480220
996,5039,1481220,6212,1481220
996,5039,1481380,6212,1481380
997,5040,1481970,6212,1481970
997,5040,1482970,6212,1482970
997,5040,1483290,6212,1483290
998,5042,1483760,6212,1483760
998,5042,1483760,6212,1483760
999,5050,1484760,6212,1484760
999,5050,1485570,6212,1485570
1000,5052,1485570,6212,1485570
1000,5052,1486380,6212,1486380
1000,5052,1486850,6212,1486850
1000,5052,1487850,6212,1487850
1000,5052,1488310,6212,1488310
1001,5060,1488310,6212,1488310
1001,5060,1489310,6212,1489310
1001,5060,1490310,6212,1490310
1001,5060,1491120,6212,1491120
1001,5060,1491590,6212,1491590
1001,5060,1492590,6212,1492590
1001,5060,1493590,6212,1493590
1001,5060,1494590,6212,1494590
1001,5060,1494590,6212,1494590
1001,5060,1495590,6212,1495590
1001,5060,1496590,6212,1496590
1001,5060,1497400,6212,1497400
1001,5060,1498400,6212,1498400
1001,5060,1498950,6212,1498950
1001,5060,1499420,6212,1499420
1001,5060,1499890,6212,1499890
1002,5068,1499890,6212,1499890
1003,5076,1500210,6212,1500210
1003,5076,1500210,6212,1500210
1004,5078,1501210,6212,1501210
1004,5078,1502210,6212,1502210
1004,5078,1503210,6212,1503210
1004,5078,1503860,6212,1503860
1004,5078,1504180,6212,1504180
1004,5078,1504180,6212,1504180
1004,5078,1505180,6212,1505180
1004,5078,1506180,6212,1506180
1004,5078,1507180,6212,1507180
1004,5078,1507990,6212,1507990
1004,5078,1507990,6212,1507990
1004,5078,1508990,6212,1508990
1004,5078,1509640,6212,1509640
1004,5078,1510190,6212,1510190
1004,5078,1511190,6212,1511190
1004,5078,1512190,6212,1512190
1005,5086,1512190,6212,1512190
1005,5086,1512190,6212,1512190
1006,5094,1513190,6212,1513190
1006,5094,1513190,6212,1513190
1007,5096,1513660,6212,1513660
1008,5104,1514660,6212,1514660
1008,5104,1514980,6212,1514980
1009,5112,1515450,6212,1515450
1009,5112,1516450,6212,1516450
1010,5114,1516920,6212,1516920
1010,5114,1517390,6212,1517390
1010,5114,1517860,6212,1517860
1010,5114,1518670,6212,1518670
1010,5114,1519670,6212,1519670
1010,5114,1520670,6212,1520670
1010,5114,1520670,6212,1520670
1010,5114,1521670,6212,1521670
1011,5122,1522670,6212,1522670
1011,5122,1523220,6212,1523220
1011,5122,1524220,6212,1524220
1011,5122,1525220,6212,1525220
1012,5124,1525680,6212,1525680
1012,5124,1525680,6212,1525680
1012,5124,1525680,6212,1525680
1012,5124,1526680,6212,1526680
1012,5124,1527680,6212,1527680
1013,5132,1528490,6212,1528490
1013,5132,1528960,6212,1528960
1013,5132,1529960,6212,1529960
1013,5132,1530330,6212,1530330
1013,5132,1531330,6212,1531330
1013,5132,1531330,6212,1531330
1013,5132,1532330,6212,1532330
1013,5132,1532800,6212,1532800
1014,5140,1533390,6212,1533390
1014,5140,1534390,6212,1534390
1014,5140,1535200,6212,1535200
1014,5140,1535200,6212,1535200
1014,5140,1536200,6212,1536200
1014,5140,1536420,6212,1536420
1015,5142,1537420,6212,1537420
1016,5144,1537650,6212,1537650
1016,5144,1538120,6212,1538120
1016,5144,1539120,6212,1539120
1016,5144,1539440,6212,1539440
1016,5144,1540440,6212,1540440
1016,5144,1541440,6212,1541440
1016,5144,1542440,6212,1542440
1016,5144,1542440,6212,1542440
1016,5144,1543440,6212,1543440
1016,5144,1544440,6212,1544440
1016,5144,1545250,6212,1545250
1016,5144,1545300,6212,1545300
1016,5144,1546300,6212,1546300
1016,5144,1546620,6212,1546620
1016,5144,1547620,6212,1547620
1017,5146,1548620,6212,1548620
1017,5146,1549620,6212,1549620
1017,5146,1550620,6212,1550620
1018,5150,1551620,6212,1551620
1018,5150,1552620,6212,1552620
1018,5150,1552620,6212,1552620
1018,5150,1553620,6212,1553620
1018,5150,1554620,6212,1554620
1019,5152,1555090,6212,1555090
1019,5152,1555310,6212,1555310
1019,5152,1557310,6212,1557310
1019,5152,1557310,6212,1557310
1019,5152,1558310,6212,1558310
1019,5152,1559310,6212,1559310
1019,5152,1560120,6212,1560120
1020,5160,1561120,6212,1561120
1020,5160,1561120,6212,1561120
1020,5160,1561440,6212,1561440
1021,5168,1562440,6212,1562440
1022,5176,1563250,6212,1563250
1022,5176,1563250,6212,1563250
1022,5176,1563250,6212,1563250
1023,5184,1563720,6212,1563720
1023,5184,1564190,6212,1564190
1024,5186,1564190,6212,1564190
1024,5186,1565190,6212,1565190
1024,5186,1566190,6212,1566190
1024,5186,1567000,6212,1567000
1024,5186,1567810,6212,1567810
1024,5186,1568810,6212,1568810
1024,5186,1569810,6212,1569810
1024,5186,1570810,6212,1570810
1024,5186,1571810,6212,1571810
1024,5186,1572810,6212,1572810
1024,5186,1573270,6212,1573270
1025,5194,1574270,6212,1574270
1025,5194,1574740,6212,1574740
1026,5202,1575210,6212,1575210
1027,5204,1576210,6212,1576210
1027,5204,1577020,6212,1577020
1027,5204,1578020,6212,1578020
1027,5204,1578020,6212,1578020
1027,5204,1578830,6212,1578830
1027,5204,1579830,6212,1579830
1027,5204,1580830,6212,1580830
1027,5204,1581640,6212,1581640
1027,5204,1582640,6212,1582640
1027,5204,1583290,6212,1583290
1027,5204,1584290,6212,1584290
1027,5204,1584880,6212,1584880
1027,5204,1585880,6212,1585880
1027,5204,1586690,6212,1586690
1027,5204,1587690,6212,1587690
1027,5204,1587690,6212,1587690
1027,5204,1587690,6212,1587690
1027,5204,1587690,6212,1587690
1027,5204,1588160,6212,1588160
1027,5204,1588710,6212,1588710
1027,5204,1589300,6212,1589300
1027,5204,1590300,6212,1590300
1027,5204,1590300,6212,1590300
1027,5204,1590300,6212,1590300
1028,5212,1590770,6212,1590770
1028,5212,1591580,6212,1591580
1028,5212,1592580,6212,1592580
1028,5212,1593580,6212,1593580
1028,5212,1593810,6212,1593810
1028,5212,1594810,6212,1594810
1028,5212,1594810,6212,1594810
1028,5212,1594970,6212,1594970
1028,5212,1595440,6212,1595440
1028,5212,1595660,6212,1595660
1028,5212,1596660,6212,1596660
1028,5212,1597470,6212,1597470
1028,5212,1598280,6212,1598280
1028,5212,1599280,6212,1599280
1028,5212,1599930,6212,1599930
1028,5212,1599930,6212,1599930
1028,5212,1600930,6212,1600930
1028,5212,1600930,6212,1600930
1028,5212,1601930,6212,1601930
1029,5220,1602930,6212,1602930
1029,5220,1603930,6212,1603930
1030,5222,1603930,6212,1603930
1030,5222,1604930,6212,1604930
1030,5222,1605930,6212,1605930
1030,5222,1605930,6212,1605930
1030,5222,1606930,6212,1606930
1030,5222,1607930,6212,1607930
1030,5222,1608250,6212,1608250
1030,5222,1609250,6212,1609250
1030,5222,1610060,6212,1610060
1030,5222,1610870,6212,1610870
1030,5222,1611330,6212,1611330
1031,5230,1615330,6212,1615330
1031,5230,1616330,6212,1616330
1031,5230,1616330,6212,1616330
1031,5230,1616980,6212,1616980
1031,5230,1617980,6212,1617980
1031,5230,1617980,6212,1617980
1031,5230,1617980,6212,1617980
1031,5230,1618530,6212,1618530
1032,5238,1619530,6212,1619530
1032,5238,1619530,6212,1619530
1033,5240,1620180,6212,1620180
1034,5248,1621180,6212,1621180
1034,5248,1621660,6212,1621660
1034,5248,1622660,6212,1622660
1034,5248,1623660,6212,1623660
1035,5256,1624130,6212,1624130
1035,5256,1625130,6212,1625130
1035,5256,1626130,6212,1626130
1035,5256,1626600,6212,1626600
1035,5256,1626820,6212,1626820
1035,5256,1627630,6212,1627630
1035,5256,1628630,6212,1628630
1035,5256,1629100,6212,1629100
1035,5256,1629570,6212,1629570
1036,5257,1630570,6212,1630570
1036,5257,1630570,6212,1630570
1036,5257,1630890,6212,1630890
1036,5257,1631700,6212,1631700
1036,5257,1631860,6212,1631860
1036,5257,1632670,6212,1632670
1036,5257,1633670,6212,1633670
1036,5257,1634130,6212,1634130
1036,5257,1634130,6212,1634130
1036,5257,1635130,6212,1635130
1036,5257,1635780,6212,1635780
1036,5257,1636780,6212,1636780
1036,5257,1637590,6212,1637590
1037,5259,1638590,6212,1638590
1037,5259,1638590,6212,1638590
1037,5259,1639590,6212,1639590
1037,5259,1639590,6212,1639590
1037,5259,1639590,6212,1639590
1037,5259,1640590,6212,1640590
1037,5259,1641240,6212,1641240
1037,5259,1642240,6212,1642240
1037,5259,1643240,6212,1643240
1037,5259,1644240,6212,1644240
1037,5259,1645240,6212,1645240
1037,5259,1646240,6212,1646240
1038,5267,1646240,6212,1646240
1038,5267,1646710,6212,1646710
1038,5267,1647710,6212,1647710
1038,5267,1655710,6212,1655710
1038,5267,1656710,6212,1656710
1039,5275,1656710,6212,1656710
1040,5283,1656710,6212,1656710
1040,5283,1657030,6212,1657030
1040,5283,1658030,6212,1658030
1040,5283,1658030,6212,1658030
1040,5283,1659030,6212,1659030
1040,5283,1659030,6212,1659030
1040,5283,1660030,6212,1660030
1040,5283,1661030,6212,1661030
1040,5283,1661350,6212,1661350
1040,5283,1661460,6212,1661460
1041,5291,1662460,6212,1662460
1042,5299,1662780,6212,1662780
1042,5299,1663780,6212,1663780
1042,5299,1664250,6212,1664250
1042,5299,1665060,6212,1665060
1042,5299,1665060,6212,1665060
1043,5307,1666060,6212,1666060
1043,5307,1667060,6212,1667060
1043,5307,1667060,6212,1667060
1044,5315,1668060,6212,1668060
1044,5315,1669060,6212,1669060
1044,5315,1670060,6212,1670060
1044,5315,1670280,6212,1670280
1044,5315,1671280,6212,1671280
1044,5315,1672090,6212,1672090
1044,5315,1672560,6212,1672560
1044,5315,1673030,6212,1673030
1044,5315,1674030,6212,1674030
1044,5315,1675030,6212,1675030
1044,5315,1675680,6212,1675680
1044,5315,1676680,6212,1676680
1044,5315,1677680,6212,1677680
1044,5315,1678490,6212,1678490
1044,5315,1679490,6212,1679490
1044,5315,1679810,6212,1679810
1044,5315,1680130,6212,1680130
1044,5315,1681130,6212,1681130
1044,5315,1682130,6212,1682130
1044,5315,1683130,6212,1683130
1044,5315,1684130,6212,1684130
1044,5315,1684780,6212,1684780
1044,5315,1685250,6212,1685250
1044,5315,1686250,6212,1686250
1044,5315,1687250,6212,1687250
1044,5315,1688060,6212,1688060
1045,5317,1689060,6212,1689060
1045,5317,1690060,6212,1690060
1045,5317,1690870,6212,1690870
1045,5317,1691330,6212,1691330
1045,5317,1692330,6212,1692330
1045,5317,1693330,6212,1693330
1045,5317,1693800,6212,1693800
1045,5317,1694800,6212,1694800
1045,5317,1695610,6212,1695610
1045,5317,1696420,6212,1696420
1045,5317,1697420,6212,1697420
1045,5317,1697420,6212,1697420
1045,5317,1698420,6212,1698420
1046,5319,1699230,6212,1699230
1046,5319,1700230,6212,1700230
1046,5319,1700230,6212,1700230
1046,5319,1701230,6212,1701230
1046,5319,1702230,6212,1702230
1046,5319,1703230,6212,1703230
1046,5319,1703700,6212,1703700
1046,5319,1704700,6212,1704700
1047,5321,1705510,6212,1705510
1047,5321,1706160,6212,1706160
1047,5321,1706630,6212,1706630
1047,5321,1706950,6212,1706950
1047,5321,1707950,6212,1707950
1047,5321,1708950,6212,1708950
1047,5321,1709950,6212,1709950
1047,5321,1709950,6212,1709950
1047,5321,1710420,6212,1710420
1047,5321,1710420,6212,1710420
1047,5321,1711420,6212,1711420
1048,5329,1712420,6212,1712420
1048,5329,1713230,6212,1713230
1048,5329,1714230,6212,1714230
1048,5329,1715230,6212,1715230
1048,5329,1716230,6212,1716230
1048,5329,1716700,6212,1716700
1048,5329,1717700,6212,1717700
1049,5331,1718020,6212,1718020
1049,5331,1719020,6212,1719020
1049,5331,1720020,6212,1720020
1049,5331,1720020,6212,1720020
1049,5331,1720490,6212,1720490
1049,5331,1721300,6212,1721300
1049,5331,1721300,6212,1721300
1049,5331,1722300,6212,1722300
1049,5331,1722770,6212,1722770
1050,5333,1723000,6212,1723000
1050,5333,1723470,6212,1723470
1050,5333,1723470,6212,1723470
1050,5333,1724470,6212,1724470
1051,5341,1724930,6212,1724930
1051,5341,1725400,6212,1725400
1051,5341,1726400,6212,1726400
1052,5349,1726860,6212,1726860
1052,5349,1727670,6212,1727670
1052,5349,1727670,6212,1727670
1052,5349,1728670,6212,1728670
1052,5349,1729670,6212,1729670
1053,5357,1730670,6212,1730670
1053,5357,1731670,6212,1731670
1053,5357,1732670,6212,1732670
1053,5357,1732670,6212,1732670
1053,5357,1732670,6212,1732670
1053,5357,1733140,6212,1733140
1053,5357,1733140,6212,1733140
1053,5357,1733950,6212,1733950
1054,5365,1734950,6212,1734950
1055,5367,1735950,6212,1735950
1055,5367,1736760,6212,1736760
1056,5375,1737230,6212,1737230
1057,5377,1738040,6212,1738040
1057,5377,1739040,6212,1739040
1057,5377,1740040,6212,1740040
1057,5377,1740690,6212,1740690
1057,5377,1741690,6212,1741690
1058,5379,1741690,6212,1741690
1058,5379,1742690,6212,1742690
1058,5379,1743690,6212,1743690
1058,5379,1744690,6212,1744690
1058,5379,1745010,6212,1745010
1058,5379,1745330,6212,1745330
1058,5379,1746330,6212,1746330
1058,5379,1747330,6212,1747330
1058,5379,1748330,6212,1748330
1058,5379,1749330,6212,1749330
1058,5379,1750140,6212,1750140
1058,5379,1750140,6212,1750140
1059,5387,1750610,6212,1750610
1059,5387,1751610,6212,1751610
1059,5387,1752610,6212,1752610
1059,5387,1752930,6212,1752930
1059,5387,1753930,6212,1753930
1059,5387,1754400,6212,1754400
1059,5387,1755210,6212,1755210
1059,5387,1755530,6212,1755530
1059,5387,1755530,6212,1755530
1059,5387,1755530,6212,1755530
1059,5387,1755530,6212,1755530
1059,5387,1756530,6212,1756530
1059,5387,1757530,6212,1757530
1060,5395,1758340,6212,1758340
1060,5395,1758340,6212,1758340
1060,5395,1759150,6212,1759150
1060,5395,1759150,6212,1759150
1060,5395,1759620,6212,1759620
1061,5397,1759620,6212,1759620
1061,5397,1760620,6212,1760620
1062,5399,1761620,6212,1761620
1062,5399,1761620,6212,1761620
1062,5399,1762430,6212,1762430
1062,5399,1762900,6212,1762900
1062,5399,1763900,6212,1763900
1063,5401,1764490,6212,1764490
1063,5401,1764810,6212,1764810
1063,5401,1764810,6212,1764810
1063,5401,1765810,6212,1765810
1063,5401,1766810,6212,1766810
1063,5401,1767810,6212,1767810
1063,5401,1768810,6212,1768810
1063,5401,1769360,6212,1769360
1063,5401,1769360,6212,1769360
1064,5409,1770360,6212,1770360
1064,5409,1771360,6212,1771360
1064,5409,1771360,6212,1771360
1064,5409,1771360,6212,1771360
1064,5409,1771910,6212,1771910
1064,5409,1772910,6212,1772910
1064,5409,1773910,6212,1773910
1064,5409,1774910,6212,1774910
1064,5409,1775130,6212,1775130
1064,5409,1775590,6212,1775590
1065,5411,1776590,6212,1776590
1065,5411,1777180,6212,1777180
1065,5411,1778180,6212,1778180
1065,5411,1779180,6212,1779180
1066,5412,1780180,6212,1780180
1066,5412,1781180,6212,1781180
1066,5412,1782180,6212,1782180
1066,5412,1782500,6212,1782500
1066,5412,1782500,6212,1782500
1066,5412,1783090,6212,1783090
1066,5412,1783090,6212,1783090
1066,5412,1783090,6212,1783090
1066,5412,1783090,6212,1783090
1066,5412,1783560,6212,1783560
1066,5412,1784560,6212,1784560
1066,5412,1785370,6212,1785370
1066,5412,1785370,6212,1785370
1067,5414,1785690,6212,1785690
1067,5414,1786690,6212,1786690
1068,5422,1787690,6212,1787690
1069,5424,1788690,6212,1788690
1069,5424,1789690,6212,1789690
1069,5424,1790500,6212,1790500
1069,5424,1791500,6212,1791500
1069,5424,1792500,6212,1792500
1069,5424,1793500,6212,1793500
1069,5424,1794500,6212,1794500
1069,5424,1795500,6212,1795500
1069,5424,1796050,6212,1796050
1069,5424,1796860,6212,1796860
1069,5424,1796860,6212,1796860
1069,5424,1797860,6212,1797860
1069,5424,1797860,6212,1797860
1069,5424,1798860,6212,1798860
1069,5424,1799860,6212,1799860
1069,5424,1800510,6212,1800510
1069,5424,1800510,6212,1800510
1069,5424,1801510,6212,1801510
1069,5424,1802510,6212,1802510
1069,5424,1802510,6212,1802510
1069,5424,1803320,6212,1803320
1069,5424,1803320,6212,1803320
1070,5426,1804320,6212,1804320
1070,5426,1804640,6212,1804640
1070,5426,1805640,6212,1805640
1070,5426,1806640,6212,1806640
1071,5434,1814640,6212,1814640
1071,5434,1815640,6212,1815640
1071,5434,1816290,6212,1816290
1071,5434,1817290,6212,1817290
1071,5434,1817290,6212,1817290
1072,5442,1818290,6212,1818290
1072,5442,1819290,6212,1819290
1072,5442,1820290,6212,1820290
1073,5443,1821290,6212,1821290
1073,5443,1821290,6212,1821290
1073,5443,1822100,6212,1822100
1074,5451,1823100,6212,1823100
1074,5451,1824100,6212,1824100
1074,5451,1825100,6212,1825100
1074,5451,1825450,6212,1825450
1074,5451,1825920,6212,1825920
1074,5451,1826920,6212,1826920
1074,5451,1827240,6212,1827240
1074,5451,1827890,6212,1827890
1074,5451,1828210,6212,1828210
1074,5451,1829210,6212,1829210
1075,5459,1830210,6212,1830210
1076,5461,1830580,6212,1830580
1077,5469,1831050,6212,1831050
1078,5477,1832050,6212,1832050
1078,5477,1832640,6212,1832640
1078,5477,1833450,6212,1833450
1078,5477,1833450,6212,1833450
1078,5477,1834450,6212,1834450
1078,5477,1835450,6212,1835450
1079,5479,1836450,6212,1836450
1079,5479,1837260,6212,1837260
1079,5479,1838260,6212,1838260
1080,5487,1839260,6212,1839260
1080,5487,1840260,6212,1840260
1080,5487,1840910,6212,1840910
1080,5487,1841910,6212,1841910
1080,5487,1842910,6212,1842910
1080,5487,1843910,6212,1843910
1081,5489,1844380,6212,1844380
1081,5489,1845380,6212,1845380
1081,5489,1846380,6212,1846380
1081,5489,1847380,6212,1847380
1081,5489,1847380,6212,1847380
1082,5497,1848380,6212,1848380
1082,5497,1849190,6212,1849190
1083,5505,1850190,6212,1850190
1083,5505,1851000,6212,1851000
1083,5505,1851810,6212,1851810
1083,5505,1851810,6212,1851810
1083,5505,1852810,6212,1852810
1083,5505,1853810,6212,1853810
1083,5505,1854460,6212,1854460
1083,5505,1855460,6212,1855460
1083,5505,1856270,6212,1856270
1083,5505,1856740,6212,1856740
1084,5507,1857060,6212,1857060
1084,5507,1857290,6212,1857290
1084,5507,1858290,6212,1858290
1084,5507,1859290,6212,1859290
1085,5509,1860100,6212,1860100
1085,5509,1861100,6212,1861100
1085,5509,1861910,6212,1861910
1085,5509,1861910,6212,1861910
1085,5509,1862910,6212,1862910
1086,5511,1863560,6212,1863560
1086,5511,1863560,6212,1863560
1086,5511,1863560,6212,1863560
1086,5511,1864030,6212,1864030
1086,5511,1864490,6212,1864490
1086,5511,1864810,6212,1864810
1086,5511,1865810,6212,1865810
1086,5511,1866620,6212,1866620
1086,5511,1867620,6212,1867620
1086,5511,1868090,6212,1868090
1086,5511,1869090,6212,1869090
1086,5511,1869740,6212,1869740
1086,5511,1870740,6212,1870740
1086,5511,1871740,6212,1871740
1086,5511,1872740,6212,1872740
1086,5511,1873550,6212,1873550
1086,5511,1874360,6212,1874360
1086,5511,1875360,6212,1875360
1086,5511,1876360,6212,1876360
1086,5511,1876690,6212,1876690
1087,5519,1877690,6212,1877690
1087,5519,1878690,6212,1878690
1088,5527,1879690,6212,1879690
1088,5527,1879690,6212,1879690
1088,5527,1880690,6212,1880690
1088,5527,1881690,6212,1881690
1088,5527,1882500,6212,1882500
1088,5527,1883500,6212,1883500
1088,5527,1884500,6212,1884500
1089,5529,1884660,6212,1884660
1089,5529,1885660,6212,1885660
1089,5529,1886470,6212,1886470
1089,5529,1887470,6212,1887470
1089,5529,1887470,6212,1887470
1090,5537,1888470,6212,1888470
1090,5537,1889470,6212,1889470
1091,5539,1890470,6212,1890470
1091,5539,1891470,6212,1891470
1091,5539,1891470,6212,1891470
1091,5539,1891790,6212,1891790
1091,5539,1892110,6212,1892110
1091,5539,1893110,6212,1893110
1091,5539,1893110,6212,1893110
1091,5539,1893110,6212,1893110
1091,5539,1893330,6212,1893330
1092,5547,1893920,6212,1893920
1092,5547,1894920,6212,1894920
1092,5547,1895920,6212,1895920
1093,5549,1896730,6212,1896730
1094,5557,1897380,6212,1897380
1095,5559,1898030,6212,1898030
1095,5559,1898840,6212,1898840
1095,5559,1898840,6212,1898840
1095,5559,1899840,6212,1899840
1096,5567,1900840,6212,1900840
1096,5567,1901310,6212,1901310
1096,5567,1902120,6212,1902120
1096,5567,1902120,6212,1902120
1097,5575,1902350,6212,1902350
1097,5575,1903350,6212,1903350
1097,5575,1903350,6212,1903350
1097,5575,1904160,6212,1904160
1097,5575,1905160,6212,1905160
1098,5583,1905640,6212,1905640
1098,5583,1906100,6212,1906100
1098,5583,1906910,6212,1906910
1099,5585,1907720,6212,1907720
1099,5585,1908530,6212,1908530
1099,5585,1909530,6212,1909530
1099,5585,1910530,6212,1910530
1099,5585,1911530,6212,1911530
1099,5585,1912530,6212,1912530
1099,5585,1913530,6212,1913530
1099,5585,1914530,6212,1914530
1099,5585,1914690,6212,1914690
1099,5585,1915500,6212,1915500
1099,5585,1916500,6212,1916500
1099,5585,1916960,6212,1916960
1100,5587,1917960,6212,1917960
1100,5587,1918960,6212,1918960
1100,5587,1919960,6212,1919960
1100,5587,1920550,6212,1920550
1100,5587,1921550,6212,1921550
1101,5589,1922360,6212,1922360
1101,5589,1923360,6212,1923360
1102,5591,1923590,6212,1923590
1102,5591,1923590,6212,1923590
1102,5591,1923910,6212,1923910
1102,5591,1924720,6212,1924720
1102,5591,1925720,6212,1925720
1103,5599,1926040,6212,1926040
1103,5599,1926410,6212,1926410
1103,5599,1926730,6212,1926730
1103,5599,1926730,6212,1926730
1103,5599,1926730,6212,1926730
1103,5599,1927200,6212,1927200
1103,5599,1927200,6212,1927200
1103,5599,1928200,6212,1928200
1103,5599,1929200,6212,1929200
1103,5599,1930200,6212,1930200
1103,5599,1930670,6212,1930670
1104,5601,1931670,6212,1931670
1105,5603,1932140,6212,1932140
1105,5603,1933140,6212,1933140
1105,5603,1934140,6212,1934140
1106,5607,1934610,6212,1934610
1106,5607,1935610,6212,1935610
1106,5607,1936610,6212,1936610
1107,5615,1937610,6212,1937610
1107,5615,1938610,6212,1938610
1107,5615,1938610,6212,1938610
1107,5615,1938610,6212,1938610
1107,5615,1939610,6212,1939610
1108,5617,1940260,6212,1940260
1108,5617,1941260,6212,1941260
1108,5617,1942260,6212,1942260
1109,5625,1943260,6212,1943260
1109,5625,1943260,6212,1943260
1109,5625,1943260,6212,1943260
1110,5627,1943260,6212,1943260
1110,5627,1944070,6212,1944070
1110,5627,1944530,6212,1944530
1110,5627,1945340,6212,1945340
1110,5627,1946340,6212,1946340
1110,5627,1947340,6212,1947340
1110,5627,1947930,6212,1947930
1110,5627,1948400,6212,1948400
1110,5627,1948400,6212,1948400
1110,5627,1948860,6212,1948860
1110,5627,1949670,6212,1949670
1110,5627,1950670,6212,1950670
1110,5627,1951140,6212,1951140
1110,5627,1951950,6212,1951950
1110,5627,1952950,6212,1952950
1110,5627,1953950,6212,1953950
1110,5627,1954950,6212,1954950
1110,5627,1955420,6212,1955420
1110,5627,1956420,6212,1956420
1110,5627,1957420,6212,1957420
1110,5627,1958070,6212,1958070
1110,5627,1959070,6212,1959070
1110,5627,1960070,6212,1960070
1110,5627,1960530,6212,1960530
1110,5627,1961530,6212,1961530
1110,5627,1962000,6212,1962000
1110,5627,1962230,6212,1962230
1111,5629,1962880,6212,1962880
1111,5629,1963880,6212,1963880
1111,5629,1964880,6212,1964880
1112,5637,1965530,6212,1965530
1113,5645,1966340,6212,1966340
1113,5645,1967340,6212,1967340
1114,5653,1975340,6212,1975340
1114,5653,1976150,6212,1976150
1114,5653,1976800,6212,1976800
1114,5653,1977800,6212,1977800
1114,5653,1978800,6212,1978800
1115,5655,1979610,6212,1979610
1115,5655,1979840,6212,1979840
1116,5663,1980840,6212,1980840
1116,5663,1981650,6212,1981650
1117,5671,1989650,6212,1989650
1117,5671,1990650,6212,1990650
1117,5671,1991460,6212,1991460
1117,5671,1992460,6212,1992460
1117,5671,1992930,6212,1992930
1117,5671,1993740,6212,1993740
1117,5671,1994550,6212,1994550
1117,5671,1995200,6212,1995200
1117,5671,1996200,6212,1996200
1117,5671,1997200,6212,1997200
1117,5671,1998200,6212,1998200
1117,5671,1998430,6212,1998430
1117,5671,1999430,6212,1999430
1117,5671,2000430,6212,2000430
1117,5671,2000890,6212,2000890
1117,5671,2001360,6212,2001360
1117,5671,2002360,6212,2002360
1117,5671,2003360,6212,2003360
1117,5671,2003630,6212,2003630
1117,5671,2003630,6212,2003630
1117,5671,2004630,6212,2004630
1117,5671,2004740,6212,2004740
1117,5671,2004740,6212,2004740
1118,5679,2005740,6212,2005740
1118,5679,2006740,6212,2006740
1118,5679,2007740,6212,2007740
1118,5679,2008210,6212,2008210
1118,5679,2009210,6212,2009210
1118,5679,2010020,6212,2010020
1119,5687,2011020,6212,2011020
1120,5695,2011830,6212,2011830
1120,5695,2012640,6212,2012640
1120,5695,2013640,6212,2013640
1120,5695,2014640,6212,2014640
1120,5695,2014960,6212,2014960
1120,5695,2014960,6212,2014960
1120,5695,2015960,6212,2015960
1120,5695,2016430,6212,2016430
1120,5695,2017430,6212,2017430
1120,5695,2018430,6212,2018430
1120,5695,2019240,6212,2019240
1120,5695,2019240,6212,2019240
1120,5695,2020240,6212,2020240
1120,5695,2021240,6212,2021240
1120,5695,2021240,6212,2021240
1120,5695,2022240,6212,2022240
1120,5695,2023240,6212,2023240
1120,5695,2024240,6212,2024240
1120,5695,2024240,6212,2024240
1120,5695,2025050,6212,2025050
1120,5695,2026050,6212,2026050
1120,5695,2027050,6212,2027050
1120,5695,2028050,6212,2028050
1120,5695,2029050,6212,2029050
1120,5695,2029700,6212,2029700
1120,5695,2030700,6212,2030700
1120,5695,2031700,6212,2031700
1120,5695,2032700,6212,2032700
1120,5695,2033700,6212,2033700
1120,5695,2033700,6212,2033700
1120,5695,2034510,6212,2034510
1120,5695,2035100,6212,2035100
1120,5695,2036100,6212,2036100
1120,5695,2037100,6212,2037100
1120,5695,2038100,6212,2038100
1120,5695,2038650,6212,2038650
1120,5695,2039650,6212,2039650
1120,5695,2040650,6212,2040650
1120,5695,2041650,6212,2041650
1120,5695,2041650,6212,2041650
1120,5695,2042460,6212,2042460
1120,5695,2043270,6212,2043270
1120,5695,2043740,6212,2043740
1120,5695,2044740,6212,2044740
1120,5695,2045740,6212,2045740
1120,5695,2046210,6212,2046210
1121,5703,2046670,6212,2046670
1121,5703,2047480,6212,2047480
1122,5711,2047950,6212,2047950
1123,5713,2048420,6212,2048420
1123,5713,2049420,6212,2049420
1123,5713,2049890,6212,2049890
1123,5713,2050890,6212,2050890
1123,5713,2051360,6212,2051360
1123,5713,2051360,6212,2051360
1124,5715,2052360,6212,2052360
1124,5715,2052360,6212,2052360
1124,5715,2053360,6212,2053360
1124,5715,2054360,6212,2054360
1124,5715,2055170,6212,2055170
1124,5715,2056170,6212,2056170
1124,5715,2056650,6212,2056650
1124,5715,2057120,6212,2057120
1124,5715,2057120,6212,2057120
1124,5715,2058120,6212,2058120
1124,5715,2058120,6212,2058120
1124,5715,2062120,6212,2062120
1124,5715,2062120,6212,2062120
1124,5715,2062580,6212,2062580
1124,5715,2063580,6212,2063580
1124,5715,2064580,6212,2064580
1124,5715,2065050,6212,2065050
1124,5715,2065700,6212,2065700
1124,5715,2066700,6212,2066700
1124,5715,2067700,6212,2067700
1124,5715,2068170,6212,2068170
1124,5715,2068980,6212,2068980
1124,5715,2068980,6212,2068980
1124,5715,2069790,6212,2069790
1124,5715,2069790,6212,2069790
1124,5715,2070260,6212,2070260
1124,5715,2071070,6212,2071070
1124,5715,2072070,6212,2072070
1124,5715,2072880,6212,2072880
1124,5715,2073350,6212,2073350
1124,5715,2073820,6212,2073820
1124,5715,2074820,6212,2074820
1125,5723,2075820,6212,2075820
1125,5723,2076820,6212,2076820
1125,5723,2077290,6212,2077290
1125,5723,2077290,6212,2077290
1125,5723,2077610,6212,2077610
1125,5723,2078080,6212,2078080
1125,5723,2078550,6212,2078550
1125,5723,2079360,6212,2079360
1125,5723,2079820,6212,2079820
1125,5723,2080630,6212,2080630
1125,5723,2081180,6212,2081180
1125,5723,2082180,6212,2082180
1125,5723,2083180,6212,2083180
1125,5723,2084180,6212,2084180
1125,5723,2085180,6212,2085180
1125,5723,2085990,6212,2085990
1125,5723,2085990,6212,2085990
1125,5723,2086100,6212,2086100
1125,5723,2086570,6212,2086570
1125,5723,2087570,6212,2087570
1125,5723,2088570,6212,2088570
1126,5731,2089220,6212,2089220
1126,5731,2090220,6212,2090220
1126,5731,2090220,6212,2090220
1126,5731,2090220,6212,2090220
1126,5731,2090330,6212,2090330
1126,5731,2091140,6212,2091140
1126,5731,2091360,6212,2091360
1126,5731,2092360,6212,2092360
1126,5731,2092360,6212,2092360
1126,5731,2092830,6212,2092830
1126,5731,2093300,6212,2093300
1126,5731,2094300,6212,2094300
1126,5731,2095300,6212,2095300
1126,5731,2096300,6212,2096300
1126,5731,2097300,6212,2097300
1126,5731,2098300,6212,2098300
1126,5731,2099110,6212,2099110
1126,5731,2100110,6212,2100110
1127,5739,2101110,6212,2101110
1127,5739,2101270,6212,2101270
1127,5739,2101740,6212,2101740
1127,5739,2102740,6212,2102740
1127,5739,2102740,6212,2102740
1127,5739,2103740,6212,2103740
1127,5739,2104390,6212,2104390
1127,5739,2105200,6212,2105200
1127,5739,2106200,6212,2106200
1127,5739,2107200,6212,2107200
1127,5739,2108200,6212,2108200
1127,5739,2109200,6212,2109200
1127,5739,2110200,6212,2110200
1127,5739,2111010,6212,2111010
1127,5739,2111480,6212,2111480
1128,5747,2112130,6212,2112130
1128,5747,2112680,6212,2112680
1128,5747,2112910,6212,2112910
1128,5747,2113910,6212,2113910
1128,5747,2114910,6212,2114910
1129,5755,2122910,6212,2122910
1129,5755,2123720,6212,2123720
1129,5755,2124720,6212,2124720
1129,5755,2125720,6212,2125720
1129,5755,2125720,6212,2125720
1129,5755,2126720,6212,2126720
1129,5755,2127720,6212,2127720
1129,5755,2128720,6212,2128720
1129,5755,2129190,6212,2129190
1129,5755,2130190,6212,2130190
1129,5755,2130510,6212,2130510
1129,5755,2131510,6212,2131510
1129,5755,2132510,6212,2132510
1129,5755,2132980,6212,2132980
1129,5755,2133980,6212,2133980
1129,5755,2134980,6212,2134980
1129,5755,2135790,6212,2135790
1129,5755,2136790,6212,2136790
1129,5755,2137790,6212,2137790
1129,5755,2138260,6212,2138260
1129,5755,2138260,6212,2138260
1129,5755,2138850,6212,2138850
1130,5757,2139850,6212,2139850
1130,5757,2140320,6212,2140320
1130,5757,2140320,6212,2140320
1130,5757,2141320,6212,2141320
1130,5757,2141910,6212,2141910
1130,5757,2142560,6212,2142560
1130,5757,2143370,6212,2143370
1130,5757,2143530,6212,2143530
1131,5759,2144180,6212,2144180
1131,5759,2144180,6212,2144180
1131,5759,2144410,6212,2144410
1131,5759,2145410,6212,2145410
1131,5759,2145410,6212,2145410
1131,5759,2146410,6212,2146410
1131,5759,2146880,6212,2146880
1131,5759,2147880,6212,2147880
1131,5759,2148880,6212,2148880
1131,5759,2149350,6212,2149350
1131,5759,2149670,6212,2149670
1131,5759,2149900,6212,2149900
1131,5759,2149900,6212,2149900
1131,5759,2150370,6212,2150370
1131,5759,2150370,6212,2150370
1131,5759,2151370,6212,2151370
1131,5759,2151530,6212,2151530
1131,5759,2152530,6212,2152530
1131,5759,2152690,6212,2152690
1131,5759,2153340,6212,2153340
1131,5759,2154340,6212,2154340
1132,5767,2154340,6212,2154340
1132,5767,2155150,6212,2155150
1132,5767,2156150,6212,2156150
1132,5767,2157150,6212,2157150
1132,5767,2157620,6212,2157620
1132,5767,2158430,6212,2158430
1132,5767,2159430,6212,2159430
1132,5767,2160240,6212,2160240
1132,5767,2161240,6212,2161240
1132,5767,2162240,6212,2162240
1132,5767,2163240,6212,2163240
1132,5767,2164240,6212,2164240
1132,5767,2164560,6212,2164560
1132,5767,2165560,6212,2165560
1132,5767,2166030,6212,2166030
1132,5767,2166840,6212,2166840
1132,5767,2167060,6212,2167060
1132,5767,2168060,6212,2168060
1132,5767,2168060,6212,2168060
1132,5767,2169060,6212,2169060
1132,5767,2169290,6212,2169290
1132,5767,2169290,6212,2169290
1132,5767,2170290,6212,2170290
1132,5767,2170760,6212,2170760
1132,5767,2170760,6212,2170760
1132,5767,2171570,6212,2171570
1132,5767,2172570,6212,2172570
1132,5767,2173220,6212,2173220
1133,5769,2173270,6212,2173270
1133,5769,2174270,6212,2174270
1133,5769,2175080,6212,2175080
1133,5769,2175550,6212,2175550
1134,5777,2176200,6212,2176200
1134,5777,2176200,6212,2176200
1134,5777,2177200,6212,2177200
1134,5777,2177200,6212,2177200
1134,5777,2178200,6212,2178200
1134,5777,2179200,6212,2179200
1135,5785,2179670,6212,2179670
1135,5785,2180670,6212,2180670
1135,5785,2181480,6212,2181480
1136,5793,2182480,6212,2182480
1136,5793,2183290,6212,2183290
1136,5793,2184290,6212,2184290
1136,5793,2185290,6212,2185290
1136,5793,2185760,6212,2185760
1136,5793,2186080,6212,2186080
1136,5793,2187080,6212,2187080
1136,5793,2187890,6212,2187890
1136,5793,2188890,6212,2188890
1137,5801,2189890,6212,2189890
1137,5801,2190890,6212,2190890
1137,5801,2190890,6212,2190890
1138,5803,2191360,6212,2191360
1138,5803,2192360,6212,2192360
1138,5803,2193360,6212,2193360
1138,5803,2193830,6212,2193830
1138,5803,2194050,6212,2194050
1138,5803,2194280,6212,2194280
1138,5803,2195280,6212,2195280
1138,5803,2195870,6212,2195870
1138,5803,2196680,6212,2196680
1138,5803,2197680,6212,2197680
1138,5803,2197910,6212,2197910
1138,5803,2198910,6212,2198910
1138,5803,2199910,6212,2199910
1138,5803,2200910,6212,2200910
1138,5803,2201910,6212,2201910
1138,5803,2202910,6212,2202910
1138,5803,2202910,6212,2202910
1138,5803,2203720,6212,2203720
1138,5803,2204530,6212,2204530
1138,5803,2205530,6212,2205530
1138,5803,2205530,6212,2205530
1138,5803,2206530,6212,2206530
1138,5803,2206530,6212,2206530
1139,5811,2207530,6212,2207530
1139,5811,2207530,6212,2207530
1139,5811,2208180,6212,2208180
1139,5811,2208180,6212,2208180
1139,5811,2209180,6212,2209180
1139,5811,2209990,6212,2209990
1139,5811,2210990,6212,2210990
1139,5811,2211990,6212,2211990
1140,5812,2212210,6212,2212210
1140,5812,2213210,6212,2213210
1140,5812,2214210,6212,2214210
1140,5812,2215210,6212,2215210
1140,5812,2216210,6212,2216210
1140,5812,2216210,6212,2216210
1140,5812,2216680,6212,2216680
1140,5812,2217680,6212,2217680
1140,5812,2218150,6212,2218150
1140,5812,2218960,6212,2218960
1140,5812,2219960,6212,2219960
1140,5812,2220960,6212,2220960
1140,5812,2221550,6212,2221550
1140,5812,2222550,6212,2222550
1140,5812,2223550,6212,2223550
1140,5812,2224550,6212,2224550
1140,5812,2225550,6212,2225550
1140,5812,2226550,6212,2226550
1140,5812,2226550,6212,2226550
1141,5814,2227360,6212,2227360
1141,5814,2228360,6212,2228360
1141,5814,2228360,6212,2228360
1141,5814,2229360,6212,2229360
1141,5814,2230360,6212,2230360
1141,5814,2230830,6212,2230830
1141,5814,2231380,6212,2231380
1141,5814,2232380,6212,2232380
1141,5814,2233380,6212,2233380
1141,5814,2234380,6212,2234380
1141,5814,2234850,6212,2234850
1142,5822,2235850,6212,2235850
1142,5822,2236850,6212,2236850
1142,5822,2237500,6212,2237500
1142,5822,2237970,6212,2237970
1143,5824,2237970,6212,2237970
1143,5824,2238970,6212,2238970
1143,5824,2239970,6212,2239970
1143,5824,2240970,6212,2240970
1143,5824,2241780,6212,2241780
1143,5824,2242100,6212,2242100
1143,5824,2242910,6212,2242910
1143,5824,2242910,6212,2242910
1143,5824,2243230,6212,2243230
1143,5824,2244230,6212,2244230
1144,5826,2245230,6212,2245230
1144,5826,2245550,6212,2245550
1144,5826,2245780,6212,2245780
1144,5826,2246010,6212,2246010
1144,5826,2246820,6212,2246820
1144,5826,2247630,6212,2247630
1144,5826,2248630,6212,2248630
1144,5826,2248950,6212,2248950
1144,5826,2249760,6212,2249760
1144,5826,2250760,6212,2250760
1144,5826,2251220,6212,2251220
1144,5826,2252220,6212,2252220
1144,5826,2252220,6212,2252220
1144,5826,2253220,6212,2253220
1144,5826,2254030,6212,2254030
1144,5826,2254190,6212,2254190
1144,5826,2255190,6212,2255190
1145,5834,2255410,6212,2255410
1146,5836,2256410,6212,2256410
1146,5836,2256410,6212,2256410
1146,5836,2257410,6212,2257410
1146,5836,2258060,6212,2258060
1146,5836,2259060,6212,2259060
1146,5836,2259060,6212,2259060
1146,5836,2260060,6212,2260060
1147,5844,2261060,6212,2261060
1147,5844,2262060,6212,2262060
1147,5844,2262060,6212,2262060
1148,5846,2262710,6212,2262710
1148,5846,2263180,6212,2263180
1148,5846,2264180,6212,2264180
1148,5846,2265180,6212,2265180
1148,5846,2265650,6212,2265650
1148,5846,2266110,6212,2266110
1148,5846,2266580,6212,2266580
1148,5846,2267580,6212,2267580
1148,5846,2268580,6212,2268580
1148,5846,2269580,6212,2269580
1148,5846,2270580,6212,2270580
1148,5846,2270580,6212,2270580
1148,5846,2271580,6212,2271580
1148,5846,2271800,6212,2271800
1148,5846,2271800,6212,2271800
1148,5846,2272120,6212,2272120
1148,5846,2273120,6212,2273120
1148,5846,2273120,6212,2273120
1148,5846,2273670,6212,2273670
1148,5846,2274670,6212,2274670
1148,5846,2275140,6212,2275140
1148,5846,2276140,6212,2276140
1148,5846,2277140,6212,2277140
1148,5846,2278140,6212,2278140
1148,5846,2278610,6212,2278610
1148,5846,2279610,6212,2279610
1148,5846,2279930,6212,2279930
1148,5846,2280930,6212,2280930
1148,5846,2280930,6212,2280930
1148,5846,2281930,6212,2281930
1148,5846,2282090,6212,2282090
1148,5846,2282560,6212,2282560
1148,5846,2283560,6212,2283560
1148,5846,2283560,6212,2283560
1148,5846,2283560,6212,2283560
1148,5846,2284030,6212,2284030
1148,5846,2285030,6212,2285030
1148,5846,2285680,6212,2285680
1148,5846,2286680,6212,2286680
1148,5846,2287150,6212,2287150
1148,5846,2287960,6212,2287960
1148,5846,2288960,6212,2288960
1148,5846,2289770,6212,2289770
1148,5846,2290580,6212,2290580
1148,5846,2291580,6212,2291580
1148,5846,2292580,6212,2292580
1148,5846,2293050,6212,2293050
1148,5846,2294050,6212,2294050
1149,5854,2295050,6212,2295050
1149,5854,2295370,6212,2295370
1149,5854,2295370,6212,2295370
1149,5854,2296020,6212,2296020
1150,5862,2296830,6212,2296830
1150,5862,2297150,6212,2297150
1151,5870,2298150,6212,2298150
1151,5870,2299150,6212,2299150
1151,5870,2300150,6212,2300150
1151,5870,2301150,6212,2301150
1151,5870,2301470,6212,2301470
1151,5870,2302470,6212,2302470
1152,5872,2302470,6212,2302470
1152,5872,2303470,6212,2303470
1152,5872,2303470,6212,2303470
1152,5872,2304470,6212,2304470
1152,5872,2305470,6212,2305470
1152,5872,2306280,6212,2306280
1152,5872,2307280,6212,2307280
1152,5872,2308280,6212,2308280
1152,5872,2308280,6212,2308280
1152,5872,2308600,6212,2308600
1152,5872,2309410,6212,2309410
1152,5872,2310410,6212,2310410
1152,5872,2311410,6212,2311410
1152,5872,2312410,6212,2312410
1152,5872,2313220,6212,2313220
1152,5872,2313220,6212,2313220
1152,5872,2314220,6212,2314220
1152,5872,2314700,6212,2314700
1152,5872,2315700,6212,2315700
1152,5872,2316700,6212,2316700
1152,5872,2317510,6212,2317510
1152,5872,2318320,6212,2318320
1152,5872,2319320,6212,2319320
1152,5872,2320320,6212,2320320
1152,5872,2321320,6212,2321320
1152,5872,2322320,6212,2322320
1152,5872,2323320,6212,2323320
1152,5872,2324130,6212,2324130
1152,5872,2324130,6212,2324130
1152,5872,2325130,6212,2325130
1152,5872,2326130,6212,2326130
1152,5872,2326940,6212,2326940
1152,5872,2327940,6212,2327940
1152,5872,2328410,6212,2328410
1152,5872,2328410,6212,2328410
1152,5872,2329410,6212,2329410
1152,5872,2329880,6212,2329880
1152,5872,2330880,6212,2330880
1152,5872,2331470,6212,2331470
1152,5872,2331470,6212,2331470
1152,5872,2332280,6212,2332280
1152,5872,2333090,6212,2333090
1152,5872,2333090,6212,2333090
1152,5872,2334090,6212,2334090
1152,5872,2334560,6212,2334560
1153,5873,2334670,6212,2334670
1153,5873,2335260,6212,2335260
1153,5873,2336260,6212,2336260
1153,5873,2337260,6212,2337260
1153,5873,2337260,6212,2337260
1153,5873,2338260,6212,2338260
1153,5873,2338910,6212,2338910
1153,5873,2339720,6212,2339720
1153,5873,2340720,6212,2340720
1154,5881,2341720,6212,2341720
1154,5881,2342720,6212,2342720
1154,5881,2343720,6212,2343720
1154,5881,2344720,6212,2344720
1154,5881,2345190,6212,2345190
1154,5881,2345840,6212,2345840
1154,5881,2349840,6212,2349840
1154,5881,2349840,6212,2349840
1155,5883,2350070,6212,2350070
1155,5883,2350540,6212,2350540
1155,5883,2351540,6212,2351540
1155,5883,2352540,6212,2352540
1155,5883,2352700,6212,2352700
1155,5883,2353510,6212,2353510
1155,5883,2354510,6212,2354510
1156,5885,2354980,6212,2354980
1156,5885,2355790,6212,2355790
1156,5885,2356790,6212,2356790
1156,5885,2356790,6212,2356790
1156,5885,2357790,6212,2357790
1156,5885,2358790,6212,2358790
1156,5885,2359250,6212,2359250
1156,5885,2360250,6212,2360250
1156,5885,2360710,6212,2360710
1156,5885,2361710,6212,2361710
1156,5885,2361710,6212,2361710
1156,5885,2362710,6212,2362710
1156,5885,2363520,6212,2363520
1156,5885,2363520,6212,2363520
1156,5885,2364520,6212,2364520
1156,5885,2365520,6212,2365520
1156,5885,2366520,6212,2366520
1156,5885,2367520,6212,2367520
1156,5885,2368520,6212,2368520
1156,5885,2368520,6212,2368520
1156,5885,2369520,6212,2369520
1156,5885,2369520,6212,2369520
1156,5885,2369520,6212,2369520
1156,5885,2370330,6212,2370330
1156,5885,2370800,6212,2370800
1156,5885,2371610,6212,2371610
1156,5885,2372610,6212,2372610
1156,5885,2372840,6212,2372840
1156,5885,2373310,6212,2373310
1156,5885,2373310,6212,2373310
1156,5885,2373780,6212,2373780
1156,5885,2374780,6212,2374780
1156,5885,2375780,6212,2375780
1156,5885,2376590,6212,2376590
1156,5885,2377590,6212,2377590
1156,5885,2378590,6212,2378590
1157,5893,2379590,6212,2379590
1157,5893,2380590,6212,2380590
1157,5893,2380590,6212,2380590
1157,5893,2380910,6212,2380910
1157,5893,2381380,6212,2381380
1157,5893,2381850,6212,2381850
1157,5893,2382850,6212,2382850
1157,5893,2382850,6212,2382850
1157,5893,2383850,6212,2383850
1157,5893,2384320,6212,2384320
1157,5893,2384320,6212,2384320
1157,5893,2384970,6212,2384970
1158,5901,2385970,6212,2385970
1158,5901,2386970,6212,2386970
1158,5901,2387970,6212,2387970
1158,5901,2388970,6212,2388970
1158,5901,2389970,6212,2389970
1158,5901,2390970,6212,2390970
1158,5901,2390970,6212,2390970
1158,5901,2391970,6212,2391970
1158,5901,2391970,6212,2391970
1158,5901,2392780,6212,2392780
1158,5901,2393590,6212,2393590
1158,5901,2394590,6212,2394590
1158,5901,2395590,6212,2395590
1158,5901,2396060,6212,2396060
1158,5901,2396280,6212,2396280
1158,5901,2397280,6212,2397280
1158,5901,2398090,6212,2398090
1158,5901,2398090,6212,2398090
1158,5901,2398320,6212,2398320
1158,5901,2399320,6212,2399320
1158,5901,2400320,6212,2400320
1158,5901,2401320,6212,2401320
1158,5901,2402320,6212,2402320
1158,5901,2403320,6212,2403320
1158,5901,2404320,6212,2404320
1158,5901,2405320,6212,2405320
1158,5901,2406130,6212,2406130
1158,5901,2407130,6212,2407130
1158,5901,2407600,6212,2407600
1158,5901,2408070,6212,2408070
1158,5901,2409070,6212,2409070
1158,5901,2409070,6212,2409070
1158,5901,2409070,6212,2409070
1158,5901,2409720,6212,2409720
1158,5901,2410720,6212,2410720
1158,5901,2411190,6212,2411190
1158,5901,2412190,6212,2412190
1158,5901,2413190,6212,2413190
1158,5901,2413510,6212,2413510
1159,5909,2413740,6212,2413740
1159,5909,2414740,6212,2414740
1159,5909,2415740,6212,2415740
1159,5909,2415740,6212,2415740
1159,5909,2416740,6212,2416740
1160,5913,2417740,6212,2417740
1160,5913,2418550,6212,2418550
1160,5913,2419550,6212,2419550
1160,5913,2420550,6212,2420550
1160,5913,2421550,6212,2421550
1160,5913,2422550,6212,2422550
1160,5913,2423100,6212,2423100
1160,5913,2424100,6212,2424100
1160,5913,2425100,6212,2425100
1160,5913,2425570,6212,2425570
1160,5913,2425570,6212,2425570
1160,5913,2426570,6212,2426570
1160,5913,2427570,6212,2427570
1160,5913,2427570,6212,2427570
1160,5913,2427800,6212,2427800
1161,5915,2428800,6212,2428800
1161,5915,2428800,6212,2428800
1161,5915,2428800,6212,2428800
1161,5915,2429610,6212,2429610
1161,5915,2430610,6212,2430610
1161,5915,2431610,6212,2431610
1161,5915,2432260,6212,2432260
1161,5915,2432580,6212,2432580
1162,5923,2432580,6212,2432580
1162,5923,2433230,6212,2433230
1162,5923,2434040,6212,2434040
1162,5923,2434040,6212,2434040
1162,5923,2435040,6212,2435040
1162,5923,2435040,6212,2435040
1162,5923,2435200,6212,2435200
1162,5923,2436200,6212,2436200
1162,5923,2436200,6212,2436200
1162,5923,2436570,6212,2436570
1162,5923,2436570,6212,2436570
1162,5923,2437380,6212,2437380
1162,5923,2437380,6212,2437380
1162,5923,2437540,6212,2437540
1162,5923,2438540,6212,2438540
1162,5923,2439010,6212,2439010
1162,5923,2439490,6212,2439490
1162,5923,2440490,6212,2440490
1162,5923,2440810,6212,2440810
1163,5931,2441810,6212,2441810
1163,5931,2442130,6212,2442130
1163,5931,2442940,6212,2442940
1163,5931,2443940,6212,2443940
1163,5931,2444940,6212,2444940
1164,5939,2445940,6212,2445940
1164,5939,2446750,6212,2446750
1164,5939,2447750,6212,2447750
1164,5939,2448750,6212,2448750
1164,5939,2449560,6212,2449560
1164,5939,2450370,6212,2450370
1164,5939,2451180,6212,2451180
1164,5939,2452180,6212,2452180
1164,5939,2452770,6212,2452770
1164,5939,2453770,6212,2453770
1164,5939,2454770,6212,2454770
1164,5939,2455000,6212,2455000
1164,5939,2456000,6212,2456000
1164,5939,2456000,6212,2456000
1164,5939,2456000,6212,2456000
1165,5941,2456810,6212,2456810
1166,5949,2457810,6212,2457810
1166,5949,2458460,6212,2458460
1166,5949,2458930,6212,2458930
1166,5949,2459300,6212,2459300
1166,5949,2460110,6212,2460110
1166,5949,2460430,6212,2460430
1166,5949,2461430,6212,2461430
1166,5949,2462240,6212,2462240
1167,5957,2463240,6212,2463240
1168,5959,2464050,6212,2464050
1168,5959,2465050,6212,2465050
1168,5959,2465860,6212,2465860
1168,5959,2466180,6212,2466180
1168,5959,2467180,6212,2467180
1168,5959,2467500,6212,2467500
1168,5959,2468500,6212,2468500
1168,5959,2468500,6212,2468500
1168,5959,2468500,6212,2468500
1168,5959,2468820,6212,2468820
1168,5959,2469630,6212,2469630
1168,5959,2469950,6212,2469950
1168,5959,2470950,6212,2470950
1168,5959,2471950,6212,2471950
1168,5959,2472420,6212,2472420
1168,5959,2472420,6212,2472420
1168,5959,2473420,6212,2473420
1168,5959,2473890,6212,2473890
1168,5959,2474890,6212,2474890
1168,5959,2475890,6212,2475890
1168,5959,2476360,6212,2476360
1168,5959,2477360,6212,2477360
1168,5959,2477830,6212,2477830
1168,5959,2478830,6212,2478830
1168,5959,2479480,6212,2479480
1168,5959,2479950,6212,2479950
1168,5959,2480270,6212,2480270
1168,5959,2481270,6212,2481270
1168,5959,2482270,6212,2482270
1168,5959,2482430,6212,2482430
1168,5959,2483430,6212,2483430
1168,5959,2484430,6212,2484430
1168,5959,2485430,6212,2485430
1168,5959,2486240,6212,2486240
1168,5959,2486790,6212,2486790
1168,5959,2487790,6212,2487790
1168,5959,2488790,6212,2488790
1168,5959,2488790,6212,2488790
1168,5959,2489790,6212,2489790
1168,5959,2490790,6212,2490790
1168,5959,2491260,6212,2491260
1169,5967,2492070,6212,2492070
1169,5967,2492540,6212,2492540
1170,5975,2493350,6212,2493350
1170,5975,2493350,6212,2493350
1170,5975,2494350,6212,2494350
1170,5975,2495000,6212,2495000
1171,5983,2495810,6212,2495810
1171,5983,2496810,6212,2496810
1171,5983,2497620,6212,2497620
1171,5983,2498620,6212,2498620
1171,5983,2498940,6212,2498940
1171,5983,2499940,6212,2499940
1171,5983,2499940,6212,2499940
1171,5983,2500940,6212,2500940
1171,5983,2501940,6212,2501940
1171,5983,2502750,6212,2502750
1171,5983,2503070,6212,2503070
1171,5983,2504070,6212,2504070
1171,5983,2504880,6212,2504880
1171,5983,2505350,6212,2505350
1171,5983,2505820,6212,2505820
1171,5983,2506290,6212,2506290
1171,5983,2506290,6212,2506290
1171,5983,2507290,6212,2507290
1171,5983,2507760,6212,2507760
1171,5983,2508760,6212,2508760
1171,5983,2509230,6212,2509230
1172,5991,2510230,6212,2510230
1172,5991,2510700,6212,2510700
1172,5991,2510700,6212,2510700
1172,5991,2511250,6212,2511250
1172,5991,2512250,6212,2512250
1172,5991,2513250,6212,2513250
1172,5991,2514250,6212,2514250
1172,5991,2515250,6212,2515250
1172,5991,2515570,6212,2515570
1172,5991,2516570,6212,2516570
1172,5991,2516570,6212,2516570
1172,5991,2517030,6212,2517030
1172,5991,2517680,6212,2517680
1172,5991,2518680,6212,2518680
1172,5991,2519490,6212,2519490
1172,5991,2520300,6212,2520300
1172,5991,2520300,6212,2520300
1172,5991,2521300,6212,2521300
1172,5991,2522110,6212,2522110
1172,5991,2523110,6212,2523110
1172,5991,2524110,6212,2524110
1173,5993,2524920,6212,2524920
1173,5993,2525510,6212,2525510
1173,5993,2526510,6212,2526510
1173,5993,2527510,6212,2527510
1173,5993,2528320,6212,2528320
1173,5993,2529320,6212,2529320
1173,5993,2530320,6212,2530320
1173,5993,2531320,6212,2531320
1173,5993,2532130,6212,2532130
1173,5993,2533130,6212,2533130
1173,5993,2533590,6212,2533590
1173,5993,2534590,6212,2534590
1173,5993,2535400,6212,2535400
1173,5993,2536210,6212,2536210
1173,5993,2537210,6212,2537210
1173,5993,2537210,6212,2537210
1174,5995,2537210,6212,2537210
1174,5995,2538210,6212,2538210
1174,5995,2539210,6212,2539210
1174,5995,2540210,6212,2540210
1174,5995,2540680,6212,2540680
1174,5995,2541680,6212,2541680
1174,5995,2542680,6212,2542680
1174,5995,2542790,6212,2542790
1174,5995,2543790,6212,2543790
1174,5995,2544790,6212,2544790
1175,5997,2545790,6212,2545790
1175,5997,2546790,6212,2546790
1175,5997,2547790,6212,2547790
1175,5997,2548260,6212,2548260
1175,5997,2549260,6212,2549260
1175,5997,2550070,6212,2550070
1175,5997,2550440,6212,2550440
1175,5997,2550910,6212,2550910
1175,5997,2551370,6212,2551370
1175,5997,2551690,6212,2551690
1175,5997,2551690,6212,2551690
1176,6005,2551690,6212,2551690
1176,6005,2551850,6212,2551850
1176,6005,2551850,6212,2551850
1176,6005,2552850,6212,2552850
1176,6005,2553660,6212,2553660
1176,6005,2554660,6212,2554660
1176,6005,2555660,6212,2555660
1176,6005,2555660,6212,2555660
1176,6005,2556660,6212,2556660
1176,6005,2557130,6212,2557130
1177,6007,2558130,6212,2558130
1177,6007,2558600,6212,2558600
1177,6007,2558600,6212,2558600
1177,6007,2558600,6212,2558600
1177,6007,2559600,6212,2559600
1177,6007,2560070,6212,2560070
1177,6007,2560070,6212,2560070
1177,6007,2560300,6212,2560300
1177,6007,2561300,6212,2561300
1177,6007,2561300,6212,2561300
1177,6007,2562110,6212,2562110
1177,6007,2563110,6212,2563110
1177,6007,2563430,6212,2563430
1177,6007,2563900,6212,2563900
1177,6007,2564900,6212,2564900
1177,6007,2564900,6212,2564900
1177,6007,2565900,6212,2565900
1177,6007,2566450,6212,2566450
1178,6015,2566450,6212,2566450
1178,6015,2566450,6212,2566450
1178,6015,2566920,6212,2566920
1178,6015,2567920,6212,2567920
1178,6015,2567920,6212,2567920
1178,6015,2568920,6212,2568920
1178,6015,2569730,6212,2569730
1178,6015,2570540,6212,2570540
1178,6015,2570540,6212,2570540
1178,6015,2571540,6212,2571540
1178,6015,2572540,6212,2572540
1178,6015,2573010,6212,2573010
1178,6015,2574010,6212,2574010
1178,6015,2575010,6212,2575010
1178,6015,2575480,6212,2575480
1178,6015,2575480,6212,2575480
1178,6015,2575800,6212,2575800
1178,6015,2575800,6212,2575800
1178,6015,2575800,6212,2575800
1178,6015,2576610,6212,2576610
1178,6015,2577090,6212,2577090
1178,6015,2577320,6212,2577320
1178,6015,2578320,6212,2578320
1178,6015,2578320,6212,2578320
1178,6015,2579320,6212,2579320
1178,6015,2580320,6212,2580320
1179,6023,2580480,6212,2580480
1180,6025,2581480,6212,2581480
1180,6025,2581480,6212,2581480
1180,6025,2581940,6212,2581940
1180,6025,2582590,6212,2582590
1180,6025,2583590,6212,2583590
1180,6025,2584050,6212,2584050
1180,6025,2584860,6212,2584860
1180,6025,2585670,6212,2585670
1180,6025,2585670,6212,2585670
1181,6033,2586670,6212,2586670
1181,6033,2587670,6212,2587670
1182,6035,2588670,6212,2588670
1182,6035,2589670,6212,2589670
1182,6035,2590670,6212,2590670
1182,6035,2591670,6212,2591670
1182,6035,2592140,6212,2592140
1182,6035,2592950,6212,2592950
1182,6035,2593950,6212,2593950
1182,6035,2594950,6212,2594950
1182,6035,2595950,6212,2595950
1182,6035,2595950,6212,2595950
1182,6035,2596270,6212,2596270
1182,6035,2596430,6212,2596430
1182,6035,2597430,6212,2597430
1182,6035,2598430,6212,2598430
1182,6035,2598430,6212,2598430
1182,6035,2599080,6212,2599080
1182,6035,2599080,6212,2599080
1182,6035,2600080,6212,2600080
1182,6035,2600550,6212,2600550
1182,6035,2601550,6212,2601550
1182,6035,2602550,6212,2602550
1182,6035,2603360,6212,2603360
1182,6035,2604360,6212,2604360
1182,6035,2605010,6212,2605010
1183,6043,2613010,6212,2613010
1183,6043,2614010,6212,2614010
1183,6043,2615010,6212,2615010
1183,6043,2615010,6212,2615010
1183,6043,2616010,6212,2616010
1183,6043,2616010,6212,2616010
1183,6043,2617010,6212,2617010
1183,6043,2617330,6212,2617330
1183,6043,2618330,6212,2618330
1183,6043,2618330,6212,2618330
1183,6043,2619330,6212,2619330
1183,6043,2619330,6212,2619330
1184,6051,2620330,6212,2620330
1184,6051,2621330,6212,2621330
1184,6051,2622330,6212,2622330
1184,6051,2622330,6212,2622330
1184,6051,2622330,6212,2622330
1184,6051,2622330,6212,2622330
1184,6051,2623330,6212,2623330
1184,6051,2623330,6212,2623330
1184,6051,2623330,6212,2623330
1184,6051,2624140,6212,2624140
1184,6051,2625140,6212,2625140
1184,6051,2625460,6212,2625460
1184,6051,2626270,6212,2626270
1184,6051,2626590,6212,2626590
1184,6051,2627400,6212,2627400
1184,6051,2628400,6212,2628400
1185,6059,2629400,6212,2629400
1185,6059,2629870,6212,2629870
1186,6067,2630870,6212,2630870
1186,6067,2631340,6212,2631340
1186,6067,2631340,6212,2631340
1186,6067,2631450,6212,2631450
1186,6067,2632450,6212,2632450
1186,6067,2633260,6212,2633260
1186,6067,2634070,6212,2634070
1186,6067,2634660,6212,2634660
1186,6067,2635660,6212,2635660
1186,6067,2635660,6212,2635660
1186,6067,2636660,6212,2636660
1186,6067,2637470,6212,2637470
1186,6067,2637470,6212,2637470
1186,6067,2638470,6212,2638470
1187,6075,2646470,6212,2646470
1187,6075,2647470,6212,2647470
1187,6075,2648280,6212,2648280
1187,6075,2649280,6212,2649280
1187,6075,2649280,6212,2649280
1187,6075,2649280,6212,2649280
1187,6075,2649930,6212,2649930
1187,6075,2650090,6212,2650090
1187,6075,2650560,6212,2650560
1187,6075,2651560,6212,2651560
1187,6075,2652210,6212,2652210
1187,6075,2653210,6212,2653210
1187,6075,2653210,6212,2653210
1187,6075,2654210,6212,2654210
1187,6075,2654680,6212,2654680
1187,6075,2655000,6212,2655000
1187,6075,2656000,6212,2656000
1187,6075,2657000,6212,2657000
1187,6075,2658000,6212,2658000
1187,6075,2659000,6212,2659000
1187,6075,2659320,6212,2659320
1187,6075,2660320,6212,2660320
1187,6075,2660970,6212,2660970
1187,6075,2661780,6212,2661780
1187,6075,2662780,6212,2662780
1187,6075,2663240,6212,2663240
1187,6075,2663240,6212,2663240
1187,6075,2664240,6212,2664240
1187,6075,2664290,6212,2664290
1187,6075,2665290,6212,2665290
1187,6075,2666290,6212,2666290
1187,6075,2666760,6212,2666760
1187,6075,2667760,6212,2667760
1187,6075,2668760,6212,2668760
1187,6075,2669760,6212,2669760
1187,6075,2670080,6212,2670080
1187,6075,2671080,6212,2671080
1187,6075,2672080,6212,2672080
1187,6075,2672550,6212,2672550
1187,6075,2673020,6212,2673020
1187,6075,2674020,6212,2674020
1187,6075,2675020,6212,2675020
1187,6075,2675830,6212,2675830
1187,6075,2676830,6212,2676830
1187,6075,2677300,6212,2677300
1187,6075,2678300,6212,2678300
1187,6075,2678530,6212,2678530
1187,6075,2679530,6212,2679530
1187,6075,2680530,6212,2680530
1187,6075,2681530,6212,2681530
1187,6075,2681850,6212,2681850
1187,6075,2681850,6212,2681850
1187,6075,2682850,6212,2682850
1187,6075,2683850,6212,2683850
1187,6075,2684850,6212,2684850
1187,6075,2685850,6212,2685850
1187,6075,2686850,6212,2686850
1187,6075,2687850,6212,2687850
1187,6075,2688850,6212,2688850
1187,6075,2689660,6212,2689660
1187,6075,2690660,6212,2690660
1187,6075,2691660,6212,2691660
1187,6075,2692310,6212,2692310
1187,6075,2693310,6212,2693310
1187,6075,2693780,6212,2693780
1187,6075,2694250,6212,2694250
1187,6075,2694570,6212,2694570
1187,6075,2695570,6212,2695570
1187,6075,2696380,6212,2696380
1187,6075,2697380,6212,2697380
1187,6075,2698380,6212,2698380
1187,6075,2699190,6212,2699190
1188,6083,2700190,6212,2700190
1188,6083,2700660,6212,2700660
1188,6083,2700980,6212,2700980
1188,6083,2701980,6212,2701980
1188,6083,2701980,6212,2701980
1188,6083,2701980,6212,2701980
1188,6083,2702980,6212,2702980
1188,6083,2703450,6212,2703450
1188,6083,2704450,6212,2704450
1188,6083,2705450,6212,2705450
1188,6083,2706450,6212,2706450
1188,6083,2706920,6212,2706920
1188,6083,2707920,6212,2707920
1188,6083,2708920,6212,2708920
1188,6083,2709920,6212,2709920
1188,6083,2710920,6212,2710920
1188,6083,2711920,6212,2711920
1188,6083,2712920,6212,2712920
1188,6083,2713730,6212,2713730
1188,6083,2714190,6212,2714190
1188,6083,2714840,6212,2714840
1188,6083,2715840,6212,2715840
1188,6083,2716840,6212,2716840
1188,6083,2716840,6212,2716840
1188,6083,2717000,6212,2717000
1188,6083,2717320,6212,2717320
1189,6091,2717320,6212,2717320
1189,6091,2718320,6212,2718320
1189,6091,2719320,6212,2719320
1189,6091,2719690,6212,2719690
1189,6091,2720690,6212,2720690
1189,6091,2721500,6212,2721500
1189,6091,2721970,6212,2721970
1189,6091,2722970,6212,2722970
1189,6091,2723620,6212,2723620
1189,6091,2724430,6212,2724430
1189,6091,2724900,6212,2724900
1189,6091,2725900,6212,2725900
1189,6091,2726130,6212,2726130
1189,6091,2726940,6212,2726940
1189,6091,2727410,6212,2727410
1190,6093,2728220,6212,2728220
1190,6093,2729030,6212,2729030
1190,6093,2729840,6212,2729840
1190,6093,2730840,6212,2730840
1190,6093,2730840,6212,2730840
1190,6093,2731490,6212,2731490
1190,6093,2732490,6212,2732490
1190,6093,2733490,6212,2733490
1190,6093,2734300,6212,2734300
1190,6093,2735300,6212,2735300
1190,6093,2736300,6212,2736300
1190,6093,2737300,6212,2737300
1190,6093,2738300,6212,2738300
1190,6093,2739300,6212,2739300
1190,6093,2739620,6212,2739620
1190,6093,2740620,6212,2740620
1190,6093,2741090,6212,2741090
1191,6094,2742090,6212,2742090
1191,6094,2743090,6212,2743090
1191,6094,2743900,6212,2743900
1191,6094,2744900,6212,2744900
1191,6094,2745370,6212,2745370
1191,6094,2746370,6212,2746370
1192,6096,2747370,6212,2747370
1192,6096,2748180,6212,2748180
1192,6096,2749180,6212,2749180
1192,6096,2749640,6212,2749640
1192,6096,2750450,6212,2750450
1192,6096,2751260,6212,2751260
1192,6096,2751580,6212,2751580
1193,6104,2752580,6212,2752580
1193,6104,2753390,6212,2753390
1193,6104,2754200,6212,2754200
1193,6104,2755010,6212,2755010
1193,6104,2756010,6212,2756010
1193,6104,2756480,6212,2756480
1193,6104,2757480,6212,2757480
1193,6104,2758290,6212,2758290
1193,6104,2758760,6212,2758760
1193,6104,2759570,6212,2759570
1193,6104,2760380,6212,2760380
1193,6104,2761380,6212,2761380
1193,6104,2761540,6212,2761540
1193,6104,2762540,6212,2762540
1193,6104,2763010,6212,2763010
1193,6104,2763820,6212,2763820
1193,6104,2764820,6212,2764820
1193,6104,2765470,6212,2765470
1194,6108,2766120,6212,2766120
1194,6108,2766930,6212,2766930
1194,6108,2766930,6212,2766930
1194,6108,2767930,6212,2767930
1194,6108,2768930,6212,2768930
1194,6108,2769930,6212,2769930
1194,6108,2770930,6212,2770930
1194,6108,2771740,6212,2771740
1194,6108,2771970,6212,2771970
1194,6108,2772970,6212,2772970
1194,6108,2773970,6212,2773970
1194,6108,2774970,6212,2774970
1194,6108,2775970,6212,2775970
1194,6108,2776780,6212,2776780
1194,6108,2777100,6212,2777100
1194,6108,2778100,6212,2778100
1194,6108,2778910,6212,2778910
1194,6108,2779910,6212,2779910
1194,6108,2780720,6212,2780720
1194,6108,2781720,6212,2781720
1194,6108,2782530,6212,2782530
1194,6108,2783340,6212,2783340
1194,6108,2784340,6212,2784340
1194,6108,2785340,6212,2785340
1194,6108,2786340,6212,2786340
1194,6108,2787340,6212,2787340
1194,6108,2787800,6212,2787800
1194,6108,2788270,6212,2788270
1194,6108,2789080,6212,2789080
1194,6108,2789550,6212,2789550
1194,6108,2790010,6212,2790010
1194,6108,2790010,6212,2790010
1194,6108,2790330,6212,2790330
1194,6108,2790800,6212,2790800
1195,6116,2791800,6212,2791800
1195,6116,2792800,6212,2792800
1195,6116,2793270,6212,2793270
1195,6116,2794270,6212,2794270
1195,6116,2795270,6212,2795270
1195,6116,2795270,6212,2795270
1195,6116,2796080,6212,2796080
1195,6116,2797080,6212,2797080
1195,6116,2797310,6212,2797310
1195,6116,2797960,6212,2797960
1195,6116,2798420,6212,2798420
1195,6116,2799420,6212,2799420
1195,6116,2800420,6212,2800420
1195,6116,2801420,6212,2801420
1195,6116,2802420,6212,2802420
1195,6116,2802420,6212,2802420
1195,6116,2802890,6212,2802890
1195,6116,2803700,6212,2803700
1195,6116,2804700,6212,2804700
1195,6116,2805510,6212,2805510
1195,6116,2806510,6212,2806510
1195,6116,2807510,6212,2807510
1195,6116,2808510,6212,2808510
1195,6116,2809320,6212,2809320
1195,6116,2810320,6212,2810320
1195,6116,2811130,6212,2811130
1195,6116,2812130,6212,2812130
1195,6116,2813130,6212,2813130
1195,6116,2813780,6212,2813780
1195,6116,2813780,6212,2813780
1195,6116,2814590,6212,2814590
1195,6116,2815400,6212,2815400
1195,6116,2815400,6212,2815400
1196,6118,2815720,6212,2815720
1196,6118,2815950,6212,2815950
1196,6118,2815950,6212,2815950
1196,6118,2816950,6212,2816950
1196,6118,2816950,6212,2816950
1196,6118,2817950,6212,2817950
1196,6118,2818950,6212,2818950
1196,6118,2819950,6212,2819950
1196,6118,2820420,6212,2820420
1196,6118,2821230,6212,2821230
1196,6118,2821460,6212,2821460
1196,6118,2822110,6212,2822110
1196,6118,2823110,6212,2823110
1196,6118,2824110,6212,2824110
1196,6118,2824920,6212,2824920
1196,6118,2825730,6212,2825730
1196,6118,2826730,6212,2826730
1196,6118,2827540,6212,2827540
1196,6118,2828010,6212,2828010
1196,6118,2828150,6212,2828150
1196,6118,2828960,6212,2828960
1196,6118,2829770,6212,2829770
1196,6118,2830770,6212,2830770
1196,6118,2831770,6212,2831770
1196,6118,2832230,6212,2832230
1196,6118,2833230,6212,2833230
1197,6126,2834230,6212,2834230
1198,6127,2834550,6212,2834550
1198,6127,2835550,6212,2835550
1198,6127,2836030,6212,2836030
1198,6127,2837030,6212,2837030
1198,6127,2838030,6212,2838030
1198,6127,2839030,6212,2839030
1198,6127,2840030,6212,2840030
1198,6127,2840840,6212,2840840
1198,6127,2841650,6212,2841650
1198,6127,2842460,6212,2842460
1198,6127,2843460,6212,2843460
1198,6127,2843460,6212,2843460
1198,6127,2844460,6212,2844460
1198,6127,2844930,6212,2844930
1198,6127,2845930,6212,2845930
1199,6135,2846740,6212,2846740
1199,6135,2847110,6212,2847110
1199,6135,2848110,6212,2848110
1199,6135,2848920,6212,2848920
1199,6135,2848920,6212,2848920
1199,6135,2848920,6212,2848920
1199,6135,2848920,6212,2848920
1199,6135,2849240,6212,2849240
1199,6135,2849240,6212,2849240
1199,6135,2850240,6212,2850240
1199,6135,2850470,6212,2850470
1199,6135,2850940,6212,2850940
1199,6135,2851750,6212,2851750
1199,6135,2852750,6212,2852750
1199,6135,2853750,6212,2853750
1199,6135,2853750,6212,2853750
1199,6135,2853750,6212,2853750
1200,6143,2854400,6212,2854400
1200,6143,2854720,6212,2854720
1200,6143,2855720,6212,2855720
1200,6143,2856190,6212,2856190
1200,6143,2857190,6212,2857190
1200,6143,2858190,6212,2858190
1200,6143,2859190,6212,2859190
1200,6143,2859190,6212,2859190
1200,6143,2860190,6212,2860190
1200,6143,2861190,6212,2861190
1200,6143,2861660,6212,2861660
1200,6143,2861980,6212,2861980
1200,6143,2862440,6212,2862440
1200,6143,2862910,6212,2862910
1200,6143,2863910,6212,2863910
1200,6143,2864910,6212,2864910
1200,6143,2865910,6212,2865910
1200,6143,2866910,6212,2866910
1200,6143,2867910,6212,2867910
1200,6143,2868560,6212,2868560
1200,6143,2869110,6212,2869110
1200,6143,2870110,6212,2870110
1200,6143,2871110,6212,2871110
1200,6143,2871580,6212,2871580
1200,6143,2872580,6212,2872580
1200,6143,2873580,6212,2873580
1200,6143,2874580,6212,2874580
1200,6143,2875580,6212,2875580
1200,6143,2875810,6212,2875810
1200,6143,2876620,6212,2876620
1200,6143,2877620,6212,2877620
1200,6143,2878620,6212,2878620
1200,6143,2879430,6212,2879430
1200,6143,2880430,6212,2880430
1200,6143,2881430,6212,2881430
1200,6143,2882430,6212,2882430
1200,6143,2883430,6212,2883430
1200,6143,2884430,6212,2884430
1200,6143,2885430,6212,2885430
1200,6143,2885900,6212,2885900
1200,6143,2886900,6212,2886900
1200,6143,2887370,6212,2887370
1200,6143,2887690,6212,2887690
1200,6143,2888690,6212,2888690
1200,6143,2889160,6212,2889160
1200,6143,2889970,6212,2889970
1200,6143,2890440,6212,2890440
1200,6143,2890910,6212,2890910
1200,6143,2891910,6212,2891910
1200,6143,2892380,6212,2892380
1200,6143,2893380,6212,2893380
1200,6143,2894380,6212,2894380
1200,6143,2895190,6212,2895190
1200,6143,2896190,6212,2896190
1200,6143,2897190,6212,2897190
1200,6143,2898190,6212,2898190
1200,6143,2898510,6212,2898510
1200,6143,2898510,6212,2898510
1200,6143,2899510,6212,2899510
1200,6143,2900510,6212,2900510
1200,6143,2901510,6212,2901510
1200,6143,2902320,6212,2902320
1200,6143,2903130,6212,2903130
1200,6143,2903940,6212,2903940
1201,6147,2904410,6212,2904410
1201,6147,2905410,6212,2905410
1201,6147,2906410,6212,2906410
1201,6147,2907220,6212,2907220
1201,6147,2908220,6212,2908220
1201,6147,2908220,6212,2908220
1201,6147,2909220,6212,2909220
1201,6147,2910220,6212,2910220
1201,6147,2910870,6212,2910870
1201,6147,2911100,6212,2911100
1201,6147,2912100,6212,2912100
1201,6147,2912910,6212,2912910
1201,6147,2913910,6212,2913910
1201,6147,2914380,6212,2914380
1201,6147,2915190,6212,2915190
1201,6147,2915660,6212,2915660
1201,6147,2915660,6212,2915660
1201,6147,2916470,6212,2916470
1201,6147,2917470,6212,2917470
1201,6147,2917950,6212,2917950
1201,6147,2918950,6212,2918950
1201,6147,2919420,6212,2919420
1201,6147,2927420,6212,2927420
1201,6147,2928420,6212,2928420
1201,6147,2928890,6212,2928890
1201,6147,2929890,6212,2929890
1201,6147,2930360,6212,2930360
1201,6147,2931360,6212,2931360
1201,6147,2931360,6212,2931360
1201,6147,2931360,6212,2931360
1201,6147,2932360,6212,2932360
1201,6147,2932680,6212,2932680
1201,6147,2933680,6212,2933680
1201,6147,2934490,6212,2934490
1201,6147,2935490,6212,2935490
1201,6147,2936140,6212,2936140
1201,6147,2936610,6212,2936610
1201,6147,2937420,6212,2937420
1201,6147,2938420,6212,2938420
1201,6147,2939420,6212,2939420
1201,6147,2939420,6212,2939420
1201,6147,2939890,6212,2939890
1201,6147,2940360,6212,2940360
1201,6147,2941170,6212,2941170
1201,6147,2942170,6212,2942170
1201,6147,2943170,6212,2943170
1201,6147,2943640,6212,2943640
1201,6147,2944450,6212,2944450
1201,6147,2944680,6212,2944680
1201,6147,2945680,6212,2945680
1201,6147,2946680,6212,2946680
1201,6147,2947680,6212,2947680
1202,6155,2948680,6212,2948680
1202,6155,2949680,6212,2949680
1202,6155,2950150,6212,2950150
1202,6155,2950620,6212,2950620
1202,6155,2951620,6212,2951620
1202,6155,2952090,6212,2952090
1202,6155,2952090,6212,2952090
1202,6155,2953090,6212,2953090
1202,6155,2954090,6212,2954090
1202,6155,2954090,6212,2954090
1202,6155,2954740,6212,2954740
1202,6155,2954740,6212,2954740
1202,6155,2954740,6212,2954740
1202,6155,2955210,6212,2955210
1202,6155,2955530,6212,2955530
1202,6155,2956530,6212,2956530
1202,6155,2956990,6212,2956990
1202,6155,2956990,6212,2956990
1202,6155,2957990,6212,2957990
1202,6155,2957990,6212,2957990
1202,6155,2957990,6212,2957990
1202,6155,2958800,6212,2958800
1202,6155,2959800,6212,2959800
1202,6155,2960800,6212,2960800
1202,6155,2961610,6212,2961610
1202,6155,2962080,6212,2962080
1202,6155,2963080,6212,2963080
1202,6155,2964080,6212,2964080
1202,6155,2964080,6212,2964080
1202,6155,2965080,6212,2965080
1202,6155,2965080,6212,2965080
1202,6155,2965890,6212,2965890
1202,6155,2966890,6212,2966890
1202,6155,2967890,6212,2967890
1202,6155,2968890,6212,2968890
1202,6155,2969700,6212,2969700
1202,6155,2970170,6212,2970170
1202,6155,2971170,6212,2971170
1202,6155,2972170,6212,2972170
1202,6155,2972170,6212,2972170
1202,6155,2973170,6212,2973170
1202,6155,2973630,6212,2973630
1202,6155,2974630,6212,2974630
1202,6155,2975070,6212,2975070
1202,6155,2975880,6212,2975880
1202,6155,2976880,6212,2976880
1202,6155,2977880,6212,2977880
1202,6155,2978880,6212,2978880
1202,6155,2978880,6212,2978880
1202,6155,2979690,6212,2979690
1202,6155,2980500,6212,2980500
1202,6155,2980970,6212,2980970
1202,6155,2981970,6212,2981970
1202,6155,2982970,6212,2982970
1202,6155,2983970,6212,2983970
1202,6155,2984970,6212,2984970
1202,6155,2985970,6212,2985970
1202,6155,2986440,6212,2986440
1202,6155,2987440,6212,2987440
1202,6155,2988440,6212,2988440
1202,6155,2988440,6212,2988440
1202,6155,2988910,6212,2988910
1202,6155,2989910,6212,2989910
1202,6155,2990910,6212,2990910
1202,6155,2991140,6212,2991140
1202,6155,2992140,6212,2992140
1202,6155,2992610,6212,2992610
1202,6155,2993610,6212,2993610
1202,6155,2994420,6212,2994420
1202,6155,2995420,6212,2995420
1202,6155,2995420,6212,2995420
1202,6155,2996420,6212,2996420
1202,6155,2996640,6212,2996640
1202,6155,2997640,6212,2997640
1202,6155,2998450,6212,2998450
1202,6155,2998450,6212,2998450
1202,6155,2999450,6212,2999450
1202,6155,3000450,6212,3000450
1202,6155,3001450,6212,3001450
1202,6155,3002450,6212,3002450
1202,6155,3003450,6212,3003450
1202,6155,3004260,6212,3004260
1202,6155,3005260,6212,3005260
1202,6155,3005260,6212,3005260
1202,6155,3005630,6212,3005630
1202,6155,3005860,6212,3005860
1202,6155,3006860,6212,3006860
1202,6155,3007670,6212,3007670
1203,6163,3015670,6212,3015670
1203,6163,3016480,6212,3016480
1203,6163,3017480,6212,3017480
1203,6163,3018480,6212,3018480
1203,6163,3019480,6212,3019480
1203,6163,3020480,6212,3020480
1203,6163,3021130,6212,3021130
1203,6163,3022130,6212,3022130
1203,6163,3022450,6212,3022450
1203,6163,3023260,6212,3023260
1203,6163,3024070,6212,3024070
1203,6163,3025070,6212,3025070
1203,6163,3026070,6212,3026070
1203,6163,3027070,6212,3027070
1203,6163,3028070,6212,3028070
1203,6163,3029070,6212,3029070
1203,6163,3030070,6212,3030070
1203,6163,3031070,6212,3031070
1203,6163,3031880,6212,3031880
1203,6163,3032690,6212,3032690
1203,6163,3033500,6212,3033500
1203,6163,3034500,6212,3034500
1203,6163,3034970,6212,3034970
1203,6163,3035970,6212,3035970
1203,6163,3035970,6212,3035970
1203,6163,3036780,6212,3036780
1203,6163,3037590,6212,3037590
1203,6163,3038590,6212,3038590
1203,6163,3039400,6212,3039400
1203,6163,3039870,6212,3039870
1203,6163,3040030,6212,3040030
1203,6163,3041030,6212,3041030
1203,6163,3041030,6212,3041030
1203,6163,3042030,6212,3042030
1203,6163,3042840,6212,3042840
1203,6163,3043070,6212,3043070
1203,6163,3043540,6212,3043540
1203,6163,3044540,6212,3044540
1203,6163,3044540,6212,3044540
1203,6163,3044540,6212,3044540
1203,6163,3044540,6212,3044540
1203,6163,3045540,6212,3045540
1203,6163,3046540,6212,3046540
1203,6163,3047540,6212,3047540
1203,6163,3048350,6212,3048350
1203,6163,3049160,6212,3049160
1203,6163,3050160,6212,3050160
1203,6163,3051160,6212,3051160
1203,6163,3051710,6212,3051710
1203,6163,3052710,6212,3052710
1203,6163,3053710,6212,3053710
1203,6163,3054710,6212,3054710
1203,6163,3055180,6212,3055180
1203,6163,3055180,6212,3055180
1203,6163,3055990,6212,3055990
1203,6163,3056310,6212,3056310
1203,6163,3057120,6212,3057120
1203,6163,3057120,6212,3057120
1203,6163,3057120,6212,3057120
1203,6163,3058120,6212,3058120
1203,6163,3059120,6212,3059120
1204,6165,3059590,6212,3059590
1204,6165,3060060,6212,3060060
1204,6165,3060530,6212,3060530
1204,6165,3061530,6212,3061530
1204,6165,3062530,6212,3062530
1204,6165,3063530,6212,3063530
1204,6165,3064340,6212,3064340
1204,6165,3065340,6212,3065340
1204,6165,3065990,6212,3065990
1204,6165,3065990,6212,3065990
1204,6165,3066460,6212,3066460
1204,6165,3067460,6212,3067460
1204,6165,3067930,6212,3067930
1204,6165,3067930,6212,3067930
1204,6165,3068580,6212,3068580
1204,6165,3068580,6212,3068580
1204,6165,3069580,6212,3069580
1204,6165,3069950,6212,3069950
1204,6165,3070540,6212,3070540
1204,6165,3071540,6212,3071540
1204,6165,3072540,6212,3072540
1204,6165,3073350,6212,3073350
1204,6165,3074350,6212,3074350
1204,6165,3075350,6212,3075350
1204,6165,3075350,6212,3075350
1204,6165,3075350,6212,3075350
1204,6165,3076350,6212,3076350
1204,6165,3077350,6212,3077350
1204,6165,3078160,6212,3078160
1204,6165,3078750,6212,3078750
1204,6165,3078750,6212,3078750
1204,6165,3079220,6212,3079220
1204,6165,3079450,6212,3079450
1204,6165,3080450,6212,3080450
1204,6165,3081450,6212,3081450
1204,6165,3082450,6212,3082450
1204,6165,3083450,6212,3083450
1204,6165,3084260,6212,3084260
1204,6165,3085260,6212,3085260
1205,6173,3086260,6212,3086260
1205,6173,3086490,6212,3086490
1205,6173,3087140,6212,3087140
1205,6173,3087140,6212,3087140
1205,6173,3087610,6212,3087610
1205,6173,3088420,6212,3088420
1205,6173,3089420,6212,3089420
1205,6173,3090420,6212,3090420
1205,6173,3091420,6212,3091420
1205,6173,3092420,6212,3092420
1205,6173,3093420,6212,3093420
1205,6173,3093420,6212,3093420
1205,6173,3094420,6212,3094420
1205,6173,3095230,6212,3095230
1205,6173,3095550,6212,3095550
1205,6173,3096550,6212,3096550
1205,6173,3097360,6212,3097360
1205,6173,3098360,6212,3098360
1205,6173,3099360,6212,3099360
1205,6173,3099730,6212,3099730
1205,6173,3100540,6212,3100540
1205,6173,3100540,6212,3100540
1205,6173,3101540,6212,3101540
1205,6173,3101540,6212,3101540
1205,6173,3102350,6212,3102350
1205,6173,3102940,6212,3102940
1205,6173,3103750,6212,3103750
1205,6173,3104750,6212,3104750
1205,6173,3105750,6212,3105750
1205,6173,3106750,6212,3106750
1205,6173,3107220,6212,3107220
1205,6173,3108220,6212,3108220
1205,6173,3109220,6212,3109220
1205,6173,3109690,6212,3109690
1205,6173,3110150,6212,3110150
1205,6173,3111150,6212,3111150
1205,6173,3112150,6212,3112150
1205,6173,3113150,6212,3113150
1205,6173,3113620,6212,3113620
1205,6173,3114620,6212,3114620
1205,6173,3115620,6212,3115620
1205,6173,3115620,6212,3115620
1205,6173,3116620,6212,3116620
1206,6181,3124620,6212,3124620
1206,6181,3125620,6212,3125620
1206,6181,3125620,6212,3125620
1206,6181,3126620,6212,3126620
1206,6181,3127620,6212,3127620
1206,6181,3128620,6212,3128620
1206,6181,3129620,6212,3129620
1206,6181,3130620,6212,3130620
1206,6181,3131620,6212,3131620
1206,6181,3131620,6212,3131620
1206,6181,3132620,6212,3132620
1206,6181,3133090,6212,3133090
1206,6181,3133090,6212,3133090
1206,6181,3134090,6212,3134090
1206,6181,3134680,6212,3134680
1206,6181,3135680,6212,3135680
1206,6181,3136680,6212,3136680
1206,6181,3137490,6212,3137490
1206,6181,3138300,6212,3138300
1206,6181,3139300,6212,3139300
1206,6181,3140110,6212,3140110
1206,6181,3140110,6212,3140110
1206,6181,3141110,6212,3141110
1206,6181,3141920,6212,3141920
1206,6181,3141920,6212,3141920
1206,6181,3142920,6212,3142920
1206,6181,3143920,6212,3143920
1206,6181,3144920,6212,3144920
1206,6181,3145390,6212,3145390
1206,6181,3146390,6212,3146390
1206,6181,3146860,6212,3146860
1206,6181,3147860,6212,3147860
1206,6181,3148860,6212,3148860
1206,6181,3149860,6212,3149860
1206,6181,3150860,6212,3150860
1206,6181,3151860,6212,3151860
1206,6181,3152860,6212,3152860
1206,6181,3153090,6212,3153090
1206,6181,3153900,6212,3153900
1206,6181,3154220,6212,3154220
1206,6181,3155220,6212,3155220
1206,6181,3156220,6212,3156220
1206,6181,3157220,6212,3157220
1206,6181,3157690,6212,3157690
1206,6181,3158690,6212,3158690
1206,6181,3159160,6212,3159160
1206,6181,3160160,6212,3160160
1206,6181,3160160,6212,3160160
1206,6181,3161160,6212,3161160
1206,6181,3161970,6212,3161970
1206,6181,3162290,6212,3162290
1206,6181,3163290,6212,3163290
1206,6181,3164290,6212,3164290
1206,6181,3164610,6212,3164610
1206,6181,3165080,6212,3165080
1206,6181,3165890,6212,3165890
1206,6181,3166890,6212,3166890
1206,6181,3166890,6212,3166890
1206,6181,3167890,6212,3167890
1206,6181,3168890,6212,3168890
1206,6181,3169890,6212,3169890
1206,6181,3170890,6212,3170890
1206,6181,3171210,6212,3171210
1206,6181,3172210,6212,3172210
1206,6181,3172530,6212,3172530
1206,6181,3173530,6212,3173530
1206,6181,3174530,6212,3174530
1206,6181,3175530,6212,3175530
1206,6181,3175530,6212,3175530
1206,6181,3175690,6212,3175690
1206,6181,3176160,6212,3176160
1206,6181,3176750,6212,3176750
1206,6181,3176910,6212,3176910
1206,6181,3177910,6212,3177910
1206,6181,3177910,6212,3177910
1206,6181,3178380,6212,3178380
1206,6181,3178850,6212,3178850
1206,6181,3179500,6212,3179500
1206,6181,3179820,6212,3179820
1206,6181,3180820,6212,3180820
1206,6181,3181820,6212,3181820
1206,6181,3182630,6212,3182630
1206,6181,3182630,6212,3182630
1206,6181,3183440,6212,3183440
1206,6181,3184440,6212,3184440
1206,6181,3185440,6212,3185440
1207,6183,3185900,6212,3185900
1207,6183,3186900,6212,3186900
1207,6183,3187900,6212,3187900
1207,6183,3188450,6212,3188450
1207,6183,3189450,6212,3189450
1207,6183,3189450,6212,3189450
1207,6183,3189920,6212,3189920
1207,6183,3190920,6212,3190920
1207,6183,3191920,6212,3191920
1207,6183,3192240,6212,3192240
1207,6183,3193240,6212,3193240
1207,6183,3194050,6212,3194050
1207,6183,3195050,6212,3195050
1207,6183,3196050,6212,3196050
1207,6183,3196860,6212,3196860
1207,6183,3197860,6212,3197860
1207,6183,3198090,6212,3198090
1207,6183,3199090,6212,3199090
1207,6183,3200090,6212,3200090
1207,6183,3200560,6212,3200560
1207,6183,3200790,6212,3200790
1207,6183,3200790,6212,3200790
1207,6183,3201790,6212,3201790
1207,6183,3202790,6212,3202790
1207,6183,3202790,6212,3202790
1207,6183,3203790,6212,3203790
1207,6183,3204790,6212,3204790
1207,6183,3204790,6212,3204790
1207,6183,3205790,6212,3205790
1207,6183,3206260,6212,3206260
1207,6183,3207260,6212,3207260
1207,6183,3207580,6212,3207580
1207,6183,3208580,6212,3208580
1207,6183,3209040,6212,3209040
1207,6183,3209150,6212,3209150
1207,6183,3210150,6212,3210150
1207,6183,3210310,6212,3210310
1207,6183,3211120,6212,3211120
1207,6183,3211590,6212,3211590
1207,6183,3212590,6212,3212590
1207,6183,3212910,6212,3212910
1207,6183,3213380,6212,3213380
1207,6183,3214190,6212,3214190
1207,6183,3215190,6212,3215190
1207,6183,3216190,6212,3216190
1207,6183,3216190,6212,3216190
1207,6183,3217190,6212,3217190
1207,6183,3218190,6212,3218190
1207,6183,3219190,6212,3219190
1207,6183,3219420,6212,3219420
1207,6183,3219890,6212,3219890
1207,6183,3220890,6212,3220890
1207,6183,3221700,6212,3221700
1207,6183,3222170,6212,3222170
1207,6183,3222820,6212,3222820
1207,6183,3223820,6212,3223820
1207,6183,3224820,6212,3224820
1207,6183,3225820,6212,3225820
1207,6183,3226290,6212,3226290
1207,6183,3226290,6212,3226290
1207,6183,3227100,6212,3227100
1207,6183,3228100,6212,3228100
1207,6183,3228910,6212,3228910
1207,6183,3229070,6212,3229070
1207,6183,3229880,6212,3229880
1207,6183,3229880,6212,3229880
1207,6183,3230880,6212,3230880
1207,6183,3231200,6212,3231200
1207,6183,3232200,6212,3232200
1207,6183,3233200,6212,3233200
1207,6183,3234200,6212,3234200
1207,6183,3235200,6212,3235200
1207,6183,3236010,6212,3236010
1207,6183,3236820,6212,3236820
1207,6183,3237820,6212,3237820
1207,6183,3237820,6212,3237820
1207,6183,3238630,6212,3238630
1207,6183,3239280,6212,3239280
1207,6183,3240280,6212,3240280
1207,6183,3241280,6212,3241280
1207,6183,3242280,6212,3242280
1207,6183,3243090,6212,3243090
1207,6183,3243320,6212,3243320
1207,6183,3244320,6212,3244320
1207,6183,3244970,6212,3244970
1207,6183,3245970,6212,3245970
1207,6183,3246440,6212,3246440
1207,6183,3247090,6212,3247090
1207,6183,3248090,6212,3248090
1207,6183,3249090,6212,3249090
1207,6183,3249560,6212,3249560
1207,6183,3249560,6212,3249560
1207,6183,3250370,6212,3250370
1207,6183,3251370,6212,3251370
1207,6183,3252370,6212,3252370
1207,6183,3253370,6212,3253370
1207,6183,3253830,6212,3253830
1207,6183,3254640,6212,3254640
1207,6183,3255640,6212,3255640
1207,6183,3256640,6212,3256640
1207,6183,3256640,6212,3256640
1207,6183,3257640,6212,3257640
1207,6183,3258640,6212,3258640
1207,6183,3259640,6212,3259640
1207,6183,3260640,6212,3260640
1207,6183,3261640,6212,3261640
1207,6183,3262640,6212,3262640
1207,6183,3263110,6212,3263110
1207,6183,3264110,6212,3264110
1207,6183,3265110,6212,3265110
1207,6183,3266110,6212,3266110
1207,6183,3267110,6212,3267110
1207,6183,3267920,6212,3267920
1207,6183,3268730,6212,3268730
1207,6183,3269730,6212,3269730
1207,6183,3270730,6212,3270730
1207,6183,3270730,6212,3270730
1207,6183,3270730,6212,3270730
1207,6183,3271540,6212,3271540
1207,6183,3272540,6212,3272540
1207,6183,3273540,6212,3273540
1207,6183,3274350,6212,3274350
1207,6183,3275160,6212,3275160
1207,6183,3276160,6212,3276160
1207,6183,3276970,6212,3276970
1207,6183,3277200,6212,3277200
1207,6183,3278010,6212,3278010
1207,6183,3279010,6212,3279010
1207,6183,3280010,6212,3280010
1207,6183,3281010,6212,3281010
1207,6183,3282010,6212,3282010
1207,6183,3283010,6212,3283010
1207,6183,3284010,6212,3284010
1207,6183,3284010,6212,3284010
1207,6183,3284820,6212,3284820
1207,6183,3285050,6212,3285050
1207,6183,3286050,6212,3286050
1207,6183,3286050,6212,3286050
1207,6183,3286700,6212,3286700
1207,6183,3287160,6212,3287160
1207,6183,3287970,6212,3287970
1207,6183,3288780,6212,3288780
1207,6183,3289780,6212,3289780
1207,6183,3290780,6212,3290780
1207,6183,3291250,6212,3291250
1207,6183,3292060,6212,3292060
1207,6183,3292530,6212,3292530
1208,6191,3300530,6212,3300530
1208,6191,3301180,6212,3301180
1208,6191,3301180,6212,3301180
1208,6191,3301180,6212,3301180
1208,6191,3302180,6212,3302180
1208,6191,3302990,6212,3302990
1208,6191,3302990,6212,3302990
1208,6191,3303990,6212,3303990
1208,6191,3304800,6212,3304800
1208,6191,3305800,6212,3305800
1208,6191,3306800,6212,3306800
1208,6191,3307270,6212,3307270
1208,6191,3308270,6212,3308270
1208,6191,3308730,6212,3308730
1208,6191,3309200,6212,3309200
1208,6191,3309200,6212,3309200
1208,6191,3309200,6212,3309200
1208,6191,3310200,6212,3310200
1208,6191,3311200,6212,3311200
1208,6191,3312200,6212,3312200
1208,6191,3313200,6212,3313200
1208,6191,3313200,6212,3313200
1208,6191,3314200,6212,3314200
1208,6191,3314360,6212,3314360
1208,6191,3314520,6212,3314520
1208,6191,3315520,6212,3315520
1208,6191,3315840,6212,3315840
1208,6191,3316650,6212,3316650
1208,6191,3317650,6212,3317650
1208,6191,3318650,6212,3318650
1208,6191,3318650,6212,3318650
1208,6191,3319120,6212,3319120
1208,6191,3319120,6212,3319120
1208,6191,3319440,6212,3319440
1208,6191,3320440,6212,3320440
1208,6191,3321250,6212,3321250
1208,6191,3321720,6212,3321720
1208,6191,3322720,6212,3322720
1208,6191,3323190,6212,3323190
1208,6191,3324190,6212,3324190
1208,6191,3325190,6212,3325190
1208,6191,3326190,6212,3326190
1208,6191,3327190,6212,3327190
1208,6191,3327670,6212,3327670
1208,6191,3327990,6212,3327990
1208,6191,3328990,6212,3328990
1208,6191,3329470,6212,3329470
1208,6191,3329940,6212,3329940
1208,6191,3329940,6212,3329940
1208,6191,3330940,6212,3330940
1208,6191,3331940,6212,3331940
1208,6191,3331940,6212,3331940
1208,6191,3332590,6212,3332590
1208,6191,3333050,6212,3333050
1208,6191,3334050,6212,3334050
1208,6191,3334420,6212,3334420
1208,6191,3335420,6212,3335420
1208,6191,3336420,6212,3336420
1208,6191,3337230,6212,3337230
1208,6191,3337670,6212,3337670
1208,6191,3338670,6212,3338670
1208,6191,3339480,6212,3339480
1208,6191,3339950,6212,3339950
1208,6191,3341950,6212,3341950
1208,6191,3342170,6212,3342170
1208,6191,3342760,6212,3342760
1208,6191,3343080,6212,3343080
1208,6191,3343730,6212,3343730
1208,6191,3344730,6212,3344730
1208,6191,3345190,6212,3345190
1208,6191,3346190,6212,3346190
1208,6191,3347190,6212,3347190
1208,6191,3347190,6212,3347190
1208,6191,3348000,6212,3348000
1208,6191,3349000,6212,3349000
1208,6191,3350000,6212,3350000
1208,6191,3351000,6212,3351000
1208,6191,3351470,6212,3351470
1208,6191,3352470,6212,3352470
1208,6191,3353470,6212,3353470
1208,6191,3353940,6212,3353940
1208,6191,3354750,6212,3354750
1208,6191,3355750,6212,3355750
1208,6191,3355750,6212,3355750
1208,6191,3356750,6212,3356750
1208,6191,3357750,6212,3357750
1208,6191,3358560,6212,3358560
1208,6191,3358890,6212,3358890
1208,6191,3359890,6212,3359890
1208,6191,3360210,6212,3360210
1208,6191,3360860,6212,3360860
1208,6191,3361670,6212,3361670
1208,6191,3362480,6212,3362480
1208,6191,3363480,6212,3363480
1208,6191,3364480,6212,3364480
1208,6191,3365290,6212,3365290
1208,6191,3366100,6212,3366100
1208,6191,3367100,6212,3367100
1208,6191,3367470,6212,3367470
1208,6191,3368120,6212,3368120
1208,6191,3368580,6212,3368580
1208,6191,3369580,6212,3369580
1208,6191,3369580,6212,3369580
1208,6191,3370580,6212,3370580
1208,6191,3371580,6212,3371580
1208,6191,3372050,6212,3372050
1208,6191,3372050,6212,3372050
1208,6191,3372860,6212,3372860
1208,6191,3373330,6212,3373330
1208,6191,3374140,6212,3374140
1208,6191,3374950,6212,3374950
1208,6191,3375760,6212,3375760
1208,6191,3376760,6212,3376760
1208,6191,3377760,6212,3377760
1208,6191,3378760,6212,3378760
1208,6191,3379760,6212,3379760
1208,6191,3379760,6212,3379760
1208,6191,3380760,6212,3380760
1208,6191,3381760,6212,3381760
1208,6191,3382220,6212,3382220
1208,6191,3383220,6212,3383220
1208,6191,3383590,6212,3383590
1208,6191,3384590,6212,3384590
1208,6191,3385590,6212,3385590
1208,6191,3386590,6212,3386590
1208,6191,3387590,6212,3387590
1208,6191,3388590,6212,3388590
1208,6191,3389590,6212,3389590
1208,6191,3390590,6212,3390590
1208,6191,3391050,6212,3391050
1208,6191,3392050,6212,3392050
1208,6191,3392860,6212,3392860
1208,6191,3393330,6212,3393330
1208,6191,3393330,6212,3393330
1208,6191,3394330,6212,3394330
1208,6191,3394800,6212,3394800
1208,6191,3395800,6212,3395800
1208,6191,3396610,6212,3396610
1208,6191,3397420,6212,3397420
1208,6191,3398420,6212,3398420
1208,6191,3399420,6212,3399420
1208,6191,3399580,6212,3399580
1208,6191,3400050,6212,3400050
1208,6191,3400520,6212,3400520
1208,6191,3400520,6212,3400520
1208,6191,3401520,6212,3401520
1208,6191,3402520,6212,3402520
1208,6191,3402750,6212,3402750
1208,6191,3403220,6212,3403220
1208,6191,3403220,6212,3403220
1209,6199,3404220,6212,3404220
1209,6199,3404220,6212,3404220
1209,6199,3405220,6212,3405220
1209,6199,3405220,6212,3405220
1209,6199,3405450,6212,3405450
1209,6199,3405920,6212,3405920
1209,6199,3406140,6212,3406140
1209,6199,3406140,6212,3406140
1209,6199,3407140,6212,3407140
1209,6199,3407950,6212,3407950
1209,6199,3407950,6212,3407950
1209,6199,3408950,6212,3408950
1209,6199,3409760,6212,3409760
1209,6199,3410760,6212,3410760
1209,6199,3411570,6212,3411570
1209,6199,3412570,6212,3412570
1209,6199,3412570,6212,3412570
1209,6199,3413380,6212,3413380
1209,6199,3413380,6212,3413380
1209,6199,3414380,6212,3414380
1209,6199,3415380,6212,3415380
1209,6199,3416380,6212,3416380
1209,6199,3417380,6212,3417380
1209,6199,3417850,6212,3417850
1209,6199,3418400,6212,3418400
1209,6199,3418870,6212,3418870
1209,6199,3419520,6212,3419520
1210,6207,3427520,6212,3427520
1210,6207,3428520,6212,3428520
1210,6207,3428520,6212,3428520
1210,6207,3429520,6212,3429520
1210,6207,3430520,6212,3430520
1210,6207,3431520,6212,3431520
1210,6207,3432520,6212,3432520
1210,6207,3433520,6212,3433520
1210,6207,3433990,6212,3433990
1210,6207,3434800,6212,3434800
1210,6207,3435800,6212,3435800
1210,6207,3436270,6212,3436270
1210,6207,3436490,6212,3436490
1210,6207,3437490,6212,3437490
1210,6207,3438300,6212,3438300
1210,6207,3439300,6212,3439300
1210,6207,3439530,6212,3439530
1210,6207,3439530,6212,3439530
1210,6207,3440530,6212,3440530
1210,6207,3441530,6212,3441530
1210,6207,3442000,6212,3442000
1210,6207,3442000,6212,3442810
1210,6207,3443000,6212,3443810
1210,6207,3444000,6212,3444810
1210,6207,3445000,6212,3445810
1210,6207,3445470,6212,3446280
1210,6207,3446020,6212,3446830
1210,6207,3447020,6212,3447830
1210,6207,3448020,6212,3448830
1210,6207,3448020,6212,3448830
1210,6207,3448020,6212,3448830
1210,6207,3449020,6212,3449830
1210,6207,3450020,6212,3450830
1210,6207,3450020,6212,3450830
1210,6207,3450830,6212,3451640
1210,6207,3451640,6212,3452450
1210,6207,3452640,6212,3453450
1210,6207,3453100,6212,3453910
1210,6207,3453570,6212,3454380
1210,6207,3454570,6212,3455380
1210,6207,3454570,6212,3456380
1210,6207,3455380,6212,3457190
1210,6207,3455850,6212,3457660
1210,6207,3455850,6212,3457660
1210,6207,3455850,6212,3457660
1210,6207,3456850,6212,3458660
1210,6207,3457660,6212,3459470
1210,6207,3458660,6212,3460470
1210,6207,3458660,6212,3460470
1210,6207,3459660,6212,3461470
1210,6207,3460130,6212,3461940
1210,6207,3460450,6212,3462260
1210,6207,3460770,6212,3462580
1210,6207,3461770,6212,3463580
1210,6207,3462770,6212,3464580
1210,6207,3463240,6212,3465050
1210,6207,3464240,6212,3466050
1210,6207,3464240,6212,3466050
1210,6207,3465240,6212,3467050
1210,6207,3466240,6212,3468050
1210,6207,3467240,6212,3469050
1210,6207,3467890,6212,3469700
1210,6207,3468890,6212,3470700
1210,6207,3469360,6212,3471170
1210,6207,3470360,6212,3472170
1210,6207,3471360,6212,3473170
1210,6207,3471830,6212,3473640
1210,6207,3471830,6212,3473640
1210,6207,3472830,6212,3474640
1210,6207,3472830,6212,3474640
1210,6207,3473830,6212,3475640
1210,6207,3474300,6212,3476110
1210,6207,3475300,6212,3477110
1210,6207,3475770,6212,3477580
1210,6207,3476770,6212,3478580
1210,6207,3477240,6212,3479050
1210,6207,3477610,6212,3479420
1210,6207,3478610,6212,3480420
1210,6207,3478610,6212,3480420
1210,6207,3479420,6212,3481230
1210,6207,3480420,6212,3482230
1210,6207,3481420,6212,3483230
1210,6207,3482420,6212,3484230
1210,6207,3483420,6212,3485230
1210,6207,3484420,6212,3486230
1210,6207,3484890,6212,3486700
1210,6207,3485890,6212,3487700
1210,6207,3486890,6212,3488700
1210,6207,3487360,6212,3489170
1210,6207,3487830,6212,3489640
1210,6207,3488830,6212,3490640
1210,6207,3489300,6212,3491110
1210,6207,3489950,6212,3491760
1210,6207,3490950,6212,3492760
1210,6207,3491600,6212,3493410
1210,6207,3492600,6212,3494410
1210,6207,3493410,6212,3495220
1210,6207,3493880,6212,3495690
1210,6207,3494880,6212,3496690
1210,6207,3495880,6212,3497690
1210,6207,3496880,6212,3498690
1210,6207,3497690,6212,3499500
1210,6207,3498690,6212,3500500
1210,6207,3499690,6212,3501500
1210,6207,3500690,6212,3502500
1210,6207,3501690,6212,3503500
1210,6207,3501690,6212,3503500
1210,6207,3502690,6212,3504500
1210,6207,3503690,6212,3505500
1210,6207,3504280,6212,3506090
1210,6207,3504600,6212,3506410
1210,6207,3505600,6212,3507410
1210,6207,3506600,6212,3508410
1210,6207,3507600,6212,3509410
1210,6207,3507760,6212,3509570
1210,6207,3507760,6212,3510570
1210,6207,3508570,6212,3511380
1210,6207,3508570,6212,3511380
1210,6207,3509380,6212,3512190
1210,6207,3509930,6212,3512740
1210,6207,3510930,6212,3513740
1210,6207,3511930,6212,3514740
1210,6207,3512400,6212,3515210
1210,6207,3512870,6212,3515680
1210,6207,3513870,6212,3516680
1210,6207,3513870,6212,3516680
1210,6207,3514870,6212,3517680
1210,6207,3514870,6212,3517680
1210,6207,3515340,6212,3518150
1210,6207,3515340,6212,3518150
1210,6207,3516340,6212,3519150
1210,6207,3516810,6212,3519620
1210,6207,3517280,6212,3520090
1210,6207,3518280,6212,3521090
1210,6207,3518280,6212,3529090
1210,6207,3518750,6212,3529560
1210,6207,3519750,6212,3530560
1210,6207,3519750,6212,3530560
1210,6207,3520750,6212,3531560
1210,6207,3520750,6212,3531560
1210,6207,3521560,6212,3532370
1210,6207,3522560,6212,3533370
1210,6207,3522560,6212,3533370
1210,6207,3523560,6212,3534370
1210,6207,3524210,6212,3535020
1210,6207,3525020,6212,3535830
1210,6207,3526020,6212,3536830
1210,6207,3526340,6212,3537150
1210,6207,3526340,6212,3537150
1210,6207,3527340,6212,3538150
1210,6207,3527340,6212,3538150
1210,6207,3528150,6212,3538960
1210,6207,3529150,6212,3539960
1210,6207,3529370,6212,3540180
1210,6207,3529370,6212,3540180
1210,6207,3529840,6212,3540650
1210,6207,3529840,6212,3540650
1210,6207,3530070,6212,3540880
1210,6207,3531070,6212,3541880
1210,6207,3532070,6212,3542880
1210,6207,3532070,6212,3542880
1210,6207,3532540,6212,3543350
1210,6207,3533350,6212,3544160
1210,6207,3534350,6212,3545160
1210,6207,3535350,6212,3546160
1210,6207,3536350,6212,3547160
1210,6207,3536820,6212,3547630
1210,6207,3537470,6212,3548280
1210,6207,3538280,6212,3549090
1210,6207,3539280,6212,3550090
1210,6207,3539750,6212,3550560
1210,6207,3540750,6212,3551560
1210,6207,3541750,6212,3552560
1210,6207,3542560,6212,3553370
1210,6207,3543370,6212,3554180
1210,6207,3544180,6212,3554990
1210,6207,3544650,6212,3555460
1210,6207,3545460,6212,3556270
1210,6207,3546460,6212,3557270
1210,6207,3546920,6212,3557730
1210,6207,3547390,6212,3558200
1210,6207,3547390,6212,3558200
1210,6207,3547390,6212,3558200
1210,6207,3547860,6212,3558670
1210,6207,3548860,6212,3559670
1210,6207,3549860,6212,3560670
1210,6207,3550330,6212,3561140
1210,6207,3551330,6212,3562140
1210,6207,3552330,6212,3563140
1210,6207,3553140,6212,3563950
1210,6207,3554140,6212,3564950
1210,6207,3555140,6212,3565950
1210,6207,3555140,6212,3565950
1210,6207,3556140,6212,3566950
1210,6207,3557140,6212,3567950
1210,6207,3558140,6212,3568950
1210,6207,3559140,6212,3569950
1210,6207,3560140,6212,3570950
1210,6207,3560790,6212,3571600
1210,6207,3561260,6212,3572070
1210,6207,3562260,6212,3573070
1210,6207,3563070,6212,3573880
1210,6207,3564070,6212,3574880
1210,6207,3565070,6212,3575880
1210,6207,3566070,6212,3576880
1210,6207,3566540,6212,3577350
1210,6207,3566540,6212,3577350
1210,6207,3567010,6212,3577820
1210,6207,3568010,6212,3578820
1210,6207,3568820,6212,3579630
1210,6207,3569820,6212,3580630
1210,6207,3570820,6212,3581630
1210,6207,3570820,6212,3581630
1210,6207,3571820,6212,3582630
1210,6207,3571820,6212,3582630
1210,6207,3571820,6212,3582630
1210,6207,3571820,6212,3583630
1210,6207,3571820,6212,3583630
1210,6207,3572290,6212,3584100
1210,6207,3573100,6212,3584910
1210,6207,3573910,6212,3585720
1210,6207,3574260,6212,3586070
1210,6207,3574490,6212,3586300
1210,6207,3575490,6212,3587300
1210,6207,3575950,6212,3587760
1210,6207,3575950,6212,3587760
1210,6207,3576110,6212,3587920
1210,6207,3576580,6212,3588390
1210,6207,3577390,6212,3589200
1210,6207,3577710,6212,3589520
1210,6207,3578180,6212,3589990
1210,6207,3582180,6212,3593990
1210,6207,3583180,6212,3594990
1210,6207,3583180,6212,3594990
1210,6207,3584180,6212,3595990
1210,6207,3584180,6212,3595990
1210,6207,3584990,6212,3596800
1210,6207,3585800,6212,3597610
1210,6207,3586120,6212,3597930
1210,6207,3586120,6212,3597930
1210,6207,3586930,6212,3598740
1210,6207,3587090,6212,3598900
1210,6207,3587310,6212,3599120
1210,6207,3588120,6212,3599930
1210,6207,3589120,6212,3600930
1210,6207,3589770,6212,3601580
1210,6207,3590240,6212,3602050
1210,6207,3590240,6212,3602050
1210,6207,3590710,6212,3602520
1210,6207,3591180,6212,3602990
1210,6207,3592180,6212,3603990
1210,6207,3592830,6212,3604640
1210,6207,3593830,6212,3605640
1210,6207,3593830,6212,3605640
1210,6207,3594640,6212,3606450
1210,6207,3595450,6212,3607260
1210,6207,3595450,6212,3607260
1210,6207,3595920,6212,3607730
1210,6207,3596730,6212,3608540
1210,6207,3596730,6212,3608540
1210,6207,3597730,6212,3609540
1210,6207,3598730,6212,3610540
1210,6207,3599730,6212,3611540
1210,6207,3600730,6212,3612540
1210,6207,3601730,6212,3613540
1210,6207,3601730,6212,3613540
1210,6207,3602730,6212,3614540
1210,6207,3603730,6212,3615540
1210,6207,3604730,6212,3616540
1210,6207,3604730,6212,3617540
1210,6207,3604730,6212,3617540
1210,6207,3605730,6212,3618540
1210,6207,3606050,6212,3618860
1210,6207,3607050,6212,3619860
1210,6207,3608050,6212,3620860
1210,6207,3608700,6212,3621510
1210,6207,3609700,6212,3622510
1210,6207,3609700,6212,3622510
1210,6207,3610020,6212,3622830
1210,6207,3611020,6212,3623830
1210,6207,3611830,6212,3624640
1210,6207,3611830,6212,3624640
1210,6207,3612150,6212,3624960
1210,6207,3612960,6212,3625770
1210,6207,3613960,6212,3626770
1210,6207,3614770,6212,3627580
1210,6207,3615240,6212,3628050
1210,6207,3616240,6212,3629050
1210,6207,3616560,6212,3629370
1210,6207,3617020,6212,3629830
1210,6207,3617340,6212,3630150
1210,6207,3617810,6212,3630620
1210,6207,3618620,6212,3631430
1210,6207,3619620,6212,3632430
1210,6207,3620430,6212,3633240
1210,6207,3621430,6212,3634240
1210,6207,3621900,6212,3634710
1210,6207,3622900,6212,3635710
1210,6207,3623900,6212,3636710
1210,6207,3624060,6212,3636870
1210,6207,3625060,6212,3637870
1210,6207,3626060,6212,3638870
1210,6207,3626060,6212,3638870
1210,6207,3627060,6212,3639870
1210,6207,3628060,6212,3640870
1210,6207,3628060,6212,3640870
1210,6207,3628220,6212,3641030
1210,6207,3629220,6212,3642030
1210,6207,3630220,6212,3643030
1210,6207,3630220,6212,3643840
1210,6207,3631220,6212,3644840
1210,6207,3632030,6212,3645650
1210,6207,3632030,6212,3645650
1210,6207,3632030,6212,3645650
1210,6207,3632840,6212,3646460
1210,6207,3633840,6212,3647460
1210,6207,3634840,6212,3648460
1210,6207,3635840,6212,3649460
1210,6207,3636840,6212,3650460
1210,6207,3637490,6212,3651110
1210,6207,3638140,6212,3651760
1210,6207,3638610,6212,3652230
1210,6207,3639420,6212,3653040
1210,6207,3640230,6212,3653850
1210,6207,3641230,6212,3654850
1210,6207,3642040,6212,3655660
1210,6207,3643040,6212,3656660
1210,6207,3643690,6212,3657310
1210,6207,3644690,6212,3658310
1210,6207,3645340,6212,3658960
1210,6207,3645340,6212,3658960
1210,6207,3646340,6212,3659960
1210,6207,3647340,6212,3660960
1210,6207,3648340,6212,3661960
1210,6207,3648340,6212,3661960
1210,6207,3648340,6212,3661960
1210,6207,3649340,6212,3662960
1210,6207,3649990,6212,3663610
1210,6207,3650990,6212,3664610
1210,6207,3651990,6212,3665610
1210,6207,3652990,6212,3666610
1210,6207,3653540,6212,3667160
1210,6207,3653540,6212,3667160
1210,6207,3654540,6212,3668160
1210,6207,3655540,6212,3669160
1210,6207,3655910,6212,3669530
1210,6207,3655910,6212,3670530
1210,6207,3656910,6212,3671530
1210,6207,3657380,6212,3672000
1210,6207,3657850,6212,3672470
1210,6207,3658850,6212,3673470
1210,6207,3659660,6212,3674280
1210,6207,3660660,6212,3675280
1210,6207,3660660,6212,3675280
1210,6207,3661660,6212,3676280
1210,6207,3662660,6212,3677280
1210,6207,3663660,6212,3678280
1210,6207,3663890,6212,3678510
1210,6207,3664440,6212,3679060
1210,6207,3665440,6212,3680060
1210,6207,3666440,6212,3681060
1210,6207,3667440,6212,3682060
1210,6207,3668440,6212,3683060
1210,6207,3669440,6212,3684060
1210,6207,3669440,6212,3684060
1210,6207,3670440,6212,3685060
1210,6207,3671440,6212,3686060
1210,6207,3671440,6212,3686060
1210,6207,3672440,6212,3687060
1210,6207,3673440,6212,3688060
1210,6207,3673440,6212,3689060
1210,6207,3674440,6212,3690060
1210,6207,3675440,6212,3691060
1210,6207,3676440,6212,3692060
1210,6207,3677440,6212,3693060
1210,6207,3677550,6212,3693170
1210,6207,3678360,6212,3693980
1210,6207,3679010,6212,3694630
1210,6207,3679820,6212,3695440
1210,6207,3680820,6212,3696440
1210,6207,3681140,6212,3696760
1210,6207,3681370,6212,3696990
1210,6207,3682370,6212,3697990
1210,6207,3683180,6212,3698800
1210,6207,3684180,6212,3699800
1210,6207,3684990,6212,3700610
1210,6207,3685990,6212,3701610
1210,6207,3686990,6212,3702610
1210,6207,3687990,6212,3703610
1210,6207,3688460,6212,3704080
1210,6207,3688460,6212,3704080
1210,6207,3688460,6212,3704080
1210,6207,3688460,6212,3704080
1210,6207,3688780,6212,3704400
1210,6207,3689780,6212,3705400
1210,6207,3689780,6212,3705400
1210,6207,3690250,6212,3705870
1210,6207,3691250,6212,3706870
1210,6207,3691580,6212,3707200
1210,6207,3692580,6212,3708200
1210,6207,3693390,6212,3709010
1210,6207,3694200,6212,3709820
1210,6207,3695200,6212,3710820
1210,6207,3696200,6212,3711820
1210,6207,3696750,6212,3712370
1210,6207,3697750,6212,3713370
1210,6207,3698220,6212,3713840
1210,6207,3699220,6212,3714840
1210,6207,3700220,6212,3715840
1211,6209,3700870,6212,3716490
1211,6209,3700870,6212,3717490
1211,6209,3701870,6212,3718490
1211,6209,3702680,6212,3719300
1211,6209,3703150,6212,3719770
1211,6209,3703620,6212,3720240
1211,6209,3703620,6212,3720240
1211,6209,3704430,6212,3721050
1211,6209,3705430,6212,3722050
1211,6209,3706430,6212,3723050
1211,6209,3707430,6212,3724050
1211,6209,3707650,6212,3724270
1211,6209,3708650,6212,3725270
1211,6209,3708810,6212,3725430
1211,6209,3709130,6212,3725750
1211,6209,3710130,6212,3726750
1211,6209,3710680,6212,3727300
1211,6209,3711000,6212,3727620
1211,6209,3711000,6212,3727620
1211,6209,3712000,6212,3728620
1211,6209,3712000,6212,3728620
1211,6209,3712160,6212,3728780
1211,6209,3712390,6212,3729010
1211,6209,3713390,6212,3730010
1211,6209,3714390,6212,3731010
1211,6209,3715200,6212,3731820
1211,6209,3715660,6212,3732280
1211,6209,3716660,6212,3733280
1211,6209,3717470,6212,3734090
1211,6209,3718470,6212,3735090
1211,6209,3718470,6212,3735090
1211,6209,3718940,6212,3735560
1211,6209,3719940,6212,3736560
1211,6209,3720750,6212,3737370
1212,6210,3721750,6212,3738370
1212,6210,3722750,6212,3739370
1212,6210,3722750,6212,3739370
1212,6210,3723560,6212,3740180
1212,6210,3724370,6212,3740990
1212,6210,3724840,6212,3741460
1212,6210,3725160,6212,3741780
1212,6210,3725390,6212,3742010
1212,6210,3726390,6212,3743010
1212,6210,3727390,6212,3744010
1212,6210,3728390,6212,3745010
1212,6210,3729200,6212,3745820
1212,6210,3730200,6212,3746820
1212,6210,3731200,6212,3747820
1212,6210,3732010,6212,3748630
1212,6210,3733010,6212,3749630
1212,6210,3733660,6212,3750280
1212,6210,3733660,6212,3750280
1212,6210,3734660,6212,3751280
1212,6210,3735660,6212,3752280
1212,6210,3736660,6212,3753280
1212,6210,3737310,6212,3753930
1212,6210,3738310,6212,3754930
1212,6210,3739120,6212,3755740
1212,6210,3740120,6212,3756740
1212,6210,3741120,6212,3757740
1212,6210,3742120,6212,3758740
1212,6210,3743120,6212,3759740
1212,6210,3744120,6212,3760740
1212,6210,3744590,6212,3761210
1212,6210,3744910,6212,3761530
1212,6210,3745230,6212,3761850
1212,6210,3745700,6212,3762320
1212,6210,3746510,6212,3763130
1212,6210,3747510,6212,3764130
1212,6210,3748320,6212,3764940
1212,6210,3748320,6212,3764940
1212,6210,3748790,6212,3765410
1212,6210,3749120,6212,3765740
1212,6210,3749120,6212,3765740
1212,6210,3749340,6212,3765960
1212,6210,3750340,6212,3766960
1212,6210,3750990,6212,3767610
1212,6210,3750990,6212,3767610
1212,6210,3751460,6212,3768080
1212,6210,3752460,6212,3769080
1212,6210,3752460,6212,3769080
1212,6210,3752460,6212,3769080
1212,6210,3753460,6212,3770080
1212,6210,3754460,6212,3771080
1212,6210,3754570,6212,3771190
1212,6210,3755380,6212,3772000
1212,6210,3755380,6212,3772810
1212,6210,3756380,6212,3773810
1212,6210,3757380,6212,3774810
1212,6210,3761380,6212,3778810
1212,6210,3762190,6212,3779620
1212,6210,3762660,6212,3780090
1212,6210,3763130,6212,3780560
1212,6210,3763450,6212,3780880
1212,6210,3763670,6212,3781100
1212,6210,3764670,6212,3782100
1212,6210,3764670,6212,3782100
1212,6210,3765670,6212,3783100
1212,6210,3766670,6212,3784100
1212,6210,3767670,6212,3785100
1212,6210,3768140,6212,3785570
1212,6210,3769140,6212,3786570
1212,6210,3770140,6212,3787570
1212,6210,3771140,6212,3788570
1212,6210,3771140,6212,3788570
1212,6210,3771140,6212,3788570
1212,6210,3772140,6212,3789570
1212,6210,3772140,6212,3789570
1212,6210,3773140,6212,3790570
1212,6210,3773950,6212,3791380
1212,6210,3773950,6212,3791380
1212,6210,3774950,6212,3792380
1212,6210,3775950,6212,3793380
1212,6210,3776950,6212,3794380
1212,6210,3776950,6212,3794380
1212,6210,3777760,6212,3795190
1212,6210,3778570,6212,3796000
1212,6210,3779570,6212,3797000
1212,6210,3779570,6212,3797000
1212,6210,3780570,6212,3798000
1212,6210,3781570,6212,3799000
1212,6210,3782570,6212,3800000
1212,6210,3783570,6212,3801000
1212,6210,3784570,6212,3802000
1212,6210,3785380,6212,3802810
1212,6210,3786380,6212,3803810
1212,6210,3786840,6212,3804270
1212,6210,3787160,6212,3804590
1212,6210,3788160,6212,3805590
1212,6210,3788160,6212,3805590
1212,6210,3789160,6212,3806590
1212,6210,3789160,6212,3807590
1212,6210,3789160,6212,3807590
1212,6210,3789380,6212,3807810
1212,6210,3790380,6212,3808810
1212,6210,3790380,6212,3808810
1212,6210,3791380,6212,3809810
1212,6210,3791850,6212,3810280
1212,6210,3792660,6212,3811090
1212,6210,3792660,6212,3811090
1212,6210,3793660,6212,3812090
1212,6210,3794130,6212,3812560
1212,6210,3794290,6212,3812720
1212,6210,3795290,6212,3813720
1212,6210,3796100,6212,3814530
1212,6210,3796750,6212,3815180
1212,6210,3797220,6212,3815650
1212,6210,3797220,6212,3815650
1212,6210,3798220,6212,3816650
1212,6210,3799220,6212,3817650
1212,6210,3800220,6212,3818650
1212,6210,3801220,6212,3819650
1212,6210,3801870,6212,3820300
1212,6210,3802870,6212,3821300
1212,6210,3803870,6212,3822300
1212,6210,3804100,6212,3822530
1212,6210,3804100,6212,3822530
1212,6210,3804750,6212,3823180
1212,6210,3805750,6212,3824180
1212,6210,3806750,6212,3825180
1212,6210,3807750,6212,3826180
1212,6210,3808750,6212,3827180
1212,6210,3809750,6212,3828180
1212,6210,3810560,6212,3828990
1212,6210,3811560,6212,3829990
1212,6210,3812560,6212,3830990
1212,6210,3813560,6212,3831990
1212,6210,3814560,6212,3832990
1212,6210,3814560,6212,3832990
1212,6210,3814560,6212,3832990
1212,6210,3815560,6212,3833990
1212,6210,3815560,6212,3833990
1212,6210,3816560,6212,3834990
1212,6210,3817370,6212,3835800
1212,6210,3818180,6212,3836610
1212,6210,3818180,6212,3836610
1212,6210,3818180,6212,3836610
1212,6210,3819180,6212,3837610
1212,6210,3819730,6212,3838160
1212,6210,3820730,6212,3839160
1212,6210,3821050,6212,3839480
1212,6210,3822050,6212,3840480
1212,6210,3823050,6212,3841480
1212,6210,3823700,6212,3842130
1212,6210,3823700,6212,3842130
1212,6210,3824700,6212,3843130
1212,6210,3825700,6212,3844130
1212,6210,3826700,6212,3845130
1212,6210,3827170,6212,3845600
1212,6210,3828170,6212,3846600
1212,6210,3828980,6212,3847410
1212,6210,3829980,6212,3848410
1212,6210,3830980,6212,3849410
1212,6210,3830980,6212,3849410
1212,6210,3831980,6212,3850410
1212,6210,3832630,6212,3851060
1212,6210,3833630,6212,3852060
1212,6210,3834630,6212,3853060
1212,6210,3835630,6212,3854060
1212,6210,3836280,6212,3854710
1212,6210,3837280,6212,3855710
1212,6210,3838280,6212,3856710
1212,6210,3838280,6212,3856710
1212,6210,3838600,6212,3857030
1212,6210,3839250,6212,3857680
1212,6210,3839570,6212,3858000
1212,6210,3839570,6212,3858000
1212,6210,3840570,6212,3859000
1212,6210,3841570,6212,3860000
1212,6210,3841570,6212,3860000
1212,6210,3842220,6212,3860650
1212,6210,3842220,6212,3860650
1212,6210,3842220,6212,3860650
1212,6210,3842220,6212,3860650
1212,6210,3843220,6212,3861650
1212,6210,3843690,6212,3862120
1212,6210,3844690,6212,3863120
1212,6210,3845240,6212,3863670
1212,6210,3845710,6212,3864140
1212,6210,3846710,6212,3865140
1212,6210,3846710,6212,3866140
1212,6210,3846710,6212,3866140
1212,6210,3847710,6212,3867140
1212,6210,3848710,6212,3868140
1212,6210,3848820,6212,3868250
1212,6210,3849820,6212,3869250
1212,6210,3850470,6212,3869900
1212,6210,3851280,6212,3870710
1212,6210,3851510,6212,3870940
1212,6210,3852510,6212,3871940
1212,6210,3853320,6212,3872750
1212,6210,3854320,6212,3873750
1212,6210,3854780,6212,3874210
1212,6210,3854780,6212,3874210
1212,6210,3855780,6212,3875210
1212,6210,3856780,6212,3876210
1212,6210,3857780,6212,3877210
1212,6210,3858780,6212,3878210
1212,6210,3859780,6212,3879210
1212,6210,3859780,6212,3879210
1212,6210,3860780,6212,3880210
1212,6210,3861780,6212,3881210
1212,6210,3861940,6212,3881370
1212,6210,3862940,6212,3882370
1212,6210,3863940,6212,3883370
1212,6210,3867940,6212,3887370
1212,6210,3868940,6212,3888370
1212,6210,3869940,6212,3889370
1212,6210,3870940,6212,3890370
1212,6210,3871940,6212,3891370
1212,6210,3872940,6212,3892370
1212,6210,3873750,6212,3893180
1212,6210,3873750,6212,3893180
1212,6210,3874070,6212,3893500
1212,6210,3874230,6212,3893660
1212,6210,3874700,6212,3894130
1212,6210,3875510,6212,3894940
1212,6210,3875980,6212,3895410
1212,6210,3876210,6212,3895640
1212,6210,3876680,6212,3896110
1212,6210,3877680,6212,3897110
1212,6210,3877680,6212,3897110
1212,6210,3878000,6212,3897430
1212,6210,3879000,6212,3898430
1212,6210,3879320,6212,3898750
1212,6210,3880320,6212,3899750
1212,6210,3880790,6212,3900220
1212,6210,3881020,6212,3900450
1212,6210,3882020,6212,3901450
1212,6210,3882020,6212,3901450
1212,6210,3882830,6212,3902260
1212,6210,3883150,6212,3902580
1212,6210,3884150,6212,3903580
1212,6210,3884150,6212,3903580
1212,6210,3884150,6212,3903580
1212,6210,3884150,6212,3904580
1212,6210,3884150,6212,3904580
1212,6210,3885150,6212,3905580
1212,6210,3886150,6212,3906580
1212,6210,3887150,6212,3907580
1212,6210,3888150,6212,3908580
1212,6210,3888470,6212,3908900
1212,6210,3889280,6212,3909710
1212,6210,3890280,6212,3910710
1212,6210,3891280,6212,3911710
1212,6210,3891750,6212,3912180
1212,6210,3892750,6212,3913180
1212,6210,3893750,6212,3914180
1212,6210,3894750,6212,3915180
1212,6210,3895750,6212,3916180
1212,6210,3896750,6212,3917180
1212,6210,3897750,6212,3918180
1212,6210,3898560,6212,3918990
1212,6210,3899370,6212,3919800
1212,6210,3900370,6212,3920800
1212,6210,3901370,6212,3921800
1212,6210,3902370,6212,3922800
1212,6210,3902840,6212,3923270
1212,6210,3903840,6212,3924270
1212,6210,3903840,6212,3924270
1212,6210,3904300,6212,3924730
1212,6210,3905300,6212,3925730
1212,6210,3906300,6212,3926730
1212,6210,3907300,6212,3927730
1212,6210,3907300,6212,3927730
1212,6210,3907950,6212,3928380
1212,6210,3908950,6212,3929380
1212,6210,3909760,6212,3930190
1212,6210,3910760,6212,3931190
1212,6210,3911230,6212,3931660
1212,6210,3912230,6212,3932660
1212,6210,3913040,6212,3933470
1212,6210,3913040,6212,3934470
1212,6210,3914040,6212,3935470
1212,6210,3914310,6212,3935740
1212,6210,3914780,6212,3936210
1212,6210,3915590,6212,3937020
1212,6210,3915590,6212,3937020
1212,6210,3916590,6212,3938020
1212,6210,3917590,6212,3939020
1212,6210,3917590,6212,3939020
1212,6210,3918060,6212,3939490
1212,6210,3919060,6212,3940490
1212,6210,3920060,6212,3941490
1212,6210,3921060,6212,3942490
1212,6210,3921530,6212,3942960
1212,6210,3922530,6212,3943960
1212,6210,3923000,6212,3944430
1212,6210,3923470,6212,3944900
1212,6210,3924470,6212,3945900
1212,6210,3925470,6212,3946900
1212,6210,3926470,6212,3947900
1212,6210,3926790,6212,3948220
1212,6210,3926840,6212,3948270
1212,6210,3927300,6212,3948730
1212,6210,3927950,6212,3949380
1212,6210,3928420,6212,3949850
1212,6210,3929010,6212,3950440
1212,6210,3929380,6212,3950810
1212,6210,3930380,6212,3951810
1212,6210,3931380,6212,3952810
1212,6210,3931840,6212,3953270
1212,6210,3932310,6212,3953740
1212,6210,3932770,6212,3954200
1212,6210,3932770,6212,3955200
1212,6210,3933360,6212,3955790
1212,6210,3933830,6212,3956260
1212,6210,3934300,6212,3956730
1212,6210,3934300,6212,3956730
1212,6210,3935300,6212,3957730
1212,6210,3935650,6212,3958080
1212,6210,3936460,6212,3958890
1212,6210,3936510,6212,3958940
1212,6210,3937510,6212,3959940
1212,6210,3938510,6212,3960940
1212,6210,3939510,6212,3961940
1212,6210,3941510,6212,3963940
1212,6210,3941980,6212,3964410
1212,6210,3942980,6212,3965410
1212,6210,3943790,6212,3966220
1212,6210,3944600,6212,3967030
1212,6210,3945410,6212,3967840
1212,6210,3946220,6212,3968650
1212,6210,3947220,6212,3969650
1212,6210,3947220,6212,3969650
1212,6210,3948030,6212,3970460
1212,6210,3948030,6212,3970460
1212,6210,3949030,6212,3971460
1212,6210,3949680,6212,3972110
1212,6210,3949910,6212,3972340
1212,6210,3950910,6212,3973340
1212,6210,3950910,6212,3973340
1212,6210,3951130,6212,3973560
1212,6210,3951940,6212,3974370
1212,6210,3952940,6212,3975370
1212,6210,3953940,6212,3976370
1212,6210,3954750,6212,3977180
1212,6210,3955750,6212,3978180
1212,6210,3956220,6212,3978650
1212,6210,3957220,6212,3979650
1212,6210,3957810,6212,3980240
1212,6210,3957810,6212,3980240
1212,6210,3958810,6212,3981240
1212,6210,3959620,6212,3982050
1212,6210,3960080,6212,3982510
1212,6210,3961080,6212,3983510
1212,6210,3961890,6212,3984320
1212,6210,3963890,6212,3986320
1212,6210,3964890,6212,3987320
1212,6210,3965890,6212,3988320
1212,6210,3965890,6212,3988320
1212,6210,3966890,6212,3989320
1212,6210,3967890,6212,3990320
1212,6210,3967890,6212,3991320
1212,6210,3968890,6212,3992320
1212,6210,3969890,6212,3993320
1212,6210,3970210,6212,3993640
1212,6210,3970680,6212,3994110
1212,6210,3971680,6212,3995110
1212,6210,3972490,6212,3995920
1212,6210,3972490,6212,3995920
1212,6210,3973300,6212,3996730
1212,6210,3973770,6212,3997200
1212,6210,3974240,6212,3997670
1212,6210,3974470,6212,3997900
1212,6210,3974940,6212,3998370
1212,6210,3974940,6212,3998370
1212,6210,3975940,6212,3999370
1212,6210,3975940,6212,4007370
1212,6210,3976590,6212,4008020
1212,6210,3977590,6212,4009020
1212,6210,3977590,6212,4009020
1212,6210,3978400,6212,4009830
1212,6210,3979400,6212,4010830
1212,6210,3979560,6212,4010990
1212,6210,3980370,6212,4011800
1212,6210,3981180,6212,4012610
1212,6210,3981650,6212,4013080
1212,6210,3982120,6212,4013550
1212,6210,3982120,6212,4014360
1212,6210,3982930,6212,4015170
1212,6210,3982930,6212,4016170
1212,6210,3983930,6212,4017170
1212,6210,3984250,6212,4017490
1212,6210,3985250,6212,4018490
1212,6210,3986250,6212,4019490
1212,6210,3986720,6212,4019960
1212,6210,3987720,6212,4020960
1212,6210,3988530,6212,4021770
1212,6210,3989530,6212,4022770
1212,6210,3990530,6212,4023770
1212,6210,3991530,6212,4024770
1212,6210,3992530,6212,4025770
1212,6210,3993080,6212,4026320
1212,6210,3994080,6212,4027320
1212,6210,3994080,6212,4027320
1212,6210,3994410,6212,4027650
1212,6210,3995410,6212,4028650
1212,6210,3995410,6212,4028650
1212,6210,3995730,6212,4028970
1212,6210,3995730,6212,4028970
1212,6210,3996200,6212,4029440
1212,6210,3996660,6212,4029900
1212,6210,3997660,6212,4030900
1212,6210,3998660,6212,4031900
1212,6210,3998890,6212,4032130
1212,6210,3999890,6212,4033130
1212,6210,4000890,6212,4034130
1212,6210,4001360,6212,4034600
1212,6210,4002360,6212,4035600
1212,6210,4003360,6212,4036600
1212,6210,4003680,6212,4036920
1212,6210,4004680,6212,4037920
1212,6210,4005680,6212,4038920
1212,6210,4006680,6212,4039920
1212,6210,4007680,6212,4040920
1212,6210,4007680,6212,4040920
1212,6210,4008680,6212,4041920
1212,6210,4009680,6212,4042920
1212,6210,4010680,6212,4043920
1212,6210,4011680,6212,4044920
1212,6210,4012680,6212,4045920
1212,6210,4013680,6212,4046920
1212,6210,4013680,6212,4046920
1212,6210,4014680,6212,4047920
1212,6210,4015140,6212,4048380
1212,6210,4015790,6212,4049030
1212,6210,4016790,6212,4050030
1212,6210,4017600,6212,4050840
1212,6210,4018070,6212,4051310
1212,6210,4019070,6212,4052310
1212,6210,4019530,6212,4052770
1212,6210,4020000,6212,4053240
1212,6210,4020000,6212,4053240
1212,6210,4020470,6212,4053710
1212,6210,4021470,6212,4054710
1212,6210,4022470,6212,4055710
1212,6210,4026470,6212,4059710
1212,6210,4027470,6212,4060710
1212,6210,4028470,6212,4061710
1212,6210,4029470,6212,4062710
1212,6210,4030470,6212,4063710
1212,6210,4030470,6212,4063710
1212,6210,4030580,6212,4063820
1212,6210,4031580,6212,4064820
1212,6210,4032580,6212,4065820
1212,6210,4033050,6212,4066290
1212,6210,4033210,6212,4066450
1212,6210,4033670,6212,4066910
1212,6210,4033670,6212,4066910
1212,6210,4034670,6212,4067910
1212,6210,4034830,6212,4068070
1212,6210,4035830,6212,4069070
1212,6210,4036830,6212,4070070
1212,6210,4036830,6212,4071070
1212,6210,4037830,6212,4072070
1212,6210,4038830,6212,4073070
1212,6210,4039830,6212,4074070
1212,6210,4040640,6212,4074880
1212,6210,4041450,6212,4075690
1212,6210,4042450,6212,4076690
1212,6210,4042450,6212,4076690
1212,6210,4043260,6212,4077500
1212,6210,4043730,6212,4077970
1212,6210,4043960,6212,4078200
1212,6210,4044960,6212,4079200
1212,6210,4045770,6212,4080010
1212,6210,4046770,6212,4081010
1212,6210,4047770,6212,4082010
1212,6210,4048090,6212,4082330
1212,6210,4049090,6212,4083330
1212,6210,4049740,6212,4083980
1212,6210,4049740,6212,4083980
1212,6210,4050740,6212,4084980
1212,6210,4051740,6212,4085980
1212,6210,4052740,6212,4086980
1212,6210,4052740,6212,4086980
1212,6210,4053550,6212,4087790
1212,6210,4054550,6212,4088790
1212,6210,4055200,6212,4089440
1212,6210,4056200,6212,4090440
1212,6210,4056850,6212,4091090
1212,6210,4057080,6212,4091320
1212,6210,4058080,6212,4092320
1212,6210,4058550,6212,4092790
1212,6210,4058550,6212,4092790
1212,6210,4059550,6212,4093790
1212,6210,4060550,6212,4094790
1212,6210,4061550,6212,4095790
1212,6210,4061920,6212,4096160
1212,6210,4062920,6212,4097160
1212,6210,4063920,6212,4098160
1212,6210,4064920,6212,4099160
1212,6210,4065920,6212,4100160
1212,6210,4066140,6212,4100380
1212,6210,4067140,6212,4101380
1212,6210,4067140,6212,4101380
1212,6210,4068140,6212,4102380
1212,6210,4068140,6212,4102380
1212,6210,4068730,6212,4102970
1212,6210,4069730,6212,4103970
1212,6210,4070730,6212,4104970
1212,6210,4071730,6212,4105970
1212,6210,4072730,6212,4106970
1212,6210,4073730,6212,4107970
1212,6210,4074730,6212,4108970
1212,6210,4074730,6212,4108970
1212,6210,4075730,6212,4109970
1212,6210,4076730,6212,4110970
1212,6210,4077730,6212,4111970
1212,6210,4078730,6212,4112970
1212,6210,4079730,6212,4113970
1212,6210,4080730,6212,4114970
1212,6210,4081730,6212,4115970
1212,6210,4082200,6212,4116440
1212,6210,4083200,6212,4117440
1212,6210,4083850,6212,4118090
1212,6210,4084440,6212,4118680
1212,6210,4084910,6212,4119150
1212,6210,4085910,6212,4120150
1212,6210,4086720,6212,4120960
1212,6210,4087720,6212,4121960
1212,6210,4088720,6212,4122960
1212,6210,4089720,6212,4123960
1212,6210,4090530,6212,4124770
1212,6210,4091530,6212,4125770
1212,6210,4091530,6212,4125770
1212,6210,4092530,6212,4126770
1212,6210,4092530,6212,4134770
1212,6210,4093530,6212,4135770
1212,6210,4093530,6212,4135770
1212,6210,4094530,6212,4136770
1212,6210,4095530,6212,4137770
1212,6210,4095800,6212,4138040
1212,6210,4096800,6212,4139040
1212,6210,4096800,6212,4139040
1212,6210,4096800,6212,4139040
1212,6210,4097800,6212,4140040
1212,6210,4097800,6212,4140040
1212,6210,4098800,6212,4141040
1212,6210,4099800,6212,4142040
1212,6210,4100800,6212,4143040
1212,6210,4101800,6212,4144040
1212,6210,4102800,6212,4145040
1212,6210,4103800,6212,4146040
1212,6210,4104800,6212,4147040
1212,6210,4105800,6212,4148040
1212,6210,4106130,6212,4148370
1212,6210,4107130,6212,4149370
1212,6210,4108130,6212,4150370
1212,6210,4109130,6212,4151370
1212,6210,4109940,6212,4152180
1212,6210,4110940,6212,4153180
1212,6210,4111410,6212,4153650
1212,6210,4111410,6212,4153650
1212,6210,4112410,6212,4154650
1212,6210,4113410,6212,4155650
1212,6210,4113410,6212,4155650
1212,6210,4113880,6212,4156120
1212,6210,4114350,6212,4156590
1212,6210,4114350,6212,4156590
1212,6210,4114820,6212,4157060
1212,6210,4115630,6212,4157870
1212,6210,4116100,6212,4158340
1212,6210,4116570,6212,4158810
1212,6210,4117570,6212,4159810
1212,6210,4118380,6212,4160620
1212,6210,4118380,6212,4160620
1212,6210,4118850,6212,4161090
1212,6210,4119850,6212,4162090
1212,6210,4120170,6212,4162410
1212,6210,4121170,6212,4163410
1212,6210,4121640,6212,4163880
1212,6210,4122640,6212,4164880
1212,6210,4123110,6212,4165350
1212,6210,4124110,6212,4166350
1212,6210,4124580,6212,4166820
1212,6210,4124810,6212,4167050
1212,6210,4125810,6212,4168050
1212,6210,4125810,6212,4168050
1212,6210,4126810,6212,4169050
1212,6210,4127810,6212,4170050
1212,6210,4128810,6212,4171050
1212,6210,4129400,6212,4171640
1212,6210,4130400,6212,4172640
1212,6210,4130720,6212,4172960
1212,6210,4131530,6212,4173770
1212,6210,4132530,6212,4174770
1212,6210,4133000,6212,4175240
1212,6210,4134000,6212,4176240
1212,6210,4135000,6212,4177240
1212,6210,4135000,6212,4177240
1212,6210,4135470,6212,4177710
1212,6210,4135940,6212,4178180
1212,6210,4135940,6212,4178180
1212,6210,4136750,6212,4178990
1212,6210,4137560,6212,4179800
1212,6210,4138030,6212,4180270
1212,6210,4138030,6212,4180270
1212,6210,4139030,6212,4181270
1212,6210,4139030,6212,4181270
1212,6210,4139500,6212,4181740
1212,6210,4140500,6212,4182740
1212,6210,4140500,6212,4182740
1212,6210,4140500,6212,4182740
1212,6210,4141310,6212,4183550
1212,6210,4141960,6212,4184200
1212,6210,4142960,6212,4185200
1212,6210,4143960,6212,4186200
1212,6210,4144430,6212,4186670
1212,6210,4145430,6212,4187670
1212,6210,4146430,6212,4188670
1212,6210,4146430,6212,4188670
1212,6210,4146900,6212,4189140
1212,6210,4147710,6212,4189950
1212,6210,4148710,6212,4190950
1212,6210,4148710,6212,4190950
1212,6210,4149710,6212,4191950
1212,6210,4150710,6212,4192950
1212,6210,4151710,6212,4193950
1212,6210,4151710,6212,4193950
1212,6210,4152710,6212,4194950
1212,6210,4153710,6212,4195950
1212,6210,4154030,6212,4196270
1212,6210,4155030,6212,4197270
1212,6210,4155030,6212,4197270
1212,6210,4156030,6212,4198270
1212,6210,4156840,6212,4199080
1212,6210,4156840,6212,4199080
1212,6210,4157840,6212,4200080
1212,6210,4158300,6212,4200540
1212,6210,4159300,6212,4201540
1212,6210,4160300,6212,4202540
1212,6210,4161300,6212,4203540
1212,6210,4161300,6212,4203540
1212,6210,4161300,6212,4203540
1212,6210,4162300,6212,4204540
1212,6210,4162950,6212,4205190
1212,6210,4163950,6212,4206190
1212,6210,4164950,6212,4207190
1212,6210,4165420,6212,4207660
1212,6210,4166420,6212,4208660
1212,6210,4167230,6212,4209470
1212,6210,4167880,6212,4210120
1212,6210,4168100,6212,4210340
1212,6210,4169100,6212,4211340
1212,6210,4170100,6212,4212340
1212,6210,4170100,6212,4213340
1212,6210,4170260,6212,4213500
1212,6210,4171260,6212,4214500
1212,6210,4171910,6212,4215150
1212,6210,4171910,6212,4215150
1212,6210,4172720,6212,4215960
1212,6210,4173190,6212,4216430
1212,6210,4174190,6212,4217430
1212,6210,4175190,6212,4218430
1212,6210,4176190,6212,4219430
1212,6210,4177190,6212,4220430
1212,6210,4177510,6212,4220750
1212,6210,4178510,6212,4221750
1212,6210,4179320,6212,4222560
1212,6210,4180320,6212,4223560
1212,6210,4181320,6212,4224560
1212,6210,4182320,6212,4225560
1212,6210,4182790,6212,4226030
1212,6210,4183790,6212,4227030
1212,6210,4184790,6212,4228030
1212,6210,4185010,6212,4228250
1212,6210,4185480,6212,4228720
1212,6210,4185950,6212,4229190
1212,6210,4186410,6212,4229650
1212,6210,4186410,6212,4229650
1212,6210,4187410,6212,4230650
1212,6210,4188410,6212,4231650
1212,6210,4188410,6212,4231650
1212,6210,4188960,6212,4232200
1212,6210,4189610,6212,4232850
1212,6210,4190420,6212,4233660
1212,6210,4191420,6212,4234660
1212,6210,4191880,6212,4235120
1212,6210,4192880,6212,4236120
1212,6210,4193880,6212,4237120
1212,6210,4194040,6212,4237280
1212,6210,4194040,6212,4237280
1212,6210,4194850,6212,4238090
1212,6210,4195850,6212,4239090
1212,6210,4196310,6212,4239550
1212,6210,4197120,6212,4240360
1212,6210,4198120,6212,4241360
1212,6210,4199120,6212,4242360
1212,6210,4199930,6212,4243170
1212,6210,4200930,6212,4244170
1212,6210,4201250,6212,4244490
1212,6210,4202250,6212,4245490
1212,6210,4203250,6212,4246490
1212,6210,4203900,6212,4247140
1212,6210,4204900,6212,4248140
1212,6210,4205900,6212,4249140
1212,6210,4206900,6212,4250140
1212,6210,4207220,6212,4250460
1212,6210,4207690,6212,4250930
1212,6210,4208500,6212,4251740
1212,6210,4209310,6212,4252550
1212,6210,4210120,6212,4253360
1212,6210,4210930,6212,4254170
1212,6210,4210930,6212,4254170
1212,6210,4211160,6212,4254400
1212,6210,4212160,6212,4255400
1212,6210,4212630,6212,4255870
1212,6210,4212630,6212,4255870
1212,6210,4213630,6212,4256870
1212,6210,4214630,6212,4257870
1212,6210,4215280,6212,4258520
1212,6210,4215600,6212,4258840
1212,6210,4216410,6212,4259650
1212,6210,4217410,6212,4260650
1212,6210,4217410,6212,4260650
1212,6210,4218410,6212,4261650
1212,6210,4219220,6212,4262460
1212,6210,4220220,6212,4263460
1212,6210,4220220,6212,4264460
1212,6210,4220220,6212,4264460
1212,6210,4221220,6212,4265460
1212,6210,4222220,6212,4266460
1212,6210,4223220,6212,4267460
1212,6210,4224220,6212,4268460
1212,6210,4224540,6212,4268780
1212,6210,4225350,6212,4269590
1212,6210,4225670,6212,4269910
1212,6210,4225670,6212,4270910
1212,6210,4226670,6212,4271910
1212,6210,4227480,6212,4272720
1212,6210,4227950,6212,4273190
1212,6210,4228950,6212,4274190
1212,6210,4229950,6212,4275190
1212,6210,4230270,6212,4275510
1212,6210,4231270,6212,4276510
1212,6210,4231740,6212,4276980
1212,6210,4232740,6212,4277980
1212,6210,4233740,6212,4278980
1212,6210,4234740,6212,4279980
1212,6210,4234740,6212,4279980
1212,6210,4235740,6212,4280980
1212,6210,4236740,6212,4281980
1212,6210,4237210,6212,4282450
1212,6210,4238210,6212,4283450
1212,6210,4238860,6212,4284100
1212,6210,4239670,6212,4284910
1212,6210,4240670,6212,4285910
1212,6210,4240670,6212,4285910
1212,6210,4240670,6212,4285910
1212,6210,4241670,6212,4286910
1212,6210,4242480,6212,4287720
1212,6210,4243290,6212,4288530
1212,6210,4243610,6212,4288850
1212,6210,4244610,6212,4289850
1212,6210,4244610,6212,4289850
1212,6210,4245070,6212,4290310
1212,6210,4245070,6212,4290310
1212,6210,4246070,6212,4291310
1212,6210,4246540,6212,4291780
1212,6210,4247350,6212,4292590
1212,6210,4248350,6212,4293590
1212,6210,4249160,6212,4294400
1212,6210,4250160,6212,4295400
1212,6210,4251160,6212,4296400
1212,6210,4251160,6212,4296400
1212,6210,4252160,6212,4297400
1212,6210,4253160,6212,4298400
1212,6210,4253160,6212,4298400
1212,6210,4254160,6212,4299400
1212,6210,4255160,6212,4300400
1212,6210,4256160,6212,4301400
1212,6210,4256160,6212,4301400
1212,6210,4256160,6212,4301400
1212,6210,4257160,6212,4302400
1212,6210,4258160,6212,4303400
1212,6210,4258160,6212,4303400
1212,6210,4259160,6212,4304400
1212,6210,4259160,6212,4305050
1212,6210,4260160,6212,4306050
1212,6210,4261160,6212,4307050
1212,6210,4262160,6212,4308050
1212,6210,4263160,6212,4309050
1212,6210,4263160,6212,4309050
1212,6210,4264160,6212,4310050
1212,6210,4265160,6212,4311050
1212,6210,4266160,6212,4312050
1212,6210,4266970,6212,4312860
1212,6210,4266970,6212,4312860
1212,6210,4267970,6212,4313860
1212,6210,4268780,6212,4314670
1212,6210,4269780,6212,4315670
1212,6210,4270780,6212,4316670
1212,6210,4271780,6212,4317670
1212,6210,4272780,6212,4318670
1212,6210,4273100,6212,4318990
1212,6210,4274100,6212,4319990
1212,6210,4274910,6212,4320800
1212,6210,4275910,6212,4321800
1212,6210,4276910,6212,4322800
1212,6210,4277910,6212,4323800
1212,6210,4278910,6212,4324800
1212,6210,4279910,6212,4325800
1212,6210,4280910,6212,4326800
1212,6210,4281230,6212,4327120
1212,6210,4281230,6212,4335120
1212,6210,4281700,6212,4335590
1212,6210,4281920,6212,4335810
1212,6210,4282920,6212,4336810
1212,6210,4282920,6212,4344810
1212,6210,4283920,6212,4345810
1212,6210,4283920,6212,4353810
1212,6210,4284920,6212,4354810
1212,6210,4284920,6212,4355810
1212,6210,4285240,6212,4356130
1212,6210,4286240,6212,4357130
1212,6210,4286240,6212,4357130
1212,6210,4287240,6212,4358130
1212,6210,4287710,6212,4358600
1212,6210,4288180,6212,4359070
1212,6210,4288650,6212,4359540
1212,6210,4289460,6212,4360350
1212,6210,4290460,6212,4361350
1212,6210,4291460,6212,4362350
1212,6210,4291940,6212,4362830
1212,6210,4292750,6212,4363640
1212,6210,4293750,6212,4364640
1212,6210,4294750,6212,4365640
1212,6210,4295750,6212,4366640
1212,6210,4296560,6212,4367450
1212,6210,4297560,6212,4368450
1212,6210,4298210,6212,4369100
1212,6210,4298860,6212,4369750
1212,6210,4299860,6212,4370750
1212,6210,4300860,6212,4371750
1212,6210,4301860,6212,4372750
1212,6210,4302860,6212,4373750
1212,6210,4303330,6212,4374220
1212,6210,4304330,6212,4375220
1212,6210,4305330,6212,4376220
1212,6210,4306140,6212,4377030
1212,6210,4306140,6212,4377030
1212,6210,4306460,6212,4377350
1212,6210,4306780,6212,4377670
1212,6210,4307370,6212,4378260
1212,6210,4307590,6212,4378480
1212,6210,4308590,6212,4379480
1212,6210,4308820,6212,4379710
1212,6210,4309820,6212,4380710
1212,6210,4310820,6212,4381710
1212,6210,4310820,6212,4381710
1212,6210,4311820,6212,4382710
1212,6210,4312820,6212,4383710
1212,6210,4313820,6212,4384710
1212,6210,4314820,6212,4385710
1212,6210,4315630,6212,4386520
1212,6210,4316630,6212,4387520
1212,6210,4317630,6212,4388520
1212,6210,4317960,6212,4388850
1212,6210,4317960,6212,4389660
1212,6210,4318770,6212,4390470
1212,6210,4319770,6212,4391470
1212,6210,4319770,6212,4391470
1212,6210,4320770,6212,4392470
1212,6210,4321240,6212,4392940
1212,6210,4322050,6212,4393750
1212,6210,4322520,6212,4394220
1212,6210,4322520,6212,4395220
1212,6210,4322840,6212,4395540
1212,6210,4323650,6212,4396350
1212,6210,4323650,6212,4397160
1212,6210,4323810,6212,4397320
1212,6210,4324810,6212,4398320
1212,6210,4325460,6212,4398970
1212,6210,4325690,6212,4399200
1212,6210,4326010,6212,4399520
1212,6210,4326010,6212,4400520
1212,6210,4326240,6212,4400750
1212,6210,4327050,6212,4401560
1212,6210,4328050,6212,4402560
1212,6210,4329050,6212,4403560
1212,6210,4329520,6212,4404030
1212,6210,4330520,6212,4405030
1212,6210,4330990,6212,4405500
1212,6210,4331990,6212,4406500
1212,6210,4331990,6212,4406500
1212,6210,4332990,6212,4407500
1212,6210,4332990,6212,4415500
1212,6210,4333990,6212,4416500
1212,6210,4333990,6212,4416500
1212,6210,4334450,6212,4416960
1212,6210,4334920,6212,4417430
1212,6210,4335920,6212,4418430
1212,6210,4336140,6212,4418650
1212,6210,4336140,6212,4419650
1212,6210,4336140,6212,4419650
1212,6210,4336950,6212,4420460
1212,6210,4336950,6212,4420460
1212,6210,4337950,6212,4421460
1212,6210,4338760,6212,4422270
1212,6210,4339760,6212,4423270
1212,6210,4340760,6212,4424270
1212,6210,4341760,6212,4425270
1212,6210,4341760,6212,4425270
1212,6210,4341760,6212,4426270
1212,6210,4342080,6212,4426590
1212,6210,4342550,6212,4427060
1212,6210,4343550,6212,4428060
1212,6210,4344550,6212,4429060
1212,6210,4345550,6212,4430060
1212,6210,4346550,6212,4431060
1212,6210,4346870,6212,4431380
1212,6210,4347680,6212,4432190
1212,6210,4348680,6212,4433190
1212,6210,4349150,6212,4433660
1212,6210,4350150,6212,4434660
1212,6210,4350960,6212,4435470
1212,6210,4351770,6212,4436280
1212,6210,4351770,6212,4436280
1212,6210,4352770,6212,4437280
1212,6210,4352770,6212,4437280
1212,6210,4353770,6212,4438280
1212,6210,4354770,6212,4439280
1212,6210,4355580,6212,4440090
1212,6210,4356580,6212,4441090
1212,6210,4356580,6212,4441090
1212,6210,4356800,6212,4441310
1212,6210,4356800,6212,4442310
1212,6210,4357120,6212,4442630
1212,6210,4358120,6212,4443630
1212,6210,4359120,6212,4444630
1212,6210,4360120,6212,4445630
1212,6210,4360440,6212,4445950
1212,6210,4361440,6212,4446950
1212,6210,4362440,6212,4447950
1212,6210,4363440,6212,4448950
1212,6210,4363810,6212,4449320
1212,6210,4364400,6212,4449910
1212,6210,4365400,6212,4450910
1212,6210,4365860,6212,4451370
1212,6210,4365860,6212,4451370
1212,6210,4366860,6212,4452370
1212,6210,4367670,6212,4453180
1212,6210,4368670,6212,4454180
1212,6210,4369670,6212,4455180
1212,6210,4369990,6212,4455500
1212,6210,4369990,6212,4455500
1212,6210,4370990,6212,4456500
1212,6210,4371800,6212,4457310
1212,6210,4372260,6212,4457770
1212,6210,4372720,6212,4458230
1212,6210,4373370,6212,4458880
1212,6210,4374370,6212,4459880
1212,6210,4374840,6212,4460350
1212,6210,4375840,6212,4461350
1212,6210,4375840,6212,4461350
1212,6210,4375840,6212,4461350
1212,6210,4376840,6212,4462350
1212,6210,4376840,6212,4462350
1212,6210,4377840,6212,4463350
1212,6210,4378840,6212,4464350
1212,6210,4378840,6212,4464350
1212,6210,4378840,6212,4464350
1212,6210,4379840,6212,4465350
1212,6210,4380840,6212,4466350
1212,6210,4381650,6212,4467160
1212,6210,4382650,6212,4468160
1212,6210,4383650,6212,4469160
1212,6210,4384120,6212,4469630
1212,6210,4384930,6212,4470440
1212,6210,4385930,6212,4471440
1212,6210,4386930,6212,4472440
1212,6210,4387930,6212,4473440
1212,6210,4388090,6212,4473600
1212,6210,4389090,6212,4474600
1212,6210,4390090,6212,4475600
1212,6210,4391090,6212,4476600
1212,6210,4391090,6212,4476600
1212,6210,4392090,6212,4477600
1212,6210,4392310,6212,4477820
1212,6210,4392630,6212,4478140
1212,6210,4393440,6212,4478950
1212,6210,4393440,6212,4479950
1212,6210,4394250,6212,4480760
1212,6210,4394250,6212,4481760
1212,6210,4394250,6212,4481760
1212,6210,4394720,6212,4482230
1212,6210,4394720,6212,4482230
1212,6210,4395530,6212,4483040
1212,6210,4395530,6212,4483040
1212,6210,4396530,6212,4484040
1212,6210,4396530,6212,4484040
1212,6210,4397340,6212,4484850
1212,6210,4398340,6212,4485850
1212,6210,4399340,6212,4486850
1212,6210,4399810,6212,4487320
1212,6210,4400810,6212,4488320
1212,6210,4401810,6212,4489320
1212,6210,4401810,6212,4489320
1212,6210,4402810,6212,4490320
1212,6210,4402810,6212,4490320
1212,6210,4403810,6212,4491320
1212,6210,4404810,6212,4492320
1212,6210,4405810,6212,4493320
1212,6210,4406460,6212,4493970
1212,6210,4407270,6212,4494780
1212,6210,4408270,6212,4495780
1212,6210,4408270,6212,4495780
1212,6210,4408740,6212,4496250
1212,6210,4409550,6212,4497060
1212,6210,4410550,6212,4498060
1212,6210,4410550,6212,4498060
1212,6210,4410550,6212,4498060
1212,6210,4411550,6212,4499060
1212,6210,4412360,6212,4499870
1212,6210,4413360,6212,4500870
1212,6210,4414360,6212,4501870
1212,6210,4415360,6212,4502870
1212,6210,4416360,6212,4503870
1212,6210,4417170,6212,4504680
1212,6210,4417170,6212,4512680
1212,6210,4418170,6212,4513680
1212,6210,4419170,6212,4514680
1212,6210,4420170,6212,4515680
1212,6210,4420980,6212,4516490
1212,6210,4421980,6212,4517490
1212,6210,4422980,6212,4518490
1212,6210,4423790,6212,4519300
1212,6210,4423790,6212,4519300
1212,6210,4423790,6212,4519300
1212,6210,4424340,6212,4519850
1212,6210,4424340,6212,4519850
1212,6210,4425340,6212,4520850
1212,6210,4425450,6212,4520960
1212,6210,4425450,6212,4521960
1212,6210,4426450,6212,4522960
1212,6210,4426450,6212,4523960
1212,6210,4426450,6212,4523960
1212,6210,4427260,6212,4524770
1212,6210,4427850,6212,4525360
1212,6210,4428850,6212,4526360
1212,6210,4429500,6212,4527010
1212,6210,4430500,6212,4528010
1212,6210,4431500,6212,4529010
1212,6210,4432500,6212,4530010
1212,6210,4433500,6212,4531010
1212,6210,4434500,6212,4532010
1212,6210,4435500,6212,4533010
1212,6210,4436310,6212,4533820
1212,6210,4437310,6212,4534820
1212,6210,4438310,6212,4535820
1212,6210,4438960,6212,4536470
1212,6210,4438960,6212,4536470
1212,6210,4439960,6212,4537470
1212,6210,4440510,6212,4538020
1212,6210,4441510,6212,4539020
1212,6210,4442510,6212,4540020
1212,6210,4443160,6212,4540670
1212,6210,4443970,6212,4541480
1212,6210,4444970,6212,4542480
1212,6210,4444970,6212,4542480
1212,6210,4445970,6212,4543480
1212,6210,4446970,6212,4544480
1212,6210,4447440,6212,4544950
1212,6210,4448090,6212,4545600
1212,6210,4448900,6212,4546410
1212,6210,4448900,6212,4547410
1212,6210,4449370,6212,4547880
1212,6210,4449370,6212,4547880
1212,6210,4450020,6212,4548530
1212,6210,4451020,6212,4549530
1212,6210,4451020,6212,4549530
1212,6210,4451020,6212,4550530
1212,6210,4451830,6212,4551340
1212,6210,4452640,6212,4552150
1212,6210,4452960,6212,4552470
1212,6210,4453960,6212,4553470
1212,6210,4454770,6212,4554280
1212,6210,4454770,6212,4555280
1212,6210,4454770,6212,4555280
1212,6210,4455770,6212,4556280
1212,6210,4456770,6212,4557280
1212,6210,4457770,6212,4558280
1212,6210,4458230,6212,4558740
1212,6210,4459230,6212,4559740
1212,6210,4460230,6212,4560740
1212,6210,4460780,6212,4561290
1212,6210,4461430,6212,4561940
1212,6210,4461750,6212,4562260
1212,6210,4461750,6212,4563260
1212,6210,4461750,6212,4563260
1212,6210,4461750,6212,4563260
1212,6210,4462750,6212,4564260
1212,6210,4463750,6212,4565260
1212,6210,4464750,6212,4566260
1212,6210,4465750,6212,4567260
1212,6210,4465750,6212,4567260
1212,6210,4466220,6212,4567730
1212,6210,4466540,6212,4568050
1212,6210,4467190,6212,4568700
1212,6210,4468190,6212,4569700
1212,6210,4469190,6212,4570700
1212,6210,4469660,6212,4571170
1212,6210,4469660,6212,4579170
1212,6210,4469660,6212,4579170
1212,6210,4469660,6212,4580170
1212,6210,4470660,6212,4581170
1212,6210,4470980,6212,4581490
1212,6210,4471980,6212,4582490
1212,6210,4472790,6212,4583300
1212,6210,4473790,6212,4584300
1212,6210,4473790,6212,4584300
1212,6210,4473790,6212,4584300
1212,6210,4473790,6212,4584300
1212,6210,4474790,6212,4585300
1212,6210,4474790,6212,4585300
1212,6210,4475790,6212,4586300
1212,6210,4476790,6212,4587300
1212,6210,4477260,6212,4587770
1212,6210,4477260,6212,4587770
1212,6210,4477260,6212,4587770
1212,6210,4478070,6212,4588580
1212,6210,4478070,6212,4588580
1212,6210,4479070,6212,4589580
1212,6210,4480070,6212,4590580
1212,6210,4480540,6212,4591050
1212,6210,4480540,6212,4592050
1212,6210,4481540,6212,4593050
1212,6210,4482540,6212,4594050
1212,6210,4482810,6212,4594320
1212,6210,4483620,6212,4595130
1212,6210,4483620,6212,4595130
1212,6210,4484620,6212,4596130
1212,6210,4485620,6212,4597130
1212,6210,4486620,6212,4598130
1212,6210,4487620,6212,4599130
1212,6210,4488620,6212,4600130
1212,6210,4489090,6212,4600600
1212,6210,4489900,6212,4601410
1212,6210,4489900,6212,4601410
1212,6210,4490710,6212,4602220
1212,6210,4491710,6212,4603220
1212,6210,4491710,6212,4603220
1212,6210,4492710,6212,4604220
1212,6210,4493520,6212,4605030
1212,6210,4494520,6212,4606030
1212,6210,4495520,6212,4607030
1212,6210,4496520,6212,4608030
1212,6210,4497520,6212,4609030
1212,6210,4498330,6212,4609840
1212,6210,4499140,6212,4610650
1212,6210,4499950,6212,4611460
1212,6210,4500950,6212,4612460
1212,6210,4500950,6212,4612460
1212,6210,4500950,6212,4612460
1212,6210,4501950,6212,4613460
1212,6210,4501950,6212,4613460
1212,6210,4502950,6212,4614460
1212,6210,4503180,6212,4614690
1212,6210,4503180,6212,4615690
1212,6210,4503770,6212,4616280
1212,6210,4504420,6212,4616930
1212,6210,4505420,6212,4617930
1212,6210,4505880,6212,4618390
1212,6210,4506690,6212,4619200
1212,6210,4507690,6212,4620200
1212,6210,4508690,6212,4621200
1212,6210,4509690,6212,4622200
1212,6210,4509690,6212,4623200
1212,6210,4509920,6212,4623430
1212,6210,4510730,6212,4624240
1212,6210,4510960,6212,4624470
1212,6210,4511960,6212,4625470
1212,6210,4511960,6212,4625470
1212,6210,4511960,6212,4625470
1212,6210,4512960,6212,4626470
1212,6210,4512960,6212,4626470
1212,6210,4513770,6212,4627280
1212,6210,4514770,6212,4628280
1212,6210,4515770,6212,4629280
1212,6210,4516090,6212,4629600
1212,6210,4517090,6212,4630600
1212,6210,4518090,6212,4631600
1212,6210,4519090,6212,4632600
1212,6210,4520090,6212,4633600
1212,6210,4521090,6212,4634600
1212,6210,4522090,6212,4635600
1212,6210,4522900,6212,4636410
1212,6210,4523900,6212,4637410
1212,6210,4524710,6212,4638220
1212,6210,4524870,6212,4638380
1212,6210,4525870,6212,4639380
1212,6210,4526340,6212,4639850
1212,6210,4527340,6212,4640850
1212,6210,4528340,6212,4641850
1212,6210,4529340,6212,4642850
1212,6210,4530340,6212,4643850
1212,6210,4530810,6212,4644320
1212,6210,4531290,6212,4644800
1212,6210,4532290,6212,4645800
1212,6210,4533290,6212,4646800
1212,6210,4534290,6212,4647800
1212,6210,4534610,6212,4648120
1212,6210,4535610,6212,4649120
1212,6210,4536070,6212,4649580
1212,6210,4536070,6212,4649580
1212,6210,4536070,6212,4649580
1212,6210,4537070,6212,4650580
1212,6210,4538070,6212,4651580
1212,6210,4538540,6212,4652050
1212,6210,4539540,6212,4653050
1212,6210,4540350,6212,4653860
1212,6210,4540350,6212,4653860
1212,6210,4541350,6212,4654860
1212,6210,4542350,6212,4655860
1212,6210,4543350,6212,4656860
1212,6210,4544000,6212,4657510
1212,6210,4545000,6212,4658510
1212,6210,4545000,6212,4658510
1212,6210,4545000,6212,4659510
1212,6210,4546000,6212,4660510
1212,6210,4547000,6212,4661510
1212,6210,4548000,6212,4662510
1212,6210,4549000,6212,4663510
1212,6210,4549000,6212,4663510
1212,6210,4550000,6212,4664510
1212,6210,4551000,6212,4665510
1212,6210,4551650,6212,4666160
1212,6210,4551650,6212,4666160
1212,6210,4552300,6212,4666810
1212,6210,4553110,6212,4667620
1212,6210,4553920,6212,4668430
1212,6210,4554920,6212,4669430
1212,6210,4554920,6212,4669430
1212,6210,4555240,6212,4669750
1212,6210,4556240,6212,4670750
1212,6210,4556240,6212,4671750
1212,6210,4556240,6212,4671750
1212,6210,4556890,6212,4672400
1212,6210,4557890,6212,4673400
1212,6210,4557890,6212,4673400
1212,6210,4557890,6212,4673400
1212,6210,4558890,6212,4674400
1212,6210,4559540,6212,4675050
1212,6210,4560540,6212,4676050
1212,6210,4561540,6212,4677050
1212,6210,4562540,6212,4678050
1212,6210,4563010,6212,4678520
1212,6210,4563380,6212,4678890
1213,6212,4564380,6212,4679890
1213,6212,4565380,6212,4680890
1213,6212,4565850,6212,4681360
1213,6212,4565850,6212,4681360
1213,6212,4566320,6212,4681830
1213,6212,4567320,6212,4682830
1213,6212,4568320,6212,4683830
1213,6212,4568970,6212,4684480
1213,6212,4569780,6212,4685290
1213,6212,4569780,6212,4685290
1213,6212,4569780,6212,4685290
1213,6212,4570780,6212,4686290
1213,6212,4571780,6212,4687290
1213,6212,4572780,6212,4688290
1213,6212,4572780,6212,4688290
1213,6212,4572780,6212,4696290
1213,6212,4573780,6212,4697290
1213,6212,4574780,6212,4698290
1213,6212,4574780,6212,4698290
1213,6212,4574780,6212,4698290
1213,6212,4574780,6212,4698290
1213,6212,4575780,6212,4699290
1213,6212,4576780,6212,4700290
1213,6212,4576780,6212,4700290
1213,6212,4577250,6212,4700760
1213,6212,4577570,6212,4701080
1213,6212,4577570,6212,4702080
1213,6212,4578570,6212,4703080
1213,6212,4579380,6212,4703890
1213,6212,4579850,6212,4704360
1213,6212,4579850,6212,4712360
1213,6212,4580850,6212,4713360
1213,6212,4580850,6212,4713360
1213,6212,4581850,6212,4714360
1213,6212,4582320,6212,4714830
1213,6212,4583320,6212,4715830
1213,6212,4584130,6212,4716640
1213,6212,4585130,6212,4717640
1213,6212,4586130,6212,4718640
1213,6212,4587130,6212,4719640
1213,6212,4588130,6212,4720640
1213,6212,4588130,6212,4720640
1213,6212,4589130,6212,4721640
1213,6212,4590130,6212,4722640
1213,6212,4591130,6212,4723640
1213,6212,4592130,6212,4724640
1213,6212,4592130,6212,4724640
1213,6212,4592940,6212,4725450
1213,6212,4593750,6212,4726260
1213,6212,4594750,6212,4727260
1213,6212,4595750,6212,4728260
1213,6212,4596220,6212,4728730
1213,6212,4596220,6212,4729730
1213,6212,4596690,6212,4730200
1213,6212,4597690,6212,4731200
1213,6212,4597920,6212,4731430
1213,6212,4598920,6212,4732430
1213,6212,4599570,6212,4733080
1213,6212,4600570,6212,4734080
1213,6212,4601380,6212,4734890
1213,6212,4602380,6212,4735890
1213,6212,4602850,6212,4736360
1213,6212,4603850,6212,4737360
1213,6212,4604850,6212,4738360
1213,6212,4605170,6212,4738680
1213,6212,4606170,6212,4739680
1213,6212,4606640,6212,4740150
1213,6212,4607110,6212,4740620
1213,6212,4608110,6212,4741620
1213,6212,4609110,6212,4742620
1213,6212,4610110,6212,4743620
1213,6212,4611110,6212,4744620
1213,6212,4612110,6212,4745620
1213,6212,4612110,6212,4745620
1213,6212,4613110,6212,4746620
1213,6212,4614110,6212,4747620
1213,6212,4614110,6212,4747620
1213,6212,4615110,6212,4748620
1213,6212,4615580,6212,4749090
1213,6212,4616580,6212,4750090
1213,6212,4617580,6212,4751090
1213,6212,4618390,6212,4751900
1213,6212,4618860,6212,4752370
1213,6212,4619860,6212,4753370
1213,6212,4619860,6212,4753370
1213,6212,4620180,6212,4753690
1213,6212,4620500,6212,4754010
1213,6212,4621500,6212,4755010
1213,6212,4622310,6212,4755820
1213,6212,4623310,6212,4756820
1213,6212,4623540,6212,4757050
1213,6212,4624540,6212,4758050
1213,6212,4625010,6212,4758520
1213,6212,4626010,6212,4759520
1213,6212,4627010,6212,4760520
1213,6212,4627170,6212,4760680
1213,6212,4628170,6212,4761680
1213,6212,4629170,6212,4762680
1213,6212,4630170,6212,4763680
1213,6212,4631170,6212,4764680
1213,6212,4632170,6212,4765680
1213,6212,4632170,6212,4766680
1213,6212,4632980,6212,4767490
1213,6212,4633300,6212,4767810
1213,6212,4633770,6212,4768280
1213,6212,4634770,6212,4769280
1213,6212,4635770,6212,4770280
1213,6212,4636770,6212,4771280
1213,6212,4637770,6212,4772280
1213,6212,4637770,6212,4772280
1213,6212,4638000,6212,4772510
1213,6212,4639000,6212,4773510
1213,6212,4640000,6212,4774510
1213,6212,4641000,6212,4775510
1213,6212,4642000,6212,4776510
1213,6212,4642320,6212,4776830
1213,6212,4642910,6212,4777420
1213,6212,4643380,6212,4777890
1213,6212,4644380,6212,4778890
1213,6212,4645380,6212,4779890
1213,6212,4645850,6212,4780360
1213,6212,4646850,6212,4781360
1213,6212,4647170,6212,4781680
1213,6212,4647170,6212,4781680
1213,6212,4648170,6212,4782680
1213,6212,4649170,6212,4783680
1213,6212,4650170,6212,4784680
1213,6212,4651170,6212,4785680
1213,6212,4651640,6212,4786150
1213,6212,4652190,6212,4786700
1213,6212,4653190,6212,4787700
1213,6212,4654000,6212,4788510
1213,6212,4654650,6212,4789160
1213,6212,4655650,6212,4790160
1213,6212,4655870,6212,4790380
1213,6212,4655870,6212,4790380
1213,6212,4655870,6212,4790380
1213,6212,4655870,6212,4790380
1213,6212,4656870,6212,4791380
1213,6212,4656870,6212,4791380
1213,6212,4656870,6212,4791380
1213,6212,4657870,6212,4792380
1213,6212,4658870,6212,4793380
1213,6212,4662870,6212,4797380
1213,6212,4663870,6212,4798380
1213,6212,4664340,6212,4798850
1213,6212,4664340,6212,4799660
1213,6212,4665340,6212,4800660
1213,6212,4666340,6212,4801660
1213,6212,4667340,6212,4802660
1213,6212,4668340,6212,4803660
1213,6212,4669340,6212,4804660
1213,6212,4669340,6212,4804660
1213,6212,4669340,6212,4804660
1213,6212,4670340,6212,4805660
1213,6212,4671340,6212,4806660
1213,6212,4672150,6212,4807470
1213,6212,4672150,6212,4807470
1213,6212,4673150,6212,4808470
1213,6212,4674150,6212,4809470
1213,6212,4674960,6212,4810280
1213,6212,4674960,6212,4810280
1213,6212,4674960,6212,4811280
1213,6212,4675770,6212,4812090
1213,6212,4676090,6212,4812410
1213,6212,4677090,6212,4813410
1213,6212,4678090,6212,4814410
1213,6212,4678900,6212,4815220
1213,6212,4679370,6212,4815690
1213,6212,4680370,6212,4816690
1213,6212,4680960,6212,4817280
1213,6212,4681430,6212,4817750
1213,6212,4682240,6212,4818560
1213,6212,4683240,6212,4819560
1213,6212,4683710,6212,4820030
1213,6212,4684710,6212,4821030
1213,6212,4685710,6212,4822030
1213,6212,4685870,6212,4822190
1213,6212,4686870,6212,4823190
1213,6212,4687680,6212,4824000
1213,6212,4688680,6212,4825000
1213,6212,4688680,6212,4825000
1213,6212,4689490,6212,4825810
1213,6212,4689960,6212,4826280
1213,6212,4690280,6212,4826600
1213,6212,4691090,6212,4827410
1213,6212,4691320,6212,4827640
1213,6212,4692320,6212,4828640
1213,6212,4693320,6212,4829640
1213,6212,4693640,6212,4829960
1213,6212,4694450,6212,4830770
1213,6212,4695450,6212,4831770
1213,6212,4696260,6212,4832580
1213,6212,4697260,6212,4833580
1213,6212,4697260,6212,4833580
1213,6212,4697910,6212,4834230
1213,6212,4698140,6212,4834460
1213,6212,4699140,6212,4835460
1213,6212,4700140,6212,4836460
1213,6212,4701140,6212,4837460
1213,6212,4701140,6212,4837460
1213,6212,4701950,6212,4838270
1213,6212,4702950,6212,4839270
1213,6212,4702950,6212,4839270
1213,6212,4703950,6212,4840270
1213,6212,4704950,6212,4841270
1213,6212,4705760,6212,4842080
1213,6212,4705980,6212,4842300
1213,6212,4706570,6212,4842890
1213,6212,4707570,6212,4843890
1213,6212,4708570,6212,4844890
1213,6212,4709570,6212,4845890
1213,6212,4710570,6212,4846890
1213,6212,4710920,6212,4847240
1213,6212,4711570,6212,4847890
1213,6212,4712570,6212,4848890
1213,6212,4713570,6212,4849890
1213,6212,4713570,6212,4849890
1213,6212,4714380,6212,4850700
1213,6212,4714380,6212,4850700
1213,6212,4715190,6212,4851510
1213,6212,4716190,6212,4852510
1213,6212,4717000,6212,4853320
1213,6212,4718000,6212,4854320
1213,6212,4719000,6212,4855320
1213,6212,4720000,6212,4856320
1213,6212,4721000,6212,4857320
1213,6212,4721320,6212,4857640
1213,6212,4722320,6212,4858640
1213,6212,4723320,6212,4859640
1213,6212,4724320,6212,4860640
1213,6212,4725320,6212,4861640
1213,6212,4725550,6212,4861870
1213,6212,4726550,6212,4862870
1213,6212,4727550,6212,4863870
1213,6212,4727550,6212,4863870
1213,6212,4727870,6212,4864190
1213,6212,4728460,6212,4864780
1213,6212,4729110,6212,4865430
1213,6212,4730110,6212,4866430
1213,6212,4731110,6212,4867430
1213,6212,4731110,6212,4867430
1213,6212,4732110,6212,4868430
1213,6212,4733110,6212,4869430
1213,6212,4733480,6212,4869800
1213,6212,4733800,6212,4870120
1213,6212,4734800,6212,4871120
1213,6212,4735260,6212,4871580
1213,6212,4736260,6212,4872580
1213,6212,4737260,6212,4873580
1213,6212,4738260,6212,4874580
1213,6212,4739070,6212,4875390
1213,6212,4740070,6212,4876390
1213,6212,4741070,6212,4877390
1213,6212,4741880,6212,4878200
1213,6212,4742880,6212,4879200
1213,6212,4743880,6212,4880200
1213,6212,4744880,6212,4881200
1213,6212,4745690,6212,4882010
1213,6212,4745690,6212,4882820
1213,6212,4746690,6212,4883820
1213,6212,4746690,6212,4883820
1213,6212,4746920,6212,4884050
1213,6212,4747390,6212,4884520
1213,6212,4748390,6212,4885520
1213,6212,4748390,6212,4885520
1213,6212,4749390,6212,4886520
1213,6212,4750390,6212,4887520
1213,6212,4751390,6212,4888520
1213,6212,4752390,6212,4889520
1213,6212,4752940,6212,4890070
1213,6212,4753260,6212,4890390
1213,6212,4754070,6212,4891200
1213,6212,4754180,6212,4891310
1213,6212,4754830,6212,4891960
1213,6212,4755830,6212,4892960
1213,6212,4756830,6212,4893960
1213,6212,4757830,6212,4894960
1213,6212,4758640,6212,4895770
1213,6212,4759010,6212,4896140
1213,6212,4759010,6212,4896610
1213,6212,4759480,6212,4897080
1213,6212,4760480,6212,4898080
1213,6212,4761480,6212,4899080
1213,6212,4762480,6212,4900080
1213,6212,4763480,6212,4901080
1213,6212,4763480,6212,4901080
1213,6212,4764480,6212,4902080
1213,6212,4765290,6212,4902890
1213,6212,4765840,6212,4903440
1213,6212,4765840,6212,4903440
1213,6212,4766840,6212,4904440
1213,6212,4766840,6212,4904440
1213,6212,4767840,6212,4905440
1213,6212,4768650,6212,4906250
1213,6212,4769120,6212,4906720
1213,6212,4769590,6212,4907190
1213,6212,4770590,6212,4908190
1213,6212,4771590,6212,4909190
1213,6212,4772590,6212,4910190
1213,6212,4773590,6212,4911190
1213,6212,4774590,6212,4912190
1213,6212,4775400,6212,4913000
1213,6212,4776400,6212,4914000
1213,6212,4776870,6212,4914470
1213,6212,4777870,6212,4915470
1213,6212,4778870,6212,4916470
1213,6212,4779870,6212,4917470
1213,6212,4780870,6212,4918470
1213,6212,4780870,6212,4918470
1213,6212,4781680,6212,4919280
1213,6212,4782680,6212,4920280
1213,6212,4783680,6212,4921280
1213,6212,4783680,6212,4921280
1213,6212,4784680,6212,4922280
1213,6212,4785680,6212,4923280
1213,6212,4786150,6212,4923750
1213,6212,4786310,6212,4923910
1213,6212,4787120,6212,4924720
1213,6212,4787340,6212,4924940
1213,6212,4788150,6212,4925750
1213,6212,4788620,6212,4926220
1213,6212,4788620,6212,4926220
1213,6212,4789620,6212,4927220
1213,6212,4790620,6212,4928220
1213,6212,4791620,6212,4929220
1213,6212,4792620,6212,4930220
1213,6212,4793090,6212,4930690
1213,6212,4794090,6212,4931690
1213,6212,4794090,6212,4932690
1213,6212,4795090,6212,4933690
1213,6212,4795560,6212,4934160
1213,6212,4796560,6212,4935160
1213,6212,4796560,6212,4935970
1213,6212,4797030,6212,4936440
1213,6212,4797500,6212,4936910
1213,6212,4798500,6212,4937910
1213,6212,4798820,6212,4938230
1213,6212,4799290,6212,4938700
1213,6212,4800290,6212,4939700
1213,6212,4800290,6212,4940700
1213,6212,4800610,6212,4941020
1213,6212,4801610,6212,4942020
1213,6212,4801720,6212,4942130
1213,6212,4802720,6212,4943130
1213,6212,4803720,6212,4944130
1213,6212,4804040,6212,4944450
1213,6212,4804040,6212,4944450
1213,6212,4804690,6212,4945100
1213,6212,4805690,6212,4946100
1213,6212,4806500,6212,4946910
1213,6212,4807500,6212,4947910
1213,6212,4807500,6212,4947910
1213,6212,4808500,6212,4948910
1213,6212,4808500,6212,4948910
1213,6212,4809500,6212,4949910
1213,6212,4810500,6212,4950910
1213,6212,4811500,6212,4951910
1213,6212,4812500,6212,4952910
1213,6212,4812500,6212,4952910
1213,6212,4812500,6212,4952910
1213,6212,4812970,6212,4953380
1213,6212,4813970,6212,4954380
1213,6212,4814320,6212,4954730
1213,6212,4814480,6212,4954890
1213,6212,4815480,6212,4955890
1213,6212,4816480,6212,4956890
1213,6212,4817480,6212,4957890
1213,6212,4818290,6212,4958700
1213,6212,4819290,6212,4959700
1213,6212,4819290,6212,4959700
1213,6212,4820290,6212,4960700
1213,6212,4820760,6212,4961170
1213,6212,4821570,6212,4961980
1213,6212,4822120,6212,4962530
1213,6212,4822930,6212,4963340
1213,6212,4823930,6212,4964340
1213,6212,4824930,6212,4965340
1213,6212,4824930,6212,4965340
1213,6212,4825930,6212,4966340
1213,6212,4826930,6212,4967340
1213,6212,4827930,6212,4968340
1213,6212,4828740,6212,4969150
1213,6212,4829740,6212,4970150
1213,6212,4830550,6212,4970960
1213,6212,4831030,6212,4971440
1213,6212,4831260,6212,4971670
1213,6212,4832260,6212,4972670
1213,6212,4832910,6212,4973320
1213,6212,4833910,6212,4974320
1213,6212,4834910,6212,4975320
1213,6212,4835910,6212,4976320
1213,6212,4836910,6212,4977320
1213,6212,4837910,6212,4978320
1213,6212,4837910,6212,4979320
1213,6212,4838140,6212,4979550
1213,6212,4838790,6212,4980200
1213,6212,4839600,6212,4981010
1213,6212,4839920,6212,4981330
1213,6212,4839920,6212,4981330
1213,6212,4840920,6212,4982330
1213,6212,4841390,6212,4982800
1213,6212,4842390,6212,4983800
1213,6212,4843390,6212,4984800
1213,6212,4843390,6212,4984800
1213,6212,4843860,6212,4985270
1213,6212,4844860,6212,4986270
1213,6212,4844860,6212,4986270
1213,6212,4845330,6212,4986740
1213,6212,4846330,6212,4987740
1213,6212,4846330,6212,4987740
1213,6212,4846920,6212,4988330
1213,6212,4847920,6212,4989330
1213,6212,4847920,6212,4989330
1213,6212,4848920,6212,4990330
1213,6212,4848920,6212,4990980
1213,6212,4849730,6212,4991790
1213,6212,4850730,6212,4992790
1213,6212,4851730,6212,4993790
1213,6212,4852730,6212,4994790
1213,6212,4853190,6212,4995250
1213,6212,4854000,6212,4996060
1213,6212,4855000,6212,4997060
1213,6212,4856000,6212,4998060
1213,6212,4856000,6212,4999060
1213,6212,4857000,6212,5000060
1213,6212,4858000,6212,5001060
1213,6212,4858810,6212,5001870
1213,6212,4858810,6212,5001870
1213,6212,4859040,6212,5002100
1213,6212,4859590,6212,5002650
1213,6212,4860590,6212,5003650
1213,6212,4860590,6212,5003650
1213,6212,4860590,6212,5004650
1213,6212,4861590,6212,5005650
1213,6212,4862590,6212,5006650
1213,6212,4863240,6212,5007300
1213,6212,4864240,6212,5008300
1213,6212,4865240,6212,5009300
1213,6212,4866050,6212,5010110
1213,6212,4866860,6212,5010920
1213,6212,4866860,6212,5010920
1213,6212,4867860,6212,5011920
1213,6212,4868330,6212,5012390
1213,6212,4869330,6212,5013390
1213,6212,4869800,6212,5013860
1213,6212,4870450,6212,5014510
1213,6212,4871450,6212,5015510
1213,6212,4872450,6212,5016510
1213,6212,4872910,6212,5016970
1213,6212,4873910,6212,5017970
1213,6212,4874720,6212,5018780
1213,6212,4875720,6212,5019780
1213,6212,4876190,6212,5020250
1213,6212,4877000,6212,5021060
1213,6212,4877000,6212,5021060
1213,6212,4877810,6212,5021870
1213,6212,4878620,6212,5022680
1213,6212,4878620,6212,5022680
1213,6212,4879090,6212,5023150
1213,6212,4879090,6212,5023150
1213,6212,4879900,6212,5023960
1213,6212,4880710,6212,5024770
1213,6212,4881520,6212,5025580
1213,6212,4882330,6212,5026390
1213,6212,4883330,6212,5027390
1213,6212,4884330,6212,5028390
1213,6212,4885330,6212,5029390
1213,6212,4886140,6212,5030200
1213,6212,4887140,6212,5031200
1213,6212,4887950,6212,5032010
1213,6212,4888950,6212,5033010
1213,6212,4889950,6212,5034010
1213,6212,4890950,6212,5035010
1213,6212,4891420,6212,5035480
1213,6212,4891420,6212,5043480
1213,6212,4891890,6212,5043950
1213,6212,4892890,6212,5044950
1213,6212,4893000,6212,5045060
1213,6212,4894000,6212,5046060
1213,6212,4894460,6212,5046520
1213,6212,4895270,6212,5047330
1213,6212,4896270,6212,5048330
1213,6212,4897270,6212,5049330
1213,6212,4898270,6212,5050330
1213,6212,4898920,6212,5050980
1213,6212,4899920,6212,5051980
1213,6212,4900730,6212,5052790
1213,6212,4901730,6212,5053790
1213,6212,4902190,6212,5054250
1213,6212,4902660,6212,5054720
1213,6212,4903660,6212,5055720
1213,6212,4904470,6212,5056530
1213,6212,4905470,6212,5057530
1213,6212,4906470,6212,5058530
1213,6212,4907470,6212,5059530
1213,6212,4907930,6212,5059990
1213,6212,4908930,6212,5060990
1213,6212,4908930,6212,5060990
1213,6212,4908930,6212,5060990
1213,6212,4909930,6212,5061990
1213,6212,4910930,6212,5062990
1213,6212,4911250,6212,5063310
1213,6212,4912060,6212,5064120
1213,6212,4913060,6212,5065120
1213,6212,4913870,6212,5065930
1213,6212,4914190,6212,5066250
1213,6212,4914190,6212,5066250
1213,6212,4915190,6212,5067250
1213,6212,4915670,6212,5067730
1213,6212,4916670,6212,5068730
1213,6212,4916670,6212,5068730
1213,6212,4917130,6212,5069190
1213,6212,4918130,6212,5070190
1213,6212,4919130,6212,5071190
1213,6212,4920130,6212,5072190
1213,6212,4920780,6212,5072840
1213,6212,4921780,6212,5073840
1213,6212,4922780,6212,5074840
1213,6212,4922940,6212,5075000
1213,6212,4923530,6212,5075590
1213,6212,4923530,6212,5075590
1213,6212,4924530,6212,5076590
1213,6212,4925530,6212,5077590
1213,6212,4925850,6212,5077910
1213,6212,4926660,6212,5078720
1213,6212,4927470,6212,5079530
1213,6212,4928470,6212,5080530
1213,6212,4928790,6212,5080850
1213,6212,4929790,6212,5081850
1213,6212,4930790,6212,5082850
1213,6212,4931110,6212,5083170
1213,6212,4932110,6212,5084170
1213,6212,4932110,6212,5085170
1213,6212,4932160,6212,5085220
1213,6212,4933160,6212,5086220
1213,6212,4934160,6212,5087220
1213,6212,4935160,6212,5088220
1213,6212,4936160,6212,5089220
1213,6212,4937160,6212,5090220
1213,6212,4937160,6212,5091220
1213,6212,4937970,6212,5092030
1213,6212,4938130,6212,5092190
1213,6212,4938940,6212,5093000
1213,6212,4939410,6212,5093470
1213,6212,4940220,6212,5094280
1213,6212,4941220,6212,5095280
1213,6212,4941220,6212,5095280
1213,6212,4942220,6212,5096280
1213,6212,4942220,6212,5096280
1213,6212,4943220,6212,5097280
1213,6212,4943690,6212,5097750
1213,6212,4943690,6212,5097750
1213,6212,4943690,6212,5097750
1213,6212,4944160,6212,5098220
1213,6212,4945160,6212,5099220
1213,6212,4945160,6212,5099220
1213,6212,4945530,6212,5099590
1213,6212,4945850,6212,5099910
1213,6212,4945850,6212,5099910
1213,6212,4946080,6212,5100140
1213,6212,4947080,6212,5101140
1213,6212,4948080,6212,5102140
1213,6212,4948080,6212,5102140
1213,6212,4948550,6212,5102610
1213,6212,4949550,6212,5103610
1213,6212,4950550,6212,5104610
1213,6212,4951550,6212,5105610
1213,6212,4952550,6212,5106610
1213,6212,4953550,6212,5107610
1213,6212,4954140,6212,5108200
1213,6212,4954950,6212,5109010
1213,6212,4954950,6212,5109010
1213,6212,4955950,6212,5110010
1213,6212,4955950,6212,5111010
1213,6212,4956950,6212,5112010
1213,6212,4957950,6212,5113010
1213,6212,4958950,6212,5114010
1213,6212,4959950,6212,5115010
1213,6212,4960410,6212,5115470
1213,6212,4961220,6212,5116280
1213,6212,4961220,6212,5116280
1213,6212,4961220,6212,5116280
1213,6212,4962220,6212,5117280
1213,6212,4962220,6212,5118280
1213,6212,4963220,6212,5119280
1213,6212,4963220,6212,5119280
1213,6212,4963220,6212,5121280
1213,6212,4964220,6212,5122280
1213,6212,4964540,6212,5122600
1213,6212,4965010,6212,5123070
1213,6212,4966010,6212,5124070
1213,6212,4966010,6212,5125070
1213,6212,4966480,6212,5125540
1213,6212,4966950,6212,5126010
1213,6212,4967950,6212,5127010
1213,6212,4967950,6212,5127010
1213,6212,4968950,6212,5128010
1213,6212,4969950,6212,5129010
1213,6212,4970950,6212,5130010
1213,6212,4971950,6212,5131010
1213,6212,4973950,6212,5133010
1213,6212,4974950,6212,5134010
1213,6212,4974950,6212,5134010
1213,6212,4975950,6212,5135010
1213,6212,4976270,6212,5135330
1213,6212,4977080,6212,5136140
1213,6212,4977550,6212,5136610
1213,6212,4978020,6212,5137080
1213,6212,4978020,6212,5137080
1213,6212,4979020,6212,5138080
1213,6212,4980020,6212,5139080
1213,6212,4980490,6212,5139550
1213,6212,4980960,6212,5140020
1213,6212,4981960,6212,5141020
1213,6212,4982960,6212,5142020
1213,6212,4982960,6212,5142020
1213,6212,4983770,6212,5142830
1213,6212,4983770,6212,5142830
1213,6212,4984360,6212,5143420
1213,6212,4985360,6212,5144420
1213,6212,4985820,6212,5144880
1213,6212,4986820,6212,5145880
1213,6212,4987820,6212,5146880
1213,6212,4988630,6212,5147690
1213,6212,4988950,6212,5148010
1213,6212,4989420,6212,5148480
1213,6212,4990420,6212,5149480
1213,6212,4991420,6212,5150480
1213,6212,4992420,6212,5151480
1213,6212,4993230,6212,5152290
1213,6212,4994040,6212,5153100
1213,6212,4994040,6212,5161100
1213,6212,4994360,6212,5161420
1213,6212,4995170,6212,5162230
1213,6212,4995640,6212,5162700
1213,6212,4996110,6212,5163170
1213,6212,4996110,6212,5163170
1213,6212,4996580,6212,5163640
1213,6212,4997580,6212,5164640
1213,6212,4998580,6212,5165640
1213,6212,4999050,6212,5166110
1213,6212,4999520,6212,5166580
1213,6212,4999840,6212,5166900
1213,6212,4999840,6212,5167900
1213,6212,5000160,6212,5168220
1213,6212,5000160,6212,5168220
1213,6212,5000160,6212,5168220
1213,6212,5001160,6212,5169220
1213,6212,5002160,6212,5170220
1213,6212,5002480,6212,5170540
1213,6212,5003480,6212,5171540
1213,6212,5003950,6212,5172010
1213,6212,5004950,6212,5173010
1213,6212,5005420,6212,5173480
1213,6212,5006420,6212,5174480
1213,6212,5006970,6212,5175030
1213,6212,5007780,6212,5175840
1213,6212,5008780,6212,5176840
1213,6212,5008780,6212,5177840
1213,6212,5009250,6212,5178310
1213,6212,5010250,6212,5179310
1213,6212,5011250,6212,5180310
1213,6212,5011720,6212,5180780
1213,6212,5012190,6212,5181250
1213,6212,5012190,6212,5181250
1213,6212,5012240,6212,5181300
1213,6212,5013240,6212,5182300
1213,6212,5014240,6212,5183300
1213,6212,5014710,6212,5183770
1213,6212,5015710,6212,5184770
1213,6212,5016180,6212,5185240
1213,6212,5016990,6212,5186050
1213,6212,5017990,6212,5187050
1213,6212,5018640,6212,5187700
1213,6212,5019640,6212,5188700
1213,6212,5020640,6212,5189700
1213,6212,5020640,6212,5189700
1213,6212,5020640,6212,5190700
1213,6212,5021640,6212,5191700
1213,6212,5022450,6212,5192510
1213,6212,5023450,6212,5193510
1213,6212,5024450,6212,5194510
1213,6212,5025450,6212,5195510
1213,6212,5025450,6212,5196510
1213,6212,5026450,6212,5197510
1213,6212,5027450,6212,5198510
1213,6212,5027450,6212,5199510
1213,6212,5028450,6212,5200510
1213,6212,5028670,6212,5200730
1213,6212,5029670,6212,5201730
1213,6212,5030670,6212,5202730
1213,6212,5030670,6212,5202730
1213,6212,5031670,6212,5203730
1213,6212,5031900,6212,5203960
1213,6212,5031900,6212,5203960
1213,6212,5032710,6212,5204770
1213,6212,5032710,6212,5204770
1213,6212,5033520,6212,5205580
1213,6212,5034520,6212,5206580
1213,6212,5034840,6212,5206900
1213,6212,5035310,6212,5207370
1213,6212,5036120,6212,5208180
1213,6212,5037120,6212,5209180
1213,6212,5037120,6212,5209990
1213,6212,5037120,6212,5209990
1213,6212,5038120,6212,5210990
1213,6212,5039120,6212,5211990
1213,6212,5040120,6212,5212990
1213,6212,5041120,6212,5213990
1213,6212,5041770,6212,5214640
1213,6212,5042770,6212,5215640
1213,6212,5042770,6212,5215640
1213,6212,5043240,6212,5216110
1213,6212,5043240,6212,5217110
1213,6212,5044240,6212,5218110
1213,6212,5045240,6212,5219110
1213,6212,5046240,6212,5220110
1213,6212,5047240,6212,5221110
1213,6212,5048240,6212,5222110
1213,6212,5049240,6212,5223110
1213,6212,5050240,6212,5224110
1213,6212,5051240,6212,5225110
1213,6212,5052240,6212,5226110
1213,6212,5053240,6212,5227110
1213,6212,5053240,6212,5227760
1213,6212,5054240,6212,5228760
1213,6212,5055240,6212,5229760
1213,6212,5055240,6212,5229760
1213,6212,5055610,6212,5230130
1213,6212,5056610,6212,5231130
1213,6212,5060610,6212,5235130
1213,6212,5061610,6212,5236130
1213,6212,5062610,6212,5237130
1213,6212,5063610,6212,5238130
1213,6212,5064610,6212,5239130
1213,6212,5064610,6212,5239780
1213,6212,5065080,6212,5240250
1213,6212,5065400,6212,5240570
1213,6212,5065400,6212,5241570
1213,6212,5066210,6212,5242380
1213,6212,5067210,6212,5243380
1213,6212,5067210,6212,5243380
1213,6212,5068210,6212,5244380
1213,6212,5069210,6212,5245380
1213,6212,5070210,6212,5246380
1213,6212,5071210,6212,5247380
1213,6212,5072210,6212,5248380
1213,6212,5072680,6212,5248850
1213,6212,5073050,6212,5249220
1213,6212,5073050,6212,5249870
1213,6212,5073860,6212,5250680
1213,6212,5074320,6212,5251140
1213,6212,5075320,6212,5252140
1213,6212,5076320,6212,5253140
1213,6212,5077320,6212,5254140
1213,6212,5077320,6212,5254140
1213,6212,5078320,6212,5255140
1213,6212,5079320,6212,5256140
1213,6212,5079690,6212,5256510
1213,6212,5080690,6212,5257510
1213,6212,5081690,6212,5258510
1213,6212,5082010,6212,5258830
1213,6212,5083010,6212,5259830
1213,6212,5084010,6212,5260830
1213,6212,5084820,6212,5261640
1213,6212,5085630,6212,5262450
1213,6212,5086220,6212,5263040
1213,6212,5087030,6212,5263850
1213,6212,5088030,6212,5264850
1213,6212,5088030,6212,5264850
1213,6212,5088620,6212,5265440
1213,6212,5089620,6212,5266440
1213,6212,5090170,6212,5266990
1213,6212,5090760,6212,5267580
1213,6212,5090760,6212,5267580
1213,6212,5091570,6212,5268390
1213,6212,5092380,6212,5269200
1213,6212,5093380,6212,5270200
1213,6212,5094190,6212,5271010
1213,6212,5095190,6212,5272010
1213,6212,5096190,6212,5273010
1213,6212,5097190,6212,5274010
1213,6212,5098000,6212,5274820
1213,6212,5099000,6212,5275820
1213,6212,5099810,6212,5276630
1213,6212,5099810,6212,5276630
1213,6212,5100810,6212,5277630
1213,6212,5101810,6212,5278630
1213,6212,5102810,6212,5279630
1213,6212,5103620,6212,5280440
1213,6212,5103620,6212,5280440
1213,6212,5104270,6212,5281090
1213,6212,5105270,6212,5282090
1213,6212,5105270,6212,5282090
1213,6212,5106270,6212,5283090
1213,6212,5106740,6212,5283560
1213,6212,5107550,6212,5284370
1213,6212,5108550,6212,5285370
1213,6212,5109200,6212,5286020
1213,6212,5110200,6212,5287020
1213,6212,5111010,6212,5287830
1213,6212,5111480,6212,5288300
1213,6212,5112480,6212,5289300
1213,6212,5113480,6212,5290300
1213,6212,5114480,6212,5291300
1213,6212,5115480,6212,5292300
1213,6212,5116480,6212,5293300
1213,6212,5116480,6212,5294300
1213,6212,5117030,6212,5294850
1213,6212,5117350,6212,5295170
1213,6212,5118350,6212,5296170
1213,6212,5119160,6212,5296980
1213,6212,5120160,6212,5297980
1213,6212,5121160,6212,5298980
1213,6212,5122160,6212,5299980
1213,6212,5123160,6212,5300980
1213,6212,5124160,6212,5301980
1213,6212,5125160,6212,5302980
1213,6212,5126160,6212,5303980
1213,6212,5127160,6212,5304980
1213,6212,5127480,6212,5305300
1213,6212,5127480,6212,5305300
1213,6212,5128030,6212,5305850
1213,6212,5128030,6212,5305850
1213,6212,5128030,6212,5305850
1213,6212,5128030,6212,5306850
1213,6212,5128250,6212,5307070
1213,6212,5128720,6212,5307540
1213,6212,5129720,6212,5308540
1213,6212,5129720,6212,5308540
1213,6212,5130530,6212,5309350
1213,6212,5130850,6212,5309670
1213,6212,5131170,6212,5309990
1213,6212,5131170,6212,5309990
1213,6212,5131980,6212,5310800
1213,6212,5131980,6212,5310800
1213,6212,5131980,6212,5310800
1213,6212,5131980,6212,5310800
1213,6212,5131980,6212,5310800
1213,6212,5132980,6212,5311800
1213,6212,5133450,6212,5312270
1213,6212,5134450,6212,5313270
1213,6212,5134450,6212,5313270
1213,6212,5134450,6212,5314080
1213,6212,5135450,6212,5315080
1213,6212,5135450,6212,5315080
1213,6212,5135450,6212,5316080
1213,6212,5135450,6212,5317080
1213,6212,5136260,6212,5317890
1213,6212,5137260,6212,5318890
1213,6212,5137260,6212,5318890
1213,6212,5138260,6212,5319890
1213,6212,5138730,6212,5320360
1213,6212,5139730,6212,5321360
1213,6212,5140380,6212,5322010
1213,6212,5141380,6212,5323010
1213,6212,5142380,6212,5324010
1213,6212,5142600,6212,5324230
1213,6212,5143070,6212,5324700
1213,6212,5144070,6212,5325700
1213,6212,5144070,6212,5326700
1213,6212,5144360,6212,5326990
1213,6212,5144360,6212,5326990
1213,6212,5144820,6212,5327450
1213,6212,5144820,6212,5328260
1213,6212,5145820,6212,5329260
1213,6212,5146630,6212,5330070
1213,6212,5147630,6212,5331070
1213,6212,5148630,6212,5332070
1213,6212,5149630,6212,5333070
1213,6212,5150440,6212,5333880
1213,6212,5151440,6212,5334880
1213,6212,5152440,6212,5335880
1213,6212,5152440,6212,5335880
1213,6212,5152990,6212,5336430
1213,6212,5153990,6212,5337430
1213,6212,5153990,6212,5337430
1213,6212,5154800,6212,5338240
1213,6212,5155610,6212,5339050
1213,6212,5156610,6212,5340050
1213,6212,5156770,6212,5340210
1213,6212,5156770,6212,5340210
1213,6212,5156770,6212,5340210
1213,6212,5157250,6212,5340690
1213,6212,5158250,6212,5341690
1213,6212,5159060,6212,5342500
1213,6212,5159060,6212,5343310
1213,6212,5159380,6212,5343630
1213,6212,5160380,6212,5344630
1213,6212,5161380,6212,5345630
1213,6212,5161700,6212,5345950
1213,6212,5161700,6212,5346950
1213,6212,5161700,6212,5346950
1213,6212,5161700,6212,5346950
1213,6212,5161700,6212,5346950
1213,6212,5162700,6212,5347950
1213,6212,5163510,6212,5348760
1213,6212,5163510,6212,5349760
1213,6212,5163980,6212,5350230
1213,6212,5164300,6212,5350550
1213,6212,5165300,6212,5351550
1213,6212,5166300,6212,5352550
1213,6212,5167300,6212,5353550
1213,6212,5168300,6212,5354550
1213,6212,5169300,6212,5355550
1213,6212,5169620,6212,5355870
1213,6212,5170430,6212,5356680
1213,6212,5170750,6212,5357000
1213,6212,5171750,6212,5358000
1213,6212,5171970,6212,5358220
1213,6212,5171970,6212,5358220
1213,6212,5172440,6212,5358690
1213,6212,5173440,6212,5359690
1213,6212,5174440,6212,5360690
1213,6212,5174910,6212,5361160
1213,6212,5175910,6212,5362160
1213,6212,5176910,6212,5363160
1213,6212,5177720,6212,5363970
1213,6212,5178720,6212,5364970
1213,6212,5179530,6212,5365780
1213,6212,5180530,6212,5366780
1213,6212,5181530,6212,5367780
1213,6212,5181530,6212,5367780
1213,6212,5182000,6212,5368250
1213,6212,5182460,6212,5368710
1213,6212,5182460,6212,5368710
1213,6212,5182460,6212,5369520
1213,6212,5182930,6212,5369990
1213,6212,5183930,6212,5370990
1213,6212,5184740,6212,5371800
1213,6212,5185740,6212,5372800
1213,6212,5186740,6212,5373800
1213,6212,5187740,6212,5374800
1213,6212,5188740,6212,5375800
1213,6212,5189550,6212,5376610
1213,6212,5189550,6212,5377610
1213,6212,5189550,6212,5378080
1213,6212,5190360,6212,5378890
1213,6212,5191360,6212,5379890
1213,6212,5192360,6212,5380890
1213,6212,5193010,6212,5381540
1213,6212,5194010,6212,5382540
1213,6212,5194010,6212,5383540
1213,6212,5195010,6212,5384540
1213,6212,5195480,6212,5385010
1213,6212,5196480,6212,5386010
1213,6212,5197480,6212,5387010
1213,6212,5197480,6212,5388010
1213,6212,5198480,6212,5389010
1213,6212,5198480,6212,5390010
1213,6212,5198950,6212,5390480
1213,6212,5199540,6212,5391070
1213,6212,5199540,6212,5391070
1213,6212,5200010,6212,5391540
1213,6212,5201010,6212,5392540
1213,6212,5202010,6212,5393540
1213,6212,5202820,6212,5394350
1213,6212,5203140,6212,5394670
1213,6212,5204140,6212,5395670
1213,6212,5205140,6212,5396670
1213,6212,5206140,6212,5397670
1213,6212,5207140,6212,5398670
1213,6212,5208140,6212,5399670
1213,6212,5209140,6212,5400670
1213,6212,5209610,6212,5401140
1213,6212,5209610,6212,5401140
1213,6212,5210610,6212,5402140
1213,6212,5211610,6212,5403140
1213,6212,5212610,6212,5404140
1213,6212,5213610,6212,5405140
1213,6212,5214610,6212,5406140
1213,6212,5215420,6212,5406950
1213,6212,5216420,6212,5407950
1213,6212,5217230,6212,5408760
1213,6212,5217880,6212,5409410
1213,6212,5218880,6212,5410410
1213,6212,5219690,6212,5411220
1213,6212,5220150,6212,5411680
1213,6212,5221150,6212,5412680
1213,6212,5222150,6212,5413680
1213,6212,5223150,6212,5414680
1213,6212,5224150,6212,5415680
1213,6212,5224150,6212,5416680
1213,6212,5225150,6212,5417680
1213,6212,5225150,6212,5418680
1213,6212,5225620,6212,5419150
1213,6212,5226430,6212,5419960
1213,6212,5226900,6212,5420430
1213,6212,5227900,6212,5421430
1213,6212,5228370,6212,5421900
1213,6212,5228370,6212,5422900
1213,6212,5228840,6212,5423370
1213,6212,5229840,6212,5424370
1213,6212,5229840,6212,5424370
1213,6212,5229840,6212,5425370
1213,6212,5229840,6212,5426370
1213,6212,5230840,6212,5427370
1213,6212,5231160,6212,5427690
1213,6212,5232160,6212,5428690
1213,6212,5232630,6212,5429160
1213,6212,5232630,6212,5429160
1213,6212,5233100,6212,5429630
1213,6212,5233470,6212,5430000
1213,6212,5233470,6212,5438000
1213,6212,5233470,6212,5438000
1213,6212,5233470,6212,5439000
1213,6212,5234470,6212,5440000
1213,6212,5234470,6212,5440000
1213,6212,5235470,6212,5441000
1213,6212,5235470,6212,5442000
1213,6212,5235470,6212,5443000
1213,6212,5235940,6212,5443470
1213,6212,5236160,6212,5443690
1213,6212,5236160,6212,5444690
1213,6212,5236160,6212,5445690
1213,6212,5236160,6212,5446690
1213,6212,5236160,6212,5446690
1213,6212,5236160,6212,5447690
1213,6212,5236970,6212,5448500
1213,6212,5236970,6212,5449500
1213,6212,5237780,6212,5450310
1213,6212,5238250,6212,5450780
1213,6212,5238250,6212,5458780
1213,6212,5238570,6212,5459100
1213,6212,5238570,6212,5460100
1213,6212,5238570,6212,5461100
1213,6212,5238570,6212,5462100
1213,6212,5239570,6212,5463100
1213,6212,5240380,6212,5463910
1213,6212,5240380,6212,5464910
1213,6212,5240540,6212,5465070
1213,6212,5240540,6212,5466070
1213,6212,5240540,6212,5467070
1213,6212,5241350,6212,5467880
1213,6212,5241350,6212,5467880
1213,6212,5241350,6212,5467880
1213,6212,5242350,6212,5468880
1213,6212,5242350,6212,5469530
1213,6212,5242350,6212,5477530
1213,6212,5242350,6212,5478530
1213,6212,5243000,6212,5479180
1213,6212,5243000,6212,5479180
1213,6212,5243810,6212,5479990
1213,6212,5244280,6212,5480460
1213,6212,5244280,6212,5481460
1213,6212,5245090,6212,5482270
1213,6212,5245090,6212,5483270
1213,6212,5245090,6212,5484270
1213,6212,5246090,6212,5485270
1213,6212,5246090,6212,5485270
1213,6212,5246320,6212,5485500
1213,6212,5246320,6212,5486500
1213,6212,5246320,6212,5487500
1213,6212,5246320,6212,5487500
1213,6212,5246320,6212,5487500
1213,6212,5246320,6212,5487500
1213,6212,5246320,6212,5488500
1213,6212,5246320,6212,5489500
1213,6212,5246320,6212,5490500
1213,6212,5246320,6212,5491500
1213,6212,5247320,6212,5492500
1213,6212,5247970,6212,5493150
1213,6212,5248780,6212,5493960
1213,6212,5248780,6212,5494610
1213,6212,5249590,6212,5495420
1213,6212,5249590,6212,5496420
1213,6212,5250590,6212,5497420
1213,6212,5250910,6212,5497740
1213,6212,5250910,6212,5497740
1213,6212,5250910,6212,5498740
1213,6212,5250910,6212,5499740
1213,6212,5251380,6212,5500210
1213,6212,5251380,6212,5501210
1213,6212,5251930,6212,5501760
1213,6212,5251930,6212,5502760
1213,6212,5252740,6212,5503570
1213,6212,5253200,6212,5504030
1213,6212,5253200,6212,5505030
1213,6212,5253200,6212,5506030
1213,6212,5253200,6212,5507030
1213,6212,5253200,6212,5508030
1213,6212,5253200,6212,5509030
1213,6212,5253200,6212,5509030
1213,6212,5253200,6212,5509030
1213,6212,5253520,6212,5509350
1213,6212,5253840,6212,5509670
1213,6212,5254390,6212,5510220
1213,6212,5254390,6212,5511220
1213,6212,5255200,6212,5512030
1213,6212,5255200,6212,5513030
1213,6212,5255200,6212,5514030
1213,6212,5255670,6212,5514500
1213,6212,5255670,6212,5515500
1213,6212,5255670,6212,5516500
1213,6212,5255670,6212,5516500
1213,6212,5255670,6212,5517500
1213,6212,5256140,6212,5517970
1213,6212,5256460,6212,5518290
1213,6212,5257460,6212,5519290
1213,6212,5257460,6212,5520290
1213,6212,5257460,6212,5521290
1213,6212,5257930,6212,5521760
1213,6212,5258400,6212,5522230
1213,6212,5259210,6212,5523040
1213,6212,5259210,6212,5524040
1213,6212,5260020,6212,5524850
1213,6212,5260830,6212,5525660
1213,6212,5260830,6212,5526660
1213,6212,5261300,6212,5527130
1213,6212,5261300,6212,5528130
1213,6212,5261300,6212,5529130
1213,6212,5261300,6212,5530130
1213,6212,5261300,6212,5531130
1213,6212,5261890,6212,5531720
1213,6212,5262350,6212,5532180
1213,6212,5262350,6212,5533180
1213,6212,5262350,6212,5534180
1213,6212,5262820,6212,5534650
1213,6212,5262820,6212,5535650
1213,6212,5262820,6212,5536650
1213,6212,5262820,6212,5536650
1213,6212,5262820,6212,5537650
1213,6212,5262820,6212,5538650
1213,6212,5262820,6212,5539650
1213,6212,5263470,6212,5540300
1213,6212,5263840,6212,5540670
1213,6212,5264650,6212,5541480
1213,6212,5265200,6212,5542030
1213,6212,5266010,6212,5542840
1213,6212,5267010,6212,5543840
1213,6212,5267330,6212,5544160
1213,6212,5268330,6212,5545160
1213,6212,5268650,6212,5545480
1213,6212,5268650,6212,5546480
1213,6212,5268650,6212,5547480
1213,6212,5268650,6212,5548480
1213,6212,5269460,6212,5549290
1213,6212,5270110,6212,5549940
1213,6212,5270110,6212,5550940
1213,6212,5270340,6212,5551170
1213,6212,5270340,6212,5552170
1213,6212,5270340,6212,5553170
1213,6212,5271150,6212,5553980
1213,6212,5271470,6212,5554300
1213,6212,5271470,6212,5555300
1213,6212,5271470,6212,5556300
1213,6212,5271700,6212,5556530
1213,6212,5271700,6212,5557530
1213,6212,5271700,6212,5557530
1213,6212,5272350,6212,5558180
1213,6212,5272820,6212,5558650
1213,6212,5272820,6212,5558650
1213,6212,5272820,6212,5559650
1213,6212,5273370,6212,5560200
1213,6212,5274370,6212,5561200
1213,6212,5274370,6212,5562200
1213,6212,5274840,6212,5562670
1213,6212,5275840,6212,5563670
1213,6212,5275840,6212,5563670
1213,6212,5276650,6212,5564480
1213,6212,5276650,6212,5565480
1213,6212,5276650,6212,5565480
1213,6212,5276650,6212,5565480
1213,6212,5276650,6212,5566480
1213,6212,5277650,6212,5567480
1213,6212,5277650,6212,5568480
1213,6212,5277650,6212,5569480
1213,6212,5277650,6212,5570480
1213,6212,5277650,6212,5571480
1213,6212,5277650,6212,5571480
1213,6212,5278460,6212,5572290
1213,6212,5278460,6212,5572290
1213,6212,5278460,6212,5573290
1213,6212,5278460,6212,5574290
1213,6212,5278460,6212,5575290
1213,6212,5278460,6212,5576290
1213,6212,5279050,6212,5576880
1213,6212,5279530,6212,5577360
1213,6212,5279530,6212,5577360
1213,6212,5279530,6212,5578360
1213,6212,5280530,6212,5579360
1213,6212,5281340,6212,5580170
1213,6212,5281340,6212,5581170
1213,6212,5282150,6212,5581980
1213,6212,5282150,6212,5581980
1213,6212,5282150,6212,5582980
1213,6212,5283150,6212,5583980
1213,6212,5283150,6212,5584980
1213,6212,5283620,6212,5585450
1213,6212,5284430,6212,5586260
1213,6212,5285430,6212,5587260
1213,6212,5285750,6212,5587580
1213,6212,5285750,6212,5587580
1213,6212,5285860,6212,5587690
1213,6212,5285860,6212,5588690
1213,6212,5285860,6212,5589690
1213,6212,5286020,6212,5589850
1213,6212,5286020,6212,5590850
1213,6212,5286020,6212,5591850
1213,6212,5286020,6212,5592850
1213,6212,5286830,6212,5593660
1213,6212,5286830,6212,5594660
1213,6212,5286830,6212,5595660
1213,6212,5287830,6212,5596660
1213,6212,5287830,6212,5596660
1213,6212,5287830,6212,5597660
1213,6212,5288300,6212,5598130
1213,6212,5288300,6212,5606130
1213,6212,5288300,6212,5606130
1213,6212,5289110,6212,5606940
1213,6212,5289110,6212,5607940
1213,6212,5289480,6212,5608310
1213,6212,5290030,6212,5608860
1213,6212,5290030,6212,5609860
1213,6212,5290840,6212,5610670
1213,6212,5290840,6212,5611670
1213,6212,5291160,6212,5611990
1213,6212,5292160,6212,5612990
1213,6212,5292530,6212,5613360
1213,6212,5292530,6212,5613910
1213,6212,5293340,6212,5614720
1213,6212,5293340,6212,5614720
1213,6212,5293340,6212,5615720
1213,6212,5293340,6212,5616720
1213,6212,5293340,6212,5617720
1213,6212,5293340,6212,5617720
1213,6212,5294340,6212,5618720
1213,6212,5294990,6212,5619370
1213,6212,5294990,6212,5619370
1213,6212,5294990,6212,5620370
1213,6212,5294990,6212,5621370
1213,6212,5294990,6212,5622370
1213,6212,5295800,6212,5623180
1213,6212,5295800,6212,5623180
1213,6212,5295800,6212,5623990
1213,6212,5295800,6212,5624990
1213,6212,5295800,6212,5625990
1213,6212,5296030,6212,5626220
1213,6212,5296680,6212,5626870
1213,6212,5296680,6212,5627870
1213,6212,5297000,6212,5628190
1213,6212,5297000,6212,5629000
1213,6212,5297470,6212,5629470
1213,6212,5297470,6212,5630470
1213,6212,5297470,6212,5630470
1213,6212,5298120,6212,5631120
1213,6212,5298120,6212,5632120
1213,6212,5298120,6212,5632120
1213,6212,5298120,6212,5633120
1213,6212,5298120,6212,5634120
1213,6212,5298490,6212,5634490
1213,6212,5298490,6212,5634490
1213,6212,5298810,6212,5634810
1213,6212,5299280,6212,5635280
1213,6212,5299280,6212,5636090
1213,6212,5299280,6212,5636560
1213,6212,5299280,6212,5637560
1213,6212,5299280,6212,5638370
1213,6212,5299280,6212,5639370
1213,6212,5299280,6212,5640180
1213,6212,5299280,6212,5641180
1213,6212,5299280,6212,5641180
1213,6212,5299280,6212,5642180
1213,6212,5299280,6212,5643180
1213,6212,5299650,6212,5643550
1213,6212,5299650,6212,5644550
1213,6212,5299650,6212,5645360
1213,6212,5299650,6212,5646360
1213,6212,5299650,6212,5646360
1213,6212,5299650,6212,5647360
1213,6212,5299650,6212,5648360
1213,6212,5299650,6212,5649170
1213,6212,5299970,6212,5649490
1213,6212,5299970,6212,5650490
1213,6212,5299970,6212,5651490
1213,6212,5299970,6212,5652490
1213,6212,5299970,6212,5653490
1213,6212,5300560,6212,5654080
1213,6212,5300560,6212,5655080
1213,6212,5300560,6212,5655080
1213,6212,5300560,6212,5655080
1213,6212,5301210,6212,5655730
1213,6212,5301210,6212,5656730
1213,6212,5301530,6212,5657050
1213,6212,5302000,6212,5657520
1213,6212,5302000,6212,5658520
1213,6212,5302000,6212,5659520
1213,6212,5302000,6212,5660520
1213,6212,5302320,6212,5660840
1213,6212,5302320,6212,5661840
1213,6212,5302320,6212,5662650
1213,6212,5302640,6212,5662970
1213,6212,5302640,6212,5663970
1213,6212,5302640,6212,5664970
1213,6212,5302640,6212,5665970
1213,6212,5302640,6212,5666780
1213,6212,5302640,6212,5667780
1213,6212,5302640,6212,5668780
1213,6212,5302640,6212,5669780
1213,6212,5302640,6212,5670780
1213,6212,5302640,6212,5671590
1213,6212,5303110,6212,5672060
1213,6212,5303110,6212,5673060
1213,6212,5303110,6212,5673060
1213,6212,5303110,6212,5674060
1213,6212,5303110,6212,5675060
1213,6212,5303110,6212,5676060
1213,6212,5303110,6212,5677060
1213,6212,5303110,6212,5678060
1213,6212,5303110,6212,5679060
1213,6212,5303760,6212,5679710
1213,6212,5303760,6212,5679710
1213,6212,5303760,6212,5680710
1213,6212,5303990,6212,5680940
1213,6212,5303990,6212,5681940
1213,6212,5303990,6212,5682940
1213,6212,5303990,6212,5683940
1213,6212,5303990,6212,5684940
1213,6212,5303990,6212,5685750
1213,6212,5303990,6212,5686560
1213,6212,5303990,6212,5687560
1213,6212,5303990,6212,5688560
1213,6212,5303990,6212,5689560
1213,6212,5303990,6212,5690560
1213,6212,5303990,6212,5691370
1213,6212,5303990,6212,5692370
1213,6212,5304310,6212,5692690
1213,6212,5304310,6212,5693690
1213,6212,5304310,6212,5694690
1213,6212,5304310,6212,5695690
1213,6212,5304780,6212,5696160
1213,6212,5304780,6212,5696160
1213,6212,5304780,6212,5696970
1213,6212,5305010,6212,5697200
1213,6212,5305010,6212,5697200
1213,6212,5305010,6212,5698200
1213,6212,5305010,6212,5699200
1213,6212,5305170,6212,5699360
1213,6212,5305170,6212,5700170
1213,6212,5305170,6212,5700980
1213,6212,5305170,6212,5701790
1213,6212,5305170,6212,5702790
1213,6212,5305170,6212,5703790
1213,6212,5305820,6212,5704440
1213,6212,5305820,6212,5705250
1213,6212,5306280,6212,5705710
1213,6212,5306280,6212,5706710
1213,6212,5306280,6212,5707710
1213,6212,5306600,6212,5708030
1213,6212,5306600,6212,5709030
1213,6212,5306600,6212,5710030
1213,6212,5306920,6212,5710350
1213,6212,5306920,6212,5711350
1213,6212,5306920,6212,5712350
1213,6212,5306920,6212,5713160
1213,6212,5306920,6212,5714160
1213,6212,5306920,6212,5715160
1213,6212,5306920,6212,5715970
1213,6212,5306920,6212,5715970
1213,6212,5306920,6212,5716970
1213,6212,5306920,6212,5717970
1213,6212,5306920,6212,5718970
1213,6212,5306920,6212,5718970
1213,6212,5306920,6212,5719970
1213,6212,5306920,6212,5720780
1213,6212,5306920,6212,5721780
1213,6212,5306920,6212,5721780
1213,6212,5306920,6212,5722780
1213,6212,5306920,6212,5723780
1213,6212,5306920,6212,5723780
1213,6212,5306920,6212,5724780
1213,6212,5306920,6212,5725780
1213,6212,5306920,6212,5725780
1213,6212,5306920,6212,5726780
1213,6212,5306920,6212,5727780
1213,6212,5307380,6212,5728240
1213,6212,5307380,6212,5729240
1213,6212,5307380,6212,5730240
1213,6212,5308030,6212,5730890
1213,6212,5308030,6212,5731700
1213,6212,5308030,6212,5731700
1213,6212,5308030,6212,5732700
1213,6212,5308030,6212,5733700
1213,6212,5308620,6212,5734290
1213,6212,5308620,6212,5735290
1213,6212,5308620,6212,5736290
1213,6212,5308620,6212,5737290
1213,6212,5308620,6212,5738290
1213,6212,5309090,6212,5738760
1213,6212,5309410,6212,5739080
1213,6212,5310000,6212,5739670
1213,6212,5310000,6212,5740670
1213,6212,5310000,6212,5741480
1213,6212,5310000,6212,5742480
1213,6212,5310000,6212,5743480
1213,6212,5310470,6212,5743950
1213,6212,5310940,6212,5744420
1213,6212,5310940,6212,5745420
1213,6212,5310940,6212,5745420
1213,6212,5311410,6212,5745890
1213,6212,5311880,6212,5746360
1213,6212,5311880,6212,5746830
1213,6212,5311880,6212,5747830
1213,6212,5311880,6212,5748830
1213,6212,5311880,6212,5749830
1213,6212,5311880,6212,5750830
1213,6212,5312200,6212,5751150
1213,6212,5312200,6212,5752150
1213,6212,5312200,6212,5752620
1213,6212,5312200,6212,5753430
1213,6212,5312670,6212,5753900
1213,6212,5312670,6212,5754710
1213,6212,5312670,6212,5755520
1213,6212,5313140,6212,5755990
1213,6212,5313610,6212,5756460
1213,6212,5313610,6212,5757460
1213,6212,5313610,6212,5758270
1213,6212,5314080,6212,5758740
1213,6212,5314080,6212,5758740
1213,6212,5314080,6212,5759550
1213,6212,5314080,6212,5760550
1213,6212,5314550,6212,5761020
1213,6212,5314550,6212,5762020
1213,6212,5314550,6212,5763020
1213,6212,5314550,6212,5764020
1213,6212,5314550,6212,5764020
1213,6212,5314550,6212,5764830
1213,6212,5314550,6212,5765830
1213,6212,5314550,6212,5766640
1213,6212,5314550,6212,5767450
1213,6212,5314780,6212,5767680
1213,6212,5314780,6212,5768680
1213,6212,5315370,6212,5769270
1213,6212,5315840,6212,5769740
1213,6212,5315840,6212,5770740
1213,6212,5315840,6212,5771550
1213,6212,5315840,6212,5772360
1213,6212,5315840,6212,5773360
1213,6212,5316160,6212,5773680
1213,6212,5316160,6212,5774490
1213,6212,5316160,6212,5775490
1213,6212,5316160,6212,5776490
1213,6212,5316160,6212,5776490
1213,6212,5316160,6212,5777300
1213,6212,5316160,6212,5778300
1213,6212,5316160,6212,5779300
1213,6212,5316160,6212,5780300
1213,6212,5316160,6212,5781300
1213,6212,5316160,6212,5781300
1213,6212,5316630,6212,5781770
1213,6212,5316630,6212,5782770
1213,6212,5317100,6212,5783240
1213,6212,5317100,6212,5784240
1213,6212,5317100,6212,5785050
1213,6212,5317100,6212,5785050
1213,6212,5317100,6212,5786050
1213,6212,5317100,6212,5786860
1213,6212,5317580,6212,5787340
1213,6212,5317580,6212,5788340
1213,6212,5317580,6212,5789340
1213,6212,5317580,6212,5790340
1213,6212,5318170,6212,5790930
1213,6212,5318170,6212,5791930
1213,6212,5318170,6212,5792930
1213,6212,5318170,6212,5792930
1213,6212,5318170,6212,5793930
1213,6212,5318640,6212,5794400
1213,6212,5319290,6212,5795050
1213,6212,5319290,6212,5795050
1213,6212,5319290,6212,5795050
1213,6212,5319290,6212,5796050
1213,6212,5319290,6212,5797050
1213,6212,5319290,6212,5797860
1213,6212,5319290,6212,5798670
1213,6212,5319290,6212,5798670
1213,6212,5319290,6212,5799670
1213,6212,5319290,6212,5800670
1213,6212,5319290,6212,5801670
1213,6212,5319610,6212,5801990
1213,6212,5319610,6212,5809990
1213,6212,5319610,6212,5810990
1213,6212,5319610,6212,5811990
1213,6212,5319610,6212,5812990
1213,6212,5319610,6212,5813990
1213,6212,5319610,6212,5814990
1213,6212,5319610,6212,5815800
1213,6212,5319610,6212,5816800
1213,6212,5319610,6212,5817610
1213,6212,5319610,6212,5818610
1213,6212,5319610,6212,5818610
1213,6212,5320160,6212,5819160
1213,6212,5320160,6212,5820160
1213,6212,5320160,6212,5821160
1213,6212,5320480,6212,5821480
1213,6212,5320710,6212,5821710
1213,6212,5321360,6212,5822360
1213,6212,5321360,6212,5822360
1213,6212,5321360,6212,5830360
1213,6212,5321360,6212,5831360
1213,6212,5322010,6212,5832010
1213,6212,5322240,6212,5832240
1213,6212,5322710,6212,5832710
1213,6212,5322710,6212,5833710
1213,6212,5322710,6212,5834520
1213,6212,5322710,6212,5834520
1213,6212,5323180,6212,5834990
1213,6212,5323180,6212,5835990
1213,6212,5323180,6212,5836990
1213,6212,5323650,6212,5837460
1213,6212,5323650,6212,5838460
1213,6212,5323650,6212,5839460
1213,6212,5323650,6212,5840460
1213,6212,5323650,6212,5841460
1213,6212,5324110,6212,5841920
1213,6212,5324110,6212,5842920
1213,6212,5324110,6212,5843920
1213,6212,5324580,6212,5844390
1213,6212,5324580,6212,5845200
1213,6212,5324580,6212,5846200
1213,6212,5325050,6212,5846670
1213,6212,5325520,6212,5847140
1213,6212,5325520,6212,5847140
1213,6212,5325990,6212,5847610
1213,6212,5325990,6212,5848610
1213,6212,5326460,6212,5849080
1213,6212,5326930,6212,5849550
1213,6212,5327400,6212,5850020
1213,6212,5327720,6212,5850340
1213,6212,5328190,6212,5850810
1213,6212,5328190,6212,5850810
1213,6212,5328190,6212,5851620
1213,6212,5328190,6212,5852620
1213,6212,5328190,6212,5852620
1213,6212,5328190,6212,5853620
1213,6212,5328190,6212,5854620
1213,6212,5328190,6212,5855620
1213,6212,5328190,6212,5856620
1213,6212,5328660,6212,5857090
1213,6212,5328660,6212,5858090
1213,6212,5328660,6212,5859090
1213,6212,5328660,6212,5860090
1213,6212,5329130,6212,5860560
1213,6212,5329130,6212,5861560
1213,6212,5329130,6212,5862560
1213,6212,5329130,6212,5863560
1213,6212,5329130,6212,5864370
1213,6212,5329130,6212,5865370
1213,6212,5329130,6212,5866370
1213,6212,5329590,6212,5866830
1213,6212,5329590,6212,5867830
1213,6212,5329590,6212,5868640
1213,6212,5329590,6212,5869450
1213,6212,5329590,6212,5870450
1213,6212,5329590,6212,5871450
1213,6212,5329590,6212,5872260
1213,6212,5330050,6212,5872720
1213,6212,5330050,6212,5873720
1213,6212,5330050,6212,5874720
1213,6212,5330530,6212,5875200
1213,6212,5331000,6212,5875670
1213,6212,5331000,6212,5876670
1213,6212,5331000,6212,5877670
1213,6212,5331550,6212,5878220
1213,6212,5331550,6212,5879220
1213,6212,5331550,6212,5880030
1213,6212,5331550,6212,5881030
1213,6212,5331550,6212,5882030
1213,6212,5331550,6212,5883030
1213,6212,5331780,6212,5883260
1213,6212,5331780,6212,5883260
1213,6212,5331780,6212,5884070
1213,6212,5331780,6212,5884070
1213,6212,5331780,6212,5884070
1213,6212,5331780,6212,5885070
1213,6212,5332250,6212,5885540
1213,6212,5332250,6212,5886350
1213,6212,5332250,6212,5887350
1213,6212,5332250,6212,5888350
1213,6212,5332360,6212,5888460
1213,6212,5332360,6212,5889460
1213,6212,5332360,6212,5890460
1213,6212,5332360,6212,5891460
1213,6212,5332360,6212,5892270
1213,6212,5332680,6212,5892590
1213,6212,5332680,6212,5892590
1213,6212,5333150,6212,5893060
1213,6212,5333150,6212,5893060
1213,6212,5333150,6212,5893060
1213,6212,5333150,6212,5893870
1213,6212,5333150,6212,5894870
1213,6212,5333150,6212,5895870
1213,6212,5333150,6212,5896870
1213,6212,5333150,6212,5896870
1213,6212,5333150,6212,5897870
1213,6212,5333150,6212,5898870
1213,6212,5333150,6212,5899870
1213,6212,5333150,6212,5900680
1213,6212,5333150,6212,5901680
1213,6212,5333150,6212,5902680
1213,6212,5333800,6212,5903330
1213,6212,5333800,6212,5903330
1213,6212,5333800,6212,5904330
1213,6212,5333800,6212,5904800
1213,6212,5334120,6212,5905120
1213,6212,5334710,6212,5905710
1213,6212,5334710,6212,5906710
1213,6212,5334710,6212,5907710
1213,6212,5334710,6212,5908710
1213,6212,5335180,6212,5909180
1213,6212,5335180,6212,5910180
1213,6212,5335180,6212,5910990
1213,6212,5335180,6212,5911990
1213,6212,5335180,6212,5912800
1213,6212,5335180,6212,5913800
1213,6212,5335180,6212,5913800
1213,6212,5335180,6212,5914800
1213,6212,5335180,6212,5914800
1213,6212,5335180,6212,5915800
1213,6212,5335410,6212,5916030
1213,6212,5335410,6212,5917030
1213,6212,5335410,6212,5917030
1213,6212,5335640,6212,5917260
1213,6212,5336110,6212,5917730
1213,6212,5336110,6212,5918730
1213,6212,5336110,6212,5919730
1213,6212,5336110,6212,5920730
1213,6212,5336110,6212,5920730
1213,6212,5336110,6212,5920730
1213,6212,5336110,6212,5921730
1213,6212,5336110,6212,5921730
1213,6212,5336110,6212,5922540
1213,6212,5336340,6212,5922770
1213,6212,5336560,6212,5922990
1213,6212,5336560,6212,5923990
1213,6212,5337030,6212,5924460
1213,6212,5337030,6212,5925460
1213,6212,5337030,6212,5925460
1213,6212,5337030,6212,5926270
1213,6212,5337030,6212,5927270
1213,6212,5337030,6212,5928270
1213,6212,5337030,6212,5929270
1213,6212,5337030,6212,5929270
1213,6212,5337030,6212,5930270
1213,6212,5337030,6212,5930270
1213,6212,5337030,6212,5931270
1213,6212,5337030,6212,5932270
1213,6212,5337030,6212,5933270
1213,6212,5337030,6212,5934270
1213,6212,5337030,6212,5935270
1213,6212,5337030,6212,5936270
1213,6212,5337030,6212,5937080
1213,6212,5337030,6212,5937890
1213,6212,5337500,6212,5938360
1213,6212,5337500,6212,5939360
1213,6212,5337500,6212,5940170
1213,6212,5337500,6212,5941170
1213,6212,5337660,6212,5941330
1213,6212,5337660,6212,5941330
1213,6212,5337660,6212,5942140
1213,6212,5337660,6212,5942140
1213,6212,5337660,6212,5942730
1213,6212,5337660,6212,5943730
1213,6212,5337660,6212,5944730
1213,6212,5337980,6212,5945050
1213,6212,5338300,6212,5945370
1213,6212,5338300,6212,5945370
1213,6212,5338300,6212,5946370
1213,6212,5338300,6212,5947370
1213,6212,5338300,6212,5948370
1213,6212,5339300,6212,5949370
1213,6212,5339850,6212,5949920
1213,6212,5340320,6212,5950390
1213,6212,5340320,6212,5950390
1213,6212,5340790,6212,5950860
1213,6212,5340790,6212,5951860
1213,6212,5340790,6212,5952860
1213,6212,5340790,6212,5953670
1213,6212,5340790,6212,5954480
1213,6212,5340790,6212,5955480
1213,6212,5340790,6212,5955480
1213,6212,5340790,6212,5956290
1213,6212,5340790,6212,5957290
1213,6212,5340790,6212,5958290
1213,6212,5340790,6212,5958290
1213,6212,5340790,6212,5959290
1213,6212,5340790,6212,5959290
1213,6212,5341110,6212,5959610
1213,6212,5341110,6212,5960610
1213,6212,5341110,6212,5961610
1213,6212,5341110,6212,5961610
1213,6212,5341760,6212,5962260
1213,6212,5341760,6212,5963070
1213,6212,5342230,6212,5963540
1213,6212,5342230,6212,5965540
1213,6212,5342230,6212,5966540
1213,6212,5342230,6212,5967540
1213,6212,5342230,6212,5968540
1213,6212,5342230,6212,5969540
1213,6212,5342230,6212,5970540
1213,6212,5342230,6212,5971010
1213,6212,5342550,6212,5971330
1213,6212,5342550,6212,5972330
1213,6212,5342550,6212,5973330
1213,6212,5342550,6212,5973330
1213,6212,5342550,6212,5974330
1213,6212,5342550,6212,5975330
1213,6212,5342550,6212,5976330
1213,6212,5343010,6212,5976790
1213,6212,5343010,6212,5977790
1213,6212,5343010,6212,5978790
1213,6212,5343010,6212,5978790
1213,6212,5343660,6212,5979440
1213,6212,5343660,6212,5980440
1213,6212,5343660,6212,5980440
1213,6212,5343660,6212,5981440
1213,6212,5343660,6212,5982440
1213,6212,5343660,6212,5983440
1213,6212,5343660,6212,5984440
1213,6212,5344660,6212,5985440
1213,6212,5344660,6212,5986440
1213,6212,5344660,6212,5987440
1213,6212,5344660,6212,5988440
1213,6212,5345130,6212,5988910
1213,6212,5345680,6212,5989460
1213,6212,5345680,6212,5990460
1213,6212,5346150,6212,5990930
1213,6212,5346150,6212,5990930
1213,6212,5346150,6212,5991930
1213,6212,5346150,6212,5992740
1213,6212,5346150,6212,5993740
1213,6212,5346150,6212,5994740
1213,6212,5346150,6212,5995550
1213,6212,5346380,6212,5995780
1213,6212,5346600,6212,5996000
1213,6212,5346830,6212,5996230
1213,6212,5347290,6212,5996690
1213,6212,5347290,6212,5997690
1213,6212,5347290,6212,5997690
1213,6212,5347290,6212,5997690
1213,6212,5347750,6212,5998150
1213,6212,5347750,6212,5998150
1213,6212,5348070,6212,5998470
1213,6212,5348540,6212,5998940
1213,6212,5348540,6212,5999940
1213,6212,5348540,6212,5999940
1213,6212,5348540,6212,5999940
1213,6212,5348540,6212,6000940
1213,6212,5348540,6212,6001750
1213,6212,5348540,6212,6001750
1213,6212,5348540,6212,6001750
1213,6212,5349010,6212,6002220
1213,6212,5349480,6212,6002690
1213,6212,5349480,6212,6003500
1213,6212,5349480,6212,6004050
1213,6212,5349480,6212,6004860
1213,6212,5349480,6212,6005670
1213,6212,5349590,6212,6005780
1213,6212,5349590,6212,6006430
1213,6212,5349590,6212,6007240
1213,6212,5349590,6212,6008240
1213,6212,5350590,6212,6009240
1213,6212,5350590,6212,6010240
1213,6212,5350590,6212,6011240
1213,6212,5350590,6212,6012240
1213,6212,5350590,6212,6013240
1213,6212,5351060,6212,6013710
1213,6212,5351060,6212,6014710
1213,6212,5351060,6212,6014710
1213,6212,5351060,6212,6015710
1213,6212,5351060,6212,6016710
1213,6212,5351380,6212,6017030
1213,6212,5351850,6212,6017500
1213,6212,5351850,6212,6018500
1213,6212,5351850,6212,6019500
1213,6212,5352070,6212,6019720
1213,6212,5352070,6212,6020720
1213,6212,5352070,6212,6021720
1213,6212,5352070,6212,6022720
1213,6212,5352540,6212,6023190
1213,6212,5352540,6212,6023190
1213,6212,5352540,6212,6024190
1213,6212,5352540,6212,6024840
1213,6212,5352540,6212,6025650
1213,6212,5352540,6212,6026460
1213,6212,5352860,6212,6026780
1213,6212,5352860,6212,6027780
1213,6212,5352860,6212,6028780
1213,6212,5353450,6212,6029370
1213,6212,5353770,6212,6029690
1213,6212,5353770,6212,6030690
1213,6212,5353770,6212,6031690
1213,6212,5353770,6212,6032690
1213,6212,5353770,6212,6033690
1213,6212,5353770,6212,6034690
1213,6212,5353770,6212,6035690
1213,6212,5353770,6212,6036690
1213,6212,5353770,6212,6037690
1213,6212,5353770,6212,6038690
1213,6212,5353770,6212,6039690
1213,6212,5353770,6212,6040690
1213,6212,5353770,6212,6041500
1213,6212,5353770,6212,6041500
1213,6212,5353770,6212,6042500
1213,6212,5353770,6212,6043310
1213,6212,5353770,6212,6044310
1213,6212,5353770,6212,6045310
1213,6212,5353770,6212,6046120
1213,6212,5353770,6212,6047120
1213,6212,5353770,6212,6047120
1213,6212,5353770,6212,6055120
1213,6212,5353770,6212,6055120
1213,6212,5353770,6212,6056120
1213,6212,5353770,6212,6057120
1213,6212,5353770,6212,6058120
1213,6212,5353770,6212,6059120
1213,6212,5353770,6212,6060120
1213,6212,5353770,6212,6061120
1213,6212,5353770,6212,6062120
1213,6212,5354240,6212,6062590
1213,6212,5354240,6212,6063400
1213,6212,5354240,6212,6064400
1213,6212,5354560,6212,6064720
1213,6212,5354560,6212,6065720
1213,6212,5354560,6212,6066530
1213,6212,5354560,6212,6067530
1213,6212,5354560,6212,6068340
1213,6212,5354560,6212,6068340
1213,6212,5354560,6212,6068340
1213,6212,5354560,6212,6069340
1213,6212,5355030,6212,6069810
1213,6212,5355030,6212,6070460
1213,6212,5355490,6212,6070920
1213,6212,5355810,6212,6071240
1213,6212,5355810,6212,6071240
1213,6212,5355810,6212,6072240
1213,6212,5356280,6212,6072710
1213,6212,5356280,6212,6073520
1213,6212,5356280,6212,6074520
1213,6212,5356280,6212,6075110
1213,6212,5356280,6212,6076110
1213,6212,5356280,6212,6076110
1213,6212,5356280,6212,6077110
1213,6212,5356280,6212,6078110
1213,6212,5356750,6212,6078580
1213,6212,5356750,6212,6079580
1213,6212,5357340,6212,6080170
1213,6212,5357810,6212,6080640
1213,6212,5357810,6212,6081640
1213,6212,5357810,6212,6082450
1213,6212,5357810,6212,6083450
1213,6212,5357810,6212,6084450
1213,6212,5357810,6212,6084920
1213,6212,5357810,6212,6085730
1213,6212,5358180,6212,6086100
1213,6212,5358650,6212,6086570
1213,6212,5358880,6212,6086800
1213,6212,5358880,6212,6087800
1213,6212,5358880,6212,6088270
1213,6212,5358880,6212,6089270
1213,6212,5358880,6212,6090270
1213,6212,5358880,6212,6091080
1213,6212,5359200,6212,6091400
1213,6212,5359200,6212,6092400
1213,6212,5359200,6212,6093400
1213,6212,5359670,6212,6093870
1213,6212,5359670,6212,6094870
1213,6212,5359670,6212,6095340
1213,6212,5359990,6212,6095660
1213,6212,5359990,6212,6096470
1213,6212,5360220,6212,6096700
1213,6212,5360220,6212,6097700
1213,6212,5360220,6212,6098160
1213,6212,5360220,6212,6098160
1213,6212,5360220,6212,6099160
1213,6212,5360220,6212,6100160
1213,6212,5360690,6212,6100630
1213,6212,5361160,6212,6101100
1213,6212,5361160,6212,6102100
1213,6212,5361160,6212,6103100
1213,6212,5361320,6212,6103260
1213,6212,5361320,6212,6103260
1213,6212,5361320,6212,6104260
1213,6212,5361320,6212,6105260
1213,6212,5361320,6212,6106260
1213,6212,5361320,6212,6107070
1213,6212,5361320,6212,6108070
1213,6212,5361320,6212,6108720
1213,6212,5361640,6212,6109040
1213,6212,5361640,6212,6110040
1213,6212,5361960,6212,6110360
1213,6212,5362190,6212,6110590
1213,6212,5362190,6212,6111240
1213,6212,5362420,6212,6111470
1213,6212,5362420,6212,6112470
1213,6212,5362420,6212,6112470
1213,6212,5362420,6212,6113470
1213,6212,5362420,6212,6114470
1213,6212,5362420,6212,6115280
1213,6212,5362420,6212,6116280
1213,6212,5362420,6212,6117280
1213,6212,5362420,6212,6118090
1213,6212,5362420,6212,6118090
1213,6212,5362420,6212,6118090
1213,6212,5362420,6212,6118740
1213,6212,5362890,6212,6119210
1213,6212,5362890,6212,6120210
1213,6212,5362890,6212,6121210
1213,6212,5362890,6212,6122210
1213,6212,5362890,6212,6123020
1213,6212,5363260,6212,6123390
1213,6212,5363580,6212,6123710
1213,6212,5363580,6212,6124710
1213,6212,5364040,6212,6125170
1213,6212,5364040,6212,6126170
1213,6212,5364040,6212,6127170
1213,6212,5364040,6212,6128170
1213,6212,5364630,6212,6128760
1213,6212,5364630,6212,6129760
1213,6212,5364630,6212,6130760
1213,6212,5364630,6212,6131760
1213,6212,5364630,6212,6132760
1213,6212,5364630,6212,6133760
1213,6212,5364630,6212,6133760
1213,6212,5364630,6212,6134760
1213,6212,5365000,6212,6135130
1213,6212,5365000,6212,6136130
1213,6212,5365000,6212,6137130
1213,6212,5365000,6212,6138130
1213,6212,5365320,6212,6138450
1213,6212,5365320,6212,6139450
1213,6212,5365320,6212,6140450
1213,6212,5365320,6212,6141260
1213,6212,5365320,6212,6141260
1213,6212,5365320,6212,6142260
1213,6212,5365320,6212,6143260
1213,6212,5365320,6212,6144260
1213,6212,5365320,6212,6145260
1213,6212,5365320,6212,6146260
1213,6212,5365320,6212,6147260
1213,6212,5365320,6212,6148260
1213,6212,5365320,6212,6148910
1213,6212,5365320,6212,6149560
1213,6212,5365320,6212,6150560
1213,6212,5365320,6212,6158560
1213,6212,5365320,6212,6159020
1213,6212,5365320,6212,6159830
1213,6212,5365320,6212,6160640
1213,6212,5365320,6212,6161640
1213,6212,5365320,6212,6161640
1213,6212,5365320,6212,6162450
1213,6212,5365320,6212,6163450
1213,6212,5365320,6212,6164450
1213,6212,5365320,6212,6165450
1213,6212,5365320,6212,6166450
1213,6212,5365320,6212,6167450
1213,6212,5365320,6212,6168450
1213,6212,5365320,6212,6168920
1213,6212,5365320,6212,6169920
1213,6212,5365640,6212,6170240
1213,6212,5365960,6212,6170560
1213,6212,5366550,6212,6171150
1213,6212,5366550,6212,6171960
1213,6212,5366550,6212,6172960
1213,6212,5366550,6212,6173960
1213,6212,5366550,6212,6174960
1213,6212,5366550,6212,6175960
1213,6212,5366550,6212,6175960
1213,6212,5366550,6212,6175960
1213,6212,5366550,6212,6176960
1213,6212,5366550,6212,6177770
1213,6212,5366780,6212,6178000
1213,6212,5366780,6212,6178810
1213,6212,5367000,6212,6179030
1213,6212,5367160,6212,6179190
1213,6212,5367630,6212,6179660
1213,6212,5367630,6212,6180470
1213,6212,5367630,6212,6181470
1213,6212,5367630,6212,6181470
1213,6212,5367630,6212,6182470
1213,6212,5367630,6212,6182470
1213,6212,5367630,6212,6183470
1213,6212,5367630,6212,6184470
1213,6212,5367630,6212,6185470
1213,6212,5367630,6212,6186280
1213,6212,5367630,6212,6187280
1213,6212,5367630,6212,6188280
1213,6212,5367630,6212,6189280
1213,6212,5367630,6212,6190280
1213,6212,5367850,6212,6190500
1213,6212,5367850,6212,6191500
1213,6212,5367850,6212,6192500
1213,6212,5368320,6212,6192970
1213,6212,5368320,6212,6193970
1213,6212,5368550,6212,6194200
1213,6212,5368550,6212,6194200
1213,6212,5368550,6212,6194200
1213,6212,5368550,6212,6195200
1213,6212,5368550,6212,6196200
1213,6212,5369020,6212,6196670
1213,6212,5369020,6212,6197480
1213,6212,5369020,6212,6197480
1213,6212,5369020,6212,6197480
1213,6212,5369490,6212,6197950
1213,6212,5369490,6212,6198950
1213,6212,5369490,6212,6199760
1213,6212,5369490,6212,6200760
1213,6212,5369490,6212,6201760
1213,6212,5369490,6212,6202760
1213,6212,5369490,6212,6202760
1213,6212,5369490,6212,6203760
1213,6212,5369490,6212,6204760
1213,6212,5369490,6212,6205760
1213,6212,5369490,6212,6206570
1213,6212,5369490,6212,6207570
1213,6212,5369720,6212,6207800
1213,6212,5369720,6212,6208800
1213,6212,5369720,6212,6209800
1213,6212,5370040,6212,6210120
1213,6212,5370040,6212,6210930
1213,6212,5370040,6212,6211740
1213,6212,5370040,6212,6212740
1213,6212,5370040,6212,6213550
1213,6212,5370310,6212,6213820
1213,6212,5370310,6212,6213820
1213,6212,5370310,6212,6214470
1213,6212,5370310,6212,6215280
1213,6212,5370310,6212,6215280
1213,6212,5370310,6212,6216280
1213,6212,5370310,6212,6217280
1213,6212,5370310,6212,6218280
1213,6212,5370310,6212,6219280
1213,6212,5370310,6212,6220280
1213,6212,5370470,6212,6220440
1213,6212,5370470,6212,6221440
1213,6212,5370470,6212,6222440
1213,6212,5370470,6212,6223440
1213,6212,5370470,6212,6224440
1213,6212,5370470,6212,6225440
1213,6212,5370470,6212,6226440
1213,6212,5370470,6212,6227440
1213,6212,5370470,6212,6228250
1213,6212,5370470,6212,6229060
1213,6212,5370470,6212,6229710
1213,6212,5370470,6212,6230710
1213,6212,5370470,6212,6231520
1213,6212,5370470,6212,6232520
1213,6212,5370470,6212,6232520
1213,6212,5370690,6212,6232740
1213,6212,5370690,6212,6233740
1213,6212,5371240,6212,6234290
1213,6212,5371710,6212,6234760
1213,6212,5371710,6212,6235760
1213,6212,5371710,6212,6236760
1213,6212,5371710,6212,6237760
1213,6212,5371710,6212,6238760
1213,6212,5372030,6212,6239080
1213,6212,5372500,6212,6239550
1213,6212,5372500,6212,6240550
1213,6212,5372500,6212,6241550
1213,6212,5372500,6212,6241550
1213,6212,5372500,6212,6242550
1213,6212,5372500,6212,6243550
1213,6212,5372500,6212,6244550
1213,6212,5372500,6212,6245550
1213,6212,5372500,6212,6246550
1213,6212,5372500,6212,6247020
1213,6212,5372610,6212,6247130
1213,6212,5372610,6212,6248130
1213,6212,5372610,6212,6248940
1213,6212,5372610,6212,6249750
1213,6212,5372840,6212,6249980
1213,6212,5372840,6212,6250630
1213,6212,5373390,6212,6251180
1213,6212,5373390,6212,6251180
1213,6212,5373390,6212,6251180
1213,6212,5373390,6212,6252180
1213,6212,5373390,6212,6252650
1213,6212,5373390,6212,6253650
1213,6212,5373390,6212,6253650
1213,6212,5373390,6212,6253650
1213,6212,5373390,6212,6254650
1213,6212,5373390,6212,6255460
1213,6212,5373390,6212,6256460
1213,6212,5373390,6212,6257270
1213,6212,5373390,6212,6258270
1213,6212,5373390,6212,6259270
1213,6212,5373390,6212,6259740
1213,6212,5373390,6212,6260740
1213,6212,5373390,6212,6261550
1213,6212,5373390,6212,6262020
1213,6212,5373390,6212,6263020
1213,6212,5373390,6212,6263020
1213,6212,5373620,6212,6263250
1213,6212,5373620,6212,6263720
1213,6212,5373620,6212,6264530
1213,6212,5373620,6212,6265530
1213,6212,5373620,6212,6265530
1213,6212,5373620,6212,6266530
1213,6212,5373620,6212,6267530
1213,6212,5373620,6212,6268180
1213,6212,5373620,6212,6268650
1213,6212,5373990,6212,6269020
1213,6212,5373990,6212,6270020
1213,6212,5373990,6212,6271020
1213,6212,5373990,6212,6272020
1213,6212,5373990,6212,6273020
1213,6212,5373990,6212,6274020
1213,6212,5374360,6212,6274390
1213,6212,5374360,6212,6275040
1213,6212,5374360,6212,6275510
1213,6212,5374360,6212,6276510
1213,6212,5374360,6212,6277320
1213,6212,5374360,6212,6278320
1213,6212,5374360,6212,6278790
1213,6212,5374360,6212,6279790
1213,6212,5374360,6212,6280790
1213,6212,5374360,6212,6281790
1213,6212,5374360,6212,6281790
1213,6212,5374360,6212,6282790
1213,6212,5374360,6212,6283790
1213,6212,5374360,6212,6284790
1213,6212,5374360,6212,6285260
1213,6212,5374360,6212,6286070
1213,6212,5374360,6212,6287070
1213,6212,5374520,6212,6287230
1213,6212,5374520,6212,6288230
1213,6212,5374520,6212,6289230
1213,6212,5374520,6212,6289230
1213,6212,5374980,6212,6289690
1213,6212,5374980,6212,6290690
1213,6212,5374980,6212,6291500
1213,6212,5374980,6212,6292500
1213,6212,5374980,6212,6293500
1213,6212,5374980,6212,6293970
1213,6212,5374980,6212,6294440
1213,6212,5374980,6212,6295250
1213,6212,5374980,6212,6296250
1213,6212,5374980,6212,6296720
1213,6212,5374980,6212,6297720
1213,6212,5374980,6212,6298720
1213,6212,5374980,6212,6299720
1213,6212,5374980,6212,6300530
1213,6212,5374980,6212,6301530
1213,6212,5374980,6212,6302530
1213,6212,5374980,6212,6303530
1213,6212,5374980,6212,6304530
1213,6212,5374980,6212,6304530
1213,6212,5374980,6212,6305180
1213,6212,5374980,6212,6305650
1213,6212,5374980,6212,6306460
1213,6212,5374980,6212,6307460
1213,6212,5374980,6212,6307930
1213,6212,5375300,6212,6308250
1213,6212,5375300,6212,6309250
1213,6212,5375300,6212,6309720
1213,6212,5375300,6212,6310720
1213,6212,5375300,6212,6311530
1213,6212,5375300,6212,6312530
1213,6212,5375300,6212,6313340
1213,6212,5375300,6212,6313810
1213,6212,5375300,6212,6314810
1213,6212,5375300,6212,6315280
1213,6212,5375300,6212,6316280
1213,6212,5375300,6212,6317280
1213,6212,5375300,6212,6317280
1213,6212,5375300,6212,6318280
1213,6212,5375300,6212,6319280
1213,6212,5375300,6212,6320090
1213,6212,5375300,6212,6321090
1213,6212,5375300,6212,6321560
1213,6212,5375300,6212,6322370
1213,6212,5375300,6212,6323370
1213,6212,5375300,6212,6323370
1213,6212,5375300,6212,6324370
1213,6212,5375300,6212,6324370
1213,6212,5375300,6212,6324370
1213,6212,5375530,6212,6324600
1213,6212,5375530,6212,6325070
1213,6212,5375530,6212,6326070
1213,6212,5375530,6212,6326880
1213,6212,5375530,6212,6327880
1213,6212,5375530,6212,6328690
1213,6212,5375530,6212,6329690
1213,6212,5375530,6212,6330340
1213,6212,5375530,6212,6331340
1213,6212,5375530,6212,6331340
1213,6212,5375530,6212,6332150
1213,6212,5375530,6212,6333150
1213,6212,5375530,6212,6334150
1213,6212,5375530,6212,6335150
1213,6212,5375530,6212,6336150
1213,6212,5375530,6212,6336960
1213,6212,5375850,6212,6337280
1213,6212,5375850,6212,6338090
1213,6212,5375850,6212,6338740
1213,6212,5376220,6212,6339110
1213,6212,5376380,6212,6339270
1213,6212,5376840,6212,6339730
1213,6212,5376840,6212,6340730
1213,6212,5376840,6212,6340730
1213,6212,5376840,6212,6341540
1213,6212,5376840,6212,6342540
1213,6212,5376840,6212,6343540
1213,6212,5376840,6212,6344540
1213,6212,5376840,6212,6345540
1213,6212,5376840,6212,6346130
1213,6212,5376840,6212,6346130
1213,6212,5376840,6212,6346130
1213,6212,5377000,6212,6346290
1213,6212,5377000,6212,6347290
1213,6212,5377000,6212,6347760
1213,6212,5377000,6212,6348230
1213,6212,5377000,6212,6349230
1213,6212,5377000,6212,6349230
1213,6212,5377000,6212,6349700
1213,6212,5377000,6212,6350700
1213,6212,5377000,6212,6351700
1213,6212,5377230,6212,6351930
1213,6212,5377230,6212,6351930
1213,6212,5377230,6212,6352740
1213,6212,5377230,6212,6353740
1213,6212,5377230,6212,6354740
1213,6212,5377230,6212,6355550
1213,6212,5377230,6212,6356550
1213,6212,5377230,6212,6357550
1213,6212,5377230,6212,6358020
1213,6212,5377230,6212,6358020
1213,6212,5377230,6212,6359020
1213,6212,5377230,6212,6359020
1213,6212,5377230,6212,6359490
1213,6212,5377230,6212,6360300
1213,6212,5377230,6212,6361300
1213,6212,5377230,6212,6361300
1213,6212,5377230,6212,6362300
1213,6212,5377230,6212,6363300
1213,6212,5377230,6212,6363300
1213,6212,5377230,6212,6364300
1213,6212,5377600,6212,6364670
1213,6212,5377600,6212,6365670
1213,6212,5377600,6212,6366140
1213,6212,5377600,6212,6366950
1213,6212,5377600,6212,6367950
1213,6212,5377600,6212,6368420
1213,6212,5378060,6212,6368880
1213,6212,5378060,6212,6368880
1213,6212,5378060,6212,6368880
1213,6212,5378060,6212,6369350
1213,6212,5378060,6212,6370350
1213,6212,5378060,6212,6370820
1213,6212,5378060,6212,6371630
1213,6212,5378060,6212,6372280
1213,6212,5378060,6212,6372750
1213,6212,5378060,6212,6373220
1213,6212,5378060,6212,6373690
1213,6212,5378060,6212,6374690
1213,6212,5378060,6212,6375690
1213,6212,5378060,6212,6376500
1213,6212,5378060,6212,6377500
1213,6212,5378060,6212,6378500
1213,6212,5378060,6212,6378970
1213,6212,5378380,6212,6379290
1213,6212,5378380,6212,6380100
1213,6212,5378380,6212,6381100
1213,6212,5378840,6212,6381560
1213,6212,5378840,6212,6381560
1213,6212,5378840,6212,6382210
1213,6212,5378840,6212,6382210
1213,6212,5378840,6212,6383210
1213,6212,5378840,6212,6383860
1213,6212,5378840,6212,6384670
1213,6212,5378840,6212,6385670
1213,6212,5378840,6212,6386670
1213,6212,5378840,6212,6387140
1213,6212,5378840,6212,6388140
1213,6212,5378840,6212,6389140
1213,6212,5378840,6212,6389610
1213,6212,5378840,6212,6390610
1213,6212,5378840,6212,6391610
1213,6212,5378840,6212,6391610
1213,6212,5378840,6212,6392080
1213,6212,5379070,6212,6392310
1213,6212,5379070,6212,6393310
1213,6212,5379070,6212,6394310
1213,6212,5379070,6212,6395310
1213,6212,5379070,6212,6396310
1213,6212,5379070,6212,6397310
1213,6212,5379390,6212,6397630
1213,6212,5379390,6212,6398630
1213,6212,5379390,6212,6399440
1213,6212,5379390,6212,6400440
1213,6212,5379710,6212,6400760
1213,6212,5379710,6212,6401570
1213,6212,5379710,6212,6402570
1213,6212,5379710,6212,6402570
1213,6212,5379710,6212,6403040
1213,6212,5379710,6212,6404040
1213,6212,5379710,6212,6405040
1213,6212,5379710,6212,6406040
1213,6212,5379710,6212,6406040
1213,6212,5379710,6212,6407040
1213,6212,5379710,6212,6408040
1213,6212,5379710,6212,6408690
1213,6212,5379710,6212,6408690
1213,6212,5379710,6212,6409690
1213,6212,5379710,6212,6410690
1213,6212,5379710,6212,6411690
1213,6212,5379710,6212,6412500
1213,6212,5379710,6212,6413500
1213,6212,5379710,6212,6414500
1213,6212,5380170,6212,6414960
1213,6212,5380170,6212,6415770
1213,6212,5380170,6212,6415770
1213,6212,5380170,6212,6416770
1213,6212,5380170,6212,6417240
1213,6212,5380610,6212,6417680
1213,6212,5380610,6212,6418490
1213,6212,5380610,6212,6419490
1213,6212,5380610,6212,6420490
1213,6212,5380610,6212,6421490
1213,6212,5380980,6212,6421860
1213,6212,5380980,6212,6422330
1213,6212,5380980,6212,6423330
1213,6212,5380980,6212,6424330
1213,6212,5380980,6212,6425330
1213,6212,5380980,6212,6425330
1213,6212,5380980,6212,6426330
1213,6212,5380980,6212,6426800
1213,6212,5380980,6212,6427800
1213,6212,5380980,6212,6428800
1213,6212,5380980,6212,6429800
1213,6212,5380980,6212,6430800
1213,6212,5380980,6212,6431800
1213,6212,5380980,6212,6432800
1213,6212,5380980,6212,6433800
1213,6212,5380980,6212,6434800
1213,6212,5380980,6212,6435270
1213,6212,5381310,6212,6435600
1213,6212,5381310,6212,6435600
1213,6212,5381310,6212,6436250
1213,6212,5381860,6212,6436800
1213,6212,5381860,6212,6437800
1213,6212,5382450,6212,6438390
1213,6212,5382450,6212,6439200
1213,6212,5382450,6212,6440200
1213,6212,5382450,6212,6440670
1213,6212,5382770,6212,6440990
1213,6212,5382770,6212,6440990
1213,6212,5382770,6212,6441990
1213,6212,5382770,6212,6442990
1213,6212,5382770,6212,6443990
1213,6212,5382770,6212,6444640
1213,6212,5383090,6212,6444960
1213,6212,5383090,6212,6445960
1213,6212,5383090,6212,6445960
1213,6212,5383090,6212,6445960
1213,6212,5383090,6212,6446770
1213,6212,5383460,6212,6447140
1213,6212,5383460,6212,6448140
1213,6212,5383460,6212,6448140
1213,6212,5383690,6212,6448370
1213,6212,5383690,6212,6449370
1213,6212,5383690,6212,6450180
1213,6212,5383690,6212,6451180
1213,6212,5383920,6212,6451410
1213,6212,5383920,6212,6452410
1213,6212,5383920,6212,6452880
1213,6212,5383920,6212,6453880
1213,6212,5383920,6212,6454350
1213,6212,5383920,6212,6454350
1213,6212,5383920,6212,6454350
1213,6212,5384400,6212,6454830
1213,6212,5384400,6212,6455640
1213,6212,5384400,6212,6456450
1213,6212,5384400,6212,6456450
1213,6212,5384400,6212,6456920
1213,6212,5384400,6212,6456920
1213,6212,5384400,6212,6456920
1213,6212,5384400,6212,6457920
1213,6212,5384400,6212,6458920
1213,6212,5384400,6212,6459920
1213,6212,5384630,6212,6460150
1213,6212,5384630,6212,6460960
1213,6212,5384630,6212,6461960
1213,6212,5384630,6212,6462430
1213,6212,5384630,6212,6462430
1213,6212,5384630,6212,6463430
1213,6212,5384630,6212,6464430
1213,6212,5385090,6212,6464890
1213,6212,5385090,6212,6465890
1213,6212,5385090,6212,6466890
1213,6212,5385090,6212,6467890
1213,6212,5385090,6212,6468890
1213,6212,5385090,6212,6469700
1213,6212,5385090,6212,6470510
1213,6212,5385090,6212,6471320
1213,6212,5385090,6212,6472130
1213,6212,5385090,6212,6473130
1213,6212,5385090,6212,6473600
1213,6212,5385090,6212,6474600
1213,6212,5385090,6212,6475600
1213,6212,5385090,6212,6475600
1213,6212,5385090,6212,6476410
1213,6212,5385090,6212,6477410
1213,6212,5385090,6212,6478410
1213,6212,5385090,6212,6479220
1213,6212,5385090,6212,6480030
1213,6212,5385090,6212,6480840
1213,6212,5385090,6212,6481650
1213,6212,5385460,6212,6482020
1213,6212,5385690,6212,6482250
1213,6212,5385690,6212,6483060
1213,6212,5385690,6212,6483610
1213,6212,5385690,6212,6484080
1213,6212,5385690,6212,6485080
1213,6212,5385690,6212,6486080
1213,6212,5385690,6212,6486890
1213,6212,5385690,6212,6486890
1213,6212,5385690,6212,6486890
1213,6212,5385690,6212,6487890
1213,6212,5385690,6212,6488890
1213,6212,5385690,6212,6489890
1213,6212,5386150,6212,6490350
1213,6212,5386150,6212,6491350
1213,6212,5386150,6212,6492350
1213,6212,5386150,6212,6492350
1213,6212,5386150,6212,6493350
1213,6212,5386150,6212,6494350
1213,6212,5386150,6212,6495160
1213,6212,5386150,6212,6495970
1213,6212,5386150,6212,6496970
1213,6212,5386150,6212,6497780
1213,6212,5386150,6212,6498780
1213,6212,5386700,6212,6499330
1213,6212,5386700,6212,6500140
1213,6212,5386700,6212,6501140
1213,6212,5387020,6212,6501460
1213,6212,5387020,6212,6502270
1213,6212,5387020,6212,6503270
1213,6212,5387020,6212,6503920
1213,6212,5387020,6212,6504920
1213,6212,5387020,6212,6505570
1213,6212,5387020,6212,6506570
1213,6212,5387020,6212,6507570
1213,6212,5387020,6212,6508380
1213,6212,5387020,6212,6509380
1213,6212,5387020,6212,6509380
1213,6212,5387020,6212,6510380
1213,6212,5387020,6212,6511380
1213,6212,5387020,6212,6512380
1213,6212,5387020,6212,6513380
1213,6212,5387340,6212,6513700
1213,6212,5387340,6212,6514700
1213,6212,5387340,6212,6515700
1213,6212,5387340,6212,6516510
1213,6212,5387340,6212,6516980
1213,6212,5387340,6212,6517980
1213,6212,5387340,6212,6517980
1213,6212,5387340,6212,6518980
1213,6212,5387340,6212,6519980
1213,6212,5387340,6212,6520980
1213,6212,5387340,6212,6521980
1213,6212,5387340,6212,6522980
1213,6212,5387660,6212,6523300
1213,6212,5387660,6212,6524300
1213,6212,5387660,6212,6524300
1213,6212,5387660,6212,6525300
1213,6212,5387980,6212,6525620
1213,6212,5387980,6212,6526620
1213,6212,5388570,6212,6527210
1213,6212,5388570,6212,6528020
1213,6212,5388570,6212,6528490
1213,6212,5388570,6212,6529490
1213,6212,5388570,6212,6530490
1213,6212,5389160,6212,6531080
1213,6212,5389160,6212,6532080
1213,6212,5389160,6212,6533080
1213,6212,5389160,6212,6534080
1213,6212,5389160,6212,6534550
1213,6212,5389160,6212,6535550
1213,6212,5389160,6212,6536020
1213,6212,5389380,6212,6536240
1213,6212,5389750,6212,6536610
1213,6212,5389750,6212,6537610
1213,6212,5389750,6212,6538610
1213,6212,5389980,6212,6538840
1213,6212,5389980,6212,6538840
1213,6212,5389980,6212,6539300
1213,6212,5389980,6212,6540110
1213,6212,5389980,6212,6541110
1213,6212,5389980,6212,6541110
1213,6212,5389980,6212,6541110
1213,6212,5389980,6212,6542110
1213,6212,5389980,6212,6542920
1213,6212,5390300,6212,6543240
1213,6212,5390300,6212,6543240
1213,6212,5390300,6212,6544240
1213,6212,5390300,6212,6545240
1213,6212,5390300,6212,6546240
1213,6212,5390520,6212,6546460
1213,6212,5390890,6212,6546830
1213,6212,5390890,6212,6547640
1213,6212,5391210,6212,6547960
1213,6212,5391210,6212,6548960
1213,6212,5391210,6212,6549430
1213,6212,5391210,6212,6550430
1213,6212,5391210,6212,6551430
1213,6212,5391210,6212,6552080
1213,6212,5391210,6212,6552540
1213,6212,5391210,6212,6553540
1213,6212,5391210,6212,6554540
1213,6212,5391210,6212,6554540
1213,6212,5391370,6212,6554700
1213,6212,5391370,6212,6555170
1213,6212,5391370,6212,6555170
1213,6212,5391530,6212,6555330
1213,6212,5391530,6212,6556330
1213,6212,5391530,6212,6556790
1213,6212,5391760,6212,6557020
1213,6212,5391990,6212,6557250
1213,6212,5391990,6212,6557250
1213,6212,5391990,6212,6558250
1213,6212,5391990,6212,6559250
1213,6212,5392220,6212,6559480
1213,6212,5392220,6212,6559940
1213,6212,5392220,6212,6560940
1213,6212,5392220,6212,6561410
1213,6212,5392380,6212,6561570
1213,6212,5392380,6212,6562570
1213,6212,5392380,6212,6562570
1213,6212,5392380,6212,6563570
1213,6212,5392380,6212,6564570
1213,6212,5392380,6212,6564570
1213,6212,5392380,6212,6564570
1213,6212,5392380,6212,6565380
1213,6212,5392380,6212,6565850
1213,6212,5392610,6212,6566080
1213,6212,5392770,6212,6566240
1213,6212,5392770,6212,6567240
1213,6212,5392770,6212,6567240
1213,6212,5392770,6212,6568240
1213,6212,5392770,6212,6569240
1213,6212,5392770,6212,6570240
1213,6212,5393090,6212,6570560
1213,6212,5393410,6212,6570880
1213,6212,5393410,6212,6571880
1213,6212,5393410,6212,6571880
1213,6212,5393410,6212,6572690
1213,6212,5393730,6212,6573010
1213,6212,5393730,6212,6573010
1213,6212,5393730,6212,6573010
1213,6212,5393730,6212,6573010
1213,6212,5393730,6212,6574010
1213,6212,5393730,6212,6574480
1213,6212,5394280,6212,6575030
1213,6212,5394280,6212,6576030
1213,6212,5394280,6212,6577030
1213,6212,5394280,6212,6578030
1213,6212,5394280,6212,6579030
1213,6212,5394280,6212,6580030
1213,6212,5394280,6212,6581030
1213,6212,5394280,6212,6589030
1213,6212,5394280,6212,6589840
1213,6212,5394280,6212,6589840
1213,6212,5394280,6212,6590490
1213,6212,5394280,6212,6591490
1213,6212,5394280,6212,6592490
1213,6212,5394280,6212,6592960
1213,6212,5394280,6212,6592960
1213,6212,5394280,6212,6593770
1213,6212,5394280,6212,6594580
1213,6212,5394280,6212,6595580
1213,6212,5394280,6212,6595580
1213,6212,5394280,6212,6596580
1213,6212,5394280,6212,6597040
1213,6212,5394280,6212,6598040
1213,6212,5394280,6212,6599040
1213,6212,5394280,6212,6600040
1213,6212,5394280,6212,6600040
1213,6212,5394280,6212,6601040
1213,6212,5394280,6212,6601850
1213,6212,5394280,6212,6602850
1213,6212,5394280,6212,6603850
1213,6212,5394280,6212,6604660
1213,6212,5394650,6212,6605030
1213,6212,5394650,6212,6605500
1213,6212,5394650,6212,6606500
1213,6212,5394650,6212,6607500
1213,6212,5394650,6212,6607960
1213,6212,5394650,6212,6608960
1213,6212,5394650,6212,6609960
1213,6212,5394650,6212,6610960
1213,6212,5394650,6212,6611960
1213,6212,5394650,6212,6612960
1213,6212,5394650,6212,6613430
1213,6212,5394650,6212,6614430
1213,6212,5394650,6212,6615430
1213,6212,5394650,6212,6615430
1213,6212,5394650,6212,6616430
1213,6212,5394650,6212,6617430
1213,6212,5394650,6212,6617900
1213,6212,5394650,6212,6618900
1213,6212,5394650,6212,6619900
1213,6212,5394650,6212,6620900
1213,6212,5394650,6212,6621900
1213,6212,5394650,6212,6622900
1213,6212,5394650,6212,6623900
1213,6212,5394650,6212,6624270
1213,6212,5394650,6212,6624740
1213,6212,5394650,6212,6625740
1213,6212,5394650,6212,6626550
1213,6212,5394650,6212,6627360
1213,6212,5394650,6212,6628170
1213,6212,5394650,6212,6629170
1213,6212,5394650,6212,6630170
1213,6212,5394650,6212,6630170
1213,6212,5394650,6212,6630980
1213,6212,5394650,6212,6631980
1213,6212,5394650,6212,6632980
1213,6212,5394650,6212,6633980
1213,6212,5394650,6212,6634980
1213,6212,5394970,6212,6635300
1213,6212,5394970,6212,6636300
1213,6212,5394970,6212,6637110
1213,6212,5394970,6212,6637920
1213,6212,5394970,6212,6638920
1213,6212,5394970,6212,6638920
1213,6212,5395560,6212,6639510
1213,6212,5395560,6212,6639510
1213,6212,5395890,6212,6639840
1213,6212,5395890,6212,6639840
1213,6212,5395890,6212,6640840
1213,6212,5395890,6212,6641840
1213,6212,5395890,6212,6642650
1213,6212,5395890,6212,6642650
1213,6212,5395890,6212,6642650
1213,6212,5395890,6212,6643650
1213,6212,5395890,6212,6644650
1213,6212,5395890,6212,6645300
1213,6212,5395890,6212,6646300
1213,6212,5395890,6212,6646760
1213,6212,5395890,6212,6647760
1213,6212,5395890,6212,6648760
1213,6212,5395890,6212,6649230
1213,6212,5395890,6212,6650230
1213,6212,5395890,6212,6650230
1213,6212,5395890,6212,6651230
1213,6212,5395890,6212,6651230
1213,6212,5395890,6212,6652230
1213,6212,5395890,6212,6652700
1213,6212,5395890,6212,6653510
1213,6212,5396260,6212,6653880
1213,6212,5396260,6212,6654880
1213,6212,5396260,6212,6655880
1213,6212,5396260,6212,6656880
1213,6212,5396260,6212,6657880
1213,6212,5396260,6212,6658880
1213,6212,5396260,6212,6659880
1213,6212,5396260,6212,6660690
1213,6212,5396260,6212,6661500
1213,6212,5396260,6212,6662310
1213,6212,5396260,6212,6663310
1213,6212,5396260,6212,6664310
1213,6212,5396260,6212,6664780
1213,6212,5396260,6212,6665590
1213,6212,5396260,6212,6666590
1213,6212,5396260,6212,6667590
1213,6212,5396260,6212,6667590
1213,6212,5396260,6212,6667590
1213,6212,5396260,6212,6668590
1213,6212,5396260,6212,6669590
1213,6212,5396580,6212,6669910
1213,6212,5397130,6212,6670460
1213,6212,5397130,6212,6670460
1213,6212,5397130,6212,6670460
1213,6212,5397130,6212,6671460
1213,6212,5397130,6212,6672270
1213,6212,5397130,6212,6672920
1213,6212,5397130,6212,6673920
1213,6212,5397360,6212,6674150
1213,6212,5397360,6212,6675150
1213,6212,5397360,6212,6676150
1213,6212,5397360,6212,6676960
1213,6212,5397360,6212,6677770
1213,6212,5397360,6212,6678770
1213,6212,5397360,6212,6679230
1213,6212,5397360,6212,6680230
1213,6212,5397360,6212,6681230
1213,6212,5397360,6212,6682230
1213,6212,5397360,6212,6683230
1213,6212,5397360,6212,6684230
1213,6212,5397360,6212,6685230
1213,6212,5397360,6212,6686230
1213,6212,5397360,6212,6687040
1213,6212,5397360,6212,6687850
1213,6212,5397360,6212,6688850
1213,6212,5397580,6212,6689070
1213,6212,5397580,6212,6689070
1213,6212,5397580,6212,6690070
1213,6212,5397580,6212,6690530
1213,6212,5397580,6212,6691530
1213,6212,5397580,6212,6692530
1213,6212,5397580,6212,6692530
1213,6212,5398060,6212,6693010
1213,6212,5398060,6212,6694010
1213,6212,5398060,6212,6694820
1213,6212,5398060,6212,6695820
1213,6212,5398060,6212,6696820
1213,6212,5398060,6212,6697820
1213,6212,5398060,6212,6697820
1213,6212,5398060,6212,6698820
1213,6212,5398060,6212,6699820
1213,6212,5398060,6212,6700820
1213,6212,5398060,6212,6701820
1213,6212,5398060,6212,6702470
1213,6212,5398060,6212,6703470
1213,6212,5398380,6212,6703790
1213,6212,5398380,6212,6704790
1213,6212,5398380,6212,6704790
1213,6212,5398490,6212,6704900
1213,6212,5398490,6212,6705900
1213,6212,5398490,6212,6706370
1213,6212,5398490,6212,6707370
1213,6212,5398490,6212,6707370
1213,6212,5398490,6212,6707840
1213,6212,5398490,6212,6708650
1213,6212,5398490,6212,6709650
1213,6212,5398490,6212,6710300
1213,6212,5398490,6212,6711300
1213,6212,5398490,6212,6712300
1213,6212,5398490,6212,6713300
1213,6212,5398490,6212,6714110
1213,6212,5398650,6212,6714270
1213,6212,5398650,6212,6715270
1213,6212,5398650,6212,6716270
1213,6212,5398650,6212,6717270
1213,6212,5398650,6212,6718270
1213,6212,5399650,6212,6719270
1213,6212,5399650,6212,6720270
1213,6212,5399650,6212,6720740
1213,6212,5399650,6212,6721740
1213,6212,5399650,6212,6722740
1213,6212,5399650,6212,6723550
1213,6212,5399650,6212,6723550
1213,6212,5399650,6212,6724360
1213,6212,5399650,6212,6724360
1213,6212,5399650,6212,6724360
1213,6212,5399650,6212,6725170
1213,6212,5399650,6212,6726170
1213,6212,5399650,6212,6727170
1213,6212,5399650,6212,6728170
1213,6212,5399650,6212,6728640
1213,6212,5399880,6212,6728870
1213,6212,5399880,6212,6729680
1213,6212,5399880,6212,6730680
1213,6212,5399880,6212,6730680
1213,6212,5399880,6212,6730680
1213,6212,5399880,6212,6731680
1213,6212,5399880,6212,6732680
1213,6212,5399880,6212,6733680
1213,6212,5399880,6212,6734680
1213,6212,5399880,6212,6735150
1213,6212,5399880,6212,6735620
1213,6212,5399880,6212,6736620
1213,6212,5399880,6212,6737620
1213,6212,5399880,6212,6738620
1213,6212,5399880,6212,6739620
1213,6212,5400200,6212,6739940
1213,6212,5400200,6212,6740410
1213,6212,5400200,6212,6741220
1213,6212,5400200,6212,6742220
1213,6212,5400200,6212,6743220
1213,6212,5400200,6212,6744030
1213,6212,5400200,6212,6745030
1213,6212,5400200,6212,6745030
1213,6212,5400200,6212,6745030
1213,6212,5400200,6212,6746030
1213,6212,5400200,6212,6747030
1213,6212,5400200,6212,6749030
1213,6212,5400200,6212,6750030
1213,6212,5400520,6212,6750350
1213,6212,5400520,6212,6751160
1213,6212,5400520,6212,6751970
1213,6212,5400520,6212,6752440
1213,6212,5400520,6212,6753440
1213,6212,5400520,6212,6754440
1213,6212,5400520,6212,6755440
1213,6212,5400520,6212,6756250
1213,6212,5400520,6212,6757250
1213,6212,5400520,6212,6757900
1213,6212,5400520,6212,6758900
1213,6212,5400520,6212,6760900
1213,6212,5400520,6212,6761900
1213,6212,5400520,6212,6761900
1213,6212,5400520,6212,6762370
1213,6212,5400520,6212,6763370
1213,6212,5400520,6212,6764370
1213,6212,5400520,6212,6765370
1213,6212,5400520,6212,6765370
1213,6212,5400520,6212,6765840
1213,6212,5400890,6212,6766210
1213,6212,5401210,6212,6766530
1213,6212,5401210,6212,6767000
1213,6212,5401210,6212,6767000
1213,6212,5401210,6212,6768000
1213,6212,5401210,6212,6768470
1213,6212,5401210,6212,6769470
1213,6212,5401800,6212,6770060
1213,6212,5401800,6212,6771060
1213,6212,5401800,6212,6772060
1213,6212,5401800,6212,6772870
1213,6212,5401800,6212,6780870
1213,6212,5401800,6212,6781870
1213,6212,5401800,6212,6782680
1213,6212,5401800,6212,6783680
1213,6212,5401800,6212,6784680
1213,6212,5401800,6212,6785680
1213,6212,5401800,6212,6786680
1213,6212,5401800,6212,6787680
1213,6212,5401800,6212,6788680
1213,6212,5401800,6212,6789680
1213,6212,5401800,6212,6790680
1213,6212,5401800,6212,6791680
1213,6212,5402120,6212,6792000
1213,6212,5402120,6212,6793000
1213,6212,5402120,6212,6794000
1213,6212,5402120,6212,6794650
1213,6212,5402120,6212,6794650
1213,6212,5402120,6212,6795650
1213,6212,5402120,6212,6796650
1213,6212,5402490,6212,6797020
1213,6212,5402490,6212,6798020
1213,6212,5402490,6212,6798020
1213,6212,5402490,6212,6799020
1213,6212,5402490,6212,6800020
1213,6212,5402490,6212,6800490
1213,6212,5402490,6212,6801490
1213,6212,5402490,6212,6802300
1213,6212,5402490,6212,6802770
1213,6212,5402490,6212,6803580
1213,6212,5402490,6212,6804390
1213,6212,5402490,6212,6805390
1213,6212,5402490,6212,6805860
1213,6212,5402490,6212,6805860
1213,6212,5402490,6212,6806860
1213,6212,5402490,6212,6807670
1213,6212,5402490,6212,6808140
1213,6212,5402540,6212,6808190
1213,6212,5402860,6212,6808510
1213,6212,5402860,6212,6809510
1213,6212,5402860,6212,6810510
1213,6212,5402860,6212,6810510
1213,6212,5402860,6212,6810970
1213,6212,5402860,6212,6811970
1213,6212,5402860,6212,6812970
1213,6212,5402860,6212,6813440
1213,6212,5403020,6212,6813600
1213,6212,5403020,6212,6814410
1213,6212,5403020,6212,6815220
1213,6212,5403020,6212,6816220
1213,6212,5403020,6212,6817030
1213,6212,5403020,6212,6818030
1213,6212,5403020,6212,6819030
1213,6212,5403020,6212,6820030
1213,6212,5403020,6212,6820030
1213,6212,5403020,6212,6820580
1213,6212,5403020,6212,6820580
1213,6212,5403020,6212,6821390
1213,6212,5403020,6212,6821390
1213,6212,5403020,6212,6821860
1213,6212,5403020,6212,6822860
1213,6212,5403020,6212,6823510
1213,6212,5403020,6212,6823980
1213,6212,5403020,6212,6824980
1213,6212,5403020,6212,6825980
1213,6212,5403020,6212,6826450
1213,6212,5403020,6212,6826920
1213,6212,5403020,6212,6826920
1213,6212,5403020,6212,6827390
1213,6212,5403240,6212,6827610
1213,6212,5403240,6212,6827610
1213,6212,5403240,6212,6828610
1213,6212,5403240,6212,6829610
1213,6212,5403240,6212,6830610
1213,6212,5403240,6212,6831080
1213,6212,5403240,6212,6831890
1213,6212,5403560,6212,6832210
1213,6212,5403560,6212,6833020
1213,6212,5403560,6212,6834020
1213,6212,5403560,6212,6835020
1213,6212,5403560,6212,6836020
1213,6212,5403560,6212,6836670
1213,6212,5403560,6212,6837670
1213,6212,5403560,6212,6838140
1213,6212,5403560,6212,6838950
1213,6212,5403560,6212,6839950
1213,6212,5403560,6212,6840950
1213,6212,5403560,6212,6841420
1213,6212,5403880,6212,6841740
1213,6212,5403880,6212,6842550
1213,6212,5404200,6212,6842870
1213,6212,5404200,6212,6843680
1213,6212,5404200,6212,6844680
1213,6212,5404200,6212,6844680
1213,6212,5404200,6212,6845150
1213,6212,5404520,6212,6845470
1213,6212,5404520,6212,6845930
1213,6212,5404520,6212,6846930
1213,6212,5404520,6212,6847930
1213,6212,5404520,6212,6848740
1213,6212,5404520,6212,6849740
1213,6212,5404520,6212,6850740
1213,6212,5404520,6212,6851550
1213,6212,5404520,6212,6851550
1213,6212,5404520,6212,6851550
1213,6212,5404680,6212,6851710
1213,6212,5404680,6212,6852520
1213,6212,5404680,6212,6852520
1213,6212,5405000,6212,6852840
1213,6212,5405220,6212,6853060
1213,6212,5405220,6212,6854060
1213,6212,5405220,6212,6855060
1213,6212,5405220,6212,6855060
1213,6212,5405220,6212,6855870
1213,6212,5405220,6212,6859870
1213,6212,5405220,6212,6860680
1213,6212,5405220,6212,6861680
1213,6212,5405220,6212,6862680
1213,6212,5405220,6212,6862680
1213,6212,5405220,6212,6863680
1213,6212,5405220,6212,6863680
1213,6212,5405220,6212,6864680
1213,6212,5405220,6212,6865680
1213,6212,5405220,6212,6866140
1213,6212,5405220,6212,6867140
1213,6212,5405220,6212,6867140
1213,6212,5405220,6212,6867140
1213,6212,5405220,6212,6867140
1213,6212,5405220,6212,6868140
1213,6212,5405450,6212,6868370
1213,6212,5405450,6212,6869370
1213,6212,5405450,6212,6870370
1213,6212,5405450,6212,6870840
1213,6212,5405450,6212,6871490
1213,6212,5405450,6212,6871950
1213,6212,5405450,6212,6872760
1213,6212,5405450,6212,6873760
1213,6212,5405450,6212,6874760
1213,6212,5405450,6212,6875760
1213,6212,5405450,6212,6883760
1213,6212,5405450,6212,6884760
1213,6212,5405670,6212,6884980
1213,6212,5405670,6212,6884980
1213,6212,5405670,6212,6885980
1213,6212,5405780,6212,6886090
1213,6212,5405780,6212,6887090
1213,6212,5406100,6212,6887410
1213,6212,5406100,6212,6888220
1213,6212,5406100,6212,6889220
1213,6212,5406100,6212,6890220
1213,6212,5406100,6212,6890220
1213,6212,5406100,6212,6890220
1213,6212,5406100,6212,6891220
1213,6212,5406100,6212,6892030
1213,6212,5406100,6212,6892840
1213,6212,5406100,6212,6893840
1213,6212,5406100,6212,6894840
1213,6212,5406100,6212,6894840
1213,6212,5406100,6212,6895310
1213,6212,5406100,6212,6896310
1213,6212,5406100,6212,6897120
1213,6212,5406100,6212,6898120
1213,6212,5406100,6212,6899120
1213,6212,5406100,6212,6899580
1213,6212,5406100,6212,6900580
1213,6212,5406100,6212,6901580
1213,6212,5406100,6212,6901580
1213,6212,5406420,6212,6901900
1213,6212,5406650,6212,6902130
1213,6212,5406650,6212,6903130
1213,6212,5406650,6212,6903130
1213,6212,5406650,6212,6904130
1213,6212,5406650,6212,6905130
1213,6212,5406650,6212,6905940
1213,6212,5406650,6212,6906410
1213,6212,5406650,6212,6907410
1213,6212,5406650,6212,6908410
1213,6212,5406650,6212,6909410
1213,6212,5406650,6212,6909410
1213,6212,5406880,6212,6909640
1213,6212,5406880,6212,6910110
1213,6212,5407200,6212,6910430
1213,6212,5407200,6212,6911430
1213,6212,5407200,6212,6911430
1213,6212,5407200,6212,6912430
1213,6212,5407200,6212,6912900
1213,6212,5407200,6212,6912900
1213,6212,5407200,6212,6913900
1213,6212,5407200,6212,6914900
1213,6212,5407200,6212,6915370
1213,6212,5407200,6212,6915840
1213,6212,5407200,6212,6916840
1213,6212,5407200,6212,6917650
1213,6212,5407200,6212,6918650
1213,6212,5407200,6212,6919650
1213,6212,5407200,6212,6920650
1213,6212,5407520,6212,6920970
1213,6212,5407520,6212,6921440
1213,6212,5407520,6212,6922440
1213,6212,5407520,6212,6923440
1213,6212,5407840,6212,6923760
1213,6212,5407840,6212,6924760
1213,6212,5408160,6212,6925080
1213,6212,5408160,6212,6925730
1213,6212,5408160,6212,6926540
1213,6212,5408160,6212,6927350
1213,6212,5408160,6212,6928350
1213,6212,5408160,6212,6928820
1213,6212,5408160,6212,6929820
1213,6212,5408160,6212,6930630
1213,6212,5408160,6212,6931440
1213,6212,5408160,6212,6932440
1213,6212,5408160,6212,6933440
1213,6212,5408160,6212,6934440
1213,6212,5408160,6212,6935440
1213,6212,5408160,6212,6936440
1213,6212,5408160,6212,6937440
1213,6212,5408390,6212,6937670
1213,6212,5408390,6212,6937670
1213,6212,5408390,6212,6938670
1213,6212,5408390,6212,6939670
1213,6212,5408390,6212,6940320
1213,6212,5408390,6212,6941130
1213,6212,5408390,6212,6941780
1213,6212,5408390,6212,6942590
1213,6212,5408390,6212,6943590
1213,6212,5408390,6212,6944590
1213,6212,5408390,6212,6945590
1213,6212,5408390,6212,6946590
1213,6212,5408390,6212,6947590
1213,6212,5408390,6212,6948590
1213,6212,5408390,6212,6949590
1213,6212,5408390,6212,6950590
1213,6212,5408390,6212,6951590
1213,6212,5408390,6212,6952400
1213,6212,5408390,6212,6952400
1213,6212,5408390,6212,6953400
1213,6212,5408390,6212,6953400
1213,6212,5408390,6212,6954400
1213,6212,5408390,6212,6955400
1213,6212,5408390,6212,6956400
1213,6212,5408390,6212,6956860
1213,6212,5408390,6212,6957670
1213,6212,5408710,6212,6957990
1213,6212,5408710,6212,6957990
1213,6212,5408710,6212,6958990
1213,6212,5408710,6212,6959990
1213,6212,5408710,6212,6959990
1213,6212,5408710,6212,6960990
1213,6212,5408710,6212,6961460
1213,6212,5408710,6212,6962270
1213,6212,5408710,6212,6962270
1213,6212,5408710,6212,6962740
1213,6212,5408710,6212,6963210
1213,6212,5408710,6212,6964210
1213,6212,5408710,6212,6965210
1213,6212,5408710,6212,6966210
1213,6212,5408710,6212,6966670
1213,6212,5408710,6212,6966670
1213,6212,5408710,6212,6967670
1213,6212,5408710,6212,6968670
1213,6212,5408710,6212,6969320
1213,6212,5408710,6212,6969790
1213,6212,5409030,6212,6970110
1213,6212,5409030,6212,6970920
1213,6212,5409030,6212,6971730
1213,6212,5409030,6212,6972730
1213,6212,5409030,6212,6973730
1213,6212,5409030,6212,6974730
1213,6212,5409030,6212,6975540
1213,6212,5409030,6212,6976540
1213,6212,5409030,6212,6977540
1213,6212,5409030,6212,6978010
1213,6212,5409030,6212,6978480
1213,6212,5409030,6212,6979480
1213,6212,5409030,6212,6980480
1213,6212,5409030,6212,6981480
1213,6212,5409030,6212,6982480
1213,6212,5409030,6212,6983290
1213,6212,5409030,6212,6984100
1213,6212,5409030,6212,6985100
1213,6212,5409030,6212,6986100
1213,6212,5409030,6212,6987100
1213,6212,5409030,6212,6988100
1213,6212,5409030,6212,6989100
1213,6212,5409030,6212,6989100
1213,6212,5409030,6212,6989910
1213,6212,5409030,6212,6990910
1213,6212,5409030,6212,6991910
1213,6212,5409030,6212,6992910
1213,6212,5409030,6212,6993720
1213,6212,5409030,6212,6994720
1213,6212,5409030,6212,6995720
1213,6212,5409030,6212,6996190
1213,6212,5409030,6212,6997190
1213,6212,5409030,6212,6997650
1213,6212,5409030,6212,6998120
1213,6212,5409030,6212,7002120
1213,6212,5409030,6212,7002120
1213,6212,5409030,6212,7003120
1213,6212,5409030,6212,7004120
1213,6212,5409030,6212,7004930
1213,6212,5409030,6212,7005930
1213,6212,5409030,6212,7006930
1213,6212,5409030,6212,7007930
1213,6212,5409030,6212,7007930
1213,6212,5409030,6212,7007930
1213,6212,5409030,6212,7007930
1213,6212,5409030,6212,7008930
1213,6212,5409030,6212,7009930
1213,6212,5409350,6212,7010250
1213,6212,5409350,6212,7011250
1213,6212,5409570,6212,7011470
1213,6212,5409570,6212,7012280
1213,6212,5409570,6212,7012750
1213,6212,5409570,6212,7012750
1213,6212,5409570,6212,7013400
1213,6212,5409570,6212,7014400
1213,6212,5409570,6212,7014400
1213,6212,5409570,6212,7015400
1213,6212,5409570,6212,7016400
1213,6212,5409570,6212,7017210
1213,6212,5409570,6212,7017680
1213,6212,5409570,6212,7018490
1213,6212,5409570,6212,7018490
1213,6212,5409570,6212,7018960
1213,6212,5409570,6212,7019960
1213,6212,5409570,6212,7020960
1213,6212,5409570,6212,7021960
1213,6212,5409570,6212,7022960
1213,6212,5409570,6212,7023960
1213,6212,5409800,6212,7024190
1213,6212,5409800,6212,7025190
1213,6212,5409800,6212,7026000
1213,6212,5409800,6212,7027000
1213,6212,5409800,6212,7027810
1213,6212,5409800,6212,7028280
1213,6212,5409800,6212,7028750
1213,6212,5409800,6212,7029750
1213,6212,5410390,6212,7030340
1213,6212,5410390,6212,7031150
1213,6212,5410390,6212,7031150
1213,6212,5410390,6212,7032150
1213,6212,5410390,6212,7032960
1213,6212,5410390,6212,7033960
1213,6212,5410390,6212,7034770
1213,6212,5410710,6212,7035090
1213,6212,5410710,6212,7035900
1213,6212,5410710,6212,7036900
1213,6212,5410710,6212,7037900
1213,6212,5410710,6212,7038900
1213,6212,5410710,6212,7039900
1213,6212,5410710,6212,7040900
1213,6212,5410710,6212,7041360
1213,6212,5410940,6212,7041590
1213,6212,5410940,6212,7041590
1213,6212,5410940,6212,7042400
1213,6212,5410940,6212,7042400
1213,6212,5410940,6212,7043210
1213,6212,5411260,6212,7043530
1213,6212,5411260,6212,7044530
1213,6212,5411260,6212,7045180
1213,6212,5411260,6212,7045730
1213,6212,5411260,6212,7046730
1213,6212,5411260,6212,7047730
1213,6212,5411260,6212,7048540
1213,6212,5411580,6212,7048860
1213,6212,5411580,6212,7049860
1213,6212,5411580,6212,7050330
1213,6212,5411580,6212,7051330
1213,6212,5411580,6212,7051800
1213,6212,5411580,6212,7052610
1213,6212,5412170,6212,7053200
1213,6212,5412170,6212,7054200
1213,6212,5412170,6212,7055200
1213,6212,5412170,6212,7056010
1213,6212,5412170,6212,7057010
1213,6212,5412170,6212,7058010
1213,6212,5412170,6212,7059010
1213,6212,5412170,6212,7060010
1213,6212,5412170,6212,7061010
1213,6212,5412170,6212,7061010
1213,6212,5412490,6212,7061330
1213,6212,5412720,6212,7061560
1213,6212,5412720,6212,7062560
1213,6212,5412720,6212,7062560
1213,6212,5412720,6212,7063560
1213,6212,5412720,6212,7064370
1213,6212,5412720,6212,7064840
1213,6212,5412720,6212,7065840
1213,6212,5412720,6212,7065840
1213,6212,5412720,6212,7066840
1213,6212,5412720,6212,7067840
1213,6212,5412720,6212,7068840
1213,6212,5412720,6212,7069310
1213,6212,5412720,6212,7069780
1213,6212,5412720,6212,7070100
1213,6212,5412720,6212,7070100
1213,6212,5412720,6212,7070910
1213,6212,5412720,6212,7071370
1213,6212,5412720,6212,7072020
1213,6212,5412720,6212,7072490
1213,6212,5412720,6212,7073300
1213,6212,5412720,6212,7074300
1213,6212,5412720,6212,7075300
1213,6212,5412720,6212,7076300
1213,6212,5412720,6212,7077300
1213,6212,5412720,6212,7077770
1213,6212,5412720,6212,7078770
1213,6212,5412720,6212,7079770
1213,6212,5412720,6212,7080580
1213,6212,5412720,6212,7081580
1213,6212,5412720,6212,7082230
1213,6212,5412720,6212,7083040
1213,6212,5412720,6212,7083850
1213,6212,5412720,6212,7084310
1213,6212,5412880,6212,7084470
1213,6212,5412880,6212,7085470
1213,6212,5412880,6212,7085930
1213,6212,5412880,6212,7086930
1213,6212,5412880,6212,7087740
1213,6212,5413200,6212,7088060
1213,6212,5413200,6212,7088870
1213,6212,5413200,6212,7089870
1213,6212,5413200,6212,7090870
1213,6212,5413420,6212,7091090
1213,6212,5413420,6212,7092090
1213,6212,5413740,6212,7092410
1213,6212,5413740,6212,7093410
1213,6212,5413740,6212,7094410
1213,6212,5413740,6212,7095060
1213,6212,5413740,6212,7095870
1213,6212,5413740,6212,7096870
1213,6212,5413740,6212,7097870
1213,6212,5413740,6212,7098870
1213,6212,5413740,6212,7099870
1213,6212,5413740,6212,7100870
1213,6212,5413740,6212,7101870
1213,6212,5413740,6212,7102870
1213,6212,5413740,6212,7102870
1213,6212,5413740,6212,7103520
1213,6212,5413740,6212,7104330
1213,6212,5413740,6212,7104880
1213,6212,5413740,6212,7105690
1213,6212,5413740,6212,7105690
1213,6212,5413740,6212,7106500
1213,6212,5413740,6212,7107500
1213,6212,5413740,6212,7107500
1213,6212,5413740,6212,7108500
1213,6212,5413740,6212,7109500
1213,6212,5413740,6212,7117500
1213,6212,5413740,6212,7118310
1213,6212,5413740,6212,7118860
1213,6212,5413740,6212,7119860
1213,6212,5413740,6212,7120670
1213,6212,5413740,6212,7121670
1213,6212,5413740,6212,7122670
1213,6212,5413740,6212,7123670
1213,6212,5413740,6212,7124670
1213,6212,5413740,6212,7125140
1213,6212,5413740,6212,7126140
1213,6212,5413740,6212,7127140
1213,6212,5413740,6212,7128140
1213,6212,5413740,6212,7128610
1213,6212,5413740,6212,7129610
1213,6212,5413740,6212,7130610
1213,6212,5413740,6212,7131610
1213,6212,5413740,6212,7132080
1213,6212,5413740,6212,7132080
1213,6212,5413740,6212,7132890
1213,6212,5413740,6212,7133700
1213,6212,5413740,6212,7134700
1213,6212,5413740,6212,7134700
1213,6212,5413740,6212,7135700
1213,6212,5413740,6212,7136700
1213,6212,5413740,6212,7137700
1213,6212,5413740,6212,7137700
1213,6212,5413740,6212,7138160
1213,6212,5413740,6212,7139160
1213,6212,5413740,6212,7140160
1213,6212,5413740,6212,7141160
1213,6212,5413740,6212,7142160
1213,6212,5413740,6212,7142160
1213,6212,5413740,6212,7143160
1213,6212,5413740,6212,7143160
1213,6212,5413740,6212,7144160
1213,6212,5413740,6212,7145160
1213,6212,5413740,6212,7146160
1213,6212,5413740,6212,7146710
1213,6212,5413740,6212,7147710
1213,6212,5413740,6212,7148710
1213,6212,5413740,6212,7148710
1213,6212,5413740,6212,7149520
1213,6212,5413740,6212,7150520
1213,6212,5413740,6212,7150990
1213,6212,5413900,6212,7151150
1213,6212,5413900,6212,7151610
1213,6212,5413900,6212,7152610
1213,6212,5414130,6212,7152840
1213,6212,5414130,6212,7153310
1213,6212,5414130,6212,7154310
1213,6212,5414130,6212,7155310
1213,6212,5414130,6212,7155780
1213,6212,5414130,6212,7156780
1213,6212,5414130,6212,7157780
1213,6212,5414130,6212,7158100
1213,6212,5414130,6212,7158910
1213,6212,5414130,6212,7159910
1213,6212,5414720,6212,7160500
1213,6212,5414720,6212,7161500
1213,6212,5414720,6212,7161970
1213,6212,5414720,6212,7162970
1213,6212,5414720,6212,7163970
1213,6212,5414720,6212,7164440
1213,6212,5414720,6212,7165250
1213,6212,5414720,6212,7165720
1213,6212,5414720,6212,7166530
1213,6212,5414720,6212,7168530
1213,6212,5414720,6212,7168850
1213,6212,5414720,6212,7169850
1213,6212,5414720,6212,7169850
1213,6212,5414720,6212,7170850
1213,6212,5414720,6212,7171850
1213,6212,5414720,6212,7172850
1213,6212,5414720,6212,7173850
1213,6212,5414720,6212,7174850
1213,6212,5414720,6212,7174850
1213,6212,5414720,6212,7175660
1213,6212,5414720,6212,7176660
1213,6212,5414720,6212,7177660
1213,6212,5414720,6212,7178660
1213,6212,5414950,6212,7178890
1213,6212,5414950,6212,7179540
1213,6212,5414950,6212,7180540
1213,6212,5414950,6212,7181540
1213,6212,5414950,6212,7182540
1213,6212,5414950,6212,7183350
1213,6212,5414950,6212,7183350
1213,6212,5414950,6212,7183900
1213,6212,5414950,6212,7184490
1213,6212,5414950,6212,7185490
1213,6212,5414950,6212,7186490
1213,6212,5414950,6212,7186490
1213,6212,5414950,6212,7187490
1213,6212,5414950,6212,7188490
1213,6212,5414950,6212,7189490
1213,6212,5414950,6212,7189490
1213,6212,5414950,6212,7190300
1213,6212,5414950,6212,7191300
1213,6212,5414950,6212,7191300
1213,6212,5414950,6212,7191300
1213,6212,5414950,6212,7192300
1213,6212,5414950,6212,7193110
1213,6212,5414950,6212,7193580
1213,6212,5414950,6212,7193900
1213,6212,5414950,6212,7194550
1213,6212,5415170,6212,7194770
1213,6212,5415170,6212,7195770
1213,6212,5415170,6212,7196580
1213,6212,5415170,6212,7197580
1213,6212,5415170,6212,7198050
1213,6212,5415170,6212,7198860
1213,6212,5415170,6212,7199860
1213,6212,5415170,6212,7200670
1213,6212,5415170,6212,7201670
1213,6212,5415170,6212,7202670
1213,6212,5415170,6212,7203480
1213,6212,5415170,6212,7204480
1213,6212,5415170,6212,7205480
1213,6212,5415170,6212,7206290
1213,6212,5415170,6212,7207290
1213,6212,5415170,6212,7208290
1213,6212,5415170,6212,7209290
1213,6212,5415170,6212,7209290
1213,6212,5415170,6212,7209750
1213,6212,5415170,6212,7210750
1213,6212,5415170,6212,7211750
1213,6212,5415170,6212,7212750
1213,6212,5415280,6212,7212860
1213,6212,5415280,6212,7213860
1213,6212,5415280,6212,7214860
1213,6212,5415280,6212,7214860
1213,6212,5415280,6212,7215510
1213,6212,5415280,6212,7216510
1213,6212,5415280,6212,7217510
1213,6212,5415280,6212,7218320
1213,6212,5415280,6212,7219320
1213,6212,5415280,6212,7220320
1213,6212,5415280,6212,7221320
1213,6212,5415280,6212,7221790
1213,6212,5415280,6212,7222110
1213,6212,5415280,6212,7222920
1213,6212,5415280,6212,7223390
1213,6212,5415280,6212,7224390
1213,6212,5415280,6212,7224390
1213,6212,5415280,6212,7225200
1213,6212,5415280,6212,7226200
1213,6212,5415280,6212,7226520
1213,6212,5415280,6212,7227330
1213,6212,5415280,6212,7228330
1213,6212,5415280,6212,7229330
1213,6212,5415280,6212,7230140
1213,6212,5415280,6212,7230950
1213,6212,5415280,6212,7231950
1213,6212,5415280,6212,7232950
1213,6212,5415280,6212,7232950
1213,6212,5415280,6212,7233500
1213,6212,5416280,6212,7234500
1213,6212,5416280,6212,7235500
1213,6212,5416330,6212,7235550
1213,6212,5416330,6212,7236550
1213,6212,5416330,6212,7237200
1213,6212,5416330,6212,7237520
1213,6212,5416490,6212,7237680
1213,6212,5416490,6212,7238680
1213,6212,5416490,6212,7239150
1213,6212,5416490,6212,7239620
1213,6212,5416490,6212,7240090
1213,6212,5416490,6212,7241090
1213,6212,5416490,6212,7242090
1213,6212,5416490,6212,7242900
1213,6212,5416490,6212,7243550
1213,6212,5416490,6212,7244360
1213,6212,5416720,6212,7244590
1213,6212,5416720,6212,7245060
1213,6212,5416720,6212,7246060
1213,6212,5416720,6212,7247060
1213,6212,5416720,6212,7248060
1213,6212,5416720,6212,7249060
1213,6212,5416720,6212,7249870
1213,6212,5416720,6212,7249870
1213,6212,5416720,6212,7250870
1213,6212,5416720,6212,7250870
1213,6212,5416720,6212,7251870
1213,6212,5416720,6212,7252870
1213,6212,5416720,6212,7253680
1213,6212,5416720,6212,7254680
1213,6212,5416720,6212,7255680
1213,6212,5416720,6212,7256680
1213,6212,5416720,6212,7256680
1213,6212,5416720,6212,7257680
1213,6212,5416720,6212,7258680
1213,6212,5416720,6212,7258680
1213,6212,5416720,6212,7259680
1213,6212,5416720,6212,7260680
1213,6212,5416720,6212,7261150
1213,6212,5416720,6212,7261610
1213,6212,5416720,6212,7262610
1213,6212,5416950,6212,7262840
1213,6212,5416950,6212,7263310
1213,6212,5416950,6212,7263780
1213,6212,5416950,6212,7264590
1213,6212,5416950,6212,7265590
1213,6212,5416950,6212,7266590
1213,6212,5416950,6212,7267400
1213,6212,5416950,6212,7268050
1213,6212,5416950,6212,7269050
1213,6212,5416950,6212,7269050
1213,6212,5416950,6212,7270050
1213,6212,5416950,6212,7270050
1213,6212,5417320,6212,7270420
1213,6212,5417320,6212,7270890
1213,6212,5417320,6212,7271700
1213,6212,5417320,6212,7272170
1213,6212,5417320,6212,7272170
1213,6212,5417320,6212,7272820
1213,6212,5417320,6212,7273630
1213,6212,5417320,6212,7273630
1213,6212,5417320,6212,7274630
1213,6212,5417320,6212,7275630
1213,6212,5417320,6212,7276440
1213,6212,5417320,6212,7277440
1213,6212,5417320,6212,7278440
1213,6212,5417320,6212,7279250
1213,6212,5417320,6212,7280250
1213,6212,5417320,6212,7281250
1213,6212,5417320,6212,7281730
1213,6212,5417320,6212,7282320
1213,6212,5417320,6212,7282790
1213,6212,5417320,6212,7283790
1213,6212,5417320,6212,7283790
1213,6212,5417430,6212,7283900
1213,6212,5417430,6212,7284710
1213,6212,5417430,6212,7284710
1213,6212,5417430,6212,7285520
1213,6212,5417430,6212,7286330
1213,6212,5417430,6212,7287330
1213,6212,5417430,6212,7288330
1213,6212,5417430,6212,7289330
1213,6212,5417430,6212,7289330
1213,6212,5417430,6212,7290330
1213,6212,5417430,6212,7291330
1213,6212,5417430,6212,7292140
1213,6212,5417430,6212,7292140
1213,6212,5417430,6212,7292610
1213,6212,5417430,6212,7293420
1213,6212,5417430,6212,7293880
1213,6212,5417430,6212,7294350
1213,6212,5417430,6212,7295350
1213,6212,5417430,6212,7296350
1213,6212,5417430,6212,7296350
1213,6212,5417430,6212,7296350
1213,6212,5417430,6212,7297350
1213,6212,5417430,6212,7298350
1213,6212,5417430,6212,7299350
1213,6212,5417430,6212,7300350
1213,6212,5417430,6212,7300900
1213,6212,5417430,6212,7300900
1213,6212,5417430,6212,7301900
1213,6212,5417430,6212,7302900
1213,6212,5417430,6212,7303900
1213,6212,5417430,6212,7304370
1213,6212,5417430,6212,7305180
1213,6212,5417430,6212,7306180
1213,6212,5417430,6212,7306990
1213,6212,5417430,6212,7307990
1213,6212,5417430,6212,7308540
1213,6212,5417430,6212,7309540
1213,6212,5417430,6212,7309860
1213,6212,5417430,6212,7310330
1213,6212,5417430,6212,7310330
1213,6212,5417430,6212,7311330
1213,6212,5417430,6212,7311330
1213,6212,5417430,6212,7312330
1213,6212,5417590,6212,7312490
1213,6212,5417590,6212,7313490
1213,6212,5417590,6212,7314140
1213,6212,5417590,6212,7314950
1213,6212,5417590,6212,7315950
1213,6212,5417590,6212,7316950
1213,6212,5417590,6212,7317950
1213,6212,5417590,6212,7317950
1213,6212,5417590,6212,7318760
1213,6212,5417590,6212,7318760
1213,6212,5417590,6212,7319760
1213,6212,5417590,6212,7320760
1213,6212,5417590,6212,7321760
1213,6212,5417590,6212,7322760
1213,6212,5417590,6212,7323760
1213,6212,5417590,6212,7324760
1213,6212,5417590,6212,7325760
1213,6212,5417590,6212,7326570
1213,6212,5417590,6212,7327570
1213,6212,5417590,6212,7327570
1213,6212,5417590,6212,7328570
1213,6212,5417590,6212,7329570
1213,6212,5417590,6212,7330380
1213,6212,5417590,6212,7330380
1213,6212,5417590,6212,7331190
1213,6212,5417590,6212,7332190
1213,6212,5417590,6212,7332510
1213,6212,5417590,6212,7333160
1213,6212,5417590,6212,7334160
1213,6212,5417590,6212,7334970
1213,6212,5417590,6212,7335970
1213,6212,5417590,6212,7336970
1213,6212,5417590,6212,7337970
1213,6212,5417590,6212,7337970
1213,6212,5417590,6212,7337970
1213,6212,5417590,6212,7338970
1213,6212,5417590,6212,7339970
1213,6212,5417590,6212,7340970
1213,6212,5417590,6212,7340970
1213,6212,5417590,6212,7340970
1213,6212,5417590,6212,7340970
1213,6212,5417820,6212,7341200
1213,6212,5417820,6212,7341200
1213,6212,5417820,6212,7341670
1213,6212,5417820,6212,7341990
1213,6212,5417820,6212,7342990
1213,6212,5417820,6212,7343990
1213,6212,5417820,6212,7344990
1213,6212,5417820,6212,7345640
1213,6212,5417870,6212,7345690
1213,6212,5417870,6212,7346160
1213,6212,5417870,6212,7350160
1213,6212,5417870,6212,7350160
1213,6212,5417870,6212,7351160
1213,6212,5417870,6212,7352160
1213,6212,5417870,6212,7353160
1213,6212,5417870,6212,7354160
1213,6212,5417870,6212,7355160
1213,6212,5417870,6212,7356160
1213,6212,5417870,6212,7357160
1213,6212,5417870,6212,7357970
1213,6212,5417870,6212,7358970
1213,6212,5417870,6212,7359780
1213,6212,5417870,6212,7360780
1213,6212,5417870,6212,7361780
1213,6212,5417870,6212,7362590
1213,6212,5417870,6212,7363590
1213,6212,5417870,6212,7364590
1213,6212,5417870,6212,7364590
1213,6212,5417870,6212,7365590
1213,6212,5417870,6212,7366590
1213,6212,5418090,6212,7366810
1213,6212,5418460,6212,7367180
1213,6212,5418460,6212,7367990
1213,6212,5418460,6212,7368990
1213,6212,5418460,6212,7369800
1213,6212,5418460,6212,7370270
1213,6212,5418460,6212,7370270
1213,6212,5418460,6212,7371270
1213,6212,5418460,6212,7372270
1213,6212,5418460,6212,7373270
1213,6212,5418460,6212,7373740
1213,6212,5418460,6212,7374740
1213,6212,5418460,6212,7374740
1213,6212,5418460,6212,7374740
1213,6212,5418460,6212,7375390
1213,6212,5418460,6212,7375860
1213,6212,5418460,6212,7376670
1213,6212,5418460,6212,7377670
1213,6212,5418460,6212,7378670
1213,6212,5418460,6212,7379670
1213,6212,5418460,6212,7380670
1213,6212,5418460,6212,7381130
1213,6212,5418460,6212,7382130
1213,6212,5418460,6212,7383130
1213,6212,5418460,6212,7383600
1213,6212,5419460,6212,7384600
1213,6212,5419460,6212,7385600
1213,6212,5419460,6212,7386410
1213,6212,5419460,6212,7387220
1213,6212,5419460,6212,7387680
1213,6212,5419460,6212,7388680
1213,6212,5419460,6212,7389050
1213,6212,5419460,6212,7389860
1213,6212,5419460,6212,7390860
1213,6212,5419460,6212,7391860
1213,6212,5419460,6212,7392670
1213,6212,5419460,6212,7393480
1213,6212,5419460,6212,7394290
1213,6212,5419460,6212,7395290
1213,6212,5419460,6212,7396100
1213,6212,5419460,6212,7396420
1213,6212,5419460,6212,7397420
1213,6212,5419460,6212,7398420
1213,6212,5419460,6212,7399420
1213,6212,5419460,6212,7400420
1213,6212,5419460,6212,7400790
1213,6212,5419680,6212,7401010
1213,6212,5419680,6212,7401820
1213,6212,5419680,6212,7402630
1213,6212,5419680,6212,7402950
1213,6212,5419680,6212,7403950
1213,6212,5419680,6212,7404270
1213,6212,5419680,6212,7405270
1213,6212,5419680,6212,7405740
1213,6212,5419680,6212,7406740
1213,6212,5419680,6212,7407740
1213,6212,5419680,6212,7408740
1213,6212,5419680,6212,7409390
1213,6212,5419680,6212,7409940
1213,6212,5419680,6212,7409940
1213,6212,5419680,6212,7409940
1213,6212,5419680,6212,7410410
1213,6212,5420000,6212,7410730
1213,6212,5420000,6212,7411730
1213,6212,5420000,6212,7412540
1213,6212,5420000,6212,7412860
1213,6212,5420000,6212,7413860
1213,6212,5420000,6212,7414860
1213,6212,5420000,6212,7415860
1213,6212,5420000,6212,7416670
1213,6212,5420000,6212,7417140
1213,6212,5420000,6212,7418140
1213,6212,5420000,6212,7418730
1213,6212,5420000,6212,7419730
1213,6212,5420000,6212,7420730
1213,6212,5420000,6212,7420730
1213,6212,5420000,6212,7421100
1213,6212,5420000,6212,7421420
1213,6212,5420000,6212,7422420
1213,6212,5420000,6212,7422420
1213,6212,5420000,6212,7423420
1213,6212,5420000,6212,7424420
1213,6212,5420000,6212,7425420
1213,6212,5420000,6212,7425420
1213,6212,5420000,6212,7425890
1213,6212,5420000,6212,7426890
1213,6212,5420000,6212,7427890
1213,6212,5420000,6212,7428210
1213,6212,5420000,6212,7428680
1213,6212,5420000,6212,7429490
1213,6212,5420000,6212,7429960
1213,6212,5420000,6212,7430960
1213,6212,5420000,6212,7431960
1213,6212,5420000,6212,7432550
1213,6212,5420000,6212,7433550
1213,6212,5420000,6212,7433550
1213,6212,5420000,6212,7434550
1213,6212,5420000,6212,7435550
1213,6212,5420000,6212,7436360
1213,6212,5420000,6212,7437360
1213,6212,5420000,6212,7437360
1213,6212,5420000,6212,7437360
1213,6212,5420000,6212,7438360
1213,6212,5420000,6212,7438710
1213,6212,5420000,6212,7439710
1213,6212,5420110,6212,7439820
1213,6212,5420110,6212,7440820
1213,6212,5420110,6212,7441630
1213,6212,5420110,6212,7442630
1213,6212,5420110,6212,7443440
1213,6212,5420110,6212,7443910
1213,6212,5420110,6212,7444910
1213,6212,5420110,6212,7445380
1213,6212,5420110,6212,7445850
1213,6212,5420110,6212,7446170
1213,6212,5420110,6212,7447170
1213,6212,5420110,6212,7447630
1213,6212,5420110,6212,7448630
1213,6212,5420110,6212,7449630
1213,6212,5420110,6212,7450630
1213,6212,5420110,6212,7451630
1213,6212,5420110,6212,7452630
1213,6212,5420110,6212,7453630
1213,6212,5420110,6212,7454280
1213,6212,5420110,6212,7455280
1213,6212,5420110,6212,7456280
1213,6212,5420110,6212,7457090
1213,6212,5420110,6212,7458090
1213,6212,5420110,6212,7466090
1213,6212,5420110,6212,7467090
1213,6212,5420110,6212,7467090
1213,6212,5420110,6212,7467090
1213,6212,5420110,6212,7467560
1213,6212,5420110,6212,7468030
1213,6212,5420110,6212,7468840
1213,6212,5420110,6212,7469840
1213,6212,5420110,6212,7470840
1213,6212,5420110,6212,7471840
1213,6212,5420110,6212,7472840
1213,6212,5420110,6212,7473840
1213,6212,5420110,6212,7473840
1213,6212,5420110,6212,7474840
1213,6212,5420110,6212,7475840
1213,6212,5420110,6212,7476840
1213,6212,5420110,6212,7476840
1213,6212,5420110,6212,7477840
1213,6212,5420110,6212,7478650
1213,6212,5420110,6212,7479460
1213,6212,5420110,6212,7479930
1213,6212,5420110,6212,7480740
1213,6212,5420110,6212,7481210
1213,6212,5420110,6212,7481210
1213,6212,5420110,6212,7482210
1213,6212,5420110,6212,7482680
1213,6212,5420110,6212,7482680
1213,6212,5420110,6212,7483680
1213,6212,5420110,6212,7484680
1213,6212,5420110,6212,7484680
1213,6212,5420110,6212,7485680
1213,6212,5420110,6212,7485680
1213,6212,5420110,6212,7486150
1213,6212,5420110,6212,7486610
1213,6212,5420110,6212,7486610
1213,6212,5420110,6212,7487420
1213,6212,5420110,6212,7487420
1213,6212,5420110,6212,7488420
1213,6212,5420110,6212,7496420
1213,6212,5420330,6212,7496640
1213,6212,5420330,6212,7497640
1213,6212,5420330,6212,7498640
1213,6212,5420330,6212,7499110
1213,6212,5420330,6212,7499760
1213,6212,5420330,6212,7500220
1213,6212,5420330,6212,7501030
1213,6212,5420330,6212,7501350
1213,6212,5420330,6212,7502350
1213,6212,5420330,6212,7503350
1213,6212,5420330,6212,7504160
1213,6212,5420330,6212,7505160
1213,6212,5420330,6212,7506160
1213,6212,5420330,6212,7506160
1213,6212,5420330,6212,7506630
1213,6212,5420330,6212,7507100
1213,6212,5420330,6212,7507100
1213,6212,5420330,6212,7507570
1213,6212,5420330,6212,7507890
1213,6212,5420330,6212,7507890
1213,6212,5420330,6212,7507890
1213,6212,5420330,6212,7508890
1213,6212,5420330,6212,7508890
1213,6212,5420490,6212,7509050
1213,6212,5420490,6212,7510050
1213,6212,5420490,6212,7511050
1213,6212,5420490,6212,7512050
1213,6212,5420490,6212,7513050
1213,6212,5420490,6212,7514050
1213,6212,5420490,6212,7514050
1213,6212,5420490,6212,7515050
1213,6212,5420490,6212,7516050
1213,6212,5420490,6212,7517050
1213,6212,5420490,6212,7517860
1213,6212,5420490,6212,7517860
1213,6212,5420490,6212,7518860
1213,6212,5420490,6212,7519860
1213,6212,5420490,6212,7520860
1213,6212,5420490,6212,7521320
1213,6212,5420490,6212,7522130
1213,6212,5420490,6212,7522590
1213,6212,5420490,6212,7523400
1213,6212,5420490,6212,7523400
1213,6212,5420490,6212,7523870
1213,6212,5420490,6212,7524680
1213,6212,5420490,6212,7525150
1213,6212,5420490,6212,7526150
1213,6212,5420490,6212,7526960
1213,6212,5420490,6212,7526960
1213,6212,5420490,6212,7527960
1213,6212,5420490,6212,7528960
1213,6212,5420490,6212,7529770
1213,6212,5420490,6212,7530580
1213,6212,5420490,6212,7531580
1213,6212,5420490,6212,7532390
1213,6212,5420490,6212,7532860
1213,6212,5420490,6212,7533330
1213,6212,5420720,6212,7533560
1213,6212,5420720,6212,7534560
1213,6212,5420720,6212,7535370
1213,6212,5420720,6212,7536370
1213,6212,5420720,6212,7537370
1213,6212,5420720,6212,7538370
1213,6212,5420720,6212,7539370
1213,6212,5420720,6212,7540370
1213,6212,5420720,6212,7541370
1213,6212,5420950,6212,7541600
1213,6212,5420950,6212,7542600
1213,6212,5421180,6212,7542830
1213,6212,5421180,6212,7543830
1213,6212,5421180,6212,7544480
1213,6212,5421180,6212,7544480
1213,6212,5421180,6212,7545480
1213,6212,5421180,6212,7546480
1213,6212,5421180,6212,7547480
1213,6212,5421180,6212,7548290
1213,6212,5421180,6212,7548290
1213,6212,5421180,6212,7549290
1213,6212,5421180,6212,7550290
1213,6212,5421180,6212,7551290
1213,6212,5421400,6212,7551510
1213,6212,5421400,6212,7552510
1213,6212,5421400,6212,7553510
1213,6212,5421400,6212,7554320
1213,6212,5421400,6212,7555320
1213,6212,5421400,6212,7555320
1213,6212,5421400,6212,7556320
1213,6212,5421400,6212,7557320
1213,6212,5421400,6212,7557320
1213,6212,5421400,6212,7558320
1213,6212,5421400,6212,7558780
1213,6212,5421400,6212,7559780
1213,6212,5421400,6212,7560780
1213,6212,5421400,6212,7561780
1213,6212,5421400,6212,7562780
1213,6212,5421400,6212,7563250
1213,6212,5421400,6212,7564250
1213,6212,5421400,6212,7564250
1213,6212,5421400,6212,7565250
1213,6212,5421400,6212,7565720
1213,6212,5421400,6212,7565720
1213,6212,5421400,6212,7566720
1213,6212,5421400,6212,7567190
1213,6212,5421400,6212,7567660
1213,6212,5421400,6212,7568660
1213,6212,5421400,6212,7569660
1213,6212,5421400,6212,7570660
1213,6212,5421400,6212,7570660
1213,6212,5421400,6212,7571660
1213,6212,5421400,6212,7572660
1213,6212,5421620,6212,7572880
1213,6212,5421620,6212,7572880
1213,6212,5421620,6212,7573880
1213,6212,5421620,6212,7574470
1213,6212,5421620,6212,7575470
1213,6212,5421620,6212,7576470
1213,6212,5421850,6212,7576700
1213,6212,5421850,6212,7577020
1213,6212,5422850,6212,7578020
1213,6212,5422850,6212,7578490
1213,6212,5422850,6212,7579490
1213,6212,5423500,6212,7580140
1213,6212,5424500,6212,7581140
1213,6212,5424500,6212,7582140
1213,6212,5424500,6212,7582950
1213,6212,5424500,6212,7582950
1213,6212,5424660,6212,7583110
1213,6212,5424660,6212,7583920
1213,6212,5424660,6212,7584920
1213,6212,5424660,6212,7585730
1213,6212,5424660,6212,7586730
1213,6212,5424660,6212,7587730
1213,6212,5424660,6212,7588540
1213,6212,5424660,6212,7589190
1213,6212,5424660,6212,7589190
1213,6212,5424660,6212,7589190
1213,6212,5424660,6212,7590000
1213,6212,5424660,6212,7591000
1213,6212,5424660,6212,7591650
1213,6212,5424660,6212,7592300
1213,6212,5424660,6212,7592300
1213,6212,5424660,6212,7592620
1213,6212,5424660,6212,7593620
1213,6212,5424660,6212,7594620
1213,6212,5424660,6212,7594940
1213,6212,5424660,6212,7595410
1213,6212,5424660,6212,7596410
1213,6212,5424660,6212,7597410
1213,6212,5424660,6212,7598220
1213,6212,5424660,6212,7599220
1213,6212,5424660,6212,7600220
1213,6212,5424660,6212,7601220
1213,6212,5424660,6212,7602220
1213,6212,5424660,6212,7602220
1213,6212,5424660,6212,7603220
1213,6212,5424660,6212,7604030
1213,6212,5424660,6212,7605030
1213,6212,5424820,6212,7605190
1213,6212,5424820,6212,7606190
1213,6212,5424820,6212,7606840
1213,6212,5424820,6212,7606840
1213,6212,5424820,6212,7607160
1213,6212,5424820,6212,7608160
1213,6212,5424820,6212,7608970
1213,6212,5424820,6212,7609970
1213,6212,5424820,6212,7610970
1213,6212,5425050,6212,7611200
1213,6212,5425050,6212,7612010
1213,6212,5425050,6212,7613010
1213,6212,5425050,6212,7613660
1213,6212,5425050,6212,7614660
1213,6212,5425050,6212,7615660
1213,6212,5425050,6212,7616660
1213,6212,5425050,6212,7617660
1213,6212,5425280,6212,7617890
1213,6212,5425280,6212,7617890
1213,6212,5425280,6212,7618890
1213,6212,5425280,6212,7619360
1213,6212,5425280,6212,7620360
1213,6212,5425280,6212,7621360
1213,6212,5425280,6212,7621840
1213,6212,5425280,6212,7622650
1213,6212,5425280,6212,7623460
1213,6212,5425280,6212,7623930
1213,6212,5425280,6212,7624740
1213,6212,5425280,6212,7625060
1213,6212,5425280,6212,7625710
1213,6212,5425280,6212,7626710
1213,6212,5425280,6212,7627710
1213,6212,5425280,6212,7628520
1213,6212,5425280,6212,7629520
1213,6212,5425280,6212,7630520
1213,6212,5425510,6212,7630750
1213,6212,5425510,6212,7631190
1213,6212,5425510,6212,7632190
1213,6212,5425510,6212,7632190
1213,6212,5425670,6212,7632350
1213,6212,5425670,6212,7633350
1213,6212,5425670,6212,7634350
1213,6212,5425670,6212,7635350
1213,6212,5425670,6212,7635350
1213,6212,5425670,6212,7636160
1213,6212,5425890,6212,7636380
1213,6212,5425890,6212,7637380
1213,6212,5425890,6212,7637700
1213,6212,5425890,6212,7638160
1213,6212,5425890,6212,7638630
1213,6212,5425890,6212,7640630
1213,6212,5425890,6212,7641630
1213,6212,5425890,6212,7641950
1213,6212,5425890,6212,7642270
1213,6212,5425890,6212,7643080
1213,6212,5425890,6212,7643080
1213,6212,5425890,6212,7644080
1213,6212,5425890,6212,7645080
1213,6212,5425890,6212,7646080
1213,6212,5425890,6212,7646550
1213,6212,5425890,6212,7647550
1213,6212,5425890,6212,7648360
1213,6212,5425890,6212,7648360
1213,6212,5425890,6212,7648360
1213,6212,5425890,6212,7648910
1213,6212,5426120,6212,7649140
1213,6212,5426120,6212,7650140
1213,6212,5426120,6212,7650610
1213,6212,5426120,6212,7651420
1213,6212,5426120,6212,7651740
1213,6212,5426120,6212,7655740
1213,6212,5426120,6212,7655740
1213,6212,5426120,6212,7656740
1213,6212,5426120,6212,7657740
1213,6212,5426120,6212,7658550
1213,6212,5426120,6212,7659550
1213,6212,5426120,6212,7660550
1213,6212,5426280,6212,7660710
1213,6212,5426280,6212,7661030
1213,6212,5426280,6212,7662030
1213,6212,5426280,6212,7663030
1213,6212,5426280,6212,7664030
1213,6212,5426280,6212,7665030
1213,6212,5426440,6212,7665190
1213,6212,5426440,6212,7666190
1213,6212,5426440,6212,7666660
1213,6212,5426440,6212,7667660
1213,6212,5426440,6212,7668310
1213,6212,5426440,6212,7669310
1213,6212,5426440,6212,7670310
1213,6212,5426440,6212,7670310
1213,6212,5426440,6212,7671310
1213,6212,5426440,6212,7672310
1213,6212,5426440,6212,7673120
1213,6212,5426440,6212,7674120
1213,6212,5426440,6212,7675120
1213,6212,5426440,6212,7676120
1213,6212,5426440,6212,7676930
1213,6212,5426440,6212,7677930
1213,6212,5426440,6212,7678400
1213,6212,5426440,6212,7679400
1213,6212,5426440,6212,7680400
1213,6212,5426440,6212,7680770
1213,6212,5426440,6212,7681770
1213,6212,5426440,6212,7681770
1213,6212,5426440,6212,7682090
1213,6212,5426440,6212,7683090
1213,6212,5426440,6212,7683740
1213,6212,5426440,6212,7684290
1213,6212,5426440,6212,7684940
1213,6212,5426440,6212,7685940
1213,6212,5426440,6212,7686940
1213,6212,5426440,6212,7687410
1213,6212,5426440,6212,7687410
1213,6212,5426440,6212,7688410
1213,6212,5426440,6212,7689410
1213,6212,5426440,6212,7690220
1213,6212,5426440,6212,7691030
1213,6212,5426440,6212,7691030
1213,6212,5426670,6212,7691260
1213,6212,5426670,6212,7692260
1213,6212,5426670,6212,7692260
1213,6212,5426890,6212,7692480
1213,6212,5426890,6212,7693480
1213,6212,5426890,6212,7693800
1213,6212,5426890,6212,7694800
1213,6212,5426890,6212,7695800
1213,6212,5426890,6212,7696800
1213,6212,5426890,6212,7697610
1213,6212,5426890,6212,7698610
1213,6212,5426890,6212,7699080
1213,6212,5426890,6212,7700080
1213,6212,5427110,6212,7700300
1213,6212,5427110,6212,7701300
1213,6212,5427110,6212,7701300
1213,6212,5427110,6212,7702110
1213,6212,5427110,6212,7703110
1213,6212,5427110,6212,7703580
1213,6212,5427110,6212,7704580
1213,6212,5427110,6212,7705580
1213,6212,5427110,6212,7706390
1213,6212,5427110,6212,7707200
1213,6212,5427110,6212,7708200
1213,6212,5427110,6212,7709200
1213,6212,5427110,6212,7710200
1213,6212,5427270,6212,7710360
1213,6212,5427270,6212,7711360
1213,6212,5427270,6212,7712360
1213,6212,5427270,6212,7712910
1213,6212,5427270,6212,7713910
1213,6212,5427270,6212,7714910
1213,6212,5427270,6212,7715910
1213,6212,5427270,6212,7716910
1213,6212,5427270,6212,7717910
1213,6212,5427270,6212,7718910
1213,6212,5427270,6212,7719720
1213,6212,5427270,6212,7720190
1213,6212,5427270,6212,7720190
1213,6212,5427270,6212,7721190
1213,6212,5427270,6212,7721190
1213,6212,5427270,6212,7721840
1213,6212,5427270,6212,7722650
1213,6212,5427490,6212,7722870
1213,6212,5427490,6212,7723870
1213,6212,5427490,6212,7724870
1213,6212,5427490,6212,7725190
1213,6212,5427490,6212,7726190
1213,6212,5427490,6212,7726190
1213,6212,5427490,6212,7727190
1213,6212,5427490,6212,7727650
1213,6212,5427490,6212,7727650
1213,6212,5427490,6212,7727650
1213,6212,5427650,6212,7727810
1213,6212,5427650,6212,7728810
1213,6212,5427650,6212,7729810
1213,6212,5427650,6212,7730810
1213,6212,5427650,6212,7731810
1213,6212,5427650,6212,7732810
1213,6212,5427650,6212,7733180
1213,6212,5427650,6212,7734180
1213,6212,5427650,6212,7735180
1213,6212,5427650,6212,7736180
1213,6212,5427650,6212,7737180
1213,6212,5427650,6212,7738180
1213,6212,5427650,6212,7738990
1213,6212,5427650,6212,7739460
1213,6212,5427650,6212,7740270
1213,6212,5427650,6212,7741080
1213,6212,5427650,6212,7742080
1213,6212,5427650,6212,7743080
1213,6212,5427650,6212,7744080
1213,6212,5427650,6212,7745080
1213,6212,5427650,6212,7745890
1213,6212,5427650,6212,7746210
1213,6212,5427650,6212,7747210
1213,6212,5427650,6212,7748210
1213,6212,5427650,6212,7748530
1213,6212,5427650,6212,7749530
1213,6212,5427650,6212,7750530
1213,6212,5427650,6212,7751340
1213,6212,5427650,6212,7752150
1213,6212,5427650,6212,7753150
1213,6212,5427650,6212,7757150
1213,6212,5427650,6212,7758150
1213,6212,5427650,6212,7759150
1213,6212,5427650,6212,7759960
1213,6212,5427650,6212,7760770
1213,6212,5427650,6212,7761580
1213,6212,5427650,6212,7762390
1213,6212,5427650,6212,7763390
1213,6212,5427650,6212,7763860
1213,6212,5427650,6212,7764860
1213,6212,5427650,6212,7765860
1213,6212,5427650,6212,7766330
1213,6212,5427650,6212,7767140
1213,6212,5427650,6212,7768140
1213,6212,5427650,6212,7768490
1213,6212,5427810,6212,7768650
1213,6212,5427810,6212,7769650
1213,6212,5427810,6212,7770650
1213,6212,5427810,6212,7771650
1213,6212,5427810,6212,7772460
1213,6212,5427810,6212,7773460
1213,6212,5427810,6212,7774460
1213,6212,5427810,6212,7775460
1213,6212,5427810,6212,7775460
1213,6212,5427810,6212,7776460
1213,6212,5428100,6212,7776750
1213,6212,5428100,6212,7777560
1213,6212,5428100,6212,7777560
1213,6212,5428100,6212,7778210
1213,6212,5428100,6212,7779210
1213,6212,5428100,6212,7780210
1213,6212,5428100,6212,7781020
1213,6212,5428100,6212,7781670
1213,6212,5428100,6212,7782480
1213,6212,5428100,6212,7783290
1213,6212,5428100,6212,7783750
1213,6212,5428100,6212,7784400
1213,6212,5428100,6212,7785400
1213,6212,5428100,6212,7786400
1213,6212,5428100,6212,7787400
1213,6212,5428100,6212,7788400
1213,6212,5428100,6212,7789050
1213,6212,5428100,6212,7790050
1213,6212,5428100,6212,7790050
1213,6212,5428100,6212,7790050
1213,6212,5428100,6212,7791050
1213,6212,5428100,6212,7792050
1213,6212,5428100,6212,7792860
1213,6212,5428100,6212,7793860
1213,6212,5428100,6212,7794330
1213,6212,5428100,6212,7794650
1213,6212,5428100,6212,7795120
1213,6212,5428100,6212,7796120
1213,6212,5428100,6212,7796930
1213,6212,5428100,6212,7796930
1213,6212,5428100,6212,7797930
1213,6212,5428100,6212,7798740
1213,6212,5428100,6212,7799740
1213,6212,5428100,6212,7800740
1213,6212,5428100,6212,7801740
1213,6212,5428100,6212,7802740
1213,6212,5428330,6212,7802970
1213,6212,5428330,6212,7803290
1213,6212,5428330,6212,7804290
1213,6212,5428330,6212,7805290
1213,6212,5428330,6212,7806100
1213,6212,5428330,6212,7806100
1213,6212,5428330,6212,7806100
1213,6212,5428440,6212,7806210
1213,6212,5428440,6212,7807210
1213,6212,5428440,6212,7808210
1213,6212,5428440,6212,7809210
1213,6212,5428440,6212,7810210
1213,6212,5428600,6212,7810370
1213,6212,5428600,6212,7811370
1213,6212,5428600,6212,7812370
1213,6212,5428600,6212,7812840
1213,6212,5428600,6212,7813840
1213,6212,5428600,6212,7814840
1213,6212,5428600,6212,7815840
1213,6212,5428600,6212,7816160
1213,6212,5428600,6212,7817160
1213,6212,5428600,6212,7817810
1213,6212,5428600,6212,7818620
1213,6212,5428600,6212,7819620
1213,6212,5428600,6212,7820620
1213,6212,5428600,6212,7821620
1213,6212,5428600,6212,7822620
1213,6212,5428600,6212,7823090
1213,6212,5428600,6212,7823410
1213,6212,5428600,6212,7824410
1213,6212,5428600,6212,7824410
1213,6212,5428600,6212,7825220
1213,6212,5428600,6212,7825220
1213,6212,5428600,6212,7826220
1213,6212,5428600,6212,7826540
1213,6212,5428600,6212,7827540
1213,6212,5428600,6212,7828540
1213,6212,5428600,6212,7829130
1213,6212,5428600,6212,7830130
1213,6212,5428600,6212,7830130
1213,6212,5428600,6212,7830450
1213,6212,5428600,6212,7831450
1213,6212,5428600,6212,7832450
1213,6212,5428650,6212,7832500
1213,6212,5428650,6212,7833500
1213,6212,5428650,6212,7834500
1213,6212,5428650,6212,7834500
1213,6212,5428650,6212,7834970
1213,6212,5428650,6212,7834970
1213,6212,5428650,6212,7835970
1213,6212,5428650,6212,7835970
1213,6212,5428650,6212,7836970
1213,6212,5428650,6212,7837970
1213,6212,5428650,6212,7838970
1213,6212,5428650,6212,7839970
1213,6212,5428650,6212,7840970
1213,6212,5428650,6212,7841970
1213,6212,5428650,6212,7842440
1213,6212,5428650,6212,7843440
1213,6212,5428650,6212,7844440
1213,6212,5428650,6212,7845090
1213,6212,5428870,6212,7845310
1213,6212,5428870,6212,7845780
1213,6212,5428870,6212,7846590
1213,6212,5428870,6212,7847590
1213,6212,5428870,6212,7848590
1213,6212,5428870,6212,7849590
1213,6212,5428870,6212,7849960
1213,6212,5428870,6212,7850960
1213,6212,5428870,6212,7851960
1213,6212,5428870,6212,7852330
1213,6212,5428870,6212,7853330
1213,6212,5428870,6212,7853800
1213,6212,5428870,6212,7854610
1213,6212,5428870,6212,7854610
1213,6212,5428870,6212,7854610
1213,6212,5428870,6212,7855610
1213,6212,5428870,6212,7855610
1213,6212,5428870,6212,7856420
1213,6212,5428870,6212,7856740
1213,6212,5428870,6212,7857740
1213,6212,5428870,6212,7858740
1213,6212,5428870,6212,7859550
1213,6212,5429090,6212,7859770
1213,6212,5429090,6212,7860090
1213,6212,5429090,6212,7860900
1213,6212,5429090,6212,7861710
1213,6212,5429090,6212,7862710
1213,6212,5429090,6212,7863360
1213,6212,5429090,6212,7863360
1213,6212,5429090,6212,7864360
1213,6212,5429090,6212,7864830
1213,6212,5429090,6212,7865830
1213,6212,5429090,6212,7866420
1213,6212,5429090,6212,7867420
1213,6212,5429090,6212,7868420
1213,6212,5429090,6212,7869420
1213,6212,5429090,6212,7870230
1213,6212,5429090,6212,7871040
1213,6212,5429090,6212,7872040
1213,6212,5429090,6212,7872040
1213,6212,5429090,6212,7873040
1213,6212,5429090,6212,7873510
1213,6212,5429090,6212,7873830
1213,6212,5429090,6212,7874830
1213,6212,5429090,6212,7874830
1213,6212,5429090,6212,7874830
1213,6212,5429090,6212,7875830
1213,6212,5429090,6212,7876830
1213,6212,5429090,6212,7877830
1213,6212,5429090,6212,7878480
1213,6212,5429090,6212,7879480
1213,6212,5429090,6212,7880480
1213,6212,5429090,6212,7880480
1213,6212,5429090,6212,7881130
1213,6212,5429090,6212,7881130
1213,6212,5429090,6212,7881940
1213,6212,5429090,6212,7882410
1213,6212,5429090,6212,7883410
1213,6212,5429090,6212,7883880
1213,6212,5429090,6212,7884530
1213,6212,5429090,6212,7885340
1213,6212,5429090,6212,7886340
1213,6212,5429090,6212,7887150
1213,6212,5429090,6212,7888150
1213,6212,5429090,6212,7889150
1213,6212,5429090,6212,7890150
1213,6212,5429090,6212,7890960
1213,6212,5429090,6212,7891770
1213,6212,5429090,6212,7892770
1213,6212,5429090,6212,7893580
1213,6212,5429090,6212,7894580
1213,6212,5429090,6212,7895050
1213,6212,5429090,6212,7895520
1213,6212,5429090,6212,7896520
1213,6212,5429090,6212,7896990
1213,6212,5429090,6212,7897800
1213,6212,5429090,6212,7898800
1213,6212,5429090,6212,7899450
1213,6212,5429090,6212,7899920
1213,6212,5429090,6212,7900920
1213,6212,5429090,6212,7901730
1213,6212,5429090,6212,7902730
1213,6212,5429090,6212,7903190
1213,6212,5429090,6212,7903840
1213,6212,5429090,6212,7904840
1213,6212,5429090,6212,7905840
1213,6212,5429090,6212,7905840
1213,6212,5429090,6212,7906490
1213,6212,5429090,6212,7907300
1213,6212,5429090,6212,7907770
1213,6212,5429090,6212,7907770
1213,6212,5429090,6212,7908770
1213,6212,5429090,6212,7909770
1213,6212,5429090,6212,7910770
1213,6212,5429090,6212,7911770
1213,6212,5429090,6212,7912770
1213,6212,5429090,6212,7913000
1213,6212,5429090,6212,7913000
1213,6212,5429090,6212,7914000
1213,6212,5429090,6212,7915000
1213,6212,5429090,6212,7916000
1213,6212,5429090,6212,7917000
1213,6212,5429090,6212,7918000
1213,6212,5429090,6212,7918650
1213,6212,5429090,6212,7918650
1213,6212,5429090,6212,7919120
1213,6212,5429090,6212,7920120
1213,6212,5429090,6212,7921120
1213,6212,5429090,6212,7921120
1213,6212,5429090,6212,7921120
1213,6212,5429090,6212,7922120
1213,6212,5429090,6212,7923120
1213,6212,5429090,6212,7923770
1213,6212,5429090,6212,7924770
1213,6212,5429090,6212,7928770
1213,6212,5429090,6212,7929580
1213,6212,5429090,6212,7930230
1213,6212,5429090,6212,7931230
1213,6212,5429090,6212,7932230
1213,6212,5429090,6212,7933040
1213,6212,5429090,6212,7933850
1213,6212,5429320,6212,7934080
1213,6212,5429320,6212,7934080
1213,6212,5429320,6212,7935080
1213,6212,5429320,6212,7935080
1213,6212,5429320,6212,7935550
1213,6212,5429320,6212,7935870
1213,6212,5429320,6212,7936870
1213,6212,5429320,6212,7937870
1213,6212,5429320,6212,7938340
1213,6212,5429320,6212,7938810
1213,6212,5429320,6212,7939130
1213,6212,5429320,6212,7939940
1213,6212,5429320,6212,7940940
1213,6212,5429320,6212,7941940
1213,6212,5429320,6212,7942940
1213,6212,5429320,6212,7943410
1213,6212,5429320,6212,7943870
1213,6212,5429320,6212,7944870
1213,6212,5429320,6212,7945870
1213,6212,5429320,6212,7946240
1213,6212,5429320,6212,7947240
1213,6212,5429320,6212,7948050
1213,6212,5429320,6212,7949050
1213,6212,5429550,6212,7949280
1213,6212,5429550,6212,7950280
1213,6212,5429550,6212,7950600
1213,6212,5429550,6212,7951600
1213,6212,5429550,6212,7952600
1213,6212,5429550,6212,7953250
1213,6212,5429550,6212,7953250
1213,6212,5429550,6212,7953250
1213,6212,5429550,6212,7954250
1213,6212,5429660,6212,7954360
1213,6212,5429660,6212,7954360
1213,6212,5429660,6212,7954680
1213,6212,5429660,6212,7954680
1213,6212,5429660,6212,7955680
1213,6212,5429660,6212,7956680
1213,6212,5429660,6212,7957680
1213,6212,5429660,6212,7958680
1213,6212,5429660,6212,7959680
1213,6212,5429660,6212,7960680
1213,6212,5429660,6212,7961490
1213,6212,5429660,6212,7962300
1213,6212,5429660,6212,7962300
1213,6212,5429660,6212,7963300
1213,6212,5429660,6212,7964300
1213,6212,5429660,6212,7965300
1213,6212,5429660,6212,7965770
1213,6212,5429660,6212,7966580
1213,6212,5429660,6212,7967580
1213,6212,5429660,6212,7967580
1213,6212,5429660,6212,7967580
1213,6212,5429660,6212,7967580
1213,6212,5429660,6212,7968230
1213,6212,5429660,6212,7968230
1213,6212,5429660,6212,7969230
1213,6212,5429660,6212,7970230
1213,6212,5429660,6212,7971230
1213,6212,5429660,6212,7972230
1213,6212,5429660,6212,7973230
1213,6212,5429660,6212,7973700
1213,6212,5429660,6212,7974700
1213,6212,5429660,6212,7975700
1213,6212,5429660,6212,7976700
1213,6212,5429660,6212,7977700
1213,6212,5429660,6212,7978170
1213,6212,5429660,6212,7978980
1213,6212,5429660,6212,7979450
1213,6212,5429660,6212,7980450
1213,6212,5429660,6212,7981260
1213,6212,5429660,6212,7982260
1213,6212,5429660,6212,7983260
1213,6212,5429660,6212,7984260
1213,6212,5429660,6212,7985260
1213,6212,5429660,6212,7986260
1213,6212,5429660,6212,7986260
1213,6212,5429660,6212,7986260
1213,6212,5429660,6212,7987260
1213,6212,5429660,6212,7988260
1213,6212,5429660,6212,7988260
1213,6212,5429660,6212,7988260
1213,6212,5429660,6212,7988580
1213,6212,5429660,6212,7990580
1213,6212,5429660,6212,7991390
1213,6212,5429660,6212,7991390
1213,6212,5429660,6212,7992390
1213,6212,5429660,6212,7993390
1213,6212,5429660,6212,7994390
1213,6212,5429660,6212,7994860
1213,6212,5429660,6212,7994860
1213,6212,5429660,6212,7995180
1213,6212,5429660,6212,7995180
1213,6212,5429770,6212,7995290
1213,6212,5429770,6212,7995760
1213,6212,5429770,6212,7996760
1213,6212,5429770,6212,7996760
1213,6212,5429770,6212,7996760
1213,6212,5429770,6212,7997760
1213,6212,5429770,6212,7997760
1213,6212,5429770,6212,7998760
1213,6212,5429770,6212,7999570
1213,6212,5429770,6212,8000380
1213,6212,5429770,6212,8000380
1213,6212,5429770,6212,8001380
1213,6212,5429770,6212,8001850
1213,6212,5429770,6212,8002850
1213,6212,5429770,6212,8003850
1213,6212,5429770,6212,8004660
1213,6212,5429770,6212,8004660
1213,6212,5429770,6212,8005660
1213,6212,5429770,6212,8005660
1213,6212,5429770,6212,8006660
1213,6212,5429770,6212,8007660
1213,6212,5429770,6212,8008470
1213,6212,5429770,6212,8009470
1213,6212,5429770,6212,8009470
1213,6212,5429770,6212,8010120
1213,6212,5429770,6212,8010590
1213,6212,5429770,6212,8011590
1213,6212,5429770,6212,8012400
1213,6212,5429770,6212,8013400
1213,6212,5429770,6212,8014400
1213,6212,5429770,6212,8015400
1213,6212,5429770,6212,8016400
1213,6212,5429770,6212,8017400
1213,6212,5429770,6212,8018400
1213,6212,5429770,6212,8019400
1213,6212,5429770,6212,8020210
1213,6212,5429770,6212,8020670
1213,6212,5429770,6212,8021670
1213,6212,5429770,6212,8022480
1213,6212,5429770,6212,8023480
1213,6212,5429770,6212,8023800
1213,6212,5429770,6212,8024800
1213,6212,5429770,6212,8025800
1213,6212,5429770,6212,8026120
1213,6212,5429770,6212,8027120
1213,6212,5429770,6212,8028120
1213,6212,5429770,6212,8029120
1213,6212,5429770,6212,8029590
1213,6212,5429770,6212,8030060
1213,6212,5429770,6212,8030870
1213,6212,5429770,6212,8030870
1213,6212,5429770,6212,8031680
1213,6212,5429770,6212,8032680
1213,6212,5429770,6212,8033150
1213,6212,5429770,6212,8034150
1213,6212,5429770,6212,8034150
1213,6212,5429770,6212,8034960
1213,6212,5429770,6212,8034960
1213,6212,5429770,6212,8035770
1213,6212,5429930,6212,8035930
1213,6212,5429930,6212,8036400
1213,6212,5429930,6212,8037400
1213,6212,5429930,6212,8038400
1213,6212,5430090,6212,8038560
1213,6212,5430090,6212,8039560
1213,6212,5430090,6212,8040560
1213,6212,5430090,6212,8041560
1213,6212,5430090,6212,8042150
1213,6212,5430090,6212,8042150
1213,6212,5430090,6212,8043150
1213,6212,5430090,6212,8044150
1213,6212,5430090,6212,8045150
1213,6212,5430090,6212,8046150
1213,6212,5430090,6212,8047150
1213,6212,5430090,6212,8047610
1213,6212,5430090,6212,8047610
1213,6212,5430090,6212,8048610
1213,6212,5430090,6212,8049610
1213,6212,5430090,6212,8050610
1213,6212,5430090,6212,8051080
1213,6212,5430090,6212,8052080
1213,6212,5430090,6212,8052550
1213,6212,5430090,6212,8060550
1213,6212,5430090,6212,8061200
1213,6212,5430090,6212,8062200
1213,6212,5430090,6212,8062200
1213,6212,5430090,6212,8062850
1213,6212,5430090,6212,8063320
1213,6212,5430090,6212,8063970
1213,6212,5430090,6212,8064970
1213,6212,5430090,6212,8065620
1213,6212,5430090,6212,8066090
1213,6212,5430090,6212,8066090
1213,6212,5430090,6212,8067090
1213,6212,5430090,6212,8067900
1213,6212,5430090,6212,8068370
1213,6212,5430090,6212,8069370
1213,6212,5430090,6212,8070180
1213,6212,5430090,6212,8070650
1213,6212,5430090,6212,8071650
1213,6212,5430090,6212,8072460
1213,6212,5430090,6212,8073270
1213,6212,5430090,6212,8074080
1213,6212,5430090,6212,8075080
