ow_gpuspec20-dr_0.0-tn_1.3-ts_42-if_1.0-ccmd_6d06-policy_DotProd1000demergemdac62-de_merge-gs_best-scmd_ac62-id,ow_gpuspec20-dr_0.0-tn_1.3-ts_42-if_1.0-ccmd_6d06-policy_DotProd1000demergemdac62-de_merge-gs_best-scmd_ac62-event,ow_gpuspec20-dr_0.0-tn_1.3-ts_42-if_1.0-ccmd_6d06-policy_DotProd1000demergemdac62-de_merge-gs_best-scmd_ac62-pod_name,ow_gpuspec20-dr_0.0-tn_1.3-ts_42-if_1.0-ccmd_6d06-policy_DotProd1000demergemdac62-de_merge-gs_best-scmd_ac62-cum_pod
0,create,paib-gpu/openb-pod-0255,1
1,create,paib-gpu/openb-pod-1685,2
2,create,paib-gpu/openb-pod-6784,3
3,create,paib-gpu/openb-pod-4463,4
4,create,paib-gpu/openb-pod-0602,5
5,create,paib-gpu/openb-pod-1564,6
6,create,paib-gpu/openb-pod-3882,7
7,create,paib-gpu/openb-pod-7257,8
8,create,paib-gpu/openb-pod-6545,9
9,create,paib-gpu/openb-pod-1541,10
10,create,paib-gpu/openb-pod-1599,11
11,create,paib-gpu/openb-pod-3697,12
12,create,paib-gpu/openb-pod-4859,13
13,create,paib-gpu/openb-pod-3725,14
14,create,paib-gpu/openb-pod-5552,15
15,create,paib-gpu/openb-pod-5518,16
16,create,paib-gpu/openb-pod-2714,17
17,create,paib-gpu/openb-pod-4504,18
18,create,paib-gpu/openb-pod-0033,19
19,create,paib-gpu/openb-pod-1637,20
20,create,paib-gpu/openb-pod-2367,21
21,create,paib-gpu/openb-pod-2636,22
22,create,paib-gpu/openb-pod-6851,23
23,create,paib-gpu/openb-pod-7880,24
24,create,paib-gpu/openb-pod-2487,25
25,create,paib-gpu/openb-pod-3444,26
26,create,paib-gpu/openb-pod-1781,27
27,create,paib-gpu/openb-pod-2693,28
28,create,paib-gpu/openb-pod-6994,29
29,create,paib-gpu/openb-pod-5583,30
30,create,paib-gpu/openb-pod-3605,31
31,create,paib-gpu/openb-pod-3721,32
32,create,paib-gpu/openb-pod-0848,33
33,create,paib-gpu/openb-pod-6022,34
34,create,paib-gpu/openb-pod-7771,35
35,create,paib-gpu/openb-pod-6219,36
36,create,paib-gpu/openb-pod-6680,37
37,create,paib-gpu/openb-pod-4483,38
38,create,paib-gpu/openb-pod-0695,39
39,create,paib-gpu/openb-pod-4409,40
40,create,paib-gpu/openb-pod-2314,41
41,create,paib-gpu/openb-pod-6567,42
42,create,paib-gpu/openb-pod-3152,43
43,create,paib-gpu/openb-pod-1451,44
44,create,paib-gpu/openb-pod-2554,45
45,create,paib-gpu/openb-pod-3143,46
46,create,paib-gpu/openb-pod-7004,47
47,create,paib-gpu/openb-pod-5216,48
48,create,paib-gpu/openb-pod-2352,49
49,create,paib-gpu/openb-pod-5393,50
50,create,paib-gpu/openb-pod-1558,51
51,create,paib-gpu/openb-pod-1242,52
52,create,paib-gpu/openb-pod-7720,53
53,create,paib-gpu/openb-pod-1066,54
54,create,paib-gpu/openb-pod-0710,55
55,create,paib-gpu/openb-pod-0817,56
56,create,paib-gpu/openb-pod-1993,57
57,create,paib-gpu/openb-pod-7407,58
58,create,paib-gpu/openb-pod-6676,59
59,create,paib-gpu/openb-pod-3083,60
60,create,paib-gpu/openb-pod-0397,61
61,create,paib-gpu/openb-pod-0162,62
62,create,paib-gpu/openb-pod-8026,63
63,create,paib-gpu/openb-pod-0008,64
64,create,paib-gpu/openb-pod-1279,65
65,create,paib-gpu/openb-pod-2791,66
66,create,paib-gpu/openb-pod-3745,67
67,create,paib-gpu/openb-pod-3344,68
68,create,paib-gpu/openb-pod-5881,69
69,create,paib-gpu/openb-pod-5281,70
70,create,paib-gpu/openb-pod-6703,71
71,create,paib-gpu/openb-pod-7486,72
72,create,paib-gpu/openb-pod-2666,73
73,create,paib-gpu/openb-pod-4719,74
74,create,paib-gpu/openb-pod-4980,75
75,create,paib-gpu/openb-pod-5462,76
76,create,paib-gpu/openb-pod-6395,77
77,create,paib-gpu/openb-pod-5920,78
78,create,paib-gpu/openb-pod-7391,79
79,create,paib-gpu/openb-pod-2263,80
80,create,paib-gpu/openb-pod-1197,81
81,create,paib-gpu/openb-pod-7121,82
82,create,paib-gpu/openb-pod-0266,83
83,create,paib-gpu/openb-pod-4353,84
84,create,paib-gpu/openb-pod-0056,85
85,create,paib-gpu/openb-pod-4364,86
86,create,paib-gpu/openb-pod-1812,87
87,create,paib-gpu/openb-pod-8093,88
88,create,paib-gpu/openb-pod-5746,89
89,create,paib-gpu/openb-pod-5026,90
90,create,paib-gpu/openb-pod-1394,91
91,create,paib-gpu/openb-pod-4524,92
92,create,paib-gpu/openb-pod-4587,93
93,create,paib-gpu/openb-pod-7561,94
94,create,paib-gpu/openb-pod-1007,95
95,create,paib-gpu/openb-pod-5611,96
96,create,paib-gpu/openb-pod-6788,97
97,create,paib-gpu/openb-pod-0852,98
98,create,paib-gpu/openb-pod-4069,99
99,create,paib-gpu/openb-pod-3729,100
100,create,paib-gpu/openb-pod-3796,101
101,create,paib-gpu/openb-pod-1018,102
102,create,paib-gpu/openb-pod-1585,103
103,create,paib-gpu/openb-pod-0425,104
104,create,paib-gpu/openb-pod-6768,105
105,create,paib-gpu/openb-pod-6252,106
106,create,paib-gpu/openb-pod-4471,107
107,create,paib-gpu/openb-pod-7594,108
108,create,paib-gpu/openb-pod-4860,109
109,create,paib-gpu/openb-pod-5570,110
110,create,paib-gpu/openb-pod-4302,111
111,create,paib-gpu/openb-pod-7409,112
112,create,paib-gpu/openb-pod-3056,113
113,create,paib-gpu/openb-pod-3312,114
114,create,paib-gpu/openb-pod-5901,115
115,create,paib-gpu/openb-pod-3624,116
116,create,paib-gpu/openb-pod-3690,117
117,create,paib-gpu/openb-pod-6185,118
118,create,paib-gpu/openb-pod-4978,119
119,create,paib-gpu/openb-pod-7116,120
120,create,paib-gpu/openb-pod-3991,121
121,create,paib-gpu/openb-pod-7621,122
122,create,paib-gpu/openb-pod-5566,123
123,create,paib-gpu/openb-pod-7847,124
124,create,paib-gpu/openb-pod-6884,125
125,create,paib-gpu/openb-pod-0787,126
126,create,paib-gpu/openb-pod-4549,127
127,create,paib-gpu/openb-pod-3040,128
128,create,paib-gpu/openb-pod-4817,129
129,create,paib-gpu/openb-pod-1638,130
130,create,paib-gpu/openb-pod-7033,131
131,create,paib-gpu/openb-pod-3361,132
132,create,paib-gpu/openb-pod-1904,133
133,create,paib-gpu/openb-pod-4387,134
134,create,paib-gpu/openb-pod-5104,135
135,create,paib-gpu/openb-pod-4518,136
136,create,paib-gpu/openb-pod-5704,137
137,create,paib-gpu/openb-pod-5613,138
138,create,paib-gpu/openb-pod-0559,139
139,create,paib-gpu/openb-pod-0968,140
140,create,paib-gpu/openb-pod-6685,141
141,create,paib-gpu/openb-pod-6317,142
142,create,paib-gpu/openb-pod-6714,143
143,create,paib-gpu/openb-pod-5031,144
144,create,paib-gpu/openb-pod-3089,145
145,create,paib-gpu/openb-pod-0792,146
146,create,paib-gpu/openb-pod-5438,147
147,create,paib-gpu/openb-pod-6450,148
148,create,paib-gpu/openb-pod-3272,149
149,create,paib-gpu/openb-pod-0491,150
150,create,paib-gpu/openb-pod-5449,151
151,create,paib-gpu/openb-pod-7422,152
152,create,paib-gpu/openb-pod-1486,153
153,create,paib-gpu/openb-pod-1921,154
154,create,paib-gpu/openb-pod-0946,155
155,create,paib-gpu/openb-pod-0160,156
156,create,paib-gpu/openb-pod-0398,157
157,create,paib-gpu/openb-pod-8063,158
158,create,paib-gpu/openb-pod-6988,159
159,create,paib-gpu/openb-pod-1573,160
160,create,paib-gpu/openb-pod-1789,161
161,create,paib-gpu/openb-pod-0788,162
162,create,paib-gpu/openb-pod-2704,163
163,create,paib-gpu/openb-pod-2491,164
164,create,paib-gpu/openb-pod-0531,165
165,create,paib-gpu/openb-pod-4749,166
166,create,paib-gpu/openb-pod-1088,167
167,create,paib-gpu/openb-pod-6370,168
168,create,paib-gpu/openb-pod-2500,169
169,create,paib-gpu/openb-pod-2938,170
170,create,paib-gpu/openb-pod-6076,171
171,create,paib-gpu/openb-pod-5145,172
172,create,paib-gpu/openb-pod-3484,173
173,create,paib-gpu/openb-pod-7839,174
174,create,paib-gpu/openb-pod-0099,175
175,create,paib-gpu/openb-pod-3461,176
176,create,paib-gpu/openb-pod-4163,177
177,create,paib-gpu/openb-pod-7745,178
178,create,paib-gpu/openb-pod-7006,179
179,create,paib-gpu/openb-pod-5902,180
180,create,paib-gpu/openb-pod-3517,181
181,create,paib-gpu/openb-pod-7615,182
182,create,paib-gpu/openb-pod-8023,183
183,create,paib-gpu/openb-pod-1778,184
184,create,paib-gpu/openb-pod-3325,185
185,create,paib-gpu/openb-pod-4254,186
186,create,paib-gpu/openb-pod-4833,187
187,create,paib-gpu/openb-pod-2404,188
188,create,paib-gpu/openb-pod-2098,189
189,create,paib-gpu/openb-pod-4965,190
190,create,paib-gpu/openb-pod-7256,191
191,create,paib-gpu/openb-pod-4803,192
192,create,paib-gpu/openb-pod-5274,193
193,create,paib-gpu/openb-pod-4039,194
194,create,paib-gpu/openb-pod-4001,195
195,create,paib-gpu/openb-pod-3014,196
196,create,paib-gpu/openb-pod-6275,197
197,create,paib-gpu/openb-pod-0454,198
198,create,paib-gpu/openb-pod-5234,199
199,create,paib-gpu/openb-pod-4995,200
200,create,paib-gpu/openb-pod-3964,201
201,create,paib-gpu/openb-pod-2193,202
202,create,paib-gpu/openb-pod-0340,203
203,create,paib-gpu/openb-pod-1802,204
204,create,paib-gpu/openb-pod-4588,205
205,create,paib-gpu/openb-pod-4381,206
206,create,paib-gpu/openb-pod-5844,207
207,create,paib-gpu/openb-pod-3169,208
208,create,paib-gpu/openb-pod-4931,209
209,create,paib-gpu/openb-pod-2757,210
210,create,paib-gpu/openb-pod-5088,211
211,create,paib-gpu/openb-pod-1870,212
212,create,paib-gpu/openb-pod-7376,213
213,create,paib-gpu/openb-pod-1006,214
214,create,paib-gpu/openb-pod-5154,215
215,create,paib-gpu/openb-pod-1014,216
216,create,paib-gpu/openb-pod-6267,217
217,create,paib-gpu/openb-pod-2067,218
218,create,paib-gpu/openb-pod-4831,219
219,create,paib-gpu/openb-pod-4107,220
220,create,paib-gpu/openb-pod-3770,221
221,create,paib-gpu/openb-pod-4691,222
222,create,paib-gpu/openb-pod-7469,223
223,create,paib-gpu/openb-pod-1964,224
224,create,paib-gpu/openb-pod-3728,225
225,create,paib-gpu/openb-pod-4858,226
226,create,paib-gpu/openb-pod-3583,227
227,create,paib-gpu/openb-pod-1459,228
228,create,paib-gpu/openb-pod-6170,229
229,create,paib-gpu/openb-pod-2045,230
230,create,paib-gpu/openb-pod-3265,231
231,create,paib-gpu/openb-pod-1146,232
232,create,paib-gpu/openb-pod-3175,233
233,create,paib-gpu/openb-pod-0377,234
234,create,paib-gpu/openb-pod-4546,235
235,create,paib-gpu/openb-pod-7436,236
236,create,paib-gpu/openb-pod-2190,237
237,create,paib-gpu/openb-pod-3097,238
238,create,paib-gpu/openb-pod-3462,239
239,create,paib-gpu/openb-pod-2711,240
240,create,paib-gpu/openb-pod-1136,241
241,create,paib-gpu/openb-pod-3664,242
242,create,paib-gpu/openb-pod-2182,243
243,create,paib-gpu/openb-pod-5381,244
244,create,paib-gpu/openb-pod-5936,245
245,create,paib-gpu/openb-pod-7164,246
246,create,paib-gpu/openb-pod-3343,247
247,create,paib-gpu/openb-pod-0869,248
248,create,paib-gpu/openb-pod-6385,249
249,create,paib-gpu/openb-pod-0548,250
250,create,paib-gpu/openb-pod-1078,251
251,create,paib-gpu/openb-pod-6520,252
252,create,paib-gpu/openb-pod-2816,253
253,create,paib-gpu/openb-pod-2081,254
254,create,paib-gpu/openb-pod-6879,255
255,create,paib-gpu/openb-pod-6087,256
256,create,paib-gpu/openb-pod-7211,257
257,create,paib-gpu/openb-pod-1752,258
258,create,paib-gpu/openb-pod-2695,259
259,create,paib-gpu/openb-pod-6754,260
260,create,paib-gpu/openb-pod-5875,261
261,create,paib-gpu/openb-pod-1923,262
262,create,paib-gpu/openb-pod-1563,263
263,create,paib-gpu/openb-pod-0399,264
264,create,paib-gpu/openb-pod-5369,265
265,create,paib-gpu/openb-pod-6292,266
266,create,paib-gpu/openb-pod-7573,267
267,create,paib-gpu/openb-pod-3410,268
268,create,paib-gpu/openb-pod-1677,269
269,create,paib-gpu/openb-pod-5803,270
270,create,paib-gpu/openb-pod-4224,271
271,create,paib-gpu/openb-pod-2833,272
272,create,paib-gpu/openb-pod-1004,273
273,create,paib-gpu/openb-pod-0888,274
274,create,paib-gpu/openb-pod-7915,275
275,create,paib-gpu/openb-pod-6290,276
276,create,paib-gpu/openb-pod-4785,277
277,create,paib-gpu/openb-pod-0528,278
278,create,paib-gpu/openb-pod-1698,279
279,create,paib-gpu/openb-pod-5287,280
280,create,paib-gpu/openb-pod-5222,281
281,create,paib-gpu/openb-pod-3279,282
282,create,paib-gpu/openb-pod-5011,283
283,create,paib-gpu/openb-pod-2607,284
284,create,paib-gpu/openb-pod-0693,285
285,create,paib-gpu/openb-pod-7885,286
286,create,paib-gpu/openb-pod-4097,287
287,create,paib-gpu/openb-pod-2424,288
288,create,paib-gpu/openb-pod-4304,289
289,create,paib-gpu/openb-pod-4284,290
290,create,paib-gpu/openb-pod-3393,291
291,create,paib-gpu/openb-pod-3894,292
292,create,paib-gpu/openb-pod-6875,293
293,create,paib-gpu/openb-pod-1956,294
294,create,paib-gpu/openb-pod-4586,295
295,create,paib-gpu/openb-pod-3292,296
296,create,paib-gpu/openb-pod-3526,297
297,create,paib-gpu/openb-pod-7579,298
298,create,paib-gpu/openb-pod-8043,299
299,create,paib-gpu/openb-pod-1527,300
300,create,paib-gpu/openb-pod-6702,301
301,create,paib-gpu/openb-pod-4118,302
302,create,paib-gpu/openb-pod-5872,303
303,create,paib-gpu/openb-pod-7009,304
304,create,paib-gpu/openb-pod-1013,305
305,create,paib-gpu/openb-pod-0822,306
306,create,paib-gpu/openb-pod-3740,307
307,create,paib-gpu/openb-pod-2290,308
308,create,paib-gpu/openb-pod-1127,309
309,create,paib-gpu/openb-pod-2831,310
310,create,paib-gpu/openb-pod-3185,311
311,create,paib-gpu/openb-pod-2567,312
312,create,paib-gpu/openb-pod-0275,313
313,create,paib-gpu/openb-pod-5614,314
314,create,paib-gpu/openb-pod-0723,315
315,create,paib-gpu/openb-pod-3634,316
316,create,paib-gpu/openb-pod-6728,317
317,create,paib-gpu/openb-pod-7309,318
318,create,paib-gpu/openb-pod-2245,319
319,create,paib-gpu/openb-pod-2670,320
320,create,paib-gpu/openb-pod-3181,321
321,create,paib-gpu/openb-pod-0224,322
322,create,paib-gpu/openb-pod-0297,323
323,create,paib-gpu/openb-pod-1093,324
324,create,paib-gpu/openb-pod-7199,325
325,create,paib-gpu/openb-pod-2137,326
326,create,paib-gpu/openb-pod-4599,327
327,create,paib-gpu/openb-pod-2717,328
328,create,paib-gpu/openb-pod-6859,329
329,create,paib-gpu/openb-pod-1731,330
330,create,paib-gpu/openb-pod-6831,331
331,create,paib-gpu/openb-pod-0718,332
332,create,paib-gpu/openb-pod-1999,333
333,create,paib-gpu/openb-pod-0256,334
334,create,paib-gpu/openb-pod-3599,335
335,create,paib-gpu/openb-pod-6197,336
336,create,paib-gpu/openb-pod-5546,337
337,create,paib-gpu/openb-pod-6649,338
338,create,paib-gpu/openb-pod-5164,339
339,create,paib-gpu/openb-pod-0754,340
340,create,paib-gpu/openb-pod-0504,341
341,create,paib-gpu/openb-pod-2358,342
342,create,paib-gpu/openb-pod-6124,343
343,create,paib-gpu/openb-pod-4865,344
344,create,paib-gpu/openb-pod-3876,345
345,create,paib-gpu/openb-pod-6077,346
346,create,paib-gpu/openb-pod-3276,347
347,create,paib-gpu/openb-pod-2804,348
348,create,paib-gpu/openb-pod-2227,349
349,create,paib-gpu/openb-pod-7493,350
350,create,paib-gpu/openb-pod-3114,351
351,create,paib-gpu/openb-pod-3141,352
352,create,paib-gpu/openb-pod-6155,353
353,create,paib-gpu/openb-pod-0905,354
354,create,paib-gpu/openb-pod-1349,355
355,create,paib-gpu/openb-pod-4634,356
356,create,paib-gpu/openb-pod-3948,357
357,create,paib-gpu/openb-pod-0706,358
358,create,paib-gpu/openb-pod-1741,359
359,create,paib-gpu/openb-pod-2771,360
360,create,paib-gpu/openb-pod-2954,361
361,create,paib-gpu/openb-pod-4526,362
362,create,paib-gpu/openb-pod-5929,363
363,create,paib-gpu/openb-pod-1542,364
364,create,paib-gpu/openb-pod-5132,365
365,create,paib-gpu/openb-pod-1618,366
366,create,paib-gpu/openb-pod-7640,367
367,create,paib-gpu/openb-pod-0274,368
368,create,paib-gpu/openb-pod-2271,369
369,create,paib-gpu/openb-pod-0856,370
370,create,paib-gpu/openb-pod-6285,371
371,create,paib-gpu/openb-pod-4966,372
372,create,paib-gpu/openb-pod-2806,373
373,create,paib-gpu/openb-pod-1289,374
374,create,paib-gpu/openb-pod-0634,375
375,create,paib-gpu/openb-pod-2646,376
376,create,paib-gpu/openb-pod-3811,377
377,create,paib-gpu/openb-pod-4371,378
378,create,paib-gpu/openb-pod-2041,379
379,create,paib-gpu/openb-pod-5836,380
380,create,paib-gpu/openb-pod-8086,381
381,create,paib-gpu/openb-pod-6532,382
382,create,paib-gpu/openb-pod-3554,383
383,create,paib-gpu/openb-pod-2251,384
384,create,paib-gpu/openb-pod-5557,385
385,create,paib-gpu/openb-pod-5736,386
386,create,paib-gpu/openb-pod-1232,387
387,create,paib-gpu/openb-pod-2051,388
388,create,paib-gpu/openb-pod-6682,389
389,create,paib-gpu/openb-pod-3101,390
390,create,paib-gpu/openb-pod-1103,391
391,create,paib-gpu/openb-pod-1021,392
392,create,paib-gpu/openb-pod-6985,393
393,create,paib-gpu/openb-pod-2768,394
394,create,paib-gpu/openb-pod-3117,395
395,create,paib-gpu/openb-pod-5388,396
396,create,paib-gpu/openb-pod-3747,397
397,create,paib-gpu/openb-pod-4628,398
398,create,paib-gpu/openb-pod-0188,399
399,create,paib-gpu/openb-pod-0004,400
400,create,paib-gpu/openb-pod-2033,401
401,create,paib-gpu/openb-pod-1647,402
402,create,paib-gpu/openb-pod-0009,403
403,create,paib-gpu/openb-pod-1341,404
404,create,paib-gpu/openb-pod-4543,405
405,create,paib-gpu/openb-pod-3683,406
406,create,paib-gpu/openb-pod-6575,407
407,create,paib-gpu/openb-pod-6559,408
408,create,paib-gpu/openb-pod-1746,409
409,create,paib-gpu/openb-pod-2114,410
410,create,paib-gpu/openb-pod-1008,411
411,create,paib-gpu/openb-pod-3677,412
412,create,paib-gpu/openb-pod-5537,413
413,create,paib-gpu/openb-pod-1085,414
414,create,paib-gpu/openb-pod-7815,415
415,create,paib-gpu/openb-pod-5171,416
416,create,paib-gpu/openb-pod-1857,417
417,create,paib-gpu/openb-pod-2238,418
418,create,paib-gpu/openb-pod-4190,419
419,create,paib-gpu/openb-pod-2493,420
420,create,paib-gpu/openb-pod-2400,421
421,create,paib-gpu/openb-pod-8035,422
422,create,paib-gpu/openb-pod-2239,423
423,create,paib-gpu/openb-pod-6863,424
424,create,paib-gpu/openb-pod-1543,425
425,create,paib-gpu/openb-pod-3974,426
426,create,paib-gpu/openb-pod-4400,427
427,create,paib-gpu/openb-pod-6131,428
428,create,paib-gpu/openb-pod-2516,429
429,create,paib-gpu/openb-pod-0698,430
430,create,paib-gpu/openb-pod-5416,431
431,create,paib-gpu/openb-pod-7090,432
432,create,paib-gpu/openb-pod-3890,433
433,create,paib-gpu/openb-pod-1754,434
434,create,paib-gpu/openb-pod-0249,435
435,create,paib-gpu/openb-pod-1476,436
436,create,paib-gpu/openb-pod-7057,437
437,create,paib-gpu/openb-pod-1060,438
438,create,paib-gpu/openb-pod-6151,439
439,create,paib-gpu/openb-pod-6294,440
440,create,paib-gpu/openb-pod-4438,441
441,create,paib-gpu/openb-pod-6451,442
442,create,paib-gpu/openb-pod-6692,443
443,create,paib-gpu/openb-pod-4558,444
444,create,paib-gpu/openb-pod-5759,445
445,create,paib-gpu/openb-pod-2388,446
446,create,paib-gpu/openb-pod-4659,447
447,create,paib-gpu/openb-pod-4638,448
448,create,paib-gpu/openb-pod-6495,449
449,create,paib-gpu/openb-pod-2369,450
450,create,paib-gpu/openb-pod-7210,451
451,create,paib-gpu/openb-pod-7390,452
452,create,paib-gpu/openb-pod-7971,453
453,create,paib-gpu/openb-pod-7076,454
454,create,paib-gpu/openb-pod-3956,455
455,create,paib-gpu/openb-pod-0201,456
456,create,paib-gpu/openb-pod-6259,457
457,create,paib-gpu/openb-pod-2401,458
458,create,paib-gpu/openb-pod-0904,459
459,create,paib-gpu/openb-pod-3012,460
460,create,paib-gpu/openb-pod-2801,461
461,create,paib-gpu/openb-pod-1767,462
462,create,paib-gpu/openb-pod-6936,463
463,create,paib-gpu/openb-pod-7740,464
464,create,paib-gpu/openb-pod-1668,465
465,create,paib-gpu/openb-pod-4032,466
466,create,paib-gpu/openb-pod-3734,467
467,create,paib-gpu/openb-pod-7346,468
468,create,paib-gpu/openb-pod-4218,469
469,create,paib-gpu/openb-pod-3045,470
470,create,paib-gpu/openb-pod-0609,471
471,create,paib-gpu/openb-pod-2596,472
472,create,paib-gpu/openb-pod-0708,473
473,create,paib-gpu/openb-pod-2584,474
474,create,paib-gpu/openb-pod-2418,475
475,create,paib-gpu/openb-pod-2419,476
476,create,paib-gpu/openb-pod-0982,477
477,create,paib-gpu/openb-pod-2526,478
478,create,paib-gpu/openb-pod-3692,479
479,create,paib-gpu/openb-pod-0108,480
480,create,paib-gpu/openb-pod-7553,481
481,create,paib-gpu/openb-pod-4696,482
482,create,paib-gpu/openb-pod-4479,483
483,create,paib-gpu/openb-pod-5716,484
484,create,paib-gpu/openb-pod-4706,485
485,create,paib-gpu/openb-pod-0799,486
486,create,paib-gpu/openb-pod-4023,487
487,create,paib-gpu/openb-pod-0431,488
488,create,paib-gpu/openb-pod-7717,489
489,create,paib-gpu/openb-pod-1905,490
490,failed,paib-gpu/openb-pod-4049,490
491,create,paib-gpu/openb-pod-4579,491
492,create,paib-gpu/openb-pod-4328,492
493,create,paib-gpu/openb-pod-4987,493
494,create,paib-gpu/openb-pod-6770,494
495,create,paib-gpu/openb-pod-6135,495
496,create,paib-gpu/openb-pod-1190,496
497,create,paib-gpu/openb-pod-7680,497
498,create,paib-gpu/openb-pod-7405,498
499,failed,paib-gpu/openb-pod-7331,498
500,create,paib-gpu/openb-pod-2247,499
501,create,paib-gpu/openb-pod-0630,500
502,create,paib-gpu/openb-pod-7857,501
503,create,paib-gpu/openb-pod-4402,502
504,create,paib-gpu/openb-pod-3275,503
505,create,paib-gpu/openb-pod-7746,504
506,create,paib-gpu/openb-pod-6286,505
507,create,paib-gpu/openb-pod-6028,506
508,create,paib-gpu/openb-pod-0470,507
509,create,paib-gpu/openb-pod-4162,508
510,create,paib-gpu/openb-pod-5246,509
511,create,paib-gpu/openb-pod-6104,510
512,create,paib-gpu/openb-pod-0987,511
513,create,paib-gpu/openb-pod-5886,512
514,create,paib-gpu/openb-pod-0221,513
515,create,paib-gpu/openb-pod-2798,514
516,create,paib-gpu/openb-pod-2006,515
517,create,paib-gpu/openb-pod-2058,516
518,create,paib-gpu/openb-pod-4959,517
519,create,paib-gpu/openb-pod-7931,518
520,create,paib-gpu/openb-pod-1864,519
521,create,paib-gpu/openb-pod-5159,520
522,create,paib-gpu/openb-pod-0722,521
523,create,paib-gpu/openb-pod-0280,522
524,create,paib-gpu/openb-pod-5573,523
525,create,paib-gpu/openb-pod-8051,524
526,create,paib-gpu/openb-pod-7178,525
527,create,paib-gpu/openb-pod-4151,526
528,create,paib-gpu/openb-pod-3525,527
529,create,paib-gpu/openb-pod-6554,528
530,create,paib-gpu/openb-pod-7200,529
531,create,paib-gpu/openb-pod-7766,530
532,create,paib-gpu/openb-pod-2673,531
533,create,paib-gpu/openb-pod-3402,532
534,failed,paib-gpu/openb-pod-0501,532
535,create,paib-gpu/openb-pod-4245,533
536,create,paib-gpu/openb-pod-7232,534
537,create,paib-gpu/openb-pod-3084,535
538,create,paib-gpu/openb-pod-6409,536
539,create,paib-gpu/openb-pod-5010,537
540,create,paib-gpu/openb-pod-2724,538
541,create,paib-gpu/openb-pod-5110,539
542,create,paib-gpu/openb-pod-2947,540
543,create,paib-gpu/openb-pod-5976,541
544,create,paib-gpu/openb-pod-4029,542
545,create,paib-gpu/openb-pod-2016,543
546,create,paib-gpu/openb-pod-2903,544
547,create,paib-gpu/openb-pod-2492,545
548,create,paib-gpu/openb-pod-6401,546
549,create,paib-gpu/openb-pod-3246,547
550,create,paib-gpu/openb-pod-0597,548
551,create,paib-gpu/openb-pod-7752,549
552,create,paib-gpu/openb-pod-7395,550
553,create,paib-gpu/openb-pod-7023,551
554,create,paib-gpu/openb-pod-3623,552
555,create,paib-gpu/openb-pod-2669,553
556,create,paib-gpu/openb-pod-0283,554
557,create,paib-gpu/openb-pod-2665,555
558,create,paib-gpu/openb-pod-4176,556
559,create,paib-gpu/openb-pod-5680,557
560,create,paib-gpu/openb-pod-1290,558
561,create,paib-gpu/openb-pod-2250,559
562,create,paib-gpu/openb-pod-7039,560
563,create,paib-gpu/openb-pod-6658,561
564,create,paib-gpu/openb-pod-7324,562
565,create,paib-gpu/openb-pod-3027,563
566,create,paib-gpu/openb-pod-5195,564
567,create,paib-gpu/openb-pod-2876,565
568,create,paib-gpu/openb-pod-6882,566
569,create,paib-gpu/openb-pod-4466,567
570,create,paib-gpu/openb-pod-0660,568
571,create,paib-gpu/openb-pod-6421,569
572,create,paib-gpu/openb-pod-0767,570
573,create,paib-gpu/openb-pod-0984,571
574,create,paib-gpu/openb-pod-6642,572
575,create,paib-gpu/openb-pod-7115,573
576,create,paib-gpu/openb-pod-7226,574
577,create,paib-gpu/openb-pod-0918,575
578,create,paib-gpu/openb-pod-3094,576
579,create,paib-gpu/openb-pod-4099,577
580,create,paib-gpu/openb-pod-7496,578
581,create,paib-gpu/openb-pod-5212,579
582,create,paib-gpu/openb-pod-5926,580
583,create,paib-gpu/openb-pod-5415,581
584,create,paib-gpu/openb-pod-4184,582
585,create,paib-gpu/openb-pod-0097,583
586,create,paib-gpu/openb-pod-7881,584
587,create,paib-gpu/openb-pod-3786,585
588,create,paib-gpu/openb-pod-5142,586
589,create,paib-gpu/openb-pod-4262,587
590,create,paib-gpu/openb-pod-6277,588
591,failed,paib-gpu/openb-pod-3761,588
592,create,paib-gpu/openb-pod-1777,589
593,create,paib-gpu/openb-pod-6996,590
594,create,paib-gpu/openb-pod-5051,591
595,create,paib-gpu/openb-pod-5539,592
596,create,paib-gpu/openb-pod-1258,593
597,create,paib-gpu/openb-pod-6838,594
598,create,paib-gpu/openb-pod-0655,595
599,create,paib-gpu/openb-pod-3856,596
600,create,paib-gpu/openb-pod-5977,597
601,create,paib-gpu/openb-pod-4519,598
602,create,paib-gpu/openb-pod-1005,599
603,create,paib-gpu/openb-pod-2818,600
604,create,paib-gpu/openb-pod-6627,601
605,create,paib-gpu/openb-pod-4990,602
606,create,paib-gpu/openb-pod-7684,603
607,create,paib-gpu/openb-pod-8061,604
608,create,paib-gpu/openb-pod-5192,605
609,create,paib-gpu/openb-pod-0185,606
610,create,paib-gpu/openb-pod-0854,607
611,create,paib-gpu/openb-pod-1416,608
612,create,paib-gpu/openb-pod-0814,609
613,create,paib-gpu/openb-pod-0806,610
614,create,paib-gpu/openb-pod-5483,611
615,create,paib-gpu/openb-pod-6827,612
616,create,paib-gpu/openb-pod-6080,613
617,create,paib-gpu/openb-pod-3426,614
618,create,paib-gpu/openb-pod-5307,615
619,create,paib-gpu/openb-pod-2233,616
620,create,paib-gpu/openb-pod-3247,617
621,create,paib-gpu/openb-pod-7054,618
622,create,paib-gpu/openb-pod-4887,619
623,create,paib-gpu/openb-pod-7303,620
624,create,paib-gpu/openb-pod-6083,621
625,create,paib-gpu/openb-pod-1860,622
626,create,paib-gpu/openb-pod-0944,623
627,create,paib-gpu/openb-pod-2692,624
628,create,paib-gpu/openb-pod-4112,625
629,create,paib-gpu/openb-pod-5119,626
630,create,paib-gpu/openb-pod-5674,627
631,create,paib-gpu/openb-pod-0402,628
632,create,paib-gpu/openb-pod-6257,629
633,create,paib-gpu/openb-pod-4268,630
634,failed,paib-gpu/openb-pod-7123,630
635,create,paib-gpu/openb-pod-0619,631
636,create,paib-gpu/openb-pod-1251,632
637,create,paib-gpu/openb-pod-0314,633
638,create,paib-gpu/openb-pod-7420,634
639,create,paib-gpu/openb-pod-0592,635
640,create,paib-gpu/openb-pod-6356,636
641,create,paib-gpu/openb-pod-6250,637
642,create,paib-gpu/openb-pod-0030,638
643,create,paib-gpu/openb-pod-0809,639
644,create,paib-gpu/openb-pod-6666,640
645,create,paib-gpu/openb-pod-5412,641
646,create,paib-gpu/openb-pod-3337,642
647,create,paib-gpu/openb-pod-3687,643
648,create,paib-gpu/openb-pod-5877,644
649,create,paib-gpu/openb-pod-3702,645
650,create,paib-gpu/openb-pod-1667,646
651,create,paib-gpu/openb-pod-1586,647
652,create,paib-gpu/openb-pod-5198,648
653,create,paib-gpu/openb-pod-1549,649
654,create,paib-gpu/openb-pod-0441,650
655,create,paib-gpu/openb-pod-0288,651
656,create,paib-gpu/openb-pod-2623,652
657,create,paib-gpu/openb-pod-2925,653
658,create,paib-gpu/openb-pod-4986,654
659,create,paib-gpu/openb-pod-4265,655
660,create,paib-gpu/openb-pod-6213,656
661,create,paib-gpu/openb-pod-0497,657
662,create,paib-gpu/openb-pod-3022,658
663,create,paib-gpu/openb-pod-2473,659
664,create,paib-gpu/openb-pod-4914,660
665,create,paib-gpu/openb-pod-6156,661
666,create,paib-gpu/openb-pod-7142,662
667,create,paib-gpu/openb-pod-4843,663
668,create,paib-gpu/openb-pod-6790,664
669,create,paib-gpu/openb-pod-6647,665
670,create,paib-gpu/openb-pod-4024,666
671,create,paib-gpu/openb-pod-6870,667
672,create,paib-gpu/openb-pod-4886,668
673,create,paib-gpu/openb-pod-3250,669
674,create,paib-gpu/openb-pod-6367,670
675,create,paib-gpu/openb-pod-7724,671
676,create,paib-gpu/openb-pod-2721,672
677,create,paib-gpu/openb-pod-6517,673
678,create,paib-gpu/openb-pod-3667,674
679,create,paib-gpu/openb-pod-7293,675
680,create,paib-gpu/openb-pod-3986,676
681,create,paib-gpu/openb-pod-0250,677
682,create,paib-gpu/openb-pod-1204,678
683,create,paib-gpu/openb-pod-1520,679
684,create,paib-gpu/openb-pod-6568,680
685,create,paib-gpu/openb-pod-2002,681
686,create,paib-gpu/openb-pod-7817,682
687,create,paib-gpu/openb-pod-5235,683
688,create,paib-gpu/openb-pod-2303,684
689,create,paib-gpu/openb-pod-3412,685
690,create,paib-gpu/openb-pod-0415,686
691,create,paib-gpu/openb-pod-4789,687
692,failed,paib-gpu/openb-pod-8066,687
693,create,paib-gpu/openb-pod-3563,688
694,create,paib-gpu/openb-pod-0914,689
695,create,paib-gpu/openb-pod-2047,690
696,create,paib-gpu/openb-pod-0943,691
697,create,paib-gpu/openb-pod-7400,692
698,create,paib-gpu/openb-pod-0896,693
699,create,paib-gpu/openb-pod-1690,694
700,create,paib-gpu/openb-pod-4117,695
701,create,paib-gpu/openb-pod-1474,696
702,create,paib-gpu/openb-pod-6893,697
703,create,paib-gpu/openb-pod-7024,698
704,create,paib-gpu/openb-pod-8138,699
705,create,paib-gpu/openb-pod-0879,700
706,create,paib-gpu/openb-pod-1897,701
707,create,paib-gpu/openb-pod-6973,702
708,create,paib-gpu/openb-pod-3655,703
709,create,paib-gpu/openb-pod-1793,704
710,create,paib-gpu/openb-pod-7540,705
711,create,paib-gpu/openb-pod-5842,706
712,create,paib-gpu/openb-pod-7942,707
713,create,paib-gpu/openb-pod-5912,708
714,create,paib-gpu/openb-pod-3002,709
715,create,paib-gpu/openb-pod-0726,710
716,create,paib-gpu/openb-pod-0828,711
717,create,paib-gpu/openb-pod-5668,712
718,create,paib-gpu/openb-pod-5205,713
719,create,paib-gpu/openb-pod-6007,714
720,create,paib-gpu/openb-pod-1806,715
721,create,paib-gpu/openb-pod-7167,716
722,create,paib-gpu/openb-pod-7100,717
723,create,paib-gpu/openb-pod-5352,718
724,create,paib-gpu/openb-pod-7535,719
725,create,paib-gpu/openb-pod-2848,720
726,create,paib-gpu/openb-pod-1278,721
727,create,paib-gpu/openb-pod-6496,722
728,create,paib-gpu/openb-pod-4545,723
729,create,paib-gpu/openb-pod-1228,724
730,create,paib-gpu/openb-pod-5058,725
731,create,paib-gpu/openb-pod-1673,726
732,create,paib-gpu/openb-pod-2676,727
733,create,paib-gpu/openb-pod-7716,728
734,create,paib-gpu/openb-pod-0810,729
735,create,paib-gpu/openb-pod-7773,730
736,create,paib-gpu/openb-pod-1211,731
737,failed,paib-gpu/openb-pod-1704,731
738,create,paib-gpu/openb-pod-3820,732
739,create,paib-gpu/openb-pod-2433,733
740,create,paib-gpu/openb-pod-3837,734
741,create,paib-gpu/openb-pod-6186,735
742,create,paib-gpu/openb-pod-5324,736
743,create,paib-gpu/openb-pod-2149,737
744,create,paib-gpu/openb-pod-2030,738
745,create,paib-gpu/openb-pod-1125,739
746,create,paib-gpu/openb-pod-3640,740
747,create,paib-gpu/openb-pod-1129,741
748,create,paib-gpu/openb-pod-4443,742
749,create,paib-gpu/openb-pod-6340,743
750,create,paib-gpu/openb-pod-5615,744
751,create,paib-gpu/openb-pod-1151,745
752,create,paib-gpu/openb-pod-7059,746
753,create,paib-gpu/openb-pod-6898,747
754,create,paib-gpu/openb-pod-0223,748
755,create,paib-gpu/openb-pod-5720,749
756,create,paib-gpu/openb-pod-7148,750
757,create,paib-gpu/openb-pod-5795,751
758,create,paib-gpu/openb-pod-2738,752
759,create,paib-gpu/openb-pod-4318,753
760,create,paib-gpu/openb-pod-3919,754
761,create,paib-gpu/openb-pod-5123,755
762,create,paib-gpu/openb-pod-3660,756
763,create,paib-gpu/openb-pod-7468,757
764,create,paib-gpu/openb-pod-1990,758
765,create,paib-gpu/openb-pod-7693,759
766,create,paib-gpu/openb-pod-0485,760
767,create,paib-gpu/openb-pod-2937,761
768,create,paib-gpu/openb-pod-5034,762
769,create,paib-gpu/openb-pod-7987,763
770,create,paib-gpu/openb-pod-2652,764
771,create,paib-gpu/openb-pod-3038,765
772,create,paib-gpu/openb-pod-4355,766
773,create,paib-gpu/openb-pod-3186,767
774,create,paib-gpu/openb-pod-2825,768
775,create,paib-gpu/openb-pod-3809,769
776,create,paib-gpu/openb-pod-0721,770
777,create,paib-gpu/openb-pod-0184,771
778,create,paib-gpu/openb-pod-1681,772
779,create,paib-gpu/openb-pod-2866,773
780,create,paib-gpu/openb-pod-3448,774
781,create,paib-gpu/openb-pod-7426,775
782,create,paib-gpu/openb-pod-5588,776
783,create,paib-gpu/openb-pod-0567,777
784,create,paib-gpu/openb-pod-1509,778
785,create,paib-gpu/openb-pod-0552,779
786,create,paib-gpu/openb-pod-5375,780
787,create,paib-gpu/openb-pod-0818,781
788,create,paib-gpu/openb-pod-4624,782
789,create,paib-gpu/openb-pod-6607,783
790,create,paib-gpu/openb-pod-1797,784
791,create,paib-gpu/openb-pod-6248,785
792,create,paib-gpu/openb-pod-2343,786
793,create,paib-gpu/openb-pod-1591,787
794,create,paib-gpu/openb-pod-2989,788
795,create,paib-gpu/openb-pod-4083,789
796,failed,paib-gpu/openb-pod-4541,789
797,create,paib-gpu/openb-pod-5161,790
798,create,paib-gpu/openb-pod-1399,791
799,create,paib-gpu/openb-pod-5099,792
800,create,paib-gpu/openb-pod-1292,793
801,create,paib-gpu/openb-pod-1749,794
802,create,paib-gpu/openb-pod-7339,795
803,create,paib-gpu/openb-pod-2441,796
804,failed,paib-gpu/openb-pod-3267,796
805,create,paib-gpu/openb-pod-1017,797
806,create,paib-gpu/openb-pod-7776,798
807,create,paib-gpu/openb-pod-6708,799
808,create,paib-gpu/openb-pod-3000,800
809,create,paib-gpu/openb-pod-5427,801
810,create,paib-gpu/openb-pod-2667,802
811,failed,paib-gpu/openb-pod-5443,802
812,create,paib-gpu/openb-pod-7037,803
813,create,paib-gpu/openb-pod-0823,804
814,create,paib-gpu/openb-pod-2610,805
815,create,paib-gpu/openb-pod-6814,806
816,create,paib-gpu/openb-pod-2779,807
817,create,paib-gpu/openb-pod-6736,808
818,create,paib-gpu/openb-pod-3305,809
819,create,paib-gpu/openb-pod-2896,810
820,create,paib-gpu/openb-pod-4046,811
821,create,paib-gpu/openb-pod-1872,812
822,create,paib-gpu/openb-pod-7975,813
823,create,paib-gpu/openb-pod-0865,814
824,create,paib-gpu/openb-pod-6878,815
825,create,paib-gpu/openb-pod-5305,816
826,create,paib-gpu/openb-pod-7208,817
827,create,paib-gpu/openb-pod-3154,818
828,create,paib-gpu/openb-pod-4060,819
829,create,paib-gpu/openb-pod-1658,820
830,create,paib-gpu/openb-pod-4482,821
831,create,paib-gpu/openb-pod-1805,822
832,create,paib-gpu/openb-pod-5805,823
833,create,paib-gpu/openb-pod-2034,824
834,create,paib-gpu/openb-pod-3584,825
835,create,paib-gpu/openb-pod-0218,826
836,create,paib-gpu/openb-pod-3862,827
837,create,paib-gpu/openb-pod-2984,828
838,create,paib-gpu/openb-pod-3758,829
839,create,paib-gpu/openb-pod-7803,830
840,create,paib-gpu/openb-pod-5532,831
841,create,paib-gpu/openb-pod-0189,832
842,create,paib-gpu/openb-pod-0933,833
843,create,paib-gpu/openb-pod-2722,834
844,create,paib-gpu/openb-pod-3244,835
845,create,paib-gpu/openb-pod-7008,836
846,create,paib-gpu/openb-pod-6942,837
847,create,paib-gpu/openb-pod-4881,838
848,create,paib-gpu/openb-pod-1794,839
849,create,paib-gpu/openb-pod-7580,840
850,create,paib-gpu/openb-pod-3313,841
851,create,paib-gpu/openb-pod-7918,842
852,create,paib-gpu/openb-pod-7834,843
853,create,paib-gpu/openb-pod-6143,844
854,create,paib-gpu/openb-pod-2703,845
855,create,paib-gpu/openb-pod-3010,846
856,create,paib-gpu/openb-pod-3294,847
857,create,paib-gpu/openb-pod-2300,848
858,create,paib-gpu/openb-pod-7586,849
859,create,paib-gpu/openb-pod-6042,850
860,create,paib-gpu/openb-pod-0863,851
861,create,paib-gpu/openb-pod-0238,852
862,create,paib-gpu/openb-pod-0889,853
863,create,paib-gpu/openb-pod-6999,854
864,create,paib-gpu/openb-pod-1838,855
865,create,paib-gpu/openb-pod-3399,856
866,create,paib-gpu/openb-pod-7557,857
867,create,paib-gpu/openb-pod-3893,858
868,create,paib-gpu/openb-pod-4853,859
869,create,paib-gpu/openb-pod-2819,860
870,create,paib-gpu/openb-pod-0932,861
871,create,paib-gpu/openb-pod-4834,862
872,create,paib-gpu/openb-pod-1377,863
873,create,paib-gpu/openb-pod-8011,864
874,create,paib-gpu/openb-pod-2741,865
875,create,paib-gpu/openb-pod-6916,866
876,create,paib-gpu/openb-pod-7901,867
877,create,paib-gpu/openb-pod-7017,868
878,create,paib-gpu/openb-pod-5733,869
879,create,paib-gpu/openb-pod-8144,870
880,create,paib-gpu/openb-pod-0229,871
881,create,paib-gpu/openb-pod-0871,872
882,create,paib-gpu/openb-pod-1407,873
883,create,paib-gpu/openb-pod-3380,874
884,create,paib-gpu/openb-pod-3689,875
885,create,paib-gpu/openb-pod-5639,876
886,create,paib-gpu/openb-pod-1600,877
887,create,paib-gpu/openb-pod-0312,878
888,create,paib-gpu/openb-pod-2335,879
889,create,paib-gpu/openb-pod-7435,880
890,create,paib-gpu/openb-pod-6644,881
891,create,paib-gpu/openb-pod-4917,882
892,create,paib-gpu/openb-pod-4871,883
893,create,paib-gpu/openb-pod-7370,884
894,create,paib-gpu/openb-pod-2606,885
895,create,paib-gpu/openb-pod-5445,886
896,create,paib-gpu/openb-pod-6419,887
897,create,paib-gpu/openb-pod-2773,888
898,create,paib-gpu/openb-pod-4747,889
899,create,paib-gpu/openb-pod-6531,890
900,create,paib-gpu/openb-pod-1620,891
901,create,paib-gpu/openb-pod-7206,892
902,create,paib-gpu/openb-pod-2110,893
903,create,paib-gpu/openb-pod-3712,894
904,create,paib-gpu/openb-pod-5286,895
905,create,paib-gpu/openb-pod-3969,896
906,create,paib-gpu/openb-pod-4554,897
907,create,paib-gpu/openb-pod-2949,898
908,create,paib-gpu/openb-pod-5217,899
909,create,paib-gpu/openb-pod-4795,900
910,create,paib-gpu/openb-pod-1126,901
911,create,paib-gpu/openb-pod-5594,902
912,failed,paib-gpu/openb-pod-8117,902
913,create,paib-gpu/openb-pod-5373,903
914,create,paib-gpu/openb-pod-1706,904
915,create,paib-gpu/openb-pod-6537,905
916,create,paib-gpu/openb-pod-0354,906
917,create,paib-gpu/openb-pod-5501,907
918,create,paib-gpu/openb-pod-3109,908
919,create,paib-gpu/openb-pod-6353,909
920,create,paib-gpu/openb-pod-2474,910
921,create,paib-gpu/openb-pod-7973,911
922,create,paib-gpu/openb-pod-3208,912
923,create,paib-gpu/openb-pod-0405,913
924,create,paib-gpu/openb-pod-4204,914
925,create,paib-gpu/openb-pod-6212,915
926,create,paib-gpu/openb-pod-6225,916
927,create,paib-gpu/openb-pod-2249,917
928,create,paib-gpu/openb-pod-6193,918
929,create,paib-gpu/openb-pod-6631,919
930,create,paib-gpu/openb-pod-5534,920
931,create,paib-gpu/openb-pod-4165,921
932,create,paib-gpu/openb-pod-0785,922
933,create,paib-gpu/openb-pod-6579,923
934,create,paib-gpu/openb-pod-0556,924
935,create,paib-gpu/openb-pod-6325,925
936,create,paib-gpu/openb-pod-2654,926
937,create,paib-gpu/openb-pod-3253,927
938,create,paib-gpu/openb-pod-6488,928
939,create,paib-gpu/openb-pod-1938,929
940,create,paib-gpu/openb-pod-3348,930
941,create,paib-gpu/openb-pod-7908,931
942,create,paib-gpu/openb-pod-4770,932
943,create,paib-gpu/openb-pod-0329,933
944,create,paib-gpu/openb-pod-3035,934
945,create,paib-gpu/openb-pod-5521,935
946,create,paib-gpu/openb-pod-5276,936
947,create,paib-gpu/openb-pod-4019,937
948,create,paib-gpu/openb-pod-7122,938
949,create,paib-gpu/openb-pod-1101,939
950,create,paib-gpu/openb-pod-1712,940
951,create,paib-gpu/openb-pod-1455,941
952,create,paib-gpu/openb-pod-3813,942
953,create,paib-gpu/openb-pod-1214,943
954,failed,paib-gpu/openb-pod-0620,943
955,create,paib-gpu/openb-pod-0715,944
956,create,paib-gpu/openb-pod-3159,945
957,create,paib-gpu/openb-pod-2775,946
958,create,paib-gpu/openb-pod-6270,947
959,create,paib-gpu/openb-pod-1981,948
960,create,paib-gpu/openb-pod-6169,949
961,create,paib-gpu/openb-pod-6655,950
962,create,paib-gpu/openb-pod-4645,951
963,create,paib-gpu/openb-pod-5524,952
964,create,paib-gpu/openb-pod-4326,953
965,create,paib-gpu/openb-pod-6798,954
966,create,paib-gpu/openb-pod-0979,955
967,create,paib-gpu/openb-pod-5663,956
968,create,paib-gpu/openb-pod-1386,957
969,create,paib-gpu/openb-pod-7503,958
970,create,paib-gpu/openb-pod-7318,959
971,create,paib-gpu/openb-pod-1892,960
972,create,paib-gpu/openb-pod-6510,961
973,create,paib-gpu/openb-pod-0400,962
974,failed,paib-gpu/openb-pod-4796,962
975,create,paib-gpu/openb-pod-7460,963
976,create,paib-gpu/openb-pod-1795,964
977,create,paib-gpu/openb-pod-6069,965
978,create,paib-gpu/openb-pod-6196,966
979,create,paib-gpu/openb-pod-2856,967
980,create,paib-gpu/openb-pod-3446,968
981,create,paib-gpu/openb-pod-3550,969
982,create,paib-gpu/openb-pod-4389,970
983,create,paib-gpu/openb-pod-3932,971
984,create,paib-gpu/openb-pod-4733,972
985,create,paib-gpu/openb-pod-7695,973
986,create,paib-gpu/openb-pod-7571,974
987,create,paib-gpu/openb-pod-5442,975
988,create,paib-gpu/openb-pod-7628,976
989,create,paib-gpu/openb-pod-2786,977
990,create,paib-gpu/openb-pod-1265,978
991,create,paib-gpu/openb-pod-0616,979
992,create,paib-gpu/openb-pod-2859,980
993,create,paib-gpu/openb-pod-4289,981
994,create,paib-gpu/openb-pod-4745,982
995,create,paib-gpu/openb-pod-4949,983
996,create,paib-gpu/openb-pod-6068,984
997,failed,paib-gpu/openb-pod-7143,984
998,create,paib-gpu/openb-pod-6673,985
999,create,paib-gpu/openb-pod-4185,986
1000,create,paib-gpu/openb-pod-6564,987
1001,create,paib-gpu/openb-pod-1391,988
1002,create,paib-gpu/openb-pod-7306,989
1003,create,paib-gpu/openb-pod-4730,990
1004,create,paib-gpu/openb-pod-2069,991
1005,create,paib-gpu/openb-pod-4520,992
1006,create,paib-gpu/openb-pod-4951,993
1007,create,paib-gpu/openb-pod-5308,994
1008,create,paib-gpu/openb-pod-7214,995
1009,create,paib-gpu/openb-pod-2372,996
1010,create,paib-gpu/openb-pod-4709,997
1011,create,paib-gpu/openb-pod-5509,998
1012,create,paib-gpu/openb-pod-5706,999
1013,create,paib-gpu/openb-pod-5374,1000
1014,create,paib-gpu/openb-pod-0908,1001
1015,create,paib-gpu/openb-pod-5777,1002
1016,create,paib-gpu/openb-pod-5323,1003
1017,create,paib-gpu/openb-pod-6349,1004
1018,create,paib-gpu/openb-pod-2633,1005
1019,create,paib-gpu/openb-pod-5278,1006
1020,create,paib-gpu/openb-pod-1383,1007
1021,create,paib-gpu/openb-pod-1291,1008
1022,create,paib-gpu/openb-pod-4880,1009
1023,create,paib-gpu/openb-pod-0371,1010
1024,create,paib-gpu/openb-pod-3804,1011
1025,create,paib-gpu/openb-pod-2578,1012
1026,create,paib-gpu/openb-pod-7504,1013
1027,create,paib-gpu/openb-pod-5910,1014
1028,create,paib-gpu/openb-pod-8112,1015
1029,create,paib-gpu/openb-pod-1434,1016
1030,create,paib-gpu/openb-pod-3155,1017
1031,create,paib-gpu/openb-pod-1311,1018
1032,create,paib-gpu/openb-pod-0375,1019
1033,create,paib-gpu/openb-pod-0359,1020
1034,create,paib-gpu/openb-pod-1604,1021
1035,create,paib-gpu/openb-pod-7922,1022
1036,create,paib-gpu/openb-pod-4286,1023
1037,create,paib-gpu/openb-pod-3128,1024
1038,create,paib-gpu/openb-pod-6908,1025
1039,create,paib-gpu/openb-pod-3466,1026
1040,create,paib-gpu/openb-pod-6368,1027
1041,create,paib-gpu/openb-pod-7575,1028
1042,create,paib-gpu/openb-pod-4193,1029
1043,create,paib-gpu/openb-pod-3641,1030
1044,create,paib-gpu/openb-pod-3127,1031
1045,create,paib-gpu/openb-pod-3724,1032
1046,create,paib-gpu/openb-pod-5575,1033
1047,create,paib-gpu/openb-pod-5421,1034
1048,create,paib-gpu/openb-pod-6305,1035
1049,create,paib-gpu/openb-pod-0954,1036
1050,create,paib-gpu/openb-pod-5905,1037
1051,create,paib-gpu/openb-pod-4876,1038
1052,create,paib-gpu/openb-pod-2743,1039
1053,create,paib-gpu/openb-pod-0106,1040
1054,create,paib-gpu/openb-pod-4991,1041
1055,create,paib-gpu/openb-pod-0819,1042
1056,create,paib-gpu/openb-pod-4473,1043
1057,create,paib-gpu/openb-pod-1131,1044
1058,create,paib-gpu/openb-pod-5565,1045
1059,create,paib-gpu/openb-pod-3057,1046
1060,create,paib-gpu/openb-pod-0973,1047
1061,create,paib-gpu/openb-pod-6630,1048
1062,create,paib-gpu/openb-pod-3300,1049
1063,create,paib-gpu/openb-pod-2523,1050
1064,create,paib-gpu/openb-pod-3556,1051
1065,create,paib-gpu/openb-pod-6654,1052
1066,create,paib-gpu/openb-pod-5379,1053
1067,create,paib-gpu/openb-pod-6591,1054
1068,create,paib-gpu/openb-pod-7577,1055
1069,create,paib-gpu/openb-pod-7530,1056
1070,create,paib-gpu/openb-pod-2677,1057
1071,create,paib-gpu/openb-pod-4172,1058
1072,create,paib-gpu/openb-pod-8087,1059
1073,failed,paib-gpu/openb-pod-3167,1059
1074,create,paib-gpu/openb-pod-1385,1060
1075,create,paib-gpu/openb-pod-6147,1061
1076,create,paib-gpu/openb-pod-1849,1062
1077,create,paib-gpu/openb-pod-3251,1063
1078,create,paib-gpu/openb-pod-2025,1064
1079,create,paib-gpu/openb-pod-2746,1065
1080,create,paib-gpu/openb-pod-3865,1066
1081,create,paib-gpu/openb-pod-4906,1067
1082,create,paib-gpu/openb-pod-2391,1068
1083,create,paib-gpu/openb-pod-5027,1069
1084,create,paib-gpu/openb-pod-0379,1070
1085,create,paib-gpu/openb-pod-0717,1071
1086,create,paib-gpu/openb-pod-3074,1072
1087,create,paib-gpu/openb-pod-0692,1073
1088,failed,paib-gpu/openb-pod-5908,1073
1089,create,paib-gpu/openb-pod-7846,1074
1090,create,paib-gpu/openb-pod-7229,1075
1091,create,paib-gpu/openb-pod-1037,1076
1092,create,paib-gpu/openb-pod-4840,1077
1093,create,paib-gpu/openb-pod-3533,1078
1094,create,paib-gpu/openb-pod-6546,1079
1095,create,paib-gpu/openb-pod-5605,1080
1096,create,paib-gpu/openb-pod-5726,1081
1097,create,paib-gpu/openb-pod-4323,1082
1098,create,paib-gpu/openb-pod-7398,1083
1099,create,paib-gpu/openb-pod-2622,1084
1100,create,paib-gpu/openb-pod-4996,1085
1101,create,paib-gpu/openb-pod-2359,1086
1102,create,paib-gpu/openb-pod-0566,1087
1103,create,paib-gpu/openb-pod-6329,1088
1104,create,paib-gpu/openb-pod-4581,1089
1105,create,paib-gpu/openb-pod-1492,1090
1106,create,paib-gpu/openb-pod-5418,1091
1107,create,paib-gpu/openb-pod-0844,1092
1108,create,paib-gpu/openb-pod-4743,1093
1109,create,paib-gpu/openb-pod-5457,1094
1110,create,paib-gpu/openb-pod-8018,1095
1111,create,paib-gpu/openb-pod-2350,1096
1112,create,paib-gpu/openb-pod-2591,1097
1113,create,paib-gpu/openb-pod-7173,1098
1114,create,paib-gpu/openb-pod-4618,1099
1115,create,paib-gpu/openb-pod-3421,1100
1116,create,paib-gpu/openb-pod-7829,1101
1117,create,paib-gpu/openb-pod-0245,1102
1118,create,paib-gpu/openb-pod-4947,1103
1119,create,paib-gpu/openb-pod-2653,1104
1120,create,paib-gpu/openb-pod-6336,1105
1121,create,paib-gpu/openb-pod-3042,1106
1122,create,paib-gpu/openb-pod-0302,1107
1123,create,paib-gpu/openb-pod-4938,1108
1124,create,paib-gpu/openb-pod-3852,1109
1125,create,paib-gpu/openb-pod-7467,1110
1126,create,paib-gpu/openb-pod-4000,1111
1127,create,paib-gpu/openb-pod-1381,1112
1128,create,paib-gpu/openb-pod-2178,1113
1129,create,paib-gpu/openb-pod-6208,1114
1130,create,paib-gpu/openb-pod-0838,1115
1131,create,paib-gpu/openb-pod-7266,1116
1132,create,paib-gpu/openb-pod-0471,1117
1133,create,paib-gpu/openb-pod-1432,1118
1134,create,paib-gpu/openb-pod-7810,1119
1135,create,paib-gpu/openb-pod-5641,1120
1136,create,paib-gpu/openb-pod-1733,1121
1137,create,paib-gpu/openb-pod-2632,1122
1138,create,paib-gpu/openb-pod-2148,1123
1139,create,paib-gpu/openb-pod-7570,1124
1140,create,paib-gpu/openb-pod-2715,1125
1141,create,paib-gpu/openb-pod-6696,1126
1142,create,paib-gpu/openb-pod-7774,1127
1143,create,paib-gpu/openb-pod-1159,1128
1144,create,paib-gpu/openb-pod-2164,1129
1145,create,paib-gpu/openb-pod-8135,1130
1146,create,paib-gpu/openb-pod-3921,1131
1147,create,paib-gpu/openb-pod-3923,1132
1148,create,paib-gpu/openb-pod-6576,1133
1149,create,paib-gpu/openb-pod-3090,1134
1150,create,paib-gpu/openb-pod-6327,1135
1151,create,paib-gpu/openb-pod-5160,1136
1152,create,paib-gpu/openb-pod-4346,1137
1153,create,paib-gpu/openb-pod-2800,1138
1154,create,paib-gpu/openb-pod-5325,1139
1155,create,paib-gpu/openb-pod-3911,1140
1156,create,paib-gpu/openb-pod-7874,1141
1157,create,paib-gpu/openb-pod-7796,1142
1158,create,paib-gpu/openb-pod-7671,1143
1159,create,paib-gpu/openb-pod-3203,1144
1160,create,paib-gpu/openb-pod-4021,1145
1161,create,paib-gpu/openb-pod-5574,1146
1162,create,paib-gpu/openb-pod-6312,1147
1163,create,paib-gpu/openb-pod-3711,1148
1164,create,paib-gpu/openb-pod-0159,1149
1165,create,paib-gpu/openb-pod-6081,1150
1166,create,paib-gpu/openb-pod-5856,1151
1167,create,paib-gpu/openb-pod-4432,1152
1168,create,paib-gpu/openb-pod-6154,1153
1169,create,paib-gpu/openb-pod-3126,1154
1170,create,paib-gpu/openb-pod-3981,1155
1171,create,paib-gpu/openb-pod-3096,1156
1172,create,paib-gpu/openb-pod-6237,1157
1173,create,paib-gpu/openb-pod-4851,1158
1174,create,paib-gpu/openb-pod-1648,1159
1175,create,paib-gpu/openb-pod-3182,1160
1176,create,paib-gpu/openb-pod-0511,1161
1177,create,paib-gpu/openb-pod-0149,1162
1178,create,paib-gpu/openb-pod-5974,1163
1179,create,paib-gpu/openb-pod-0858,1164
1180,create,paib-gpu/openb-pod-0574,1165
1181,create,paib-gpu/openb-pod-1366,1166
1182,create,paib-gpu/openb-pod-6746,1167
1183,create,paib-gpu/openb-pod-6853,1168
1184,create,paib-gpu/openb-pod-7274,1169
1185,create,paib-gpu/openb-pod-6719,1170
1186,create,paib-gpu/openb-pod-0333,1171
1187,create,paib-gpu/openb-pod-2603,1172
1188,create,paib-gpu/openb-pod-0448,1173
1189,create,paib-gpu/openb-pod-0931,1174
1190,create,paib-gpu/openb-pod-1145,1175
1191,create,paib-gpu/openb-pod-2379,1176
1192,create,paib-gpu/openb-pod-8089,1177
1193,create,paib-gpu/openb-pod-4025,1178
1194,create,paib-gpu/openb-pod-0141,1179
1195,create,paib-gpu/openb-pod-2522,1180
1196,create,paib-gpu/openb-pod-3860,1181
1197,create,paib-gpu/openb-pod-0603,1182
1198,create,paib-gpu/openb-pod-3362,1183
1199,create,paib-gpu/openb-pod-0834,1184
1200,create,paib-gpu/openb-pod-6755,1185
1201,create,paib-gpu/openb-pod-7434,1186
1202,create,paib-gpu/openb-pod-7843,1187
1203,create,paib-gpu/openb-pod-3980,1188
1204,create,paib-gpu/openb-pod-5385,1189
1205,create,paib-gpu/openb-pod-6581,1190
1206,create,paib-gpu/openb-pod-7124,1191
1207,create,paib-gpu/openb-pod-6971,1192
1208,create,paib-gpu/openb-pod-3099,1193
1209,create,paib-gpu/openb-pod-4957,1194
1210,create,paib-gpu/openb-pod-7377,1195
1211,create,paib-gpu/openb-pod-0697,1196
1212,create,paib-gpu/openb-pod-2158,1197
1213,failed,paib-gpu/openb-pod-6927,1197
1214,create,paib-gpu/openb-pod-1015,1198
1215,create,paib-gpu/openb-pod-2601,1199
1216,create,paib-gpu/openb-pod-5455,1200
1217,create,paib-gpu/openb-pod-6138,1201
1218,create,paib-gpu/openb-pod-5975,1202
1219,create,paib-gpu/openb-pod-0704,1203
1220,create,paib-gpu/openb-pod-3774,1204
1221,create,paib-gpu/openb-pod-5979,1205
1222,create,paib-gpu/openb-pod-6608,1206
1223,create,paib-gpu/openb-pod-1494,1207
1224,create,paib-gpu/openb-pod-1949,1208
1225,create,paib-gpu/openb-pod-6897,1209
1226,create,paib-gpu/openb-pod-1208,1210
1227,create,paib-gpu/openb-pod-6130,1211
1228,create,paib-gpu/openb-pod-6516,1212
1229,create,paib-gpu/openb-pod-3081,1213
1230,create,paib-gpu/openb-pod-6883,1214
1231,create,paib-gpu/openb-pod-7964,1215
1232,create,paib-gpu/openb-pod-1224,1216
1233,create,paib-gpu/openb-pod-4390,1217
1234,create,paib-gpu/openb-pod-7432,1218
1235,create,paib-gpu/openb-pod-2168,1219
1236,create,paib-gpu/openb-pod-5485,1220
1237,create,paib-gpu/openb-pod-3468,1221
1238,create,paib-gpu/openb-pod-3696,1222
1239,create,paib-gpu/openb-pod-7155,1223
1240,create,paib-gpu/openb-pod-3264,1224
1241,create,paib-gpu/openb-pod-7325,1225
1242,create,paib-gpu/openb-pod-7421,1226
1243,create,paib-gpu/openb-pod-1140,1227
1244,create,paib-gpu/openb-pod-3914,1228
1245,create,paib-gpu/openb-pod-2000,1229
1246,create,paib-gpu/openb-pod-1393,1230
1247,create,paib-gpu/openb-pod-2173,1231
1248,create,paib-gpu/openb-pod-4498,1232
1249,create,paib-gpu/openb-pod-6296,1233
1250,create,paib-gpu/openb-pod-0753,1234
1251,create,paib-gpu/openb-pod-5067,1235
1252,create,paib-gpu/openb-pod-2541,1236
1253,create,paib-gpu/openb-pod-7787,1237
1254,create,paib-gpu/openb-pod-6011,1238
1255,create,paib-gpu/openb-pod-3651,1239
1256,create,paib-gpu/openb-pod-3477,1240
1257,create,paib-gpu/openb-pod-3375,1241
1258,create,paib-gpu/openb-pod-4758,1242
1259,create,paib-gpu/openb-pod-3403,1243
1260,create,paib-gpu/openb-pod-1621,1244
1261,create,paib-gpu/openb-pod-7485,1245
1262,create,paib-gpu/openb-pod-2684,1246
1263,create,paib-gpu/openb-pod-7923,1247
1264,create,paib-gpu/openb-pod-7456,1248
1265,create,paib-gpu/openb-pod-0480,1249
1266,create,paib-gpu/openb-pod-4540,1250
1267,create,paib-gpu/openb-pod-4735,1251
1268,create,paib-gpu/openb-pod-0199,1252
1269,create,paib-gpu/openb-pod-2244,1253
1270,create,paib-gpu/openb-pod-7070,1254
1271,create,paib-gpu/openb-pod-1594,1255
1272,create,paib-gpu/openb-pod-5257,1256
1273,create,paib-gpu/openb-pod-6473,1257
1274,create,paib-gpu/openb-pod-7026,1258
1275,create,paib-gpu/openb-pod-6345,1259
1276,create,paib-gpu/openb-pod-6300,1260
1277,create,paib-gpu/openb-pod-0163,1261
1278,create,paib-gpu/openb-pod-1082,1262
1279,create,paib-gpu/openb-pod-2268,1263
1280,create,paib-gpu/openb-pod-5408,1264
1281,create,paib-gpu/openb-pod-4065,1265
1282,create,paib-gpu/openb-pod-3199,1266
1283,create,paib-gpu/openb-pod-7172,1267
1284,create,paib-gpu/openb-pod-0151,1268
1285,create,paib-gpu/openb-pod-2844,1269
1286,create,paib-gpu/openb-pod-1517,1270
1287,create,paib-gpu/openb-pod-6990,1271
1288,create,paib-gpu/openb-pod-0926,1272
1289,create,paib-gpu/openb-pod-5169,1273
1290,create,paib-gpu/openb-pod-8130,1274
1291,create,paib-gpu/openb-pod-1218,1275
1292,create,paib-gpu/openb-pod-1324,1276
1293,failed,paib-gpu/openb-pod-5376,1276
1294,create,paib-gpu/openb-pod-5064,1277
1295,create,paib-gpu/openb-pod-2189,1278
1296,create,paib-gpu/openb-pod-1568,1279
1297,create,paib-gpu/openb-pod-0338,1280
1298,create,paib-gpu/openb-pod-0345,1281
1299,create,paib-gpu/openb-pod-0913,1282
1300,create,paib-gpu/openb-pod-7582,1283
1301,create,paib-gpu/openb-pod-3547,1284
1302,create,paib-gpu/openb-pod-5184,1285
1303,create,paib-gpu/openb-pod-7909,1286
1304,create,paib-gpu/openb-pod-7783,1287
1305,create,paib-gpu/openb-pod-4398,1288
1306,create,paib-gpu/openb-pod-5911,1289
1307,create,paib-gpu/openb-pod-2621,1290
1308,create,paib-gpu/openb-pod-5952,1291
1309,create,paib-gpu/openb-pod-5365,1292
1310,create,paib-gpu/openb-pod-2078,1293
1311,create,paib-gpu/openb-pod-6903,1294
1312,create,paib-gpu/openb-pod-4930,1295
1313,create,paib-gpu/openb-pod-5815,1296
1314,create,paib-gpu/openb-pod-6850,1297
1315,create,paib-gpu/openb-pod-1617,1298
1316,create,paib-gpu/openb-pod-7294,1299
1317,create,paib-gpu/openb-pod-6979,1300
1318,create,paib-gpu/openb-pod-0124,1301
1319,create,paib-gpu/openb-pod-8126,1302
1320,create,paib-gpu/openb-pod-3691,1303
1321,create,paib-gpu/openb-pod-1299,1304
1322,create,paib-gpu/openb-pod-6318,1305
1323,create,paib-gpu/openb-pod-5551,1306
1324,create,paib-gpu/openb-pod-4242,1307
1325,create,paib-gpu/openb-pod-8049,1308
1326,create,paib-gpu/openb-pod-7653,1309
1327,create,paib-gpu/openb-pod-4935,1310
1328,create,paib-gpu/openb-pod-4239,1311
1329,create,paib-gpu/openb-pod-3866,1312
1330,create,paib-gpu/openb-pod-2823,1313
1331,create,paib-gpu/openb-pod-7291,1314
1332,create,paib-gpu/openb-pod-7242,1315
1333,create,paib-gpu/openb-pod-5343,1316
1334,create,paib-gpu/openb-pod-1479,1317
1335,create,paib-gpu/openb-pod-3064,1318
1336,create,paib-gpu/openb-pod-3450,1319
1337,create,paib-gpu/openb-pod-3345,1320
1338,create,paib-gpu/openb-pod-2481,1321
1339,create,paib-gpu/openb-pod-0861,1322
1340,create,paib-gpu/openb-pod-2930,1323
1341,create,paib-gpu/openb-pod-3604,1324
1342,failed,paib-gpu/openb-pod-0040,1324
1343,create,paib-gpu/openb-pod-1070,1325
1344,create,paib-gpu/openb-pod-0506,1326
1345,create,paib-gpu/openb-pod-5610,1327
1346,create,paib-gpu/openb-pod-7792,1328
1347,create,paib-gpu/openb-pod-2450,1329
1348,create,paib-gpu/openb-pod-1352,1330
1349,create,paib-gpu/openb-pod-6161,1331
1350,create,paib-gpu/openb-pod-1878,1332
1351,create,paib-gpu/openb-pod-2109,1333
1352,create,paib-gpu/openb-pod-3869,1334
1353,create,paib-gpu/openb-pod-5048,1335
1354,create,paib-gpu/openb-pod-5085,1336
1355,create,paib-gpu/openb-pod-7993,1337
1356,create,paib-gpu/openb-pod-7762,1338
1357,create,paib-gpu/openb-pod-5353,1339
1358,create,paib-gpu/openb-pod-5627,1340
1359,create,paib-gpu/openb-pod-6574,1341
1360,create,paib-gpu/openb-pod-7977,1342
1361,create,paib-gpu/openb-pod-1446,1343
1362,create,paib-gpu/openb-pod-6065,1344
1363,create,paib-gpu/openb-pod-0539,1345
1364,create,paib-gpu/openb-pod-2913,1346
1365,create,paib-gpu/openb-pod-0205,1347
1366,create,paib-gpu/openb-pod-4095,1348
1367,create,paib-gpu/openb-pod-1336,1349
1368,failed,paib-gpu/openb-pod-6144,1349
1369,create,paib-gpu/openb-pod-4012,1350
1370,create,paib-gpu/openb-pod-3195,1351
1371,create,paib-gpu/openb-pod-6854,1352
1372,create,paib-gpu/openb-pod-3883,1353
1373,create,paib-gpu/openb-pod-4472,1354
1374,create,paib-gpu/openb-pod-3540,1355
1375,create,paib-gpu/openb-pod-8008,1356
1376,create,paib-gpu/openb-pod-3568,1357
1377,create,paib-gpu/openb-pod-5671,1358
1378,create,paib-gpu/openb-pod-2681,1359
1379,create,paib-gpu/openb-pod-5280,1360
1380,create,paib-gpu/openb-pod-0615,1361
1381,create,paib-gpu/openb-pod-7741,1362
1382,create,paib-gpu/openb-pod-4567,1363
1383,create,paib-gpu/openb-pod-2733,1364
1384,create,paib-gpu/openb-pod-8109,1365
1385,failed,paib-gpu/openb-pod-2024,1365
1386,create,paib-gpu/openb-pod-5854,1366
1387,create,paib-gpu/openb-pod-3638,1367
1388,create,paib-gpu/openb-pod-3733,1368
1389,create,paib-gpu/openb-pod-5179,1369
1390,create,paib-gpu/openb-pod-5728,1370
1391,create,paib-gpu/openb-pod-4862,1371
1392,create,paib-gpu/openb-pod-0083,1372
1393,create,paib-gpu/openb-pod-6134,1373
1394,create,paib-gpu/openb-pod-6482,1374
1395,create,paib-gpu/openb-pod-5626,1375
1396,create,paib-gpu/openb-pod-0161,1376
1397,create,paib-gpu/openb-pod-6781,1377
1398,create,paib-gpu/openb-pod-7411,1378
1399,create,paib-gpu/openb-pod-2472,1379
1400,create,paib-gpu/openb-pod-4648,1380
1401,create,paib-gpu/openb-pod-0168,1381
1402,create,paib-gpu/openb-pod-2324,1382
1403,create,paib-gpu/openb-pod-8020,1383
1404,create,paib-gpu/openb-pod-3419,1384
1405,create,paib-gpu/openb-pod-1643,1385
1406,create,paib-gpu/openb-pod-8085,1386
1407,create,paib-gpu/openb-pod-3336,1387
1408,create,paib-gpu/openb-pod-3016,1388
1409,create,paib-gpu/openb-pod-0420,1389
1410,create,paib-gpu/openb-pod-3602,1390
1411,create,paib-gpu/openb-pod-5635,1391
1412,create,paib-gpu/openb-pod-0318,1392
1413,create,paib-gpu/openb-pod-4622,1393
1414,create,paib-gpu/openb-pod-4945,1394
1415,create,paib-gpu/openb-pod-3785,1395
1416,create,paib-gpu/openb-pod-1507,1396
1417,create,paib-gpu/openb-pod-3633,1397
1418,create,paib-gpu/openb-pod-2533,1398
1419,create,paib-gpu/openb-pod-3730,1399
1420,create,paib-gpu/openb-pod-3009,1400
1421,create,paib-gpu/openb-pod-5367,1401
1422,create,paib-gpu/openb-pod-8022,1402
1423,create,paib-gpu/openb-pod-5463,1403
1424,create,paib-gpu/openb-pod-6858,1404
1425,create,paib-gpu/openb-pod-7373,1405
1426,create,paib-gpu/openb-pod-3663,1406
1427,create,paib-gpu/openb-pod-4825,1407
1428,create,paib-gpu/openb-pod-5896,1408
1429,create,paib-gpu/openb-pod-5053,1409
1430,create,paib-gpu/openb-pod-3395,1410
1431,create,paib-gpu/openb-pod-6948,1411
1432,create,paib-gpu/openb-pod-7701,1412
1433,create,paib-gpu/openb-pod-0802,1413
1434,failed,paib-gpu/openb-pod-7888,1413
1435,create,paib-gpu/openb-pod-4129,1414
1436,create,paib-gpu/openb-pod-4877,1415
1437,create,paib-gpu/openb-pod-6679,1416
1438,create,paib-gpu/openb-pod-4829,1417
1439,create,paib-gpu/openb-pod-4616,1418
1440,create,paib-gpu/openb-pod-2414,1419
1441,create,paib-gpu/openb-pod-5146,1420
1442,create,paib-gpu/openb-pod-4748,1421
1443,create,paib-gpu/openb-pod-5080,1422
1444,create,paib-gpu/openb-pod-5647,1423
1445,create,paib-gpu/openb-pod-7064,1424
1446,create,paib-gpu/openb-pod-3558,1425
1447,create,paib-gpu/openb-pod-3314,1426
1448,create,paib-gpu/openb-pod-7813,1427
1449,create,paib-gpu/openb-pod-0757,1428
1450,create,paib-gpu/openb-pod-0289,1429
1451,create,paib-gpu/openb-pod-1314,1430
1452,create,paib-gpu/openb-pod-3521,1431
1453,create,paib-gpu/openb-pod-7831,1432
1454,create,paib-gpu/openb-pod-4563,1433
1455,create,paib-gpu/openb-pod-3596,1434
1456,create,paib-gpu/openb-pod-4164,1435
1457,failed,paib-gpu/openb-pod-1636,1435
1458,create,paib-gpu/openb-pod-1538,1436
1459,create,paib-gpu/openb-pod-7761,1437
1460,create,paib-gpu/openb-pod-5317,1438
1461,create,paib-gpu/openb-pod-1160,1439
1462,create,paib-gpu/openb-pod-0766,1440
1463,create,paib-gpu/openb-pod-2089,1441
1464,create,paib-gpu/openb-pod-6842,1442
1465,create,paib-gpu/openb-pod-5396,1443
1466,create,paib-gpu/openb-pod-0571,1444
1467,create,paib-gpu/openb-pod-2057,1445
1468,create,paib-gpu/openb-pod-5970,1446
1469,create,paib-gpu/openb-pod-6337,1447
1470,failed,paib-gpu/openb-pod-1661,1447
1471,create,paib-gpu/openb-pod-5277,1448
1472,create,paib-gpu/openb-pod-2012,1449
1473,create,paib-gpu/openb-pod-7048,1450
1474,create,paib-gpu/openb-pod-1026,1451
1475,create,paib-gpu/openb-pod-4711,1452
1476,create,paib-gpu/openb-pod-1830,1453
1477,create,paib-gpu/openb-pod-6414,1454
1478,create,paib-gpu/openb-pod-4576,1455
1479,create,paib-gpu/openb-pod-4679,1456
1480,create,paib-gpu/openb-pod-7355,1457
1481,create,paib-gpu/openb-pod-2132,1458
1482,create,paib-gpu/openb-pod-4430,1459
1483,create,paib-gpu/openb-pod-7856,1460
1484,create,paib-gpu/openb-pod-8141,1461
1485,create,paib-gpu/openb-pod-6184,1462
1486,create,paib-gpu/openb-pod-6121,1463
1487,create,paib-gpu/openb-pod-8121,1464
1488,create,paib-gpu/openb-pod-1762,1465
1489,create,paib-gpu/openb-pod-5496,1466
1490,create,paib-gpu/openb-pod-6668,1467
1491,create,paib-gpu/openb-pod-7722,1468
1492,failed,paib-gpu/openb-pod-3268,1468
1493,create,paib-gpu/openb-pod-0658,1469
1494,create,paib-gpu/openb-pod-7583,1470
1495,create,paib-gpu/openb-pod-3298,1471
1496,create,paib-gpu/openb-pod-5451,1472
1497,create,paib-gpu/openb-pod-6390,1473
1498,create,paib-gpu/openb-pod-1761,1474
1499,create,paib-gpu/openb-pod-6455,1475
1500,create,paib-gpu/openb-pod-4187,1476
1501,create,paib-gpu/openb-pod-0351,1477
1502,create,paib-gpu/openb-pod-6691,1478
1503,create,paib-gpu/openb-pod-4011,1479
1504,create,paib-gpu/openb-pod-1038,1480
1505,create,paib-gpu/openb-pod-4534,1481
1506,create,paib-gpu/openb-pod-3560,1482
1507,create,paib-gpu/openb-pod-1445,1483
1508,create,paib-gpu/openb-pod-6062,1484
1509,create,paib-gpu/openb-pod-5319,1485
1510,create,paib-gpu/openb-pod-4468,1486
1511,create,paib-gpu/openb-pod-0773,1487
1512,create,paib-gpu/openb-pod-1011,1488
1513,create,paib-gpu/openb-pod-1678,1489
1514,create,paib-gpu/openb-pod-2799,1490
1515,create,paib-gpu/openb-pod-5533,1491
1516,create,paib-gpu/openb-pod-0680,1492
1517,create,paib-gpu/openb-pod-5170,1493
1518,create,paib-gpu/openb-pod-6306,1494
1519,create,paib-gpu/openb-pod-2524,1495
1520,create,paib-gpu/openb-pod-3415,1496
1521,create,paib-gpu/openb-pod-2176,1497
1522,create,paib-gpu/openb-pod-5578,1498
1523,create,paib-gpu/openb-pod-2542,1499
1524,create,paib-gpu/openb-pod-6918,1500
1525,create,paib-gpu/openb-pod-6018,1501
1526,create,paib-gpu/openb-pod-6283,1502
1527,create,paib-gpu/openb-pod-4681,1503
1528,create,paib-gpu/openb-pod-2537,1504
1529,create,paib-gpu/openb-pod-3790,1505
1530,create,paib-gpu/openb-pod-4787,1506
1531,create,paib-gpu/openb-pod-4249,1507
1532,create,paib-gpu/openb-pod-6309,1508
1533,create,paib-gpu/openb-pod-3139,1509
1534,create,paib-gpu/openb-pod-0144,1510
1535,create,paib-gpu/openb-pod-0855,1511
1536,create,paib-gpu/openb-pod-5073,1512
1537,create,paib-gpu/openb-pod-2040,1513
1538,create,paib-gpu/openb-pod-1662,1514
1539,create,paib-gpu/openb-pod-3754,1515
1540,create,paib-gpu/openb-pod-6978,1516
1541,create,paib-gpu/openb-pod-1071,1517
1542,create,paib-gpu/openb-pod-4591,1518
1543,create,paib-gpu/openb-pod-8102,1519
1544,create,paib-gpu/openb-pod-6675,1520
1545,create,paib-gpu/openb-pod-4777,1521
1546,create,paib-gpu/openb-pod-0147,1522
1547,create,paib-gpu/openb-pod-3238,1523
1548,create,paib-gpu/openb-pod-2442,1524
1549,create,paib-gpu/openb-pod-0079,1525
1550,create,paib-gpu/openb-pod-7290,1526
1551,create,paib-gpu/openb-pod-5465,1527
1552,create,paib-gpu/openb-pod-2459,1528
1553,create,paib-gpu/openb-pod-1244,1529
1554,create,paib-gpu/openb-pod-2982,1530
1555,create,paib-gpu/openb-pod-7061,1531
1556,create,paib-gpu/openb-pod-5808,1532
1557,create,paib-gpu/openb-pod-0535,1533
1558,create,paib-gpu/openb-pod-4813,1534
1559,create,paib-gpu/openb-pod-5310,1535
1560,create,paib-gpu/openb-pod-5867,1536
1561,create,paib-gpu/openb-pod-2587,1537
1562,create,paib-gpu/openb-pod-5461,1538
1563,create,paib-gpu/openb-pod-1613,1539
1564,create,paib-gpu/openb-pod-2231,1540
1565,create,paib-gpu/openb-pod-1982,1541
1566,create,paib-gpu/openb-pod-0839,1542
1567,create,paib-gpu/openb-pod-5892,1543
1568,create,paib-gpu/openb-pod-2996,1544
1569,create,paib-gpu/openb-pod-7051,1545
1570,create,paib-gpu/openb-pod-2712,1546
1571,create,paib-gpu/openb-pod-1055,1547
1572,create,paib-gpu/openb-pod-1562,1548
1573,create,paib-gpu/openb-pod-5226,1549
1574,create,paib-gpu/openb-pod-4806,1550
1575,failed,paib-gpu/openb-pod-3646,1550
1576,failed,paib-gpu/openb-pod-7097,1550
1577,create,paib-gpu/openb-pod-6812,1551
1578,create,paib-gpu/openb-pod-6611,1552
1579,create,paib-gpu/openb-pod-2165,1553
1580,create,paib-gpu/openb-pod-6352,1554
1581,create,paib-gpu/openb-pod-3435,1555
1582,create,paib-gpu/openb-pod-7995,1556
1583,create,paib-gpu/openb-pod-0000,1557
1584,create,paib-gpu/openb-pod-4040,1558
1585,create,paib-gpu/openb-pod-7408,1559
1586,create,paib-gpu/openb-pod-0983,1560
1587,create,paib-gpu/openb-pod-6960,1561
1588,create,paib-gpu/openb-pod-5425,1562
1589,create,paib-gpu/openb-pod-5843,1563
1590,create,paib-gpu/openb-pod-4243,1564
1591,create,paib-gpu/openb-pod-4864,1565
1592,create,paib-gpu/openb-pod-6639,1566
1593,create,paib-gpu/openb-pod-6697,1567
1594,create,paib-gpu/openb-pod-1462,1568
1595,create,paib-gpu/openb-pod-3235,1569
1596,create,paib-gpu/openb-pod-2568,1570
1597,create,paib-gpu/openb-pod-1910,1571
1598,create,paib-gpu/openb-pod-1102,1572
1599,create,paib-gpu/openb-pod-5155,1573
1600,create,paib-gpu/openb-pod-7854,1574
1601,create,paib-gpu/openb-pod-5181,1575
1602,create,paib-gpu/openb-pod-4593,1576
1603,create,paib-gpu/openb-pod-3693,1577
1604,create,paib-gpu/openb-pod-2270,1578
1605,create,paib-gpu/openb-pod-6924,1579
1606,create,paib-gpu/openb-pod-4377,1580
1607,create,paib-gpu/openb-pod-1449,1581
1608,create,paib-gpu/openb-pod-2990,1582
1609,create,paib-gpu/openb-pod-1780,1583
1610,create,paib-gpu/openb-pod-2754,1584
1611,create,paib-gpu/openb-pod-5644,1585
1612,create,paib-gpu/openb-pod-6032,1586
1613,create,paib-gpu/openb-pod-2979,1587
1614,create,paib-gpu/openb-pod-3642,1588
1615,create,paib-gpu/openb-pod-7279,1589
1616,create,paib-gpu/openb-pod-7750,1590
1617,create,paib-gpu/openb-pod-3133,1591
1618,create,paib-gpu/openb-pod-4510,1592
1619,create,paib-gpu/openb-pod-6730,1593
1620,create,paib-gpu/openb-pod-7769,1594
1621,create,paib-gpu/openb-pod-6834,1595
1622,create,paib-gpu/openb-pod-3352,1596
1623,create,paib-gpu/openb-pod-2135,1597
1624,create,paib-gpu/openb-pod-0764,1598
1625,create,paib-gpu/openb-pod-6614,1599
1626,create,paib-gpu/openb-pod-0593,1600
1627,create,paib-gpu/openb-pod-1045,1601
1628,create,paib-gpu/openb-pod-4141,1602
1629,create,paib-gpu/openb-pod-0688,1603
1630,create,paib-gpu/openb-pod-7677,1604
1631,create,paib-gpu/openb-pod-2572,1605
1632,create,paib-gpu/openb-pod-2085,1606
1633,failed,paib-gpu/openb-pod-1578,1606
1634,create,paib-gpu/openb-pod-3153,1607
1635,create,paib-gpu/openb-pod-2385,1608
1636,create,paib-gpu/openb-pod-6434,1609
1637,create,paib-gpu/openb-pod-5339,1610
1638,create,paib-gpu/openb-pod-0661,1611
1639,create,paib-gpu/openb-pod-5488,1612
1640,create,paib-gpu/openb-pod-5569,1613
1641,create,paib-gpu/openb-pod-4237,1614
1642,create,paib-gpu/openb-pod-6282,1615
1643,create,paib-gpu/openb-pod-2971,1616
1644,create,paib-gpu/openb-pod-0071,1617
1645,create,paib-gpu/openb-pod-1868,1618
1646,create,paib-gpu/openb-pod-7182,1619
1647,create,paib-gpu/openb-pod-5917,1620
1648,failed,paib-gpu/openb-pod-8072,1620
1649,create,paib-gpu/openb-pod-1930,1621
1650,create,paib-gpu/openb-pod-8015,1622
1651,create,paib-gpu/openb-pod-0356,1623
1652,create,paib-gpu/openb-pod-7295,1624
1653,create,paib-gpu/openb-pod-1521,1625
1654,create,paib-gpu/openb-pod-2613,1626
1655,create,paib-gpu/openb-pod-5997,1627
1656,create,paib-gpu/openb-pod-7126,1628
1657,create,paib-gpu/openb-pod-0526,1629
1658,create,paib-gpu/openb-pod-6365,1630
1659,create,paib-gpu/openb-pod-5050,1631
1660,create,paib-gpu/openb-pod-5227,1632
1661,create,paib-gpu/openb-pod-0892,1633
1662,create,paib-gpu/openb-pod-3409,1634
1663,create,paib-gpu/openb-pod-4676,1635
1664,create,paib-gpu/openb-pod-1689,1636
1665,create,paib-gpu/openb-pod-7721,1637
1666,create,paib-gpu/openb-pod-5038,1638
1667,create,paib-gpu/openb-pod-6771,1639
1668,create,paib-gpu/openb-pod-1152,1640
1669,create,paib-gpu/openb-pod-3310,1641
1670,create,paib-gpu/openb-pod-5218,1642
1671,create,paib-gpu/openb-pod-0101,1643
1672,create,paib-gpu/openb-pod-3050,1644
1673,create,paib-gpu/openb-pod-1890,1645
1674,create,paib-gpu/openb-pod-6098,1646
1675,create,paib-gpu/openb-pod-7749,1647
1676,create,paib-gpu/openb-pod-8059,1648
1677,create,paib-gpu/openb-pod-5857,1649
1678,create,paib-gpu/openb-pod-6674,1650
1679,create,paib-gpu/openb-pod-4320,1651
1680,create,paib-gpu/openb-pod-6822,1652
1681,create,paib-gpu/openb-pod-7044,1653
1682,create,paib-gpu/openb-pod-0669,1654
1683,create,paib-gpu/openb-pod-7798,1655
1684,create,paib-gpu/openb-pod-7576,1656
1685,create,paib-gpu/openb-pod-6218,1657
1686,create,paib-gpu/openb-pod-0495,1658
1687,create,paib-gpu/openb-pod-2355,1659
1688,create,paib-gpu/openb-pod-2486,1660
1689,create,paib-gpu/openb-pod-5694,1661
1690,create,paib-gpu/openb-pod-3179,1662
1691,create,paib-gpu/openb-pod-1293,1663
1692,create,paib-gpu/openb-pod-7979,1664
1693,create,paib-gpu/openb-pod-6803,1665
1694,create,paib-gpu/openb-pod-4192,1666
1695,create,paib-gpu/openb-pod-7850,1667
1696,create,paib-gpu/openb-pod-2322,1668
1697,create,paib-gpu/openb-pod-3518,1669
1698,create,paib-gpu/openb-pod-2118,1670
1699,create,paib-gpu/openb-pod-2406,1671
1700,create,paib-gpu/openb-pod-3762,1672
1701,create,paib-gpu/openb-pod-2065,1673
1702,create,paib-gpu/openb-pod-5168,1674
1703,create,paib-gpu/openb-pod-6726,1675
1704,create,paib-gpu/openb-pod-7472,1676
1705,create,paib-gpu/openb-pod-3926,1677
1706,create,paib-gpu/openb-pod-1247,1678
1707,create,paib-gpu/openb-pod-5467,1679
1708,create,paib-gpu/openb-pod-6941,1680
1709,create,paib-gpu/openb-pod-7250,1681
1710,create,paib-gpu/openb-pod-3612,1682
1711,create,paib-gpu/openb-pod-3961,1683
1712,create,paib-gpu/openb-pod-4553,1684
1713,create,paib-gpu/openb-pod-7345,1685
1714,create,paib-gpu/openb-pod-0543,1686
1715,create,paib-gpu/openb-pod-3648,1687
1716,create,paib-gpu/openb-pod-6606,1688
1717,create,paib-gpu/openb-pod-4396,1689
1718,create,paib-gpu/openb-pod-0664,1690
1719,create,paib-gpu/openb-pod-5961,1691
1720,create,paib-gpu/openb-pod-0976,1692
1721,create,paib-gpu/openb-pod-1659,1693
1722,create,paib-gpu/openb-pod-2116,1694
1723,create,paib-gpu/openb-pod-6895,1695
1724,create,paib-gpu/openb-pod-0967,1696
1725,create,paib-gpu/openb-pod-4725,1697
1726,create,paib-gpu/openb-pod-2868,1698
1727,create,paib-gpu/openb-pod-5336,1699
1728,create,paib-gpu/openb-pod-4113,1700
1729,create,paib-gpu/openb-pod-5091,1701
1730,create,paib-gpu/openb-pod-3971,1702
1731,create,paib-gpu/openb-pod-3647,1703
1732,create,paib-gpu/openb-pod-1347,1704
1733,create,paib-gpu/openb-pod-3962,1705
1734,create,paib-gpu/openb-pod-7267,1706
1735,create,paib-gpu/openb-pod-2175,1707
1736,create,paib-gpu/openb-pod-0827,1708
1737,create,paib-gpu/openb-pod-1941,1709
1738,create,paib-gpu/openb-pod-1427,1710
1739,create,paib-gpu/openb-pod-2465,1711
1740,create,paib-gpu/openb-pod-3592,1712
1741,create,paib-gpu/openb-pod-1565,1713
1742,create,paib-gpu/openb-pod-7889,1714
1743,create,paib-gpu/openb-pod-5656,1715
1744,create,paib-gpu/openb-pod-0248,1716
1745,create,paib-gpu/openb-pod-0682,1717
1746,failed,paib-gpu/openb-pod-1852,1717
1747,create,paib-gpu/openb-pod-2710,1718
1748,create,paib-gpu/openb-pod-4828,1719
1749,create,paib-gpu/openb-pod-1813,1720
1750,create,paib-gpu/openb-pod-7440,1721
1751,create,paib-gpu/openb-pod-7302,1722
1752,create,paib-gpu/openb-pod-2217,1723
1753,create,paib-gpu/openb-pod-2055,1724
1754,create,paib-gpu/openb-pod-0306,1725
1755,create,paib-gpu/openb-pod-2931,1726
1756,create,paib-gpu/openb-pod-7137,1727
1757,create,paib-gpu/openb-pod-0689,1728
1758,create,paib-gpu/openb-pod-3013,1729
1759,create,paib-gpu/openb-pod-7805,1730
1760,create,paib-gpu/openb-pod-1249,1731
1761,create,paib-gpu/openb-pod-4874,1732
1762,create,paib-gpu/openb-pod-7166,1733
1763,create,paib-gpu/openb-pod-2279,1734
1764,create,paib-gpu/openb-pod-3978,1735
1765,create,paib-gpu/openb-pod-2795,1736
1766,create,paib-gpu/openb-pod-2392,1737
1767,create,paib-gpu/openb-pod-6869,1738
1768,create,paib-gpu/openb-pod-7233,1739
1769,create,paib-gpu/openb-pod-1196,1740
1770,create,paib-gpu/openb-pod-6301,1741
1771,create,paib-gpu/openb-pod-7588,1742
1772,create,paib-gpu/openb-pod-1329,1743
1773,create,paib-gpu/openb-pod-4294,1744
1774,create,paib-gpu/openb-pod-4235,1745
1775,failed,paib-gpu/openb-pod-6815,1745
1776,create,paib-gpu/openb-pod-1680,1746
1777,create,paib-gpu/openb-pod-4252,1747
1778,create,paib-gpu/openb-pod-7340,1748
1779,create,paib-gpu/openb-pod-3553,1749
1780,create,paib-gpu/openb-pod-2342,1750
1781,create,paib-gpu/openb-pod-1301,1751
1782,create,paib-gpu/openb-pod-7652,1752
1783,create,paib-gpu/openb-pod-1627,1753
1784,create,paib-gpu/openb-pod-3753,1754
1785,create,paib-gpu/openb-pod-0381,1755
1786,create,paib-gpu/openb-pod-1340,1756
1787,create,paib-gpu/openb-pod-6010,1757
1788,create,paib-gpu/openb-pod-1889,1758
1789,create,paib-gpu/openb-pod-3455,1759
1790,create,paib-gpu/openb-pod-4655,1760
1791,create,paib-gpu/openb-pod-7723,1761
1792,create,paib-gpu/openb-pod-5478,1762
1793,create,paib-gpu/openb-pod-6925,1763
1794,failed,paib-gpu/openb-pod-1925,1763
1795,create,paib-gpu/openb-pod-5014,1764
1796,create,paib-gpu/openb-pod-1847,1765
1797,create,paib-gpu/openb-pod-2028,1766
1798,create,paib-gpu/openb-pod-1682,1767
1799,create,paib-gpu/openb-pod-7150,1768
1800,create,paib-gpu/openb-pod-1202,1769
1801,create,paib-gpu/openb-pod-1900,1770
1802,create,paib-gpu/openb-pod-4458,1771
1803,create,paib-gpu/openb-pod-5207,1772
1804,create,paib-gpu/openb-pod-4967,1773
1805,failed,paib-gpu/openb-pod-7350,1773
1806,create,paib-gpu/openb-pod-7312,1774
1807,create,paib-gpu/openb-pod-7511,1775
1808,create,paib-gpu/openb-pod-0239,1776
1809,create,paib-gpu/openb-pod-1948,1777
1810,create,paib-gpu/openb-pod-6107,1778
1811,create,paib-gpu/openb-pod-1785,1779
1812,create,paib-gpu/openb-pod-6381,1780
1813,create,paib-gpu/openb-pod-1607,1781
1814,create,paib-gpu/openb-pod-2228,1782
1815,create,paib-gpu/openb-pod-7924,1783
1816,create,paib-gpu/openb-pod-4161,1784
1817,create,paib-gpu/openb-pod-7838,1785
1818,create,paib-gpu/openb-pod-1912,1786
1819,failed,paib-gpu/openb-pod-2445,1786
1820,create,paib-gpu/openb-pod-6701,1787
1821,create,paib-gpu/openb-pod-2105,1788
1822,create,paib-gpu/openb-pod-3816,1789
1823,create,paib-gpu/openb-pod-5740,1790
1824,create,paib-gpu/openb-pod-7443,1791
1825,failed,paib-gpu/openb-pod-3700,1791
1826,failed,paib-gpu/openb-pod-4850,1791
1827,failed,paib-gpu/openb-pod-5889,1791
1828,create,paib-gpu/openb-pod-6744,1792
1829,create,paib-gpu/openb-pod-0017,1793
1830,create,paib-gpu/openb-pod-0971,1794
1831,failed,paib-gpu/openb-pod-5991,1794
1832,failed,paib-gpu/openb-pod-7338,1794
1833,create,paib-gpu/openb-pod-0193,1795
1834,create,paib-gpu/openb-pod-0440,1796
1835,create,paib-gpu/openb-pod-5964,1797
1836,create,paib-gpu/openb-pod-7253,1798
1837,create,paib-gpu/openb-pod-7567,1799
1838,create,paib-gpu/openb-pod-5653,1800
1839,failed,paib-gpu/openb-pod-3093,1800
1840,create,paib-gpu/openb-pod-2004,1801
1841,create,paib-gpu/openb-pod-2185,1802
1842,create,paib-gpu/openb-pod-2162,1803
1843,create,paib-gpu/openb-pod-7120,1804
1844,failed,paib-gpu/openb-pod-0474,1804
1845,create,paib-gpu/openb-pod-3741,1805
1846,failed,paib-gpu/openb-pod-4841,1805
1847,failed,paib-gpu/openb-pod-5084,1805
1848,create,paib-gpu/openb-pod-7430,1806
1849,create,paib-gpu/openb-pod-4477,1807
1850,create,paib-gpu/openb-pod-5112,1808
1851,create,paib-gpu/openb-pod-3705,1809
1852,create,paib-gpu/openb-pod-7801,1810
1853,create,paib-gpu/openb-pod-5859,1811
1854,create,paib-gpu/openb-pod-3628,1812
1855,create,paib-gpu/openb-pod-4266,1813
1856,create,paib-gpu/openb-pod-3727,1814
1857,create,paib-gpu/openb-pod-7938,1815
1858,create,paib-gpu/openb-pod-0460,1816
1859,create,paib-gpu/openb-pod-6331,1817
1860,create,paib-gpu/openb-pod-5988,1818
1861,failed,paib-gpu/openb-pod-2812,1818
1862,create,paib-gpu/openb-pod-5006,1819
1863,create,paib-gpu/openb-pod-1970,1820
1864,create,paib-gpu/openb-pod-3490,1821
1865,create,paib-gpu/openb-pod-3328,1822
1866,create,paib-gpu/openb-pod-5491,1823
1867,create,paib-gpu/openb-pod-2988,1824
1868,create,paib-gpu/openb-pod-0591,1825
1869,create,paib-gpu/openb-pod-2139,1826
1870,create,paib-gpu/openb-pod-4051,1827
1871,create,paib-gpu/openb-pod-7639,1828
1872,create,paib-gpu/openb-pod-3214,1829
1873,create,paib-gpu/openb-pod-3157,1830
1874,create,paib-gpu/openb-pod-1316,1831
1875,create,paib-gpu/openb-pod-3491,1832
1876,create,paib-gpu/openb-pod-3537,1833
1877,create,paib-gpu/openb-pod-4278,1834
1878,create,paib-gpu/openb-pod-6120,1835
1879,create,paib-gpu/openb-pod-7046,1836
1880,create,paib-gpu/openb-pod-1679,1837
1881,create,paib-gpu/openb-pod-2904,1838
1882,create,paib-gpu/openb-pod-8047,1839
1883,create,paib-gpu/openb-pod-5250,1840
1884,create,paib-gpu/openb-pod-6247,1841
1885,create,paib-gpu/openb-pod-6753,1842
1886,create,paib-gpu/openb-pod-2413,1843
1887,create,paib-gpu/openb-pod-2952,1844
1888,create,paib-gpu/openb-pod-2074,1845
1889,create,paib-gpu/openb-pod-2756,1846
1890,create,paib-gpu/openb-pod-2405,1847
1891,failed,paib-gpu/openb-pod-5811,1847
1892,create,paib-gpu/openb-pod-0683,1848
1893,create,paib-gpu/openb-pod-8013,1849
1894,create,paib-gpu/openb-pod-2364,1850
1895,create,paib-gpu/openb-pod-5586,1851
1896,create,paib-gpu/openb-pod-2146,1852
1897,create,paib-gpu/openb-pod-5131,1853
1898,create,paib-gpu/openb-pod-2678,1854
1899,create,paib-gpu/openb-pod-1410,1855
1900,create,paib-gpu/openb-pod-1612,1856
1901,create,paib-gpu/openb-pod-0092,1857
1902,create,paib-gpu/openb-pod-4736,1858
1903,failed,paib-gpu/openb-pod-6901,1858
1904,create,paib-gpu/openb-pod-7010,1859
1905,create,paib-gpu/openb-pod-1133,1860
1906,create,paib-gpu/openb-pod-4226,1861
1907,create,paib-gpu/openb-pod-5329,1862
1908,create,paib-gpu/openb-pod-8132,1863
1909,create,paib-gpu/openb-pod-6437,1864
1910,create,paib-gpu/openb-pod-3473,1865
1911,create,paib-gpu/openb-pod-5921,1866
1912,create,paib-gpu/openb-pod-0957,1867
1913,create,paib-gpu/openb-pod-7833,1868
1914,create,paib-gpu/openb-pod-7498,1869
1915,create,paib-gpu/openb-pod-0036,1870
1916,create,paib-gpu/openb-pod-1561,1871
1917,failed,paib-gpu/openb-pod-5823,1871
1918,create,paib-gpu/openb-pod-1499,1872
1919,create,paib-gpu/openb-pod-6757,1873
1920,failed,paib-gpu/openb-pod-1567,1873
1921,create,paib-gpu/openb-pod-3516,1874
1922,create,paib-gpu/openb-pod-1861,1875
1923,create,paib-gpu/openb-pod-2968,1876
1924,create,paib-gpu/openb-pod-7388,1877
1925,failed,paib-gpu/openb-pod-0032,1877
1926,create,paib-gpu/openb-pod-6767,1878
1927,create,paib-gpu/openb-pod-0435,1879
1928,create,paib-gpu/openb-pod-0127,1880
1929,create,paib-gpu/openb-pod-6364,1881
1930,create,paib-gpu/openb-pod-0385,1882
1931,create,paib-gpu/openb-pod-6342,1883
1932,create,paib-gpu/openb-pod-2553,1884
1933,create,paib-gpu/openb-pod-1480,1885
1934,create,paib-gpu/openb-pod-5969,1886
1935,create,paib-gpu/openb-pod-7568,1887
1936,create,paib-gpu/openb-pod-3979,1888
1937,failed,paib-gpu/openb-pod-3489,1888
1938,failed,paib-gpu/openb-pod-7364,1888
1939,failed,paib-gpu/openb-pod-2880,1888
1940,create,paib-gpu/openb-pod-4212,1889
1941,create,paib-gpu/openb-pod-6047,1890
1942,create,paib-gpu/openb-pod-2916,1891
1943,create,paib-gpu/openb-pod-2708,1892
1944,create,paib-gpu/openb-pod-6067,1893
1945,create,paib-gpu/openb-pod-2194,1894
1946,create,paib-gpu/openb-pod-7459,1895
1947,failed,paib-gpu/openb-pod-5880,1895
1948,failed,paib-gpu/openb-pod-7517,1895
1949,create,paib-gpu/openb-pod-2071,1896
1950,create,paib-gpu/openb-pod-7005,1897
1951,create,paib-gpu/openb-pod-5696,1898
1952,create,paib-gpu/openb-pod-4821,1899
1953,create,paib-gpu/openb-pod-4893,1900
1954,create,paib-gpu/openb-pod-3373,1901
1955,create,paib-gpu/openb-pod-2595,1902
1956,create,paib-gpu/openb-pod-0928,1903
1957,failed,paib-gpu/openb-pod-5426,1903
1958,failed,paib-gpu/openb-pod-1800,1903
1959,create,paib-gpu/openb-pod-7587,1904
1960,create,paib-gpu/openb-pod-0707,1905
1961,create,paib-gpu/openb-pod-5927,1906
1962,create,paib-gpu/openb-pod-6355,1907
1963,create,paib-gpu/openb-pod-2772,1908
1964,create,paib-gpu/openb-pod-7168,1909
1965,create,paib-gpu/openb-pod-7079,1910
1966,create,paib-gpu/openb-pod-7414,1911
1967,create,paib-gpu/openb-pod-2551,1912
1968,create,paib-gpu/openb-pod-0269,1913
1969,create,paib-gpu/openb-pod-4169,1914
1970,create,paib-gpu/openb-pod-5562,1915
1971,create,paib-gpu/openb-pod-7418,1916
1972,create,paib-gpu/openb-pod-1473,1917
1973,failed,paib-gpu/openb-pod-7320,1917
1974,create,paib-gpu/openb-pod-0837,1918
1975,create,paib-gpu/openb-pod-2242,1919
1976,create,paib-gpu/openb-pod-6888,1920
1977,create,paib-gpu/openb-pod-2664,1921
1978,create,paib-gpu/openb-pod-0916,1922
1979,failed,paib-gpu/openb-pod-1974,1922
1980,create,paib-gpu/openb-pod-0387,1923
1981,create,paib-gpu/openb-pod-4205,1924
1982,create,paib-gpu/openb-pod-4018,1925
1983,create,paib-gpu/openb-pod-6638,1926
1984,create,paib-gpu/openb-pod-4421,1927
1985,create,paib-gpu/openb-pod-1262,1928
1986,create,paib-gpu/openb-pod-0690,1929
1987,create,paib-gpu/openb-pod-3301,1930
1988,create,paib-gpu/openb-pod-4156,1931
1989,failed,paib-gpu/openb-pod-4259,1931
1990,create,paib-gpu/openb-pod-1674,1932
1991,create,paib-gpu/openb-pod-0031,1933
1992,create,paib-gpu/openb-pod-3873,1934
1993,create,paib-gpu/openb-pod-2508,1935
1994,create,paib-gpu/openb-pod-5081,1936
1995,create,paib-gpu/openb-pod-1834,1937
1996,failed,paib-gpu/openb-pod-0121,1937
1997,create,paib-gpu/openb-pod-4692,1938
1998,create,paib-gpu/openb-pod-2701,1939
1999,failed,paib-gpu/openb-pod-4491,1939
2000,create,paib-gpu/openb-pod-0349,1940
2001,create,paib-gpu/openb-pod-2490,1941
2002,failed,paib-gpu/openb-pod-6123,1941
2003,create,paib-gpu/openb-pod-0380,1942
2004,failed,paib-gpu/openb-pod-5231,1942
2005,failed,paib-gpu/openb-pod-0358,1942
2006,create,paib-gpu/openb-pod-2729,1943
2007,create,paib-gpu/openb-pod-0215,1944
2008,create,paib-gpu/openb-pod-7595,1945
2009,create,paib-gpu/openb-pod-0920,1946
2010,create,paib-gpu/openb-pod-5914,1947
2011,create,paib-gpu/openb-pod-0608,1948
2012,create,paib-gpu/openb-pod-3160,1949
2013,create,paib-gpu/openb-pod-6100,1950
2014,create,paib-gpu/openb-pod-4572,1951
2015,failed,paib-gpu/openb-pod-0463,1951
2016,create,paib-gpu/openb-pod-6044,1952
2017,failed,paib-gpu/openb-pod-2410,1952
2018,create,paib-gpu/openb-pod-2923,1953
2019,create,paib-gpu/openb-pod-7501,1954
2020,create,paib-gpu/openb-pod-1307,1955
2021,create,paib-gpu/openb-pod-2529,1956
2022,create,paib-gpu/openb-pod-6064,1957
2023,create,paib-gpu/openb-pod-6887,1958
2024,create,paib-gpu/openb-pod-1111,1959
2025,create,paib-gpu/openb-pod-4311,1960
2026,create,paib-gpu/openb-pod-5982,1961
2027,create,paib-gpu/openb-pod-7041,1962
2028,create,paib-gpu/openb-pod-2882,1963
2029,create,paib-gpu/openb-pod-6729,1964
2030,create,paib-gpu/openb-pod-3398,1965
2031,create,paib-gpu/openb-pod-7533,1966
2032,create,paib-gpu/openb-pod-1388,1967
2033,create,paib-gpu/openb-pod-7014,1968
2034,create,paib-gpu/openb-pod-5003,1969
2035,create,paib-gpu/openb-pod-2770,1970
2036,create,paib-gpu/openb-pod-7934,1971
2037,create,paib-gpu/openb-pod-2172,1972
2038,create,paib-gpu/openb-pod-2096,1973
2039,failed,paib-gpu/openb-pod-5765,1973
2040,create,paib-gpu/openb-pod-5677,1974
2041,create,paib-gpu/openb-pod-0948,1975
2042,create,paib-gpu/openb-pod-7249,1976
2043,create,paib-gpu/openb-pod-0426,1977
2044,failed,paib-gpu/openb-pod-4592,1977
2045,create,paib-gpu/openb-pod-3221,1978
2046,create,paib-gpu/openb-pod-0120,1979
2047,create,paib-gpu/openb-pod-6539,1980
2048,create,paib-gpu/openb-pod-0072,1981
2049,create,paib-gpu/openb-pod-4910,1982
2050,create,paib-gpu/openb-pod-5898,1983
2051,create,paib-gpu/openb-pod-2187,1984
2052,create,paib-gpu/openb-pod-7789,1985
2053,create,paib-gpu/openb-pod-7479,1986
2054,create,paib-gpu/openb-pod-5907,1987
2055,create,paib-gpu/openb-pod-5167,1988
2056,failed,paib-gpu/openb-pod-5124,1988
2057,create,paib-gpu/openb-pod-0327,1989
2058,create,paib-gpu/openb-pod-6891,1990
2059,create,paib-gpu/openb-pod-4575,1991
2060,create,paib-gpu/openb-pod-3924,1992
2061,create,paib-gpu/openb-pod-2994,1993
2062,create,paib-gpu/openb-pod-8033,1994
2063,create,paib-gpu/openb-pod-3458,1995
2064,create,paib-gpu/openb-pod-5593,1996
2065,failed,paib-gpu/openb-pod-0994,1996
2066,failed,paib-gpu/openb-pod-8145,1996
2067,create,paib-gpu/openb-pod-1457,1997
2068,create,paib-gpu/openb-pod-5390,1998
2069,create,paib-gpu/openb-pod-7591,1999
2070,create,paib-gpu/openb-pod-0826,2000
2071,create,paib-gpu/openb-pod-3011,2001
2072,create,paib-gpu/openb-pod-5801,2002
2073,create,paib-gpu/openb-pod-7943,2003
2074,create,paib-gpu/openb-pod-0738,2004
2075,create,paib-gpu/openb-pod-1655,2005
2076,create,paib-gpu/openb-pod-0195,2006
2077,create,paib-gpu/openb-pod-3369,2007
2078,create,paib-gpu/openb-pod-7185,2008
2079,failed,paib-gpu/openb-pod-7265,2008
2080,create,paib-gpu/openb-pod-3311,2009
2081,create,paib-gpu/openb-pod-2854,2010
2082,create,paib-gpu/openb-pod-1010,2011
2083,create,paib-gpu/openb-pod-1540,2012
2084,create,paib-gpu/openb-pod-0685,2013
2085,create,paib-gpu/openb-pod-6989,2014
2086,create,paib-gpu/openb-pod-4793,2015
2087,create,paib-gpu/openb-pod-4404,2016
2088,create,paib-gpu/openb-pod-4426,2017
2089,create,paib-gpu/openb-pod-7877,2018
2090,create,paib-gpu/openb-pod-0610,2019
2091,create,paib-gpu/openb-pod-7819,2020
2092,create,paib-gpu/openb-pod-2348,2021
2093,create,paib-gpu/openb-pod-7243,2022
2094,create,paib-gpu/openb-pod-7136,2023
2095,create,paib-gpu/openb-pod-5383,2024
2096,create,paib-gpu/openb-pod-4288,2025
2097,create,paib-gpu/openb-pod-2817,2026
2098,failed,paib-gpu/openb-pod-3832,2026
2099,create,paib-gpu/openb-pod-5265,2027
2100,create,paib-gpu/openb-pod-7972,2028
2101,create,paib-gpu/openb-pod-8041,2029
2102,failed,paib-gpu/openb-pod-5756,2029
2103,create,paib-gpu/openb-pod-4819,2030
2104,create,paib-gpu/openb-pod-3266,2031
2105,failed,paib-gpu/openb-pod-5798,2031
2106,create,paib-gpu/openb-pod-3436,2032
2107,create,paib-gpu/openb-pod-3487,2033
2108,failed,paib-gpu/openb-pod-5458,2033
2109,create,paib-gpu/openb-pod-4764,2034
2110,create,paib-gpu/openb-pod-6272,2035
2111,create,paib-gpu/openb-pod-2443,2036
2112,create,paib-gpu/openb-pod-0290,2037
2113,create,paib-gpu/openb-pod-3469,2038
2114,create,paib-gpu/openb-pod-3123,2039
2115,create,paib-gpu/openb-pod-6433,2040
2116,create,paib-gpu/openb-pod-2429,2041
2117,create,paib-gpu/openb-pod-2906,2042
2118,create,paib-gpu/openb-pod-1238,2043
2119,create,paib-gpu/openb-pod-2293,2044
2120,create,paib-gpu/openb-pod-6178,2045
2121,failed,paib-gpu/openb-pod-6308,2045
2122,create,paib-gpu/openb-pod-6461,2046
2123,create,paib-gpu/openb-pod-1367,2047
2124,create,paib-gpu/openb-pod-1765,2048
2125,create,paib-gpu/openb-pod-3657,2049
2126,failed,paib-gpu/openb-pod-0783,2049
2127,create,paib-gpu/openb-pod-4044,2050
2128,create,paib-gpu/openb-pod-3717,2051
2129,create,paib-gpu/openb-pod-4855,2052
2130,create,paib-gpu/openb-pod-2891,2053
2131,create,paib-gpu/openb-pod-1587,2054
2132,create,paib-gpu/openb-pod-5237,2055
2133,create,paib-gpu/openb-pod-5282,2056
2134,create,paib-gpu/openb-pod-7343,2057
2135,create,paib-gpu/openb-pod-5985,2058
2136,create,paib-gpu/openb-pod-6521,2059
2137,create,paib-gpu/openb-pod-8038,2060
2138,create,paib-gpu/openb-pod-3928,2061
2139,create,paib-gpu/openb-pod-4216,2062
2140,failed,paib-gpu/openb-pod-4356,2062
2141,create,paib-gpu/openb-pod-6351,2063
2142,create,paib-gpu/openb-pod-2306,2064
2143,create,paib-gpu/openb-pod-7447,2065
2144,create,paib-gpu/openb-pod-5624,2066
2145,failed,paib-gpu/openb-pod-5652,2066
2146,create,paib-gpu/openb-pod-6175,2067
2147,create,paib-gpu/openb-pod-6937,2068
2148,failed,paib-gpu/openb-pod-1397,2068
2149,create,paib-gpu/openb-pod-0940,2069
2150,create,paib-gpu/openb-pod-2918,2070
2151,create,paib-gpu/openb-pod-7147,2071
2152,create,paib-gpu/openb-pod-4146,2072
2153,failed,paib-gpu/openb-pod-1403,2072
2154,create,paib-gpu/openb-pod-4594,2073
2155,create,paib-gpu/openb-pod-3441,2074
2156,create,paib-gpu/openb-pod-4977,2075
2157,create,paib-gpu/openb-pod-0644,2076
2158,create,paib-gpu/openb-pod-6297,2077
2159,create,paib-gpu/openb-pod-4857,2078
2160,create,paib-gpu/openb-pod-2432,2079
2161,create,paib-gpu/openb-pod-4608,2080
2162,create,paib-gpu/openb-pod-1123,2081
2163,create,paib-gpu/openb-pod-3197,2082
2164,create,paib-gpu/openb-pod-1760,2083
2165,create,paib-gpu/openb-pod-0662,2084
2166,create,paib-gpu/openb-pod-3071,2085
2167,create,paib-gpu/openb-pod-0343,2086
2168,create,paib-gpu/openb-pod-5860,2087
2169,create,paib-gpu/openb-pod-1891,2088
2170,create,paib-gpu/openb-pod-6885,2089
2171,create,paib-gpu/openb-pod-6940,2090
2172,create,paib-gpu/openb-pod-3976,2091
2173,create,paib-gpu/openb-pod-2888,2092
2174,create,paib-gpu/openb-pod-4657,2093
2175,create,paib-gpu/openb-pod-4324,2094
2176,create,paib-gpu/openb-pod-4816,2095
2177,create,paib-gpu/openb-pod-2191,2096
2178,create,paib-gpu/openb-pod-6204,2097
2179,failed,paib-gpu/openb-pod-5100,2097
2180,create,paib-gpu/openb-pod-3201,2098
2181,create,paib-gpu/openb-pod-4521,2099
2182,create,paib-gpu/openb-pod-2436,2100
2183,create,paib-gpu/openb-pod-7604,2101
2184,create,paib-gpu/openb-pod-1902,2102
2185,create,paib-gpu/openb-pod-1351,2103
2186,failed,paib-gpu/openb-pod-3493,2103
2187,create,paib-gpu/openb-pod-4342,2104
2188,create,paib-gpu/openb-pod-2325,2105
2189,create,paib-gpu/openb-pod-5962,2106
2190,create,paib-gpu/openb-pod-7413,2107
2191,failed,paib-gpu/openb-pod-5679,2107
2192,create,paib-gpu/openb-pod-7470,2108
2193,failed,paib-gpu/openb-pod-7209,2108
2194,create,paib-gpu/openb-pod-0012,2109
2195,create,paib-gpu/openb-pod-4937,2110
2196,create,paib-gpu/openb-pod-1447,2111
2197,create,paib-gpu/openb-pod-0078,2112
2198,create,paib-gpu/openb-pod-3113,2113
2199,create,paib-gpu/openb-pod-2180,2114
2200,create,paib-gpu/openb-pod-7949,2115
2201,create,paib-gpu/openb-pod-2561,2116
2202,create,paib-gpu/openb-pod-0197,2117
2203,create,paib-gpu/openb-pod-5645,2118
2204,create,paib-gpu/openb-pod-4429,2119
2205,failed,paib-gpu/openb-pod-7558,2119
2206,create,paib-gpu/openb-pod-0173,2120
2207,create,paib-gpu/openb-pod-4101,2121
2208,create,paib-gpu/openb-pod-0743,2122
2209,create,paib-gpu/openb-pod-5219,2123
2210,create,paib-gpu/openb-pod-6777,2124
2211,create,paib-gpu/openb-pod-4180,2125
2212,create,paib-gpu/openb-pod-3007,2126
2213,create,paib-gpu/openb-pod-4232,2127
2214,failed,paib-gpu/openb-pod-0018,2127
2215,create,paib-gpu/openb-pod-6387,2128
2216,create,paib-gpu/openb-pod-3897,2129
2217,create,paib-gpu/openb-pod-2262,2130
2218,failed,paib-gpu/openb-pod-5553,2130
2219,create,paib-gpu/openb-pod-4732,2131
2220,create,paib-gpu/openb-pod-3232,2132
2221,create,paib-gpu/openb-pod-6427,2133
2222,create,paib-gpu/openb-pod-6233,2134
2223,create,paib-gpu/openb-pod-4610,2135
2224,create,paib-gpu/openb-pod-2627,2136
2225,failed,paib-gpu/openb-pod-4565,2136
2226,create,paib-gpu/openb-pod-6721,2137
2227,failed,paib-gpu/openb-pod-5684,2137
2228,create,paib-gpu/openb-pod-3086,2138
2229,create,paib-gpu/openb-pod-4983,2139
2230,create,paib-gpu/openb-pod-4274,2140
2231,create,paib-gpu/openb-pod-5196,2141
2232,create,paib-gpu/openb-pod-1181,2142
2233,create,paib-gpu/openb-pod-3716,2143
2234,create,paib-gpu/openb-pod-1773,2144
2235,create,paib-gpu/openb-pod-2640,2145
2236,create,paib-gpu/openb-pod-6961,2146
2237,failed,paib-gpu/openb-pod-5879,2146
2238,create,paib-gpu/openb-pod-2796,2147
2239,create,paib-gpu/openb-pod-1713,2148
2240,create,paib-gpu/openb-pod-2289,2149
2241,create,paib-gpu/openb-pod-7021,2150
2242,create,paib-gpu/openb-pod-5477,2151
2243,create,paib-gpu/openb-pod-8139,2152
2244,create,paib-gpu/openb-pod-3261,2153
2245,create,paib-gpu/openb-pod-5993,2154
2246,create,paib-gpu/openb-pod-4882,2155
2247,create,paib-gpu/openb-pod-0396,2156
2248,create,paib-gpu/openb-pod-6205,2157
2249,create,paib-gpu/openb-pod-1117,2158
2250,failed,paib-gpu/openb-pod-1770,2158
2251,create,paib-gpu/openb-pod-6140,2159
2252,failed,paib-gpu/openb-pod-3374,2159
2253,create,paib-gpu/openb-pod-0476,2160
2254,create,paib-gpu/openb-pod-1994,2161
2255,create,paib-gpu/openb-pod-4092,2162
2256,create,paib-gpu/openb-pod-2284,2163
2257,create,paib-gpu/openb-pod-7939,2164
2258,create,paib-gpu/openb-pod-6508,2165
2259,create,paib-gpu/openb-pod-2434,2166
2260,create,paib-gpu/openb-pod-1525,2167
2261,create,paib-gpu/openb-pod-6446,2168
2262,create,paib-gpu/openb-pod-0884,2169
2263,create,paib-gpu/openb-pod-4837,2170
2264,create,paib-gpu/openb-pod-5701,2171
2265,create,paib-gpu/openb-pod-6043,2172
2266,create,paib-gpu/openb-pod-3413,2173
2267,failed,paib-gpu/openb-pod-1753,2173
2268,create,paib-gpu/openb-pod-6561,2174
2269,create,paib-gpu/openb-pod-5745,2175
2270,create,paib-gpu/openb-pod-4798,2176
2271,create,paib-gpu/openb-pod-7638,2177
2272,create,paib-gpu/openb-pod-0244,2178
2273,create,paib-gpu/openb-pod-0631,2179
2274,create,paib-gpu/openb-pod-2099,2180
2275,create,paib-gpu/openb-pod-1976,2181
2276,create,paib-gpu/openb-pod-6038,2182
2277,create,paib-gpu/openb-pod-0411,2183
2278,create,paib-gpu/openb-pod-8064,2184
2279,create,paib-gpu/openb-pod-6357,2185
2280,create,paib-gpu/openb-pod-5248,2186
2281,create,paib-gpu/openb-pod-1758,2187
2282,create,paib-gpu/openb-pod-3776,2188
2283,create,paib-gpu/openb-pod-3290,2189
2284,create,paib-gpu/openb-pod-5108,2190
2285,create,paib-gpu/openb-pod-3679,2191
2286,create,paib-gpu/openb-pod-3383,2192
2287,create,paib-gpu/openb-pod-6811,2193
2288,create,paib-gpu/openb-pod-6718,2194
2289,create,paib-gpu/openb-pod-7052,2195
2290,create,paib-gpu/openb-pod-1798,2196
2291,create,paib-gpu/openb-pod-0053,2197
2292,create,paib-gpu/openb-pod-3378,2198
2293,create,paib-gpu/openb-pod-2750,2199
2294,create,paib-gpu/openb-pod-0186,2200
2295,create,paib-gpu/openb-pod-1747,2201
2296,create,paib-gpu/openb-pod-4716,2202
2297,failed,paib-gpu/openb-pod-3904,2202
2298,create,paib-gpu/openb-pod-1697,2203
2299,create,paib-gpu/openb-pod-5580,2204
2300,create,paib-gpu/openb-pod-2353,2205
2301,create,paib-gpu/openb-pod-0740,2206
2302,create,paib-gpu/openb-pod-0724,2207
2303,create,paib-gpu/openb-pod-2598,2208
2304,create,paib-gpu/openb-pod-4031,2209
2305,create,paib-gpu/openb-pod-1953,2210
2306,create,paib-gpu/openb-pod-6704,2211
2307,create,paib-gpu/openb-pod-5019,2212
2308,create,paib-gpu/openb-pod-6715,2213
2309,create,paib-gpu/openb-pod-6106,2214
2310,create,paib-gpu/openb-pod-2087,2215
2311,create,paib-gpu/openb-pod-5256,2216
2312,create,paib-gpu/openb-pod-3843,2217
2313,create,paib-gpu/openb-pod-3968,2218
2314,create,paib-gpu/openb-pod-6801,2219
2315,create,paib-gpu/openb-pod-7466,2220
2316,create,paib-gpu/openb-pod-6709,2221
2317,create,paib-gpu/openb-pod-6471,2222
2318,create,paib-gpu/openb-pod-5779,2223
2319,create,paib-gpu/openb-pod-5197,2224
2320,create,paib-gpu/openb-pod-3982,2225
2321,create,paib-gpu/openb-pod-4885,2226
2322,create,paib-gpu/openb-pod-1832,2227
2323,create,paib-gpu/openb-pod-3611,2228
2324,create,paib-gpu/openb-pod-6220,2229
2325,create,paib-gpu/openb-pod-3555,2230
2326,create,paib-gpu/openb-pod-3650,2231
2327,create,paib-gpu/openb-pod-3190,2232
2328,failed,paib-gpu/openb-pod-0953,2232
2329,create,paib-gpu/openb-pod-1489,2233
2330,create,paib-gpu/openb-pod-2283,2234
2331,create,paib-gpu/openb-pod-0258,2235
2332,create,paib-gpu/openb-pod-0536,2236
2333,create,paib-gpu/openb-pod-3506,2237
2334,create,paib-gpu/openb-pod-4717,2238
2335,create,paib-gpu/openb-pod-7851,2239
2336,create,paib-gpu/openb-pod-6199,2240
2337,create,paib-gpu/openb-pod-2063,2241
2338,create,paib-gpu/openb-pod-2232,2242
2339,create,paib-gpu/openb-pod-6986,2243
2340,create,paib-gpu/openb-pod-4754,2244
2341,create,paib-gpu/openb-pod-2093,2245
2342,create,paib-gpu/openb-pod-6840,2246
2343,failed,paib-gpu/openb-pod-0043,2246
2344,create,paib-gpu/openb-pod-0090,2247
2345,create,paib-gpu/openb-pod-1215,2248
2346,create,paib-gpu/openb-pod-4487,2249
2347,create,paib-gpu/openb-pod-2155,2250
2348,create,paib-gpu/openb-pod-2838,2251
2349,create,paib-gpu/openb-pod-1437,2252
2350,create,paib-gpu/openb-pod-0800,2253
2351,create,paib-gpu/openb-pod-7149,2254
2352,create,paib-gpu/openb-pod-6114,2255
2353,create,paib-gpu/openb-pod-6051,2256
2354,create,paib-gpu/openb-pod-7015,2257
2355,create,paib-gpu/openb-pod-5802,2258
2356,create,paib-gpu/openb-pod-7841,2259
2357,failed,paib-gpu/openb-pod-1186,2259
2358,create,paib-gpu/openb-pod-5466,2260
2359,create,paib-gpu/openb-pod-1924,2261
2360,create,paib-gpu/openb-pod-5930,2262
2361,create,paib-gpu/openb-pod-1654,2263
2362,create,paib-gpu/openb-pod-7729,2264
2363,create,paib-gpu/openb-pod-4405,2265
2364,create,paib-gpu/openb-pod-5978,2266
2365,create,paib-gpu/openb-pod-0268,2267
2366,create,paib-gpu/openb-pod-3249,2268
2367,create,paib-gpu/openb-pod-1528,2269
2368,create,paib-gpu/openb-pod-2020,2270
2369,create,paib-gpu/openb-pod-6280,2271
2370,create,paib-gpu/openb-pod-6001,2272
2371,create,paib-gpu/openb-pod-1421,2273
2372,create,paib-gpu/openb-pod-1064,2274
2373,create,paib-gpu/openb-pod-1512,2275
2374,create,paib-gpu/openb-pod-0650,2276
2375,failed,paib-gpu/openb-pod-2518,2276
2376,create,paib-gpu/openb-pod-4445,2277
2377,create,paib-gpu/openb-pod-6670,2278
2378,create,paib-gpu/openb-pod-5294,2279
2379,create,paib-gpu/openb-pod-7089,2280
2380,create,paib-gpu/openb-pod-2199,2281
2381,create,paib-gpu/openb-pod-2052,2282
2382,create,paib-gpu/openb-pod-1243,2283
2383,create,paib-gpu/openb-pod-7011,2284
2384,create,paib-gpu/openb-pod-7428,2285
2385,create,paib-gpu/openb-pod-2253,2286
2386,create,paib-gpu/openb-pod-1191,2287
2387,create,paib-gpu/openb-pod-2599,2288
2388,create,paib-gpu/openb-pod-1359,2289
2389,create,paib-gpu/openb-pod-0342,2290
2390,create,paib-gpu/openb-pod-2265,2291
2391,create,paib-gpu/openb-pod-5279,2292
2392,create,paib-gpu/openb-pod-7361,2293
2393,create,paib-gpu/openb-pod-5713,2294
2394,create,paib-gpu/openb-pod-3737,2295
2395,create,paib-gpu/openb-pod-5723,2296
2396,create,paib-gpu/openb-pod-2675,2297
2397,create,paib-gpu/openb-pod-8116,2298
2398,create,paib-gpu/openb-pod-0558,2299
2399,create,paib-gpu/openb-pod-0860,2300
2400,create,paib-gpu/openb-pod-3377,2301
2401,create,paib-gpu/openb-pod-0752,2302
2402,create,paib-gpu/openb-pod-7911,2303
2403,create,paib-gpu/openb-pod-0996,2304
2404,failed,paib-gpu/openb-pod-5773,2304
2405,create,paib-gpu/openb-pod-5109,2305
2406,create,paib-gpu/openb-pod-6808,2306
2407,create,paib-gpu/openb-pod-2386,2307
2408,create,paib-gpu/openb-pod-5599,2308
2409,create,paib-gpu/openb-pod-5229,2309
2410,create,paib-gpu/openb-pod-4993,2310
2411,create,paib-gpu/openb-pod-1281,2311
2412,create,paib-gpu/openb-pod-2209,2312
2413,create,paib-gpu/openb-pod-4306,2313
2414,create,paib-gpu/openb-pod-4322,2314
2415,failed,paib-gpu/openb-pod-0687,2314
2416,create,paib-gpu/openb-pod-3797,2315
2417,create,paib-gpu/openb-pod-4215,2316
2418,failed,paib-gpu/openb-pod-4385,2316
2419,create,paib-gpu/openb-pod-7590,2317
2420,create,paib-gpu/openb-pod-1787,2318
2421,create,paib-gpu/openb-pod-1041,2319
2422,create,paib-gpu/openb-pod-1029,2320
2423,create,paib-gpu/openb-pod-1188,2321
2424,create,paib-gpu/openb-pod-2728,2322
2425,create,paib-gpu/openb-pod-5813,2323
2426,create,paib-gpu/openb-pod-2881,2324
2427,failed,paib-gpu/openb-pod-2457,2324
2428,create,paib-gpu/openb-pod-2079,2325
2429,failed,paib-gpu/openb-pod-5180,2325
2430,create,paib-gpu/openb-pod-0549,2326
2431,create,paib-gpu/openb-pod-5806,2327
2432,create,paib-gpu/openb-pod-7431,2328
2433,create,paib-gpu/openb-pod-6015,2329
2434,create,paib-gpu/openb-pod-0554,2330
2435,create,paib-gpu/openb-pod-4778,2331
2436,create,paib-gpu/openb-pod-0947,2332
2437,create,paib-gpu/openb-pod-4293,2333
2438,create,paib-gpu/openb-pod-4041,2334
2439,create,paib-gpu/openb-pod-1389,2335
2440,create,paib-gpu/openb-pod-7620,2336
2441,create,paib-gpu/openb-pod-0395,2337
2442,create,paib-gpu/openb-pod-3387,2338
2443,create,paib-gpu/openb-pod-6764,2339
2444,create,paib-gpu/openb-pod-3760,2340
2445,create,paib-gpu/openb-pod-6203,2341
2446,create,paib-gpu/openb-pod-3283,2342
2447,create,paib-gpu/openb-pod-1693,2343
2448,create,paib-gpu/openb-pod-4888,2344
2449,create,paib-gpu/openb-pod-4623,2345
2450,create,paib-gpu/openb-pod-1043,2346
2451,create,paib-gpu/openb-pod-7301,2347
2452,create,paib-gpu/openb-pod-3295,2348
2453,create,paib-gpu/openb-pod-1138,2349
2454,create,paib-gpu/openb-pod-2890,2350
2455,failed,paib-gpu/openb-pod-2642,2350
2456,create,paib-gpu/openb-pod-0956,2351
2457,create,paib-gpu/openb-pod-2026,2352
2458,create,paib-gpu/openb-pod-2939,2353
2459,create,paib-gpu/openb-pod-8149,2354
2460,create,paib-gpu/openb-pod-2471,2355
2461,failed,paib-gpu/openb-pod-0373,2355
2462,create,paib-gpu/openb-pod-8057,2356
2463,create,paib-gpu/openb-pod-6862,2357
2464,create,paib-gpu/openb-pod-7527,2358
2465,create,paib-gpu/openb-pod-3834,2359
2466,create,paib-gpu/openb-pod-5660,2360
2467,create,paib-gpu/openb-pod-4726,2361
2468,create,paib-gpu/openb-pod-0627,2362
2469,create,paib-gpu/openb-pod-6652,2363
2470,create,paib-gpu/openb-pod-3952,2364
2471,create,paib-gpu/openb-pod-7315,2365
2472,create,paib-gpu/openb-pod-1863,2366
2473,create,paib-gpu/openb-pod-7770,2367
2474,create,paib-gpu/openb-pod-2879,2368
2475,create,paib-gpu/openb-pod-5935,2369
2476,create,paib-gpu/openb-pod-0181,2370
2477,failed,paib-gpu/openb-pod-4408,2370
2478,create,paib-gpu/openb-pod-2608,2371
2479,create,paib-gpu/openb-pod-7299,2372
2480,create,paib-gpu/openb-pod-7689,2373
2481,create,paib-gpu/openb-pod-3438,2374
2482,create,paib-gpu/openb-pod-5809,2375
2483,create,paib-gpu/openb-pod-5272,2376
2484,create,paib-gpu/openb-pod-4299,2377
2485,create,paib-gpu/openb-pod-5341,2378
2486,failed,paib-gpu/openb-pod-6628,2378
2487,create,paib-gpu/openb-pod-5776,2379
2488,create,paib-gpu/openb-pod-3053,2380
2489,create,paib-gpu/openb-pod-5735,2381
2490,create,paib-gpu/openb-pod-0686,2382
2491,create,paib-gpu/openb-pod-6063,2383
2492,create,paib-gpu/openb-pod-4449,2384
2493,create,paib-gpu/openb-pod-1508,2385
2494,create,paib-gpu/openb-pod-7991,2386
2495,create,paib-gpu/openb-pod-2679,2387
2496,create,paib-gpu/openb-pod-1245,2388
2497,create,paib-gpu/openb-pod-4393,2389
2498,create,paib-gpu/openb-pod-3885,2390
2499,create,paib-gpu/openb-pod-0137,2391
2500,failed,paib-gpu/openb-pod-1652,2391
2501,create,paib-gpu/openb-pod-7643,2392
2502,create,paib-gpu/openb-pod-2651,2393
2503,create,paib-gpu/openb-pod-4154,2394
2504,create,paib-gpu/openb-pod-1209,2395
2505,create,paib-gpu/openb-pod-3432,2396
2506,failed,paib-gpu/openb-pod-6391,2396
2507,create,paib-gpu/openb-pod-4921,2397
2508,create,paib-gpu/openb-pod-5998,2398
2509,create,paib-gpu/openb-pod-0328,2399
2510,create,paib-gpu/openb-pod-4672,2400
2511,create,paib-gpu/openb-pod-3349,2401
2512,create,paib-gpu/openb-pod-0453,2402
2513,create,paib-gpu/openb-pod-0510,2403
2514,create,paib-gpu/openb-pod-7736,2404
2515,create,paib-gpu/openb-pod-4475,2405
2516,failed,paib-gpu/openb-pod-5833,2405
2517,create,paib-gpu/openb-pod-5242,2406
2518,create,paib-gpu/openb-pod-6835,2407
2519,create,paib-gpu/openb-pod-4992,2408
2520,create,paib-gpu/openb-pod-3243,2409
2521,create,paib-gpu/openb-pod-0067,2410
2522,create,paib-gpu/openb-pod-4009,2411
2523,create,paib-gpu/openb-pod-4640,2412
2524,create,paib-gpu/openb-pod-2858,2413
2525,create,paib-gpu/openb-pod-4688,2414
2526,create,paib-gpu/openb-pod-7260,2415
2527,create,paib-gpu/openb-pod-0346,2416
2528,create,paib-gpu/openb-pod-6620,2417
2529,create,paib-gpu/openb-pod-0383,2418
2530,create,paib-gpu/openb-pod-4611,2419
2531,failed,paib-gpu/openb-pod-2072,2419
2532,create,paib-gpu/openb-pod-2981,2420
2533,create,paib-gpu/openb-pod-0643,2421
2534,create,paib-gpu/openb-pod-4087,2422
2535,create,paib-gpu/openb-pod-5193,2423
2536,create,paib-gpu/openb-pod-7802,2424
2537,create,paib-gpu/openb-pod-2922,2425
2538,create,paib-gpu/openb-pod-3194,2426
2539,create,paib-gpu/openb-pod-7672,2427
2540,failed,paib-gpu/openb-pod-1745,2427
2541,create,paib-gpu/openb-pod-3613,2428
2542,create,paib-gpu/openb-pod-2559,2429
2543,failed,paib-gpu/openb-pod-4052,2429
2544,create,paib-gpu/openb-pod-6157,2430
2545,create,paib-gpu/openb-pod-3618,2431
2546,failed,paib-gpu/openb-pod-2037,2431
2547,create,paib-gpu/openb-pod-3913,2432
2548,create,paib-gpu/openb-pod-3746,2433
2549,create,paib-gpu/openb-pod-4527,2434
2550,failed,paib-gpu/openb-pod-2381,2434
2551,create,paib-gpu/openb-pod-2682,2435
2552,create,paib-gpu/openb-pod-7255,2436
2553,create,paib-gpu/openb-pod-6176,2437
2554,create,paib-gpu/openb-pod-4004,2438
2555,create,paib-gpu/openb-pod-0298,2439
2556,failed,paib-gpu/openb-pod-4861,2439
2557,failed,paib-gpu/openb-pod-4006,2439
2558,create,paib-gpu/openb-pod-4073,2440
2559,create,paib-gpu/openb-pod-2009,2441
2560,create,paib-gpu/openb-pod-3965,2442
2561,create,paib-gpu/openb-pod-6923,2443
2562,create,paib-gpu/openb-pod-7630,2444
2563,create,paib-gpu/openb-pod-0842,2445
2564,create,paib-gpu/openb-pod-4566,2446
2565,create,paib-gpu/openb-pod-1695,2447
2566,create,paib-gpu/openb-pod-0882,2448
2567,create,paib-gpu/openb-pod-4457,2449
2568,create,paib-gpu/openb-pod-4580,2450
2569,create,paib-gpu/openb-pod-5500,2451
2570,failed,paib-gpu/openb-pod-1431,2451
2571,create,paib-gpu/openb-pod-0143,2452
2572,create,paib-gpu/openb-pod-0886,2453
2573,create,paib-gpu/openb-pod-5092,2454
2574,create,paib-gpu/openb-pod-3500,2455
2575,create,paib-gpu/openb-pod-4805,2456
2576,create,paib-gpu/openb-pod-2630,2457
2577,create,paib-gpu/openb-pod-7936,2458
2578,create,paib-gpu/openb-pod-5568,2459
2579,create,paib-gpu/openb-pod-3594,2460
2580,create,paib-gpu/openb-pod-5036,2461
2581,create,paib-gpu/openb-pod-7277,2462
2582,create,paib-gpu/openb-pod-5965,2463
2583,create,paib-gpu/openb-pod-3635,2464
2584,create,paib-gpu/openb-pod-5150,2465
2585,create,paib-gpu/openb-pod-7465,2466
2586,create,paib-gpu/openb-pod-4363,2467
2587,failed,paib-gpu/openb-pod-6695,2467
2588,create,paib-gpu/openb-pod-4606,2468
2589,create,paib-gpu/openb-pod-4626,2469
2590,create,paib-gpu/openb-pod-2216,2470
2591,create,paib-gpu/openb-pod-0729,2471
2592,create,paib-gpu/openb-pod-5115,2472
2593,create,paib-gpu/openb-pod-6330,2473
2594,create,paib-gpu/openb-pod-2207,2474
2595,create,paib-gpu/openb-pod-4757,2475
2596,create,paib-gpu/openb-pod-3903,2476
2597,create,paib-gpu/openb-pod-2569,2477
2598,create,paib-gpu/openb-pod-2333,2478
2599,create,paib-gpu/openb-pod-6560,2479
2600,create,paib-gpu/openb-pod-7944,2480
2601,failed,paib-gpu/openb-pod-3149,2480
2602,create,paib-gpu/openb-pod-3738,2481
2603,create,paib-gpu/openb-pod-2889,2482
2604,create,paib-gpu/openb-pod-6346,2483
2605,create,paib-gpu/openb-pod-3322,2484
2606,create,paib-gpu/openb-pod-7848,2485
2607,create,paib-gpu/openb-pod-2338,2486
2608,failed,paib-gpu/openb-pod-3795,2486
2609,failed,paib-gpu/openb-pod-2005,2486
2610,create,paib-gpu/openb-pod-5871,2487
2611,failed,paib-gpu/openb-pod-8107,2487
2612,create,paib-gpu/openb-pod-3291,2488
2613,create,paib-gpu/openb-pod-7263,2489
2614,create,paib-gpu/openb-pod-7599,2490
2615,create,paib-gpu/openb-pod-6899,2491
2616,create,paib-gpu/openb-pod-2150,2492
2617,create,paib-gpu/openb-pod-1081,2493
2618,create,paib-gpu/openb-pod-4231,2494
2619,create,paib-gpu/openb-pod-7635,2495
2620,create,paib-gpu/openb-pod-6818,2496
2621,failed,paib-gpu/openb-pod-3408,2496
2622,create,paib-gpu/openb-pod-3975,2497
2623,create,paib-gpu/openb-pod-7110,2498
2624,create,paib-gpu/openb-pod-2899,2499
2625,create,paib-gpu/openb-pod-4661,2500
2626,create,paib-gpu/openb-pod-3230,2501
2627,create,paib-gpu/openb-pod-5939,2502
2628,create,paib-gpu/openb-pod-6819,2503
2629,failed,paib-gpu/openb-pod-4116,2503
2630,failed,paib-gpu/openb-pod-7899,2503
2631,create,paib-gpu/openb-pod-5630,2504
2632,create,paib-gpu/openb-pod-7970,2505
2633,create,paib-gpu/openb-pod-2698,2506
2634,create,paib-gpu/openb-pod-1144,2507
2635,create,paib-gpu/openb-pod-1989,2508
2636,create,paib-gpu/openb-pod-5874,2509
2637,create,paib-gpu/openb-pod-0807,2510
2638,create,paib-gpu/openb-pod-1269,2511
2639,create,paib-gpu/openb-pod-2206,2512
2640,create,paib-gpu/openb-pod-2870,2513
2641,create,paib-gpu/openb-pod-1219,2514
2642,create,paib-gpu/openb-pod-6864,2515
2643,create,paib-gpu/openb-pod-5666,2516
2644,failed,paib-gpu/openb-pod-6922,2516
2645,create,paib-gpu/openb-pod-1438,2517
2646,create,paib-gpu/openb-pod-7327,2518
2647,create,paib-gpu/openb-pod-6824,2519
2648,create,paib-gpu/openb-pod-4734,2520
2649,create,paib-gpu/openb-pod-7631,2521
2650,create,paib-gpu/openb-pod-5401,2522
2651,create,paib-gpu/openb-pod-5245,2523
2652,create,paib-gpu/openb-pod-3213,2524
2653,create,paib-gpu/openb-pod-5849,2525
2654,failed,paib-gpu/openb-pod-6400,2525
2655,create,paib-gpu/openb-pod-4370,2526
2656,create,paib-gpu/openb-pod-0134,2527
2657,create,paib-gpu/openb-pod-4444,2528
2658,create,paib-gpu/openb-pod-0227,2529
2659,create,paib-gpu/openb-pod-4207,2530
2660,create,paib-gpu/openb-pod-4124,2531
2661,create,paib-gpu/openb-pod-7910,2532
2662,create,paib-gpu/openb-pod-2119,2533
2663,create,paib-gpu/openb-pod-7668,2534
2664,create,paib-gpu/openb-pod-6974,2535
2665,create,paib-gpu/openb-pod-0622,2536
2666,create,paib-gpu/openb-pod-5340,2537
2667,failed,paib-gpu/openb-pod-7676,2537
2668,failed,paib-gpu/openb-pod-0949,2537
2669,create,paib-gpu/openb-pod-7613,2538
2670,create,paib-gpu/openb-pod-4281,2539
2671,create,paib-gpu/openb-pod-5791,2540
2672,create,paib-gpu/openb-pod-1408,2541
2673,create,paib-gpu/openb-pod-7020,2542
2674,create,paib-gpu/openb-pod-5636,2543
2675,create,paib-gpu/openb-pod-2403,2544
2676,create,paib-gpu/openb-pod-6664,2545
2677,create,paib-gpu/openb-pod-6995,2546
2678,create,paib-gpu/openb-pod-3945,2547
2679,create,paib-gpu/openb-pod-4440,2548
2680,create,paib-gpu/openb-pod-2494,2549
2681,create,paib-gpu/openb-pod-1174,2550
2682,create,paib-gpu/openb-pod-8095,2551
2683,create,paib-gpu/openb-pod-3088,2552
2684,create,paib-gpu/openb-pod-0068,2553
2685,create,paib-gpu/openb-pod-3280,2554
2686,create,paib-gpu/openb-pod-7031,2555
2687,create,paib-gpu/openb-pod-1575,2556
2688,create,paib-gpu/openb-pod-6417,2557
2689,create,paib-gpu/openb-pod-0452,2558
2690,create,paib-gpu/openb-pod-3756,2559
2691,create,paib-gpu/openb-pod-7225,2560
2692,create,paib-gpu/openb-pod-3658,2561
2693,create,paib-gpu/openb-pod-3229,2562
2694,create,paib-gpu/openb-pod-2577,2563
2695,create,paib-gpu/openb-pod-0122,2564
2696,create,paib-gpu/openb-pod-6452,2565
2697,create,paib-gpu/openb-pod-7286,2566
2698,create,paib-gpu/openb-pod-3308,2567
2699,create,paib-gpu/openb-pod-4115,2568
2700,create,paib-gpu/openb-pod-2223,2569
2701,create,paib-gpu/openb-pod-2674,2570
2702,create,paib-gpu/openb-pod-5602,2571
2703,create,paib-gpu/openb-pod-4933,2572
2704,create,paib-gpu/openb-pod-3684,2573
2705,create,paib-gpu/openb-pod-7935,2574
2706,create,paib-gpu/openb-pod-6873,2575
2707,create,paib-gpu/openb-pod-6868,2576
2708,failed,paib-gpu/openb-pod-3879,2576
2709,create,paib-gpu/openb-pod-6866,2577
2710,create,paib-gpu/openb-pod-1482,2578
2711,create,paib-gpu/openb-pod-1321,2579
2712,create,paib-gpu/openb-pod-7158,2580
2713,create,paib-gpu/openb-pod-3368,2581
2714,create,paib-gpu/openb-pod-4832,2582
2715,create,paib-gpu/openb-pod-0900,2583
2716,create,paib-gpu/openb-pod-5999,2584
2717,create,paib-gpu/openb-pod-6436,2585
2718,failed,paib-gpu/openb-pod-5024,2585
2719,create,paib-gpu/openb-pod-0524,2586
2720,create,paib-gpu/openb-pod-7034,2587
2721,create,paib-gpu/openb-pod-5201,2588
2722,failed,paib-gpu/openb-pod-3407,2588
2723,create,paib-gpu/openb-pod-2218,2589
2724,create,paib-gpu/openb-pod-4341,2590
2725,create,paib-gpu/openb-pod-2225,2591
2726,create,paib-gpu/openb-pod-5069,2592
2727,create,paib-gpu/openb-pod-3103,2593
2728,create,paib-gpu/openb-pod-5865,2594
2729,create,paib-gpu/openb-pod-4267,2595
2730,create,paib-gpu/openb-pod-0623,2596
2731,create,paib-gpu/openb-pod-6522,2597
2732,create,paib-gpu/openb-pod-6148,2598
2733,create,paib-gpu/openb-pod-3257,2599
2734,failed,paib-gpu/openb-pod-6476,2599
2735,create,paib-gpu/openb-pod-6030,2600
2736,create,paib-gpu/openb-pod-2407,2601
2737,create,paib-gpu/openb-pod-2548,2602
2738,failed,paib-gpu/openb-pod-4395,2602
2739,create,paib-gpu/openb-pod-7321,2603
2740,create,paib-gpu/openb-pod-8068,2604
2741,create,paib-gpu/openb-pod-2713,2605
2742,create,paib-gpu/openb-pod-3178,2606
2743,create,paib-gpu/openb-pod-1201,2607
2744,create,paib-gpu/openb-pod-2871,2608
2745,failed,paib-gpu/openb-pod-0392,2608
2746,create,paib-gpu/openb-pod-4183,2609
2747,create,paib-gpu/openb-pod-4997,2610
2748,create,paib-gpu/openb-pod-3449,2611
2749,create,paib-gpu/openb-pod-6502,2612
2750,create,paib-gpu/openb-pod-4064,2613
2751,create,paib-gpu/openb-pod-6380,2614
2752,create,paib-gpu/openb-pod-5411,2615
2753,create,paib-gpu/openb-pod-3686,2616
2754,create,paib-gpu/openb-pod-4368,2617
2755,create,paib-gpu/openb-pod-5052,2618
2756,create,paib-gpu/openb-pod-6759,2619
2757,create,paib-gpu/openb-pod-6509,2620
2758,create,paib-gpu/openb-pod-1163,2621
2759,failed,paib-gpu/openb-pod-0444,2621
2760,create,paib-gpu/openb-pod-4883,2622
2761,create,paib-gpu/openb-pod-0670,2623
2762,create,paib-gpu/openb-pod-2362,2624
2763,create,paib-gpu/openb-pod-0746,2625
2764,create,paib-gpu/openb-pod-5597,2626
2765,create,paib-gpu/openb-pod-3285,2627
2766,create,paib-gpu/openb-pod-4508,2628
2767,create,paib-gpu/openb-pod-1413,2629
2768,create,paib-gpu/openb-pod-3476,2630
2769,create,paib-gpu/openb-pod-4722,2631
2770,failed,paib-gpu/openb-pod-6809,2631
2771,create,paib-gpu/openb-pod-3024,2632
2772,create,paib-gpu/openb-pod-1801,2633
2773,create,paib-gpu/openb-pod-6585,2634
2774,create,paib-gpu/openb-pod-7202,2635
2775,create,paib-gpu/openb-pod-2628,2636
2776,create,paib-gpu/openb-pod-6947,2637
2777,create,paib-gpu/openb-pod-3675,2638
2778,create,paib-gpu/openb-pod-7188,2639
2779,failed,paib-gpu/openb-pod-7442,2639
2780,create,paib-gpu/openb-pod-7651,2640
2781,create,paib-gpu/openb-pod-1327,2641
2782,create,paib-gpu/openb-pod-4863,2642
2783,create,paib-gpu/openb-pod-2360,2643
2784,failed,paib-gpu/openb-pod-2340,2643
2785,create,paib-gpu/openb-pod-1275,2644
2786,failed,paib-gpu/openb-pod-3845,2644
2787,create,paib-gpu/openb-pod-7326,2645
2788,create,paib-gpu/openb-pod-1241,2646
2789,create,paib-gpu/openb-pod-5775,2647
2790,failed,paib-gpu/openb-pod-7822,2647
2791,create,paib-gpu/openb-pod-7574,2648
2792,create,paib-gpu/openb-pod-8046,2649
2793,create,paib-gpu/openb-pod-4291,2650
2794,create,paib-gpu/openb-pod-4509,2651
2795,create,paib-gpu/openb-pod-4530,2652
2796,create,paib-gpu/openb-pod-6181,2653
2797,create,paib-gpu/openb-pod-0972,2654
2798,create,paib-gpu/openb-pod-5510,2655
2799,create,paib-gpu/openb-pod-7389,2656
2800,create,paib-gpu/openb-pod-5637,2657
2801,create,paib-gpu/openb-pod-6684,2658
2802,create,paib-gpu/openb-pod-1576,2659
2803,create,paib-gpu/openb-pod-4211,2660
2804,create,paib-gpu/openb-pod-5852,2661
2805,create,paib-gpu/openb-pod-0577,2662
2806,create,paib-gpu/openb-pod-0666,2663
2807,create,paib-gpu/openb-pod-0323,2664
2808,create,paib-gpu/openb-pod-6033,2665
2809,create,paib-gpu/openb-pod-3934,2666
2810,failed,paib-gpu/openb-pod-2294,2666
2811,create,paib-gpu/openb-pod-7022,2667
2812,create,paib-gpu/openb-pod-0437,2668
2813,create,paib-gpu/openb-pod-7706,2669
2814,create,paib-gpu/openb-pod-5734,2670
2815,create,paib-gpu/openb-pod-0407,2671
2816,create,paib-gpu/openb-pod-2066,2672
2817,failed,paib-gpu/openb-pod-5194,2672
2818,create,paib-gpu/openb-pod-0114,2673
2819,create,paib-gpu/openb-pod-3382,2674
2820,create,paib-gpu/openb-pod-4383,2675
2821,create,paib-gpu/openb-pod-4511,2676
2822,create,paib-gpu/openb-pod-6518,2677
2823,create,paib-gpu/openb-pod-1268,2678
2824,create,paib-gpu/openb-pod-0347,2679
2825,create,paib-gpu/openb-pod-0732,2680
2826,create,paib-gpu/openb-pod-6589,2681
2827,create,paib-gpu/openb-pod-6231,2682
2828,create,paib-gpu/openb-pod-3685,2683
2829,create,paib-gpu/openb-pod-5440,2684
2830,create,paib-gpu/openb-pod-5786,2685
2831,failed,paib-gpu/openb-pod-0414,2685
2832,create,paib-gpu/openb-pod-8080,2686
2833,create,paib-gpu/openb-pod-1663,2687
2834,create,paib-gpu/openb-pod-1933,2688
2835,create,paib-gpu/openb-pod-3891,2689
2836,create,paib-gpu/openb-pod-2511,2690
2837,create,paib-gpu/openb-pod-3356,2691
2838,create,paib-gpu/openb-pod-6852,2692
2839,failed,paib-gpu/openb-pod-3681,2692
2840,create,paib-gpu/openb-pod-0372,2693
2841,failed,paib-gpu/openb-pod-5400,2693
2842,create,paib-gpu/openb-pod-5066,2694
2843,create,paib-gpu/openb-pod-0652,2695
2844,create,paib-gpu/openb-pod-7463,2696
2845,create,paib-gpu/openb-pod-4412,2697
2846,create,paib-gpu/openb-pod-5156,2698
2847,create,paib-gpu/openb-pod-4194,2699
2848,create,paib-gpu/openb-pod-1614,2700
2849,create,paib-gpu/openb-pod-6373,2701
2850,create,paib-gpu/openb-pod-7177,2702
2851,create,paib-gpu/openb-pod-3992,2703
2852,create,paib-gpu/openb-pod-3544,2704
2853,create,paib-gpu/openb-pod-0832,2705
2854,create,paib-gpu/openb-pod-7800,2706
2855,create,paib-gpu/openb-pod-3773,2707
2856,create,paib-gpu/openb-pod-6117,2708
2857,create,paib-gpu/openb-pod-7347,2709
2858,create,paib-gpu/openb-pod-4823,2710
2859,create,paib-gpu/openb-pod-0175,2711
2860,create,paib-gpu/openb-pod-0443,2712
2861,create,paib-gpu/openb-pod-2138,2713
2862,failed,paib-gpu/openb-pod-3607,2713
2863,failed,paib-gpu/openb-pod-0326,2713
2864,create,paib-gpu/openb-pod-5101,2714
2865,create,paib-gpu/openb-pod-6241,2715
2866,failed,paib-gpu/openb-pod-0103,2715
2867,create,paib-gpu/openb-pod-4650,2716
2868,create,paib-gpu/openb-pod-7483,2717
2869,create,paib-gpu/openb-pod-5851,2718
2870,create,paib-gpu/openb-pod-7094,2719
2871,create,paib-gpu/openb-pod-2320,2720
2872,failed,paib-gpu/openb-pod-2965,2720
2873,create,paib-gpu/openb-pod-3326,2721
2874,create,paib-gpu/openb-pod-0247,2722
2875,create,paib-gpu/openb-pod-7349,2723
2876,create,paib-gpu/openb-pod-1998,2724
2877,create,paib-gpu/openb-pod-7890,2725
2878,create,paib-gpu/openb-pod-5244,2726
2879,create,paib-gpu/openb-pod-2685,2727
2880,create,paib-gpu/openb-pod-1376,2728
2881,create,paib-gpu/openb-pod-2214,2729
2882,create,paib-gpu/openb-pod-3715,2730
2883,create,paib-gpu/openb-pod-3591,2731
2884,create,paib-gpu/openb-pod-0712,2732
2885,create,paib-gpu/openb-pod-6698,2733
2886,create,paib-gpu/openb-pod-2895,2734
2887,create,paib-gpu/openb-pod-4948,2735
2888,create,paib-gpu/openb-pod-7412,2736
2889,create,paib-gpu/openb-pod-1500,2737
2890,create,paib-gpu/openb-pod-7685,2738
2891,create,paib-gpu/openb-pod-3107,2739
2892,create,paib-gpu/openb-pod-2953,2740
2893,create,paib-gpu/openb-pod-0074,2741
2894,create,paib-gpu/openb-pod-2875,2742
2895,create,paib-gpu/openb-pod-2198,2743
2896,create,paib-gpu/openb-pod-7237,2744
2897,failed,paib-gpu/openb-pod-4537,2744
2898,create,paib-gpu/openb-pod-4848,2745
2899,create,paib-gpu/openb-pod-0520,2746
2900,create,paib-gpu/openb-pod-0222,2747
2901,failed,paib-gpu/openb-pod-5236,2747
2902,create,paib-gpu/openb-pod-3481,2748
2903,create,paib-gpu/openb-pod-6867,2749
2904,create,paib-gpu/openb-pod-0853,2750
2905,create,paib-gpu/openb-pod-1984,2751
2906,create,paib-gpu/openb-pod-0636,2752
2907,create,paib-gpu/openb-pod-4799,2753
2908,create,paib-gpu/openb-pod-7424,2754
2909,create,paib-gpu/openb-pod-0177,2755
2910,failed,paib-gpu/openb-pod-1452,2755
2911,create,paib-gpu/openb-pod-4277,2756
2912,create,paib-gpu/openb-pod-0713,2757
2913,create,paib-gpu/openb-pod-7999,2758
2914,create,paib-gpu/openb-pod-3400,2759
2915,failed,paib-gpu/openb-pod-5858,2759
2916,create,paib-gpu/openb-pod-0878,2760
2917,failed,paib-gpu/openb-pod-5650,2760
2918,create,paib-gpu/openb-pod-6164,2761
2919,create,paib-gpu/openb-pod-0755,2762
2920,create,paib-gpu/openb-pod-0917,2763
2921,create,paib-gpu/openb-pod-3788,2764
2922,create,paib-gpu/openb-pod-5966,2765
2923,create,paib-gpu/openb-pod-4868,2766
2924,create,paib-gpu/openb-pod-3132,2767
2925,create,paib-gpu/openb-pod-3427,2768
2926,create,paib-gpu/openb-pod-5484,2769
2927,create,paib-gpu/openb-pod-0194,2770
2928,create,paib-gpu/openb-pod-3237,2771
2929,failed,paib-gpu/openb-pod-6725,2771
2930,create,paib-gpu/openb-pod-6527,2772
2931,failed,paib-gpu/openb-pod-7867,2772
2932,create,paib-gpu/openb-pod-1387,2773
2933,create,paib-gpu/openb-pod-5738,2774
2934,create,paib-gpu/openb-pod-7497,2775
2935,create,paib-gpu/openb-pod-4137,2776
2936,create,paib-gpu/openb-pod-1703,2777
2937,create,paib-gpu/openb-pod-1185,2778
2938,create,paib-gpu/openb-pod-5915,2779
2939,create,paib-gpu/openb-pod-7146,2780
2940,create,paib-gpu/openb-pod-0320,2781
2941,create,paib-gpu/openb-pod-2852,2782
2942,create,paib-gpu/openb-pod-6438,2783
2943,create,paib-gpu/openb-pod-7609,2784
2944,create,paib-gpu/openb-pod-6210,2785
2945,create,paib-gpu/openb-pod-5348,2786
2946,create,paib-gpu/openb-pod-7818,2787
2947,create,paib-gpu/openb-pod-6917,2788
2948,create,paib-gpu/openb-pod-3196,2789
2949,create,paib-gpu/openb-pod-5973,2790
2950,create,paib-gpu/openb-pod-3076,2791
2951,create,paib-gpu/openb-pod-8129,2792
2952,create,paib-gpu/openb-pod-1411,2793
2953,create,paib-gpu/openb-pod-6093,2794
2954,create,paib-gpu/openb-pod-4366,2795
2955,create,paib-gpu/openb-pod-4539,2796
2956,create,paib-gpu/openb-pod-6039,2797
2957,failed,paib-gpu/openb-pod-2044,2797
2958,create,paib-gpu/openb-pod-2842,2798
2959,create,paib-gpu/openb-pod-0516,2799
2960,failed,paib-gpu/openb-pod-4206,2799
2961,create,paib-gpu/openb-pod-4290,2800
2962,create,paib-gpu/openb-pod-0618,2801
2963,create,paib-gpu/openb-pod-7886,2802
2964,create,paib-gpu/openb-pod-6586,2803
2965,create,paib-gpu/openb-pod-3245,2804
2966,create,paib-gpu/openb-pod-2564,2805
2967,create,paib-gpu/openb-pod-7480,2806
2968,create,paib-gpu/openb-pod-0789,2807
2969,create,paib-gpu/openb-pod-5043,2808
2970,create,paib-gpu/openb-pod-0512,2809
2971,create,paib-gpu/openb-pod-4773,2810
2972,create,paib-gpu/openb-pod-3578,2811
2973,create,paib-gpu/openb-pod-0816,2812
2974,failed,paib-gpu/openb-pod-2901,2812
2975,create,paib-gpu/openb-pod-5391,2813
2976,create,paib-gpu/openb-pod-3145,2814
2977,create,paib-gpu/openb-pod-3062,2815
2978,create,paib-gpu/openb-pod-4418,2816
2979,create,paib-gpu/openb-pod-5289,2817
2980,create,paib-gpu/openb-pod-5845,2818
2981,create,paib-gpu/openb-pod-0530,2819
2982,create,paib-gpu/openb-pod-4544,2820
2983,create,paib-gpu/openb-pod-2625,2821
2984,create,paib-gpu/openb-pod-5894,2822
2985,create,paib-gpu/openb-pod-3231,2823
2986,create,paib-gpu/openb-pod-1067,2824
2987,create,paib-gpu/openb-pod-3688,2825
2988,create,paib-gpu/openb-pod-2543,2826
2989,failed,paib-gpu/openb-pod-0831,2826
2990,create,paib-gpu/openb-pod-4002,2827
2991,create,paib-gpu/openb-pod-3806,2828
2992,create,paib-gpu/openb-pod-6271,2829
2993,create,paib-gpu/openb-pod-0527,2830
2994,create,paib-gpu/openb-pod-2431,2831
2995,create,paib-gpu/openb-pod-7785,2832
2996,create,paib-gpu/openb-pod-7663,2833
2997,create,paib-gpu/openb-pod-7823,2834
2998,create,paib-gpu/openb-pod-6378,2835
2999,create,paib-gpu/openb-pod-3148,2836
3000,create,paib-gpu/openb-pod-5487,2837
3001,create,paib-gpu/openb-pod-7673,2838
3002,create,paib-gpu/openb-pod-8111,2839
3003,create,paib-gpu/openb-pod-4177,2840
3004,create,paib-gpu/openb-pod-1415,2841
3005,failed,paib-gpu/openb-pod-3878,2841
3006,create,paib-gpu/openb-pod-5675,2842
3007,create,paib-gpu/openb-pod-4535,2843
3008,create,paib-gpu/openb-pod-4901,2844
3009,create,paib-gpu/openb-pod-2687,2845
3010,create,paib-gpu/openb-pod-1095,2846
3011,create,paib-gpu/openb-pod-7765,2847
3012,create,paib-gpu/openb-pod-0243,2848
3013,create,paib-gpu/openb-pod-6230,2849
3014,create,paib-gpu/openb-pod-0182,2850
3015,failed,paib-gpu/openb-pod-0304,2850
3016,create,paib-gpu/openb-pod-0281,2851
3017,create,paib-gpu/openb-pod-1027,2852
3018,failed,paib-gpu/openb-pod-7794,2852
3019,create,paib-gpu/openb-pod-6382,2853
3020,failed,paib-gpu/openb-pod-3910,2853
3021,create,paib-gpu/openb-pod-2504,2854
3022,create,paib-gpu/openb-pod-4057,2855
3023,create,paib-gpu/openb-pod-5893,2856
3024,create,paib-gpu/openb-pod-7703,2857
3025,create,paib-gpu/openb-pod-3990,2858
3026,create,paib-gpu/openb-pod-5162,2859
3027,create,paib-gpu/openb-pod-1229,2860
3028,create,paib-gpu/openb-pod-6501,2861
3029,failed,paib-gpu/openb-pod-4462,2861
3030,create,paib-gpu/openb-pod-0406,2862
3031,create,paib-gpu/openb-pod-1776,2863
3032,create,paib-gpu/openb-pod-2585,2864
3033,create,paib-gpu/openb-pod-6599,2865
3034,failed,paib-gpu/openb-pod-6528,2865
3035,create,paib-gpu/openb-pod-2629,2866
3036,create,paib-gpu/openb-pod-4875,2867
3037,create,paib-gpu/openb-pod-7859,2868
3038,failed,paib-gpu/openb-pod-5354,2868
3039,create,paib-gpu/openb-pod-7028,2869
3040,failed,paib-gpu/openb-pod-7131,2869
3041,create,paib-gpu/openb-pod-7311,2870
3042,create,paib-gpu/openb-pod-7112,2871
3043,create,paib-gpu/openb-pod-0719,2872
3044,create,paib-gpu/openb-pod-6657,2873
3045,create,paib-gpu/openb-pod-6174,2874
3046,create,paib-gpu/openb-pod-6832,2875
3047,create,paib-gpu/openb-pod-7642,2876
3048,failed,paib-gpu/openb-pod-4084,2876
3049,create,paib-gpu/openb-pod-4577,2877
3050,create,paib-gpu/openb-pod-2764,2878
3051,create,paib-gpu/openb-pod-0095,2879
3052,create,paib-gpu/openb-pod-4507,2880
3053,create,paib-gpu/openb-pod-0936,2881
3054,failed,paib-gpu/openb-pod-5747,2881
3055,create,paib-gpu/openb-pod-4121,2882
3056,create,paib-gpu/openb-pod-4830,2883
3057,create,paib-gpu/openb-pod-3318,2884
3058,create,paib-gpu/openb-pod-5609,2885
3059,create,paib-gpu/openb-pod-6889,2886
3060,create,paib-gpu/openb-pod-2686,2887
3061,create,paib-gpu/openb-pod-5177,2888
3062,create,paib-gpu/openb-pod-6480,2889
3063,create,paib-gpu/openb-pod-7788,2890
3064,create,paib-gpu/openb-pod-8096,2891
3065,create,paib-gpu/openb-pod-7036,2892
3066,create,paib-gpu/openb-pod-4171,2893
3067,create,paib-gpu/openb-pod-3723,2894
3068,create,paib-gpu/openb-pod-5413,2895
3069,failed,paib-gpu/openb-pod-1724,2895
3070,failed,paib-gpu/openb-pod-4708,2895
3071,create,paib-gpu/openb-pod-7760,2896
3072,create,paib-gpu/openb-pod-4476,2897
3073,create,paib-gpu/openb-pod-0464,2898
3074,create,paib-gpu/openb-pod-6217,2899
3075,create,paib-gpu/openb-pod-5251,2900
3076,failed,paib-gpu/openb-pod-4522,2900
3077,create,paib-gpu/openb-pod-7678,2901
3078,create,paib-gpu/openb-pod-6603,2902
3079,failed,paib-gpu/openb-pod-5414,2902
3080,create,paib-gpu/openb-pod-4811,2903
3081,create,paib-gpu/openb-pod-4909,2904
3082,create,paib-gpu/openb-pod-5133,2905
3083,create,paib-gpu/openb-pod-6823,2906
3084,create,paib-gpu/openb-pod-7356,2907
3085,create,paib-gpu/openb-pod-7790,2908
3086,create,paib-gpu/openb-pod-6826,2909
3087,create,paib-gpu/openb-pod-1988,2910
3088,create,paib-gpu/openb-pod-7554,2911
3089,create,paib-gpu/openb-pod-6672,2912
3090,create,paib-gpu/openb-pod-3418,2913
3091,failed,paib-gpu/openb-pod-4891,2913
3092,create,paib-gpu/openb-pod-0367,2914
3093,create,paib-gpu/openb-pod-1171,2915
3094,failed,paib-gpu/openb-pod-1556,2915
3095,create,paib-gpu/openb-pod-0413,2916
3096,create,paib-gpu/openb-pod-7748,2917
3097,create,paib-gpu/openb-pod-7138,2918
3098,create,paib-gpu/openb-pod-1000,2919
3099,failed,paib-gpu/openb-pod-4100,2919
3100,create,paib-gpu/openb-pod-3228,2920
3101,create,paib-gpu/openb-pod-6463,2921
3102,create,paib-gpu/openb-pod-1372,2922
3103,create,paib-gpu/openb-pod-5686,2923
3104,create,paib-gpu/openb-pod-0025,2924
3105,create,paib-gpu/openb-pod-7084,2925
3106,create,paib-gpu/openb-pod-1259,2926
3107,create,paib-gpu/openb-pod-0735,2927
3108,create,paib-gpu/openb-pod-6449,2928
3109,create,paib-gpu/openb-pod-0974,2929
3110,failed,paib-gpu/openb-pod-1342,2929
3111,create,paib-gpu/openb-pod-6909,2930
3112,create,paib-gpu/openb-pod-6383,2931
3113,failed,paib-gpu/openb-pod-1775,2931
3114,create,paib-gpu/openb-pod-5754,2932
3115,create,paib-gpu/openb-pod-1254,2933
3116,create,paib-gpu/openb-pod-5431,2934
3117,create,paib-gpu/openb-pod-5986,2935
3118,create,paib-gpu/openb-pod-6274,2936
3119,create,paib-gpu/openb-pod-7171,2937
3120,create,paib-gpu/openb-pod-5834,2938
3121,failed,paib-gpu/openb-pod-0468,2938
3122,create,paib-gpu/openb-pod-4316,2939
3123,create,paib-gpu/openb-pod-7711,2940
3124,create,paib-gpu/openb-pod-0756,2941
3125,failed,paib-gpu/openb-pod-5955,2941
3126,failed,paib-gpu/openb-pod-5302,2941
3127,create,paib-gpu/openb-pod-6228,2942
3128,failed,paib-gpu/openb-pod-4838,2942
3129,failed,paib-gpu/openb-pod-6643,2942
3130,create,paib-gpu/openb-pod-0208,2943
3131,create,paib-gpu/openb-pod-3499,2944
3132,create,paib-gpu/openb-pod-2837,2945
3133,create,paib-gpu/openb-pod-5925,2946
3134,create,paib-gpu/openb-pod-2382,2947
3135,create,paib-gpu/openb-pod-3269,2948
3136,failed,paib-gpu/openb-pod-5984,2948
3137,create,paib-gpu/openb-pod-1135,2949
3138,create,paib-gpu/openb-pod-5334,2950
3139,create,paib-gpu/openb-pod-7043,2951
3140,create,paib-gpu/openb-pod-7363,2952
3141,create,paib-gpu/openb-pod-2120,2953
3142,create,paib-gpu/openb-pod-7826,2954
3143,create,paib-gpu/openb-pod-1282,2955
3144,create,paib-gpu/openb-pod-1553,2956
3145,create,paib-gpu/openb-pod-3055,2957
3146,failed,paib-gpu/openb-pod-6660,2957
3147,create,paib-gpu/openb-pod-6261,2958
3148,create,paib-gpu/openb-pod-1906,2959
3149,create,paib-gpu/openb-pod-2032,2960
3150,create,paib-gpu/openb-pod-3191,2961
3151,create,paib-gpu/openb-pod-7362,2962
3152,create,paib-gpu/openb-pod-7458,2963
3153,create,paib-gpu/openb-pod-5126,2964
3154,create,paib-gpu/openb-pod-4879,2965
3155,create,paib-gpu/openb-pod-8084,2966
3156,create,paib-gpu/openb-pod-5899,2967
3157,create,paib-gpu/openb-pod-6249,2968
3158,create,paib-gpu/openb-pod-6057,2969
3159,create,paib-gpu/openb-pod-0292,2970
3160,failed,paib-gpu/openb-pod-5022,2970
3161,create,paib-gpu/openb-pod-6907,2971
3162,create,paib-gpu/openb-pod-2498,2972
3163,failed,paib-gpu/openb-pod-2995,2972
3164,failed,paib-gpu/openb-pod-7218,2972
3165,create,paib-gpu/openb-pod-0236,2973
3166,create,paib-gpu/openb-pod-0750,2974
3167,create,paib-gpu/openb-pod-8014,2975
3168,failed,paib-gpu/openb-pod-4552,2975
3169,create,paib-gpu/openb-pod-2257,2976
3170,create,paib-gpu/openb-pod-1406,2977
3171,create,paib-gpu/openb-pod-4431,2978
3172,create,paib-gpu/openb-pod-6646,2979
3173,create,paib-gpu/openb-pod-3644,2980
3174,create,paib-gpu/openb-pod-3707,2981
3175,create,paib-gpu/openb-pod-8065,2982
3176,create,paib-gpu/openb-pod-2615,2983
3177,create,paib-gpu/openb-pod-5945,2984
3178,create,paib-gpu/openb-pod-5363,2985
3179,create,paib-gpu/openb-pod-3966,2986
3180,create,paib-gpu/openb-pod-2962,2987
3181,create,paib-gpu/openb-pod-2749,2988
3182,create,paib-gpu/openb-pod-2186,2989
3183,create,paib-gpu/openb-pod-5972,2990
3184,create,paib-gpu/openb-pod-5794,2991
3185,create,paib-gpu/openb-pod-4812,2992
3186,create,paib-gpu/openb-pod-4013,2993
3187,create,paib-gpu/openb-pod-6045,2994
3188,create,paib-gpu/openb-pod-3622,2995
3189,create,paib-gpu/openb-pod-6050,2996
3190,failed,paib-gpu/openb-pod-6359,2996
3191,failed,paib-gpu/openb-pod-4492,2996
3192,create,paib-gpu/openb-pod-6860,2997
3193,create,paib-gpu/openb-pod-3874,2998
3194,create,paib-gpu/openb-pod-4776,2999
3195,create,paib-gpu/openb-pod-3656,3000
3196,create,paib-gpu/openb-pod-5752,3001
3197,failed,paib-gpu/openb-pod-2370,3001
3198,create,paib-gpu/openb-pod-6688,3002
3199,failed,paib-gpu/openb-pod-7562,3002
3200,create,paib-gpu/openb-pod-0211,3003
3201,create,paib-gpu/openb-pod-6192,3004
3202,create,paib-gpu/openb-pod-1854,3005
3203,create,paib-gpu/openb-pod-3029,3006
3204,create,paib-gpu/openb-pod-4159,3007
3205,failed,paib-gpu/openb-pod-5512,3007
3206,create,paib-gpu/openb-pod-4674,3008
3207,create,paib-gpu/openb-pod-2425,3009
3208,create,paib-gpu/openb-pod-2230,3010
3209,create,paib-gpu/openb-pod-7992,3011
3210,create,paib-gpu/openb-pod-2829,3012
3211,create,paib-gpu/openb-pod-6396,3013
3212,create,paib-gpu/openb-pod-7379,3014
3213,create,paib-gpu/openb-pod-1287,3015
3214,create,paib-gpu/openb-pod-6095,3016
3215,create,paib-gpu/openb-pod-2097,3017
3216,create,paib-gpu/openb-pod-2298,3018
3217,create,paib-gpu/openb-pod-3778,3019
3218,create,paib-gpu/openb-pod-2683,3020
3219,create,paib-gpu/openb-pod-7001,3021
3220,create,paib-gpu/openb-pod-6055,3022
3221,create,paib-gpu/openb-pod-1856,3023
3222,create,paib-gpu/openb-pod-1022,3024
3223,create,paib-gpu/openb-pod-0975,3025
3224,create,paib-gpu/openb-pod-3367,3026
3225,create,paib-gpu/openb-pod-2534,3027
3226,failed,paib-gpu/openb-pod-2237,3027
3227,failed,paib-gpu/openb-pod-0363,3027
3228,create,paib-gpu/openb-pod-3989,3028
3229,failed,paib-gpu/openb-pod-3510,3028
3230,create,paib-gpu/openb-pod-3519,3029
3231,create,paib-gpu/openb-pod-4916,3030
3232,create,paib-gpu/openb-pod-2803,3031
3233,create,paib-gpu/openb-pod-6423,3032
3234,failed,paib-gpu/openb-pod-0484,3032
3235,create,paib-gpu/openb-pod-2475,3033
3236,create,paib-gpu/openb-pod-6111,3034
3237,create,paib-gpu/openb-pod-6108,3035
3238,create,paib-gpu/openb-pod-7844,3036
3239,create,paib-gpu/openb-pod-0868,3037
3240,create,paib-gpu/openb-pod-6737,3038
3241,create,paib-gpu/openb-pod-7088,3039
3242,create,paib-gpu/openb-pod-1137,3040
3243,create,paib-gpu/openb-pod-6182,3041
3244,failed,paib-gpu/openb-pod-2618,3041
3245,create,paib-gpu/openb-pod-6699,3042
3246,create,paib-gpu/openb-pod-1917,3043
3247,create,paib-gpu/openb-pod-3907,3044
3248,create,paib-gpu/openb-pod-6865,3045
3249,create,paib-gpu/openb-pod-0261,3046
3250,create,paib-gpu/openb-pod-0624,3047
3251,create,paib-gpu/openb-pod-6177,3048
3252,create,paib-gpu/openb-pod-1978,3049
3253,create,paib-gpu/openb-pod-5782,3050
3254,create,paib-gpu/openb-pod-4248,3051
3255,create,paib-gpu/openb-pod-1363,3052
3256,create,paib-gpu/openb-pod-5419,3053
3257,create,paib-gpu/openb-pod-0026,3054
3258,create,paib-gpu/openb-pod-5070,3055
3259,create,paib-gpu/openb-pod-1124,3056
3260,create,paib-gpu/openb-pod-4642,3057
3261,create,paib-gpu/openb-pod-8017,3058
3262,create,paib-gpu/openb-pod-4301,3059
3263,create,paib-gpu/openb-pod-8104,3060
3264,failed,paib-gpu/openb-pod-3118,3060
3265,create,paib-gpu/openb-pod-4494,3061
3266,create,paib-gpu/openb-pod-7891,3062
3267,create,paib-gpu/openb-pod-0537,3063
3268,create,paib-gpu/openb-pod-1119,3064
3269,create,paib-gpu/openb-pod-4189,3065
3270,create,paib-gpu/openb-pod-2437,3066
3271,failed,paib-gpu/openb-pod-7927,3066
3272,create,paib-gpu/openb-pod-0691,3067
3273,failed,paib-gpu/openb-pod-3121,3067
3274,create,paib-gpu/openb-pod-2792,3068
3275,failed,paib-gpu/openb-pod-1264,3068
3276,failed,paib-gpu/openb-pod-6152,3068
3277,create,paib-gpu/openb-pod-0434,3069
3278,create,paib-gpu/openb-pod-2422,3070
3279,create,paib-gpu/openb-pod-6085,3071
3280,create,paib-gpu/openb-pod-6998,3072
3281,create,paib-gpu/openb-pod-4213,3073
3282,create,paib-gpu/openb-pod-7298,3074
3283,create,paib-gpu/openb-pod-1222,3075
3284,create,paib-gpu/openb-pod-6245,3076
3285,create,paib-gpu/openb-pod-7546,3077
3286,create,paib-gpu/openb-pod-1537,3078
3287,create,paib-gpu/openb-pod-8042,3079
3288,failed,paib-gpu/openb-pod-4335,3079
3289,failed,paib-gpu/openb-pod-2788,3079
3290,create,paib-gpu/openb-pod-6743,3080
3291,create,paib-gpu/openb-pod-1100,3081
3292,create,paib-gpu/openb-pod-1608,3082
3293,failed,paib-gpu/openb-pod-5210,3082
3294,create,paib-gpu/openb-pod-7035,3083
3295,failed,paib-gpu/openb-pod-3317,3083
3296,create,paib-gpu/openb-pod-3163,3084
3297,create,paib-gpu/openb-pod-1699,3085
3298,create,paib-gpu/openb-pod-4620,3086
3299,create,paib-gpu/openb-pod-2650,3087
3300,create,paib-gpu/openb-pod-6491,3088
3301,create,paib-gpu/openb-pod-7994,3089
3302,create,paib-gpu/openb-pod-7262,3090
3303,create,paib-gpu/openb-pod-5107,3091
3304,failed,paib-gpu/openb-pod-4896,3091
3305,failed,paib-gpu/openb-pod-3653,3091
3306,create,paib-gpu/openb-pod-4317,3092
3307,create,paib-gpu/openb-pod-7959,3093
3308,create,paib-gpu/openb-pod-7572,3094
3309,create,paib-gpu/openb-pod-5141,3095
3310,create,paib-gpu/openb-pod-7038,3096
3311,create,paib-gpu/openb-pod-7083,3097
3312,create,paib-gpu/openb-pod-7284,3098
3313,create,paib-gpu/openb-pod-0041,3099
3314,create,paib-gpu/openb-pod-2941,3100
3315,create,paib-gpu/openb-pod-0447,3101
3316,create,paib-gpu/openb-pod-5709,3102
3317,create,paib-gpu/openb-pod-5989,3103
3318,create,paib-gpu/openb-pod-7870,3104
3319,failed,paib-gpu/openb-pod-5722,3104
3320,create,paib-gpu/openb-pod-5316,3105
3321,create,paib-gpu/openb-pod-2732,3106
3322,create,paib-gpu/openb-pod-4974,3107
3323,create,paib-gpu/openb-pod-7246,3108
3324,failed,paib-gpu/openb-pod-5715,3108
3325,create,paib-gpu/openb-pod-3286,3109
3326,create,paib-gpu/openb-pod-1110,3110
3327,failed,paib-gpu/openb-pod-3052,3110
3328,create,paib-gpu/openb-pod-7153,3111
3329,create,paib-gpu/openb-pod-1312,3112
3330,create,paib-gpu/openb-pod-1554,3113
3331,create,paib-gpu/openb-pod-4128,3114
3332,create,paib-gpu/openb-pod-4104,3115
3333,create,paib-gpu/openb-pod-4251,3116
3334,failed,paib-gpu/openb-pod-8006,3116
3335,create,paib-gpu/openb-pod-7487,3117
3336,create,paib-gpu/openb-pod-5395,3118
3337,create,paib-gpu/openb-pod-3170,3119
3338,failed,paib-gpu/openb-pod-6226,3119
3339,failed,paib-gpu/openb-pod-4155,3119
3340,create,paib-gpu/openb-pod-4551,3120
3341,create,paib-gpu/openb-pod-5290,3121
3342,create,paib-gpu/openb-pod-0107,3122
3343,failed,paib-gpu/openb-pod-3299,3122
3344,create,paib-gpu/openb-pod-7547,3123
3345,create,paib-gpu/openb-pod-2510,3124
3346,create,paib-gpu/openb-pod-0233,3125
3347,create,paib-gpu/openb-pod-6398,3126
3348,create,paib-gpu/openb-pod-3112,3127
3349,create,paib-gpu/openb-pod-6612,3128
3350,create,paib-gpu/openb-pod-7611,3129
3351,create,paib-gpu/openb-pod-4348,3130
3352,create,paib-gpu/openb-pod-6841,3131
3353,create,paib-gpu/openb-pod-7300,3132
3354,failed,paib-gpu/openb-pod-4076,3132
3355,create,paib-gpu/openb-pod-2719,3133
3356,failed,paib-gpu/openb-pod-4684,3133
3357,create,paib-gpu/openb-pod-6037,3134
3358,create,paib-gpu/openb-pod-6584,3135
3359,create,paib-gpu/openb-pod-0628,3136
3360,create,paib-gpu/openb-pod-3072,3137
3361,create,paib-gpu/openb-pod-4927,3138
3362,create,paib-gpu/openb-pod-4514,3139
3363,create,paib-gpu/openb-pod-2129,3140
3364,create,paib-gpu/openb-pod-0851,3141
3365,create,paib-gpu/openb-pod-2814,3142
3366,create,paib-gpu/openb-pod-5135,3143
3367,create,paib-gpu/openb-pod-0821,3144
3368,create,paib-gpu/openb-pod-3819,3145
3369,failed,paib-gpu/openb-pod-7654,3145
3370,create,paib-gpu/openb-pod-2341,3146
3371,create,paib-gpu/openb-pod-5960,3147
3372,create,paib-gpu/openb-pod-4399,3148
3373,create,paib-gpu/openb-pod-7584,3149
3374,create,paib-gpu/openb-pod-6172,3150
3375,create,paib-gpu/openb-pod-6856,3151
3376,create,paib-gpu/openb-pod-4985,3152
3377,create,paib-gpu/openb-pod-2959,3153
3378,create,paib-gpu/openb-pod-7375,3154
3379,create,paib-gpu/openb-pod-1624,3155
3380,create,paib-gpu/openb-pod-3565,3156
3381,create,paib-gpu/openb-pod-1665,3157
3382,create,paib-gpu/openb-pod-7954,3158
3383,create,paib-gpu/openb-pod-4779,3159
3384,create,paib-gpu/openb-pod-5224,3160
3385,create,paib-gpu/openb-pod-8092,3161
3386,create,paib-gpu/openb-pod-7348,3162
3387,create,paib-gpu/openb-pod-5755,3163
3388,create,paib-gpu/openb-pod-2976,3164
3389,create,paib-gpu/openb-pod-1584,3165
3390,failed,paib-gpu/openb-pod-1266,3165
3391,create,paib-gpu/openb-pod-5239,3166
3392,create,paib-gpu/openb-pod-4675,3167
3393,create,paib-gpu/openb-pod-1759,3168
3394,failed,paib-gpu/openb-pod-0981,3168
3395,create,paib-gpu/openb-pod-1272,3169
3396,create,paib-gpu/openb-pod-0964,3170
3397,create,paib-gpu/openb-pod-2658,3171
3398,create,paib-gpu/openb-pod-5262,3172
3399,create,paib-gpu/openb-pod-7230,3173
3400,create,paib-gpu/openb-pod-4499,3174
3401,failed,paib-gpu/openb-pod-3695,3174
3402,create,paib-gpu/openb-pod-6700,3175
3403,failed,paib-gpu/openb-pod-5297,3175
3404,create,paib-gpu/openb-pod-2507,3176
3405,create,paib-gpu/openb-pod-7531,3177
3406,create,paib-gpu/openb-pod-5083,3178
3407,create,paib-gpu/openb-pod-5596,3179
3408,failed,paib-gpu/openb-pod-4354,3179
3409,create,paib-gpu/openb-pod-6785,3180
3410,create,paib-gpu/openb-pod-5211,3181
3411,create,paib-gpu/openb-pod-3719,3182
3412,failed,paib-gpu/openb-pod-1534,3182
3413,create,paib-gpu/openb-pod-2140,3183
3414,create,paib-gpu/openb-pod-6494,3184
3415,create,paib-gpu/openb-pod-2029,3185
3416,create,paib-gpu/openb-pod-7271,3186
3417,create,paib-gpu/openb-pod-3017,3187
3418,create,paib-gpu/openb-pod-1350,3188
3419,create,paib-gpu/openb-pod-4424,3189
3420,create,paib-gpu/openb-pod-5001,3190
3421,failed,paib-gpu/openb-pod-0015,3190
3422,create,paib-gpu/openb-pod-7316,3191
3423,create,paib-gpu/openb-pod-5943,3192
3424,create,paib-gpu/openb-pod-4014,3193
3425,create,paib-gpu/openb-pod-4723,3194
3426,failed,paib-gpu/openb-pod-5819,3194
3427,create,paib-gpu/openb-pod-5397,3195
3428,create,paib-gpu/openb-pod-7916,3196
3429,create,paib-gpu/openb-pod-0483,3197
3430,create,paib-gpu/openb-pod-6731,3198
3431,create,paib-gpu/openb-pod-0404,3199
3432,create,paib-gpu/openb-pod-3215,3200
3433,failed,paib-gpu/openb-pod-2346,3200
3434,create,paib-gpu/openb-pod-4003,3201
3435,create,paib-gpu/openb-pod-0214,3202
3436,create,paib-gpu/openb-pod-4621,3203
3437,create,paib-gpu/openb-pod-5683,3204
3438,create,paib-gpu/openb-pod-4157,3205
3439,create,paib-gpu/openb-pod-1737,3206
3440,create,paib-gpu/openb-pod-3912,3207
3441,create,paib-gpu/openb-pod-7194,3208
3442,create,paib-gpu/openb-pod-6167,3209
3443,create,paib-gpu/openb-pod-1969,3210
3444,failed,paib-gpu/openb-pod-5595,3210
3445,failed,paib-gpu/openb-pod-1337,3210
3446,create,paib-gpu/openb-pod-6727,3211
3447,create,paib-gpu/openb-pod-1934,3212
3448,create,paib-gpu/openb-pod-6326,3213
3449,create,paib-gpu/openb-pod-5261,3214
3450,create,paib-gpu/openb-pod-0939,3215
3451,create,paib-gpu/openb-pod-4961,3216
3452,create,paib-gpu/openb-pod-3958,3217
3453,create,paib-gpu/openb-pod-3475,3218
3454,create,paib-gpu/openb-pod-1570,3219
3455,create,paib-gpu/openb-pod-5837,3220
3456,create,paib-gpu/openb-pod-1646,3221
3457,failed,paib-gpu/openb-pod-7042,3221
3458,create,paib-gpu/openb-pod-6128,3222
3459,create,paib-gpu/openb-pod-0876,3223
3460,create,paib-gpu/openb-pod-1001,3224
3461,create,paib-gpu/openb-pod-5623,3225
3462,create,paib-gpu/openb-pod-2053,3226
3463,create,paib-gpu/openb-pod-5618,3227
3464,create,paib-gpu/openb-pod-6713,3228
3465,create,paib-gpu/openb-pod-5140,3229
3466,create,paib-gpu/openb-pod-0540,3230
3467,create,paib-gpu/openb-pod-0850,3231
3468,create,paib-gpu/openb-pod-6315,3232
3469,create,paib-gpu/openb-pod-4066,3233
3470,create,paib-gpu/openb-pod-1821,3234
3471,create,paib-gpu/openb-pod-7589,3235
3472,create,paib-gpu/openb-pod-2484,3236
3473,create,paib-gpu/openb-pod-3842,3237
3474,create,paib-gpu/openb-pod-1405,3238
3475,create,paib-gpu/openb-pod-2977,3239
3476,create,paib-gpu/openb-pod-3815,3240
3477,create,paib-gpu/openb-pod-0725,3241
3478,failed,paib-gpu/openb-pod-1092,3241
3479,create,paib-gpu/openb-pod-3297,3242
3480,create,paib-gpu/openb-pod-3424,3243
3481,create,paib-gpu/openb-pod-1510,3244
3482,create,paib-gpu/openb-pod-0002,3245
3483,create,paib-gpu/openb-pod-0172,3246
3484,create,paib-gpu/openb-pod-7602,3247
3485,create,paib-gpu/openb-pod-0105,3248
3486,create,paib-gpu/openb-pod-2782,3249
3487,create,paib-gpu/openb-pod-3831,3250
3488,create,paib-gpu/openb-pod-0391,3251
3489,create,paib-gpu/openb-pod-3714,3252
3490,create,paib-gpu/openb-pod-0503,3253
3491,create,paib-gpu/openb-pod-2663,3254
3492,create,paib-gpu/openb-pod-7125,3255
3493,create,paib-gpu/openb-pod-5619,3256
3494,create,paib-gpu/openb-pod-7906,3257
3495,create,paib-gpu/openb-pod-2488,3258
3496,create,paib-gpu/openb-pod-7772,3259
3497,create,paib-gpu/openb-pod-0741,3260
3498,create,paib-gpu/openb-pod-2215,3261
3499,create,paib-gpu/openb-pod-8054,3262
3500,create,paib-gpu/openb-pod-2762,3263
3501,create,paib-gpu/openb-pod-1881,3264
3502,create,paib-gpu/openb-pod-4614,3265
3503,create,paib-gpu/openb-pod-8029,3266
3504,create,paib-gpu/openb-pod-7488,3267
3505,create,paib-gpu/openb-pod-7556,3268
3506,create,paib-gpu/openb-pod-1031,3269
3507,create,paib-gpu/openb-pod-1490,3270
3508,create,paib-gpu/openb-pod-2580,3271
3509,create,paib-gpu/openb-pod-4919,3272
3510,failed,paib-gpu/openb-pod-0895,3272
3511,create,paib-gpu/openb-pod-7117,3273
3512,create,paib-gpu/openb-pod-2154,3274
3513,create,paib-gpu/openb-pod-6640,3275
3514,create,paib-gpu/openb-pod-4548,3276
3515,create,paib-gpu/openb-pod-4570,3277
3516,create,paib-gpu/openb-pod-1315,3278
3517,create,paib-gpu/openb-pod-6756,3279
3518,create,paib-gpu/openb-pod-0087,3280
3519,create,paib-gpu/openb-pod-1642,3281
3520,failed,paib-gpu/openb-pod-6362,3281
3521,create,paib-gpu/openb-pod-4761,3282
3522,failed,paib-gpu/openb-pod-1441,3282
3523,create,paib-gpu/openb-pod-5702,3283
3524,create,paib-gpu/openb-pod-5538,3284
3525,create,paib-gpu/openb-pod-1320,3285
3526,create,paib-gpu/openb-pod-2924,3286
3527,create,paib-gpu/openb-pod-3372,3287
3528,create,paib-gpu/openb-pod-2478,3288
3529,create,paib-gpu/openb-pod-3202,3289
3530,failed,paib-gpu/openb-pod-2061,3289
3531,create,paib-gpu/openb-pod-0808,3290
3532,create,paib-gpu/openb-pod-7904,3291
3533,create,paib-gpu/openb-pod-1628,3292
3534,create,paib-gpu/openb-pod-4814,3293
3535,create,paib-gpu/openb-pod-1807,3294
3536,create,paib-gpu/openb-pod-4783,3295
3537,create,paib-gpu/openb-pod-2846,3296
3538,create,paib-gpu/openb-pod-2927,3297
3539,create,paib-gpu/openb-pod-3858,3298
3540,create,paib-gpu/openb-pod-6635,3299
3541,create,paib-gpu/openb-pod-2060,3300
3542,failed,paib-gpu/openb-pod-4209,3300
3543,create,paib-gpu/openb-pod-0450,3301
3544,create,paib-gpu/openb-pod-1851,3302
3545,create,paib-gpu/openb-pod-4225,3303
3546,failed,paib-gpu/openb-pod-1360,3303
3547,create,paib-gpu/openb-pod-2513,3304
3548,create,paib-gpu/openb-pod-1955,3305
3549,create,paib-gpu/openb-pod-7984,3306
3550,create,paib-gpu/openb-pod-5347,3307
3551,create,paib-gpu/openb-pod-0428,3308
3552,create,paib-gpu/openb-pod-6602,3309
3553,create,paib-gpu/openb-pod-5232,3310
3554,create,paib-gpu/openb-pod-3417,3311
3555,create,paib-gpu/openb-pod-3430,3312
3556,create,paib-gpu/openb-pod-1284,3313
3557,create,paib-gpu/openb-pod-6705,3314
3558,create,paib-gpu/openb-pod-4954,3315
3559,create,paib-gpu/openb-pod-2464,3316
3560,create,paib-gpu/openb-pod-7174,3317
3561,create,paib-gpu/openb-pod-2377,3318
3562,create,paib-gpu/openb-pod-8083,3319
3563,create,paib-gpu/openb-pod-4500,3320
3564,create,paib-gpu/openb-pod-0651,3321
3565,create,paib-gpu/openb-pod-0780,3322
3566,create,paib-gpu/openb-pod-7179,3323
3567,create,paib-gpu/openb-pod-3451,3324
3568,create,paib-gpu/openb-pod-8140,3325
3569,create,paib-gpu/openb-pod-5732,3326
3570,create,paib-gpu/openb-pod-2094,3327
3571,create,paib-gpu/openb-pod-2583,3328
3572,create,paib-gpu/openb-pod-1735,3329
3573,create,paib-gpu/openb-pod-7606,3330
3574,create,paib-gpu/openb-pod-7091,3331
3575,create,paib-gpu/openb-pod-3780,3332
3576,create,paib-gpu/openb-pod-5470,3333
3577,create,paib-gpu/openb-pod-2992,3334
3578,create,paib-gpu/openb-pod-1880,3335
3579,create,paib-gpu/openb-pod-2932,3336
3580,create,paib-gpu/openb-pod-2449,3337
3581,create,paib-gpu/openb-pod-5230,3338
3582,create,paib-gpu/openb-pod-0212,3339
3583,failed,paib-gpu/openb-pod-7190,3339
3584,create,paib-gpu/openb-pod-2769,3340
3585,create,paib-gpu/openb-pod-1980,3341
3586,create,paib-gpu/openb-pod-5821,3342
3587,create,paib-gpu/openb-pod-8009,3343
3588,create,paib-gpu/openb-pod-1422,3344
3589,create,paib-gpu/openb-pod-0360,3345
3590,create,paib-gpu/openb-pod-6861,3346
3591,create,paib-gpu/openb-pod-4131,3347
3592,create,paib-gpu/openb-pod-4670,3348
3593,create,paib-gpu/openb-pod-4660,3349
3594,create,paib-gpu/openb-pod-3351,3350
3595,create,paib-gpu/openb-pod-4038,3351
3596,create,paib-gpu/openb-pod-3827,3352
3597,create,paib-gpu/openb-pod-2458,3353
3598,failed,paib-gpu/openb-pod-0234,3353
3599,create,paib-gpu/openb-pod-3504,3354
3600,create,paib-gpu/openb-pod-3997,3355
3601,create,paib-gpu/openb-pod-4601,3356
3602,create,paib-gpu/openb-pod-5793,3357
3603,create,paib-gpu/openb-pod-0649,3358
3604,create,paib-gpu/openb-pod-3162,3359
3605,failed,paib-gpu/openb-pod-7040,3359
3606,create,paib-gpu/openb-pod-1530,3360
3607,create,paib-gpu/openb-pod-6597,3361
3608,create,paib-gpu/openb-pod-3541,3362
3609,create,paib-gpu/openb-pod-4034,3363
3610,create,paib-gpu/openb-pod-3512,3364
3611,create,paib-gpu/openb-pod-3668,3365
3612,create,paib-gpu/openb-pod-2128,3366
3613,create,paib-gpu/openb-pod-0645,3367
3614,create,paib-gpu/openb-pod-4372,3368
3615,create,paib-gpu/openb-pod-5643,3369
3616,failed,paib-gpu/openb-pod-5584,3369
3617,failed,paib-gpu/openb-pod-3587,3369
3618,create,paib-gpu/openb-pod-7963,3370
3619,failed,paib-gpu/openb-pod-5657,3370
3620,create,paib-gpu/openb-pod-1596,3371
3621,create,paib-gpu/openb-pod-0564,3372
3622,create,paib-gpu/openb-pod-1605,3373
3623,create,paib-gpu/openb-pod-8024,3374
3624,create,paib-gpu/openb-pod-1569,3375
3625,failed,paib-gpu/openb-pod-4612,3375
3626,create,paib-gpu/openb-pod-4094,3376
3627,failed,paib-gpu/openb-pod-7917,3376
3628,create,paib-gpu/openb-pod-4133,3377
3629,create,paib-gpu/openb-pod-3508,3378
3630,create,paib-gpu/openb-pod-2264,3379
3631,create,paib-gpu/openb-pod-5885,3380
3632,create,paib-gpu/openb-pod-4425,3381
3633,failed,paib-gpu/openb-pod-7791,3381
3634,create,paib-gpu/openb-pod-6563,3382
3635,create,paib-gpu/openb-pod-3678,3383
3636,create,paib-gpu/openb-pod-2183,3384
3637,create,paib-gpu/openb-pod-5039,3385
3638,create,paib-gpu/openb-pod-7830,3386
3639,create,paib-gpu/openb-pod-5519,3387
3640,create,paib-gpu/openb-pod-2582,3388
3641,create,paib-gpu/openb-pod-1687,3389
3642,create,paib-gpu/openb-pod-3102,3390
3643,failed,paib-gpu/openb-pod-6358,3390
3644,create,paib-gpu/openb-pod-2068,3391
3645,create,paib-gpu/openb-pod-6969,3392
3646,create,paib-gpu/openb-pod-2699,3393
3647,create,paib-gpu/openb-pod-1940,3394
3648,create,paib-gpu/openb-pod-6096,3395
3649,create,paib-gpu/openb-pod-2462,3396
3650,create,paib-gpu/openb-pod-2200,3397
3651,create,paib-gpu/openb-pod-2485,3398
3652,failed,paib-gpu/openb-pod-0836,3398
3653,failed,paib-gpu/openb-pod-2266,3398
3654,create,paib-gpu/openb-pod-6538,3399
3655,create,paib-gpu/openb-pod-8005,3400
3656,create,paib-gpu/openb-pod-4872,3401
3657,create,paib-gpu/openb-pod-4960,3402
3658,create,paib-gpu/openb-pod-5030,3403
3659,create,paib-gpu/openb-pod-7499,3404
3660,failed,paib-gpu/openb-pod-7045,3404
3661,create,paib-gpu/openb-pod-2495,3405
3662,create,paib-gpu/openb-pod-1709,3406
3663,create,paib-gpu/openb-pod-5447,3407
3664,create,paib-gpu/openb-pod-4090,3408
3665,create,paib-gpu/openb-pod-3198,3409
3666,create,paib-gpu/openb-pod-3144,3410
3667,create,paib-gpu/openb-pod-3401,3411
3668,create,paib-gpu/openb-pod-1221,3412
3669,create,paib-gpu/openb-pod-7446,3413
3670,failed,paib-gpu/openb-pod-3359,3413
3671,create,paib-gpu/openb-pod-2373,3414
3672,create,paib-gpu/openb-pod-3039,3415
3673,create,paib-gpu/openb-pod-3370,3416
3674,create,paib-gpu/openb-pod-1531,3417
3675,create,paib-gpu/openb-pod-0264,3418
3676,create,paib-gpu/openb-pod-1947,3419
3677,failed,paib-gpu/openb-pod-6311,3419
3678,create,paib-gpu/openb-pod-0573,3420
3679,create,paib-gpu/openb-pod-2558,3421
3680,create,paib-gpu/openb-pod-7666,3422
3681,create,paib-gpu/openb-pod-1965,3423
3682,create,paib-gpu/openb-pod-1234,3424
3683,create,paib-gpu/openb-pod-5956,3425
3684,failed,paib-gpu/openb-pod-0966,3425
3685,failed,paib-gpu/openb-pod-5185,3425
3686,create,paib-gpu/openb-pod-5015,3426
3687,create,paib-gpu/openb-pod-6499,3427
3688,create,paib-gpu/openb-pod-4270,3428
3689,create,paib-gpu/openb-pod-5311,3429
3690,create,paib-gpu/openb-pod-6543,3430
3691,create,paib-gpu/openb-pod-3164,3431
3692,create,paib-gpu/openb-pod-3296,3432
3693,create,paib-gpu/openb-pod-8134,3433
3694,create,paib-gpu/openb-pod-2697,3434
3695,create,paib-gpu/openb-pod-0198,3435
3696,create,paib-gpu/openb-pod-3125,3436
3697,create,paib-gpu/openb-pod-4780,3437
3698,create,paib-gpu/openb-pod-7518,3438
3699,create,paib-gpu/openb-pod-6200,3439
3700,create,paib-gpu/openb-pod-4091,3440
3701,create,paib-gpu/openb-pod-6472,3441
3702,failed,paib-gpu/openb-pod-8099,3441
3703,failed,paib-gpu/openb-pod-3854,3441
3704,create,paib-gpu/openb-pod-1150,3442
3705,failed,paib-gpu/openb-pod-7489,3442
3706,create,paib-gpu/openb-pod-2151,3443
3707,create,paib-gpu/openb-pod-1928,3444
3708,create,paib-gpu/openb-pod-1108,3445
3709,create,paib-gpu/openb-pod-5848,3446
3710,create,paib-gpu/openb-pod-1908,3447
3711,create,paib-gpu/openb-pod-4135,3448
3712,create,paib-gpu/openb-pod-5062,3449
3713,create,paib-gpu/openb-pod-3434,3450
3714,failed,paib-gpu/openb-pod-7415,3450
3715,create,paib-gpu/openb-pod-5479,3451
3716,failed,paib-gpu/openb-pod-1390,3451
3717,failed,paib-gpu/openb-pod-1804,3451
3718,create,paib-gpu/openb-pod-0736,3452
3719,create,paib-gpu/openb-pod-3523,3453
3720,failed,paib-gpu/openb-pod-7988,3453
3721,create,paib-gpu/openb-pod-1705,3454
3722,create,paib-gpu/openb-pod-1951,3455
3723,create,paib-gpu/openb-pod-6478,3456
3724,create,paib-gpu/openb-pod-2840,3457
3725,failed,paib-gpu/openb-pod-6287,3457
3726,create,paib-gpu/openb-pod-6780,3458
3727,failed,paib-gpu/openb-pod-0300,3458
3728,create,paib-gpu/openb-pod-3209,3459
3729,create,paib-gpu/openb-pod-3784,3460
3730,create,paib-gpu/openb-pod-3755,3461
3731,create,paib-gpu/openb-pod-1716,3462
3732,failed,paib-gpu/openb-pod-6017,3462
3733,create,paib-gpu/openb-pod-5409,3463
3734,failed,paib-gpu/openb-pod-5417,3463
3735,create,paib-gpu/openb-pod-3888,3464
3736,failed,paib-gpu/openb-pod-3429,3464
3737,failed,paib-gpu/openb-pod-2999,3464
3738,create,paib-gpu/openb-pod-4130,3465
3739,create,paib-gpu/openb-pod-4106,3466
3740,create,paib-gpu/openb-pod-0782,3467
3741,create,paib-gpu/openb-pod-5662,3468
3742,create,paib-gpu/openb-pod-0874,3469
3743,failed,paib-gpu/openb-pod-1090,3469
3744,create,paib-gpu/openb-pod-4144,3470
3745,create,paib-gpu/openb-pod-7950,3471
3746,create,paib-gpu/openb-pod-6406,3472
3747,create,paib-gpu/openb-pod-7897,3473
3748,create,paib-gpu/openb-pod-1353,3474
3749,failed,paib-gpu/openb-pod-8142,3474
3750,create,paib-gpu/openb-pod-0759,3475
3751,create,paib-gpu/openb-pod-2292,3476
3752,create,paib-gpu/openb-pod-7118,3477
3753,create,paib-gpu/openb-pod-1853,3478
3754,create,paib-gpu/openb-pod-6149,3479
3755,create,paib-gpu/openb-pod-2256,3480
3756,create,paib-gpu/openb-pod-3456,3481
3757,create,paib-gpu/openb-pod-5725,3482
3758,failed,paib-gpu/openb-pod-4627,3482
3759,create,paib-gpu/openb-pod-0010,3483
3760,create,paib-gpu/openb-pod-0678,3484
3761,create,paib-gpu/openb-pod-6634,3485
3762,create,paib-gpu/openb-pod-2950,3486
3763,create,paib-gpu/openb-pod-6298,3487
3764,create,paib-gpu/openb-pod-6911,3488
3765,failed,paib-gpu/openb-pod-2497,3488
3766,create,paib-gpu/openb-pod-0587,3489
3767,create,paib-gpu/openb-pod-7876,3490
3768,failed,paib-gpu/openb-pod-0640,3490
3769,failed,paib-gpu/openb-pod-2742,3490
3770,failed,paib-gpu/openb-pod-4609,3490
3771,create,paib-gpu/openb-pod-7273,3491
3772,failed,paib-gpu/openb-pod-3532,3491
3773,create,paib-gpu/openb-pod-4892,3492
3774,create,paib-gpu/openb-pod-1035,3493
3775,create,paib-gpu/openb-pod-6229,3494
3776,create,paib-gpu/openb-pod-2910,3495
3777,create,paib-gpu/openb-pod-5446,3496
3778,create,paib-gpu/openb-pod-5695,3497
3779,create,paib-gpu/openb-pod-1879,3498
3780,create,paib-gpu/openb-pod-8000,3499
3781,create,paib-gpu/openb-pod-7656,3500
3782,create,paib-gpu/openb-pod-0393,3501
3783,create,paib-gpu/openb-pod-1187,3502
3784,create,paib-gpu/openb-pod-5800,3503
3785,create,paib-gpu/openb-pod-4625,3504
3786,failed,paib-gpu/openb-pod-6048,3504
3787,failed,paib-gpu/openb-pod-0262,3504
3788,create,paib-gpu/openb-pod-1551,3505
3789,create,paib-gpu/openb-pod-1023,3506
3790,create,paib-gpu/openb-pod-2143,3507
3791,failed,paib-gpu/openb-pod-4382,3507
3792,create,paib-gpu/openb-pod-4153,3508
3793,create,paib-gpu/openb-pod-5468,3509
3794,failed,paib-gpu/openb-pod-1660,3509
3795,failed,paib-gpu/openb-pod-6601,3509
3796,create,paib-gpu/openb-pod-1273,3510
3797,create,paib-gpu/openb-pod-3274,3511
3798,create,paib-gpu/openb-pod-2787,3512
3799,create,paib-gpu/openb-pod-0962,3513
3800,failed,paib-gpu/openb-pod-7945,3513
3801,create,paib-gpu/openb-pod-4782,3514
3802,create,paib-gpu/openb-pod-4362,3515
3803,create,paib-gpu/openb-pod-0525,3516
3804,create,paib-gpu/openb-pod-0824,3517
3805,create,paib-gpu/openb-pod-1718,3518
3806,create,paib-gpu/openb-pod-7098,3519
3807,create,paib-gpu/openb-pod-0126,3520
3808,create,paib-gpu/openb-pod-0096,3521
3809,create,paib-gpu/openb-pod-2752,3522
3810,create,paib-gpu/openb-pod-2509,3523
3811,create,paib-gpu/openb-pod-0626,3524
3812,create,paib-gpu/openb-pod-6078,3525
3813,create,paib-gpu/openb-pod-7845,3526
3814,create,paib-gpu/openb-pod-3887,3527
3815,create,paib-gpu/openb-pod-6791,3528
3816,create,paib-gpu/openb-pod-1725,3529
3817,create,paib-gpu/openb-pod-7895,3530
3818,create,paib-gpu/openb-pod-6623,3531
3819,failed,paib-gpu/openb-pod-4007,3531
3820,create,paib-gpu/openb-pod-7494,3532
3821,create,paib-gpu/openb-pod-5667,3533
3822,create,paib-gpu/openb-pod-7113,3534
3823,create,paib-gpu/openb-pod-2707,3535
3824,failed,paib-gpu/openb-pod-3447,3535
3825,create,paib-gpu/openb-pod-8079,3536
3826,create,paib-gpu/openb-pod-1896,3537
3827,create,paib-gpu/openb-pod-4932,3538
3828,create,paib-gpu/openb-pod-1590,3539
3829,create,paib-gpu/openb-pod-6938,3540
3830,create,paib-gpu/openb-pod-2196,3541
3831,create,paib-gpu/openb-pod-0164,3542
3832,create,paib-gpu/openb-pod-0584,3543
3833,failed,paib-gpu/openb-pod-2843,3543
3834,create,paib-gpu/openb-pod-3906,3544
3835,create,paib-gpu/openb-pod-6706,3545
3836,failed,paib-gpu/openb-pod-1036,3545
3837,create,paib-gpu/openb-pod-6886,3546
3838,create,paib-gpu/openb-pod-2797,3547
3839,failed,paib-gpu/openb-pod-3218,3547
3840,create,paib-gpu/openb-pod-4459,3548
3841,create,paib-gpu/openb-pod-2785,3549
3842,create,paib-gpu/openb-pod-7170,3550
3843,failed,paib-gpu/openb-pod-7700,3550
3844,failed,paib-gpu/openb-pod-2291,3550
3845,failed,paib-gpu/openb-pod-6707,3550
3846,create,paib-gpu/openb-pod-4319,3551
3847,failed,paib-gpu/openb-pod-5252,3551
3848,create,paib-gpu/openb-pod-6669,3552
3849,create,paib-gpu/openb-pod-4308,3553
3850,create,paib-gpu/openb-pod-3704,3554
3851,create,paib-gpu/openb-pod-1345,3555
3852,create,paib-gpu/openb-pod-3037,3556
3853,create,paib-gpu/openb-pod-4643,3557
3854,create,paib-gpu/openb-pod-0774,3558
3855,create,paib-gpu/openb-pod-5072,3559
3856,create,paib-gpu/openb-pod-2589,3560
3857,create,paib-gpu/openb-pod-3161,3561
3858,create,paib-gpu/openb-pod-5028,3562
3859,create,paib-gpu/openb-pod-0902,3563
3860,failed,paib-gpu/openb-pod-7448,3563
3861,create,paib-gpu/openb-pod-6415,3564
3862,create,paib-gpu/openb-pod-2767,3565
3863,create,paib-gpu/openb-pod-6074,3566
3864,failed,paib-gpu/openb-pod-1640,3566
3865,failed,paib-gpu/openb-pod-0180,3566
3866,create,paib-gpu/openb-pod-4849,3567
3867,failed,paib-gpu/openb-pod-3630,3567
3868,create,paib-gpu/openb-pod-3652,3568
3869,failed,paib-gpu/openb-pod-4380,3568
3870,create,paib-gpu/openb-pod-1058,3569
3871,create,paib-gpu/openb-pod-0583,3570
3872,create,paib-gpu/openb-pod-0226,3571
3873,create,paib-gpu/openb-pod-4760,3572
3874,create,paib-gpu/openb-pod-1143,3573
3875,create,paib-gpu/openb-pod-6594,3574
3876,create,paib-gpu/openb-pod-0907,3575
3877,create,paib-gpu/openb-pod-2396,3576
3878,create,paib-gpu/openb-pod-0985,3577
3879,create,paib-gpu/openb-pod-5517,3578
3880,create,paib-gpu/openb-pod-2212,3579
3881,create,paib-gpu/openb-pod-0560,3580
3882,create,paib-gpu/openb-pod-4120,3581
3883,create,paib-gpu/openb-pod-7401,3582
3884,create,paib-gpu/openb-pod-6716,3583
3885,create,paib-gpu/openb-pod-6926,3584
3886,create,paib-gpu/openb-pod-2383,3585
3887,create,paib-gpu/openb-pod-2946,3586
3888,create,paib-gpu/openb-pod-5750,3587
3889,failed,paib-gpu/openb-pod-7795,3587
3890,failed,paib-gpu/openb-pod-4707,3587
3891,create,paib-gpu/openb-pod-7509,3588
3892,create,paib-gpu/openb-pod-1603,3589
3893,create,paib-gpu/openb-pod-7163,3590
3894,failed,paib-gpu/openb-pod-2229,3590
3895,create,paib-gpu/openb-pod-3859,3591
3896,create,paib-gpu/openb-pod-2987,3592
3897,failed,paib-gpu/openb-pod-6374,3592
3898,create,paib-gpu/openb-pod-6724,3593
3899,create,paib-gpu/openb-pod-1050,3594
3900,create,paib-gpu/openb-pod-7207,3595
3901,create,paib-gpu/openb-pod-4050,3596
3902,create,paib-gpu/openb-pod-7053,3597
3903,create,paib-gpu/openb-pod-2014,3598
3904,create,paib-gpu/openb-pod-6119,3599
3905,create,paib-gpu/openb-pod-6551,3600
3906,create,paib-gpu/openb-pod-6892,3601
3907,create,paib-gpu/openb-pod-4630,3602
3908,create,paib-gpu/openb-pod-1858,3603
3909,failed,paib-gpu/openb-pod-1656,3603
3910,create,paib-gpu/openb-pod-2747,3604
3911,failed,paib-gpu/openb-pod-6505,3604
3912,create,paib-gpu/openb-pod-0625,3605
3913,create,paib-gpu/openb-pod-3782,3606
3914,create,paib-gpu/openb-pod-3384,3607
3915,create,paib-gpu/openb-pod-3802,3608
3916,failed,paib-gpu/openb-pod-4790,3608
3917,create,paib-gpu/openb-pod-3222,3609
3918,create,paib-gpu/openb-pod-5906,3610
3919,create,paib-gpu/openb-pod-6945,3611
3920,create,paib-gpu/openb-pod-7296,3612
3921,create,paib-gpu/openb-pod-7566,3613
3922,failed,paib-gpu/openb-pod-2897,3613
3923,create,paib-gpu/openb-pod-2092,3614
3924,create,paib-gpu/openb-pod-5545,3615
3925,create,paib-gpu/openb-pod-5033,3616
3926,create,paib-gpu/openb-pod-7159,3617
3927,create,paib-gpu/openb-pod-3600,3618
3928,failed,paib-gpu/openb-pod-3498,3618
3929,create,paib-gpu/openb-pod-4800,3619
3930,create,paib-gpu/openb-pod-5137,3620
3931,create,paib-gpu/openb-pod-1992,3621
3932,create,paib-gpu/openb-pod-6557,3622
3933,failed,paib-gpu/openb-pod-4329,3622
3934,create,paib-gpu/openb-pod-2326,3623
3935,create,paib-gpu/openb-pod-2329,3624
3936,create,paib-gpu/openb-pod-3339,3625
3937,create,paib-gpu/openb-pod-1128,3626
3938,create,paib-gpu/openb-pod-3363,3627
3939,failed,paib-gpu/openb-pod-6310,3627
3940,failed,paib-gpu/openb-pod-7444,3627
3941,create,paib-gpu/openb-pod-1233,3628
3942,create,paib-gpu/openb-pod-5077,3629
3943,create,paib-gpu/openb-pod-1816,3630
3944,create,paib-gpu/openb-pod-3855,3631
3945,create,paib-gpu/openb-pod-6180,3632
3946,create,paib-gpu/openb-pod-5831,3633
3947,create,paib-gpu/openb-pod-3944,3634
3948,create,paib-gpu/openb-pod-1593,3635
3949,create,paib-gpu/openb-pod-7464,3636
3950,create,paib-gpu/openb-pod-1782,3637
3951,create,paib-gpu/openb-pod-2272,3638
3952,create,paib-gpu/openb-pod-2479,3639
3953,create,paib-gpu/openb-pod-3049,3640
3954,create,paib-gpu/openb-pod-2327,3641
3955,create,paib-gpu/openb-pod-3060,3642
3956,create,paib-gpu/openb-pod-3963,3643
3957,create,paib-gpu/openb-pod-6949,3644
3958,failed,paib-gpu/openb-pod-6997,3644
3959,create,paib-gpu/openb-pod-5090,3645
3960,create,paib-gpu/openb-pod-4344,3646
3961,create,paib-gpu/openb-pod-5330,3647
3962,create,paib-gpu/openb-pod-6389,3648
3963,create,paib-gpu/openb-pod-5753,3649
3964,create,paib-gpu/openb-pod-4721,3650
3965,create,paib-gpu/openb-pod-8052,3651
3966,create,paib-gpu/openb-pod-2408,3652
3967,create,paib-gpu/openb-pod-5693,3653
3968,failed,paib-gpu/openb-pod-4929,3653
3969,create,paib-gpu/openb-pod-2336,3654
3970,failed,paib-gpu/openb-pod-0129,3654
3971,create,paib-gpu/openb-pod-8021,3655
3972,create,paib-gpu/openb-pod-3180,3656
3973,create,paib-gpu/openb-pod-4737,3657
3974,create,paib-gpu/openb-pod-2125,3658
3975,create,paib-gpu/openb-pod-3051,3659
3976,failed,paib-gpu/openb-pod-7268,3659
3977,create,paib-gpu/openb-pod-3925,3660
3978,create,paib-gpu/openb-pod-7203,3661
3979,create,paib-gpu/openb-pod-4020,3662
3980,create,paib-gpu/openb-pod-4296,3663
3981,create,paib-gpu/openb-pod-1728,3664
3982,create,paib-gpu/openb-pod-3488,3665
3983,create,paib-gpu/openb-pod-3636,3666
3984,create,paib-gpu/openb-pod-6621,3667
3985,create,paib-gpu/openb-pod-3546,3668
3986,failed,paib-gpu/openb-pod-1003,3668
3987,create,paib-gpu/openb-pod-2435,3669
3988,create,paib-gpu/openb-pod-6288,3670
3989,create,paib-gpu/openb-pod-3008,3671
3990,create,paib-gpu/openb-pod-2514,3672
3991,create,paib-gpu/openb-pod-2929,3673
3992,create,paib-gpu/openb-pod-2349,3674
3993,failed,paib-gpu/openb-pod-6295,3674
3994,create,paib-gpu/openb-pod-6877,3675
3995,create,paib-gpu/openb-pod-0786,3676
3996,create,paib-gpu/openb-pod-0003,3677
3997,create,paib-gpu/openb-pod-1173,3678
3998,create,paib-gpu/openb-pod-0337,3679
3999,create,paib-gpu/openb-pod-7108,3680
4000,create,paib-gpu/openb-pod-7451,3681
4001,create,paib-gpu/openb-pod-6915,3682
4002,create,paib-gpu/openb-pod-4276,3683
4003,create,paib-gpu/openb-pod-6485,3684
4004,create,paib-gpu/openb-pod-6650,3685
4005,create,paib-gpu/openb-pod-3220,3686
4006,failed,paib-gpu/openb-pod-0020,3686
4007,create,paib-gpu/openb-pod-4673,3687
4008,failed,paib-gpu/openb-pod-2571,3687
4009,create,paib-gpu/openb-pod-4447,3688
4010,create,paib-gpu/openb-pod-5572,3689
4011,create,paib-gpu/openb-pod-4729,3690
4012,create,paib-gpu/openb-pod-2940,3691
4013,create,paib-gpu/openb-pod-8108,3692
4014,create,paib-gpu/openb-pod-7240,3693
4015,create,paib-gpu/openb-pod-1634,3694
4016,failed,paib-gpu/openb-pod-6268,3694
4017,create,paib-gpu/openb-pod-7764,3695
4018,create,paib-gpu/openb-pod-0493,3696
4019,create,paib-gpu/openb-pod-5029,3697
4020,create,paib-gpu/openb-pod-2626,3698
4021,create,paib-gpu/openb-pod-2274,3699
4022,create,paib-gpu/openb-pod-7730,3700
4023,create,paib-gpu/openb-pod-1581,3701
4024,create,paib-gpu/openb-pod-5008,3702
4025,create,paib-gpu/openb-pod-2166,3703
4026,create,paib-gpu/openb-pod-0065,3704
4027,failed,paib-gpu/openb-pod-0679,3704
4028,failed,paib-gpu/openb-pod-4303,3704
4029,create,paib-gpu/openb-pod-4742,3705
4030,create,paib-gpu/openb-pod-1194,3706
4031,create,paib-gpu/openb-pod-7545,3707
4032,failed,paib-gpu/openb-pod-1916,3707
4033,create,paib-gpu/openb-pod-3902,3708
4034,failed,paib-gpu/openb-pod-4649,3708
4035,create,paib-gpu/openb-pod-6846,3709
4036,create,paib-gpu/openb-pod-0961,3710
4037,create,paib-gpu/openb-pod-5676,3711
4038,create,paib-gpu/openb-pod-5490,3712
4039,create,paib-gpu/openb-pod-2634,3713
4040,failed,paib-gpu/openb-pod-0416,3713
4041,create,paib-gpu/openb-pod-6467,3714
4042,create,paib-gpu/openb-pod-3087,3715
4043,create,paib-gpu/openb-pod-4727,3716
4044,create,paib-gpu/openb-pod-3115,3717
4045,create,paib-gpu/openb-pod-0024,3718
4046,failed,paib-gpu/openb-pod-5147,3718
4047,create,paib-gpu/openb-pod-1040,3719
4048,failed,paib-gpu/openb-pod-1779,3719
4049,create,paib-gpu/openb-pod-6484,3720
4050,create,paib-gpu/openb-pod-7565,3721
4051,create,paib-gpu/openb-pod-2740,3722
4052,create,paib-gpu/openb-pod-4292,3723
4053,create,paib-gpu/openb-pod-1493,3724
4054,create,paib-gpu/openb-pod-6101,3725
4055,create,paib-gpu/openb-pod-6513,3726
4056,create,paib-gpu/openb-pod-3996,3727
4057,create,paib-gpu/openb-pod-3174,3728
4058,create,paib-gpu/openb-pod-0355,3729
4059,create,paib-gpu/openb-pod-4741,3730
4060,create,paib-gpu/openb-pod-4035,3731
4061,create,paib-gpu/openb-pod-4086,3732
4062,create,paib-gpu/openb-pod-8030,3733
4063,create,paib-gpu/openb-pod-1707,3734
4064,failed,paib-gpu/openb-pod-7455,3734
4065,create,paib-gpu/openb-pod-0494,3735
4066,create,paib-gpu/openb-pod-7231,3736
4067,create,paib-gpu/openb-pod-0486,3737
4068,create,paib-gpu/openb-pod-7184,3738
4069,create,paib-gpu/openb-pod-1130,3739
4070,create,paib-gpu/openb-pod-5992,3740
4071,failed,paib-gpu/openb-pod-5122,3740
4072,create,paib-gpu/openb-pod-6012,3741
4073,create,paib-gpu/openb-pod-7821,3742
4074,failed,paib-gpu/openb-pod-5117,3742
4075,create,paib-gpu/openb-pod-5349,3743
4076,create,paib-gpu/openb-pod-5887,3744
4077,create,paib-gpu/openb-pod-7559,3745
4078,create,paib-gpu/openb-pod-6348,3746
4079,create,paib-gpu/openb-pod-1113,3747
4080,create,paib-gpu/openb-pod-1954,3748
4081,create,paib-gpu/openb-pod-0060,3749
4082,create,paib-gpu/openb-pod-2023,3750
4083,create,paib-gpu/openb-pod-1379,3751
4084,create,paib-gpu/openb-pod-6880,3752
4085,create,paib-gpu/openb-pod-2873,3753
4086,create,paib-gpu/openb-pod-6596,3754
4087,create,paib-gpu/openb-pod-6890,3755
4088,failed,paib-gpu/openb-pod-3226,3755
4089,create,paib-gpu/openb-pod-5987,3756
4090,create,paib-gpu/openb-pod-0529,3757
4091,create,paib-gpu/openb-pod-0259,3758
4092,failed,paib-gpu/openb-pod-6089,3758
4093,create,paib-gpu/openb-pod-3255,3759
4094,create,paib-gpu/openb-pod-4365,3760
4095,failed,paib-gpu/openb-pod-2357,3760
4096,create,paib-gpu/openb-pod-0910,3761
4097,create,paib-gpu/openb-pod-3105,3762
4098,create,paib-gpu/openb-pod-2171,3763
4099,create,paib-gpu/openb-pod-1676,3764
4100,create,paib-gpu/openb-pod-2103,3765
4101,create,paib-gpu/openb-pod-0935,3766
4102,create,paib-gpu/openb-pod-6526,3767
4103,failed,paib-gpu/openb-pod-0007,3767
4104,create,paib-gpu/openb-pod-7223,3768
4105,create,paib-gpu/openb-pod-1217,3769
4106,create,paib-gpu/openb-pod-5897,3770
4107,create,paib-gpu/openb-pod-6209,3771
4108,create,paib-gpu/openb-pod-7453,3772
4109,failed,paib-gpu/openb-pod-2878,3772
4110,failed,paib-gpu/openb-pod-2705,3772
4111,create,paib-gpu/openb-pod-0581,3773
4112,create,paib-gpu/openb-pod-4379,3774
4113,create,paib-gpu/openb-pod-3278,3775
4114,create,paib-gpu/openb-pod-0364,3776
4115,create,paib-gpu/openb-pod-2835,3777
4116,create,paib-gpu/openb-pod-6466,3778
4117,create,paib-gpu/openb-pod-3875,3779
4118,failed,paib-gpu/openb-pod-3752,3779
4119,create,paib-gpu/openb-pod-6782,3780
4120,create,paib-gpu/openb-pod-3241,3781
4121,failed,paib-gpu/openb-pod-2157,3781
4122,create,paib-gpu/openb-pod-8151,3782
4123,create,paib-gpu/openb-pod-0427,3783
4124,create,paib-gpu/openb-pod-3680,3784
4125,create,paib-gpu/openb-pod-3391,3785
4126,failed,paib-gpu/openb-pod-1112,3785
4127,create,paib-gpu/openb-pod-4788,3786
4128,create,paib-gpu/openb-pod-5672,3787
4129,create,paib-gpu/openb-pod-6024,3788
4130,create,paib-gpu/openb-pod-5215,3789
4131,create,paib-gpu/openb-pod-6661,3790
4132,create,paib-gpu/openb-pod-7247,3791
4133,failed,paib-gpu/openb-pod-7664,3791
4134,create,paib-gpu/openb-pod-3116,3792
4135,failed,paib-gpu/openb-pod-8088,3792
4136,create,paib-gpu/openb-pod-7261,3793
4137,create,paib-gpu/openb-pod-1844,3794
4138,create,paib-gpu/openb-pod-6512,3795
4139,create,paib-gpu/openb-pod-0013,3796
4140,failed,paib-gpu/openb-pod-6487,3796
4141,create,paib-gpu/openb-pod-4005,3797
4142,create,paib-gpu/openb-pod-2013,3798
4143,create,paib-gpu/openb-pod-5448,3799
4144,create,paib-gpu/openb-pod-0604,3800
4145,create,paib-gpu/openb-pod-4955,3801
4146,create,paib-gpu/openb-pod-2521,3802
4147,create,paib-gpu/openb-pod-6399,3803
4148,create,paib-gpu/openb-pod-3358,3804
4149,create,paib-gpu/openb-pod-2789,3805
4150,create,paib-gpu/openb-pod-6058,3806
4151,create,paib-gpu/openb-pod-7228,3807
4152,create,paib-gpu/openb-pod-6763,3808
4153,create,paib-gpu/openb-pod-0747,3809
4154,create,paib-gpu/openb-pod-0438,3810
4155,failed,paib-gpu/openb-pod-0745,3810
4156,create,paib-gpu/openb-pod-7441,3811
4157,failed,paib-gpu/openb-pod-4160,3811
4158,create,paib-gpu/openb-pod-0912,3812
4159,create,paib-gpu/openb-pod-4030,3813
4160,create,paib-gpu/openb-pod-0475,3814
4161,create,paib-gpu/openb-pod-0187,3815
4162,failed,paib-gpu/openb-pod-2287,3815
4163,create,paib-gpu/openb-pod-7359,3816
4164,create,paib-gpu/openb-pod-1335,3817
4165,create,paib-gpu/openb-pod-6060,3818
4166,create,paib-gpu/openb-pod-2248,3819
4167,create,paib-gpu/openb-pod-2461,3820
4168,create,paib-gpu/openb-pod-5152,3821
4169,create,paib-gpu/openb-pod-7457,3822
4170,failed,paib-gpu/openb-pod-0115,3822
4171,create,paib-gpu/openb-pod-0430,3823
4172,create,paib-gpu/openb-pod-5525,3824
4173,create,paib-gpu/openb-pod-6843,3825
4174,create,paib-gpu/openb-pod-5074,3826
4175,create,paib-gpu/openb-pod-0418,3827
4176,create,paib-gpu/openb-pod-1729,3828
4177,create,paib-gpu/openb-pod-0835,3829
4178,create,paib-gpu/openb-pod-0532,3830
4179,create,paib-gpu/openb-pod-6146,3831
4180,create,paib-gpu/openb-pod-7049,3832
4181,create,paib-gpu/openb-pod-2104,3833
4182,create,paib-gpu/openb-pod-0157,3834
4183,failed,paib-gpu/openb-pod-6456,3834
4184,create,paib-gpu/openb-pod-4973,3835
4185,create,paib-gpu/openb-pod-0737,3836
4186,create,paib-gpu/openb-pod-0128,3837
4187,create,paib-gpu/openb-pod-4452,3838
4188,create,paib-gpu/openb-pod-6265,3839
4189,create,paib-gpu/openb-pod-5254,3840
4190,create,paib-gpu/openb-pod-5772,3841
4191,create,paib-gpu/openb-pod-5315,3842
4192,failed,paib-gpu/openb-pod-4738,3842
4193,create,paib-gpu/openb-pod-0263,3843
4194,create,paib-gpu/openb-pod-0152,3844
4195,create,paib-gpu/openb-pod-2394,3845
4196,create,paib-gpu/openb-pod-6982,3846
4197,failed,paib-gpu/openb-pod-3810,3846
4198,create,paib-gpu/openb-pod-6469,3847
4199,create,paib-gpu/openb-pod-6072,3848
4200,create,paib-gpu/openb-pod-8146,3849
4201,create,paib-gpu/openb-pod-4174,3850
4202,create,paib-gpu/openb-pod-4045,3851
4203,create,paib-gpu/openb-pod-5139,3852
4204,create,paib-gpu/openb-pod-1723,3853
4205,create,paib-gpu/openb-pod-6404,3854
4206,failed,paib-gpu/openb-pod-5389,3854
4207,create,paib-gpu/openb-pod-3615,3855
4208,create,paib-gpu/openb-pod-1483,3856
4209,failed,paib-gpu/openb-pod-3306,3856
4210,create,paib-gpu/openb-pod-5356,3857
4211,create,paib-gpu/openb-pod-4550,3858
4212,create,paib-gpu/openb-pod-2351,3859
4213,create,paib-gpu/openb-pod-4940,3860
4214,create,paib-gpu/openb-pod-3603,3861
4215,create,paib-gpu/openb-pod-7985,3862
4216,create,paib-gpu/openb-pod-5766,3863
4217,create,paib-gpu/openb-pod-3571,3864
4218,create,paib-gpu/openb-pod-0118,3865
4219,create,paib-gpu/openb-pod-4096,3866
4220,create,paib-gpu/openb-pod-2387,3867
4221,create,paib-gpu/openb-pod-2295,3868
4222,create,paib-gpu/openb-pod-3947,3869
4223,create,paib-gpu/openb-pod-0605,3870
4224,create,paib-gpu/openb-pod-7183,3871
4225,create,paib-gpu/openb-pod-3520,3872
4226,create,paib-gpu/openb-pod-7828,3873
4227,create,paib-gpu/openb-pod-2813,3874
4228,create,paib-gpu/openb-pod-2467,3875
4229,create,paib-gpu/openb-pod-7067,3876
4230,create,paib-gpu/openb-pod-2027,3877
4231,create,paib-gpu/openb-pod-3485,3878
4232,create,paib-gpu/openb-pod-0084,3879
4233,create,paib-gpu/openb-pod-6115,3880
4234,create,paib-gpu/openb-pod-5903,3881
4235,create,paib-gpu/openb-pod-7541,3882
4236,failed,paib-gpu/openb-pod-5523,3882
4237,failed,paib-gpu/openb-pod-0456,3882
4238,create,paib-gpu/openb-pod-6211,3883
4239,create,paib-gpu/openb-pod-0219,3884
4240,create,paib-gpu/openb-pod-0408,3885
4241,failed,paib-gpu/openb-pod-4604,3885
4242,create,paib-gpu/openb-pod-2893,3886
4243,create,paib-gpu/openb-pod-0749,3887
4244,create,paib-gpu/openb-pod-2453,3888
4245,create,paib-gpu/openb-pod-1364,3889
4246,create,paib-gpu/openb-pod-5079,3890
4247,create,paib-gpu/openb-pod-4846,3891
4248,create,paib-gpu/openb-pod-2544,3892
4249,create,paib-gpu/openb-pod-3742,3893
4250,create,paib-gpu/openb-pod-3823,3894
4251,create,paib-gpu/openb-pod-5651,3895
4252,create,paib-gpu/openb-pod-5774,3896
4253,create,paib-gpu/openb-pod-6411,3897
4254,create,paib-gpu/openb-pod-3471,3898
4255,create,paib-gpu/openb-pod-3585,3899
4256,create,paib-gpu/openb-pod-4784,3900
4257,create,paib-gpu/openb-pod-7219,3901
4258,failed,paib-gpu/openb-pod-4061,3901
4259,failed,paib-gpu/openb-pod-5944,3901
4260,create,paib-gpu/openb-pod-4414,3902
4261,failed,paib-gpu/openb-pod-7473,3902
4262,create,paib-gpu/openb-pod-7288,3903
4263,create,paib-gpu/openb-pod-3165,3904
4264,create,paib-gpu/openb-pod-4181,3905
4265,failed,paib-gpu/openb-pod-5526,3905
4266,create,paib-gpu/openb-pod-1751,3906
4267,create,paib-gpu/openb-pod-8036,3907
4268,create,paib-gpu/openb-pod-4920,3908
4269,create,paib-gpu/openb-pod-3735,3909
4270,create,paib-gpu/openb-pod-0990,3910
4271,create,paib-gpu/openb-pod-6595,3911
4272,create,paib-gpu/openb-pod-0080,3912
4273,create,paib-gpu/openb-pod-1886,3913
4274,create,paib-gpu/openb-pod-5504,3914
4275,create,paib-gpu/openb-pod-0085,3915
4276,create,paib-gpu/openb-pod-0167,3916
4277,create,paib-gpu/openb-pod-1944,3917
4278,create,paib-gpu/openb-pod-5094,3918
4279,create,paib-gpu/openb-pod-6662,3919
4280,failed,paib-gpu/openb-pod-4922,3919
4281,create,paib-gpu/openb-pod-4434,3920
4282,create,paib-gpu/openb-pod-2862,3921
4283,create,paib-gpu/openb-pod-3151,3922
4284,create,paib-gpu/openb-pod-0742,3923
4285,failed,paib-gpu/openb-pod-2489,3923
4286,create,paib-gpu/openb-pod-0291,3924
4287,create,paib-gpu/openb-pod-1330,3925
4288,create,paib-gpu/openb-pod-6102,3926
4289,create,paib-gpu/openb-pod-7735,3927
4290,create,paib-gpu/openb-pod-5841,3928
4291,create,paib-gpu/openb-pod-6054,3929
4292,create,paib-gpu/openb-pod-0769,3930
4293,create,paib-gpu/openb-pod-2181,3931
4294,create,paib-gpu/openb-pod-4493,3932
4295,create,paib-gpu/openb-pod-1059,3933
4296,create,paib-gpu/openb-pod-4564,3934
4297,create,paib-gpu/openb-pod-7073,3935
4298,create,paib-gpu/openb-pod-5655,3936
4299,create,paib-gpu/openb-pod-3718,3937
4300,create,paib-gpu/openb-pod-7452,3938
4301,create,paib-gpu/openb-pod-6914,3939
4302,create,paib-gpu/openb-pod-2694,3940
4303,create,paib-gpu/openb-pod-6386,3941
4304,create,paib-gpu/openb-pod-7779,3942
4305,create,paib-gpu/openb-pod-4489,3943
4306,create,paib-gpu/openb-pod-2076,3944
4307,create,paib-gpu/openb-pod-7825,3945
4308,create,paib-gpu/openb-pod-5057,3946
4309,create,paib-gpu/openb-pod-0582,3947
4310,create,paib-gpu/openb-pod-7106,3948
4311,failed,paib-gpu/openb-pod-1396,3948
4312,create,paib-gpu/openb-pod-5068,3949
4313,create,paib-gpu/openb-pod-5749,3950
4314,create,paib-gpu/openb-pod-3494,3951
4315,failed,paib-gpu/openb-pod-7865,3951
4316,create,paib-gpu/openb-pod-3851,3952
4317,create,paib-gpu/openb-pod-2597,3953
4318,create,paib-gpu/openb-pod-3709,3954
4319,create,paib-gpu/openb-pod-7195,3955
4320,create,paib-gpu/openb-pod-5780,3956
4321,create,paib-gpu/openb-pod-1708,3957
4322,failed,paib-gpu/openb-pod-4416,3957
4323,create,paib-gpu/openb-pod-4968,3958
4324,create,paib-gpu/openb-pod-7075,3959
4325,create,paib-gpu/openb-pod-7189,3960
4326,create,paib-gpu/openb-pod-7508,3961
4327,create,paib-gpu/openb-pod-6201,3962
4328,create,paib-gpu/openb-pod-1465,3963
4329,create,paib-gpu/openb-pod-4739,3964
4330,create,paib-gpu/openb-pod-4728,3965
4331,create,paib-gpu/openb-pod-2031,3966
4332,create,paib-gpu/openb-pod-6202,3967
4333,create,paib-gpu/openb-pod-3841,3968
4334,create,paib-gpu/openb-pod-6034,3969
4335,create,paib-gpu/openb-pod-4988,3970
4336,create,paib-gpu/openb-pod-0062,3971
4337,create,paib-gpu/openb-pod-3552,3972
4338,failed,paib-gpu/openb-pod-4631,3972
4339,create,paib-gpu/openb-pod-8103,3973
4340,create,paib-gpu/openb-pod-0714,3974
4341,failed,paib-gpu/openb-pod-3799,3974
4342,create,paib-gpu/openb-pod-2926,3975
4343,create,paib-gpu/openb-pod-2277,3976
4344,create,paib-gpu/openb-pod-0295,3977
4345,create,paib-gpu/openb-pod-4037,3978
4346,create,paib-gpu/openb-pod-6671,3979
4347,create,paib-gpu/openb-pod-0885,3980
4348,create,paib-gpu/openb-pod-1692,3981
4349,create,paib-gpu/openb-pod-8128,3982
4350,failed,paib-gpu/openb-pod-1429,3982
4351,create,paib-gpu/openb-pod-6091,3983
4352,failed,paib-gpu/openb-pod-1392,3983
4353,create,paib-gpu/openb-pod-1546,3984
4354,create,paib-gpu/openb-pod-5983,3985
4355,create,paib-gpu/openb-pod-4598,3986
4356,failed,paib-gpu/openb-pod-5685,3986
4357,create,paib-gpu/openb-pod-3528,3987
4358,failed,paib-gpu/openb-pod-0694,3987
4359,create,paib-gpu/openb-pod-5013,3988
4360,create,paib-gpu/openb-pod-4703,3989
4361,create,paib-gpu/openb-pod-2075,3990
4362,create,paib-gpu/openb-pod-7236,3991
4363,create,paib-gpu/openb-pod-4972,3992
4364,create,paib-gpu/openb-pod-6806,3993
4365,failed,paib-gpu/openb-pod-3548,3993
4366,create,paib-gpu/openb-pod-2304,3994
4367,create,paib-gpu/openb-pod-0930,3995
4368,create,paib-gpu/openb-pod-2127,3996
4369,create,paib-gpu/openb-pod-3406,3997
4370,failed,paib-gpu/openb-pod-5499,3997
4371,create,paib-gpu/openb-pod-0833,3998
4372,create,paib-gpu/openb-pod-3743,3999
4373,failed,paib-gpu/openb-pod-6919,3999
4374,create,paib-gpu/openb-pod-3629,4000
4375,create,paib-gpu/openb-pod-6420,4001
4376,create,paib-gpu/openb-pod-5558,4002
4377,create,paib-gpu/openb-pod-5825,4003
4378,create,paib-gpu/openb-pod-2480,4004
4379,create,paib-gpu/openb-pod-4074,4005
4380,failed,paib-gpu/openb-pod-3063,4005
4381,create,paib-gpu/openb-pod-0075,4006
4382,create,paib-gpu/openb-pod-5598,4007
4383,create,paib-gpu/openb-pod-4656,4008
4384,create,paib-gpu/openb-pod-5398,4009
4385,create,paib-gpu/openb-pod-1588,4010
4386,create,paib-gpu/openb-pod-1348,4011
4387,create,paib-gpu/openb-pod-4246,4012
4388,create,paib-gpu/openb-pod-2001,4013
4389,create,paib-gpu/openb-pod-4441,4014
4390,create,paib-gpu/openb-pod-1442,4015
4391,create,paib-gpu/openb-pod-7610,4016
4392,failed,paib-gpu/openb-pod-4687,4016
4393,failed,paib-gpu/openb-pod-3817,4016
4394,create,paib-gpu/openb-pod-5436,4017
4395,create,paib-gpu/openb-pod-0156,4018
4396,create,paib-gpu/openb-pod-3140,4019
4397,create,paib-gpu/openb-pod-0638,4020
4398,create,paib-gpu/openb-pod-1615,4021
4399,failed,paib-gpu/openb-pod-0331,4021
4400,create,paib-gpu/openb-pod-1962,4022
4401,create,paib-gpu/openb-pod-1398,4023
4402,create,paib-gpu/openb-pod-1957,4024
4403,create,paib-gpu/openb-pod-0253,4025
4404,failed,paib-gpu/openb-pod-1283,4025
4405,create,paib-gpu/openb-pod-5489,4026
4406,create,paib-gpu/openb-pod-7050,4027
4407,create,paib-gpu/openb-pod-0279,4028
4408,failed,paib-gpu/openb-pod-2415,4028
4409,create,paib-gpu/openb-pod-6992,4029
4410,failed,paib-gpu/openb-pod-5399,4029
4411,create,paib-gpu/openb-pod-4338,4030
4412,failed,paib-gpu/openb-pod-1671,4030
4413,create,paib-gpu/openb-pod-3281,4031
4414,create,paib-gpu/openb-pod-6813,4032
4415,failed,paib-gpu/openb-pod-6752,4032
4416,failed,paib-gpu/openb-pod-1002,4032
4417,create,paib-gpu/openb-pod-4912,4033
4418,create,paib-gpu/openb-pod-5770,4034
4419,create,paib-gpu/openb-pod-0319,4035
4420,create,paib-gpu/openb-pod-3357,4036
4421,create,paib-gpu/openb-pod-1248,4037
4422,create,paib-gpu/openb-pod-2088,4038
4423,create,paib-gpu/openb-pod-0231,4039
4424,create,paib-gpu/openb-pod-3108,4040
4425,create,paib-gpu/openb-pod-2106,4041
4426,create,paib-gpu/openb-pod-7884,4042
4427,create,paib-gpu/openb-pod-3575,4043
4428,create,paib-gpu/openb-pod-6694,4044
4429,create,paib-gpu/openb-pod-4271,4045
4430,failed,paib-gpu/openb-pod-6443,4045
4431,create,paib-gpu/openb-pod-5804,4046
4432,create,paib-gpu/openb-pod-2399,4047
4433,failed,paib-gpu/openb-pod-6667,4047
4434,create,paib-gpu/openb-pod-6769,4048
4435,create,paib-gpu/openb-pod-0830,4049
4436,create,paib-gpu/openb-pod-0282,4050
4437,create,paib-gpu/openb-pod-2535,4051
4438,create,paib-gpu/openb-pod-3807,4052
4439,failed,paib-gpu/openb-pod-6740,4052
4440,create,paib-gpu/openb-pod-4925,4053
4441,failed,paib-gpu/openb-pod-1182,4053
4442,create,paib-gpu/openb-pod-7812,4054
4443,create,paib-gpu/openb-pod-2532,4055
4444,create,paib-gpu/openb-pod-7947,4056
4445,create,paib-gpu/openb-pod-2611,4057
4446,create,paib-gpu/openb-pod-3768,4058
4447,create,paib-gpu/openb-pod-1577,4059
4448,create,paib-gpu/openb-pod-7694,4060
4449,create,paib-gpu/openb-pod-7013,4061
4450,create,paib-gpu/openb-pod-7244,4062
4451,create,paib-gpu/openb-pod-6799,4063
4452,failed,paib-gpu/openb-pod-2344,4063
4453,create,paib-gpu/openb-pod-5868,4064
4454,create,paib-gpu/openb-pod-7378,4065
4455,create,paib-gpu/openb-pod-3539,4066
4456,create,paib-gpu/openb-pod-6738,4067
4457,create,paib-gpu/openb-pod-5768,4068
4458,create,paib-gpu/openb-pod-5267,4069
4459,create,paib-gpu/openb-pod-6041,4070
4460,create,paib-gpu/openb-pod-6683,4071
4461,create,paib-gpu/openb-pod-7646,4072
4462,create,paib-gpu/openb-pod-4297,4073
4463,create,paib-gpu/openb-pod-7332,4074
4464,failed,paib-gpu/openb-pod-3492,4074
4465,failed,paib-gpu/openb-pod-5453,4074
4466,create,paib-gpu/openb-pod-6844,4075
4467,create,paib-gpu/openb-pod-1424,4076
4468,create,paib-gpu/openb-pod-5203,4077
4469,create,paib-gpu/openb-pod-2672,4078
4470,create,paib-gpu/openb-pod-2235,4079
4471,failed,paib-gpu/openb-pod-4376,4079
4472,create,paib-gpu/openb-pod-0154,4080
4473,create,paib-gpu/openb-pod-5020,4081
4474,failed,paib-gpu/openb-pod-2210,4081
4475,create,paib-gpu/openb-pod-6956,4082
4476,create,paib-gpu/openb-pod-5515,4083
4477,failed,paib-gpu/openb-pod-7012,4083
4478,failed,paib-gpu/openb-pod-0021,4083
4479,create,paib-gpu/openb-pod-1772,4084
4480,create,paib-gpu/openb-pod-3848,4085
4481,create,paib-gpu/openb-pod-5564,4086
4482,create,paib-gpu/openb-pod-6810,4087
4483,create,paib-gpu/openb-pod-2520,4088
4484,create,paib-gpu/openb-pod-8150,4089
4485,create,paib-gpu/openb-pod-2528,4090
4486,create,paib-gpu/openb-pod-3431,4091
4487,create,paib-gpu/openb-pod-1750,4092
4488,create,paib-gpu/openb-pod-6003,4093
4489,create,paib-gpu/openb-pod-2942,4094
4490,create,paib-gpu/openb-pod-2184,4095
4491,create,paib-gpu/openb-pod-0880,4096
4492,create,paib-gpu/openb-pod-1791,4097
4493,create,paib-gpu/openb-pod-4724,4098
4494,failed,paib-gpu/openb-pod-2892,4098
4495,create,paib-gpu/openb-pod-5757,4099
4496,create,paib-gpu/openb-pod-7087,4100
4497,create,paib-gpu/openb-pod-7548,4101
4498,create,paib-gpu/openb-pod-5202,4102
4499,create,paib-gpu/openb-pod-0378,4103
4500,create,paib-gpu/openb-pod-7056,4104
4501,create,paib-gpu/openb-pod-4419,4105
4502,create,paib-gpu/openb-pod-5372,4106
4503,create,paib-gpu/openb-pod-4765,4107
4504,failed,paib-gpu/openb-pod-2620,4107
4505,create,paib-gpu/openb-pod-4903,4108
4506,create,paib-gpu/openb-pod-5332,4109
4507,create,paib-gpu/openb-pod-6549,4110
4508,failed,paib-gpu/openb-pod-5005,4110
4509,create,paib-gpu/openb-pod-3365,4111
4510,failed,paib-gpu/openb-pod-0459,4111
4511,failed,paib-gpu/openb-pod-3288,4111
4512,create,paib-gpu/openb-pod-7674,4112
4513,create,paib-gpu/openb-pod-1216,4113
4514,create,paib-gpu/openb-pod-7181,4114
4515,create,paib-gpu/openb-pod-7538,4115
4516,create,paib-gpu/openb-pod-1743,4116
4517,failed,paib-gpu/openb-pod-1633,4116
4518,create,paib-gpu/openb-pod-3794,4117
4519,create,paib-gpu/openb-pod-4446,4118
4520,create,paib-gpu/openb-pod-4229,4119
4521,create,paib-gpu/openb-pod-5362,4120
4522,create,paib-gpu/openb-pod-4603,4121
4523,create,paib-gpu/openb-pod-3065,4122
4524,failed,paib-gpu/openb-pod-3844,4122
4525,create,paib-gpu/openb-pod-3019,4123
4526,create,paib-gpu/openb-pod-6761,4124
4527,create,paib-gpu/openb-pod-7989,4125
4528,create,paib-gpu/openb-pod-4166,4126
4529,create,paib-gpu/openb-pod-0760,4127
4530,create,paib-gpu/openb-pod-0677,4128
4531,create,paib-gpu/openb-pod-3713,4129
4532,create,paib-gpu/openb-pod-7808,4130
4533,create,paib-gpu/openb-pod-2562,4131
4534,create,paib-gpu/openb-pod-3601,4132
4535,create,paib-gpu/openb-pod-4068,4133
4536,create,paib-gpu/openb-pod-5640,4134
4537,create,paib-gpu/openb-pod-1323,4135
4538,create,paib-gpu/openb-pod-7797,4136
4539,create,paib-gpu/openb-pod-0037,4137
4540,create,paib-gpu/openb-pod-2022,4138
4541,create,paib-gpu/openb-pod-3324,4139
4542,create,paib-gpu/openb-pod-1087,4140
4543,create,paib-gpu/openb-pod-5648,4141
4544,create,paib-gpu/openb-pod-7869,4142
4545,failed,paib-gpu/openb-pod-4963,4142
4546,create,paib-gpu/openb-pod-3901,4143
4547,create,paib-gpu/openb-pod-7962,4144
4548,create,paib-gpu/openb-pod-2083,4145
4549,create,paib-gpu/openb-pod-2828,4146
4550,failed,paib-gpu/openb-pod-4936,4146
4551,failed,paib-gpu/openb-pod-6481,4146
4552,create,paib-gpu/openb-pod-3886,4147
4553,create,paib-gpu/openb-pod-3020,4148
4554,create,paib-gpu/openb-pod-1975,4149
4555,create,paib-gpu/openb-pod-4556,4150
4556,create,paib-gpu/openb-pod-8069,4151
4557,create,paib-gpu/openb-pod-1402,4152
4558,failed,paib-gpu/openb-pod-2709,4152
4559,create,paib-gpu/openb-pod-8076,4153
4560,failed,paib-gpu/openb-pod-4033,4153
4561,create,paib-gpu/openb-pod-4210,4154
4562,create,paib-gpu/openb-pod-6335,4155
4563,create,paib-gpu/openb-pod-5225,4156
4564,create,paib-gpu/openb-pod-2826,4157
4565,create,paib-gpu/openb-pod-6299,4158
4566,failed,paib-gpu/openb-pod-2035,4158
4567,create,paib-gpu/openb-pod-1669,4159
4568,create,paib-gpu/openb-pod-1635,4160
4569,create,paib-gpu/openb-pod-4763,4161
4570,create,paib-gpu/openb-pod-1899,4162
4571,create,paib-gpu/openb-pod-0165,4163
4572,create,paib-gpu/openb-pod-2883,4164
4573,create,paib-gpu/openb-pod-2540,4165
4574,failed,paib-gpu/openb-pod-7071,4165
4575,create,paib-gpu/openb-pod-1649,4166
4576,create,paib-gpu/openb-pod-6418,4167
4577,create,paib-gpu/openb-pod-3918,4168
4578,failed,paib-gpu/openb-pod-4956,4168
4579,create,paib-gpu/openb-pod-2195,4169
4580,create,paib-gpu/openb-pod-0617,4170
4581,create,paib-gpu/openb-pod-5664,4171
4582,create,paib-gpu/openb-pod-6548,4172
4583,create,paib-gpu/openb-pod-1175,4173
4584,create,paib-gpu/openb-pod-4713,4174
4585,create,paib-gpu/openb-pod-3327,4175
4586,failed,paib-gpu/openb-pod-3861,4175
4587,create,paib-gpu/openb-pod-4889,4176
4588,create,paib-gpu/openb-pod-2836,4177
4589,create,paib-gpu/openb-pod-0153,4178
4590,create,paib-gpu/openb-pod-4962,4179
4591,create,paib-gpu/openb-pod-7981,4180
4592,create,paib-gpu/openb-pod-5688,4181
4593,create,paib-gpu/openb-pod-1945,4182
4594,create,paib-gpu/openb-pod-0166,4183
4595,failed,paib-gpu/openb-pod-7283,4183
4596,create,paib-gpu/openb-pod-2112,4184
4597,create,paib-gpu/openb-pod-4081,4185
4598,create,paib-gpu/openb-pod-3464,4186
4599,create,paib-gpu/openb-pod-1168,4187
4600,create,paib-gpu/openb-pod-7555,4188
4601,create,paib-gpu/openb-pod-6540,4189
4602,create,paib-gpu/openb-pod-0489,4190
4603,create,paib-gpu/openb-pod-7670,4191
4604,create,paib-gpu/openb-pod-0284,4192
4605,create,paib-gpu/openb-pod-1042,4193
4606,failed,paib-gpu/openb-pod-5828,4193
4607,failed,paib-gpu/openb-pod-6792,4193
4608,create,paib-gpu/openb-pod-4427,4194
4609,create,paib-gpu/openb-pod-0100,4195
4610,create,paib-gpu/openb-pod-3443,4196
4611,failed,paib-gpu/openb-pod-1901,4196
4612,create,paib-gpu/openb-pod-0621,4197
4613,create,paib-gpu/openb-pod-6619,4198
4614,create,paib-gpu/openb-pod-4202,4199
4615,create,paib-gpu/openb-pod-7966,4200
4616,create,paib-gpu/openb-pod-3346,4201
4617,create,paib-gpu/openb-pod-7946,4202
4618,create,paib-gpu/openb-pod-4336,4203
4619,create,paib-gpu/openb-pod-0701,4204
4620,create,paib-gpu/openb-pod-4332,4205
4621,create,paib-gpu/openb-pod-6656,4206
4622,failed,paib-gpu/openb-pod-2134,4206
4623,create,paib-gpu/openb-pod-7898,4207
4624,create,paib-gpu/openb-pod-7855,4208
4625,create,paib-gpu/openb-pod-6787,4209
4626,create,paib-gpu/openb-pod-6967,4210
4627,create,paib-gpu/openb-pod-8031,4211
4628,create,paib-gpu/openb-pod-5441,4212
4629,create,paib-gpu/openb-pod-0365,4213
4630,create,paib-gpu/openb-pod-3405,4214
4631,create,paib-gpu/openb-pod-6874,4215
4632,create,paib-gpu/openb-pod-3822,4216
4633,create,paib-gpu/openb-pod-6663,4217
4634,create,paib-gpu/openb-pod-4340,4218
4635,create,paib-gpu/openb-pod-0207,4219
4636,create,paib-gpu/openb-pod-5582,4220
4637,create,paib-gpu/openb-pod-4699,4221
4638,create,paib-gpu/openb-pod-2758,4222
4639,create,paib-gpu/openb-pod-3674,4223
4640,create,paib-gpu/openb-pod-2252,4224
4641,create,paib-gpu/openb-pod-6059,4225
4642,create,paib-gpu/openb-pod-1302,4226
4643,create,paib-gpu/openb-pod-0478,4227
4644,create,paib-gpu/openb-pod-4506,4228
4645,create,paib-gpu/openb-pod-7868,4229
4646,create,paib-gpu/openb-pod-5769,4230
4647,failed,paib-gpu/openb-pod-0849,4230
4648,create,paib-gpu/openb-pod-2725,4231
4649,create,paib-gpu/openb-pod-4179,4232
4650,create,paib-gpu/openb-pod-1207,4233
4651,failed,paib-gpu/openb-pod-6739,4233
4652,create,paib-gpu/openb-pod-0684,4234
4653,create,paib-gpu/openb-pod-6939,4235
4654,create,paib-gpu/openb-pod-2716,4236
4655,create,paib-gpu/openb-pod-6933,4237
4656,create,paib-gpu/openb-pod-5744,4238
4657,create,paib-gpu/openb-pod-5044,4239
4658,create,paib-gpu/openb-pod-3826,4240
4659,create,paib-gpu/openb-pod-4794,4241
4660,create,paib-gpu/openb-pod-4867,4242
4661,create,paib-gpu/openb-pod-5009,4243
4662,create,paib-gpu/openb-pod-7187,4244
4663,create,paib-gpu/openb-pod-3067,4245
4664,failed,paib-gpu/openb-pod-5581,4245
4665,create,paib-gpu/openb-pod-6448,4246
4666,create,paib-gpu/openb-pod-5082,4247
4667,create,paib-gpu/openb-pod-7427,4248
4668,create,paib-gpu/openb-pod-4453,4249
4669,create,paib-gpu/openb-pod-0265,4250
4670,create,paib-gpu/openb-pod-8097,4251
4671,create,paib-gpu/openb-pod-4791,4252
4672,failed,paib-gpu/openb-pod-2470,4252
4673,create,paib-gpu/openb-pod-0777,4253
4674,create,paib-gpu/openb-pod-7641,4254
4675,create,paib-gpu/openb-pod-7536,4255
4676,create,paib-gpu/openb-pod-2824,4256
4677,failed,paib-gpu/openb-pod-5037,4256
4678,create,paib-gpu/openb-pod-7978,4257
4679,create,paib-gpu/openb-pod-5346,4258
4680,failed,paib-gpu/openb-pod-3999,4258
4681,create,paib-gpu/openb-pod-5209,4259
4682,create,paib-gpu/openb-pod-0301,4260
4683,failed,paib-gpu/openb-pod-5730,4260
4684,create,paib-gpu/openb-pod-7374,4261
4685,create,paib-gpu/openb-pod-7176,4262
4686,create,paib-gpu/openb-pod-5127,4263
4687,create,paib-gpu/openb-pod-5187,4264
4688,create,paib-gpu/openb-pod-5284,4265
4689,create,paib-gpu/openb-pod-7366,4266
4690,create,paib-gpu/openb-pod-5890,4267
4691,create,paib-gpu/openb-pod-0921,4268
4692,failed,paib-gpu/openb-pod-6876,4268
4693,failed,paib-gpu/openb-pod-7221,4268
4694,failed,paib-gpu/openb-pod-0058,4268
4695,create,paib-gpu/openb-pod-1471,4269
4696,create,paib-gpu/openb-pod-7519,4270
4697,create,paib-gpu/openb-pod-4138,4271
4698,create,paib-gpu/openb-pod-4384,4272
4699,create,paib-gpu/openb-pod-7019,4273
4700,create,paib-gpu/openb-pod-1257,4274
4701,create,paib-gpu/openb-pod-3073,4275
4702,create,paib-gpu/openb-pod-0417,4276
4703,create,paib-gpu/openb-pod-2082,4277
4704,create,paib-gpu/openb-pod-2867,4278
4705,create,paib-gpu/openb-pod-6413,4279
4706,create,paib-gpu/openb-pod-2602,4280
4707,create,paib-gpu/openb-pod-0042,4281
4708,create,paib-gpu/openb-pod-1876,4282
4709,failed,paib-gpu/openb-pod-3616,4282
4710,create,paib-gpu/openb-pod-0178,4283
4711,create,paib-gpu/openb-pod-1463,4284
4712,create,paib-gpu/openb-pod-3440,4285
4713,create,paib-gpu/openb-pod-0401,4286
4714,create,paib-gpu/openb-pod-1688,4287
4715,create,paib-gpu/openb-pod-1158,4288
4716,create,paib-gpu/openb-pod-3930,4289
4717,create,paib-gpu/openb-pod-4082,4290
4718,failed,paib-gpu/openb-pod-4781,4290
4719,create,paib-gpu/openb-pod-2966,4291
4720,create,paib-gpu/openb-pod-2310,4292
4721,create,paib-gpu/openb-pod-6183,4293
4722,create,paib-gpu/openb-pod-1099,4294
4723,create,paib-gpu/openb-pod-3543,4295
4724,create,paib-gpu/openb-pod-5559,4296
4725,create,paib-gpu/openb-pod-3015,4297
4726,create,paib-gpu/openb-pod-6207,4298
4727,create,paib-gpu/openb-pod-4339,4299
4728,create,paib-gpu/openb-pod-6793,4300
4729,create,paib-gpu/openb-pod-6036,4301
4730,create,paib-gpu/openb-pod-1842,4302
4731,failed,paib-gpu/openb-pod-6470,4302
4732,failed,paib-gpu/openb-pod-5741,4302
4733,create,paib-gpu/openb-pod-0919,4303
4734,create,paib-gpu/openb-pod-7644,4304
4735,create,paib-gpu/openb-pod-3068,4305
4736,create,paib-gpu/openb-pod-0117,4306
4737,create,paib-gpu/openb-pod-4641,4307
4738,create,paib-gpu/openb-pod-5622,4308
4739,create,paib-gpu/openb-pod-5763,4309
4740,create,paib-gpu/openb-pod-5387,4310
4741,create,paib-gpu/openb-pod-3273,4311
4742,create,paib-gpu/openb-pod-2706,4312
4743,create,paib-gpu/openb-pod-2900,4313
4744,create,paib-gpu/openb-pod-2064,4314
4745,create,paib-gpu/openb-pod-7238,4315
4746,create,paib-gpu/openb-pod-5361,4316
4747,create,paib-gpu/openb-pod-3329,4317
4748,create,paib-gpu/openb-pod-1959,4318
4749,failed,paib-gpu/openb-pod-2259,4318
4750,create,paib-gpu/openb-pod-0711,4319
4751,failed,paib-gpu/openb-pod-5767,4319
4752,create,paib-gpu/openb-pod-2397,4320
4753,create,paib-gpu/openb-pod-2546,4321
4754,create,paib-gpu/openb-pod-4759,4322
4755,create,paib-gpu/openb-pod-2506,4323
4756,create,paib-gpu/openb-pod-0951,4324
4757,create,paib-gpu/openb-pod-2963,4325
4758,create,paib-gpu/openb-pod-4700,4326
4759,create,paib-gpu/openb-pod-6190,4327
4760,create,paib-gpu/openb-pod-3942,4328
4761,create,paib-gpu/openb-pod-1419,4329
4762,failed,paib-gpu/openb-pod-6514,4329
4763,create,paib-gpu/openb-pod-3217,4330
4764,failed,paib-gpu/openb-pod-5288,4330
4765,create,paib-gpu/openb-pod-0362,4331
4766,create,paib-gpu/openb-pod-7387,4332
4767,failed,paib-gpu/openb-pod-6232,4332
4768,create,paib-gpu/openb-pod-3061,4333
4769,failed,paib-gpu/openb-pod-1727,4333
4770,create,paib-gpu/openb-pod-3302,4334
4771,failed,paib-gpu/openb-pod-7220,4334
4772,create,paib-gpu/openb-pod-7304,4335
4773,create,paib-gpu/openb-pod-3262,4336
4774,create,paib-gpu/openb-pod-5942,4337
4775,create,paib-gpu/openb-pod-0370,4338
4776,create,paib-gpu/openb-pod-6215,4339
4777,create,paib-gpu/openb-pod-5541,4340
4778,create,paib-gpu/openb-pod-3256,4341
4779,create,paib-gpu/openb-pod-8119,4342
4780,create,paib-gpu/openb-pod-6690,4343
4781,create,paib-gpu/openb-pod-7016,4344
4782,create,paib-gpu/openb-pod-7235,4345
4783,create,paib-gpu/openb-pod-5576,4346
4784,failed,paib-gpu/openb-pod-3985,4346
4785,create,paib-gpu/openb-pod-7478,4347
4786,create,paib-gpu/openb-pod-2496,4348
4787,failed,paib-gpu/openb-pod-3258,4348
4788,create,paib-gpu/openb-pod-4560,4349
4789,create,paib-gpu/openb-pod-1165,4350
4790,create,paib-gpu/openb-pod-7659,4351
4791,create,paib-gpu/openb-pod-0077,4352
4792,create,paib-gpu/openb-pod-4801,4353
4793,create,paib-gpu/openb-pod-0308,4354
4794,failed,paib-gpu/openb-pod-3381,4354
4795,failed,paib-gpu/openb-pod-6511,4354
4796,create,paib-gpu/openb-pod-0804,4355
4797,create,paib-gpu/openb-pod-5318,4356
4798,create,paib-gpu/openb-pod-0820,4357
4799,create,paib-gpu/openb-pod-1523,4358
4800,create,paib-gpu/openb-pod-2255,4359
4801,create,paib-gpu/openb-pod-6234,4360
4802,create,paib-gpu/openb-pod-2395,4361
4803,create,paib-gpu/openb-pod-5095,4362
4804,create,paib-gpu/openb-pod-1958,4363
4805,create,paib-gpu/openb-pod-0653,4364
4806,failed,paib-gpu/openb-pod-5473,4364
4807,create,paib-gpu/openb-pod-6845,4365
4808,create,paib-gpu/openb-pod-2402,4366
4809,create,paib-gpu/openb-pod-4740,4367
4810,create,paib-gpu/openb-pod-4958,4368
4811,create,paib-gpu/openb-pod-6227,4369
4812,create,paib-gpu/openb-pod-4378,4370
4813,create,paib-gpu/openb-pod-5967,4371
4814,failed,paib-gpu/openb-pod-5476,4371
4815,create,paib-gpu/openb-pod-5120,4372
4816,create,paib-gpu/openb-pod-4017,4373
4817,create,paib-gpu/openb-pod-1850,4374
4818,create,paib-gpu/openb-pod-1524,4375
4819,create,paib-gpu/openb-pod-6837,4376
4820,create,paib-gpu/openb-pod-2126,4377
4821,create,paib-gpu/openb-pod-2240,4378
4822,create,paib-gpu/openb-pod-3849,4379
4823,create,paib-gpu/openb-pod-8091,4380
4824,create,paib-gpu/openb-pod-1738,4381
4825,create,paib-gpu/openb-pod-7102,4382
4826,create,paib-gpu/openb-pod-7027,4383
4827,create,paib-gpu/openb-pod-4448,4384
4828,create,paib-gpu/openb-pod-4347,4385
4829,create,paib-gpu/openb-pod-6376,4386
4830,create,paib-gpu/openb-pod-1450,4387
4831,create,paib-gpu/openb-pod-3505,4388
4832,create,paib-gpu/openb-pod-4175,4389
4833,failed,paib-gpu/openb-pod-6959,4389
4834,create,paib-gpu/openb-pod-2077,4390
4835,create,paib-gpu/openb-pod-2909,4391
4836,failed,paib-gpu/openb-pod-8027,4391
4837,create,paib-gpu/openb-pod-1929,4392
4838,create,paib-gpu/openb-pod-6881,4393
4839,create,paib-gpu/openb-pod-7396,4394
4840,create,paib-gpu/openb-pod-6847,4395
4841,create,paib-gpu/openb-pod-3216,4396
4842,create,paib-gpu/openb-pod-0294,4397
4843,create,paib-gpu/openb-pod-1809,4398
4844,create,paib-gpu/openb-pod-7380,4399
4845,create,paib-gpu/openb-pod-5507,4400
4846,create,paib-gpu/openb-pod-3156,4401
4847,failed,paib-gpu/openb-pod-7550,4401
4848,create,paib-gpu/openb-pod-0665,4402
4849,create,paib-gpu/openb-pod-3442,4403
4850,create,paib-gpu/openb-pod-3835,4404
4851,create,paib-gpu/openb-pod-4884,4405
4852,create,paib-gpu/openb-pod-5699,4406
4853,create,paib-gpu/openb-pod-0112,4407
4854,create,paib-gpu/openb-pod-7322,4408
4855,create,paib-gpu/openb-pod-1428,4409
4856,failed,paib-gpu/openb-pod-6588,4409
4857,create,paib-gpu/openb-pod-1076,4410
4858,create,paib-gpu/openb-pod-7354,4411
4859,create,paib-gpu/openb-pod-0733,4412
4860,create,paib-gpu/openb-pod-7425,4413
4861,create,paib-gpu/openb-pod-0790,4414
4862,create,paib-gpu/openb-pod-4486,4415
4863,failed,paib-gpu/openb-pod-7222,4415
4864,failed,paib-gpu/openb-pod-5863,4415
4865,create,paib-gpu/openb-pod-0654,4416
4866,create,paib-gpu/openb-pod-2637,4417
4867,create,paib-gpu/openb-pod-0044,4418
4868,create,paib-gpu/openb-pod-0242,4419
4869,create,paib-gpu/openb-pod-1936,4420
4870,create,paib-gpu/openb-pod-5220,4421
4871,create,paib-gpu/openb-pod-3355,4422
4872,create,paib-gpu/openb-pod-5182,4423
4873,create,paib-gpu/openb-pod-1960,4424
4874,create,paib-gpu/openb-pod-0815,4425
4875,create,paib-gpu/openb-pod-1748,4426
4876,failed,paib-gpu/openb-pod-3098,4426
4877,create,paib-gpu/openb-pod-0825,4427
4878,create,paib-gpu/openb-pod-7982,4428
4879,failed,paib-gpu/openb-pod-8110,4428
4880,create,paib-gpu/openb-pod-2847,4429
4881,create,paib-gpu/openb-pod-6745,4430
4882,create,paib-gpu/openb-pod-2744,4431
4883,create,paib-gpu/openb-pod-2039,4432
4884,failed,paib-gpu/openb-pod-5787,4432
4885,create,paib-gpu/openb-pod-2631,4433
4886,create,paib-gpu/openb-pod-4971,4434
4887,failed,paib-gpu/openb-pod-3031,4434
4888,create,paib-gpu/openb-pod-4810,4435
4889,create,paib-gpu/openb-pod-3954,4436
4890,create,paib-gpu/openb-pod-4285,4437
4891,create,paib-gpu/openb-pod-4234,4438
4892,create,paib-gpu/openb-pod-6980,4439
4893,create,paib-gpu/openb-pod-1339,4440
4894,create,paib-gpu/openb-pod-2084,4441
4895,create,paib-gpu/openb-pod-0109,4442
4896,create,paib-gpu/openb-pod-1819,4443
4897,create,paib-gpu/openb-pod-7849,4444
4898,create,paib-gpu/openb-pod-5947,4445
4899,create,paib-gpu/openb-pod-4561,4446
4900,create,paib-gpu/openb-pod-7307,4447
4901,create,paib-gpu/openb-pod-1511,4448
4902,create,paib-gpu/openb-pod-5306,4449
4903,failed,paib-gpu/openb-pod-4677,4449
4904,create,paib-gpu/openb-pod-2356,4450
4905,create,paib-gpu/openb-pod-7976,4451
4906,create,paib-gpu/openb-pod-1149,4452
4907,create,paib-gpu/openb-pod-3321,4453
4908,create,paib-gpu/openb-pod-4053,4454
4909,create,paib-gpu/openb-pod-6016,4455
4910,create,paib-gpu/openb-pod-1720,4456
4911,create,paib-gpu/openb-pod-5059,4457
4912,create,paib-gpu/openb-pod-1417,4458
4913,create,paib-gpu/openb-pod-0014,4459
4914,failed,paib-gpu/openb-pod-3899,4459
4915,create,paib-gpu/openb-pod-4584,4460
4916,create,paib-gpu/openb-pod-5444,4461
4917,create,paib-gpu/openb-pod-5093,4462
4918,create,paib-gpu/openb-pod-1162,4463
4919,create,paib-gpu/openb-pod-0433,4464
4920,create,paib-gpu/openb-pod-0386,4465
4921,create,paib-gpu/openb-pod-4666,4466
4922,create,paib-gpu/openb-pod-1213,4467
4923,create,paib-gpu/openb-pod-6031,4468
4924,create,paib-gpu/openb-pod-3077,4469
4925,create,paib-gpu/openb-pod-7060,4470
4926,create,paib-gpu/openb-pod-6165,4471
4927,create,paib-gpu/openb-pod-8040,4472
4928,create,paib-gpu/openb-pod-5208,4473
4929,create,paib-gpu/openb-pod-6441,4474
4930,create,paib-gpu/openb-pod-0791,4475
4931,create,paib-gpu/openb-pod-4771,4476
4932,create,paib-gpu/openb-pod-3507,4477
4933,create,paib-gpu/openb-pod-0517,4478
4934,create,paib-gpu/openb-pod-4186,4479
4935,create,paib-gpu/openb-pod-4989,4480
4936,create,paib-gpu/openb-pod-1091,4481
4937,create,paib-gpu/openb-pod-1792,4482
4938,create,paib-gpu/openb-pod-7032,4483
4939,create,paib-gpu/openb-pod-4768,4484
4940,create,paib-gpu/openb-pod-4562,4485
4941,create,paib-gpu/openb-pod-0992,4486
4942,create,paib-gpu/openb-pod-7521,4487
4943,create,paib-gpu/openb-pod-4907,4488
4944,create,paib-gpu/openb-pod-5810,4489
4945,create,paib-gpu/openb-pod-0893,4490
4946,create,paib-gpu/openb-pod-6173,4491
4947,failed,paib-gpu/openb-pod-5762,4491
4948,create,paib-gpu/openb-pod-6477,4492
4949,create,paib-gpu/openb-pod-2226,4493
4950,create,paib-gpu/openb-pod-3957,4494
4951,failed,paib-gpu/openb-pod-5878,4494
4952,create,paib-gpu/openb-pod-5271,4495
4953,create,paib-gpu/openb-pod-0656,4496
4954,create,paib-gpu/openb-pod-1318,4497
4955,failed,paib-gpu/openb-pod-2748,4497
4956,create,paib-gpu/openb-pod-6805,4498
4957,create,paib-gpu/openb-pod-4597,4499
4958,create,paib-gpu/openb-pod-4222,4500
4959,create,paib-gpu/openb-pod-1790,4501
4960,create,paib-gpu/openb-pod-6324,4502
4961,failed,paib-gpu/openb-pod-5846,4502
4962,create,paib-gpu/openb-pod-4484,4503
4963,create,paib-gpu/openb-pod-2702,4504
4964,create,paib-gpu/openb-pod-0368,4505
4965,create,paib-gpu/openb-pod-7804,4506
4966,create,paib-gpu/openb-pod-6773,4507
4967,create,paib-gpu/openb-pod-1619,4508
4968,failed,paib-gpu/openb-pod-2680,4508
4969,create,paib-gpu/openb-pod-6236,4509
4970,create,paib-gpu/openb-pod-1009,4510
4971,create,paib-gpu/openb-pod-0451,4511
4972,failed,paib-gpu/openb-pod-7872,4511
4973,failed,paib-gpu/openb-pod-7281,4511
4974,create,paib-gpu/openb-pod-5628,4512
4975,create,paib-gpu/openb-pod-1818,4513
4976,create,paib-gpu/openb-pod-2483,4514
4977,create,paib-gpu/openb-pod-6363,4515
4978,create,paib-gpu/openb-pod-6341,4516
4979,create,paib-gpu/openb-pod-1855,4517
4980,create,paib-gpu/openb-pod-5214,4518
4981,create,paib-gpu/openb-pod-3223,4519
4982,create,paib-gpu/openb-pod-0934,4520
4983,failed,paib-gpu/openb-pod-0324,4520
4984,create,paib-gpu/openb-pod-3066,4521
4985,failed,paib-gpu/openb-pod-1983,4521
4986,create,paib-gpu/openb-pod-3905,4522
4987,create,paib-gpu/openb-pod-1246,4523
4988,create,paib-gpu/openb-pod-5331,4524
4989,create,paib-gpu/openb-pod-5410,4525
4990,create,paib-gpu/openb-pod-0232,4526
4991,create,paib-gpu/openb-pod-0479,4527
4992,create,paib-gpu/openb-pod-7564,4528
4993,failed,paib-gpu/openb-pod-2905,4528
4994,create,paib-gpu/openb-pod-5223,4529
4995,create,paib-gpu/openb-pod-5807,4530
4996,create,paib-gpu/openb-pod-3864,4531
4997,create,paib-gpu/openb-pod-3353,4532
4998,create,paib-gpu/openb-pod-7757,4533
4999,create,paib-gpu/openb-pod-5760,4534
5000,create,paib-gpu/openb-pod-1270,4535
5001,failed,paib-gpu/openb-pod-4844,4535
5002,create,paib-gpu/openb-pod-0409,4536
5003,create,paib-gpu/openb-pod-3289,4537
5004,create,paib-gpu/openb-pod-3701,4538
5005,failed,paib-gpu/openb-pod-7092,4538
5006,create,paib-gpu/openb-pod-5621,4539
5007,create,paib-gpu/openb-pod-1400,4540
5008,failed,paib-gpu/openb-pod-1817,4540
5009,create,paib-gpu/openb-pod-4132,4541
5010,create,paib-gpu/openb-pod-2273,4542
5011,create,paib-gpu/openb-pod-1227,4543
5012,create,paib-gpu/openb-pod-6677,4544
5013,create,paib-gpu/openb-pod-7732,4545
5014,create,paib-gpu/openb-pod-1047,4546
5015,create,paib-gpu/openb-pod-6021,4547
5016,failed,paib-gpu/openb-pod-4298,4547
5017,create,paib-gpu/openb-pod-3561,4548
5018,create,paib-gpu/openb-pod-5522,4549
5019,failed,paib-gpu/openb-pod-7955,4549
5020,create,paib-gpu/openb-pod-7055,4550
5021,create,paib-gpu/openb-pod-2163,4551
5022,failed,paib-gpu/openb-pod-5394,4551
5023,create,paib-gpu/openb-pod-2645,4552
5024,failed,paib-gpu/openb-pod-3048,4552
5025,create,paib-gpu/openb-pod-4835,4553
5026,failed,paib-gpu/openb-pod-7662,4553
5027,create,paib-gpu/openb-pod-2141,4554
5028,failed,paib-gpu/openb-pod-1357,4554
5029,create,paib-gpu/openb-pod-0798,4555
5030,failed,paib-gpu/openb-pod-7289,4555
5031,create,paib-gpu/openb-pod-5097,4556
5032,create,paib-gpu/openb-pod-2731,4557
5033,create,paib-gpu/openb-pod-1574,4558
5034,create,paib-gpu/openb-pod-7205,4559
5035,create,paib-gpu/openb-pod-4287,4560
5036,create,paib-gpu/openb-pod-4410,4561
5037,create,paib-gpu/openb-pod-6460,4562
5038,create,paib-gpu/openb-pod-7893,4563
5039,create,paib-gpu/openb-pod-1019,4564
5040,create,paib-gpu/openb-pod-2690,4565
5041,create,paib-gpu/openb-pod-7002,4566
5042,create,paib-gpu/openb-pod-3977,4567
5043,create,paib-gpu/openb-pod-1491,4568
5044,failed,paib-gpu/openb-pod-6388,4568
5045,create,paib-gpu/openb-pod-8002,4569
5046,create,paib-gpu/openb-pod-0637,4570
5047,create,paib-gpu/openb-pod-3236,4571
5048,create,paib-gpu/openb-pod-6195,4572
5049,create,paib-gpu/openb-pod-6772,4573
5050,failed,paib-gpu/openb-pod-3720,4573
5051,create,paib-gpu/openb-pod-5344,4574
5052,create,paib-gpu/openb-pod-0606,4575
5053,create,paib-gpu/openb-pod-7383,4576
5054,create,paib-gpu/openb-pod-5407,4577
5055,failed,paib-gpu/openb-pod-2605,4577
5056,create,paib-gpu/openb-pod-7840,4578
5057,create,paib-gpu/openb-pod-3120,4579
5058,create,paib-gpu/openb-pod-0213,4580
5059,create,paib-gpu/openb-pod-6187,4581
5060,create,paib-gpu/openb-pod-5056,4582
5061,create,paib-gpu/openb-pod-3204,4583
5062,create,paib-gpu/openb-pod-1755,4584
5063,failed,paib-gpu/openb-pod-2961,4584
5064,failed,paib-gpu/openb-pod-2374,4584
5065,create,paib-gpu/openb-pod-7824,4585
5066,create,paib-gpu/openb-pod-5495,4586
5067,create,paib-gpu/openb-pod-7675,4587
5068,create,paib-gpu/openb-pod-3509,4588
5069,create,paib-gpu/openb-pod-1597,4589
5070,create,paib-gpu/openb-pod-8003,4590
5071,failed,paib-gpu/openb-pod-6314,4590
5072,create,paib-gpu/openb-pod-7827,4591
5073,create,paib-gpu/openb-pod-6871,4592
5074,create,paib-gpu/openb-pod-8077,4593
5075,create,paib-gpu/openb-pod-1937,4594
5076,create,paib-gpu/openb-pod-0138,4595
5077,create,paib-gpu/openb-pod-6334,4596
5078,create,paib-gpu/openb-pod-2761,4597
5079,failed,paib-gpu/openb-pod-0029,4597
5080,create,paib-gpu/openb-pod-6432,4598
5081,create,paib-gpu/openb-pod-7329,4599
5082,create,paib-gpu/openb-pod-7133,4600
5083,create,paib-gpu/openb-pod-5492,4601
5084,failed,paib-gpu/openb-pod-3798,4601
5085,create,paib-gpu/openb-pod-0915,4602
5086,create,paib-gpu/openb-pod-6379,4603
5087,create,paib-gpu/openb-pod-1644,4604
5088,failed,paib-gpu/openb-pod-2943,4604
5089,create,paib-gpu/openb-pod-6090,4605
5090,create,paib-gpu/openb-pod-1843,4606
5091,create,paib-gpu/openb-pod-1629,4607
5092,create,paib-gpu/openb-pod-2933,4608
5093,create,paib-gpu/openb-pod-6070,4609
5094,create,paib-gpu/openb-pod-2863,4610
5095,create,paib-gpu/openb-pod-7096,4611
5096,create,paib-gpu/openb-pod-6222,4612
5097,create,paib-gpu/openb-pod-4134,4613
5098,create,paib-gpu/openb-pod-2894,4614
5099,failed,paib-gpu/openb-pod-1645,4614
5100,create,paib-gpu/openb-pod-5882,4615
5101,create,paib-gpu/openb-pod-5102,4616
5102,failed,paib-gpu/openb-pod-5371,4616
5103,create,paib-gpu/openb-pod-2454,4617
5104,create,paib-gpu/openb-pod-2874,4618
5105,create,paib-gpu/openb-pod-1122,4619
5106,create,paib-gpu/openb-pod-6802,4620
5107,failed,paib-gpu/openb-pod-2821,4620
5108,create,paib-gpu/openb-pod-0599,4621
5109,create,paib-gpu/openb-pod-2908,4622
5110,create,paib-gpu/openb-pod-6968,4623
5111,failed,paib-gpu/openb-pod-0632,4623
5112,create,paib-gpu/openb-pod-6613,4624
5113,create,paib-gpu/openb-pod-4480,4625
5114,failed,paib-gpu/openb-pod-6955,4625
5115,create,paib-gpu/openb-pod-4750,4626
5116,create,paib-gpu/openb-pod-1444,4627
5117,create,paib-gpu/openb-pod-7637,4628
5118,create,paib-gpu/openb-pod-5200,4629
5119,create,paib-gpu/openb-pod-4751,4630
5120,create,paib-gpu/openb-pod-5434,4631
5121,create,paib-gpu/openb-pod-1276,4632
5122,create,paib-gpu/openb-pod-0102,4633
5123,create,paib-gpu/openb-pod-7213,4634
5124,failed,paib-gpu/openb-pod-3590,4634
5125,create,paib-gpu/openb-pod-4221,4635
5126,create,paib-gpu/openb-pod-1358,4636
5127,failed,paib-gpu/openb-pod-4467,4636
5128,create,paib-gpu/openb-pod-3075,4637
5129,create,paib-gpu/openb-pod-6900,4638
5130,create,paib-gpu/openb-pod-2616,4639
5131,create,paib-gpu/openb-pod-0403,4640
5132,create,paib-gpu/openb-pod-2547,4641
5133,create,paib-gpu/openb-pod-1919,4642
5134,create,paib-gpu/openb-pod-0942,4643
5135,create,paib-gpu/openb-pod-1039,4644
5136,failed,paib-gpu/openb-pod-5482,4644
5137,create,paib-gpu/openb-pod-6354,4645
5138,create,paib-gpu/openb-pod-5263,4646
5139,create,paib-gpu/openb-pod-0771,4647
5140,create,paib-gpu/openb-pod-5603,4648
5141,create,paib-gpu/openb-pod-2872,4649
5142,create,paib-gpu/openb-pod-8082,4650
5143,failed,paib-gpu/openb-pod-3219,4650
5144,create,paib-gpu/openb-pod-6350,4651
5145,create,paib-gpu/openb-pod-3004,4652
5146,create,paib-gpu/openb-pod-0507,4653
5147,create,paib-gpu/openb-pod-4767,4654
5148,create,paib-gpu/openb-pod-3766,4655
5149,create,paib-gpu/openb-pod-5820,4656
5150,create,paib-gpu/openb-pod-5422,4657
5151,create,paib-gpu/openb-pod-4926,4658
5152,create,paib-gpu/openb-pod-1433,4659
5153,failed,paib-gpu/openb-pod-4451,4659
5154,failed,paib-gpu/openb-pod-4532,4659
5155,create,paib-gpu/openb-pod-5121,4660
5156,create,paib-gpu/openb-pod-7649,4661
5157,create,paib-gpu/openb-pod-3479,4662
5158,create,paib-gpu/openb-pod-3973,4663
5159,create,paib-gpu/openb-pod-0111,4664
5160,create,paib-gpu/openb-pod-0469,4665
5161,create,paib-gpu/openb-pod-2644,4666
5162,create,paib-gpu/openb-pod-4953,4667
5163,create,paib-gpu/openb-pod-0941,4668
5164,create,paib-gpu/openb-pod-6425,4669
5165,create,paib-gpu/openb-pod-4488,4670
5166,create,paib-gpu/openb-pod-5240,4671
5167,failed,paib-gpu/openb-pod-0421,4671
5168,create,paib-gpu/openb-pod-7512,4672
5169,create,paib-gpu/openb-pod-3041,4673
5170,create,paib-gpu/openb-pod-1436,4674
5171,failed,paib-gpu/openb-pod-1139,4674
5172,create,paib-gpu/openb-pod-0034,4675
5173,create,paib-gpu/openb-pod-7754,4676
5174,create,paib-gpu/openb-pod-2254,4677
5175,create,paib-gpu/openb-pod-3589,4678
5176,create,paib-gpu/openb-pod-3330,4679
5177,create,paib-gpu/openb-pod-6931,4680
5178,create,paib-gpu/openb-pod-7353,4681
5179,create,paib-gpu/openb-pod-5299,4682
5180,create,paib-gpu/openb-pod-4685,4683
5181,create,paib-gpu/openb-pod-2991,4684
5182,create,paib-gpu/openb-pod-1156,4685
5183,create,paib-gpu/openb-pod-1020,4686
5184,failed,paib-gpu/openb-pod-0339,4686
5185,create,paib-gpu/openb-pod-0925,4687
5186,create,paib-gpu/openb-pod-5174,4688
5187,create,paib-gpu/openb-pod-0579,4689
5188,create,paib-gpu/openb-pod-7997,4690
5189,create,paib-gpu/openb-pod-4538,4691
5190,failed,paib-gpu/openb-pod-7998,4691
5191,create,paib-gpu/openb-pod-4495,4692
5192,create,paib-gpu/openb-pod-5503,4693
5193,create,paib-gpu/openb-pod-3588,4694
5194,create,paib-gpu/openb-pod-8124,4695
5195,create,paib-gpu/openb-pod-7484,4696
5196,create,paib-gpu/openb-pod-5321,4697
5197,create,paib-gpu/openb-pod-7913,4698
5198,create,paib-gpu/openb-pod-5968,4699
5199,create,paib-gpu/openb-pod-4167,4700
5200,create,paib-gpu/openb-pod-4585,4701
5201,create,paib-gpu/openb-pod-0140,4702
5202,create,paib-gpu/openb-pod-4360,4703
5203,create,paib-gpu/openb-pod-0321,4704
5204,create,paib-gpu/openb-pod-5469,4705
5205,create,paib-gpu/openb-pod-0335,4706
5206,create,paib-gpu/openb-pod-0086,4707
5207,create,paib-gpu/openb-pod-5577,4708
5208,create,paib-gpu/openb-pod-1769,4709
5209,failed,paib-gpu/openb-pod-6273,4709
5210,create,paib-gpu/openb-pod-2557,4710
5211,create,paib-gpu/openb-pod-4652,4711
5212,create,paib-gpu/openb-pod-7756,4712
5213,create,paib-gpu/openb-pod-2809,4713
5214,create,paib-gpu/openb-pod-5633,4714
5215,create,paib-gpu/openb-pod-5812,4715
5216,create,paib-gpu/openb-pod-2398,4716
5217,create,paib-gpu/openb-pod-1717,4717
5218,create,paib-gpu/openb-pod-1030,4718
5219,create,paib-gpu/openb-pod-6303,4719
5220,failed,paib-gpu/openb-pod-6079,4719
5221,failed,paib-gpu/openb-pod-1516,4719
5222,failed,paib-gpu/openb-pod-1253,4719
5223,create,paib-gpu/openb-pod-4786,4720
5224,failed,paib-gpu/openb-pod-0641,4720
5225,failed,paib-gpu/openb-pod-0382,4720
5226,create,paib-gpu/openb-pod-0864,4721
5227,create,paib-gpu/openb-pod-3470,4722
5228,create,paib-gpu/openb-pod-2136,4723
5229,failed,paib-gpu/openb-pod-2297,4723
5230,create,paib-gpu/openb-pod-0155,4724
5231,create,paib-gpu/openb-pod-5497,4725
5232,create,paib-gpu/openb-pod-6150,4726
5233,create,paib-gpu/openb-pod-7647,4727
5234,create,paib-gpu/openb-pod-0432,4728
5235,create,paib-gpu/openb-pod-7526,4729
5236,create,paib-gpu/openb-pod-0995,4730
5237,create,paib-gpu/openb-pod-4093,4731
5238,create,paib-gpu/openb-pod-0394,4732
5239,create,paib-gpu/openb-pod-0776,4733
5240,create,paib-gpu/openb-pod-6082,4734
5241,create,paib-gpu/openb-pod-7734,4735
5242,failed,paib-gpu/openb-pod-1148,4735
5243,create,paib-gpu/openb-pod-4088,4736
5244,create,paib-gpu/openb-pod-3614,4737
5245,create,paib-gpu/openb-pod-3564,4738
5246,create,paib-gpu/openb-pod-7996,4739
5247,create,paib-gpu/openb-pod-2531,4740
5248,create,paib-gpu/openb-pod-7403,4741
5249,create,paib-gpu/openb-pod-5314,4742
5250,create,paib-gpu/openb-pod-7161,4743
5251,create,paib-gpu/openb-pod-5283,4744
5252,create,paib-gpu/openb-pod-5761,4745
5253,create,paib-gpu/openb-pod-3941,4746
5254,create,paib-gpu/openb-pod-0547,4747
5255,create,paib-gpu/openb-pod-7357,4748
5256,create,paib-gpu/openb-pod-3428,4749
5257,create,paib-gpu/openb-pod-2107,4750
5258,create,paib-gpu/openb-pod-2860,4751
5259,create,paib-gpu/openb-pod-2590,4752
5260,create,paib-gpu/openb-pod-6344,4753
5261,create,paib-gpu/openb-pod-1757,4754
5262,create,paib-gpu/openb-pod-3606,4755
5263,failed,paib-gpu/openb-pod-7616,4755
5264,create,paib-gpu/openb-pod-6053,4756
5265,create,paib-gpu/openb-pod-4496,4757
5266,create,paib-gpu/openb-pod-5799,4758
5267,create,paib-gpu/openb-pod-4766,4759
5268,create,paib-gpu/openb-pod-0200,4760
5269,create,paib-gpu/openb-pod-3501,4761
5270,failed,paib-gpu/openb-pod-5718,4761
5271,create,paib-gpu/openb-pod-5717,4762
5272,create,paib-gpu/openb-pod-1115,4763
5273,create,paib-gpu/openb-pod-7581,4764
5274,create,paib-gpu/openb-pod-6711,4765
5275,create,paib-gpu/openb-pod-3972,4766
5276,create,paib-gpu/openb-pod-7216,4767
5277,create,paib-gpu/openb-pod-2179,4768
5278,create,paib-gpu/openb-pod-6264,4769
5279,create,paib-gpu/openb-pod-6503,4770
5280,create,paib-gpu/openb-pod-0841,4771
5281,create,paib-gpu/openb-pod-4485,4772
5282,create,paib-gpu/openb-pod-3463,4773
5283,create,paib-gpu/openb-pod-0813,4774
5284,failed,paib-gpu/openb-pod-1305,4774
5285,create,paib-gpu/openb-pod-4694,4775
5286,create,paib-gpu/openb-pod-1142,4776
5287,failed,paib-gpu/openb-pod-3818,4776
5288,create,paib-gpu/openb-pod-2993,4777
5289,create,paib-gpu/openb-pod-2696,4778
5290,create,paib-gpu/openb-pod-4952,4779
5291,create,paib-gpu/openb-pod-7698,4780
5292,create,paib-gpu/openb-pod-6206,4781
5293,create,paib-gpu/openb-pod-5548,4782
5294,failed,paib-gpu/openb-pod-4170,4782
5295,create,paib-gpu/openb-pod-5301,4783
5296,create,paib-gpu/openb-pod-4219,4784
5297,create,paib-gpu/openb-pod-8067,4785
5298,create,paib-gpu/openb-pod-6681,4786
5299,create,paib-gpu/openb-pod-4982,4787
5300,failed,paib-gpu/openb-pod-6405,4787
5301,create,paib-gpu/openb-pod-3639,4788
5302,create,paib-gpu/openb-pod-4103,4789
5303,create,paib-gpu/openb-pod-4198,4790
5304,create,paib-gpu/openb-pod-3595,4791
5305,create,paib-gpu/openb-pod-4469,4792
5306,create,paib-gpu/openb-pod-6625,4793
5307,create,paib-gpu/openb-pod-2822,4794
5308,create,paib-gpu/openb-pod-4915,4795
5309,create,paib-gpu/openb-pod-3840,4796
5310,create,paib-gpu/openb-pod-5012,4797
5311,create,paib-gpu/openb-pod-2997,4798
5312,create,paib-gpu/openb-pod-7406,4799
5313,create,paib-gpu/openb-pod-0958,4800
5314,create,paib-gpu/openb-pod-1826,4801
5315,create,paib-gpu/openb-pod-3995,4802
5316,create,paib-gpu/openb-pod-3085,4803
5317,create,paib-gpu/openb-pod-5173,4804
5318,failed,paib-gpu/openb-pod-3699,4804
5319,create,paib-gpu/openb-pod-1766,4805
5320,failed,paib-gpu/openb-pod-7078,4805
5321,create,paib-gpu/openb-pod-0576,4806
5322,create,paib-gpu/openb-pod-4321,4807
5323,create,paib-gpu/openb-pod-0055,4808
5324,create,paib-gpu/openb-pod-4359,4809
5325,create,paib-gpu/openb-pod-6260,4810
5326,create,paib-gpu/openb-pod-0466,4811
5327,create,paib-gpu/openb-pod-7965,4812
5328,create,paib-gpu/openb-pod-6910,4813
5329,create,paib-gpu/openb-pod-7807,4814
5330,create,paib-gpu/openb-pod-5206,4815
5331,create,paib-gpu/openb-pod-5021,4816
5332,create,paib-gpu/openb-pod-3511,4817
5333,create,paib-gpu/openb-pod-3993,4818
5334,failed,paib-gpu/openb-pod-3542,4818
5335,create,paib-gpu/openb-pod-2556,4819
5336,create,paib-gpu/openb-pod-0070,4820
5337,create,paib-gpu/openb-pod-3908,4821
5338,create,paib-gpu/openb-pod-0039,4822
5339,failed,paib-gpu/openb-pod-0555,4822
5340,create,paib-gpu/openb-pod-3457,4823
5341,create,paib-gpu/openb-pod-1344,4824
5342,create,paib-gpu/openb-pod-1522,4825
5343,create,paib-gpu/openb-pod-1069,4826
5344,create,paib-gpu/openb-pod-2810,4827
5345,create,paib-gpu/openb-pod-7563,4828
5346,create,paib-gpu/openb-pod-0965,4829
5347,create,paib-gpu/openb-pod-5909,4830
5348,create,paib-gpu/openb-pod-2574,4831
5349,create,paib-gpu/openb-pod-6291,4832
5350,failed,paib-gpu/openb-pod-7708,4832
5351,create,paib-gpu/openb-pod-3881,4833
5352,create,paib-gpu/openb-pod-6789,4834
5353,create,paib-gpu/openb-pod-6624,4835
5354,create,paib-gpu/openb-pod-4878,4836
5355,create,paib-gpu/openb-pod-5258,4837
5356,failed,paib-gpu/openb-pod-3984,4837
5357,create,paib-gpu/openb-pod-6099,4838
5358,create,paib-gpu/openb-pod-1170,4839
5359,create,paib-gpu/openb-pod-5494,4840
5360,failed,paib-gpu/openb-pod-6804,4840
5361,create,paib-gpu/openb-pod-2964,4841
5362,failed,paib-gpu/openb-pod-5567,4841
5363,create,paib-gpu/openb-pod-0220,4842
5364,create,paib-gpu/openb-pod-3454,4843
5365,create,paib-gpu/openb-pod-0890,4844
5366,create,paib-gpu/openb-pod-7275,4845
5367,create,paib-gpu/openb-pod-2765,4846
5368,create,paib-gpu/openb-pod-7537,4847
5369,create,paib-gpu/openb-pod-4420,4848
5370,create,paib-gpu/openb-pod-4295,4849
5371,create,paib-gpu/openb-pod-3142,4850
5372,failed,paib-gpu/openb-pod-6609,4850
5373,failed,paib-gpu/openb-pod-1210,4850
5374,create,paib-gpu/openb-pod-5940,4851
5375,create,paib-gpu/openb-pod-7753,4852
5376,create,paib-gpu/openb-pod-3082,4853
5377,create,paib-gpu/openb-pod-2131,4854
5378,create,paib-gpu/openb-pod-1161,4855
5379,create,paib-gpu/openb-pod-4964,4856
5380,create,paib-gpu/openb-pod-2998,4857
5381,create,paib-gpu/openb-pod-6689,4858
5382,create,paib-gpu/openb-pod-0911,4859
5383,create,paib-gpu/openb-pod-3598,4860
5384,create,paib-gpu/openb-pod-6795,4861
5385,create,paib-gpu/openb-pod-0674,4862
5386,create,paib-gpu/openb-pod-4217,4863
5387,create,paib-gpu/openb-pod-2170,4864
5388,create,paib-gpu/openb-pod-3211,4865
5389,create,paib-gpu/openb-pod-5113,4866
5390,create,paib-gpu/openb-pod-5204,4867
5391,create,paib-gpu/openb-pod-1164,4868
5392,create,paib-gpu/openb-pod-2321,4869
5393,failed,paib-gpu/openb-pod-3414,4869
5394,failed,paib-gpu/openb-pod-3676,4869
5395,create,paib-gpu/openb-pod-6562,4870
5396,create,paib-gpu/openb-pod-4839,4871
5397,create,paib-gpu/openb-pod-0410,4872
5398,create,paib-gpu/openb-pod-2955,4873
5399,failed,paib-gpu/openb-pod-7264,4873
5400,create,paib-gpu/openb-pod-6118,4874
5401,create,paib-gpu/openb-pod-0241,4875
5402,failed,paib-gpu/openb-pod-5007,4875
5403,create,paib-gpu/openb-pod-4607,4876
5404,failed,paib-gpu/openb-pod-3210,4876
5405,create,paib-gpu/openb-pod-1991,4877
5406,create,paib-gpu/openb-pod-3307,4878
5407,failed,paib-gpu/openb-pod-4373,4878
5408,create,paib-gpu/openb-pod-7951,4879
5409,create,paib-gpu/openb-pod-0633,4880
5410,create,paib-gpu/openb-pod-4105,4881
5411,create,paib-gpu/openb-pod-6976,4882
5412,failed,paib-gpu/openb-pod-7905,4882
5413,create,paib-gpu/openb-pod-2384,4883
5414,create,paib-gpu/openb-pod-5269,4884
5415,create,paib-gpu/openb-pod-5995,4885
5416,create,paib-gpu/openb-pod-2280,4886
5417,create,paib-gpu/openb-pod-0257,4887
5418,create,paib-gpu/openb-pod-4150,4888
5419,create,paib-gpu/openb-pod-6570,4889
5420,create,paib-gpu/openb-pod-3404,4890
5421,create,paib-gpu/openb-pod-3671,4891
5422,create,paib-gpu/openb-pod-1177,4892
5423,failed,paib-gpu/openb-pod-2222,4892
5424,create,paib-gpu/openb-pod-7201,4893
5425,create,paib-gpu/openb-pod-7335,4894
5426,create,paib-gpu/openb-pod-7864,4895
5427,create,paib-gpu/openb-pod-3549,4896
5428,create,paib-gpu/openb-pod-4900,4897
5429,create,paib-gpu/openb-pod-5785,4898
5430,create,paib-gpu/openb-pod-3173,4899
5431,create,paib-gpu/openb-pod-8122,4900
5432,create,paib-gpu/openb-pod-1435,4901
5433,create,paib-gpu/openb-pod-8090,4902
5434,create,paib-gpu/openb-pod-6904,4903
5435,create,paib-gpu/openb-pod-1545,4904
5436,failed,paib-gpu/openb-pod-0332,4904
5437,create,paib-gpu/openb-pod-4455,4905
5438,failed,paib-gpu/openb-pod-0883,4905
5439,create,paib-gpu/openb-pod-3503,4906
5440,create,paib-gpu/openb-pod-1025,4907
5441,create,paib-gpu/openb-pod-4774,4908
5442,create,paib-gpu/openb-pod-2635,4909
5443,create,paib-gpu/openb-pod-1288,4910
5444,create,paib-gpu/openb-pod-7967,4911
5445,create,paib-gpu/openb-pod-6235,4912
5446,create,paib-gpu/openb-pod-3293,4913
5447,create,paib-gpu/openb-pod-0293,4914
5448,create,paib-gpu/openb-pod-1560,4915
5449,create,paib-gpu/openb-pod-0720,4916
5450,create,paib-gpu/openb-pod-0498,4917
5451,create,paib-gpu/openb-pod-5326,4918
5452,failed,paib-gpu/openb-pod-4214,4918
5453,failed,paib-gpu/openb-pod-6139,4918
5454,create,paib-gpu/openb-pod-0429,4919
5455,create,paib-gpu/openb-pod-6750,4920
5456,create,paib-gpu/openb-pod-3763,4921
5457,failed,paib-gpu/openb-pod-3536,4921
5458,create,paib-gpu/openb-pod-2815,4922
5459,create,paib-gpu/openb-pod-6160,4923
5460,failed,paib-gpu/openb-pod-4140,4923
5461,create,paib-gpu/openb-pod-5587,4924
5462,create,paib-gpu/openb-pod-8137,4925
5463,create,paib-gpu/openb-pod-1328,4926
5464,failed,paib-gpu/openb-pod-3889,4926
5465,create,paib-gpu/openb-pod-4465,4927
5466,create,paib-gpu/openb-pod-3579,4928
5467,create,paib-gpu/openb-pod-4280,4929
5468,create,paib-gpu/openb-pod-5355,4930
5469,failed,paib-gpu/openb-pod-3939,4930
5470,create,paib-gpu/openb-pod-0541,4931
5471,create,paib-gpu/openb-pod-3043,4932
5472,create,paib-gpu/openb-pod-3955,4933
5473,create,paib-gpu/openb-pod-7310,4934
5474,create,paib-gpu/openb-pod-4873,4935
5475,create,paib-gpu/openb-pod-2689,4936
5476,create,paib-gpu/openb-pod-0001,4937
5477,create,paib-gpu/openb-pod-8050,4938
5478,create,paib-gpu/openb-pod-1505,4939
5479,create,paib-gpu/openb-pod-3581,4940
5480,create,paib-gpu/openb-pod-7596,4941
5481,create,paib-gpu/openb-pod-7658,4942
5482,failed,paib-gpu/openb-pod-7160,4942
5483,failed,paib-gpu/openb-pod-1048,4942
5484,create,paib-gpu/openb-pod-5158,4943
5485,create,paib-gpu/openb-pod-3079,4944
5486,create,paib-gpu/openb-pod-0801,4945
5487,create,paib-gpu/openb-pod-7003,4946
5488,create,paib-gpu/openb-pod-1106,4947
5489,create,paib-gpu/openb-pod-8147,4948
5490,create,paib-gpu/openb-pod-3260,4949
5491,failed,paib-gpu/openb-pod-2967,4949
5492,failed,paib-gpu/openb-pod-4220,4949
5493,failed,paib-gpu/openb-pod-0388,4949
5494,create,paib-gpu/openb-pod-2907,4950
5495,failed,paib-gpu/openb-pod-2592,4950
5496,create,paib-gpu/openb-pod-4668,4951
5497,failed,paib-gpu/openb-pod-3814,4951
5498,create,paib-gpu/openb-pod-4718,4952
5499,create,paib-gpu/openb-pod-5714,4953
5500,create,paib-gpu/openb-pod-1888,4954
5501,create,paib-gpu/openb-pod-1893,4955
5502,create,paib-gpu/openb-pod-2911,4956
5503,create,paib-gpu/openb-pod-4310,4957
5504,create,paib-gpu/openb-pod-7297,4958
5505,create,paib-gpu/openb-pod-1786,4959
5506,create,paib-gpu/openb-pod-8113,4960
5507,create,paib-gpu/openb-pod-3240,4961
5508,create,paib-gpu/openb-pod-7319,4962
5509,failed,paib-gpu/openb-pod-1075,4962
5510,create,paib-gpu/openb-pod-7929,4963
5511,create,paib-gpu/openb-pod-7372,4964
5512,create,paib-gpu/openb-pod-3562,4965
5513,create,paib-gpu/openb-pod-7082,4966
5514,create,paib-gpu/openb-pod-4260,4967
5515,failed,paib-gpu/openb-pod-6952,4967
5516,create,paib-gpu/openb-pod-7522,4968
5517,create,paib-gpu/openb-pod-0847,4969
5518,create,paib-gpu/openb-pod-6807,4970
5519,create,paib-gpu/openb-pod-0607,4971
5520,create,paib-gpu/openb-pod-0028,4972
5521,create,paib-gpu/openb-pod-3764,4973
5522,create,paib-gpu/openb-pod-7305,4974
5523,failed,paib-gpu/openb-pod-0508,4974
5524,create,paib-gpu/openb-pod-5634,4975
5525,create,paib-gpu/openb-pod-2046,4976
5526,create,paib-gpu/openb-pod-6825,4977
5527,create,paib-gpu/openb-pod-2142,4978
5528,create,paib-gpu/openb-pod-1343,4979
5529,create,paib-gpu/openb-pod-4374,4980
5530,create,paib-gpu/openb-pod-4136,4981
5531,create,paib-gpu/openb-pod-5853,4982
5532,create,paib-gpu/openb-pod-7925,4983
5533,failed,paib-gpu/openb-pod-4680,4983
5534,create,paib-gpu/openb-pod-2036,4984
5535,create,paib-gpu/openb-pod-6006,4985
5536,create,paib-gpu/openb-pod-7919,4986
5537,create,paib-gpu/openb-pod-0546,4987
5538,create,paib-gpu/openb-pod-5556,4988
5539,create,paib-gpu/openb-pod-3582,4989
5540,failed,paib-gpu/openb-pod-0488,4989
5541,create,paib-gpu/openb-pod-2188,4990
5542,create,paib-gpu/openb-pod-6632,4991
5543,create,paib-gpu/openb-pod-7169,4992
5544,failed,paib-gpu/openb-pod-7074,4992
5545,create,paib-gpu/openb-pod-7894,4993
5546,create,paib-gpu/openb-pod-1423,4994
5547,failed,paib-gpu/openb-pod-2133,4994
5548,failed,paib-gpu/openb-pod-3135,4994
5549,create,paib-gpu/openb-pod-7941,4995
5550,create,paib-gpu/openb-pod-2958,4996
5551,create,paib-gpu/openb-pod-4125,4997
5552,create,paib-gpu/openb-pod-5459,4998
5553,failed,paib-gpu/openb-pod-2282,4998
5554,create,paib-gpu/openb-pod-0772,4999
5555,create,paib-gpu/openb-pod-6519,5000
5556,create,paib-gpu/openb-pod-1166,5001
5557,create,paib-gpu/openb-pod-4908,5002
5558,create,paib-gpu/openb-pod-7903,5003
5559,create,paib-gpu/openb-pod-5098,5004
5560,create,paib-gpu/openb-pod-7065,5005
5561,create,paib-gpu/openb-pod-6515,5006
5562,create,paib-gpu/openb-pod-5638,5007
5563,create,paib-gpu/openb-pod-7282,5008
5564,create,paib-gpu/openb-pod-4994,5009
5565,create,paib-gpu/openb-pod-0681,5010
5566,failed,paib-gpu/openb-pod-5270,5010
5567,create,paib-gpu/openb-pod-1378,5011
5568,create,paib-gpu/openb-pod-6040,5012
5569,create,paib-gpu/openb-pod-1784,5013
5570,create,paib-gpu/openb-pod-6014,5014
5571,create,paib-gpu/openb-pod-1631,5015
5572,create,paib-gpu/openb-pod-2945,5016
5573,create,paib-gpu/openb-pod-5724,5017
5574,create,paib-gpu/openb-pod-2278,5018
5575,create,paib-gpu/openb-pod-7134,5019
5576,create,paib-gpu/openb-pod-0350,5020
5577,create,paib-gpu/openb-pod-6468,5021
5578,create,paib-gpu/openb-pod-2241,5022
5579,create,paib-gpu/openb-pod-3005,5023
5580,create,paib-gpu/openb-pod-1296,5024
5581,create,paib-gpu/openb-pod-1368,5025
5582,failed,paib-gpu/openb-pod-5649,5025
5583,create,paib-gpu/openb-pod-0843,5026
5584,create,paib-gpu/openb-pod-5075,5027
5585,create,paib-gpu/openb-pod-0366,5028
5586,failed,paib-gpu/openb-pod-0700,5028
5587,create,paib-gpu/openb-pod-5114,5029
5588,create,paib-gpu/openb-pod-3033,5030
5589,create,paib-gpu/openb-pod-3070,5031
5590,failed,paib-gpu/openb-pod-2308,5031
5591,create,paib-gpu/openb-pod-6142,5032
5592,create,paib-gpu/openb-pod-4775,5033
5593,create,paib-gpu/openb-pod-7718,5034
5594,failed,paib-gpu/openb-pod-6944,5034
5595,failed,paib-gpu/openb-pod-0557,5034
5596,create,paib-gpu/openb-pod-7476,5035
5597,create,paib-gpu/openb-pod-3609,5036
5598,create,paib-gpu/openb-pod-3800,5037
5599,create,paib-gpu/openb-pod-3847,5038
5600,create,paib-gpu/openb-pod-3176,5039
5601,create,paib-gpu/openb-pod-0299,5040
5602,create,paib-gpu/openb-pod-2978,5041
5603,create,paib-gpu/openb-pod-6343,5042
5604,create,paib-gpu/openb-pod-6214,5043
5605,create,paib-gpu/openb-pod-0276,5044
5606,create,paib-gpu/openb-pod-7960,5045
5607,create,paib-gpu/openb-pod-3389,5046
5608,failed,paib-gpu/openb-pod-4401,5046
5609,create,paib-gpu/openb-pod-1845,5047
5610,create,paib-gpu/openb-pod-0778,5048
5611,create,paib-gpu/openb-pod-1833,5049
5612,create,paib-gpu/openb-pod-2281,5050
5613,failed,paib-gpu/openb-pod-1116,5050
5614,failed,paib-gpu/openb-pod-0675,5050
5615,create,paib-gpu/openb-pod-7744,5051
5616,create,paib-gpu/openb-pod-6445,5052
5617,create,paib-gpu/openb-pod-6027,5053
5618,create,paib-gpu/openb-pod-5606,5054
5619,create,paib-gpu/openb-pod-4852,5055
5620,create,paib-gpu/openb-pod-7702,5056
5621,create,paib-gpu/openb-pod-2737,5057
5622,create,paib-gpu/openb-pod-5981,5058
5623,create,paib-gpu/openb-pod-1952,5059
5624,create,paib-gpu/openb-pod-6372,5060
5625,create,paib-gpu/openb-pod-0568,5061
5626,create,paib-gpu/openb-pod-2390,5062
5627,create,paib-gpu/openb-pod-1114,5063
5628,create,paib-gpu/openb-pod-3620,5064
5629,create,paib-gpu/openb-pod-0251,5065
5630,create,paib-gpu/openb-pod-4110,5066
5631,create,paib-gpu/openb-pod-2460,5067
5632,create,paib-gpu/openb-pod-4731,5068
5633,create,paib-gpu/openb-pod-5689,5069
5634,create,paib-gpu/openb-pod-6797,5070
5635,create,paib-gpu/openb-pod-3287,5071
5636,create,paib-gpu/openb-pod-2169,5072
5637,create,paib-gpu/openb-pod-8125,5073
5638,create,paib-gpu/openb-pod-6830,5074
5639,create,paib-gpu/openb-pod-3950,5075
5640,create,paib-gpu/openb-pod-2774,5076
5641,create,paib-gpu/openb-pod-6762,5077
5642,create,paib-gpu/openb-pod-5827,5078
5643,create,paib-gpu/openb-pod-0859,5079
5644,create,paib-gpu/openb-pod-0561,5080
5645,create,paib-gpu/openb-pod-5692,5081
5646,create,paib-gpu/openb-pod-6435,5082
5647,create,paib-gpu/openb-pod-1995,5083
5648,create,paib-gpu/openb-pod-0285,5084
5649,create,paib-gpu/openb-pod-0210,5085
5650,create,paib-gpu/openb-pod-4042,5086
5651,create,paib-gpu/openb-pod-3168,5087
5652,create,paib-gpu/openb-pod-5904,5088
5653,create,paib-gpu/openb-pod-4490,5089
5654,create,paib-gpu/openb-pod-6958,5090
5655,create,paib-gpu/openb-pod-4523,5091
5656,failed,paib-gpu/openb-pod-0419,5091
5657,create,paib-gpu/openb-pod-6977,5092
5658,create,paib-gpu/openb-pod-4173,5093
5659,create,paib-gpu/openb-pod-4238,5094
5660,create,paib-gpu/openb-pod-0744,5095
5661,create,paib-gpu/openb-pod-6849,5096
5662,create,paib-gpu/openb-pod-1997,5097
5663,create,paib-gpu/openb-pod-2517,5098
5664,create,paib-gpu/openb-pod-3627,5099
5665,create,paib-gpu/openb-pod-6504,5100
5666,create,paib-gpu/openb-pod-1303,5101
5667,create,paib-gpu/openb-pod-1420,5102
5668,create,paib-gpu/openb-pod-5493,5103
5669,create,paib-gpu/openb-pod-4918,5104
5670,create,paib-gpu/openb-pod-3242,5105
5671,create,paib-gpu/openb-pod-4178,5106
5672,failed,paib-gpu/openb-pod-3987,5106
5673,create,paib-gpu/openb-pod-2312,5107
5674,create,paib-gpu/openb-pod-0073,5108
5675,create,paib-gpu/openb-pod-2501,5109
5676,create,paib-gpu/openb-pod-6957,5110
5677,create,paib-gpu/openb-pod-5547,5111
5678,failed,paib-gpu/openb-pod-7629,5111
5679,create,paib-gpu/openb-pod-4392,5112
5680,create,paib-gpu/openb-pod-6377,5113
5681,create,paib-gpu/openb-pod-7731,5114
5682,failed,paib-gpu/openb-pod-5116,5114
5683,create,paib-gpu/openb-pod-0978,5115
5684,create,paib-gpu/openb-pod-0763,5116
5685,failed,paib-gpu/openb-pod-6723,5116
5686,create,paib-gpu/openb-pod-8094,5117
5687,create,paib-gpu/openb-pod-0647,5118
5688,create,paib-gpu/openb-pod-5016,5119
5689,create,paib-gpu/openb-pod-7397,5120
5690,create,paib-gpu/openb-pod-0492,5121
5691,create,paib-gpu/openb-pod-0705,5122
5692,create,paib-gpu/openb-pod-5474,5123
5693,create,paib-gpu/openb-pod-6088,5124
5694,failed,paib-gpu/openb-pod-1799,5124
5695,create,paib-gpu/openb-pod-7308,5125
5696,create,paib-gpu/openb-pod-6490,5126
5697,create,paib-gpu/openb-pod-1828,5127
5698,failed,paib-gpu/openb-pod-3853,5127
5699,create,paib-gpu/openb-pod-2337,5128
5700,create,paib-gpu/openb-pod-6408,5129
5701,failed,paib-gpu/openb-pod-6524,5129
5702,create,paib-gpu/openb-pod-5604,5130
5703,create,paib-gpu/openb-pod-6278,5131
5704,create,paib-gpu/openb-pod-0064,5132
5705,create,paib-gpu/openb-pod-5607,5133
5706,create,paib-gpu/openb-pod-6821,5134
5707,create,paib-gpu/openb-pod-6610,5135
5708,failed,paib-gpu/openb-pod-0696,5135
5709,create,paib-gpu/openb-pod-2101,5136
5710,create,paib-gpu/openb-pod-6256,5137
5711,create,paib-gpu/openb-pod-0952,5138
5712,create,paib-gpu/openb-pod-0022,5139
5713,create,paib-gpu/openb-pod-6442,5140
5714,create,paib-gpu/openb-pod-5687,5141
5715,create,paib-gpu/openb-pod-5111,5142
5716,create,paib-gpu/openb-pod-2285,5143
5717,create,paib-gpu/openb-pod-4904,5144
5718,create,paib-gpu/openb-pod-2301,5145
5719,create,paib-gpu/openb-pod-1382,5146
5720,create,paib-gpu/openb-pod-0533,5147
5721,failed,paib-gpu/openb-pod-7119,5147
5722,create,paib-gpu/openb-pod-1903,5148
5723,create,paib-gpu/openb-pod-1909,5149
5724,failed,paib-gpu/openb-pod-0361,5149
5725,create,paib-gpu/openb-pod-6255,5150
5726,failed,paib-gpu/openb-pod-2850,5150
5727,create,paib-gpu/openb-pod-6332,5151
5728,create,paib-gpu/openb-pod-3252,5152
5729,create,paib-gpu/openb-pod-4015,5153
5730,failed,paib-gpu/openb-pod-1409,5153
5731,failed,paib-gpu/openb-pod-3580,5153
5732,create,paib-gpu/openb-pod-1583,5154
5733,create,paib-gpu/openb-pod-7337,5155
5734,create,paib-gpu/openb-pod-6084,5156
5735,failed,paib-gpu/openb-pod-3183,5156
5736,create,paib-gpu/openb-pod-6816,5157
5737,create,paib-gpu/openb-pod-3771,5158
5738,create,paib-gpu/openb-pod-2781,5159
5739,create,paib-gpu/openb-pod-0734,5160
5740,create,paib-gpu/openb-pod-4375,5161
5741,create,paib-gpu/openb-pod-6686,5162
5742,create,paib-gpu/openb-pod-1985,5163
5743,create,paib-gpu/openb-pod-3171,5164
5744,create,paib-gpu/openb-pod-3474,5165
5745,create,paib-gpu/openb-pod-6465,5166
5746,create,paib-gpu/openb-pod-3205,5167
5747,create,paib-gpu/openb-pod-7879,5168
5748,create,paib-gpu/openb-pod-3366,5169
5749,create,paib-gpu/openb-pod-3970,5170
5750,create,paib-gpu/openb-pod-1178,5171
5751,failed,paib-gpu/openb-pod-2108,5171
5752,create,paib-gpu/openb-pod-4705,5172
5753,create,paib-gpu/openb-pod-2122,5173
5754,create,paib-gpu/openb-pod-1715,5174
5755,create,paib-gpu/openb-pod-5919,5175
5756,create,paib-gpu/openb-pod-1306,5176
5757,create,paib-gpu/openb-pod-7109,5177
5758,create,paib-gpu/openb-pod-6964,5178
5759,create,paib-gpu/openb-pod-7820,5179
5760,create,paib-gpu/openb-pod-6459,5180
5761,create,paib-gpu/openb-pod-1298,5181
5762,create,paib-gpu/openb-pod-0522,5182
5763,create,paib-gpu/openb-pod-7539,5183
5764,create,paib-gpu/openb-pod-0519,5184
5765,create,paib-gpu/openb-pod-1274,5185
5766,create,paib-gpu/openb-pod-4367,5186
5767,create,paib-gpu/openb-pod-4854,5187
5768,create,paib-gpu/openb-pod-6019,5188
5769,create,paib-gpu/openb-pod-3895,5189
5770,create,paib-gpu/openb-pod-7323,5190
5771,create,paib-gpu/openb-pod-6276,5191
5772,create,paib-gpu/openb-pod-4077,5192
5773,failed,paib-gpu/openb-pod-1653,5192
5774,create,paib-gpu/openb-pod-5157,5193
5775,create,paib-gpu/openb-pod-7632,5194
5776,create,paib-gpu/openb-pod-0601,5195
5777,create,paib-gpu/openb-pod-0237,5196
5778,create,paib-gpu/openb-pod-2008,5197
5779,create,paib-gpu/openb-pod-5136,5198
5780,create,paib-gpu/openb-pod-5025,5199
5781,create,paib-gpu/openb-pod-2208,5200
5782,failed,paib-gpu/openb-pod-2354,5200
5783,create,paib-gpu/openb-pod-2956,5201
5784,failed,paib-gpu/openb-pod-5498,5201
5785,create,paib-gpu/openb-pod-0310,5202
5786,create,paib-gpu/openb-pod-1094,5203
5787,create,paib-gpu/openb-pod-1049,5204
5788,create,paib-gpu/openb-pod-7352,5205
5789,create,paib-gpu/openb-pod-6653,5206
5790,failed,paib-gpu/openb-pod-2936,5206
5791,failed,paib-gpu/openb-pod-7278,5206
5792,create,paib-gpu/openb-pod-3839,5207
5793,create,paib-gpu/openb-pod-1967,5208
5794,create,paib-gpu/openb-pod-2048,5209
5795,create,paib-gpu/openb-pod-0277,5210
5796,create,paib-gpu/openb-pod-1044,5211
5797,create,paib-gpu/openb-pod-1513,5212
5798,create,paib-gpu/openb-pod-7111,5213
5799,create,paib-gpu/openb-pod-7471,5214
5800,create,paib-gpu/openb-pod-0209,5215
5801,create,paib-gpu/openb-pod-5350,5216
5802,create,paib-gpu/openb-pod-2763,5217
5803,create,paib-gpu/openb-pod-6263,5218
5804,create,paib-gpu/openb-pod-0635,5219
5805,create,paib-gpu/openb-pod-7549,5220
5806,create,paib-gpu/openb-pod-0457,5221
5807,create,paib-gpu/openb-pod-2845,5222
5808,create,paib-gpu/openb-pod-8075,5223
5809,create,paib-gpu/openb-pod-8019,5224
5810,create,paib-gpu/openb-pod-8148,5225
5811,create,paib-gpu/openb-pod-1464,5226
5812,create,paib-gpu/openb-pod-5949,5227
5813,create,paib-gpu/openb-pod-2111,5228
5814,create,paib-gpu/openb-pod-0870,5229
5815,create,paib-gpu/openb-pod-0572,5230
5816,failed,paib-gpu/openb-pod-0703,5230
5817,create,paib-gpu/openb-pod-1742,5231
5818,create,paib-gpu/openb-pod-5540,5232
5819,create,paib-gpu/openb-pod-6464,5233
5820,create,paib-gpu/openb-pod-2286,5234
5821,create,paib-gpu/openb-pod-5333,5235
5822,create,paib-gpu/openb-pod-3949,5236
5823,create,paib-gpu/openb-pod-5188,5237
5824,failed,paib-gpu/openb-pod-4283,5237
5825,failed,paib-gpu/openb-pod-6556,5237
5826,create,paib-gpu/openb-pod-4822,5238
5827,create,paib-gpu/openb-pod-5221,5239
5828,create,paib-gpu/openb-pod-6479,5240
5829,create,paib-gpu/openb-pod-4478,5241
5830,create,paib-gpu/openb-pod-0390,5242
5831,create,paib-gpu/openb-pod-2502,5243
5832,create,paib-gpu/openb-pod-6492,5244
5833,create,paib-gpu/openb-pod-0278,5245
5834,create,paib-gpu/openb-pod-1869,5246
5835,create,paib-gpu/openb-pod-0376,5247
5836,failed,paib-gpu/openb-pod-5312,5247
5837,create,paib-gpu/openb-pod-1440,5248
5838,create,paib-gpu/openb-pod-2439,5249
5839,create,paib-gpu/openb-pod-0523,5250
5840,create,paib-gpu/openb-pod-0959,5251
5841,create,paib-gpu/openb-pod-2887,5252
5842,create,paib-gpu/openb-pod-4152,5253
5843,create,paib-gpu/openb-pod-5814,5254
5844,create,paib-gpu/openb-pod-7784,5255
5845,create,paib-gpu/openb-pod-7737,5256
5846,create,paib-gpu/openb-pod-2934,5257
5847,failed,paib-gpu/openb-pod-3772,5257
5848,create,paib-gpu/openb-pod-7968,5258
5849,create,paib-gpu/openb-pod-6741,5259
5850,create,paib-gpu/openb-pod-4312,5260
5851,create,paib-gpu/openb-pod-3134,5261
5852,create,paib-gpu/openb-pod-4856,5262
5853,create,paib-gpu/openb-pod-2302,5263
5854,failed,paib-gpu/openb-pod-2794,5263
5855,create,paib-gpu/openb-pod-3783,5264
5856,create,paib-gpu/openb-pod-2339,5265
5857,create,paib-gpu/openb-pod-6403,5266
5858,create,paib-gpu/openb-pod-4942,5267
5859,create,paib-gpu/openb-pod-5138,5268
5860,failed,paib-gpu/openb-pod-2885,5268
5861,create,paib-gpu/openb-pod-5938,5269
5862,create,paib-gpu/openb-pod-6794,5270
5863,create,paib-gpu/openb-pod-6023,5271
5864,create,paib-gpu/openb-pod-3829,5272
5865,create,paib-gpu/openb-pod-0748,5273
5866,create,paib-gpu/openb-pod-0716,5274
5867,create,paib-gpu/openb-pod-5612,5275
5868,create,paib-gpu/openb-pod-8044,5276
5869,create,paib-gpu/openb-pod-2073,5277
5870,create,paib-gpu/openb-pod-5259,5278
5871,create,paib-gpu/openb-pod-1871,5279
5872,create,paib-gpu/openb-pod-6779,5280
5873,create,paib-gpu/openb-pod-7858,5281
5874,create,paib-gpu/openb-pod-4797,5282
5875,create,paib-gpu/openb-pod-3779,5283
5876,create,paib-gpu/openb-pod-7560,5284
5877,create,paib-gpu/openb-pod-5661,5285
5878,create,paib-gpu/openb-pod-8127,5286
5879,create,paib-gpu/openb-pod-6440,5287
5880,create,paib-gpu/openb-pod-2311,5288
5881,create,paib-gpu/openb-pod-4701,5289
5882,create,paib-gpu/openb-pod-7528,5290
5883,failed,paib-gpu/openb-pod-5061,5290
5884,create,paib-gpu/openb-pod-6848,5291
5885,create,paib-gpu/openb-pod-1184,5292
5886,create,paib-gpu/openb-pod-7524,5293
5887,create,paib-gpu/openb-pod-8105,5294
5888,failed,paib-gpu/openb-pod-7392,5294
5889,create,paib-gpu/openb-pod-5781,5295
5890,create,paib-gpu/openb-pod-6243,5296
5891,failed,paib-gpu/openb-pod-2144,5296
5892,create,paib-gpu/openb-pod-5550,5297
5893,create,paib-gpu/openb-pod-7285,5298
5894,failed,paib-gpu/openb-pod-4450,5298
5895,create,paib-gpu/openb-pod-5682,5299
5896,create,paib-gpu/openb-pod-2145,5300
5897,create,paib-gpu/openb-pod-0063,5301
5898,create,paib-gpu/openb-pod-7860,5302
5899,failed,paib-gpu/openb-pod-5480,5302
5900,create,paib-gpu/openb-pod-3808,5303
5901,create,paib-gpu/openb-pod-3187,5304
5902,create,paib-gpu/openb-pod-1053,5305
5903,failed,paib-gpu/openb-pod-2811,5305
5904,failed,paib-gpu/openb-pod-4815,5305
5905,failed,paib-gpu/openb-pod-7341,5305
5906,create,paib-gpu/openb-pod-7072,5306
5907,create,paib-gpu/openb-pod-6071,5307
5908,create,paib-gpu/openb-pod-1641,5308
5909,create,paib-gpu/openb-pod-2920,5309
5910,create,paib-gpu/openb-pod-4307,5310
5911,create,paib-gpu/openb-pod-1504,5311
5912,failed,paib-gpu/openb-pod-2604,5311
5913,create,paib-gpu/openb-pod-7655,5312
5914,failed,paib-gpu/openb-pod-1771,5312
5915,create,paib-gpu/openb-pod-4026,5313
5916,create,paib-gpu/openb-pod-4056,5314
5917,failed,paib-gpu/openb-pod-4690,5314
5918,failed,paib-gpu/openb-pod-8074,5314
5919,failed,paib-gpu/openb-pod-7114,5314
5920,create,paib-gpu/openb-pod-0325,5315
5921,failed,paib-gpu/openb-pod-2536,5315
5922,create,paib-gpu/openb-pod-1236,5316
5923,create,paib-gpu/openb-pod-5950,5317
5924,create,paib-gpu/openb-pod-3316,5318
5925,create,paib-gpu/openb-pod-2851,5319
5926,create,paib-gpu/openb-pod-2834,5320
5927,create,paib-gpu/openb-pod-6239,5321
5928,create,paib-gpu/openb-pod-3916,5322
5929,create,paib-gpu/openb-pod-4223,5323
5930,create,paib-gpu/openb-pod-5176,5324
5931,create,paib-gpu/openb-pod-1032,5325
5932,create,paib-gpu/openb-pod-7697,5326
5933,create,paib-gpu/openb-pod-2376,5327
5934,create,paib-gpu/openb-pod-2021,5328
5935,create,paib-gpu/openb-pod-0648,5329
5936,create,paib-gpu/openb-pod-5948,5330
5937,create,paib-gpu/openb-pod-5151,5331
5938,create,paib-gpu/openb-pod-4200,5332
5939,create,paib-gpu/openb-pod-3617,5333
5940,create,paib-gpu/openb-pod-6430,5334
5941,create,paib-gpu/openb-pod-6266,5335
5942,create,paib-gpu/openb-pod-6954,5336
5943,create,paib-gpu/openb-pod-4067,5337
5944,failed,paib-gpu/openb-pod-3527,5337
5945,create,paib-gpu/openb-pod-6839,5338
5946,create,paib-gpu/openb-pod-4147,5339
5947,failed,paib-gpu/openb-pod-2668,5339
5948,create,paib-gpu/openb-pod-0781,5340
5949,create,paib-gpu/openb-pod-4589,5341
5950,create,paib-gpu/openb-pod-0183,5342
5951,create,paib-gpu/openb-pod-1346,5343
5952,create,paib-gpu/openb-pod-5563,5344
5953,create,paib-gpu/openb-pod-1887,5345
5954,failed,paib-gpu/openb-pod-5065,5345
5955,create,paib-gpu/openb-pod-5922,5346
5956,create,paib-gpu/openb-pod-4203,5347
5957,create,paib-gpu/openb-pod-7953,5348
5958,create,paib-gpu/openb-pod-7866,5349
5959,create,paib-gpu/openb-pod-5060,5350
5960,create,paib-gpu/openb-pod-4313,5351
5961,create,paib-gpu/openb-pod-4250,5352
5962,failed,paib-gpu/openb-pod-8039,5352
5963,create,paib-gpu/openb-pod-4168,5353
5964,create,paib-gpu/openb-pod-6966,5354
5965,create,paib-gpu/openb-pod-4662,5355
5966,create,paib-gpu/openb-pod-6304,5356
5967,failed,paib-gpu/openb-pod-7592,5356
5968,failed,paib-gpu/openb-pod-1478,5356
5969,create,paib-gpu/openb-pod-4022,5357
5970,failed,paib-gpu/openb-pod-3917,5357
5971,create,paib-gpu/openb-pod-2726,5358
5972,failed,paib-gpu/openb-pod-0132,5358
5973,create,paib-gpu/openb-pod-4388,5359
5974,create,paib-gpu/openb-pod-6279,5360
5975,create,paib-gpu/openb-pod-4481,5361
5976,create,paib-gpu/openb-pod-5366,5362
5977,create,paib-gpu/openb-pod-3870,5363
5978,create,paib-gpu/openb-pod-2902,5364
5979,create,paib-gpu/openb-pod-3423,5365
5980,failed,paib-gpu/openb-pod-0845,5365
5981,create,paib-gpu/openb-pod-0840,5366
5982,create,paib-gpu/openb-pod-1179,5367
5983,create,paib-gpu/openb-pod-6820,5368
5984,create,paib-gpu/openb-pod-4075,5369
5985,create,paib-gpu/openb-pod-6320,5370
5986,create,paib-gpu/openb-pod-7132,5371
5987,create,paib-gpu/openb-pod-4568,5372
5988,create,paib-gpu/openb-pod-5293,5373
5989,create,paib-gpu/openb-pod-6224,5374
5990,create,paib-gpu/openb-pod-6498,5375
5991,create,paib-gpu/openb-pod-5963,5376
5992,create,paib-gpu/openb-pod-2323,5377
5993,failed,paib-gpu/openb-pod-0204,5377
5994,create,paib-gpu/openb-pod-1626,5378
5995,create,paib-gpu/openb-pod-3828,5379
5996,create,paib-gpu/openb-pod-3574,5380
5997,failed,paib-gpu/openb-pod-7351,5380
5998,failed,paib-gpu/openb-pod-8025,5380
5999,create,paib-gpu/openb-pod-1979,5381
6000,create,paib-gpu/openb-pod-2417,5382
6001,create,paib-gpu/openb-pod-2586,5383
6002,create,paib-gpu/openb-pod-2102,5384
6003,create,paib-gpu/openb-pod-7482,5385
6004,create,paib-gpu/openb-pod-3028,5386
6005,create,paib-gpu/openb-pod-7623,5387
6006,create,paib-gpu/openb-pod-6932,5388
6007,create,paib-gpu/openb-pod-6262,5389
6008,create,paib-gpu/openb-pod-6457,5390
6009,create,paib-gpu/openb-pod-2921,5391
6010,failed,paib-gpu/openb-pod-4944,5391
6011,create,paib-gpu/openb-pod-3708,5392
6012,create,paib-gpu/openb-pod-0550,5393
6013,create,paib-gpu/openb-pod-5041,5394
6014,failed,paib-gpu/openb-pod-7224,5394
6015,create,paib-gpu/openb-pod-3259,5395
6016,create,paib-gpu/openb-pod-6384,5396
6017,create,paib-gpu/openb-pod-3529,5397
6018,create,paib-gpu/openb-pod-2315,5398
6019,create,paib-gpu/openb-pod-4658,5399
6020,failed,paib-gpu/openb-pod-7755,5399
6021,create,paib-gpu/openb-pod-5175,5400
6022,create,paib-gpu/openb-pod-4969,5401
6023,create,paib-gpu/openb-pod-6483,5402
6024,failed,paib-gpu/openb-pod-5789,5402
6025,create,paib-gpu/openb-pod-3868,5403
6026,create,paib-gpu/openb-pod-4629,5404
6027,failed,paib-gpu/openb-pod-1683,5404
6028,failed,paib-gpu/openb-pod-2177,5404
6029,failed,paib-gpu/openb-pod-1155,5404
6030,create,paib-gpu/openb-pod-1461,5405
6031,create,paib-gpu/openb-pod-4228,5406
6032,failed,paib-gpu/openb-pod-1931,5406
6033,create,paib-gpu/openb-pod-0049,5407
6034,failed,paib-gpu/openb-pod-6749,5407
6035,create,paib-gpu/openb-pod-5165,5408
6036,failed,paib-gpu/openb-pod-0449,5408
6037,create,paib-gpu/openb-pod-2576,5409
6038,create,paib-gpu/openb-pod-3248,5410
6039,create,paib-gpu/openb-pod-1700,5411
6040,create,paib-gpu/openb-pod-6416,5412
6041,create,paib-gpu/openb-pod-4309,5413
6042,create,paib-gpu/openb-pod-7495,5414
6043,create,paib-gpu/openb-pod-4188,5415
6044,create,paib-gpu/openb-pod-6179,5416
6045,failed,paib-gpu/openb-pod-6020,5416
6046,create,paib-gpu/openb-pod-3871,5417
6047,create,paib-gpu/openb-pod-3006,5418
6048,failed,paib-gpu/openb-pod-5335,5418
6049,create,paib-gpu/openb-pod-3569,5419
6050,create,paib-gpu/openb-pod-5063,5420
6051,failed,paib-gpu/openb-pod-0091,5420
6052,create,paib-gpu/openb-pod-4331,5421
6053,create,paib-gpu/openb-pod-7932,5422
6054,create,paib-gpu/openb-pod-5816,5423
6055,create,paib-gpu/openb-pod-7358,5424
6056,create,paib-gpu/openb-pod-4842,5425
6057,create,paib-gpu/openb-pod-6366,5426
6058,create,paib-gpu/openb-pod-5536,5427
6059,failed,paib-gpu/openb-pod-0563,5427
6060,create,paib-gpu/openb-pod-7593,5428
6061,create,paib-gpu/openb-pod-5840,5429
6062,failed,paib-gpu/openb-pod-1942,5429
6063,failed,paib-gpu/openb-pod-5996,5429
6064,create,paib-gpu/openb-pod-2438,5430
6065,create,paib-gpu/openb-pod-5405,5431
6066,create,paib-gpu/openb-pod-2317,5432
6067,create,paib-gpu/openb-pod-3046,5433
6068,create,paib-gpu/openb-pod-3751,5434
6069,create,paib-gpu/openb-pod-0846,5435
6070,create,paib-gpu/openb-pod-4010,5436
6071,create,paib-gpu/openb-pod-0330,5437
6072,create,paib-gpu/openb-pod-2018,5438
6073,create,paib-gpu/openb-pod-3200,5439
6074,create,paib-gpu/openb-pod-6775,5440
6075,create,paib-gpu/openb-pod-3672,5441
6076,create,paib-gpu/openb-pod-2275,5442
6077,create,paib-gpu/openb-pod-3323,5443
6078,create,paib-gpu/openb-pod-5783,5444
6079,create,paib-gpu/openb-pod-5046,5445
6080,create,paib-gpu/openb-pod-5071,5446
6081,create,paib-gpu/openb-pod-1286,5447
6082,create,paib-gpu/openb-pod-5508,5448
6083,create,paib-gpu/openb-pod-1884,5449
6084,create,paib-gpu/openb-pod-7878,5450
6085,create,paib-gpu/openb-pod-7151,5451
6086,create,paib-gpu/openb-pod-5086,5452
6087,create,paib-gpu/openb-pod-5691,5453
6088,create,paib-gpu/openb-pod-5742,5454
6089,create,paib-gpu/openb-pod-3486,5455
6090,create,paib-gpu/openb-pod-5873,5456
6091,create,paib-gpu/openb-pod-0739,5457
6092,create,paib-gpu/openb-pod-6360,5458
6093,create,paib-gpu/openb-pod-5266,5459
6094,create,paib-gpu/openb-pod-1670,5460
6095,create,paib-gpu/openb-pod-5951,5461
6096,create,paib-gpu/openb-pod-2914,5462
6097,failed,paib-gpu/openb-pod-5045,5462
6098,create,paib-gpu/openb-pod-6636,5463
6099,create,paib-gpu/openb-pod-3338,5464
6100,create,paib-gpu/openb-pod-1911,5465
6101,create,paib-gpu/openb-pod-7983,5466
6102,create,paib-gpu/openb-pod-4054,5467
6103,create,paib-gpu/openb-pod-6333,5468
6104,failed,paib-gpu/openb-pod-3495,5468
6105,create,paib-gpu/openb-pod-4089,5469
6106,create,paib-gpu/openb-pod-2512,5470
6107,create,paib-gpu/openb-pod-0348,5471
6108,create,paib-gpu/openb-pod-2755,5472
6109,create,paib-gpu/openb-pod-5579,5473
6110,create,paib-gpu/openb-pod-4149,5474
6111,create,paib-gpu/openb-pod-1651,5475
6112,create,paib-gpu/openb-pod-5971,5476
6113,create,paib-gpu/openb-pod-0217,5477
6114,create,paib-gpu/openb-pod-4397,5478
6115,create,paib-gpu/openb-pod-7523,5479
6116,create,paib-gpu/openb-pod-7622,5480
6117,create,paib-gpu/openb-pod-4890,5481
6118,create,paib-gpu/openb-pod-7618,5482
6119,create,paib-gpu/openb-pod-6454,5483
6120,failed,paib-gpu/openb-pod-0509,5483
6121,create,paib-gpu/openb-pod-3619,5484
6122,failed,paib-gpu/openb-pod-7624,5484
6123,create,paib-gpu/openb-pod-6970,5485
6124,create,paib-gpu/openb-pod-7162,5486
6125,create,paib-gpu/openb-pod-2648,5487
6126,create,paib-gpu/openb-pod-2739,5488
6127,create,paib-gpu/openb-pod-4079,5489
6128,create,paib-gpu/openb-pod-2011,5490
6129,create,paib-gpu/openb-pod-5520,5491
6130,create,paib-gpu/openb-pod-5590,5492
6131,create,paib-gpu/openb-pod-0307,5493
6132,create,paib-gpu/openb-pod-1325,5494
6133,create,paib-gpu/openb-pod-1501,5495
6134,failed,paib-gpu/openb-pod-2156,5495
6135,create,paib-gpu/openb-pod-1968,5496
6136,create,paib-gpu/openb-pod-1932,5497
6137,create,paib-gpu/openb-pod-2192,5498
6138,create,paib-gpu/openb-pod-1882,5499
6139,create,paib-gpu/openb-pod-3943,5500
6140,create,paib-gpu/openb-pod-4710,5501
6141,create,paib-gpu/openb-pod-5392,5502
6142,create,paib-gpu/openb-pod-1198,5503
6143,create,paib-gpu/openb-pod-0977,5504
6144,create,paib-gpu/openb-pod-0228,5505
6145,failed,paib-gpu/openb-pod-5891,5505
6146,failed,paib-gpu/openb-pod-5268,5505
6147,failed,paib-gpu/openb-pod-4456,5505
6148,create,paib-gpu/openb-pod-1506,5506
6149,create,paib-gpu/openb-pod-2420,5507
6150,create,paib-gpu/openb-pod-2167,5508
6151,create,paib-gpu/openb-pod-3524,5509
6152,create,paib-gpu/openb-pod-3460,5510
6153,create,paib-gpu/openb-pod-0672,5511
6154,create,paib-gpu/openb-pod-6103,5512
6155,create,paib-gpu/openb-pod-3994,5513
6156,create,paib-gpu/openb-pod-6035,5514
6157,create,paib-gpu/openb-pod-3953,5515
6158,create,paib-gpu/openb-pod-0048,5516
6159,create,paib-gpu/openb-pod-2007,5517
6160,create,paib-gpu/openb-pod-6651,5518
6161,create,paib-gpu/openb-pod-1497,5519
6162,create,paib-gpu/openb-pod-5625,5520
6163,failed,paib-gpu/openb-pod-2723,5520
6164,failed,paib-gpu/openb-pod-5032,5520
6165,create,paib-gpu/openb-pod-3188,5521
6166,create,paib-gpu/openb-pod-4327,5522
6167,create,paib-gpu/openb-pod-5670,5523
6168,create,paib-gpu/openb-pod-1739,5524
6169,create,paib-gpu/openb-pod-0502,5525
6170,create,paib-gpu/openb-pod-0093,5526
6171,create,paib-gpu/openb-pod-8055,5527
6172,create,paib-gpu/openb-pod-4349,5528
6173,failed,paib-gpu/openb-pod-7636,5528
6174,create,paib-gpu/openb-pod-0514,5529
6175,create,paib-gpu/openb-pod-0088,5530
6176,create,paib-gpu/openb-pod-3765,5531
6177,create,paib-gpu/openb-pod-2220,5532
6178,create,paib-gpu/openb-pod-5076,5533
6179,failed,paib-gpu/openb-pod-5511,5533
6180,create,paib-gpu/openb-pod-3478,5534
6181,create,paib-gpu/openb-pod-4720,5535
6182,create,paib-gpu/openb-pod-4899,5536
6183,failed,paib-gpu/openb-pod-8118,5536
6184,create,paib-gpu/openb-pod-4244,5537
6185,create,paib-gpu/openb-pod-5358,5538
6186,create,paib-gpu/openb-pod-4386,5539
6187,create,paib-gpu/openb-pod-5191,5540
6188,create,paib-gpu/openb-pod-4753,5541
6189,create,paib-gpu/openb-pod-2423,5542
6190,create,paib-gpu/openb-pod-4653,5543
6191,create,paib-gpu/openb-pod-5351,5544
6192,create,paib-gpu/openb-pod-1375,5545
6193,create,paib-gpu/openb-pod-1539,5546
6194,create,paib-gpu/openb-pod-7742,5547
6195,create,paib-gpu/openb-pod-6921,5548
6196,failed,paib-gpu/openb-pod-7543,5548
6197,create,paib-gpu/openb-pod-3420,5549
6198,create,paib-gpu/openb-pod-3480,5550
6199,create,paib-gpu/openb-pod-4502,5551
6200,create,paib-gpu/openb-pod-1046,5552
6201,create,paib-gpu/openb-pod-3047,5553
6202,create,paib-gpu/openb-pod-6447,5554
6203,create,paib-gpu/openb-pod-4866,5555
6204,create,paib-gpu/openb-pod-4646,5556
6205,create,paib-gpu/openb-pod-2234,5557
6206,create,paib-gpu/openb-pod-7272,5558
6207,create,paib-gpu/openb-pod-6578,5559
6208,create,paib-gpu/openb-pod-1470,5560
6209,create,paib-gpu/openb-pod-5516,5561
6210,create,paib-gpu/openb-pod-5818,5562
6211,create,paib-gpu/openb-pod-7696,5563
6212,create,paib-gpu/openb-pod-6159,5564
6213,failed,paib-gpu/openb-pod-3757,5564
6214,create,paib-gpu/openb-pod-6313,5565
6215,create,paib-gpu/openb-pod-6125,5566
6216,failed,paib-gpu/openb-pod-0877,5566
6217,create,paib-gpu/openb-pod-8028,5567
6218,create,paib-gpu/openb-pod-2778,5568
6219,create,paib-gpu/openb-pod-1277,5569
6220,create,paib-gpu/openb-pod-5189,5570
6221,create,paib-gpu/openb-pod-2313,5571
6222,create,paib-gpu/openb-pod-4999,5572
6223,create,paib-gpu/openb-pod-7104,5573
6224,create,paib-gpu/openb-pod-2213,5574
6225,failed,paib-gpu/openb-pod-3946,5574
6226,create,paib-gpu/openb-pod-6648,5575
6227,create,paib-gpu/openb-pod-2468,5576
6228,failed,paib-gpu/openb-pod-7739,5576
6229,create,paib-gpu/openb-pod-6645,5577
6230,failed,paib-gpu/openb-pod-7875,5577
6231,create,paib-gpu/openb-pod-4755,5578
6232,create,paib-gpu/openb-pod-7743,5579
6233,failed,paib-gpu/openb-pod-3092,5579
6234,create,paib-gpu/openb-pod-7704,5580
6235,create,paib-gpu/openb-pod-0642,5581
6236,create,paib-gpu/openb-pod-5402,5582
6237,failed,paib-gpu/openb-pod-1582,5582
6238,create,paib-gpu/openb-pod-3877,5583
6239,create,paib-gpu/openb-pod-6322,5584
6240,failed,paib-gpu/openb-pod-1104,5584
6241,create,paib-gpu/openb-pod-1555,5585
6242,create,paib-gpu/openb-pod-1907,5586
6243,create,paib-gpu/openb-pod-5561,5587
6244,failed,paib-gpu/openb-pod-2864,5587
6245,create,paib-gpu/openb-pod-5555,5588
6246,create,paib-gpu/openb-pod-1623,5589
6247,create,paib-gpu/openb-pod-1308,5590
6248,create,paib-gpu/openb-pod-4428,5591
6249,create,paib-gpu/openb-pod-1529,5592
6250,failed,paib-gpu/openb-pod-2917,5592
6251,create,paib-gpu/openb-pod-6523,5593
6252,create,paib-gpu/openb-pod-1963,5594
6253,create,paib-gpu/openb-pod-0192,5595
6254,failed,paib-gpu/openb-pod-7127,5595
6255,create,paib-gpu/openb-pod-3892,5596
6256,create,paib-gpu/openb-pod-5183,5597
6257,create,paib-gpu/openb-pod-4282,5598
6258,create,paib-gpu/openb-pod-0005,5599
6259,create,paib-gpu/openb-pod-7862,5600
6260,create,paib-gpu/openb-pod-1977,5601
6261,create,paib-gpu/openb-pod-6462,5602
6262,failed,paib-gpu/openb-pod-6486,5602
6263,create,paib-gpu/openb-pod-2267,5603
6264,create,paib-gpu/openb-pod-5345,5604
6265,create,paib-gpu/openb-pod-3530,5605
6266,failed,paib-gpu/openb-pod-0353,5605
6267,create,paib-gpu/openb-pod-7648,5606
6268,create,paib-gpu/openb-pod-3867,5607
6269,create,paib-gpu/openb-pod-1526,5608
6270,create,paib-gpu/openb-pod-1961,5609
6271,create,paib-gpu/openb-pod-4847,5610
6272,create,paib-gpu/openb-pod-7018,5611
6273,create,paib-gpu/openb-pod-6307,5612
6274,create,paib-gpu/openb-pod-6786,5613
6275,create,paib-gpu/openb-pod-5708,5614
6276,failed,paib-gpu/openb-pod-7961,5614
6277,create,paib-gpu/openb-pod-5571,5615
6278,create,paib-gpu/openb-pod-0899,5616
6279,create,paib-gpu/openb-pod-6906,5617
6280,create,paib-gpu/openb-pod-4460,5618
6281,failed,paib-gpu/openb-pod-3545,5618
6282,create,paib-gpu/openb-pod-1943,5619
6283,create,paib-gpu/openb-pod-7029,5620
6284,create,paib-gpu/openb-pod-7069,5621
6285,create,paib-gpu/openb-pod-0317,5622
6286,create,paib-gpu/openb-pod-5273,5623
6287,create,paib-gpu/openb-pod-1028,5624
6288,create,paib-gpu/openb-pod-2919,5625
6289,create,paib-gpu/openb-pod-5697,5626
6290,create,paib-gpu/openb-pod-2935,5627
6291,create,paib-gpu/openb-pod-4574,5628
6292,create,paib-gpu/openb-pod-5456,5629
6293,create,paib-gpu/openb-pod-7342,5630
6294,create,paib-gpu/openb-pod-2456,5631
6295,create,paib-gpu/openb-pod-1063,5632
6296,create,paib-gpu/openb-pod-1536,5633
6297,create,paib-gpu/openb-pod-2440,5634
6298,create,paib-gpu/openb-pod-1454,5635
6299,create,paib-gpu/openb-pod-6935,5636
6300,create,paib-gpu/openb-pod-4072,5637
6301,create,paib-gpu/openb-pod-5654,5638
6302,create,paib-gpu/openb-pod-7276,5639
6303,create,paib-gpu/openb-pod-3111,5640
6304,create,paib-gpu/openb-pod-4191,5641
6305,create,paib-gpu/openb-pod-1384,5642
6306,create,paib-gpu/openb-pod-7619,5643
6307,create,paib-gpu/openb-pod-3896,5644
6308,failed,paib-gpu/openb-pod-0148,5644
6309,create,paib-gpu/openb-pod-1469,5645
6310,create,paib-gpu/openb-pod-1639,5646
6311,create,paib-gpu/openb-pod-6829,5647
6312,create,paib-gpu/openb-pod-3138,5648
6313,create,paib-gpu/openb-pod-1313,5649
6314,create,paib-gpu/openb-pod-5368,5650
6315,create,paib-gpu/openb-pod-6198,5651
6316,failed,paib-gpu/openb-pod-1079,5651
6317,create,paib-gpu/openb-pod-2347,5652
6318,create,paib-gpu/openb-pod-3069,5653
6319,create,paib-gpu/openb-pod-8070,5654
6320,create,paib-gpu/openb-pod-8120,5655
6321,create,paib-gpu/openb-pod-1468,5656
6322,create,paib-gpu/openb-pod-0066,5657
6323,create,paib-gpu/openb-pod-7513,5658
6324,create,paib-gpu/openb-pod-7404,5659
6325,create,paib-gpu/openb-pod-2575,5660
6326,failed,paib-gpu/openb-pod-5403,5660
6327,create,paib-gpu/openb-pod-0374,5661
6328,create,paib-gpu/openb-pod-4454,5662
6329,failed,paib-gpu/openb-pod-7360,5662
6330,failed,paib-gpu/openb-pod-7139,5662
6331,create,paib-gpu/openb-pod-3433,5663
6332,failed,paib-gpu/openb-pod-0659,5663
6333,create,paib-gpu/openb-pod-1062,5664
6334,create,paib-gpu/openb-pod-6429,5665
6335,create,paib-gpu/openb-pod-0867,5666
6336,create,paib-gpu/openb-pod-2221,5667
6337,create,paib-gpu/openb-pod-6604,5668
6338,create,paib-gpu/openb-pod-0762,5669
6339,create,paib-gpu/openb-pod-7145,5670
6340,create,paib-gpu/openb-pod-6026,5671
6341,create,paib-gpu/openb-pod-1097,5672
6342,create,paib-gpu/openb-pod-3319,5673
6343,create,paib-gpu/openb-pod-7419,5674
6344,create,paib-gpu/openb-pod-6894,5675
6345,create,paib-gpu/openb-pod-5506,5676
6346,create,paib-gpu/openb-pod-0230,5677
6347,failed,paib-gpu/openb-pod-5864,5677
6348,create,paib-gpu/openb-pod-0296,5678
6349,create,paib-gpu/openb-pod-5105,5679
6350,create,paib-gpu/openb-pod-2130,5680
6351,create,paib-gpu/openb-pod-0116,5681
6352,failed,paib-gpu/openb-pod-7269,5681
6353,create,paib-gpu/openb-pod-6412,5682
6354,create,paib-gpu/openb-pod-1867,5683
6355,failed,paib-gpu/openb-pod-4615,5683
6356,create,paib-gpu/openb-pod-5502,5684
6357,failed,paib-gpu/openb-pod-2331,5684
6358,create,paib-gpu/openb-pod-7681,5685
6359,create,paib-gpu/openb-pod-1118,5686
6360,failed,paib-gpu/openb-pod-3821,5686
6361,create,paib-gpu/openb-pod-0119,5687
6362,create,paib-gpu/openb-pod-4411,5688
6363,create,paib-gpu/openb-pod-0225,5689
6364,create,paib-gpu/openb-pod-3670,5690
6365,create,paib-gpu/openb-pod-1484,5691
6366,create,paib-gpu/openb-pod-7585,5692
6367,create,paib-gpu/openb-pod-2784,5693
6368,create,paib-gpu/openb-pod-5883,5694
6369,create,paib-gpu/openb-pod-1496,5695
6370,create,paib-gpu/openb-pod-4407,5696
6371,create,paib-gpu/openb-pod-4227,5697
6372,create,paib-gpu/openb-pod-4352,5698
6373,create,paib-gpu/openb-pod-3032,5699
6374,create,paib-gpu/openb-pod-2375,5700
6375,create,paib-gpu/openb-pod-0600,5701
6376,create,paib-gpu/openb-pod-3270,5702
6377,failed,paib-gpu/openb-pod-8071,5702
6378,create,paib-gpu/openb-pod-1764,5703
6379,create,paib-gpu/openb-pod-4533,5704
6380,create,paib-gpu/openb-pod-7990,5705
6381,create,paib-gpu/openb-pod-2527,5706
6382,create,paib-gpu/openb-pod-4683,5707
6383,failed,paib-gpu/openb-pod-7344,5707
6384,failed,paib-gpu/openb-pod-1304,5707
6385,create,paib-gpu/openb-pod-2123,5708
6386,create,paib-gpu/openb-pod-6535,5709
6387,create,paib-gpu/openb-pod-7204,5710
6388,create,paib-gpu/openb-pod-2691,5711
6389,create,paib-gpu/openb-pod-0612,5712
6390,create,paib-gpu/openb-pod-6573,5713
6391,create,paib-gpu/openb-pod-1231,5714
6392,create,paib-gpu/openb-pod-0894,5715
6393,failed,paib-gpu/openb-pod-0614,5715
6394,create,paib-gpu/openb-pod-6112,5716
6395,create,paib-gpu/openb-pod-3422,5717
6396,create,paib-gpu/openb-pod-0094,5718
6397,create,paib-gpu/openb-pod-3315,5719
6398,create,paib-gpu/openb-pod-0098,5720
6399,failed,paib-gpu/openb-pod-4939,5720
6400,create,paib-gpu/openb-pod-6129,5721
6401,create,paib-gpu/openb-pod-5450,5722
6402,create,paib-gpu/openb-pod-2751,5723
6403,create,paib-gpu/openb-pod-0260,5724
6404,create,paib-gpu/openb-pod-3846,5725
6405,failed,paib-gpu/openb-pod-0639,5725
6406,create,paib-gpu/openb-pod-7767,5726
6407,failed,paib-gpu/openb-pod-6497,5726
6408,create,paib-gpu/openb-pod-5778,5727
6409,failed,paib-gpu/openb-pod-5589,5727
6410,create,paib-gpu/openb-pod-0104,5728
6411,failed,paib-gpu/openb-pod-3608,5728
6412,create,paib-gpu/openb-pod-4981,5729
6413,failed,paib-gpu/openb-pod-1595,5729
6414,create,paib-gpu/openb-pod-4208,5730
6415,create,paib-gpu/openb-pod-5937,5731
6416,create,paib-gpu/openb-pod-2832,5732
6417,create,paib-gpu/openb-pod-4824,5733
6418,create,paib-gpu/openb-pod-6110,5734
6419,failed,paib-gpu/openb-pod-5658,5734
6420,create,paib-gpu/openb-pod-3386,5735
6421,create,paib-gpu/openb-pod-1380,5736
6422,create,paib-gpu/openb-pod-0998,5737
6423,create,paib-gpu/openb-pod-3522,5738
6424,create,paib-gpu/openb-pod-2153,5739
6425,failed,paib-gpu/openb-pod-5338,5739
6426,failed,paib-gpu/openb-pod-3342,5739
6427,failed,paib-gpu/openb-pod-3397,5739
6428,failed,paib-gpu/openb-pod-4127,5739
6429,create,paib-gpu/openb-pod-4512,5740
6430,create,paib-gpu/openb-pod-2655,5741
6431,create,paib-gpu/openb-pod-5839,5742
6432,create,paib-gpu/openb-pod-1332,5743
6433,create,paib-gpu/openb-pod-1803,5744
6434,create,paib-gpu/openb-pod-3749,5745
6435,create,paib-gpu/openb-pod-0473,5746
6436,create,paib-gpu/openb-pod-0668,5747
6437,create,paib-gpu/openb-pod-5748,5748
6438,create,paib-gpu/openb-pod-6547,5749
6439,failed,paib-gpu/openb-pod-7386,5749
6440,create,paib-gpu/openb-pod-4098,5750
6441,create,paib-gpu/openb-pod-1696,5751
6442,create,paib-gpu/openb-pod-3951,5752
6443,create,paib-gpu/openb-pod-6424,5753
6444,create,paib-gpu/openb-pod-3659,5754
6445,create,paib-gpu/openb-pod-7780,5755
6446,create,paib-gpu/openb-pod-0727,5756
6447,create,paib-gpu/openb-pod-0829,5757
6448,create,paib-gpu/openb-pod-4998,5758
6449,create,paib-gpu/openb-pod-1418,5759
6450,create,paib-gpu/openb-pod-1334,5760
6451,create,paib-gpu/openb-pod-4334,5761
6452,create,paib-gpu/openb-pod-0960,5762
6453,create,paib-gpu/openb-pod-5869,5763
6454,create,paib-gpu/openb-pod-3626,5764
6455,create,paib-gpu/openb-pod-7234,5765
6456,create,paib-gpu/openb-pod-1426,5766
6457,create,paib-gpu/openb-pod-0190,5767
6458,create,paib-gpu/openb-pod-5743,5768
6459,create,paib-gpu/openb-pod-2566,5769
6460,create,paib-gpu/openb-pod-6113,5770
6461,create,paib-gpu/openb-pod-5243,5771
6462,create,paib-gpu/openb-pod-6659,5772
6463,failed,paib-gpu/openb-pod-6553,5772
6464,create,paib-gpu/openb-pod-0857,5773
6465,failed,paib-gpu/openb-pod-5129,5773
6466,create,paib-gpu/openb-pod-4272,5774
6467,create,paib-gpu/openb-pod-1601,5775
6468,create,paib-gpu/openb-pod-2361,5776
6469,failed,paib-gpu/openb-pod-0481,5776
6470,failed,paib-gpu/openb-pod-3534,5776
6471,create,paib-gpu/openb-pod-1913,5777
6472,create,paib-gpu/openb-pod-5313,5778
6473,create,paib-gpu/openb-pod-3106,5779
6474,create,paib-gpu/openb-pod-7382,5780
6475,create,paib-gpu/openb-pod-0569,5781
6476,create,paib-gpu/openb-pod-1024,5782
6477,create,paib-gpu/openb-pod-4772,5783
6478,create,paib-gpu/openb-pod-1824,5784
6479,create,paib-gpu/openb-pod-4436,5785
6480,create,paib-gpu/openb-pod-3309,5786
6481,create,paib-gpu/openb-pod-0594,5787
6482,create,paib-gpu/openb-pod-2581,5788
6483,create,paib-gpu/openb-pod-5049,5789
6484,create,paib-gpu/openb-pod-3960,5790
6485,create,paib-gpu/openb-pod-7510,5791
6486,create,paib-gpu/openb-pod-0872,5792
6487,create,paib-gpu/openb-pod-7062,5793
6488,create,paib-gpu/openb-pod-5241,5794
6489,create,paib-gpu/openb-pod-6747,5795
6490,create,paib-gpu/openb-pod-5711,5796
6491,create,paib-gpu/openb-pod-1544,5797
6492,create,paib-gpu/openb-pod-7625,5798
6493,create,paib-gpu/openb-pod-7921,5799
6494,create,paib-gpu/openb-pod-1072,5800
6495,create,paib-gpu/openb-pod-3034,5801
6496,create,paib-gpu/openb-pod-0446,5802
6497,create,paib-gpu/openb-pod-3263,5803
6498,create,paib-gpu/openb-pod-3559,5804
6499,create,paib-gpu/openb-pod-2760,5805
6500,create,paib-gpu/openb-pod-3884,5806
6501,create,paib-gpu/openb-pod-5432,5807
6502,create,paib-gpu/openb-pod-4433,5808
6503,create,paib-gpu/openb-pod-1836,5809
6504,create,paib-gpu/openb-pod-6475,5810
6505,failed,paib-gpu/openb-pod-2793,5810
6506,create,paib-gpu/openb-pod-6963,5811
6507,create,paib-gpu/openb-pod-5130,5812
6508,failed,paib-gpu/openb-pod-2973,5812
6509,create,paib-gpu/openb-pod-7551,5813
6510,create,paib-gpu/openb-pod-5642,5814
6511,create,paib-gpu/openb-pod-2969,5815
6512,create,paib-gpu/openb-pod-0050,5816
6513,failed,paib-gpu/openb-pod-3385,5816
6514,create,paib-gpu/openb-pod-6735,5817
6515,create,paib-gpu/openb-pod-3350,5818
6516,create,paib-gpu/openb-pod-4573,5819
6517,create,paib-gpu/openb-pod-4148,5820
6518,create,paib-gpu/openb-pod-3703,5821
6519,failed,paib-gpu/openb-pod-3744,5821
6520,create,paib-gpu/openb-pod-3739,5822
6521,create,paib-gpu/openb-pod-3003,5823
6522,create,paib-gpu/openb-pod-5953,5824
6523,create,paib-gpu/openb-pod-6774,5825
6524,failed,paib-gpu/openb-pod-0267,5825
6525,create,paib-gpu/openb-pod-5163,5826
6526,create,paib-gpu/openb-pod-7763,5827
6527,failed,paib-gpu/openb-pod-8143,5827
6528,create,paib-gpu/openb-pod-0035,5828
6529,create,paib-gpu/openb-pod-2499,5829
6530,create,paib-gpu/openb-pod-5727,5830
6531,create,paib-gpu/openb-pod-0052,5831
6532,create,paib-gpu/openb-pod-6626,5832
6533,create,paib-gpu/openb-pod-7241,5833
6534,create,paib-gpu/openb-pod-5505,5834
6535,create,paib-gpu/openb-pod-1105,5835
6536,create,paib-gpu/openb-pod-3781,5836
6537,create,paib-gpu/openb-pod-0578,5837
6538,create,paib-gpu/openb-pod-6991,5838
6539,failed,paib-gpu/openb-pod-2174,5838
6540,create,paib-gpu/openb-pod-7958,5839
6541,create,paib-gpu/openb-pod-0923,5840
6542,create,paib-gpu/openb-pod-5707,5841
6543,failed,paib-gpu/openb-pod-1592,5841
6544,create,paib-gpu/openb-pod-6092,5842
6545,create,paib-gpu/openb-pod-2855,5843
6546,failed,paib-gpu/openb-pod-4043,5843
6547,create,paib-gpu/openb-pod-5514,5844
6548,create,paib-gpu/openb-pod-5554,5845
6549,create,paib-gpu/openb-pod-4644,5846
6550,create,paib-gpu/openb-pod-3557,5847
6551,create,paib-gpu/openb-pod-2062,5848
6552,create,paib-gpu/openb-pod-1533,5849
6553,create,paib-gpu/openb-pod-3224,5850
6554,create,paib-gpu/openb-pod-4027,5851
6555,create,paib-gpu/openb-pod-4979,5852
6556,create,paib-gpu/openb-pod-6347,5853
6557,create,paib-gpu/openb-pod-7657,5854
6558,create,paib-gpu/openb-pod-5710,5855
6559,create,paib-gpu/openb-pod-1971,5856
6560,create,paib-gpu/openb-pod-2594,5857
6561,create,paib-gpu/openb-pod-2980,5858
6562,create,paib-gpu/openb-pod-1722,5859
6563,create,paib-gpu/openb-pod-7367,5860
6564,create,paib-gpu/openb-pod-2783,5861
6565,create,paib-gpu/openb-pod-1237,5862
6566,create,paib-gpu/openb-pod-5437,5863
6567,create,paib-gpu/openb-pod-7330,5864
6568,create,paib-gpu/openb-pod-1052,5865
6569,create,paib-gpu/openb-pod-1548,5866
6570,create,paib-gpu/openb-pod-7417,5867
6571,create,paib-gpu/openb-pod-4201,5868
6572,create,paib-gpu/openb-pod-1051,5869
6573,create,paib-gpu/openb-pod-6733,5870
6574,create,paib-gpu/openb-pod-1589,5871
6575,failed,paib-gpu/openb-pod-6566,5871
6576,create,paib-gpu/openb-pod-2421,5872
6577,create,paib-gpu/openb-pod-5035,5873
6578,create,paib-gpu/openb-pod-7940,5874
6579,create,paib-gpu/openb-pod-0873,5875
6580,create,paib-gpu/openb-pod-3124,5876
6581,create,paib-gpu/openb-pod-5357,5877
6582,create,paib-gpu/openb-pod-0270,5878
6583,create,paib-gpu/openb-pod-4300,5879
6584,create,paib-gpu/openb-pod-1189,5880
6585,create,paib-gpu/openb-pod-1176,5881
6586,create,paib-gpu/openb-pod-7727,5882
6587,create,paib-gpu/openb-pod-0728,5883
6588,create,paib-gpu/openb-pod-7152,5884
6589,create,paib-gpu/openb-pod-3789,5885
6590,create,paib-gpu/openb-pod-8053,5886
6591,failed,paib-gpu/openb-pod-6569,5886
6592,create,paib-gpu/openb-pod-4314,5887
6593,create,paib-gpu/openb-pod-4617,5888
6594,create,paib-gpu/openb-pod-7733,5889
6595,create,paib-gpu/openb-pod-3665,5890
6596,create,paib-gpu/openb-pod-1518,5891
6597,create,paib-gpu/openb-pod-6912,5892
6598,create,paib-gpu/openb-pod-0937,5893
6599,create,paib-gpu/openb-pod-7066,5894
6600,create,paib-gpu/openb-pod-7334,5895
6601,create,paib-gpu/openb-pod-3566,5896
6602,create,paib-gpu/openb-pod-7747,5897
6603,create,paib-gpu/openb-pod-2328,5898
6604,create,paib-gpu/openb-pod-1374,5899
6605,create,paib-gpu/openb-pod-5303,5900
6606,failed,paib-gpu/openb-pod-6189,5900
6607,create,paib-gpu/openb-pod-5166,5901
6608,create,paib-gpu/openb-pod-4145,5902
6609,failed,paib-gpu/openb-pod-2912,5902
6610,create,paib-gpu/openb-pod-5659,5903
6611,create,paib-gpu/openb-pod-4078,5904
6612,create,paib-gpu/openb-pod-4413,5905
6613,create,paib-gpu/openb-pod-1875,5906
6614,create,paib-gpu/openb-pod-2877,5907
6615,failed,paib-gpu/openb-pod-3091,5907
6616,create,paib-gpu/openb-pod-1169,5908
6617,create,paib-gpu/openb-pod-3731,5909
6618,create,paib-gpu/openb-pod-4439,5910
6619,create,paib-gpu/openb-pod-0272,5911
6620,create,paib-gpu/openb-pod-6617,5912
6621,create,paib-gpu/openb-pod-1089,5913
6622,create,paib-gpu/openb-pod-0513,5914
6623,create,paib-gpu/openb-pod-2059,5915
6624,create,paib-gpu/openb-pod-0794,5916
6625,create,paib-gpu/openb-pod-7738,5917
6626,failed,paib-gpu/openb-pod-6009,5917
6627,create,paib-gpu/openb-pod-1180,5918
6628,create,paib-gpu/openb-pod-3110,5919
6629,create,paib-gpu/openb-pod-7080,5920
6630,create,paib-gpu/openb-pod-3940,5921
6631,create,paib-gpu/openb-pod-7759,5922
6632,create,paib-gpu/openb-pod-2727,5923
6633,create,paib-gpu/openb-pod-3900,5924
6634,create,paib-gpu/openb-pod-4199,5925
6635,failed,paib-gpu/openb-pod-3078,5925
6636,create,paib-gpu/openb-pod-2745,5926
6637,failed,paib-gpu/openb-pod-7728,5926
6638,create,paib-gpu/openb-pod-0240,5927
6639,create,paib-gpu/openb-pod-0667,5928
6640,create,paib-gpu/openb-pod-4119,5929
6641,create,paib-gpu/openb-pod-4542,5930
6642,create,paib-gpu/openb-pod-5528,5931
6643,create,paib-gpu/openb-pod-5591,5932
6644,create,paib-gpu/openb-pod-1109,5933
6645,create,paib-gpu/openb-pod-1157,5934
6646,create,paib-gpu/openb-pod-5213,5935
6647,create,paib-gpu/openb-pod-1734,5936
6648,create,paib-gpu/openb-pod-5739,5937
6649,create,paib-gpu/openb-pod-1203,5938
6650,create,paib-gpu/openb-pod-7627,5939
6651,create,paib-gpu/openb-pod-3593,5940
6652,create,paib-gpu/openb-pod-7799,5941
6653,failed,paib-gpu/openb-pod-1939,5941
6654,create,paib-gpu/openb-pod-7252,5942
6655,create,paib-gpu/openb-pod-4325,5943
6656,create,paib-gpu/openb-pod-3857,5944
6657,create,paib-gpu/openb-pod-7682,5945
6658,create,paib-gpu/openb-pod-5004,5946
6659,create,paib-gpu/openb-pod-7661,5947
6660,create,paib-gpu/openb-pod-3390,5948
6661,create,paib-gpu/openb-pod-6005,5949
6662,create,paib-gpu/openb-pod-4048,5950
6663,create,paib-gpu/openb-pod-0702,5951
6664,create,paib-gpu/openb-pod-0135,5952
6665,create,paib-gpu/openb-pod-2476,5953
6666,create,paib-gpu/openb-pod-6592,5954
6667,create,paib-gpu/openb-pod-0384,5955
6668,create,paib-gpu/openb-pod-1675,5956
6669,create,paib-gpu/openb-pod-1223,5957
6670,create,paib-gpu/openb-pod-7974,5958
6671,create,paib-gpu/openb-pod-1235,5959
6672,create,paib-gpu/openb-pod-7719,5960
6673,create,paib-gpu/openb-pod-6116,5961
6674,create,paib-gpu/openb-pod-3682,5962
6675,create,paib-gpu/openb-pod-2970,5963
6676,create,paib-gpu/openb-pod-4114,5964
6677,create,paib-gpu/openb-pod-3767,5965
6678,create,paib-gpu/openb-pod-1467,5966
6679,create,paib-gpu/openb-pod-3104,5967
6680,create,paib-gpu/openb-pod-3277,5968
6681,create,paib-gpu/openb-pod-0646,5969
6682,create,paib-gpu/openb-pod-3726,5970
6683,create,paib-gpu/openb-pod-3812,5971
6684,create,paib-gpu/openb-pod-7336,5972
6685,create,paib-gpu/openb-pod-6238,5973
6686,create,paib-gpu/openb-pod-2152,5974
6687,create,paib-gpu/openb-pod-0334,5975
6688,create,paib-gpu/openb-pod-6137,5976
6689,create,paib-gpu/openb-pod-1200,5977
6690,create,paib-gpu/openb-pod-7598,5978
6691,create,paib-gpu/openb-pod-6244,5979
6692,create,paib-gpu/openb-pod-3364,5980
6693,create,paib-gpu/openb-pod-4417,5981
6694,create,paib-gpu/openb-pod-2236,5982
6695,create,paib-gpu/openb-pod-7429,5983
6696,create,paib-gpu/openb-pod-5888,5984
6697,create,paib-gpu/openb-pod-6221,5985
6698,create,paib-gpu/openb-pod-3649,5986
6699,create,paib-gpu/openb-pod-6712,5987
6700,failed,paib-gpu/openb-pod-6049,5987
6701,create,paib-gpu/openb-pod-5608,5988
6702,create,paib-gpu/openb-pod-0352,5989
6703,create,paib-gpu/openb-pod-7103,5990
6704,create,paib-gpu/openb-pod-0909,5991
6705,create,paib-gpu/openb-pod-5275,5992
6706,create,paib-gpu/openb-pod-6720,5993
6707,create,paib-gpu/openb-pod-7751,5994
6708,create,paib-gpu/openb-pod-2113,5995
6709,create,paib-gpu/openb-pod-3825,5996
6710,create,paib-gpu/openb-pod-7196,5997
6711,create,paib-gpu/openb-pod-0969,5998
6712,create,paib-gpu/openb-pod-2639,5999
6713,create,paib-gpu/openb-pod-7030,6000
6714,failed,paib-gpu/openb-pod-2759,6000
6715,create,paib-gpu/openb-pod-0369,6001
6716,create,paib-gpu/openb-pod-1205,6002
6717,create,paib-gpu/openb-pod-1107,6003
6718,create,paib-gpu/openb-pod-0442,6004
6719,create,paib-gpu/openb-pod-7691,6005
6720,create,paib-gpu/openb-pod-5797,6006
6721,create,paib-gpu/openb-pod-8101,6007
6722,create,paib-gpu/openb-pod-0467,6008
6723,create,paib-gpu/openb-pod-4654,6009
6724,create,paib-gpu/openb-pod-0590,6010
6725,create,paib-gpu/openb-pod-1986,6011
6726,create,paib-gpu/openb-pod-7544,6012
6727,create,paib-gpu/openb-pod-6641,6013
6728,create,paib-gpu/openb-pod-4275,6014
6729,create,paib-gpu/openb-pod-1443,6015
6730,create,paib-gpu/openb-pod-4663,6016
6731,create,paib-gpu/openb-pod-7280,6017
6732,create,paib-gpu/openb-pod-2807,6018
6733,create,paib-gpu/openb-pod-4547,6019
6734,create,paib-gpu/openb-pod-4769,6020
6735,failed,paib-gpu/openb-pod-3212,6020
6736,create,paib-gpu/openb-pod-6776,6021
6737,create,paib-gpu/openb-pod-5870,6022
6738,create,paib-gpu/openb-pod-3030,6023
6739,create,paib-gpu/openb-pod-7665,6024
6740,create,paib-gpu/openb-pod-3801,6025
6741,create,paib-gpu/openb-pod-5678,6026
6742,create,paib-gpu/openb-pod-2827,6027
6743,create,paib-gpu/openb-pod-2986,6028
6744,create,paib-gpu/openb-pod-2299,6029
6745,create,paib-gpu/openb-pod-7768,6030
6746,create,paib-gpu/openb-pod-5838,6031
6747,create,paib-gpu/openb-pod-3497,6032
6748,create,paib-gpu/openb-pod-8133,6033
6749,create,paib-gpu/openb-pod-1820,6034
6750,create,paib-gpu/openb-pod-4845,6035
6751,create,paib-gpu/openb-pod-1927,6036
6752,create,paib-gpu/openb-pod-7063,6037
6753,create,paib-gpu/openb-pod-6590,6038
6754,create,paib-gpu/openb-pod-7416,6039
6755,create,paib-gpu/openb-pod-0203,6040
6756,failed,paib-gpu/openb-pod-7933,6040
6757,create,paib-gpu/openb-pod-5433,6041
6758,create,paib-gpu/openb-pod-1606,6042
6759,create,paib-gpu/openb-pod-7180,6043
6760,failed,paib-gpu/openb-pod-3983,6043
6761,create,paib-gpu/openb-pod-3130,6044
6762,create,paib-gpu/openb-pod-0046,6045
6763,create,paib-gpu/openb-pod-6951,6046
6764,create,paib-gpu/openb-pod-1550,6047
6765,create,paib-gpu/openb-pod-0676,6048
6766,create,paib-gpu/openb-pod-0803,6049
6767,failed,paib-gpu/openb-pod-2050,6049
6768,create,paib-gpu/openb-pod-4470,6050
6769,create,paib-gpu/openb-pod-5681,6051
6770,create,paib-gpu/openb-pod-2288,6052
6771,create,paib-gpu/openb-pod-6253,6053
6772,create,paib-gpu/openb-pod-4474,6054
6773,create,paib-gpu/openb-pod-1057,6055
6774,create,paib-gpu/openb-pod-8016,6056
6775,failed,paib-gpu/openb-pod-0125,6056
6776,create,paib-gpu/openb-pod-3172,6057
6777,create,paib-gpu/openb-pod-7165,6058
6778,create,paib-gpu/openb-pod-0562,6059
6779,create,paib-gpu/openb-pod-3777,6060
6780,create,paib-gpu/openb-pod-5047,6061
6781,create,paib-gpu/openb-pod-6474,6062
6782,create,paib-gpu/openb-pod-1622,6063
6783,create,paib-gpu/openb-pod-2643,6064
6784,create,paib-gpu/openb-pod-7786,6065
6785,create,paib-gpu/openb-pod-1016,6066
6786,create,paib-gpu/openb-pod-5042,6067
6787,failed,paib-gpu/openb-pod-7105,6067
6788,create,paib-gpu/openb-pod-1370,6068
6789,create,paib-gpu/openb-pod-6086,6069
6790,create,paib-gpu/openb-pod-5916,6070
6791,create,paib-gpu/openb-pod-4461,6071
6792,create,paib-gpu/openb-pod-6637,6072
6793,create,paib-gpu/openb-pod-2117,6073
6794,create,paib-gpu/openb-pod-6066,6074
6795,create,paib-gpu/openb-pod-6500,6075
6796,create,paib-gpu/openb-pod-0499,6076
6797,create,paib-gpu/openb-pod-1719,6077
6798,failed,paib-gpu/openb-pod-4975,6077
6799,create,paib-gpu/openb-pod-2915,6078
6800,create,paib-gpu/openb-pod-3998,6079
6801,create,paib-gpu/openb-pod-1192,6080
6802,create,paib-gpu/openb-pod-3136,6081
6803,create,paib-gpu/openb-pod-0542,6082
6804,create,paib-gpu/openb-pod-0038,6083
6805,create,paib-gpu/openb-pod-1808,6084
6806,create,paib-gpu/openb-pod-6162,6085
6807,failed,paib-gpu/openb-pod-4689,6085
6808,create,paib-gpu/openb-pod-2056,6086
6809,failed,paib-gpu/openb-pod-7683,6086
6810,failed,paib-gpu/openb-pod-4264,6086
6811,create,paib-gpu/openb-pod-0082,6087
6812,create,paib-gpu/openb-pod-7515,6088
6813,create,paib-gpu/openb-pod-2447,6089
6814,create,paib-gpu/openb-pod-4693,6090
6815,create,paib-gpu/openb-pod-0989,6091
6816,create,paib-gpu/openb-pod-3341,6092
6817,create,paib-gpu/openb-pod-1077,6093
6818,failed,paib-gpu/openb-pod-4503,6093
6819,create,paib-gpu/openb-pod-3452,6094
6820,create,paib-gpu/openb-pod-3207,6095
6821,create,paib-gpu/openb-pod-7490,6096
6822,create,paib-gpu/openb-pod-1212,6097
6823,create,paib-gpu/openb-pod-4109,6098
6824,create,paib-gpu/openb-pod-2720,6099
6825,create,paib-gpu/openb-pod-1425,6100
6826,create,paib-gpu/openb-pod-0081,6101
6827,failed,paib-gpu/openb-pod-5430,6101
6828,create,paib-gpu/openb-pod-1412,6102
6829,create,paib-gpu/openb-pod-2296,6103
6830,create,paib-gpu/openb-pod-0811,6104
6831,create,paib-gpu/openb-pod-5830,6105
6832,create,paib-gpu/openb-pod-0589,6106
6833,failed,paib-gpu/openb-pod-3396,6106
6834,failed,paib-gpu/openb-pod-5460,6106
6835,failed,paib-gpu/openb-pod-6127,6106
6836,create,paib-gpu/openb-pod-3445,6107
6837,create,paib-gpu/openb-pod-4792,6108
6838,failed,paib-gpu/openb-pod-5249,6108
6839,create,paib-gpu/openb-pod-7128,6109
6840,failed,paib-gpu/openb-pod-1859,6109
6841,create,paib-gpu/openb-pod-5228,6110
6842,create,paib-gpu/openb-pod-4422,6111
6843,create,paib-gpu/openb-pod-7086,6112
6844,create,paib-gpu/openb-pod-2649,6113
6845,failed,paib-gpu/openb-pod-1132,6113
6846,failed,paib-gpu/openb-pod-0019,6113
6847,create,paib-gpu/openb-pod-4501,6114
6848,create,paib-gpu/openb-pod-5178,6115
6849,create,paib-gpu/openb-pod-8058,6116
6850,create,paib-gpu/openb-pod-1294,6117
6851,create,paib-gpu/openb-pod-5632,6118
6852,create,paib-gpu/openb-pod-2201,6119
6853,create,paib-gpu/openb-pod-7969,6120
6854,create,paib-gpu/openb-pod-4358,6121
6855,create,paib-gpu/openb-pod-1702,6122
6856,failed,paib-gpu/openb-pod-2276,6122
6857,failed,paib-gpu/openb-pod-1183,6122
6858,create,paib-gpu/openb-pod-1823,6123
6859,create,paib-gpu/openb-pod-3586,6124
6860,failed,paib-gpu/openb-pod-1371,6124
6861,create,paib-gpu/openb-pod-7714,6125
6862,create,paib-gpu/openb-pod-4233,6126
6863,create,paib-gpu/openb-pod-3059,6127
6864,create,paib-gpu/openb-pod-5543,6128
6865,create,paib-gpu/openb-pod-7129,6129
6866,create,paib-gpu/openb-pod-3095,6130
6867,create,paib-gpu/openb-pod-3872,6131
6868,failed,paib-gpu/openb-pod-7520,6131
6869,create,paib-gpu/openb-pod-6665,6132
6870,create,paib-gpu/openb-pod-5382,6133
6871,create,paib-gpu/openb-pod-8012,6134
6872,create,paib-gpu/openb-pod-0950,6135
6873,failed,paib-gpu/openb-pod-4976,6135
6874,create,paib-gpu/openb-pod-2573,6136
6875,create,paib-gpu/openb-pod-3271,6137
6876,create,paib-gpu/openb-pod-2552,6138
6877,create,paib-gpu/openb-pod-0477,6139
6878,create,paib-gpu/openb-pod-5792,6140
6879,create,paib-gpu/openb-pod-7617,6141
6880,create,paib-gpu/openb-pod-0023,6142
6881,create,paib-gpu/openb-pod-6616,6143
6882,create,paib-gpu/openb-pod-0422,6144
6883,create,paib-gpu/openb-pod-7607,6145
6884,create,paib-gpu/openb-pod-7928,6146
6885,create,paib-gpu/openb-pod-5705,6147
6886,create,paib-gpu/openb-pod-5428,6148
6887,create,paib-gpu/openb-pod-1502,6149
6888,create,paib-gpu/openb-pod-6544,6150
6889,create,paib-gpu/openb-pod-3787,6151
6890,create,paib-gpu/openb-pod-2003,6152
6891,create,paib-gpu/openb-pod-0709,6153
6892,create,paib-gpu/openb-pod-1240,6154
6893,create,paib-gpu/openb-pod-3710,6155
6894,create,paib-gpu/openb-pod-5296,6156
6895,create,paib-gpu/openb-pod-0069,6157
6896,create,paib-gpu/openb-pod-4437,6158
6897,create,paib-gpu/openb-pod-6530,6159
6898,create,paib-gpu/openb-pod-2090,6160
6899,failed,paib-gpu/openb-pod-4682,6160
6900,create,paib-gpu/openb-pod-2612,6161
6901,create,paib-gpu/openb-pod-1121,6162
6902,create,paib-gpu/openb-pod-0059,6163
6903,create,paib-gpu/openb-pod-7191,6164
6904,create,paib-gpu/openb-pod-3830,6165
6905,create,paib-gpu/openb-pod-7605,6166
6906,create,paib-gpu/openb-pod-7692,6167
6907,create,paib-gpu/openb-pod-7047,6168
6908,create,paib-gpu/openb-pod-4528,6169
6909,create,paib-gpu/openb-pod-5384,6170
6910,failed,paib-gpu/openb-pod-0866,6170
6911,create,paib-gpu/openb-pod-6216,6171
6912,create,paib-gpu/openb-pod-1532,6172
6913,create,paib-gpu/openb-pod-1763,6173
6914,create,paib-gpu/openb-pod-0988,6174
6915,create,paib-gpu/openb-pod-1448,6175
6916,create,paib-gpu/openb-pod-1326,6176
6917,create,paib-gpu/openb-pod-4196,6177
6918,create,paib-gpu/openb-pod-7937,6178
6919,create,paib-gpu/openb-pod-8062,6179
6920,create,paib-gpu/openb-pod-6571,6180
6921,create,paib-gpu/openb-pod-5118,6181
6922,create,paib-gpu/openb-pod-0963,6182
6923,failed,paib-gpu/openb-pod-7835,6182
6924,create,paib-gpu/openb-pod-4596,6183
6925,failed,paib-gpu/openb-pod-3388,6183
6926,failed,paib-gpu/openb-pod-4808,6183
6927,create,paib-gpu/openb-pod-6375,6184
6928,create,paib-gpu/openb-pod-5439,6185
6929,create,paib-gpu/openb-pod-3150,6186
6930,create,paib-gpu/openb-pod-8115,6187
6931,create,paib-gpu/openb-pod-0216,6188
6932,create,paib-gpu/openb-pod-1837,6189
6933,create,paib-gpu/openb-pod-0206,6190
6934,create,paib-gpu/openb-pod-0565,6191
6935,create,paib-gpu/openb-pod-1134,6192
6936,failed,paib-gpu/openb-pod-4665,6192
6937,create,paib-gpu/openb-pod-2671,6193
6938,create,paib-gpu/openb-pod-6983,6194
6939,create,paib-gpu/openb-pod-2091,6195
6940,failed,paib-gpu/openb-pod-1602,6195
6941,create,paib-gpu/openb-pod-6458,6196
6942,create,paib-gpu/openb-pod-3538,6197
6943,create,paib-gpu/openb-pod-6319,6198
6944,create,paib-gpu/openb-pod-2505,6199
6945,create,paib-gpu/openb-pod-3496,6200
6946,create,paib-gpu/openb-pod-5544,6201
6947,create,paib-gpu/openb-pod-4632,6202
6948,create,paib-gpu/openb-pod-5128,6203
6949,create,paib-gpu/openb-pod-0389,6204
6950,create,paib-gpu/openb-pod-7852,6205
6951,create,paib-gpu/openb-pod-1883,6206
6952,create,paib-gpu/openb-pod-1369,6207
6953,failed,paib-gpu/openb-pod-6920,6207
6954,create,paib-gpu/openb-pod-6428,6208
6955,failed,paib-gpu/openb-pod-6136,6208
6956,create,paib-gpu/openb-pod-7534,6209
6957,create,paib-gpu/openb-pod-7952,6210
6958,create,paib-gpu/openb-pod-6251,6211
6959,create,paib-gpu/openb-pod-7948,6212
6960,create,paib-gpu/openb-pod-6105,6213
6961,create,paib-gpu/openb-pod-0805,6214
6962,create,paib-gpu/openb-pod-1788,6215
6963,create,paib-gpu/openb-pod-1458,6216
6964,create,paib-gpu/openb-pod-5380,6217
6965,create,paib-gpu/openb-pod-8136,6218
6966,create,paib-gpu/openb-pod-5327,6219
6967,create,paib-gpu/openb-pod-0089,6220
6968,failed,paib-gpu/openb-pod-2688,6220
6969,failed,paib-gpu/openb-pod-7399,6220
6970,failed,paib-gpu/openb-pod-4333,6220
6971,create,paib-gpu/openb-pod-5771,6221
6972,create,paib-gpu/openb-pod-1373,6222
6973,create,paib-gpu/openb-pod-6004,6223
6974,failed,paib-gpu/openb-pod-5698,6223
6975,create,paib-gpu/openb-pod-1672,6224
6976,create,paib-gpu/openb-pod-2808,6225
6977,create,paib-gpu/openb-pod-5932,6226
6978,create,paib-gpu/openb-pod-3465,6227
6979,create,paib-gpu/openb-pod-3551,6228
6980,create,paib-gpu/openb-pod-4826,6229
6981,create,paib-gpu/openb-pod-0779,6230
6982,create,paib-gpu/openb-pod-1611,6231
6983,create,paib-gpu/openb-pod-2318,6232
6984,failed,paib-gpu/openb-pod-6328,6232
6985,create,paib-gpu/openb-pod-5144,6233
6986,create,paib-gpu/openb-pod-1401,6234
6987,create,paib-gpu/openb-pod-2477,6235
6988,create,paib-gpu/openb-pod-3631,6236
6989,create,paib-gpu/openb-pod-0586,6237
6990,create,paib-gpu/openb-pod-6534,6238
6991,failed,paib-gpu/openb-pod-2780,6238
6992,create,paib-gpu/openb-pod-4062,6239
6993,create,paib-gpu/openb-pod-7140,6240
6994,create,paib-gpu/openb-pod-6975,6241
6995,create,paib-gpu/openb-pod-3637,6242
6996,create,paib-gpu/openb-pod-3416,6243
6997,create,paib-gpu/openb-pod-4241,6244
6998,create,paib-gpu/openb-pod-7758,6245
6999,create,paib-gpu/openb-pod-5378,6246
7000,create,paib-gpu/openb-pod-0751,6247
7001,create,paib-gpu/openb-pod-7713,6248
7002,create,paib-gpu/openb-pod-7863,6249
7003,failed,paib-gpu/openb-pod-5822,6249
7004,create,paib-gpu/openb-pod-6163,6250
7005,failed,paib-gpu/openb-pod-5817,6250
7006,create,paib-gpu/openb-pod-0006,6251
7007,create,paib-gpu/openb-pod-0287,6252
7008,create,paib-gpu/openb-pod-2100,6253
7009,failed,paib-gpu/openb-pod-6902,6253
7010,create,paib-gpu/openb-pod-2975,6254
7011,create,paib-gpu/openb-pod-0254,6255
7012,create,paib-gpu/openb-pod-7626,6256
7013,failed,paib-gpu/openb-pod-1515,6256
7014,create,paib-gpu/openb-pod-0130,6257
7015,create,paib-gpu/openb-pod-8081,6258
7016,create,paib-gpu/openb-pod-2205,6259
7017,create,paib-gpu/openb-pod-7793,6260
7018,create,paib-gpu/openb-pod-2466,6261
7019,create,paib-gpu/openb-pod-7135,6262
7020,create,paib-gpu/openb-pod-6506,6263
7021,create,paib-gpu/openb-pod-4255,6264
7022,create,paib-gpu/openb-pod-0054,6265
7023,create,paib-gpu/openb-pod-1839,6266
7024,create,paib-gpu/openb-pod-2159,6267
7025,create,paib-gpu/openb-pod-0131,6268
7026,create,paib-gpu/openb-pod-7154,6269
7027,failed,paib-gpu/openb-pod-6097,6269
7028,failed,paib-gpu/openb-pod-6191,6269
7029,create,paib-gpu/openb-pod-1625,6270
7030,create,paib-gpu/openb-pod-4704,6271
7031,create,paib-gpu/openb-pod-7093,6272
7032,create,paib-gpu/openb-pod-2010,6273
7033,create,paib-gpu/openb-pod-8034,6274
7034,create,paib-gpu/openb-pod-4403,6275
7035,failed,paib-gpu/openb-pod-5665,6275
7036,create,paib-gpu/openb-pod-4569,6276
7037,create,paib-gpu/openb-pod-1193,6277
7038,failed,paib-gpu/openb-pod-5435,6277
7039,create,paib-gpu/openb-pod-2960,6278
7040,create,paib-gpu/openb-pod-2928,6279
7041,create,paib-gpu/openb-pod-5247,6280
7042,create,paib-gpu/openb-pod-5342,6281
7043,create,paib-gpu/openb-pod-3759,6282
7044,create,paib-gpu/openb-pod-1632,6283
7045,create,paib-gpu/openb-pod-5017,6284
7046,create,paib-gpu/openb-pod-7449,6285
7047,create,paib-gpu/openb-pod-6593,6286
7048,create,paib-gpu/openb-pod-6008,6287
7049,create,paib-gpu/openb-pod-3936,6288
7050,create,paib-gpu/openb-pod-7809,6289
7051,create,paib-gpu/openb-pod-7175,6290
7052,failed,paib-gpu/openb-pod-0575,6290
7053,failed,paib-gpu/openb-pod-7679,6290
7054,create,paib-gpu/openb-pod-1877,6291
7055,create,paib-gpu/openb-pod-3967,6292
7056,create,paib-gpu/openb-pod-1061,6293
7057,create,paib-gpu/openb-pod-3632,6294
7058,create,paib-gpu/openb-pod-4122,6295
7059,failed,paib-gpu/openb-pod-6025,6295
7060,create,paib-gpu/openb-pod-3225,6296
7061,create,paib-gpu/openb-pod-7912,6297
7062,create,paib-gpu/openb-pod-1841,6298
7063,create,paib-gpu/openb-pod-7612,6299
7064,create,paib-gpu/openb-pod-2378,6300
7065,create,paib-gpu/openb-pod-5377,6301
7066,create,paib-gpu/openb-pod-6928,6302
7067,create,paib-gpu/openb-pod-1914,6303
7068,create,paib-gpu/openb-pod-0730,6304
7069,create,paib-gpu/openb-pod-8037,6305
7070,create,paib-gpu/openb-pod-0196,6306
7071,create,paib-gpu/openb-pod-1848,6307
7072,create,paib-gpu/openb-pod-7500,6308
7073,create,paib-gpu/openb-pod-3850,6309
7074,create,paib-gpu/openb-pod-4836,6310
7075,create,paib-gpu/openb-pod-3698,6311
7076,create,paib-gpu/openb-pod-4635,6312
7077,failed,paib-gpu/openb-pod-0731,6312
7078,create,paib-gpu/openb-pod-6758,6313
7079,create,paib-gpu/openb-pod-0544,6314
7080,create,paib-gpu/openb-pod-4350,6315
7081,create,paib-gpu/openb-pod-4752,6316
7082,failed,paib-gpu/openb-pod-6133,6316
7083,create,paib-gpu/openb-pod-6293,6317
7084,create,paib-gpu/openb-pod-0133,6318
7085,create,paib-gpu/openb-pod-8073,6319
7086,create,paib-gpu/openb-pod-7215,6320
7087,failed,paib-gpu/openb-pod-3791,6320
7088,create,paib-gpu/openb-pod-6339,6321
7089,create,paib-gpu/openb-pod-2609,6322
7090,create,paib-gpu/openb-pod-3833,6323
7091,create,paib-gpu/openb-pod-5721,6324
7092,create,paib-gpu/openb-pod-1756,6325
7093,create,paib-gpu/openb-pod-2857,6326
7094,create,paib-gpu/openb-pod-4928,6327
7095,create,paib-gpu/openb-pod-2446,6328
7096,create,paib-gpu/openb-pod-3775,6329
7097,create,paib-gpu/openb-pod-4269,6330
7098,create,paib-gpu/openb-pod-0061,6331
7099,create,paib-gpu/openb-pod-0663,6332
7100,create,paib-gpu/openb-pod-6533,6333
7101,create,paib-gpu/openb-pod-7365,6334
7102,create,paib-gpu/openb-pod-5729,6335
7103,create,paib-gpu/openb-pod-1630,6336
7104,create,paib-gpu/openb-pod-1167,6337
7105,create,paib-gpu/openb-pod-4435,6338
7106,create,paib-gpu/openb-pod-5429,6339
7107,create,paib-gpu/openb-pod-3137,6340
7108,failed,paib-gpu/openb-pod-3927,6340
7109,create,paib-gpu/openb-pod-4715,6341
7110,create,paib-gpu/openb-pod-7450,6342
7111,create,paib-gpu/openb-pod-7930,6343
7112,failed,paib-gpu/openb-pod-2463,6343
7113,create,paib-gpu/openb-pod-4744,6344
7114,create,paib-gpu/openb-pod-0313,6345
7115,create,paib-gpu/openb-pod-3573,6346
7116,create,paib-gpu/openb-pod-6582,6347
7117,create,paib-gpu/openb-pod-3394,6348
7118,create,paib-gpu/openb-pod-2161,6349
7119,create,paib-gpu/openb-pod-6109,6350
7120,create,paib-gpu/openb-pod-5530,6351
7121,failed,paib-gpu/openb-pod-5980,6351
7122,create,paib-gpu/openb-pod-2224,6352
7123,failed,paib-gpu/openb-pod-5737,6352
7124,create,paib-gpu/openb-pod-5452,6353
7125,create,paib-gpu/openb-pod-6493,6354
7126,failed,paib-gpu/openb-pod-4257,6354
7127,create,paib-gpu/openb-pod-1866,6355
7128,create,paib-gpu/openb-pod-4047,6356
7129,create,paib-gpu/openb-pod-6817,6357
7130,create,paib-gpu/openb-pod-1572,6358
7131,create,paib-gpu/openb-pod-5620,6359
7132,create,paib-gpu/openb-pod-0424,6360
7133,create,paib-gpu/openb-pod-2869,6361
7134,create,paib-gpu/openb-pod-1559,6362
7135,create,paib-gpu/openb-pod-5923,6363
7136,create,paib-gpu/openb-pod-7393,6364
7137,create,paib-gpu/openb-pod-5690,6365
7138,create,paib-gpu/openb-pod-0016,6366
7139,create,paib-gpu/openb-pod-4669,6367
7140,create,paib-gpu/openb-pod-6046,6368
7141,create,paib-gpu/openb-pod-1096,6369
7142,create,paib-gpu/openb-pod-6194,6370
7143,create,paib-gpu/openb-pod-3805,6371
7144,create,paib-gpu/openb-pod-3303,6372
7145,create,paib-gpu/openb-pod-2951,6373
7146,create,paib-gpu/openb-pod-1815,6374
7147,failed,paib-gpu/openb-pod-7130,6374
7148,create,paib-gpu/openb-pod-3234,6375
7149,create,paib-gpu/openb-pod-5199,6376
7150,create,paib-gpu/openb-pod-5386,6377
7151,create,paib-gpu/openb-pod-5527,6378
7152,create,paib-gpu/openb-pod-5549,6379
7153,failed,paib-gpu/openb-pod-0797,6379
7154,create,paib-gpu/openb-pod-7502,6380
7155,create,paib-gpu/openb-pod-6587,6381
7156,failed,paib-gpu/openb-pod-3803,6381
7157,create,paib-gpu/openb-pod-6734,6382
7158,create,paib-gpu/openb-pod-6558,6383
7159,create,paib-gpu/openb-pod-0179,6384
7160,create,paib-gpu/openb-pod-7439,6385
7161,create,paib-gpu/openb-pod-5866,6386
7162,create,paib-gpu/openb-pod-3959,6387
7163,create,paib-gpu/openb-pod-4525,6388
7164,create,paib-gpu/openb-pod-5190,6389
7165,create,paib-gpu/openb-pod-0123,6390
7166,create,paib-gpu/openb-pod-1535,6391
7167,create,paib-gpu/openb-pod-6439,6392
7168,create,paib-gpu/openb-pod-4697,6393
7169,create,paib-gpu/openb-pod-2624,6394
7170,failed,paib-gpu/openb-pod-0113,6394
7171,failed,paib-gpu/openb-pod-5186,6394
7172,create,paib-gpu/openb-pod-3018,6395
7173,create,paib-gpu/openb-pod-1694,6396
7174,create,paib-gpu/openb-pod-6857,6397
7175,create,paib-gpu/openb-pod-2841,6398
7176,create,paib-gpu/openb-pod-4230,6399
7177,create,paib-gpu/openb-pod-0938,6400
7178,create,paib-gpu/openb-pod-1810,6401
7179,create,paib-gpu/openb-pod-7141,6402
7180,create,paib-gpu/openb-pod-4946,6403
7181,create,paib-gpu/openb-pod-4197,6404
7182,create,paib-gpu/openb-pod-1740,6405
7183,create,paib-gpu/openb-pod-4143,6406
7184,create,paib-gpu/openb-pod-4142,6407
7185,create,paib-gpu/openb-pod-1263,6408
7186,create,paib-gpu/openb-pod-5832,6409
7187,create,paib-gpu/openb-pod-5673,6410
7188,create,paib-gpu/openb-pod-1280,6411
7189,create,paib-gpu/openb-pod-5700,6412
7190,create,paib-gpu/openb-pod-2309,6413
7191,create,paib-gpu/openb-pod-0057,6414
7192,create,paib-gpu/openb-pod-7454,6415
7193,create,paib-gpu/openb-pod-5292,6416
7194,create,paib-gpu/openb-pod-6552,6417
7195,create,paib-gpu/openb-pod-2519,6418
7196,create,paib-gpu/openb-pod-6896,6419
7197,create,paib-gpu/openb-pod-1885,6420
7198,create,paib-gpu/openb-pod-7777,6421
7199,create,paib-gpu/openb-pod-4762,6422
7200,create,paib-gpu/openb-pod-1796,6423
7201,create,paib-gpu/openb-pod-7258,6424
7202,create,paib-gpu/openb-pod-0505,6425
7203,create,paib-gpu/openb-pod-1873,6426
7204,create,paib-gpu/openb-pod-3233,6427
7205,create,paib-gpu/openb-pod-2718,6428
7206,create,paib-gpu/openb-pod-4943,6429
7207,create,paib-gpu/openb-pod-1829,6430
7208,create,paib-gpu/openb-pod-1195,6431
7209,create,paib-gpu/openb-pod-3935,6432
7210,create,paib-gpu/openb-pod-7077,6433
7211,create,paib-gpu/openb-pod-0999,6434
7212,failed,paib-gpu/openb-pod-6930,6434
7213,create,paib-gpu/openb-pod-7068,6435
7214,failed,paib-gpu/openb-pod-5616,6435
7215,create,paib-gpu/openb-pod-4804,6436
7216,failed,paib-gpu/openb-pod-2736,6436
7217,create,paib-gpu/openb-pod-2830,6437
7218,create,paib-gpu/openb-pod-1966,6438
7219,create,paib-gpu/openb-pod-6056,6439
7220,create,paib-gpu/openb-pod-3576,6440
7221,create,paib-gpu/openb-pod-1566,6441
7222,create,paib-gpu/openb-pod-3736,6442
7223,create,paib-gpu/openb-pod-4529,6443
7224,create,paib-gpu/openb-pod-1973,6444
7225,create,paib-gpu/openb-pod-4102,6445
7226,create,paib-gpu/openb-pod-6223,6446
7227,create,paib-gpu/openb-pod-3333,6447
7228,failed,paib-gpu/openb-pod-2865,6447
7229,create,paib-gpu/openb-pod-0487,6448
7230,create,paib-gpu/openb-pod-4827,6449
7231,create,paib-gpu/openb-pod-1252,6450
7232,create,paib-gpu/openb-pod-7381,6451
7233,create,paib-gpu/openb-pod-1650,6452
7234,failed,paib-gpu/openb-pod-5784,6452
7235,create,paib-gpu/openb-pod-2219,6453
7236,failed,paib-gpu/openb-pod-4686,6453
7237,failed,paib-gpu/openb-pod-4240,6453
7238,create,paib-gpu/openb-pod-0136,6454
7239,create,paib-gpu/openb-pod-5934,6455
7240,create,paib-gpu/openb-pod-4111,6456
7241,create,paib-gpu/openb-pod-4913,6457
7242,create,paib-gpu/openb-pod-5855,6458
7243,failed,paib-gpu/openb-pod-4595,6458
7244,create,paib-gpu/openb-pod-4517,6459
7245,create,paib-gpu/openb-pod-0991,6460
7246,create,paib-gpu/openb-pod-6369,6461
7247,create,paib-gpu/openb-pod-8045,6462
7248,create,paib-gpu/openb-pod-3922,6463
7249,failed,paib-gpu/openb-pod-4515,6463
7250,create,paib-gpu/openb-pod-4712,6464
7251,create,paib-gpu/openb-pod-4063,6465
7252,create,paib-gpu/openb-pod-7186,6466
7253,create,paib-gpu/openb-pod-3379,6467
7254,failed,paib-gpu/openb-pod-7726,6467
7255,create,paib-gpu/openb-pod-0898,6468
7256,create,paib-gpu/openb-pod-0303,6469
7257,failed,paib-gpu/openb-pod-6722,6469
7258,create,paib-gpu/openb-pod-6361,6470
7259,create,paib-gpu/openb-pod-0150,6471
7260,create,paib-gpu/openb-pod-4337,6472
7261,create,paib-gpu/openb-pod-6943,6473
7262,create,paib-gpu/openb-pod-6281,6474
7263,create,paib-gpu/openb-pod-7634,6475
7264,create,paib-gpu/openb-pod-0047,6476
7265,create,paib-gpu/openb-pod-5233,6477
7266,failed,paib-gpu/openb-pod-0315,6477
7267,create,paib-gpu/openb-pod-3482,6478
7268,create,paib-gpu/openb-pod-5959,6479
7269,create,paib-gpu/openb-pod-3227,6480
7270,create,paib-gpu/openb-pod-7410,6481
7271,create,paib-gpu/openb-pod-4619,6482
7272,create,paib-gpu/openb-pod-0271,6483
7273,create,paib-gpu/openb-pod-5000,6484
7274,create,paib-gpu/openb-pod-6013,6485
7275,create,paib-gpu/openb-pod-2334,6486
7276,create,paib-gpu/openb-pod-4902,6487
7277,create,paib-gpu/openb-pod-5300,6488
7278,create,paib-gpu/openb-pod-6000,6489
7279,create,paib-gpu/openb-pod-1946,6490
7280,create,paib-gpu/openb-pod-0862,6491
7281,create,paib-gpu/openb-pod-6444,6492
7282,create,paib-gpu/openb-pod-5149,6493
7283,create,paib-gpu/openb-pod-4080,6494
7284,create,paib-gpu/openb-pod-4695,6495
7285,create,paib-gpu/openb-pod-6913,6496
7286,create,paib-gpu/openb-pod-1950,6497
7287,create,paib-gpu/openb-pod-3610,6498
7288,create,paib-gpu/openb-pod-1256,6499
7289,create,paib-gpu/openb-pod-4924,6500
7290,create,paib-gpu/openb-pod-7597,6501
7291,create,paib-gpu/openb-pod-1362,6502
7292,create,paib-gpu/openb-pod-0252,6503
7293,create,paib-gpu/openb-pod-3439,6504
7294,create,paib-gpu/openb-pod-1261,6505
7295,create,paib-gpu/openb-pod-5850,6506
7296,create,paib-gpu/openb-pod-6732,6507
7297,create,paib-gpu/openb-pod-8123,6508
7298,create,paib-gpu/openb-pod-1172,6509
7299,create,paib-gpu/openb-pod-4895,6510
7300,create,paib-gpu/openb-pod-6536,6511
7301,create,paib-gpu/openb-pod-2345,6512
7302,failed,paib-gpu/openb-pod-3931,6512
7303,create,paib-gpu/openb-pod-4746,6513
7304,create,paib-gpu/openb-pod-2243,6514
7305,create,paib-gpu/openb-pod-7806,6515
7306,create,paib-gpu/openb-pod-1439,6516
7307,create,paib-gpu/openb-pod-0305,6517
7308,failed,paib-gpu/openb-pod-0145,6517
7309,create,paib-gpu/openb-pod-7529,6518
7310,create,paib-gpu/openb-pod-6145,6519
7311,create,paib-gpu/openb-pod-2086,6520
7312,create,paib-gpu/openb-pod-2121,6521
7313,create,paib-gpu/openb-pod-2600,6522
7314,create,paib-gpu/openb-pod-8007,6523
7315,failed,paib-gpu/openb-pod-7650,6523
7316,create,paib-gpu/openb-pod-7475,6524
7317,create,paib-gpu/openb-pod-2409,6525
7318,create,paib-gpu/openb-pod-7552,6526
7319,create,paib-gpu/openb-pod-4807,6527
7320,create,paib-gpu/openb-pod-3661,6528
7321,create,paib-gpu/openb-pod-0412,6529
7322,create,paib-gpu/openb-pod-3920,6530
7323,create,paib-gpu/openb-pod-0699,6531
7324,create,paib-gpu/openb-pod-1686,6532
7325,create,paib-gpu/openb-pod-4894,6533
7326,create,paib-gpu/openb-pod-0465,6534
7327,create,paib-gpu/openb-pod-7705,6535
7328,create,paib-gpu/openb-pod-7715,6536
7329,create,paib-gpu/openb-pod-4028,6537
7330,create,paib-gpu/openb-pod-1495,6538
7331,create,paib-gpu/openb-pod-3531,6539
7332,create,paib-gpu/openb-pod-0901,6540
7333,create,paib-gpu/openb-pod-5018,6541
7334,create,paib-gpu/openb-pod-6453,6542
7335,create,paib-gpu/openb-pod-7633,6543
7336,create,paib-gpu/openb-pod-7433,6544
7337,create,paib-gpu/openb-pod-6321,6545
7338,create,paib-gpu/openb-pod-1822,6546
7339,create,paib-gpu/openb-pod-4305,6547
7340,create,paib-gpu/openb-pod-4950,6548
7341,create,paib-gpu/openb-pod-4898,6549
7342,create,paib-gpu/openb-pod-1300,6550
7343,create,paib-gpu/openb-pod-3570,6551
7344,create,paib-gpu/openb-pod-3282,6552
7345,create,paib-gpu/openb-pod-3036,6553
7346,create,paib-gpu/openb-pod-1736,6554
7347,create,paib-gpu/openb-pod-2555,6555
7348,failed,paib-gpu/openb-pod-6052,6555
7349,create,paib-gpu/openb-pod-4516,6556
7350,create,paib-gpu/openb-pod-0945,6557
7351,create,paib-gpu/openb-pod-6580,6558
7352,create,paib-gpu/openb-pod-2886,6559
7353,create,paib-gpu/openb-pod-0158,6560
7354,create,paib-gpu/openb-pod-7505,6561
7355,create,paib-gpu/openb-pod-7980,6562
7356,create,paib-gpu/openb-pod-1926,6563
7357,failed,paib-gpu/openb-pod-3354,6563
7358,create,paib-gpu/openb-pod-7197,6564
7359,create,paib-gpu/openb-pod-7270,6565
7360,create,paib-gpu/openb-pod-4394,6566
7361,create,paib-gpu/openb-pod-2428,6567
7362,create,paib-gpu/openb-pod-1098,6568
7363,create,paib-gpu/openb-pod-0051,6569
7364,create,paib-gpu/openb-pod-0993,6570
7365,create,paib-gpu/openb-pod-6122,6571
7366,create,paib-gpu/openb-pod-3284,6572
7367,failed,paib-gpu/openb-pod-3411,6572
7368,create,paib-gpu/openb-pod-6168,6573
7369,create,paib-gpu/openb-pod-1485,6574
7370,create,paib-gpu/openb-pod-4637,6575
7371,create,paib-gpu/openb-pod-0439,6576
7372,create,paib-gpu/openb-pod-2416,6577
7373,create,paib-gpu/openb-pod-5148,6578
7374,failed,paib-gpu/openb-pod-7853,6578
7375,failed,paib-gpu/openb-pod-6751,6578
7376,create,paib-gpu/openb-pod-0595,6579
7377,create,paib-gpu/openb-pod-5933,6580
7378,create,paib-gpu/openb-pod-5103,6581
7379,create,paib-gpu/openb-pod-7000,6582
7380,create,paib-gpu/openb-pod-0027,6583
7381,create,paib-gpu/openb-pod-2565,6584
7382,create,paib-gpu/openb-pod-1226,6585
7383,failed,paib-gpu/openb-pod-6717,6585
7384,create,paib-gpu/openb-pod-7832,6586
7385,create,paib-gpu/openb-pod-5023,6587
7386,create,paib-gpu/openb-pod-3513,6588
7387,failed,paib-gpu/openb-pod-2038,6588
7388,create,paib-gpu/openb-pod-5087,6589
7389,create,paib-gpu/openb-pod-5002,6590
7390,create,paib-gpu/openb-pod-1768,6591
7391,create,paib-gpu/openb-pod-4714,6592
7392,create,paib-gpu/openb-pod-4182,6593
7393,failed,paib-gpu/openb-pod-6577,6593
7394,create,paib-gpu/openb-pod-1453,6594
7395,create,paib-gpu/openb-pod-4639,6595
7396,create,paib-gpu/openb-pod-4702,6596
7397,create,paib-gpu/openb-pod-6397,6597
7398,create,paib-gpu/openb-pod-2368,6598
7399,create,paib-gpu/openb-pod-1598,6599
7400,create,paib-gpu/openb-pod-2451,6600
7401,failed,paib-gpu/openb-pod-4602,6600
7402,failed,paib-gpu/openb-pod-7926,6600
7403,create,paib-gpu/openb-pod-1721,6601
7404,create,paib-gpu/openb-pod-1666,6602
7405,create,paib-gpu/openb-pod-3483,6603
7406,create,paib-gpu/openb-pod-0629,6604
7407,failed,paib-gpu/openb-pod-0322,6604
7408,create,paib-gpu/openb-pod-3643,6605
7409,create,paib-gpu/openb-pod-6953,6606
7410,failed,paib-gpu/openb-pod-3147,6606
7411,create,paib-gpu/openb-pod-6687,6607
7412,failed,paib-gpu/openb-pod-2305,6607
7413,create,paib-gpu/openb-pod-6141,6608
7414,create,paib-gpu/openb-pod-0551,6609
7415,create,paib-gpu/openb-pod-4678,6610
7416,create,paib-gpu/openb-pod-1333,6611
7417,failed,paib-gpu/openb-pod-5472,6611
7418,create,paib-gpu/openb-pod-7368,6612
7419,create,paib-gpu/openb-pod-7688,6613
7420,failed,paib-gpu/openb-pod-5055,6613
7421,failed,paib-gpu/openb-pod-1141,6613
7422,create,paib-gpu/openb-pod-1862,6614
7423,create,paib-gpu/openb-pod-0906,6615
7424,create,paib-gpu/openb-pod-4583,6616
7425,failed,paib-gpu/openb-pod-6338,6616
7426,create,paib-gpu/openb-pod-1920,6617
7427,create,paib-gpu/openb-pod-0500,6618
7428,failed,paib-gpu/openb-pod-1730,6618
7429,create,paib-gpu/openb-pod-6188,6619
7430,create,paib-gpu/openb-pod-0521,6620
7431,create,paib-gpu/openb-pod-7667,6621
7432,create,paib-gpu/openb-pod-1488,6622
7433,create,paib-gpu/openb-pod-6828,6623
7434,create,paib-gpu/openb-pod-7778,6624
7435,create,paib-gpu/openb-pod-2563,6625
7436,failed,paib-gpu/openb-pod-7601,6625
7437,create,paib-gpu/openb-pod-6615,6626
7438,create,paib-gpu/openb-pod-5125,6627
7439,create,paib-gpu/openb-pod-3437,6628
7440,create,paib-gpu/openb-pod-5454,6629
7441,create,paib-gpu/openb-pod-2659,6630
7442,create,paib-gpu/openb-pod-2560,6631
7443,create,paib-gpu/openb-pod-6258,6632
7444,create,paib-gpu/openb-pod-6600,6633
7445,create,paib-gpu/openb-pod-5884,6634
7446,create,paib-gpu/openb-pod-1827,6635
7447,create,paib-gpu/openb-pod-4505,6636
7448,create,paib-gpu/openb-pod-5364,6637
7449,create,paib-gpu/openb-pod-1073,6638
7450,create,paib-gpu/openb-pod-5790,6639
7451,create,paib-gpu/openb-pod-6783,6640
7452,create,paib-gpu/openb-pod-6422,6641
7453,create,paib-gpu/openb-pod-1080,6642
7454,create,paib-gpu/openb-pod-6565,6643
7455,failed,paib-gpu/openb-pod-6833,6643
7456,failed,paib-gpu/openb-pod-3572,6643
7457,create,paib-gpu/openb-pod-2861,6644
7458,create,paib-gpu/openb-pod-0423,6645
7459,create,paib-gpu/openb-pod-7837,6646
7460,create,paib-gpu/openb-pod-0657,6647
7461,create,paib-gpu/openb-pod-2790,6648
7462,create,paib-gpu/openb-pod-5078,6649
7463,create,paib-gpu/openb-pod-2805,6650
7464,failed,paib-gpu/openb-pod-7107,6650
7465,create,paib-gpu/openb-pod-3567,6651
7466,create,paib-gpu/openb-pod-3459,6652
7467,create,paib-gpu/openb-pod-5957,6653
7468,create,paib-gpu/openb-pod-2042,6654
7469,create,paib-gpu/openb-pod-5876,6655
7470,create,paib-gpu/openb-pod-3915,6656
7471,create,paib-gpu/openb-pod-0076,6657
7472,create,paib-gpu/openb-pod-8048,6658
7473,create,paib-gpu/openb-pod-5954,6659
7474,create,paib-gpu/openb-pod-5360,6660
7475,create,paib-gpu/openb-pod-2482,6661
7476,create,paib-gpu/openb-pod-0770,6662
7477,failed,paib-gpu/openb-pod-1874,6662
7478,create,paib-gpu/openb-pod-2261,6663
7479,create,paib-gpu/openb-pod-5424,6664
7480,create,paib-gpu/openb-pod-3515,6665
7481,create,paib-gpu/openb-pod-2820,6666
7482,failed,paib-gpu/openb-pod-0174,6666
7483,create,paib-gpu/openb-pod-7690,6667
7484,create,paib-gpu/openb-pod-2366,6668
7485,create,paib-gpu/openb-pod-0518,6669
7486,create,paib-gpu/openb-pod-1356,6670
7487,create,paib-gpu/openb-pod-6678,6671
7488,create,paib-gpu/openb-pod-4415,6672
7489,create,paib-gpu/openb-pod-1054,6673
7490,create,paib-gpu/openb-pod-6984,6674
7491,create,paib-gpu/openb-pod-3023,6675
7492,create,paib-gpu/openb-pod-6836,6676
7493,create,paib-gpu/openb-pod-5719,6677
7494,create,paib-gpu/openb-pod-5531,6678
7495,create,paib-gpu/openb-pod-0980,6679
7496,create,paib-gpu/openb-pod-7474,6680
7497,create,paib-gpu/openb-pod-4941,6681
7498,create,paib-gpu/openb-pod-2839,6682
7499,create,paib-gpu/openb-pod-1220,6683
7500,create,paib-gpu/openb-pod-2430,6684
7501,create,paib-gpu/openb-pod-6525,6685
7502,create,paib-gpu/openb-pod-8056,6686
7503,create,paib-gpu/openb-pod-2080,6687
7504,create,paib-gpu/openb-pod-6987,6688
7505,create,paib-gpu/openb-pod-4351,6689
7506,failed,paib-gpu/openb-pod-1935,6689
7507,create,paib-gpu/openb-pod-1068,6690
7508,create,paib-gpu/openb-pod-1552,6691
7509,create,paib-gpu/openb-pod-4600,6692
7510,create,paib-gpu/openb-pod-3146,6693
7511,create,paib-gpu/openb-pod-3184,6694
7512,failed,paib-gpu/openb-pod-2549,6694
7513,failed,paib-gpu/openb-pod-0191,6694
7514,create,paib-gpu/openb-pod-1996,6695
7515,create,paib-gpu/openb-pod-0534,6696
7516,create,paib-gpu/openb-pod-4036,6697
7517,create,paib-gpu/openb-pod-4123,6698
7518,create,paib-gpu/openb-pod-2427,6699
7519,create,paib-gpu/openb-pod-0344,6700
7520,create,paib-gpu/openb-pod-3335,6701
7521,create,paib-gpu/openb-pod-2660,6702
7522,create,paib-gpu/openb-pod-0235,6703
7523,create,paib-gpu/openb-pod-3001,6704
7524,create,paib-gpu/openb-pod-2147,6705
7525,create,paib-gpu/openb-pod-1319,6706
7526,failed,paib-gpu/openb-pod-3054,6706
7527,create,paib-gpu/openb-pod-1610,6707
7528,failed,paib-gpu/openb-pod-8100,6707
7529,create,paib-gpu/openb-pod-5941,6708
7530,failed,paib-gpu/openb-pod-4802,6708
7531,create,paib-gpu/openb-pod-3026,6709
7532,create,paib-gpu/openb-pod-2260,6710
7533,create,paib-gpu/openb-pod-0246,6711
7534,create,paib-gpu/openb-pod-5054,6712
7535,create,paib-gpu/openb-pod-6796,6713
7536,create,paib-gpu/openb-pod-2898,6714
7537,create,paib-gpu/openb-pod-4070,6715
7538,create,paib-gpu/openb-pod-4391,6716
7539,create,paib-gpu/openb-pod-6693,6717
7540,create,paib-gpu/openb-pod-2593,6718
7541,create,paib-gpu/openb-pod-6242,6719
7542,failed,paib-gpu/openb-pod-7525,6719
7543,create,paib-gpu/openb-pod-0955,6720
7544,failed,paib-gpu/openb-pod-3044,6720
7545,create,paib-gpu/openb-pod-1475,6721
7546,create,paib-gpu/openb-pod-2570,6722
7547,create,paib-gpu/openb-pod-1895,6723
7548,create,paib-gpu/openb-pod-7900,6724
7549,create,paib-gpu/openb-pod-6371,6725
7550,create,paib-gpu/openb-pod-4008,6726
7551,create,paib-gpu/openb-pod-7314,6727
7552,create,paib-gpu/openb-pod-1744,6728
7553,create,paib-gpu/openb-pod-7245,6729
7554,create,paib-gpu/openb-pod-1295,6730
7555,create,paib-gpu/openb-pod-3937,6731
7556,failed,paib-gpu/openb-pod-4071,6731
7557,create,paib-gpu/openb-pod-2211,6732
7558,create,paib-gpu/openb-pod-7542,6733
7559,create,paib-gpu/openb-pod-4756,6734
7560,create,paib-gpu/openb-pod-1012,6735
7561,create,paib-gpu/openb-pod-3502,6736
7562,create,paib-gpu/openb-pod-7871,6737
7563,create,paib-gpu/openb-pod-4984,6738
7564,create,paib-gpu/openb-pod-2700,6739
7565,create,paib-gpu/openb-pod-5486,6740
7566,create,paib-gpu/openb-pod-3750,6741
7567,create,paib-gpu/openb-pod-4911,6742
7568,create,paib-gpu/openb-pod-2393,6743
7569,create,paib-gpu/openb-pod-7712,6744
7570,create,paib-gpu/openb-pod-4253,6745
7571,create,paib-gpu/openb-pod-1414,6746
7572,create,paib-gpu/openb-pod-6158,6747
7573,create,paib-gpu/openb-pod-7157,6748
7574,create,paib-gpu/openb-pod-3371,6749
7575,create,paib-gpu/openb-pod-5359,6750
7576,create,paib-gpu/openb-pod-3189,6751
7577,create,paib-gpu/openb-pod-7481,6752
7578,create,paib-gpu/openb-pod-7811,6753
7579,create,paib-gpu/openb-pod-0455,6754
7580,failed,paib-gpu/openb-pod-7445,6754
7581,create,paib-gpu/openb-pod-3425,6755
7582,create,paib-gpu/openb-pod-5298,6756
7583,failed,paib-gpu/openb-pod-5913,6756
7584,create,paib-gpu/openb-pod-1519,6757
7585,create,paib-gpu/openb-pod-7101,6758
7586,create,paib-gpu/openb-pod-3929,6759
7587,create,paib-gpu/openb-pod-1711,6760
7588,create,paib-gpu/openb-pod-6073,6761
7589,create,paib-gpu/openb-pod-0812,6762
7590,create,paib-gpu/openb-pod-2202,6763
7591,create,paib-gpu/openb-pod-7438,6764
7592,create,paib-gpu/openb-pod-6529,6765
7593,create,paib-gpu/openb-pod-1365,6766
7594,create,paib-gpu/openb-pod-5751,6767
7595,failed,paib-gpu/openb-pod-4279,6767
7596,create,paib-gpu/openb-pod-1664,6768
7597,create,paib-gpu/openb-pod-6153,6769
7598,create,paib-gpu/openb-pod-2972,6770
7599,create,paib-gpu/openb-pod-6541,6771
7600,create,paib-gpu/openb-pod-6240,6772
7601,create,paib-gpu/openb-pod-3938,6773
7602,create,paib-gpu/openb-pod-5322,6774
7603,create,paib-gpu/openb-pod-0336,6775
7604,create,paib-gpu/openb-pod-1317,6776
7605,create,paib-gpu/openb-pod-7816,6777
7606,create,paib-gpu/openb-pod-5560,6778
7607,create,paib-gpu/openb-pod-3193,6779
7608,create,paib-gpu/openb-pod-0545,6780
7609,create,paib-gpu/openb-pod-7328,6781
7610,create,paib-gpu/openb-pod-1199,6782
7611,create,paib-gpu/openb-pod-1153,6783
7612,create,paib-gpu/openb-pod-0045,6784
7613,create,paib-gpu/openb-pod-7836,6785
7614,failed,paib-gpu/openb-pod-7025,6785
7615,create,paib-gpu/openb-pod-3158,6786
7616,create,paib-gpu/openb-pod-2115,6787
7617,create,paib-gpu/openb-pod-6583,6788
7618,create,paib-gpu/openb-pod-2985,6789
7619,failed,paib-gpu/openb-pod-7095,6789
7620,create,paib-gpu/openb-pod-7227,6790
7621,create,paib-gpu/openb-pod-3988,6791
7622,create,paib-gpu/openb-pod-4820,6792
7623,create,paib-gpu/openb-pod-4869,6793
7624,create,paib-gpu/openb-pod-4590,6794
7625,create,paib-gpu/openb-pod-7887,6795
7626,failed,paib-gpu/openb-pod-6171,6795
7627,create,paib-gpu/openb-pod-3472,6796
7628,failed,paib-gpu/openb-pod-3304,6796
7629,create,paib-gpu/openb-pod-1571,6797
7630,create,paib-gpu/openb-pod-2588,6798
7631,create,paib-gpu/openb-pod-0553,6799
7632,create,paib-gpu/openb-pod-6550,6800
7633,create,paib-gpu/openb-pod-5406,6801
7634,failed,paib-gpu/openb-pod-7423,6801
7635,create,paib-gpu/openb-pod-4273,6802
7636,create,paib-gpu/openb-pod-5291,6803
7637,create,paib-gpu/openb-pod-0146,6804
7638,create,paib-gpu/openb-pod-0758,6805
7639,failed,paib-gpu/openb-pod-4345,6805
7640,create,paib-gpu/openb-pod-7099,6806
7641,create,paib-gpu/openb-pod-4464,6807
7642,create,paib-gpu/openb-pod-6002,6808
7643,create,paib-gpu/openb-pod-6394,6809
7644,create,paib-gpu/openb-pod-2515,6810
7645,create,paib-gpu/openb-pod-3722,6811
7646,create,paib-gpu/openb-pod-0997,6812
7647,create,paib-gpu/openb-pod-0462,6813
7648,create,paib-gpu/openb-pod-4582,6814
7649,create,paib-gpu/openb-pod-4247,6815
7650,create,paib-gpu/openb-pod-1487,6816
7651,create,paib-gpu/openb-pod-6905,6817
7652,create,paib-gpu/openb-pod-3625,6818
7653,create,paib-gpu/openb-pod-7986,6819
7654,create,paib-gpu/openb-pod-3332,6820
7655,create,paib-gpu/openb-pod-6094,6821
7656,create,paib-gpu/openb-pod-0176,6822
7657,create,paib-gpu/openb-pod-5529,6823
7658,create,paib-gpu/openb-pod-1322,6824
7659,create,paib-gpu/openb-pod-3166,6825
7660,create,paib-gpu/openb-pod-3100,6826
7661,create,paib-gpu/openb-pod-2054,6827
7662,create,paib-gpu/openb-pod-2656,6828
7663,create,paib-gpu/openb-pod-4605,6829
7664,create,paib-gpu/openb-pod-2380,6830
7665,create,paib-gpu/openb-pod-7842,6831
7666,failed,paib-gpu/openb-pod-5601,6831
7667,create,paib-gpu/openb-pod-5924,6832
7668,create,paib-gpu/openb-pod-5328,6833
7669,create,paib-gpu/openb-pod-4016,6834
7670,create,paib-gpu/openb-pod-0580,6835
7671,create,paib-gpu/openb-pod-3645,6836
7672,failed,paib-gpu/openb-pod-3933,6836
7673,create,paib-gpu/openb-pod-3021,6837
7674,failed,paib-gpu/openb-pod-4578,6837
7675,create,paib-gpu/openb-pod-3347,6838
7676,create,paib-gpu/openb-pod-5096,6839
7677,create,paib-gpu/openb-pod-4158,6840
7678,create,paib-gpu/openb-pod-6254,6841
7679,create,paib-gpu/openb-pod-7144,6842
7680,create,paib-gpu/openb-pod-2365,6843
7681,failed,paib-gpu/openb-pod-2579,6843
7682,create,paib-gpu/openb-pod-5370,6844
7683,create,paib-gpu/openb-pod-0311,6845
7684,create,paib-gpu/openb-pod-7491,6846
7685,failed,paib-gpu/openb-pod-0458,6846
7686,create,paib-gpu/openb-pod-7782,6847
7687,create,paib-gpu/openb-pod-4557,6848
7688,create,paib-gpu/openb-pod-0611,6849
7689,create,paib-gpu/openb-pod-1922,6850
7690,create,paib-gpu/openb-pod-4818,6851
7691,create,paib-gpu/openb-pod-4330,6852
7692,failed,paib-gpu/openb-pod-0139,6852
7693,create,paib-gpu/openb-pod-5309,6853
7694,create,paib-gpu/openb-pod-7217,6854
7695,create,paib-gpu/openb-pod-4343,6855
7696,create,paib-gpu/openb-pod-1684,6856
7697,create,paib-gpu/openb-pod-4108,6857
7698,create,paib-gpu/openb-pod-5172,6858
7699,failed,paib-gpu/openb-pod-3206,6858
7700,create,paib-gpu/openb-pod-7369,6859
7701,create,paib-gpu/openb-pod-1783,6860
7702,failed,paib-gpu/openb-pod-3909,6860
7703,create,paib-gpu/openb-pod-2545,6861
7704,create,paib-gpu/openb-pod-7492,6862
7705,create,paib-gpu/openb-pod-7313,6863
7706,failed,paib-gpu/openb-pod-5900,6863
7707,create,paib-gpu/openb-pod-1710,6864
7708,failed,paib-gpu/openb-pod-7516,6864
7709,create,paib-gpu/openb-pod-8060,6865
7710,create,paib-gpu/openb-pod-1147,6866
7711,failed,paib-gpu/openb-pod-2776,6866
7712,failed,paib-gpu/openb-pod-7192,6866
7713,create,paib-gpu/openb-pod-6289,6867
7714,create,paib-gpu/openb-pod-3376,6868
7715,create,paib-gpu/openb-pod-1580,6869
7716,create,paib-gpu/openb-pod-3836,6870
7717,create,paib-gpu/openb-pod-6981,6871
7718,create,paib-gpu/openb-pod-5994,6872
7719,create,paib-gpu/openb-pod-7725,6873
7720,create,paib-gpu/openb-pod-1477,6874
7721,create,paib-gpu/openb-pod-5931,6875
7722,failed,paib-gpu/openb-pod-6284,6875
7723,failed,paib-gpu/openb-pod-1915,6875
7724,create,paib-gpu/openb-pod-1835,6876
7725,create,paib-gpu/openb-pod-5143,6877
7726,create,paib-gpu/openb-pod-2258,6878
7727,create,paib-gpu/openb-pod-6855,6879
7728,create,paib-gpu/openb-pod-4970,6880
7729,create,paib-gpu/openb-pod-5295,6881
7730,create,paib-gpu/openb-pod-1310,6882
7731,create,paib-gpu/openb-pod-6962,6883
7732,create,paib-gpu/openb-pod-4571,6884
7733,create,paib-gpu/openb-pod-2948,6885
7734,create,paib-gpu/openb-pod-7198,6886
7735,create,paib-gpu/openb-pod-7317,6887
7736,failed,paib-gpu/openb-pod-0796,6887
7737,create,paib-gpu/openb-pod-7645,6888
7738,create,paib-gpu/openb-pod-4357,6889
7739,create,paib-gpu/openb-pod-4559,6890
7740,create,paib-gpu/openb-pod-2455,6891
7741,create,paib-gpu/openb-pod-1354,6892
7742,create,paib-gpu/openb-pod-2619,6893
7743,create,paib-gpu/openb-pod-7614,6894
7744,create,paib-gpu/openb-pod-2884,6895
7745,create,paib-gpu/openb-pod-0775,6896
7746,create,paib-gpu/openb-pod-2657,6897
7747,create,paib-gpu/openb-pod-0142,6898
7748,failed,paib-gpu/openb-pod-0613,6898
7749,failed,paib-gpu/openb-pod-1831,6898
7750,create,paib-gpu/openb-pod-2735,6899
7751,failed,paib-gpu/openb-pod-5617,6899
7752,failed,paib-gpu/openb-pod-3254,6899
7753,create,paib-gpu/openb-pod-7882,6900
7754,failed,paib-gpu/openb-pod-2452,6900
7755,failed,paib-gpu/openb-pod-7775,6900
7756,create,paib-gpu/openb-pod-3694,6901
7757,create,paib-gpu/openb-pod-4897,6902
7758,create,paib-gpu/openb-pod-1206,6903
7759,failed,paib-gpu/openb-pod-7156,6903
7760,create,paib-gpu/openb-pod-6618,6904
7761,create,paib-gpu/openb-pod-2363,6905
7762,create,paib-gpu/openb-pod-5337,6906
7763,create,paib-gpu/openb-pod-5423,6907
7764,create,paib-gpu/openb-pod-6760,6908
7765,create,paib-gpu/openb-pod-0924,6909
7766,create,paib-gpu/openb-pod-6407,6910
7767,failed,paib-gpu/openb-pod-4361,6910
7768,create,paib-gpu/openb-pod-7333,6911
7769,create,paib-gpu/openb-pod-1616,6912
7770,create,paib-gpu/openb-pod-0793,6913
7771,create,paib-gpu/openb-pod-6489,6914
7772,failed,paib-gpu/openb-pod-2550,6914
7773,create,paib-gpu/openb-pod-5847,6915
7774,create,paib-gpu/openb-pod-1285,6916
7775,create,paib-gpu/openb-pod-2316,6917
7776,create,paib-gpu/openb-pod-0171,6918
7777,create,paib-gpu/openb-pod-1361,6919
7778,create,paib-gpu/openb-pod-6507,6920
7779,create,paib-gpu/openb-pod-4905,6921
7780,create,paib-gpu/openb-pod-7709,6922
7781,create,paib-gpu/openb-pod-2730,6923
7782,create,paib-gpu/openb-pod-5260,6924
7783,create,paib-gpu/openb-pod-3467,6925
7784,create,paib-gpu/openb-pod-2753,6926
7785,create,paib-gpu/openb-pod-2662,6927
7786,create,paib-gpu/openb-pod-1034,6928
7787,create,paib-gpu/openb-pod-4236,6929
7788,create,paib-gpu/openb-pod-5481,6930
7789,failed,paib-gpu/openb-pod-2538,6930
7790,create,paib-gpu/openb-pod-0761,6931
7791,create,paib-gpu/openb-pod-1503,6932
7792,create,paib-gpu/openb-pod-0927,6933
7793,create,paib-gpu/openb-pod-3129,6934
7794,create,paib-gpu/openb-pod-5464,6935
7795,create,paib-gpu/openb-pod-6269,6936
7796,create,paib-gpu/openb-pod-0875,6937
7797,create,paib-gpu/openb-pod-7371,6938
7798,create,paib-gpu/openb-pod-0436,6939
7799,create,paib-gpu/openb-pod-8001,6940
7800,create,paib-gpu/openb-pod-2124,6941
7801,create,paib-gpu/openb-pod-0881,6942
7802,create,paib-gpu/openb-pod-0598,6943
7803,create,paib-gpu/openb-pod-1338,6944
7804,create,paib-gpu/openb-pod-5758,6945
7805,create,paib-gpu/openb-pod-1395,6946
7806,create,paib-gpu/openb-pod-5238,6947
7807,create,paib-gpu/openb-pod-3535,6948
7808,create,paib-gpu/openb-pod-1297,6949
7809,create,paib-gpu/openb-pod-5764,6950
7810,create,paib-gpu/openb-pod-7873,6951
7811,create,paib-gpu/openb-pod-1547,6952
7812,create,paib-gpu/openb-pod-0585,6953
7813,create,paib-gpu/openb-pod-7892,6954
7814,create,paib-gpu/openb-pod-6126,6955
7815,create,paib-gpu/openb-pod-6166,6956
7816,create,paib-gpu/openb-pod-4085,6957
7817,create,paib-gpu/openb-pod-2638,6958
7818,create,paib-gpu/openb-pod-6431,6959
7819,create,paib-gpu/openb-pod-6972,6960
7820,create,paib-gpu/openb-pod-6246,6961
7821,create,paib-gpu/openb-pod-6934,6962
7822,create,paib-gpu/openb-pod-0596,6963
7823,create,paib-gpu/openb-pod-1865,6964
7824,create,paib-gpu/openb-pod-3597,6965
7825,create,paib-gpu/openb-pod-6800,6966
7826,failed,paib-gpu/openb-pod-7251,6966
7827,create,paib-gpu/openb-pod-5731,6967
7828,create,paib-gpu/openb-pod-3748,6968
7829,create,paib-gpu/openb-pod-3025,6969
7830,create,paib-gpu/openb-pod-4934,6970
7831,create,paib-gpu/openb-pod-4809,6971
7832,create,paib-gpu/openb-pod-1481,6972
7833,create,paib-gpu/openb-pod-5471,6973
7834,create,paib-gpu/openb-pod-1074,6974
7835,create,paib-gpu/openb-pod-4126,6975
7836,create,paib-gpu/openb-pod-5585,6976
7837,create,paib-gpu/openb-pod-3058,6977
7838,create,paib-gpu/openb-pod-1898,6978
7839,create,paib-gpu/openb-pod-6075,6979
7840,create,paib-gpu/openb-pod-7608,6980
7841,create,paib-gpu/openb-pod-8078,6981
7842,create,paib-gpu/openb-pod-0784,6982
7843,create,paib-gpu/openb-pod-0273,6983
7844,create,paib-gpu/openb-pod-1309,6984
7845,create,paib-gpu/openb-pod-4667,6985
7846,failed,paib-gpu/openb-pod-3769,6985
7847,failed,paib-gpu/openb-pod-4256,6985
7848,create,paib-gpu/openb-pod-3239,6986
7849,create,paib-gpu/openb-pod-5788,6987
7850,create,paib-gpu/openb-pod-7861,6988
7851,failed,paib-gpu/openb-pod-0588,6988
7852,create,paib-gpu/openb-pod-6392,6989
7853,create,paib-gpu/openb-pod-7883,6990
7854,create,paib-gpu/openb-pod-7239,6991
7855,create,paib-gpu/openb-pod-1472,6992
7856,create,paib-gpu/openb-pod-4647,6993
7857,create,paib-gpu/openb-pod-1972,6994
7858,create,paib-gpu/openb-pod-2160,6995
7859,create,paib-gpu/openb-pod-6410,6996
7860,create,paib-gpu/openb-pod-7914,6997
7861,create,paib-gpu/openb-pod-0765,6998
7862,create,paib-gpu/openb-pod-2319,6999
7863,create,paib-gpu/openb-pod-1987,7000
7864,failed,paib-gpu/openb-pod-2269,7000
7865,create,paib-gpu/openb-pod-3732,7001
7866,create,paib-gpu/openb-pod-5669,7002
7867,create,paib-gpu/openb-pod-4442,7003
7868,create,paib-gpu/openb-pod-2246,7004
7869,create,paib-gpu/openb-pod-7578,7005
7870,create,paib-gpu/openb-pod-5826,7006
7871,create,paib-gpu/openb-pod-3673,7007
7872,failed,paib-gpu/openb-pod-1084,7007
7873,create,paib-gpu/openb-pod-1225,7008
7874,create,paib-gpu/openb-pod-1065,7009
7875,create,paib-gpu/openb-pod-7956,7010
7876,create,paib-gpu/openb-pod-3514,7011
7877,create,paib-gpu/openb-pod-2411,7012
7878,create,paib-gpu/openb-pod-1825,7013
7879,create,paib-gpu/openb-pod-7920,7014
7880,create,paib-gpu/openb-pod-2734,7015
7881,failed,paib-gpu/openb-pod-4536,7015
7882,create,paib-gpu/openb-pod-1331,7016
7883,create,paib-gpu/openb-pod-6542,7017
7884,create,paib-gpu/openb-pod-1557,7018
7885,create,paib-gpu/openb-pod-6748,7019
7886,create,paib-gpu/openb-pod-0286,7020
7887,create,paib-gpu/openb-pod-1255,7021
7888,create,paib-gpu/openb-pod-5629,7022
7889,create,paib-gpu/openb-pod-1466,7023
7890,create,paib-gpu/openb-pod-0169,7024
7891,create,paib-gpu/openb-pod-2777,7025
7892,failed,paib-gpu/openb-pod-7506,7025
7893,create,paib-gpu/openb-pod-5040,7026
7894,create,paib-gpu/openb-pod-2853,7027
7895,create,paib-gpu/openb-pod-5600,7028
7896,create,paib-gpu/openb-pod-1498,7029
7897,create,paib-gpu/openb-pod-8032,7030
7898,create,paib-gpu/openb-pod-6555,7031
7899,create,paib-gpu/openb-pod-2444,7032
7900,create,paib-gpu/openb-pod-7710,7033
7901,create,paib-gpu/openb-pod-4139,7034
7902,failed,paib-gpu/openb-pod-3838,7034
7903,create,paib-gpu/openb-pod-7686,7035
7904,create,paib-gpu/openb-pod-5320,7036
7905,create,paib-gpu/openb-pod-7699,7037
7906,create,paib-gpu/openb-pod-6778,7038
7907,create,paib-gpu/openb-pod-7514,7039
7908,create,paib-gpu/openb-pod-6929,7040
7909,create,paib-gpu/openb-pod-6572,7041
7910,create,paib-gpu/openb-pod-1811,7042
7911,create,paib-gpu/openb-pod-2530,7043
7912,create,paib-gpu/openb-pod-4058,7044
7913,create,paib-gpu/openb-pod-1083,7045
7914,create,paib-gpu/openb-pod-0472,7046
7915,create,paib-gpu/openb-pod-4497,7047
7916,create,paib-gpu/openb-pod-0903,7048
7917,failed,paib-gpu/openb-pod-0482,7048
7918,create,paib-gpu/openb-pod-0673,7049
7919,create,paib-gpu/openb-pod-2802,7050
7920,create,paib-gpu/openb-pod-6633,7051
7921,create,paib-gpu/openb-pod-7292,7052
7922,create,paib-gpu/openb-pod-3192,7053
7923,create,paib-gpu/openb-pod-1840,7054
7924,create,paib-gpu/openb-pod-0309,7055
7925,create,paib-gpu/openb-pod-2049,7056
7926,create,paib-gpu/openb-pod-8004,7057
7927,create,paib-gpu/openb-pod-2539,7058
7928,create,paib-gpu/openb-pod-2371,7059
7929,create,paib-gpu/openb-pod-7707,7060
7930,create,paib-gpu/openb-pod-6950,7061
7931,create,paib-gpu/openb-pod-3334,7062
7932,create,paib-gpu/openb-pod-2197,7063
7933,create,paib-gpu/openb-pod-1609,7064
7934,create,paib-gpu/openb-pod-1404,7065
7935,create,paib-gpu/openb-pod-5535,7066
7936,create,paib-gpu/openb-pod-6742,7067
7937,create,paib-gpu/openb-pod-1267,7068
7938,create,paib-gpu/openb-pod-2448,7069
7939,create,paib-gpu/openb-pod-4651,7070
7940,create,paib-gpu/openb-pod-7569,7071
7941,create,paib-gpu/openb-pod-3654,7072
7942,create,paib-gpu/openb-pod-5285,7073
7943,failed,paib-gpu/openb-pod-7687,7073
7944,create,paib-gpu/openb-pod-5592,7074
7945,create,paib-gpu/openb-pod-0768,7075
7946,create,paib-gpu/openb-pod-4613,7076
7947,create,paib-gpu/openb-pod-7477,7077
7948,create,paib-gpu/openb-pod-5918,7078
7949,failed,paib-gpu/openb-pod-6061,7078
7950,create,paib-gpu/openb-pod-1657,7079
7951,create,paib-gpu/openb-pod-4633,7080
7952,create,paib-gpu/openb-pod-0170,7081
7953,create,paib-gpu/openb-pod-2426,7082
7954,create,paib-gpu/openb-pod-3177,7083
7955,create,paib-gpu/openb-pod-2389,7084
7956,create,paib-gpu/openb-pod-7814,7085
7957,create,paib-gpu/openb-pod-3898,7086
7958,create,paib-gpu/openb-pod-2332,7087
7959,create,paib-gpu/openb-pod-1814,7088
7960,create,paib-gpu/openb-pod-1691,7089
7961,create,paib-gpu/openb-pod-1086,7090
7962,create,paib-gpu/openb-pod-1456,7091
7963,create,paib-gpu/openb-pod-0445,7092
7964,create,paib-gpu/openb-pod-0929,7093
7965,create,paib-gpu/openb-pod-7212,7094
7966,create,paib-gpu/openb-pod-1033,7095
7967,create,paib-gpu/openb-pod-7081,7096
7968,create,paib-gpu/openb-pod-2849,7097
7969,create,paib-gpu/openb-pod-4698,7098
7970,create,paib-gpu/openb-pod-2503,7099
7971,failed,paib-gpu/openb-pod-0922,7099
7972,create,paib-gpu/openb-pod-5835,7100
7973,create,paib-gpu/openb-pod-6993,7101
7974,create,paib-gpu/openb-pod-4258,7102
7975,create,paib-gpu/openb-pod-2017,7103
7976,create,paib-gpu/openb-pod-3320,7104
7977,create,paib-gpu/openb-pod-6323,7105
7978,create,paib-gpu/openb-pod-5829,7106
7979,create,paib-gpu/openb-pod-6710,7107
7980,create,paib-gpu/openb-pod-4531,7108
7981,create,paib-gpu/openb-pod-6598,7109
7982,create,paib-gpu/openb-pod-2525,7110
7983,create,paib-gpu/openb-pod-4195,7111
7984,create,paib-gpu/openb-pod-4870,7112
7985,create,paib-gpu/openb-pod-6302,7113
7986,create,paib-gpu/openb-pod-3792,7114
7987,create,paib-gpu/openb-pod-4059,7115
7988,failed,paib-gpu/openb-pod-7287,7115
7989,create,paib-gpu/openb-pod-2957,7116
7990,create,paib-gpu/openb-pod-7085,7117
7991,create,paib-gpu/openb-pod-3824,7118
7992,create,paib-gpu/openb-pod-4055,7119
7993,failed,paib-gpu/openb-pod-0496,7119
7994,failed,paib-gpu/openb-pod-6965,7119
7995,create,paib-gpu/openb-pod-3360,7120
7996,create,paib-gpu/openb-pod-2641,7121
7997,create,paib-gpu/openb-pod-5106,7122
7998,create,paib-gpu/openb-pod-2617,7123
7999,create,paib-gpu/openb-pod-3706,7124
8000,create,paib-gpu/openb-pod-1271,7125
8001,create,paib-gpu/openb-pod-3392,7126
8002,create,paib-gpu/openb-pod-7462,7127
8003,failed,paib-gpu/openb-pod-0897,7127
8004,create,paib-gpu/openb-pod-6316,7128
8005,create,paib-gpu/openb-pod-6765,7129
8006,create,paib-gpu/openb-pod-5631,7130
8007,create,paib-gpu/openb-pod-7507,7131
8008,failed,paib-gpu/openb-pod-0202,7131
8009,create,paib-gpu/openb-pod-3340,7132
8010,create,paib-gpu/openb-pod-4555,7133
8011,create,paib-gpu/openb-pod-5475,7134
8012,create,paib-gpu/openb-pod-5255,7135
8013,create,paib-gpu/openb-pod-1239,7136
8014,create,paib-gpu/openb-pod-5895,7137
8015,create,paib-gpu/openb-pod-1250,7138
8016,create,paib-gpu/openb-pod-1918,7139
8017,create,paib-gpu/openb-pod-3080,7140
8018,create,paib-gpu/openb-pod-7437,7141
8019,create,paib-gpu/openb-pod-2015,7142
8020,create,paib-gpu/openb-pod-1154,7143
8021,create,paib-gpu/openb-pod-3863,7144
8022,create,paib-gpu/openb-pod-4423,7145
8023,failed,paib-gpu/openb-pod-7461,7145
8024,create,paib-gpu/openb-pod-0891,7146
8025,create,paib-gpu/openb-pod-3453,7147
8026,create,paib-gpu/openb-pod-0515,7148
8027,failed,paib-gpu/openb-pod-7957,7148
8028,create,paib-gpu/openb-pod-1732,7149
8029,create,paib-gpu/openb-pod-5513,7150
8030,create,paib-gpu/openb-pod-7254,7151
8031,failed,paib-gpu/openb-pod-0671,7151
8032,failed,paib-gpu/openb-pod-1460,7151
8033,create,paib-gpu/openb-pod-8106,7152
8034,create,paib-gpu/openb-pod-0887,7153
8035,create,paib-gpu/openb-pod-0011,7154
8036,create,paib-gpu/openb-pod-2614,7155
8037,create,paib-gpu/openb-pod-5946,7156
8038,create,paib-gpu/openb-pod-6629,7157
8039,create,paib-gpu/openb-pod-2019,7158
8040,create,paib-gpu/openb-pod-8114,7159
8041,create,paib-gpu/openb-pod-5253,7160
8042,create,paib-gpu/openb-pod-2974,7161
8043,create,paib-gpu/openb-pod-5134,7162
8044,create,paib-gpu/openb-pod-5958,7163
8045,create,paib-gpu/openb-pod-2647,7164
8046,create,paib-gpu/openb-pod-4261,7165
8047,create,paib-gpu/openb-pod-7385,7166
8048,create,paib-gpu/openb-pod-7402,7167
8049,create,paib-gpu/openb-pod-1120,7168
8050,create,paib-gpu/openb-pod-8131,7169
8051,create,paib-gpu/openb-pod-7907,7170
8052,create,paib-gpu/openb-pod-0110,7171
8053,create,paib-gpu/openb-pod-4664,7172
8054,create,paib-gpu/openb-pod-3331,7173
8055,create,paib-gpu/openb-pod-7669,7174
8056,create,paib-gpu/openb-pod-2661,7175
8057,failed,paib-gpu/openb-pod-4263,7175
8058,create,paib-gpu/openb-pod-5420,7176
8059,failed,paib-gpu/openb-pod-1579,7176
8060,create,paib-gpu/openb-pod-6872,7177
8061,failed,paib-gpu/openb-pod-8010,7177
8062,create,paib-gpu/openb-pod-2204,7178
8063,create,paib-gpu/openb-pod-6402,7179
8064,failed,paib-gpu/openb-pod-1726,7179
8065,failed,paib-gpu/openb-pod-1260,7179
8066,failed,paib-gpu/openb-pod-6605,7179
8067,create,paib-gpu/openb-pod-5703,7180
8068,create,paib-gpu/openb-pod-3577,7181
8069,failed,paib-gpu/openb-pod-5928,7181
8070,create,paib-gpu/openb-pod-2203,7182
8071,failed,paib-gpu/openb-pod-7781,7182
8072,failed,paib-gpu/openb-pod-7384,7182
8073,create,paib-gpu/openb-pod-7058,7183
8074,failed,paib-gpu/openb-pod-3880,7183
8075,create,paib-gpu/openb-pod-0795,7184
8076,create,paib-gpu/openb-pod-3621,7185
8077,create,paib-gpu/openb-pod-4369,7186
8078,create,paib-gpu/openb-pod-5153,7187
8079,create,paib-gpu/openb-pod-7193,7188
8080,create,paib-gpu/openb-pod-3666,7189
8081,create,paib-gpu/openb-pod-5646,7190
8082,create,paib-gpu/openb-pod-2043,7191
8083,create,paib-gpu/openb-pod-7007,7192
8084,create,paib-gpu/openb-pod-7259,7193
8085,create,paib-gpu/openb-pod-4671,7194
8086,create,paib-gpu/openb-pod-2469,7195
8087,failed,paib-gpu/openb-pod-2412,7195
8088,create,paib-gpu/openb-pod-0490,7196
8089,create,paib-gpu/openb-pod-5862,7197
8090,failed,paib-gpu/openb-pod-1355,7197
8091,create,paib-gpu/openb-pod-5542,7198
8092,create,paib-gpu/openb-pod-7394,7199
8093,create,paib-gpu/openb-pod-2095,7200
8094,create,paib-gpu/openb-pod-0316,7201
8095,create,paib-gpu/openb-pod-2307,7202
8096,create,paib-gpu/openb-pod-3669,7203
8097,create,paib-gpu/openb-pod-1894,7204
8098,create,paib-gpu/openb-pod-4315,7205
8099,create,paib-gpu/openb-pod-6426,7206
8100,create,paib-gpu/openb-pod-7600,7207
8101,create,paib-gpu/openb-pod-1430,7208
8102,create,paib-gpu/openb-pod-1514,7209
8103,create,paib-gpu/openb-pod-6393,7210
8104,create,paib-gpu/openb-pod-4513,7211
8105,create,paib-gpu/openb-pod-4406,7212
8106,create,paib-gpu/openb-pod-6766,7213
8107,create,paib-gpu/openb-pod-4636,7214
8108,create,paib-gpu/openb-pod-5712,7215
8109,failed,paib-gpu/openb-pod-0461,7215
8110,create,paib-gpu/openb-pod-2070,7216
8111,failed,paib-gpu/openb-pod-6132,7216
8112,create,paib-gpu/openb-pod-6029,7217
8113,create,paib-gpu/openb-pod-5089,7218
8114,create,paib-gpu/openb-pod-1230,7219
8115,create,paib-gpu/openb-pod-6946,7220
8116,create,paib-gpu/openb-pod-7603,7221
8117,create,paib-gpu/openb-pod-7902,7222
8118,create,paib-gpu/openb-pod-0570,7223
8119,create,paib-gpu/openb-pod-8098,7224
8120,create,paib-gpu/openb-pod-7248,7225
8121,create,paib-gpu/openb-pod-5861,7226
8122,create,paib-gpu/openb-pod-2983,7227
8123,create,paib-gpu/openb-pod-1714,7228
8124,create,paib-gpu/openb-pod-3662,7229
8125,create,paib-gpu/openb-pod-1056,7230
8126,create,paib-gpu/openb-pod-7532,7231
8127,create,paib-gpu/openb-pod-0341,7232
8128,create,paib-gpu/openb-pod-5304,7233
8129,create,paib-gpu/openb-pod-1846,7234
8130,create,paib-gpu/openb-pod-2330,7235
8131,create,paib-gpu/openb-pod-2766,7236
8132,create,paib-gpu/openb-pod-0970,7237
8133,create,paib-gpu/openb-pod-7896,7238
8134,create,paib-gpu/openb-pod-7660,7239
8135,create,paib-gpu/openb-pod-5824,7240
8136,create,paib-gpu/openb-pod-5796,7241
8137,create,paib-gpu/openb-pod-3793,7242
8138,create,paib-gpu/openb-pod-5404,7243
8139,create,paib-gpu/openb-pod-0986,7244
8140,create,paib-gpu/openb-pod-2944,7245
8141,create,paib-gpu/openb-pod-1774,7246
8142,create,paib-gpu/openb-pod-5990,7247
8143,create,paib-gpu/openb-pod-5264,7248
8144,create,paib-gpu/openb-pod-3119,7249
8145,create,paib-gpu/openb-pod-3131,7250
8146,create,paib-gpu/openb-pod-6622,7251
8147,create,paib-gpu/openb-pod-3122,7252
8148,create,paib-gpu/openb-pod-0357,7253
8149,create,paib-gpu/openb-pod-1701,7254
8150,create,paib-gpu/openb-pod-4923,7255
8151,create,paib-gpu/openb-pod-0538,7256
8152,create,paib-gpu/openb-pod-3888-tuned-0,7257
8153,create,paib-gpu/openb-pod-5689-tuned-1,7258
8154,failed,paib-gpu/openb-pod-2936-tuned-2,7258
8155,create,paib-gpu/openb-pod-0788-tuned-3,7259
8156,failed,paib-gpu/openb-pod-5416-tuned-4,7259
8157,create,paib-gpu/openb-pod-0104-tuned-5,7260
8158,create,paib-gpu/openb-pod-5457-tuned-6,7261
8159,create,paib-gpu/openb-pod-3884-tuned-7,7262
8160,create,paib-gpu/openb-pod-0409-tuned-8,7263
8161,create,paib-gpu/openb-pod-5943-tuned-9,7264
8162,failed,paib-gpu/openb-pod-7224-tuned-10,7264
8163,create,paib-gpu/openb-pod-8104-tuned-11,7265
8164,create,paib-gpu/openb-pod-4282-tuned-12,7266
8165,create,paib-gpu/openb-pod-6363-tuned-13,7267
8166,create,paib-gpu/openb-pod-2310-tuned-14,7268
8167,create,paib-gpu/openb-pod-3635-tuned-15,7269
8168,create,paib-gpu/openb-pod-6483-tuned-16,7270
8169,create,paib-gpu/openb-pod-6281-tuned-17,7271
8170,create,paib-gpu/openb-pod-7638-tuned-18,7272
8171,create,paib-gpu/openb-pod-7416-tuned-19,7273
8172,failed,paib-gpu/openb-pod-0694-tuned-20,7273
8173,create,paib-gpu/openb-pod-0035-tuned-21,7274
8174,create,paib-gpu/openb-pod-2899-tuned-22,7275
8175,create,paib-gpu/openb-pod-4413-tuned-23,7276
8176,create,paib-gpu/openb-pod-3538-tuned-24,7277
8177,create,paib-gpu/openb-pod-0739-tuned-25,7278
8178,failed,paib-gpu/openb-pod-0204-tuned-26,7278
8179,create,paib-gpu/openb-pod-5875-tuned-27,7279
8180,create,paib-gpu/openb-pod-3767-tuned-28,7280
8181,create,paib-gpu/openb-pod-2352-tuned-29,7281
8182,create,paib-gpu/openb-pod-7110-tuned-30,7282
8183,failed,paib-gpu/openb-pod-2885-tuned-31,7282
8184,create,paib-gpu/openb-pod-4199-tuned-32,7283
8185,create,paib-gpu/openb-pod-3632-tuned-33,7284
8186,create,paib-gpu/openb-pod-8028-tuned-34,7285
8187,create,paib-gpu/openb-pod-3790-tuned-35,7286
8188,create,paib-gpu/openb-pod-2097-tuned-36,7287
8189,create,paib-gpu/openb-pod-3060-tuned-37,7288
8190,create,paib-gpu/openb-pod-4998-tuned-38,7289
8191,create,paib-gpu/openb-pod-1219-tuned-39,7290
8192,create,paib-gpu/openb-pod-0156-tuned-40,7291
8193,failed,paib-gpu/openb-pod-3489-tuned-41,7291
8194,create,paib-gpu/openb-pod-0435-tuned-42,7292
8195,create,paib-gpu/openb-pod-0950-tuned-43,7293
8196,create,paib-gpu/openb-pod-3302-tuned-44,7294
8197,create,paib-gpu/openb-pod-3191-tuned-45,7295
8198,create,paib-gpu/openb-pod-6599-tuned-46,7296
8199,create,paib-gpu/openb-pod-7433-tuned-47,7297
8200,create,paib-gpu/openb-pod-6466-tuned-48,7298
8201,create,paib-gpu/openb-pod-1279-tuned-49,7299
8202,create,paib-gpu/openb-pod-1436-tuned-50,7300
8203,create,paib-gpu/openb-pod-4702-tuned-51,7301
8204,create,paib-gpu/openb-pod-1491-tuned-52,7302
8205,failed,paib-gpu/openb-pod-1006-tuned-53,7302
8206,create,paib-gpu/openb-pod-7967-tuned-54,7303
8207,create,paib-gpu/openb-pod-2873-tuned-55,7304
8208,create,paib-gpu/openb-pod-0370-tuned-56,7305
8209,failed,paib-gpu/openb-pod-2688-tuned-57,7305
8210,create,paib-gpu/openb-pod-0896-tuned-58,7306
8211,create,paib-gpu/openb-pod-4603-tuned-59,7307
8212,failed,paib-gpu/openb-pod-7143-tuned-60,7307
8213,create,paib-gpu/openb-pod-0346-tuned-61,7308
8214,create,paib-gpu/openb-pod-0272-tuned-62,7309
8215,create,paib-gpu/openb-pod-4717-tuned-63,7310
8216,create,paib-gpu/openb-pod-1419-tuned-64,7311
8217,create,paib-gpu/openb-pod-6293-tuned-65,7312
8218,create,paib-gpu/openb-pod-6989-tuned-66,7313
8219,create,paib-gpu/openb-pod-6120-tuned-67,7314
8220,create,paib-gpu/openb-pod-2057-tuned-68,7315
8221,create,paib-gpu/openb-pod-1483-tuned-69,7316
8222,create,paib-gpu/openb-pod-1021-tuned-70,7317
8223,failed,paib-gpu/openb-pod-1397-tuned-71,7317
8224,failed,paib-gpu/openb-pod-0858-tuned-72,7317
8225,create,paib-gpu/openb-pod-4676-tuned-73,7318
8226,failed,paib-gpu/openb-pod-6728-tuned-74,7318
8227,create,paib-gpu/openb-pod-7428-tuned-75,7319
8228,create,paib-gpu/openb-pod-2512-tuned-76,7320
8229,failed,paib-gpu/openb-pod-6784-tuned-77,7320
8230,failed,paib-gpu/openb-pod-5601-tuned-78,7320
8231,failed,paib-gpu/openb-pod-2688-tuned-79,7320
8232,create,paib-gpu/openb-pod-6690-tuned-80,7321
8233,create,paib-gpu/openb-pod-8076-tuned-81,7322
8234,failed,paib-gpu/openb-pod-4944-tuned-82,7322
8235,create,paib-gpu/openb-pod-4839-tuned-83,7323
8236,create,paib-gpu/openb-pod-0173-tuned-84,7324
8237,create,paib-gpu/openb-pod-5012-tuned-85,7325
8238,create,paib-gpu/openb-pod-1950-tuned-86,7326
8239,create,paib-gpu/openb-pod-8046-tuned-87,7327
8240,create,paib-gpu/openb-pod-2992-tuned-88,7328
8241,create,paib-gpu/openb-pod-7390-tuned-89,7329
8242,create,paib-gpu/openb-pod-1609-tuned-90,7330
8243,create,paib-gpu/openb-pod-8019-tuned-91,7331
8244,create,paib-gpu/openb-pod-2235-tuned-92,7332
8245,create,paib-gpu/openb-pod-7819-tuned-93,7333
8246,create,paib-gpu/openb-pod-3624-tuned-94,7334
8247,create,paib-gpu/openb-pod-0743-tuned-95,7335
8248,failed,paib-gpu/openb-pod-7867-tuned-96,7335
8249,create,paib-gpu/openb-pod-0514-tuned-97,7336
8250,create,paib-gpu/openb-pod-6803-tuned-98,7337
8251,create,paib-gpu/openb-pod-4768-tuned-99,7338
8252,create,paib-gpu/openb-pod-4085-tuned-100,7339
8253,failed,paib-gpu/openb-pod-6189-tuned-101,7339
8254,create,paib-gpu/openb-pod-5003-tuned-102,7340
8255,create,paib-gpu/openb-pod-5107-tuned-103,7341
8256,create,paib-gpu/openb-pod-6898-tuned-104,7342
8257,failed,paib-gpu/openb-pod-2780-tuned-105,7342
8258,failed,paib-gpu/openb-pod-7843-tuned-106,7342
8259,create,paib-gpu/openb-pod-7655-tuned-107,7343
8260,failed,paib-gpu/openb-pod-4649-tuned-108,7343
8261,create,paib-gpu/openb-pod-1806-tuned-109,7344
8262,create,paib-gpu/openb-pod-6448-tuned-110,7345
8263,create,paib-gpu/openb-pod-5927-tuned-111,7346
8264,failed,paib-gpu/openb-pod-1084-tuned-112,7346
8265,create,paib-gpu/openb-pod-1716-tuned-113,7347
8266,failed,paib-gpu/openb-pod-8143-tuned-114,7347
8267,create,paib-gpu/openb-pod-3259-tuned-115,7348
8268,create,paib-gpu/openb-pod-1680-tuned-116,7349
8269,create,paib-gpu/openb-pod-0372-tuned-117,7350
8270,failed,paib-gpu/openb-pod-5032-tuned-118,7350
8271,create,paib-gpu/openb-pod-5291-tuned-119,7351
8272,create,paib-gpu/openb-pod-2635-tuned-120,7352
8273,create,paib-gpu/openb-pod-5605-tuned-121,7353
8274,create,paib-gpu/openb-pod-4419-tuned-122,7354
8275,create,paib-gpu/openb-pod-2172-tuned-123,7355
8276,create,paib-gpu/openb-pod-2079-tuned-124,7356
8277,create,paib-gpu/openb-pod-1870-tuned-125,7357
8278,create,paib-gpu/openb-pod-1610-tuned-126,7358
8279,create,paib-gpu/openb-pod-7724-tuned-127,7359
8280,failed,paib-gpu/openb-pod-2333-tuned-128,7359
8281,create,paib-gpu/openb-pod-6468-tuned-129,7360
8282,create,paib-gpu/openb-pod-0812-tuned-130,7361
8283,create,paib-gpu/openb-pod-2468-tuned-131,7362
8284,create,paib-gpu/openb-pod-2543-tuned-132,7363
8285,failed,paib-gpu/openb-pod-1556-tuned-133,7363
8286,create,paib-gpu/openb-pod-7620-tuned-134,7364
8287,create,paib-gpu/openb-pod-0367-tuned-135,7365
8288,create,paib-gpu/openb-pod-8102-tuned-136,7366
8289,create,paib-gpu/openb-pod-6102-tuned-137,7367
8290,create,paib-gpu/openb-pod-3348-tuned-138,7368
8291,create,paib-gpu/openb-pod-6992-tuned-139,7369
8292,create,paib-gpu/openb-pod-5772-tuned-140,7370
8293,create,paib-gpu/openb-pod-5614-tuned-141,7371
8294,create,paib-gpu/openb-pod-4269-tuned-142,7372
8295,create,paib-gpu/openb-pod-6970-tuned-143,7373
8296,create,paib-gpu/openb-pod-0954-tuned-144,7374
8297,create,paib-gpu/openb-pod-0486-tuned-145,7375
8298,create,paib-gpu/openb-pod-5093-tuned-146,7376
8299,create,paib-gpu/openb-pod-2810-tuned-147,7377
8300,failed,paib-gpu/openb-pod-5811-tuned-148,7377
8301,create,paib-gpu/openb-pod-3156-tuned-149,7378
8302,create,paib-gpu/openb-pod-7388-tuned-150,7379
8303,create,paib-gpu/openb-pod-2699-tuned-151,7380
8304,create,paib-gpu/openb-pod-3369-tuned-152,7381
8305,create,paib-gpu/openb-pod-5340-tuned-153,7382
8306,create,paib-gpu/openb-pod-3604-tuned-154,7383
8307,create,paib-gpu/openb-pod-2313-tuned-155,7384
8308,create,paib-gpu/openb-pod-3384-tuned-156,7385
8309,create,paib-gpu/openb-pod-0542-tuned-157,7386
8310,create,paib-gpu/openb-pod-2546-tuned-158,7387
8311,create,paib-gpu/openb-pod-2583-tuned-159,7388
8312,create,paib-gpu/openb-pod-5841-tuned-160,7389
8313,failed,paib-gpu/openb-pod-2538-tuned-161,7389
8314,create,paib-gpu/openb-pod-1275-tuned-162,7390
8315,create,paib-gpu/openb-pod-7063-tuned-163,7391
8316,create,paib-gpu/openb-pod-7142-tuned-164,7392
8317,create,paib-gpu/openb-pod-1672-tuned-165,7393
8318,create,paib-gpu/openb-pod-2241-tuned-166,7394
8319,create,paib-gpu/openb-pod-6376-tuned-167,7395
8320,create,paib-gpu/openb-pod-5047-tuned-168,7396
8321,create,paib-gpu/openb-pod-6202-tuned-169,7397
8322,create,paib-gpu/openb-pod-1314-tuned-170,7398
8323,create,paib-gpu/openb-pod-0523-tuned-171,7399
8324,create,paib-gpu/openb-pod-0084-tuned-172,7400
8325,create,paib-gpu/openb-pod-1388-tuned-173,7401
8326,create,paib-gpu/openb-pod-1781-tuned-174,7402
8327,create,paib-gpu/openb-pod-7431-tuned-175,7403
8328,create,paib-gpu/openb-pod-5522-tuned-176,7404
8329,create,paib-gpu/openb-pod-8139-tuned-177,7405
8330,failed,paib-gpu/openb-pod-5526-tuned-178,7405
8331,failed,paib-gpu/openb-pod-7139-tuned-179,7405
8332,create,paib-gpu/openb-pod-6128-tuned-180,7406
8333,create,paib-gpu/openb-pod-2349-tuned-181,7407
8334,create,paib-gpu/openb-pod-5336-tuned-182,7408
8335,create,paib-gpu/openb-pod-2093-tuned-183,7409
8336,create,paib-gpu/openb-pod-6937-tuned-184,7410
8337,create,paib-gpu/openb-pod-7140-tuned-185,7411
8338,create,paib-gpu/openb-pod-7326-tuned-186,7412
8339,create,paib-gpu/openb-pod-1372-tuned-187,7413
8340,create,paib-gpu/openb-pod-5433-tuned-188,7414
8341,create,paib-gpu/openb-pod-5066-tuned-189,7415
8342,create,paib-gpu/openb-pod-2701-tuned-190,7416
8343,create,paib-gpu/openb-pod-2325-tuned-191,7417
8344,create,paib-gpu/openb-pod-6904-tuned-192,7418
8345,create,paib-gpu/openb-pod-0533-tuned-193,7419
8346,create,paib-gpu/openb-pod-5081-tuned-194,7420
8347,create,paib-gpu/openb-pod-0663-tuned-195,7421
8348,create,paib-gpu/openb-pod-2834-tuned-196,7422
8349,create,paib-gpu/openb-pod-5114-tuned-197,7423
8350,create,paib-gpu/openb-pod-2180-tuned-198,7424
8351,create,paib-gpu/openb-pod-4434-tuned-199,7425
8352,create,paib-gpu/openb-pod-2971-tuned-200,7426
8353,create,paib-gpu/openb-pod-3470-tuned-201,7427
8354,failed,paib-gpu/openb-pod-2776-tuned-202,7427
8355,create,paib-gpu/openb-pod-1101-tuned-203,7428
8356,create,paib-gpu/openb-pod-5554-tuned-204,7429
8357,failed,paib-gpu/openb-pod-2391-tuned-205,7429
8358,create,paib-gpu/openb-pod-0777-tuned-206,7430
8359,create,paib-gpu/openb-pod-5929-tuned-207,7431
8360,create,paib-gpu/openb-pod-2980-tuned-208,7432
8361,create,paib-gpu/openb-pod-7106-tuned-209,7433
8362,create,paib-gpu/openb-pod-1278-tuned-210,7434
8363,create,paib-gpu/openb-pod-7694-tuned-211,7435
8364,create,paib-gpu/openb-pod-6699-tuned-212,7436
8365,create,paib-gpu/openb-pod-3222-tuned-213,7437
8366,create,paib-gpu/openb-pod-0656-tuned-214,7438
8367,create,paib-gpu/openb-pod-7312-tuned-215,7439
8368,create,paib-gpu/openb-pod-1270-tuned-216,7440
8369,create,paib-gpu/openb-pod-1816-tuned-217,7441
8370,create,paib-gpu/openb-pod-6600-tuned-218,7442
8371,create,paib-gpu/openb-pod-1310-tuned-219,7443
8372,failed,paib-gpu/openb-pod-4790-tuned-220,7443
8373,create,paib-gpu/openb-pod-1529-tuned-221,7444
8374,create,paib-gpu/openb-pod-5927-tuned-222,7445
8375,create,paib-gpu/openb-pod-1244-tuned-223,7446
8376,create,paib-gpu/openb-pod-5034-tuned-224,7447
8377,create,paib-gpu/openb-pod-0454-tuned-225,7448
8378,create,paib-gpu/openb-pod-0539-tuned-226,7449
8379,create,paib-gpu/openb-pod-6824-tuned-227,7450
8380,create,paib-gpu/openb-pod-4737-tuned-228,7451
8381,failed,paib-gpu/openb-pod-7574-tuned-229,7451
8382,create,paib-gpu/openb-pod-0748-tuned-230,7452
8383,failed,paib-gpu/openb-pod-2754-tuned-231,7452
8384,create,paib-gpu/openb-pod-3391-tuned-232,7453
8385,create,paib-gpu/openb-pod-6560-tuned-233,7454
8386,create,paib-gpu/openb-pod-3422-tuned-234,7455
8387,create,paib-gpu/openb-pod-2425-tuned-235,7456
8388,create,paib-gpu/openb-pod-0246-tuned-236,7457
8389,create,paib-gpu/openb-pod-3234-tuned-237,7458
8390,create,paib-gpu/openb-pod-2774-tuned-238,7459
8391,create,paib-gpu/openb-pod-5742-tuned-239,7460
8392,create,paib-gpu/openb-pod-4685-tuned-240,7461
8393,create,paib-gpu/openb-pod-2170-tuned-241,7462
8394,create,paib-gpu/openb-pod-4762-tuned-242,7463
8395,create,paib-gpu/openb-pod-7522-tuned-243,7464
8396,create,paib-gpu/openb-pod-3509-tuned-244,7465
8397,create,paib-gpu/openb-pod-1674-tuned-245,7466
8398,create,paib-gpu/openb-pod-5809-tuned-246,7467
8399,create,paib-gpu/openb-pod-7560-tuned-247,7468
8400,create,paib-gpu/openb-pod-2466-tuned-248,7469
8401,failed,paib-gpu/openb-pod-2050-tuned-249,7469
8402,create,paib-gpu/openb-pod-2450-tuned-250,7470
8403,create,paib-gpu/openb-pod-1537-tuned-251,7471
8404,create,paib-gpu/openb-pod-7349-tuned-252,7472
8405,create,paib-gpu/openb-pod-4927-tuned-253,7473
8406,failed,paib-gpu/openb-pod-6869-tuned-254,7473
8407,failed,paib-gpu/openb-pod-6771-tuned-255,7473
8408,create,paib-gpu/openb-pod-4477-tuned-256,7474
8409,create,paib-gpu/openb-pod-4309-tuned-257,7475
8410,create,paib-gpu/openb-pod-3679-tuned-258,7476
8411,create,paib-gpu/openb-pod-0755-tuned-259,7477
8412,create,paib-gpu/openb-pod-6519-tuned-260,7478
8413,create,paib-gpu/openb-pod-4228-tuned-261,7479
8414,create,paib-gpu/openb-pod-2769-tuned-262,7480
8415,create,paib-gpu/openb-pod-8111-tuned-263,7481
8416,create,paib-gpu/openb-pod-4262-tuned-264,7482
8417,failed,paib-gpu/openb-pod-3878-tuned-265,7482
8418,failed,paib-gpu/openb-pod-0509-tuned-266,7482
8419,failed,paib-gpu/openb-pod-5657-tuned-267,7482
8420,create,paib-gpu/openb-pod-2590-tuned-268,7483
8421,create,paib-gpu/openb-pod-6098-tuned-269,7484
8422,create,paib-gpu/openb-pod-2079-tuned-270,7485
8423,create,paib-gpu/openb-pod-1331-tuned-271,7486
8424,failed,paib-gpu/openb-pod-2714-tuned-272,7486
8425,create,paib-gpu/openb-pod-5034-tuned-273,7487
8426,create,paib-gpu/openb-pod-7439-tuned-274,7488
8427,create,paib-gpu/openb-pod-7411-tuned-275,7489
8428,create,paib-gpu/openb-pod-3726-tuned-276,7490
8429,create,paib-gpu/openb-pod-4923-tuned-277,7491
8430,create,paib-gpu/openb-pod-3877-tuned-278,7492
8431,failed,paib-gpu/openb-pod-3288-tuned-279,7492
8432,create,paib-gpu/openb-pod-5804-tuned-280,7493
8433,create,paib-gpu/openb-pod-2212-tuned-281,7494
8434,create,paib-gpu/openb-pod-7621-tuned-282,7495
8435,failed,paib-gpu/openb-pod-4112-tuned-283,7495
8436,create,paib-gpu/openb-pod-2825-tuned-284,7496
8437,create,paib-gpu/openb-pod-6778-tuned-285,7497
8438,create,paib-gpu/openb-pod-4863-tuned-286,7498
8439,failed,paib-gpu/openb-pod-5581-tuned-287,7498
8440,create,paib-gpu/openb-pod-4743-tuned-288,7499
8441,create,paib-gpu/openb-pod-5296-tuned-289,7500
8442,create,paib-gpu/openb-pod-4145-tuned-290,7501
8443,create,paib-gpu/openb-pod-6825-tuned-291,7502
8444,failed,paib-gpu/openb-pod-6792-tuned-292,7502
8445,create,paib-gpu/openb-pod-4015-tuned-293,7503
8446,create,paib-gpu/openb-pod-2623-tuned-294,7504
8447,create,paib-gpu/openb-pod-6841-tuned-295,7505
8448,failed,paib-gpu/openb-pod-2156-tuned-296,7505
8449,create,paib-gpu/openb-pod-1261-tuned-297,7506
8450,create,paib-gpu/openb-pod-6037-tuned-298,7507
8451,create,paib-gpu/openb-pod-0868-tuned-299,7508
8452,create,paib-gpu/openb-pod-3959-tuned-300,7509
8453,create,paib-gpu/openb-pod-0490-tuned-301,7510
8454,create,paib-gpu/openb-pod-7068-tuned-302,7511
8455,create,paib-gpu/openb-pod-1015-tuned-303,7512
8456,create,paib-gpu/openb-pod-2665-tuned-304,7513
8457,create,paib-gpu/openb-pod-1684-tuned-305,7514
8458,create,paib-gpu/openb-pod-0286-tuned-306,7515
8459,create,paib-gpu/openb-pod-3257-tuned-307,7516
8460,create,paib-gpu/openb-pod-2987-tuned-308,7517
8461,create,paib-gpu/openb-pod-0427-tuned-309,7518
8462,failed,paib-gpu/openb-pod-1036-tuned-310,7518
8463,failed,paib-gpu/openb-pod-3720-tuned-311,7518
8464,create,paib-gpu/openb-pod-0832-tuned-312,7519
8465,create,paib-gpu/openb-pod-4091-tuned-313,7520
8466,create,paib-gpu/openb-pod-4295-tuned-314,7521
8467,create,paib-gpu/openb-pod-7369-tuned-315,7522
8468,create,paib-gpu/openb-pod-2211-tuned-316,7523
8469,create,paib-gpu/openb-pod-1035-tuned-317,7524
8470,create,paib-gpu/openb-pod-5348-tuned-318,7525
8471,create,paib-gpu/openb-pod-2868-tuned-319,7526
8472,create,paib-gpu/openb-pod-7647-tuned-320,7527
8473,create,paib-gpu/openb-pod-0507-tuned-321,7528
8474,create,paib-gpu/openb-pod-1123-tuned-322,7529
8475,failed,paib-gpu/openb-pod-3795-tuned-323,7529
8476,create,paib-gpu/openb-pod-0198-tuned-324,7530
8477,create,paib-gpu/openb-pod-7478-tuned-325,7531
8478,create,paib-gpu/openb-pod-5875-tuned-326,7532
8479,create,paib-gpu/openb-pod-6271-tuned-327,7533
8480,create,paib-gpu/openb-pod-4184-tuned-328,7534
8481,create,paib-gpu/openb-pod-2066-tuned-329,7535
8482,create,paib-gpu/openb-pod-0582-tuned-330,7536
8483,failed,paib-gpu/openb-pod-6025-tuned-331,7536
8484,create,paib-gpu/openb-pod-2082-tuned-332,7537
8485,create,paib-gpu/openb-pod-7472-tuned-333,7538
8486,create,paib-gpu/openb-pod-4919-tuned-334,7539
8487,create,paib-gpu/openb-pod-8030-tuned-335,7540
8488,create,paib-gpu/openb-pod-0808-tuned-336,7541
8489,failed,paib-gpu/openb-pod-1727-tuned-337,7541
8490,create,paib-gpu/openb-pod-4795-tuned-338,7542
8491,create,paib-gpu/openb-pod-1038-tuned-339,7543
8492,create,paib-gpu/openb-pod-2488-tuned-340,7544
8493,create,paib-gpu/openb-pod-4837-tuned-341,7545
8494,create,paib-gpu/openb-pod-3712-tuned-342,7546
8495,create,paib-gpu/openb-pod-1296-tuned-343,7547
8496,create,paib-gpu/openb-pod-8085-tuned-344,7548
8497,create,paib-gpu/openb-pod-4762-tuned-345,7549
8498,create,paib-gpu/openb-pod-2958-tuned-346,7550
8499,failed,paib-gpu/openb-pod-2579-tuned-347,7550
8500,create,paib-gpu/openb-pod-8044-tuned-348,7551
8501,create,paib-gpu/openb-pod-4225-tuned-349,7552
8502,create,paib-gpu/openb-pod-4422-tuned-350,7553
8503,create,paib-gpu/openb-pod-4748-tuned-351,7554
8504,create,paib-gpu/openb-pod-2492-tuned-352,7555
8505,create,paib-gpu/openb-pod-7573-tuned-353,7556
8506,create,paib-gpu/openb-pod-6343-tuned-354,7557
8507,create,paib-gpu/openb-pod-7282-tuned-355,7558
8508,create,paib-gpu/openb-pod-7122-tuned-356,7559
8509,create,paib-gpu/openb-pod-1858-tuned-357,7560
8510,create,paib-gpu/openb-pod-4305-tuned-358,7561
8511,failed,paib-gpu/openb-pod-1893-tuned-359,7561
8512,failed,paib-gpu/openb-pod-6660-tuned-360,7561
8513,create,paib-gpu/openb-pod-0646-tuned-361,7562
8514,create,paib-gpu/openb-pod-0860-tuned-362,7563
8515,failed,paib-gpu/openb-pod-6890-tuned-363,7563
8516,failed,paib-gpu/openb-pod-7759-tuned-364,7563
8517,failed,paib-gpu/openb-pod-2055-tuned-365,7563
8518,failed,paib-gpu/openb-pod-8004-tuned-366,7563
8519,failed,paib-gpu/openb-pod-2969-tuned-367,7563
8520,failed,paib-gpu/openb-pod-5159-tuned-368,7563
8521,create,paib-gpu/openb-pod-7458-tuned-369,7564
8522,create,paib-gpu/openb-pod-2761-tuned-370,7565
8523,failed,paib-gpu/openb-pod-1040-tuned-371,7565
8524,create,paib-gpu/openb-pod-6259-tuned-372,7566
8525,failed,paib-gpu/openb-pod-1666-tuned-373,7566
8526,failed,paib-gpu/openb-pod-4231-tuned-374,7566
8527,failed,paib-gpu/openb-pod-3076-tuned-375,7566
8528,create,paib-gpu/openb-pod-1992-tuned-376,7567
8529,failed,paib-gpu/openb-pod-2505-tuned-377,7567
8530,failed,paib-gpu/openb-pod-1135-tuned-378,7567
8531,create,paib-gpu/openb-pod-1763-tuned-379,7568
8532,failed,paib-gpu/openb-pod-7468-tuned-380,7568
8533,failed,paib-gpu/openb-pod-1172-tuned-381,7568
8534,failed,paib-gpu/openb-pod-6196-tuned-382,7568
8535,failed,paib-gpu/openb-pod-5201-tuned-383,7568
8536,failed,paib-gpu/openb-pod-7475-tuned-384,7568
8537,failed,paib-gpu/openb-pod-0700-tuned-385,7568
8538,failed,paib-gpu/openb-pod-5848-tuned-386,7568
8539,failed,paib-gpu/openb-pod-3580-tuned-387,7568
8540,create,paib-gpu/openb-pod-3242-tuned-388,7569
8541,create,paib-gpu/openb-pod-0060-tuned-389,7570
8542,failed,paib-gpu/openb-pod-4104-tuned-390,7570
8543,failed,paib-gpu/openb-pod-2918-tuned-391,7570
8544,failed,paib-gpu/openb-pod-4728-tuned-392,7570
8545,failed,paib-gpu/openb-pod-3795-tuned-393,7570
8546,failed,paib-gpu/openb-pod-5497-tuned-394,7570
8547,failed,paib-gpu/openb-pod-2010-tuned-395,7570
8548,failed,paib-gpu/openb-pod-4115-tuned-396,7570
8549,failed,paib-gpu/openb-pod-5926-tuned-397,7570
8550,failed,paib-gpu/openb-pod-0487-tuned-398,7570
8551,failed,paib-gpu/openb-pod-4054-tuned-399,7570
8552,failed,paib-gpu/openb-pod-6664-tuned-400,7570
8553,failed,paib-gpu/openb-pod-0699-tuned-401,7570
8554,failed,paib-gpu/openb-pod-7653-tuned-402,7570
8555,failed,paib-gpu/openb-pod-5095-tuned-403,7570
8556,failed,paib-gpu/openb-pod-8120-tuned-404,7570
8557,failed,paib-gpu/openb-pod-4666-tuned-405,7570
8558,failed,paib-gpu/openb-pod-0896-tuned-406,7570
8559,failed,paib-gpu/openb-pod-7899-tuned-407,7570
8560,create,paib-gpu/openb-pod-3516-tuned-408,7571
8561,failed,paib-gpu/openb-pod-5284-tuned-409,7571
8562,create,paib-gpu/openb-pod-5377-tuned-410,7572
8563,failed,paib-gpu/openb-pod-3917-tuned-411,7572
8564,failed,paib-gpu/openb-pod-6484-tuned-412,7572
8565,failed,paib-gpu/openb-pod-0961-tuned-413,7572
8566,failed,paib-gpu/openb-pod-3022-tuned-414,7572
8567,failed,paib-gpu/openb-pod-7232-tuned-415,7572
8568,failed,paib-gpu/openb-pod-3853-tuned-416,7572
8569,failed,paib-gpu/openb-pod-0869-tuned-417,7572
8570,failed,paib-gpu/openb-pod-3945-tuned-418,7572
8571,failed,paib-gpu/openb-pod-8138-tuned-419,7572
8572,failed,paib-gpu/openb-pod-5049-tuned-420,7572
8573,failed,paib-gpu/openb-pod-6807-tuned-421,7572
8574,create,paib-gpu/openb-pod-5357-tuned-422,7573
8575,failed,paib-gpu/openb-pod-8006-tuned-423,7573
8576,failed,paib-gpu/openb-pod-1705-tuned-424,7573
8577,failed,paib-gpu/openb-pod-1334-tuned-425,7573
8578,failed,paib-gpu/openb-pod-2335-tuned-426,7573
8579,failed,paib-gpu/openb-pod-4969-tuned-427,7573
8580,failed,paib-gpu/openb-pod-6122-tuned-428,7573
8581,failed,paib-gpu/openb-pod-0008-tuned-429,7573
8582,failed,paib-gpu/openb-pod-2902-tuned-430,7573
8583,failed,paib-gpu/openb-pod-1173-tuned-431,7573
8584,failed,paib-gpu/openb-pod-7383-tuned-432,7573
8585,failed,paib-gpu/openb-pod-7785-tuned-433,7573
8586,failed,paib-gpu/openb-pod-3912-tuned-434,7573
8587,failed,paib-gpu/openb-pod-7406-tuned-435,7573
8588,failed,paib-gpu/openb-pod-3258-tuned-436,7573
8589,create,paib-gpu/openb-pod-4998-tuned-437,7574
8590,failed,paib-gpu/openb-pod-5710-tuned-438,7574
8591,failed,paib-gpu/openb-pod-4639-tuned-439,7574
8592,failed,paib-gpu/openb-pod-7424-tuned-440,7574
8593,failed,paib-gpu/openb-pod-7107-tuned-441,7574
8594,create,paib-gpu/openb-pod-3341-tuned-442,7575
8595,failed,paib-gpu/openb-pod-3988-tuned-443,7575
8596,failed,paib-gpu/openb-pod-2600-tuned-444,7575
8597,failed,paib-gpu/openb-pod-3434-tuned-445,7575
8598,create,paib-gpu/openb-pod-1030-tuned-446,7576
8599,failed,paib-gpu/openb-pod-7728-tuned-447,7576
8600,failed,paib-gpu/openb-pod-2185-tuned-448,7576
8601,failed,paib-gpu/openb-pod-6237-tuned-449,7576
8602,failed,paib-gpu/openb-pod-5665-tuned-450,7576
8603,failed,paib-gpu/openb-pod-5137-tuned-451,7576
8604,failed,paib-gpu/openb-pod-2364-tuned-452,7576
8605,failed,paib-gpu/openb-pod-0080-tuned-453,7576
8606,failed,paib-gpu/openb-pod-6696-tuned-454,7576
8607,create,paib-gpu/openb-pod-0829-tuned-455,7577
8608,failed,paib-gpu/openb-pod-2133-tuned-456,7577
8609,failed,paib-gpu/openb-pod-7546-tuned-457,7577
8610,failed,paib-gpu/openb-pod-0337-tuned-458,7577
8611,failed,paib-gpu/openb-pod-3105-tuned-459,7577
8612,failed,paib-gpu/openb-pod-5475-tuned-460,7577
8613,failed,paib-gpu/openb-pod-6610-tuned-461,7577
8614,failed,paib-gpu/openb-pod-2796-tuned-462,7577
8615,failed,paib-gpu/openb-pod-1674-tuned-463,7577
8616,failed,paib-gpu/openb-pod-5848-tuned-464,7577
8617,failed,paib-gpu/openb-pod-2496-tuned-465,7577
8618,failed,paib-gpu/openb-pod-2304-tuned-466,7577
8619,failed,paib-gpu/openb-pod-5022-tuned-467,7577
8620,create,paib-gpu/openb-pod-5800-tuned-468,7578
8621,failed,paib-gpu/openb-pod-0693-tuned-469,7578
8622,failed,paib-gpu/openb-pod-7437-tuned-470,7578
8623,failed,paib-gpu/openb-pod-5155-tuned-471,7578
8624,failed,paib-gpu/openb-pod-5531-tuned-472,7578
8625,failed,paib-gpu/openb-pod-0740-tuned-473,7578
8626,failed,paib-gpu/openb-pod-1619-tuned-474,7578
8627,failed,paib-gpu/openb-pod-6206-tuned-475,7578
8628,failed,paib-gpu/openb-pod-0618-tuned-476,7578
8629,failed,paib-gpu/openb-pod-2173-tuned-477,7578
8630,failed,paib-gpu/openb-pod-1718-tuned-478,7578
8631,failed,paib-gpu/openb-pod-5750-tuned-479,7578
8632,failed,paib-gpu/openb-pod-4774-tuned-480,7578
8633,create,paib-gpu/openb-pod-0281-tuned-481,7579
8634,failed,paib-gpu/openb-pod-3383-tuned-482,7579
8635,failed,paib-gpu/openb-pod-1033-tuned-483,7579
8636,failed,paib-gpu/openb-pod-3483-tuned-484,7579
8637,failed,paib-gpu/openb-pod-8037-tuned-485,7579
8638,failed,paib-gpu/openb-pod-4669-tuned-486,7579
8639,failed,paib-gpu/openb-pod-6404-tuned-487,7579
8640,failed,paib-gpu/openb-pod-2273-tuned-488,7579
8641,failed,paib-gpu/openb-pod-0343-tuned-489,7579
8642,create,paib-gpu/openb-pod-6886-tuned-490,7580
8643,failed,paib-gpu/openb-pod-2888-tuned-491,7580
8644,failed,paib-gpu/openb-pod-2731-tuned-492,7580
8645,failed,paib-gpu/openb-pod-2803-tuned-493,7580
8646,failed,paib-gpu/openb-pod-6308-tuned-494,7580
8647,failed,paib-gpu/openb-pod-4094-tuned-495,7580
8648,failed,paib-gpu/openb-pod-1435-tuned-496,7580
8649,create,paib-gpu/openb-pod-3014-tuned-497,7581
8650,create,paib-gpu/openb-pod-2138-tuned-498,7582
8651,failed,paib-gpu/openb-pod-3102-tuned-499,7582
8652,failed,paib-gpu/openb-pod-1038-tuned-500,7582
8653,failed,paib-gpu/openb-pod-7049-tuned-501,7582
8654,create,paib-gpu/openb-pod-4392-tuned-502,7583
8655,failed,paib-gpu/openb-pod-5365-tuned-503,7583
8656,failed,paib-gpu/openb-pod-0921-tuned-504,7583
8657,failed,paib-gpu/openb-pod-4350-tuned-505,7583
8658,failed,paib-gpu/openb-pod-7964-tuned-506,7583
8659,failed,paib-gpu/openb-pod-0639-tuned-507,7583
8660,failed,paib-gpu/openb-pod-5551-tuned-508,7583
8661,failed,paib-gpu/openb-pod-4098-tuned-509,7583
8662,failed,paib-gpu/openb-pod-2984-tuned-510,7583
8663,failed,paib-gpu/openb-pod-7265-tuned-511,7583
8664,create,paib-gpu/openb-pod-2408-tuned-512,7584
8665,create,paib-gpu/openb-pod-6423-tuned-513,7585
8666,failed,paib-gpu/openb-pod-7882-tuned-514,7585
8667,failed,paib-gpu/openb-pod-7124-tuned-515,7585
8668,failed,paib-gpu/openb-pod-7856-tuned-516,7585
8669,create,paib-gpu/openb-pod-3636-tuned-517,7586
8670,failed,paib-gpu/openb-pod-0673-tuned-518,7586
8671,create,paib-gpu/openb-pod-0650-tuned-519,7587
8672,create,paib-gpu/openb-pod-2235-tuned-520,7588
8673,failed,paib-gpu/openb-pod-0301-tuned-521,7588
8674,failed,paib-gpu/openb-pod-3040-tuned-522,7588
8675,failed,paib-gpu/openb-pod-1790-tuned-523,7588
8676,failed,paib-gpu/openb-pod-5940-tuned-524,7588
8677,failed,paib-gpu/openb-pod-0274-tuned-525,7588
8678,failed,paib-gpu/openb-pod-5247-tuned-526,7588
8679,failed,paib-gpu/openb-pod-7960-tuned-527,7588
8680,create,paib-gpu/openb-pod-6464-tuned-528,7589
8681,failed,paib-gpu/openb-pod-2468-tuned-529,7589
8682,failed,paib-gpu/openb-pod-0565-tuned-530,7589
8683,failed,paib-gpu/openb-pod-2573-tuned-531,7589
8684,failed,paib-gpu/openb-pod-5534-tuned-532,7589
8685,failed,paib-gpu/openb-pod-4663-tuned-533,7589
8686,failed,paib-gpu/openb-pod-2453-tuned-534,7589
8687,failed,paib-gpu/openb-pod-4917-tuned-535,7589
8688,failed,paib-gpu/openb-pod-7559-tuned-536,7589
8689,failed,paib-gpu/openb-pod-8004-tuned-537,7589
8690,failed,paib-gpu/openb-pod-3224-tuned-538,7589
8691,failed,paib-gpu/openb-pod-3178-tuned-539,7589
8692,failed,paib-gpu/openb-pod-2034-tuned-540,7589
8693,failed,paib-gpu/openb-pod-3829-tuned-541,7589
8694,failed,paib-gpu/openb-pod-0531-tuned-542,7589
8695,failed,paib-gpu/openb-pod-7603-tuned-543,7589
8696,create,paib-gpu/openb-pod-5587-tuned-544,7590
8697,failed,paib-gpu/openb-pod-6936-tuned-545,7590
8698,failed,paib-gpu/openb-pod-4701-tuned-546,7590
8699,failed,paib-gpu/openb-pod-1364-tuned-547,7590
8700,failed,paib-gpu/openb-pod-3727-tuned-548,7590
8701,failed,paib-gpu/openb-pod-3380-tuned-549,7590
8702,failed,paib-gpu/openb-pod-0677-tuned-550,7590
8703,failed,paib-gpu/openb-pod-5302-tuned-551,7590
8704,failed,paib-gpu/openb-pod-1996-tuned-552,7590
8705,failed,paib-gpu/openb-pod-0814-tuned-553,7590
8706,failed,paib-gpu/openb-pod-1753-tuned-554,7590
8707,failed,paib-gpu/openb-pod-1120-tuned-555,7590
8708,failed,paib-gpu/openb-pod-5849-tuned-556,7590
8709,failed,paib-gpu/openb-pod-1889-tuned-557,7590
8710,failed,paib-gpu/openb-pod-1044-tuned-558,7590
8711,failed,paib-gpu/openb-pod-7318-tuned-559,7590
8712,create,paib-gpu/openb-pod-3869-tuned-560,7591
8713,create,paib-gpu/openb-pod-2401-tuned-561,7592
8714,failed,paib-gpu/openb-pod-5171-tuned-562,7592
8715,failed,paib-gpu/openb-pod-4961-tuned-563,7592
8716,failed,paib-gpu/openb-pod-6986-tuned-564,7592
8717,failed,paib-gpu/openb-pod-2029-tuned-565,7592
8718,failed,paib-gpu/openb-pod-5224-tuned-566,7592
8719,failed,paib-gpu/openb-pod-6581-tuned-567,7592
8720,create,paib-gpu/openb-pod-7133-tuned-568,7593
8721,failed,paib-gpu/openb-pod-0205-tuned-569,7593
8722,failed,paib-gpu/openb-pod-5370-tuned-570,7593
8723,failed,paib-gpu/openb-pod-1521-tuned-571,7593
8724,failed,paib-gpu/openb-pod-4113-tuned-572,7593
8725,failed,paib-gpu/openb-pod-1126-tuned-573,7593
8726,failed,paib-gpu/openb-pod-1161-tuned-574,7593
8727,failed,paib-gpu/openb-pod-1156-tuned-575,7593
8728,failed,paib-gpu/openb-pod-1789-tuned-576,7593
8729,failed,paib-gpu/openb-pod-6202-tuned-577,7593
8730,failed,paib-gpu/openb-pod-4839-tuned-578,7593
8731,failed,paib-gpu/openb-pod-4435-tuned-579,7593
8732,failed,paib-gpu/openb-pod-3294-tuned-580,7593
8733,failed,paib-gpu/openb-pod-1202-tuned-581,7593
8734,failed,paib-gpu/openb-pod-7550-tuned-582,7593
8735,failed,paib-gpu/openb-pod-6097-tuned-583,7593
8736,failed,paib-gpu/openb-pod-7114-tuned-584,7593
8737,failed,paib-gpu/openb-pod-6002-tuned-585,7593
8738,failed,paib-gpu/openb-pod-6675-tuned-586,7593
8739,failed,paib-gpu/openb-pod-3211-tuned-587,7593
8740,failed,paib-gpu/openb-pod-4600-tuned-588,7593
8741,create,paib-gpu/openb-pod-4986-tuned-589,7594
8742,failed,paib-gpu/openb-pod-2119-tuned-590,7594
8743,failed,paib-gpu/openb-pod-2687-tuned-591,7594
8744,failed,paib-gpu/openb-pod-4234-tuned-592,7594
8745,failed,paib-gpu/openb-pod-6248-tuned-593,7594
8746,failed,paib-gpu/openb-pod-8002-tuned-594,7594
8747,failed,paib-gpu/openb-pod-7905-tuned-595,7594
8748,failed,paib-gpu/openb-pod-3230-tuned-596,7594
8749,failed,paib-gpu/openb-pod-3401-tuned-597,7594
8750,failed,paib-gpu/openb-pod-2409-tuned-598,7594
8751,failed,paib-gpu/openb-pod-4378-tuned-599,7594
8752,create,paib-gpu/openb-pod-1316-tuned-600,7595
8753,failed,paib-gpu/openb-pod-5821-tuned-601,7595
8754,failed,paib-gpu/openb-pod-2811-tuned-602,7595
8755,failed,paib-gpu/openb-pod-6551-tuned-603,7595
8756,failed,paib-gpu/openb-pod-0557-tuned-604,7595
8757,failed,paib-gpu/openb-pod-7707-tuned-605,7595
8758,failed,paib-gpu/openb-pod-8038-tuned-606,7595
8759,failed,paib-gpu/openb-pod-0655-tuned-607,7595
8760,create,paib-gpu/openb-pod-3280-tuned-608,7596
8761,failed,paib-gpu/openb-pod-1457-tuned-609,7596
8762,failed,paib-gpu/openb-pod-0228-tuned-610,7596
8763,failed,paib-gpu/openb-pod-2059-tuned-611,7596
8764,failed,paib-gpu/openb-pod-7007-tuned-612,7596
8765,failed,paib-gpu/openb-pod-7946-tuned-613,7596
8766,failed,paib-gpu/openb-pod-6434-tuned-614,7596
8767,failed,paib-gpu/openb-pod-4121-tuned-615,7596
8768,failed,paib-gpu/openb-pod-7240-tuned-616,7596
8769,failed,paib-gpu/openb-pod-7157-tuned-617,7596
8770,failed,paib-gpu/openb-pod-2427-tuned-618,7596
8771,failed,paib-gpu/openb-pod-7240-tuned-619,7596
8772,failed,paib-gpu/openb-pod-6654-tuned-620,7596
8773,failed,paib-gpu/openb-pod-8066-tuned-621,7596
8774,failed,paib-gpu/openb-pod-5572-tuned-622,7596
8775,failed,paib-gpu/openb-pod-0466-tuned-623,7596
8776,failed,paib-gpu/openb-pod-2877-tuned-624,7596
8777,failed,paib-gpu/openb-pod-1978-tuned-625,7596
8778,failed,paib-gpu/openb-pod-6837-tuned-626,7596
8779,failed,paib-gpu/openb-pod-7037-tuned-627,7596
8780,failed,paib-gpu/openb-pod-5029-tuned-628,7596
8781,create,paib-gpu/openb-pod-1869-tuned-629,7597
8782,failed,paib-gpu/openb-pod-6272-tuned-630,7597
8783,failed,paib-gpu/openb-pod-7844-tuned-631,7597
8784,failed,paib-gpu/openb-pod-0345-tuned-632,7597
8785,create,paib-gpu/openb-pod-6865-tuned-633,7598
8786,create,paib-gpu/openb-pod-6521-tuned-634,7599
8787,failed,paib-gpu/openb-pod-2340-tuned-635,7599
8788,failed,paib-gpu/openb-pod-6954-tuned-636,7599
8789,failed,paib-gpu/openb-pod-4430-tuned-637,7599
8790,create,paib-gpu/openb-pod-2652-tuned-638,7600
8791,failed,paib-gpu/openb-pod-1764-tuned-639,7600
8792,failed,paib-gpu/openb-pod-4314-tuned-640,7600
8793,failed,paib-gpu/openb-pod-2747-tuned-641,7600
8794,failed,paib-gpu/openb-pod-0809-tuned-642,7600
8795,failed,paib-gpu/openb-pod-2570-tuned-643,7600
8796,failed,paib-gpu/openb-pod-4100-tuned-644,7600
8797,failed,paib-gpu/openb-pod-0817-tuned-645,7600
8798,failed,paib-gpu/openb-pod-2886-tuned-646,7600
8799,failed,paib-gpu/openb-pod-2100-tuned-647,7600
8800,failed,paib-gpu/openb-pod-4278-tuned-648,7600
8801,failed,paib-gpu/openb-pod-0140-tuned-649,7600
8802,failed,paib-gpu/openb-pod-3456-tuned-650,7600
8803,failed,paib-gpu/openb-pod-2149-tuned-651,7600
8804,failed,paib-gpu/openb-pod-2666-tuned-652,7600
8805,failed,paib-gpu/openb-pod-3627-tuned-653,7600
8806,create,paib-gpu/openb-pod-0453-tuned-654,7601
8807,create,paib-gpu/openb-pod-4511-tuned-655,7602
8808,failed,paib-gpu/openb-pod-6481-tuned-656,7602
8809,create,paib-gpu/openb-pod-6624-tuned-657,7603
8810,create,paib-gpu/openb-pod-5402-tuned-658,7604
8811,failed,paib-gpu/openb-pod-7340-tuned-659,7604
8812,failed,paib-gpu/openb-pod-2299-tuned-660,7604
8813,failed,paib-gpu/openb-pod-0769-tuned-661,7604
8814,failed,paib-gpu/openb-pod-0646-tuned-662,7604
8815,create,paib-gpu/openb-pod-4475-tuned-663,7605
8816,failed,paib-gpu/openb-pod-5606-tuned-664,7605
8817,failed,paib-gpu/openb-pod-5625-tuned-665,7605
8818,failed,paib-gpu/openb-pod-0246-tuned-666,7605
8819,failed,paib-gpu/openb-pod-4489-tuned-667,7605
8820,failed,paib-gpu/openb-pod-0068-tuned-668,7605
8821,failed,paib-gpu/openb-pod-2100-tuned-669,7605
8822,create,paib-gpu/openb-pod-2492-tuned-670,7606
8823,failed,paib-gpu/openb-pod-7770-tuned-671,7606
8824,create,paib-gpu/openb-pod-2195-tuned-672,7607
8825,failed,paib-gpu/openb-pod-3213-tuned-673,7607
8826,failed,paib-gpu/openb-pod-4531-tuned-674,7607
8827,create,paib-gpu/openb-pod-1559-tuned-675,7608
8828,create,paib-gpu/openb-pod-4290-tuned-676,7609
8829,failed,paib-gpu/openb-pod-6854-tuned-677,7609
8830,failed,paib-gpu/openb-pod-3776-tuned-678,7609
8831,failed,paib-gpu/openb-pod-1754-tuned-679,7609
8832,create,paib-gpu/openb-pod-4424-tuned-680,7610
8833,failed,paib-gpu/openb-pod-2093-tuned-681,7610
8834,create,paib-gpu/openb-pod-4560-tuned-682,7611
8835,failed,paib-gpu/openb-pod-5601-tuned-683,7611
8836,failed,paib-gpu/openb-pod-0262-tuned-684,7611
8837,failed,paib-gpu/openb-pod-3933-tuned-685,7611
8838,failed,paib-gpu/openb-pod-3650-tuned-686,7611
8839,failed,paib-gpu/openb-pod-1561-tuned-687,7611
8840,failed,paib-gpu/openb-pod-7156-tuned-688,7611
8841,create,paib-gpu/openb-pod-6509-tuned-689,7612
8842,failed,paib-gpu/openb-pod-3421-tuned-690,7612
8843,failed,paib-gpu/openb-pod-1830-tuned-691,7612
8844,create,paib-gpu/openb-pod-2711-tuned-692,7613
8845,create,paib-gpu/openb-pod-6999-tuned-693,7614
8846,create,paib-gpu/openb-pod-4414-tuned-694,7615
8847,failed,paib-gpu/openb-pod-0197-tuned-695,7615
8848,failed,paib-gpu/openb-pod-7244-tuned-696,7615
8849,failed,paib-gpu/openb-pod-1027-tuned-697,7615
8850,failed,paib-gpu/openb-pod-7065-tuned-698,7615
8851,failed,paib-gpu/openb-pod-2283-tuned-699,7615
8852,failed,paib-gpu/openb-pod-2348-tuned-700,7615
8853,failed,paib-gpu/openb-pod-7459-tuned-701,7615
8854,failed,paib-gpu/openb-pod-6615-tuned-702,7615
8855,failed,paib-gpu/openb-pod-0330-tuned-703,7615
8856,failed,paib-gpu/openb-pod-7552-tuned-704,7615
8857,failed,paib-gpu/openb-pod-6034-tuned-705,7615
8858,create,paib-gpu/openb-pod-2113-tuned-706,7616
8859,failed,paib-gpu/openb-pod-7997-tuned-707,7616
8860,failed,paib-gpu/openb-pod-3156-tuned-708,7616
8861,failed,paib-gpu/openb-pod-5973-tuned-709,7616
8862,failed,paib-gpu/openb-pod-1953-tuned-710,7616
8863,create,paib-gpu/openb-pod-2168-tuned-711,7617
8864,failed,paib-gpu/openb-pod-7420-tuned-712,7617
8865,failed,paib-gpu/openb-pod-4827-tuned-713,7617
8866,failed,paib-gpu/openb-pod-4322-tuned-714,7617
8867,create,paib-gpu/openb-pod-5702-tuned-715,7618
8868,failed,paib-gpu/openb-pod-3507-tuned-716,7618
8869,failed,paib-gpu/openb-pod-0897-tuned-717,7618
8870,failed,paib-gpu/openb-pod-7073-tuned-718,7618
8871,failed,paib-gpu/openb-pod-2115-tuned-719,7618
8872,failed,paib-gpu/openb-pod-1292-tuned-720,7618
8873,create,paib-gpu/openb-pod-2176-tuned-721,7619
8874,failed,paib-gpu/openb-pod-7209-tuned-722,7619
8875,failed,paib-gpu/openb-pod-7346-tuned-723,7619
8876,failed,paib-gpu/openb-pod-5509-tuned-724,7619
8877,failed,paib-gpu/openb-pod-5108-tuned-725,7619
8878,failed,paib-gpu/openb-pod-3083-tuned-726,7619
8879,failed,paib-gpu/openb-pod-1179-tuned-727,7619
8880,failed,paib-gpu/openb-pod-6434-tuned-728,7619
8881,failed,paib-gpu/openb-pod-4265-tuned-729,7619
8882,failed,paib-gpu/openb-pod-7431-tuned-730,7619
8883,failed,paib-gpu/openb-pod-2416-tuned-731,7619
8884,failed,paib-gpu/openb-pod-2688-tuned-732,7619
8885,failed,paib-gpu/openb-pod-4798-tuned-733,7619
8886,failed,paib-gpu/openb-pod-3895-tuned-734,7619
8887,failed,paib-gpu/openb-pod-2842-tuned-735,7619
8888,failed,paib-gpu/openb-pod-5854-tuned-736,7619
8889,failed,paib-gpu/openb-pod-4373-tuned-737,7619
8890,failed,paib-gpu/openb-pod-2677-tuned-738,7619
8891,failed,paib-gpu/openb-pod-4847-tuned-739,7619
8892,create,paib-gpu/openb-pod-4290-tuned-740,7620
8893,failed,paib-gpu/openb-pod-5268-tuned-741,7620
8894,failed,paib-gpu/openb-pod-1060-tuned-742,7620
8895,failed,paib-gpu/openb-pod-5099-tuned-743,7620
8896,failed,paib-gpu/openb-pod-0818-tuned-744,7620
8897,failed,paib-gpu/openb-pod-6592-tuned-745,7620
8898,failed,paib-gpu/openb-pod-7732-tuned-746,7620
8899,failed,paib-gpu/openb-pod-5104-tuned-747,7620
8900,failed,paib-gpu/openb-pod-1381-tuned-748,7620
8901,failed,paib-gpu/openb-pod-2600-tuned-749,7620
8902,failed,paib-gpu/openb-pod-0992-tuned-750,7620
8903,failed,paib-gpu/openb-pod-0384-tuned-751,7620
8904,failed,paib-gpu/openb-pod-6237-tuned-752,7620
8905,failed,paib-gpu/openb-pod-1716-tuned-753,7620
8906,failed,paib-gpu/openb-pod-3091-tuned-754,7620
8907,failed,paib-gpu/openb-pod-6907-tuned-755,7620
8908,failed,paib-gpu/openb-pod-4189-tuned-756,7620
8909,failed,paib-gpu/openb-pod-0432-tuned-757,7620
8910,create,paib-gpu/openb-pod-2584-tuned-758,7621
8911,failed,paib-gpu/openb-pod-8039-tuned-759,7621
8912,failed,paib-gpu/openb-pod-1305-tuned-760,7621
8913,failed,paib-gpu/openb-pod-3589-tuned-761,7621
8914,failed,paib-gpu/openb-pod-2657-tuned-762,7621
8915,failed,paib-gpu/openb-pod-7983-tuned-763,7621
8916,failed,paib-gpu/openb-pod-1142-tuned-764,7621
8917,failed,paib-gpu/openb-pod-5277-tuned-765,7621
8918,failed,paib-gpu/openb-pod-3099-tuned-766,7621
8919,failed,paib-gpu/openb-pod-3998-tuned-767,7621
8920,failed,paib-gpu/openb-pod-6632-tuned-768,7621
8921,create,paib-gpu/openb-pod-2711-tuned-769,7622
8922,failed,paib-gpu/openb-pod-1925-tuned-770,7622
8923,create,paib-gpu/openb-pod-6992-tuned-771,7623
8924,failed,paib-gpu/openb-pod-4774-tuned-772,7623
8925,create,paib-gpu/openb-pod-3280-tuned-773,7624
8926,failed,paib-gpu/openb-pod-2985-tuned-774,7624
8927,failed,paib-gpu/openb-pod-7152-tuned-775,7624
8928,failed,paib-gpu/openb-pod-3415-tuned-776,7624
8929,create,paib-gpu/openb-pod-2235-tuned-777,7625
8930,create,paib-gpu/openb-pod-2586-tuned-778,7626
8931,failed,paib-gpu/openb-pod-8049-tuned-779,7626
8932,failed,paib-gpu/openb-pod-2028-tuned-780,7626
8933,failed,paib-gpu/openb-pod-5045-tuned-781,7626
8934,failed,paib-gpu/openb-pod-1089-tuned-782,7626
8935,failed,paib-gpu/openb-pod-0354-tuned-783,7626
8936,failed,paib-gpu/openb-pod-4964-tuned-784,7626
8937,failed,paib-gpu/openb-pod-5647-tuned-785,7626
8938,failed,paib-gpu/openb-pod-3122-tuned-786,7626
8939,failed,paib-gpu/openb-pod-3571-tuned-787,7626
8940,create,paib-gpu/openb-pod-1321-tuned-788,7627
8941,failed,paib-gpu/openb-pod-5041-tuned-789,7627
8942,create,paib-gpu/openb-pod-3442-tuned-790,7628
8943,failed,paib-gpu/openb-pod-5322-tuned-791,7628
8944,failed,paib-gpu/openb-pod-5502-tuned-792,7628
8945,failed,paib-gpu/openb-pod-7274-tuned-793,7628
8946,failed,paib-gpu/openb-pod-1674-tuned-794,7628
8947,failed,paib-gpu/openb-pod-0321-tuned-795,7628
8948,failed,paib-gpu/openb-pod-4569-tuned-796,7628
8949,failed,paib-gpu/openb-pod-6353-tuned-797,7628
8950,failed,paib-gpu/openb-pod-0312-tuned-798,7628
8951,failed,paib-gpu/openb-pod-3999-tuned-799,7628
8952,failed,paib-gpu/openb-pod-0342-tuned-800,7628
8953,failed,paib-gpu/openb-pod-3393-tuned-801,7628
8954,failed,paib-gpu/openb-pod-3132-tuned-802,7628
8955,failed,paib-gpu/openb-pod-3400-tuned-803,7628
8956,failed,paib-gpu/openb-pod-7687-tuned-804,7628
8957,failed,paib-gpu/openb-pod-7715-tuned-805,7628
8958,failed,paib-gpu/openb-pod-0946-tuned-806,7628
8959,failed,paib-gpu/openb-pod-5424-tuned-807,7628
8960,failed,paib-gpu/openb-pod-0236-tuned-808,7628
8961,failed,paib-gpu/openb-pod-2184-tuned-809,7628
8962,create,paib-gpu/openb-pod-6817-tuned-810,7629
8963,create,paib-gpu/openb-pod-6490-tuned-811,7630
8964,failed,paib-gpu/openb-pod-5570-tuned-812,7630
8965,failed,paib-gpu/openb-pod-0524-tuned-813,7630
8966,create,paib-gpu/openb-pod-7471-tuned-814,7631
8967,failed,paib-gpu/openb-pod-1223-tuned-815,7631
8968,create,paib-gpu/openb-pod-6558-tuned-816,7632
8969,create,paib-gpu/openb-pod-6866-tuned-817,7633
8970,failed,paib-gpu/openb-pod-6479-tuned-818,7633
8971,failed,paib-gpu/openb-pod-3248-tuned-819,7633
8972,failed,paib-gpu/openb-pod-4587-tuned-820,7633
8973,failed,paib-gpu/openb-pod-4384-tuned-821,7633
8974,failed,paib-gpu/openb-pod-2540-tuned-822,7633
8975,failed,paib-gpu/openb-pod-7811-tuned-823,7633
8976,failed,paib-gpu/openb-pod-4831-tuned-824,7633
8977,failed,paib-gpu/openb-pod-0444-tuned-825,7633
8978,failed,paib-gpu/openb-pod-7988-tuned-826,7633
8979,failed,paib-gpu/openb-pod-4255-tuned-827,7633
8980,failed,paib-gpu/openb-pod-0361-tuned-828,7633
8981,failed,paib-gpu/openb-pod-3624-tuned-829,7633
8982,failed,paib-gpu/openb-pod-0845-tuned-830,7633
8983,failed,paib-gpu/openb-pod-6078-tuned-831,7633
8984,failed,paib-gpu/openb-pod-7773-tuned-832,7633
8985,failed,paib-gpu/openb-pod-4408-tuned-833,7633
8986,failed,paib-gpu/openb-pod-1074-tuned-834,7633
8987,failed,paib-gpu/openb-pod-7621-tuned-835,7633
8988,failed,paib-gpu/openb-pod-4383-tuned-836,7633
8989,failed,paib-gpu/openb-pod-5446-tuned-837,7633
8990,failed,paib-gpu/openb-pod-2495-tuned-838,7633
8991,failed,paib-gpu/openb-pod-6328-tuned-839,7633
8992,create,paib-gpu/openb-pod-2702-tuned-840,7634
8993,failed,paib-gpu/openb-pod-0116-tuned-841,7634
8994,failed,paib-gpu/openb-pod-2630-tuned-842,7634
8995,failed,paib-gpu/openb-pod-5617-tuned-843,7634
8996,failed,paib-gpu/openb-pod-4755-tuned-844,7634
8997,create,paib-gpu/openb-pod-6888-tuned-845,7635
8998,failed,paib-gpu/openb-pod-6868-tuned-846,7635
8999,failed,paib-gpu/openb-pod-5846-tuned-847,7635
9000,failed,paib-gpu/openb-pod-3326-tuned-848,7635
9001,failed,paib-gpu/openb-pod-4264-tuned-849,7635
9002,failed,paib-gpu/openb-pod-3284-tuned-850,7635
9003,failed,paib-gpu/openb-pod-6060-tuned-851,7635
9004,create,paib-gpu/openb-pod-6109-tuned-852,7636
9005,failed,paib-gpu/openb-pod-6816-tuned-853,7636
9006,failed,paib-gpu/openb-pod-6475-tuned-854,7636
9007,failed,paib-gpu/openb-pod-7729-tuned-855,7636
9008,failed,paib-gpu/openb-pod-5859-tuned-856,7636
9009,failed,paib-gpu/openb-pod-7276-tuned-857,7636
9010,failed,paib-gpu/openb-pod-5251-tuned-858,7636
9011,failed,paib-gpu/openb-pod-3584-tuned-859,7636
9012,failed,paib-gpu/openb-pod-5851-tuned-860,7636
9013,create,paib-gpu/openb-pod-1030-tuned-861,7637
9014,create,paib-gpu/openb-pod-3605-tuned-862,7638
9015,failed,paib-gpu/openb-pod-6596-tuned-863,7638
9016,failed,paib-gpu/openb-pod-6997-tuned-864,7638
9017,failed,paib-gpu/openb-pod-5625-tuned-865,7638
9018,create,paib-gpu/openb-pod-7004-tuned-866,7639
9019,failed,paib-gpu/openb-pod-6369-tuned-867,7639
9020,failed,paib-gpu/openb-pod-1694-tuned-868,7639
9021,failed,paib-gpu/openb-pod-6000-tuned-869,7639
9022,failed,paib-gpu/openb-pod-3361-tuned-870,7639
9023,failed,paib-gpu/openb-pod-6671-tuned-871,7639
9024,failed,paib-gpu/openb-pod-0105-tuned-872,7639
9025,failed,paib-gpu/openb-pod-7690-tuned-873,7639
9026,failed,paib-gpu/openb-pod-3326-tuned-874,7639
9027,create,paib-gpu/openb-pod-5402-tuned-875,7640
9028,failed,paib-gpu/openb-pod-4497-tuned-876,7640
9029,failed,paib-gpu/openb-pod-0348-tuned-877,7640
9030,failed,paib-gpu/openb-pod-6750-tuned-878,7640
9031,failed,paib-gpu/openb-pod-2601-tuned-879,7640
9032,create,paib-gpu/openb-pod-3402-tuned-880,7641
9033,failed,paib-gpu/openb-pod-0280-tuned-881,7641
9034,failed,paib-gpu/openb-pod-0716-tuned-882,7641
9035,failed,paib-gpu/openb-pod-3955-tuned-883,7641
9036,failed,paib-gpu/openb-pod-4695-tuned-884,7641
9037,failed,paib-gpu/openb-pod-0444-tuned-885,7641
9038,create,paib-gpu/openb-pod-0795-tuned-886,7642
9039,failed,paib-gpu/openb-pod-4086-tuned-887,7642
9040,create,paib-gpu/openb-pod-4046-tuned-888,7643
9041,create,paib-gpu/openb-pod-4422-tuned-889,7644
9042,failed,paib-gpu/openb-pod-3118-tuned-890,7644
9043,failed,paib-gpu/openb-pod-5252-tuned-891,7644
9044,failed,paib-gpu/openb-pod-5867-tuned-892,7644
9045,failed,paib-gpu/openb-pod-1077-tuned-893,7644
9046,failed,paib-gpu/openb-pod-5496-tuned-894,7644
9047,failed,paib-gpu/openb-pod-8028-tuned-895,7644
9048,failed,paib-gpu/openb-pod-5762-tuned-896,7644
9049,failed,paib-gpu/openb-pod-4735-tuned-897,7644
9050,create,paib-gpu/openb-pod-0652-tuned-898,7645
9051,create,paib-gpu/openb-pod-3190-tuned-899,7646
9052,failed,paib-gpu/openb-pod-0613-tuned-900,7646
9053,failed,paib-gpu/openb-pod-7652-tuned-901,7646
9054,failed,paib-gpu/openb-pod-0559-tuned-902,7646
9055,failed,paib-gpu/openb-pod-6140-tuned-903,7646
9056,failed,paib-gpu/openb-pod-6818-tuned-904,7646
9057,failed,paib-gpu/openb-pod-6382-tuned-905,7646
9058,failed,paib-gpu/openb-pod-7733-tuned-906,7646
9059,failed,paib-gpu/openb-pod-2328-tuned-907,7646
9060,failed,paib-gpu/openb-pod-2831-tuned-908,7646
9061,failed,paib-gpu/openb-pod-5871-tuned-909,7646
9062,failed,paib-gpu/openb-pod-5445-tuned-910,7646
9063,failed,paib-gpu/openb-pod-3030-tuned-911,7646
9064,failed,paib-gpu/openb-pod-3448-tuned-912,7646
9065,failed,paib-gpu/openb-pod-4601-tuned-913,7646
9066,failed,paib-gpu/openb-pod-6005-tuned-914,7646
9067,failed,paib-gpu/openb-pod-3796-tuned-915,7646
9068,failed,paib-gpu/openb-pod-2997-tuned-916,7646
9069,create,paib-gpu/openb-pod-2848-tuned-917,7647
9070,create,paib-gpu/openb-pod-4538-tuned-918,7648
9071,failed,paib-gpu/openb-pod-1430-tuned-919,7648
9072,failed,paib-gpu/openb-pod-6191-tuned-920,7648
9073,failed,paib-gpu/openb-pod-0422-tuned-921,7648
9074,failed,paib-gpu/openb-pod-5221-tuned-922,7648
9075,failed,paib-gpu/openb-pod-3379-tuned-923,7648
9076,failed,paib-gpu/openb-pod-3185-tuned-924,7648
9077,failed,paib-gpu/openb-pod-8015-tuned-925,7648
9078,failed,paib-gpu/openb-pod-6496-tuned-926,7648
9079,failed,paib-gpu/openb-pod-8101-tuned-927,7648
9080,failed,paib-gpu/openb-pod-2731-tuned-928,7648
9081,failed,paib-gpu/openb-pod-7604-tuned-929,7648
9082,failed,paib-gpu/openb-pod-8131-tuned-930,7648
9083,failed,paib-gpu/openb-pod-5601-tuned-931,7648
9084,failed,paib-gpu/openb-pod-4379-tuned-932,7648
9085,failed,paib-gpu/openb-pod-0023-tuned-933,7648
9086,failed,paib-gpu/openb-pod-7041-tuned-934,7648
9087,failed,paib-gpu/openb-pod-4831-tuned-935,7648
9088,create,paib-gpu/openb-pod-6541-tuned-936,7649
9089,failed,paib-gpu/openb-pod-3900-tuned-937,7649
9090,failed,paib-gpu/openb-pod-3498-tuned-938,7649
9091,failed,paib-gpu/openb-pod-2329-tuned-939,7649
9092,failed,paib-gpu/openb-pod-3809-tuned-940,7649
9093,create,paib-gpu/openb-pod-4987-tuned-941,7650
9094,failed,paib-gpu/openb-pod-1979-tuned-942,7650
9095,failed,paib-gpu/openb-pod-1012-tuned-943,7650
9096,failed,paib-gpu/openb-pod-1346-tuned-944,7650
9097,failed,paib-gpu/openb-pod-6990-tuned-945,7650
9098,create,paib-gpu/openb-pod-4252-tuned-946,7651
9099,failed,paib-gpu/openb-pod-7020-tuned-947,7651
9100,failed,paib-gpu/openb-pod-4108-tuned-948,7651
9101,failed,paib-gpu/openb-pod-5715-tuned-949,7651
9102,failed,paib-gpu/openb-pod-8150-tuned-950,7651
9103,failed,paib-gpu/openb-pod-3710-tuned-951,7651
9104,failed,paib-gpu/openb-pod-4229-tuned-952,7651
9105,failed,paib-gpu/openb-pod-7382-tuned-953,7651
9106,failed,paib-gpu/openb-pod-2384-tuned-954,7651
9107,failed,paib-gpu/openb-pod-4453-tuned-955,7651
9108,failed,paib-gpu/openb-pod-7539-tuned-956,7651
9109,failed,paib-gpu/openb-pod-4684-tuned-957,7651
9110,failed,paib-gpu/openb-pod-0529-tuned-958,7651
9111,failed,paib-gpu/openb-pod-6142-tuned-959,7651
9112,failed,paib-gpu/openb-pod-0982-tuned-960,7651
9113,failed,paib-gpu/openb-pod-3060-tuned-961,7651
9114,failed,paib-gpu/openb-pod-5640-tuned-962,7651
9115,failed,paib-gpu/openb-pod-2391-tuned-963,7651
9116,failed,paib-gpu/openb-pod-1401-tuned-964,7651
9117,failed,paib-gpu/openb-pod-7017-tuned-965,7651
9118,failed,paib-gpu/openb-pod-6605-tuned-966,7651
9119,failed,paib-gpu/openb-pod-2923-tuned-967,7651
9120,failed,paib-gpu/openb-pod-6707-tuned-968,7651
9121,failed,paib-gpu/openb-pod-5817-tuned-969,7651
9122,create,paib-gpu/openb-pod-5629-tuned-970,7652
9123,failed,paib-gpu/openb-pod-6673-tuned-971,7652
9124,failed,paib-gpu/openb-pod-2050-tuned-972,7652
9125,failed,paib-gpu/openb-pod-2201-tuned-973,7652
9126,failed,paib-gpu/openb-pod-8140-tuned-974,7652
9127,create,paib-gpu/openb-pod-1335-tuned-975,7653
9128,failed,paib-gpu/openb-pod-5500-tuned-976,7653
9129,failed,paib-gpu/openb-pod-8025-tuned-977,7653
9130,failed,paib-gpu/openb-pod-4786-tuned-978,7653
9131,failed,paib-gpu/openb-pod-6085-tuned-979,7653
9132,failed,paib-gpu/openb-pod-7375-tuned-980,7653
9133,failed,paib-gpu/openb-pod-7387-tuned-981,7653
9134,failed,paib-gpu/openb-pod-6762-tuned-982,7653
9135,failed,paib-gpu/openb-pod-1658-tuned-983,7653
9136,failed,paib-gpu/openb-pod-4674-tuned-984,7653
9137,failed,paib-gpu/openb-pod-6268-tuned-985,7653
9138,create,paib-gpu/openb-pod-6590-tuned-986,7654
9139,failed,paib-gpu/openb-pod-3638-tuned-987,7654
9140,failed,paib-gpu/openb-pod-6874-tuned-988,7654
9141,failed,paib-gpu/openb-pod-1551-tuned-989,7654
9142,create,paib-gpu/openb-pod-6099-tuned-990,7655
9143,failed,paib-gpu/openb-pod-4109-tuned-991,7655
9144,failed,paib-gpu/openb-pod-0527-tuned-992,7655
9145,failed,paib-gpu/openb-pod-4853-tuned-993,7655
9146,create,paib-gpu/openb-pod-3469-tuned-994,7656
9147,failed,paib-gpu/openb-pod-2299-tuned-995,7656
9148,failed,paib-gpu/openb-pod-7407-tuned-996,7656
9149,failed,paib-gpu/openb-pod-1462-tuned-997,7656
9150,failed,paib-gpu/openb-pod-5738-tuned-998,7656
9151,create,paib-gpu/openb-pod-7812-tuned-999,7657
9152,failed,paib-gpu/openb-pod-4975-tuned-1000,7657
9153,failed,paib-gpu/openb-pod-3780-tuned-1001,7657
9154,failed,paib-gpu/openb-pod-6275-tuned-1002,7657
9155,failed,paib-gpu/openb-pod-3395-tuned-1003,7657
9156,failed,paib-gpu/openb-pod-0190-tuned-1004,7657
9157,failed,paib-gpu/openb-pod-3176-tuned-1005,7657
9158,failed,paib-gpu/openb-pod-0700-tuned-1006,7657
9159,create,paib-gpu/openb-pod-2407-tuned-1007,7658
9160,failed,paib-gpu/openb-pod-1253-tuned-1008,7658
9161,create,paib-gpu/openb-pod-5355-tuned-1009,7659
9162,failed,paib-gpu/openb-pod-7180-tuned-1010,7659
9163,create,paib-gpu/openb-pod-2645-tuned-1011,7660
9164,failed,paib-gpu/openb-pod-7226-tuned-1012,7660
9165,failed,paib-gpu/openb-pod-5186-tuned-1013,7660
9166,failed,paib-gpu/openb-pod-5016-tuned-1014,7660
9167,failed,paib-gpu/openb-pod-2289-tuned-1015,7660
9168,failed,paib-gpu/openb-pod-2231-tuned-1016,7660
9169,failed,paib-gpu/openb-pod-3907-tuned-1017,7660
9170,failed,paib-gpu/openb-pod-2357-tuned-1018,7660
9171,failed,paib-gpu/openb-pod-3776-tuned-1019,7660
9172,create,paib-gpu/openb-pod-6066-tuned-1020,7661
9173,failed,paib-gpu/openb-pod-4404-tuned-1021,7661
9174,failed,paib-gpu/openb-pod-1680-tuned-1022,7661
9175,create,paib-gpu/openb-pod-4845-tuned-1023,7662
9176,failed,paib-gpu/openb-pod-1254-tuned-1024,7662
9177,failed,paib-gpu/openb-pod-7895-tuned-1025,7662
9178,failed,paib-gpu/openb-pod-7567-tuned-1026,7662
9179,failed,paib-gpu/openb-pod-8141-tuned-1027,7662
9180,failed,paib-gpu/openb-pod-3275-tuned-1028,7662
9181,failed,paib-gpu/openb-pod-7258-tuned-1029,7662
9182,failed,paib-gpu/openb-pod-6150-tuned-1030,7662
9183,failed,paib-gpu/openb-pod-2002-tuned-1031,7662
9184,failed,paib-gpu/openb-pod-7086-tuned-1032,7662
9185,failed,paib-gpu/openb-pod-1352-tuned-1033,7662
9186,failed,paib-gpu/openb-pod-6271-tuned-1034,7662
9187,failed,paib-gpu/openb-pod-6492-tuned-1035,7662
9188,failed,paib-gpu/openb-pod-5703-tuned-1036,7662
9189,failed,paib-gpu/openb-pod-1757-tuned-1037,7662
9190,failed,paib-gpu/openb-pod-4163-tuned-1038,7662
9191,failed,paib-gpu/openb-pod-2330-tuned-1039,7662
9192,failed,paib-gpu/openb-pod-1344-tuned-1040,7662
9193,failed,paib-gpu/openb-pod-0104-tuned-1041,7662
9194,failed,paib-gpu/openb-pod-7829-tuned-1042,7662
9195,failed,paib-gpu/openb-pod-2896-tuned-1043,7662
9196,failed,paib-gpu/openb-pod-3839-tuned-1044,7662
9197,failed,paib-gpu/openb-pod-0044-tuned-1045,7662
9198,create,paib-gpu/openb-pod-5631-tuned-1046,7663
9199,failed,paib-gpu/openb-pod-2257-tuned-1047,7663
9200,failed,paib-gpu/openb-pod-3819-tuned-1048,7663
9201,failed,paib-gpu/openb-pod-4469-tuned-1049,7663
9202,failed,paib-gpu/openb-pod-3935-tuned-1050,7663
9203,failed,paib-gpu/openb-pod-5186-tuned-1051,7663
9204,failed,paib-gpu/openb-pod-1043-tuned-1052,7663
9205,failed,paib-gpu/openb-pod-0770-tuned-1053,7663
9206,failed,paib-gpu/openb-pod-4621-tuned-1054,7663
9207,failed,paib-gpu/openb-pod-3274-tuned-1055,7663
9208,create,paib-gpu/openb-pod-6591-tuned-1056,7664
9209,create,paib-gpu/openb-pod-2478-tuned-1057,7665
9210,create,paib-gpu/openb-pod-2632-tuned-1058,7666
9211,failed,paib-gpu/openb-pod-3198-tuned-1059,7666
9212,create,paib-gpu/openb-pod-1363-tuned-1060,7667
9213,failed,paib-gpu/openb-pod-8018-tuned-1061,7667
9214,failed,paib-gpu/openb-pod-3582-tuned-1062,7667
9215,failed,paib-gpu/openb-pod-5576-tuned-1063,7667
9216,failed,paib-gpu/openb-pod-4716-tuned-1064,7667
9217,create,paib-gpu/openb-pod-5839-tuned-1065,7668
9218,failed,paib-gpu/openb-pod-8092-tuned-1066,7668
9219,failed,paib-gpu/openb-pod-7150-tuned-1067,7668
9220,failed,paib-gpu/openb-pod-4644-tuned-1068,7668
9221,failed,paib-gpu/openb-pod-5078-tuned-1069,7668
9222,failed,paib-gpu/openb-pod-5740-tuned-1070,7668
9223,create,paib-gpu/openb-pod-3873-tuned-1071,7669
9224,failed,paib-gpu/openb-pod-4208-tuned-1072,7669
9225,create,paib-gpu/openb-pod-2647-tuned-1073,7670
9226,failed,paib-gpu/openb-pod-6127-tuned-1074,7670
9227,failed,paib-gpu/openb-pod-6644-tuned-1075,7670
9228,failed,paib-gpu/openb-pod-4093-tuned-1076,7670
9229,failed,paib-gpu/openb-pod-4684-tuned-1077,7670
9230,create,paib-gpu/openb-pod-2431-tuned-1078,7671
9231,create,paib-gpu/openb-pod-4190-tuned-1079,7672
9232,create,paib-gpu/openb-pod-6164-tuned-1080,7673
9233,failed,paib-gpu/openb-pod-7720-tuned-1081,7673
9234,failed,paib-gpu/openb-pod-6102-tuned-1082,7673
9235,failed,paib-gpu/openb-pod-5148-tuned-1083,7673
9236,failed,paib-gpu/openb-pod-0512-tuned-1084,7673
9237,failed,paib-gpu/openb-pod-7288-tuned-1085,7673
9238,failed,paib-gpu/openb-pod-6274-tuned-1086,7673
9239,failed,paib-gpu/openb-pod-4093-tuned-1087,7673
9240,failed,paib-gpu/openb-pod-1504-tuned-1088,7673
9241,failed,paib-gpu/openb-pod-7654-tuned-1089,7673
9242,failed,paib-gpu/openb-pod-5611-tuned-1090,7673
9243,failed,paib-gpu/openb-pod-7675-tuned-1091,7673
9244,failed,paib-gpu/openb-pod-3134-tuned-1092,7673
9245,failed,paib-gpu/openb-pod-1104-tuned-1093,7673
9246,failed,paib-gpu/openb-pod-0349-tuned-1094,7673
9247,create,paib-gpu/openb-pod-2526-tuned-1095,7674
9248,failed,paib-gpu/openb-pod-0002-tuned-1096,7674
9249,create,paib-gpu/openb-pod-1278-tuned-1097,7675
9250,failed,paib-gpu/openb-pod-1044-tuned-1098,7675
9251,failed,paib-gpu/openb-pod-2567-tuned-1099,7675
9252,failed,paib-gpu/openb-pod-7059-tuned-1100,7675
9253,failed,paib-gpu/openb-pod-6670-tuned-1101,7675
9254,failed,paib-gpu/openb-pod-5430-tuned-1102,7675
9255,create,paib-gpu/openb-pod-2281-tuned-1103,7676
9256,create,paib-gpu/openb-pod-0940-tuned-1104,7677
9257,failed,paib-gpu/openb-pod-7623-tuned-1105,7677
9258,failed,paib-gpu/openb-pod-5222-tuned-1106,7677
9259,failed,paib-gpu/openb-pod-7976-tuned-1107,7677
9260,failed,paib-gpu/openb-pod-6519-tuned-1108,7677
9261,failed,paib-gpu/openb-pod-6488-tuned-1109,7677
9262,create,paib-gpu/openb-pod-2660-tuned-1110,7678
9263,failed,paib-gpu/openb-pod-3416-tuned-1111,7678
9264,failed,paib-gpu/openb-pod-0239-tuned-1112,7678
9265,failed,paib-gpu/openb-pod-2514-tuned-1113,7678
9266,failed,paib-gpu/openb-pod-0756-tuned-1114,7678
9267,failed,paib-gpu/openb-pod-0030-tuned-1115,7678
9268,failed,paib-gpu/openb-pod-1563-tuned-1116,7678
9269,failed,paib-gpu/openb-pod-5452-tuned-1117,7678
9270,failed,paib-gpu/openb-pod-3713-tuned-1118,7678
9271,create,paib-gpu/openb-pod-6989-tuned-1119,7679
9272,failed,paib-gpu/openb-pod-1830-tuned-1120,7679
9273,failed,paib-gpu/openb-pod-0769-tuned-1121,7679
9274,failed,paib-gpu/openb-pod-3236-tuned-1122,7679
9275,create,paib-gpu/openb-pod-2989-tuned-1123,7680
9276,failed,paib-gpu/openb-pod-7409-tuned-1124,7680
9277,failed,paib-gpu/openb-pod-6783-tuned-1125,7680
9278,failed,paib-gpu/openb-pod-7466-tuned-1126,7680
9279,failed,paib-gpu/openb-pod-6422-tuned-1127,7680
9280,failed,paib-gpu/openb-pod-8031-tuned-1128,7680
9281,failed,paib-gpu/openb-pod-0747-tuned-1129,7680
9282,failed,paib-gpu/openb-pod-6779-tuned-1130,7680
9283,create,paib-gpu/openb-pod-0751-tuned-1131,7681
9284,failed,paib-gpu/openb-pod-1571-tuned-1132,7681
9285,failed,paib-gpu/openb-pod-0658-tuned-1133,7681
9286,failed,paib-gpu/openb-pod-0839-tuned-1134,7681
9287,failed,paib-gpu/openb-pod-1918-tuned-1135,7681
9288,create,paib-gpu/openb-pod-6776-tuned-1136,7682
9289,failed,paib-gpu/openb-pod-7563-tuned-1137,7682
9290,failed,paib-gpu/openb-pod-5910-tuned-1138,7682
9291,create,paib-gpu/openb-pod-4387-tuned-1139,7683
9292,failed,paib-gpu/openb-pod-2881-tuned-1140,7683
9293,failed,paib-gpu/openb-pod-4147-tuned-1141,7683
9294,failed,paib-gpu/openb-pod-2766-tuned-1142,7683
9295,failed,paib-gpu/openb-pod-2768-tuned-1143,7683
9296,failed,paib-gpu/openb-pod-4236-tuned-1144,7683
9297,failed,paib-gpu/openb-pod-1041-tuned-1145,7683
9298,failed,paib-gpu/openb-pod-2717-tuned-1146,7683
9299,failed,paib-gpu/openb-pod-3073-tuned-1147,7683
9300,failed,paib-gpu/openb-pod-6944-tuned-1148,7683
9301,failed,paib-gpu/openb-pod-2740-tuned-1149,7683
9302,failed,paib-gpu/openb-pod-7951-tuned-1150,7683
9303,failed,paib-gpu/openb-pod-4185-tuned-1151,7683
9304,failed,paib-gpu/openb-pod-7250-tuned-1152,7683
9305,failed,paib-gpu/openb-pod-8103-tuned-1153,7683
9306,failed,paib-gpu/openb-pod-1644-tuned-1154,7683
9307,failed,paib-gpu/openb-pod-2156-tuned-1155,7683
9308,failed,paib-gpu/openb-pod-5047-tuned-1156,7683
9309,failed,paib-gpu/openb-pod-3084-tuned-1157,7683
9310,failed,paib-gpu/openb-pod-3459-tuned-1158,7683
9311,failed,paib-gpu/openb-pod-2791-tuned-1159,7683
9312,failed,paib-gpu/openb-pod-2613-tuned-1160,7683
9313,failed,paib-gpu/openb-pod-3512-tuned-1161,7683
9314,failed,paib-gpu/openb-pod-3254-tuned-1162,7683
9315,failed,paib-gpu/openb-pod-6679-tuned-1163,7683
9316,failed,paib-gpu/openb-pod-4853-tuned-1164,7683
9317,failed,paib-gpu/openb-pod-4623-tuned-1165,7683
9318,failed,paib-gpu/openb-pod-0244-tuned-1166,7683
9319,failed,paib-gpu/openb-pod-1213-tuned-1167,7683
9320,failed,paib-gpu/openb-pod-2278-tuned-1168,7683
9321,failed,paib-gpu/openb-pod-2782-tuned-1169,7683
9322,failed,paib-gpu/openb-pod-1544-tuned-1170,7683
9323,create,paib-gpu/openb-pod-5350-tuned-1171,7684
9324,failed,paib-gpu/openb-pod-2931-tuned-1172,7684
9325,failed,paib-gpu/openb-pod-3550-tuned-1173,7684
9326,failed,paib-gpu/openb-pod-3794-tuned-1174,7684
9327,failed,paib-gpu/openb-pod-5405-tuned-1175,7684
9328,failed,paib-gpu/openb-pod-6346-tuned-1176,7684
9329,failed,paib-gpu/openb-pod-4037-tuned-1177,7684
9330,failed,paib-gpu/openb-pod-5616-tuned-1178,7684
9331,failed,paib-gpu/openb-pod-1407-tuned-1179,7684
9332,failed,paib-gpu/openb-pod-1166-tuned-1180,7684
9333,failed,paib-gpu/openb-pod-3992-tuned-1181,7684
9334,failed,paib-gpu/openb-pod-4739-tuned-1182,7684
9335,failed,paib-gpu/openb-pod-4946-tuned-1183,7684
9336,failed,paib-gpu/openb-pod-1080-tuned-1184,7684
9337,failed,paib-gpu/openb-pod-0136-tuned-1185,7684
9338,failed,paib-gpu/openb-pod-0884-tuned-1186,7684
9339,failed,paib-gpu/openb-pod-7012-tuned-1187,7684
9340,create,paib-gpu/openb-pod-2711-tuned-1188,7685
9341,failed,paib-gpu/openb-pod-0108-tuned-1189,7685
9342,create,paib-gpu/openb-pod-0793-tuned-1190,7686
9343,failed,paib-gpu/openb-pod-1212-tuned-1191,7686
9344,failed,paib-gpu/openb-pod-5144-tuned-1192,7686
9345,failed,paib-gpu/openb-pod-4715-tuned-1193,7686
9346,failed,paib-gpu/openb-pod-1345-tuned-1194,7686
9347,failed,paib-gpu/openb-pod-1670-tuned-1195,7686
9348,failed,paib-gpu/openb-pod-6077-tuned-1196,7686
9349,create,paib-gpu/openb-pod-3017-tuned-1197,7687
9350,failed,paib-gpu/openb-pod-2550-tuned-1198,7687
9351,failed,paib-gpu/openb-pod-0290-tuned-1199,7687
9352,create,paib-gpu/openb-pod-6198-tuned-1200,7688
9353,failed,paib-gpu/openb-pod-2581-tuned-1201,7688
9354,failed,paib-gpu/openb-pod-5069-tuned-1202,7688
9355,failed,paib-gpu/openb-pod-3210-tuned-1203,7688
9356,create,paib-gpu/openb-pod-6714-tuned-1204,7689
9357,failed,paib-gpu/openb-pod-6788-tuned-1205,7689
9358,failed,paib-gpu/openb-pod-4401-tuned-1206,7689
9359,failed,paib-gpu/openb-pod-6070-tuned-1207,7689
9360,failed,paib-gpu/openb-pod-0213-tuned-1208,7689
9361,failed,paib-gpu/openb-pod-7065-tuned-1209,7689
9362,failed,paib-gpu/openb-pod-2299-tuned-1210,7689
9363,create,paib-gpu/openb-pod-1767-tuned-1211,7690
9364,failed,paib-gpu/openb-pod-7748-tuned-1212,7690
9365,failed,paib-gpu/openb-pod-1407-tuned-1213,7690
9366,failed,paib-gpu/openb-pod-3355-tuned-1214,7690
9367,failed,paib-gpu/openb-pod-2971-tuned-1215,7690
9368,failed,paib-gpu/openb-pod-0182-tuned-1216,7690
9369,failed,paib-gpu/openb-pod-1575-tuned-1217,7690
9370,failed,paib-gpu/openb-pod-6762-tuned-1218,7690
9371,failed,paib-gpu/openb-pod-0820-tuned-1219,7690
9372,failed,paib-gpu/openb-pod-4526-tuned-1220,7690
9373,failed,paib-gpu/openb-pod-2390-tuned-1221,7690
9374,failed,paib-gpu/openb-pod-1685-tuned-1222,7690
9375,failed,paib-gpu/openb-pod-4950-tuned-1223,7690
9376,failed,paib-gpu/openb-pod-0428-tuned-1224,7690
9377,failed,paib-gpu/openb-pod-6656-tuned-1225,7690
9378,failed,paib-gpu/openb-pod-6471-tuned-1226,7690
9379,failed,paib-gpu/openb-pod-6751-tuned-1227,7690
9380,failed,paib-gpu/openb-pod-2079-tuned-1228,7690
9381,failed,paib-gpu/openb-pod-4959-tuned-1229,7690
9382,failed,paib-gpu/openb-pod-2862-tuned-1230,7690
9383,failed,paib-gpu/openb-pod-1119-tuned-1231,7690
9384,failed,paib-gpu/openb-pod-5833-tuned-1232,7690
9385,failed,paib-gpu/openb-pod-5532-tuned-1233,7690
9386,failed,paib-gpu/openb-pod-7809-tuned-1234,7690
9387,failed,paib-gpu/openb-pod-0229-tuned-1235,7690
9388,failed,paib-gpu/openb-pod-1972-tuned-1236,7690
9389,failed,paib-gpu/openb-pod-7673-tuned-1237,7690
9390,create,paib-gpu/openb-pod-4421-tuned-1238,7691
9391,failed,paib-gpu/openb-pod-6951-tuned-1239,7691
9392,failed,paib-gpu/openb-pod-7501-tuned-1240,7691
9393,failed,paib-gpu/openb-pod-5077-tuned-1241,7691
9394,failed,paib-gpu/openb-pod-0006-tuned-1242,7691
9395,failed,paib-gpu/openb-pod-4432-tuned-1243,7691
9396,failed,paib-gpu/openb-pod-0663-tuned-1244,7691
9397,failed,paib-gpu/openb-pod-4703-tuned-1245,7691
9398,failed,paib-gpu/openb-pod-3965-tuned-1246,7691
9399,failed,paib-gpu/openb-pod-4303-tuned-1247,7691
9400,failed,paib-gpu/openb-pod-4083-tuned-1248,7691
9401,failed,paib-gpu/openb-pod-6309-tuned-1249,7691
9402,failed,paib-gpu/openb-pod-2443-tuned-1250,7691
9403,create,paib-gpu/openb-pod-6599-tuned-1251,7692
9404,failed,paib-gpu/openb-pod-6903-tuned-1252,7692
9405,failed,paib-gpu/openb-pod-7973-tuned-1253,7692
9406,failed,paib-gpu/openb-pod-7199-tuned-1254,7692
9407,failed,paib-gpu/openb-pod-2888-tuned-1255,7692
9408,failed,paib-gpu/openb-pod-1798-tuned-1256,7692
9409,failed,paib-gpu/openb-pod-5842-tuned-1257,7692
9410,create,paib-gpu/openb-pod-0266-tuned-1258,7693
9411,create,paib-gpu/openb-pod-6968-tuned-1259,7694
9412,create,paib-gpu/openb-pod-4978-tuned-1260,7695
9413,failed,paib-gpu/openb-pod-5040-tuned-1261,7695
9414,failed,paib-gpu/openb-pod-3774-tuned-1262,7695
9415,failed,paib-gpu/openb-pod-4428-tuned-1263,7695
9416,failed,paib-gpu/openb-pod-2581-tuned-1264,7695
9417,failed,paib-gpu/openb-pod-3642-tuned-1265,7695
9418,failed,paib-gpu/openb-pod-1753-tuned-1266,7695
9419,failed,paib-gpu/openb-pod-5769-tuned-1267,7695
9420,create,paib-gpu/openb-pod-3069-tuned-1268,7696
9421,failed,paib-gpu/openb-pod-8054-tuned-1269,7696
9422,failed,paib-gpu/openb-pod-3649-tuned-1270,7696
9423,create,paib-gpu/openb-pod-3193-tuned-1271,7697
9424,failed,paib-gpu/openb-pod-5286-tuned-1272,7697
9425,failed,paib-gpu/openb-pod-5221-tuned-1273,7697
9426,failed,paib-gpu/openb-pod-0117-tuned-1274,7697
9427,failed,paib-gpu/openb-pod-6344-tuned-1275,7697
9428,failed,paib-gpu/openb-pod-3208-tuned-1276,7697
9429,create,paib-gpu/openb-pod-0394-tuned-1277,7698
9430,failed,paib-gpu/openb-pod-0507-tuned-1278,7698
9431,failed,paib-gpu/openb-pod-0608-tuned-1279,7698
9432,failed,paib-gpu/openb-pod-5621-tuned-1280,7698
9433,failed,paib-gpu/openb-pod-5785-tuned-1281,7698
9434,failed,paib-gpu/openb-pod-4626-tuned-1282,7698
9435,failed,paib-gpu/openb-pod-1031-tuned-1283,7698
9436,failed,paib-gpu/openb-pod-1347-tuned-1284,7698
9437,failed,paib-gpu/openb-pod-2851-tuned-1285,7698
9438,failed,paib-gpu/openb-pod-4653-tuned-1286,7698
9439,failed,paib-gpu/openb-pod-7153-tuned-1287,7698
9440,failed,paib-gpu/openb-pod-4383-tuned-1288,7698
9441,failed,paib-gpu/openb-pod-6792-tuned-1289,7698
9442,failed,paib-gpu/openb-pod-7221-tuned-1290,7698
9443,failed,paib-gpu/openb-pod-2619-tuned-1291,7698
9444,failed,paib-gpu/openb-pod-7710-tuned-1292,7698
9445,failed,paib-gpu/openb-pod-7428-tuned-1293,7698
9446,create,paib-gpu/openb-pod-5965-tuned-1294,7699
9447,failed,paib-gpu/openb-pod-6549-tuned-1295,7699
9448,failed,paib-gpu/openb-pod-3203-tuned-1296,7699
9449,failed,paib-gpu/openb-pod-4675-tuned-1297,7699
9450,failed,paib-gpu/openb-pod-1574-tuned-1298,7699
9451,failed,paib-gpu/openb-pod-7990-tuned-1299,7699
9452,failed,paib-gpu/openb-pod-4700-tuned-1300,7699
9453,failed,paib-gpu/openb-pod-7690-tuned-1301,7699
9454,failed,paib-gpu/openb-pod-5168-tuned-1302,7699
9455,failed,paib-gpu/openb-pod-2955-tuned-1303,7699
9456,failed,paib-gpu/openb-pod-0741-tuned-1304,7699
9457,failed,paib-gpu/openb-pod-6000-tuned-1305,7699
9458,failed,paib-gpu/openb-pod-3635-tuned-1306,7699
9459,failed,paib-gpu/openb-pod-0468-tuned-1307,7699
9460,create,paib-gpu/openb-pod-5799-tuned-1308,7700
9461,failed,paib-gpu/openb-pod-4166-tuned-1309,7700
9462,create,paib-gpu/openb-pod-2087-tuned-1310,7701
9463,failed,paib-gpu/openb-pod-1275-tuned-1311,7701
9464,failed,paib-gpu/openb-pod-6077-tuned-1312,7701
9465,failed,paib-gpu/openb-pod-3458-tuned-1313,7701
9466,failed,paib-gpu/openb-pod-5813-tuned-1314,7701
9467,failed,paib-gpu/openb-pod-2833-tuned-1315,7701
9468,failed,paib-gpu/openb-pod-6581-tuned-1316,7701
9469,failed,paib-gpu/openb-pod-5792-tuned-1317,7701
9470,failed,paib-gpu/openb-pod-8077-tuned-1318,7701
9471,failed,paib-gpu/openb-pod-4900-tuned-1319,7701
9472,failed,paib-gpu/openb-pod-7085-tuned-1320,7701
9473,failed,paib-gpu/openb-pod-8141-tuned-1321,7701
9474,failed,paib-gpu/openb-pod-7883-tuned-1322,7701
9475,failed,paib-gpu/openb-pod-5154-tuned-1323,7701
9476,failed,paib-gpu/openb-pod-3796-tuned-1324,7701
9477,failed,paib-gpu/openb-pod-8117-tuned-1325,7701
9478,failed,paib-gpu/openb-pod-2886-tuned-1326,7701
9479,failed,paib-gpu/openb-pod-3626-tuned-1327,7701
9480,failed,paib-gpu/openb-pod-5451-tuned-1328,7701
9481,failed,paib-gpu/openb-pod-5648-tuned-1329,7701
9482,failed,paib-gpu/openb-pod-1673-tuned-1330,7701
9483,failed,paib-gpu/openb-pod-5854-tuned-1331,7701
9484,failed,paib-gpu/openb-pod-0155-tuned-1332,7701
9485,failed,paib-gpu/openb-pod-4447-tuned-1333,7701
9486,create,paib-gpu/openb-pod-1046-tuned-1334,7702
9487,failed,paib-gpu/openb-pod-1865-tuned-1335,7702
9488,failed,paib-gpu/openb-pod-1689-tuned-1336,7702
9489,failed,paib-gpu/openb-pod-3996-tuned-1337,7702
9490,create,paib-gpu/openb-pod-5968-tuned-1338,7703
9491,failed,paib-gpu/openb-pod-2628-tuned-1339,7703
9492,failed,paib-gpu/openb-pod-3796-tuned-1340,7703
9493,failed,paib-gpu/openb-pod-6251-tuned-1341,7703
9494,failed,paib-gpu/openb-pod-7921-tuned-1342,7703
9495,create,paib-gpu/openb-pod-3442-tuned-1343,7704
9496,failed,paib-gpu/openb-pod-0094-tuned-1344,7704
9497,failed,paib-gpu/openb-pod-4597-tuned-1345,7704
9498,failed,paib-gpu/openb-pod-5207-tuned-1346,7704
9499,failed,paib-gpu/openb-pod-8130-tuned-1347,7704
9500,failed,paib-gpu/openb-pod-1473-tuned-1348,7704
9501,failed,paib-gpu/openb-pod-2866-tuned-1349,7704
9502,create,paib-gpu/openb-pod-1631-tuned-1350,7705
9503,failed,paib-gpu/openb-pod-0961-tuned-1351,7705
9504,failed,paib-gpu/openb-pod-2630-tuned-1352,7705
9505,failed,paib-gpu/openb-pod-3457-tuned-1353,7705
9506,failed,paib-gpu/openb-pod-4672-tuned-1354,7705
9507,failed,paib-gpu/openb-pod-7483-tuned-1355,7705
9508,failed,paib-gpu/openb-pod-7748-tuned-1356,7705
9509,failed,paib-gpu/openb-pod-7368-tuned-1357,7705
9510,failed,paib-gpu/openb-pod-7672-tuned-1358,7705
9511,failed,paib-gpu/openb-pod-2072-tuned-1359,7705
9512,failed,paib-gpu/openb-pod-3522-tuned-1360,7705
9513,failed,paib-gpu/openb-pod-4596-tuned-1361,7705
9514,failed,paib-gpu/openb-pod-6409-tuned-1362,7705
9515,failed,paib-gpu/openb-pod-7512-tuned-1363,7705
9516,failed,paib-gpu/openb-pod-5819-tuned-1364,7705
9517,failed,paib-gpu/openb-pod-3431-tuned-1365,7705
9518,failed,paib-gpu/openb-pod-6856-tuned-1366,7705
9519,failed,paib-gpu/openb-pod-7518-tuned-1367,7705
9520,failed,paib-gpu/openb-pod-3828-tuned-1368,7705
9521,create,paib-gpu/openb-pod-0372-tuned-1369,7706
9522,failed,paib-gpu/openb-pod-1109-tuned-1370,7706
9523,failed,paib-gpu/openb-pod-2187-tuned-1371,7706
9524,failed,paib-gpu/openb-pod-5557-tuned-1372,7706
9525,failed,paib-gpu/openb-pod-7871-tuned-1373,7706
9526,failed,paib-gpu/openb-pod-0228-tuned-1374,7706
9527,failed,paib-gpu/openb-pod-1622-tuned-1375,7706
9528,failed,paib-gpu/openb-pod-2704-tuned-1376,7706
9529,failed,paib-gpu/openb-pod-0578-tuned-1377,7706
9530,failed,paib-gpu/openb-pod-4176-tuned-1378,7706
9531,failed,paib-gpu/openb-pod-7709-tuned-1379,7706
9532,failed,paib-gpu/openb-pod-0817-tuned-1380,7706
9533,failed,paib-gpu/openb-pod-1352-tuned-1381,7706
9534,failed,paib-gpu/openb-pod-5488-tuned-1382,7706
9535,failed,paib-gpu/openb-pod-3788-tuned-1383,7706
9536,failed,paib-gpu/openb-pod-3364-tuned-1384,7706
9537,failed,paib-gpu/openb-pod-2825-tuned-1385,7706
9538,failed,paib-gpu/openb-pod-0123-tuned-1386,7706
9539,failed,paib-gpu/openb-pod-2784-tuned-1387,7706
9540,failed,paib-gpu/openb-pod-5075-tuned-1388,7706
9541,failed,paib-gpu/openb-pod-2653-tuned-1389,7706
9542,failed,paib-gpu/openb-pod-5806-tuned-1390,7706
9543,failed,paib-gpu/openb-pod-6390-tuned-1391,7706
9544,create,paib-gpu/openb-pod-2196-tuned-1392,7707
9545,failed,paib-gpu/openb-pod-4953-tuned-1393,7707
9546,failed,paib-gpu/openb-pod-4341-tuned-1394,7707
9547,failed,paib-gpu/openb-pod-2270-tuned-1395,7707
9548,failed,paib-gpu/openb-pod-5743-tuned-1396,7707
9549,create,paib-gpu/openb-pod-2700-tuned-1397,7708
9550,failed,paib-gpu/openb-pod-1665-tuned-1398,7708
9551,failed,paib-gpu/openb-pod-2529-tuned-1399,7708
9552,create,paib-gpu/openb-pod-3256-tuned-1400,7709
9553,failed,paib-gpu/openb-pod-1553-tuned-1401,7709
9554,failed,paib-gpu/openb-pod-6933-tuned-1402,7709
9555,failed,paib-gpu/openb-pod-3197-tuned-1403,7709
9556,failed,paib-gpu/openb-pod-7105-tuned-1404,7709
9557,failed,paib-gpu/openb-pod-1883-tuned-1405,7709
9558,failed,paib-gpu/openb-pod-2370-tuned-1406,7709
9559,failed,paib-gpu/openb-pod-7046-tuned-1407,7709
9560,failed,paib-gpu/openb-pod-3024-tuned-1408,7709
9561,failed,paib-gpu/openb-pod-7621-tuned-1409,7709
9562,failed,paib-gpu/openb-pod-2811-tuned-1410,7709
9563,failed,paib-gpu/openb-pod-3157-tuned-1411,7709
9564,failed,paib-gpu/openb-pod-1662-tuned-1412,7709
9565,failed,paib-gpu/openb-pod-1539-tuned-1413,7709
9566,failed,paib-gpu/openb-pod-1420-tuned-1414,7709
9567,failed,paib-gpu/openb-pod-0714-tuned-1415,7709
9568,failed,paib-gpu/openb-pod-4952-tuned-1416,7709
9569,failed,paib-gpu/openb-pod-0613-tuned-1417,7709
9570,failed,paib-gpu/openb-pod-7531-tuned-1418,7709
9571,failed,paib-gpu/openb-pod-5999-tuned-1419,7709
9572,failed,paib-gpu/openb-pod-3597-tuned-1420,7709
9573,create,paib-gpu/openb-pod-6263-tuned-1421,7710
9574,failed,paib-gpu/openb-pod-3964-tuned-1422,7710
9575,failed,paib-gpu/openb-pod-4070-tuned-1423,7710
9576,failed,paib-gpu/openb-pod-0612-tuned-1424,7710
9577,create,paib-gpu/openb-pod-5577-tuned-1425,7711
9578,failed,paib-gpu/openb-pod-0911-tuned-1426,7711
9579,failed,paib-gpu/openb-pod-3944-tuned-1427,7711
9580,failed,paib-gpu/openb-pod-6540-tuned-1428,7711
9581,create,paib-gpu/openb-pod-7588-tuned-1429,7712
9582,failed,paib-gpu/openb-pod-2743-tuned-1430,7712
9583,failed,paib-gpu/openb-pod-6002-tuned-1431,7712
9584,failed,paib-gpu/openb-pod-3236-tuned-1432,7712
9585,failed,paib-gpu/openb-pod-2450-tuned-1433,7712
9586,failed,paib-gpu/openb-pod-7768-tuned-1434,7712
9587,create,paib-gpu/openb-pod-3615-tuned-1435,7713
9588,failed,paib-gpu/openb-pod-2152-tuned-1436,7713
9589,create,paib-gpu/openb-pod-5699-tuned-1437,7714
9590,failed,paib-gpu/openb-pod-2550-tuned-1438,7714
9591,failed,paib-gpu/openb-pod-5729-tuned-1439,7714
9592,failed,paib-gpu/openb-pod-3334-tuned-1440,7714
9593,failed,paib-gpu/openb-pod-1064-tuned-1441,7714
9594,failed,paib-gpu/openb-pod-8116-tuned-1442,7714
9595,failed,paib-gpu/openb-pod-3640-tuned-1443,7714
9596,create,paib-gpu/openb-pod-2645-tuned-1444,7715
9597,failed,paib-gpu/openb-pod-5427-tuned-1445,7715
9598,failed,paib-gpu/openb-pod-7590-tuned-1446,7715
9599,failed,paib-gpu/openb-pod-6496-tuned-1447,7715
9600,create,paib-gpu/openb-pod-5521-tuned-1448,7716
9601,failed,paib-gpu/openb-pod-0824-tuned-1449,7716
9602,failed,paib-gpu/openb-pod-1502-tuned-1450,7716
9603,failed,paib-gpu/openb-pod-8084-tuned-1451,7716
9604,failed,paib-gpu/openb-pod-6007-tuned-1452,7716
9605,failed,paib-gpu/openb-pod-5747-tuned-1453,7716
9606,failed,paib-gpu/openb-pod-1687-tuned-1454,7716
9607,failed,paib-gpu/openb-pod-8066-tuned-1455,7716
9608,failed,paib-gpu/openb-pod-1059-tuned-1456,7716
9609,failed,paib-gpu/openb-pod-4365-tuned-1457,7716
9610,failed,paib-gpu/openb-pod-3908-tuned-1458,7716
9611,failed,paib-gpu/openb-pod-6993-tuned-1459,7716
9612,failed,paib-gpu/openb-pod-5676-tuned-1460,7716
9613,failed,paib-gpu/openb-pod-6898-tuned-1461,7716
9614,failed,paib-gpu/openb-pod-7838-tuned-1462,7716
9615,failed,paib-gpu/openb-pod-6653-tuned-1463,7716
9616,failed,paib-gpu/openb-pod-6200-tuned-1464,7716
9617,failed,paib-gpu/openb-pod-8108-tuned-1465,7716
9618,failed,paib-gpu/openb-pod-6011-tuned-1466,7716
9619,failed,paib-gpu/openb-pod-7197-tuned-1467,7716
9620,failed,paib-gpu/openb-pod-0413-tuned-1468,7716
9621,failed,paib-gpu/openb-pod-7395-tuned-1469,7716
9622,failed,paib-gpu/openb-pod-7325-tuned-1470,7716
9623,failed,paib-gpu/openb-pod-7259-tuned-1471,7716
9624,failed,paib-gpu/openb-pod-3628-tuned-1472,7716
9625,create,paib-gpu/openb-pod-2762-tuned-1473,7717
9626,failed,paib-gpu/openb-pod-0799-tuned-1474,7717
9627,failed,paib-gpu/openb-pod-4476-tuned-1475,7717
9628,failed,paib-gpu/openb-pod-1058-tuned-1476,7717
9629,failed,paib-gpu/openb-pod-1923-tuned-1477,7717
9630,failed,paib-gpu/openb-pod-3020-tuned-1478,7717
9631,create,paib-gpu/openb-pod-2218-tuned-1479,7718
9632,failed,paib-gpu/openb-pod-3321-tuned-1480,7718
9633,failed,paib-gpu/openb-pod-1252-tuned-1481,7718
9634,failed,paib-gpu/openb-pod-2028-tuned-1482,7718
9635,failed,paib-gpu/openb-pod-6797-tuned-1483,7718
9636,failed,paib-gpu/openb-pod-2116-tuned-1484,7718
9637,failed,paib-gpu/openb-pod-6346-tuned-1485,7718
9638,failed,paib-gpu/openb-pod-1721-tuned-1486,7718
9639,failed,paib-gpu/openb-pod-6757-tuned-1487,7718
9640,failed,paib-gpu/openb-pod-0963-tuned-1488,7718
9641,failed,paib-gpu/openb-pod-6762-tuned-1489,7718
9642,create,paib-gpu/openb-pod-3242-tuned-1490,7719
9643,failed,paib-gpu/openb-pod-1018-tuned-1491,7719
9644,failed,paib-gpu/openb-pod-1264-tuned-1492,7719
9645,failed,paib-gpu/openb-pod-5321-tuned-1493,7719
9646,failed,paib-gpu/openb-pod-6477-tuned-1494,7719
9647,create,paib-gpu/openb-pod-3444-tuned-1495,7720
9648,failed,paib-gpu/openb-pod-7085-tuned-1496,7720
9649,failed,paib-gpu/openb-pod-1258-tuned-1497,7720
9650,failed,paib-gpu/openb-pod-1468-tuned-1498,7720
9651,create,paib-gpu/openb-pod-1899-tuned-1499,7721
9652,failed,paib-gpu/openb-pod-7829-tuned-1500,7721
9653,failed,paib-gpu/openb-pod-7576-tuned-1501,7721
9654,create,paib-gpu/openb-pod-4835-tuned-1502,7722
9655,create,paib-gpu/openb-pod-0473-tuned-1503,7723
9656,failed,paib-gpu/openb-pod-5854-tuned-1504,7723
9657,failed,paib-gpu/openb-pod-4197-tuned-1505,7723
9658,failed,paib-gpu/openb-pod-6435-tuned-1506,7723
9659,failed,paib-gpu/openb-pod-6134-tuned-1507,7723
9660,failed,paib-gpu/openb-pod-5593-tuned-1508,7723
9661,failed,paib-gpu/openb-pod-0243-tuned-1509,7723
9662,failed,paib-gpu/openb-pod-3374-tuned-1510,7723
9663,failed,paib-gpu/openb-pod-3087-tuned-1511,7723
9664,failed,paib-gpu/openb-pod-2893-tuned-1512,7723
9665,failed,paib-gpu/openb-pod-4794-tuned-1513,7723
9666,failed,paib-gpu/openb-pod-7405-tuned-1514,7723
9667,failed,paib-gpu/openb-pod-2837-tuned-1515,7723
9668,failed,paib-gpu/openb-pod-8015-tuned-1516,7723
9669,failed,paib-gpu/openb-pod-3821-tuned-1517,7723
9670,failed,paib-gpu/openb-pod-7733-tuned-1518,7723
9671,failed,paib-gpu/openb-pod-5126-tuned-1519,7723
9672,failed,paib-gpu/openb-pod-0752-tuned-1520,7723
9673,failed,paib-gpu/openb-pod-1936-tuned-1521,7723
9674,failed,paib-gpu/openb-pod-7818-tuned-1522,7723
9675,failed,paib-gpu/openb-pod-5441-tuned-1523,7723
9676,failed,paib-gpu/openb-pod-7159-tuned-1524,7723
9677,failed,paib-gpu/openb-pod-3289-tuned-1525,7723
9678,create,paib-gpu/openb-pod-7116-tuned-1526,7724
9679,failed,paib-gpu/openb-pod-5239-tuned-1527,7724
9680,failed,paib-gpu/openb-pod-3310-tuned-1528,7724
9681,failed,paib-gpu/openb-pod-4731-tuned-1529,7724
9682,failed,paib-gpu/openb-pod-6933-tuned-1530,7724
9683,create,paib-gpu/openb-pod-1163-tuned-1531,7725
9684,failed,paib-gpu/openb-pod-4544-tuned-1532,7725
9685,failed,paib-gpu/openb-pod-1035-tuned-1533,7725
9686,create,paib-gpu/openb-pod-2701-tuned-1534,7726
9687,failed,paib-gpu/openb-pod-6505-tuned-1535,7726
9688,failed,paib-gpu/openb-pod-1592-tuned-1536,7726
9689,failed,paib-gpu/openb-pod-0273-tuned-1537,7726
9690,failed,paib-gpu/openb-pod-6955-tuned-1538,7726
9691,failed,paib-gpu/openb-pod-6132-tuned-1539,7726
9692,failed,paib-gpu/openb-pod-5792-tuned-1540,7726
9693,failed,paib-gpu/openb-pod-7822-tuned-1541,7726
9694,failed,paib-gpu/openb-pod-2445-tuned-1542,7726
9695,failed,paib-gpu/openb-pod-7902-tuned-1543,7726
9696,failed,paib-gpu/openb-pod-4805-tuned-1544,7726
9697,failed,paib-gpu/openb-pod-6496-tuned-1545,7726
9698,failed,paib-gpu/openb-pod-5262-tuned-1546,7726
9699,create,paib-gpu/openb-pod-1638-tuned-1547,7727
9700,failed,paib-gpu/openb-pod-0891-tuned-1548,7727
9701,failed,paib-gpu/openb-pod-2899-tuned-1549,7727
9702,failed,paib-gpu/openb-pod-7271-tuned-1550,7727
9703,failed,paib-gpu/openb-pod-1853-tuned-1551,7727
9704,failed,paib-gpu/openb-pod-5310-tuned-1552,7727
9705,failed,paib-gpu/openb-pod-7586-tuned-1553,7727
9706,failed,paib-gpu/openb-pod-4653-tuned-1554,7727
9707,failed,paib-gpu/openb-pod-0583-tuned-1555,7727
9708,failed,paib-gpu/openb-pod-6746-tuned-1556,7727
9709,failed,paib-gpu/openb-pod-7210-tuned-1557,7727
9710,create,paib-gpu/openb-pod-6561-tuned-1558,7728
9711,failed,paib-gpu/openb-pod-0730-tuned-1559,7728
9712,create,paib-gpu/openb-pod-6384-tuned-1560,7729
9713,failed,paib-gpu/openb-pod-4480-tuned-1561,7729
9714,create,paib-gpu/openb-pod-0805-tuned-1562,7730
9715,failed,paib-gpu/openb-pod-6608-tuned-1563,7730
9716,failed,paib-gpu/openb-pod-5016-tuned-1564,7730
9717,failed,paib-gpu/openb-pod-5952-tuned-1565,7730
9718,create,paib-gpu/openb-pod-5419-tuned-1566,7731
9719,failed,paib-gpu/openb-pod-4660-tuned-1567,7731
9720,failed,paib-gpu/openb-pod-7321-tuned-1568,7731
9721,failed,paib-gpu/openb-pod-6555-tuned-1569,7731
9722,failed,paib-gpu/openb-pod-7067-tuned-1570,7731
9723,failed,paib-gpu/openb-pod-2975-tuned-1571,7731
9724,failed,paib-gpu/openb-pod-6855-tuned-1572,7731
9725,failed,paib-gpu/openb-pod-3154-tuned-1573,7731
9726,failed,paib-gpu/openb-pod-0173-tuned-1574,7731
9727,failed,paib-gpu/openb-pod-3724-tuned-1575,7731
9728,failed,paib-gpu/openb-pod-0620-tuned-1576,7731
9729,failed,paib-gpu/openb-pod-6371-tuned-1577,7731
9730,failed,paib-gpu/openb-pod-2233-tuned-1578,7731
9731,failed,paib-gpu/openb-pod-3398-tuned-1579,7731
9732,failed,paib-gpu/openb-pod-0382-tuned-1580,7731
9733,failed,paib-gpu/openb-pod-5788-tuned-1581,7731
9734,failed,paib-gpu/openb-pod-3214-tuned-1582,7731
9735,create,paib-gpu/openb-pod-7588-tuned-1583,7732
9736,failed,paib-gpu/openb-pod-1148-tuned-1584,7732
9737,create,paib-gpu/openb-pod-2711-tuned-1585,7733
9738,failed,paib-gpu/openb-pod-1391-tuned-1586,7733
9739,failed,paib-gpu/openb-pod-5037-tuned-1587,7733
9740,failed,paib-gpu/openb-pod-7933-tuned-1588,7733
9741,failed,paib-gpu/openb-pod-5191-tuned-1589,7733
9742,failed,paib-gpu/openb-pod-7451-tuned-1590,7733
9743,failed,paib-gpu/openb-pod-2311-tuned-1591,7733
9744,create,paib-gpu/openb-pod-0728-tuned-1592,7734
9745,failed,paib-gpu/openb-pod-3236-tuned-1593,7734
9746,failed,paib-gpu/openb-pod-1340-tuned-1594,7734
9747,create,paib-gpu/openb-pod-6606-tuned-1595,7735
9748,failed,paib-gpu/openb-pod-6706-tuned-1596,7735
9749,failed,paib-gpu/openb-pod-1743-tuned-1597,7735
9750,failed,paib-gpu/openb-pod-4074-tuned-1598,7735
9751,failed,paib-gpu/openb-pod-1125-tuned-1599,7735
9752,failed,paib-gpu/openb-pod-0328-tuned-1600,7735
9753,failed,paib-gpu/openb-pod-0769-tuned-1601,7735
9754,failed,paib-gpu/openb-pod-7948-tuned-1602,7735
9755,failed,paib-gpu/openb-pod-6792-tuned-1603,7735
9756,failed,paib-gpu/openb-pod-7316-tuned-1604,7735
9757,failed,paib-gpu/openb-pod-5894-tuned-1605,7735
9758,failed,paib-gpu/openb-pod-1819-tuned-1606,7735
9759,failed,paib-gpu/openb-pod-3733-tuned-1607,7735
9760,failed,paib-gpu/openb-pod-3357-tuned-1608,7735
9761,failed,paib-gpu/openb-pod-5676-tuned-1609,7735
9762,create,paib-gpu/openb-pod-5103-tuned-1610,7736
9763,failed,paib-gpu/openb-pod-3870-tuned-1611,7736
9764,create,paib-gpu/openb-pod-3517-tuned-1612,7737
9765,failed,paib-gpu/openb-pod-2209-tuned-1613,7737
9766,failed,paib-gpu/openb-pod-6371-tuned-1614,7737
9767,failed,paib-gpu/openb-pod-1023-tuned-1615,7737
9768,failed,paib-gpu/openb-pod-6510-tuned-1616,7737
9769,create,paib-gpu/openb-pod-4986-tuned-1617,7738
9770,failed,paib-gpu/openb-pod-7243-tuned-1618,7738
9771,failed,paib-gpu/openb-pod-4282-tuned-1619,7738
9772,create,paib-gpu/openb-pod-5164-tuned-1620,7739
9773,failed,paib-gpu/openb-pod-4201-tuned-1621,7739
9774,failed,paib-gpu/openb-pod-5156-tuned-1622,7739
9775,failed,paib-gpu/openb-pod-1575-tuned-1623,7739
9776,failed,paib-gpu/openb-pod-4868-tuned-1624,7739
9777,failed,paib-gpu/openb-pod-2699-tuned-1625,7739
9778,failed,paib-gpu/openb-pod-7234-tuned-1626,7739
9779,failed,paib-gpu/openb-pod-0299-tuned-1627,7739
9780,failed,paib-gpu/openb-pod-1447-tuned-1628,7739
9781,failed,paib-gpu/openb-pod-7141-tuned-1629,7739
9782,failed,paib-gpu/openb-pod-1774-tuned-1630,7739
9783,failed,paib-gpu/openb-pod-0775-tuned-1631,7739
9784,failed,paib-gpu/openb-pod-7679-tuned-1632,7739
9785,create,paib-gpu/openb-pod-0650-tuned-1633,7740
9786,failed,paib-gpu/openb-pod-2297-tuned-1634,7740
9787,failed,paib-gpu/openb-pod-7396-tuned-1635,7740
9788,create,paib-gpu/openb-pod-6619-tuned-1636,7741
9789,failed,paib-gpu/openb-pod-3818-tuned-1637,7741
9790,failed,paib-gpu/openb-pod-3145-tuned-1638,7741
9791,failed,paib-gpu/openb-pod-3502-tuned-1639,7741
9792,failed,paib-gpu/openb-pod-0719-tuned-1640,7741
9793,failed,paib-gpu/openb-pod-7811-tuned-1641,7741
9794,create,paib-gpu/openb-pod-6865-tuned-1642,7742
9795,failed,paib-gpu/openb-pod-4524-tuned-1643,7742
9796,failed,paib-gpu/openb-pod-3944-tuned-1644,7742
9797,failed,paib-gpu/openb-pod-1568-tuned-1645,7742
9798,create,paib-gpu/openb-pod-2049-tuned-1646,7743
9799,failed,paib-gpu/openb-pod-7437-tuned-1647,7743
9800,failed,paib-gpu/openb-pod-1727-tuned-1648,7743
9801,failed,paib-gpu/openb-pod-2382-tuned-1649,7743
9802,failed,paib-gpu/openb-pod-1186-tuned-1650,7743
9803,failed,paib-gpu/openb-pod-5728-tuned-1651,7743
9804,failed,paib-gpu/openb-pod-5466-tuned-1652,7743
9805,create,paib-gpu/openb-pod-6449-tuned-1653,7744
9806,create,paib-gpu/openb-pod-1322-tuned-1654,7745
9807,failed,paib-gpu/openb-pod-1156-tuned-1655,7745
9808,failed,paib-gpu/openb-pod-0105-tuned-1656,7745
9809,failed,paib-gpu/openb-pod-7299-tuned-1657,7745
9810,failed,paib-gpu/openb-pod-5723-tuned-1658,7745
9811,failed,paib-gpu/openb-pod-1167-tuned-1659,7745
9812,create,paib-gpu/openb-pod-1267-tuned-1660,7746
9813,failed,paib-gpu/openb-pod-7409-tuned-1661,7746
9814,failed,paib-gpu/openb-pod-3640-tuned-1662,7746
9815,failed,paib-gpu/openb-pod-4246-tuned-1663,7746
9816,failed,paib-gpu/openb-pod-0716-tuned-1664,7746
9817,failed,paib-gpu/openb-pod-4829-tuned-1665,7746
9818,failed,paib-gpu/openb-pod-0000-tuned-1666,7746
9819,failed,paib-gpu/openb-pod-3417-tuned-1667,7746
9820,failed,paib-gpu/openb-pod-2137-tuned-1668,7746
9821,failed,paib-gpu/openb-pod-1174-tuned-1669,7746
9822,failed,paib-gpu/openb-pod-5988-tuned-1670,7746
9823,failed,paib-gpu/openb-pod-4094-tuned-1671,7746
9824,failed,paib-gpu/openb-pod-0217-tuned-1672,7746
9825,create,paib-gpu/openb-pod-3196-tuned-1673,7747
9826,failed,paib-gpu/openb-pod-6415-tuned-1674,7747
9827,create,paib-gpu/openb-pod-1138-tuned-1675,7748
9828,failed,paib-gpu/openb-pod-5988-tuned-1676,7748
9829,create,paib-gpu/openb-pod-4693-tuned-1677,7749
9830,failed,paib-gpu/openb-pod-5756-tuned-1678,7749
9831,failed,paib-gpu/openb-pod-6578-tuned-1679,7749
9832,failed,paib-gpu/openb-pod-7406-tuned-1680,7749
9833,failed,paib-gpu/openb-pod-6863-tuned-1681,7749
9834,failed,paib-gpu/openb-pod-3825-tuned-1682,7749
9835,failed,paib-gpu/openb-pod-4617-tuned-1683,7749
9836,create,paib-gpu/openb-pod-7842-tuned-1684,7750
9837,failed,paib-gpu/openb-pod-1805-tuned-1685,7750
9838,create,paib-gpu/openb-pod-3442-tuned-1686,7751
9839,failed,paib-gpu/openb-pod-5297-tuned-1687,7751
9840,failed,paib-gpu/openb-pod-0283-tuned-1688,7751
9841,failed,paib-gpu/openb-pod-0614-tuned-1689,7751
9842,failed,paib-gpu/openb-pod-5761-tuned-1690,7751
9843,failed,paib-gpu/openb-pod-5756-tuned-1691,7751
9844,failed,paib-gpu/openb-pod-5136-tuned-1692,7751
9845,failed,paib-gpu/openb-pod-7584-tuned-1693,7751
9846,failed,paib-gpu/openb-pod-8069-tuned-1694,7751
9847,failed,paib-gpu/openb-pod-5468-tuned-1695,7751
9848,create,paib-gpu/openb-pod-1284-tuned-1696,7752
9849,failed,paib-gpu/openb-pod-6223-tuned-1697,7752
9850,failed,paib-gpu/openb-pod-2813-tuned-1698,7752
9851,failed,paib-gpu/openb-pod-1757-tuned-1699,7752
9852,create,paib-gpu/openb-pod-2761-tuned-1700,7753
9853,failed,paib-gpu/openb-pod-6890-tuned-1701,7753
9854,failed,paib-gpu/openb-pod-7826-tuned-1702,7753
9855,failed,paib-gpu/openb-pod-0458-tuned-1703,7753
9856,failed,paib-gpu/openb-pod-7280-tuned-1704,7753
9857,failed,paib-gpu/openb-pod-1993-tuned-1705,7753
9858,failed,paib-gpu/openb-pod-2730-tuned-1706,7753
9859,failed,paib-gpu/openb-pod-6676-tuned-1707,7753
9860,failed,paib-gpu/openb-pod-7998-tuned-1708,7753
9861,failed,paib-gpu/openb-pod-7582-tuned-1709,7753
9862,create,paib-gpu/openb-pod-5692-tuned-1710,7754
9863,create,paib-gpu/openb-pod-1203-tuned-1711,7755
9864,failed,paib-gpu/openb-pod-2913-tuned-1712,7755
9865,failed,paib-gpu/openb-pod-0405-tuned-1713,7755
9866,failed,paib-gpu/openb-pod-0889-tuned-1714,7755
9867,create,paib-gpu/openb-pod-6483-tuned-1715,7756
9868,create,paib-gpu/openb-pod-7840-tuned-1716,7757
9869,create,paib-gpu/openb-pod-3018-tuned-1717,7758
9870,failed,paib-gpu/openb-pod-0692-tuned-1718,7758
9871,create,paib-gpu/openb-pod-5541-tuned-1719,7759
9872,failed,paib-gpu/openb-pod-6723-tuned-1720,7759
9873,failed,paib-gpu/openb-pod-6277-tuned-1721,7759
9874,failed,paib-gpu/openb-pod-6719-tuned-1722,7759
9875,failed,paib-gpu/openb-pod-0778-tuned-1723,7759
9876,failed,paib-gpu/openb-pod-5384-tuned-1724,7759
9877,failed,paib-gpu/openb-pod-7433-tuned-1725,7759
9878,create,paib-gpu/openb-pod-2296-tuned-1726,7760
9879,failed,paib-gpu/openb-pod-1230-tuned-1727,7760
9880,failed,paib-gpu/openb-pod-6547-tuned-1728,7760
9881,create,paib-gpu/openb-pod-2007-tuned-1729,7761
9882,failed,paib-gpu/openb-pod-5067-tuned-1730,7761
9883,failed,paib-gpu/openb-pod-3166-tuned-1731,7761
9884,failed,paib-gpu/openb-pod-3337-tuned-1732,7761
9885,failed,paib-gpu/openb-pod-4991-tuned-1733,7761
9886,failed,paib-gpu/openb-pod-5168-tuned-1734,7761
9887,failed,paib-gpu/openb-pod-5429-tuned-1735,7761
9888,failed,paib-gpu/openb-pod-5112-tuned-1736,7761
9889,failed,paib-gpu/openb-pod-4828-tuned-1737,7761
9890,failed,paib-gpu/openb-pod-0708-tuned-1738,7761
9891,failed,paib-gpu/openb-pod-7583-tuned-1739,7761
9892,failed,paib-gpu/openb-pod-7855-tuned-1740,7761
9893,failed,paib-gpu/openb-pod-1252-tuned-1741,7761
9894,failed,paib-gpu/openb-pod-7025-tuned-1742,7761
9895,failed,paib-gpu/openb-pod-3662-tuned-1743,7761
9896,failed,paib-gpu/openb-pod-6671-tuned-1744,7761
9897,create,paib-gpu/openb-pod-1387-tuned-1745,7762
9898,failed,paib-gpu/openb-pod-4861-tuned-1746,7762
9899,failed,paib-gpu/openb-pod-1392-tuned-1747,7762
9900,failed,paib-gpu/openb-pod-0471-tuned-1748,7762
9901,create,paib-gpu/openb-pod-1537-tuned-1749,7763
9902,failed,paib-gpu/openb-pod-4691-tuned-1750,7763
9903,failed,paib-gpu/openb-pod-4968-tuned-1751,7763
9904,failed,paib-gpu/openb-pod-3259-tuned-1752,7763
9905,failed,paib-gpu/openb-pod-6038-tuned-1753,7763
9906,create,paib-gpu/openb-pod-4325-tuned-1754,7764
9907,failed,paib-gpu/openb-pod-0820-tuned-1755,7764
9908,failed,paib-gpu/openb-pod-7250-tuned-1756,7764
9909,failed,paib-gpu/openb-pod-7780-tuned-1757,7764
9910,failed,paib-gpu/openb-pod-0092-tuned-1758,7764
9911,failed,paib-gpu/openb-pod-0819-tuned-1759,7764
9912,create,paib-gpu/openb-pod-4421-tuned-1760,7765
9913,create,paib-gpu/openb-pod-2608-tuned-1761,7766
9914,failed,paib-gpu/openb-pod-0766-tuned-1762,7766
9915,failed,paib-gpu/openb-pod-0138-tuned-1763,7766
9916,failed,paib-gpu/openb-pod-4102-tuned-1764,7766
9917,failed,paib-gpu/openb-pod-2436-tuned-1765,7766
9918,failed,paib-gpu/openb-pod-8112-tuned-1766,7766
9919,failed,paib-gpu/openb-pod-6803-tuned-1767,7766
9920,failed,paib-gpu/openb-pod-6956-tuned-1768,7766
9921,failed,paib-gpu/openb-pod-2187-tuned-1769,7766
9922,failed,paib-gpu/openb-pod-7937-tuned-1770,7766
9923,failed,paib-gpu/openb-pod-6322-tuned-1771,7766
9924,failed,paib-gpu/openb-pod-6522-tuned-1772,7766
9925,create,paib-gpu/openb-pod-5786-tuned-1773,7767
9926,failed,paib-gpu/openb-pod-6501-tuned-1774,7767
9927,failed,paib-gpu/openb-pod-7113-tuned-1775,7767
9928,failed,paib-gpu/openb-pod-0968-tuned-1776,7767
9929,failed,paib-gpu/openb-pod-5111-tuned-1777,7767
9930,failed,paib-gpu/openb-pod-1395-tuned-1778,7767
9931,failed,paib-gpu/openb-pod-1214-tuned-1779,7767
9932,failed,paib-gpu/openb-pod-7396-tuned-1780,7767
9933,failed,paib-gpu/openb-pod-1235-tuned-1781,7767
9934,failed,paib-gpu/openb-pod-5648-tuned-1782,7767
9935,failed,paib-gpu/openb-pod-1568-tuned-1783,7767
9936,failed,paib-gpu/openb-pod-4836-tuned-1784,7767
9937,failed,paib-gpu/openb-pod-0357-tuned-1785,7767
9938,failed,paib-gpu/openb-pod-3914-tuned-1786,7767
9939,failed,paib-gpu/openb-pod-6284-tuned-1787,7767
9940,failed,paib-gpu/openb-pod-4542-tuned-1788,7767
9941,failed,paib-gpu/openb-pod-4603-tuned-1789,7767
9942,failed,paib-gpu/openb-pod-0616-tuned-1790,7767
9943,failed,paib-gpu/openb-pod-6526-tuned-1791,7767
9944,failed,paib-gpu/openb-pod-2974-tuned-1792,7767
9945,failed,paib-gpu/openb-pod-1636-tuned-1793,7767
9946,failed,paib-gpu/openb-pod-0797-tuned-1794,7767
9947,failed,paib-gpu/openb-pod-0089-tuned-1795,7767
9948,failed,paib-gpu/openb-pod-3262-tuned-1796,7767
9949,failed,paib-gpu/openb-pod-7953-tuned-1797,7767
9950,failed,paib-gpu/openb-pod-2213-tuned-1798,7767
9951,failed,paib-gpu/openb-pod-4109-tuned-1799,7767
9952,failed,paib-gpu/openb-pod-7666-tuned-1800,7767
9953,failed,paib-gpu/openb-pod-2368-tuned-1801,7767
9954,failed,paib-gpu/openb-pod-4114-tuned-1802,7767
9955,failed,paib-gpu/openb-pod-2571-tuned-1803,7767
9956,failed,paib-gpu/openb-pod-1893-tuned-1804,7767
9957,failed,paib-gpu/openb-pod-7094-tuned-1805,7767
9958,failed,paib-gpu/openb-pod-1325-tuned-1806,7767
9959,create,paib-gpu/openb-pod-6611-tuned-1807,7768
9960,create,paib-gpu/openb-pod-0935-tuned-1808,7769
9961,failed,paib-gpu/openb-pod-4374-tuned-1809,7769
9962,create,paib-gpu/openb-pod-3484-tuned-1810,7770
9963,failed,paib-gpu/openb-pod-5517-tuned-1811,7770
9964,failed,paib-gpu/openb-pod-4769-tuned-1812,7770
9965,failed,paib-gpu/openb-pod-7906-tuned-1813,7770
9966,failed,paib-gpu/openb-pod-5741-tuned-1814,7770
9967,failed,paib-gpu/openb-pod-0371-tuned-1815,7770
9968,failed,paib-gpu/openb-pod-6816-tuned-1816,7770
9969,failed,paib-gpu/openb-pod-7105-tuned-1817,7770
9970,failed,paib-gpu/openb-pod-0112-tuned-1818,7770
9971,failed,paib-gpu/openb-pod-2571-tuned-1819,7770
9972,failed,paib-gpu/openb-pod-0757-tuned-1820,7770
9973,failed,paib-gpu/openb-pod-4247-tuned-1821,7770
9974,failed,paib-gpu/openb-pod-5871-tuned-1822,7770
9975,create,paib-gpu/openb-pod-5165-tuned-1823,7771
9976,failed,paib-gpu/openb-pod-1141-tuned-1824,7771
9977,failed,paib-gpu/openb-pod-3921-tuned-1825,7771
9978,failed,paib-gpu/openb-pod-0254-tuned-1826,7771
9979,create,paib-gpu/openb-pod-6891-tuned-1827,7772
9980,failed,paib-gpu/openb-pod-0686-tuned-1828,7772
9981,failed,paib-gpu/openb-pod-6144-tuned-1829,7772
9982,failed,paib-gpu/openb-pod-1721-tuned-1830,7772
9983,create,paib-gpu/openb-pod-6989-tuned-1831,7773
9984,failed,paib-gpu/openb-pod-5098-tuned-1832,7773
9985,failed,paib-gpu/openb-pod-2415-tuned-1833,7773
9986,failed,paib-gpu/openb-pod-3079-tuned-1834,7773
9987,failed,paib-gpu/openb-pod-2885-tuned-1835,7773
9988,failed,paib-gpu/openb-pod-3416-tuned-1836,7773
9989,failed,paib-gpu/openb-pod-7879-tuned-1837,7773
9990,failed,paib-gpu/openb-pod-7071-tuned-1838,7773
9991,failed,paib-gpu/openb-pod-0812-tuned-1839,7773
9992,failed,paib-gpu/openb-pod-7905-tuned-1840,7773
9993,failed,paib-gpu/openb-pod-6979-tuned-1841,7773
9994,failed,paib-gpu/openb-pod-6785-tuned-1842,7773
9995,create,paib-gpu/openb-pod-0887-tuned-1843,7774
9996,failed,paib-gpu/openb-pod-0208-tuned-1844,7774
9997,failed,paib-gpu/openb-pod-0837-tuned-1845,7774
9998,failed,paib-gpu/openb-pod-7817-tuned-1846,7774
9999,failed,paib-gpu/openb-pod-7674-tuned-1847,7774
10000,create,paib-gpu/openb-pod-0649-tuned-1848,7775
10001,create,paib-gpu/openb-pod-6491-tuned-1849,7776
10002,failed,paib-gpu/openb-pod-0363-tuned-1850,7776
10003,failed,paib-gpu/openb-pod-0609-tuned-1851,7776
10004,failed,paib-gpu/openb-pod-8101-tuned-1852,7776
10005,create,paib-gpu/openb-pod-2060-tuned-1853,7777
10006,failed,paib-gpu/openb-pod-1939-tuned-1854,7777
10007,failed,paib-gpu/openb-pod-7297-tuned-1855,7777
10008,failed,paib-gpu/openb-pod-3458-tuned-1856,7777
10009,failed,paib-gpu/openb-pod-3592-tuned-1857,7777
10010,failed,paib-gpu/openb-pod-7022-tuned-1858,7777
10011,failed,paib-gpu/openb-pod-6006-tuned-1859,7777
10012,failed,paib-gpu/openb-pod-4859-tuned-1860,7777
10013,failed,paib-gpu/openb-pod-6981-tuned-1861,7777
10014,failed,paib-gpu/openb-pod-8080-tuned-1862,7777
10015,failed,paib-gpu/openb-pod-6961-tuned-1863,7777
10016,failed,paib-gpu/openb-pod-0001-tuned-1864,7777
10017,failed,paib-gpu/openb-pod-6858-tuned-1865,7777
10018,failed,paib-gpu/openb-pod-7917-tuned-1866,7777
10019,failed,paib-gpu/openb-pod-6318-tuned-1867,7777
10020,failed,paib-gpu/openb-pod-1206-tuned-1868,7777
10021,failed,paib-gpu/openb-pod-0041-tuned-1869,7777
10022,failed,paib-gpu/openb-pod-3883-tuned-1870,7777
10023,failed,paib-gpu/openb-pod-4368-tuned-1871,7777
10024,failed,paib-gpu/openb-pod-2479-tuned-1872,7777
10025,failed,paib-gpu/openb-pod-2082-tuned-1873,7777
10026,failed,paib-gpu/openb-pod-4251-tuned-1874,7777
10027,failed,paib-gpu/openb-pod-0578-tuned-1875,7777
10028,failed,paib-gpu/openb-pod-4406-tuned-1876,7777
10029,failed,paib-gpu/openb-pod-2813-tuned-1877,7777
10030,create,paib-gpu/openb-pod-6799-tuned-1878,7778
10031,create,paib-gpu/openb-pod-4817-tuned-1879,7779
10032,failed,paib-gpu/openb-pod-6667-tuned-1880,7779
10033,failed,paib-gpu/openb-pod-1186-tuned-1881,7779
10034,failed,paib-gpu/openb-pod-1581-tuned-1882,7779
10035,failed,paib-gpu/openb-pod-6023-tuned-1883,7779
10036,failed,paib-gpu/openb-pod-1977-tuned-1884,7779
10037,failed,paib-gpu/openb-pod-4024-tuned-1885,7779
10038,failed,paib-gpu/openb-pod-2817-tuned-1886,7779
10039,failed,paib-gpu/openb-pod-3841-tuned-1887,7779
10040,create,paib-gpu/openb-pod-4520-tuned-1888,7780
10041,failed,paib-gpu/openb-pod-2985-tuned-1889,7780
10042,failed,paib-gpu/openb-pod-6017-tuned-1890,7780
10043,failed,paib-gpu/openb-pod-6303-tuned-1891,7780
10044,create,paib-gpu/openb-pod-7133-tuned-1892,7781
10045,failed,paib-gpu/openb-pod-7529-tuned-1893,7781
10046,failed,paib-gpu/openb-pod-3202-tuned-1894,7781
10047,failed,paib-gpu/openb-pod-7251-tuned-1895,7781
10048,failed,paib-gpu/openb-pod-6079-tuned-1896,7781
10049,failed,paib-gpu/openb-pod-1650-tuned-1897,7781
10050,failed,paib-gpu/openb-pod-3031-tuned-1898,7781
10051,create,paib-gpu/openb-pod-4505-tuned-1899,7782
10052,failed,paib-gpu/openb-pod-5440-tuned-1900,7782
10053,failed,paib-gpu/openb-pod-7412-tuned-1901,7782
10054,create,paib-gpu/openb-pod-5538-tuned-1902,7783
10055,failed,paib-gpu/openb-pod-2690-tuned-1903,7783
10056,failed,paib-gpu/openb-pod-3163-tuned-1904,7783
10057,create,paib-gpu/openb-pod-1101-tuned-1905,7784
10058,failed,paib-gpu/openb-pod-0488-tuned-1906,7784
10059,create,paib-gpu/openb-pod-6998-tuned-1907,7785
10060,failed,paib-gpu/openb-pod-6935-tuned-1908,7785
10061,failed,paib-gpu/openb-pod-3635-tuned-1909,7785
10062,create,paib-gpu/openb-pod-4485-tuned-1910,7786
10063,failed,paib-gpu/openb-pod-1598-tuned-1911,7786
10064,create,paib-gpu/openb-pod-1350-tuned-1912,7787
10065,failed,paib-gpu/openb-pod-2067-tuned-1913,7787
10066,failed,paib-gpu/openb-pod-0128-tuned-1914,7787
10067,failed,paib-gpu/openb-pod-4512-tuned-1915,7787
10068,failed,paib-gpu/openb-pod-0539-tuned-1916,7787
10069,failed,paib-gpu/openb-pod-3744-tuned-1917,7787
10070,failed,paib-gpu/openb-pod-2843-tuned-1918,7787
10071,failed,paib-gpu/openb-pod-8127-tuned-1919,7787
10072,failed,paib-gpu/openb-pod-2743-tuned-1920,7787
10073,failed,paib-gpu/openb-pod-7541-tuned-1921,7787
10074,failed,paib-gpu/openb-pod-5216-tuned-1922,7787
10075,failed,paib-gpu/openb-pod-7768-tuned-1923,7787
10076,failed,paib-gpu/openb-pod-1080-tuned-1924,7787
10077,failed,paib-gpu/openb-pod-5391-tuned-1925,7787
10078,failed,paib-gpu/openb-pod-0909-tuned-1926,7787
10079,failed,paib-gpu/openb-pod-6119-tuned-1927,7787
10080,create,paib-gpu/openb-pod-7010-tuned-1928,7788
10081,failed,paib-gpu/openb-pod-7989-tuned-1929,7788
10082,failed,paib-gpu/openb-pod-4302-tuned-1930,7788
10083,create,paib-gpu/openb-pod-1368-tuned-1931,7789
10084,failed,paib-gpu/openb-pod-6997-tuned-1932,7789
10085,failed,paib-gpu/openb-pod-1865-tuned-1933,7789
10086,create,paib-gpu/openb-pod-2884-tuned-1934,7790
10087,create,paib-gpu/openb-pod-0940-tuned-1935,7791
10088,failed,paib-gpu/openb-pod-1743-tuned-1936,7791
10089,create,paib-gpu/openb-pod-2389-tuned-1937,7792
10090,create,paib-gpu/openb-pod-2531-tuned-1938,7793
10091,failed,paib-gpu/openb-pod-6019-tuned-1939,7793
10092,failed,paib-gpu/openb-pod-7864-tuned-1940,7793
10093,failed,paib-gpu/openb-pod-0895-tuned-1941,7793
10094,failed,paib-gpu/openb-pod-0752-tuned-1942,7793
10095,failed,paib-gpu/openb-pod-7677-tuned-1943,7793
10096,create,paib-gpu/openb-pod-5802-tuned-1944,7794
10097,failed,paib-gpu/openb-pod-3898-tuned-1945,7794
10098,failed,paib-gpu/openb-pod-3537-tuned-1946,7794
10099,failed,paib-gpu/openb-pod-7924-tuned-1947,7794
10100,failed,paib-gpu/openb-pod-7390-tuned-1948,7794
10101,create,paib-gpu/openb-pod-3469-tuned-1949,7795
10102,failed,paib-gpu/openb-pod-8136-tuned-1950,7795
10103,failed,paib-gpu/openb-pod-3563-tuned-1951,7795
10104,failed,paib-gpu/openb-pod-0736-tuned-1952,7795
10105,failed,paib-gpu/openb-pod-4461-tuned-1953,7795
10106,failed,paib-gpu/openb-pod-6842-tuned-1954,7795
10107,failed,paib-gpu/openb-pod-3010-tuned-1955,7795
10108,failed,paib-gpu/openb-pod-7483-tuned-1956,7795
10109,create,paib-gpu/openb-pod-7185-tuned-1957,7796
10110,failed,paib-gpu/openb-pod-2766-tuned-1958,7796
10111,failed,paib-gpu/openb-pod-3784-tuned-1959,7796
10112,failed,paib-gpu/openb-pod-6466-tuned-1960,7796
10113,failed,paib-gpu/openb-pod-2668-tuned-1961,7796
10114,failed,paib-gpu/openb-pod-8098-tuned-1962,7796
10115,create,paib-gpu/openb-pod-5357-tuned-1963,7797
10116,failed,paib-gpu/openb-pod-2685-tuned-1964,7797
10117,failed,paib-gpu/openb-pod-2369-tuned-1965,7797
10118,failed,paib-gpu/openb-pod-1504-tuned-1966,7797
10119,failed,paib-gpu/openb-pod-3440-tuned-1967,7797
10120,failed,paib-gpu/openb-pod-7776-tuned-1968,7797
10121,failed,paib-gpu/openb-pod-5405-tuned-1969,7797
10122,failed,paib-gpu/openb-pod-5584-tuned-1970,7797
10123,failed,paib-gpu/openb-pod-0481-tuned-1971,7797
10124,failed,paib-gpu/openb-pod-2901-tuned-1972,7797
10125,failed,paib-gpu/openb-pod-1465-tuned-1973,7797
10126,failed,paib-gpu/openb-pod-3969-tuned-1974,7797
10127,failed,paib-gpu/openb-pod-3502-tuned-1975,7797
10128,failed,paib-gpu/openb-pod-0831-tuned-1976,7797
10129,failed,paib-gpu/openb-pod-6101-tuned-1977,7797
10130,failed,paib-gpu/openb-pod-4180-tuned-1978,7797
10131,failed,paib-gpu/openb-pod-0135-tuned-1979,7797
10132,failed,paib-gpu/openb-pod-6395-tuned-1980,7797
10133,failed,paib-gpu/openb-pod-5939-tuned-1981,7797
10134,failed,paib-gpu/openb-pod-1053-tuned-1982,7797
10135,failed,paib-gpu/openb-pod-0245-tuned-1983,7797
10136,failed,paib-gpu/openb-pod-7645-tuned-1984,7797
10137,failed,paib-gpu/openb-pod-7090-tuned-1985,7797
10138,create,paib-gpu/openb-pod-8114-tuned-1986,7798
10139,failed,paib-gpu/openb-pod-7570-tuned-1987,7798
10140,failed,paib-gpu/openb-pod-5547-tuned-1988,7798
10141,failed,paib-gpu/openb-pod-2889-tuned-1989,7798
10142,failed,paib-gpu/openb-pod-6806-tuned-1990,7798
10143,create,paib-gpu/openb-pod-1768-tuned-1991,7799
10144,failed,paib-gpu/openb-pod-6078-tuned-1992,7799
10145,failed,paib-gpu/openb-pod-6847-tuned-1993,7799
10146,failed,paib-gpu/openb-pod-6774-tuned-1994,7799
10147,failed,paib-gpu/openb-pod-3642-tuned-1995,7799
10148,failed,paib-gpu/openb-pod-1143-tuned-1996,7799
10149,failed,paib-gpu/openb-pod-3038-tuned-1997,7799
10150,failed,paib-gpu/openb-pod-5671-tuned-1998,7799
10151,failed,paib-gpu/openb-pod-4493-tuned-1999,7799
10152,create,paib-gpu/openb-pod-6183-tuned-2000,7800
10153,failed,paib-gpu/openb-pod-0449-tuned-2001,7800
10154,failed,paib-gpu/openb-pod-4278-tuned-2002,7800
10155,create,paib-gpu/openb-pod-2658-tuned-2003,7801
10156,failed,paib-gpu/openb-pod-5866-tuned-2004,7801
10157,failed,paib-gpu/openb-pod-2714-tuned-2005,7801
10158,failed,paib-gpu/openb-pod-7521-tuned-2006,7801
10159,failed,paib-gpu/openb-pod-0273-tuned-2007,7801
10160,failed,paib-gpu/openb-pod-4695-tuned-2008,7801
10161,failed,paib-gpu/openb-pod-3894-tuned-2009,7801
10162,failed,paib-gpu/openb-pod-5737-tuned-2010,7801
10163,failed,paib-gpu/openb-pod-5525-tuned-2011,7801
10164,create,paib-gpu/openb-pod-1314-tuned-2012,7802
10165,failed,paib-gpu/openb-pod-2073-tuned-2013,7802
10166,failed,paib-gpu/openb-pod-6011-tuned-2014,7802
10167,create,paib-gpu/openb-pod-1897-tuned-2015,7803
10168,failed,paib-gpu/openb-pod-3131-tuned-2016,7803
10169,failed,paib-gpu/openb-pod-7194-tuned-2017,7803
10170,failed,paib-gpu/openb-pod-2257-tuned-2018,7803
10171,failed,paib-gpu/openb-pod-4236-tuned-2019,7803
10172,failed,paib-gpu/openb-pod-0644-tuned-2020,7803
10173,failed,paib-gpu/openb-pod-7756-tuned-2021,7803
10174,create,paib-gpu/openb-pod-2252-tuned-2022,7804
10175,failed,paib-gpu/openb-pod-7356-tuned-2023,7804
10176,failed,paib-gpu/openb-pod-5581-tuned-2024,7804
10177,failed,paib-gpu/openb-pod-0351-tuned-2025,7804
10178,create,paib-gpu/openb-pod-3886-tuned-2026,7805
10179,failed,paib-gpu/openb-pod-7923-tuned-2027,7805
10180,failed,paib-gpu/openb-pod-7084-tuned-2028,7805
10181,failed,paib-gpu/openb-pod-3062-tuned-2029,7805
10182,failed,paib-gpu/openb-pod-3698-tuned-2030,7805
10183,failed,paib-gpu/openb-pod-0704-tuned-2031,7805
10184,failed,paib-gpu/openb-pod-4109-tuned-2032,7805
10185,create,paib-gpu/openb-pod-5333-tuned-2033,7806
10186,failed,paib-gpu/openb-pod-6552-tuned-2034,7806
10187,failed,paib-gpu/openb-pod-7307-tuned-2035,7806
10188,create,paib-gpu/openb-pod-5438-tuned-2036,7807
10189,create,paib-gpu/openb-pod-6846-tuned-2037,7808
10190,failed,paib-gpu/openb-pod-0286-tuned-2038,7808
10191,failed,paib-gpu/openb-pod-0908-tuned-2039,7808
10192,create,paib-gpu/openb-pod-1101-tuned-2040,7809
10193,create,paib-gpu/openb-pod-6573-tuned-2041,7810
10194,failed,paib-gpu/openb-pod-5803-tuned-2042,7810
10195,failed,paib-gpu/openb-pod-7801-tuned-2043,7810
10196,failed,paib-gpu/openb-pod-1581-tuned-2044,7810
10197,failed,paib-gpu/openb-pod-6784-tuned-2045,7810
10198,failed,paib-gpu/openb-pod-1076-tuned-2046,7810
10199,failed,paib-gpu/openb-pod-1683-tuned-2047,7810
10200,failed,paib-gpu/openb-pod-5890-tuned-2048,7810
10201,create,paib-gpu/openb-pod-0932-tuned-2049,7811
10202,create,paib-gpu/openb-pod-6463-tuned-2050,7812
10203,failed,paib-gpu/openb-pod-1753-tuned-2051,7812
10204,failed,paib-gpu/openb-pod-4354-tuned-2052,7812
10205,failed,paib-gpu/openb-pod-6834-tuned-2053,7812
10206,failed,paib-gpu/openb-pod-5444-tuned-2054,7812
10207,create,paib-gpu/openb-pod-3018-tuned-2055,7813
10208,failed,paib-gpu/openb-pod-0104-tuned-2056,7813
10209,failed,paib-gpu/openb-pod-6339-tuned-2057,7813
10210,failed,paib-gpu/openb-pod-0290-tuned-2058,7813
10211,failed,paib-gpu/openb-pod-1769-tuned-2059,7813
10212,failed,paib-gpu/openb-pod-3879-tuned-2060,7813
10213,failed,paib-gpu/openb-pod-3941-tuned-2061,7813
10214,failed,paib-gpu/openb-pod-2229-tuned-2062,7813
10215,failed,paib-gpu/openb-pod-7539-tuned-2063,7813
10216,failed,paib-gpu/openb-pod-2739-tuned-2064,7813
10217,failed,paib-gpu/openb-pod-6883-tuned-2065,7813
10218,failed,paib-gpu/openb-pod-6342-tuned-2066,7813
10219,failed,paib-gpu/openb-pod-6473-tuned-2067,7813
10220,create,paib-gpu/openb-pod-6987-tuned-2068,7814
10221,failed,paib-gpu/openb-pod-0660-tuned-2069,7814
10222,failed,paib-gpu/openb-pod-4166-tuned-2070,7814
10223,failed,paib-gpu/openb-pod-0262-tuned-2071,7814
10224,create,paib-gpu/openb-pod-1777-tuned-2072,7815
10225,failed,paib-gpu/openb-pod-5526-tuned-2073,7815
10226,failed,paib-gpu/openb-pod-7278-tuned-2074,7815
10227,create,paib-gpu/openb-pod-4527-tuned-2075,7816
10228,failed,paib-gpu/openb-pod-1814-tuned-2076,7816
10229,failed,paib-gpu/openb-pod-1066-tuned-2077,7816
10230,failed,paib-gpu/openb-pod-6202-tuned-2078,7816
10231,failed,paib-gpu/openb-pod-2666-tuned-2079,7816
10232,failed,paib-gpu/openb-pod-1221-tuned-2080,7816
10233,failed,paib-gpu/openb-pod-7598-tuned-2081,7816
10234,failed,paib-gpu/openb-pod-0698-tuned-2082,7816
10235,failed,paib-gpu/openb-pod-2255-tuned-2083,7816
10236,failed,paib-gpu/openb-pod-7440-tuned-2084,7816
10237,failed,paib-gpu/openb-pod-5501-tuned-2085,7816
10238,failed,paib-gpu/openb-pod-7837-tuned-2086,7816
10239,failed,paib-gpu/openb-pod-6774-tuned-2087,7816
10240,failed,paib-gpu/openb-pod-1623-tuned-2088,7816
10241,failed,paib-gpu/openb-pod-0692-tuned-2089,7816
10242,create,paib-gpu/openb-pod-3462-tuned-2090,7817
10243,failed,paib-gpu/openb-pod-2229-tuned-2091,7817
10244,failed,paib-gpu/openb-pod-6629-tuned-2092,7817
10245,failed,paib-gpu/openb-pod-0191-tuned-2093,7817
10246,failed,paib-gpu/openb-pod-2853-tuned-2094,7817
10247,failed,paib-gpu/openb-pod-6835-tuned-2095,7817
10248,failed,paib-gpu/openb-pod-3775-tuned-2096,7817
10249,failed,paib-gpu/openb-pod-4383-tuned-2097,7817
10250,failed,paib-gpu/openb-pod-4939-tuned-2098,7817
10251,failed,paib-gpu/openb-pod-7383-tuned-2099,7817
10252,failed,paib-gpu/openb-pod-4060-tuned-2100,7817
10253,failed,paib-gpu/openb-pod-4875-tuned-2101,7817
10254,failed,paib-gpu/openb-pod-1436-tuned-2102,7817
10255,failed,paib-gpu/openb-pod-0654-tuned-2103,7817
10256,failed,paib-gpu/openb-pod-0095-tuned-2104,7817
10257,failed,paib-gpu/openb-pod-6567-tuned-2105,7817
10258,failed,paib-gpu/openb-pod-4314-tuned-2106,7817
10259,failed,paib-gpu/openb-pod-0469-tuned-2107,7817
10260,failed,paib-gpu/openb-pod-0021-tuned-2108,7817
10261,failed,paib-gpu/openb-pod-0100-tuned-2109,7817
10262,create,paib-gpu/openb-pod-6064-tuned-2110,7818
10263,create,paib-gpu/openb-pod-2486-tuned-2111,7819
10264,failed,paib-gpu/openb-pod-5010-tuned-2112,7819
10265,failed,paib-gpu/openb-pod-6188-tuned-2113,7819
10266,failed,paib-gpu/openb-pod-2673-tuned-2114,7819
10267,create,paib-gpu/openb-pod-4226-tuned-2115,7820
10268,failed,paib-gpu/openb-pod-6994-tuned-2116,7820
10269,failed,paib-gpu/openb-pod-3582-tuned-2117,7820
10270,failed,paib-gpu/openb-pod-1637-tuned-2118,7820
10271,failed,paib-gpu/openb-pod-2558-tuned-2119,7820
10272,failed,paib-gpu/openb-pod-2029-tuned-2120,7820
10273,failed,paib-gpu/openb-pod-5766-tuned-2121,7820
10274,failed,paib-gpu/openb-pod-7041-tuned-2122,7820
10275,failed,paib-gpu/openb-pod-0227-tuned-2123,7820
10276,failed,paib-gpu/openb-pod-4430-tuned-2124,7820
10277,failed,paib-gpu/openb-pod-5394-tuned-2125,7820
10278,failed,paib-gpu/openb-pod-7186-tuned-2126,7820
10279,create,paib-gpu/openb-pod-0404-tuned-2127,7821
10280,failed,paib-gpu/openb-pod-1082-tuned-2128,7821
10281,failed,paib-gpu/openb-pod-3124-tuned-2129,7821
10282,failed,paib-gpu/openb-pod-6746-tuned-2130,7821
10283,failed,paib-gpu/openb-pod-6030-tuned-2131,7821
10284,failed,paib-gpu/openb-pod-1143-tuned-2132,7821
10285,failed,paib-gpu/openb-pod-1535-tuned-2133,7821
10286,create,paib-gpu/openb-pod-4069-tuned-2134,7822
10287,create,paib-gpu/openb-pod-0951-tuned-2135,7823
10288,failed,paib-gpu/openb-pod-1253-tuned-2136,7823
10289,failed,paib-gpu/openb-pod-4646-tuned-2137,7823
10290,failed,paib-gpu/openb-pod-5734-tuned-2138,7823
10291,failed,paib-gpu/openb-pod-4309-tuned-2139,7823
10292,failed,paib-gpu/openb-pod-7353-tuned-2140,7823
10293,failed,paib-gpu/openb-pod-3908-tuned-2141,7823
10294,failed,paib-gpu/openb-pod-6547-tuned-2142,7823
10295,create,paib-gpu/openb-pod-3188-tuned-2143,7824
10296,failed,paib-gpu/openb-pod-4641-tuned-2144,7824
10297,failed,paib-gpu/openb-pod-1282-tuned-2145,7824
10298,failed,paib-gpu/openb-pod-0062-tuned-2146,7824
10299,failed,paib-gpu/openb-pod-1892-tuned-2147,7824
10300,failed,paib-gpu/openb-pod-0249-tuned-2148,7824
10301,create,paib-gpu/openb-pod-6852-tuned-2149,7825
10302,failed,paib-gpu/openb-pod-2564-tuned-2150,7825
10303,failed,paib-gpu/openb-pod-3453-tuned-2151,7825
10304,failed,paib-gpu/openb-pod-3162-tuned-2152,7825
10305,failed,paib-gpu/openb-pod-3778-tuned-2153,7825
10306,failed,paib-gpu/openb-pod-0537-tuned-2154,7825
10307,create,paib-gpu/openb-pod-2473-tuned-2155,7826
10308,failed,paib-gpu/openb-pod-0770-tuned-2156,7826
10309,failed,paib-gpu/openb-pod-6960-tuned-2157,7826
10310,failed,paib-gpu/openb-pod-3590-tuned-2158,7826
10311,failed,paib-gpu/openb-pod-8128-tuned-2159,7826
10312,failed,paib-gpu/openb-pod-0987-tuned-2160,7826
10313,failed,paib-gpu/openb-pod-1022-tuned-2161,7826
10314,create,paib-gpu/openb-pod-1280-tuned-2162,7827
10315,failed,paib-gpu/openb-pod-2324-tuned-2163,7827
10316,failed,paib-gpu/openb-pod-3073-tuned-2164,7827
10317,failed,paib-gpu/openb-pod-3254-tuned-2165,7827
10318,failed,paib-gpu/openb-pod-5972-tuned-2166,7827
10319,failed,paib-gpu/openb-pod-1434-tuned-2167,7827
10320,failed,paib-gpu/openb-pod-3579-tuned-2168,7827
10321,failed,paib-gpu/openb-pod-6884-tuned-2169,7827
10322,failed,paib-gpu/openb-pod-0107-tuned-2170,7827
10323,failed,paib-gpu/openb-pod-8047-tuned-2171,7827
10324,failed,paib-gpu/openb-pod-2305-tuned-2172,7827
10325,failed,paib-gpu/openb-pod-0419-tuned-2173,7827
10326,failed,paib-gpu/openb-pod-1633-tuned-2174,7827
10327,failed,paib-gpu/openb-pod-4708-tuned-2175,7827
10328,create,paib-gpu/openb-pod-1094-tuned-2176,7828
10329,failed,paib-gpu/openb-pod-7942-tuned-2177,7828
10330,failed,paib-gpu/openb-pod-1788-tuned-2178,7828
10331,failed,paib-gpu/openb-pod-5056-tuned-2179,7828
10332,failed,paib-gpu/openb-pod-2000-tuned-2180,7828
10333,failed,paib-gpu/openb-pod-7109-tuned-2181,7828
10334,failed,paib-gpu/openb-pod-5071-tuned-2182,7828
10335,failed,paib-gpu/openb-pod-2818-tuned-2183,7828
10336,failed,paib-gpu/openb-pod-5681-tuned-2184,7828
10337,create,paib-gpu/openb-pod-1296-tuned-2185,7829
10338,failed,paib-gpu/openb-pod-5465-tuned-2186,7829
10339,failed,paib-gpu/openb-pod-6374-tuned-2187,7829
10340,failed,paib-gpu/openb-pod-8013-tuned-2188,7829
10341,failed,paib-gpu/openb-pod-3753-tuned-2189,7829
10342,create,paib-gpu/openb-pod-3180-tuned-2190,7830
10343,failed,paib-gpu/openb-pod-1704-tuned-2191,7830
10344,failed,paib-gpu/openb-pod-0398-tuned-2192,7830
10345,create,paib-gpu/openb-pod-1846-tuned-2193,7831
10346,failed,paib-gpu/openb-pod-4426-tuned-2194,7831
10347,failed,paib-gpu/openb-pod-4997-tuned-2195,7831
10348,failed,paib-gpu/openb-pod-4807-tuned-2196,7831
10349,failed,paib-gpu/openb-pod-0379-tuned-2197,7831
10350,failed,paib-gpu/openb-pod-7702-tuned-2198,7831
10351,failed,paib-gpu/openb-pod-1637-tuned-2199,7831
10352,failed,paib-gpu/openb-pod-7068-tuned-2200,7831
10353,failed,paib-gpu/openb-pod-0198-tuned-2201,7831
10354,failed,paib-gpu/openb-pod-4156-tuned-2202,7831
10355,failed,paib-gpu/openb-pod-0569-tuned-2203,7831
10356,failed,paib-gpu/openb-pod-0823-tuned-2204,7831
10357,failed,paib-gpu/openb-pod-2920-tuned-2205,7831
10358,create,paib-gpu/openb-pod-2990-tuned-2206,7832
10359,failed,paib-gpu/openb-pod-3212-tuned-2207,7832
10360,failed,paib-gpu/openb-pod-7573-tuned-2208,7832
10361,failed,paib-gpu/openb-pod-7404-tuned-2209,7832
10362,failed,paib-gpu/openb-pod-6894-tuned-2210,7832
10363,failed,paib-gpu/openb-pod-7560-tuned-2211,7832
10364,failed,paib-gpu/openb-pod-3761-tuned-2212,7832
10365,failed,paib-gpu/openb-pod-7396-tuned-2213,7832
10366,failed,paib-gpu/openb-pod-4628-tuned-2214,7832
10367,failed,paib-gpu/openb-pod-1821-tuned-2215,7832
10368,failed,paib-gpu/openb-pod-2914-tuned-2216,7832
10369,create,paib-gpu/openb-pod-0465-tuned-2217,7833
10370,failed,paib-gpu/openb-pod-7768-tuned-2218,7833
10371,failed,paib-gpu/openb-pod-7055-tuned-2219,7833
10372,failed,paib-gpu/openb-pod-1981-tuned-2220,7833
10373,failed,paib-gpu/openb-pod-5609-tuned-2221,7833
10374,failed,paib-gpu/openb-pod-4493-tuned-2222,7833
10375,failed,paib-gpu/openb-pod-4207-tuned-2223,7833
10376,failed,paib-gpu/openb-pod-0397-tuned-2224,7833
10377,failed,paib-gpu/openb-pod-7980-tuned-2225,7833
10378,failed,paib-gpu/openb-pod-6455-tuned-2226,7833
10379,failed,paib-gpu/openb-pod-1567-tuned-2227,7833
10380,failed,paib-gpu/openb-pod-7211-tuned-2228,7833
10381,create,paib-gpu/openb-pod-2199-tuned-2229,7834
10382,failed,paib-gpu/openb-pod-0608-tuned-2230,7834
10383,create,paib-gpu/openb-pod-5347-tuned-2231,7835
10384,failed,paib-gpu/openb-pod-6484-tuned-2232,7835
10385,failed,paib-gpu/openb-pod-3261-tuned-2233,7835
10386,failed,paib-gpu/openb-pod-0679-tuned-2234,7835
10387,failed,paib-gpu/openb-pod-1394-tuned-2235,7835
10388,failed,paib-gpu/openb-pod-4347-tuned-2236,7835
10389,failed,paib-gpu/openb-pod-4459-tuned-2237,7835
10390,failed,paib-gpu/openb-pod-0856-tuned-2238,7835
10391,create,paib-gpu/openb-pod-1032-tuned-2239,7836
10392,failed,paib-gpu/openb-pod-1802-tuned-2240,7836
10393,failed,paib-gpu/openb-pod-7786-tuned-2241,7836
10394,create,paib-gpu/openb-pod-4650-tuned-2242,7837
10395,create,paib-gpu/openb-pod-1763-tuned-2243,7838
10396,create,paib-gpu/openb-pod-4299-tuned-2244,7839
10397,failed,paib-gpu/openb-pod-6046-tuned-2245,7839
10398,failed,paib-gpu/openb-pod-2680-tuned-2246,7839
10399,failed,paib-gpu/openb-pod-4688-tuned-2247,7839
10400,failed,paib-gpu/openb-pod-3162-tuned-2248,7839
10401,failed,paib-gpu/openb-pod-7696-tuned-2249,7839
10402,failed,paib-gpu/openb-pod-2474-tuned-2250,7839
10403,failed,paib-gpu/openb-pod-5836-tuned-2251,7839
10404,failed,paib-gpu/openb-pod-7567-tuned-2252,7839
10405,failed,paib-gpu/openb-pod-6157-tuned-2253,7839
10406,failed,paib-gpu/openb-pod-5224-tuned-2254,7839
10407,failed,paib-gpu/openb-pod-0492-tuned-2255,7839
10408,failed,paib-gpu/openb-pod-2627-tuned-2256,7839
10409,failed,paib-gpu/openb-pod-6544-tuned-2257,7839
10410,failed,paib-gpu/openb-pod-4666-tuned-2258,7839
10411,failed,paib-gpu/openb-pod-3140-tuned-2259,7839
10412,failed,paib-gpu/openb-pod-5868-tuned-2260,7839
10413,failed,paib-gpu/openb-pod-4582-tuned-2261,7839
10414,failed,paib-gpu/openb-pod-4045-tuned-2262,7839
10415,failed,paib-gpu/openb-pod-4624-tuned-2263,7839
10416,failed,paib-gpu/openb-pod-6780-tuned-2264,7839
10417,failed,paib-gpu/openb-pod-3650-tuned-2265,7839
10418,failed,paib-gpu/openb-pod-5726-tuned-2266,7839
10419,failed,paib-gpu/openb-pod-8041-tuned-2267,7839
10420,failed,paib-gpu/openb-pod-2900-tuned-2268,7839
10421,failed,paib-gpu/openb-pod-4783-tuned-2269,7839
10422,failed,paib-gpu/openb-pod-4997-tuned-2270,7839
10423,failed,paib-gpu/openb-pod-4100-tuned-2271,7839
10424,failed,paib-gpu/openb-pod-7035-tuned-2272,7839
10425,failed,paib-gpu/openb-pod-3895-tuned-2273,7839
10426,failed,paib-gpu/openb-pod-3866-tuned-2274,7839
10427,failed,paib-gpu/openb-pod-4127-tuned-2275,7839
10428,failed,paib-gpu/openb-pod-1545-tuned-2276,7839
10429,failed,paib-gpu/openb-pod-3702-tuned-2277,7839
10430,failed,paib-gpu/openb-pod-6809-tuned-2278,7839
10431,failed,paib-gpu/openb-pod-5451-tuned-2279,7839
10432,failed,paib-gpu/openb-pod-1181-tuned-2280,7839
10433,failed,paib-gpu/openb-pod-2959-tuned-2281,7839
10434,failed,paib-gpu/openb-pod-5032-tuned-2282,7839
10435,failed,paib-gpu/openb-pod-3573-tuned-2283,7839
10436,failed,paib-gpu/openb-pod-2067-tuned-2284,7839
10437,failed,paib-gpu/openb-pod-7071-tuned-2285,7839
10438,failed,paib-gpu/openb-pod-6364-tuned-2286,7839
10439,failed,paib-gpu/openb-pod-5265-tuned-2287,7839
10440,failed,paib-gpu/openb-pod-0609-tuned-2288,7839
10441,create,paib-gpu/openb-pod-4668-tuned-2289,7840
10442,failed,paib-gpu/openb-pod-3659-tuned-2290,7840
10443,failed,paib-gpu/openb-pod-7811-tuned-2291,7840
10444,failed,paib-gpu/openb-pod-6041-tuned-2292,7840
10445,failed,paib-gpu/openb-pod-4086-tuned-2293,7840
10446,failed,paib-gpu/openb-pod-4901-tuned-2294,7840
10447,failed,paib-gpu/openb-pod-2535-tuned-2295,7840
10448,failed,paib-gpu/openb-pod-7970-tuned-2296,7840
10449,create,paib-gpu/openb-pod-3191-tuned-2297,7841
10450,failed,paib-gpu/openb-pod-3820-tuned-2298,7841
10451,create,paib-gpu/openb-pod-6734-tuned-2299,7842
10452,failed,paib-gpu/openb-pod-7355-tuned-2300,7842
10453,create,paib-gpu/openb-pod-7002-tuned-2301,7843
10454,failed,paib-gpu/openb-pod-6242-tuned-2302,7843
10455,failed,paib-gpu/openb-pod-2695-tuned-2303,7843
10456,failed,paib-gpu/openb-pod-4640-tuned-2304,7843
10457,failed,paib-gpu/openb-pod-6922-tuned-2305,7843
10458,failed,paib-gpu/openb-pod-7091-tuned-2306,7843
10459,failed,paib-gpu/openb-pod-1161-tuned-2307,7843
10460,failed,paib-gpu/openb-pod-3758-tuned-2308,7843
10461,failed,paib-gpu/openb-pod-5113-tuned-2309,7843
10462,failed,paib-gpu/openb-pod-5017-tuned-2310,7843
10463,failed,paib-gpu/openb-pod-7567-tuned-2311,7843
10464,failed,paib-gpu/openb-pod-0613-tuned-2312,7843
10465,failed,paib-gpu/openb-pod-3831-tuned-2313,7843
10466,failed,paib-gpu/openb-pod-2809-tuned-2314,7843
10467,failed,paib-gpu/openb-pod-3361-tuned-2315,7843
10468,failed,paib-gpu/openb-pod-4944-tuned-2316,7843
10469,create,paib-gpu/openb-pod-4986-tuned-2317,7844
10470,create,paib-gpu/openb-pod-5700-tuned-2318,7845
10471,failed,paib-gpu/openb-pod-3989-tuned-2319,7845
10472,failed,paib-gpu/openb-pod-7952-tuned-2320,7845
10473,failed,paib-gpu/openb-pod-6780-tuned-2321,7845
10474,failed,paib-gpu/openb-pod-5127-tuned-2322,7845
10475,failed,paib-gpu/openb-pod-6151-tuned-2323,7845
10476,failed,paib-gpu/openb-pod-2483-tuned-2324,7845
10477,failed,paib-gpu/openb-pod-2758-tuned-2325,7845
10478,failed,paib-gpu/openb-pod-1936-tuned-2326,7845
10479,failed,paib-gpu/openb-pod-4015-tuned-2327,7845
10480,create,paib-gpu/openb-pod-7008-tuned-2328,7846
10481,failed,paib-gpu/openb-pod-6823-tuned-2329,7846
10482,failed,paib-gpu/openb-pod-4829-tuned-2330,7846
10483,failed,paib-gpu/openb-pod-3386-tuned-2331,7846
10484,failed,paib-gpu/openb-pod-6915-tuned-2332,7846
10485,failed,paib-gpu/openb-pod-6176-tuned-2333,7846
10486,failed,paib-gpu/openb-pod-5171-tuned-2334,7846
10487,failed,paib-gpu/openb-pod-0625-tuned-2335,7846
10488,failed,paib-gpu/openb-pod-7259-tuned-2336,7846
10489,failed,paib-gpu/openb-pod-7806-tuned-2337,7846
10490,failed,paib-gpu/openb-pod-1898-tuned-2338,7846
10491,failed,paib-gpu/openb-pod-7391-tuned-2339,7846
10492,create,paib-gpu/openb-pod-1025-tuned-2340,7847
10493,create,paib-gpu/openb-pod-4003-tuned-2341,7848
10494,create,paib-gpu/openb-pod-6090-tuned-2342,7849
10495,failed,paib-gpu/openb-pod-1127-tuned-2343,7849
10496,failed,paib-gpu/openb-pod-5090-tuned-2344,7849
10497,failed,paib-gpu/openb-pod-2485-tuned-2345,7849
10498,failed,paib-gpu/openb-pod-2669-tuned-2346,7849
10499,create,paib-gpu/openb-pod-4693-tuned-2347,7850
10500,failed,paib-gpu/openb-pod-3492-tuned-2348,7850
10501,failed,paib-gpu/openb-pod-0688-tuned-2349,7850
10502,failed,paib-gpu/openb-pod-4728-tuned-2350,7850
10503,failed,paib-gpu/openb-pod-2433-tuned-2351,7850
10504,failed,paib-gpu/openb-pod-1765-tuned-2352,7850
10505,failed,paib-gpu/openb-pod-6083-tuned-2353,7850
10506,failed,paib-gpu/openb-pod-0839-tuned-2354,7850
10507,failed,paib-gpu/openb-pod-7034-tuned-2355,7850
10508,failed,paib-gpu/openb-pod-3792-tuned-2356,7850
10509,failed,paib-gpu/openb-pod-1692-tuned-2357,7850
10510,failed,paib-gpu/openb-pod-2318-tuned-2358,7850
10511,failed,paib-gpu/openb-pod-0657-tuned-2359,7850
10512,failed,paib-gpu/openb-pod-2373-tuned-2360,7850
10513,failed,paib-gpu/openb-pod-3661-tuned-2361,7850
10514,failed,paib-gpu/openb-pod-7377-tuned-2362,7850
10515,failed,paib-gpu/openb-pod-2561-tuned-2363,7850
10516,failed,paib-gpu/openb-pod-1857-tuned-2364,7850
10517,create,paib-gpu/openb-pod-6721-tuned-2365,7851
10518,failed,paib-gpu/openb-pod-6874-tuned-2366,7851
10519,create,paib-gpu/openb-pod-4986-tuned-2367,7852
10520,failed,paib-gpu/openb-pod-7156-tuned-2368,7852
10521,failed,paib-gpu/openb-pod-4542-tuned-2369,7852
10522,failed,paib-gpu/openb-pod-2233-tuned-2370,7852
10523,failed,paib-gpu/openb-pod-6754-tuned-2371,7852
10524,failed,paib-gpu/openb-pod-1667-tuned-2372,7852
10525,failed,paib-gpu/openb-pod-1733-tuned-2373,7852
10526,create,paib-gpu/openb-pod-3526-tuned-2374,7853
10527,failed,paib-gpu/openb-pod-0241-tuned-2375,7853
10528,failed,paib-gpu/openb-pod-0553-tuned-2376,7853
10529,failed,paib-gpu/openb-pod-5744-tuned-2377,7853
10530,create,paib-gpu/openb-pod-2449-tuned-2378,7854
10531,failed,paib-gpu/openb-pod-0397-tuned-2379,7854
10532,failed,paib-gpu/openb-pod-3967-tuned-2380,7854
10533,create,paib-gpu/openb-pod-6523-tuned-2381,7855
10534,failed,paib-gpu/openb-pod-4926-tuned-2382,7855
10535,create,paib-gpu/openb-pod-7032-tuned-2383,7856
10536,failed,paib-gpu/openb-pod-7597-tuned-2384,7856
10537,create,paib-gpu/openb-pod-4118-tuned-2385,7857
10538,failed,paib-gpu/openb-pod-5115-tuned-2386,7857
10539,failed,paib-gpu/openb-pod-1918-tuned-2387,7857
10540,failed,paib-gpu/openb-pod-3174-tuned-2388,7857
10541,failed,paib-gpu/openb-pod-4491-tuned-2389,7857
10542,failed,paib-gpu/openb-pod-2862-tuned-2390,7857
10543,failed,paib-gpu/openb-pod-6474-tuned-2391,7857
10544,failed,paib-gpu/openb-pod-0628-tuned-2392,7857
10545,failed,paib-gpu/openb-pod-5943-tuned-2393,7857
10546,failed,paib-gpu/openb-pod-3898-tuned-2394,7857
10547,failed,paib-gpu/openb-pod-3431-tuned-2395,7857
10548,failed,paib-gpu/openb-pod-2543-tuned-2396,7857
10549,failed,paib-gpu/openb-pod-2758-tuned-2397,7857
10550,failed,paib-gpu/openb-pod-3769-tuned-2398,7857
10551,failed,paib-gpu/openb-pod-2009-tuned-2399,7857
10552,failed,paib-gpu/openb-pod-2041-tuned-2400,7857
10553,failed,paib-gpu/openb-pod-7743-tuned-2401,7857
10554,failed,paib-gpu/openb-pod-0926-tuned-2402,7857
10555,failed,paib-gpu/openb-pod-7720-tuned-2403,7857
10556,failed,paib-gpu/openb-pod-3544-tuned-2404,7857
10557,failed,paib-gpu/openb-pod-1069-tuned-2405,7857
10558,failed,paib-gpu/openb-pod-5644-tuned-2406,7857
10559,failed,paib-gpu/openb-pod-3583-tuned-2407,7857
10560,failed,paib-gpu/openb-pod-3320-tuned-2408,7857
10561,create,paib-gpu/openb-pod-5367-tuned-2409,7858
10562,create,paib-gpu/openb-pod-7217-tuned-2410,7859
10563,failed,paib-gpu/openb-pod-7627-tuned-2411,7859
10564,create,paib-gpu/openb-pod-3252-tuned-2412,7860
10565,failed,paib-gpu/openb-pod-6391-tuned-2413,7860
10566,failed,paib-gpu/openb-pod-0079-tuned-2414,7860
10567,failed,paib-gpu/openb-pod-5194-tuned-2415,7860
10568,failed,paib-gpu/openb-pod-5274-tuned-2416,7860
10569,failed,paib-gpu/openb-pod-5838-tuned-2417,7860
10570,failed,paib-gpu/openb-pod-4512-tuned-2418,7860
10571,failed,paib-gpu/openb-pod-2544-tuned-2419,7860
10572,failed,paib-gpu/openb-pod-7511-tuned-2420,7860
10573,failed,paib-gpu/openb-pod-3702-tuned-2421,7860
10574,failed,paib-gpu/openb-pod-4935-tuned-2422,7860
10575,failed,paib-gpu/openb-pod-7093-tuned-2423,7860
10576,create,paib-gpu/openb-pod-2406-tuned-2424,7861
10577,failed,paib-gpu/openb-pod-0987-tuned-2425,7861
10578,failed,paib-gpu/openb-pod-6349-tuned-2426,7861
10579,failed,paib-gpu/openb-pod-7159-tuned-2427,7861
10580,failed,paib-gpu/openb-pod-6720-tuned-2428,7861
10581,failed,paib-gpu/openb-pod-4354-tuned-2429,7861
10582,failed,paib-gpu/openb-pod-3973-tuned-2430,7861
10583,failed,paib-gpu/openb-pod-4731-tuned-2431,7861
10584,failed,paib-gpu/openb-pod-1609-tuned-2432,7861
10585,failed,paib-gpu/openb-pod-7105-tuned-2433,7861
10586,failed,paib-gpu/openb-pod-5625-tuned-2434,7861
10587,create,paib-gpu/openb-pod-1966-tuned-2435,7862
10588,failed,paib-gpu/openb-pod-0316-tuned-2436,7862
10589,failed,paib-gpu/openb-pod-4794-tuned-2437,7862
10590,failed,paib-gpu/openb-pod-7955-tuned-2438,7862
10591,failed,paib-gpu/openb-pod-0630-tuned-2439,7862
10592,create,paib-gpu/openb-pod-1562-tuned-2440,7863
10593,create,paib-gpu/openb-pod-4371-tuned-2441,7864
10594,failed,paib-gpu/openb-pod-7482-tuned-2442,7864
10595,failed,paib-gpu/openb-pod-1236-tuned-2443,7864
10596,failed,paib-gpu/openb-pod-5486-tuned-2444,7864
10597,failed,paib-gpu/openb-pod-7089-tuned-2445,7864
10598,failed,paib-gpu/openb-pod-1232-tuned-2446,7864
10599,failed,paib-gpu/openb-pod-1386-tuned-2447,7864
10600,create,paib-gpu/openb-pod-1247-tuned-2448,7865
10601,failed,paib-gpu/openb-pod-5591-tuned-2449,7865
10602,create,paib-gpu/openb-pod-6541-tuned-2450,7866
10603,failed,paib-gpu/openb-pod-7861-tuned-2451,7866
10604,failed,paib-gpu/openb-pod-3606-tuned-2452,7866
10605,failed,paib-gpu/openb-pod-7529-tuned-2453,7866
10606,failed,paib-gpu/openb-pod-4344-tuned-2454,7866
10607,failed,paib-gpu/openb-pod-3432-tuned-2455,7866
10608,failed,paib-gpu/openb-pod-1157-tuned-2456,7866
10609,failed,paib-gpu/openb-pod-6045-tuned-2457,7866
10610,failed,paib-gpu/openb-pod-1905-tuned-2458,7866
10611,failed,paib-gpu/openb-pod-3126-tuned-2459,7866
10612,failed,paib-gpu/openb-pod-0282-tuned-2460,7866
10613,failed,paib-gpu/openb-pod-7665-tuned-2461,7866
10614,failed,paib-gpu/openb-pod-0610-tuned-2462,7866
10615,failed,paib-gpu/openb-pod-4351-tuned-2463,7866
10616,failed,paib-gpu/openb-pod-3008-tuned-2464,7866
10617,failed,paib-gpu/openb-pod-7421-tuned-2465,7866
10618,failed,paib-gpu/openb-pod-7853-tuned-2466,7866
10619,failed,paib-gpu/openb-pod-6997-tuned-2467,7866
10620,failed,paib-gpu/openb-pod-3827-tuned-2468,7866
10621,failed,paib-gpu/openb-pod-4735-tuned-2469,7866
10622,failed,paib-gpu/openb-pod-5053-tuned-2470,7866
10623,failed,paib-gpu/openb-pod-5415-tuned-2471,7866
10624,failed,paib-gpu/openb-pod-6208-tuned-2472,7866
10625,failed,paib-gpu/openb-pod-6834-tuned-2473,7866
10626,failed,paib-gpu/openb-pod-6517-tuned-2474,7866
10627,failed,paib-gpu/openb-pod-3075-tuned-2475,7866
10628,failed,paib-gpu/openb-pod-0610-tuned-2476,7866
10629,failed,paib-gpu/openb-pod-2419-tuned-2477,7866
10630,failed,paib-gpu/openb-pod-5000-tuned-2478,7866
10631,failed,paib-gpu/openb-pod-5469-tuned-2479,7866
10632,failed,paib-gpu/openb-pod-5294-tuned-2480,7866
10633,failed,paib-gpu/openb-pod-1385-tuned-2481,7866
10634,create,paib-gpu/openb-pod-5694-tuned-2482,7867
10635,failed,paib-gpu/openb-pod-3148-tuned-2483,7867
10636,failed,paib-gpu/openb-pod-8086-tuned-2484,7867
10637,failed,paib-gpu/openb-pod-2409-tuned-2485,7867
10638,create,paib-gpu/openb-pod-4062-tuned-2486,7868
10639,failed,paib-gpu/openb-pod-3143-tuned-2487,7868
10640,failed,paib-gpu/openb-pod-3008-tuned-2488,7868
10641,failed,paib-gpu/openb-pod-4495-tuned-2489,7868
10642,failed,paib-gpu/openb-pod-6489-tuned-2490,7868
10643,failed,paib-gpu/openb-pod-1593-tuned-2491,7868
10644,failed,paib-gpu/openb-pod-0639-tuned-2492,7868
10645,create,paib-gpu/openb-pod-2511-tuned-2493,7869
10646,failed,paib-gpu/openb-pod-7163-tuned-2494,7869
10647,failed,paib-gpu/openb-pod-6725-tuned-2495,7869
10648,failed,paib-gpu/openb-pod-4904-tuned-2496,7869
10649,failed,paib-gpu/openb-pod-4127-tuned-2497,7869
10650,failed,paib-gpu/openb-pod-3843-tuned-2498,7869
10651,failed,paib-gpu/openb-pod-3148-tuned-2499,7869
10652,create,paib-gpu/openb-pod-0945-tuned-2500,7870
10653,failed,paib-gpu/openb-pod-2262-tuned-2501,7870
10654,failed,paib-gpu/openb-pod-1299-tuned-2502,7870
10655,failed,paib-gpu/openb-pod-6688-tuned-2503,7870
10656,create,paib-gpu/openb-pod-6998-tuned-2504,7871
10657,create,paib-gpu/openb-pod-1363-tuned-2505,7872
10658,failed,paib-gpu/openb-pod-7766-tuned-2506,7872
10659,failed,paib-gpu/openb-pod-6119-tuned-2507,7872
10660,failed,paib-gpu/openb-pod-6518-tuned-2508,7872
10661,failed,paib-gpu/openb-pod-7597-tuned-2509,7872
10662,failed,paib-gpu/openb-pod-7150-tuned-2510,7872
10663,failed,paib-gpu/openb-pod-4019-tuned-2511,7872
10664,failed,paib-gpu/openb-pod-7997-tuned-2512,7872
10665,failed,paib-gpu/openb-pod-2291-tuned-2513,7872
10666,failed,paib-gpu/openb-pod-6632-tuned-2514,7872
10667,failed,paib-gpu/openb-pod-1145-tuned-2515,7872
10668,failed,paib-gpu/openb-pod-3111-tuned-2516,7872
10669,failed,paib-gpu/openb-pod-0633-tuned-2517,7872
10670,create,paib-gpu/openb-pod-5357-tuned-2518,7873
10671,failed,paib-gpu/openb-pod-1743-tuned-2519,7873
10672,create,paib-gpu/openb-pod-6756-tuned-2520,7874
10673,failed,paib-gpu/openb-pod-1002-tuned-2521,7874
10674,failed,paib-gpu/openb-pod-1769-tuned-2522,7874
10675,failed,paib-gpu/openb-pod-0725-tuned-2523,7874
10676,failed,paib-gpu/openb-pod-1429-tuned-2524,7874
10677,failed,paib-gpu/openb-pod-8123-tuned-2525,7874
10678,failed,paib-gpu/openb-pod-3844-tuned-2526,7874
10679,failed,paib-gpu/openb-pod-7967-tuned-2527,7874
10680,failed,paib-gpu/openb-pod-8033-tuned-2528,7874
10681,failed,paib-gpu/openb-pod-7843-tuned-2529,7874
10682,failed,paib-gpu/openb-pod-6160-tuned-2530,7874
10683,failed,paib-gpu/openb-pod-5747-tuned-2531,7874
10684,failed,paib-gpu/openb-pod-0380-tuned-2532,7874
10685,failed,paib-gpu/openb-pod-4489-tuned-2533,7874
10686,failed,paib-gpu/openb-pod-2550-tuned-2534,7874
10687,failed,paib-gpu/openb-pod-0615-tuned-2535,7874
10688,failed,paib-gpu/openb-pod-2174-tuned-2536,7874
10689,failed,paib-gpu/openb-pod-2931-tuned-2537,7874
10690,failed,paib-gpu/openb-pod-2730-tuned-2538,7874
10691,failed,paib-gpu/openb-pod-4572-tuned-2539,7874
10692,failed,paib-gpu/openb-pod-1754-tuned-2540,7874
10693,failed,paib-gpu/openb-pod-5784-tuned-2541,7874
10694,failed,paib-gpu/openb-pod-3435-tuned-2542,7874
10695,failed,paib-gpu/openb-pod-4452-tuned-2543,7874
10696,failed,paib-gpu/openb-pod-4202-tuned-2544,7874
10697,failed,paib-gpu/openb-pod-7279-tuned-2545,7874
10698,create,paib-gpu/openb-pod-1763-tuned-2546,7875
10699,create,paib-gpu/openb-pod-1291-tuned-2547,7876
10700,failed,paib-gpu/openb-pod-5023-tuned-2548,7876
10701,failed,paib-gpu/openb-pod-2297-tuned-2549,7876
10702,create,paib-gpu/openb-pod-0940-tuned-2550,7877
10703,failed,paib-gpu/openb-pod-4459-tuned-2551,7877
10704,create,paib-gpu/openb-pod-1197-tuned-2552,7878
10705,failed,paib-gpu/openb-pod-4719-tuned-2553,7878
10706,failed,paib-gpu/openb-pod-0443-tuned-2554,7878
10707,failed,paib-gpu/openb-pod-4271-tuned-2555,7878
10708,failed,paib-gpu/openb-pod-7043-tuned-2556,7878
10709,failed,paib-gpu/openb-pod-7916-tuned-2557,7878
10710,failed,paib-gpu/openb-pod-2482-tuned-2558,7878
10711,failed,paib-gpu/openb-pod-4813-tuned-2559,7878
10712,failed,paib-gpu/openb-pod-1575-tuned-2560,7878
10713,create,paib-gpu/openb-pod-5164-tuned-2561,7879
10714,failed,paib-gpu/openb-pod-7679-tuned-2562,7879
10715,failed,paib-gpu/openb-pod-0703-tuned-2563,7879
10716,failed,paib-gpu/openb-pod-6845-tuned-2564,7879
10717,failed,paib-gpu/openb-pod-6520-tuned-2565,7879
10718,failed,paib-gpu/openb-pod-7871-tuned-2566,7879
10719,failed,paib-gpu/openb-pod-0928-tuned-2567,7879
10720,create,paib-gpu/openb-pod-2916-tuned-2568,7880
10721,create,paib-gpu/openb-pod-5629-tuned-2569,7881
10722,create,paib-gpu/openb-pod-6261-tuned-2570,7882
10723,failed,paib-gpu/openb-pod-6505-tuned-2571,7882
10724,create,paib-gpu/openb-pod-0951-tuned-2572,7883
10725,failed,paib-gpu/openb-pod-6572-tuned-2573,7883
10726,failed,paib-gpu/openb-pod-0002-tuned-2574,7883
10727,failed,paib-gpu/openb-pod-3579-tuned-2575,7883
10728,failed,paib-gpu/openb-pod-8101-tuned-2576,7883
10729,failed,paib-gpu/openb-pod-2072-tuned-2577,7883
10730,failed,paib-gpu/openb-pod-7404-tuned-2578,7883
10731,failed,paib-gpu/openb-pod-7704-tuned-2579,7883
10732,failed,paib-gpu/openb-pod-0339-tuned-2580,7883
10733,failed,paib-gpu/openb-pod-7727-tuned-2581,7883
10734,failed,paib-gpu/openb-pod-6327-tuned-2582,7883
10735,failed,paib-gpu/openb-pod-5848-tuned-2583,7883
10736,failed,paib-gpu/openb-pod-3229-tuned-2584,7883
10737,failed,paib-gpu/openb-pod-4794-tuned-2585,7883
10738,failed,paib-gpu/openb-pod-1678-tuned-2586,7883
10739,failed,paib-gpu/openb-pod-6916-tuned-2587,7883
10740,failed,paib-gpu/openb-pod-1148-tuned-2588,7883
10741,failed,paib-gpu/openb-pod-3710-tuned-2589,7883
10742,failed,paib-gpu/openb-pod-5232-tuned-2590,7883
10743,failed,paib-gpu/openb-pod-5193-tuned-2591,7883
10744,failed,paib-gpu/openb-pod-2928-tuned-2592,7883
10745,create,paib-gpu/openb-pod-5627-tuned-2593,7884
10746,create,paib-gpu/openb-pod-6198-tuned-2594,7885
10747,failed,paib-gpu/openb-pod-0235-tuned-2595,7885
10748,failed,paib-gpu/openb-pod-0889-tuned-2596,7885
10749,create,paib-gpu/openb-pod-1138-tuned-2597,7886
10750,create,paib-gpu/openb-pod-4527-tuned-2598,7887
10751,failed,paib-gpu/openb-pod-8014-tuned-2599,7887
10752,failed,paib-gpu/openb-pod-0422-tuned-2600,7887
10753,failed,paib-gpu/openb-pod-3342-tuned-2601,7887
10754,create,paib-gpu/openb-pod-2314-tuned-2602,7888
10755,failed,paib-gpu/openb-pod-5973-tuned-2603,7888
10756,failed,paib-gpu/openb-pod-6424-tuned-2604,7888
10757,failed,paib-gpu/openb-pod-2146-tuned-2605,7888
10758,failed,paib-gpu/openb-pod-0230-tuned-2606,7888
10759,create,paib-gpu/openb-pod-0915-tuned-2607,7889
10760,failed,paib-gpu/openb-pod-6938-tuned-2608,7889
10761,create,paib-gpu/openb-pod-1097-tuned-2609,7890
10762,create,paib-gpu/openb-pod-0025-tuned-2610,7891
10763,failed,paib-gpu/openb-pod-5476-tuned-2611,7891
10764,failed,paib-gpu/openb-pod-1954-tuned-2612,7891
10765,create,paib-gpu/openb-pod-6259-tuned-2613,7892
10766,create,paib-gpu/openb-pod-1988-tuned-2614,7893
10767,failed,paib-gpu/openb-pod-0345-tuned-2615,7893
10768,create,paib-gpu/openb-pod-2734-tuned-2616,7894
10769,failed,paib-gpu/openb-pod-2676-tuned-2617,7894
10770,failed,paib-gpu/openb-pod-8011-tuned-2618,7894
10771,failed,paib-gpu/openb-pod-3984-tuned-2619,7894
10772,create,paib-gpu/openb-pod-4479-tuned-2620,7895
10773,failed,paib-gpu/openb-pod-1351-tuned-2621,7895
10774,failed,paib-gpu/openb-pod-0298-tuned-2622,7895
10775,failed,paib-gpu/openb-pod-5572-tuned-2623,7895
10776,failed,paib-gpu/openb-pod-1475-tuned-2624,7895
10777,failed,paib-gpu/openb-pod-4022-tuned-2625,7895
10778,create,paib-gpu/openb-pod-2167-tuned-2626,7896
10779,failed,paib-gpu/openb-pod-1484-tuned-2627,7896
10780,create,paib-gpu/openb-pod-6639-tuned-2628,7897
10781,failed,paib-gpu/openb-pod-3756-tuned-2629,7897
10782,failed,paib-gpu/openb-pod-0896-tuned-2630,7897
10783,failed,paib-gpu/openb-pod-5612-tuned-2631,7897
10784,failed,paib-gpu/openb-pod-1009-tuned-2632,7897
10785,create,paib-gpu/openb-pod-6259-tuned-2633,7898
10786,failed,paib-gpu/openb-pod-3432-tuned-2634,7898
10787,failed,paib-gpu/openb-pod-6309-tuned-2635,7898
10788,failed,paib-gpu/openb-pod-3335-tuned-2636,7898
10789,failed,paib-gpu/openb-pod-3268-tuned-2637,7898
10790,failed,paib-gpu/openb-pod-5138-tuned-2638,7898
10791,failed,paib-gpu/openb-pod-2831-tuned-2639,7898
10792,failed,paib-gpu/openb-pod-8032-tuned-2640,7898
10793,failed,paib-gpu/openb-pod-5556-tuned-2641,7898
10794,failed,paib-gpu/openb-pod-1410-tuned-2642,7898
10795,failed,paib-gpu/openb-pod-5384-tuned-2643,7898
10796,failed,paib-gpu/openb-pod-3161-tuned-2644,7898
10797,failed,paib-gpu/openb-pod-7817-tuned-2645,7898
10798,failed,paib-gpu/openb-pod-0354-tuned-2646,7898
10799,failed,paib-gpu/openb-pod-4627-tuned-2647,7898
10800,failed,paib-gpu/openb-pod-6815-tuned-2648,7898
10801,failed,paib-gpu/openb-pod-6357-tuned-2649,7898
10802,failed,paib-gpu/openb-pod-5394-tuned-2650,7898
10803,failed,paib-gpu/openb-pod-1743-tuned-2651,7898
10804,failed,paib-gpu/openb-pod-4894-tuned-2652,7898
10805,failed,paib-gpu/openb-pod-5043-tuned-2653,7898
10806,failed,paib-gpu/openb-pod-5919-tuned-2654,7898
10807,failed,paib-gpu/openb-pod-2664-tuned-2655,7898
10808,failed,paib-gpu/openb-pod-5676-tuned-2656,7898
10809,failed,paib-gpu/openb-pod-5909-tuned-2657,7898
10810,failed,paib-gpu/openb-pod-3583-tuned-2658,7898
10811,failed,paib-gpu/openb-pod-7181-tuned-2659,7898
10812,create,paib-gpu/openb-pod-6464-tuned-2660,7899
10813,failed,paib-gpu/openb-pod-0467-tuned-2661,7899
10814,failed,paib-gpu/openb-pod-5221-tuned-2662,7899
10815,failed,paib-gpu/openb-pod-2967-tuned-2663,7899
10816,failed,paib-gpu/openb-pod-2373-tuned-2664,7899
10817,create,paib-gpu/openb-pod-6782-tuned-2665,7900
10818,failed,paib-gpu/openb-pod-5425-tuned-2666,7900
10819,create,paib-gpu/openb-pod-5490-tuned-2667,7901
10820,failed,paib-gpu/openb-pod-7373-tuned-2668,7901
10821,create,paib-gpu/openb-pod-2484-tuned-2669,7902
10822,failed,paib-gpu/openb-pod-8010-tuned-2670,7902
10823,failed,paib-gpu/openb-pod-4221-tuned-2671,7902
10824,failed,paib-gpu/openb-pod-6604-tuned-2672,7902
10825,create,paib-gpu/openb-pod-6096-tuned-2673,7903
10826,failed,paib-gpu/openb-pod-3777-tuned-2674,7903
10827,failed,paib-gpu/openb-pod-7913-tuned-2675,7903
10828,failed,paib-gpu/openb-pod-0229-tuned-2676,7903
10829,failed,paib-gpu/openb-pod-7710-tuned-2677,7903
10830,create,paib-gpu/openb-pod-1332-tuned-2678,7904
10831,failed,paib-gpu/openb-pod-5133-tuned-2679,7904
10832,failed,paib-gpu/openb-pod-6822-tuned-2680,7904
10833,failed,paib-gpu/openb-pod-2446-tuned-2681,7904
10834,failed,paib-gpu/openb-pod-1742-tuned-2682,7904
10835,failed,paib-gpu/openb-pod-6744-tuned-2683,7904
10836,failed,paib-gpu/openb-pod-0541-tuned-2684,7904
10837,create,paib-gpu/openb-pod-7166-tuned-2685,7905
10838,failed,paib-gpu/openb-pod-0905-tuned-2686,7905
10839,failed,paib-gpu/openb-pod-1301-tuned-2687,7905
10840,failed,paib-gpu/openb-pod-4641-tuned-2688,7905
10841,failed,paib-gpu/openb-pod-3685-tuned-2689,7905
10842,failed,paib-gpu/openb-pod-5805-tuned-2690,7905
10843,failed,paib-gpu/openb-pod-3800-tuned-2691,7905
10844,failed,paib-gpu/openb-pod-8046-tuned-2692,7905
10845,failed,paib-gpu/openb-pod-7196-tuned-2693,7905
10846,failed,paib-gpu/openb-pod-0036-tuned-2694,7905
10847,create,paib-gpu/openb-pod-6558-tuned-2695,7906
10848,failed,paib-gpu/openb-pod-5497-tuned-2696,7906
10849,failed,paib-gpu/openb-pod-3581-tuned-2697,7906
10850,failed,paib-gpu/openb-pod-3217-tuned-2698,7906
10851,failed,paib-gpu/openb-pod-4826-tuned-2699,7906
10852,failed,paib-gpu/openb-pod-7350-tuned-2700,7906
10853,failed,paib-gpu/openb-pod-7286-tuned-2701,7906
10854,create,paib-gpu/openb-pod-0749-tuned-2702,7907
10855,failed,paib-gpu/openb-pod-7749-tuned-2703,7907
10856,failed,paib-gpu/openb-pod-6826-tuned-2704,7907
10857,failed,paib-gpu/openb-pod-4261-tuned-2705,7907
10858,failed,paib-gpu/openb-pod-4048-tuned-2706,7907
10859,failed,paib-gpu/openb-pod-1534-tuned-2707,7907
10860,failed,paib-gpu/openb-pod-6841-tuned-2708,7907
10861,failed,paib-gpu/openb-pod-7617-tuned-2709,7907
10862,failed,paib-gpu/openb-pod-3160-tuned-2710,7907
10863,failed,paib-gpu/openb-pod-5762-tuned-2711,7907
10864,failed,paib-gpu/openb-pod-7197-tuned-2712,7907
10865,failed,paib-gpu/openb-pod-5877-tuned-2713,7907
