ow_gpushare40-dr_0.0-tn_1.3-ts_42-if_1.0-ccmd_183a-policy_BestFit1000desharemd7031-de_share-gs_best-scmd_7031-origin_milli,ow_gpushare40-dr_0.0-tn_1.3-ts_42-if_1.0-ccmd_183a-policy_BestFit1000desharemd7031-de_share-gs_best-scmd_7031-origin_ratio,ow_gpushare40-dr_0.0-tn_1.3-ts_42-if_1.0-ccmd_183a-policy_BestFit1000desharemd7031-de_share-gs_best-scmd_7031-origin_q124,ow_gpushare40-dr_0.0-tn_1.3-ts_42-if_1.0-ccmd_183a-policy_BestFit1000desharemd7031-de_share-gs_best-scmd_7031-bellman_milli,ow_gpushare40-dr_0.0-tn_1.3-ts_42-if_1.0-ccmd_183a-policy_BestFit1000desharemd7031-de_share-gs_best-scmd_7031-bellman_ratio
863188.36,13.9,0.3,188794.78,3.04
864021.21,13.91,0.31,189114.67,3.04
863478.15,13.9,0.31,188422.41,3.03
863465.08,13.9,0.31,188260.16,3.03
863922.01,13.91,0.32,188567.9,3.04
864000.2,13.91,0.32,188496.9,3.04
863645.54,13.91,0.31,187993.05,3.03
863960.47,13.92,0.32,187780.81,3.02
863307.7,13.91,0.31,187054.92,3.01
863304.64,13.91,0.31,187051.85,3.01
862949.98,13.91,0.31,186548.0,3.01
863782.83,13.92,0.32,186867.89,3.01
863769.77,13.92,0.33,186705.63,3.01
863756.7,13.92,0.33,186543.38,3.01
863620.74,13.92,0.33,186434.0,3.01
863961.67,13.93,0.33,186174.63,3.0
863472.9,13.92,0.33,185685.87,2.99
863459.83,13.92,0.33,185523.61,2.99
864654.12,13.94,0.35,186369.87,3.01
864301.05,13.94,0.34,185867.61,3.0
864287.98,13.94,0.34,185854.54,3.0
864953.77,13.95,0.36,185965.84,3.0
864410.7,13.95,0.35,185273.59,2.99
865072.86,13.96,0.36,185335.45,2.99
865905.72,13.97,0.38,185655.34,3.0
865983.9,13.98,0.38,185764.35,3.0
865520.28,13.97,0.37,185254.92,2.99
865507.21,13.97,0.38,185092.67,2.99
864964.14,13.96,0.37,184400.41,2.98
864421.08,13.96,0.36,183708.15,2.97
864408.01,13.96,0.36,183545.9,2.96
864236.76,13.96,0.36,183343.82,2.96
864693.69,13.96,0.37,183651.56,2.97
865034.62,13.97,0.38,183392.2,2.96
865349.54,13.98,0.38,183165.88,2.96
865664.46,13.99,0.39,182939.57,2.96
865979.39,13.99,0.4,182727.33,2.95
865490.62,13.99,0.39,182238.56,2.95
865567.61,13.99,0.39,182626.04,2.95
865104.85,13.98,0.39,182104.22,2.94
865222.09,13.99,0.39,182162.41,2.94
864569.32,13.98,0.38,181436.51,2.93
864556.26,13.98,0.38,181274.26,2.93
864873.31,13.98,0.39,181416.78,2.93
865706.16,14.0,0.4,181736.66,2.94
865613.09,14.0,0.4,181494.41,2.94
865928.01,14.01,0.41,181282.17,2.93
866242.94,14.01,0.42,181055.85,2.93
865780.17,14.01,0.41,180519.96,2.92
865875.19,14.01,0.42,181343.11,2.93
865412.43,14.01,0.41,180821.3,2.93
866078.21,14.02,0.42,180932.6,2.93
866393.14,14.03,0.43,180706.28,2.93
869849.3,14.08,0.49,183825.25,2.98
871511.46,14.11,0.51,184887.11,2.99
872705.74,14.13,0.53,185733.37,3.01
872242.98,14.12,0.53,185211.56,3.0
871699.91,14.12,0.52,184519.3,2.99
871990.37,14.12,0.53,184209.47,2.98
872656.16,14.13,0.54,184320.77,2.99
873850.44,14.15,0.56,185167.03,3.0
873850.44,14.15,0.56,185057.64,3.0
874165.36,14.16,0.57,184845.41,2.99
875359.65,14.18,0.59,185691.67,3.01
874896.88,14.18,0.58,185155.77,3.0
874458.59,14.17,0.57,184717.47,2.99
875124.37,14.18,0.59,184828.77,3.0
875150.75,14.18,0.59,184809.34,3.0
875812.91,14.2,0.6,184871.21,3.0
875159.28,14.19,0.59,184171.78,2.99
875474.2,14.2,0.6,183959.54,2.98
875789.13,14.2,0.61,183747.3,2.98
875326.36,14.2,0.6,183211.41,2.97
875992.15,14.21,0.61,183322.71,2.97
876436.02,14.22,0.62,183252.46,2.97
876750.94,14.23,0.63,183040.23,2.97
877065.86,14.23,0.64,182827.99,2.97
876929.9,14.23,0.64,183029.54,2.97
876793.94,14.23,0.64,182827.99,2.97
877237.81,14.24,0.65,182757.75,2.97
876775.04,14.24,0.64,182221.85,2.96
877089.97,14.24,0.65,181995.54,2.96
877345.41,14.25,0.65,182823.63,2.97
878011.19,14.26,0.66,182934.93,2.97
879205.47,14.28,0.68,183781.19,2.98
880038.33,14.29,0.7,184101.08,2.99
879879.92,14.29,0.7,183942.67,2.99
880170.38,14.3,0.7,183632.84,2.98
880832.54,14.31,0.72,183694.7,2.98
880369.78,14.31,0.71,183158.81,2.98
879907.01,14.3,0.7,182622.92,2.97
880550.6,14.31,0.72,182785.41,2.97
880087.84,14.31,0.71,182263.6,2.96
879951.88,14.31,0.71,182154.21,2.96
880028.87,14.31,0.71,182541.69,2.97
879815.92,14.31,0.71,182154.21,2.96
880156.85,14.31,0.72,181894.85,2.96
883613.01,14.37,0.77,185013.82,3.01
883614.24,14.37,0.78,185015.05,3.01
883525.94,14.37,0.78,184926.75,3.01
883062.31,14.37,0.77,184417.32,3.0
884256.6,14.38,0.79,185263.58,3.01
884282.97,14.39,0.79,185244.15,3.01
887739.13,14.44,0.85,188363.11,3.06
888029.59,14.45,0.85,188053.28,3.06
887401.3,14.44,0.85,187424.98,3.05
888234.15,14.46,0.86,187744.87,3.06
888549.07,14.46,0.87,187532.63,3.05
888086.31,14.46,0.86,186996.73,3.04
888401.23,14.47,0.87,186784.5,3.04
889067.02,14.48,0.88,186895.8,3.04
888414.25,14.47,0.87,186169.9,3.03
889247.11,14.48,0.89,186489.79,3.04
888783.48,14.48,0.88,185980.36,3.03
889098.4,14.49,0.89,185754.04,3.03
889186.98,14.49,0.89,185723.41,3.03
889830.57,14.5,0.9,185885.91,3.03
890145.49,14.51,0.91,185673.67,3.03
890224.06,14.51,0.91,185633.04,3.03
890886.22,14.52,0.93,185694.91,3.03
890727.81,14.52,0.93,185536.5,3.02
891042.74,14.53,0.93,185324.26,3.02
891357.66,14.54,0.94,185112.03,3.02
891698.59,14.54,0.95,184852.66,3.02
892013.51,14.55,0.96,184626.35,3.01
892013.51,14.55,0.96,184626.35,3.01
892846.36,14.57,0.97,184946.24,3.02
892937.59,14.57,0.97,185037.47,3.02
893770.45,14.58,0.99,185357.35,3.02
893307.69,14.58,0.98,184835.54,3.02
892654.92,14.57,0.97,184109.64,3.0
893298.51,14.58,0.98,184272.14,3.01
892835.75,14.57,0.98,183736.25,3.0
892372.98,14.57,0.97,183200.35,2.99
893035.14,14.58,0.99,183262.22,2.99
892572.38,14.58,0.98,182740.4,2.98
891918.76,14.57,0.97,182040.97,2.97
892209.22,14.58,0.98,181731.14,2.97
893871.38,14.6,1.01,182793.01,2.99
895065.66,14.62,1.03,183639.27,3.0
895406.59,14.63,1.03,183379.9,3.0
895721.51,14.64,1.04,183167.67,2.99
896062.44,14.65,1.05,182908.3,2.99
896141.02,14.65,1.05,182867.67,2.99
896784.6,14.66,1.06,183030.17,2.99
897333.18,14.67,1.07,183459.54,3.0
897674.11,14.68,1.08,183200.18,3.0
897989.03,14.68,1.09,182987.94,2.99
898632.62,14.7,1.1,183150.44,3.0
899181.19,14.71,1.11,183579.81,3.0
899496.11,14.71,1.12,183353.5,3.0
899811.04,14.72,1.12,183127.18,3.0
900454.62,14.73,1.14,183289.68,3.0
900533.2,14.73,1.14,183249.05,3.0
901727.48,14.75,1.16,184095.31,3.01
901727.48,14.75,1.16,183985.93,3.01
903389.64,14.78,1.18,185047.79,3.03
903730.57,14.79,1.19,184788.43,3.02
904392.73,14.8,1.21,184850.3,3.03
905225.58,14.82,1.22,185170.19,3.03
906058.44,14.83,1.24,185490.07,3.04
906806.73,14.84,1.25,186152.18,3.05
906317.96,14.84,1.24,185663.41,3.04
905855.2,14.83,1.24,185127.52,3.03
905855.2,14.83,1.24,185463.04,3.04
905535.2,14.83,1.23,185143.04,3.03
905536.43,14.83,1.23,185144.28,3.03
904448.75,14.83,1.23,185144.28,3.04
904449.98,14.83,1.24,185145.51,3.04
903987.22,14.83,1.23,184609.61,3.03
904302.14,14.83,1.24,184383.3,3.02
904964.3,14.85,1.25,184445.16,3.03
904501.54,14.84,1.24,183923.35,3.02
903848.78,14.83,1.24,183211.53,3.01
903984.23,14.83,1.24,183558.2,3.01
903781.46,14.83,1.24,183296.39,3.01
904904.1,14.85,1.26,184144.19,3.02
905219.02,14.86,1.26,183917.88,3.02
905881.18,14.87,1.28,183979.74,3.02
906171.64,14.88,1.28,183669.91,3.02
905902.87,14.88,1.28,183401.14,3.01
905250.11,14.87,1.27,182689.33,3.0
904621.81,14.86,1.27,182061.03,2.99
904663.62,14.86,1.27,182104.14,2.99
904212.93,14.86,1.26,181566.12,2.98
904878.71,14.87,1.27,181677.42,2.99
905322.58,14.88,1.28,181607.18,2.98
905467.05,14.88,1.29,181301.8,2.98
905003.43,14.88,1.28,180792.37,2.97
905647.01,14.89,1.29,180954.87,2.97
905195.59,14.88,1.29,180384.24,2.97
905839.17,14.89,1.3,180546.74,2.97
905703.21,14.9,1.3,180437.35,2.97
905252.52,14.89,1.29,179899.34,2.96
905581.1,14.9,1.3,180108.71,2.96
906306.96,14.91,1.31,180457.65,2.97
906621.89,14.92,1.32,180245.41,2.97
906698.88,14.92,1.32,180632.89,2.97
906485.93,14.92,1.32,180245.41,2.97
906023.16,14.91,1.31,179709.52,2.96
906169.46,14.91,1.32,179632.44,2.96
906990.33,14.93,1.33,180112.26,2.96
906990.33,14.93,1.33,180126.62,2.96
906539.64,14.92,1.33,179588.6,2.96
906088.94,14.92,1.32,179050.58,2.95
905638.25,14.91,1.32,178512.56,2.94
905953.17,14.92,1.32,178286.25,2.94
906140.41,14.92,1.33,178414.43,2.94
905689.72,14.92,1.32,177876.41,2.93
906522.57,14.93,1.34,178196.3,2.94
906071.88,14.93,1.33,177658.28,2.93
905621.19,14.92,1.33,177120.26,2.92
905962.12,14.93,1.33,176860.9,2.91
907690.2,14.96,1.36,178737.16,2.95
907785.21,14.96,1.37,179560.32,2.96
908979.5,14.98,1.39,180406.58,2.97
908843.54,14.98,1.39,180297.2,2.97
909676.39,15.0,1.4,180617.08,2.98
909767.62,15.0,1.4,180708.31,2.98
910433.41,15.01,1.42,180819.61,2.98
910574.7,15.02,1.42,180701.66,2.98
910111.07,15.01,1.41,180192.23,2.97
910316.3,15.02,1.42,179797.17,2.97
909961.64,15.01,1.42,179442.51,2.96
910590.45,15.02,1.43,179481.75,2.96
911423.31,15.04,1.44,179801.64,2.97
910972.61,15.03,1.44,179263.62,2.96
911101.92,15.04,1.44,179305.6,2.96
910965.96,15.04,1.44,179305.6,2.96
911069.31,15.04,1.44,179398.23,2.96
911735.1,15.05,1.45,179509.53,2.96
911271.47,15.05,1.45,179000.1,2.96
911974.61,15.06,1.46,179024.39,2.96
911974.61,15.06,1.46,179024.39,2.96
911523.92,15.05,1.46,178486.38,2.95
911838.84,15.06,1.46,178260.06,2.94
912504.62,15.07,1.48,178371.36,2.95
913337.48,15.09,1.49,178691.25,2.95
913289.07,15.09,1.49,178642.84,2.95
913316.31,15.09,1.49,178611.02,2.95
912852.68,15.08,1.49,178101.59,2.94
913181.7,15.09,1.49,178509.16,2.95
913847.49,15.1,1.51,178620.46,2.95
914137.95,15.11,1.51,178310.62,2.95
914478.88,15.12,1.52,178051.26,2.94
915840.02,15.14,1.55,178347.07,2.95
915751.72,15.14,1.55,178258.77,2.95
917071.15,15.16,1.57,178543.77,2.95
917034.07,15.17,1.57,177939.18,2.94
920234.79,15.22,1.62,180230.05,2.98
921344.1,15.24,1.64,182529.65,3.02
921208.14,15.24,1.64,182525.11,3.02
921209.37,15.24,1.64,182526.34,3.02
920745.75,15.23,1.64,182016.91,3.01
920609.79,15.23,1.64,181912.07,3.01
919969.09,15.22,1.63,181184.05,3.0
919833.13,15.22,1.63,181074.67,3.0
920757.07,15.24,1.64,181038.62,3.0
920306.37,15.24,1.64,180500.6,2.99
920170.41,15.24,1.64,180500.6,2.99
920056.86,15.24,1.64,180570.44,2.99
919606.16,15.23,1.63,180032.42,2.98
919155.47,15.23,1.63,179494.4,2.97
919155.47,15.23,1.63,179494.4,2.97
919151.09,15.23,1.63,178858.65,2.96
919725.19,15.24,1.64,179543.53,2.98
919611.63,15.24,1.64,179585.67,2.98
919269.51,15.24,1.64,178991.28,2.97
920354.96,15.26,1.66,179565.01,2.98
920219.0,15.26,1.66,179455.63,2.98
919876.88,15.25,1.66,178861.24,2.97
920598.59,15.27,1.67,179552.05,2.98
920598.59,15.27,1.67,179552.05,2.98
920598.59,15.27,1.67,179748.68,2.98
920462.63,15.27,1.67,179552.05,2.98
920326.67,15.27,1.67,179444.36,2.98
920730.4,15.27,1.68,180018.81,2.99
920730.4,15.27,1.68,179876.31,2.98
920388.27,15.27,1.67,179281.92,2.97
920274.72,15.27,1.67,179324.05,2.98
920921.81,15.28,1.69,179430.62,2.98
920579.69,15.28,1.68,178836.23,2.97
921032.31,15.29,1.69,179336.49,2.98
920690.19,15.29,1.69,178742.1,2.97
920690.19,15.29,1.69,178742.1,2.97
920576.63,15.29,1.69,178811.93,2.97
920426.46,15.28,1.69,178774.17,2.97
921393.23,15.3,1.71,179207.19,2.98
921051.1,15.3,1.7,178612.8,2.97
920708.98,15.29,1.7,178018.41,2.96
920359.47,15.29,1.69,177662.54,2.95
920852.42,15.3,1.7,178168.65,2.96
920716.46,15.3,1.7,178144.55,2.96
920396.46,15.29,1.7,177824.55,2.96
920665.29,15.3,1.7,178071.99,2.96
920323.16,15.3,1.7,177477.6,2.95
919981.04,15.29,1.7,176883.21,2.94
919845.08,15.29,1.7,176253.6,2.93
919775.04,15.29,1.7,176929.0,2.94
919588.85,15.29,1.7,176554.85,2.94
920251.01,15.31,1.71,176628.03,2.94
920302.7,15.31,1.71,176223.83,2.93
920232.66,15.31,1.72,175900.94,2.93
920548.34,15.32,1.72,176692.37,2.94
920548.34,15.32,1.72,176692.37,2.94
920548.34,15.32,1.72,176692.37,2.94
920087.17,15.31,1.72,176126.99,2.93
919742.39,15.31,1.71,175854.27,2.93
919794.08,15.31,1.72,175450.07,2.92
919845.77,15.32,1.72,175213.52,2.92
920181.08,15.32,1.73,175930.87,2.93
920357.32,15.33,1.73,176197.1,2.93
920357.32,15.33,1.73,176197.1,2.93
920221.36,15.33,1.73,176158.73,2.93
920221.36,15.33,1.73,176158.73,2.93
920273.06,15.33,1.73,176249.54,2.94
920137.1,15.33,1.73,176245.0,2.94
920001.14,15.33,1.73,176140.16,2.94
920052.83,15.33,1.74,175735.96,2.93
920104.52,15.34,1.74,175499.41,2.93
919806.08,15.33,1.74,175123.55,2.92
919806.08,15.33,1.74,175123.55,2.92
919806.08,15.33,1.74,175123.55,2.92
919865.24,15.34,1.74,174953.6,2.92
919721.81,15.34,1.74,175451.22,2.93
919431.48,15.33,1.74,175173.22,2.92
919766.01,15.34,1.74,174669.21,2.91
919817.7,15.34,1.74,174459.5,2.91
920157.66,15.35,1.75,175799.05,2.93
920062.94,15.35,1.75,175479.36,2.93
919926.98,15.35,1.75,175440.99,2.93
919926.98,15.35,1.75,175440.99,2.93
920195.81,15.35,1.76,175702.71,2.93
920195.81,15.35,1.76,175702.71,2.93
920079.82,15.35,1.76,175656.84,2.93
919454.52,15.35,1.75,175019.66,2.92
919340.96,15.35,1.75,175089.49,2.92
920216.2,15.36,1.77,175444.15,2.93
920102.64,15.36,1.77,175385.84,2.93
920102.64,15.36,1.77,175385.84,2.93
920102.64,15.36,1.77,175358.2,2.93
919944.99,15.36,1.77,175195.16,2.93
920600.84,15.37,1.78,175410.93,2.93
920899.71,15.38,1.79,176416.87,2.95
921756.2,15.4,1.8,177047.96,2.96
921620.24,15.4,1.8,177043.42,2.96
921514.94,15.4,1.8,176938.49,2.96
921399.42,15.4,1.8,176822.96,2.95
921843.28,15.4,1.81,177314.47,2.96
921707.32,15.4,1.81,177209.62,2.96
921913.44,15.41,1.81,177366.27,2.96
922006.36,15.41,1.82,176913.12,2.96
922653.46,15.43,1.83,177259.33,2.96
922653.46,15.43,1.83,177259.33,2.96
922311.34,15.42,1.83,176644.42,2.95
922602.56,15.43,1.83,176993.85,2.96
922371.54,15.43,1.83,176615.21,2.95
922371.54,15.43,1.83,176640.91,2.95
923380.63,15.45,1.85,177139.7,2.96
922944.61,15.44,1.84,176864.44,2.96
922754.85,15.44,1.84,176486.41,2.95
922360.44,15.44,1.84,176395.2,2.95
922224.48,15.44,1.84,176356.82,2.95
922015.69,15.43,1.84,176177.61,2.95
921879.73,15.43,1.84,176106.6,2.95
922085.84,15.44,1.84,176263.25,2.95
922732.94,15.45,1.86,176609.46,2.96
922735.29,15.45,1.86,176611.94,2.96
922673.76,15.45,1.86,177013.43,2.96
922673.76,15.45,1.86,177013.43,2.96
922560.2,15.45,1.86,177083.26,2.97
923526.97,15.47,1.87,177516.29,2.97
923710.68,15.47,1.88,177596.7,2.98
923649.16,15.47,1.88,177998.19,2.98
923656.62,15.47,1.88,177868.88,2.98
923951.55,15.48,1.88,178621.63,2.99
923836.03,15.48,1.88,178056.25,2.98
923980.51,15.48,1.89,177750.87,2.98
923740.85,15.48,1.89,177453.65,2.97
923627.29,15.48,1.89,177495.79,2.98
924274.39,15.5,1.9,177602.36,2.98
923825.31,15.49,1.89,177317.94,2.97
923737.01,15.49,1.89,177112.62,2.97
923788.7,15.49,1.9,176708.42,2.96
924687.11,15.51,1.91,177661.13,2.98
924551.15,15.51,1.92,177656.59,2.98
924734.86,15.52,1.92,177823.83,2.98
924620.93,15.52,1.92,177774.29,2.98
924507.37,15.52,1.92,177287.35,2.98
924551.59,15.52,1.92,176998.78,2.97
924261.92,15.52,1.92,176756.7,2.97
924261.92,15.52,1.92,176756.7,2.97
924513.75,15.52,1.93,177521.74,2.98
924162.72,15.52,1.92,177026.47,2.97
924368.83,15.52,1.93,177183.12,2.98
925015.93,15.54,1.94,177355.38,2.98
924827.55,15.53,1.94,177169.36,2.98
925118.78,15.54,1.95,177518.78,2.98
925118.78,15.54,1.95,177518.78,2.98
925118.78,15.54,1.95,177518.78,2.98
925841.73,15.55,1.96,178428.84,3.0
925936.94,15.56,1.96,177918.14,2.99
926988.97,15.58,1.98,178973.89,3.01
927265.43,15.58,1.99,178945.96,3.01
926923.01,15.58,1.98,178864.51,3.01
926850.7,15.58,1.98,178999.0,3.01
926714.74,15.58,1.98,179069.0,3.01
926578.78,15.58,1.98,179064.46,3.01
926975.59,15.59,1.99,179387.69,3.02
926562.82,15.58,1.98,179079.62,3.01
926562.82,15.58,1.98,179079.62,3.01
926746.54,15.58,1.99,179160.03,3.01
926610.58,15.59,1.99,179286.46,3.02
926610.58,15.59,1.99,179286.46,3.02
926474.62,15.59,1.99,179258.17,3.02
926338.66,15.59,1.99,179164.05,3.01
926397.82,15.59,1.99,179503.47,3.02
926442.04,15.59,2.0,179459.55,3.02
926710.87,15.6,2.0,179413.59,3.02
926366.08,15.59,2.0,179277.0,3.02
926417.77,15.6,2.0,179346.47,3.02
926314.77,15.6,2.0,179804.4,3.03
926471.47,15.6,2.01,179819.36,3.03
926335.51,15.6,2.01,179645.52,3.03
926604.33,15.61,2.01,179622.27,3.03
926259.55,15.6,2.01,180152.91,3.03
926318.71,15.61,2.01,180030.61,3.03
926175.28,15.61,2.01,179869.18,3.03
926226.97,15.61,2.01,179767.1,3.03
926229.32,15.61,2.01,179770.19,3.03
926093.36,15.61,2.01,179677.13,3.03
925957.4,15.61,2.01,180051.61,3.04
926226.22,15.62,2.02,180199.11,3.04
925882.2,15.61,2.02,179923.09,3.03
925882.2,15.61,2.02,179923.09,3.03
925726.89,15.61,2.01,179767.79,3.03
925590.93,15.61,2.01,179739.5,3.03
925590.93,15.61,2.01,179739.5,3.03
925454.97,15.61,2.01,179645.38,3.03
925382.87,15.61,2.01,179942.17,3.04
925089.61,15.61,2.01,179665.27,3.03
924889.79,15.61,2.01,179293.81,3.03
924753.83,15.61,2.01,179119.97,3.02
924805.52,15.61,2.01,179096.72,3.02
924669.56,15.61,2.01,179451.54,3.03
924938.39,15.62,2.02,179643.55,3.03
924990.08,15.62,2.02,179541.46,3.03
924645.29,15.61,2.02,179235.59,3.03
924509.33,15.61,2.02,179258.08,3.03
924351.68,15.61,2.02,179107.12,3.03
924223.19,15.61,2.02,179042.95,3.02
924079.76,15.61,2.02,179177.28,3.03
923943.8,15.61,2.02,179148.99,3.03
923822.78,15.61,2.02,179672.35,3.04
923712.78,15.61,2.02,179562.35,3.03
923712.78,15.61,2.02,179557.46,3.03
923964.61,15.62,2.02,179443.97,3.03
923764.94,15.62,2.02,179252.63,3.03
923764.94,15.62,2.02,179252.63,3.03
923413.9,15.61,2.02,178861.62,3.02
922833.8,15.6,2.01,178280.2,3.01
923110.26,15.61,2.01,178569.54,3.02
922974.3,15.61,2.01,178469.18,3.02
922915.33,15.61,2.02,178301.81,3.02
922924.24,15.61,2.02,178748.49,3.02
922975.93,15.62,2.02,178871.59,3.03
923159.64,15.62,2.03,179065.37,3.03
923023.68,15.62,2.03,179045.76,3.03
922792.86,15.62,2.02,178783.85,3.03
922579.4,15.62,2.02,178570.39,3.02
922584.1,15.62,2.02,178580.21,3.02
922860.56,15.62,2.03,178913.09,3.03
922860.56,15.62,2.03,178991.45,3.03
922670.89,15.62,2.02,178765.84,3.03
922942.92,15.63,2.03,178748.28,3.03
922994.61,15.63,2.03,179156.18,3.03
922994.61,15.63,2.03,179196.8,3.03
923046.31,15.63,2.04,179319.91,3.04
923098.0,15.63,2.04,179417.53,3.04
923098.0,15.63,2.04,179388.85,3.04
922962.04,15.64,2.04,179287.58,3.04
922619.62,15.63,2.03,178941.41,3.03
922888.44,15.64,2.04,179346.77,3.04
922752.48,15.64,2.04,179243.86,3.04
922407.7,15.63,2.04,178896.86,3.03
922407.7,15.63,2.04,178896.86,3.03
922459.39,15.64,2.04,179080.68,3.04
922461.74,15.64,2.04,179083.03,3.04
922325.78,15.64,2.04,179063.42,3.04
922509.49,15.64,2.04,179293.91,3.04
922561.18,15.64,2.05,179417.01,3.04
922830.01,15.65,2.05,179643.01,3.05
922881.7,15.65,2.06,179766.11,3.05
922536.91,15.65,2.05,179555.97,3.05
922400.95,15.65,2.05,179491.78,3.05
922264.99,15.65,2.05,179492.04,3.05
922316.69,15.65,2.06,179550.69,3.05
922180.73,15.65,2.06,179447.79,3.05
922044.77,15.65,2.06,179447.79,3.05
921908.81,15.65,2.06,179428.17,3.05
922180.84,15.66,2.06,179752.9,3.05
922180.84,15.66,2.06,179752.9,3.05
922044.88,15.66,2.06,179649.99,3.05
922313.71,15.66,2.07,180056.99,3.06
922116.33,15.66,2.07,179828.84,3.05
921980.37,15.66,2.07,179794.68,3.05
921844.41,15.66,2.07,179725.94,3.05
921708.45,15.66,2.07,179623.03,3.05
921708.45,15.66,2.07,179648.81,3.05
921380.45,15.66,2.06,179320.79,3.05
921244.49,15.66,2.06,179320.79,3.05
921108.53,15.66,2.06,179217.88,3.05
921108.53,15.66,2.06,179217.88,3.05
920972.57,15.66,2.06,179217.88,3.05
920972.57,15.66,2.06,179250.69,3.05
921024.26,15.66,2.07,179373.79,3.05
921260.03,15.67,2.07,179610.2,3.05
921311.73,15.67,2.08,179733.3,3.06
921363.42,15.67,2.08,179830.93,3.06
921227.46,15.67,2.08,179811.31,3.06
920937.78,15.67,2.07,179527.53,3.05
920801.82,15.67,2.08,179444.24,3.05
920801.82,15.67,2.08,179442.99,3.05
920801.82,15.67,2.08,179425.05,3.05
920665.86,15.67,2.08,179322.14,3.05
920529.9,15.67,2.08,179322.14,3.05
920393.94,15.67,2.08,179302.53,3.05
920115.95,15.67,2.07,179120.21,3.05
920387.99,15.67,2.08,179444.94,3.06
920252.03,15.67,2.08,179425.33,3.06
920116.07,15.68,2.08,179342.03,3.06
919980.11,15.68,2.08,179307.87,3.06
920031.8,15.68,2.08,179400.95,3.06
920083.49,15.68,2.09,179524.05,3.06
920083.49,15.68,2.09,179544.76,3.06
920352.31,15.69,2.09,179770.75,3.06
920216.35,15.69,2.09,179667.85,3.06
920550.89,15.69,2.1,180157.8,3.07
920414.93,15.69,2.1,180138.18,3.07
920151.84,15.69,2.1,179827.09,3.07
920203.53,15.69,2.1,179905.61,3.07
920067.57,15.69,2.1,179949.69,3.07
920119.26,15.7,2.1,179978.19,3.07
919983.3,15.7,2.1,179875.28,3.07
920034.99,15.7,2.11,180059.1,3.07
919837.61,15.7,2.1,179995.8,3.07
919645.43,15.7,2.1,179773.67,3.07
919829.14,15.7,2.11,179858.31,3.07
919693.18,15.7,2.11,179942.85,3.07
919744.87,15.7,2.11,180065.96,3.07
919744.87,15.7,2.11,180090.57,3.08
919608.91,15.7,2.11,180026.38,3.07
919472.95,15.71,2.11,179992.21,3.07
919336.99,15.71,2.11,179923.47,3.07
919178.58,15.7,2.11,179765.56,3.07
919362.3,15.71,2.11,179850.19,3.07
919364.89,15.71,2.11,179852.79,3.07
919416.58,15.71,2.12,180085.04,3.08
919652.35,15.72,2.12,180062.15,3.08
919516.39,15.72,2.12,180350.16,3.08
919568.08,15.72,2.12,180473.26,3.09
919836.91,15.73,2.13,180699.26,3.09
919700.95,15.73,2.13,180596.35,3.09
919564.99,15.73,2.13,180596.35,3.09
919429.03,15.73,2.13,180596.61,3.09
919084.24,15.72,2.13,180386.48,3.09
918948.29,15.72,2.13,180283.31,3.08
919217.11,15.73,2.13,180357.78,3.09
919081.15,15.73,2.13,180513.12,3.09
918791.48,15.73,2.13,180271.04,3.09
918791.48,15.73,2.13,180246.43,3.08
918655.52,15.73,2.13,180143.52,3.08
918655.52,15.73,2.13,180169.88,3.08
918655.52,15.73,2.13,180151.36,3.08
918519.56,15.73,2.13,180151.36,3.08
918383.6,15.73,2.13,180131.75,3.08
918247.64,15.73,2.13,180048.45,3.08
918247.64,15.73,2.13,180048.45,3.08
918299.33,15.73,2.13,180171.56,3.09
917954.54,15.72,2.13,179898.83,3.08
917818.59,15.73,2.13,179856.64,3.08
917682.63,15.73,2.13,179753.73,3.08
917546.67,15.73,2.13,179753.73,3.08
917410.71,15.73,2.13,179734.12,3.08
917121.03,15.72,2.13,179527.17,3.08
917123.63,15.72,2.13,179550.48,3.08
916987.67,15.72,2.13,179467.18,3.08
917039.36,15.73,2.13,179590.29,3.08
916903.4,15.73,2.13,179548.1,3.08
916709.45,15.72,2.13,179333.37,3.08
916573.49,15.72,2.13,179230.46,3.07
916625.18,15.73,2.13,179414.28,3.08
916431.22,15.72,2.13,179311.33,3.08
916295.26,15.72,2.13,179277.16,3.08
916567.3,15.73,2.13,179616.44,3.08
916431.34,15.73,2.14,179582.27,3.08
916239.15,15.73,2.13,179360.15,3.08
916103.19,15.73,2.13,179291.41,3.08
916103.19,15.73,2.13,179291.41,3.08
916500.0,15.74,2.14,179317.29,3.08
916364.04,15.74,2.14,179616.58,3.08
916415.73,15.74,2.14,179739.68,3.09
916415.73,15.74,2.14,179739.68,3.09
916467.42,15.74,2.15,179837.31,3.09
916331.46,15.74,2.15,179817.7,3.09
916383.15,15.75,2.15,179896.22,3.09
916247.19,15.75,2.15,179876.61,3.09
916111.23,15.75,2.15,179793.31,3.09
915975.27,15.75,2.15,179690.41,3.09
915975.27,15.75,2.15,179690.41,3.09
915975.27,15.75,2.15,179690.41,3.09
915805.17,15.75,2.15,179620.94,3.09
915805.17,15.75,2.15,179620.94,3.09
915805.17,15.75,2.15,179620.94,3.09
915669.21,15.75,2.15,179620.94,3.09
915533.25,15.75,2.15,179601.32,3.09
915397.29,15.75,2.15,179518.03,3.09
915669.33,15.75,2.16,179500.47,3.09
915533.37,15.75,2.16,179823.14,3.09
915802.19,15.76,2.16,179897.62,3.1
915457.41,15.75,2.16,179720.23,3.09
915321.45,15.75,2.16,179780.23,3.09
915038.79,15.75,2.15,179501.63,3.09
914902.83,15.75,2.16,179501.89,3.09
914766.87,15.75,2.16,179398.72,3.09
915038.9,15.76,2.16,179381.16,3.09
915038.9,15.76,2.16,179381.16,3.09
915090.59,15.76,2.16,179789.06,3.1
915362.63,15.77,2.17,179771.5,3.1
915226.67,15.77,2.17,180094.17,3.1
915090.71,15.77,2.17,180094.44,3.1
915090.71,15.77,2.17,180094.44,3.1
914954.75,15.77,2.17,179991.27,3.1
915006.44,15.77,2.18,180114.37,3.1
914870.48,15.77,2.18,180050.18,3.1
914870.48,15.77,2.18,180050.18,3.1
914592.49,15.77,2.17,179772.16,3.1
914592.49,15.77,2.17,179772.16,3.1
913504.81,15.77,2.17,179771.96,3.1
913504.81,15.77,2.17,179771.96,3.1
913368.85,15.77,2.17,179772.22,3.1
913232.89,15.77,2.18,179669.05,3.1
913232.89,15.77,2.18,179669.05,3.1
913232.89,15.77,2.18,179669.05,3.1
913096.93,15.77,2.18,179649.44,3.1
912960.97,15.77,2.18,179566.15,3.1
913012.66,15.78,2.18,179689.25,3.1
913196.37,15.78,2.18,179883.03,3.11
913060.41,15.78,2.18,179883.29,3.11
913329.24,15.79,2.19,180112.85,3.11
913380.93,15.79,2.19,180235.95,3.12
913616.7,15.8,2.2,180472.36,3.12
913480.74,15.8,2.2,180452.75,3.12
913190.74,15.79,2.2,180162.75,3.12
913190.74,15.79,2.2,180162.75,3.12
913190.74,15.79,2.2,180162.75,3.12
912845.95,15.79,2.19,179890.02,3.11
913029.67,15.79,2.2,180120.51,3.12
912701.67,15.79,2.19,179792.49,3.11
912412.0,15.78,2.19,179508.71,3.11
912276.04,15.78,2.19,179508.97,3.11
912276.04,15.78,2.19,179508.97,3.11
912544.86,15.79,2.19,179738.52,3.11
912200.08,15.78,2.19,179465.8,3.11
912000.41,15.78,2.19,179347.18,3.1
911864.45,15.78,2.19,179244.27,3.1
911728.49,15.78,2.19,179244.27,3.1
911997.31,15.79,2.19,179318.75,3.1
911861.35,15.79,2.19,179548.36,3.11
911725.39,15.79,2.19,179445.46,3.11
911777.08,15.79,2.2,179629.28,3.11
911641.12,15.79,2.2,179526.37,3.11
911296.34,15.79,2.19,179179.37,3.1
911138.69,15.79,2.19,179021.72,3.1
911002.73,15.79,2.19,179021.72,3.1
910866.77,15.79,2.19,178918.81,3.1
911135.59,15.79,2.2,179325.81,3.11
910999.63,15.79,2.2,179369.65,3.11
911183.35,15.8,2.2,179494.99,3.11
911047.39,15.8,2.2,179392.08,3.11
911231.1,15.8,2.21,179705.87,3.12
911231.1,15.8,2.21,179705.87,3.12
911282.79,15.81,2.21,179828.97,3.12
910993.12,15.8,2.21,179545.19,3.11
910857.16,15.8,2.21,179480.99,3.11
910657.49,15.8,2.2,179328.91,3.11
910521.53,15.8,2.2,179226.0,3.11
910385.57,15.8,2.2,179226.0,3.11
910040.78,15.8,2.2,178879.0,3.1
909933.13,15.79,2.2,178772.95,3.1
909933.13,15.79,2.2,178772.95,3.1
910201.95,15.8,2.2,178847.43,3.1
910065.99,15.8,2.2,179077.24,3.11
909819.23,15.8,2.2,178806.32,3.1
909819.23,15.8,2.2,178806.32,3.1
910095.69,15.8,2.21,178782.71,3.1
910095.69,15.8,2.21,178782.71,3.1
909959.73,15.8,2.21,179119.58,3.11
909959.73,15.8,2.21,179119.58,3.11
910011.43,15.81,2.21,179242.69,3.11
910063.12,15.81,2.21,179340.31,3.12
910114.81,15.81,2.22,179463.42,3.12
909978.85,15.81,2.22,179399.23,3.12
909842.89,15.81,2.22,179297.96,3.12
909706.93,15.81,2.22,179296.32,3.12
909706.93,15.81,2.22,179296.32,3.12
909758.62,15.82,2.22,179419.42,3.12
909622.66,15.82,2.22,179355.23,3.12
909806.38,15.82,2.23,179439.86,3.12
909609.76,15.82,2.22,179209.58,3.12
908522.08,15.82,2.23,179205.77,3.12
908386.12,15.82,2.23,179332.02,3.12
908250.16,15.82,2.23,179230.75,3.12
908114.2,15.82,2.23,179229.11,3.12
908165.9,15.83,2.23,179352.21,3.13
908165.9,15.83,2.23,179352.21,3.13
908165.9,15.83,2.23,179352.21,3.13
908029.94,15.83,2.23,179310.02,3.13
907893.98,15.83,2.23,179207.11,3.12
907758.02,15.83,2.23,179207.11,3.12
908026.84,15.83,2.24,179281.59,3.13
907890.88,15.83,2.24,179511.21,3.13
907754.92,15.84,2.24,179491.59,3.13
907618.96,15.84,2.24,179408.3,3.13
907483.0,15.84,2.24,179408.56,3.13
907148.22,15.83,2.24,179071.56,3.13
907199.91,15.83,2.24,179130.21,3.13
907063.95,15.84,2.24,179028.94,3.13
907115.64,15.84,2.24,179211.3,3.13
907065.64,15.84,2.24,179161.3,3.13
906667.65,15.83,2.24,178861.55,3.12
906903.41,15.84,2.24,178838.66,3.12
906955.11,15.84,2.24,179221.06,3.13
906819.15,15.84,2.25,179118.16,3.13
906819.15,15.84,2.25,179118.16,3.13
906683.19,15.84,2.25,179118.16,3.13
906573.19,15.84,2.24,179008.16,3.13
906253.19,15.84,2.24,178688.16,3.12
906304.88,15.84,2.24,178811.26,3.12
906356.57,15.84,2.25,178908.89,3.13
906625.39,15.85,2.25,178983.37,3.13
906489.43,15.85,2.25,179138.71,3.13
906353.47,15.85,2.25,179119.09,3.13
906537.19,15.85,2.26,179349.58,3.14
906247.52,15.85,2.25,179065.8,3.13
905902.73,15.84,2.25,178793.07,3.13
905954.42,15.85,2.25,178916.18,3.13
905664.75,15.84,2.25,178632.39,3.12
905941.21,15.85,2.25,178864.66,3.13
905805.25,15.85,2.25,178864.93,3.13
905669.29,15.85,2.25,178761.76,3.13
905720.98,15.85,2.26,178884.86,3.13
905585.02,15.85,2.26,178820.67,3.13
905449.06,15.85,2.26,178719.4,3.13
905449.06,15.85,2.26,178719.4,3.13
905313.1,15.85,2.26,178717.76,3.13
905177.14,15.85,2.26,178698.15,3.13
905041.18,15.86,2.26,178614.85,3.13
904698.76,15.85,2.25,178408.11,3.13
904882.48,15.86,2.26,178492.75,3.13
904934.17,15.86,2.26,178725.0,3.13
904798.21,15.86,2.26,178725.26,3.13
904849.9,15.86,2.27,178783.91,3.13
904713.94,15.86,2.27,178764.3,3.13
904765.63,15.87,2.27,178842.82,3.14
904629.67,15.87,2.27,178739.91,3.13
904629.67,15.87,2.27,178739.91,3.13
904901.71,15.87,2.28,179147.93,3.14
905137.48,15.88,2.28,179125.04,3.14
905001.52,15.88,2.28,179413.05,3.15
905237.29,15.88,2.29,179390.16,3.15
905506.11,15.89,2.29,180085.77,3.16
905313.92,15.89,2.29,179863.64,3.16
905032.19,15.88,2.29,179585.62,3.15
904742.52,15.88,2.28,179378.67,3.15
904794.21,15.88,2.29,179501.77,3.15
904794.21,15.88,2.29,179501.77,3.15
904794.21,15.88,2.29,179501.77,3.15
905066.25,15.89,2.29,179769.01,3.16
904721.46,15.88,2.29,179386.28,3.15
904773.16,15.89,2.29,179509.38,3.15
904637.2,15.89,2.29,179467.37,3.15
904501.24,15.89,2.29,179447.76,3.15
904501.24,15.89,2.29,179447.76,3.15
904684.95,15.89,2.3,179678.25,3.16
904684.95,15.89,2.3,179678.25,3.16
904548.99,15.89,2.3,179575.34,3.16
904548.99,15.89,2.3,179575.34,3.16
904600.68,15.9,2.3,179759.16,3.16
904464.72,15.9,2.3,179656.25,3.16
904733.55,15.9,2.31,180066.52,3.17
904597.59,15.9,2.31,180032.35,3.17
904439.56,15.9,2.31,179896.08,3.16
904623.28,15.91,2.31,180141.12,3.17
904674.97,15.91,2.31,180264.23,3.17
904858.68,15.91,2.32,180458.01,3.17
904526.95,15.91,2.31,180165.12,3.17
904390.99,15.91,2.31,180165.38,3.17
904574.71,15.92,2.32,180334.3,3.17
904438.75,15.92,2.32,180334.56,3.17
904222.94,15.91,2.32,180148.66,3.17
904274.63,15.92,2.32,180207.31,3.17
904138.67,15.92,2.32,180104.41,3.17
904190.36,15.92,2.32,180288.23,3.17
903845.58,15.91,2.32,179937.96,3.17
903845.58,15.91,2.32,179937.96,3.17
903709.62,15.91,2.32,179986.02,3.17
903573.66,15.92,2.32,179835.05,3.17
903842.48,15.92,2.33,179909.53,3.17
903706.52,15.92,2.33,180064.87,3.17
903758.21,15.93,2.33,180187.98,3.18
903622.25,15.93,2.33,180123.78,3.17
903486.29,15.93,2.33,180124.05,3.18
903486.29,15.93,2.33,180124.05,3.18
903537.99,15.93,2.33,180182.69,3.18
903402.03,15.93,2.33,180079.79,3.18
903112.35,15.93,2.33,179796.0,3.17
902976.39,15.93,2.33,179796.0,3.17
903028.09,15.93,2.33,179919.11,3.17
902781.32,15.93,2.33,179741.18,3.17
902833.02,15.93,2.33,179838.8,3.17
902884.71,15.93,2.34,179961.91,3.18
902612.79,15.93,2.34,179859.0,3.17
902612.79,15.93,2.34,179859.0,3.17
902476.83,15.93,2.34,179816.81,3.17
902340.87,15.93,2.34,179713.9,3.17
902204.91,15.93,2.34,179713.9,3.17
902256.6,15.94,2.34,179837.01,3.18
902525.42,15.94,2.35,180063.0,3.18
902235.75,15.94,2.34,179820.91,3.18
902287.44,15.94,2.35,179944.02,3.18
901952.66,15.94,2.34,179743.56,3.18
901816.7,15.94,2.34,179679.36,3.18
902085.52,15.94,2.35,179753.84,3.18
902269.24,15.95,2.35,180128.91,3.18
902269.24,15.95,2.35,180128.91,3.18
902320.93,15.95,2.36,180252.01,3.19
901976.14,15.95,2.35,180071.43,3.18
902244.97,15.95,2.36,180297.43,3.19
902109.01,15.95,2.36,180263.26,3.19
901973.05,15.95,2.36,180194.52,3.19
901973.05,15.95,2.36,180194.52,3.19
901973.05,15.95,2.36,180194.52,3.19
902024.74,15.96,2.36,180317.62,3.19
902208.45,15.96,2.37,180511.4,3.19
902072.49,15.96,2.37,180477.24,3.19
901936.53,15.96,2.37,180408.5,3.19
901988.23,15.97,2.37,180531.6,3.2
901643.44,15.96,2.37,180321.46,3.19
901507.48,15.96,2.37,180257.27,3.19
901559.17,15.97,2.37,180380.38,3.19
901423.21,15.97,2.37,180316.18,3.19
901287.25,15.97,2.37,180213.28,3.19
901151.29,15.97,2.37,180213.28,3.19
900861.62,15.96,2.37,179931.4,3.19
901045.33,15.97,2.37,180016.03,3.19
901317.37,15.97,2.38,180570.94,3.2
901553.14,15.98,2.38,180548.05,3.2
901417.18,15.98,2.38,180836.06,3.21
901281.22,15.98,2.38,180816.45,3.21
901281.22,15.98,2.38,180816.45,3.21
901281.22,15.98,2.38,180816.45,3.21
901281.22,15.98,2.38,180816.45,3.21
901145.26,15.98,2.39,180733.16,3.21
901414.08,15.99,2.39,180807.64,3.21
901069.3,15.98,2.39,180630.25,3.2
900933.34,15.98,2.39,180690.25,3.21
901202.16,15.99,2.39,180764.73,3.21
900857.38,15.98,2.39,180587.34,3.2
900909.07,15.99,2.39,180829.21,3.21
900909.07,15.99,2.39,180829.21,3.21
901177.9,15.99,2.4,180903.69,3.21
901069.87,15.99,2.4,180798.89,3.21
900933.91,15.99,2.4,180954.23,3.21
900985.61,16.0,2.4,181077.34,3.21
900849.65,16.0,2.4,181013.14,3.21
900713.69,16.0,2.4,180910.24,3.21
900577.73,16.0,2.4,180910.24,3.21
900441.77,16.0,2.4,180910.5,3.21
900305.81,16.0,2.4,180807.33,3.21
900305.81,16.0,2.4,180807.33,3.21
900305.81,16.0,2.4,180807.33,3.21
899961.02,15.99,2.4,180534.6,3.21
900229.85,16.0,2.4,180609.08,3.21
900413.56,16.0,2.41,180984.15,3.22
900277.6,16.0,2.41,180964.53,3.22
900461.31,16.01,2.41,181195.15,3.22
900461.31,16.01,2.41,181195.15,3.22
900171.64,16.01,2.41,180911.37,3.22
900035.68,16.01,2.41,180808.46,3.22
899899.72,16.01,2.41,180808.46,3.22
899951.41,16.01,2.41,180705.55,3.21
900003.1,16.01,2.42,181074.76,3.22
899867.14,16.01,2.42,180971.85,3.22
899651.34,16.01,2.41,180785.96,3.22
899515.38,16.01,2.41,180785.96,3.22
899379.42,16.01,2.41,180751.79,3.22
899431.11,16.01,2.42,180844.87,3.22
899141.44,16.01,2.41,180727.68,3.22
899005.48,16.01,2.41,180624.77,3.22
899189.19,16.02,2.42,180938.55,3.22
899053.23,16.02,2.42,180837.28,3.22
898937.24,16.01,2.42,180674.83,3.22
899120.96,16.02,2.42,180988.63,3.22
898985.0,16.02,2.42,180988.89,3.23
899253.82,16.03,2.43,181218.45,3.23
898909.04,16.02,2.43,180945.72,3.23
899177.86,16.03,2.43,181020.2,3.23
899041.9,16.03,2.43,181175.54,3.23
898707.12,16.02,2.43,180912.82,3.23
898758.81,16.03,2.43,180809.91,3.22
898622.85,16.03,2.43,180993.73,3.23
898486.89,16.03,2.43,180974.12,3.23
898350.93,16.03,2.43,180890.82,3.23
898627.39,16.03,2.44,180867.22,3.23
898491.43,16.03,2.44,181204.09,3.23
898491.43,16.03,2.44,181204.09,3.23
898355.47,16.03,2.44,181102.82,3.23
898539.19,16.04,2.44,181416.62,3.24
898403.23,16.04,2.44,181315.35,3.24
898060.8,16.04,2.44,180969.17,3.23
897924.84,16.04,2.44,180967.53,3.23
897776.04,16.03,2.44,180864.72,3.23
897776.04,16.03,2.44,180864.72,3.23
898044.87,16.04,2.44,180939.2,3.23
897908.91,16.04,2.44,181094.54,3.24
897772.95,16.04,2.45,181138.62,3.24
897615.3,16.04,2.44,180984.8,3.23
897479.34,16.04,2.44,180837.81,3.23
897343.38,16.04,2.44,180818.2,3.23
897207.42,16.04,2.44,180734.91,3.23
897259.11,16.04,2.45,180858.01,3.23
897259.11,16.04,2.45,180858.01,3.23
897123.15,16.04,2.45,180793.82,3.23
897123.15,16.04,2.45,180793.82,3.23
896987.19,16.04,2.45,180774.2,3.23
896642.41,16.04,2.44,180501.48,3.23
896694.1,16.04,2.45,180580.0,3.23
896558.14,16.04,2.45,180545.84,3.23
896609.83,16.05,2.45,180638.91,3.23
896793.54,16.05,2.46,180723.55,3.23
896657.58,16.05,2.46,180849.79,3.24
896367.91,16.05,2.45,180566.01,3.23
896367.91,16.05,2.45,180566.01,3.23
896419.6,16.05,2.45,180689.11,3.24
895419.6,16.04,2.44,179689.11,3.22
895283.64,16.04,2.44,179647.1,3.22
895335.33,16.04,2.44,179770.21,3.22
895199.37,16.04,2.44,179706.01,3.22
895251.07,16.04,2.45,179829.12,3.22
895519.89,16.05,2.45,180055.11,3.23
895185.11,16.04,2.45,179854.65,3.22
895453.93,16.05,2.45,179929.13,3.23
895109.15,16.05,2.45,179751.74,3.22
895109.15,16.05,2.45,179751.74,3.22
895109.15,16.05,2.45,179751.74,3.22
895160.84,16.05,2.45,179993.61,3.23
895344.55,16.05,2.46,180078.24,3.23
895208.59,16.05,2.46,180162.79,3.23
895477.42,16.06,2.47,180237.27,3.23
895341.46,16.06,2.47,180466.88,3.24
895205.5,16.06,2.47,180447.27,3.24
895257.19,16.07,2.47,180525.79,3.24
895121.23,16.07,2.47,180422.89,3.24
895172.92,16.07,2.47,180606.71,3.24
895036.96,16.07,2.47,180587.09,3.24
895036.96,16.07,2.47,180587.09,3.24
894901.0,16.07,2.47,180503.8,3.24
894952.69,16.07,2.48,180626.9,3.24
894816.73,16.07,2.48,180562.71,3.24
894680.77,16.07,2.48,180459.8,3.24
894483.39,16.07,2.48,180231.66,3.24
894347.43,16.07,2.48,180231.66,3.24
894347.43,16.07,2.48,180231.66,3.24
894399.12,16.08,2.48,180354.76,3.24
894263.16,16.08,2.48,180290.57,3.24
894314.86,16.08,2.48,180413.67,3.24
894178.9,16.08,2.48,180349.48,3.24
894042.94,16.08,2.48,180349.74,3.24
894319.4,16.09,2.49,180662.75,3.25
894371.09,16.09,2.49,180785.85,3.25
894554.8,16.09,2.5,180979.63,3.26
894606.5,16.1,2.5,181102.74,3.26
894790.21,16.1,2.51,181296.52,3.26
894470.21,16.1,2.5,180976.52,3.26
894334.25,16.1,2.5,180873.61,3.26
894198.29,16.1,2.5,180873.61,3.26
894062.33,16.1,2.5,180853.99,3.26
893926.37,16.1,2.5,180770.7,3.26
893583.95,16.1,2.5,180424.52,3.25
893852.77,16.1,2.51,180499.0,3.25
893852.77,16.1,2.51,180499.0,3.25
893904.46,16.1,2.51,180773.62,3.26
893559.68,16.1,2.5,180563.49,3.25
893611.37,16.1,2.51,180686.59,3.26
893311.7,16.1,2.5,180392.81,3.25
893175.74,16.1,2.5,180350.62,3.25
893039.78,16.1,2.5,180350.88,3.25
892903.82,16.1,2.5,180247.71,3.25
892955.51,16.1,2.51,180370.81,3.25
892819.55,16.1,2.51,180328.62,3.25
893003.26,16.11,2.51,180413.25,3.25
892867.3,16.11,2.51,180497.8,3.26
893136.13,16.12,2.52,180572.28,3.26
893187.82,16.12,2.52,180846.9,3.26
892972.01,16.12,2.52,180661.0,3.26
892782.34,16.11,2.52,180518.91,3.26
892646.38,16.11,2.52,180499.3,3.26
892510.42,16.11,2.52,180416.01,3.26
892562.11,16.12,2.52,180539.11,3.26
892797.88,16.12,2.53,180775.52,3.26
892661.92,16.12,2.53,180755.9,3.26
892525.96,16.12,2.53,180672.61,3.26
892390.0,16.12,2.53,180569.7,3.26
892390.0,16.12,2.53,180569.7,3.26
892254.04,16.12,2.53,180569.7,3.26
892118.08,16.13,2.53,180569.96,3.26
891982.12,16.13,2.53,180466.79,3.26
891637.34,16.12,2.52,180256.66,3.26
891501.38,16.12,2.53,180256.92,3.26
891211.7,16.12,2.52,180014.83,3.26
891480.53,16.12,2.53,180244.39,3.26
891532.22,16.13,2.53,180367.49,3.26
891532.22,16.13,2.53,180367.49,3.26
891187.44,16.12,2.53,180094.77,3.26
891371.15,16.13,2.53,180288.55,3.26
891235.19,16.13,2.53,180185.64,3.26
891099.23,16.13,2.53,180185.64,3.26
890963.27,16.13,2.53,180082.73,3.26
891014.96,16.13,2.54,180266.55,3.26
890815.29,16.13,2.53,180072.64,3.26
891084.11,16.13,2.54,180147.12,3.26
891084.11,16.13,2.54,180147.12,3.26
891084.11,16.13,2.54,180147.12,3.26
890739.33,16.13,2.53,179969.73,3.26
890603.37,16.13,2.53,180029.73,3.26
890872.19,16.14,2.54,180104.21,3.26
890923.89,16.14,2.54,180378.83,3.27
890787.93,16.14,2.54,180275.92,3.27
890839.62,16.14,2.55,180459.74,3.27
890703.66,16.14,2.55,180358.47,3.27
890567.7,16.14,2.55,180356.84,3.27
890222.91,16.14,2.54,180146.7,3.27
890499.38,16.15,2.55,180123.09,3.27
890551.07,16.15,2.55,180502.08,3.27
890218.65,16.14,2.55,180305.01,3.27
890082.69,16.15,2.55,180202.1,3.27
889538.85,16.15,2.55,180202.1,3.27
889402.89,16.15,2.55,180202.1,3.27
889402.89,16.15,2.55,180202.1,3.27
889266.93,16.15,2.55,180182.49,3.27
889318.62,16.15,2.56,180261.02,3.27
889028.95,16.15,2.55,179975.58,3.27
889028.95,16.15,2.55,179975.58,3.27
889297.77,16.15,2.56,180050.06,3.27
889297.77,16.15,2.56,180050.06,3.27
888952.99,16.15,2.55,179872.67,3.27
889225.02,16.15,2.56,180338.93,3.28
889089.06,16.16,2.56,180339.19,3.28
888761.07,16.15,2.55,180012.94,3.27
888761.07,16.15,2.55,180012.94,3.27
888625.11,16.15,2.55,179909.77,3.27
888901.57,16.16,2.56,179886.16,3.27
889173.6,16.16,2.57,180627.77,3.28
889357.32,16.17,2.57,180712.4,3.29
889221.36,16.17,2.57,180796.95,3.29
889085.4,16.17,2.57,180797.21,3.29
888949.44,16.17,2.57,180694.04,3.29
888813.48,16.17,2.58,180694.3,3.29
888677.52,16.17,2.58,180591.13,3.29
888729.21,16.17,2.58,180714.24,3.29
888529.54,16.17,2.58,180562.15,3.29
888393.58,16.17,2.58,180497.96,3.29
888445.27,16.18,2.58,180621.06,3.29
888496.96,16.18,2.58,180718.69,3.29
888361.0,16.18,2.58,180699.07,3.29
888412.69,16.18,2.59,180777.6,3.29
888070.27,16.18,2.58,180391.3,3.29
888339.09,16.18,2.59,180465.78,3.29
888146.91,16.18,2.59,180310.62,3.29
888198.6,16.18,2.59,180585.24,3.29
888250.29,16.19,2.59,180708.34,3.29
888050.62,16.19,2.59,180512.91,3.29
888102.31,16.19,2.59,180610.53,3.29
888102.31,16.19,2.59,180610.53,3.29
888102.31,16.19,2.59,180610.53,3.29
887757.53,16.18,2.59,180400.4,3.29
887757.53,16.18,2.59,180400.4,3.29
887621.57,16.18,2.59,180400.66,3.29
887485.61,16.18,2.59,180297.49,3.29
887349.65,16.18,2.59,180277.88,3.29
887349.65,16.18,2.59,180277.88,3.29
887618.47,16.19,2.6,180527.31,3.29
887502.48,16.19,2.59,180478.76,3.29
887366.53,16.19,2.59,180375.86,3.29
887230.57,16.19,2.59,180375.86,3.29
887094.61,16.19,2.6,180356.24,3.29
887363.43,16.2,2.6,180605.67,3.3
887227.47,16.2,2.6,180605.94,3.3
886892.69,16.19,2.6,180343.21,3.29
887169.15,16.2,2.6,180656.22,3.3
887220.84,16.2,2.61,180779.32,3.3
887220.84,16.2,2.61,180779.32,3.3
887084.88,16.2,2.61,180715.13,3.3
886752.46,16.2,2.6,180378.95,3.3
886804.15,16.2,2.61,180502.06,3.3
886668.19,16.2,2.61,180459.87,3.3
886668.19,16.2,2.61,180459.87,3.3
886719.88,16.21,2.61,180582.97,3.3
886583.92,16.21,2.61,180540.96,3.3
886447.96,16.21,2.61,180521.35,3.3
886229.16,16.2,2.61,180307.16,3.3
886280.85,16.21,2.61,180385.69,3.3
886144.9,16.21,2.61,180366.08,3.3
886196.59,16.21,2.61,180444.6,3.3
886465.41,16.22,2.62,180519.08,3.3
886329.45,16.22,2.62,180674.42,3.31
886329.45,16.22,2.62,180674.42,3.31
885994.67,16.21,2.62,180411.69,3.3
886263.49,16.22,2.62,180486.17,3.3
886127.53,16.22,2.62,180641.51,3.31
886179.22,16.22,2.63,180764.62,3.31
886179.22,16.22,2.63,180764.62,3.31
885834.44,16.22,2.62,180491.89,3.3
886103.26,16.22,2.63,180717.88,3.31
885967.3,16.22,2.63,180614.98,3.31
886151.02,16.23,2.63,180928.76,3.31
885806.23,16.23,2.63,180718.62,3.31
885857.92,16.23,2.63,180841.73,3.31
885721.96,16.23,2.63,180777.53,3.31
885721.96,16.23,2.63,180777.53,3.31
884634.29,16.23,2.64,180777.34,3.32
884634.29,16.23,2.64,180777.34,3.32
884344.61,16.23,2.63,180493.56,3.31
884208.65,16.23,2.63,180473.94,3.31
884072.69,16.23,2.63,180390.65,3.31
884124.39,16.23,2.64,180513.75,3.31
884400.85,16.24,2.64,180746.03,3.32
884201.17,16.24,2.64,180627.41,3.32
884065.21,16.24,2.64,180593.24,3.32
883907.81,16.23,2.64,180464.39,3.31
883771.85,16.23,2.64,180395.65,3.31
883635.89,16.24,2.64,180395.91,3.31
883293.47,16.23,2.63,180189.17,3.31
883345.16,16.23,2.64,180247.82,3.31
883209.2,16.23,2.64,180248.08,3.31
883478.02,16.24,2.64,180477.64,3.32
883529.72,16.24,2.65,180600.74,3.32
883393.76,16.24,2.65,180558.73,3.32
883445.45,16.25,2.65,180681.84,3.32
883309.49,16.25,2.65,180639.64,3.32
883173.53,16.25,2.65,180639.91,3.32
882838.74,16.24,2.65,180377.18,3.32
882890.44,16.25,2.65,180435.83,3.32
882754.48,16.25,2.65,180416.22,3.32
882806.17,16.25,2.66,180494.74,3.32
882670.21,16.25,2.66,180475.13,3.32
882534.25,16.25,2.66,180391.83,3.32
882398.29,16.25,2.66,180288.93,3.32
882240.64,16.25,2.65,180135.11,3.32
882292.33,16.25,2.66,180318.93,3.32
882156.37,16.25,2.66,180216.02,3.32
882020.41,16.25,2.66,180216.02,3.32
882289.23,16.26,2.67,180290.5,3.32
882289.23,16.26,2.67,180290.5,3.32
882153.27,16.26,2.67,180520.11,3.33
882017.31,16.26,2.67,180417.2,3.33
881901.33,16.26,2.66,180258.21,3.32
880901.33,16.25,2.65,179258.21,3.31
880953.02,16.25,2.65,179442.03,3.31
881004.71,16.25,2.66,179565.14,3.31
881056.4,16.26,2.66,179662.77,3.31
880920.44,16.26,2.66,179643.15,3.31
881189.27,16.26,2.67,179892.58,3.32
880991.89,16.26,2.66,179763.03,3.32
881043.58,16.26,2.67,179886.13,3.32
881043.58,16.26,2.67,179886.13,3.32
881043.58,16.26,2.67,179886.13,3.32
880907.62,16.26,2.67,179821.94,3.32
880907.62,16.26,2.67,179821.94,3.32
880907.62,16.26,2.67,179821.94,3.32
880959.31,16.27,2.67,179945.04,3.32
880823.35,16.27,2.67,179880.85,3.32
880687.39,16.27,2.67,179861.24,3.32
880551.43,16.27,2.67,179777.94,3.32
880415.47,16.27,2.67,179676.67,3.32
880415.47,16.27,2.67,179676.67,3.32
880684.3,16.28,2.68,180083.36,3.33
880684.3,16.28,2.68,180083.36,3.33
880684.3,16.28,2.68,180083.36,3.33
880394.62,16.27,2.67,179876.41,3.32
880446.32,16.27,2.68,179999.51,3.33
880310.36,16.27,2.68,179957.32,3.33
880161.56,16.27,2.68,179849.31,3.33
880161.56,16.27,2.68,179849.31,3.33
880213.25,16.28,2.68,179746.4,3.32
879931.52,16.27,2.68,179468.38,3.32
879931.52,16.27,2.68,179468.38,3.32
879586.74,16.27,2.67,179120.06,3.31
879586.74,16.27,2.67,179120.06,3.31
879450.78,16.27,2.67,179304.0,3.32
879314.82,16.27,2.67,179201.09,3.32
879178.86,16.27,2.67,179201.09,3.32
878889.18,16.26,2.67,178994.14,3.31
878753.22,16.26,2.67,178891.24,3.31
878617.26,16.26,2.67,178891.24,3.31
878481.3,16.27,2.67,178857.07,3.31
878345.34,16.27,2.67,178788.33,3.31
878397.04,16.27,2.67,178911.43,3.31
878448.73,16.27,2.68,179009.06,3.32
878312.77,16.27,2.68,178974.89,3.32
878312.77,16.27,2.68,178974.89,3.32
878096.96,16.27,2.67,178765.44,3.31
877961.0,16.27,2.67,178696.7,3.31
877961.0,16.27,2.67,178696.7,3.31
878012.69,16.27,2.68,178819.81,3.31
877876.73,16.27,2.68,178755.61,3.31
877740.77,16.27,2.68,178652.71,3.31
877604.81,16.27,2.68,178652.71,3.31
877604.81,16.27,2.68,178652.71,3.31
877656.5,16.28,2.68,178775.81,3.32
877520.54,16.28,2.68,178725.29,3.32
877384.58,16.28,2.68,178725.55,3.32
877436.28,16.28,2.69,178784.2,3.32
877146.6,16.28,2.68,178577.25,3.31
877010.64,16.28,2.68,178557.64,3.31
877062.34,16.28,2.69,178636.16,3.32
876926.38,16.28,2.69,178533.25,3.31
876790.42,16.28,2.69,178533.25,3.32
877026.19,16.29,2.69,178510.36,3.32
876890.23,16.29,2.69,178798.48,3.32
876754.27,16.29,2.69,178798.74,3.32
876990.03,16.3,2.7,179063.7,3.33
877041.73,16.3,2.7,179186.81,3.33
876905.77,16.3,2.7,179144.61,3.33
876957.46,16.3,2.71,179267.72,3.33
875869.78,16.31,2.71,179267.52,3.34
876053.49,16.31,2.72,179461.3,3.34
876322.32,16.32,2.72,179535.78,3.34
876186.36,16.32,2.72,179691.12,3.35
876238.05,16.32,2.73,179814.23,3.35
876102.09,16.32,2.73,179772.03,3.35
875966.13,16.32,2.73,179669.13,3.35
875631.35,16.32,2.72,179406.4,3.34
875683.04,16.32,2.73,179590.22,3.35
875401.31,16.32,2.72,179312.09,3.34
875670.13,16.33,2.73,179386.57,3.34
875721.82,16.33,2.73,179661.19,3.35
875773.52,16.33,2.74,179784.29,3.35
875637.56,16.33,2.74,179720.1,3.35
875637.56,16.33,2.74,179720.1,3.35
875821.27,16.34,2.74,179804.73,3.35
875539.54,16.33,2.74,179526.6,3.35
875403.58,16.33,2.74,179611.15,3.35
875267.62,16.33,2.74,179591.53,3.35
874977.95,16.33,2.73,179349.45,3.35
875029.64,16.33,2.74,179427.97,3.35
875081.33,16.34,2.74,179551.08,3.35
875133.02,16.34,2.74,179648.7,3.35
875184.71,16.34,2.75,179771.81,3.36
874839.93,16.34,2.74,179561.67,3.35
874703.97,16.34,2.74,179519.48,3.35
874972.8,16.35,2.75,179593.96,3.36
874836.84,16.35,2.75,179749.3,3.36
874700.88,16.35,2.75,179749.56,3.36
874700.88,16.35,2.75,179749.56,3.36
874752.57,16.35,2.75,179808.21,3.36
874407.78,16.35,2.75,179535.48,3.36
874407.78,16.35,2.75,179535.48,3.36
874676.61,16.35,2.76,179609.96,3.36
874540.65,16.35,2.76,179765.3,3.36
874205.86,16.35,2.75,179502.58,3.36
874069.9,16.35,2.75,179399.67,3.36
873933.94,16.35,2.75,179399.67,3.36
873797.98,16.35,2.75,179296.76,3.35
873662.02,16.35,2.75,179296.76,3.36
873526.06,16.35,2.75,179277.15,3.36
873526.06,16.35,2.75,179277.15,3.36
873526.06,16.35,2.75,179277.15,3.36
873794.89,16.36,2.76,179526.58,3.36
872794.89,16.34,2.75,178526.58,3.34
872450.1,16.34,2.74,178253.85,3.34
872234.3,16.33,2.74,178067.96,3.33
872098.34,16.33,2.74,177965.05,3.33
872098.34,16.33,2.74,177965.05,3.33
871808.66,16.33,2.73,177758.1,3.33
871992.38,16.33,2.74,178071.89,3.34
871856.42,16.33,2.74,178072.15,3.34
871856.42,16.33,2.74,178072.15,3.34
871720.46,16.34,2.74,177968.98,3.33
871584.5,16.34,2.74,178013.05,3.34
871636.19,16.34,2.74,178041.56,3.34
871316.19,16.33,2.74,177721.56,3.33
870228.51,16.34,2.74,177721.36,3.34
870280.2,16.34,2.75,177844.47,3.34
870331.89,16.35,2.75,177942.09,3.34
870383.59,16.35,2.75,178065.2,3.34
870383.59,16.35,2.75,178065.2,3.34
870383.59,16.35,2.75,178065.2,3.34
870383.59,16.35,2.75,178065.2,3.34
870247.63,16.35,2.75,178001.01,3.34
870047.95,16.35,2.75,177807.22,3.34
869911.99,16.35,2.75,177787.61,3.34
869776.03,16.35,2.75,177704.32,3.34
868688.35,16.35,2.76,177704.12,3.34
868740.05,16.35,2.76,177827.23,3.35
868604.09,16.36,2.76,177763.03,3.35
868404.41,16.35,2.76,177644.41,3.35
868268.45,16.35,2.76,177541.51,3.34
868132.49,16.35,2.76,177541.51,3.34
868408.96,16.36,2.76,177764.54,3.35
868273.0,16.36,2.76,177777.6,3.35
868324.69,16.36,2.77,177900.71,3.35
868188.73,16.36,2.77,177836.51,3.35
868052.77,16.37,2.77,177733.61,3.35
868104.46,16.37,2.77,177917.43,3.35
867016.78,16.37,2.78,177917.23,3.36
866880.82,16.37,2.78,177917.5,3.36
866880.82,16.37,2.78,177917.5,3.36
866744.86,16.37,2.78,177814.32,3.36
866796.55,16.38,2.78,177937.43,3.36
866848.25,16.38,2.78,178035.06,3.36
866712.29,16.38,2.79,178035.32,3.36
866576.33,16.38,2.79,177932.15,3.36
866628.02,16.39,2.79,178055.25,3.37
866492.06,16.39,2.79,177991.06,3.37
866356.1,16.39,2.79,177971.45,3.37
866159.48,16.38,2.79,177843.61,3.36
865869.81,16.38,2.78,177471.1,3.36
866105.58,16.39,2.79,177756.36,3.36
865889.77,16.38,2.79,177545.19,3.36
865753.81,16.38,2.79,177545.46,3.36
865617.85,16.38,2.79,177442.29,3.36
865481.89,16.38,2.79,177339.38,3.36
865758.35,16.39,2.79,177755.55,3.37
865942.07,16.4,2.8,177840.19,3.37
865614.07,16.39,2.79,177580.25,3.36
865281.65,16.39,2.79,177244.08,3.36
865333.34,16.39,2.79,177553.89,3.36
865333.34,16.39,2.79,177553.89,3.36
865385.03,16.39,2.8,177676.99,3.37
865191.08,16.39,2.79,177461.74,3.36
865191.08,16.39,2.79,177461.74,3.36
865191.08,16.39,2.79,177461.74,3.36
865191.08,16.39,2.79,177461.74,3.36
865055.12,16.39,2.79,177419.54,3.36
864919.16,16.39,2.79,177399.93,3.36
865187.99,16.4,2.8,177649.36,3.37
864898.31,16.39,2.8,177339.38,3.36
864762.35,16.39,2.8,177305.21,3.36
864814.04,16.4,2.8,177420.65,3.36
864865.74,16.4,2.8,177543.76,3.37
864917.43,16.4,2.81,177641.38,3.37
864969.12,16.41,2.81,177764.49,3.37
864811.47,16.4,2.81,177612.62,3.37
864675.51,16.41,2.81,177548.42,3.37
864539.55,16.41,2.81,177528.81,3.37
864403.59,16.41,2.81,177445.52,3.37
864267.63,16.41,2.81,177425.9,3.37
864131.67,16.41,2.81,177342.61,3.37
863995.71,16.41,2.81,177323.0,3.37
863650.92,16.4,2.81,177050.27,3.36
863514.96,16.4,2.81,176966.98,3.36
863514.96,16.4,2.81,176966.98,3.36
863233.24,16.4,2.8,176776.46,3.36
863233.24,16.4,2.8,176776.46,3.36
862951.51,16.39,2.8,176585.94,3.35
863220.33,16.4,2.81,176660.41,3.36
863084.37,16.4,2.81,176815.75,3.36
862886.99,16.4,2.8,176686.2,3.36
863155.82,16.41,2.81,176760.68,3.36
863019.86,16.41,2.81,176916.02,3.36
862675.07,16.4,2.81,176643.29,3.36
862943.9,16.41,2.81,176717.77,3.36
862995.59,16.41,2.82,176992.39,3.37
862859.63,16.41,2.82,176972.77,3.37
862749.63,16.41,2.81,176862.77,3.36
861661.95,16.41,2.82,176862.58,3.37
861713.64,16.42,2.82,176941.1,3.37
861577.68,16.42,2.82,176838.2,3.37
861577.68,16.42,2.82,176838.2,3.37
861441.72,16.42,2.82,176838.2,3.37
861493.41,16.42,2.83,176961.3,3.37
861545.1,16.43,2.83,177058.93,3.38
861409.15,16.43,2.83,176956.02,3.37
861460.84,16.43,2.83,177139.84,3.38
861324.88,16.43,2.83,177140.1,3.38
860990.09,16.43,2.83,176939.64,3.38
861225.86,16.43,2.84,177204.6,3.38
861089.9,16.43,2.84,177101.69,3.38
860953.94,16.43,2.84,177101.69,3.38
861222.77,16.44,2.84,177176.17,3.38
861222.77,16.44,2.84,177176.17,3.38
861086.81,16.44,2.84,177331.51,3.39
860950.85,16.44,2.84,177331.78,3.39
860814.89,16.44,2.85,177228.61,3.39
860814.89,16.44,2.85,177228.61,3.39
860678.93,16.44,2.85,177125.7,3.38
860542.97,16.44,2.85,177125.7,3.38
860815.0,16.45,2.85,177108.14,3.38
860617.62,16.45,2.85,176978.59,3.38
860617.62,16.45,2.85,176978.59,3.38
860669.32,16.45,2.85,177386.48,3.39
860533.36,16.45,2.85,177386.74,3.39
860585.05,16.45,2.86,177445.39,3.39
860303.32,16.45,2.85,177167.26,3.39
860167.36,16.45,2.85,177064.35,3.39
860009.95,16.45,2.85,176911.18,3.38
860061.65,16.45,2.86,177095.0,3.39
860061.65,16.45,2.86,177095.0,3.39
860330.47,16.46,2.86,177169.48,3.39
860194.51,16.46,2.86,177324.82,3.39
860194.51,16.46,2.86,177324.82,3.39
860246.2,16.46,2.87,177447.93,3.4
859911.42,16.46,2.86,177185.2,3.39
859633.42,16.45,2.86,177002.89,3.39
859685.11,16.46,2.86,177100.51,3.39
859491.16,16.45,2.86,176997.56,3.39
859163.16,16.45,2.85,176765.53,3.38
859497.7,16.46,2.86,176818.89,3.39
859356.01,16.45,2.86,176662.62,3.38
859220.05,16.45,2.86,176942.48,3.39
859084.09,16.46,2.86,176839.58,3.39
858948.13,16.46,2.86,176839.58,3.39
858812.17,16.46,2.86,176736.67,3.39
858676.21,16.46,2.86,176736.67,3.39
859004.05,16.46,2.87,176633.76,3.39
858805.25,16.46,2.87,176483.9,3.38
858669.29,16.46,2.87,176961.81,3.39
858503.91,16.46,2.86,176740.18,3.39
858772.74,16.47,2.87,176814.66,3.39
858636.78,16.47,2.87,176970.0,3.39
858500.82,16.47,2.87,176970.26,3.39
858500.82,16.47,2.87,176970.26,3.39
858364.86,16.47,2.87,176867.09,3.39
858167.48,16.47,2.87,176737.53,3.39
858436.3,16.47,2.88,176812.01,3.39
858300.34,16.47,2.88,177042.95,3.4
858102.96,16.47,2.87,176820.6,3.39
858154.65,16.47,2.88,176943.71,3.4
858338.37,16.48,2.88,177137.49,3.4
858202.41,16.48,2.88,177034.58,3.4
858254.1,16.48,2.89,177218.4,3.4
858522.92,16.49,2.89,177292.88,3.41
858386.96,16.49,2.89,177448.22,3.41
857386.96,16.47,2.88,176448.22,3.39
857570.68,16.48,2.88,176532.85,3.39
857806.45,16.49,2.89,177049.71,3.4
857670.49,16.49,2.89,176946.8,3.4
857670.49,16.49,2.89,176946.8,3.4
857670.49,16.49,2.89,176946.8,3.4
857335.7,16.48,2.89,176684.07,3.4
857387.39,16.48,2.89,176845.89,3.4
857251.43,16.49,2.89,176826.28,3.4
857435.15,16.49,2.9,177056.77,3.41
857618.86,16.5,2.9,177141.4,3.41
857887.68,16.5,2.91,177506.31,3.41
857552.9,16.5,2.9,177337.24,3.41
857263.23,16.49,2.9,177053.86,3.41
857127.27,16.49,2.9,176950.95,3.41
856991.31,16.49,2.9,176950.95,3.41
857260.13,16.5,2.91,177025.43,3.41
857260.13,16.5,2.91,177025.43,3.41
857311.82,16.51,2.91,177300.05,3.41
857175.86,16.51,2.91,177280.44,3.41
857039.9,16.51,2.91,177197.14,3.41
857039.9,16.51,2.91,177197.14,3.41
857091.6,16.51,2.91,177320.25,3.42
856955.64,16.51,2.91,177256.05,3.42
856819.68,16.51,2.92,177153.15,3.41
857096.14,16.52,2.92,177569.35,3.42
856960.18,16.52,2.92,177569.62,3.42
857011.87,16.52,2.93,177628.27,3.42
856875.91,16.52,2.93,177608.65,3.42
856875.91,16.52,2.93,177608.65,3.42
856927.6,16.53,2.93,177687.18,3.43
857199.64,16.53,2.94,177669.62,3.43
857063.68,16.53,2.94,177993.19,3.43
857115.37,16.54,2.94,178116.29,3.44
856772.95,16.53,2.94,177770.09,3.43
856636.99,16.53,2.94,177705.89,3.43
856292.2,16.53,2.93,177495.76,3.43
856568.66,16.53,2.94,177472.15,3.43
856432.71,16.53,2.94,177809.04,3.43
856296.75,16.54,2.94,177706.14,3.43
856160.79,16.54,2.94,177706.14,3.43
856024.83,16.54,2.94,177750.18,3.43
855752.91,16.54,2.94,177647.27,3.43
855804.6,16.54,2.95,177682.16,3.43
855668.64,16.54,2.95,177682.43,3.43
855532.68,16.54,2.95,177579.26,3.43
855396.72,16.54,2.95,177476.35,3.43
855580.43,16.55,2.95,177790.13,3.44
855580.43,16.55,2.95,177790.13,3.44
855444.47,16.55,2.95,177687.22,3.44
855496.16,16.55,2.96,177871.04,3.44
855360.2,16.55,2.96,177768.14,3.44
855224.24,16.55,2.96,177768.14,3.44
855496.28,16.56,2.97,177750.58,3.44
855360.32,16.56,2.97,178073.25,3.45
855017.9,16.56,2.96,177727.05,3.44
855017.9,16.56,2.96,177727.05,3.44
854881.94,16.56,2.96,177707.44,3.44
854749.92,16.56,2.96,177555.48,3.44
854749.92,16.56,2.96,177555.48,3.44
854801.61,16.56,2.96,177634.0,3.44
854511.94,16.55,2.96,177350.22,3.44
854233.94,16.55,2.95,177072.2,3.43
854097.98,16.55,2.95,177072.46,3.43
853962.02,16.55,2.95,176969.29,3.43
854230.84,16.56,2.96,177043.77,3.43
854230.84,16.56,2.96,177043.77,3.43
854230.84,16.56,2.96,177043.77,3.43
854282.54,16.56,2.97,177318.39,3.44
853937.75,16.56,2.96,177108.25,3.43
853801.79,16.56,2.96,177005.35,3.43
853801.79,16.56,2.96,177005.35,3.43
853665.83,16.56,2.96,177005.35,3.43
853529.87,16.56,2.96,176985.73,3.43
853798.7,16.56,2.97,177235.16,3.44
853641.05,16.56,2.97,177103.34,3.44
853692.74,16.57,2.97,177226.45,3.44
853556.78,16.57,2.97,177162.26,3.44
853211.99,16.56,2.96,176889.53,3.43
853076.03,16.56,2.97,176869.92,3.43
852940.07,16.56,2.97,176786.62,3.43
852804.11,16.56,2.97,176767.01,3.43
852855.81,16.57,2.97,176845.53,3.44
853039.52,16.57,2.98,176930.17,3.44
853091.21,16.58,2.98,177162.42,3.44
853360.03,16.58,2.99,177236.9,3.44
853411.73,16.59,2.99,177511.52,3.45
853275.77,16.59,2.99,177511.78,3.45
853327.46,16.59,2.99,177570.43,3.45
853327.46,16.59,2.99,177570.43,3.45
853327.46,16.59,2.99,177570.43,3.45
853109.03,16.59,2.99,177394.15,3.45
853160.72,16.59,2.99,177517.25,3.45
853344.44,16.6,3.0,177711.03,3.46
852999.65,16.59,2.99,177500.9,3.45
852863.69,16.59,3.0,177481.28,3.45
852863.69,16.59,3.0,177481.28,3.45
852915.39,16.59,3.0,177559.81,3.45
852779.43,16.6,3.0,177560.07,3.46
852643.47,16.6,3.0,177456.9,3.45
852912.29,16.6,3.01,177531.38,3.46
852912.29,16.6,3.01,177531.38,3.46
852622.62,16.6,3.0,177324.43,3.45
852332.94,16.59,3.0,177117.49,3.45
852332.94,16.59,3.0,177117.49,3.45
852196.98,16.59,3.0,177272.83,3.45
852061.02,16.59,3.0,177238.66,3.45
851945.04,16.59,3.0,177190.11,3.45
851736.24,16.59,2.99,176985.93,3.45
851787.93,16.59,3.0,177079.01,3.45
851651.97,16.59,3.0,176976.1,3.45
851516.01,16.59,3.0,176976.1,3.45
851516.01,16.59,3.0,176976.1,3.45
851406.01,16.59,3.0,176866.1,3.45
851270.05,16.59,3.0,176866.37,3.45
851134.09,16.59,3.0,176763.2,3.45
851402.92,16.6,3.0,176837.68,3.45
851266.96,16.6,3.01,176993.01,3.45
851538.99,16.61,3.01,176975.46,3.45
851341.61,16.61,3.01,176845.9,3.45
851393.31,16.61,3.01,177253.8,3.46
851393.31,16.61,3.01,177253.8,3.46
851257.35,16.61,3.01,177150.89,3.46
851065.16,16.61,3.01,176927.87,3.45
850929.2,16.61,3.01,176927.87,3.45
851112.91,16.61,3.02,177179.96,3.46
851112.91,16.61,3.02,177179.96,3.46
851381.74,16.62,3.02,177377.41,3.46
851245.78,16.62,3.02,177274.5,3.46
850900.99,16.62,3.02,177093.93,3.46
850952.68,16.62,3.02,177277.75,3.46
850816.72,16.62,3.02,177174.84,3.46
850680.76,16.62,3.02,177174.84,3.46
850544.8,16.62,3.02,177071.93,3.46
850255.13,16.62,3.02,176790.06,3.45
849167.45,16.62,3.02,176789.86,3.46
849436.28,16.63,3.03,177196.99,3.47
849300.32,16.63,3.03,177094.08,3.47
849300.32,16.63,3.03,177094.08,3.47
849102.94,16.63,3.03,176865.81,3.46
848966.98,16.63,3.03,176865.81,3.46
848966.98,16.63,3.03,176865.81,3.46
848831.02,16.63,3.03,176762.9,3.46
848695.06,16.63,3.03,176762.9,3.46
848559.1,16.63,3.03,176659.99,3.46
848401.69,16.63,3.03,176506.82,3.46
848670.52,16.63,3.04,176914.45,3.47
848534.56,16.63,3.04,176767.77,3.46
848398.6,16.63,3.04,176621.08,3.46
848201.22,16.63,3.03,176392.31,3.46
848252.91,16.63,3.04,176392.31,3.46
848304.6,16.64,3.04,176392.31,3.46
848356.29,16.64,3.05,176392.31,3.46
848625.12,16.65,3.05,177338.27,3.48
848489.16,16.65,3.05,177338.27,3.48
848353.2,16.65,3.05,177338.27,3.48
848217.24,16.65,3.05,177486.78,3.48
848489.27,16.66,3.06,177685.09,3.49
848672.99,16.66,3.07,177685.09,3.49
848328.2,16.66,3.06,177321.0,3.48
848192.24,16.66,3.06,177321.0,3.48
848461.07,16.66,3.07,177854.42,3.49
848512.76,16.67,3.07,178188.55,3.5
848564.45,16.67,3.08,178188.55,3.5
848616.14,16.68,3.08,178188.55,3.5
848667.83,16.68,3.08,178188.55,3.5
848531.87,16.68,3.08,178747.11,3.51
848395.91,16.68,3.08,178747.11,3.51
848631.68,16.69,3.09,178964.45,3.52
848683.38,16.69,3.1,179179.21,3.52
848547.42,16.69,3.1,179209.53,3.53
848411.46,16.69,3.1,179209.53,3.53
848463.15,16.7,3.1,179209.53,3.53
848118.36,16.69,3.09,178808.42,3.52
847982.4,16.69,3.1,179096.96,3.53
847846.44,16.69,3.1,178970.24,3.52
847710.48,16.69,3.1,178970.24,3.52
847979.31,16.7,3.1,179098.58,3.53
847634.52,16.69,3.1,178970.27,3.52
847634.52,16.69,3.1,178970.27,3.52
847498.56,16.69,3.1,178970.24,3.53
847498.56,16.69,3.1,178994.63,3.53
847498.56,16.69,3.1,178994.63,3.53
847775.03,16.7,3.11,179469.47,3.54
847775.03,16.7,3.11,179416.42,3.53
847639.07,16.7,3.11,179416.42,3.54
847690.76,16.71,3.11,179416.42,3.54
847494.14,16.7,3.11,179269.82,3.53
847545.84,16.71,3.11,179715.34,3.54
847256.16,16.7,3.11,179521.19,3.54
847307.86,16.71,3.11,179634.23,3.54
847171.9,16.71,3.11,179634.23,3.54
847035.94,16.71,3.11,179634.23,3.54
847035.94,16.71,3.11,179610.87,3.54
846899.98,16.71,3.11,179759.82,3.55
846764.02,16.71,3.11,179610.87,3.54
847032.84,16.72,3.12,179610.87,3.54
846896.88,16.72,3.12,179610.87,3.55
846552.1,16.71,3.11,179745.59,3.55
846552.1,16.71,3.11,179745.59,3.55
846828.56,16.72,3.12,179731.42,3.55
846692.6,16.72,3.12,180088.8,3.56
846556.64,16.72,3.12,180088.8,3.56
846420.68,16.72,3.12,180088.8,3.56
846472.37,16.72,3.13,180088.8,3.56
846336.41,16.72,3.13,180272.88,3.56
846336.41,16.72,3.13,180272.88,3.56
846200.45,16.72,3.13,180272.88,3.56
845858.03,16.72,3.12,179924.95,3.56
846134.49,16.73,3.13,179924.95,3.56
845046.81,16.73,3.14,179924.95,3.56
844910.85,16.73,3.14,180248.27,3.57
844910.85,16.73,3.14,180233.1,3.57
844774.89,16.73,3.14,180248.78,3.57
844826.58,16.74,3.14,180248.78,3.57
844690.62,16.74,3.14,180248.78,3.57
844690.62,16.74,3.14,180349.09,3.57
844534.82,16.73,3.14,180193.9,3.57
844192.39,16.73,3.13,179824.6,3.56
844244.09,16.73,3.14,179824.6,3.56
844108.13,16.73,3.14,180193.81,3.57
844376.95,16.74,3.14,180193.81,3.57
843376.95,16.72,3.13,179193.81,3.55
843032.17,16.72,3.12,179193.81,3.55
843083.86,16.72,3.13,179193.81,3.55
842947.9,16.72,3.13,179534.93,3.56
842947.9,16.72,3.13,179534.93,3.56
842999.59,16.73,3.13,179615.52,3.56
843051.28,16.73,3.13,179615.52,3.56
842915.32,16.73,3.13,179615.52,3.57
842779.36,16.73,3.14,179902.04,3.57
842643.4,16.73,3.14,179777.34,3.57
842507.44,16.73,3.14,179777.34,3.57
842371.48,16.73,3.14,179884.88,3.57
842093.49,16.73,3.13,179668.06,3.57
841957.53,16.73,3.13,179643.82,3.57
841821.57,16.73,3.13,179560.53,3.57
841821.57,16.73,3.13,179560.53,3.57
841685.61,16.73,3.13,179496.15,3.57
841549.65,16.73,3.14,179484.44,3.57
841413.69,16.73,3.14,180285.96,3.59
841413.69,16.73,3.14,180285.96,3.59
841465.38,16.74,3.14,180003.05,3.58
841671.5,16.74,3.15,180055.89,3.58
841528.07,16.74,3.15,180791.47,3.6
841628.69,16.75,3.15,180452.15,3.59
841578.69,16.75,3.15,180402.15,3.59
841413.89,16.75,3.15,180164.44,3.59
841277.93,16.75,3.15,180102.33,3.59
841549.97,16.75,3.16,180088.36,3.59
841414.01,16.75,3.16,180728.54,3.6
841465.7,16.76,3.16,180483.66,3.59
841734.52,16.77,3.17,180469.22,3.59
842021.49,16.77,3.18,182102.06,3.63
842091.21,16.78,3.18,181747.62,3.62
842215.54,16.78,3.19,181823.33,3.62
842346.21,16.78,3.19,182108.36,3.63
842210.25,16.79,3.19,182139.01,3.63
842074.29,16.79,3.19,182048.16,3.63
841938.33,16.79,3.19,182218.96,3.63
842339.0,16.8,3.2,185237.37,3.69
842462.01,16.8,3.21,184636.89,3.68
843978.53,16.83,3.24,184752.27,3.69
843842.57,16.84,3.24,184688.93,3.68
843706.61,16.84,3.24,184676.19,3.69
843424.88,16.83,3.24,184486.05,3.68
843476.58,16.84,3.24,184486.05,3.68
843528.27,16.84,3.24,184880.01,3.69
843392.31,16.84,3.24,184628.18,3.69
843392.31,16.84,3.24,184646.92,3.69
843668.77,16.85,3.25,184504.79,3.68
843540.28,16.85,3.25,185421.75,3.7
843413.19,16.85,3.25,184862.85,3.69
843413.19,16.85,3.25,184862.85,3.69
843277.23,16.85,3.25,185056.82,3.7
843277.23,16.85,3.25,185056.82,3.7
843251.93,16.85,3.25,185454.89,3.71
843487.7,16.86,3.26,186464.49,3.73
843351.74,16.86,3.26,185652.57,3.71
843351.74,16.86,3.26,185681.19,3.71
843403.43,16.86,3.26,185385.21,3.71
843455.12,16.86,3.27,186722.94,3.73
843385.08,16.87,3.27,186093.64,3.72
844024.29,16.88,3.28,186407.95,3.73
843888.33,16.88,3.29,186343.58,3.73
843730.68,16.88,3.28,186185.93,3.72
843438.0,16.88,3.28,186479.61,3.73
843706.83,16.88,3.29,186467.9,3.73
843890.54,16.89,3.29,188538.22,3.77
843754.58,16.89,3.29,187194.18,3.75
843675.23,16.89,3.29,189751.44,3.8
843675.23,16.89,3.29,189751.44,3.8
843625.23,16.89,3.29,189701.44,3.8
843233.83,16.88,3.29,189253.25,3.79
843261.06,16.88,3.29,188584.91,3.78
844366.97,16.91,3.31,188353.77,3.77
844384.88,16.91,3.32,188309.72,3.77
844248.92,16.91,3.32,188257.81,3.77
844112.96,16.91,3.32,188233.63,3.77
844112.96,16.91,3.32,188233.63,3.77
844112.96,16.91,3.32,188221.59,3.77
844374.15,16.92,3.32,189248.94,3.79
844425.84,16.92,3.33,188878.6,3.79
844697.87,16.93,3.34,188398.56,3.78
844749.56,16.93,3.34,188346.67,3.78
844646.56,16.94,3.34,189676.03,3.8
844551.81,16.94,3.34,189510.89,3.8
844327.2,16.93,3.34,189251.59,3.8
844169.55,16.93,3.34,189094.05,3.79
844171.9,16.93,3.34,189109.87,3.79
843963.13,16.93,3.33,188923.74,3.79
843827.17,16.93,3.33,188923.55,3.79
843827.17,16.93,3.33,188948.48,3.79
844096.0,16.94,3.34,188948.48,3.79
843960.04,16.94,3.34,189052.36,3.79
844011.73,16.94,3.34,189021.81,3.79
843812.06,16.94,3.34,188903.19,3.79
843676.1,16.94,3.34,188829.86,3.79
843331.31,16.93,3.34,189205.53,3.8
843600.14,16.94,3.34,189239.34,3.8
843659.3,16.94,3.35,189144.84,3.8
843552.94,16.94,3.35,189795.11,3.81
843409.51,16.94,3.35,189533.99,3.81
843273.55,16.94,3.35,189533.8,3.81
843325.24,16.95,3.35,189533.8,3.81
843189.28,16.95,3.35,189533.8,3.81
843053.32,16.95,3.35,189693.86,3.81
842846.41,16.94,3.35,189518.38,3.81
843030.13,16.95,3.35,189509.76,3.81
843081.82,16.95,3.36,189374.15,3.81
842945.86,16.96,3.36,189422.92,3.81
842663.65,16.95,3.35,189981.57,3.82
842925.01,16.96,3.36,190154.8,3.83
842789.05,16.96,3.36,190154.61,3.83
842454.27,16.95,3.36,189836.15,3.82
842730.73,16.96,3.36,189843.89,3.82
842966.5,16.97,3.37,189836.15,3.82
842830.54,16.97,3.37,189836.15,3.82
842498.12,16.96,3.37,189882.55,3.82
842549.81,16.97,3.37,189862.15,3.82
842549.81,16.97,3.37,189831.6,3.82
842785.58,16.97,3.38,189805.6,3.82
842649.62,16.97,3.38,190807.32,3.84
842918.44,16.98,3.38,191172.52,3.85
842573.66,16.98,3.38,190734.84,3.84
842625.35,16.98,3.38,190735.02,3.84
842489.39,16.98,3.38,190734.65,3.84
842353.43,16.98,3.38,190734.65,3.84
842217.47,16.98,3.39,190793.11,3.85
841925.74,16.98,3.38,190648.14,3.84
841977.43,16.98,3.38,190622.23,3.84
841793.36,16.98,3.38,190387.98,3.84
841593.68,16.97,3.38,190092.06,3.83
841311.95,16.97,3.37,189893.59,3.83
841175.99,16.97,3.37,189903.75,3.83
841444.82,16.98,3.38,189861.03,3.83
841107.5,16.97,3.38,190492.35,3.84
841283.75,16.98,3.38,190563.76,3.85
841147.79,16.98,3.38,190563.57,3.85
841199.48,16.98,3.39,190563.57,3.85
841063.52,16.98,3.39,190563.57,3.85
840927.56,16.98,3.39,190723.71,3.85
840791.6,16.98,3.39,190576.94,3.85
840791.6,16.98,3.39,190577.84,3.85
841068.06,16.99,3.4,190564.47,3.85
840932.1,16.99,3.4,191123.31,3.86
840687.58,16.99,3.39,190615.25,3.85
840551.62,16.99,3.39,190921.11,3.86
840361.95,16.99,3.39,190786.37,3.86
840146.14,16.98,3.39,190600.47,3.85
840010.18,16.98,3.39,190600.28,3.85
840282.21,16.99,3.39,190600.28,3.85
840146.25,16.99,3.4,190606.16,3.85
840197.95,17.0,3.4,190606.92,3.86
840249.64,17.0,3.4,190600.28,3.86
840113.68,17.0,3.4,190600.28,3.86
840297.39,17.01,3.41,191661.78,3.88
840007.72,17.0,3.41,191105.07,3.87
839871.76,17.0,3.41,191295.19,3.87
839735.8,17.0,3.41,191295.65,3.87
839787.49,17.01,3.41,191295.56,3.87
839971.2,17.01,3.42,191294.99,3.87
839835.24,17.01,3.42,191354.13,3.88
839699.28,17.01,3.42,191316.05,3.88
839700.72,17.01,3.42,191316.4,3.88
839700.72,17.01,3.42,191316.4,3.88
839564.76,17.01,3.42,191853.4,3.89
839436.27,17.02,3.42,191823.56,3.89
839436.27,17.02,3.42,191870.41,3.89
839436.27,17.02,3.42,191870.41,3.89
839292.84,17.02,3.42,191852.35,3.89
839156.88,17.02,3.42,191852.15,3.89
839020.92,17.02,3.42,191852.15,3.89
838884.96,17.02,3.42,192023.5,3.9
839153.79,17.02,3.43,191927.41,3.89
839205.48,17.03,3.43,191853.1,3.89
839441.25,17.04,3.44,192436.82,3.91
839096.46,17.03,3.43,192088.15,3.9
838967.97,17.03,3.43,191926.53,3.9
838967.97,17.03,3.43,191903.17,3.9
839152.43,17.04,3.44,192816.34,3.91
839204.13,17.04,3.44,192816.52,3.92
839255.82,17.04,3.45,192816.15,3.92
839119.86,17.05,3.45,192816.15,3.92
839171.55,17.05,3.45,192816.15,3.92
839035.59,17.05,3.45,192869.93,3.92
839307.63,17.06,3.46,192816.15,3.92
839171.67,17.06,3.46,193725.81,3.94
839035.71,17.06,3.46,193602.26,3.94
839304.53,17.07,3.47,193602.06,3.94
838969.75,17.06,3.46,193602.06,3.94
838802.47,17.06,3.46,193394.51,3.93
838666.51,17.06,3.46,193427.14,3.93
838699.19,17.06,3.46,193456.99,3.93
838563.23,17.06,3.46,193444.2,3.94
838427.27,17.06,3.46,193424.37,3.94
838478.96,17.06,3.47,193688.79,3.94
838200.97,17.06,3.46,193528.49,3.94
838473.0,17.07,3.47,193355.36,3.94
838280.81,17.06,3.47,193349.71,3.94
838065.01,17.06,3.46,193075.99,3.93
837929.05,17.06,3.47,193048.55,3.93
838112.76,17.07,3.47,194008.5,3.95
838115.03,17.07,3.47,194070.42,3.95
838166.73,17.07,3.48,194070.6,3.95
838218.42,17.08,3.48,194070.23,3.95
838082.46,17.08,3.48,194070.23,3.95
838134.15,17.08,3.48,194083.3,3.96
838185.84,17.08,3.49,194070.23,3.96
838237.53,17.09,3.49,194070.23,3.96
838506.36,17.09,3.5,195121.63,3.98
838161.57,17.09,3.49,194805.12,3.97
838213.27,17.09,3.5,195092.25,3.98
838077.31,17.09,3.5,195092.05,3.98
837941.35,17.09,3.5,195092.05,3.98
837993.04,17.1,3.5,195092.05,3.98
838269.5,17.11,3.51,195110.5,3.98
838133.54,17.11,3.51,195099.4,3.98
837997.58,17.11,3.51,195092.05,3.98
837861.62,17.11,3.51,195637.28,3.99
837725.66,17.11,3.51,195617.27,4.0
837777.35,17.11,3.52,195617.45,4.0
837961.06,17.12,3.52,195617.07,4.0
838012.76,17.12,3.53,195617.07,4.0
838284.79,17.13,3.53,195633.02,4.0
837942.37,17.12,3.53,195364.59,3.99
837806.41,17.13,3.53,195360.64,3.99
837811.11,17.13,3.53,195410.62,3.99
837675.15,17.13,3.53,195398.62,3.99
837726.84,17.13,3.53,195398.62,4.0
837590.88,17.13,3.53,196706.49,4.02
837859.7,17.14,3.54,196706.3,4.02
837723.74,17.14,3.54,196706.3,4.02
837378.96,17.13,3.54,196943.45,4.03
837647.78,17.14,3.54,196982.91,4.03
837699.48,17.14,3.55,196889.25,4.03
837774.16,17.15,3.55,196925.45,4.03
837484.48,17.14,3.55,196530.98,4.02
837370.93,17.14,3.55,196517.39,4.02
838051.6,17.16,3.56,198707.42,4.07
838320.42,17.17,3.57,198707.23,4.07
838504.13,17.17,3.58,198707.23,4.07
838368.17,17.17,3.58,198762.61,4.07
838232.21,17.17,3.58,198760.81,4.07
837858.37,17.17,3.57,197851.87,4.05
837513.59,17.16,3.57,197833.91,4.05
836969.75,17.17,3.57,198182.87,4.07
836969.75,17.17,3.57,198211.13,4.07
836833.79,17.17,3.57,198210.94,4.07
836697.83,17.17,3.57,198210.94,4.07
836697.83,17.17,3.57,198210.94,4.07
836538.28,17.17,3.57,197990.48,4.06
836402.32,17.17,3.57,198066.41,4.07
836671.15,17.18,3.58,198067.99,4.07
836535.19,17.18,3.58,197990.48,4.07
836586.88,17.18,3.58,198394.99,4.07
836638.57,17.18,3.59,198521.83,4.08
836293.79,17.18,3.58,198141.16,4.07
836345.48,17.18,3.59,198550.56,4.08
836209.52,17.18,3.59,198550.37,4.08
836210.28,17.18,3.59,198550.83,4.08
836074.32,17.18,3.59,198550.83,4.08
836074.32,17.18,3.59,198726.77,4.08
836074.32,17.18,3.59,198726.77,4.08
835938.36,17.19,3.59,198762.8,4.09
835938.36,17.19,3.59,198830.67,4.09
835802.4,17.19,3.59,198818.71,4.09
836071.22,17.19,3.6,198794.64,4.09
835781.55,17.19,3.59,198500.07,4.08
835645.59,17.19,3.59,198921.63,4.09
835517.1,17.19,3.59,198871.63,4.09
835403.29,17.19,3.59,198871.69,4.09
835216.54,17.19,3.59,198746.98,4.09
835080.58,17.19,3.59,198746.78,4.09
835349.4,17.2,3.6,198746.78,4.09
835401.09,17.2,3.6,198746.78,4.09
835265.13,17.2,3.6,198792.83,4.09
835316.83,17.2,3.61,198769.64,4.09
835368.52,17.21,3.61,198779.79,4.09
835232.56,17.21,3.61,198746.78,4.1
835284.25,17.21,3.62,199887.89,4.12
835148.29,17.21,3.62,199887.7,4.12
835012.33,17.21,3.62,199887.7,4.12
834876.37,17.22,3.62,199914.02,4.12
835060.08,17.22,3.63,199899.17,4.12
834924.12,17.22,3.63,199887.74,4.12
834854.08,17.22,3.63,201068.62,4.15
835623.74,17.24,3.65,201450.19,4.16
835526.57,17.24,3.65,201217.7,4.15
835248.57,17.24,3.64,200953.28,4.15
835051.19,17.23,3.64,200715.15,4.14
835051.19,17.23,3.64,200701.01,4.14
834915.23,17.24,3.64,200700.81,4.14
835184.06,17.24,3.65,200700.81,4.14
835048.1,17.24,3.65,201010.26,4.15
835060.09,17.24,3.65,201077.28,4.15
834924.13,17.24,3.65,201040.35,4.15
834788.17,17.24,3.65,200920.72,4.15
834630.52,17.24,3.65,200763.07,4.15
834509.49,17.24,3.65,201507.63,4.16
834366.07,17.24,3.65,200993.99,4.15
834293.26,17.25,3.65,201108.31,4.16
834562.09,17.25,3.66,201108.11,4.16
834566.79,17.25,3.66,201127.65,4.16
834222.0,17.25,3.65,201127.65,4.16
834086.04,17.25,3.65,201127.65,4.16
833950.08,17.25,3.65,201415.24,4.17
834001.77,17.25,3.66,201316.11,4.16
833865.81,17.25,3.66,201177.31,4.16
833868.16,17.25,3.66,201180.52,4.16
833919.85,17.26,3.66,201225.87,4.16
833791.36,17.26,3.66,201817.42,4.18
833835.59,17.26,3.67,201752.53,4.18
833835.59,17.26,3.67,201831.5,4.18
833570.18,17.26,3.66,201543.36,4.17
833570.18,17.26,3.66,201569.73,4.17
833839.0,17.27,3.67,201569.54,4.17
834022.71,17.27,3.68,201569.54,4.17
833886.75,17.27,3.68,201698.89,4.18
834158.79,17.28,3.68,201578.45,4.18
833966.6,17.28,3.68,201481.6,4.17
833966.6,17.28,3.68,201481.6,4.17
833750.79,17.27,3.68,201247.03,4.17
833551.12,17.27,3.67,201238.11,4.17
833206.34,17.26,3.67,201988.76,4.19
833475.16,17.27,3.68,202104.14,4.19
833482.21,17.27,3.68,202112.47,4.19
833548.83,17.28,3.68,201880.42,4.18
833802.63,17.28,3.69,203095.27,4.21
833808.94,17.29,3.69,203084.91,4.21
834141.55,17.29,3.7,203306.44,4.21
834141.55,17.29,3.7,203293.93,4.21
834193.24,17.3,3.7,203294.11,4.22
834462.06,17.3,3.71,203293.73,4.22
834142.06,17.3,3.7,202973.73,4.21
834142.06,17.3,3.7,202973.73,4.21
834193.75,17.3,3.71,202973.73,4.21
833921.83,17.3,3.71,203020.56,4.21
833924.18,17.3,3.71,203023.65,4.21
833788.22,17.31,3.71,203028.79,4.21
833788.22,17.31,3.71,203028.79,4.21
833839.92,17.31,3.71,203181.24,4.22
833839.92,17.31,3.71,203181.24,4.22
833703.96,17.31,3.71,203940.7,4.23
833703.96,17.31,3.71,203940.7,4.23
833568.0,17.31,3.71,203940.51,4.24
833568.0,17.31,3.71,203940.51,4.24
833461.64,17.31,3.71,203736.98,4.23
833325.68,17.31,3.71,203736.98,4.23
833594.5,17.32,3.72,203861.86,4.24
833594.5,17.32,3.72,203861.86,4.24
833458.54,17.32,3.72,203838.26,4.24
833113.76,17.31,3.72,203833.46,4.24
832793.76,17.31,3.71,203513.46,4.23
832680.2,17.31,3.71,204529.57,4.25
832724.42,17.31,3.72,203517.79,4.23
833121.01,17.32,3.73,203782.01,4.24
833119.92,17.33,3.73,204346.98,4.25
832983.96,17.33,3.73,204346.79,4.25
833260.42,17.33,3.74,204346.79,4.25
833312.11,17.34,3.74,204362.18,4.25
833176.15,17.34,3.74,204354.02,4.25
833040.19,17.34,3.74,204346.79,4.25
833091.88,17.34,3.75,204745.24,4.26
832955.92,17.34,3.75,204701.88,4.26
833007.62,17.35,3.75,205043.63,4.27
832871.66,17.35,3.75,205043.44,4.27
832923.35,17.35,3.76,205043.44,4.27
832787.39,17.35,3.76,205074.95,4.27
832839.08,17.36,3.76,205057.92,4.27
832496.66,17.35,3.76,204993.34,4.27
832360.7,17.35,3.76,204984.84,4.27
832621.88,17.36,3.76,205304.23,4.28
832857.65,17.37,3.77,205319.98,4.28
832721.69,17.37,3.77,206120.69,4.3
832585.73,17.37,3.77,206120.49,4.3
832585.73,17.37,3.77,206231.96,4.3
832449.77,17.37,3.77,206298.6,4.3
832449.77,17.37,3.77,206298.6,4.3
832633.49,17.38,3.78,206271.43,4.3
832286.34,17.37,3.77,205874.78,4.3
832288.94,17.37,3.77,205892.07,4.3
832152.98,17.37,3.77,205852.6,4.3
832152.98,17.37,3.77,205852.6,4.3
832204.67,17.37,3.78,206554.18,4.31
832083.64,17.38,3.78,206255.72,4.31
832127.87,17.38,3.78,205930.11,4.3
831984.44,17.38,3.78,206558.58,4.32
831848.48,17.38,3.79,206558.39,4.32
831712.52,17.38,3.79,206558.39,4.32
831576.56,17.38,3.79,206558.39,4.32
831440.6,17.38,3.79,206575.46,4.32
831440.6,17.38,3.79,206575.46,4.32
831304.64,17.38,3.79,206563.47,4.32
831573.47,17.39,3.8,206558.39,4.32
831288.49,17.39,3.79,206262.41,4.31
831340.18,17.39,3.79,206262.41,4.31
831204.22,17.39,3.8,206858.3,4.33
831387.93,17.4,3.8,206858.11,4.33
831251.98,17.4,3.8,206858.11,4.33
831251.98,17.4,3.8,206812.54,4.33
830164.3,17.41,3.81,206812.34,4.34
830215.99,17.41,3.81,206812.34,4.34
830080.03,17.41,3.81,206965.68,4.34
829944.07,17.41,3.81,206934.24,4.34
829944.07,17.41,3.81,206934.24,4.34
829609.28,17.41,3.81,206569.49,4.33
829473.32,17.41,3.81,207089.0,4.35
829405.09,17.41,3.81,206906.91,4.34
829412.13,17.41,3.81,206960.22,4.34
829771.13,17.42,3.82,207570.9,4.36
829771.13,17.42,3.82,207596.54,4.36
829552.7,17.41,3.82,207366.69,4.35
829416.74,17.41,3.82,207366.49,4.35
829280.78,17.42,3.82,207369.68,4.35
829332.47,17.42,3.82,207368.34,4.36
829050.74,17.41,3.82,207085.45,4.35
829050.74,17.41,3.82,207141.14,4.35
829102.43,17.42,3.82,207139.34,4.35
829102.43,17.42,3.82,207139.34,4.35
828966.47,17.42,3.82,207139.29,4.35
828809.49,17.42,3.82,206982.3,4.35
828861.18,17.42,3.83,207344.78,4.36
829044.89,17.43,3.83,207496.75,4.36
828908.93,17.43,3.83,207697.5,4.37
828908.93,17.43,3.83,207697.5,4.37
828772.97,17.43,3.83,207697.31,4.37
828824.66,17.43,3.84,207697.31,4.37
828688.7,17.43,3.84,207697.31,4.37
827688.7,17.42,3.82,206697.31,4.35
827552.74,17.42,3.82,206785.34,4.35
827604.44,17.42,3.83,206718.41,4.35
827840.21,17.43,3.83,206697.31,4.35
827550.53,17.42,3.83,206574.59,4.35
827414.57,17.42,3.83,207367.97,4.37
827278.61,17.43,3.83,207243.02,4.37
827142.65,17.43,3.83,207242.83,4.37
827006.69,17.43,3.83,207242.83,4.37
826896.69,17.42,3.83,207132.83,4.36
827080.41,17.43,3.84,207161.81,4.37
826944.45,17.43,3.84,207143.3,4.37
827220.91,17.44,3.84,207132.83,4.37
826878.49,17.43,3.84,207453.88,4.37
826742.53,17.43,3.84,207352.2,4.37
826794.22,17.44,3.84,207305.73,4.37
826658.26,17.44,3.84,207713.11,4.38
826927.08,17.45,3.85,207712.92,4.38
826927.08,17.45,3.85,207712.92,4.38
826592.3,17.44,3.85,207712.92,4.38
826643.99,17.45,3.85,207712.92,4.38
826508.03,17.45,3.85,207740.38,4.39
826776.86,17.45,3.86,207726.38,4.39
826487.18,17.45,3.85,207411.94,4.38
826538.87,17.45,3.86,207405.13,4.38
826590.57,17.46,3.86,207398.48,4.38
826454.61,17.46,3.86,208282.19,4.4
826318.65,17.46,3.86,208213.97,4.4
826182.69,17.46,3.86,208213.77,4.4
826454.72,17.47,3.87,208213.77,4.4
826506.41,17.47,3.88,208215.37,4.4
826224.69,17.47,3.87,208012.03,4.4
826224.69,17.47,3.87,208012.03,4.4
825879.9,17.46,3.87,207893.23,4.4
825931.59,17.47,3.87,207892.57,4.4
825983.28,17.47,3.87,207891.98,4.4
826219.05,17.48,3.88,207891.63,4.4
825937.32,17.47,3.88,208412.05,4.41
825801.36,17.47,3.88,208594.72,4.41
825665.4,17.47,3.88,208747.1,4.42
825529.45,17.47,3.88,208746.91,4.42
825393.49,17.48,3.88,208746.91,4.42
825121.57,17.48,3.88,208747.38,4.42
824985.61,17.48,3.88,208933.74,4.43
824697.61,17.47,3.88,208846.41,4.42
824749.3,17.48,3.88,208789.4,4.42
824800.99,17.48,3.88,208875.17,4.43
824665.03,17.48,3.89,209033.64,4.43
824716.73,17.49,3.89,209033.82,4.43
824580.77,17.49,3.89,209033.44,4.43
824444.81,17.49,3.89,209033.44,4.43
824308.85,17.49,3.89,209051.43,4.44
824172.89,17.49,3.89,209037.89,4.44
824036.93,17.49,3.89,209033.44,4.44
824220.64,17.5,3.9,209562.97,4.45
824227.69,17.5,3.9,209566.28,4.45
824279.38,17.5,3.9,209708.07,4.45
824143.42,17.5,3.91,209707.87,4.45
824195.11,17.51,3.91,209707.87,4.45
824378.82,17.51,3.92,209707.87,4.45
824430.51,17.52,3.92,209733.22,4.46
824482.21,17.52,3.92,209724.96,4.46
824758.67,17.53,3.93,209707.87,4.46
824761.02,17.53,3.93,209732.03,4.46
824625.06,17.53,3.93,210761.8,4.48
824335.38,17.52,3.93,210439.68,4.47
824045.71,17.52,3.92,209837.14,4.46
823703.29,17.51,3.92,209409.91,4.45
823754.98,17.52,3.92,210260.11,4.47
824023.8,17.52,3.93,210259.91,4.47
823679.02,17.52,3.92,210259.91,4.47
823683.72,17.52,3.92,210261.92,4.47
823952.54,17.53,3.93,210261.92,4.47
823952.54,17.53,3.93,210261.92,4.47
823816.58,17.53,3.93,210381.85,4.48
823471.8,17.52,3.93,210297.04,4.47
823335.84,17.52,3.93,210415.75,4.48
824750.28,17.56,3.96,213137.3,4.54
824934.0,17.56,3.97,213137.1,4.54
825165.71,17.57,3.97,212571.72,4.53
825349.42,17.58,3.98,212571.72,4.53
825401.12,17.58,3.99,212571.72,4.53
825452.81,17.59,3.99,212599.69,4.53
825163.14,17.58,3.98,212578.36,4.53
825027.18,17.58,3.99,212571.72,4.53
824891.22,17.58,3.99,213310.28,4.55
824942.91,17.59,3.99,213361.36,4.55
825126.62,17.59,4.0,213630.87,4.55
825178.31,17.6,4.0,213631.05,4.56
825042.35,17.6,4.0,213630.68,4.56
824752.68,17.59,4.0,213523.75,4.55
825021.5,17.6,4.0,213525.46,4.56
825073.2,17.6,4.01,213524.78,4.56
825124.89,17.61,4.01,213523.8,4.56
824835.21,17.6,4.01,213207.7,4.55
824699.25,17.6,4.01,213207.65,4.55
824563.29,17.61,4.01,213923.74,4.57
824427.33,17.61,4.01,214076.6,4.57
824291.38,17.61,4.01,214076.41,4.57
824155.42,17.61,4.01,214096.23,4.57
824155.42,17.61,4.01,214096.23,4.57
824207.11,17.61,4.02,214085.85,4.57
824258.8,17.62,4.02,214076.41,4.58
824258.8,17.62,4.02,214064.32,4.57
823914.01,17.61,4.01,213731.93,4.57
824097.73,17.62,4.02,213731.93,4.57
823961.77,17.62,4.02,214164.94,4.58
824013.46,17.62,4.03,214397.0,4.58
824014.98,17.62,4.03,214456.47,4.59
823879.02,17.62,4.03,214506.6,4.59
823930.71,17.63,4.03,214506.78,4.59
823794.75,17.63,4.03,214506.41,4.59
823799.45,17.63,4.03,214523.41,4.59
823599.77,17.62,4.03,214489.83,4.59
823602.05,17.62,4.03,214581.93,4.59
823466.09,17.63,4.03,214581.93,4.59
823330.13,17.63,4.03,214641.22,4.6
823598.95,17.63,4.04,214603.38,4.59
823254.17,17.63,4.03,214582.39,4.59
823305.86,17.63,4.04,214584.59,4.6
823305.86,17.63,4.04,214558.87,4.6
823202.86,17.63,4.04,215275.32,4.61
823221.59,17.64,4.04,215178.24,4.61
823273.28,17.64,4.05,215178.42,4.61
823137.32,17.64,4.05,215178.05,4.61
823406.15,17.65,4.05,215178.05,4.61
823061.36,17.64,4.05,215208.25,4.61
822925.4,17.65,4.05,215211.11,4.61
822789.44,17.65,4.05,215532.68,4.62
822841.14,17.65,4.05,215447.97,4.62
823175.67,17.66,4.06,215391.69,4.62
823227.36,17.66,4.07,215955.25,4.63
823091.4,17.66,4.07,215955.05,4.63
822955.44,17.66,4.07,215955.05,4.64
822514.95,17.66,4.06,215835.09,4.63
822849.48,17.67,4.07,215841.46,4.63
822707.79,17.66,4.07,215835.09,4.63
822571.83,17.66,4.07,215835.09,4.64
822283.03,17.66,4.06,215853.22,4.64
822551.85,17.67,4.07,215841.66,4.64
822603.54,17.67,4.08,215839.7,4.64
822497.19,17.67,4.07,216272.84,4.65
822361.23,17.67,4.08,216217.16,4.65
822225.27,17.67,4.08,216301.67,4.65
822408.98,17.68,4.08,216301.47,4.65
822644.75,17.69,4.09,216301.47,4.65
822696.44,17.69,4.09,216308.31,4.65
822560.48,17.69,4.09,216304.6,4.65
822424.52,17.69,4.1,216301.47,4.65
822288.56,17.69,4.1,216301.47,4.65
821998.89,17.69,4.09,216694.21,4.66
821862.93,17.69,4.09,216516.63,4.66
821914.62,17.69,4.1,216949.23,4.67
821921.66,17.69,4.1,216952.0,4.67
821785.7,17.69,4.1,216951.8,4.67
822054.53,17.7,4.11,216951.8,4.67
822106.22,17.71,4.11,216986.32,4.67
821970.26,17.71,4.11,216976.09,4.67
822021.95,17.71,4.11,216965.45,4.67
822026.65,17.71,4.11,216967.48,4.67
822210.36,17.72,4.12,216957.01,4.67
821865.58,17.71,4.12,217826.83,4.69
822167.36,17.72,4.12,218122.06,4.7
821623.52,17.72,4.13,218141.44,4.71
821454.6,17.72,4.13,217887.71,4.7
821123.6,17.72,4.12,217813.23,4.7
821175.3,17.72,4.13,217802.36,4.7
821039.34,17.72,4.13,217793.66,4.7
821044.03,17.72,4.13,217825.32,4.7
820762.3,17.72,4.12,217671.71,4.7
820626.34,17.72,4.12,217975.67,4.71
820490.38,17.72,4.12,217833.53,4.7
820759.21,17.73,4.13,217833.34,4.71
820810.9,17.73,4.14,217833.34,4.71
820674.94,17.73,4.14,217963.62,4.71
820538.98,17.73,4.14,217894.51,4.71
820590.67,17.74,4.14,217868.85,4.71
820454.71,17.74,4.14,218889.43,4.73
820454.71,17.74,4.14,218877.18,4.73
820461.76,17.74,4.14,218901.06,4.73
820722.46,17.75,4.15,219154.07,4.74
820567.16,17.74,4.15,218996.05,4.74
820514.45,17.75,4.15,218946.95,4.74
820521.49,17.75,4.15,218954.93,4.74
820385.53,17.75,4.15,218954.73,4.74
820249.57,17.75,4.15,218954.73,4.74
819977.65,17.75,4.15,219005.19,4.74
820246.48,17.76,4.16,219011.44,4.74
819901.69,17.75,4.16,218957.99,4.74
819953.39,17.76,4.16,218961.32,4.74
819817.43,17.76,4.16,219364.44,4.75
819869.12,17.76,4.17,219380.77,4.75
820137.94,17.77,4.17,219380.58,4.75
820001.98,17.77,4.17,219380.58,4.75
819866.02,17.77,4.18,219380.58,4.76
819730.06,17.77,4.18,219600.4,4.76
819781.75,17.78,4.18,219491.36,4.76
819781.75,17.78,4.18,219489.4,4.76
819436.97,17.77,4.18,219577.34,4.76
819488.66,17.78,4.18,219469.72,4.76
819491.01,17.78,4.18,219497.9,4.76
819202.25,17.77,4.17,219197.88,4.75
819478.54,17.78,4.18,219999.39,4.77
819654.79,17.78,4.19,220253.52,4.78
819435.74,17.78,4.19,220003.77,4.77
819299.78,17.78,4.19,220003.58,4.77
819568.6,17.79,4.19,220003.58,4.78
819568.6,17.79,4.19,219972.54,4.77
819568.6,17.79,4.19,219956.18,4.77
819257.89,17.78,4.19,219689.18,4.77
819309.58,17.79,4.19,219691.05,4.77
819112.2,17.79,4.19,219708.75,4.77
818976.24,17.79,4.19,219690.91,4.77
818757.82,17.78,4.19,219529.4,4.77
818621.86,17.78,4.19,219527.67,4.77
818485.9,17.78,4.19,219926.09,4.78
818537.59,17.79,4.19,220098.6,4.78
818401.63,17.79,4.19,220052.19,4.78
818585.34,17.8,4.2,220052.0,4.78
818637.03,17.8,4.2,220052.0,4.78
818501.08,17.8,4.21,220052.0,4.79
818365.12,17.8,4.21,220113.38,4.79
818229.16,17.8,4.21,220099.23,4.79
818093.2,17.8,4.21,220052.0,4.79
817957.24,17.8,4.21,220697.15,4.8
817827.22,17.81,4.21,220553.2,4.8
818096.04,17.81,4.22,220553.01,4.8
817761.26,17.81,4.21,220553.01,4.8
817812.95,17.81,4.22,220553.01,4.8
817864.64,17.82,4.22,220563.39,4.8
817728.68,17.82,4.22,220555.12,4.81
817467.43,17.81,4.22,220293.87,4.8
817264.16,17.81,4.21,220102.66,4.8
817598.69,17.82,4.22,220100.55,4.8
817600.21,17.82,4.22,220117.3,4.8
817259.72,17.81,4.22,220208.53,4.8
817495.49,17.82,4.22,220122.3,4.8
817500.18,17.82,4.22,220138.22,4.8
817507.23,17.82,4.22,220176.77,4.8
817776.05,17.83,4.23,220171.77,4.8
817441.27,17.82,4.23,221190.3,4.82
817305.31,17.82,4.23,221091.2,4.82
817169.35,17.82,4.23,221091.01,4.82
817221.04,17.83,4.23,221091.01,4.82
817272.73,17.83,4.24,221091.01,4.82
817136.77,17.83,4.24,221102.56,4.83
817188.47,17.84,4.24,221101.64,4.83
817240.16,17.84,4.25,221122.98,4.83
817104.2,17.84,4.25,221091.01,4.83
817111.24,17.84,4.25,221119.23,4.83
817111.24,17.84,4.25,221112.93,4.83
817380.07,17.85,4.26,221922.78,4.85
817045.28,17.85,4.25,221930.42,4.85
817229.0,17.85,4.26,221930.23,4.85
817497.82,17.86,4.26,221930.23,4.85
817153.04,17.85,4.26,221930.23,4.85
817196.0,17.86,4.26,222070.8,4.85
817060.04,17.86,4.26,222107.94,4.85
816924.08,17.86,4.26,222070.8,4.85
816788.12,17.86,4.26,222493.66,4.86
816652.16,17.86,4.26,222417.71,4.86
816549.16,17.86,4.26,222186.58,4.86
816380.24,17.86,4.26,222454.58,4.87
816431.94,17.87,4.27,222454.76,4.87
816295.98,17.87,4.27,222454.38,4.87
816006.3,17.86,4.27,222160.6,4.86
815870.34,17.86,4.27,222171.18,4.86
816054.06,17.87,4.27,222170.82,4.86
815918.1,17.87,4.27,222160.6,4.87
816186.92,17.88,4.28,222611.13,4.88
816050.96,17.88,4.28,222725.44,4.88
816050.96,17.88,4.28,222788.67,4.88
815894.14,17.88,4.28,222630.01,4.88
815945.83,17.88,4.28,222903.23,4.88
815997.53,17.88,4.29,222903.41,4.89
815861.57,17.88,4.29,222903.04,4.89
815725.61,17.89,4.29,222903.04,4.89
815380.82,17.88,4.28,222817.45,4.89
815380.82,17.88,4.28,222830.9,4.89
815432.51,17.88,4.29,222842.13,4.89
815432.51,17.88,4.29,222824.61,4.89
815484.2,17.89,4.29,222822.36,4.89
815753.03,17.9,4.3,222818.79,4.89
815617.07,17.9,4.3,222813.38,4.89
815481.11,17.9,4.3,223771.52,4.91
815345.15,17.9,4.3,223771.32,4.91
815528.86,17.91,4.31,223774.95,4.91
815282.1,17.9,4.31,223438.54,4.91
815333.79,17.91,4.31,223439.89,4.91
815197.83,17.91,4.31,223435.73,4.91
815061.87,17.91,4.31,223435.68,4.91
815113.57,17.91,4.32,223812.11,4.92
815382.39,17.92,4.32,223947.47,4.92
815037.61,17.91,4.32,223434.91,4.91
814852.63,17.91,4.32,223239.0,4.91
814852.63,17.91,4.32,223202.91,4.91
815121.45,17.92,4.32,224359.05,4.93
814985.49,17.92,4.32,224358.86,4.93
814849.53,17.92,4.32,224358.86,4.93
814713.57,17.92,4.33,224377.75,4.94
814368.79,17.92,4.32,223984.95,4.93
814232.83,17.92,4.32,223966.06,4.93
814468.6,17.92,4.33,223966.06,4.93
814332.64,17.93,4.33,224230.25,4.94
814332.64,17.93,4.33,224230.25,4.94
814341.66,17.93,4.33,224338.52,4.94
814393.35,17.93,4.33,224510.89,4.94
814426.31,17.93,4.33,224186.81,4.94
814257.39,17.93,4.34,224647.95,4.95
814259.74,17.93,4.34,224659.17,4.95
814123.78,17.93,4.34,224658.97,4.95
813987.82,17.93,4.34,224658.97,4.95
813851.86,17.93,4.34,224658.97,4.95
814128.32,17.94,4.35,224757.37,4.95
813992.37,17.94,4.35,224759.1,4.95
813856.41,17.94,4.35,225246.36,4.97
813908.1,17.95,4.35,225146.41,4.96
813959.79,17.95,4.36,225270.88,4.97
814011.48,17.96,4.36,225271.06,4.97
813669.06,17.95,4.36,225106.91,4.97
813486.5,17.95,4.35,224910.11,4.96
813486.5,17.95,4.35,224910.11,4.96
813755.32,17.96,4.36,224909.74,4.96
813410.54,17.95,4.35,224909.74,4.96
813255.23,17.95,4.35,224751.72,4.96
813119.28,17.95,4.35,224795.34,4.96
813170.97,17.95,4.36,224774.89,4.96
813170.97,17.95,4.36,224774.89,4.96
813170.97,17.95,4.36,224810.82,4.96
813439.79,17.96,4.36,224813.85,4.96
813491.48,17.96,4.37,224787.66,4.96
813355.52,17.97,4.37,225718.16,4.99
813020.74,17.96,4.36,225187.87,4.97
813072.43,17.96,4.37,225578.88,4.98
813344.47,17.97,4.38,225578.69,4.98
813208.51,17.97,4.38,225578.69,4.99
813208.51,17.97,4.38,225571.45,4.99
813072.55,17.97,4.38,225575.41,4.99
812936.59,17.98,4.38,225573.2,4.99
812800.63,17.98,4.38,225571.45,4.99
812800.63,17.98,4.38,225571.45,4.99
813069.45,17.98,4.39,225982.56,5.0
813069.45,17.98,4.39,226079.26,5.0
813253.16,17.99,4.4,226277.08,5.01
813058.19,17.99,4.39,226140.98,5.0
813109.88,17.99,4.4,226543.03,5.01
812973.92,17.99,4.4,226542.83,5.01
812973.92,17.99,4.4,226480.99,5.01
813025.61,18.0,4.4,226480.99,5.01
812889.65,18.0,4.4,226480.99,5.01
812941.34,18.0,4.41,226510.07,5.02
812805.38,18.0,4.41,226488.11,5.02
812857.08,18.01,4.41,226480.99,5.02
812512.29,18.0,4.41,226473.13,5.02
812563.98,18.01,4.41,227252.64,5.04
812615.68,18.01,4.42,227399.19,5.04
812625.07,18.01,4.42,227470.83,5.04
812489.11,18.01,4.42,227470.63,5.04
812757.93,18.02,4.42,227470.63,5.04
812413.15,18.01,4.42,227470.63,5.04
812681.97,18.02,4.43,227561.43,5.05
812733.67,18.03,4.43,227490.01,5.05
812733.67,18.03,4.43,227490.01,5.05
812388.88,18.02,4.42,227483.08,5.05
812440.57,18.03,4.43,227470.63,5.05
812304.61,18.03,4.43,228281.75,5.07
812552.19,18.03,4.44,228450.99,5.07
812560.84,18.03,4.44,228411.21,5.07
812361.02,18.03,4.44,228186.95,5.07
812225.06,18.03,4.44,228186.76,5.07
812089.1,18.04,4.44,228186.76,5.07
812357.92,18.04,4.45,228199.63,5.07
812221.96,18.04,4.45,228253.56,5.07
811887.18,18.04,4.44,228193.69,5.07
811887.18,18.04,4.44,228076.73,5.07
811751.22,18.04,4.44,228070.5,5.07
811802.91,18.04,4.45,228592.99,5.08
811743.94,18.05,4.45,228709.61,5.08
812012.77,18.06,4.46,228709.41,5.09
811876.81,18.06,4.46,228709.41,5.09
811532.02,18.05,4.45,228736.89,5.09
811396.06,18.05,4.46,228732.21,5.09
811399.86,18.05,4.46,228871.78,5.09
811668.68,18.06,4.46,228849.4,5.09
811852.39,18.07,4.47,229678.49,5.11
811716.43,18.07,4.47,228979.12,5.1
812600.06,18.09,4.49,230788.98,5.14
812868.88,18.1,4.5,230788.79,5.14
812655.93,18.1,4.5,230399.57,5.13
812519.97,18.1,4.5,230399.57,5.13
812571.66,18.1,4.51,230399.57,5.13
811483.98,18.11,4.52,230399.38,5.14
811348.02,18.11,4.52,230459.64,5.14
811212.06,18.11,4.52,230412.29,5.14
811263.75,18.12,4.52,230430.6,5.15
811127.79,18.12,4.52,231105.57,5.16
811127.79,18.12,4.52,231105.57,5.16
810991.83,18.12,4.52,231039.08,5.16
810838.88,18.12,4.52,230887.12,5.16
811074.65,18.12,4.53,230886.92,5.16
810938.69,18.13,4.53,230886.92,5.16
810990.38,18.13,4.53,230887.69,5.16
811174.09,18.14,4.54,230887.12,5.16
811225.79,18.14,4.55,230886.92,5.16
811277.48,18.15,4.55,230886.92,5.16
811277.48,18.15,4.55,230886.92,5.16
810932.69,18.14,4.54,230685.22,5.16
810796.73,18.14,4.54,231830.38,5.19
811065.56,18.15,4.55,232223.43,5.2
811117.25,18.15,4.56,232223.61,5.2
810782.47,18.15,4.55,231764.37,5.19
810834.16,18.15,4.56,231764.0,5.19
810698.2,18.15,4.56,231764.0,5.19
810967.02,18.16,4.57,231771.17,5.19
810831.06,18.16,4.57,231767.65,5.19
810831.06,18.16,4.57,232056.27,5.2
810882.75,18.17,4.57,232058.56,5.2
810934.45,18.17,4.58,232055.75,5.2
810934.45,18.17,4.58,232055.75,5.2
810934.45,18.17,4.58,232055.75,5.2
810798.49,18.17,4.58,233190.07,5.23
810463.7,18.17,4.57,232759.52,5.22
810327.74,18.17,4.57,232759.32,5.22
810191.78,18.17,4.57,232759.32,5.22
810055.82,18.17,4.57,232839.63,5.22
810107.51,18.17,4.58,232800.53,5.22
810376.34,18.18,4.59,232828.14,5.22
810376.34,18.18,4.59,232828.14,5.22
810560.05,18.19,4.59,232873.95,5.23
810751.23,18.2,4.6,234182.52,5.26
811009.46,18.2,4.61,234457.8,5.26
811278.28,18.21,4.62,234457.61,5.26
811142.32,18.21,4.62,234457.61,5.26
811142.32,18.21,4.62,234457.61,5.26
811006.36,18.21,4.62,234504.13,5.27
811006.36,18.21,4.62,234504.13,5.27
810752.39,18.21,4.61,234270.78,5.26
810936.11,18.22,4.62,234224.95,5.26
810783.15,18.21,4.62,234073.48,5.26
810783.15,18.21,4.62,234073.48,5.26
810834.84,18.22,4.62,234093.1,5.26
810698.88,18.22,4.62,234072.79,5.26
810570.39,18.22,4.62,235036.91,5.28
810327.32,18.22,4.62,234938.44,5.28
810464.85,18.22,4.63,235022.79,5.28
810328.89,18.22,4.63,235022.6,5.29
810005.46,18.22,4.62,234634.12,5.28
809955.46,18.22,4.62,234584.12,5.28
810231.92,18.23,4.63,234584.12,5.28
810283.61,18.23,4.63,234591.17,5.28
810147.65,18.23,4.64,234584.12,5.28
809805.23,18.23,4.63,234584.12,5.28
810041.0,18.23,4.64,234730.96,5.28
809752.84,18.23,4.63,234503.52,5.28
810021.67,18.24,4.64,234523.74,5.28
809736.43,18.23,4.63,234176.27,5.27
809920.14,18.24,4.64,234104.41,5.27
809971.83,18.24,4.65,235583.06,5.31
809835.87,18.24,4.65,235582.87,5.31
809699.91,18.24,4.65,235582.87,5.31
809751.61,18.25,4.65,235582.87,5.31
809751.61,18.25,4.65,235703.95,5.31
809803.3,18.25,4.66,235720.42,5.31
809854.99,18.26,4.66,235719.42,5.31
809510.2,18.25,4.66,235343.6,5.31
809561.9,18.26,4.66,235388.4,5.31
809613.59,18.26,4.66,235554.98,5.31
809477.63,18.26,4.67,236264.84,5.33
809341.67,18.26,4.67,236264.65,5.33
809346.37,18.26,4.67,236266.65,5.33
809615.19,18.27,4.67,236266.65,5.33
809666.88,18.28,4.68,236266.65,5.33
809740.18,18.28,4.68,236338.62,5.33
809923.89,18.28,4.69,236419.38,5.34
809569.11,18.28,4.68,236491.46,5.34
809433.15,18.28,4.68,236350.5,5.34
809701.97,18.29,4.69,236338.62,5.34
809701.97,18.29,4.69,236306.37,5.34
809701.97,18.29,4.69,236246.46,5.34
809566.01,18.29,4.69,237122.46,5.36
809617.7,18.29,4.7,237367.84,5.36
809801.41,18.3,4.7,237367.64,5.36
809853.11,18.3,4.71,237367.64,5.36
809717.15,18.3,4.71,237367.64,5.37
809581.19,18.31,4.71,237426.33,5.37
809764.9,18.31,4.72,237404.18,5.37
809948.61,18.32,4.72,237367.64,5.37
809820.12,18.32,4.72,238685.24,5.4
809676.69,18.32,4.73,238549.99,5.4
809397.58,18.32,4.72,238289.87,5.39
809261.62,18.32,4.72,238289.67,5.39
809125.66,18.32,4.72,238289.67,5.39
809177.35,18.32,4.73,238289.67,5.4
809041.39,18.32,4.73,238315.03,5.4
809093.08,18.33,4.73,238296.79,5.4
809144.77,18.33,4.74,238289.67,5.4
808799.99,18.33,4.73,237852.67,5.39
808799.99,18.33,4.73,237852.67,5.39
808664.03,18.33,4.73,238488.4,5.41
808528.07,18.33,4.73,238395.36,5.4
808335.96,18.33,4.73,238146.41,5.4
808604.79,18.33,4.74,238146.22,5.4
808788.5,18.34,4.75,238146.22,5.4
808840.19,18.35,4.75,238146.22,5.4
808891.89,18.35,4.75,238169.94,5.4
808755.93,18.35,4.76,238159.84,5.4
808619.97,18.35,4.76,238146.22,5.41
808803.68,18.36,4.76,239464.37,5.44
808629.11,18.36,4.76,239310.96,5.43
808301.79,18.35,4.76,239307.81,5.43
808165.94,18.35,4.76,239104.37,5.43
808217.63,18.36,4.76,239104.55,5.43
808081.67,18.36,4.76,239104.18,5.43
808133.36,18.36,4.77,239104.18,5.43
807961.14,18.36,4.76,238912.62,5.43
808288.98,18.37,4.77,238926.35,5.43
808153.02,18.37,4.77,238919.81,5.43
808017.06,18.37,4.77,238912.62,5.43
807593.26,18.36,4.77,239210.61,5.44
807457.3,18.36,4.77,239260.25,5.44
807321.34,18.37,4.77,239329.68,5.44
807185.38,18.37,4.77,239329.48,5.45
807237.07,18.37,4.78,239329.48,5.45
807244.12,18.37,4.78,239331.54,5.45
807512.94,18.38,4.78,239351.86,5.45
807376.98,18.38,4.78,239331.84,5.45
807241.02,18.38,4.79,239331.54,5.45
806896.24,18.38,4.78,239475.59,5.45
807132.01,18.38,4.79,239344.75,5.45
806996.05,18.38,4.79,240021.6,5.47
807264.87,18.39,4.8,240313.98,5.48
807316.57,18.4,4.8,240314.16,5.48
807159.75,18.39,4.8,240157.34,5.47
807023.79,18.4,4.8,240156.97,5.47
806887.83,18.4,4.8,240180.13,5.48
806556.1,18.39,4.79,239910.61,5.47
806420.14,18.39,4.8,239898.01,5.47
806284.18,18.39,4.8,239887.45,5.47
806148.22,18.39,4.8,240199.59,5.48
806420.25,18.4,4.81,240001.6,5.48
806471.95,18.41,4.81,240527.13,5.49
806127.16,18.4,4.81,240151.54,5.48
805991.2,18.4,4.81,240151.35,5.48
805991.2,18.4,4.81,240149.09,5.48
805791.53,18.4,4.8,240072.02,5.48
805843.22,18.4,4.81,240072.02,5.48
805894.91,18.41,4.81,240072.02,5.48
805946.6,18.41,4.82,240080.46,5.48
805810.64,18.41,4.82,240072.05,5.49
805674.68,18.41,4.82,240072.02,5.49
805538.72,18.42,4.82,240687.98,5.5
805383.42,18.41,4.82,240533.17,5.5
805247.46,18.41,4.82,240456.61,5.5
805111.5,18.41,4.82,240456.42,5.5
805163.19,18.42,4.82,240456.42,5.5
805027.23,18.42,4.82,240479.59,5.5
804891.27,18.42,4.83,240475.29,5.5
804755.31,18.42,4.83,240472.81,5.51
804807.01,18.43,4.83,240456.42,5.51
804671.05,18.43,4.83,240951.12,5.52
804535.09,18.43,4.83,240794.25,5.52
804342.9,18.43,4.83,240745.72,5.52
804349.94,18.43,4.83,240773.03,5.52
804401.64,18.43,4.84,240773.21,5.52
804401.64,18.43,4.84,240773.21,5.52
804637.4,18.44,4.84,240772.83,5.52
804689.1,18.44,4.85,240772.83,5.52
804553.14,18.44,4.85,240783.35,5.52
804821.96,18.45,4.86,240780.68,5.52
804686.0,18.45,4.86,240772.83,5.52
804550.04,18.46,4.86,241721.84,5.54
804550.04,18.46,4.86,241704.96,5.54
804414.08,18.46,4.86,241847.62,5.55
804278.12,18.46,4.86,241847.43,5.55
804278.12,18.46,4.86,241847.43,5.55
804142.16,18.46,4.86,241847.43,5.55
803797.38,18.45,4.86,241442.58,5.54
803661.42,18.45,4.86,241448.1,5.54
803713.11,18.46,4.86,241448.65,5.55
803577.15,18.46,4.86,241447.67,5.55
803441.19,18.46,4.86,241442.58,5.55
803624.9,18.47,4.87,241995.13,5.56
803488.94,18.47,4.87,241893.01,5.56
803352.98,18.47,4.87,241892.82,5.56
803629.45,18.48,4.88,241892.82,5.56
803681.14,18.48,4.89,241912.59,5.56
803338.72,18.48,4.88,241902.86,5.56
803390.41,18.48,4.89,241900.28,5.56
803254.45,18.48,4.89,241892.82,5.57
803523.27,18.49,4.89,242563.88,5.58
803530.32,18.49,4.89,242611.36,5.58
803721.5,18.5,4.9,242792.84,5.59
803611.64,18.5,4.9,243008.65,5.59
803663.33,18.5,4.91,243008.83,5.6
803527.37,18.51,4.91,243008.46,5.6
803527.37,18.51,4.91,243008.46,5.6
803343.3,18.5,4.91,242949.62,5.6
803207.34,18.5,4.91,242952.18,5.6
802864.0,18.5,4.9,242743.83,5.59
802915.7,18.5,4.91,242742.14,5.59
802757.29,18.5,4.9,242584.49,5.59
802758.8,18.5,4.9,242625.32,5.59
802622.84,18.5,4.9,242624.44,5.59
802486.88,18.5,4.91,242624.44,5.59
802755.71,18.51,4.91,243255.11,5.61
802410.92,18.5,4.91,243016.89,5.6
802462.61,18.51,4.91,243184.53,5.61
802514.31,18.51,4.92,243184.71,5.61
802378.35,18.51,4.92,243184.33,5.61
802430.04,18.52,4.92,243184.33,5.61
802481.73,18.52,4.93,243184.33,5.61
802345.77,18.52,4.93,243341.15,5.62
802209.81,18.53,4.93,243184.33,5.62
802081.32,18.53,4.93,243957.87,5.64
802257.56,18.53,4.94,244025.51,5.64
802121.6,18.53,4.94,244025.32,5.64
802398.07,18.54,4.95,244025.32,5.64
802581.78,18.55,4.95,244055.99,5.64
802445.82,18.55,4.96,244033.5,5.64
802103.4,18.55,4.95,244025.32,5.64
802155.09,18.55,4.95,244025.32,5.64
802159.79,18.55,4.95,244028.02,5.64
802023.83,18.55,4.96,244642.51,5.66
801895.33,18.55,4.96,244498.27,5.66
801605.66,18.55,4.95,244249.67,5.65
801605.66,18.55,4.95,244353.02,5.65
801462.23,18.55,4.95,244425.39,5.66
801326.27,18.55,4.95,244425.19,5.66
801595.1,18.56,4.96,244425.19,5.66
801830.87,18.57,4.97,244448.18,5.66
801882.56,18.57,4.97,244440.13,5.66
802066.27,18.58,4.98,244425.19,5.66
801731.49,18.57,4.98,244719.96,5.67
802000.31,18.58,4.98,244757.3,5.67
801871.82,18.58,4.99,244539.45,5.67
801552.53,18.58,4.98,245714.13,5.69
801552.53,18.58,4.98,245714.13,5.69
801395.62,18.58,4.98,245465.17,5.69
801259.66,18.58,4.98,245464.98,5.69
801536.12,18.59,4.99,245464.98,5.69
801400.16,18.59,4.99,245520.04,5.69
801264.2,18.59,4.99,245499.78,5.7
801315.89,18.59,5.0,245489.5,5.7
800973.47,18.59,4.99,245464.98,5.7
800786.15,18.58,4.99,245312.36,5.69
800665.12,18.59,4.99,246188.55,5.71
801146.68,18.6,5.0,246355.47,5.72
801418.71,18.61,5.01,246355.27,5.72
801311.89,18.61,5.01,246246.61,5.72
800735.83,18.6,5.0,245653.51,5.71
800787.52,18.6,5.01,245653.51,5.71
800787.52,18.6,5.01,245653.51,5.71
801056.35,18.61,5.01,245655.72,5.71
800711.56,18.6,5.01,245654.31,5.71
800980.39,18.61,5.02,245653.51,5.71
800844.43,18.61,5.02,245653.51,5.71
800583.36,18.61,5.01,245373.53,5.7
800447.4,18.61,5.01,245930.52,5.72
800311.44,18.61,5.02,245889.74,5.72
800021.77,18.61,5.01,245654.92,5.71
800073.46,18.61,5.02,246030.17,5.72
800125.16,18.62,5.02,246030.35,5.72
799989.2,18.62,5.02,246029.97,5.73
799853.24,18.62,5.02,246029.97,5.73
800036.95,18.63,5.03,246065.42,5.73
800036.95,18.63,5.03,246065.42,5.73
800088.64,18.63,5.03,246049.94,5.73
800088.64,18.63,5.03,246049.94,5.73
800272.35,18.64,5.04,246029.97,5.73
800272.35,18.64,5.04,246029.97,5.73
800136.39,18.64,5.04,247090.86,5.76
799808.4,18.63,5.04,247115.16,5.76
799611.02,18.63,5.03,246879.93,5.75
799504.2,18.63,5.03,246771.27,5.75
799555.89,18.63,5.04,246918.36,5.75
799827.93,18.64,5.04,246918.17,5.75
799691.97,18.64,5.05,246918.17,5.76
799875.68,18.65,5.05,246922.68,5.76
799718.86,18.65,5.05,246764.01,5.75
799582.9,18.65,5.05,246766.2,5.75
799446.94,18.65,5.05,246759.51,5.76
799156.94,18.64,5.05,246469.51,5.75
799020.98,18.64,5.05,247105.09,5.77
799204.69,18.65,5.05,247267.72,5.77
799068.73,18.65,5.06,247430.58,5.78
798932.77,18.65,5.06,247430.39,5.78
798796.81,18.65,5.06,247430.39,5.78
799073.28,18.66,5.07,247456.99,5.78
798783.6,18.66,5.06,247296.27,5.78
798441.18,18.65,5.06,247284.78,5.78
798710.01,18.66,5.06,247269.67,5.78
798365.22,18.65,5.06,247759.66,5.79
798641.68,18.66,5.07,247512.08,5.78
798520.66,18.66,5.07,247389.3,5.78
798590.37,18.67,5.07,248259.57,5.8
798493.41,18.67,5.08,248061.88,5.8
798357.45,18.67,5.08,248061.68,5.8
798221.49,18.67,5.08,248061.68,5.8
798085.53,18.67,5.08,248072.34,5.8
798137.23,18.68,5.08,248061.68,5.81
797965.19,18.68,5.08,247899.47,5.8
798234.02,18.68,5.09,247899.47,5.8
798098.06,18.69,5.09,247899.47,5.8
798098.06,18.69,5.09,247885.53,5.8
797962.1,18.69,5.09,248389.54,5.82
797826.14,18.69,5.09,248483.23,5.82
797690.18,18.69,5.09,248483.04,5.82
797554.22,18.69,5.09,248483.04,5.82
797447.4,18.69,5.09,248374.37,5.82
797102.61,18.68,5.09,247998.93,5.81
796966.66,18.68,5.09,248013.23,5.81
796969.0,18.68,5.09,248031.55,5.81
796971.35,18.68,5.09,248044.22,5.82
796971.35,18.68,5.09,248068.87,5.82
796835.39,18.69,5.09,248062.04,5.82
796550.59,18.68,5.08,247729.6,5.81
796267.72,18.67,5.08,247451.69,5.8
796131.76,18.68,5.08,247446.8,5.8
796131.76,18.68,5.08,247446.8,5.8
795995.8,18.68,5.08,247757.34,5.81
795867.31,18.68,5.08,247618.36,5.81
795867.31,18.68,5.08,247592.22,5.81
796194.38,18.69,5.09,247829.83,5.82
796058.42,18.69,5.09,247829.63,5.82
796058.42,18.69,5.09,247877.06,5.82
796110.11,18.69,5.1,247877.06,5.82
796161.8,18.7,5.1,247877.06,5.82
795721.31,18.69,5.09,247495.31,5.81
795585.35,18.69,5.1,247525.69,5.82
795385.68,18.69,5.09,247165.02,5.81
795385.68,18.69,5.09,247231.77,5.81
795392.72,18.69,5.09,247234.94,5.81
795256.76,18.69,5.09,247236.79,5.81
794169.08,18.7,5.1,247236.59,5.82
794220.77,18.7,5.11,247204.37,5.82
794084.81,18.71,5.11,247890.36,5.84
793948.85,18.71,5.11,247736.99,5.84
793948.85,18.71,5.11,247753.74,5.84
793812.89,18.71,5.11,247753.55,5.84
793523.22,18.7,5.11,247622.47,5.84
793574.91,18.71,5.11,247622.47,5.84
793417.26,18.7,5.11,247465.56,5.83
793814.07,18.71,5.12,247488.58,5.83
793401.3,18.71,5.11,247475.66,5.84
793265.34,18.71,5.11,247465.56,5.84
793317.03,18.71,5.12,247872.28,5.85
793317.03,18.71,5.12,247867.14,5.85
793181.07,18.71,5.12,247577.06,5.84
793457.37,18.72,5.13,248559.6,5.87
793457.37,18.72,5.13,248559.6,5.87
792369.69,18.73,5.14,248559.41,5.88
792509.77,18.74,5.14,248688.33,5.88
792373.81,18.74,5.14,248688.13,5.88
791940.21,18.73,5.14,248210.03,5.87
792209.04,18.74,5.15,248210.03,5.87
792073.08,18.74,5.15,248255.07,5.87
791937.12,18.74,5.15,248217.78,5.87
791784.16,18.74,5.15,248065.19,5.87
791835.85,18.75,5.15,248057.45,5.87
791842.9,18.75,5.15,248078.07,5.87
791706.94,18.75,5.15,248610.94,5.89
791509.56,18.74,5.15,248238.77,5.88
791441.32,18.75,5.15,248263.91,5.88
791237.64,18.75,5.15,248475.11,5.89
791506.46,18.75,5.16,248474.92,5.89
791506.46,18.75,5.16,248474.92,5.89
791506.46,18.75,5.16,248474.92,5.89
791290.66,18.75,5.15,248287.06,5.88
791093.28,18.75,5.15,248287.06,5.88
791093.28,18.75,5.15,248287.06,5.88
790957.32,18.75,5.15,248304.11,5.89
790821.36,18.75,5.15,248287.06,5.89
790821.36,18.75,5.15,248287.06,5.89
791090.18,18.76,5.16,248287.06,5.89
790954.22,18.76,5.16,249044.14,5.91
790833.2,18.76,5.17,249113.33,5.91
791118.6,18.77,5.18,249182.93,5.91
790953.82,18.77,5.17,249412.43,5.92
790494.15,18.76,5.17,248847.06,5.91
790677.87,18.77,5.17,248846.86,5.91
790677.87,18.77,5.17,248846.86,5.91
790541.91,18.77,5.18,248846.86,5.91
790810.73,18.78,5.18,248907.58,5.91
790674.77,18.78,5.19,248865.59,5.91
790538.81,18.78,5.19,248846.86,5.91
790590.5,18.79,5.19,249553.15,5.93
790300.83,18.78,5.19,249101.06,5.92
790352.52,18.79,5.19,249049.35,5.92
790075.46,18.78,5.19,249677.63,5.94
790226.47,18.79,5.19,249666.86,5.94
790226.47,18.79,5.19,249666.86,5.94
790090.51,18.79,5.19,249666.67,5.94
790425.05,18.8,5.2,249666.67,5.94
790476.74,18.8,5.21,249666.67,5.94
790340.78,18.81,5.21,249675.48,5.94
789900.29,18.8,5.2,249755.84,5.94
789764.33,18.8,5.2,249666.67,5.94
789816.02,18.8,5.21,249666.67,5.94
790212.82,18.81,5.22,250487.35,5.96
790212.82,18.81,5.22,250487.35,5.96
790107.59,18.81,5.22,250378.69,5.96
789790.64,18.81,5.21,249744.06,5.95
789654.68,18.81,5.21,250182.8,5.96
789838.39,18.82,5.22,250182.61,5.96
790107.22,18.82,5.23,250182.61,5.96
790116.1,18.82,5.23,250187.81,5.96
790116.1,18.82,5.23,250187.81,5.96
789980.14,18.83,5.23,250243.19,5.96
789660.47,18.82,5.22,250269.02,5.96
789524.51,18.82,5.22,250234.26,5.97
789524.51,18.82,5.22,250234.26,5.97
789189.73,18.81,5.22,250187.81,5.96
789189.73,18.81,5.22,250187.81,5.96
789241.42,18.82,5.22,250636.05,5.98
789120.39,18.82,5.23,250594.73,5.98
789120.39,18.82,5.23,250594.73,5.98
789488.53,18.83,5.24,250378.14,5.97
789136.49,18.83,5.23,250915.35,5.99
789136.49,18.83,5.23,250915.35,5.99
789000.53,18.83,5.23,250915.16,5.99
789195.57,18.83,5.24,250893.89,5.99
789059.62,18.84,5.24,250893.89,5.99
789059.62,18.84,5.24,250893.89,5.99
788923.66,18.84,5.24,250897.15,5.99
788787.7,18.84,5.24,251142.73,6.0
788787.7,18.84,5.24,251142.73,6.0
788787.7,18.84,5.24,251142.73,6.0
788512.05,18.83,5.24,250916.46,5.99
788376.09,18.83,5.24,250682.94,5.99
788574.74,18.84,5.25,250772.91,5.99
788644.45,18.85,5.25,251409.52,6.01
788802.78,18.85,5.26,251490.13,6.01
788666.82,18.85,5.26,251489.93,6.01
788666.82,18.85,5.26,251489.93,6.01
788935.64,18.86,5.27,251489.93,6.01
788799.68,18.86,5.27,251489.93,6.01
788663.72,18.87,5.27,251634.62,6.02
788527.76,18.87,5.27,251635.87,6.02
788263.19,18.86,5.27,251383.36,6.02
788127.23,18.86,5.27,251237.42,6.01
787991.27,18.86,5.27,251622.04,6.02
787793.89,18.86,5.27,251282.6,6.02
787636.24,18.86,5.26,251125.81,6.01
787819.96,18.87,5.27,251614.45,6.03
787684.0,18.87,5.27,251614.26,6.03
787548.04,18.87,5.27,251614.26,6.03
787580.96,18.87,5.27,251640.44,6.03
787632.65,18.87,5.28,251640.44,6.03
787496.69,18.88,5.28,251861.25,6.04
787360.73,18.88,5.28,251643.28,6.03
787239.71,18.88,5.28,251738.57,6.04
787152.67,18.88,5.28,252191.35,6.05
786955.2,18.88,5.28,251830.44,6.04
786819.24,18.88,5.29,251830.25,6.04
786870.93,18.89,5.29,251830.25,6.04
786734.97,18.89,5.29,251832.55,6.05
786786.66,18.89,5.3,251832.61,6.05
786650.7,18.89,5.3,251838.09,6.05
786834.42,18.9,5.31,251831.68,6.05
786698.46,18.9,5.31,252524.63,6.07
786967.28,18.91,5.32,252849.2,6.08
787018.97,18.92,5.32,252849.38,6.08
786883.01,18.92,5.32,252849.01,6.08
786548.23,18.91,5.32,252587.9,6.07
786824.69,18.92,5.32,252607.67,6.07
786859.72,18.92,5.33,252649.83,6.08
786517.29,18.92,5.32,252639.66,6.08
786568.99,18.92,5.32,252636.3,6.08
786568.99,18.92,5.32,252636.3,6.08
786433.03,18.92,5.33,252630.05,6.08
786297.07,18.92,5.33,253299.16,6.1
786693.87,18.93,5.34,253052.58,6.09
786581.0,18.93,5.34,253607.04,6.1
786471.77,18.93,5.34,253505.01,6.1
786476.72,18.93,5.34,253507.97,6.1
786660.43,18.94,5.35,253507.77,6.1
786660.43,18.94,5.35,253507.77,6.1
786929.26,18.95,5.35,253507.77,6.1
786980.95,18.95,5.36,253507.77,6.11
786980.95,18.95,5.36,253507.77,6.11
786752.52,18.95,5.35,253292.73,6.1
786616.56,18.95,5.36,253352.04,6.1
786271.78,18.95,5.35,253313.81,6.1
786507.55,18.95,5.36,253292.73,6.1
786743.32,18.96,5.37,254219.56,6.13
786607.36,18.96,5.37,254352.28,6.13
786471.4,18.97,5.37,254440.14,6.14
786471.4,18.97,5.37,254440.14,6.14
786740.22,18.97,5.38,254439.94,6.14
786395.44,18.97,5.37,254439.94,6.14
786259.48,18.97,5.37,254439.94,6.14
786059.8,18.97,5.37,254445.36,6.14
786059.8,18.97,5.37,254445.36,6.14
786111.5,18.97,5.37,254473.68,6.14
786163.19,18.97,5.38,254460.16,6.14
786170.23,18.98,5.38,254462.17,6.14
786221.92,18.98,5.38,254453.3,6.14
786273.62,18.99,5.39,254447.88,6.14
786137.66,18.99,5.39,255316.11,6.17
786214.65,18.99,5.39,255447.54,6.17
786493.11,19.0,5.4,255691.35,6.18
786357.15,19.0,5.4,255691.16,6.18
786221.19,19.0,5.4,255691.16,6.18
786085.23,19.0,5.4,255704.37,6.18
785949.27,19.0,5.41,255698.68,6.18
786132.98,19.01,5.41,255691.16,6.18
785997.02,19.01,5.42,256058.82,6.19
785861.06,19.01,5.42,255826.72,6.19
785725.1,19.01,5.42,256011.74,6.2
785453.08,19.01,5.41,255797.76,6.19
785725.12,19.02,5.42,255797.57,6.19
785776.81,19.02,5.43,255797.57,6.19
785640.85,19.02,5.43,255798.4,6.19
785692.54,19.03,5.43,255798.12,6.2
785961.37,19.04,5.44,255797.57,6.2
785626.58,19.03,5.44,255877.56,6.2
785810.3,19.04,5.44,255840.62,6.2
785674.34,19.04,5.44,255797.57,6.2
785681.38,19.04,5.44,255799.61,6.2
785545.42,19.04,5.45,256990.17,6.23
785622.45,19.04,5.45,257049.61,6.23
785622.45,19.04,5.45,257040.37,6.23
785622.45,19.04,5.45,257040.37,6.23
785622.45,19.04,5.45,257040.37,6.23
785486.49,19.05,5.45,257040.17,6.23
785350.53,19.05,5.45,257040.17,6.23
785402.22,19.05,5.46,257078.92,6.24
785671.05,19.06,5.46,257040.19,6.24
785381.38,19.05,5.46,256758.85,6.23
785245.42,19.06,5.46,256760.65,6.23
785109.46,19.06,5.46,257190.05,6.24
784954.23,19.05,5.46,257031.39,6.24
784818.27,19.06,5.46,256844.65,6.24
785001.98,19.06,5.47,257537.7,6.25
784866.02,19.06,5.47,257537.51,6.26
784531.23,19.06,5.46,257113.85,6.25
784531.23,19.06,5.46,257113.85,6.25
784582.93,19.06,5.47,257113.85,6.25
784634.62,19.07,5.47,257113.85,6.25
784498.66,19.07,5.47,257125.4,6.25
784362.7,19.07,5.47,257122.82,6.25
784631.52,19.08,5.48,257113.85,6.25
784867.29,19.09,5.49,257998.52,6.27
784731.33,19.09,5.49,258158.49,6.28
784595.37,19.09,5.49,258158.29,6.28
784459.41,19.09,5.5,258158.29,6.28
784323.45,19.09,5.5,258185.46,6.29
784187.49,19.09,5.5,258165.07,6.29
784051.53,19.1,5.5,258158.29,6.29
784084.21,19.1,5.5,258254.42,6.29
783948.25,19.1,5.5,258560.05,6.3
783819.76,19.1,5.5,258423.25,6.3
783676.33,19.1,5.5,258254.42,6.29
783540.37,19.1,5.51,258254.23,6.3
783195.59,19.1,5.5,257896.42,6.29
783247.28,19.1,5.51,257896.42,6.29
783033.77,19.1,5.5,257686.51,6.28
783033.77,19.1,5.5,257686.51,6.28
782923.77,19.09,5.5,257576.51,6.28
782923.77,19.09,5.5,257712.59,6.29
782787.81,19.1,5.5,257731.16,6.29
782839.5,19.1,5.51,257722.92,6.29
782891.19,19.11,5.51,257714.56,6.29
782942.89,19.11,5.52,257713.37,6.29
782806.93,19.11,5.52,258503.59,6.31
782670.97,19.11,5.52,258402.99,6.31
782939.79,19.12,5.53,258402.8,6.31
782803.83,19.12,5.53,258402.8,6.31
782667.87,19.13,5.53,258437.25,6.32
782531.91,19.13,5.53,258423.44,6.32
782395.95,19.13,5.53,258410.03,6.32
782274.93,19.13,5.53,259412.27,6.34
782050.65,19.13,5.53,259397.9,6.34
782205.34,19.13,5.54,258841.03,6.33
782069.38,19.14,5.54,258840.83,6.33
781882.63,19.13,5.54,258840.6,6.33
782151.46,19.14,5.55,258840.6,6.34
782015.5,19.14,5.55,259036.34,6.34
782067.19,19.15,5.55,258944.36,6.34
782067.19,19.15,5.55,258944.36,6.34
781931.23,19.15,5.56,258982.82,6.34
781795.27,19.15,5.56,258942.16,6.34
781846.96,19.16,5.56,259656.31,6.36
781744.57,19.16,5.56,259571.58,6.36
781608.61,19.16,5.57,259571.39,6.36
781472.65,19.16,5.57,259571.39,6.36
781524.35,19.17,5.57,259609.43,6.37
781150.68,19.16,5.56,259318.46,6.36
781014.73,19.16,5.57,259295.98,6.36
780878.77,19.16,5.57,259825.72,6.38
780757.74,19.17,5.57,259824.44,6.38
781009.58,19.18,5.58,259893.94,6.38
780873.62,19.18,5.58,259893.74,6.38
780524.09,19.17,5.58,259658.88,6.38
780388.13,19.17,5.58,259658.88,6.38
780252.17,19.18,5.58,259676.78,6.38
780435.89,19.18,5.59,259667.92,6.38
780385.89,19.18,5.59,259617.92,6.38
780385.89,19.18,5.59,259603.18,6.38
780437.58,19.19,5.59,259600.98,6.38
780621.29,19.19,5.6,260215.66,6.4
780621.29,19.19,5.6,260297.66,6.4
780485.33,19.2,5.6,260231.62,6.4
780349.37,19.2,5.6,260368.02,6.41
780360.5,19.2,5.6,260546.8,6.41
780629.32,19.21,5.61,260546.61,6.41
780284.54,19.2,5.6,260546.61,6.41
780148.58,19.2,5.61,260546.61,6.41
780200.27,19.21,5.61,260602.79,6.42
780064.31,19.21,5.61,260603.84,6.42
780064.31,19.21,5.61,260603.84,6.42
779928.35,19.21,5.61,260547.92,6.42
779980.04,19.21,5.62,260546.61,6.42
779980.04,19.21,5.62,260546.61,6.42
779844.08,19.22,5.62,261105.73,6.43
779844.08,19.22,5.62,261105.73,6.43
780112.9,19.22,5.63,261335.15,6.44
779976.94,19.23,5.63,261334.96,6.44
779840.98,19.23,5.63,261334.96,6.44
779892.68,19.23,5.64,261376.76,6.45
779756.72,19.23,5.64,261342.0,6.45
779599.9,19.23,5.64,261183.34,6.44
779463.94,19.23,5.64,261176.3,6.44
779327.98,19.23,5.64,261776.46,6.46
779259.74,19.24,5.64,261618.81,6.46
778172.06,19.25,5.65,261618.61,6.47
778036.1,19.25,5.65,261618.42,6.47
778036.1,19.25,5.65,261618.42,6.47
777857.98,19.25,5.65,261407.76,6.47
777656.65,19.25,5.65,261155.25,6.46
777741.75,19.25,5.65,261260.52,6.47
777605.8,19.25,5.65,261260.52,6.47
777469.84,19.25,5.65,261286.84,6.47
777333.88,19.25,5.66,261274.21,6.47
777602.7,19.26,5.67,261260.52,6.47
777466.74,19.26,5.67,261834.82,6.49
777602.18,19.27,5.67,262403.72,6.5
777850.96,19.28,5.68,261967.61,6.49
777695.66,19.27,5.68,261809.61,6.49
777354.73,19.27,5.67,261822.52,6.49
777079.54,19.26,5.67,261578.7,6.48
777131.23,19.27,5.67,261578.88,6.49
776995.27,19.27,5.67,261578.51,6.49
777046.96,19.28,5.68,261578.51,6.49
776911.0,19.28,5.68,261582.7,6.49
776775.04,19.28,5.68,261583.45,6.49
776639.08,19.28,5.68,261578.51,6.49
776327.35,19.27,5.68,261253.62,6.49
776191.39,19.28,5.68,261723.71,6.5
776460.22,19.28,5.69,261966.39,6.51
776511.91,19.29,5.69,261966.57,6.51
776563.6,19.29,5.7,261966.19,6.51
776291.68,19.3,5.7,261977.41,6.51
776155.72,19.3,5.7,261972.5,6.51
775810.94,19.29,5.7,261650.89,6.51
776079.76,19.3,5.71,261644.59,6.51
775734.98,19.29,5.7,262129.9,6.52
775599.02,19.3,5.7,262109.49,6.52
775463.06,19.3,5.7,262081.82,6.52
775327.1,19.3,5.7,262081.63,6.52
775045.37,19.29,5.7,261696.87,6.51
774909.41,19.3,5.7,261696.87,6.52
774773.45,19.3,5.7,261696.87,6.52
774637.49,19.3,5.7,261852.38,6.52
774501.53,19.3,5.7,261710.85,6.52
774501.53,19.3,5.7,261710.85,6.52
774770.35,19.31,5.71,262476.52,6.54
774702.12,19.31,5.72,262430.3,6.54
775153.65,19.32,5.73,262756.87,6.55
775337.36,19.33,5.74,262756.67,6.55
775201.4,19.33,5.74,262756.67,6.55
775206.1,19.33,5.74,262759.44,6.55
775206.1,19.33,5.74,262759.44,6.55
775070.14,19.34,5.74,262810.25,6.56
774789.17,19.33,5.73,262590.84,6.55
775024.94,19.34,5.74,262546.81,6.55
775301.4,19.35,5.75,262540.03,6.55
775011.73,19.34,5.75,262795.56,6.56
774875.77,19.34,5.75,262713.07,6.56
774927.46,19.35,5.75,262696.56,6.56
774592.51,19.34,5.75,263373.28,6.58
774449.08,19.34,5.75,263158.02,6.57
774717.9,19.35,5.76,263157.82,6.57
774581.94,19.35,5.76,263157.82,6.58
774445.98,19.36,5.76,263189.39,6.58
774497.67,19.36,5.77,263174.2,6.58
774769.71,19.37,5.77,263157.82,6.58
774953.42,19.38,5.78,263728.2,6.59
774608.64,19.37,5.78,263432.72,6.59
774472.68,19.37,5.78,263234.36,6.58
774336.72,19.37,5.78,264171.75,6.61
774605.54,19.38,5.79,264171.56,6.61
774324.57,19.38,5.78,263932.23,6.61
774188.61,19.38,5.78,263932.23,6.61
773898.94,19.37,5.78,263562.77,6.6
773762.98,19.38,5.78,263592.16,6.6
773627.02,19.38,5.78,263573.55,6.6
773282.24,19.37,5.77,263563.19,6.6
773146.28,19.37,5.78,263871.72,6.61
773197.97,19.38,5.78,263774.85,6.61
773249.66,19.38,5.79,263884.37,6.61
772971.66,19.38,5.78,263646.92,6.61
772835.7,19.38,5.78,263761.27,6.61
773170.24,19.39,5.79,263761.08,6.61
773034.28,19.39,5.79,263761.08,6.62
772898.32,19.39,5.8,263761.08,6.62
772899.84,19.39,5.8,263761.45,6.62
772763.88,19.39,5.8,263834.84,6.62
772500.79,19.39,5.79,263829.16,6.62
772769.61,19.4,5.8,263761.45,6.62
773005.38,19.41,5.81,264479.28,6.64
772876.89,19.41,5.81,264550.52,6.64
772921.11,19.41,5.82,264652.71,6.65
772972.8,19.42,5.82,264652.89,6.65
773024.5,19.42,5.83,264652.52,6.65
772888.54,19.43,5.83,264652.52,6.65
773072.25,19.43,5.84,264686.83,6.65
772936.29,19.43,5.84,264667.92,6.65
772800.33,19.44,5.84,264669.21,6.66
772518.6,19.43,5.83,264693.25,6.66
772382.64,19.43,5.84,265396.51,6.68
772037.86,19.43,5.83,265011.31,6.67
771838.18,19.42,5.83,264528.09,6.66
772172.72,19.43,5.84,265271.69,6.68
772031.03,19.43,5.83,265025.54,6.67
771895.07,19.43,5.84,265025.34,6.67
771759.11,19.43,5.84,265025.34,6.67
771470.3,19.43,5.83,264826.09,6.67
771470.3,19.43,5.83,264811.63,6.67
771470.3,19.43,5.83,264858.3,6.67
771746.77,19.44,5.84,264886.47,6.67
771798.46,19.44,5.85,264872.63,6.67
771982.17,19.45,5.85,264865.12,6.67
771986.87,19.45,5.85,264867.36,6.67
772038.56,19.45,5.86,264860.54,6.67
772090.25,19.46,5.86,265888.65,6.7
771747.83,19.45,5.86,265511.3,6.69
772024.29,19.46,5.87,265821.05,6.7
772208.0,19.47,5.87,265820.85,6.7
772072.04,19.47,5.88,265820.85,6.7
772072.04,19.47,5.88,266258.49,6.72
772123.74,19.48,5.88,266258.49,6.72
771987.78,19.48,5.88,266319.87,6.72
771851.82,19.48,5.88,266261.27,6.72
771715.86,19.48,5.89,266258.49,6.72
771715.86,19.48,5.89,266258.49,6.72
771579.9,19.48,5.89,266846.3,6.74
771443.94,19.48,5.89,266705.05,6.74
771627.65,19.49,5.9,266704.85,6.74
771491.69,19.49,5.9,266704.85,6.74
771202.02,19.49,5.89,266475.57,6.73
771066.06,19.49,5.89,266475.57,6.74
771117.75,19.5,5.9,266536.96,6.74
770798.08,19.49,5.89,266217.57,6.73
770662.12,19.49,5.89,266256.95,6.73
770666.81,19.49,5.89,266259.11,6.73
770669.16,19.49,5.89,266261.83,6.73
769669.16,19.47,5.87,265261.83,6.71
769852.87,19.48,5.88,265268.97,6.71
769724.38,19.48,5.88,266197.39,6.74
769768.61,19.48,5.89,266192.52,6.74
769820.3,19.49,5.89,266192.7,6.74
769684.34,19.49,5.9,266192.33,6.74
769818.96,19.49,5.9,266293.57,6.74
769619.29,19.49,5.9,265978.17,6.74
769803.0,19.5,5.9,266000.32,6.74
769854.69,19.5,5.91,265989.0,6.74
769718.73,19.51,5.91,265983.39,6.74
769429.06,19.5,5.9,265978.17,6.74
769293.1,19.5,5.91,266386.11,6.75
769135.45,19.5,5.9,266229.09,6.75
769404.27,19.51,5.91,266278.71,6.75
769268.31,19.51,5.91,266446.36,6.76
769338.94,19.51,5.91,266729.27,6.76
769390.63,19.52,5.92,266729.45,6.77
769574.35,19.52,5.93,266729.08,6.77
769626.04,19.53,5.93,266736.33,6.77
769490.08,19.53,5.93,266731.22,6.77
769490.08,19.53,5.93,266731.22,6.77
769758.9,19.54,5.94,266729.08,6.77
769414.12,19.53,5.94,267131.27,6.78
769690.58,19.54,5.95,266920.36,6.78
769562.09,19.54,5.95,266833.47,6.78
769562.09,19.54,5.95,266833.47,6.78
769322.41,19.54,5.94,266695.42,6.77
769178.99,19.54,5.94,267781.89,6.8
769043.03,19.54,5.95,267781.69,6.8
768753.35,19.54,5.94,267338.15,6.79
768617.39,19.54,5.94,267338.15,6.8
768669.09,19.54,5.95,267353.51,6.8
768533.13,19.55,5.95,267338.86,6.8
768397.17,19.55,5.95,267338.15,6.8
768056.26,19.54,5.94,267129.49,6.8
767920.3,19.54,5.95,267309.18,6.8
767971.99,19.55,5.95,267500.98,6.81
768023.68,19.55,5.96,267614.95,6.81
767887.72,19.55,5.96,267614.75,6.81
768156.55,19.56,5.97,267614.75,6.82
768208.24,19.57,5.97,267614.75,6.82
768072.28,19.57,5.97,267653.14,6.82
767936.32,19.57,5.98,267622.44,6.82
768120.03,19.58,5.98,267641.08,6.82
767920.36,19.58,5.98,268012.92,6.83
767575.58,19.57,5.97,267703.24,6.83
767627.27,19.57,5.98,267788.38,6.83
767961.8,19.58,5.99,268670.31,6.85
767825.84,19.59,5.99,268670.12,6.85
767689.88,19.59,5.99,268670.12,6.86
767553.92,19.59,5.99,268706.91,6.86
767417.96,19.59,5.99,268700.8,6.86
767077.47,19.58,5.99,268258.66,6.85
767129.16,19.59,5.99,268238.95,6.85
767397.99,19.6,6.0,268228.84,6.85
767262.03,19.6,6.0,268808.33,6.87
767126.07,19.6,6.01,268730.37,6.87
766990.11,19.6,6.01,268730.18,6.87
766854.15,19.61,6.01,268730.18,6.87
766718.19,19.61,6.01,268735.35,6.87
766582.23,19.61,6.01,268730.18,6.87
766582.23,19.61,6.01,268804.78,6.88
766818.0,19.62,6.02,268804.78,6.88
766818.0,19.62,6.02,268883.73,6.88
766682.04,19.62,6.02,269130.37,6.89
766546.08,19.62,6.02,269040.71,6.89
766410.12,19.62,6.03,269258.41,6.89
766274.16,19.62,6.03,269258.22,6.9
766138.2,19.63,6.03,269258.22,6.9
766410.23,19.63,6.04,269276.85,6.9
766682.27,19.64,6.05,269258.22,6.9
766546.31,19.65,6.05,269258.22,6.9
766410.35,19.65,6.05,269925.1,6.92
766075.56,19.64,6.05,269678.47,6.91
766127.26,19.65,6.05,269870.3,6.92
766178.95,19.65,6.06,270124.48,6.93
766042.99,19.65,6.06,270124.28,6.93
766311.81,19.66,6.07,270124.28,6.93
766363.5,19.67,6.07,270161.44,6.93
766018.72,19.66,6.07,270146.69,6.93
766070.41,19.67,6.07,270124.29,6.93
766122.1,19.67,6.08,270124.29,6.94
765986.14,19.67,6.08,270124.28,6.94
765850.18,19.68,6.08,270847.51,6.96
765714.22,19.68,6.08,270697.7,6.96
765765.92,19.68,6.09,270697.88,6.96
765629.96,19.68,6.09,270697.51,6.96
765681.65,19.69,6.09,270697.51,6.96
765950.47,19.7,6.1,270721.02,6.96
765814.51,19.7,6.1,270724.9,6.96
765815.27,19.7,6.1,270726.96,6.96
765866.96,19.71,6.11,270737.19,6.97
765731.0,19.71,6.11,270711.34,6.97
765449.27,19.7,6.11,270426.66,6.96
765449.27,19.7,6.11,270426.66,6.96
765313.31,19.7,6.11,271386.05,6.99
765197.33,19.7,6.11,271166.6,6.98
765061.37,19.7,6.11,271166.41,6.98
764925.41,19.71,6.11,271166.41,6.99
764977.1,19.71,6.11,271166.41,6.99
764841.14,19.71,6.12,271185.27,6.99
764705.18,19.71,6.12,271250.55,6.99
764756.87,19.72,6.12,271166.41,6.99
765025.7,19.73,6.13,271302.03,7.0
765077.39,19.73,6.14,271856.97,7.01
764941.43,19.74,6.14,271856.78,7.01
764805.47,19.74,6.14,271884.91,7.02
764805.47,19.74,6.14,271884.91,7.02
764857.16,19.74,6.15,271872.31,7.02
765092.93,19.75,6.16,271856.78,7.02
765144.62,19.76,6.16,271856.78,7.02
764799.84,19.75,6.15,271790.22,7.02
764888.54,19.75,6.16,271957.34,7.02
765124.31,19.76,6.17,272579.31,7.04
764988.35,19.76,6.17,272758.63,7.05
764988.35,19.76,6.17,272758.63,7.05
765260.39,19.77,6.18,273228.99,7.06
765124.43,19.78,6.18,273228.79,7.06
764905.63,19.77,6.17,273113.89,7.06
764769.67,19.77,6.18,273113.89,7.06
765038.49,19.78,6.19,273113.89,7.06
764902.54,19.78,6.19,273328.48,7.07
764766.58,19.78,6.19,273336.41,7.07
764645.55,19.79,6.19,273994.05,7.09
764873.85,19.8,6.2,273503.24,7.08
764918.08,19.8,6.21,273865.48,7.09
764782.12,19.8,6.21,273865.28,7.09
764965.83,19.81,6.21,273865.28,7.09
765017.52,19.82,6.22,273865.28,7.09
765069.21,19.82,6.23,273903.32,7.1
764933.25,19.82,6.23,273890.31,7.1
764984.95,19.83,6.23,273865.28,7.1
764848.99,19.83,6.23,273865.28,7.1
764713.03,19.83,6.24,274761.05,7.13
764577.07,19.83,6.24,274760.86,7.13
764441.11,19.84,6.24,274760.86,7.13
764676.88,19.84,6.25,274783.11,7.13
764338.92,19.84,6.24,274669.71,7.13
764390.61,19.84,6.25,274662.72,7.13
764254.65,19.85,6.25,274647.49,7.13
764523.48,19.85,6.26,275008.33,7.14
764575.17,19.86,6.26,275304.87,7.15
764577.44,19.86,6.26,275302.69,7.15
764761.16,19.87,6.27,276130.6,7.17
764761.16,19.87,6.27,276115.57,7.17
764944.87,19.88,6.28,276115.37,7.17
764808.91,19.88,6.28,276115.37,7.18
764672.95,19.88,6.28,276115.37,7.18
764328.17,19.87,6.28,275725.4,7.17
764379.86,19.88,6.28,275784.09,7.17
764243.9,19.88,6.28,275727.82,7.17
764107.94,19.88,6.29,276182.24,7.19
764159.63,19.89,6.29,276331.18,7.19
764023.67,19.89,6.29,276320.15,7.19
764292.49,19.9,6.3,276319.96,7.19
764156.53,19.9,6.3,276319.96,7.2
764208.23,19.91,6.31,276319.96,7.2
764072.27,19.91,6.31,276358.8,7.2
763936.31,19.91,6.31,276326.5,7.2
763988.0,19.91,6.32,276741.69,7.21
763801.79,19.91,6.31,276543.51,7.21
763853.48,19.92,6.32,276755.48,7.22
763717.52,19.92,6.32,276853.41,7.22
763372.74,19.91,6.32,276748.61,7.22
763236.78,19.91,6.32,276748.41,7.22
763288.47,19.92,6.32,276748.41,7.22
763130.06,19.92,6.32,276590.59,7.22
763181.75,19.92,6.33,276590.59,7.22
763450.57,19.93,6.33,276590.99,7.22
763457.62,19.93,6.33,276594.15,7.22
763321.66,19.93,6.34,276711.23,7.23
763185.7,19.93,6.34,276593.75,7.22
763237.39,19.94,6.34,276737.78,7.23
762892.61,19.93,6.34,277328.35,7.25
762756.65,19.93,6.34,277195.97,7.24
762620.69,19.94,6.34,277195.78,7.25
762484.73,19.94,6.34,277195.78,7.25
762484.73,19.94,6.34,277221.55,7.25
762348.77,19.94,6.34,277254.41,7.25
762362.5,19.94,6.34,277610.3,7.26
762075.1,19.93,6.34,277309.51,7.25
762347.14,19.94,6.35,277282.86,7.25
762615.96,19.95,6.36,277276.66,7.25
762615.96,19.95,6.36,277259.86,7.25
762271.18,19.95,6.35,277672.51,7.27
762135.22,19.95,6.35,277587.72,7.27
762467.91,19.96,6.36,277648.74,7.27
762785.31,19.97,6.38,278649.86,7.3
762664.81,19.97,6.37,278442.31,7.29
762528.85,19.97,6.38,278442.11,7.29
762392.89,19.97,6.38,278442.11,7.29
762444.59,19.98,6.38,278442.11,7.3
762308.63,19.98,6.38,278460.98,7.3
762118.95,19.98,6.38,278371.76,7.3
761982.99,19.98,6.38,278364.49,7.3
762034.69,19.98,6.39,278352.89,7.3
761898.73,19.99,6.39,278854.5,7.31
761762.77,19.99,6.39,278690.72,7.31
761769.81,19.99,6.39,278713.51,7.31
762038.64,20.0,6.4,278713.32,7.31
761693.85,19.99,6.39,278713.32,7.31
761404.18,19.98,6.39,278329.05,7.31
761673.0,19.99,6.4,278329.05,7.31
761537.04,20.0,6.4,278497.09,7.31
761588.73,20.0,6.41,278329.06,7.31
761452.77,20.0,6.41,278329.05,7.31
761331.75,20.0,6.41,278454.71,7.32
761331.75,20.0,6.41,278440.73,7.32
761331.75,20.0,6.41,278395.16,7.32
761213.81,20.01,6.41,279185.65,7.34
760932.09,20.0,6.41,279031.39,7.33
760796.13,20.0,6.41,279031.19,7.34
760697.83,20.01,6.41,278832.4,7.33
760561.87,20.01,6.41,278832.4,7.33
760566.57,20.01,6.41,278835.6,7.34
760566.57,20.01,6.41,278874.92,7.34
760430.61,20.01,6.41,279110.99,7.34
760614.32,20.02,6.42,279284.75,7.35
760666.01,20.02,6.43,279117.74,7.35
760530.05,20.02,6.43,278897.84,7.34
760798.88,20.03,6.44,279782.23,7.37
760521.82,20.03,6.43,279669.07,7.37
760700.81,20.04,6.44,279824.92,7.37
760752.5,20.04,6.45,279825.1,7.37
760589.44,20.04,6.44,279667.73,7.37
760590.96,20.04,6.44,279722.75,7.37
760994.68,20.05,6.46,279723.86,7.37
760862.64,20.05,6.45,279722.39,7.37
761131.47,20.06,6.46,279722.38,7.37
761315.18,20.07,6.47,279771.7,7.37
761320.12,20.07,6.47,279791.59,7.38
761320.12,20.07,6.47,279845.8,7.38
761184.16,20.07,6.47,279826.93,7.38
761191.21,20.07,6.47,279829.3,7.38
761242.9,20.08,6.48,279798.86,7.38
761426.61,20.08,6.49,281504.22,7.43
761433.66,20.08,6.49,281524.84,7.43
761485.35,20.09,6.49,281805.82,7.43
761485.35,20.09,6.49,281385.21,7.42
761260.62,20.09,6.49,281609.48,7.43
761124.66,20.09,6.49,281609.28,7.43
760988.7,20.09,6.49,281609.28,7.43
760852.74,20.09,6.5,281641.11,7.44
760904.43,20.1,6.5,281610.26,7.44
760768.47,20.1,6.5,281609.28,7.44
760768.47,20.1,6.5,281609.28,7.44
761103.01,20.11,6.51,281848.15,7.45
760967.05,20.11,6.52,281870.88,7.45
760703.96,20.11,6.51,281661.56,7.44
760755.65,20.11,6.52,282193.9,7.46
761090.18,20.12,6.53,282193.71,7.46
760954.22,20.12,6.53,282193.71,7.46
760818.26,20.13,6.53,282223.59,7.47
760682.3,20.13,6.53,282387.49,7.47
760682.3,20.13,6.53,282371.52,7.47
760734.0,20.13,6.54,282309.55,7.47
760470.91,20.13,6.53,282374.08,7.47
760754.67,20.14,6.54,282309.02,7.47
760754.67,20.14,6.54,282309.02,7.47
760618.71,20.14,6.55,282308.83,7.48
760394.43,20.14,6.54,283685.72,7.51
760258.47,20.14,6.54,283685.72,7.51
760150.06,20.14,6.54,283577.06,7.51
760333.77,20.15,6.55,283651.12,7.52
760517.49,20.15,6.56,283628.33,7.52
760381.53,20.16,6.56,283577.84,7.52
760381.53,20.16,6.56,283577.84,7.52
760902.18,20.17,6.58,283277.15,7.51
760766.22,20.17,6.58,284191.96,7.54
760591.48,20.17,6.57,283400.43,7.52
760401.81,20.17,6.57,284309.66,7.54
760743.25,20.18,6.59,284180.9,7.54
760114.95,20.17,6.57,283536.37,7.52
760166.65,20.18,6.58,283536.55,7.53
760218.34,20.18,6.59,283536.17,7.53
760487.16,20.19,6.59,283536.17,7.53
760289.78,20.19,6.59,283557.12,7.53
760558.61,20.2,6.6,283545.57,7.53
760452.25,20.2,6.6,283536.17,7.53
760452.25,20.2,6.6,283536.17,7.53
760316.29,20.2,6.6,283868.22,7.54
760585.11,20.21,6.61,283880.27,7.54
760376.69,20.2,6.61,283656.03,7.54
760179.31,20.2,6.6,284702.43,7.56
760481.09,20.21,6.61,284719.86,7.57
760324.27,20.21,6.61,284561.2,7.56
760438.87,20.21,6.62,284602.7,7.56
760010.46,20.2,6.61,284517.51,7.56
759874.5,20.21,6.61,284517.32,7.57
760150.96,20.22,6.62,284517.32,7.57
760202.65,20.22,6.63,284517.32,7.57
760209.69,20.22,6.63,284519.33,7.57
760261.39,20.23,6.63,284531.48,7.57
760445.1,20.24,6.64,284525.3,7.57
760496.79,20.24,6.65,284519.33,7.57
760386.79,20.24,6.64,284409.33,7.57
760142.27,20.24,6.64,284991.87,7.59
760006.31,20.24,6.64,285031.0,7.59
759870.35,20.24,6.64,285297.38,7.6
759875.05,20.24,6.64,285299.39,7.6
759739.09,20.24,6.64,285299.2,7.6
759603.13,20.24,6.65,285299.2,7.6
759654.82,20.25,6.65,285299.2,7.6
759706.51,20.25,6.66,285357.34,7.61
759982.97,20.26,6.67,285305.75,7.61
759847.01,20.27,6.67,285299.2,7.61
759898.7,20.27,6.68,286163.43,7.63
759556.28,20.26,6.67,285851.04,7.63
759420.32,20.27,6.67,285937.22,7.63
759748.16,20.28,6.68,285937.02,7.63
759612.2,20.28,6.68,285937.02,7.63
759306.42,20.27,6.68,285954.59,7.63
759315.82,20.27,6.68,285956.61,7.63
759315.82,20.27,6.68,286133.63,7.64
759179.86,20.28,6.68,286124.76,7.64
759448.68,20.29,6.69,286116.07,7.64
759312.72,20.29,6.69,286780.79,7.66
759191.7,20.29,6.69,286813.56,7.66
759420.0,20.3,6.7,286210.16,7.65
759684.57,20.31,6.71,287546.31,7.69
759422.04,20.3,6.71,287196.07,7.68
759286.08,20.31,6.71,287198.6,7.68
759150.12,20.31,6.71,287195.87,7.68
759201.81,20.31,6.72,287195.99,7.68
759065.85,20.32,6.72,287369.48,7.69
759117.54,20.32,6.72,287195.87,7.69
759169.23,20.33,6.73,287195.87,7.69
759220.92,20.33,6.74,288026.87,7.71
759272.62,20.34,6.74,288129.07,7.72
759136.66,20.34,6.74,288128.87,7.72
759140.45,20.34,6.74,288137.73,7.72
759004.49,20.34,6.75,288137.73,7.72
759273.31,20.35,6.76,288137.73,7.72
758928.53,20.35,6.75,288267.38,7.73
758792.57,20.35,6.75,288137.73,7.73
758656.61,20.35,6.75,288151.53,7.73
758708.3,20.35,6.76,288543.29,7.74
760438.73,20.4,6.8,290387.73,7.79
760302.77,20.4,6.81,290387.54,7.79
760574.8,20.41,6.82,290387.54,7.79
760626.5,20.42,6.82,290394.3,7.8
760426.82,20.41,6.82,290178.59,7.79
760234.64,20.41,6.81,290191.33,7.79
760286.33,20.42,6.82,290185.64,7.79
760562.79,20.43,6.83,290171.83,7.79
760614.48,20.43,6.84,290171.83,7.79
760621.77,20.43,6.84,290173.89,7.79
760673.47,20.44,6.84,291250.23,7.83
760331.04,20.43,6.84,290909.97,7.82
760665.58,20.44,6.85,291135.67,7.82
760529.62,20.44,6.85,291135.47,7.83
760670.89,20.45,6.85,291866.14,7.85
760432.71,20.44,6.85,291583.69,7.84
759345.03,20.46,6.86,291583.5,7.86
759186.62,20.46,6.86,291424.84,7.85
759050.66,20.46,6.86,291424.84,7.85
759102.35,20.46,6.87,291424.84,7.86
759499.16,20.47,6.88,291448.87,7.86
759245.57,20.47,6.87,291454.83,7.86
759514.39,20.48,6.88,291434.24,7.86
759169.61,20.47,6.88,291424.84,7.86
759169.61,20.47,6.88,291424.84,7.86
759405.38,20.48,6.89,292065.81,7.88
759269.42,20.49,6.89,291868.28,7.87
759133.46,20.49,6.89,292330.27,7.89
759185.15,20.49,6.9,292330.45,7.89
759049.19,20.49,6.9,292330.08,7.89
758913.23,20.5,6.9,292330.08,7.9
759182.05,20.51,6.91,292368.92,7.9
759182.05,20.51,6.91,292345.8,7.9
759233.74,20.51,6.92,292315.81,7.9
759097.78,20.51,6.92,292387.91,7.9
759333.55,20.52,6.93,293249.53,7.93
759385.25,20.53,6.93,293603.53,7.94
759040.46,20.52,6.93,293147.31,7.93
758904.5,20.52,6.93,293147.12,7.93
758956.19,20.53,6.93,293147.12,7.93
758743.85,20.53,6.93,292962.99,7.93
758559.77,20.52,6.93,292936.52,7.93
758423.81,20.52,6.93,292950.5,7.93
758692.64,20.53,6.94,292945.0,7.93
758556.68,20.54,6.94,292936.52,7.93
758420.72,20.54,6.94,293304.43,7.94
758604.43,20.55,6.95,293718.77,7.96
758314.76,20.54,6.94,293256.78,7.94
758117.38,20.54,6.94,292989.91,7.94
757981.42,20.54,6.94,293363.77,7.95
757845.46,20.54,6.94,293363.58,7.95
757897.15,20.55,6.95,293363.58,7.95
757948.84,20.55,6.96,293363.58,7.95
758217.67,20.56,6.97,293383.02,7.96
758081.71,20.56,6.97,293378.09,7.96
757884.33,20.56,6.96,293364.49,7.96
757748.37,20.56,6.97,294088.24,7.98
757984.14,20.57,6.98,293814.52,7.97
758035.83,20.58,6.98,294325.14,7.99
757899.87,20.58,6.98,294324.95,7.99
757951.56,20.59,6.99,294324.95,7.99
757669.83,20.58,6.98,294229.22,7.99
757938.65,20.59,6.99,294229.22,7.99
757938.65,20.59,6.99,294229.22,7.99
757648.65,20.58,6.99,293939.22,7.99
757512.69,20.59,6.99,293960.21,7.99
757376.73,20.59,6.99,293944.4,7.99
757260.75,20.59,6.99,293939.22,7.99
757312.44,20.59,7.0,294341.93,8.0
757646.97,20.6,7.01,294281.3,8.0
757511.01,20.6,7.01,294695.3,8.02
757375.05,20.61,7.01,294695.1,8.02
757111.97,20.6,7.01,294812.6,8.02
757163.66,20.61,7.01,294812.6,8.02
757027.7,20.61,7.01,294812.6,8.03
757079.39,20.62,7.02,294823.83,8.03
757131.08,20.62,7.03,294821.58,8.03
757366.85,20.63,7.04,294812.6,8.03
757418.54,20.64,7.04,294812.6,8.03
757602.26,20.65,7.05,296259.22,8.07
757466.3,20.65,7.05,296259.02,8.08
757517.99,20.65,7.06,296259.02,8.08
757701.7,20.66,7.07,296396.52,8.08
757594.88,20.66,7.06,296290.2,8.08
757830.65,20.67,7.07,296162.08,8.08
758099.47,20.68,7.08,296152.7,8.08
758101.07,20.68,7.08,296151.85,8.08
757781.4,20.67,7.08,295815.41,8.07
757645.44,20.68,7.08,295815.41,8.07
757645.44,20.68,7.08,295751.69,8.07
757829.15,20.68,7.09,297254.28,8.11
757693.19,20.69,7.09,297198.12,8.11
757360.41,20.68,7.08,296999.45,8.11
757412.1,20.69,7.09,296999.63,8.11
757276.14,20.69,7.09,296999.26,8.11
757276.14,20.69,7.09,296999.26,8.11
757140.18,20.69,7.09,296999.26,8.12
757191.88,20.7,7.1,297028.13,8.12
757055.92,20.7,7.1,297000.03,8.12
757107.61,20.7,7.11,297016.1,8.12
756971.65,20.71,7.11,297648.86,8.14
756835.69,20.71,7.11,297529.87,8.14
756887.38,20.71,7.12,297530.05,8.14
756567.38,20.71,7.11,297210.05,8.13
756431.42,20.71,7.11,297209.68,8.14
756290.69,20.71,7.11,297091.92,8.13
756297.73,20.71,7.11,297131.3,8.13
756566.56,20.72,7.12,297131.3,8.14
756234.83,20.71,7.11,296881.33,8.13
756098.87,20.71,7.11,296925.91,8.13
755962.91,20.71,7.12,296912.73,8.14
755912.91,20.71,7.12,296862.73,8.13
755776.95,20.71,7.12,296831.33,8.14
755640.99,20.72,7.12,296895.55,8.14
755303.67,20.71,7.11,297323.83,8.15
755347.9,20.71,7.12,297259.95,8.15
755211.94,20.72,7.12,297259.76,8.15
755480.76,20.73,7.13,297259.76,8.16
755135.98,20.72,7.12,297390.8,8.16
755404.8,20.73,7.13,297373.56,8.16
755268.84,20.73,7.14,297311.42,8.16
754953.93,20.73,7.13,297444.36,8.17
755357.47,20.74,7.14,299795.2,8.23
755464.27,20.75,7.15,299255.32,8.22
755819.23,20.76,7.17,298838.5,8.21
755683.27,20.76,7.17,298838.3,8.21
755547.31,20.76,7.17,298838.3,8.21
755731.02,20.77,7.18,298892.14,8.22
755882.01,20.78,7.18,299023.41,8.22
755882.01,20.78,7.18,299023.41,8.22
755592.34,20.77,7.18,298978.1,8.22
755456.38,20.78,7.18,298969.57,8.22
755508.07,20.78,7.19,299167.65,8.23
755784.53,20.79,7.2,299048.09,8.23
755648.57,20.79,7.2,299035.28,8.23
755700.27,20.8,7.2,299795.12,8.25
755564.31,20.8,7.21,299794.92,8.25
755428.35,20.8,7.21,299794.92,8.26
755428.35,20.8,7.21,299794.92,8.26
755480.04,20.81,7.21,299794.92,8.26
755531.73,20.82,7.22,299808.8,8.26
755583.42,20.82,7.23,299810.02,8.26
755364.62,20.82,7.22,299523.19,8.25
755228.66,20.82,7.22,299510.19,8.26
755092.7,20.82,7.23,300121.94,8.28
754956.74,20.82,7.23,300047.5,8.28
754614.32,20.82,7.22,299684.58,8.27
755011.13,20.83,7.23,299684.39,8.27
754694.17,20.82,7.23,299684.39,8.27
754745.86,20.83,7.23,299685.3,8.27
754797.55,20.84,7.24,299684.96,8.27
754797.55,20.84,7.24,299668.07,8.27
754661.59,20.84,7.24,299667.5,8.27
754666.29,20.84,7.24,299684.87,8.28
754935.11,20.85,7.25,299684.87,8.28
754737.73,20.84,7.25,299852.61,8.28
754601.77,20.85,7.25,299815.39,8.28
754473.28,20.85,7.25,299765.96,8.28
754329.85,20.85,7.25,300490.1,8.31
754664.39,20.86,7.27,300489.91,8.31
754528.43,20.86,7.27,300489.91,8.31
754533.12,20.86,7.27,300501.28,8.31
754278.44,20.86,7.26,300541.18,8.31
754142.48,20.86,7.27,300522.46,8.31
754378.25,20.87,7.28,300501.28,8.31
754242.29,20.87,7.28,300949.88,8.33
753960.56,20.87,7.27,300729.53,8.32
754012.25,20.87,7.28,300605.54,8.32
752924.57,20.89,7.29,300605.35,8.34
753259.11,20.9,7.31,301425.86,8.36
753259.11,20.9,7.31,301425.86,8.36
753259.11,20.9,7.31,301425.86,8.36
753329.3,20.91,7.31,301663.92,8.37
753380.99,20.92,7.32,301664.1,8.37
753245.03,20.92,7.32,301663.72,8.38
753109.07,20.92,7.32,301663.72,8.38
752528.97,20.91,7.31,301090.89,8.36
752536.26,20.91,7.31,301112.24,8.37
752400.3,20.91,7.31,301137.39,8.37
752400.3,20.91,7.31,301137.39,8.37
752672.33,20.92,7.32,301112.24,8.37
752384.34,20.91,7.32,301213.54,8.37
752248.38,20.92,7.32,301128.88,8.37
752091.73,20.91,7.32,300972.47,8.37
752143.42,20.92,7.32,300955.84,8.37
752150.46,20.92,7.32,301003.32,8.37
752014.5,20.92,7.32,301498.2,8.39
751798.7,20.92,7.32,301280.96,8.38
751662.74,20.92,7.32,301280.76,8.38
751526.78,20.92,7.32,301280.76,8.39
751930.5,20.93,7.34,301303.15,8.39
751794.54,20.93,7.34,301296.91,8.39
751658.58,20.94,7.34,301931.47,8.41
751658.58,20.94,7.34,301931.47,8.41
751710.27,20.94,7.35,301652.77,8.4
751581.78,20.94,7.35,301373.63,8.4
751261.78,20.94,7.34,301053.63,8.39
751118.35,20.94,7.34,301752.53,8.41
751120.71,20.94,7.34,301824.44,8.41
750879.45,20.94,7.34,301502.09,8.41
750893.37,20.94,7.34,301532.67,8.41
751227.91,20.95,7.35,301532.48,8.41
751279.6,20.95,7.36,301532.48,8.41
750939.1,20.95,7.35,301533.49,8.41
750803.14,20.95,7.35,301532.48,8.41
750854.84,20.96,7.36,301532.48,8.42
750718.88,20.96,7.36,301589.1,8.42
750995.34,20.97,7.37,301536.73,8.42
750838.52,20.96,7.37,301378.07,8.41
750724.52,20.96,7.37,301373.82,8.42
750733.92,20.96,7.37,301377.34,8.42
750597.96,20.96,7.37,302209.44,8.44
750932.49,20.98,7.38,302491.03,8.45
750677.8,20.97,7.38,302396.02,8.45
750698.27,20.97,7.38,302417.34,8.45
750705.56,20.97,7.38,302419.34,8.45
750974.38,20.98,7.39,302419.15,8.45
750838.42,20.98,7.39,302419.15,8.45
750847.82,20.98,7.39,302449.18,8.45
750857.46,20.99,7.39,302453.35,8.45
750512.67,20.98,7.38,302453.35,8.45
750564.37,20.98,7.39,302509.53,8.46
750564.37,20.98,7.39,302485.98,8.46
750428.41,20.99,7.39,302437.25,8.46
750292.45,20.99,7.39,302430.75,8.46
750626.98,21.0,7.4,303013.54,8.48
750491.02,21.0,7.41,302731.54,8.47
750542.71,21.01,7.41,303110.84,8.48
750406.75,21.01,7.41,303110.64,8.49
750270.79,21.01,7.42,303110.64,8.49
749830.3,21.0,7.41,302897.58,8.48
749694.34,21.01,7.41,302916.47,8.49
749558.38,21.01,7.41,302903.76,8.49
749422.42,21.01,7.41,302897.87,8.49
749691.24,21.02,7.42,302897.58,8.49
749346.46,21.01,7.42,303404.52,8.51
749217.97,21.02,7.42,303081.34,8.5
749262.19,21.02,7.43,303119.84,8.5
749313.88,21.03,7.43,303120.02,8.51
749365.57,21.03,7.44,303119.64,8.51
749229.62,21.04,7.44,303119.64,8.51
749413.33,21.05,7.45,303153.95,8.51
749414.09,21.05,7.45,303179.6,8.51
749414.09,21.05,7.45,303179.6,8.51
749224.41,21.04,7.45,303151.58,8.51
749276.11,21.05,7.45,303145.3,8.52
749140.15,21.05,7.45,303619.15,8.53
749140.15,21.05,7.45,303606.17,8.53
749004.19,21.05,7.46,303594.65,8.53
749338.72,21.06,7.47,304306.78,8.55
749390.41,21.07,7.47,304306.96,8.56
749442.1,21.08,7.48,304306.59,8.56
749179.01,21.07,7.47,304002.34,8.55
749043.05,21.07,7.48,304002.34,8.55
748907.09,21.08,7.48,304002.34,8.55
749142.86,21.09,7.49,304321.89,8.57
749006.9,21.09,7.49,304261.78,8.57
749275.73,21.1,7.5,304088.96,8.56
749139.77,21.1,7.5,305205.29,8.6
749003.81,21.1,7.51,305205.1,8.6
749055.5,21.11,7.51,305205.1,8.6
749107.19,21.11,7.52,305205.1,8.6
749376.02,21.12,7.53,305247.61,8.6
749267.61,21.12,7.53,305139.7,8.6
748922.82,21.12,7.52,305125.01,8.6
748922.82,21.12,7.52,305125.01,8.6
748974.51,21.12,7.53,305103.94,8.6
749026.21,21.13,7.53,305097.19,8.61
748870.9,21.12,7.53,304940.05,8.6
748922.59,21.13,7.54,305984.25,8.63
748922.59,21.13,7.54,305984.25,8.63
748786.63,21.13,7.54,305837.95,8.63
748650.67,21.14,7.54,305837.76,8.63
748500.17,21.13,7.54,305518.4,8.63
748364.21,21.13,7.54,305518.4,8.63
748415.9,21.14,7.54,305529.6,8.63
748415.9,21.14,7.54,305529.6,8.63
748684.73,21.15,7.56,305539.73,8.63
748736.42,21.16,7.56,305529.07,8.63
748391.63,21.15,7.55,305536.97,8.63
748443.33,21.16,7.56,306054.04,8.65
748443.33,21.16,7.56,306054.04,8.65
748443.33,21.16,7.56,306054.04,8.65
748443.33,21.16,7.56,306054.04,8.65
748495.02,21.16,7.57,306279.18,8.66
748678.73,21.17,7.58,306471.63,8.67
748542.77,21.17,7.58,306471.44,8.67
748542.77,21.17,7.58,306426.12,8.67
748594.46,21.18,7.58,306426.12,8.67
748594.46,21.18,7.58,306432.99,8.67
748458.5,21.18,7.59,306432.99,8.67
748092.42,21.18,7.58,306188.06,8.67
748099.47,21.18,7.58,306281.5,8.67
748283.18,21.18,7.59,306452.06,8.68
748147.22,21.19,7.59,306433.88,8.68
748011.26,21.19,7.59,306376.34,8.68
748278.03,21.2,7.61,307479.5,8.71
747933.69,21.2,7.6,306983.98,8.7
748261.53,21.21,7.61,306983.79,8.7
748125.57,21.21,7.62,306983.79,8.7
747989.61,21.21,7.62,307031.56,8.71
747697.94,21.21,7.61,306739.08,8.7
747561.98,21.21,7.61,306697.76,8.7
747266.07,21.2,7.61,306691.31,8.7
747130.11,21.21,7.61,306902.64,8.71
747365.88,21.22,7.62,306762.24,8.71
747634.71,21.23,7.63,306691.31,8.71
747445.04,21.22,7.63,306682.61,8.71
747309.08,21.22,7.63,307659.13,8.74
747173.12,21.23,7.63,307658.93,8.74
747173.12,21.23,7.63,307658.93,8.74
747037.16,21.23,7.63,307658.93,8.74
747088.85,21.24,7.64,307809.5,8.75
746952.89,21.24,7.64,307827.4,8.75
747136.6,21.25,7.65,307903.48,8.76
747015.58,21.25,7.65,307772.74,8.75
747761.4,21.28,7.68,309198.93,8.8
747625.44,21.28,7.68,309198.74,8.8
747470.13,21.28,7.68,309040.72,8.8
747521.83,21.28,7.69,309040.72,8.8
747240.1,21.28,7.68,308648.75,8.79
747042.72,21.27,7.68,308532.23,8.79
746906.76,21.27,7.68,308532.23,8.79
746906.76,21.27,7.68,308532.23,8.79
747090.47,21.28,7.69,308557.43,8.79
747359.29,21.29,7.7,308539.04,8.79
747410.99,21.3,7.7,308532.23,8.79
747066.2,21.29,7.7,309088.54,8.81
747117.89,21.3,7.7,309287.19,8.82
746981.93,21.3,7.71,309368.85,8.82
746845.97,21.3,7.71,309368.66,8.82
746710.01,21.31,7.71,309368.66,8.83
746574.05,21.31,7.71,309368.66,8.83
746625.75,21.31,7.72,309400.2,8.83
746677.44,21.32,7.72,309392.37,8.83
746541.48,21.32,7.73,309368.67,8.84
746593.17,21.33,7.73,309563.7,8.84
746457.21,21.33,7.74,309932.77,8.86
746508.9,21.34,7.74,309932.95,8.86
746219.23,21.33,7.74,309750.13,8.85
746488.05,21.34,7.75,309749.76,8.86
746352.09,21.34,7.75,309749.76,8.86
746624.13,21.36,7.76,309750.14,8.86
746488.17,21.36,7.76,309749.76,8.86
746539.86,21.36,7.77,309749.76,8.86
746261.87,21.36,7.76,310104.74,8.88
746313.56,21.36,7.77,310358.32,8.88
746086.55,21.36,7.76,310674.32,8.89
746490.27,21.37,7.78,311181.3,8.91
746371.0,21.37,7.78,311041.05,8.91
746235.04,21.37,7.78,311040.85,8.91
746099.08,21.38,7.78,311040.85,8.91
745768.67,21.37,7.77,310691.75,8.9
745820.36,21.38,7.78,310706.55,8.91
746089.19,21.39,7.79,310775.51,8.91
745754.4,21.38,7.78,310691.75,8.91
745618.44,21.38,7.79,311025.05,8.92
745497.42,21.38,7.79,311234.01,8.93
745826.67,21.4,7.8,311772.73,8.94
745946.39,21.4,7.81,311673.63,8.94
745810.43,21.4,7.81,311673.43,8.94
745478.06,21.4,7.8,311348.79,8.94
745746.89,21.41,7.81,311348.79,8.94
745798.58,21.42,7.82,311348.79,8.94
745601.2,21.41,7.82,311387.02,8.94
745652.89,21.42,7.82,311357.73,8.94
745704.58,21.43,7.83,311355.12,8.95
745981.04,21.44,7.84,311348.79,8.95
745845.08,21.44,7.84,312340.35,8.98
745709.12,21.44,7.85,312374.66,8.98
745573.16,21.44,7.85,312374.47,8.98
745756.88,21.45,7.86,312387.22,8.99
745620.92,21.46,7.86,312379.37,8.99
745484.96,21.46,7.86,312375.33,8.99
745349.0,21.46,7.86,312668.94,9.0
745400.69,21.47,7.87,312612.78,9.0
745264.73,21.47,7.87,312472.67,9.0
745448.44,21.48,7.88,313222.62,9.02
745312.48,21.48,7.88,313222.43,9.03
744980.06,21.47,7.88,313054.02,9.02
745031.75,21.48,7.88,313054.02,9.03
745031.75,21.48,7.88,313036.33,9.03
744895.79,21.48,7.89,313186.9,9.03
744947.48,21.49,7.89,313113.82,9.03
744792.25,21.49,7.89,312959.18,9.03
744502.58,21.48,7.88,312602.35,9.02
744771.41,21.49,7.89,312561.89,9.02
744635.45,21.49,7.9,313589.55,9.05
744896.15,21.5,7.91,313837.89,9.06
744843.44,21.51,7.91,313784.86,9.06
744643.77,21.5,7.91,313630.84,9.06
744695.46,21.51,7.91,313631.02,9.06
744747.15,21.52,7.92,313630.64,9.06
745015.97,21.53,7.93,313630.64,9.06
745067.67,21.53,7.94,313630.64,9.06
744931.71,21.54,7.94,313687.21,9.07
744776.48,21.53,7.94,313532.23,9.06
744781.17,21.53,7.94,313534.25,9.06
745053.21,21.54,7.95,313482.63,9.06
744917.25,21.55,7.95,314509.35,9.1
744639.25,21.54,7.94,313709.49,9.07
744484.19,21.54,7.94,313550.83,9.07
744139.41,21.53,7.93,313319.02,9.07
744191.1,21.54,7.94,314259.55,9.09
744055.14,21.54,7.94,314259.36,9.1
743919.18,21.54,7.94,314259.36,9.1
743926.22,21.54,7.95,314265.24,9.1
743928.57,21.54,7.95,314267.94,9.1
743980.26,21.55,7.95,314378.45,9.11
743989.9,21.55,7.95,314380.99,9.11
743853.94,21.55,7.95,314500.98,9.11
743717.99,21.55,7.96,314401.7,9.11
743717.47,21.56,7.96,315568.69,9.15
743872.16,21.57,7.97,315140.84,9.14
743502.45,21.56,7.97,314650.48,9.13
743366.49,21.57,7.97,314658.43,9.13
743635.32,21.58,7.98,314657.51,9.13
743644.59,21.58,7.98,314685.32,9.13
743696.28,21.58,7.99,314681.15,9.13
743747.97,21.59,7.99,314678.59,9.13
743403.19,21.58,7.99,314808.01,9.14
743267.23,21.59,7.99,314829.51,9.14
743536.05,21.6,8.0,314695.78,9.14
743338.67,21.59,8.0,315447.8,9.16
743210.18,21.6,8.0,315369.47,9.16
743074.22,21.6,8.0,315369.28,9.17
743257.93,21.61,8.01,315369.28,9.17
743114.51,21.61,8.01,315263.72,9.17
742978.55,21.61,8.02,315311.33,9.17
742978.55,21.61,8.02,315282.42,9.17
743030.24,21.62,8.02,315266.21,9.17
743299.06,21.63,8.03,315235.65,9.17
743534.83,21.64,8.04,315834.38,9.19
743398.87,21.64,8.05,315948.83,9.2
743054.09,21.63,8.04,315309.85,9.18
743105.78,21.64,8.05,316382.99,9.21
743157.47,21.65,8.05,316383.17,9.22
743158.99,21.65,8.05,316399.92,9.22
743158.99,21.65,8.05,316508.05,9.22
743342.7,21.66,8.06,316507.68,9.22
743394.39,21.66,8.07,316507.68,9.22
743446.08,21.67,8.07,316507.68,9.23
743310.12,21.67,8.08,316605.08,9.23
743361.82,21.68,8.08,316754.22,9.24
743413.51,21.69,8.09,317159.35,9.25
743682.33,21.7,8.1,317656.53,9.27
743546.37,21.7,8.1,317656.33,9.27
743558.12,21.7,8.1,317660.29,9.27
743422.16,21.7,8.11,317660.29,9.27
743286.2,21.7,8.11,317715.32,9.28
742941.41,21.7,8.1,317875.23,9.28
742941.41,21.7,8.1,317846.1,9.28
742805.45,21.7,8.1,317798.68,9.28
743074.28,21.71,8.11,317791.07,9.28
743125.97,21.72,8.12,317791.07,9.29
742840.73,21.71,8.11,317479.38,9.28
742840.73,21.71,8.11,317383.42,9.28
742704.77,21.71,8.12,317965.77,9.3
742746.84,21.71,8.12,318017.03,9.3
742519.83,21.71,8.11,317980.5,9.3
742383.87,21.71,8.12,317763.61,9.29
742247.91,21.71,8.12,317763.41,9.3
742299.6,21.72,8.13,317763.41,9.3
742351.29,21.73,8.13,317763.41,9.3
742627.75,21.74,8.14,317772.28,9.3
742491.79,21.74,8.15,317768.91,9.3
742355.83,21.74,8.15,317763.41,9.31
742013.41,21.74,8.14,318189.53,9.32
742065.1,21.74,8.15,318374.26,9.33
742557.44,21.76,8.16,318793.82,9.34
742119.83,21.75,8.15,318592.07,9.34
742388.65,21.76,8.17,318591.88,9.34
742572.37,21.77,8.17,318591.88,9.34
742436.41,21.77,8.18,318591.88,9.34
742488.1,21.78,8.18,318672.65,9.35
742352.14,21.78,8.19,318595.42,9.35
742352.14,21.78,8.19,318633.67,9.35
742216.18,21.78,8.19,318638.09,9.35
742216.18,21.78,8.19,318638.09,9.35
742080.22,21.79,8.19,319481.51,9.38
741768.4,21.78,8.18,319280.78,9.38
741632.15,21.78,8.19,319230.13,9.38
741496.19,21.79,8.19,319230.59,9.38
741360.23,21.79,8.19,319229.95,9.38
741224.27,21.79,8.19,319229.93,9.38
741088.31,21.79,8.2,319289.96,9.39
740952.35,21.8,8.2,319346.11,9.39
740816.39,21.8,8.2,319229.93,9.39
740680.43,21.8,8.2,319446.77,9.4
740544.47,21.8,8.21,319229.93,9.4
740596.16,21.81,8.21,319230.11,9.4
740276.16,21.8,8.21,318910.11,9.39
740276.16,21.8,8.21,318910.11,9.39
740327.86,21.81,8.21,318909.74,9.39
740379.55,21.82,8.22,318909.74,9.4
740243.59,21.82,8.22,318909.74,9.4
740479.36,21.83,8.23,318918.13,9.4
740343.4,21.83,8.24,318909.74,9.4
740207.44,21.83,8.24,319817.55,9.43
739925.71,21.83,8.23,319366.41,9.42
739789.75,21.83,8.23,319471.85,9.43
739789.75,21.83,8.23,319471.85,9.43
739789.75,21.83,8.23,319471.85,9.43
739653.79,21.83,8.24,319471.65,9.43
739705.48,21.84,8.24,319471.65,9.43
739974.31,21.85,8.25,319471.65,9.43
739639.52,21.84,8.25,319502.67,9.44
739648.91,21.84,8.25,319608.11,9.44
739700.61,21.85,8.25,319593.94,9.44
739752.3,21.86,8.26,319585.23,9.44
740021.12,21.87,8.27,319580.79,9.44
740204.84,21.88,8.28,320764.61,9.48
740204.84,21.88,8.28,320857.18,9.48
740068.88,21.88,8.28,320849.61,9.49
740068.88,21.88,8.28,320849.61,9.49
739932.92,21.88,8.29,320851.55,9.49
739984.61,21.89,8.29,320851.13,9.49
739848.65,21.89,8.3,320854.39,9.49
739712.69,21.89,8.3,320850.45,9.5
739576.73,21.9,8.3,320850.66,9.5
739760.44,21.91,8.31,321301.41,9.51
739470.77,21.9,8.3,321208.77,9.51
739470.77,21.9,8.3,321208.77,9.51
739742.8,21.91,8.32,321109.51,9.51
739794.5,21.92,8.32,321666.2,9.53
739794.5,21.92,8.32,321666.2,9.53
739978.21,21.93,8.33,321666.01,9.53
739842.25,21.93,8.33,321666.01,9.53
739893.94,21.94,8.34,321666.01,9.54
739945.63,21.94,8.35,321721.65,9.54
739809.67,21.95,8.35,321673.39,9.54
739861.36,21.95,8.36,321666.54,9.54
739526.58,21.95,8.35,321257.58,9.53
739390.62,21.95,8.35,321257.04,9.54
739390.62,21.95,8.35,321254.21,9.54
739442.31,21.96,8.36,322314.93,9.57
739494.0,21.96,8.37,322315.11,9.57
739545.7,21.97,8.37,322314.74,9.57
739814.52,21.98,8.38,322314.74,9.58
739678.56,21.98,8.39,322338.25,9.58
739542.6,21.98,8.39,322321.28,9.58
739406.64,21.99,8.39,322314.74,9.58
739134.72,21.99,8.4,322920.0,9.61
738998.76,21.99,8.4,322920.48,9.61
738862.8,22.0,8.4,322920.59,9.61
738665.42,21.99,8.4,322901.92,9.61
738529.46,22.0,8.4,322901.19,9.62
738393.5,22.0,8.4,322901.14,9.62
738629.27,22.01,8.41,322951.2,9.62
738493.31,22.01,8.42,322913.92,9.62
738493.31,22.01,8.42,322913.92,9.62
738357.35,22.01,8.42,323368.76,9.64
738541.06,22.02,8.43,323546.86,9.65
738251.39,22.02,8.42,323311.15,9.64
738115.43,22.02,8.42,323310.95,9.65
738122.48,22.02,8.42,323372.6,9.65
737911.37,22.02,8.42,323165.36,9.64
738180.19,22.03,8.43,323165.36,9.64
738044.23,22.03,8.43,323184.66,9.65
738227.94,22.04,8.44,323175.2,9.65
737883.16,22.03,8.44,323165.36,9.65
737747.2,22.03,8.44,323750.53,9.67
737626.17,22.04,8.44,323744.24,9.67
737859.34,22.05,8.45,323865.01,9.68
737866.39,22.05,8.46,323888.88,9.68
737943.41,22.05,8.46,324159.46,9.69
737947.2,22.05,8.46,324154.98,9.69
737811.24,22.06,8.46,324154.78,9.69
737482.66,22.05,8.46,324035.16,9.69
737520.93,22.05,8.46,324065.16,9.69
737189.46,22.05,8.45,323767.78,9.68
737198.85,22.05,8.45,323797.45,9.68
737198.85,22.05,8.45,323797.45,9.68
736997.74,22.04,8.44,323587.42,9.68
736861.78,22.04,8.45,323587.42,9.68
736913.48,22.05,8.45,323587.42,9.68
736777.52,22.05,8.46,323747.57,9.69
737046.34,22.06,8.47,323699.93,9.69
736701.56,22.06,8.46,323587.42,9.69
736565.6,22.06,8.46,324036.87,9.7
736437.1,22.06,8.47,323906.45,9.7
736444.4,22.06,8.47,323909.85,9.7
736453.79,22.06,8.47,323911.93,9.7
736310.36,22.06,8.47,323833.86,9.7
736174.4,22.07,8.47,323833.67,9.71
736410.17,22.08,8.48,323833.67,9.71
736410.17,22.08,8.48,323833.67,9.71
736461.86,22.09,8.49,323833.67,9.71
736461.86,22.09,8.49,323833.67,9.71
736464.21,22.09,8.49,323842.71,9.71
736328.25,22.09,8.49,323862.51,9.72
736192.29,22.09,8.49,323853.84,9.72
736468.75,22.1,8.51,323842.71,9.72
736468.75,22.1,8.51,323842.71,9.72
736332.8,22.1,8.51,324826.15,9.75
736516.51,22.11,8.52,325152.74,9.76
736516.51,22.11,8.52,325152.74,9.76
736528.25,22.11,8.52,325154.83,9.76
736244.19,22.11,8.51,324888.59,9.76
736108.23,22.11,8.51,324888.4,9.76
735972.27,22.11,8.52,324888.4,9.76
735836.31,22.12,8.52,324916.09,9.77
735700.35,22.12,8.52,325287.71,9.78
735752.04,22.13,8.53,325027.2,9.77
735752.04,22.13,8.53,325027.2,9.77
735752.04,22.13,8.53,325027.2,9.77
735803.73,22.13,8.54,324888.4,9.77
735675.24,22.14,8.54,325474.92,9.79
735477.56,22.13,8.54,325313.08,9.79
735334.13,22.13,8.54,325064.38,9.78
735198.17,22.14,8.54,325064.18,9.79
735062.21,22.14,8.54,325064.18,9.79
735113.91,22.15,8.55,325064.18,9.79
735382.73,22.16,8.56,325089.89,9.79
735246.77,22.16,8.56,325281.94,9.8
735140.41,22.16,8.56,325097.79,9.8
735004.45,22.16,8.56,325603.91,9.82
734868.49,22.16,8.57,325527.24,9.82
735203.03,22.18,8.58,325764.25,9.83
734883.03,22.17,8.57,325444.25,9.82
734628.34,22.16,8.57,325454.88,9.82
734492.38,22.17,8.57,325454.68,9.82
734768.84,22.18,8.58,325454.68,9.82
734820.53,22.18,8.59,325454.68,9.83
734478.11,22.18,8.58,325473.39,9.83
734661.83,22.19,8.59,325454.76,9.83
734525.87,22.19,8.59,325456.34,9.83
734389.91,22.19,8.6,326083.06,9.85
734441.6,22.2,8.6,326150.13,9.86
734443.11,22.2,8.6,326190.96,9.86
734715.15,22.21,8.61,326505.56,9.87
734387.15,22.2,8.61,326338.19,9.87
734655.98,22.21,8.62,326337.99,9.87
734311.19,22.21,8.61,326337.99,9.87
734329.31,22.21,8.61,326347.3,9.87
734193.35,22.21,8.61,326385.25,9.87
734462.17,22.22,8.63,326372.55,9.87
734326.21,22.22,8.63,326358.71,9.88
734377.91,22.23,8.64,326347.3,9.88
734576.55,22.24,8.65,327895.37,9.93
735213.65,22.27,8.67,328259.8,9.94
735482.48,22.28,8.68,328259.61,9.94
735137.69,22.27,8.68,328259.61,9.95
735144.39,22.27,8.68,328233.71,9.94
735008.43,22.27,8.68,328364.76,9.95
734872.47,22.28,8.68,328256.51,9.95
734736.51,22.28,8.68,328428.06,9.96
733970.45,22.26,8.67,327645.56,9.94
733970.45,22.26,8.67,327645.56,9.94
733834.49,22.27,8.67,327475.42,9.94
733834.49,22.27,8.67,327475.42,9.94
733843.88,22.27,8.67,327477.76,9.94
733895.58,22.27,8.68,327453.56,9.94
733947.27,22.28,8.68,327453.56,9.94
733947.27,22.28,8.68,327453.56,9.94
733998.96,22.29,8.69,328075.39,9.96
734182.67,22.3,8.7,328075.19,9.96
734451.5,22.31,8.71,328075.19,9.97
734116.71,22.3,8.71,328098.73,9.97
734168.4,22.31,8.71,328092.41,9.97
733966.73,22.3,8.71,327925.64,9.97
734018.42,22.31,8.72,327917.03,9.97
733882.46,22.31,8.72,327908.41,9.97
733746.5,22.32,8.72,327908.41,9.97
733610.54,22.32,8.72,328721.71,10.0
733879.37,22.33,8.73,329045.37,10.01
733931.06,22.34,8.74,329045.55,10.01
734114.77,22.35,8.75,329045.18,10.02
733978.81,22.35,8.75,329045.18,10.02
734030.5,22.36,8.76,329083.22,10.02
733894.54,22.36,8.76,329061.39,10.03
733604.87,22.35,8.76,328835.13,10.02
733468.91,22.36,8.76,328829.85,10.02
733332.95,22.36,8.76,328818.92,10.03
733516.66,22.37,8.77,329855.98,10.06
733176.58,22.36,8.77,329485.28,10.05
733040.62,22.36,8.77,329485.08,10.05
733368.46,22.38,8.78,329493.65,10.05
732280.78,22.4,8.8,329493.46,10.08
731975.0,22.39,8.8,329489.18,10.08
732243.83,22.4,8.81,329484.89,10.08
732243.83,22.4,8.81,329484.89,10.08
732107.87,22.41,8.81,329853.51,10.1
732107.87,22.41,8.81,329853.51,10.1
732159.56,22.41,8.82,329698.84,10.09
732023.6,22.42,8.82,329592.42,10.09
732023.6,22.42,8.82,329592.42,10.09
732023.6,22.42,8.82,329592.42,10.09
732082.76,22.42,8.83,330518.64,10.12
731939.33,22.43,8.83,330226.19,10.12
731803.37,22.43,8.83,330225.99,10.12
731855.06,22.44,8.84,330225.99,10.12
731749.63,22.43,8.84,330118.81,10.12
731592.81,22.43,8.83,329960.15,10.12
731644.51,22.44,8.84,329960.15,10.12
731776.4,22.44,8.85,330288.85,10.13
731671.09,22.44,8.84,330180.83,10.13
731671.09,22.44,8.84,330180.83,10.13
731939.92,22.45,8.85,330223.34,10.13
731803.96,22.45,8.86,330188.95,10.13
731668.0,22.46,8.86,330180.83,10.13
731532.04,22.46,8.86,330796.11,10.16
731396.08,22.46,8.87,330822.22,10.16
731396.08,22.46,8.87,330798.73,10.16
731198.7,22.46,8.86,330739.7,10.16
731595.5,22.47,8.88,330739.51,10.16
731605.14,22.47,8.88,330772.43,10.16
731361.18,22.47,8.87,330772.43,10.16
731225.22,22.47,8.87,330788.16,10.16
731089.26,22.47,8.88,330786.05,10.17
731140.95,22.48,8.88,330784.88,10.17
731004.99,22.48,8.89,330772.43,10.17
730869.03,22.49,8.89,331327.42,10.19
731145.32,22.5,8.9,331480.16,10.2
731001.9,22.5,8.9,331450.85,10.2
730865.94,22.5,8.91,331450.66,10.2
730521.15,22.49,8.9,331314.3,10.2
730262.35,22.49,8.89,331049.78,10.19
730126.39,22.49,8.9,331064.0,10.2
730178.08,22.5,8.9,331058.65,10.2
730178.08,22.5,8.9,331063.55,10.2
730042.12,22.5,8.91,331061.06,10.2
730376.66,22.51,8.92,331184.42,10.21
730113.57,22.51,8.91,331196.71,10.21
729025.89,22.53,8.94,331196.51,10.24
729209.6,22.54,8.95,331157.16,10.24
728209.6,22.52,8.92,330157.16,10.21
728485.9,22.53,8.93,331285.23,10.25
728530.12,22.54,8.94,331370.32,10.25
728802.16,22.55,8.95,331370.13,10.25
728666.2,22.55,8.96,331370.13,10.26
728530.24,22.55,8.96,331370.13,10.26
728185.45,22.55,8.95,330943.82,10.25
728454.28,22.56,8.96,330973.08,10.25
728134.6,22.55,8.95,330731.57,10.24
727998.64,22.55,8.96,330702.31,10.25
727862.68,22.56,8.96,330702.31,10.25
727726.72,22.56,8.96,331471.85,10.28
727590.76,22.56,8.97,331524.78,10.28
727642.46,22.57,8.97,331524.96,10.28
727694.15,22.58,8.98,331524.58,10.29
727349.36,22.57,8.97,331152.36,10.28
727401.05,22.58,8.98,331152.36,10.28
727265.09,22.58,8.98,331158.14,10.28
727316.79,22.59,8.99,331152.36,10.28
727180.83,22.59,8.99,331152.36,10.29
727452.86,22.6,9.01,332206.8,10.32
727494.87,22.6,9.01,332266.55,10.32
727302.68,22.6,9.0,331704.47,10.31
727538.45,22.61,9.01,332536.42,10.33
727402.49,22.61,9.02,332536.22,10.34
727409.53,22.61,9.02,332544.39,10.34
727678.36,22.62,9.03,332544.39,10.34
727730.05,22.63,9.04,332544.39,10.34
727781.74,22.64,9.04,332581.06,10.35
727791.14,22.64,9.04,332615.43,10.35
727842.83,22.65,9.05,332601.86,10.35
727706.87,22.65,9.05,332590.96,10.35
727709.22,22.65,9.05,332588.77,10.35
727364.44,22.64,9.05,332592.37,10.35
727228.48,22.65,9.05,332926.57,10.37
727497.3,22.66,9.06,333377.26,10.38
727361.34,22.66,9.06,333377.06,10.39
727597.11,22.67,9.08,333378.18,10.39
727399.73,22.67,9.07,333334.54,10.39
727263.77,22.67,9.07,333334.07,10.39
727532.6,22.68,9.09,333333.43,10.39
727396.64,22.68,9.09,333598.3,10.4
727238.99,22.68,9.08,333440.76,10.4
727238.99,22.68,9.08,333366.69,10.4
727422.7,22.69,9.1,333322.24,10.4
727474.39,22.7,9.1,333313.48,10.4
727142.66,22.69,9.09,333078.86,10.39
727006.7,22.69,9.1,334197.72,10.43
726686.7,22.69,9.09,333877.72,10.42
726550.74,22.69,9.09,333877.53,10.43
726602.43,22.7,9.1,333877.53,10.43
726654.13,22.7,9.11,333877.53,10.43
726667.71,22.7,9.11,333881.91,10.43
726322.93,22.7,9.1,333491.58,10.42
726374.62,22.7,9.11,333491.58,10.42
726238.66,22.71,9.11,333552.77,10.43
726238.66,22.71,9.11,333552.77,10.43
726290.35,22.71,9.12,333711.51,10.44
726154.39,22.72,9.12,333516.05,10.43
726338.1,22.73,9.13,334558.49,10.47
726202.14,22.73,9.13,334558.3,10.47
726066.18,22.73,9.14,334558.3,10.47
725930.22,22.74,9.14,334828.94,10.49
725981.92,22.74,9.15,334779.11,10.49
725931.92,22.74,9.15,334729.11,10.49
725739.07,22.74,9.14,334547.1,10.48
725748.71,22.74,9.14,334630.05,10.48
725612.75,22.74,9.14,334516.35,10.48
725664.44,22.75,9.15,334412.74,10.48
725535.95,22.75,9.16,334987.2,10.5
725383.0,22.75,9.15,334836.1,10.5
725427.22,22.75,9.16,334820.14,10.5
725696.05,22.77,9.17,334819.94,10.5
725747.74,22.77,9.18,334819.94,10.51
725411.53,22.77,9.17,334471.76,10.5
725211.86,22.76,9.17,334187.18,10.49
725075.9,22.76,9.17,334187.18,10.49
725127.59,22.77,9.18,334223.85,10.5
725179.28,22.78,9.18,334210.28,10.5
725043.32,22.78,9.19,334197.01,10.5
725043.32,22.78,9.19,334197.01,10.5
725095.01,22.79,9.19,334194.69,10.5
725095.01,22.79,9.19,334194.69,10.5
725146.7,22.8,9.2,335512.84,10.55
725146.7,22.8,9.2,335513.79,10.55
725198.39,22.8,9.21,335513.97,10.55
725082.41,22.8,9.21,335272.59,10.54
724925.59,22.8,9.2,335113.93,10.54
724925.59,22.8,9.2,335113.93,10.54
725260.12,22.81,9.22,335113.55,10.54
725124.16,22.81,9.22,335113.55,10.54
724988.2,22.82,9.22,335145.74,10.55
724988.2,22.82,9.22,335145.74,10.55
724846.52,22.81,9.22,335119.95,10.55
724710.56,22.82,9.22,335114.17,10.55
724574.6,22.82,9.22,335423.75,10.56
724843.42,22.83,9.24,335520.6,10.57
724895.11,22.84,9.24,335910.84,10.58
724946.8,22.85,9.25,335910.65,10.59
724810.84,22.85,9.25,335926.61,10.59
724674.88,22.85,9.26,335913.2,10.59
724674.88,22.85,9.26,336070.76,10.6
724726.58,22.86,9.26,336068.39,10.6
724590.62,22.86,9.27,336070.46,10.6
724590.62,22.86,9.27,336165.72,10.61
724245.83,22.86,9.26,336126.47,10.61
724429.55,22.87,9.27,336124.2,10.61
724140.74,22.86,9.26,335792.9,10.6
724140.74,22.86,9.26,335792.9,10.6
723851.07,22.85,9.26,336328.96,10.62
724178.91,22.87,9.27,336004.77,10.61
724042.95,22.87,9.27,336699.94,10.63
724094.64,22.88,9.28,336700.12,10.64
723958.68,22.88,9.28,336699.75,10.64
723652.9,22.87,9.28,336342.08,10.63
723516.94,22.88,9.28,336380.05,10.64
723380.98,22.88,9.28,336370.31,10.64
723225.92,22.88,9.28,336215.25,10.63
723089.96,22.88,9.28,336187.02,10.64
722954.0,22.88,9.29,336532.41,10.65
722954.0,22.88,9.29,336583.68,10.65
722954.0,22.88,9.29,336583.68,10.65
723222.82,22.89,9.3,336651.72,10.66
723032.91,22.89,9.29,336301.02,10.65
722889.48,22.89,9.3,336635.34,10.66
723165.95,22.9,9.31,336635.15,10.66
722823.52,22.9,9.3,336635.15,10.66
722687.56,22.9,9.3,336651.37,10.67
722739.26,22.91,9.31,336644.88,10.67
722603.3,22.91,9.31,336635.15,10.67
722875.33,22.92,9.33,336696.43,10.68
723059.04,22.93,9.34,336673.5,10.68
722906.34,22.93,9.33,336515.47,10.67
722770.38,22.93,9.34,336477.12,10.68
722634.42,22.94,9.34,337483.82,10.71
722498.46,22.94,9.34,337483.62,10.71
722362.5,22.94,9.35,337483.62,10.72
722631.32,22.95,9.36,337585.17,10.72
722495.36,22.96,9.36,337506.87,10.72
722359.4,22.96,9.36,337495.98,10.73
722411.09,22.97,9.37,337951.39,10.74
722282.6,22.97,9.37,337899.9,10.75
722139.17,22.97,9.38,338016.37,10.75
722003.21,22.98,9.38,338016.17,10.76
721867.26,22.98,9.38,338016.17,10.76
720867.26,22.95,9.36,337016.17,10.73
720731.3,22.96,9.36,337029.84,10.74
720782.99,22.96,9.37,337017.64,10.74
720647.03,22.97,9.37,337016.17,10.74
720304.59,22.96,9.36,336733.43,10.73
720168.63,22.96,9.37,337025.6,10.75
720032.67,22.97,9.37,336917.24,10.75
719743.0,22.96,9.36,336537.09,10.74
719607.04,22.96,9.37,336538.96,10.74
719658.73,22.97,9.37,336539.14,10.74
719710.42,22.98,9.38,336538.76,10.74
719894.14,22.99,9.39,336538.76,10.75
719894.14,22.99,9.39,336538.76,10.75
720162.96,23.0,9.4,336562.48,10.75
720214.65,23.01,9.41,336559.68,10.75
720078.69,23.01,9.42,336545.35,10.75
719942.73,23.01,9.42,336538.76,10.76
719806.77,23.02,9.42,337828.6,10.8
719806.77,23.02,9.42,337811.84,10.8
719858.46,23.02,9.43,337812.02,10.8
720094.23,23.04,9.44,337811.65,10.81
719958.27,23.04,9.44,337811.65,10.81
719822.31,23.04,9.45,337833.16,10.81
719874.01,23.05,9.45,337816.94,10.82
719738.05,23.05,9.46,337811.65,10.82
719393.26,23.05,9.45,337406.58,10.81
719576.97,23.06,9.46,338458.11,10.84
719853.44,23.07,9.47,338731.18,10.86
719717.48,23.07,9.48,338730.98,10.86
719769.17,23.08,9.48,338730.98,10.86
719952.88,23.09,9.49,338730.98,10.86
719952.88,23.09,9.49,338749.72,10.86
720004.57,23.1,9.5,338787.76,10.87
719807.52,23.09,9.5,338575.93,10.86
719859.21,23.1,9.5,338567.25,10.86
719723.25,23.1,9.51,338537.89,10.87
719587.29,23.11,9.51,338537.89,10.87
719451.33,23.11,9.51,339418.45,10.9
719315.37,23.11,9.52,339418.25,10.91
719322.83,23.11,9.52,339494.14,10.91
719186.87,23.12,9.52,339494.14,10.91
718854.44,23.11,9.51,339334.14,10.91
718718.48,23.11,9.52,339505.48,10.92
718987.31,23.12,9.53,339409.4,10.92
719171.02,23.13,9.54,339353.97,10.92
718848.64,23.13,9.53,341018.84,10.97
718844.26,23.14,9.54,340537.25,10.96
719448.69,23.16,9.57,340744.14,10.97
719632.4,23.17,9.58,340743.94,10.97
719908.86,23.19,9.59,340743.94,10.97
719908.86,23.19,9.59,340743.94,10.97
719960.55,23.19,9.6,340765.16,10.98
719824.59,23.2,9.6,340756.82,10.98
719634.51,23.19,9.6,340556.15,10.98
719498.55,23.19,9.6,340543.34,10.98
719362.59,23.2,9.6,341142.7,11.0
719084.59,23.19,9.6,340932.17,11.0
718926.94,23.19,9.59,340774.52,10.99
718584.52,23.18,9.58,340439.59,10.98
718643.68,23.19,9.59,341052.48,11.0
718905.04,23.2,9.6,341339.91,11.02
718769.08,23.2,9.61,341339.72,11.02
718569.4,23.2,9.6,340988.82,11.01
718229.32,23.19,9.59,340804.9,11.0
718039.64,23.19,9.59,340546.66,11.0
717749.97,23.18,9.58,340146.75,10.98
717614.01,23.18,9.59,340146.75,10.99
717478.05,23.19,9.59,340154.02,10.99
717746.87,23.2,9.6,340153.08,10.99
717746.87,23.2,9.6,340141.86,10.99
717746.87,23.2,9.6,340141.86,10.99
717798.57,23.21,9.61,340135.53,11.0
717662.61,23.21,9.61,340379.24,11.01
717317.82,23.2,9.6,340199.21,11.0
717369.51,23.21,9.61,340228.38,11.01
717641.55,23.22,9.63,340974.68,11.03
717505.59,23.22,9.63,340974.49,11.04
717774.41,23.24,9.64,340974.49,11.04
717638.45,23.24,9.64,340992.32,11.04
717638.45,23.24,9.64,340992.32,11.04
717690.15,23.25,9.65,340977.66,11.05
717741.84,23.26,9.66,340979.94,11.05
717750.02,23.26,9.66,340960.9,11.05
717614.06,23.26,9.66,340955.44,11.05
716526.38,23.28,9.69,340955.24,11.08
716344.9,23.28,9.68,340805.14,11.08
716150.95,23.28,9.68,340706.85,11.07
716014.99,23.28,9.68,341380.4,11.1
716250.76,23.29,9.69,341576.9,11.11
716302.45,23.3,9.7,341577.08,11.11
716354.14,23.31,9.71,341576.7,11.11
716218.18,23.31,9.71,341576.7,11.12
715873.4,23.3,9.71,341512.79,11.12
715718.09,23.3,9.7,341354.76,11.11
715986.92,23.31,9.71,341384.63,11.11
716038.61,23.32,9.72,341387.19,11.12
715902.65,23.32,9.73,341406.39,11.12
716086.36,23.33,9.74,341354.76,11.12
715804.63,23.33,9.73,341019.81,11.11
715668.67,23.33,9.73,342299.08,11.16
715323.89,23.32,9.72,341901.58,11.15
715600.35,23.33,9.74,341901.38,11.15
715464.39,23.34,9.74,341901.38,11.15
715328.43,23.34,9.74,342281.89,11.17
714986.01,23.33,9.74,342264.41,11.17
714879.92,23.34,9.74,342170.53,11.17
714771.44,23.33,9.74,342077.64,11.17
714815.66,23.34,9.75,341954.56,11.17
714910.87,23.35,9.75,343107.92,11.21
714711.2,23.35,9.75,342972.74,11.2
715350.4,23.37,9.77,343191.16,11.21
715350.4,23.37,9.77,343191.16,11.21
715438.05,23.38,9.78,343183.31,11.21
715489.75,23.38,9.79,343183.49,11.22
715353.79,23.39,9.79,343183.12,11.22
715622.61,23.4,9.8,343183.12,11.22
715486.65,23.4,9.81,343185.5,11.23
715289.27,23.4,9.8,343183.12,11.23
715558.09,23.41,9.82,343486.29,11.24
715609.79,23.42,9.82,343447.94,11.24
715609.79,23.42,9.82,343447.94,11.24
715473.83,23.42,9.83,343413.05,11.24
715337.87,23.43,9.83,344190.08,11.27
715389.56,23.43,9.84,344190.26,11.27
715441.25,23.44,9.85,344189.89,11.28
715624.96,23.45,9.86,344189.89,11.28
715808.68,23.46,9.87,344217.85,11.28
715473.89,23.46,9.86,343815.91,11.27
715525.58,23.46,9.87,343807.86,11.27
715530.28,23.46,9.87,343866.68,11.28
715581.97,23.47,9.88,343894.42,11.28
715446.01,23.48,9.88,343846.77,11.28
715310.05,23.48,9.88,345253.62,11.33
715020.38,23.47,9.88,344870.17,11.32
715027.43,23.47,9.88,344877.21,11.32
714891.47,23.48,9.88,344877.02,11.32
714943.16,23.48,9.89,344877.02,11.33
714994.85,23.49,9.9,344877.02,11.33
714705.18,23.48,9.89,344582.61,11.32
715108.9,23.5,9.9,344582.68,11.32
714972.94,23.5,9.91,344687.04,11.33
714836.98,23.51,9.91,344694.9,11.33
714839.21,23.51,9.91,344692.92,11.33
714703.25,23.51,9.91,344719.22,11.34
714707.95,23.51,9.91,344721.22,11.34
714707.95,23.51,9.91,344721.22,11.34
714571.99,23.51,9.92,345536.47,11.37
714436.03,23.52,9.92,345536.28,11.37
714084.0,23.51,9.91,345089.17,11.36
714084.0,23.51,9.91,345089.17,11.36
714352.82,23.52,9.93,345089.17,11.36
714404.52,23.53,9.93,345091.04,11.37
714404.52,23.53,9.93,345091.04,11.37
714268.56,23.53,9.94,345127.63,11.37
714452.27,23.54,9.95,345110.55,11.37
714316.31,23.55,9.95,345203.8,11.38
714507.49,23.56,9.96,346550.69,11.43
714442.26,23.56,9.97,346405.26,11.43
714678.03,23.58,9.98,346405.06,11.43
714678.03,23.58,9.98,346405.06,11.43
714328.05,23.57,9.97,346048.98,11.42
714192.09,23.57,9.98,346048.98,11.42
714243.78,23.58,9.98,346064.01,11.42
714107.82,23.58,9.99,346059.38,11.43
713971.86,23.59,9.99,346188.12,11.44
713835.9,23.59,9.99,346157.1,11.44
713699.94,23.59,10.0,346108.72,11.44
713563.98,23.6,10.0,346612.34,11.46
713428.02,23.6,10.0,346612.14,11.47
713428.02,23.6,10.0,346612.14,11.47
713146.29,23.59,10.0,346297.71,11.46
713010.33,23.6,10.0,346297.71,11.46
713282.37,23.61,10.01,346326.42,11.46
713146.41,23.61,10.02,346308.68,11.47
713422.87,23.63,10.03,346297.71,11.47
713425.22,23.63,10.03,346328.78,11.47
713289.26,23.63,10.03,346870.71,11.49
713472.97,23.64,10.04,347020.86,11.5
713524.67,23.65,10.05,347346.42,11.51
713234.99,23.64,10.04,347407.31,11.52
712892.57,23.63,10.04,346999.71,11.5
712756.61,23.64,10.04,346999.52,11.51
713025.44,23.65,10.05,346999.52,11.51
713025.44,23.65,10.05,346999.52,11.51
713209.15,23.66,10.06,347076.31,11.51
713073.19,23.66,10.07,347014.99,11.52
712937.23,23.67,10.07,347144.39,11.52
712937.23,23.67,10.07,347144.39,11.52
712661.58,23.66,10.06,346893.46,11.52
712339.2,23.65,10.06,348636.96,11.58
712218.7,23.65,10.06,348283.5,11.57
713619.25,23.71,10.11,348838.59,11.59
713619.25,23.71,10.11,348838.59,11.59
713483.29,23.71,10.11,348838.4,11.59
713759.75,23.72,10.13,348838.4,11.59
713623.79,23.73,10.13,348841.8,11.6
713487.83,23.73,10.13,348838.82,11.6
713539.52,23.74,10.14,348839.61,11.6
713811.56,23.75,10.15,349172.72,11.62
713469.13,23.74,10.15,348883.41,11.61
713520.83,23.75,10.15,348983.76,11.62
713572.52,23.76,10.16,349678.46,11.64
713436.56,23.76,10.17,349678.26,11.65
713488.25,23.77,10.17,349678.26,11.65
713352.29,23.77,10.18,349678.26,11.65
713216.33,23.78,10.18,349679.67,11.66
713400.04,23.79,10.19,349757.85,11.66
713264.08,23.79,10.2,349759.35,11.67
713499.85,23.8,10.21,350573.44,11.7
713499.85,23.8,10.21,350573.44,11.7
713363.89,23.81,10.21,350543.4,11.7
713208.58,23.8,10.21,350389.0,11.69
713477.4,23.82,10.22,350388.81,11.7
713484.7,23.82,10.22,350443.79,11.7
713348.74,23.82,10.22,350443.79,11.7
713212.78,23.82,10.23,350443.79,11.71
713264.47,23.83,10.24,350464.78,11.71
712919.68,23.82,10.23,350453.69,11.71
712783.72,23.83,10.23,350443.8,11.71
712647.76,23.83,10.24,350527.8,11.72
712924.06,23.84,10.25,351168.38,11.74
712780.63,23.85,10.25,351020.93,11.74
712782.9,23.85,10.25,351018.07,11.74
712646.94,23.85,10.25,351017.88,11.75
712510.98,23.85,10.26,351017.88,11.75
712375.02,23.86,10.26,351045.12,11.76
712239.06,23.86,10.27,351023.59,11.76
712103.1,23.86,10.27,351017.88,11.76
711015.43,23.89,10.3,351017.68,11.8
710879.47,23.9,10.3,351226.64,11.81
710743.51,23.9,10.3,351172.09,11.81
710743.51,23.9,10.3,351394.79,11.82
710607.55,23.9,10.31,351240.38,11.81
710471.59,23.91,10.31,351240.18,11.82
710471.59,23.91,10.31,351240.18,11.82
710523.28,23.91,10.32,351240.18,11.82
710387.32,23.92,10.32,351278.15,11.83
710571.03,23.93,10.33,351275.63,11.83
710228.6,23.92,10.33,351008.49,11.82
710092.64,23.92,10.33,350986.18,11.83
710364.67,23.94,10.34,350973.04,11.83
710175.64,23.93,10.34,350757.33,11.82
710175.64,23.93,10.34,350757.33,11.82
709885.96,23.93,10.33,350487.83,11.81
710154.79,23.94,10.34,351548.69,11.85
710018.83,23.94,10.35,351767.99,11.86
710070.52,23.95,10.36,351768.17,11.87
710074.95,23.95,10.36,351750.54,11.86
710126.65,23.96,10.36,351750.17,11.87
709781.86,23.95,10.36,351318.44,11.86
709781.86,23.95,10.36,351394.12,11.86
709626.63,23.95,10.35,351240.39,11.85
709895.46,23.96,10.36,351240.39,11.86
709895.46,23.96,10.36,351301.42,11.86
709705.78,23.96,10.36,351255.75,11.86
709361.0,23.95,10.35,351273.61,11.86
709544.71,23.96,10.36,351266.05,11.86
709813.54,23.97,10.38,351255.75,11.86
709865.23,23.98,10.39,351885.81,11.89
709916.92,23.99,10.39,351471.55,11.88
709572.14,23.98,10.39,352449.66,11.91
709436.18,23.99,10.39,352257.87,11.91
709243.99,23.98,10.38,352043.66,11.9
709295.68,23.99,10.39,352043.84,11.91
709159.72,23.99,10.4,352043.47,11.91
708925.91,23.99,10.39,351825.46,11.9
708789.95,23.99,10.39,351825.46,11.91
709058.77,24.0,10.41,351891.71,11.91
708922.81,24.01,10.41,351899.4,11.92
708786.85,24.01,10.41,352558.35,11.94
708838.54,24.02,10.42,352444.09,11.94
708702.58,24.02,10.43,352455.91,11.95
708566.62,24.03,10.43,352455.72,11.95
708566.62,24.03,10.43,352455.72,11.95
708430.66,24.03,10.43,352455.72,11.95
708482.35,24.04,10.44,352455.72,11.96
708489.4,24.04,10.44,352457.96,11.96
708541.09,24.05,10.45,352474.43,11.96
708405.13,24.05,10.45,352462.67,11.97
708269.17,24.05,10.46,352457.96,11.97
708133.21,24.06,10.46,352926.35,11.99
707793.12,24.05,10.45,352735.9,11.98
707976.84,24.06,10.46,352890.28,11.99
708028.53,24.07,10.47,352890.46,12.0
707738.86,24.06,10.47,352795.92,11.99
707602.9,24.07,10.47,352795.55,12.0
707466.94,24.07,10.47,352795.55,12.0
707177.26,24.06,10.47,352577.61,12.0
707446.09,24.07,10.48,352598.6,12.0
707497.78,24.08,10.49,352585.74,12.0
707507.17,24.08,10.49,352588.16,12.0
707371.21,24.09,10.49,352584.9,12.01
707422.91,24.1,10.5,352580.03,12.01
707225.53,24.09,10.5,353409.03,12.04
707409.24,24.1,10.51,353593.71,12.05
707678.06,24.12,10.52,353593.51,12.05
707678.06,24.12,10.52,353593.51,12.05
707950.1,24.13,10.53,353593.51,12.05
708185.87,24.14,10.55,353600.54,12.05
708049.91,24.15,10.55,353593.51,12.06
708101.6,24.15,10.56,353593.51,12.06
707766.82,24.15,10.55,353775.66,12.07
707630.86,24.15,10.55,353705.27,12.07
707341.18,24.14,10.55,353411.7,12.06
707205.22,24.15,10.55,353379.1,12.07
707211.9,24.15,10.55,353399.72,12.07
707075.94,24.15,10.55,354403.54,12.1
706939.98,24.15,10.56,354403.34,12.11
706658.25,24.15,10.55,354026.64,12.1
706709.94,24.16,10.56,354026.64,12.1
706419.94,24.15,10.55,353736.64,12.09
706283.98,24.15,10.56,353747.5,12.1
706148.02,24.16,10.56,353737.49,12.1
706199.71,24.16,10.57,353754.14,12.1
706063.75,24.17,10.57,353736.64,12.11
706063.75,24.17,10.57,353726.97,12.11
705927.79,24.17,10.57,354242.43,12.13
705791.83,24.17,10.58,354082.05,12.13
705606.19,24.17,10.57,353945.78,12.12
705470.23,24.17,10.58,353945.59,12.13
705334.27,24.18,10.58,353945.59,12.13
705198.31,24.18,10.59,353961.37,12.14
705062.35,24.18,10.59,353954.13,12.14
704926.39,24.19,10.59,353945.59,12.15
705195.21,24.2,10.61,354606.48,12.17
705092.21,24.21,10.61,354501.79,12.17
705110.94,24.21,10.62,354444.41,12.17
705162.64,24.22,10.63,354444.59,12.18
705431.46,24.24,10.64,354444.21,12.18
705483.15,24.24,10.65,354452.65,12.18
705347.19,24.25,10.65,354450.27,12.18
705347.19,24.25,10.65,354461.44,12.19
705002.41,24.24,10.64,354457.21,12.19
705002.41,24.24,10.64,354546.15,12.19
705271.23,24.25,10.66,354544.32,12.19
705135.27,24.26,10.66,355057.05,12.21
705135.27,24.26,10.66,355143.98,12.22
704999.31,24.26,10.66,355032.75,12.22
704999.31,24.26,10.66,355032.75,12.22
704801.93,24.26,10.66,354692.85,12.21
704985.65,24.27,10.67,355596.46,12.24
704849.69,24.27,10.68,355596.27,12.24
705118.51,24.28,10.69,355596.27,12.25
704982.55,24.29,10.69,355625.96,12.25
705166.26,24.3,10.7,355607.97,12.25
705166.26,24.3,10.7,355607.97,12.25
705030.3,24.3,10.71,355596.27,12.26
704894.34,24.31,10.71,356279.59,12.29
704604.67,24.3,10.7,355959.27,12.28
704274.82,24.29,10.7,356012.85,12.28
704344.54,24.3,10.71,355531.01,12.27
704175.62,24.3,10.71,355852.1,12.28
704227.31,24.31,10.72,355852.28,12.29
704091.35,24.32,10.72,355851.9,12.29
703955.39,24.32,10.72,355851.9,12.29
703819.43,24.32,10.73,355905.33,12.3
704088.26,24.34,10.74,355920.23,12.3
703900.93,24.33,10.74,355724.07,12.3
703952.62,24.34,10.75,355671.68,12.3
703816.66,24.34,10.75,356371.33,12.33
703700.68,24.34,10.75,356021.54,12.32
703487.22,24.34,10.74,355812.98,12.31
703670.93,24.35,10.75,356446.53,12.33
703534.97,24.35,10.76,356446.33,12.34
703718.68,24.36,10.77,356446.33,12.34
703582.72,24.37,10.77,356550.59,12.35
703446.76,24.37,10.78,356465.33,12.35
703227.97,24.37,10.77,356177.61,12.34
703496.79,24.38,10.78,356159.09,12.34
703360.83,24.38,10.79,357181.3,12.38
703419.99,24.39,10.8,356997.86,12.38
703464.21,24.4,10.8,356996.67,12.38
703123.21,24.39,10.8,356928.64,12.38
702987.26,24.4,10.8,356928.45,12.39
703038.95,24.41,10.81,356928.45,12.39
703307.77,24.42,10.82,356928.45,12.39
703171.81,24.42,10.83,356928.56,12.4
703223.5,24.43,10.84,356938.99,12.4
703087.54,24.43,10.84,356930.53,12.4
702951.58,24.44,10.84,357697.61,12.44
702815.62,24.44,10.85,357689.04,12.44
702999.34,24.45,10.86,357688.84,12.44
703006.63,24.45,10.86,357723.95,12.44
703190.34,24.47,10.87,357723.95,12.45
703054.38,24.47,10.87,357783.72,12.45
702918.42,24.47,10.88,357734.19,12.46
702573.64,24.47,10.87,357397.68,12.45
701573.64,24.44,10.84,356397.68,12.42
701573.64,24.44,10.84,356397.68,12.42
701842.46,24.45,10.86,356387.44,12.42
702026.18,24.47,10.87,357423.99,12.46
702077.87,24.47,10.88,357513.73,12.46
701941.91,24.48,10.88,357613.7,12.47
701951.55,24.48,10.88,357616.67,12.47
701815.59,24.48,10.89,357616.47,12.47
702051.36,24.5,10.9,357616.47,12.48
701915.4,24.5,10.9,357689.99,12.48
701915.4,24.5,10.9,357689.99,12.48
701779.44,24.5,10.91,357682.59,12.49
701779.44,24.5,10.91,357682.59,12.49
701643.48,24.51,10.91,357616.47,12.49
701643.48,24.51,10.91,357616.47,12.49
701392.02,24.5,10.91,357690.21,12.5
701321.98,24.51,10.91,358905.4,12.54
701616.88,24.53,10.93,358721.9,12.54
701616.88,24.53,10.93,358721.9,12.54
701212.42,24.52,10.92,358290.21,12.53
701212.42,24.52,10.92,358290.21,12.53
701212.42,24.52,10.92,358290.21,12.53
701057.11,24.52,10.92,358143.96,12.52
700921.15,24.52,10.92,358143.77,12.53
700972.84,24.53,10.93,358143.77,12.53
700836.88,24.53,10.94,358143.77,12.54
700551.91,24.52,10.93,357912.14,12.53
700551.91,24.52,10.93,357912.14,12.53
700787.68,24.54,10.94,357939.32,12.53
700839.37,24.55,10.95,357917.7,12.54
700839.37,24.55,10.95,357917.7,12.54
700703.41,24.55,10.95,357912.14,12.54
700567.45,24.55,10.96,358661.72,12.57
700285.72,24.55,10.95,358009.41,12.55
700149.76,24.55,10.96,358377.5,12.57
699831.0,24.54,10.95,358047.47,12.56
700165.53,24.56,10.96,358047.28,12.56
700029.57,24.56,10.97,358047.28,12.56
699766.48,24.56,10.96,358080.77,12.57
700035.31,24.57,10.97,358069.15,12.57
699690.52,24.56,10.97,358084.0,12.57
699959.35,24.57,10.98,358226.5,12.58
699761.97,24.57,10.97,360155.6,12.65
700129.67,24.59,10.99,360158.7,12.65
700064.39,24.59,10.99,359001.77,12.61
699928.43,24.59,11.0,359001.57,12.61
700738.68,24.63,11.03,360717.48,12.68
700481.69,24.62,11.03,360082.41,12.66
700481.69,24.62,11.03,360081.24,12.66
700750.51,24.64,11.04,360081.24,12.66
700166.19,24.63,11.03,359335.92,12.64
700030.23,24.63,11.03,359397.51,12.64
699914.24,24.63,11.03,359344.78,12.64
699778.28,24.63,11.03,359335.92,12.65
699961.99,24.64,11.05,360106.66,12.68
699980.02,24.65,11.06,360776.14,12.71
700412.69,24.67,11.07,360581.9,12.7
700155.05,24.67,11.07,360691.24,12.71
700019.09,24.67,11.08,360691.05,12.71
700287.92,24.69,11.09,360691.05,12.71
700368.51,24.69,11.09,360625.72,12.71
700604.28,24.7,11.11,360643.9,12.72
700468.32,24.71,11.11,360636.46,12.72
700520.01,24.72,11.12,360631.61,12.72
700238.28,24.71,11.11,360625.72,12.73
700040.9,24.71,11.11,360790.6,12.73
700040.9,24.71,11.11,360790.6,12.73
700309.72,24.72,11.12,360819.59,12.74
700112.34,24.72,11.12,360625.72,12.73
699983.85,24.72,11.12,361519.83,12.77
699840.42,24.72,11.13,361316.93,12.76
700168.26,24.74,11.14,361316.74,12.77
700168.26,24.74,11.14,361316.74,12.77
700168.26,24.74,11.14,361316.74,12.77
700219.96,24.75,11.15,361316.74,12.77
700271.65,24.76,11.16,361316.74,12.77
700135.69,24.76,11.16,361330.47,12.78
699923.77,24.75,11.16,361123.42,12.77
699787.81,24.76,11.16,361109.96,12.78
699651.85,24.76,11.17,361109.69,12.78
699515.89,24.77,11.17,361776.37,12.81
699379.93,24.77,11.17,361753.64,12.81
699243.97,24.77,11.18,361753.44,12.82
699243.97,24.77,11.18,361753.44,12.82
699030.46,24.77,11.17,361734.89,12.82
698810.17,24.76,11.17,361474.0,12.81
698810.17,24.76,11.17,361474.0,12.81
698653.28,24.76,11.16,361328.57,12.81
698987.81,24.77,11.18,361328.57,12.81
698724.72,24.77,11.17,361451.13,12.81
698776.42,24.78,11.18,361417.24,12.82
698640.46,24.78,11.19,361328.57,12.82
699037.26,24.8,11.2,361762.94,12.83
698793.29,24.79,11.2,361724.3,12.83
698793.29,24.79,11.2,361766.83,12.84
698723.25,24.8,11.2,361560.91,12.83
698592.52,24.8,11.2,363043.51,12.89
698456.56,24.8,11.21,363043.31,12.89
698456.56,24.8,11.21,363043.31,12.89
698320.6,24.81,11.21,363043.31,12.9
698433.39,24.82,11.22,362276.03,12.87
698297.43,24.82,11.23,362346.46,12.88
698189.02,24.82,11.22,362237.8,12.88
697840.33,24.81,11.22,361987.16,12.87
697704.37,24.82,11.22,361942.42,12.87
697568.41,24.82,11.23,361926.45,12.88
697568.41,24.82,11.23,361926.45,12.88
697620.11,24.83,11.23,362274.78,12.89
697671.8,24.84,11.24,362380.98,12.9
697535.84,24.84,11.25,362254.55,12.9
697587.53,24.85,11.26,362254.73,12.91
697639.22,24.86,11.27,362254.36,12.91
697911.26,24.88,11.28,362254.36,12.91
697775.3,24.88,11.28,362265.28,12.92
697639.34,24.88,11.29,362254.36,12.92
697691.03,24.89,11.3,362254.36,12.93
697874.74,24.91,11.31,363501.49,12.97
697879.44,24.91,11.31,363543.66,12.97
697743.48,24.91,11.31,363562.94,12.98
697607.52,24.91,11.32,363562.74,12.98
697876.34,24.93,11.33,363562.74,12.99
697586.67,24.92,11.32,363144.77,12.97
697042.83,24.94,11.34,363629.6,13.01
697042.83,24.94,11.34,363629.6,13.01
697042.83,24.94,11.34,363629.6,13.01
696914.34,24.94,11.34,363575.33,13.01
696804.48,24.95,11.35,363570.5,13.02
696668.52,24.95,11.35,363570.31,13.02
696720.22,24.96,11.36,363570.31,13.02
696341.86,24.95,11.35,363204.58,13.01
696205.9,24.95,11.36,363227.74,13.02
696069.94,24.96,11.36,363210.67,13.02
696121.63,24.97,11.37,363204.58,13.03
695985.67,24.97,11.37,363204.58,13.03
695707.68,24.96,11.37,363079.9,13.03
695707.68,24.96,11.37,363079.9,13.03
695712.37,24.96,11.37,363094.73,13.03
696046.91,24.98,11.38,363751.78,13.05
696098.6,24.99,11.39,364107.02,13.07
696150.29,25.0,11.4,364107.2,13.07
696201.98,25.01,11.41,364106.82,13.08
696066.02,25.01,11.41,364106.82,13.08
695930.06,25.01,11.42,364119.21,13.09
695930.06,25.01,11.42,364119.21,13.09
695930.06,25.01,11.42,364099.04,13.09
695794.1,25.02,11.42,364094.86,13.09
695845.79,25.03,11.43,364090.95,13.1
695709.83,25.03,11.44,364710.18,13.12
695573.87,25.04,11.44,364572.11,13.12
695193.38,25.03,11.43,364121.94,13.11
695245.07,25.04,11.44,364122.12,13.11
695109.11,25.04,11.44,364121.74,13.12
694973.15,25.04,11.45,364121.74,13.12
695156.87,25.06,11.46,364131.51,13.13
695001.56,25.05,11.46,363977.32,13.12
695001.56,25.05,11.46,364071.62,13.12
695270.39,25.07,11.47,364061.85,13.13
695322.08,25.08,11.48,364061.85,13.13
695186.12,25.08,11.48,364929.36,13.17
695050.16,25.08,11.49,365045.35,13.17
694894.86,25.08,11.48,364888.33,13.17
694695.18,25.08,11.48,364814.07,13.17
694350.4,25.07,11.47,364444.56,13.16
694402.09,25.08,11.48,364444.74,13.16
694453.78,25.09,11.49,364444.37,13.16
694317.82,25.09,11.49,364444.37,13.17
694181.86,25.09,11.5,364502.51,13.18
694181.86,25.09,11.5,364502.51,13.18
694045.9,25.1,11.5,364455.5,13.18
694229.62,25.11,11.51,364444.37,13.18
694498.44,25.12,11.53,365450.27,13.22
694362.48,25.13,11.53,365296.99,13.22
694226.52,25.13,11.54,365296.79,13.22
694090.56,25.14,11.54,365296.79,13.23
694142.25,25.15,11.55,365296.79,13.23
694006.29,25.15,11.55,365316.86,13.24
694057.99,25.16,11.56,365307.75,13.24
694109.68,25.17,11.57,365306.67,13.25
694161.37,25.18,11.58,365299.87,13.25
694025.41,25.18,11.59,366046.59,13.28
693684.41,25.17,11.58,365964.0,13.28
693953.23,25.19,11.59,365963.8,13.28
693953.23,25.19,11.59,366046.37,13.29
693817.27,25.19,11.6,366046.37,13.29
693681.31,25.2,11.6,366047.96,13.3
693336.53,25.19,11.59,366046.84,13.3
693612.99,25.2,11.61,366046.37,13.3
693477.03,25.21,11.61,366176.87,13.31
693144.61,25.2,11.6,366065.06,13.31
693196.3,25.21,11.61,366046.37,13.31
693060.34,25.21,11.62,366526.24,13.33
692924.38,25.22,11.62,366339.75,13.33
692924.38,25.22,11.62,366373.71,13.33
693193.21,25.23,11.64,366373.52,13.34
693057.25,25.24,11.64,366373.52,13.34
692722.46,25.23,11.63,366391.76,13.34
693057.0,25.24,11.65,366381.58,13.34
692513.16,25.26,11.66,366960.16,13.38
692497.93,25.27,11.67,367025.6,13.39
692500.28,25.27,11.67,367040.8,13.39
692129.05,25.26,11.66,366678.71,13.38
691993.09,25.26,11.67,366678.52,13.39
691857.13,25.27,11.67,366678.52,13.39
692125.96,25.28,11.69,366741.76,13.4
691990.0,25.29,11.69,366691.76,13.4
691990.0,25.29,11.69,366687.2,13.4
691854.04,25.29,11.69,366675.73,13.4
691718.08,25.29,11.7,367418.64,13.44
691560.43,25.29,11.69,367261.3,13.43
691492.19,25.3,11.7,366719.71,13.42
691572.02,25.3,11.71,367182.61,13.44
691581.41,25.3,11.71,367185.02,13.44
691445.46,25.31,11.71,367184.82,13.44
691714.28,25.32,11.73,367184.82,13.44
691275.98,25.31,11.72,366768.83,13.43
690931.2,25.31,11.71,366768.83,13.43
691114.91,25.32,11.72,367016.49,13.45
690826.15,25.31,11.72,366716.46,13.44
690690.19,25.32,11.72,366469.71,13.43
690554.23,25.32,11.72,366534.11,13.44
690418.27,25.32,11.73,366868.28,13.46
690469.96,25.33,11.74,366980.32,13.46
690180.29,25.33,11.73,366516.59,13.45
689180.29,25.3,11.7,365516.59,13.42
689044.33,25.3,11.71,365746.1,13.43
688908.37,25.31,11.71,365745.91,13.44
688772.41,25.31,11.72,365745.91,13.44
688636.45,25.32,11.72,365772.99,13.45
688905.27,25.33,11.73,365786.93,13.45
688907.62,25.33,11.73,365789.63,13.45
688771.66,25.33,11.74,365764.83,13.45
688655.68,25.33,11.74,366344.77,13.48
688655.68,25.33,11.74,366303.45,13.47
688534.65,25.34,11.74,366002.33,13.47
688460.75,25.34,11.75,365953.16,13.47
688324.79,25.35,11.75,365952.97,13.48
688123.04,25.35,11.75,366007.09,13.48
688306.75,25.36,11.77,366007.09,13.49
688306.75,25.36,11.77,366056.55,13.49
687306.75,25.34,11.74,365056.55,13.46
687542.52,25.35,11.75,365085.74,13.46
687778.29,25.36,11.77,365063.76,13.46
687642.33,25.37,11.77,365056.55,13.47
687694.02,25.38,11.78,365859.85,13.5
687745.71,25.39,11.79,366180.85,13.52
687797.4,25.4,11.8,366595.24,13.54
687661.44,25.4,11.81,366595.05,13.54
687371.77,25.39,11.8,366150.75,13.53
687235.81,25.4,11.8,366150.75,13.53
687099.85,25.4,11.81,366227.48,13.54
687151.54,25.41,11.82,366190.9,13.54
687335.26,25.42,11.83,366299.98,13.55
687151.18,25.42,11.82,366356.79,13.55
687015.22,25.42,11.83,366313.57,13.56
686946.98,25.43,11.84,366666.87,13.57
686811.02,25.44,11.84,366666.68,13.58
686794.99,25.44,11.85,366856.72,13.59
686846.68,25.45,11.86,366856.72,13.59
686557.01,25.44,11.85,366614.37,13.59
686421.05,25.45,11.85,366738.21,13.6
686604.76,25.46,11.87,366732.21,13.6
686604.76,25.46,11.87,366679.77,13.6
686656.46,25.47,11.88,366679.15,13.6
686520.5,25.48,11.88,366663.85,13.61
686520.5,25.48,11.88,366663.85,13.61
686392.0,25.48,11.88,367430.04,13.64
686436.23,25.49,11.89,367441.02,13.64
686300.27,25.49,11.9,367440.82,13.65
686569.09,25.51,11.91,367440.82,13.65
686214.31,25.5,11.9,367509.07,13.66
686078.35,25.5,11.91,367475.44,13.66
685942.39,25.51,11.91,367440.82,13.66
686233.62,25.52,11.93,369339.32,13.74
686914.28,25.56,11.96,369474.14,13.75
687468.55,25.58,11.99,369560.82,13.75
687476.01,25.58,11.99,369535.63,13.75
687340.05,25.59,11.99,369535.44,13.76
687391.74,25.6,12.0,369535.44,13.76
687575.45,25.61,12.02,369672.93,13.77
687844.28,25.63,12.03,369647.79,13.77
687895.97,25.64,12.04,369674.13,13.78
688079.68,25.65,12.05,369674.74,13.78
687943.72,25.65,12.06,369632.89,13.78
687631.9,25.65,12.05,370865.6,13.83
687679.56,25.65,12.05,370966.85,13.84
687949.0,25.66,12.07,371182.06,13.85
687635.99,25.65,12.06,370836.69,13.84
687635.99,25.65,12.06,370836.69,13.84
687635.99,25.65,12.06,370836.69,13.84
687500.03,25.66,12.06,370836.49,13.84
687364.07,25.66,12.07,370988.25,13.85
687228.11,25.67,12.07,370878.19,13.85
687228.11,25.67,12.07,370878.19,13.85
687092.15,25.67,12.08,370836.49,13.86
686802.07,25.67,12.07,370582.59,13.85
686688.51,25.67,12.07,370717.0,13.86
687617.94,25.71,12.12,372462.64,13.93
687481.98,25.72,12.12,372462.44,13.93
687261.68,25.72,12.12,371824.17,13.91
687261.68,25.72,12.12,371824.17,13.91
686823.94,25.71,12.11,371259.95,13.9
687092.77,25.72,12.13,371259.95,13.9
686956.81,25.73,12.13,371304.38,13.91
686820.85,25.73,12.13,371267.57,13.91
686623.47,25.73,12.13,371259.95,13.91
686421.79,25.72,12.13,371082.39,13.9
686690.62,25.74,12.14,371464.9,13.92
686742.31,25.75,12.15,371359.8,13.92
686606.35,25.75,12.15,371370.31,13.93
686470.39,25.75,12.16,371895.19,13.95
686125.61,25.75,12.15,371525.75,13.94
686394.43,25.76,12.16,371525.56,13.94
686394.43,25.76,12.16,371525.56,13.94
686394.43,25.76,12.16,371525.56,13.94
686446.12,25.77,12.17,371525.56,13.95
686248.74,25.77,12.17,371528.02,13.95
686248.74,25.77,12.17,371528.02,13.95
686112.78,25.77,12.17,371525.56,13.95
686381.61,25.79,12.19,371525.56,13.96
686245.65,25.79,12.19,371835.55,13.97
686245.65,25.79,12.19,371835.55,13.97
686109.69,25.79,12.2,371836.44,13.98
685918.89,25.79,12.2,371874.9,13.98
686847.93,25.83,12.24,373335.56,14.04
687175.54,25.85,12.25,373336.22,14.04
687180.49,25.85,12.25,373352.86,14.04
687044.53,25.85,12.26,373353.2,14.05
686600.95,25.84,12.25,373352.0,14.05
686652.64,25.85,12.26,373352.0,14.06
686704.34,25.86,12.27,373380.85,14.06
686568.38,25.87,12.27,373358.5,14.07
686432.42,25.87,12.28,373352.0,14.07
686296.46,25.88,12.28,373886.27,14.1
686348.15,25.89,12.29,373928.71,14.1
686399.84,25.9,12.3,373928.89,14.11
686668.66,25.91,12.32,373928.51,14.11
686668.66,25.91,12.32,373876.33,14.11
686670.94,25.91,12.32,373940.47,14.11
686670.94,25.91,12.32,373940.47,14.11
686534.98,25.92,12.32,373940.47,14.12
686534.98,25.92,12.32,373940.47,14.12
686399.02,25.92,12.32,373953.49,14.12
686292.13,25.92,12.32,373845.14,14.12
686156.17,25.92,12.33,373832.46,14.12
685811.38,25.91,12.32,373832.13,14.13
685675.42,25.92,12.32,374068.68,14.14
686009.95,25.93,12.34,374061.9,14.14
685874.0,25.94,12.34,374349.15,14.16
685738.04,25.94,12.35,374348.96,14.16
685602.08,25.95,12.35,374348.96,14.17
685466.12,25.95,12.36,374351.11,14.17
685330.16,25.96,12.36,374491.33,14.18
685067.07,25.95,12.36,374427.63,14.18
685339.1,25.97,12.37,374303.69,14.18
685339.1,25.97,12.37,374303.69,14.18
685607.93,25.98,12.39,374285.25,14.18
685607.93,25.98,12.39,374285.25,14.18
685471.97,25.99,12.39,375048.31,14.22
685471.97,25.99,12.39,375003.93,14.22
685471.97,25.99,12.39,375052.99,14.22
685369.58,25.99,12.4,375077.14,14.23
685183.23,25.99,12.39,374949.93,14.22
685047.27,25.99,12.4,374949.74,14.23
685316.09,26.01,12.41,374949.74,14.23
685367.78,26.02,12.42,374949.74,14.23
685231.82,26.02,12.43,374977.03,14.24
685283.52,26.03,12.44,374950.12,14.24
685147.56,26.04,12.44,374951.44,14.25
685011.6,26.04,12.45,375672.06,14.28
685063.29,26.05,12.46,375897.91,14.3
684865.91,26.05,12.45,375643.17,14.29
684865.91,26.05,12.45,375643.17,14.29
684729.95,26.05,12.46,375642.98,14.29
684593.99,26.06,12.46,375678.58,14.3
684645.68,26.07,12.47,375649.31,14.3
684829.39,26.08,12.49,375649.29,14.31
684881.09,26.09,12.5,375841.73,14.32
684881.09,26.09,12.5,375841.73,14.32
684881.09,26.09,12.5,375841.73,14.32
684881.09,26.09,12.5,375841.73,14.32
685149.91,26.11,12.51,375819.13,14.32
684805.13,26.1,12.5,375759.94,14.32
684515.45,26.09,12.49,376517.03,14.35
684515.45,26.09,12.49,376517.03,14.35
684456.49,26.1,12.5,376370.56,14.35
684320.53,26.1,12.51,376370.37,14.36
684107.57,26.1,12.51,376095.78,14.35
684107.57,26.1,12.51,376095.78,14.35
683971.61,26.11,12.51,376095.78,14.36
683974.73,26.11,12.51,376181.01,14.36
684243.55,26.12,12.53,376280.62,14.37
684243.55,26.12,12.53,376280.62,14.37
684243.55,26.12,12.53,376280.62,14.37
684107.59,26.13,12.53,376294.23,14.37
683971.63,26.13,12.54,376393.72,14.38
683774.25,26.13,12.53,376300.86,14.38
683825.94,26.14,12.54,376923.69,14.41
683885.1,26.15,12.55,376874.79,14.41
684274.44,26.17,12.57,376987.87,14.42
684138.48,26.17,12.58,376987.67,14.42
684190.17,26.18,12.59,376987.67,14.43
684054.21,26.19,12.59,377026.42,14.43
683918.25,26.19,12.6,376990.14,14.44
683782.29,26.2,12.6,377220.63,14.45
683646.33,26.2,12.61,377069.44,14.45
683517.84,26.21,12.61,377433.57,14.47
683849.82,26.22,12.63,377633.51,14.48
683849.82,26.22,12.63,377633.51,14.48
682762.14,26.26,12.67,377633.32,14.53
682518.18,26.26,12.66,377707.01,14.53
682787.0,26.27,12.68,377706.82,14.53
682838.69,26.28,12.69,377706.82,14.54
682890.39,26.29,12.7,377706.82,14.54
682754.43,26.3,12.7,377722.33,14.55
683026.46,26.31,12.72,377706.82,14.55
682681.68,26.31,12.71,377798.71,14.56
682545.72,26.31,12.72,377713.66,14.56
682409.76,26.32,12.72,378527.97,14.6
682461.45,26.33,12.73,378710.86,14.61
682325.49,26.33,12.74,378710.67,14.61
682594.31,26.35,12.75,378710.67,14.62
682594.31,26.35,12.75,378710.67,14.62
682249.53,26.34,12.74,378752.06,14.62
682113.57,26.34,12.75,378750.03,14.63
681977.61,26.35,12.75,378737.55,14.63
682029.3,26.36,12.76,378721.07,14.64
681893.34,26.36,12.77,378810.42,14.65
681805.92,26.37,12.77,379294.21,14.67
681809.07,26.38,12.78,379145.14,14.67
681673.11,26.38,12.79,379144.95,14.67
681724.81,26.39,12.8,379144.95,14.68
681588.85,26.4,12.8,379182.99,14.69
681452.89,26.4,12.81,379161.47,14.69
681452.89,26.4,12.81,379110.89,14.69
681636.6,26.42,12.82,379113.34,14.69
681820.31,26.43,12.83,380044.26,14.73
681820.31,26.43,12.83,380044.26,14.73
682096.6,26.45,12.85,380178.83,14.74
681833.54,26.44,12.84,379932.99,14.73
681877.77,26.45,12.85,380198.99,14.75
682061.48,26.46,12.87,380198.8,14.75
681908.53,26.46,12.86,380040.78,14.75
681750.12,26.45,12.86,379882.12,14.74
681415.33,26.45,12.85,379648.31,14.73
680327.65,26.49,12.89,379648.12,14.78
680191.69,26.49,12.9,379648.12,14.79
680055.73,26.5,12.9,379683.62,14.79
680239.45,26.51,12.91,379660.52,14.8
680103.49,26.52,12.92,379648.12,14.8
680372.31,26.53,12.93,380585.61,14.84
680313.34,26.54,12.94,380886.0,14.86
680133.96,26.54,12.95,380636.14,14.85
680185.66,26.55,12.96,380636.32,14.86
680049.7,26.56,12.96,380635.95,14.86
680101.39,26.57,12.97,380635.95,14.87
680153.08,26.58,12.98,380661.54,14.87
680204.77,26.59,12.99,380660.3,14.88
680388.48,26.6,13.01,380676.0,14.88
680440.18,26.61,13.02,380836.38,14.9
680304.22,26.62,13.02,381882.35,14.94
680487.93,26.63,13.04,381882.15,14.95
680539.62,26.64,13.05,381882.15,14.95
680320.82,26.64,13.04,381637.72,14.94
680372.51,26.65,13.05,381637.72,14.95
680424.21,26.66,13.06,381637.72,14.95
680288.25,26.66,13.07,381637.72,14.96
680288.25,26.66,13.07,381637.72,14.96
680339.94,26.67,13.08,381637.72,14.96
680523.65,26.69,13.09,381637.72,14.97
680245.66,26.68,13.08,381442.28,14.96
680109.7,26.68,13.09,382844.41,15.02
680378.52,26.7,13.1,382844.21,15.02
680210.82,26.7,13.1,382766.19,15.02
680074.86,26.7,13.11,382766.19,15.03
680074.86,26.7,13.11,382766.19,15.03
679730.07,26.69,13.1,382840.19,15.03
679730.07,26.69,13.1,382652.94,15.03
679781.77,26.7,13.11,382616.1,15.03
679645.81,26.71,13.11,382629.84,15.04
679659.2,26.71,13.11,382626.71,15.04
679523.24,26.71,13.12,382696.41,15.05
679387.28,26.72,13.12,382575.8,15.05
679251.32,26.72,13.13,383015.96,15.07
679115.36,26.73,13.13,382816.76,15.07
679167.06,26.74,13.14,382816.94,15.07
679435.88,26.76,13.16,382816.57,15.08
679091.1,26.75,13.15,382816.57,15.08
679142.79,26.76,13.16,382834.42,15.08
678987.56,26.75,13.16,382675.76,15.08
678987.56,26.75,13.16,382675.76,15.08
679039.25,26.76,13.17,382666.65,15.08
679039.25,26.76,13.17,382666.65,15.08
679039.25,26.76,13.17,382666.65,15.08
679090.94,26.77,13.18,382658.01,15.09
679274.65,26.79,13.19,382657.9,15.09
679510.42,26.8,13.21,384040.67,15.15
679510.42,26.8,13.21,384040.67,15.15
679247.07,26.8,13.2,383781.67,15.14
679111.11,26.8,13.21,383869.26,15.15
679113.46,26.8,13.21,383878.31,15.15
678977.5,26.81,13.21,383878.11,15.16
679246.33,26.82,13.23,383878.11,15.16
679110.37,26.83,13.23,383981.27,15.17
678974.41,26.83,13.24,383997.88,15.18
679026.1,26.84,13.25,383902.61,15.18
678890.14,26.85,13.25,384337.41,15.2
678754.18,26.86,13.26,384312.15,15.21
678805.87,26.87,13.27,384545.01,15.22
678669.91,26.87,13.28,384544.82,15.23
678721.6,26.88,13.29,384544.82,15.23
678585.64,26.89,13.29,384544.82,15.24
678240.86,26.88,13.28,384315.9,15.23
678104.9,26.88,13.29,384415.76,15.24
677968.94,26.89,13.29,384411.83,15.25
678237.76,26.9,13.31,384315.9,15.25
678134.76,26.91,13.32,385178.97,15.29
678139.46,26.91,13.32,385184.49,15.29
678378.54,26.93,13.33,385132.01,15.29
678443.89,26.93,13.33,385165.35,15.29
678307.93,26.93,13.34,385165.15,15.29
678359.62,26.95,13.35,385165.15,15.3
678223.66,26.95,13.35,385165.15,15.31
678407.37,26.96,13.37,385200.6,15.31
678459.06,26.98,13.38,385185.12,15.32
678727.89,26.99,13.4,385165.15,15.32
678591.93,27.0,13.4,386094.31,15.36
678643.62,27.01,13.41,386410.87,15.38
678507.66,27.01,13.42,386410.68,15.38
678371.7,27.02,13.42,386410.68,15.39
678423.39,27.03,13.43,386410.68,15.39
678475.08,27.04,13.44,386412.32,15.4
678275.41,27.03,13.44,386419.08,15.4
677985.74,27.03,13.43,385924.95,15.38
678169.45,27.04,13.44,385962.03,15.39
678033.49,27.05,13.45,385974.89,15.4
678045.23,27.05,13.45,385978.98,15.4
677715.32,27.04,13.44,385855.95,15.39
677586.82,27.04,13.45,386701.16,15.43
677591.77,27.04,13.45,386703.16,15.43
677635.99,27.05,13.46,386690.56,15.44
677819.71,27.07,13.47,386690.36,15.44
677474.92,27.06,13.46,386596.38,15.44
677338.96,27.07,13.47,386596.38,15.45
677203.0,27.07,13.47,386787.84,15.46
677479.46,27.09,13.49,386635.05,15.46
677531.15,27.1,13.5,386596.38,15.46
677188.73,27.09,13.49,386596.38,15.46
676989.06,27.08,13.49,386377.22,15.46
676853.1,27.09,13.49,387311.23,15.5
677154.88,27.11,13.51,387431.11,15.51
677161.93,27.11,13.51,387433.51,15.51
677306.93,27.12,13.52,387469.73,15.51
677170.97,27.12,13.53,387469.54,15.52
677035.01,27.13,13.53,387469.54,15.53
677035.01,27.13,13.53,387469.54,15.53
676598.98,27.12,13.52,387239.42,15.52
676867.81,27.14,13.54,387283.86,15.53
676919.5,27.15,13.55,387263.26,15.53
676574.71,27.14,13.54,387247.48,15.53
676851.18,27.15,13.56,387539.98,15.55
676508.75,27.15,13.55,387427.7,15.55
676372.79,27.15,13.55,387337.75,15.55
676372.79,27.15,13.55,387262.29,15.55
676652.3,27.17,13.57,388064.52,15.58
676508.87,27.17,13.58,387879.26,15.58
676372.91,27.18,13.58,387879.06,15.59
676556.62,27.19,13.6,387879.06,15.59
676420.66,27.2,13.6,388012.83,15.6
676284.7,27.2,13.61,388043.93,15.61
676007.47,27.2,13.6,387774.86,15.6
676016.86,27.2,13.6,387776.92,15.6
676068.55,27.21,13.61,387733.96,15.6
675932.59,27.21,13.62,387706.9,15.61
676149.26,27.23,13.63,388723.45,15.65
676168.0,27.24,13.64,388572.76,15.65
676436.82,27.25,13.66,388572.56,15.66
676620.53,27.27,13.67,388572.56,15.66
676484.57,27.27,13.68,388572.56,15.67
676348.61,27.28,13.68,388944.29,15.69
676212.65,27.29,13.69,388739.79,15.69
675890.27,27.28,13.68,388785.07,15.69
675934.5,27.29,13.69,389812.47,15.74
676279.73,27.31,13.72,389713.99,15.74
675841.99,27.3,13.71,389305.81,15.73
675706.03,27.31,13.71,389305.61,15.73
675889.75,27.32,13.73,389305.61,15.74
675753.79,27.33,13.73,389311.5,15.75
675617.83,27.34,13.74,389305.62,15.75
675801.54,27.35,13.75,389305.61,15.76
675801.54,27.35,13.75,389305.61,15.76
675509.86,27.34,13.75,389042.37,15.75
675509.86,27.34,13.75,389042.37,15.75
675778.69,27.36,13.76,389603.56,15.77
675778.69,27.36,13.76,389603.56,15.77
675489.02,27.35,13.75,389378.81,15.77
675200.86,27.34,13.75,389079.18,15.76
675010.29,27.34,13.74,389012.48,15.75
674874.33,27.34,13.75,388542.86,15.74
674738.37,27.35,13.75,389535.51,15.79
674974.14,27.36,13.77,389535.32,15.79
674978.84,27.36,13.77,389552.32,15.79
675030.53,27.38,13.78,389552.32,15.8
675035.23,27.38,13.78,389554.34,15.8
675035.23,27.38,13.78,389554.34,15.8
674899.27,27.38,13.79,389566.36,15.8
674950.96,27.39,13.8,389562.91,15.81
674815.0,27.4,13.8,389563.81,15.82
674822.04,27.4,13.8,389565.82,15.82
674686.08,27.4,13.81,389556.35,15.82
674869.8,27.42,13.82,390597.07,15.87
674921.49,27.43,13.83,390805.69,15.88
674973.18,27.44,13.84,390805.87,15.89
674837.22,27.45,13.85,390805.49,15.89
674555.78,27.44,13.84,390507.3,15.88
674419.82,27.44,13.85,390515.75,15.89
674283.86,27.45,13.85,390508.07,15.9
674335.55,27.46,13.86,390507.3,15.9
673990.77,27.45,13.86,390119.19,15.89
674042.46,27.46,13.87,390503.29,15.91
674303.65,27.48,13.88,390842.86,15.93
674355.34,27.49,13.89,391205.68,15.95
674219.38,27.5,13.9,391205.49,15.95
673933.49,27.49,13.89,390929.41,15.95
673933.49,27.49,13.89,390929.41,15.95
673596.34,27.48,13.88,390650.54,15.94
673832.11,27.5,13.9,390650.54,15.94
673696.15,27.5,13.91,390677.41,15.95
673406.48,27.49,13.9,390244.19,15.93
673675.31,27.51,13.91,390240.63,15.94
673675.31,27.51,13.91,390223.35,15.93
673539.35,27.52,13.92,390209.96,15.94
673194.56,27.51,13.91,390514.39,15.96
673378.27,27.52,13.93,390455.57,15.96
673249.78,27.53,13.93,390281.58,15.96
673174.95,27.54,13.94,391020.03,15.99
673038.99,27.54,13.95,391019.84,16.0
673038.99,27.54,13.95,391019.84,16.0
672903.03,27.55,13.95,391019.84,16.01
673171.86,27.56,13.97,391089.77,16.01
673171.86,27.56,13.97,391247.66,16.02
673035.9,27.57,13.97,391247.67,16.03
673087.59,27.58,13.98,391188.61,16.03
672951.63,27.59,13.99,391190.07,16.04
672658.17,27.58,13.98,390890.04,16.03
672328.32,27.57,13.97,391689.29,16.06
672999.85,27.6,14.01,392180.17,16.08
672999.85,27.6,14.01,392180.17,16.08
672815.77,27.6,14.0,391930.36,16.08
672520.45,27.59,14.0,391497.98,16.06
672789.28,27.61,14.01,391497.79,16.07
672840.97,27.62,14.03,391497.79,16.07
672496.18,27.61,14.02,391497.79,16.07
672360.22,27.62,14.02,391541.41,16.08
672099.51,27.61,14.02,391321.32,16.08
672375.97,27.63,14.03,391285.72,16.08
672033.55,27.62,14.02,391277.7,16.08
672217.26,27.63,14.04,392102.83,16.12
672096.24,27.64,14.04,392036.24,16.12
672786.43,27.67,14.08,392410.41,16.14
672303.7,27.67,14.07,392455.89,16.15
672355.39,27.68,14.08,392456.07,16.16
672219.43,27.68,14.09,392455.69,16.16
672219.43,27.68,14.09,392455.69,16.16
672083.47,27.69,14.09,392460.67,16.17
671947.51,27.69,14.1,392456.13,16.18
671999.2,27.71,14.11,392455.76,16.18
671863.24,27.71,14.12,392723.52,16.2
672260.05,27.73,14.13,393103.62,16.22
672124.09,27.74,14.14,393095.02,16.22
671988.13,27.74,14.15,393094.83,16.23
671988.13,27.74,14.15,393094.83,16.23
671852.17,27.75,14.15,393094.83,16.24
671861.56,27.75,14.15,393160.64,16.24
671861.56,27.75,14.15,393160.64,16.24
671913.25,27.76,14.16,393160.64,16.24
671777.29,27.77,14.17,393219.11,16.25
671934.36,27.77,14.18,393692.22,16.27
671798.4,27.78,14.18,393673.24,16.28
671293.27,27.76,14.17,393120.78,16.26
671157.31,27.77,14.17,393081.3,16.26
671348.49,27.79,14.19,393752.27,16.3
671609.85,27.8,14.21,393989.85,16.31
671297.74,27.79,14.2,393681.3,16.3
671146.1,27.79,14.19,393483.12,16.29
671010.14,27.8,14.2,393482.92,16.3
670874.18,27.8,14.21,393482.92,16.31
671057.89,27.82,14.22,393507.94,16.31
670868.22,27.81,14.22,393523.99,16.31
670732.26,27.82,14.22,393503.61,16.32
670596.3,27.82,14.23,393483.06,16.33
670596.3,27.82,14.23,393483.06,16.33
670324.38,27.84,14.24,393789.9,16.35
670376.07,27.85,14.25,393788.01,16.36
670376.07,27.85,14.25,393788.01,16.36
670427.76,27.86,14.26,393788.19,16.36
670291.8,27.86,14.27,393787.81,16.37
670155.84,27.87,14.27,393821.63,16.38
669068.16,27.92,14.32,393821.43,16.43
668932.2,27.92,14.33,393790.08,16.44
669204.24,27.94,14.35,393944.82,16.45
669473.06,27.96,14.36,393962.35,16.45
669195.07,27.95,14.35,393787.62,16.45
669059.11,27.96,14.36,394537.48,16.49
668819.81,27.95,14.36,393853.93,16.46
668864.04,27.96,14.37,394454.15,16.49
668728.08,27.97,14.37,394453.96,16.5
668779.77,27.98,14.38,394453.96,16.5
668779.77,27.98,14.38,394453.96,16.5
668643.81,27.99,14.39,394453.96,16.51
668695.5,28.0,14.4,394455.59,16.52
668964.33,28.01,14.42,394486.9,16.52
668828.37,28.02,14.42,394506.68,16.53
668692.41,28.03,14.43,395231.43,16.57
668556.45,28.03,14.44,395070.35,16.57
668420.49,28.04,14.44,395070.15,16.57
668284.53,28.04,14.45,395070.15,16.58
668148.57,28.05,14.45,395091.43,16.59
668042.21,28.05,14.45,395157.0,16.59
668042.21,28.05,14.45,395157.0,16.59
667906.25,28.06,14.46,395137.21,16.6
668175.07,28.07,14.48,395135.73,16.6
668039.11,28.08,14.48,395487.46,16.62
667841.73,28.07,14.48,395271.96,16.62
666754.05,28.12,14.53,395271.77,16.67
667030.52,28.14,14.54,395200.87,16.67
667082.21,28.15,14.56,395957.17,16.71
666946.25,28.16,14.56,395956.98,16.72
666997.94,28.17,14.57,395956.98,16.72
666861.98,28.18,14.58,395967.84,16.73
666868.65,28.18,14.58,395971.31,16.73
666732.69,28.18,14.59,395969.11,16.74
666536.08,28.18,14.58,395723.17,16.73
666587.77,28.19,14.59,395714.51,16.73
666856.6,28.21,14.61,396125.97,16.75
666908.29,28.22,14.62,396348.84,16.77
666772.33,28.22,14.63,396451.37,16.78
666772.33,28.22,14.63,396451.37,16.78
666574.95,28.22,14.62,396492.02,16.79
666574.95,28.22,14.62,396492.02,16.79
666574.95,28.22,14.62,396492.02,16.79
666438.99,28.23,14.63,396491.83,16.79
666707.81,28.24,14.65,396491.83,16.8
666363.03,28.23,14.64,396491.83,16.8
666631.85,28.25,14.65,396534.73,16.8
666495.89,28.26,14.66,396491.83,16.81
666767.93,28.28,14.68,396491.83,16.81
666631.97,28.28,14.69,396971.81,16.84
666496.01,28.29,14.69,396900.5,16.85
666496.01,28.29,14.69,396900.5,16.85
666360.05,28.29,14.7,397183.56,16.86
666411.74,28.31,14.71,397183.74,16.87
666193.32,28.3,14.7,396956.08,16.86
665848.53,28.29,14.69,396803.29,16.86
665656.34,28.28,14.69,396573.76,16.85
665656.34,28.28,14.69,396573.76,16.85
665708.04,28.3,14.7,396573.38,16.86
665572.08,28.3,14.71,396573.38,16.86
665436.12,28.31,14.71,396602.46,16.87
665436.12,28.31,14.71,396602.46,16.87
665300.16,28.32,14.72,396592.71,16.88
665535.93,28.33,14.74,396573.38,16.88
665341.97,28.33,14.73,396986.98,16.9
665525.69,28.34,14.75,397142.27,16.91
665525.69,28.34,14.75,397142.27,16.91
665794.51,28.36,14.76,397531.16,16.93
665449.73,28.35,14.76,397511.16,16.94
665294.42,28.35,14.75,397356.85,16.93
665294.42,28.35,14.75,397356.85,16.93
665158.46,28.35,14.76,397356.65,16.94
665022.5,28.36,14.76,397356.65,16.94
664886.54,28.37,14.77,397414.68,16.95
664750.58,28.37,14.78,397491.6,16.96
664802.28,28.38,14.79,397359.8,16.97
664681.25,28.39,14.79,398174.51,17.01
664481.58,28.38,14.79,397974.71,17.0
664714.74,28.41,14.81,397812.28,17.0
664785.95,28.41,14.82,397979.25,17.01
664649.99,28.42,14.82,397979.06,17.02
664659.12,28.42,14.82,398023.36,17.02
664927.95,28.44,14.84,398023.36,17.02
664583.16,28.43,14.83,398260.51,17.04
664851.99,28.45,14.85,398299.97,17.04
664856.18,28.45,14.85,398330.57,17.04
664907.87,28.46,14.86,398236.91,17.04
664563.09,28.45,14.85,398214.88,17.05
664637.18,28.46,14.87,399595.4,17.11
664632.8,28.47,14.88,399608.86,17.12
665211.6,28.51,14.92,399553.96,17.13
665263.29,28.52,14.93,399554.14,17.13
665532.11,28.54,14.94,399553.76,17.13
665396.15,28.55,14.95,399553.76,17.14
665260.19,28.55,14.96,399583.48,17.15
665311.88,28.57,14.97,399578.67,17.16
664991.88,28.56,14.96,399258.67,17.14
664855.93,28.56,14.97,399241.54,17.15
664719.97,28.57,14.97,399903.74,17.19
664727.01,28.57,14.97,399930.15,17.19
664727.01,28.57,14.97,399930.15,17.19
664591.05,28.58,14.98,399865.44,17.19
664455.09,28.58,14.99,399865.24,17.2
664176.21,28.57,14.98,399542.85,17.19
664176.21,28.57,14.98,399542.85,17.19
664185.86,28.57,14.98,399545.33,17.19
664457.89,28.59,15.0,399545.33,17.19
664113.11,28.58,14.99,399377.59,17.19
663977.15,28.59,14.99,399409.14,17.2
664028.84,28.6,15.01,399395.19,17.2
663892.88,28.61,15.01,399378.95,17.21
663614.88,28.6,15.01,399608.19,17.22
663614.88,28.6,15.01,399608.19,17.22
663478.92,28.61,15.01,399550.97,17.23
663747.75,28.63,15.03,399472.3,17.23
663931.46,28.64,15.05,400461.31,17.28
663931.46,28.64,15.05,400461.31,17.28
663795.5,28.65,15.05,400461.12,17.28
663483.39,28.64,15.04,400107.39,17.27
663759.85,28.66,15.06,400107.39,17.27
663563.24,28.65,15.06,400137.19,17.28
663427.28,28.66,15.06,400124.21,17.29
663478.97,28.67,15.08,400107.78,17.29
663813.51,28.69,15.09,400332.31,17.3
663677.55,28.7,15.1,400276.97,17.31
663729.24,28.71,15.11,400192.52,17.31
663780.93,28.72,15.13,401374.61,17.37
663517.84,28.72,15.12,401058.74,17.36
663786.67,28.73,15.14,401058.54,17.36
663838.36,28.75,15.15,401058.54,17.37
663838.36,28.75,15.15,401058.54,17.37
663722.37,28.74,15.15,401058.54,17.37
662722.37,28.71,15.12,400058.54,17.33
662586.41,28.72,15.12,400073.29,17.34
662450.45,28.73,15.13,400058.64,17.35
662719.28,28.74,15.15,400058.54,17.35
662583.32,28.75,15.15,400975.52,17.4
662480.32,28.76,15.16,401019.53,17.41
662450.16,28.77,15.17,401078.54,17.42
662454.86,28.77,15.17,401081.03,17.42
662454.86,28.77,15.17,401069.28,17.42
662318.9,28.78,15.18,401069.09,17.43
662182.94,28.78,15.19,401069.09,17.43
662182.94,28.78,15.19,401069.09,17.43
662510.78,28.8,15.21,401071.11,17.44
662374.82,28.81,15.21,401069.13,17.44
662388.65,28.81,15.21,401117.78,17.45
662388.65,28.81,15.21,401117.78,17.45
662252.69,28.82,15.22,401190.06,17.46
662116.73,28.82,15.23,401141.17,17.46
662168.43,28.83,15.24,401117.75,17.47
662032.47,28.84,15.24,401782.65,17.5
661896.51,28.85,15.25,401782.45,17.51
661590.73,28.84,15.24,401428.71,17.5
661859.55,28.86,15.26,401428.71,17.5
661911.24,28.87,15.27,401428.71,17.51
661775.28,28.88,15.28,401458.58,17.52
661639.32,28.88,15.29,401439.28,17.52
661503.36,28.89,15.29,401636.41,17.54
661374.87,28.9,15.3,402123.47,17.57
661379.57,28.9,15.3,402143.73,17.57
661236.14,28.9,15.31,401952.75,17.57
661100.18,28.91,15.31,401952.56,17.58
660964.22,28.92,15.32,401952.56,17.59
661091.79,28.92,15.33,402168.77,17.59
661143.48,28.94,15.34,402168.77,17.6
660871.56,28.95,15.35,402207.58,17.62
660871.56,28.95,15.35,402231.62,17.62
660871.56,28.95,15.35,402267.6,17.62
660735.6,28.96,15.36,402243.35,17.63
660607.11,28.96,15.37,402636.87,17.65
660463.68,28.97,15.37,402411.92,17.65
660647.39,28.99,15.39,402411.73,17.66
660597.39,28.98,15.39,402361.73,17.65
660873.85,29.0,15.41,402361.73,17.66
660674.18,29.0,15.4,402380.15,17.66
660678.51,29.0,15.4,402383.02,17.66
660542.55,29.0,15.41,402365.08,17.67
660594.24,29.02,15.42,402364.75,17.67
660251.82,29.01,15.41,402419.55,17.68
660251.82,29.01,15.41,402419.55,17.68
660115.86,29.01,15.42,402370.24,17.68
660167.55,29.03,15.43,402364.59,17.69
660031.59,29.03,15.44,402364.59,17.7
660300.41,29.05,15.45,403328.49,17.74
660352.11,29.06,15.47,403328.67,17.75
660403.8,29.08,15.48,403328.29,17.76
660206.42,29.07,15.47,403057.83,17.75
660390.13,29.09,15.49,403057.83,17.75
660254.17,29.09,15.5,403113.47,17.76
660118.21,29.1,15.5,403083.95,17.77
660387.03,29.12,15.52,403065.01,17.77
660258.54,29.13,15.53,404260.85,17.83
660302.77,29.14,15.54,404354.94,17.84
660538.54,29.16,15.56,404354.75,17.85
660538.54,29.16,15.56,404439.29,17.85
660211.21,29.15,15.55,404112.84,17.84
660075.25,29.15,15.56,404112.84,17.85
660351.71,29.17,15.58,404134.96,17.85
660194.89,29.17,15.57,403978.65,17.85
659852.47,29.16,15.56,403966.96,17.85
659716.51,29.17,15.57,403956.57,17.86
659900.22,29.18,15.59,404495.08,17.89
658812.54,29.24,15.64,404495.08,17.95
659081.37,29.26,15.66,404348.68,17.95
659133.06,29.27,15.67,404386.58,17.96
658842.98,29.26,15.66,404085.92,17.95
659078.74,29.28,15.68,405450.47,18.01
659262.46,29.29,15.7,405450.27,18.02
658917.67,29.29,15.69,405069.04,18.0
659186.5,29.3,15.71,405069.04,18.01
659050.54,29.31,15.71,405141.34,18.02
659102.23,29.32,15.73,405128.36,18.02
658966.27,29.33,15.73,405072.13,18.03
658830.31,29.34,15.74,405069.04,18.04
658694.35,29.34,15.75,405974.23,18.09
658716.28,29.36,15.76,406139.04,18.1
658985.11,29.38,15.78,406138.85,18.1
658985.11,29.38,15.78,406138.85,18.1
658849.15,29.38,15.79,406138.85,18.11
658849.15,29.38,15.79,406138.85,18.11
658504.36,29.37,15.78,406266.14,18.12
658556.05,29.39,15.79,406219.48,18.13
658607.75,29.4,15.8,406150.44,18.13
658471.79,29.41,15.81,406138.85,18.14
658523.48,29.42,15.82,406200.69,18.15
658387.52,29.43,15.83,406855.63,18.18
658251.56,29.43,15.84,406726.14,18.19
658303.25,29.45,15.85,406726.32,18.19
658579.71,29.47,15.87,406725.95,18.2
658443.75,29.47,15.88,406725.95,18.21
658307.79,29.48,15.88,406749.15,18.21
658310.14,29.48,15.88,406756.03,18.22
658310.14,29.48,15.88,406756.03,18.22
657957.72,29.47,15.87,406768.27,18.22
657821.76,29.48,15.88,406744.9,18.23
658090.58,29.5,15.9,406732.82,18.23
657745.8,29.49,15.89,407191.6,18.25
657797.49,29.5,15.9,407269.86,18.26
657849.18,29.51,15.92,407346.25,18.27
657713.22,29.52,15.92,407346.05,18.28
657713.22,29.52,15.92,407346.05,18.28
657982.05,29.54,15.94,407346.05,18.29
657982.05,29.54,15.94,407336.28,18.29
657846.09,29.55,15.95,407372.06,18.3
657710.13,29.55,15.96,407358.87,18.3
657761.82,29.57,15.97,407350.88,18.31
657625.86,29.57,15.98,407347.2,18.32
657677.55,29.59,15.99,407993.85,18.35
657729.24,29.6,16.0,408026.84,18.36
657780.93,29.61,16.02,408027.02,18.37
657780.93,29.61,16.02,408101.3,18.37
657787.98,29.61,16.02,408153.78,18.37
657443.2,29.6,16.01,408023.29,18.37
657307.24,29.61,16.01,408022.92,18.38
657171.28,29.62,16.02,408022.92,18.39
657173.55,29.62,16.02,408091.5,18.39
657037.59,29.62,16.03,408147.99,18.4
657089.28,29.64,16.04,408102.35,18.41
656953.32,29.65,16.05,408426.94,18.43
657938.0,29.69,16.09,410001.88,18.5
657802.04,29.7,16.1,410001.69,18.51
657802.04,29.7,16.1,410001.69,18.51
658070.87,29.72,16.12,410001.69,18.51
657934.91,29.72,16.13,410046.72,18.52
657798.95,29.73,16.13,410060.31,18.53
657662.99,29.74,16.14,410016.34,18.54
657367.15,29.73,16.14,409308.67,18.51
657246.12,29.74,16.15,409430.9,18.53
656670.06,29.73,16.13,408988.18,18.51
656670.06,29.73,16.13,408988.18,18.51
656670.06,29.73,16.13,408988.18,18.51
656670.06,29.73,16.13,408988.18,18.51
656714.28,29.74,16.14,409624.84,18.55
656698.42,29.75,16.16,409571.3,18.56
656562.46,29.76,16.16,409571.11,18.56
656831.29,29.78,16.18,409571.11,18.57
656695.33,29.79,16.19,409595.69,18.58
656747.02,29.8,16.2,409589.96,18.59
656611.06,29.81,16.21,409573.7,18.59
656662.75,29.82,16.22,409598.59,18.6
656526.79,29.83,16.23,410215.27,18.64
656762.56,29.85,16.25,410484.66,18.65
656626.6,29.85,16.26,410484.47,18.66
656490.64,29.86,16.27,410484.47,18.67
656145.86,29.85,16.26,410374.15,18.67
656145.86,29.85,16.26,410385.43,18.67
656197.55,29.87,16.27,410385.43,18.68
656061.59,29.87,16.28,410403.15,18.69
656069.17,29.87,16.28,410371.88,18.69
656120.87,29.89,16.29,410361.58,18.69
656120.87,29.89,16.29,410361.58,18.69
655984.91,29.89,16.3,410354.16,18.7
656253.73,29.91,16.32,410992.27,18.73
656305.42,29.93,16.33,411282.95,18.75
656305.42,29.93,16.33,411282.95,18.75
656305.42,29.93,16.33,411282.95,18.75
655990.8,29.92,16.32,410999.71,18.74
655833.15,29.91,16.32,410842.33,18.74
655697.19,29.92,16.32,410842.13,18.75
655561.23,29.93,16.33,410842.13,18.75
655425.27,29.93,16.34,411195.71,18.78
655080.49,29.92,16.33,410803.47,18.77
655349.31,29.94,16.35,410693.91,18.76
655213.35,29.95,16.35,410599.27,18.77
655708.88,29.99,16.39,412378.44,18.86
655418.08,29.98,16.38,412102.61,18.85
655485.41,29.99,16.39,411860.28,18.84
655235.43,29.98,16.38,411562.73,18.83
655119.91,29.99,16.39,411136.52,18.82
655171.6,30.0,16.4,411136.7,18.83
655440.42,30.02,16.42,411136.33,18.83
655095.64,30.01,16.41,411136.33,18.83
654959.68,30.02,16.42,411136.73,18.84
655228.5,30.04,16.44,411146.44,18.85
655092.54,30.04,16.45,411175.6,18.86
655328.31,30.06,16.47,412034.49,18.9
655192.35,30.07,16.47,411717.26,18.9
655056.39,30.08,16.48,412198.94,18.93
654920.43,30.08,16.49,412198.75,18.93
654585.65,30.08,16.48,411780.6,18.92
654585.65,30.08,16.48,411780.6,18.92
654592.69,30.08,16.48,411874.05,18.92
654456.73,30.08,16.49,411874.05,18.93
654320.77,30.09,16.5,411899.21,18.94
654589.6,30.11,16.51,411887.66,18.95
654453.64,30.12,16.52,411887.08,18.95
654505.33,30.13,16.54,411878.17,18.96
654376.84,30.14,16.54,412600.05,19.0
654266.98,30.15,16.55,412452.4,19.01
654535.81,30.17,16.57,412452.21,19.01
654587.5,30.18,16.58,412452.21,19.02
654451.54,30.19,16.59,412452.21,19.03
654179.62,30.2,16.61,412528.27,19.05
653091.94,30.27,16.67,412528.08,19.12
652955.98,30.27,16.68,412530.45,19.13
652611.2,30.26,16.67,412536.02,19.13
652235.19,30.25,16.66,412207.67,19.12
652132.19,30.26,16.67,412666.38,19.15
652150.92,30.27,16.68,412558.13,19.15
652014.96,30.28,16.69,412557.94,19.16
651733.23,30.27,16.68,412320.49,19.15
651597.27,30.28,16.69,412320.49,19.16
651461.31,30.29,16.69,412351.83,19.17
651325.35,30.3,16.7,412524.67,19.19
651189.39,30.3,16.71,412549.89,19.2
651053.43,30.31,16.72,412804.34,19.22
651337.36,30.33,16.74,412583.86,19.21
651201.4,30.34,16.74,412590.83,19.22
651092.18,30.35,16.75,412803.65,19.24
651143.87,30.36,16.77,412799.67,19.25
651007.91,30.37,16.77,412799.12,19.26
650860.95,30.37,16.77,412622.6,19.25
650867.87,30.37,16.77,412624.62,19.25
650731.91,30.37,16.78,412691.64,19.26
650595.95,30.38,16.79,412740.41,19.27
650864.77,30.4,16.81,412731.6,19.28
650682.33,30.4,16.8,413547.73,19.32
650682.33,30.4,16.8,413547.73,19.32
650976.82,30.42,16.82,413246.64,19.31
651179.63,30.44,16.84,413854.29,19.34
651043.67,30.44,16.85,413854.1,19.35
650907.71,30.45,16.86,413854.1,19.36
650771.75,30.46,16.86,413854.99,19.37
650823.44,30.47,16.88,413879.72,19.38
650173.44,30.45,16.86,413229.72,19.35
650225.13,30.47,16.87,413210.4,19.36
649892.71,30.46,16.86,412763.81,19.34
649944.4,30.47,16.88,412762.61,19.35
649808.44,30.48,16.88,412765.4,19.36
649860.13,30.49,16.9,413506.46,19.4
649911.82,30.51,16.91,413506.64,19.41
650180.65,30.53,16.93,413506.27,19.41
650364.36,30.54,16.95,413506.27,19.42
650228.4,30.55,16.96,413548.92,19.43
650092.44,30.56,16.96,413548.16,19.44
650092.44,30.56,16.96,413548.16,19.44
650276.15,30.58,16.98,413654.76,19.45
649997.29,30.57,16.98,415279.32,19.53
650722.45,30.62,17.02,415456.27,19.55
650774.14,30.64,17.04,415456.45,19.56
650497.36,30.63,17.03,415240.72,19.55
650831.89,30.65,17.05,415240.35,19.55
650695.93,30.66,17.06,415251.9,19.56
650747.62,30.67,17.07,415250.45,19.57
650484.54,30.66,17.07,415247.56,19.57
650348.58,30.67,17.08,415448.43,19.59
650348.58,30.67,17.08,415448.43,19.59
650212.62,30.68,17.08,415377.38,19.6
650264.31,30.69,17.1,415389.57,19.61
650533.13,30.71,17.12,416427.31,19.66
650533.13,30.71,17.12,416410.86,19.66
650397.17,30.72,17.13,416410.67,19.67
650261.21,30.73,17.13,416410.67,19.68
650496.98,30.75,17.15,416523.07,19.69
650548.67,30.76,17.17,416418.79,19.69
650412.71,30.77,17.18,416410.67,19.7
650276.75,30.78,17.18,417019.11,19.74
650140.79,30.79,17.19,416828.55,19.74
650192.49,30.8,17.21,417049.02,19.76
650042.82,30.8,17.2,416899.35,19.75
649906.86,30.81,17.21,416899.16,19.76
650178.9,30.83,17.23,416899.16,19.77
650071.25,30.82,17.23,416792.14,19.76
650080.64,30.82,17.23,416794.2,19.76
650132.33,30.84,17.24,416800.56,19.77
650132.33,30.84,17.24,416800.56,19.77
650184.02,30.85,17.26,416801.06,19.78
650048.06,30.86,17.26,416799.53,19.79
650099.76,30.87,17.28,416794.2,19.79
649946.8,30.87,17.27,416636.17,19.79
649810.84,30.88,17.28,417626.56,19.84
649466.06,30.87,17.27,417269.05,19.83
649330.1,30.88,17.28,417189.17,19.84
649194.14,30.88,17.29,417188.97,19.85
649462.96,30.9,17.31,417188.97,19.85
649269.01,30.9,17.3,417105.84,19.85
648941.01,30.89,17.29,416841.76,19.84
648805.05,30.9,17.3,416841.76,19.85
648460.27,30.89,17.29,416904.12,19.86
648324.31,30.9,17.3,416842.15,19.86
648376.0,30.91,17.31,416842.52,19.87
648240.04,30.92,17.32,417210.05,19.9
648104.08,30.93,17.33,417147.74,19.91
648155.77,30.94,17.34,417232.93,19.92
648207.46,30.96,17.36,417233.11,19.92
648259.16,30.97,17.37,417232.74,19.93
648527.98,30.99,17.39,417232.74,19.94
648535.03,30.99,17.39,417236.3,19.94
648190.24,30.98,17.38,417272.04,19.94
648054.28,30.99,17.39,417244.49,19.95
648323.11,31.01,17.41,417236.3,19.96
648187.15,31.02,17.42,418134.05,20.01
647949.44,31.01,17.42,418696.38,20.04
648498.53,31.04,17.45,418614.08,20.04
648767.36,31.06,17.47,418613.89,20.04
648767.36,31.06,17.47,418613.89,20.04
648767.36,31.06,17.47,418613.89,20.04
648422.57,31.05,17.46,418613.89,20.05
648286.61,31.06,17.47,418851.29,20.07
648099.86,31.07,17.47,418544.0,20.06
647963.9,31.07,17.48,418549.88,20.07
647857.81,31.08,17.49,418513.71,20.08
647537.81,31.07,17.48,418193.71,20.07
647563.56,31.09,17.49,419984.83,20.16
647390.01,31.1,17.5,419034.72,20.13
647254.05,31.1,17.51,419034.53,20.14
647371.21,31.12,17.53,418736.2,20.13
647016.55,31.12,17.52,418234.31,20.12
647016.55,31.12,17.52,418281.17,20.12
646889.8,31.12,17.52,418338.87,20.12
646609.91,31.11,17.51,418040.68,20.11
646661.6,31.12,17.53,418040.68,20.12
646525.64,31.13,17.54,418040.68,20.13
646389.68,31.14,17.54,418440.93,20.16
646666.15,31.16,17.56,419425.81,20.21
646510.84,31.15,17.56,419267.79,20.2
646577.47,31.17,17.57,418715.02,20.19
646463.47,31.17,17.57,418030.03,20.15
646719.68,31.2,17.6,419250.89,20.22
646988.51,31.22,17.62,419250.69,20.23
646852.55,31.22,17.63,419276.57,20.24
646312.24,31.21,17.62,418575.33,20.21
646176.28,31.22,17.63,418563.66,20.22
646040.32,31.23,17.63,418585.0,20.23
645823.83,31.22,17.63,418378.0,20.23
646059.6,31.24,17.65,418349.37,20.23
645714.82,31.23,17.64,418342.46,20.24
645714.82,31.23,17.64,418340.32,20.24
645766.51,31.25,17.65,418794.46,20.27
644766.51,31.22,17.62,417794.46,20.23
644818.2,31.23,17.63,417994.49,20.24
644682.24,31.24,17.64,418027.15,20.26
644733.93,31.25,17.66,418027.33,20.26
644785.63,31.27,17.67,418026.96,20.27
644837.32,31.28,17.69,418026.96,20.28
644701.36,31.29,17.7,418026.96,20.29
644565.4,31.3,17.7,418033.53,20.3
644749.11,31.32,17.72,418026.96,20.31
644613.15,31.33,17.73,418959.09,20.36
644477.19,31.34,17.74,418860.84,20.37
644528.88,31.35,17.75,418860.65,20.37
644580.58,31.37,17.77,418860.65,20.38
644849.4,31.39,17.79,418869.08,20.39
644901.09,31.4,17.81,418860.73,20.39
644952.78,31.42,17.82,418860.65,20.4
644608.0,31.41,17.81,418958.42,20.41
644884.46,31.43,17.83,418899.94,20.41
644552.73,31.42,17.82,418688.76,20.41
644557.43,31.42,17.82,418694.29,20.41
644421.47,31.43,17.83,418670.93,20.42
644285.51,31.43,17.84,419871.74,20.49
644292.8,31.43,17.84,419873.76,20.49
643950.38,31.42,17.83,419510.26,20.47
643750.71,31.42,17.82,419360.38,20.47
643802.4,31.43,17.84,419360.56,20.48
643666.44,31.44,17.85,419360.19,20.49
643935.26,31.46,17.87,419360.19,20.49
643799.3,31.47,17.88,419371.08,20.5
643851.0,31.49,17.89,419368.57,20.51
643715.04,31.5,17.9,419360.19,20.52
643579.08,31.5,17.91,420014.41,20.56
643381.7,31.5,17.9,419770.08,20.55
643650.52,31.52,17.92,420105.12,20.57
643514.56,31.53,17.93,420104.93,20.58
643267.8,31.52,17.93,420104.33,20.59
643319.49,31.54,17.94,420104.33,20.59
643319.49,31.54,17.94,420102.75,20.59
643269.49,31.54,17.94,420052.75,20.59
643133.53,31.54,17.95,420052.75,20.6
642997.57,31.55,17.96,420109.24,20.62
642861.61,31.56,17.97,420053.57,20.62
643097.38,31.58,17.99,420531.42,20.65
642968.89,31.59,18.0,420464.02,20.66
642825.46,31.6,18.0,420620.22,20.68
642866.08,31.6,18.01,420652.75,20.68
642730.12,31.61,18.01,420652.56,20.69
642594.16,31.62,18.02,420652.56,20.7
642870.62,31.64,18.04,420681.95,20.7
642734.66,31.65,18.05,420657.34,20.71
642786.35,31.66,18.07,420652.56,20.72
642650.39,31.67,18.08,420975.89,20.75
642307.97,31.66,18.07,420761.56,20.74
642359.66,31.68,18.08,420752.25,20.75
642763.39,31.7,18.11,421674.29,20.8
642765.66,31.7,18.11,421670.82,20.8
642524.4,31.7,18.1,421357.37,20.79
642534.05,31.7,18.1,421367.92,20.79
642585.74,31.71,18.12,421368.1,20.8
642854.56,31.73,18.14,421367.72,20.8
642718.6,31.74,18.15,421367.72,20.81
642770.29,31.76,18.16,421374.9,20.82
642425.51,31.75,18.15,421368.69,20.82
642760.04,31.77,18.17,421367.72,20.83
642624.08,31.78,18.18,421769.74,20.86
642405.66,31.77,18.18,421589.16,20.85
642263.97,31.77,18.17,421307.67,20.84
641975.16,31.76,18.17,421279.74,20.84
641846.67,31.77,18.17,421875.35,20.88
641890.9,31.79,18.19,421847.89,20.89
641754.94,31.79,18.2,421847.7,20.9
641618.98,31.8,18.21,421847.7,20.91
641670.67,31.82,18.22,421884.03,20.92
641534.71,31.83,18.23,421863.83,20.93
641398.75,31.84,18.24,421849.78,20.94
641667.57,31.86,18.26,421847.7,20.94
640667.57,31.82,18.23,420847.7,20.9
640672.27,31.82,18.23,420850.0,20.9
640536.31,31.83,18.24,421397.57,20.94
640400.35,31.84,18.25,421368.02,20.95
640055.57,31.83,18.24,421096.91,20.94
639919.61,31.84,18.25,421096.71,20.95
640316.41,31.86,18.27,421096.71,20.96
640368.1,31.88,18.28,421097.57,20.96
640232.14,31.89,18.29,421096.71,20.97
639819.38,31.88,18.28,421096.71,20.98
639871.07,31.89,18.3,421096.71,20.99
639735.11,31.9,18.31,421408.97,21.02
640069.64,31.93,18.33,421294.39,21.01
639933.68,31.93,18.34,422067.43,21.06
639870.84,31.94,18.34,421997.61,21.06
639922.53,31.95,18.35,421997.79,21.07
640106.24,31.97,18.37,421997.42,21.08
640106.24,31.97,18.37,421998.38,21.08
640157.93,31.99,18.39,421998.38,21.09
640021.97,31.99,18.4,422023.74,21.1
640257.74,32.02,18.42,422004.16,21.1
640526.57,32.04,18.44,421998.38,21.11
640390.61,32.05,18.45,423458.68,21.19
640400.0,32.05,18.45,423495.44,21.19
640223.39,32.04,18.45,423233.93,21.18
640087.43,32.05,18.45,423270.82,21.19
639951.47,32.06,18.46,423270.63,21.2
639679.98,32.05,18.46,422973.43,21.19
639544.02,32.06,18.47,422973.43,21.21
639408.06,32.07,18.48,422987.1,21.22
639408.06,32.07,18.48,422987.1,21.22
639459.76,32.09,18.49,422974.9,21.22
639323.8,32.1,18.5,422973.43,21.24
639187.84,32.11,18.51,423165.35,21.26
639051.88,32.12,18.52,423123.98,21.26
639103.57,32.13,18.54,423297.07,21.28
639372.39,32.15,18.56,423296.88,21.29
639037.61,32.14,18.55,423296.88,21.29
639372.14,32.17,18.57,423315.45,21.3
639236.18,32.17,18.58,423307.3,21.31
639100.22,32.18,18.59,423296.9,21.32
639100.22,32.18,18.59,423296.9,21.32
638845.54,32.18,18.58,423714.72,21.34
639114.36,32.2,18.6,423605.87,21.34
639313.01,32.22,18.62,423467.62,21.34
639107.28,32.22,18.62,425173.19,21.43
639723.77,32.25,18.66,424731.64,21.41
639992.59,32.28,18.68,424731.45,21.42
639647.81,32.27,18.67,424731.45,21.43
639363.04,32.26,18.67,424655.43,21.43
639546.76,32.28,18.69,424655.43,21.44
639410.8,32.29,18.7,424697.97,21.45
639462.49,32.31,18.71,424683.68,21.46
639462.49,32.31,18.71,424664.71,21.46
639462.49,32.31,18.71,424717.51,21.46
639326.53,32.32,18.72,424689.26,21.47
639190.57,32.33,18.73,425344.36,21.51
639242.26,32.34,18.75,424894.26,21.5
639293.95,32.36,18.76,425487.7,21.54
639160.84,32.36,18.76,425418.95,21.54
639396.61,32.38,18.78,425418.76,21.54
639665.43,32.4,18.8,425418.76,21.55
639320.65,32.39,18.8,425437.47,21.55
639320.65,32.39,18.8,425437.47,21.55
639184.69,32.4,18.8,425431.03,21.57
639236.38,32.42,18.82,425425.4,21.57
639100.42,32.43,18.83,425418.76,21.58
639152.11,32.44,18.85,426003.24,21.62
639156.81,32.44,18.85,426006.8,21.62
639433.27,32.46,18.87,425917.21,21.62
639297.31,32.47,18.88,426662.78,21.67
638944.89,32.46,18.87,426297.41,21.66
638808.93,32.47,18.88,426297.22,21.67
639077.75,32.49,18.9,426297.22,21.68
639129.45,32.51,18.91,426317.42,21.69
638935.49,32.5,18.91,426065.68,21.68
638714.45,32.5,18.9,425931.4,21.67
638578.49,32.51,18.91,425924.55,21.68
638233.71,32.5,18.9,425913.01,21.69
638236.7,32.5,18.9,425912.39,21.69
638243.62,32.5,18.9,425969.04,21.69
638107.66,32.51,18.91,425975.59,21.7
638159.36,32.52,18.93,426582.76,21.74
638030.86,32.53,18.94,426527.85,21.75
638030.86,32.53,18.94,426527.85,21.75
638030.86,32.53,18.94,426526.43,21.75
638362.85,32.56,18.96,426835.91,21.77
638102.13,32.55,18.95,426615.81,21.76
638370.96,32.57,18.98,426615.62,21.77
637827.12,32.61,19.01,426737.93,21.82
638010.83,32.63,19.03,426762.99,21.83
638246.6,32.65,19.06,426615.62,21.83
637911.82,32.64,19.05,427455.47,21.87
637775.86,32.65,19.06,427367.55,21.88
637959.57,32.67,19.08,427367.35,21.89
637823.61,32.68,19.09,427367.35,21.9
637875.3,32.7,19.1,427367.35,21.91
637739.34,32.71,19.11,427394.44,21.92
637791.03,32.72,19.13,427367.46,21.93
637842.73,32.74,19.15,427367.35,21.94
637643.05,32.73,19.14,427187.68,21.93
637507.09,32.74,19.15,428056.39,21.99
637775.92,32.77,19.17,428405.27,22.01
637827.61,32.78,19.19,428405.45,22.02
637691.65,32.79,19.2,428405.07,22.03
637555.69,32.8,19.21,428413.52,22.04
637419.73,32.81,19.22,428408.32,22.05
637471.42,32.83,19.23,428425.24,22.06
637523.11,32.84,19.25,428453.23,22.07
637706.83,32.87,19.27,428429.24,22.08
637706.83,32.87,19.27,428429.24,22.08
637758.52,32.88,19.29,429309.42,22.13
637622.56,32.89,19.3,429309.23,22.15
637894.59,32.92,19.32,429309.23,22.15
637549.81,32.91,19.31,428890.08,22.14
637601.5,32.92,19.33,428895.41,22.15
637465.54,32.93,19.34,428890.08,22.16
637329.58,32.94,19.35,428890.08,22.17
637598.41,32.96,19.37,429381.29,22.2
637462.45,32.97,19.38,429508.32,22.22
637326.49,32.98,19.39,429668.27,22.24
637190.53,32.99,19.4,429668.08,22.25
637054.57,33.0,19.41,429668.08,22.26
636870.49,33.0,19.4,429462.07,22.25
636734.53,33.01,19.41,429584.24,22.27
636598.57,33.02,19.42,429587.49,22.28
636598.57,33.02,19.42,429744.32,22.29
636462.61,33.03,19.43,429618.9,22.29
636117.83,33.02,19.42,429514.06,22.29
636386.65,33.04,19.44,430256.38,22.34
636258.16,33.05,19.45,429856.13,22.33
636302.38,33.07,19.47,429992.95,22.35
636116.73,33.06,19.47,429789.6,22.34
635980.78,33.07,19.48,429789.4,22.35
635691.1,33.06,19.47,429485.98,22.34
635575.12,33.06,19.46,429487.03,22.34
635439.16,33.07,19.47,429487.03,22.35
635149.48,33.06,19.46,429345.0,22.35
635013.52,33.07,19.47,429419.71,22.36
634877.56,33.08,19.48,429345.0,22.37
634741.6,33.09,19.49,429916.25,22.41
634793.3,33.11,19.51,429564.06,22.4
635041.4,33.14,19.54,430193.46,22.45
634709.03,33.13,19.54,429720.3,22.43
634573.07,33.14,19.55,429720.11,22.44
634575.02,33.14,19.55,429713.83,22.44
634439.06,33.15,19.56,429726.21,22.46
634230.66,33.15,19.55,429522.55,22.45
634282.35,33.16,19.57,429522.3,22.46
634146.39,33.17,19.58,429517.49,22.47
634415.21,33.2,19.6,429518.03,22.48
634070.43,33.19,19.59,429785.76,22.49
633917.35,33.18,19.59,429632.68,22.49
633781.39,33.19,19.6,429453.03,22.49
633833.08,33.21,19.61,429369.18,22.5
633697.12,33.22,19.62,429791.4,22.53
633497.45,33.21,19.62,429759.38,22.53
633549.14,33.23,19.63,429759.56,22.54
633952.87,33.25,19.66,429759.18,22.54
633902.87,33.25,19.66,429709.18,22.54
633954.56,33.27,19.67,429709.18,22.55
633818.6,33.28,19.68,429711.53,22.56
633408.91,33.27,19.67,429709.23,22.57
633408.91,33.27,19.67,429709.23,22.57
633272.95,33.28,19.68,429709.18,22.58
633324.65,33.3,19.7,429709.18,22.59
633188.69,33.31,19.71,430468.18,22.64
633457.51,33.33,19.73,430727.63,22.66
633459.86,33.33,19.73,430730.72,22.66
633323.9,33.34,19.74,430730.52,22.68
632989.12,33.33,19.73,430475.15,22.67
632853.16,33.34,19.75,430475.15,22.68
632717.2,33.35,19.76,430491.7,22.69
632561.89,33.35,19.75,430338.0,22.69
632425.93,33.36,19.76,430330.45,22.7
632375.93,33.35,19.76,430280.45,22.7
632375.93,33.35,19.76,430275.89,22.7
632239.97,33.37,19.77,430266.89,22.71
632516.43,33.39,19.79,430447.63,22.72
632174.01,33.38,19.78,430281.05,22.72
632225.7,33.4,19.8,430266.89,22.73
632494.53,33.42,19.82,430926.83,22.77
632358.57,33.43,19.83,430926.63,22.78
632222.61,33.44,19.84,430928.23,22.79
632086.65,33.45,19.85,430932.22,22.8
631950.69,33.46,19.86,431098.37,22.83
631814.73,33.47,19.87,431164.55,22.84
631678.77,33.48,19.88,430936.61,22.84
631806.33,33.49,19.89,431066.66,22.85
631670.37,33.5,19.9,431255.28,22.87
631939.2,33.52,19.92,431429.27,22.88
632122.91,33.54,19.95,431429.08,22.89
632174.6,33.56,19.96,431429.08,22.9
632038.64,33.57,19.97,431441.14,22.92
631902.68,33.58,19.98,431438.85,22.93
631902.68,33.58,19.98,431407.89,22.93
631766.72,33.59,20.0,431399.81,22.94
631766.72,33.59,20.0,431399.81,22.94
631421.94,33.58,19.99,431087.23,22.93
631285.98,33.59,20.0,431085.54,22.94
631337.67,33.61,20.01,431085.54,22.95
631389.36,33.63,20.03,431962.05,23.01
631253.4,33.64,20.04,431961.86,23.02
631117.44,33.65,20.05,431961.86,23.03
631386.27,33.67,20.07,431961.86,23.04
631386.27,33.67,20.07,431924.05,23.03
631437.96,33.69,20.09,431937.07,23.04
631489.65,33.7,20.11,431927.7,23.05
631299.98,33.7,20.1,431786.98,23.05
631164.02,33.71,20.11,431788.2,23.06
630819.24,33.7,20.1,431783.33,23.07
630683.28,33.71,20.11,432341.15,23.11
630547.32,33.72,20.13,432194.48,23.11
630599.01,33.74,20.14,432194.66,23.12
630867.83,33.76,20.17,432194.29,23.13
630533.05,33.75,20.16,432194.29,23.13
630397.09,33.76,20.17,432210.4,23.15
630580.8,33.78,20.19,432202.0,23.16
630580.8,33.78,20.19,432202.0,23.16
630849.63,33.81,20.21,432194.29,23.16
630649.95,33.8,20.2,432608.52,23.19
630513.99,33.81,20.22,432384.57,23.19
630565.68,33.83,20.23,433163.39,23.24
630407.27,33.82,20.23,433005.48,23.23
630304.89,33.84,20.24,432919.98,23.24
630168.93,33.85,20.25,432919.78,23.25
630168.93,33.85,20.25,432919.78,23.25
630220.62,33.86,20.27,432919.78,23.26
629992.02,33.86,20.26,432814.85,23.26
629856.06,33.87,20.27,432814.85,23.27
629720.1,33.88,20.28,432827.79,23.29
630123.83,33.91,20.31,432814.95,23.29
630123.83,33.91,20.31,432814.95,23.29
629987.87,33.92,20.32,432814.85,23.3
629851.91,33.93,20.33,433449.95,23.35
629618.12,33.92,20.33,433324.86,23.35
629474.69,33.93,20.34,433284.27,23.36
629474.69,33.93,20.34,433311.12,23.36
629526.38,33.95,20.36,433311.3,23.37
629390.42,33.96,20.37,433310.92,23.38
629254.46,33.97,20.38,433310.92,23.39
629523.28,34.0,20.4,433355.51,23.4
629525.63,34.0,20.4,433369.26,23.4
629530.33,34.0,20.4,433371.25,23.4
629394.37,34.01,20.41,433332.15,23.41
629395.89,34.01,20.41,433367.46,23.42
629447.58,34.03,20.43,433361.98,23.43
629311.62,34.04,20.44,434085.83,23.48
629311.62,34.04,20.44,434064.91,23.48
629175.66,34.05,20.45,434090.37,23.49
629039.7,34.06,20.46,434090.18,23.5
628719.7,34.05,20.45,433770.18,23.49
628771.39,34.07,20.47,433770.18,23.5
628635.43,34.08,20.48,433808.92,23.52
628499.47,34.09,20.49,433810.29,23.53
628363.51,34.1,20.5,433913.91,23.55
628363.51,34.1,20.5,433913.91,23.55
628242.49,34.11,20.51,433868.3,23.56
628242.49,34.11,20.51,433868.3,23.56
628168.58,34.12,20.53,434341.99,23.6
628448.31,34.15,20.55,434438.45,23.61
628536.97,34.15,20.56,434579.8,23.61
628401.01,34.16,20.57,434579.61,23.63
628265.05,34.18,20.58,434579.61,23.64
628533.87,34.2,20.6,434649.54,23.65
628189.09,34.19,20.59,434594.82,23.65
628053.13,34.2,20.6,434580.51,23.67
627772.8,34.19,20.6,434312.24,23.65
627636.84,34.2,20.61,434316.87,23.67
627905.66,34.23,20.63,435123.96,23.72
627964.82,34.24,20.65,434942.33,23.72
627971.87,34.24,20.65,434970.18,23.72
627693.12,34.24,20.64,434669.52,23.71
627693.12,34.24,20.64,434669.52,23.71
627495.74,34.23,20.63,434103.94,23.68
627539.97,34.25,20.65,434685.77,23.72
627404.01,34.26,20.66,434685.58,23.74
627455.7,34.28,20.68,434685.58,23.75
627319.74,34.29,20.69,434685.58,23.76
627162.92,34.28,20.69,434526.92,23.75
626944.49,34.28,20.68,434324.16,23.74
627128.21,34.3,20.7,434357.78,23.76
626838.53,34.29,20.69,434331.06,23.76
626890.23,34.31,20.71,434324.16,23.77
627159.05,34.33,20.73,434677.6,23.79
627166.1,34.33,20.73,434679.62,23.79
627217.79,34.35,20.75,434935.26,23.82
627081.83,34.36,20.76,435035.57,23.84
626884.45,34.35,20.76,435126.34,23.85
626834.45,34.35,20.76,435076.34,23.84
626698.49,34.36,20.77,435076.14,23.86
626967.31,34.39,20.79,435076.14,23.86
627019.0,34.41,20.81,435078.01,23.87
626883.04,34.42,20.82,435094.72,23.89
626538.26,34.41,20.81,435090.02,23.89
626872.79,34.43,20.84,435465.35,23.92
626736.83,34.44,20.85,435204.09,23.92
626633.83,34.46,20.86,436106.48,23.98
626677.94,34.47,20.88,436029.96,23.98
626684.99,34.47,20.88,436054.92,23.99
626549.03,34.48,20.89,436054.73,24.0
626817.85,34.51,20.91,436054.73,24.01
626827.49,34.51,20.91,436064.57,24.01
626834.78,34.51,20.91,436067.32,24.01
626698.82,34.52,20.92,436319.15,24.03
626364.04,34.51,20.91,436104.37,24.03
626364.04,34.51,20.91,436080.21,24.03
625902.87,34.5,20.9,435596.39,24.01
625902.87,34.5,20.9,435596.39,24.01
625954.56,34.52,20.92,435581.93,24.02
625818.6,34.53,20.93,436704.53,24.09
625818.08,34.55,20.95,436060.08,24.07
626118.39,34.58,20.98,436278.83,24.1
626127.79,34.58,20.98,436308.5,24.1
626311.5,34.6,21.01,436308.31,24.11
626320.89,34.6,21.01,436335.8,24.11
626184.93,34.62,21.02,436335.8,24.12
626048.97,34.63,21.03,436424.73,24.14
625913.01,34.64,21.04,436475.01,24.16
625777.05,34.65,21.05,437630.31,24.23
625786.45,34.65,21.06,437662.14,24.23
626124.14,34.68,21.09,438027.23,24.26
627108.89,34.75,21.15,438417.64,24.29
627292.61,34.77,21.18,438417.44,24.3
627307.28,34.78,21.19,438677.95,24.32
627171.32,34.79,21.2,438677.95,24.34
627223.02,34.81,21.22,438700.1,24.35
627274.71,34.83,21.23,438688.78,24.36
627138.75,34.84,21.25,438677.95,24.37
627002.79,34.85,21.26,439305.44,24.42
627193.97,34.88,21.28,439474.12,24.44
627370.21,34.9,21.3,439949.98,24.47
627370.21,34.9,21.3,439949.98,24.47
627421.91,34.92,21.32,439950.16,24.48
627605.62,34.94,21.35,439949.79,24.49
627469.66,34.95,21.36,439971.94,24.51
627521.35,34.97,21.38,439960.62,24.52
627321.68,34.97,21.37,439860.35,24.52
627598.14,34.99,21.39,439849.52,24.52
627833.91,35.01,21.42,439849.52,24.53
627885.6,35.03,21.44,441134.25,24.61
627749.64,35.04,21.45,441396.33,24.64
627801.33,35.06,21.47,441396.14,24.65
627458.91,35.05,21.46,440928.3,24.63
627510.6,35.07,21.48,440928.3,24.64
627510.6,35.07,21.48,440928.3,24.64
627510.6,35.07,21.48,441217.66,24.66
627374.64,35.08,21.49,441226.82,24.67
627238.68,35.1,21.5,441221.55,24.69
627102.72,35.11,21.51,441218.08,24.7
627154.41,35.13,21.53,441222.44,24.71
626871.44,35.12,21.52,440867.46,24.7
627140.27,35.14,21.55,441615.71,24.75
627004.31,35.15,21.56,441790.47,24.77
627056.0,35.17,21.58,441790.65,24.78
625968.32,35.27,21.67,441790.45,24.89
625982.41,35.27,21.68,441792.51,24.89
625982.41,35.27,21.68,441792.51,24.89
625637.62,35.26,21.67,441424.8,24.88
625313.35,35.25,21.65,441012.46,24.86
625021.68,35.24,21.64,440755.68,24.85
624731.59,35.23,21.63,440509.68,24.84
624731.59,35.23,21.63,440509.68,24.84
624595.63,35.24,21.65,440509.31,24.86
624440.33,35.24,21.64,440354.0,24.85
624304.37,35.25,21.65,440354.0,24.86
624576.41,35.28,21.68,440354.78,24.87
624576.41,35.28,21.68,440422.66,24.87
624440.45,35.29,21.69,440421.88,24.89
624492.14,35.31,21.71,440776.55,24.92
624356.18,35.32,21.72,440783.02,24.93
624220.22,35.33,21.74,441200.95,24.97
624084.26,35.34,21.75,441200.75,24.99
623948.3,35.36,21.76,441200.75,25.0
623955.34,35.36,21.76,441202.8,25.0
623819.38,35.37,21.77,441324.97,25.02
623541.39,35.36,21.76,440999.3,25.01
623593.08,35.38,21.78,440976.98,25.02
623644.77,35.4,21.8,440888.26,25.02
623644.77,35.4,21.8,440941.95,25.03
624041.58,35.42,21.83,440930.81,25.03
623797.61,35.42,21.82,441535.88,25.07
623661.65,35.43,21.84,441504.02,25.08
623938.11,35.46,21.86,441742.26,25.1
623802.15,35.47,21.87,441742.07,25.12
623806.85,35.47,21.87,441744.98,25.12
623878.81,35.47,21.88,442121.66,25.14
624147.63,35.5,21.9,442121.66,25.15
623802.85,35.49,21.89,442146.45,25.15
623644.37,35.48,21.89,441948.32,25.15
623696.06,35.5,21.91,441939.92,25.16
623696.06,35.5,21.91,441939.92,25.16
623543.1,35.5,21.9,441788.08,25.15
623811.93,35.52,21.93,441778.35,25.16
623863.62,35.54,21.95,441771.69,25.17
623727.66,35.56,21.96,442081.75,25.2
623727.66,35.56,21.96,442081.75,25.2
623591.7,35.57,21.97,442183.33,25.22
623455.74,35.58,21.98,442416.86,25.25
623319.78,35.59,22.0,442416.66,25.26
623183.82,35.61,22.01,442416.66,25.28
623028.59,35.6,22.0,442262.44,25.27
622892.63,35.61,22.02,442288.91,25.29
622348.79,35.66,22.07,442456.34,25.35
623212.83,35.71,22.12,443262.44,25.4
623264.52,35.73,22.14,443262.62,25.41
623264.52,35.73,22.14,443262.62,25.41
623148.54,35.73,22.13,443341.62,25.42
623200.23,35.75,22.15,443341.24,25.43
623534.76,35.78,22.18,443341.24,25.44
623271.67,35.77,22.17,443347.8,25.44
623135.71,35.78,22.19,443341.24,25.46
623187.41,35.8,22.21,443341.24,25.47
623239.1,35.82,22.23,443341.24,25.48
623103.14,35.83,22.24,444311.33,25.55
623154.83,35.85,22.26,444472.26,25.57
623018.87,35.87,22.27,444472.06,25.59
622882.91,35.88,22.28,444472.06,25.6
623154.95,35.91,22.31,444589.89,25.62
623018.99,35.92,22.32,444476.21,25.63
622905.43,35.93,22.34,444626.64,25.65
623000.64,35.96,22.36,445944.07,25.74
623000.64,35.96,22.36,445914.64,25.74
623054.13,35.98,22.38,445538.99,25.73
622897.15,35.99,22.39,445272.64,25.73
622948.84,36.01,22.41,445272.82,25.74
623132.56,36.03,22.44,445272.45,25.75
623409.02,36.06,22.46,445293.67,25.76
623592.73,36.08,22.49,445284.49,25.76
623864.77,36.11,22.51,445272.45,25.77
623711.81,36.1,22.51,445120.6,25.77
623895.52,36.13,22.53,446044.26,25.83
623759.56,36.14,22.54,446279.29,25.86
623623.6,36.15,22.56,446639.15,25.89
623623.6,36.15,22.56,446639.15,25.89
623487.65,36.17,22.57,446638.96,25.91
623351.69,36.18,22.58,446638.96,25.92
623215.73,36.19,22.6,446955.58,25.96
623215.73,36.19,22.6,446955.58,25.96
622926.05,36.18,22.59,447183.49,25.97
622790.09,36.2,22.6,447036.62,25.98
622790.09,36.2,22.6,447036.62,25.98
622654.13,36.21,22.61,446978.88,25.99
622672.16,36.23,22.64,448045.79,26.07
623246.25,36.29,22.69,447866.87,26.08
623297.95,36.31,22.71,447867.05,26.09
623349.64,36.33,22.73,447866.67,26.1
623349.64,36.33,22.73,447866.67,26.1
623213.68,36.34,22.74,447866.67,26.11
622996.4,36.33,22.74,447680.59,26.11
622860.44,36.34,22.75,447700.45,26.12
622894.64,36.35,22.75,447728.64,26.13
622758.68,36.36,22.76,447766.64,26.14
622942.39,36.38,22.79,447762.63,26.15
622806.43,36.4,22.8,447708.78,26.16
622990.15,36.42,22.83,448739.78,26.24
623173.86,36.45,22.85,448739.59,26.25
623037.9,36.46,22.86,448739.59,26.26
622901.94,36.47,22.88,448744.82,26.28
622749.23,36.47,22.87,448608.7,26.27
622932.95,36.49,22.9,448618.22,26.28
622689.68,36.49,22.89,448269.8,26.27
622961.71,36.51,22.92,448255.05,26.27
622853.36,36.51,22.92,448188.82,26.27
622905.05,36.53,22.94,448188.82,26.29
623173.88,36.56,22.96,449507.47,26.37
623037.92,36.57,22.98,449645.04,26.39
622901.96,36.59,22.99,449644.85,26.41
622766.0,36.6,23.0,449644.85,26.42
622817.69,36.62,23.02,449644.85,26.44
622472.91,36.61,23.01,449319.87,26.43
622749.37,36.64,23.04,449343.08,26.43
622801.06,36.66,23.06,449327.25,26.45
622665.1,36.67,23.07,449319.87,26.46
622900.87,36.7,23.1,450237.41,26.52
622711.2,36.69,23.09,450236.23,26.53
622575.24,36.7,23.11,450333.81,26.55
622439.28,36.72,23.12,450333.62,26.56
622439.28,36.72,23.12,450245.3,26.56
622675.05,36.74,23.15,450245.3,26.57
622539.09,36.76,23.16,450246.38,26.58
622590.78,36.78,23.18,450245.45,26.6
622603.38,36.78,23.18,450361.89,26.6
622467.42,36.79,23.2,450361.75,26.62
622125.0,36.78,23.19,450052.06,26.61
621989.04,36.8,23.2,450536.57,26.65
622257.86,36.82,23.23,450657.05,26.67
622309.56,36.84,23.25,450930.01,26.7
622173.6,36.86,23.26,450929.81,26.71
622216.56,36.86,23.26,451084.38,26.72
621871.78,36.85,23.25,451014.26,26.72
621735.82,36.86,23.27,451014.26,26.74
621735.82,36.86,23.27,450956.84,26.74
621787.51,36.88,23.29,450956.84,26.75
621507.3,36.87,23.28,450735.08,26.74
621776.12,36.9,23.3,450883.41,26.76
621640.16,36.91,23.32,450736.65,26.77
621640.16,36.91,23.32,450634.51,26.76
621519.14,36.93,23.33,450754.81,26.78
621362.32,36.92,23.33,450596.15,26.78
621288.42,36.94,23.34,451501.07,26.85
621203.03,36.96,23.36,451194.28,26.84
621479.49,36.98,23.39,451194.09,26.85
621137.07,36.97,23.38,451194.09,26.86
621001.11,36.99,23.39,451218.22,26.88
621269.93,37.01,23.42,451205.61,26.88
621453.65,37.04,23.44,451194.09,26.89
621317.69,37.05,23.46,451554.47,26.93
621317.69,37.05,23.46,451664.51,26.94
621181.73,37.07,23.47,451477.64,26.94
621078.73,37.08,23.49,451441.2,26.95
621222.97,37.1,23.51,452539.5,27.03
620595.35,37.09,23.49,451784.12,27.0
620647.04,37.11,23.51,451784.3,27.01
620908.23,37.13,23.54,451784.47,27.02
620772.27,37.15,23.55,451783.93,27.04
620636.31,37.16,23.57,451783.93,27.05
620500.35,37.18,23.58,451952.5,27.08
620684.06,37.2,23.61,451936.06,27.09
620735.75,37.22,23.63,451949.66,27.1
620599.79,37.24,23.64,452887.46,27.17
620252.65,37.23,23.63,452499.95,27.16
620304.34,37.25,23.65,452500.13,27.17
620356.03,37.27,23.67,452499.76,27.19
620098.11,37.26,23.67,452201.57,27.17
620149.8,37.28,23.69,452201.57,27.19
620201.49,37.3,23.71,452201.57,27.2
620253.18,37.33,23.73,452353.23,27.22
619963.51,37.31,23.72,452080.56,27.21
620028.86,37.32,23.72,452121.66,27.21
619892.9,37.33,23.74,452221.65,27.24
620161.73,37.36,23.76,452219.65,27.24
620161.73,37.36,23.76,452076.59,27.23
620213.42,37.38,23.79,452875.34,27.3
620213.42,37.38,23.79,453037.3,27.31
620077.46,37.4,23.8,453037.11,27.32
619941.5,37.41,23.81,453037.11,27.34
619596.71,37.4,23.8,453175.88,27.35
619865.54,37.43,23.83,453202.2,27.36
619729.58,37.44,23.84,453189.74,27.38
619532.2,37.44,23.84,453175.88,27.38
619396.24,37.45,23.85,453542.01,27.42
619447.93,37.47,23.88,453453.78,27.43
619724.22,37.5,23.9,453278.01,27.43
619934.04,37.53,23.93,454383.28,27.51
619590.95,37.52,23.92,453985.88,27.49
619859.78,37.54,23.95,453985.69,27.5
619723.82,37.56,23.96,453985.69,27.51
619723.82,37.56,23.96,453899.15,27.51
619723.82,37.56,23.96,453896.9,27.51
619526.44,37.55,23.96,453925.93,27.52
619795.26,37.58,23.98,453908.6,27.52
619659.3,37.6,24.0,453896.9,27.54
619523.34,37.61,24.01,454415.73,27.59
619759.11,37.64,24.04,454181.7,27.58
619950.29,37.66,24.07,454081.83,27.59
619840.44,37.68,24.08,455101.81,27.67
619892.13,37.7,24.11,455101.99,27.68
619756.17,37.72,24.12,455101.62,27.7
620025.0,37.74,24.15,455152.98,27.71
619889.04,37.76,24.16,455128.15,27.72
619940.73,37.78,24.18,455124.23,27.74
619804.77,37.8,24.2,455101.62,27.75
619856.46,37.82,24.22,455870.8,27.81
619720.5,37.83,24.24,456022.09,27.84
619413.34,37.82,24.23,455847.19,27.84
619068.55,37.81,24.22,455486.79,27.82
618932.59,37.83,24.23,455486.6,27.84
619204.63,37.86,24.26,455486.6,27.85
619068.67,37.87,24.28,455510.67,27.87
619120.36,37.89,24.3,455502.22,27.88
618984.4,37.91,24.31,455493.48,27.9
619256.43,37.94,24.34,456164.38,27.95
619261.13,37.94,24.34,456181.03,27.95
619261.13,37.94,24.34,456248.9,27.95
619529.96,37.97,24.37,456314.8,27.96
619394.0,37.98,24.39,456648.61,28.0
619408.33,37.98,24.39,456745.24,28.01
619460.03,38.0,24.41,456745.42,28.02
619267.84,38.0,24.4,456908.34,28.04
619131.88,38.01,24.42,456907.97,28.05
619315.59,38.04,24.44,456907.97,28.06
619179.63,38.05,24.46,456949.51,28.08
619043.67,38.07,24.47,456917.6,28.1
619227.39,38.1,24.5,457015.87,28.12
618949.39,38.09,24.49,456631.09,28.1
618604.61,38.08,24.48,456364.02,28.09
618314.93,38.07,24.47,457171.29,28.15
618374.09,38.09,24.49,457032.43,28.15
618418.32,38.11,24.51,457071.66,28.17
618128.64,38.1,24.5,456883.74,28.16
618128.64,38.1,24.5,456883.74,28.16
618180.33,38.12,24.53,456883.92,28.18
618449.16,38.15,24.55,456883.55,28.18
618313.2,38.16,24.57,456883.55,28.2
618177.24,38.18,24.58,456884.74,28.22
617842.46,38.17,24.57,456883.55,28.23
617842.46,38.17,24.57,456883.55,28.23
617706.5,38.19,24.59,457487.19,28.28
617975.32,38.21,24.62,457353.78,28.28
618256.99,38.25,24.66,458289.78,28.36
618121.03,38.27,24.67,458289.58,28.37
617998.36,38.27,24.67,457965.43,28.36
618267.18,38.3,24.7,457965.43,28.37
618053.83,38.3,24.7,457763.36,28.37
617917.87,38.31,24.72,457934.53,28.39
617781.91,38.33,24.73,458094.79,28.42
617744.83,38.35,24.75,458011.51,28.43
618778.18,38.43,24.83,460520.66,28.6
618642.22,38.44,24.84,460520.46,28.62
618506.26,38.46,24.86,460520.46,28.63
618370.3,38.47,24.88,460526.26,28.65
618377.35,38.47,24.88,460528.63,28.65
618241.39,38.49,24.89,460629.5,28.68
618248.43,38.49,24.89,460631.54,28.68
617895.66,38.49,24.89,459717.76,28.64
617759.7,38.51,24.91,459702.08,28.65
617623.74,38.52,24.93,459685.77,28.67
617281.62,38.52,24.92,459092.25,28.65
617333.31,38.54,24.95,459381.79,28.68
617197.35,38.56,24.96,459191.75,28.69
617199.7,38.56,24.96,459207.58,28.69
617460.88,38.59,24.99,459208.35,28.7
617324.92,38.6,25.01,459207.51,28.71
617376.62,38.62,25.03,459207.61,28.73
617376.62,38.62,25.03,459207.61,28.73
617648.65,38.65,25.06,459222.12,28.74
617832.37,38.68,25.09,459215.46,28.75
617832.37,38.68,25.09,459215.46,28.75
617696.41,38.7,25.1,459207.38,28.77
617560.45,38.71,25.12,460365.42,28.86
617424.49,38.73,25.13,460492.91,28.89
617424.49,38.73,25.13,460492.91,28.89
617104.49,38.72,25.12,460172.91,28.87
617104.49,38.72,25.12,460172.91,28.87
616814.81,38.71,25.11,459678.88,28.85
616678.85,38.72,25.13,459678.68,28.86
616542.89,38.74,25.14,459678.68,28.88
616195.75,38.73,25.13,459580.51,28.88
616464.57,38.76,25.16,459581.42,28.89
616516.26,38.78,25.18,459669.54,28.91
616380.3,38.79,25.2,459585.56,28.93
616652.34,38.83,25.23,459580.51,28.94
616307.55,38.81,25.22,460462.41,29.0
616644.1,38.85,25.25,459876.53,28.97
616366.86,38.84,25.24,459579.85,28.96
616332.75,38.86,25.26,460513.84,29.04
616196.79,38.88,25.28,460513.65,29.05
616473.25,38.91,25.31,460535.51,29.06
616337.29,38.92,25.33,460531.33,29.08
615994.87,38.91,25.31,460530.96,29.09
615858.91,38.93,25.33,460513.65,29.11
616255.72,38.96,25.36,460794.46,29.13
616011.75,38.95,25.36,460778.69,29.14
616346.28,38.98,25.39,460627.53,29.13
616243.28,39.0,25.41,461640.0,29.22
616107.32,39.02,25.42,461639.8,29.23
616126.06,39.04,25.44,461591.36,29.25
615990.1,39.05,25.46,461591.36,29.27
615848.41,39.05,25.46,461331.82,29.25
615900.1,39.08,25.48,461331.82,29.27
616234.63,39.11,25.51,461342.42,29.28
616098.67,39.12,25.53,461331.82,29.29
615962.71,39.14,25.54,461635.26,29.33
615826.75,39.15,25.56,461606.71,29.35
615826.75,39.15,25.56,461606.71,29.35
615690.79,39.17,25.57,461815.49,29.38
615554.83,39.19,25.59,461815.3,29.4
615300.15,39.18,25.59,461732.03,29.4
615164.19,39.2,25.6,461732.03,29.42
615433.01,39.23,25.63,461765.09,29.43
615088.23,39.22,25.62,461752.87,29.44
615088.23,39.22,25.62,461714.22,29.44
614952.27,39.23,25.64,461693.61,29.46
615135.98,39.26,25.67,462292.41,29.51
615135.98,39.26,25.67,462336.17,29.51
615150.07,39.26,25.67,462351.24,29.51
615201.77,39.29,25.69,462117.78,29.51
614988.31,39.28,25.68,461902.27,29.5
614859.81,39.29,25.7,461852.91,29.52
614611.21,39.29,25.69,462136.24,29.54
614426.71,39.3,25.7,461813.24,29.54
614478.4,39.32,25.73,461813.42,29.55
614478.4,39.32,25.73,461813.42,29.55
614342.44,39.34,25.74,461813.04,29.57
614342.44,39.34,25.74,461813.04,29.57
614394.14,39.36,25.77,461813.04,29.59
614258.18,39.38,25.78,461843.42,29.61
614258.18,39.38,25.78,461843.42,29.61
614309.87,39.4,25.81,461819.62,29.62
614578.69,39.43,25.84,461813.04,29.63
614442.73,39.45,25.85,462553.77,29.7
614494.43,39.47,25.88,462622.89,29.72
614546.12,39.5,25.9,462623.07,29.73
614410.16,39.51,25.92,462625.88,29.75
614410.16,39.51,25.92,462625.88,29.75
614682.19,39.55,25.95,462622.69,29.76
614546.23,39.56,25.97,462622.69,29.78
614782.0,39.59,26.0,462622.69,29.79
614646.04,39.61,26.01,463189.85,29.85
614510.08,39.63,26.03,463368.48,29.88
614782.12,39.66,26.06,463778.74,29.92
614646.16,39.68,26.08,463778.54,29.94
614697.85,39.7,26.1,463778.54,29.95
614561.89,39.72,26.12,463799.49,29.97
614425.93,39.73,26.14,463778.8,29.99
614512.55,39.74,26.14,464157.64,30.02
614781.38,39.77,26.17,464157.39,30.02
614965.09,39.8,26.2,464157.39,30.04
615200.86,39.83,26.23,465199.26,30.12
614856.08,39.82,26.22,464232.44,30.06
615039.79,39.85,26.25,465272.95,30.14
615223.5,39.87,26.28,465272.75,30.16
615223.5,39.87,26.28,465272.75,30.16
615324.78,39.88,26.28,465517.19,30.17
615376.47,39.91,26.31,465517.19,30.19
615240.51,39.92,26.33,465517.19,30.21
614918.49,39.91,26.31,465248.51,30.2
614970.19,39.94,26.34,465286.54,30.21
614834.23,39.95,26.36,465287.23,30.23
614885.92,39.98,26.38,465283.65,30.25
614885.92,39.98,26.38,465575.01,30.27
614749.96,39.99,26.4,465539.86,30.29
614801.65,40.02,26.42,466599.23,30.37
614853.34,40.04,26.45,466599.41,30.39
614873.5,40.04,26.45,466534.2,30.38
615057.21,40.07,26.48,466533.83,30.4
615057.21,40.07,26.48,466385.06,30.39
614767.54,40.06,26.47,466254.66,30.38
614951.25,40.09,26.5,466254.66,30.4
615187.02,40.12,26.53,466256.83,30.41
615051.06,40.14,26.54,466254.66,30.43
615312.25,40.17,26.57,466915.0,30.48
614975.1,40.16,26.56,466328.64,30.45
615026.79,40.18,26.59,466486.71,30.48
615078.48,40.21,26.61,467595.68,30.57
615078.48,40.21,26.61,467553.68,30.56
614942.52,40.23,26.63,467553.48,30.58
615218.98,40.26,26.66,467553.48,30.59
615270.68,40.28,26.68,467573.54,30.61
615273.71,40.28,26.69,467624.0,30.61
615137.75,40.3,26.7,467618.14,30.63
615137.75,40.3,26.7,467959.79,30.66
615189.44,40.32,26.73,467951.46,30.67
615053.48,40.34,26.74,467945.59,30.69
614917.52,40.36,26.76,468564.9,30.75
614969.21,40.38,26.79,468878.83,30.79
615152.93,40.41,26.82,468878.64,30.8
615016.97,40.43,26.83,468878.64,30.82
614881.01,40.45,26.85,468909.33,30.85
614932.7,40.47,26.88,468890.21,30.86
614796.74,40.49,26.89,468878.64,30.88
615032.51,40.52,26.93,469487.65,30.93
614896.55,40.54,26.94,469557.47,30.96
615080.26,40.57,26.97,469929.08,31.0
614737.84,40.56,26.96,469540.91,30.98
614737.84,40.56,26.96,469630.15,30.99
615006.66,40.59,26.99,469629.96,30.99
614870.7,40.61,27.01,469629.96,31.02
614734.74,40.63,27.03,469671.01,31.04
614684.74,40.62,27.03,469621.01,31.04
613597.07,40.77,27.17,469620.82,31.2
613780.78,40.8,27.2,469608.52,31.21
613644.82,40.81,27.22,470250.7,31.28
613300.03,40.8,27.21,470052.97,31.27
613611.47,40.84,27.25,469935.47,31.28
614388.54,40.91,27.32,471494.67,31.4
614188.87,40.91,27.31,471472.57,31.4
614457.7,40.94,27.34,471472.37,31.41
613881.63,40.92,27.32,470857.47,31.39
613536.85,40.91,27.31,470857.47,31.4
613400.89,40.93,27.33,470857.47,31.42
613081.22,40.92,27.32,470520.01,31.4
613132.91,40.94,27.35,470593.74,31.42
612996.95,40.96,27.36,470620.31,31.45
612860.99,40.98,27.38,470660.46,31.47
613110.62,41.01,27.42,470821.22,31.49
613160.25,41.04,27.44,471626.6,31.57
612995.46,41.05,27.46,471310.01,31.57
612859.5,41.07,27.48,471309.81,31.59
612723.54,41.09,27.5,471309.81,31.61
612587.58,41.11,27.51,471510.95,31.64
612587.58,41.11,27.51,471510.95,31.64
612639.27,41.14,27.54,471353.28,31.65
612822.98,41.17,27.57,471318.53,31.66
612874.67,41.19,27.6,471976.58,31.72
613143.5,41.22,27.63,472061.47,31.74
613150.33,41.22,27.63,472034.04,31.74
613014.37,41.24,27.65,472120.44,31.76
612878.41,41.26,27.66,472120.24,31.78
612878.41,41.26,27.66,472120.24,31.78
612742.45,41.28,27.68,472120.24,31.81
612742.45,41.28,27.68,472120.24,31.81
611654.77,41.43,27.83,472120.05,31.98
611518.81,41.45,27.85,472120.08,32.0
611382.85,41.47,27.87,472483.43,32.05
611246.89,41.49,27.89,472377.44,32.06
610926.89,41.47,27.88,472057.44,32.05
610856.85,41.5,27.9,471940.64,32.06
610512.07,41.49,27.89,471865.82,32.07
610565.56,41.51,27.92,472281.61,32.11
610565.56,41.51,27.92,472281.61,32.11
610549.53,41.53,27.94,472100.53,32.12
610818.35,41.57,27.97,472100.34,32.13
610682.39,41.59,27.99,472100.34,32.15
610682.39,41.59,27.99,472100.34,32.15
610524.74,41.58,27.98,471943.8,32.14
610388.78,41.6,28.0,472041.41,32.17
610044.0,41.59,27.99,471997.8,32.18
610227.71,41.62,28.02,471958.25,32.19
610279.4,41.65,28.05,471962.66,32.21
610331.1,41.67,28.08,472681.76,32.27
610366.12,41.67,28.08,472708.53,32.28
610263.12,41.7,28.1,472559.21,32.29
610502.2,41.73,28.13,473172.38,32.34
610366.24,41.75,28.15,473172.19,32.36
610230.28,41.77,28.17,473175.37,32.39
610094.32,41.79,28.19,473172.98,32.41
610363.14,41.82,28.22,473172.42,32.42
610227.18,41.84,28.24,473417.06,32.46
610227.18,41.84,28.24,473417.06,32.46
610091.22,41.86,28.26,473422.59,32.48
610142.91,41.88,28.29,473413.84,32.5
609805.6,41.87,28.28,473228.19,32.5
609805.6,41.87,28.28,473225.97,32.5
609849.82,41.9,28.3,473607.06,32.54
610033.53,41.93,28.34,473606.87,32.55
609697.32,41.92,28.32,473293.41,32.54
609561.36,41.94,28.34,473293.41,32.56
609425.4,41.96,28.36,473344.23,32.59
609289.44,41.98,28.38,473301.86,32.61
609153.48,42.0,28.4,473311.58,32.63
609153.48,42.0,28.4,473311.58,32.63
609017.52,42.02,28.42,473715.94,32.68
609069.22,42.04,28.45,473798.68,32.71
608915.76,42.04,28.44,473650.11,32.7
609099.47,42.07,28.47,473869.96,32.73
608963.51,42.09,28.49,473869.76,32.75
608827.55,42.11,28.51,473869.76,32.77
608546.06,42.1,28.5,473515.69,32.76
608410.1,42.12,28.52,473542.86,32.78
608410.1,42.12,28.52,473542.86,32.78
608678.92,42.15,28.55,473524.51,32.79
608741.92,42.15,28.56,473689.4,32.8
608741.92,42.15,28.56,473689.4,32.8
608397.14,42.14,28.55,473682.36,32.81
608448.83,42.17,28.58,473680.58,32.83
608717.66,42.2,28.61,474349.77,32.89
608589.16,42.22,28.63,474374.4,32.91
608704.15,42.24,28.64,474722.42,32.94
608517.4,42.25,28.65,474402.2,32.94
608381.44,42.27,28.67,474402.0,32.96
608099.96,42.26,28.66,474154.26,32.95
607964.0,42.28,28.68,474154.26,32.97
608015.7,42.31,28.71,474169.63,32.99
608067.39,42.33,28.74,474157.61,33.01
607931.43,42.35,28.76,474154.26,33.03
608200.25,42.39,28.79,474154.26,33.05
608064.29,42.41,28.81,474765.51,33.11
608064.29,42.41,28.81,474765.51,33.11
607928.33,42.43,28.83,474854.84,33.14
607980.02,42.46,28.86,474855.02,33.16
608031.72,42.48,28.89,474854.64,33.18
607895.76,42.5,28.91,474854.64,33.2
607759.8,42.52,28.93,475000.29,33.23
607623.84,42.54,28.95,474867.49,33.25
606536.16,42.71,29.11,474867.49,33.44
606400.2,42.73,29.13,474857.5,33.46
606264.24,42.75,29.15,475380.7,33.52
606128.28,42.77,29.17,475210.15,33.53
605992.32,42.79,29.19,475209.96,33.55
605997.02,42.79,29.19,475234.45,33.56
606232.78,42.82,29.23,475234.45,33.57
606284.48,42.85,29.26,475253.74,33.59
606148.52,42.87,29.28,475240.88,33.61
606012.56,42.89,29.3,475234.45,33.64
605876.6,42.91,29.32,475752.25,33.7
605888.6,42.91,29.32,475665.98,33.69
605940.29,42.94,29.35,475811.04,33.72
605804.33,42.96,29.37,475786.53,33.74
605459.55,42.95,29.36,475460.7,33.73
605323.59,42.97,29.38,475460.5,33.76
605375.28,43.0,29.41,475460.5,33.77
605239.32,43.02,29.43,475460.5,33.8
605103.36,43.04,29.45,475602.45,33.83
605372.19,43.08,29.48,475538.88,33.84
605037.4,43.07,29.47,475460.5,33.84
604916.38,43.09,29.49,476281.48,33.93
605587.9,43.15,29.56,476718.67,33.97
605306.17,43.14,29.55,476548.14,33.97
605176.2,43.15,29.55,476301.18,33.96
605180.9,43.15,29.55,476303.36,33.96
605449.72,43.18,29.59,476303.16,33.97
605104.94,43.17,29.58,476303.16,33.98
604968.98,43.19,29.6,476344.55,34.01
604833.02,43.21,29.62,476315.03,34.03
604256.96,43.2,29.6,475813.83,34.02
604308.65,43.23,29.63,475804.23,34.03
604360.34,43.26,29.66,475801.96,34.05
604360.34,43.26,29.66,475801.96,34.05
604224.38,43.28,29.68,476631.81,34.14
604017.1,43.27,29.67,476428.86,34.13
603697.1,43.26,29.66,476108.86,34.11
603609.68,43.28,29.68,475689.14,34.11
603473.72,43.3,29.71,475688.94,34.13
603643.92,43.33,29.74,476068.81,34.18
603879.69,43.37,29.77,476068.81,34.19
603653.65,43.36,29.77,475892.41,34.19
603517.69,43.38,29.79,475933.64,34.21
603381.73,43.41,29.81,475940.37,34.24
603386.43,43.41,29.81,475945.07,34.24
603250.47,43.43,29.83,475897.11,34.26
603180.43,43.45,29.86,477166.9,34.38
603501.42,43.51,29.91,476921.33,34.38
603365.46,43.53,29.93,476921.13,34.41
602744.9,43.52,29.92,476306.91,34.39
602744.9,43.52,29.92,476365.84,34.39
602744.9,43.52,29.92,476365.84,34.39
603013.73,43.55,29.95,476365.84,34.4
602877.77,43.57,29.98,476502.46,34.44
602532.98,43.56,29.97,476377.71,34.44
602532.98,43.56,29.97,476381.28,34.44
602397.02,43.58,29.99,476536.54,34.48
602658.21,43.62,30.02,477813.85,34.58
602662.91,43.62,30.02,477816.61,34.58
602680.93,43.65,30.06,477930.74,34.62
603132.79,43.69,30.1,477535.78,34.6
602683.71,43.69,30.1,477377.5,34.61
602737.88,43.71,30.11,477312.17,34.61
602601.92,43.73,30.13,477311.98,34.64
602465.96,43.75,30.16,477311.98,34.66
602517.65,43.78,30.18,477398.06,34.69
602517.65,43.78,30.18,477398.06,34.69
602569.34,43.81,30.21,477344.78,34.71
602966.15,43.85,30.25,477311.98,34.71
602966.15,43.85,30.25,477311.98,34.71
602830.19,43.87,30.27,477809.0,34.77
602694.23,43.89,30.29,477856.39,34.8
602558.27,43.91,30.32,478008.32,34.84
602609.96,43.94,30.35,478008.5,34.86
602365.99,43.94,30.34,477984.26,34.87
602230.03,43.96,30.37,477983.89,34.89
602543.81,44.0,30.4,477994.87,34.9
602407.85,44.02,30.42,477992.93,34.93
602135.89,44.01,30.42,477983.89,34.94
601999.93,44.04,30.44,478402.6,34.99
602051.62,44.07,30.47,478321.36,35.01
602242.8,44.1,30.5,478224.55,35.02
602099.38,44.12,30.53,478869.27,35.09
602049.38,44.12,30.52,478819.27,35.09
601759.7,44.11,30.51,478516.6,35.08
601623.74,44.13,30.54,478516.4,35.1
601487.78,44.15,30.56,478516.4,35.13
601759.82,44.19,30.6,478522.0,35.14
602028.64,44.23,30.63,478524.75,35.15
601683.86,44.22,30.62,478516.4,35.17
601547.9,44.24,30.64,478923.29,35.22
601411.94,44.26,30.67,478661.6,35.23
601283.45,44.28,30.69,479163.03,35.29
601544.8,44.32,30.72,479398.16,35.32
601408.84,44.34,30.75,479397.97,35.35
601272.88,44.36,30.77,479397.97,35.37
601272.88,44.36,30.77,479397.97,35.37
601136.92,44.39,30.79,479499.15,35.41
601320.64,44.42,30.83,479416.97,35.42
601372.33,44.45,30.86,479507.76,35.44
601388.23,44.45,30.86,479515.65,35.45
601135.52,44.44,30.85,479327.94,35.44
600891.09,44.44,30.84,479024.54,35.42
600755.13,44.46,30.86,479389.04,35.48
601023.96,44.49,30.9,479568.68,35.5
600888.0,44.52,30.92,479656.05,35.54
600575.89,44.51,30.91,479514.75,35.54
600439.93,44.53,30.94,479514.56,35.56
600708.75,44.57,30.97,479514.56,35.58
600572.8,44.59,31.0,479514.56,35.6
600436.84,44.61,31.02,479530.83,35.63
600068.48,44.6,31.01,479212.48,35.62
600068.48,44.6,31.01,479212.48,35.62
599932.52,44.63,31.03,479196.2,35.64
599932.52,44.63,31.03,479196.2,35.64
599984.21,44.66,31.06,479535.46,35.69
599848.25,44.68,31.08,479487.53,35.71
599503.47,44.67,31.07,479264.53,35.71
599838.0,44.7,31.11,479955.67,35.77
599889.69,44.74,31.14,479955.85,35.79
599624.17,44.73,31.13,479703.65,35.78
599624.17,44.73,31.13,479703.65,35.78
599488.21,44.75,31.16,479703.28,35.81
599561.4,44.76,31.16,479736.37,35.81
599830.22,44.79,31.2,479736.37,35.82
599881.91,44.82,31.23,479778.87,35.85
599745.95,44.85,31.25,479761.88,35.88
599609.99,44.87,31.27,479736.37,35.9
599609.99,44.87,31.27,479736.37,35.9
599474.03,44.89,31.3,480475.32,35.98
599338.07,44.92,31.32,480351.88,36.0
599389.77,44.95,31.35,480352.06,36.02
599253.81,44.97,31.38,480351.69,36.05
598932.47,44.96,31.37,480029.14,36.04
598984.16,44.99,31.4,480029.14,36.06
598848.2,45.02,31.42,480053.09,36.09
598650.82,45.01,31.42,480024.49,36.09
598919.65,45.05,31.45,480000.54,36.11
599103.36,45.09,31.49,480000.54,36.12
598758.57,45.08,31.48,480838.4,36.2
599019.76,45.11,31.52,481134.14,36.23
598705.57,45.1,31.51,480824.83,36.22
598707.93,45.1,31.51,480822.98,36.22
598707.93,45.1,31.51,480822.98,36.22
598539.01,45.13,31.53,480811.65,36.25
598403.05,45.15,31.55,480811.46,36.28
598267.09,45.17,31.58,480811.46,36.3
597977.42,45.16,31.57,480499.68,36.29
598246.24,45.2,31.6,480548.45,36.31
598297.93,45.23,31.63,480542.53,36.33
598161.97,45.25,31.66,480510.25,36.35
597817.19,45.24,31.65,480514.82,36.37
597868.88,45.28,31.68,481137.43,36.44
598210.88,45.31,31.72,480930.66,36.43
598206.34,45.35,31.75,481582.13,36.51
598070.38,45.37,31.78,481581.93,36.53
598254.09,45.41,31.81,481581.93,36.55
598097.27,45.4,31.81,481423.27,36.54
598097.27,45.4,31.81,481423.27,36.54
597622.59,45.38,31.79,480910.82,36.52
597486.63,45.41,31.81,480916.06,36.55
597670.35,45.44,31.85,480912.36,36.57
597998.19,45.48,31.89,480910.82,36.58
597862.23,45.51,31.91,481290.7,36.63
597726.27,45.53,31.94,481274.6,36.66
597590.31,45.56,31.96,482047.74,36.75
597300.63,45.54,31.95,481655.91,36.73
597164.67,45.57,31.97,481655.72,36.75
597028.71,45.59,32.0,481655.72,36.78
596892.75,45.62,32.02,481658.05,36.81
596679.25,45.61,32.02,481516.25,36.81
596389.57,45.6,32.01,481189.45,36.79
596441.26,45.64,32.04,481187.97,36.82
596305.3,45.66,32.06,481194.22,36.85
596574.13,45.7,32.1,481205.13,36.86
596438.17,45.72,32.13,481710.46,36.93
597429.77,45.8,32.2,482907.12,37.02
597698.6,45.83,32.24,482906.93,37.03
597501.22,45.83,32.23,482906.93,37.04
597365.26,45.86,32.26,482936.68,37.07
597229.3,45.88,32.28,482936.27,37.1
597093.34,45.91,32.31,482948.62,37.13
597093.34,45.91,32.31,482983.17,37.13
597427.87,45.94,32.35,482941.47,37.14
597291.91,45.97,32.37,483629.59,37.22
597343.6,46.0,32.4,483543.53,37.24
597207.64,46.02,32.43,483612.11,37.27
597259.34,46.06,32.46,483612.29,37.29
597004.65,46.05,32.46,483558.12,37.3
597276.69,46.09,32.5,483557.74,37.32
597328.38,46.13,32.53,483557.74,37.34
597192.42,46.15,32.56,483558.69,37.37
596914.42,46.14,32.55,483557.74,37.38
596778.46,46.17,32.57,483557.74,37.41
596642.5,46.19,32.6,483890.21,37.46
596506.54,46.22,32.62,483968.17,37.5
596370.58,46.24,32.65,483992.1,37.53
596375.28,46.24,32.65,484010.91,37.53
596239.32,46.27,32.67,484010.72,37.56
596103.36,46.29,32.7,484010.72,37.59
596372.18,46.33,32.74,484037.23,37.61
596236.23,46.36,32.76,484023.18,37.63
596100.27,46.38,32.79,484016.42,37.66
596104.96,46.38,32.79,484092.07,37.67
595969.0,46.41,32.81,484539.94,37.73
595840.51,46.44,32.84,484406.74,37.75
595703.38,46.44,32.84,484661.75,37.78
595653.38,46.43,32.84,484611.75,37.78
595452.3,46.45,32.86,484246.36,37.78
595452.3,46.45,32.86,484246.36,37.78
595503.99,46.49,32.89,484246.54,37.8
595368.03,46.51,32.92,484246.17,37.83
595419.72,46.55,32.95,484246.17,37.86
595688.55,46.59,32.99,484261.68,37.87
595688.55,46.59,32.99,484261.68,37.87
595552.59,46.61,33.02,484256.71,37.9
595342.29,46.6,33.01,484045.68,37.89
595393.99,46.64,33.04,484035.13,37.91
595258.03,46.66,33.07,484851.56,38.01
595309.72,46.7,33.1,485159.85,38.06
595545.49,46.74,33.14,485159.65,38.07
595545.49,46.74,33.14,485159.65,38.07
595200.7,46.73,33.13,484763.93,38.06
595064.74,46.75,33.16,484763.93,38.09
595333.57,46.79,33.19,484785.13,38.1
595139.61,46.78,33.19,484763.95,38.11
594794.83,46.77,33.18,484763.93,38.12
594846.52,46.81,33.21,484763.93,38.15
595115.35,46.85,33.25,485127.93,38.19
595299.06,46.89,33.29,485068.75,38.2
595163.1,46.91,33.32,484850.18,38.22
595027.14,46.94,33.34,485924.67,38.33
595078.83,46.97,33.38,485924.85,38.36
594942.87,47.0,33.4,485924.47,38.39
594994.56,47.03,33.44,485924.47,38.41
594994.56,47.03,33.44,485924.47,38.41
594858.6,47.06,33.46,485933.21,38.44
594722.64,47.09,33.49,485931.42,38.47
594586.68,47.11,33.52,485924.47,38.5
594638.38,47.15,33.55,486557.32,38.58
594502.42,47.17,33.58,486409.93,38.6
594182.42,47.16,33.56,486089.93,38.58
594046.46,47.19,33.59,486089.74,38.61
594230.17,47.22,33.63,486089.74,38.63
594281.86,47.26,33.66,486146.7,38.66
594145.9,47.29,33.69,486118.53,38.69
594145.9,47.29,33.69,486118.53,38.69
594197.59,47.32,33.72,486114.11,38.71
594249.28,47.36,33.76,486089.74,38.74
593904.5,47.35,33.75,485701.02,38.72
593956.19,47.38,33.78,486747.49,38.83
594240.65,47.42,33.82,487188.88,38.88
594082.24,47.41,33.82,487032.23,38.87
594133.93,47.45,33.85,487032.41,38.89
593997.97,47.48,33.88,487032.03,38.93
593997.97,47.48,33.88,487114.34,38.93
593862.01,47.5,33.91,487114.34,38.96
593726.05,47.53,33.93,487125.76,39.0
592638.37,47.75,34.15,487125.76,39.25
592348.7,47.74,34.14,486871.77,39.24
592400.39,47.77,34.18,486860.35,39.26
592452.08,47.81,34.21,487225.85,39.32
592121.67,47.8,34.2,486857.07,39.3
591985.71,47.83,34.23,486491.56,39.3
592254.53,47.87,34.27,487193.43,39.38
592306.22,47.9,34.31,487193.61,39.4
592357.91,47.94,34.34,487193.24,39.43
592013.13,47.93,34.33,487115.38,39.44
591723.46,47.92,34.32,486874.22,39.43
591992.28,47.96,34.36,486874.22,39.44
591856.32,47.98,34.39,486874.62,39.47
591511.54,47.98,34.38,486874.22,39.49
591908.34,48.02,34.42,486874.22,39.5
591908.34,48.02,34.42,486874.22,39.5
591664.38,48.01,34.42,487180.29,39.54
591933.2,48.06,34.46,487181.23,39.55
591797.24,48.08,34.49,486958.98,39.57
591459.92,48.07,34.48,487839.15,39.65
591316.5,48.1,34.51,487625.3,39.67
591161.07,48.1,34.5,487467.27,39.66
591429.89,48.14,34.54,487467.08,39.67
591665.66,48.18,34.58,487467.08,39.69
591672.71,48.18,34.58,487469.32,39.69
591536.75,48.21,34.61,487487.49,39.73
591772.52,48.25,34.65,487469.32,39.74
591824.21,48.28,34.69,487469.32,39.77
591688.25,48.31,34.72,488041.82,39.85
591739.94,48.35,34.75,488398.95,39.91
591791.63,48.39,34.79,489000.06,39.98
591794.67,48.39,34.79,489089.73,39.99
591658.71,48.41,34.82,489089.53,40.02
591522.75,48.44,34.85,489089.53,40.05
591177.96,48.43,34.84,488730.44,40.04
591229.65,48.47,34.87,488741.28,40.07
591413.37,48.51,34.91,488746.47,40.09
591465.06,48.55,34.95,488730.93,40.11
591329.1,48.58,34.98,488730.44,40.15
591601.14,48.62,35.02,489815.63,40.26
591465.18,48.65,35.05,489773.44,40.28
591465.18,48.65,35.05,489756.64,40.28
591472.22,48.65,35.05,489779.43,40.29
591336.26,48.68,35.08,489779.24,40.32
591200.3,48.71,35.11,489779.24,40.35
591200.3,48.71,35.11,489779.24,40.35
591251.99,48.74,35.15,489779.24,40.38
591116.03,48.77,35.18,489788.96,40.41
590980.07,48.8,35.21,489785.87,40.45
590844.11,48.83,35.24,489779.24,40.48
590844.11,48.83,35.24,489779.24,40.48
590708.15,48.86,35.26,490125.44,40.54
590708.15,48.86,35.26,490125.44,40.54
590759.85,48.9,35.3,490146.41,40.57
590623.89,48.93,35.33,490146.22,40.6
590675.58,48.96,35.37,490146.22,40.63
590539.62,48.99,35.4,490146.22,40.66
590328.75,48.98,35.39,489929.75,40.65
590328.75,48.98,35.39,489900.4,40.65
590047.02,48.97,35.38,489813.14,40.65
589911.06,49.0,35.41,489821.06,40.69
589599.34,48.99,35.4,489510.77,40.68
589309.66,48.98,35.38,489130.57,40.65
589173.7,49.01,35.41,489125.53,40.69
589037.74,49.04,35.44,489206.75,40.73
589089.43,49.08,35.48,489658.25,40.79
589136.14,49.08,35.49,489855.45,40.81
589000.18,49.11,35.51,489668.08,40.83
588864.22,49.14,35.54,489667.89,40.86
589047.93,49.18,35.59,489667.89,40.88
588758.26,49.17,35.58,489691.64,40.9
588622.3,49.2,35.61,489684.1,40.93
588858.07,49.25,35.65,489667.89,40.95
588909.76,49.28,35.69,489861.39,40.99
589178.58,49.32,35.73,489800.89,41.01
589230.27,49.36,35.77,489851.94,41.04
589094.31,49.39,35.8,490570.84,41.13
589146.01,49.43,35.83,490571.02,41.16
589146.01,49.43,35.83,490571.02,41.16
588937.21,49.42,35.83,490397.96,41.15
588988.9,49.46,35.86,490397.59,41.18
588852.94,49.49,35.89,490397.59,41.22
588716.98,49.52,35.92,490400.05,41.25
588581.02,49.55,35.95,490397.59,41.28
588299.29,49.54,35.94,490397.78,41.3
588483.0,49.58,35.99,490815.09,41.35
588347.04,49.61,36.02,490917.32,41.4
588398.74,49.65,36.06,491144.73,41.44
588053.95,49.64,36.05,490765.61,41.43
588322.78,49.68,36.09,490765.41,41.45
588374.47,49.72,36.13,490765.41,41.47
588238.51,49.75,36.16,490765.41,41.51
588038.83,49.75,36.15,490700.09,41.51
588040.35,49.75,36.15,490740.92,41.52
588040.35,49.75,36.15,490740.92,41.52
587904.39,49.78,36.18,490759.77,41.55
587768.43,49.81,36.21,490753.54,41.59
587571.05,49.8,36.21,490740.92,41.6
587754.77,49.85,36.25,491416.42,41.68
587806.46,49.89,36.29,491524.78,41.71
587670.5,49.92,36.32,491506.77,41.75
587534.54,49.95,36.35,491506.57,41.78
587398.58,49.98,36.38,491506.57,41.82
587582.29,50.02,36.43,491554.19,41.85
587446.33,50.05,36.46,491512.9,41.88
587715.16,50.1,36.5,491506.57,41.9
587515.48,50.09,36.49,491447.39,41.9
587515.48,50.09,36.49,491447.39,41.9
587170.7,50.08,36.48,492688.8,42.02
587170.7,50.08,36.48,492706.81,42.02
587237.32,50.12,36.52,491867.38,41.98
586947.65,50.11,36.51,491700.68,41.98
586947.65,50.11,36.51,491700.68,41.98
587289.1,50.18,36.58,492490.73,42.08
587153.14,50.21,36.62,492490.54,42.12
586717.19,50.21,36.61,491935.21,42.1
586768.88,50.25,36.65,491935.21,42.13
586952.59,50.29,36.7,491969.92,42.15
586954.11,50.29,36.7,492001.22,42.16
587226.14,50.34,36.74,491968.72,42.17
587090.18,50.37,36.78,491966.51,42.21
586954.22,50.4,36.81,492795.93,42.32
586818.26,50.43,36.84,492618.83,42.34
586682.3,50.47,36.87,492766.46,42.39
586951.13,50.51,36.91,492766.27,42.4
586606.34,50.5,36.9,492766.27,42.42
586878.38,50.55,36.95,492786.1,42.44
587147.2,50.59,37.0,492777.7,42.46
587037.2,50.59,36.99,492667.7,42.45
586692.42,50.58,36.98,492656.27,42.47
586876.13,50.62,37.03,493205.49,42.54
587144.96,50.67,37.07,493048.53,42.55
587380.73,50.71,37.12,492800.39,42.55
587091.05,50.7,37.1,492643.56,42.54
586988.05,50.74,37.14,494452.48,42.74
586700.06,50.72,37.13,494146.66,42.72
586704.75,50.73,37.13,494160.41,42.72
586568.79,50.76,37.16,494160.22,42.76
586807.87,50.8,37.21,494133.15,42.78
586815.16,50.8,37.21,494136.48,42.78
586679.2,50.84,37.24,494136.48,42.82
586543.24,50.87,37.27,494364.98,42.87
586377.14,50.86,37.27,494449.19,42.89
586428.83,50.9,37.31,494254.65,42.9
586292.87,50.94,37.34,494220.69,42.94
586156.92,50.97,37.37,494680.76,43.01
586208.61,51.01,37.41,494688.05,43.05
585952.53,51.01,37.41,494287.86,43.03
586136.24,51.05,37.46,494424.19,43.06
586138.52,51.05,37.46,494423.56,43.06
586173.54,51.06,37.46,494549.88,43.08
586037.58,51.09,37.49,494549.69,43.11
586314.04,51.13,37.54,494549.69,43.13
586365.74,51.17,37.58,494549.69,43.16
586229.78,51.21,37.61,494558.81,43.2
586115.78,51.21,37.61,494549.69,43.21
586167.47,51.25,37.65,494697.64,43.25
586167.47,51.25,37.65,494697.64,43.25
586443.93,51.29,37.7,494569.68,43.26
586307.97,51.33,37.73,495469.24,43.37
586172.01,51.36,37.76,495536.5,43.42
586036.05,51.39,37.8,495536.3,43.46
586179.9,51.4,37.81,495779.49,43.48
586043.94,51.44,37.84,495779.49,43.51
585907.98,51.47,37.87,495812.35,43.56
585772.02,51.5,37.91,495785.07,43.59
585772.02,51.5,37.91,495785.07,43.59
586040.85,51.55,37.95,495779.49,43.61
585696.06,51.54,37.94,495779.49,43.63
585560.1,51.57,37.98,496319.48,43.71
585431.61,51.61,38.01,495965.83,43.72
585475.84,51.65,38.05,496001.75,43.75
585527.53,51.69,38.09,496001.93,43.79
585803.99,51.73,38.14,496001.55,43.8
585855.68,51.78,38.18,496001.55,43.84
585907.37,51.82,38.22,496008.33,43.87
585959.07,51.86,38.26,496017.69,43.9
585616.64,51.85,38.26,496001.55,43.92
585885.47,51.9,38.3,496001.55,43.93
585749.51,51.93,38.33,496987.06,44.06
585801.2,51.97,38.38,497348.58,44.12
585456.42,51.96,38.37,496921.37,44.11
585725.24,52.01,38.41,496921.17,44.12
585589.28,52.04,38.45,496921.17,44.16
585481.63,52.04,38.44,496813.87,44.16
585326.33,52.03,38.44,496655.85,44.15
584971.54,52.02,38.43,496655.97,44.17
584863.89,52.02,38.42,496573.72,44.17
584727.93,52.05,38.46,496608.76,44.21
584779.62,52.09,38.5,496591.84,44.24
584831.31,52.14,38.54,496579.33,44.27
584883.01,52.18,38.58,496573.59,44.3
584894.75,52.18,38.58,496733.78,44.32
584894.75,52.18,38.58,496697.69,44.31
585078.46,52.23,38.63,497617.44,44.42
584942.5,52.26,38.67,497528.64,44.45
584994.19,52.3,38.71,497528.82,44.48
584858.23,52.34,38.74,497528.44,44.52
584909.92,52.38,38.79,497528.44,44.56
584773.96,52.42,38.82,497552.63,44.6
584773.96,52.42,38.82,497552.63,44.6
584825.66,52.46,38.86,497533.42,44.63
585094.48,52.5,38.91,497528.44,44.65
584958.52,52.54,38.94,498363.53,44.76
584822.56,52.57,38.98,498273.82,44.79
584686.6,52.61,39.01,498273.63,44.83
584738.29,52.65,39.06,498273.63,44.87
584789.98,52.7,39.1,498273.63,44.9
584633.16,52.69,39.09,498114.97,44.89
584633.16,52.69,39.09,498114.97,44.89
584583.16,52.69,39.09,498064.97,44.89
584447.2,52.72,39.13,498138.27,44.94
584341.98,52.72,39.12,498029.61,44.93
584341.98,52.72,39.12,498065.54,44.93
584152.3,52.71,39.12,497982.14,44.94
584016.34,52.75,39.15,498258.62,45.0
584025.74,52.75,39.15,498260.69,45.0
583889.78,52.78,39.19,498031.89,45.02
583941.47,52.83,39.23,498096.83,45.06
583805.51,52.86,39.27,498477.56,45.14
583669.55,52.9,39.3,498477.37,45.18
583324.76,52.89,39.29,498358.82,45.19
583188.8,52.92,39.33,498358.82,45.23
583052.84,52.96,39.36,498368.89,45.27
582916.88,53.0,39.4,498366.1,45.31
582968.58,53.04,39.44,498358.82,45.34
582832.62,53.08,39.48,498692.1,45.41
583101.44,53.12,39.53,498771.63,45.44
582833.65,53.12,39.53,498600.87,45.44
582697.69,53.16,39.56,498600.68,45.49
582487.09,53.19,39.59,498608.63,45.53
582351.13,53.22,39.63,498608.63,45.57
582534.84,53.27,39.68,498837.32,45.62
582718.55,53.32,39.72,498855.86,45.65
582604.99,53.36,39.76,498775.98,45.68
582612.04,53.36,39.76,498779.14,45.68
581524.36,53.65,40.06,498778.95,46.02
581963.91,53.74,40.15,500707.43,46.24
581632.77,53.76,40.17,499864.46,46.2
581632.77,53.76,40.17,499864.46,46.2
581496.81,53.8,40.2,499864.27,46.25
581360.85,53.84,40.24,499864.27,46.29
581408.1,53.86,40.26,499913.49,46.31
581459.79,53.9,40.31,499933.02,46.35
581459.79,53.9,40.31,499933.02,46.35
581323.83,53.94,40.35,499915.12,46.39
581323.83,53.94,40.35,499915.12,46.39
581375.52,53.99,40.39,499918.2,46.42
581427.21,54.03,40.44,499913.49,46.46
581478.9,54.08,40.48,500699.4,46.57
581342.94,54.12,40.52,500592.6,46.6
581394.64,54.16,40.57,500592.78,46.63
581729.17,54.21,40.61,500592.41,46.65
581593.21,54.25,40.65,500608.46,46.69
581644.9,54.29,40.7,500601.55,46.73
581508.94,54.33,40.73,500598.54,46.77
581293.66,54.33,40.73,500306.46,46.76
581300.7,54.33,40.73,500308.92,46.76
581164.74,54.37,40.77,500664.5,46.83
581028.78,54.4,40.81,500764.76,46.89
580892.82,54.44,40.85,500931.66,46.95
580829.98,54.45,40.85,501102.91,46.97
580887.03,54.45,40.86,501142.79,46.98
581221.56,54.5,40.9,501142.59,46.99
581273.25,54.55,40.95,501142.59,47.03
581137.29,54.58,40.99,501142.59,47.07
581074.44,54.59,40.99,501142.59,47.08
581126.14,54.64,41.04,501157.93,47.12
581133.43,54.64,41.04,501222.12,47.12
580997.47,54.68,41.08,501213.36,47.17
581266.29,54.73,41.13,501206.87,47.19
581266.29,54.73,41.13,501206.87,47.19
580921.51,54.72,41.12,501952.29,47.28
580785.55,54.76,41.16,501782.62,47.31
580837.24,54.8,41.21,502065.23,47.37
580837.24,54.8,41.21,502065.23,47.37
580701.28,54.84,41.25,502065.03,47.42
580752.97,54.89,41.29,502065.03,47.45
580617.01,54.93,41.33,502096.78,47.5
580481.05,54.97,41.37,502124.32,47.55
580345.09,55.01,41.41,502117.1,47.59
580345.09,55.01,41.41,502117.1,47.59
580209.13,55.05,41.45,502146.8,47.64
580260.83,55.09,41.5,502626.5,47.72
579993.18,55.08,41.49,502532.29,47.73
580327.71,55.13,41.54,502736.31,47.76
580064.62,55.13,41.54,502539.48,47.76
579928.66,55.17,41.58,502539.28,47.81
579792.71,55.21,41.62,502539.28,47.85
579844.4,55.26,41.66,502539.28,47.89
579708.44,55.3,41.7,502595.77,47.94
579388.44,55.28,41.69,502275.77,47.93
579440.13,55.33,41.74,502238.61,47.96
579440.13,55.33,41.74,502234.91,47.96
579491.82,55.38,41.78,502219.89,48.0
579760.65,55.43,41.83,502215.59,48.02
579415.86,55.42,41.83,502968.19,48.11
579692.32,55.47,41.88,503072.62,48.14
579339.9,55.47,41.87,502900.1,48.15
579339.9,55.47,41.87,502878.01,48.14
579391.59,55.51,41.92,502878.19,48.18
579391.59,55.51,41.92,502875.15,48.18
579660.42,55.56,41.97,502874.77,48.2
579315.63,55.56,41.96,502874.77,48.23
579367.32,55.6,42.01,502892.63,48.26
579367.32,55.6,42.01,502965.94,48.27
579628.51,55.65,42.06,502966.74,48.29
579510.54,55.66,42.06,502948.08,48.3
579510.54,55.66,42.06,502928.16,48.3
579694.25,55.71,42.11,502928.16,48.33
579963.07,55.76,42.16,503594.3,48.42
579716.31,55.76,42.16,502947.53,48.37
579768.0,55.8,42.21,502928.16,48.41
580036.83,55.85,42.26,504719.77,48.6
579900.87,55.9,42.3,504719.57,48.65
579764.91,55.94,42.34,504719.57,48.7
579420.12,55.93,42.33,504348.95,48.68
579130.45,55.92,42.32,504026.41,48.67
579366.22,55.97,42.38,504027.54,48.69
579366.22,55.97,42.38,504027.54,48.69
579417.91,56.02,42.43,504027.32,48.73
579281.95,56.06,42.47,504034.55,48.78
579558.42,56.11,42.52,504026.41,48.8
579610.11,56.16,42.57,504905.12,48.92
579328.38,56.15,42.56,504393.81,48.89
579192.42,56.19,42.6,504698.19,48.97
578995.8,56.19,42.6,504707.7,48.98
577995.8,56.15,42.55,503707.7,48.93
577859.84,56.19,42.6,503707.5,48.98
577859.84,56.19,42.6,503707.5,48.98
578128.67,56.24,42.65,503707.5,49.0
578180.36,56.29,42.7,503709.37,49.04
577835.58,56.29,42.69,503728.02,49.07
578104.4,56.34,42.74,503716.88,49.09
577968.44,56.38,42.78,504705.78,49.23
577898.4,56.43,42.83,504804.54,49.29
577951.9,56.48,42.88,504175.82,49.27
577878.13,56.53,42.93,504677.5,49.36
577929.82,56.57,42.98,504677.68,49.4
577793.86,56.62,43.02,504677.31,49.45
578062.68,56.67,43.07,504677.31,49.48
578334.72,56.73,43.13,504677.31,49.5
578518.43,56.78,43.18,504677.31,49.53
578173.65,56.77,43.18,505002.83,49.59
578037.69,56.82,43.22,504677.66,49.61
578089.38,56.87,43.27,504677.31,49.64
578089.38,56.87,43.27,504677.31,49.64
578141.07,56.92,43.32,506049.29,49.82
578005.11,56.96,43.36,506049.09,49.87
578240.88,57.02,43.42,506059.66,49.9
578424.59,57.07,43.47,506053.56,49.93
578288.63,57.11,43.52,506049.17,49.98
578340.32,57.16,43.57,506049.09,50.02
578524.04,57.22,43.62,506935.64,50.14
578234.36,57.21,43.61,506460.58,50.11
578098.4,57.25,43.66,506306.99,50.14
577943.34,57.25,43.65,506151.93,50.13
578127.06,57.3,43.7,506752.23,50.23
577991.1,57.34,43.75,506752.03,50.28
577855.14,57.39,43.79,506752.03,50.33
578123.96,57.44,43.84,506785.08,50.35
577988.0,57.48,43.89,506768.92,50.4
577768.83,57.48,43.88,506608.5,50.4
577632.87,57.52,43.92,506591.89,50.45
577496.91,57.56,43.97,507153.27,50.55
577496.91,57.56,43.97,507153.27,50.55
577360.95,57.61,44.01,506788.62,50.57
577040.95,57.59,44.0,506468.62,50.55
576904.99,57.64,44.04,506706.09,50.62
576769.03,57.68,44.09,506705.89,50.67
576424.24,57.67,44.08,506331.41,50.66
576288.29,57.72,44.12,506331.41,50.71
576339.98,57.77,44.17,506352.36,50.76
576608.8,57.82,44.23,506349.11,50.78
576472.84,57.87,44.27,506331.41,50.83
576480.13,57.87,44.27,506352.76,50.83
576135.35,57.86,44.27,506741.36,50.89
575999.39,57.91,44.31,506508.6,50.92
576101.87,57.98,44.38,507109.3,51.03
575915.12,58.0,44.41,506787.32,51.04
575779.16,58.05,44.45,506787.12,51.09
575830.85,58.1,44.51,506787.12,51.13
575882.55,58.15,44.56,506787.12,51.18
575746.59,58.2,44.6,506818.04,51.23
575930.3,58.26,44.66,506802.17,51.26
575794.34,58.3,44.71,506789.55,51.31
575658.38,58.35,44.75,507533.46,51.44
575380.38,58.34,44.74,507420.67,51.45
575244.42,58.38,44.79,507269.09,51.48
575244.42,58.38,44.79,507246.38,51.48
575513.25,58.44,44.84,507246.18,51.51
575377.29,58.48,44.89,507246.18,51.56
575241.33,58.53,44.93,507345.79,51.62
575293.02,58.58,44.99,507273.48,51.66
575293.02,58.58,44.99,507252.61,51.65
575157.06,58.63,45.03,507225.38,51.7
575429.1,58.69,45.09,507691.42,51.78
575480.79,58.74,45.15,507407.56,51.79
575515.81,58.75,45.15,507542.8,51.81
575379.85,58.79,45.2,508552.49,51.96
575243.89,58.84,45.24,508552.3,52.02
575044.22,58.83,45.24,508601.83,52.03
574699.43,58.83,45.23,508203.3,52.02
574563.47,58.87,45.28,508203.3,52.07
574832.3,58.93,45.33,508538.81,52.13
574696.34,58.97,45.38,508230.26,52.15
574560.38,59.02,45.42,508397.81,52.22
574282.72,59.01,45.42,508028.63,52.2
574004.72,59.0,45.41,507802.9,52.2
574071.35,59.06,45.46,507757.35,52.24
573900.28,59.05,45.46,507613.75,52.23
574167.02,59.14,45.55,508793.08,52.41
574031.06,59.19,45.59,508792.89,52.46
573735.75,59.21,45.61,508280.86,52.45
574007.78,59.27,45.67,508280.86,52.48
573837.07,59.27,45.67,508144.59,52.48
573644.88,59.26,45.67,508158.83,52.5
573644.88,59.26,45.67,508158.83,52.5
573508.92,59.31,45.71,508145.16,52.55
573372.96,59.36,45.76,508144.59,52.6
573237.0,59.4,45.81,508408.34,52.69
573288.69,59.46,45.86,508358.75,52.72
573220.46,59.51,45.92,508331.76,52.78
573220.46,59.51,45.92,508331.76,52.78
573229.35,59.51,45.92,508361.34,52.78
573213.32,59.56,45.97,508770.23,52.87
573077.36,59.61,46.01,508770.03,52.92
573349.39,59.67,46.08,508770.03,52.95
573213.43,59.72,46.12,508785.66,53.01
573077.47,59.77,46.17,508778.46,53.06
573129.16,59.82,46.23,508770.03,53.11
573312.88,59.88,46.29,508770.03,53.14
573317.57,59.89,46.29,508772.36,53.14
573322.27,59.89,46.29,508777.8,53.14
573505.98,59.95,46.35,510051.11,53.31
573216.31,59.94,46.34,509447.36,53.27
573400.02,60.0,46.4,509884.81,53.35
573264.06,60.04,46.45,509884.61,53.41
573315.76,60.1,46.5,509884.61,53.45
573179.8,60.15,46.55,509899.97,53.51
573448.62,60.21,46.61,509895.11,53.53
573312.66,60.26,46.66,509891.45,53.59
573330.45,60.26,46.66,510132.63,53.62
573194.49,60.31,46.71,510579.39,53.72
573246.18,60.36,46.77,510691.23,53.78
572908.86,60.36,46.76,510215.97,53.75
573170.22,60.42,46.82,510797.81,53.84
573221.91,60.47,46.88,510797.99,53.89
572989.13,60.47,46.87,510499.8,53.87
573040.82,60.53,46.93,510499.43,53.92
573092.51,60.58,46.99,510499.43,53.97
572956.55,60.63,47.04,510507.64,54.02
572820.59,60.68,47.09,510548.08,54.09
572684.63,60.73,47.14,510499.43,54.14
572548.68,60.78,47.19,510716.98,54.22
572208.59,60.78,47.18,510544.96,54.23
572216.06,60.78,47.18,511083.98,54.28
572260.28,60.83,47.24,511076.82,54.33
572594.81,60.89,47.3,511076.63,54.35
572646.5,60.95,47.35,511076.63,54.4
572504.82,60.95,47.36,511078.77,54.41
572556.51,61.01,47.42,511077.77,54.46
572420.55,61.06,47.47,511076.63,54.52
572689.37,61.12,47.53,511076.63,54.55
572553.41,61.17,47.58,511630.55,54.66
572417.45,61.22,47.63,511759.91,54.74
572262.15,61.22,47.62,511605.84,54.73
571973.34,61.21,47.61,510995.37,54.68
571837.39,61.26,47.66,511761.16,54.82
571837.39,61.26,47.66,511762.35,54.82
571701.43,61.31,47.71,511762.16,54.88
571704.46,61.31,47.71,511788.31,54.89
571568.5,61.36,47.77,511788.31,54.94
571213.71,61.36,47.76,511417.46,54.93
571220.76,61.36,47.76,511445.32,54.94
571489.58,61.42,47.82,511458.19,54.96
571541.28,61.48,47.88,511445.48,55.01
571221.28,61.46,47.87,511125.48,55.0
571225.97,61.46,47.87,511127.73,55.0
571090.01,61.51,47.92,511127.67,55.06
570954.05,61.57,47.97,511127.58,55.11
570609.27,61.56,47.96,511494.38,55.18
570943.8,61.62,48.02,511462.11,55.2
570670.84,61.62,48.02,511720.85,55.25
570534.88,61.67,48.08,511548.66,55.3
570869.41,61.73,48.13,511548.47,55.31
570733.45,61.78,48.19,511548.47,55.37
570785.14,61.84,48.24,511566.96,55.42
570404.65,61.84,48.24,511549.55,55.46
570801.45,61.9,48.3,511589.8,55.48
570665.49,61.95,48.35,511562.18,55.53
570529.53,62.0,48.41,511548.47,55.59
570401.04,62.06,48.46,512516.02,55.76
570445.27,62.12,48.52,512605.03,55.82
569357.59,62.54,48.95,512604.83,56.31
569221.63,62.6,49.0,512604.64,56.37
569096.86,62.6,49.01,512360.29,56.36
569373.32,62.67,49.07,512379.27,56.39
569340.58,62.94,49.34,514238.99,56.85
569204.62,62.99,49.4,514238.8,56.91
568884.62,62.98,49.39,513918.8,56.9
568862.15,63.04,49.44,513402.67,56.89
569045.86,63.1,49.51,513402.67,56.93
568909.9,63.16,49.56,513438.9,57.0
568422.93,63.17,49.58,512748.99,56.98
568286.97,63.23,49.63,512754.74,57.05
568060.97,63.22,49.63,512542.07,57.04
567925.01,63.28,49.68,512501.44,57.1
567789.05,63.33,49.74,513037.47,57.22
567511.06,63.32,49.73,512823.28,57.22
567794.99,63.39,49.79,512695.53,57.24
567651.56,63.44,49.85,512902.5,57.32
567703.25,63.51,49.91,512902.68,57.38
567567.29,63.56,49.97,512902.31,57.44
567751.01,63.63,50.03,512902.31,57.48
567615.05,63.68,50.09,512961.0,57.55
567666.74,63.75,50.15,512918.52,57.6
567530.78,63.8,50.21,512913.24,57.66
567178.36,63.8,50.2,512681.22,57.67
567450.39,63.87,50.27,512670.29,57.7
567314.43,63.93,50.33,513795.97,57.9
567178.47,63.98,50.39,513795.78,57.96
567178.47,63.98,50.39,513795.78,57.96
567042.51,64.04,50.44,513795.78,58.03
567094.2,64.1,50.51,513795.78,58.08
566774.2,64.09,50.5,513475.78,58.06
566825.9,64.16,50.56,513533.92,58.12
566877.59,64.22,50.62,513498.1,58.17
566591.38,64.21,50.62,513199.92,58.16
566455.42,64.27,50.67,513183.56,58.23
566639.13,64.34,50.74,514133.36,58.38
566639.13,64.34,50.74,514133.36,58.38
566907.96,64.4,50.81,514435.62,58.44
566982.37,64.41,50.81,514478.24,58.45
566989.41,64.41,50.82,514506.82,58.45
567173.12,64.48,50.88,514506.63,58.49
567224.82,64.55,50.95,514506.63,58.55
567088.86,64.6,51.01,514506.63,58.61
567140.55,64.67,51.07,514544.67,58.67
567004.59,64.73,51.13,514600.44,58.75
567056.28,64.79,51.2,514714.86,58.81
566920.32,64.85,51.26,514510.27,58.86
567189.15,64.92,51.32,515783.66,59.03
567240.84,64.98,51.39,515783.84,59.09
566951.16,64.97,51.38,515388.84,59.06
566815.2,65.03,51.44,515388.46,59.13
566679.24,65.09,51.5,515388.46,59.2
566730.94,65.16,51.56,515398.96,59.26
566594.98,65.22,51.62,515389.44,59.32
566459.02,65.28,51.68,515634.99,59.42
565915.18,65.52,51.92,515654.37,59.7
565915.18,65.52,51.92,515756.79,59.71
565779.22,65.58,51.98,515609.49,59.76
565962.93,65.65,52.05,516196.06,59.88
565826.97,65.71,52.11,516196.94,59.94
565482.19,65.7,52.11,515807.66,59.93
565484.58,65.7,52.11,515802.57,59.93
565348.62,65.76,52.17,516083.98,60.03
565624.91,65.83,52.24,516199.52,60.08
565515.06,65.9,52.3,516207.85,60.15
565235.36,65.89,52.3,515940.78,60.15
565287.05,65.96,52.37,515940.96,60.2
565324.43,65.97,52.37,516033.21,60.21
565593.25,66.03,52.44,516032.84,60.25
565457.29,66.09,52.5,516055.16,60.32
565180.81,66.09,52.49,515757.53,60.31
565044.85,66.15,52.55,515737.09,60.38
565280.62,66.22,52.63,515735.21,60.42
565144.66,66.28,52.69,516171.42,60.54
564799.88,66.28,52.68,515895.68,60.54
564851.57,66.35,52.75,515880.62,60.6
564903.26,66.42,52.82,516575.56,60.74
564903.26,66.42,52.82,516742.94,60.76
564621.44,66.41,52.82,516522.29,60.76
564485.48,66.48,52.88,516522.09,60.83
564669.19,66.55,52.95,516522.09,60.87
564714.51,66.55,52.96,516554.36,60.88
564983.33,66.62,53.03,516625.12,60.92
564983.33,66.62,53.03,516534.08,60.91
564783.66,66.62,53.02,516436.44,60.91
564647.7,66.68,53.08,516384.83,60.98
564511.74,66.74,53.15,516510.55,61.07
564513.26,66.74,53.15,516509.25,61.07
564443.22,66.81,53.22,517959.06,61.31
564443.22,66.81,53.22,517985.98,61.31
564305.2,66.88,53.28,517292.68,61.3
564392.68,66.92,53.33,517277.2,61.34
564392.68,66.92,53.33,517277.2,61.34
564392.68,66.92,53.33,517277.2,61.34
564727.21,66.99,53.39,517277.01,61.36
564100.31,66.99,53.4,516781.77,61.37
564152.0,67.06,53.47,516781.77,61.43
563064.32,67.58,53.98,516781.58,62.02
562769.47,67.57,53.97,516480.91,62.01
562821.16,67.64,54.04,516480.91,62.07
562685.2,67.71,54.11,516490.73,62.15
562549.24,67.77,54.17,516481.97,62.22
562600.93,67.84,54.25,516928.63,62.34
562600.93,67.84,54.25,516928.63,62.34
562464.97,67.91,54.31,516875.8,62.4
562329.01,67.97,54.38,517262.77,62.53
562193.05,68.04,54.44,517262.57,62.6
561938.36,68.05,54.45,517267.08,62.64
562272.9,68.11,54.52,517267.08,62.66
562136.94,68.18,54.58,517267.08,62.74
562000.98,68.25,54.65,517422.97,62.83
561865.02,68.31,54.72,517267.8,62.89
561729.06,68.38,54.78,517732.97,63.02
561729.06,68.38,54.78,517732.97,63.02
561480.91,68.39,54.79,517787.13,63.07
561525.13,68.46,54.87,517421.82,63.08
561381.7,68.53,54.93,517663.96,63.19
561245.74,68.59,55.0,517663.76,63.27
561109.78,68.66,55.07,517815.52,63.36
561506.59,68.73,55.13,517924.28,63.39
561558.28,68.8,55.21,517663.76,63.43
561145.51,68.81,55.21,517924.01,63.51
561480.05,68.88,55.28,517814.59,63.52
561239.36,68.89,55.29,519502.32,63.76
561146.92,68.96,55.36,518465.09,63.71
561151.86,68.96,55.36,518468.22,63.72
561214.63,69.04,55.44,517936.31,63.71
561008.97,69.1,55.5,518376.89,63.85
561060.66,69.17,55.58,518377.07,63.91
561112.35,69.25,55.65,518376.69,63.97
560976.39,69.32,55.72,518376.69,64.05
560840.43,69.39,55.79,518406.87,64.14
559840.43,69.35,55.75,517406.87,64.09
559840.43,69.35,55.75,517406.87,64.09
559840.43,69.35,55.75,517406.87,64.09
559892.12,69.42,55.83,517381.69,64.15
560127.89,69.5,55.91,517376.69,64.2
560179.58,69.58,55.98,518409.14,64.39
560231.28,69.66,56.06,518650.4,64.49
560500.1,69.73,56.13,518650.21,64.52
560364.14,69.8,56.2,518650.21,64.6
560228.18,69.87,56.27,518681.77,64.69
560228.18,69.87,56.27,518681.77,64.69
560092.22,69.94,56.34,518665.75,64.77
559956.26,70.01,56.42,518665.48,64.85
559820.3,70.08,56.49,518744.67,64.94
559490.45,70.08,56.49,519444.18,65.07
559560.17,70.16,56.57,519140.24,65.09
559578.9,70.24,56.64,519053.55,65.15
559630.59,70.31,56.72,519053.55,65.22
559494.63,70.38,56.79,519053.55,65.3
559358.67,70.46,56.86,519053.55,65.38
559363.37,70.46,56.86,519090.21,65.38
559031.64,70.45,56.85,518659.66,65.36
559083.33,70.53,56.93,518660.53,65.43
559352.16,70.6,57.01,518659.66,65.47
559403.85,70.68,57.08,518659.66,65.53
559267.89,70.75,57.16,519368.13,65.71
558923.1,70.75,57.16,519081.19,65.71
559184.29,70.83,57.23,519656.28,65.82
559048.33,70.9,57.3,519656.28,65.9
558912.37,70.97,57.38,519656.28,65.99
558964.06,71.05,57.46,519656.69,66.06
558964.06,71.05,57.46,519801.06,66.07
558616.92,71.05,57.45,519433.45,66.07
558628.66,71.05,57.46,519435.92,66.07
558492.7,71.13,57.53,519435.51,66.15
558761.52,71.2,57.61,519435.51,66.19
558813.21,71.28,57.69,519435.51,66.26
558468.43,71.28,57.69,519724.01,66.34
558332.47,71.36,57.76,519783.16,66.43
558516.18,71.44,57.84,520049.64,66.52
558226.51,71.43,57.83,519899.06,66.53
558502.97,71.51,57.91,519899.06,66.56
557415.29,72.11,58.51,519899.06,67.25
557599.01,72.19,58.6,519899.06,67.31
557463.05,72.27,58.67,519899.06,67.4
557467.74,72.27,58.67,519905.51,67.4
557519.44,72.35,58.75,519905.51,67.47
557383.48,72.43,58.83,519905.51,67.56
557567.19,72.51,58.92,519905.51,67.61
557567.19,72.51,58.92,519905.51,67.61
557618.88,72.6,59.0,520981.13,67.83
557482.92,72.67,59.08,521238.75,67.95
557534.61,72.76,59.16,521238.75,68.02
557718.33,72.84,59.25,521238.75,68.08
557582.37,72.92,59.32,521238.83,68.17
557239.94,72.92,59.32,520799.59,68.15
557103.98,73.0,59.4,520799.84,68.24
556968.02,73.07,59.48,520799.51,68.33
557236.85,73.16,59.56,521080.95,68.41
556693.01,73.47,59.87,521081.16,68.77
556744.7,73.55,59.96,521410.51,68.89
556796.39,73.64,60.04,521931.18,69.03
556660.43,73.72,60.12,521930.97,69.12
556524.47,73.8,60.2,521930.97,69.21
556388.51,73.88,60.28,522081.95,69.32
556252.55,73.96,60.36,521930.97,69.4
556116.59,74.04,60.44,521930.97,69.49
555980.63,74.12,60.52,521930.97,69.58
555844.67,74.2,60.61,521931.08,69.67
555896.37,74.29,60.69,521931.19,69.75
555606.69,74.28,60.69,521818.12,69.76
555658.39,74.37,60.77,521817.9,69.84
555658.39,74.37,60.77,521817.9,69.84
555658.39,74.37,60.77,521817.9,69.84
555411.62,74.37,60.78,521712.08,69.86
555411.62,74.37,60.78,521712.08,69.86
555411.62,74.37,60.78,521607.37,69.85
555411.62,74.37,60.78,521582.9,69.84
555463.32,74.46,60.86,521582.9,69.92
555327.36,74.54,60.95,522191.85,70.09
555191.4,74.62,61.03,522068.36,70.17
555460.22,74.71,61.11,522068.36,70.22
555643.93,74.8,61.2,522068.36,70.28
555643.93,74.8,61.2,522141.78,70.29
555444.26,74.79,61.2,522058.89,70.3
555308.3,74.88,61.28,522059.4,70.39
555544.07,74.97,61.37,522058.89,70.45
555727.78,75.06,61.46,522058.89,70.51
555591.82,75.14,61.55,522520.84,70.67
555455.86,75.23,61.63,522515.07,70.76
555507.56,75.31,61.72,523207.73,70.94
555559.25,75.4,61.81,523207.73,71.01
555450.59,75.4,61.81,523099.07,71.01
555634.3,75.49,61.9,523099.07,71.07
555498.34,75.58,61.98,523099.07,71.17
555362.38,75.66,62.07,523100.23,71.27
555017.59,75.66,62.07,523243.15,71.33
554817.92,75.66,62.06,522822.28,71.3
554618.25,75.66,62.06,522802.08,71.32
554482.29,75.74,62.14,522800.92,71.41
554718.06,75.83,62.24,523247.68,71.53
554582.1,75.92,62.32,523144.78,71.62
554446.14,76.0,62.41,523690.11,71.79
554310.18,76.09,62.49,523690.11,71.89
554310.18,76.09,62.49,523665.8,71.88
554579.0,76.18,62.58,523665.8,71.93
554443.04,76.26,62.67,523665.8,72.03
554307.08,76.35,62.75,523665.8,72.13
554171.12,76.44,62.84,523665.8,72.23
553977.17,76.43,62.84,523385.74,72.21
554160.88,76.53,62.93,523611.26,72.31
554160.88,76.53,62.93,523707.85,72.32
554212.57,76.62,63.02,523994.78,72.44
553922.9,76.61,63.02,523672.14,72.43
553588.12,76.62,63.02,523159.69,72.4
553452.16,76.7,63.11,523728.39,72.58
553120.43,76.7,63.1,523290.09,72.56
553172.12,76.79,63.19,523290.09,72.64
553499.96,76.87,63.28,523290.09,72.68
553551.65,76.97,63.37,523290.09,72.76
553551.65,76.97,63.37,523264.0,72.76
553167.85,76.97,63.38,523264.0,72.81
553167.85,76.97,63.38,523264.0,72.81
553172.55,76.97,63.38,523294.97,72.82
553036.59,77.06,63.47,523294.97,72.92
553069.26,77.07,63.47,523362.36,72.93
552933.31,77.16,63.56,523362.36,73.03
552985.0,77.25,63.65,523742.69,73.17
553036.69,77.35,63.75,524066.61,73.29
553305.51,77.43,63.84,524222.42,73.36
553305.51,77.43,63.84,524269.92,73.37
553169.55,77.52,63.93,524269.92,73.47
553033.59,77.61,64.02,524269.92,73.58
552688.81,77.62,64.02,524295.96,73.63
552740.5,77.71,64.12,524295.96,73.71
553009.33,77.8,64.2,524295.96,73.76
552873.37,77.89,64.3,524295.96,73.87
552737.41,77.98,64.39,524478.55,74.0
552601.45,78.07,64.48,524402.47,74.09
552311.77,78.07,64.47,524203.49,74.09
552175.81,78.16,64.56,524678.69,74.27
551831.03,78.16,64.57,524309.9,74.26
552099.85,78.25,64.66,524309.9,74.31
551983.87,78.26,64.67,524309.9,74.34
551847.91,78.35,64.76,524309.9,74.44
551899.6,78.45,64.85,524309.9,74.53
551680.8,78.45,64.85,524309.9,74.55
551544.84,78.54,64.94,524309.9,74.66
551728.55,78.64,65.04,524359.98,74.74
551592.59,78.73,65.13,524631.33,74.88
551869.06,78.82,65.22,524639.36,74.93
551920.75,78.92,65.32,525151.13,75.09
551920.75,78.92,65.32,525185.12,75.1
551784.79,79.01,65.42,525185.12,75.2
551627.14,79.01,65.41,525028.21,75.2
551678.83,79.11,65.51,525028.21,75.29
551542.87,79.2,65.61,525028.34,75.39
551594.56,79.3,65.71,525028.45,75.48
551646.25,79.4,65.8,525028.21,75.57
551882.02,79.5,65.91,525028.21,75.63
551933.71,79.6,66.01,526039.06,75.87
551797.75,79.7,66.1,525972.41,75.97
551804.8,79.7,66.1,525997.38,75.97
551668.84,79.79,66.2,525997.38,76.08
551532.88,79.89,66.29,525997.38,76.19
551396.92,79.99,66.39,525997.38,76.3
550309.24,80.77,67.17,525997.38,77.2
550309.24,80.77,67.17,525997.38,77.2
549966.82,80.77,67.18,525977.85,77.25
550235.64,80.87,67.27,525977.84,77.3
550099.68,80.97,67.37,525977.84,77.42
549963.72,81.07,67.47,526113.39,77.55
549747.92,81.06,67.46,525889.98,77.54
549611.96,81.16,67.56,525959.45,77.67
549663.65,81.26,67.67,526206.44,77.8
549715.34,81.37,67.77,526206.44,77.89
549475.67,81.37,67.77,525976.88,77.89
549339.71,81.47,67.87,525976.88,78.0
549391.4,81.57,67.98,525976.88,78.1
549443.09,81.68,68.08,525979.68,78.19
549494.78,81.78,68.19,525984.74,78.29
549766.82,81.89,68.3,525976.88,78.35
549630.86,81.99,68.4,527019.8,78.62
549635.43,81.99,68.4,527022.59,78.62
549907.47,82.1,68.51,527319.3,78.73
549912.16,82.1,68.51,527327.17,78.73
549776.2,82.21,68.61,527327.17,78.85
549959.92,82.31,68.72,527327.17,78.93
549823.96,82.42,68.82,527327.17,79.04
549688.0,82.52,68.92,527327.17,79.16
549697.02,82.52,68.92,527336.66,79.16
549748.71,82.63,69.03,527336.66,79.26
549612.75,82.73,69.14,527615.73,79.42
549612.75,82.73,69.14,527585.27,79.42
549612.75,82.73,69.14,527617.97,79.42
549664.44,82.84,69.25,527870.78,79.56
549528.48,82.95,69.35,527906.39,79.68
549392.52,83.05,69.46,527906.39,79.8
549444.22,83.16,69.56,527906.39,79.9
549172.3,83.37,69.78,527906.72,80.14
549036.34,83.48,69.88,527906.39,80.27
549220.05,83.59,69.99,527906.39,80.34
549084.09,83.7,70.1,528408.15,80.54
548948.13,83.8,70.21,528345.96,80.66
548603.34,83.81,70.21,528138.02,80.68
548655.04,83.92,70.33,528138.02,80.78
548519.08,84.03,70.43,528138.02,80.91
548383.12,84.14,70.54,528138.02,81.03
548651.94,84.24,70.64,528139.4,81.09
548515.98,84.35,70.75,528167.08,81.22
548380.02,84.46,70.86,528138.02,81.34
548380.02,84.46,70.86,528122.22,81.34
548563.74,84.57,70.97,528122.22,81.42
548364.06,84.57,70.97,527984.25,81.43
548228.1,84.68,71.08,528891.99,81.69
548279.79,84.79,71.2,528891.99,81.79
548080.12,84.79,71.2,528511.59,81.76
547944.16,84.9,71.31,528511.59,81.89
547790.66,84.9,71.3,528360.63,81.89
547654.7,85.01,71.41,528360.63,82.02
547518.74,85.12,71.53,528361.58,82.14
547173.95,85.13,71.53,528198.62,82.18
547037.99,85.24,71.65,528197.67,82.31
547306.82,85.35,71.75,528197.67,82.37
546962.03,85.35,71.76,528404.84,82.46
546826.07,85.47,71.87,528197.67,82.56
546690.11,85.58,71.98,528443.39,82.72
546358.38,85.58,71.98,528285.02,82.75
546222.42,85.69,72.09,528285.02,82.88
546274.11,85.81,72.21,528285.02,82.98
546138.16,85.92,72.32,528285.02,83.11
546002.2,86.03,72.44,528285.02,83.24
545730.28,86.26,72.67,528461.73,83.53
545781.97,86.38,72.79,528654.59,83.67
545784.32,86.38,72.79,528676.25,83.68
545836.01,86.5,72.91,528792.13,83.8
545887.7,86.62,73.03,528792.13,83.91
545751.74,86.74,73.14,528792.13,84.04
545615.78,86.85,73.26,528792.14,84.18
545667.47,86.97,73.38,528792.15,84.28
545531.51,87.09,73.5,528792.13,84.42
545800.34,87.2,73.6,529021.57,84.52
545664.38,87.32,73.72,529056.33,84.66
545528.42,87.44,73.84,529557.31,84.88
545183.63,87.45,73.85,529201.14,84.88
545235.32,87.57,73.97,529201.14,84.99
545504.15,87.68,74.08,529201.14,85.06
545504.15,87.68,74.08,529196.38,85.06
545368.19,87.8,74.2,529196.38,85.19
545261.37,87.8,74.2,529090.56,85.19
545125.41,87.91,74.32,529092.25,85.33
544037.73,88.89,75.29,529092.25,86.44
543692.95,88.9,75.3,529090.56,86.51
543692.95,88.9,75.3,529065.36,86.51
543969.41,89.01,75.41,529065.36,86.57
544021.1,89.14,75.54,529311.72,86.73
544072.79,89.26,75.67,529628.55,86.89
543783.12,89.26,75.67,529459.5,86.91
543647.16,89.39,75.79,529648.31,87.09
543511.2,89.51,75.92,529648.31,87.23
543168.78,89.53,75.93,529583.95,87.29
543437.6,89.64,76.04,529583.95,87.35
543301.64,89.76,76.17,529583.95,87.5
543353.33,89.89,76.3,529584.35,87.62
543008.55,89.91,76.31,529583.97,87.68
542008.55,89.89,76.29,528583.97,87.66
542192.26,90.02,76.42,528636.87,87.77
542056.3,90.14,76.55,528610.43,87.91
542056.3,90.14,76.55,528613.28,87.91
542328.34,90.27,76.68,528586.81,87.98
542192.38,90.4,76.8,529576.88,88.3
542056.42,90.53,76.93,529576.88,88.44
541920.46,90.66,77.06,529576.88,88.59
542104.17,90.79,77.19,529577.37,88.69
541968.21,90.92,77.32,529576.88,88.84
541832.25,91.05,77.45,529576.88,88.99
541696.29,91.18,77.58,529782.88,89.17
541696.29,91.18,77.58,529808.18,89.18
541560.33,91.31,77.71,529772.87,89.32
541424.37,91.44,77.84,529919.17,89.5
541288.41,91.57,77.97,529919.17,89.65
541340.1,91.7,78.11,529919.17,89.77
541391.8,91.84,78.24,529919.17,89.89
541102.12,91.84,78.24,529632.18,89.89
541102.12,91.84,78.24,529632.18,89.89
540558.28,92.37,78.78,529632.18,90.51
540560.63,92.38,78.78,529663.0,90.51
540424.67,92.51,78.91,530032.74,90.73
540701.13,92.63,79.03,530032.74,90.8
540593.48,92.63,79.03,529925.83,90.8
540645.17,92.77,79.17,529925.83,90.93
540645.17,92.77,79.17,529915.6,90.93
540509.21,92.9,79.31,529915.6,91.08
540373.25,93.04,79.44,529915.6,91.24
540237.29,93.18,79.58,529915.6,91.4
540101.34,93.31,79.72,530092.67,91.58
540153.03,93.45,79.86,530352.88,91.76
540017.07,93.59,80.0,530493.17,91.94
540017.07,93.59,80.0,530455.58,91.93
539727.39,93.59,80.0,530080.92,91.92
539384.97,93.61,80.01,529942.4,91.97
539249.01,93.75,80.15,529942.4,92.13
539113.05,93.89,80.29,529942.4,92.29
539164.74,94.03,80.44,529942.4,92.42
539114.74,94.03,80.43,529892.4,92.42
538978.78,94.17,80.58,529893.37,92.58
538658.78,94.17,80.57,529573.37,92.58
538658.78,94.17,80.57,529616.77,92.59
538710.48,94.31,80.71,529617.81,92.72
538986.94,94.43,80.84,529615.8,92.79
538986.94,94.43,80.84,529590.26,92.79
538644.52,94.45,80.86,529870.25,92.91
538508.56,94.59,81.0,529939.25,93.09
538560.25,94.74,81.14,530135.33,93.26
538560.25,94.74,81.14,530135.33,93.26
538424.29,94.88,81.29,530135.33,93.42
538426.64,94.88,81.29,530144.38,93.42
538290.68,95.03,81.43,530144.38,93.59
538559.5,95.15,81.56,530144.38,93.67
538559.5,95.15,81.56,530257.51,93.69
538423.54,95.3,81.7,530257.52,93.85
537423.54,95.29,81.69,529257.52,93.84
537287.58,95.43,81.84,529257.57,94.01
536942.8,95.45,81.86,529274.89,94.09
536806.84,95.6,82.0,529268.72,94.25
537075.66,95.73,82.13,529257.5,94.33
536797.67,95.73,82.13,528959.45,94.33
536661.71,95.88,82.28,529426.74,94.58
536525.75,96.02,82.43,529426.74,94.75
536389.79,96.17,82.58,529426.74,94.92
536253.83,96.32,82.72,529426.78,95.09
536253.83,96.32,82.72,529396.05,95.09
536379.04,96.34,82.75,529549.49,95.12
536647.87,96.47,82.88,529549.46,95.2
536699.56,96.62,83.03,529549.45,95.34
536421.56,96.63,83.03,529483.14,95.38
536421.56,96.63,83.03,529427.36,95.37
536421.56,96.63,83.03,529488.32,95.38
536285.6,96.78,83.18,529488.32,95.55
536007.61,96.78,83.19,529157.06,95.55
536059.3,96.93,83.34,529734.78,95.79
535923.34,97.09,83.49,529728.35,95.96
536159.11,97.23,83.64,529728.35,96.07
536342.82,97.38,83.78,529728.35,96.18
536188.33,97.4,83.8,529776.06,96.24
536052.37,97.55,83.96,529776.14,96.41
536104.06,97.71,84.11,529776.06,96.55
536372.89,97.84,84.24,529776.06,96.64
536424.58,97.99,84.4,529776.06,96.78
536079.8,98.01,84.42,530334.82,96.96
536131.49,98.17,84.57,530728.38,97.18
536131.49,98.17,84.57,530691.4,97.17
536183.18,98.32,84.73,531126.02,97.4
536183.18,98.32,84.73,531092.47,97.39
536183.18,98.32,84.73,531092.47,97.39
535893.18,98.32,84.73,530802.47,97.39
536162.0,98.46,84.86,530802.47,97.47
536026.04,98.61,85.02,530802.47,97.65
535890.08,98.77,85.17,530802.55,97.83
535754.12,98.93,85.33,530802.92,98.01
535805.82,99.09,85.49,530803.78,98.16
535989.53,99.24,85.64,530802.47,98.28
535644.74,99.26,85.67,531124.04,98.42
535355.07,99.27,85.67,530802.47,98.42
535355.07,99.27,85.67,530802.47,98.42
535219.11,99.43,85.83,531219.21,98.68
535454.88,99.58,85.98,531334.25,98.81
535454.88,99.58,85.98,531368.34,98.82
535454.88,99.58,85.98,531368.34,98.82
535457.16,99.58,85.98,531412.89,98.83
535241.56,99.58,85.99,531206.79,98.83
535241.56,99.58,85.99,531206.79,98.83
535241.56,99.58,85.99,531196.29,98.83
535241.56,99.58,85.99,531319.1,98.85
535241.56,99.58,85.99,531319.1,98.85
535241.56,99.58,85.99,531319.1,98.85
535241.56,99.58,85.99,531319.1,98.85
535241.56,99.58,85.99,531319.1,98.85
535241.56,99.58,85.99,531319.1,98.85
535241.56,99.58,85.99,531319.1,98.85
534921.56,99.58,85.99,530999.1,98.85
534925.99,99.58,85.99,530977.57,98.85
534925.99,99.58,85.99,530977.57,98.85
534930.69,99.58,85.99,530993.49,98.85
534930.69,99.58,85.99,530993.49,98.85
534930.69,99.58,85.99,530993.49,98.85
534930.69,99.58,85.99,530993.49,98.85
534930.69,99.58,85.99,530993.49,98.85
534930.69,99.58,85.99,530993.49,98.85
534930.69,99.58,85.99,530993.49,98.85
534930.69,99.58,85.99,530993.49,98.85
534930.69,99.58,85.99,530993.49,98.85
534930.69,99.58,85.99,530993.49,98.85
534930.69,99.58,85.99,530993.49,98.85
534930.69,99.58,85.99,530993.49,98.85
534930.69,99.58,85.99,530947.39,98.84
534930.69,99.58,85.99,530947.39,98.84
534930.69,99.58,85.99,530947.39,98.84
534930.69,99.58,85.99,530947.39,98.84
534930.69,99.58,85.99,530947.39,98.84
534930.69,99.58,85.99,530947.39,98.84
534823.04,99.58,85.99,530839.96,98.84
534823.04,99.58,85.99,530839.96,98.84
534823.04,99.58,85.99,530839.96,98.84
534823.04,99.58,85.99,530839.96,98.84
534823.04,99.58,85.99,530839.96,98.84
534823.04,99.58,85.99,530893.29,98.85
534823.04,99.58,85.99,530893.29,98.85
534823.04,99.58,85.99,530970.74,98.87
534823.04,99.58,85.99,530970.74,98.87
534629.22,99.59,85.99,530797.69,98.88
534629.22,99.59,85.99,530797.69,98.88
534629.22,99.59,85.99,530797.69,98.88
534629.22,99.59,85.99,530797.69,98.88
534629.22,99.59,85.99,530797.69,98.88
534629.22,99.59,85.99,530797.69,98.88
534439.55,99.6,86.0,530703.83,98.9
534439.55,99.6,86.0,530703.83,98.9
534439.55,99.6,86.0,530703.83,98.9
534439.55,99.6,86.0,530703.83,98.9
534439.55,99.6,86.0,530703.83,98.9
534439.55,99.6,86.0,530703.83,98.9
534439.55,99.6,86.0,530703.83,98.9
534439.55,99.6,86.0,530656.73,98.89
534245.6,99.6,86.01,530326.05,98.87
534245.6,99.6,86.01,530326.05,98.87
534245.6,99.6,86.01,530326.05,98.87
534245.6,99.6,86.01,530326.05,98.87
534250.29,99.6,86.01,530329.08,98.87
534250.29,99.6,86.01,530329.08,98.87
534250.29,99.6,86.01,530329.08,98.87
534250.29,99.6,86.01,530329.08,98.87
534250.29,99.6,86.01,530329.08,98.87
534250.29,99.6,86.01,530329.08,98.87
534250.29,99.6,86.01,530329.08,98.87
534250.29,99.6,86.01,530329.08,98.87
534250.29,99.6,86.01,530329.08,98.87
534250.29,99.6,86.01,530329.08,98.87
534250.29,99.6,86.01,530329.08,98.87
534250.29,99.6,86.01,530329.08,98.87
534250.29,99.6,86.01,530329.08,98.87
534254.99,99.6,86.01,530345.36,98.87
534254.99,99.6,86.01,530345.36,98.87
534254.99,99.6,86.01,530345.36,98.87
534254.99,99.6,86.01,530345.36,98.87
534254.99,99.6,86.01,530345.36,98.87
534254.99,99.6,86.01,530304.97,98.87
534254.99,99.6,86.01,530304.97,98.87
534254.99,99.6,86.01,530304.97,98.87
534254.99,99.6,86.01,530304.97,98.87
534254.99,99.6,86.01,530304.97,98.87
534254.99,99.6,86.01,530304.97,98.87
534254.99,99.6,86.01,530304.97,98.87
534254.99,99.6,86.01,530304.97,98.87
534254.99,99.6,86.01,530304.97,98.87
534254.99,99.6,86.01,530391.75,98.88
534262.04,99.61,86.01,530399.89,98.89
534262.04,99.61,86.01,530399.89,98.89
534262.04,99.61,86.01,530399.89,98.89
534262.04,99.61,86.01,530399.89,98.89
534262.04,99.61,86.01,530399.89,98.89
534262.04,99.61,86.01,530399.89,98.89
534262.04,99.61,86.01,530399.89,98.89
534262.04,99.61,86.01,530399.89,98.89
534262.04,99.61,86.01,530399.89,98.89
534262.04,99.61,86.01,530399.89,98.89
534262.04,99.61,86.01,530399.89,98.89
534262.04,99.61,86.01,530399.89,98.89
534262.04,99.61,86.01,530458.82,98.9
534262.04,99.61,86.01,530458.82,98.9
534262.04,99.61,86.01,530458.82,98.9
534262.04,99.61,86.01,530458.82,98.9
534262.04,99.61,86.01,530458.82,98.9
534262.04,99.61,86.01,530458.82,98.9
534262.04,99.61,86.01,530458.82,98.9
534262.04,99.61,86.01,530458.82,98.9
534262.04,99.61,86.01,530458.82,98.9
534262.04,99.61,86.01,530458.82,98.9
534262.04,99.61,86.01,530458.82,98.9
534262.04,99.61,86.01,530458.82,98.9
534262.04,99.61,86.01,530458.82,98.9
534262.04,99.61,86.01,530458.82,98.9
534269.08,99.61,86.01,530506.3,98.9
534269.08,99.61,86.01,530457.05,98.9
534269.08,99.61,86.01,530457.05,98.9
534269.08,99.61,86.01,530457.05,98.9
534269.08,99.61,86.01,530457.05,98.9
534269.08,99.61,86.01,530457.05,98.9
534269.08,99.61,86.01,530457.05,98.9
534269.08,99.61,86.01,530457.05,98.9
534269.08,99.61,86.01,530457.05,98.9
534269.08,99.61,86.01,530457.05,98.9
534269.08,99.61,86.01,530457.05,98.9
534269.08,99.61,86.01,530457.05,98.9
534269.08,99.61,86.01,530457.05,98.9
534269.08,99.61,86.01,530457.05,98.9
534269.08,99.61,86.01,530457.05,98.9
534269.08,99.61,86.01,530457.05,98.9
534269.08,99.61,86.01,530457.05,98.9
534269.08,99.61,86.01,530457.05,98.9
534269.08,99.61,86.01,530457.05,98.9
534269.08,99.61,86.01,530457.05,98.9
534269.08,99.61,86.01,530457.05,98.9
534269.08,99.61,86.01,530457.05,98.9
534269.08,99.61,86.01,530509.17,98.91
534269.08,99.61,86.01,530509.17,98.91
534269.08,99.61,86.01,530503.02,98.9
534269.08,99.61,86.01,530503.02,98.9
534269.08,99.61,86.01,530503.02,98.9
534269.08,99.61,86.01,530503.02,98.9
534161.43,99.61,86.01,530398.09,98.91
534161.43,99.61,86.01,530398.09,98.91
534161.43,99.61,86.01,530398.09,98.91
534161.43,99.61,86.01,530398.09,98.91
534161.43,99.61,86.01,530398.09,98.91
534161.43,99.61,86.01,530398.09,98.91
534161.43,99.61,86.01,530398.09,98.91
534161.43,99.61,86.01,530398.09,98.91
534161.43,99.61,86.01,530398.09,98.91
534161.43,99.61,86.01,530398.09,98.91
534161.43,99.61,86.01,530398.09,98.91
534161.43,99.61,86.01,530398.09,98.91
534161.43,99.61,86.01,530398.09,98.91
534161.43,99.61,86.01,530398.09,98.91
534161.43,99.61,86.01,530398.09,98.91
534161.43,99.61,86.01,530398.09,98.91
534161.43,99.61,86.01,530398.09,98.91
534161.43,99.61,86.01,530398.09,98.91
534161.43,99.61,86.01,530398.09,98.91
534161.43,99.61,86.01,530398.09,98.91
534161.43,99.61,86.01,530398.09,98.91
534161.43,99.61,86.01,530398.09,98.91
534111.43,99.61,86.01,530348.09,98.9
534111.43,99.61,86.01,530348.09,98.9
534111.43,99.61,86.01,530348.09,98.9
534111.43,99.61,86.01,530348.09,98.9
534111.43,99.61,86.01,530348.09,98.9
534111.43,99.61,86.01,530348.09,98.9
534111.43,99.61,86.01,530348.09,98.9
533954.61,99.61,86.01,530192.61,98.91
533954.61,99.61,86.01,530192.61,98.91
533959.31,99.61,86.01,530207.44,98.91
533959.31,99.61,86.01,530207.44,98.91
533959.31,99.61,86.01,530207.44,98.91
533959.31,99.61,86.01,530207.44,98.91
533959.31,99.61,86.01,530207.44,98.91
533959.31,99.61,86.01,530207.44,98.91
533959.31,99.61,86.01,530207.44,98.91
533959.31,99.61,86.01,530207.44,98.91
533639.31,99.61,86.01,529887.44,98.91
533639.31,99.61,86.01,529887.44,98.91
533639.31,99.61,86.01,529887.44,98.91
533639.31,99.61,86.01,529887.44,98.91
533639.31,99.61,86.01,529887.44,98.91
533639.31,99.61,86.01,529887.44,98.91
533639.31,99.61,86.01,529887.44,98.91
533639.31,99.61,86.01,529887.44,98.91
533639.31,99.61,86.01,529887.44,98.91
533639.31,99.61,86.01,529887.44,98.91
533639.31,99.61,86.01,529887.44,98.91
533639.31,99.61,86.01,529887.44,98.91
533639.31,99.61,86.01,529887.44,98.91
533639.31,99.61,86.01,529887.44,98.91
533639.31,99.61,86.01,529887.44,98.91
533639.31,99.61,86.01,529887.44,98.91
533639.31,99.61,86.01,529887.44,98.91
532639.31,99.61,86.01,528887.44,98.91
532639.31,99.61,86.01,528887.44,98.91
532639.31,99.61,86.01,528887.44,98.91
532639.31,99.61,86.01,528887.44,98.91
532639.31,99.61,86.01,528887.44,98.91
532639.31,99.61,86.01,528887.44,98.91
532639.31,99.61,86.01,528887.44,98.91
532639.31,99.61,86.01,528887.44,98.91
532639.31,99.61,86.01,528887.44,98.91
532639.31,99.61,86.01,528887.44,98.91
532639.31,99.61,86.01,528887.44,98.91
532639.31,99.61,86.01,528887.44,98.91
532639.31,99.61,86.01,528887.44,98.91
532639.31,99.61,86.01,528887.44,98.91
532639.31,99.61,86.01,528887.44,98.91
532639.31,99.61,86.01,528887.44,98.91
532639.31,99.61,86.01,528887.44,98.91
532639.31,99.61,86.01,528887.44,98.91
532639.31,99.61,86.01,528887.44,98.91
532639.31,99.61,86.01,528887.44,98.91
532639.31,99.61,86.01,528887.44,98.91
532639.31,99.61,86.01,528887.44,98.91
532639.31,99.61,86.01,528887.44,98.91
532639.31,99.61,86.01,528887.44,98.91
532639.31,99.61,86.01,528887.44,98.91
532639.31,99.61,86.01,528887.44,98.91
532639.31,99.61,86.01,528887.44,98.91
532639.31,99.61,86.01,528887.44,98.91
532639.31,99.61,86.01,528887.44,98.91
532639.31,99.61,86.01,528887.44,98.91
532639.31,99.61,86.01,528887.44,98.91
532639.31,99.61,86.01,528887.44,98.91
532639.31,99.61,86.01,528887.44,98.91
532639.31,99.61,86.01,528887.44,98.91
532639.31,99.61,86.01,528887.44,98.91
532639.31,99.61,86.01,528887.44,98.91
532639.31,99.61,86.01,528887.44,98.91
532639.31,99.61,86.01,528887.44,98.91
532639.31,99.61,86.01,528887.44,98.91
532639.31,99.61,86.01,528887.44,98.91
532639.31,99.61,86.01,528887.44,98.91
532639.31,99.61,86.01,528887.44,98.91
532639.31,99.61,86.01,528887.44,98.91
532639.31,99.61,86.01,528887.44,98.91
532646.35,99.61,86.01,528889.49,98.91
532646.35,99.61,86.01,528889.49,98.91
532646.35,99.61,86.01,528889.49,98.91
532646.35,99.61,86.01,528889.49,98.91
532646.35,99.61,86.01,528889.49,98.91
532646.35,99.61,86.01,528889.49,98.91
532646.35,99.61,86.01,528889.49,98.91
532646.35,99.61,86.01,528889.49,98.91
532646.35,99.61,86.01,528889.49,98.91
532646.35,99.61,86.01,528889.49,98.91
532646.35,99.61,86.01,528889.49,98.91
532646.35,99.61,86.01,528889.49,98.91
532646.35,99.61,86.01,528889.49,98.91
532646.35,99.61,86.01,528889.49,98.91
532603.27,99.61,86.01,528846.79,98.91
532603.27,99.61,86.01,528846.79,98.91
532603.27,99.61,86.01,528846.79,98.91
532603.27,99.61,86.01,528846.79,98.91
532603.27,99.61,86.01,528846.79,98.91
532603.27,99.61,86.01,528846.79,98.91
532603.27,99.61,86.01,528846.79,98.91
532603.27,99.61,86.01,528846.79,98.91
532603.27,99.61,86.01,528846.79,98.91
532603.27,99.61,86.01,528846.79,98.91
532603.27,99.61,86.01,528846.79,98.91
532603.27,99.61,86.01,528922.22,98.92
532603.27,99.61,86.01,528922.22,98.92
532603.27,99.61,86.01,528922.22,98.92
532603.27,99.61,86.01,528922.22,98.92
532603.27,99.61,86.01,528922.22,98.92
532603.27,99.61,86.01,528922.22,98.92
532603.27,99.61,86.01,528926.05,98.92
532603.27,99.61,86.01,528926.05,98.92
532603.27,99.61,86.01,528926.05,98.92
532603.27,99.61,86.01,528926.05,98.92
532603.27,99.61,86.01,528926.05,98.92
532603.27,99.61,86.01,528926.05,98.92
532603.27,99.61,86.01,528910.71,98.92
532603.27,99.61,86.01,528910.71,98.92
532603.27,99.61,86.01,528910.71,98.92
532603.27,99.61,86.01,528910.71,98.92
532603.27,99.61,86.01,528910.71,98.92
532603.27,99.61,86.01,528910.71,98.92
532603.27,99.61,86.01,528910.71,98.92
532603.27,99.61,86.01,528910.71,98.92
532603.27,99.61,86.01,528910.71,98.92
532603.27,99.61,86.01,528910.71,98.92
532603.27,99.61,86.01,528910.71,98.92
532603.27,99.61,86.01,528910.71,98.92
532603.27,99.61,86.01,528910.71,98.92
532603.27,99.61,86.01,528910.71,98.92
532603.27,99.61,86.01,528910.71,98.92
532603.27,99.61,86.01,528910.71,98.92
532603.27,99.61,86.01,528910.71,98.92
532603.27,99.61,86.01,528910.71,98.92
532603.27,99.61,86.01,528910.71,98.92
532603.27,99.61,86.01,528910.71,98.92
532603.27,99.61,86.01,528910.71,98.92
532603.27,99.61,86.01,528910.71,98.92
532603.27,99.61,86.01,528910.71,98.92
532603.27,99.61,86.01,528910.71,98.92
532603.27,99.61,86.01,528910.71,98.92
532603.27,99.61,86.01,528910.71,98.92
532603.27,99.61,86.01,528910.71,98.92
532603.27,99.61,86.01,528910.71,98.92
532603.27,99.61,86.01,528910.71,98.92
532448.04,99.61,86.01,528752.04,98.92
532448.04,99.61,86.01,528752.04,98.92
532448.04,99.61,86.01,528752.04,98.92
532448.04,99.61,86.01,528752.04,98.92
532448.04,99.61,86.01,528752.04,98.92
532448.04,99.61,86.01,528752.04,98.92
532448.04,99.61,86.01,528752.04,98.92
532448.04,99.61,86.01,528752.04,98.92
532448.04,99.61,86.01,528752.04,98.92
532448.04,99.61,86.01,528752.04,98.92
532448.04,99.61,86.01,528752.04,98.92
532448.04,99.61,86.01,528752.04,98.92
532448.04,99.61,86.01,528752.04,98.92
532448.04,99.61,86.01,528752.04,98.92
532448.04,99.61,86.01,528752.04,98.92
532448.04,99.61,86.01,528752.04,98.92
532448.04,99.61,86.01,528752.04,98.92
532448.04,99.61,86.01,528752.04,98.92
532448.04,99.61,86.01,528752.04,98.92
532448.04,99.61,86.01,528752.04,98.92
532448.04,99.61,86.01,528752.04,98.92
532448.04,99.61,86.01,528752.04,98.92
532448.04,99.61,86.01,528752.04,98.92
532448.04,99.61,86.01,528752.04,98.92
532448.04,99.61,86.01,528752.04,98.92
532448.04,99.61,86.01,528752.04,98.92
532448.04,99.61,86.01,528752.04,98.92
532448.04,99.61,86.01,528752.04,98.92
532448.04,99.61,86.01,528752.04,98.92
532448.04,99.61,86.01,528752.04,98.92
532448.04,99.61,86.01,528752.04,98.92
532448.04,99.61,86.01,528752.04,98.92
532448.04,99.61,86.01,528752.04,98.92
532448.04,99.61,86.01,528752.04,98.92
532448.04,99.61,86.01,528752.04,98.92
532448.04,99.61,86.01,528752.04,98.92
532448.04,99.61,86.01,528752.04,98.92
532448.04,99.61,86.01,528752.04,98.92
532448.04,99.61,86.01,528752.04,98.92
532448.04,99.61,86.01,528752.04,98.92
532448.04,99.61,86.01,528752.04,98.92
532448.04,99.61,86.01,528752.04,98.92
532448.04,99.61,86.01,528752.04,98.92
532448.04,99.61,86.01,528752.04,98.92
532448.04,99.61,86.01,528752.04,98.92
532448.04,99.61,86.01,528752.04,98.92
532448.04,99.61,86.01,528752.04,98.92
532448.04,99.61,86.01,528752.04,98.92
532448.04,99.61,86.01,528752.04,98.92
532448.04,99.61,86.01,528752.04,98.92
532448.04,99.61,86.01,528752.04,98.92
532448.04,99.61,86.01,528752.04,98.92
532450.4,99.61,86.01,528749.35,98.92
532450.4,99.61,86.01,528749.35,98.92
532450.4,99.61,86.01,528749.35,98.92
532450.4,99.61,86.01,528749.35,98.92
532450.4,99.61,86.01,528749.35,98.92
532450.4,99.61,86.01,528749.35,98.92
532450.4,99.61,86.01,528749.35,98.92
532450.4,99.61,86.01,528749.35,98.92
532450.4,99.61,86.01,528749.35,98.92
532450.4,99.61,86.01,528749.35,98.92
532450.4,99.61,86.01,528749.35,98.92
532450.4,99.61,86.01,528749.35,98.92
532450.4,99.61,86.01,528720.41,98.91
532450.4,99.61,86.01,528720.41,98.91
532450.4,99.61,86.01,528720.41,98.91
532450.4,99.61,86.01,528720.41,98.91
532450.4,99.61,86.01,528720.41,98.91
532450.4,99.61,86.01,528720.41,98.91
532450.4,99.61,86.01,528720.41,98.91
532450.4,99.61,86.01,528720.41,98.91
532450.4,99.61,86.01,528720.41,98.91
532450.4,99.61,86.01,528720.41,98.91
532450.4,99.61,86.01,528720.41,98.91
532450.4,99.61,86.01,528720.41,98.91
532450.4,99.61,86.01,528720.41,98.91
532450.4,99.61,86.01,528720.41,98.91
532450.4,99.61,86.01,528720.41,98.91
532450.4,99.61,86.01,528720.41,98.91
532450.4,99.61,86.01,528720.41,98.91
532450.4,99.61,86.01,528751.7,98.92
532450.4,99.61,86.01,528751.7,98.92
532450.4,99.61,86.01,528751.7,98.92
532450.4,99.61,86.01,528751.7,98.92
532450.4,99.61,86.01,528751.7,98.92
532450.4,99.61,86.01,528751.7,98.92
532450.4,99.61,86.01,528751.7,98.92
532450.4,99.61,86.01,528729.74,98.91
532450.4,99.61,86.01,528729.74,98.91
532451.16,99.61,86.02,528755.39,98.92
532451.16,99.61,86.02,528755.39,98.92
532451.16,99.61,86.02,528755.39,98.92
532451.16,99.61,86.02,528755.39,98.92
532451.16,99.61,86.02,528755.39,98.92
532451.16,99.61,86.02,528755.39,98.92
532451.16,99.61,86.02,528755.39,98.92
532451.16,99.61,86.02,528755.39,98.92
532451.16,99.61,86.02,528755.39,98.92
532451.16,99.61,86.02,528755.39,98.92
532451.16,99.61,86.02,528755.39,98.92
532451.16,99.61,86.02,528755.39,98.92
532451.16,99.61,86.02,528755.39,98.92
532451.16,99.61,86.02,528755.39,98.92
532451.16,99.61,86.02,528755.39,98.92
532451.16,99.61,86.02,528755.39,98.92
532451.16,99.61,86.02,528755.39,98.92
532451.16,99.61,86.02,528755.39,98.92
532451.16,99.61,86.02,528755.39,98.92
532451.16,99.61,86.02,528755.39,98.92
532451.16,99.61,86.02,528755.39,98.92
532451.16,99.61,86.02,528755.39,98.92
532451.16,99.61,86.02,528755.39,98.92
532451.16,99.61,86.02,528755.39,98.92
532451.16,99.61,86.02,528755.39,98.92
532451.16,99.61,86.02,528755.39,98.92
532451.16,99.61,86.02,528755.39,98.92
532451.16,99.61,86.02,528755.39,98.92
532451.16,99.61,86.02,528755.39,98.92
532451.16,99.61,86.02,528755.39,98.92
532451.16,99.61,86.02,528755.39,98.92
532451.16,99.61,86.02,528755.39,98.92
532451.16,99.61,86.02,528755.39,98.92
532451.16,99.61,86.02,528755.39,98.92
532451.16,99.61,86.02,528755.39,98.92
532451.16,99.61,86.02,528755.39,98.92
532451.16,99.61,86.02,528755.39,98.92
532451.16,99.61,86.02,528755.39,98.92
532451.16,99.61,86.02,528755.39,98.92
532451.16,99.61,86.02,528755.39,98.92
532451.16,99.61,86.02,528755.39,98.92
532451.16,99.61,86.02,528755.39,98.92
532451.16,99.61,86.02,528755.39,98.92
532451.16,99.61,86.02,528755.39,98.92
532451.16,99.61,86.02,528755.39,98.92
532451.16,99.61,86.02,528755.39,98.92
532451.16,99.61,86.02,528755.39,98.92
532451.16,99.61,86.02,528755.39,98.92
532451.16,99.61,86.02,528755.39,98.92
532451.16,99.61,86.02,528755.39,98.92
532451.16,99.61,86.02,528755.39,98.92
532451.16,99.61,86.02,528755.39,98.92
532453.43,99.61,86.02,528774.68,98.92
532453.43,99.61,86.02,528774.68,98.92
532453.43,99.61,86.02,528774.68,98.92
532453.43,99.61,86.02,528774.68,98.92
532453.43,99.61,86.02,528774.68,98.92
532453.43,99.61,86.02,528774.68,98.92
532453.43,99.61,86.02,528774.68,98.92
532453.43,99.61,86.02,528774.68,98.92
532453.43,99.61,86.02,528774.68,98.92
532453.43,99.61,86.02,528774.68,98.92
532453.43,99.61,86.02,528774.68,98.92
532453.43,99.61,86.02,528745.73,98.92
532453.43,99.61,86.02,528779.67,98.92
532453.43,99.61,86.02,528779.67,98.92
532455.78,99.61,86.02,528782.81,98.92
532455.78,99.61,86.02,528782.81,98.92
532455.78,99.61,86.02,528782.81,98.92
532455.78,99.61,86.02,528782.81,98.92
532455.78,99.61,86.02,528753.86,98.92
532455.78,99.61,86.02,528753.86,98.92
532455.78,99.61,86.02,528753.86,98.92
532455.78,99.61,86.02,528753.86,98.92
532455.78,99.61,86.02,528753.86,98.92
532455.78,99.61,86.02,528783.59,98.92
532455.78,99.61,86.02,528783.59,98.92
532455.78,99.61,86.02,528783.59,98.92
532455.78,99.61,86.02,528783.59,98.92
532455.78,99.61,86.02,528783.59,98.92
532455.78,99.61,86.02,528783.59,98.92
532455.78,99.61,86.02,528783.59,98.92
532455.78,99.61,86.02,528783.59,98.92
532455.78,99.61,86.02,528783.59,98.92
532347.37,99.61,86.02,528675.68,98.93
532347.37,99.61,86.02,528675.68,98.93
532347.37,99.61,86.02,528675.68,98.93
532347.37,99.61,86.02,528645.95,98.92
532347.37,99.61,86.02,528645.95,98.92
532347.37,99.61,86.02,528645.95,98.92
532347.37,99.61,86.02,528645.95,98.92
532347.37,99.61,86.02,528645.95,98.92
532347.37,99.61,86.02,528645.95,98.92
532347.37,99.61,86.02,528645.95,98.92
532347.37,99.61,86.02,528645.95,98.92
532349.72,99.61,86.02,528683.03,98.93
532349.72,99.61,86.02,528683.03,98.93
532349.72,99.61,86.02,528683.03,98.93
532349.72,99.61,86.02,528683.03,98.93
532349.72,99.61,86.02,528683.03,98.93
532349.72,99.61,86.02,528683.03,98.93
532349.72,99.61,86.02,528683.03,98.93
532349.72,99.61,86.02,528683.03,98.93
532349.72,99.61,86.02,528683.03,98.93
532349.72,99.61,86.02,528683.03,98.93
532349.72,99.61,86.02,528683.03,98.93
532349.72,99.61,86.02,528683.03,98.93
532349.72,99.61,86.02,528683.03,98.93
532349.72,99.61,86.02,528683.03,98.93
532349.72,99.61,86.02,528683.03,98.93
532349.72,99.61,86.02,528683.03,98.93
532349.72,99.61,86.02,528683.03,98.93
532349.72,99.61,86.02,528683.03,98.93
532349.72,99.61,86.02,528683.03,98.93
532349.72,99.61,86.02,528683.03,98.93
532349.72,99.61,86.02,528683.03,98.93
532349.72,99.61,86.02,528683.03,98.93
532349.72,99.61,86.02,528683.03,98.93
532349.72,99.61,86.02,528683.03,98.93
532349.72,99.61,86.02,528683.03,98.93
532349.72,99.61,86.02,528683.03,98.93
532349.72,99.61,86.02,528683.03,98.93
532349.72,99.61,86.02,528683.03,98.93
532349.72,99.61,86.02,528683.03,98.93
532349.72,99.61,86.02,528683.03,98.93
532349.72,99.61,86.02,528683.03,98.93
532349.72,99.61,86.02,528683.03,98.93
531349.72,99.61,86.02,527683.03,98.92
531349.72,99.61,86.02,527683.03,98.92
531349.72,99.61,86.02,527683.03,98.92
531349.72,99.61,86.02,527683.03,98.92
531349.72,99.61,86.02,527683.03,98.92
531349.72,99.61,86.02,527683.03,98.92
531349.72,99.61,86.02,527683.03,98.92
531349.72,99.61,86.02,527683.03,98.92
531349.72,99.61,86.02,527683.03,98.92
531349.72,99.61,86.02,527683.03,98.92
531349.72,99.61,86.02,527683.03,98.92
531349.72,99.61,86.02,527683.03,98.92
531349.72,99.61,86.02,527683.03,98.92
531349.72,99.61,86.02,527683.03,98.92
531194.49,99.61,86.02,527524.37,98.92
531194.49,99.61,86.02,527524.37,98.92
531194.49,99.61,86.02,527524.37,98.92
531194.49,99.61,86.02,527524.37,98.92
531194.49,99.61,86.02,527524.37,98.92
531194.49,99.61,86.02,527524.37,98.92
531194.49,99.61,86.02,527524.37,98.92
531194.49,99.61,86.02,527524.37,98.92
531203.88,99.61,86.02,527526.45,98.92
531203.88,99.61,86.02,527526.45,98.92
531203.88,99.61,86.02,527526.45,98.92
531203.88,99.61,86.02,527526.45,98.92
531203.88,99.61,86.02,527526.45,98.92
531203.88,99.61,86.02,527526.45,98.92
531203.88,99.61,86.02,527526.45,98.92
531203.88,99.61,86.02,527526.45,98.92
531203.88,99.61,86.02,527526.45,98.92
531203.88,99.61,86.02,527526.45,98.92
531203.88,99.61,86.02,527526.45,98.92
531203.88,99.61,86.02,527526.45,98.92
531203.88,99.61,86.02,527526.45,98.92
531203.88,99.61,86.02,527526.45,98.92
531203.88,99.61,86.02,527526.45,98.92
531203.88,99.61,86.02,527526.45,98.92
531203.88,99.61,86.02,527526.45,98.92
531203.88,99.61,86.02,527526.45,98.92
531203.88,99.61,86.02,527526.45,98.92
531203.88,99.61,86.02,527526.45,98.92
531203.88,99.61,86.02,527526.45,98.92
531203.88,99.61,86.02,527526.45,98.92
531203.88,99.61,86.02,527526.45,98.92
531203.88,99.61,86.02,527526.45,98.92
531203.88,99.61,86.02,527526.45,98.92
531203.88,99.61,86.02,527526.45,98.92
531203.88,99.61,86.02,527526.45,98.92
531203.88,99.61,86.02,527526.45,98.92
531203.88,99.61,86.02,527526.45,98.92
531203.88,99.61,86.02,527526.45,98.92
531203.88,99.61,86.02,527526.45,98.92
531203.88,99.61,86.02,527526.45,98.92
531203.88,99.61,86.02,527526.45,98.92
531203.88,99.61,86.02,527526.45,98.92
531203.88,99.61,86.02,527526.45,98.92
531203.88,99.61,86.02,527526.45,98.92
531203.88,99.61,86.02,527526.45,98.92
531203.88,99.61,86.02,527526.45,98.92
531203.88,99.61,86.02,527526.45,98.92
531203.88,99.61,86.02,527526.45,98.92
531203.88,99.61,86.02,527526.45,98.92
531203.88,99.61,86.02,527526.45,98.92
531203.88,99.61,86.02,527526.45,98.92
531203.88,99.61,86.02,527526.45,98.92
531203.88,99.61,86.02,527526.45,98.92
531203.88,99.61,86.02,527526.45,98.92
531203.88,99.61,86.02,527526.45,98.92
531203.88,99.61,86.02,527526.45,98.92
531203.88,99.61,86.02,527526.45,98.92
531203.88,99.61,86.02,527526.45,98.92
531203.88,99.61,86.02,527526.45,98.92
531203.88,99.61,86.02,527526.45,98.92
531203.88,99.61,86.02,527526.45,98.92
531203.88,99.61,86.02,527526.45,98.92
531203.88,99.61,86.02,527526.45,98.92
531203.88,99.61,86.02,527526.45,98.92
531203.88,99.61,86.02,527526.45,98.92
531203.88,99.61,86.02,527526.45,98.92
531203.88,99.61,86.02,527526.45,98.92
531203.88,99.61,86.02,527526.45,98.92
531203.88,99.61,86.02,527526.45,98.92
531203.88,99.61,86.02,527526.45,98.92
531203.88,99.61,86.02,527526.45,98.92
531203.88,99.61,86.02,527526.45,98.92
531203.88,99.61,86.02,527526.45,98.92
531203.88,99.61,86.02,527526.45,98.92
531203.88,99.61,86.02,527526.45,98.92
531203.88,99.61,86.02,527526.45,98.92
531203.88,99.61,86.02,527526.45,98.92
531203.88,99.61,86.02,527526.45,98.92
531203.88,99.61,86.02,527526.45,98.92
531203.88,99.61,86.02,527526.45,98.92
531203.88,99.61,86.02,527526.45,98.92
531203.88,99.61,86.02,527526.45,98.92
531203.88,99.61,86.02,527526.45,98.92
531203.88,99.61,86.02,527526.45,98.92
531203.88,99.61,86.02,527526.45,98.92
531203.88,99.61,86.02,527526.45,98.92
531203.88,99.61,86.02,527526.45,98.92
531203.88,99.61,86.02,527526.45,98.92
531203.88,99.61,86.02,527497.5,98.92
531203.88,99.61,86.02,527497.5,98.92
531203.88,99.61,86.02,527497.5,98.92
531203.88,99.61,86.02,527497.5,98.92
531203.88,99.61,86.02,527497.5,98.92
531203.88,99.61,86.02,527497.5,98.92
531203.88,99.61,86.02,527497.5,98.92
531203.88,99.61,86.02,527497.5,98.92
531203.88,99.61,86.02,527497.5,98.92
531203.88,99.61,86.02,527497.5,98.92
531203.88,99.61,86.02,527497.5,98.92
531203.88,99.61,86.02,527528.79,98.93
531203.88,99.61,86.02,527528.79,98.93
531206.23,99.61,86.02,527534.58,98.93
531206.23,99.61,86.02,527534.58,98.93
531206.23,99.61,86.02,527534.58,98.93
531206.23,99.61,86.02,527534.58,98.93
531206.23,99.61,86.02,527534.58,98.93
531206.23,99.61,86.02,527534.58,98.93
531206.23,99.61,86.02,527534.58,98.93
531206.23,99.61,86.02,527534.58,98.93
531206.23,99.61,86.02,527534.58,98.93
531206.23,99.61,86.02,527534.58,98.93
531206.23,99.61,86.02,527534.58,98.93
531206.23,99.61,86.02,527534.58,98.93
531206.23,99.61,86.02,527534.58,98.93
531206.23,99.61,86.02,527534.58,98.93
531206.23,99.61,86.02,527534.58,98.93
531206.23,99.61,86.02,527534.58,98.93
531206.23,99.61,86.02,527534.58,98.93
531206.23,99.61,86.02,527534.58,98.93
531206.23,99.61,86.02,527534.58,98.93
531206.23,99.61,86.02,527534.58,98.93
531206.23,99.61,86.02,527535.5,98.93
531206.23,99.61,86.02,527535.5,98.93
531206.23,99.61,86.02,527535.5,98.93
531206.23,99.61,86.02,527535.5,98.93
531206.23,99.61,86.02,527535.5,98.93
531206.23,99.61,86.02,527535.5,98.93
531206.23,99.61,86.02,527535.5,98.93
531206.23,99.61,86.02,527535.5,98.93
531206.23,99.61,86.02,527535.5,98.93
531206.23,99.61,86.02,527535.5,98.93
531206.23,99.61,86.02,527535.5,98.93
531206.23,99.61,86.02,527535.5,98.93
531206.23,99.61,86.02,527535.5,98.93
531206.23,99.61,86.02,527535.5,98.93
531206.23,99.61,86.02,527535.5,98.93
531206.23,99.61,86.02,527535.5,98.93
531206.23,99.61,86.02,527535.5,98.93
531206.23,99.61,86.02,527535.5,98.93
531206.23,99.61,86.02,527535.5,98.93
531206.23,99.61,86.02,527535.5,98.93
531206.23,99.61,86.02,527535.5,98.93
531206.23,99.61,86.02,527535.5,98.93
531206.23,99.61,86.02,527535.5,98.93
531206.23,99.61,86.02,527535.5,98.93
531206.23,99.61,86.02,527535.5,98.93
531206.23,99.61,86.02,527535.5,98.93
531206.23,99.61,86.02,527535.5,98.93
531206.23,99.61,86.02,527535.5,98.93
531206.23,99.61,86.02,527535.5,98.93
531206.23,99.61,86.02,527535.5,98.93
531206.23,99.61,86.02,527535.5,98.93
531206.23,99.61,86.02,527535.5,98.93
531206.23,99.61,86.02,527535.5,98.93
531206.23,99.61,86.02,527535.5,98.93
531206.23,99.61,86.02,527535.5,98.93
531206.23,99.61,86.02,527535.5,98.93
531206.23,99.61,86.02,527535.5,98.93
531206.23,99.61,86.02,527535.5,98.93
531206.23,99.61,86.02,527535.5,98.93
531206.23,99.61,86.02,527535.5,98.93
531206.23,99.61,86.02,527535.5,98.93
531206.23,99.61,86.02,527535.5,98.93
531206.23,99.61,86.02,527535.5,98.93
531206.23,99.61,86.02,527535.5,98.93
531206.23,99.61,86.02,527535.5,98.93
531206.23,99.61,86.02,527535.5,98.93
531206.23,99.61,86.02,527535.5,98.93
531206.23,99.61,86.02,527535.5,98.93
531206.23,99.61,86.02,527535.5,98.93
531206.23,99.61,86.02,527535.5,98.93
531206.23,99.61,86.02,527535.5,98.93
531206.23,99.61,86.02,527535.5,98.93
531206.23,99.61,86.02,527535.5,98.93
531206.23,99.61,86.02,527535.5,98.93
531206.23,99.61,86.02,527535.5,98.93
531206.23,99.61,86.02,527535.5,98.93
531206.23,99.61,86.02,527535.5,98.93
531206.23,99.61,86.02,527535.5,98.93
531206.23,99.61,86.02,527535.5,98.93
531052.59,99.62,86.02,527376.84,98.93
531052.59,99.62,86.02,527376.84,98.93
531052.59,99.62,86.02,527376.84,98.93
531052.59,99.62,86.02,527376.84,98.93
531052.59,99.62,86.02,527376.84,98.93
531052.59,99.62,86.02,527376.84,98.93
531052.59,99.62,86.02,527376.84,98.93
531052.59,99.62,86.02,527376.84,98.93
531052.59,99.62,86.02,527376.84,98.93
531052.59,99.62,86.02,527376.84,98.93
530732.59,99.62,86.02,527056.84,98.93
530732.59,99.62,86.02,527056.84,98.93
530732.59,99.62,86.02,527056.84,98.93
530732.59,99.62,86.02,527056.84,98.93
530732.59,99.62,86.02,527056.84,98.93
530732.59,99.62,86.02,527056.84,98.93
530732.59,99.62,86.02,527056.84,98.93
530732.59,99.62,86.02,527056.84,98.93
530732.59,99.62,86.02,527056.84,98.93
530732.59,99.62,86.02,527056.84,98.93
530732.59,99.62,86.02,527056.84,98.93
530732.59,99.62,86.02,527056.84,98.93
530732.59,99.62,86.02,527056.84,98.93
530732.59,99.62,86.02,527056.84,98.93
530732.59,99.62,86.02,527056.84,98.93
530732.59,99.62,86.02,527056.84,98.93
530732.59,99.62,86.02,527056.84,98.93
530732.59,99.62,86.02,527056.84,98.93
530732.59,99.62,86.02,527056.84,98.93
530732.59,99.62,86.02,527056.84,98.93
530732.59,99.62,86.02,527056.84,98.93
530732.59,99.62,86.02,527056.84,98.93
530732.59,99.62,86.02,527056.84,98.93
530732.59,99.62,86.02,527056.84,98.93
530732.59,99.62,86.02,527056.84,98.93
530732.59,99.62,86.02,527056.84,98.93
530732.59,99.62,86.02,527056.84,98.93
530732.59,99.62,86.02,527056.84,98.93
530732.59,99.62,86.02,527056.84,98.93
530732.59,99.62,86.02,527056.84,98.93
530732.59,99.62,86.02,527056.84,98.93
530732.59,99.62,86.02,527056.84,98.93
530732.59,99.62,86.02,527056.84,98.93
530732.59,99.62,86.02,527056.84,98.93
530732.59,99.62,86.02,527056.84,98.93
530732.59,99.62,86.02,527056.84,98.93
530732.59,99.62,86.02,527056.84,98.93
530732.59,99.62,86.02,527056.84,98.93
530732.59,99.62,86.02,527056.84,98.93
530732.59,99.62,86.02,527056.84,98.93
530732.59,99.62,86.02,527056.84,98.93
530732.59,99.62,86.02,527056.84,98.93
530732.59,99.62,86.02,527056.84,98.93
530732.59,99.62,86.02,527056.84,98.93
530732.59,99.62,86.02,527056.84,98.93
530732.59,99.62,86.02,527056.84,98.93
530732.59,99.62,86.02,527056.84,98.93
530732.59,99.62,86.02,527056.84,98.93
530732.59,99.62,86.02,527056.84,98.93
530732.59,99.62,86.02,527056.84,98.93
530732.59,99.62,86.02,527056.84,98.93
530732.59,99.62,86.02,527056.84,98.93
530732.59,99.62,86.02,527056.84,98.93
530732.59,99.62,86.02,527056.84,98.93
530732.59,99.62,86.02,527056.84,98.93
530732.59,99.62,86.02,527056.84,98.93
530732.59,99.62,86.02,527056.84,98.93
530732.59,99.62,86.02,527056.84,98.93
530732.59,99.62,86.02,527056.84,98.93
530732.59,99.62,86.02,527056.84,98.93
530732.59,99.62,86.02,527056.84,98.93
530732.59,99.62,86.02,527056.84,98.93
530732.59,99.62,86.02,527056.84,98.93
530732.59,99.62,86.02,527056.84,98.93
530732.59,99.62,86.02,527056.84,98.93
530732.59,99.62,86.02,527056.84,98.93
530732.59,99.62,86.02,527056.84,98.93
530732.59,99.62,86.02,527056.84,98.93
530732.59,99.62,86.02,527056.84,98.93
530732.59,99.62,86.02,527056.84,98.93
530732.59,99.62,86.02,527056.84,98.93
530732.59,99.62,86.02,527056.84,98.93
530732.59,99.62,86.02,527056.84,98.93
530732.59,99.62,86.02,527056.84,98.93
530732.59,99.62,86.02,527056.84,98.93
530732.59,99.62,86.02,527056.84,98.93
530732.59,99.62,86.02,527056.84,98.93
530732.59,99.62,86.02,527056.84,98.93
530732.59,99.62,86.02,527056.84,98.93
530732.59,99.62,86.02,527056.84,98.93
530732.59,99.62,86.02,527056.84,98.93
530732.59,99.62,86.02,527056.84,98.93
530732.59,99.62,86.02,527056.84,98.93
530732.59,99.62,86.02,527056.84,98.93
530732.59,99.62,86.02,527056.84,98.93
530732.59,99.62,86.02,527056.84,98.93
530732.59,99.62,86.02,527056.84,98.93
530732.59,99.62,86.02,527056.84,98.93
530732.59,99.62,86.02,527056.84,98.93
530732.59,99.62,86.02,527056.84,98.93
530732.59,99.62,86.02,527056.84,98.93
530732.59,99.62,86.02,527056.84,98.93
530732.59,99.62,86.02,527056.84,98.93
530732.59,99.62,86.02,527056.84,98.93
530732.59,99.62,86.02,527056.84,98.93
530732.59,99.62,86.02,527056.84,98.93
530732.59,99.62,86.02,527056.84,98.93
530732.59,99.62,86.02,527056.84,98.93
530732.59,99.62,86.02,527056.84,98.93
530732.59,99.62,86.02,527056.84,98.93
530732.59,99.62,86.02,527056.84,98.93
530732.59,99.62,86.02,527056.84,98.93
530732.59,99.62,86.02,527056.84,98.93
530732.59,99.62,86.02,527056.84,98.93
530577.29,99.62,86.02,526898.82,98.93
530577.29,99.62,86.02,526898.82,98.93
530577.29,99.62,86.02,526898.82,98.93
530577.29,99.62,86.02,526898.82,98.93
530577.29,99.62,86.02,526898.82,98.93
530577.29,99.62,86.02,526898.82,98.93
530577.29,99.62,86.02,526898.82,98.93
530577.29,99.62,86.02,526898.82,98.93
530577.29,99.62,86.02,526898.82,98.93
530577.29,99.62,86.02,526898.82,98.93
530577.29,99.62,86.02,526898.82,98.93
530577.29,99.62,86.02,526898.82,98.93
530577.29,99.62,86.02,526898.82,98.93
530577.29,99.62,86.02,526898.82,98.93
530577.29,99.62,86.02,526898.82,98.93
530577.29,99.62,86.02,526898.82,98.93
530577.29,99.62,86.02,526898.82,98.93
530577.29,99.62,86.02,526898.82,98.93
530577.29,99.62,86.02,526898.82,98.93
530577.29,99.62,86.02,526898.82,98.93
530577.29,99.62,86.02,526898.82,98.93
530577.29,99.62,86.02,526898.82,98.93
530577.29,99.62,86.02,526898.82,98.93
530577.29,99.62,86.02,526898.82,98.93
530577.29,99.62,86.02,526898.82,98.93
530577.29,99.62,86.02,526898.82,98.93
530577.29,99.62,86.02,526898.82,98.93
530577.29,99.62,86.02,526898.82,98.93
530473.65,99.62,86.02,526790.16,98.93
530473.65,99.62,86.02,526790.16,98.93
530473.65,99.62,86.02,526790.16,98.93
530473.65,99.62,86.02,526790.16,98.93
530473.65,99.62,86.02,526790.16,98.93
530473.65,99.62,86.02,526790.16,98.93
530473.65,99.62,86.02,526790.16,98.93
530473.65,99.62,86.02,526790.16,98.93
530473.65,99.62,86.02,526790.16,98.93
530473.65,99.62,86.02,526790.16,98.93
530473.65,99.62,86.02,526790.16,98.93
530473.65,99.62,86.02,526790.16,98.93
530473.65,99.62,86.02,526790.16,98.93
530473.65,99.62,86.02,526790.16,98.93
530473.65,99.62,86.02,526790.16,98.93
530473.65,99.62,86.02,526790.16,98.93
530473.65,99.62,86.02,526790.16,98.93
530473.65,99.62,86.02,526790.16,98.93
530473.65,99.62,86.02,526790.16,98.93
530473.65,99.62,86.02,526790.16,98.93
530473.65,99.62,86.02,526790.16,98.93
530473.65,99.62,86.02,526790.16,98.93
530473.65,99.62,86.02,526790.16,98.93
530473.65,99.62,86.02,526790.16,98.93
530473.65,99.62,86.02,526790.16,98.93
530473.65,99.62,86.02,526790.16,98.93
530473.65,99.62,86.02,526790.16,98.93
530473.65,99.62,86.02,526790.16,98.93
530473.65,99.62,86.02,526790.16,98.93
530473.65,99.62,86.02,526790.16,98.93
530473.65,99.62,86.02,526790.16,98.93
530473.65,99.62,86.02,526790.16,98.93
530473.65,99.62,86.02,526790.16,98.93
530473.65,99.62,86.02,526790.16,98.93
530473.65,99.62,86.02,526790.16,98.93
530473.65,99.62,86.02,526790.16,98.93
530473.65,99.62,86.02,526790.16,98.93
530473.65,99.62,86.02,526790.16,98.93
530473.65,99.62,86.02,526790.16,98.93
530473.65,99.62,86.02,526790.16,98.93
530473.65,99.62,86.02,526790.16,98.93
530473.65,99.62,86.02,526790.16,98.93
530473.65,99.62,86.02,526790.16,98.93
530473.65,99.62,86.02,526790.16,98.93
530473.65,99.62,86.02,526790.16,98.93
530473.65,99.62,86.02,526790.16,98.93
530473.65,99.62,86.02,526790.16,98.93
530473.65,99.62,86.02,526790.16,98.93
530473.65,99.62,86.02,526790.16,98.93
530153.65,99.62,86.02,526470.16,98.93
530153.65,99.62,86.02,526470.16,98.93
530153.65,99.62,86.02,526470.16,98.93
530153.65,99.62,86.02,526470.16,98.93
530153.65,99.62,86.02,526470.16,98.93
530153.65,99.62,86.02,526470.16,98.93
530153.65,99.62,86.02,526470.16,98.93
530153.65,99.62,86.02,526470.16,98.93
530153.65,99.62,86.02,526470.16,98.93
530153.65,99.62,86.02,526470.16,98.93
530153.65,99.62,86.02,526470.16,98.93
530153.65,99.62,86.02,526470.16,98.93
530153.65,99.62,86.02,526470.16,98.93
530153.65,99.62,86.02,526470.16,98.93
530153.65,99.62,86.02,526470.16,98.93
530153.65,99.62,86.02,526470.16,98.93
530153.65,99.62,86.02,526470.16,98.93
530153.65,99.62,86.02,526470.16,98.93
530153.65,99.62,86.02,526470.16,98.93
530153.65,99.62,86.02,526470.16,98.93
530153.65,99.62,86.02,526470.16,98.93
530153.65,99.62,86.02,526470.16,98.93
530153.65,99.62,86.02,526470.16,98.93
530153.65,99.62,86.02,526470.16,98.93
530153.65,99.62,86.02,526470.16,98.93
530153.65,99.62,86.02,526470.16,98.93
530153.65,99.62,86.02,526470.16,98.93
530153.65,99.62,86.02,526470.16,98.93
530153.65,99.62,86.02,526470.16,98.93
530153.65,99.62,86.02,526470.16,98.93
530153.65,99.62,86.02,526470.16,98.93
530153.65,99.62,86.02,526470.16,98.93
530153.65,99.62,86.02,526470.16,98.93
530153.65,99.62,86.02,526470.16,98.93
530153.65,99.62,86.02,526470.16,98.93
530153.65,99.62,86.02,526470.16,98.93
530153.65,99.62,86.02,526470.16,98.93
530153.65,99.62,86.02,526470.16,98.93
530153.65,99.62,86.02,526470.16,98.93
530153.65,99.62,86.02,526470.16,98.93
530153.65,99.62,86.02,526470.16,98.93
530153.65,99.62,86.02,526470.16,98.93
530153.65,99.62,86.02,526470.16,98.93
530153.65,99.62,86.02,526470.16,98.93
530153.65,99.62,86.02,526470.16,98.93
530153.65,99.62,86.02,526470.16,98.93
530153.65,99.62,86.02,526470.16,98.93
530153.65,99.62,86.02,526470.16,98.93
530153.65,99.62,86.02,526470.16,98.93
530153.65,99.62,86.02,526470.16,98.93
530153.65,99.62,86.02,526470.16,98.93
530153.65,99.62,86.02,526470.16,98.93
530153.65,99.62,86.02,526470.16,98.93
530153.65,99.62,86.02,526470.16,98.93
530153.65,99.62,86.02,526470.16,98.93
530153.65,99.62,86.02,526470.16,98.93
530153.65,99.62,86.02,526470.16,98.93
530000.69,99.62,86.02,526317.2,98.93
530000.69,99.62,86.02,526317.2,98.93
530000.69,99.62,86.02,526317.2,98.93
530000.69,99.62,86.02,526317.2,98.93
530000.69,99.62,86.02,526317.2,98.93
530000.69,99.62,86.02,526317.2,98.93
530000.69,99.62,86.02,526317.2,98.93
530000.69,99.62,86.02,526317.2,98.93
530000.69,99.62,86.02,526317.2,98.93
530000.69,99.62,86.02,526317.2,98.93
530000.69,99.62,86.02,526317.2,98.93
530000.69,99.62,86.02,526317.2,98.93
530000.69,99.62,86.02,526317.2,98.93
530000.69,99.62,86.02,526317.2,98.93
530000.69,99.62,86.02,526317.2,98.93
529897.22,99.62,86.02,526208.54,98.93
529897.22,99.62,86.02,526208.54,98.93
529897.22,99.62,86.02,526208.54,98.93
529897.22,99.62,86.02,526208.54,98.93
529897.22,99.62,86.02,526208.54,98.93
529897.22,99.62,86.02,526208.54,98.93
529897.22,99.62,86.02,526208.54,98.93
529897.22,99.62,86.02,526208.54,98.93
529897.22,99.62,86.02,526208.54,98.93
529897.22,99.62,86.02,526208.54,98.93
529897.22,99.62,86.02,526208.54,98.93
529897.22,99.62,86.02,526208.54,98.93
529897.22,99.62,86.02,526208.54,98.93
529897.22,99.62,86.02,526208.54,98.93
529897.22,99.62,86.02,526208.54,98.93
529897.22,99.62,86.02,526208.54,98.93
529744.27,99.62,86.02,526050.52,98.93
529744.27,99.62,86.02,526050.52,98.93
529744.27,99.62,86.02,526050.52,98.93
529744.27,99.62,86.02,526050.52,98.93
529744.27,99.62,86.02,526050.52,98.93
529744.27,99.62,86.02,526050.52,98.93
529744.27,99.62,86.02,526050.52,98.93
529744.27,99.62,86.02,526050.52,98.93
529744.27,99.62,86.02,526050.52,98.93
529744.27,99.62,86.02,526050.52,98.93
529744.27,99.62,86.02,526050.52,98.93
529744.27,99.62,86.02,526050.52,98.93
529744.27,99.62,86.02,526050.52,98.93
529591.31,99.62,86.03,525898.8,98.93
529591.31,99.62,86.03,525898.8,98.93
529591.31,99.62,86.03,525898.8,98.93
529591.31,99.62,86.03,525898.8,98.93
529591.31,99.62,86.03,525898.8,98.93
529591.31,99.62,86.03,525898.8,98.93
529591.31,99.62,86.03,525898.8,98.93
529591.31,99.62,86.03,525898.8,98.93
529591.31,99.62,86.03,525898.8,98.93
529591.31,99.62,86.03,525898.8,98.93
529591.31,99.62,86.03,525898.8,98.93
529591.31,99.62,86.03,525898.8,98.93
529591.31,99.62,86.03,525898.8,98.93
529591.31,99.62,86.03,525898.8,98.93
529591.31,99.62,86.03,525898.8,98.93
529591.31,99.62,86.03,525898.8,98.93
529591.31,99.62,86.03,525898.8,98.93
529591.31,99.62,86.03,525898.8,98.93
529591.31,99.62,86.03,525898.8,98.93
529591.31,99.62,86.03,525898.8,98.93
529591.31,99.62,86.03,525898.8,98.93
529591.31,99.62,86.03,525898.8,98.93
529591.31,99.62,86.03,525898.8,98.93
529591.31,99.62,86.03,525898.8,98.93
529591.31,99.62,86.03,525898.8,98.93
529591.31,99.62,86.03,525898.8,98.93
529591.31,99.62,86.03,525898.8,98.93
529591.31,99.62,86.03,525898.8,98.93
529591.31,99.62,86.03,525898.8,98.93
529591.31,99.62,86.03,525898.8,98.93
529591.31,99.62,86.03,525898.8,98.93
529591.31,99.62,86.03,525898.8,98.93
529591.31,99.62,86.03,525898.8,98.93
529591.31,99.62,86.03,525898.8,98.93
529591.31,99.62,86.03,525898.8,98.93
529591.31,99.62,86.03,525898.8,98.93
529591.31,99.62,86.03,525898.8,98.93
529591.31,99.62,86.03,525898.8,98.93
529591.31,99.62,86.03,525898.8,98.93
529591.31,99.62,86.03,525898.8,98.93
529591.31,99.62,86.03,525898.8,98.93
529591.31,99.62,86.03,525898.8,98.93
529591.31,99.62,86.03,525898.8,98.93
529591.31,99.62,86.03,525898.8,98.93
529591.31,99.62,86.03,525898.8,98.93
529437.59,99.62,86.03,525745.08,98.93
529437.59,99.62,86.03,525745.08,98.93
529437.59,99.62,86.03,525745.08,98.93
529437.59,99.62,86.03,525745.08,98.93
529437.59,99.62,86.03,525745.08,98.93
529437.59,99.62,86.03,525745.08,98.93
529437.59,99.62,86.03,525745.08,98.93
529437.59,99.62,86.03,525745.08,98.93
529437.59,99.62,86.03,525745.08,98.93
529437.59,99.62,86.03,525745.08,98.93
529437.59,99.62,86.03,525745.08,98.93
529437.59,99.62,86.03,525745.08,98.93
529437.59,99.62,86.03,525745.08,98.93
529437.59,99.62,86.03,525745.08,98.93
529437.59,99.62,86.03,525745.08,98.93
529437.59,99.62,86.03,525745.08,98.93
529437.59,99.62,86.03,525745.08,98.93
529437.59,99.62,86.03,525745.08,98.93
529437.59,99.62,86.03,525745.08,98.93
529437.59,99.62,86.03,525745.08,98.93
529437.59,99.62,86.03,525745.08,98.93
529437.59,99.62,86.03,525745.08,98.93
529437.59,99.62,86.03,525745.08,98.93
529437.59,99.62,86.03,525745.08,98.93
529437.59,99.62,86.03,525745.08,98.93
529437.59,99.62,86.03,525745.08,98.93
529437.59,99.62,86.03,525745.08,98.93
529437.59,99.62,86.03,525745.08,98.93
529437.59,99.62,86.03,525745.08,98.93
529437.59,99.62,86.03,525745.08,98.93
529437.59,99.62,86.03,525745.08,98.93
529437.59,99.62,86.03,525745.08,98.93
529437.59,99.62,86.03,525745.08,98.93
529437.59,99.62,86.03,525745.08,98.93
529437.59,99.62,86.03,525745.08,98.93
529437.59,99.62,86.03,525745.08,98.93
529437.59,99.62,86.03,525745.08,98.93
529437.59,99.62,86.03,525745.08,98.93
529437.59,99.62,86.03,525745.08,98.93
529437.59,99.62,86.03,525745.08,98.93
529437.59,99.62,86.03,525745.08,98.93
529437.59,99.62,86.03,525745.08,98.93
529437.59,99.62,86.03,525745.08,98.93
529437.59,99.62,86.03,525745.08,98.93
529437.59,99.62,86.03,525745.08,98.93
529437.59,99.62,86.03,525745.08,98.93
529437.59,99.62,86.03,525745.08,98.93
529437.59,99.62,86.03,525745.08,98.93
529437.59,99.62,86.03,525745.08,98.93
529437.59,99.62,86.03,525745.08,98.93
529437.59,99.62,86.03,525745.08,98.93
529437.59,99.62,86.03,525745.08,98.93
529437.59,99.62,86.03,525745.08,98.93
529437.59,99.62,86.03,525745.08,98.93
529437.59,99.62,86.03,525745.08,98.93
529437.59,99.62,86.03,525745.08,98.93
529437.59,99.62,86.03,525745.08,98.93
529284.63,99.62,86.03,525593.24,98.93
529284.63,99.62,86.03,525593.24,98.93
529284.63,99.62,86.03,525593.24,98.93
529284.63,99.62,86.03,525593.24,98.93
529284.63,99.62,86.03,525593.24,98.93
529284.63,99.62,86.03,525593.24,98.93
529284.63,99.62,86.03,525593.24,98.93
529284.63,99.62,86.03,525593.24,98.93
529284.63,99.62,86.03,525593.24,98.93
529284.63,99.62,86.03,525593.24,98.93
529284.63,99.62,86.03,525593.24,98.93
529131.68,99.63,86.03,525441.39,98.93
529131.68,99.63,86.03,525441.39,98.93
529131.68,99.63,86.03,525441.39,98.93
529131.68,99.63,86.03,525441.39,98.93
529131.68,99.63,86.03,525441.39,98.93
529131.68,99.63,86.03,525441.39,98.93
529131.68,99.63,86.03,525441.39,98.93
529131.68,99.63,86.03,525441.39,98.93
529131.68,99.63,86.03,525441.39,98.93
529131.68,99.63,86.03,525441.39,98.93
529131.68,99.63,86.03,525441.39,98.93
529131.68,99.63,86.03,525441.39,98.93
529131.68,99.63,86.03,525441.39,98.93
529131.68,99.63,86.03,525441.39,98.93
529131.68,99.63,86.03,525441.39,98.93
529131.68,99.63,86.03,525441.39,98.93
529131.68,99.63,86.03,525441.39,98.93
529131.68,99.63,86.03,525441.39,98.93
529131.68,99.63,86.03,525441.39,98.93
529131.68,99.63,86.03,525441.39,98.93
528978.72,99.63,86.03,525289.3,98.93
528978.72,99.63,86.03,525289.3,98.93
528978.72,99.63,86.03,525289.3,98.93
528978.72,99.63,86.03,525289.3,98.93
528978.72,99.63,86.03,525289.3,98.93
528978.72,99.63,86.03,525289.3,98.93
528978.72,99.63,86.03,525289.3,98.93
528978.72,99.63,86.03,525289.3,98.93
528978.72,99.63,86.03,525289.3,98.93
528978.72,99.63,86.03,525289.3,98.93
528978.72,99.63,86.03,525289.3,98.93
528978.72,99.63,86.03,525289.3,98.93
528978.72,99.63,86.03,525289.3,98.93
528978.72,99.63,86.03,525289.3,98.93
528978.72,99.63,86.03,525289.3,98.93
528978.72,99.63,86.03,525289.3,98.93
528978.72,99.63,86.03,525289.3,98.93
528978.72,99.63,86.03,525289.3,98.93
528978.72,99.63,86.03,525289.3,98.93
528978.72,99.63,86.03,525289.3,98.93
528978.72,99.63,86.03,525289.3,98.93
528978.72,99.63,86.03,525289.3,98.93
528978.72,99.63,86.03,525289.3,98.93
528981.16,99.63,86.03,525292.24,98.93
528981.16,99.63,86.03,525292.24,98.93
528981.16,99.63,86.03,525292.24,98.93
528981.16,99.63,86.03,525292.24,98.93
528981.16,99.63,86.03,525292.24,98.93
528981.16,99.63,86.03,525292.24,98.93
528826.1,99.63,86.03,525133.58,98.93
528826.1,99.63,86.03,525133.58,98.93
528826.1,99.63,86.03,525133.58,98.93
528826.1,99.63,86.03,525133.58,98.93
528826.1,99.63,86.03,525133.58,98.93
528826.1,99.63,86.03,525133.58,98.93
528826.1,99.63,86.03,525133.58,98.93
528826.1,99.63,86.03,525133.58,98.93
528826.1,99.63,86.03,525133.58,98.93
528826.1,99.63,86.03,525133.58,98.93
528826.1,99.63,86.03,525133.58,98.93
528826.1,99.63,86.03,525133.58,98.93
528826.1,99.63,86.03,525133.58,98.93
528826.1,99.63,86.03,525133.58,98.93
528826.1,99.63,86.03,525133.58,98.93
528826.1,99.63,86.03,525133.58,98.93
528826.1,99.63,86.03,525133.58,98.93
528826.1,99.63,86.03,525133.58,98.93
528826.1,99.63,86.03,525133.58,98.93
528826.1,99.63,86.03,525133.58,98.93
528826.1,99.63,86.03,525133.58,98.93
528826.1,99.63,86.03,525133.58,98.93
528826.1,99.63,86.03,525133.58,98.93
528826.1,99.63,86.03,525133.58,98.93
528826.1,99.63,86.03,525133.58,98.93
528826.1,99.63,86.03,525133.58,98.93
528826.1,99.63,86.03,525133.58,98.93
528826.1,99.63,86.03,525133.58,98.93
528826.1,99.63,86.03,525133.58,98.93
528826.1,99.63,86.03,525133.58,98.93
528826.1,99.63,86.03,525133.58,98.93
528826.1,99.63,86.03,525133.58,98.93
528826.1,99.63,86.03,525133.58,98.93
528826.1,99.63,86.03,525133.58,98.93
528673.14,99.63,86.03,524982.11,98.93
528673.14,99.63,86.03,524982.11,98.93
528673.14,99.63,86.03,524982.11,98.93
528673.14,99.63,86.03,524982.11,98.93
528673.14,99.63,86.03,524982.11,98.93
528673.14,99.63,86.03,524982.11,98.93
528673.14,99.63,86.03,524982.11,98.93
528673.14,99.63,86.03,524982.11,98.93
528673.14,99.63,86.03,524982.11,98.93
528673.14,99.63,86.03,524982.11,98.93
528673.14,99.63,86.03,524982.11,98.93
528673.14,99.63,86.03,524982.11,98.93
528519.5,99.63,86.03,524823.44,98.93
528519.5,99.63,86.03,524823.44,98.93
528519.5,99.63,86.03,524823.44,98.93
528519.5,99.63,86.03,524823.44,98.93
528519.5,99.63,86.03,524823.44,98.93
528519.5,99.63,86.03,524823.44,98.93
528519.5,99.63,86.03,524823.44,98.93
528519.5,99.63,86.03,524823.44,98.93
528519.5,99.63,86.03,524823.44,98.93
528519.5,99.63,86.03,524823.44,98.93
528519.5,99.63,86.03,524823.44,98.93
528519.5,99.63,86.03,524823.44,98.93
528519.5,99.63,86.03,524823.44,98.93
528519.5,99.63,86.03,524823.44,98.93
528519.5,99.63,86.03,524823.44,98.93
528199.5,99.63,86.03,524503.44,98.93
528199.5,99.63,86.03,524503.44,98.93
528199.5,99.63,86.03,524503.44,98.93
528199.5,99.63,86.03,524503.44,98.93
528199.5,99.63,86.03,524503.44,98.93
528045.86,99.63,86.04,524344.78,98.93
528045.86,99.63,86.04,524344.78,98.93
528045.86,99.63,86.04,524344.78,98.93
528045.86,99.63,86.04,524344.78,98.93
528045.86,99.63,86.04,524344.78,98.93
528045.86,99.63,86.04,524344.78,98.93
528045.86,99.63,86.04,524344.78,98.93
528045.86,99.63,86.04,524344.78,98.93
528045.86,99.63,86.04,524344.78,98.93
528045.86,99.63,86.04,524344.78,98.93
528045.86,99.63,86.04,524344.78,98.93
528045.86,99.63,86.04,524344.78,98.93
528045.86,99.63,86.04,524344.78,98.93
528045.86,99.63,86.04,524344.78,98.93
528045.86,99.63,86.04,524344.78,98.93
528045.86,99.63,86.04,524344.78,98.93
528045.86,99.63,86.04,524344.78,98.93
528045.86,99.63,86.04,524344.78,98.93
528045.86,99.63,86.04,524344.78,98.93
528045.86,99.63,86.04,524344.78,98.93
528045.86,99.63,86.04,524344.78,98.93
528045.86,99.63,86.04,524344.78,98.93
528045.86,99.63,86.04,524344.78,98.93
528045.86,99.63,86.04,524344.78,98.93
528045.86,99.63,86.04,524344.78,98.93
528045.86,99.63,86.04,524344.78,98.93
528045.86,99.63,86.04,524344.78,98.93
528045.86,99.63,86.04,524344.78,98.93
528045.86,99.63,86.04,524344.78,98.93
528045.86,99.63,86.04,524344.78,98.93
528045.86,99.63,86.04,524344.78,98.93
527890.63,99.63,86.04,524191.31,98.93
527890.63,99.63,86.04,524191.31,98.93
527890.63,99.63,86.04,524191.31,98.93
527890.63,99.63,86.04,524191.31,98.93
527890.63,99.63,86.04,524191.31,98.93
527890.63,99.63,86.04,524191.31,98.93
527890.63,99.63,86.04,524191.31,98.93
527890.63,99.63,86.04,524191.31,98.93
527890.63,99.63,86.04,524191.31,98.93
527890.63,99.63,86.04,524191.31,98.93
527890.63,99.63,86.04,524191.31,98.93
527890.63,99.63,86.04,524191.31,98.93
527600.63,99.63,86.04,523901.31,98.93
527600.63,99.63,86.04,523901.31,98.93
527600.63,99.63,86.04,523901.31,98.93
527600.63,99.63,86.04,523901.31,98.93
527600.63,99.63,86.04,523901.31,98.93
527600.63,99.63,86.04,523901.31,98.93
527600.63,99.63,86.04,523901.31,98.93
527600.63,99.63,86.04,523901.31,98.93
527600.63,99.63,86.04,523901.31,98.93
527600.63,99.63,86.04,523901.31,98.93
527600.63,99.63,86.04,523901.31,98.93
527600.63,99.63,86.04,523901.31,98.93
527600.63,99.63,86.04,523901.31,98.93
527600.63,99.63,86.04,523901.31,98.93
527600.63,99.63,86.04,523901.31,98.93
527600.63,99.63,86.04,523901.31,98.93
527600.63,99.63,86.04,523901.31,98.93
527600.63,99.63,86.04,523901.31,98.93
527600.63,99.63,86.04,523901.31,98.93
527600.63,99.63,86.04,523901.31,98.93
527600.63,99.63,86.04,523901.31,98.93
527600.63,99.63,86.04,523901.31,98.93
527600.63,99.63,86.04,523901.31,98.93
527600.63,99.63,86.04,523901.31,98.93
527600.63,99.63,86.04,523901.31,98.93
527600.63,99.63,86.04,523901.31,98.93
527600.63,99.63,86.04,523901.31,98.93
527600.63,99.63,86.04,523901.31,98.93
527600.63,99.63,86.04,523901.31,98.93
527600.63,99.63,86.04,523901.31,98.93
527600.63,99.63,86.04,523901.31,98.93
527600.63,99.63,86.04,523901.31,98.93
527600.63,99.63,86.04,523901.31,98.93
527600.63,99.63,86.04,523901.31,98.93
527600.63,99.63,86.04,523901.31,98.93
527600.63,99.63,86.04,523901.31,98.93
527600.63,99.63,86.04,523901.31,98.93
527600.63,99.63,86.04,523901.31,98.93
527600.63,99.63,86.04,523901.31,98.93
527600.63,99.63,86.04,523901.31,98.93
527600.63,99.63,86.04,523901.31,98.93
527600.63,99.63,86.04,523901.31,98.93
527600.63,99.63,86.04,523901.31,98.93
527600.63,99.63,86.04,523901.31,98.93
527600.63,99.63,86.04,523901.31,98.93
527600.63,99.63,86.04,523901.31,98.93
527600.63,99.63,86.04,523901.31,98.93
527600.63,99.63,86.04,523901.31,98.93
527600.63,99.63,86.04,523901.31,98.93
527600.63,99.63,86.04,523901.31,98.93
527600.63,99.63,86.04,523901.31,98.93
527600.63,99.63,86.04,523901.31,98.93
527600.63,99.63,86.04,523901.31,98.93
527600.63,99.63,86.04,523901.31,98.93
527600.63,99.63,86.04,523901.31,98.93
527600.63,99.63,86.04,523901.31,98.93
527600.63,99.63,86.04,523901.31,98.93
527600.63,99.63,86.04,523901.31,98.93
527600.63,99.63,86.04,523901.31,98.93
527600.63,99.63,86.04,523901.31,98.93
527600.63,99.63,86.04,523901.31,98.93
527600.63,99.63,86.04,523901.31,98.93
527600.63,99.63,86.04,523901.31,98.93
527600.63,99.63,86.04,523901.31,98.93
527600.63,99.63,86.04,523901.31,98.93
527600.63,99.63,86.04,523901.31,98.93
527600.63,99.63,86.04,523901.31,98.93
527600.63,99.63,86.04,523901.31,98.93
527600.63,99.63,86.04,523901.31,98.93
527600.63,99.63,86.04,523901.31,98.93
527600.63,99.63,86.04,523901.31,98.93
527600.63,99.63,86.04,523901.31,98.93
527600.63,99.63,86.04,523901.31,98.93
527600.63,99.63,86.04,523901.31,98.93
527600.63,99.63,86.04,523901.31,98.93
527600.63,99.63,86.04,523901.31,98.93
527600.63,99.63,86.04,523872.36,98.93
527600.63,99.63,86.04,523872.36,98.93
527600.63,99.63,86.04,523872.36,98.93
527600.63,99.63,86.04,523872.36,98.93
527600.63,99.63,86.04,523872.36,98.93
527600.63,99.63,86.04,523872.36,98.93
527600.63,99.63,86.04,523872.36,98.93
527600.63,99.63,86.04,523872.36,98.93
527600.63,99.63,86.04,523872.36,98.93
527600.63,99.63,86.04,523872.36,98.93
527600.63,99.63,86.04,523872.36,98.93
527600.63,99.63,86.04,523903.62,98.93
527600.63,99.63,86.04,523903.62,98.93
527600.63,99.63,86.04,523903.62,98.93
527600.63,99.63,86.04,523903.62,98.93
527600.63,99.63,86.04,523903.62,98.93
527600.63,99.63,86.04,523903.62,98.93
527600.63,99.63,86.04,523903.62,98.93
527600.63,99.63,86.04,523903.62,98.93
527600.63,99.63,86.04,523903.62,98.93
527600.63,99.63,86.04,523903.62,98.93
527600.63,99.63,86.04,523903.62,98.93
527600.63,99.63,86.04,523903.62,98.93
527600.63,99.63,86.04,523903.62,98.93
527600.63,99.63,86.04,523903.62,98.93
527600.63,99.63,86.04,523903.62,98.93
527600.63,99.63,86.04,523903.62,98.93
527600.63,99.63,86.04,523903.62,98.93
527600.63,99.63,86.04,523903.62,98.93
527600.63,99.63,86.04,523903.62,98.93
527600.63,99.63,86.04,523903.62,98.93
527600.63,99.63,86.04,523903.62,98.93
527600.63,99.63,86.04,523903.62,98.93
526600.63,99.63,86.04,522903.62,98.93
526600.63,99.63,86.04,522881.7,98.93
526280.63,99.63,86.03,522561.7,98.93
526280.63,99.63,86.03,522561.7,98.93
526280.63,99.63,86.03,522561.7,98.93
526280.63,99.63,86.03,522561.7,98.93
526280.63,99.63,86.03,522561.7,98.93
526280.63,99.63,86.03,522561.7,98.93
526280.63,99.63,86.03,522586.18,98.93
526280.63,99.63,86.03,522586.18,98.93
526280.63,99.63,86.03,522586.18,98.93
526280.63,99.63,86.03,522586.18,98.93
526280.63,99.63,86.03,522586.18,98.93
526280.63,99.63,86.03,522586.18,98.93
526280.63,99.63,86.03,522586.18,98.93
526280.63,99.63,86.03,522586.18,98.93
526280.63,99.63,86.03,522586.18,98.93
526280.63,99.63,86.03,522586.18,98.93
526280.63,99.63,86.03,522586.18,98.93
526280.63,99.63,86.03,522586.18,98.93
526281.39,99.63,86.04,522587.35,98.93
526281.39,99.63,86.04,522587.35,98.93
526281.39,99.63,86.04,522587.35,98.93
526281.39,99.63,86.04,522587.35,98.93
526281.39,99.63,86.04,522587.35,98.93
526281.39,99.63,86.04,522587.35,98.93
526281.39,99.63,86.04,522587.35,98.93
526281.39,99.63,86.04,522587.35,98.93
526281.39,99.63,86.04,522587.35,98.93
526281.39,99.63,86.04,522587.35,98.93
526122.98,99.63,86.04,522429.44,98.93
526122.98,99.63,86.04,522429.44,98.93
526122.98,99.63,86.04,522429.44,98.93
526122.98,99.63,86.04,522429.44,98.93
526122.98,99.63,86.04,522429.44,98.93
526122.98,99.63,86.04,522429.44,98.93
526122.98,99.63,86.04,522429.44,98.93
526122.98,99.63,86.04,522429.44,98.93
526122.98,99.63,86.04,522429.44,98.93
526122.98,99.63,86.04,522429.44,98.93
526122.98,99.63,86.04,522429.44,98.93
526122.98,99.63,86.04,522429.44,98.93
526122.98,99.63,86.04,522429.44,98.93
526122.98,99.63,86.04,522429.44,98.93
526122.98,99.63,86.04,522429.44,98.93
526122.98,99.63,86.04,522429.44,98.93
526122.98,99.63,86.04,522429.44,98.93
526122.98,99.63,86.04,522429.44,98.93
526122.98,99.63,86.04,522429.44,98.93
526122.98,99.63,86.04,522429.44,98.93
526122.98,99.63,86.04,522429.44,98.93
526122.98,99.63,86.04,522429.44,98.93
526122.98,99.63,86.04,522429.44,98.93
526122.98,99.63,86.04,522429.44,98.93
526122.98,99.63,86.04,522429.44,98.93
526122.98,99.63,86.04,522429.44,98.93
526122.98,99.63,86.04,522429.44,98.93
526122.98,99.63,86.04,522429.44,98.93
526122.98,99.63,86.04,522429.44,98.93
526122.98,99.63,86.04,522429.44,98.93
526122.98,99.63,86.04,522429.44,98.93
526122.98,99.63,86.04,522429.44,98.93
526122.98,99.63,86.04,522429.44,98.93
526122.98,99.63,86.04,522429.44,98.93
526122.98,99.63,86.04,522429.44,98.93
526122.98,99.63,86.04,522429.44,98.93
526122.98,99.63,86.04,522429.44,98.93
525972.13,99.63,86.04,522280.07,98.93
525972.13,99.63,86.04,522280.07,98.93
525972.13,99.63,86.04,522280.07,98.93
525972.13,99.63,86.04,522280.07,98.93
525972.13,99.63,86.04,522280.07,98.93
525972.13,99.63,86.04,522280.07,98.93
525821.52,99.63,86.04,522129.47,98.94
525821.52,99.63,86.04,522129.47,98.94
525821.52,99.63,86.04,522129.47,98.94
525821.52,99.63,86.04,522129.47,98.94
525821.52,99.63,86.04,522129.47,98.94
525821.52,99.63,86.04,522129.47,98.94
525821.52,99.63,86.04,522129.47,98.94
525821.52,99.63,86.04,522129.47,98.94
525821.52,99.63,86.04,522129.47,98.94
525821.52,99.63,86.04,522129.47,98.94
525821.52,99.63,86.04,522129.47,98.94
525821.52,99.63,86.04,522129.47,98.94
525821.52,99.63,86.04,522129.47,98.94
525821.52,99.63,86.04,522129.47,98.94
525821.52,99.63,86.04,522129.47,98.94
525821.52,99.63,86.04,522129.47,98.94
525821.52,99.63,86.04,522129.47,98.94
525821.52,99.63,86.04,522129.47,98.94
525821.52,99.63,86.04,522129.47,98.94
525821.52,99.63,86.04,522129.47,98.94
525821.52,99.63,86.04,522129.47,98.94
525821.52,99.63,86.04,522129.47,98.94
525821.52,99.63,86.04,522129.47,98.94
525821.52,99.63,86.04,522129.47,98.94
525821.52,99.63,86.04,522129.47,98.94
525821.52,99.63,86.04,522129.47,98.94
525821.52,99.63,86.04,522129.47,98.94
525821.52,99.63,86.04,522129.47,98.94
525821.52,99.63,86.04,522129.47,98.94
525821.52,99.63,86.04,522129.47,98.94
525821.52,99.63,86.04,522129.47,98.94
525821.52,99.63,86.04,522129.47,98.94
525821.52,99.63,86.04,522129.47,98.94
525821.52,99.63,86.04,522129.47,98.94
525821.52,99.63,86.04,522129.47,98.94
525821.52,99.63,86.04,522129.47,98.94
525821.52,99.63,86.04,522129.47,98.94
525821.52,99.63,86.04,522129.47,98.94
525821.52,99.63,86.04,522129.47,98.94
525821.52,99.63,86.04,522129.47,98.94
525821.52,99.63,86.04,522129.47,98.94
525821.52,99.63,86.04,522129.47,98.94
525821.52,99.63,86.04,522129.47,98.94
525821.52,99.63,86.04,522129.47,98.94
525821.52,99.63,86.04,522129.47,98.94
525821.52,99.63,86.04,522129.47,98.94
525821.52,99.63,86.04,522129.47,98.94
525821.52,99.63,86.04,522129.47,98.94
525821.52,99.63,86.04,522129.47,98.94
525821.52,99.63,86.04,522129.47,98.94
525821.52,99.63,86.04,522129.47,98.94
525821.52,99.63,86.04,522129.47,98.94
525821.52,99.63,86.04,522129.47,98.94
525821.52,99.63,86.04,522083.64,98.93
525821.52,99.63,86.04,522083.64,98.93
525821.52,99.63,86.04,522131.51,98.94
525821.52,99.63,86.04,522131.51,98.94
525821.52,99.63,86.04,522131.51,98.94
525821.52,99.63,86.04,522131.51,98.94
525821.52,99.63,86.04,522114.69,98.93
525821.52,99.63,86.04,522114.69,98.93
525821.52,99.63,86.04,522114.69,98.93
525821.52,99.63,86.04,522114.69,98.93
525821.52,99.63,86.04,522114.69,98.93
525821.52,99.63,86.04,522114.69,98.93
525821.52,99.63,86.04,522114.69,98.93
525821.52,99.63,86.04,522114.69,98.93
525821.52,99.63,86.04,522114.69,98.93
525821.52,99.63,86.04,522114.69,98.93
525821.52,99.63,86.04,522114.69,98.93
525821.52,99.63,86.04,522114.69,98.93
525830.91,99.64,86.04,522143.63,98.94
525830.91,99.64,86.04,522143.63,98.94
525830.91,99.64,86.04,522143.63,98.94
525830.91,99.64,86.04,522143.63,98.94
525830.91,99.64,86.04,522143.63,98.94
525830.91,99.64,86.04,522143.63,98.94
525780.91,99.64,86.04,522093.63,98.94
525780.91,99.64,86.04,522093.63,98.94
525780.91,99.64,86.04,522093.63,98.94
525780.91,99.64,86.04,522093.63,98.94
525780.91,99.64,86.04,522093.63,98.94
525780.91,99.64,86.04,522093.63,98.94
525780.91,99.64,86.04,522093.63,98.94
525780.91,99.64,86.04,522093.63,98.94
525780.91,99.64,86.04,522093.63,98.94
525780.91,99.64,86.04,522093.63,98.94
525780.91,99.64,86.04,522093.63,98.94
525780.91,99.64,86.04,522093.63,98.94
525780.91,99.64,86.04,522093.63,98.94
525780.91,99.64,86.04,522093.63,98.94
525780.91,99.64,86.04,522093.63,98.94
525780.91,99.64,86.04,522093.63,98.94
525780.91,99.64,86.04,522093.63,98.94
525780.91,99.64,86.04,522093.63,98.94
525780.91,99.64,86.04,522093.63,98.94
525780.91,99.64,86.04,522093.63,98.94
525780.91,99.64,86.04,522093.63,98.94
525780.91,99.64,86.04,522093.63,98.94
525780.91,99.64,86.04,522093.63,98.94
525780.91,99.64,86.04,522093.63,98.94
525780.91,99.64,86.04,522093.63,98.94
525780.91,99.64,86.04,522093.63,98.94
525780.91,99.64,86.04,522093.63,98.94
525780.91,99.64,86.04,522093.63,98.94
525780.91,99.64,86.04,522093.63,98.94
525780.91,99.64,86.04,522071.63,98.93
525780.91,99.64,86.04,522071.63,98.93
525780.91,99.64,86.04,522071.63,98.93
525780.91,99.64,86.04,522071.63,98.93
525780.91,99.64,86.04,522071.63,98.93
525780.91,99.64,86.04,522071.63,98.93
525780.91,99.64,86.04,522097.22,98.94
525780.91,99.64,86.04,522097.22,98.94
525780.91,99.64,86.04,522097.22,98.94
525780.91,99.64,86.04,522097.22,98.94
525780.91,99.64,86.04,522097.22,98.94
525780.91,99.64,86.04,522097.22,98.94
525780.91,99.64,86.04,522097.22,98.94
525780.91,99.64,86.04,522097.22,98.94
525780.91,99.64,86.04,522097.22,98.94
525780.91,99.64,86.04,522097.22,98.94
525780.91,99.64,86.04,522097.22,98.94
525780.91,99.64,86.04,522097.22,98.94
525780.91,99.64,86.04,522097.22,98.94
525780.91,99.64,86.04,522097.22,98.94
525780.91,99.64,86.04,522097.22,98.94
525780.91,99.64,86.04,522097.22,98.94
525780.91,99.64,86.04,522097.22,98.94
525780.91,99.64,86.04,522097.22,98.94
525780.91,99.64,86.04,522097.22,98.94
525780.91,99.64,86.04,522097.22,98.94
525780.91,99.64,86.04,522097.22,98.94
525780.91,99.64,86.04,522097.22,98.94
525780.91,99.64,86.04,522097.22,98.94
525781.67,99.64,86.04,522098.22,98.94
525781.67,99.64,86.04,522098.22,98.94
525781.67,99.64,86.04,522098.22,98.94
525781.67,99.64,86.04,522098.22,98.94
525781.67,99.64,86.04,522098.22,98.94
525781.67,99.64,86.04,522098.22,98.94
525781.67,99.64,86.04,522098.22,98.94
525781.67,99.64,86.04,522098.22,98.94
525781.67,99.64,86.04,522098.22,98.94
525781.67,99.64,86.04,522098.22,98.94
525781.67,99.64,86.04,522098.22,98.94
525781.67,99.64,86.04,522098.22,98.94
525781.67,99.64,86.04,522098.22,98.94
525781.67,99.64,86.04,522098.22,98.94
525781.67,99.64,86.04,522098.22,98.94
525781.67,99.64,86.04,522098.22,98.94
525781.67,99.64,86.04,522098.22,98.94
525781.67,99.64,86.04,522098.22,98.94
525781.67,99.64,86.04,522098.22,98.94
525781.67,99.64,86.04,522098.22,98.94
525781.67,99.64,86.04,522098.22,98.94
525781.67,99.64,86.04,522098.22,98.94
525781.67,99.64,86.04,522098.22,98.94
525781.67,99.64,86.04,522098.22,98.94
525781.67,99.64,86.04,522098.22,98.94
525781.67,99.64,86.04,522098.22,98.94
525781.67,99.64,86.04,522098.22,98.94
525781.67,99.64,86.04,522098.22,98.94
525781.67,99.64,86.04,522098.22,98.94
525781.67,99.64,86.04,522098.22,98.94
525781.67,99.64,86.04,522098.22,98.94
525781.67,99.64,86.04,522098.22,98.94
525781.67,99.64,86.04,522098.22,98.94
525781.67,99.64,86.04,522098.22,98.94
525781.67,99.64,86.04,522098.22,98.94
525781.67,99.64,86.04,522098.22,98.94
525781.67,99.64,86.04,522098.22,98.94
525781.67,99.64,86.04,522098.22,98.94
525781.67,99.64,86.04,522098.22,98.94
525781.67,99.64,86.04,522098.22,98.94
525781.67,99.64,86.04,522098.22,98.94
525781.67,99.64,86.04,522098.22,98.94
525781.67,99.64,86.04,522098.22,98.94
525781.67,99.64,86.04,522098.22,98.94
525781.67,99.64,86.04,522098.22,98.94
525781.67,99.64,86.04,522098.22,98.94
525781.67,99.64,86.04,522098.22,98.94
525781.67,99.64,86.04,522098.22,98.94
525781.67,99.64,86.04,522098.22,98.94
525781.67,99.64,86.04,522098.22,98.94
525781.67,99.64,86.04,522098.22,98.94
525781.67,99.64,86.04,522098.22,98.94
525781.67,99.64,86.04,522098.22,98.94
525781.67,99.64,86.04,522098.22,98.94
525781.67,99.64,86.04,522098.22,98.94
525781.67,99.64,86.04,522098.22,98.94
525781.67,99.64,86.04,522098.22,98.94
525781.67,99.64,86.04,522098.22,98.94
525781.67,99.64,86.04,522098.22,98.94
525781.67,99.64,86.04,522098.22,98.94
525781.67,99.64,86.04,522098.22,98.94
525781.67,99.64,86.04,522098.22,98.94
525781.67,99.64,86.04,522098.22,98.94
525781.67,99.64,86.04,522098.22,98.94
525781.67,99.64,86.04,522098.22,98.94
525781.67,99.64,86.04,522098.22,98.94
525781.67,99.64,86.04,522098.22,98.94
525781.67,99.64,86.04,522098.22,98.94
525781.67,99.64,86.04,522098.22,98.94
525781.67,99.64,86.04,522098.22,98.94
525781.67,99.64,86.04,522098.22,98.94
525781.67,99.64,86.04,522098.22,98.94
525781.67,99.64,86.04,522098.22,98.94
525781.67,99.64,86.04,522098.22,98.94
525781.67,99.64,86.04,522098.22,98.94
525781.67,99.64,86.04,522098.22,98.94
525781.67,99.64,86.04,522098.22,98.94
525781.67,99.64,86.04,522098.22,98.94
525781.67,99.64,86.04,522098.22,98.94
525781.67,99.64,86.04,522098.22,98.94
525781.67,99.64,86.04,522098.22,98.94
525781.67,99.64,86.04,522098.22,98.94
525781.67,99.64,86.04,522098.22,98.94
525781.67,99.64,86.04,522098.22,98.94
525781.67,99.64,86.04,522098.22,98.94
525781.67,99.64,86.04,522098.22,98.94
525781.67,99.64,86.04,522098.22,98.94
525781.67,99.64,86.04,522098.22,98.94
525781.67,99.64,86.04,522098.22,98.94
525781.67,99.64,86.04,522098.22,98.94
525781.67,99.64,86.04,522098.22,98.94
525781.67,99.64,86.04,522098.22,98.94
525781.67,99.64,86.04,522098.22,98.94
525781.67,99.64,86.04,522098.22,98.94
525781.67,99.64,86.04,522098.22,98.94
525781.67,99.64,86.04,522098.22,98.94
525781.67,99.64,86.04,522098.22,98.94
525781.67,99.64,86.04,522098.22,98.94
525781.67,99.64,86.04,522098.22,98.94
525781.67,99.64,86.04,522098.22,98.94
525781.67,99.64,86.04,522098.22,98.94
525781.67,99.64,86.04,522098.22,98.94
525781.67,99.64,86.04,522098.22,98.94
525781.67,99.64,86.04,522098.22,98.94
525781.67,99.64,86.04,522098.22,98.94
525781.67,99.64,86.04,522098.22,98.94
525781.67,99.64,86.04,522076.22,98.93
525781.67,99.64,86.04,522098.49,98.94
525781.67,99.64,86.04,522098.49,98.94
525781.67,99.64,86.04,522098.49,98.94
525781.67,99.64,86.04,522098.49,98.94
525781.67,99.64,86.04,522098.49,98.94
525781.67,99.64,86.04,522098.49,98.94
525781.67,99.64,86.04,522098.49,98.94
525781.67,99.64,86.04,522098.49,98.94
525781.67,99.64,86.04,522098.49,98.94
525781.67,99.64,86.04,522098.49,98.94
525781.67,99.64,86.04,522098.49,98.94
525781.67,99.64,86.04,522098.49,98.94
525781.67,99.64,86.04,522098.49,98.94
525781.67,99.64,86.04,522076.22,98.93
525781.67,99.64,86.04,522076.22,98.93
525781.67,99.64,86.04,522076.22,98.93
525781.67,99.64,86.04,522076.22,98.93
525781.67,99.64,86.04,522076.22,98.93
525781.67,99.64,86.04,522076.22,98.93
525781.67,99.64,86.04,522076.22,98.93
525781.67,99.64,86.04,522076.22,98.93
525781.67,99.64,86.04,522076.22,98.93
525781.67,99.64,86.04,522102.05,98.94
525781.67,99.64,86.04,522102.05,98.94
525781.67,99.64,86.04,522102.05,98.94
525781.67,99.64,86.04,522102.05,98.94
525781.67,99.64,86.04,522102.05,98.94
525781.67,99.64,86.04,522102.05,98.94
525781.67,99.64,86.04,522102.05,98.94
525781.67,99.64,86.04,522102.05,98.94
525781.67,99.64,86.04,522102.05,98.94
525781.67,99.64,86.04,522102.05,98.94
525781.67,99.64,86.04,522102.05,98.94
525781.67,99.64,86.04,522102.05,98.94
525781.67,99.64,86.04,522102.05,98.94
525781.67,99.64,86.04,522102.05,98.94
525781.67,99.64,86.04,522102.05,98.94
525781.67,99.64,86.04,522102.05,98.94
525674.02,99.64,86.04,521994.4,98.94
525674.02,99.64,86.04,521994.4,98.94
525674.02,99.64,86.04,521994.4,98.94
525674.02,99.64,86.04,521994.4,98.94
525674.02,99.64,86.04,521994.4,98.94
525674.02,99.64,86.04,521994.4,98.94
525674.02,99.64,86.04,521994.4,98.94
525674.02,99.64,86.04,521994.4,98.94
525674.02,99.64,86.04,521994.4,98.94
525674.02,99.64,86.04,521994.4,98.94
525674.02,99.64,86.04,521994.4,98.94
525674.02,99.64,86.04,521994.4,98.94
525674.02,99.64,86.04,521994.4,98.94
525674.02,99.64,86.04,521994.4,98.94
525674.02,99.64,86.04,521994.4,98.94
525674.02,99.64,86.04,521994.4,98.94
525674.02,99.64,86.04,521994.4,98.94
525674.02,99.64,86.04,521968.93,98.93
525674.02,99.64,86.04,521968.93,98.93
525674.02,99.64,86.04,521994.71,98.94
525674.02,99.64,86.04,521994.71,98.94
525674.02,99.64,86.04,521994.71,98.94
525674.02,99.64,86.04,521994.71,98.94
525674.02,99.64,86.04,521994.71,98.94
525674.02,99.64,86.04,521994.71,98.94
525674.02,99.64,86.04,521994.71,98.94
525674.02,99.64,86.04,521994.71,98.94
525674.02,99.64,86.04,521968.93,98.93
525674.02,99.64,86.04,521968.93,98.93
525674.02,99.64,86.04,521968.93,98.93
525674.02,99.64,86.04,521968.93,98.93
525674.02,99.64,86.04,521968.93,98.93
525674.02,99.64,86.04,521968.93,98.93
525674.02,99.64,86.04,521968.93,98.93
525674.02,99.64,86.04,521968.93,98.93
525674.02,99.64,86.04,521968.93,98.93
525674.02,99.64,86.04,521968.93,98.93
525674.02,99.64,86.04,521968.93,98.93
525674.02,99.64,86.04,521996.85,98.94
525674.02,99.64,86.04,521996.85,98.94
525674.02,99.64,86.04,521996.85,98.94
525674.02,99.64,86.04,521996.85,98.94
525674.02,99.64,86.04,521979.83,98.94
525676.37,99.64,86.04,522001.56,98.94
525676.37,99.64,86.04,521977.24,98.94
525676.37,99.64,86.04,521977.24,98.94
525676.37,99.64,86.04,521977.24,98.94
525676.37,99.64,86.04,522003.02,98.94
525676.37,99.64,86.04,522003.02,98.94
525676.37,99.64,86.04,522003.9,98.94
525676.37,99.64,86.04,522005.75,98.94
525676.37,99.64,86.04,522005.75,98.94
525676.37,99.64,86.04,522005.75,98.94
525676.37,99.64,86.04,522005.75,98.94
525676.37,99.64,86.04,522005.75,98.94
525676.37,99.64,86.04,522005.75,98.94
525676.37,99.64,86.04,522005.75,98.94
525676.37,99.64,86.04,522005.75,98.94
525676.37,99.64,86.04,522005.75,98.94
525676.37,99.64,86.04,522005.75,98.94
525676.37,99.64,86.04,522005.75,98.94
525676.37,99.64,86.04,522005.75,98.94
525676.37,99.64,86.04,522005.75,98.94
525676.37,99.64,86.04,521983.75,98.94
525676.37,99.64,86.04,521983.75,98.94
525676.37,99.64,86.04,521983.75,98.94
525676.37,99.64,86.04,521983.75,98.94
525676.37,99.64,86.04,521983.75,98.94
525678.96,99.64,86.04,521986.39,98.94
525678.96,99.64,86.04,521986.39,98.94
525678.96,99.64,86.04,521986.39,98.94
525678.96,99.64,86.04,521986.39,98.94
525678.96,99.64,86.04,521986.39,98.94
525678.96,99.64,86.04,521986.39,98.94
525678.96,99.64,86.04,522009.71,98.94
525678.96,99.64,86.04,522009.71,98.94
525678.96,99.64,86.04,522009.71,98.94
525678.96,99.64,86.04,522009.71,98.94
525678.96,99.64,86.04,522009.71,98.94
525678.96,99.64,86.04,522009.71,98.94
525678.96,99.64,86.04,522009.71,98.94
525678.96,99.64,86.04,522009.71,98.94
525678.96,99.64,86.04,522009.71,98.94
525678.96,99.64,86.04,522009.71,98.94
525678.96,99.64,86.04,522009.71,98.94
525678.96,99.64,86.04,522009.71,98.94
525678.96,99.64,86.04,522009.71,98.94
525678.96,99.64,86.04,522009.71,98.94
525678.96,99.64,86.04,522009.71,98.94
525678.96,99.64,86.04,522009.71,98.94
525678.96,99.64,86.04,522009.71,98.94
525678.96,99.64,86.04,522009.71,98.94
525678.96,99.64,86.04,522009.71,98.94
525678.96,99.64,86.04,522009.71,98.94
525678.96,99.64,86.04,522009.71,98.94
525678.96,99.64,86.04,522009.71,98.94
525678.96,99.64,86.04,522009.71,98.94
525678.96,99.64,86.04,522009.71,98.94
525678.96,99.64,86.04,522009.71,98.94
525678.96,99.64,86.04,522009.71,98.94
525678.96,99.64,86.04,522009.71,98.94
525678.96,99.64,86.04,522009.71,98.94
525678.96,99.64,86.04,522009.71,98.94
525678.96,99.64,86.04,522009.71,98.94
525678.96,99.64,86.04,522009.71,98.94
525678.96,99.64,86.04,522007.69,98.94
525678.96,99.64,86.04,522007.69,98.94
525678.96,99.64,86.04,522007.69,98.94
525678.96,99.64,86.04,522007.69,98.94
525678.96,99.64,86.04,522007.69,98.94
525521.31,99.64,86.04,521854.57,98.94
525362.9,99.64,86.04,521696.16,98.94
525362.9,99.64,86.04,521696.16,98.94
525362.9,99.64,86.04,521671.84,98.94
525362.9,99.64,86.04,521671.84,98.94
525362.9,99.64,86.04,521696.45,98.94
525362.9,99.64,86.04,521696.45,98.94
525362.9,99.64,86.04,521696.45,98.94
525362.9,99.64,86.04,521696.45,98.94
525362.9,99.64,86.04,521696.45,98.94
525362.9,99.64,86.04,521696.45,98.94
525362.9,99.64,86.04,521696.45,98.94
525362.9,99.64,86.04,521696.45,98.94
525362.9,99.64,86.04,521679.68,98.94
525362.9,99.64,86.04,521679.68,98.94
525362.9,99.64,86.04,521700.06,98.94
525362.9,99.64,86.04,521700.06,98.94
525362.9,99.64,86.04,521700.06,98.94
525362.9,99.64,86.04,521700.06,98.94
525362.9,99.64,86.04,521700.06,98.94
525362.9,99.64,86.04,521700.06,98.94
525362.9,99.64,86.04,521700.06,98.94
525362.9,99.64,86.04,521700.06,98.94
525362.9,99.64,86.04,521700.06,98.94
525365.5,99.64,86.04,521702.99,98.94
525365.5,99.64,86.04,521702.99,98.94
525365.5,99.64,86.04,521702.99,98.94
525365.5,99.64,86.04,521702.99,98.94
525365.5,99.64,86.04,521702.99,98.94
525365.5,99.64,86.04,521702.99,98.94
525365.5,99.64,86.04,521674.04,98.94
525365.5,99.64,86.04,521707.71,98.95
525365.5,99.64,86.04,521707.71,98.95
525365.5,99.64,86.04,521707.71,98.95
525365.5,99.64,86.04,521707.71,98.95
525365.5,99.64,86.04,521707.71,98.95
525365.5,99.64,86.04,521707.71,98.95
525365.5,99.64,86.04,521707.71,98.95
525365.5,99.64,86.04,521707.71,98.95
525365.5,99.64,86.04,521707.71,98.95
525365.5,99.64,86.04,521707.71,98.95
525366.26,99.64,86.04,521709.03,98.95
525366.26,99.64,86.04,521709.03,98.95
525366.26,99.64,86.04,521709.03,98.95
525366.26,99.64,86.04,521709.03,98.95
525366.26,99.64,86.04,521709.03,98.95
525366.26,99.64,86.04,521709.03,98.95
525366.26,99.64,86.04,521709.03,98.95
525366.26,99.64,86.04,521709.03,98.95
525366.26,99.64,86.04,521709.03,98.95
525257.85,99.64,86.04,521601.12,98.95
525257.85,99.64,86.04,521601.12,98.95
525257.85,99.64,86.04,521601.12,98.95
525257.85,99.64,86.04,521601.12,98.95
525106.87,99.64,86.04,521443.1,98.95
525106.87,99.64,86.04,521443.1,98.95
525106.87,99.64,86.04,521443.1,98.95
525106.87,99.64,86.04,521443.1,98.95
525106.87,99.64,86.04,521443.1,98.95
525106.87,99.64,86.04,521443.1,98.95
525106.87,99.64,86.04,521421.1,98.94
525106.87,99.64,86.04,521421.1,98.94
525106.87,99.64,86.04,521421.1,98.94
525106.87,99.64,86.04,521421.1,98.94
525106.87,99.64,86.04,521421.1,98.94
525106.87,99.64,86.04,521421.1,98.94
525106.87,99.64,86.04,521421.1,98.94
525106.87,99.64,86.04,521421.1,98.94
525106.87,99.64,86.04,521444.42,98.95
525106.87,99.64,86.04,521444.42,98.95
525106.87,99.64,86.04,521444.42,98.95
525106.87,99.64,86.04,521442.4,98.95
525106.87,99.64,86.04,521418.09,98.94
525106.87,99.64,86.04,521418.09,98.94
525106.87,99.64,86.04,521418.09,98.94
525106.87,99.64,86.04,521418.09,98.94
525106.87,99.64,86.04,521418.09,98.94
525106.87,99.64,86.04,521418.09,98.94
525106.87,99.64,86.04,521418.09,98.94
525106.87,99.64,86.04,521418.09,98.94
525106.87,99.64,86.04,521418.09,98.94
525106.87,99.64,86.04,521418.09,98.94
525106.87,99.64,86.04,521418.09,98.94
525106.87,99.64,86.04,521418.09,98.94
525106.87,99.64,86.04,521418.09,98.94
525106.87,99.64,86.04,521418.09,98.94
525106.87,99.64,86.04,521418.09,98.94
525106.87,99.64,86.04,521418.09,98.94
525106.87,99.64,86.04,521418.09,98.94
525106.87,99.64,86.04,521418.09,98.94
525109.22,99.64,86.05,521424.96,98.94
525109.22,99.64,86.05,521424.96,98.94
525109.22,99.64,86.05,521424.96,98.94
525109.22,99.64,86.05,521424.96,98.94
525109.22,99.64,86.05,521424.96,98.94
525109.22,99.64,86.05,521424.96,98.94
525109.22,99.64,86.05,521449.57,98.95
525109.22,99.64,86.05,521449.57,98.95
525109.22,99.64,86.05,521449.57,98.95
525109.22,99.64,86.05,521449.57,98.95
525109.22,99.64,86.05,521449.57,98.95
525109.22,99.64,86.05,521449.57,98.95
525109.22,99.64,86.05,521449.57,98.95
525109.22,99.64,86.05,521449.57,98.95
525109.22,99.64,86.05,521449.57,98.95
525059.22,99.64,86.05,521399.57,98.95
525059.22,99.64,86.05,521399.57,98.95
525059.22,99.64,86.05,521399.57,98.95
525059.22,99.64,86.05,521399.57,98.95
525059.22,99.64,86.05,521374.96,98.94
525059.22,99.64,86.05,521374.96,98.94
525059.22,99.64,86.05,521374.96,98.94
525059.22,99.64,86.05,521374.96,98.94
525059.22,99.64,86.05,521374.96,98.94
525059.22,99.64,86.05,521402.39,98.95
525059.22,99.64,86.05,521402.39,98.95
525059.22,99.64,86.05,521402.39,98.95
525059.22,99.64,86.05,521402.39,98.95
525059.22,99.64,86.05,521402.39,98.95
525059.22,99.64,86.05,521402.39,98.95
525059.22,99.64,86.05,521398.51,98.95
525059.22,99.64,86.05,521398.51,98.95
525059.22,99.64,86.05,521398.51,98.95
525059.22,99.64,86.05,521398.51,98.95
525059.22,99.64,86.05,521398.51,98.95
525059.22,99.64,86.05,521398.51,98.95
525059.22,99.64,86.05,521398.51,98.95
525059.22,99.64,86.05,521369.56,98.94
525060.06,99.64,86.05,521375.4,98.94
525060.06,99.64,86.05,521375.4,98.94
525060.06,99.64,86.05,521375.4,98.94
525060.06,99.64,86.05,521375.4,98.94
525060.06,99.64,86.05,521375.4,98.94
525060.06,99.64,86.05,521375.4,98.94
525060.06,99.64,86.05,521375.4,98.94
525060.06,99.64,86.05,521406.18,98.95
525060.06,99.64,86.05,521406.18,98.95
525060.06,99.64,86.05,521406.18,98.95
525060.06,99.64,86.05,521384.73,98.94
525060.06,99.64,86.05,521384.73,98.94
525060.06,99.64,86.05,521384.73,98.94
525060.06,99.64,86.05,521384.73,98.94
525060.06,99.64,86.05,521384.73,98.94
525060.06,99.64,86.05,521384.73,98.94
525060.06,99.64,86.05,521384.73,98.94
525060.06,99.64,86.05,521384.73,98.94
525060.06,99.64,86.05,521384.73,98.94
525060.06,99.64,86.05,521409.39,98.95
525060.06,99.64,86.05,521409.39,98.95
525060.06,99.64,86.05,521409.39,98.95
525060.06,99.64,86.05,521409.39,98.95
525060.06,99.64,86.05,521409.39,98.95
525060.06,99.64,86.05,521409.39,98.95
525060.06,99.64,86.05,521409.39,98.95
525060.06,99.64,86.05,521409.39,98.95
525060.06,99.64,86.05,521409.39,98.95
525060.06,99.64,86.05,521409.39,98.95
525060.06,99.64,86.05,521409.39,98.95
525062.41,99.64,86.05,521412.48,98.95
525062.41,99.64,86.05,521412.48,98.95
525062.41,99.64,86.05,521437.57,98.95
525062.41,99.64,86.05,521437.57,98.95
525062.41,99.64,86.05,521437.57,98.95
525062.41,99.64,86.05,521437.57,98.95
525062.41,99.64,86.05,521437.57,98.95
525062.41,99.64,86.05,521437.57,98.95
525062.41,99.64,86.05,521421.28,98.95
525062.41,99.64,86.05,521421.28,98.95
525062.41,99.64,86.05,521421.28,98.95
525062.41,99.64,86.05,521421.28,98.95
525062.41,99.64,86.05,521421.28,98.95
525062.41,99.64,86.05,521439.5,98.95
525062.41,99.64,86.05,521439.5,98.95
525062.41,99.64,86.05,521439.5,98.95
525062.41,99.64,86.05,521439.5,98.95
525062.41,99.64,86.05,521439.5,98.95
525062.41,99.64,86.05,521439.5,98.95
525062.41,99.64,86.05,521439.5,98.95
525062.41,99.64,86.05,521426.13,98.95
525012.41,99.64,86.05,521376.13,98.95
525012.41,99.64,86.05,521376.13,98.95
525012.41,99.64,86.05,521376.13,98.95
525015.0,99.64,86.05,521393.63,98.95
525015.0,99.64,86.05,521393.63,98.95
525015.0,99.64,86.05,521393.63,98.95
525015.0,99.64,86.05,521393.63,98.95
525015.0,99.64,86.05,521393.63,98.95
525015.0,99.64,86.05,521393.63,98.95
525015.0,99.64,86.05,521393.63,98.95
525015.0,99.64,86.05,521393.63,98.95
525015.0,99.64,86.05,521393.63,98.95
525015.0,99.64,86.05,521393.63,98.95
525015.0,99.64,86.05,521371.63,98.95
525015.0,99.64,86.05,521395.32,98.96
525015.0,99.64,86.05,521395.32,98.96
525015.0,99.64,86.05,521395.32,98.96
525015.76,99.64,86.05,521398.22,98.96
525015.76,99.64,86.05,521398.22,98.96
525015.76,99.64,86.05,521398.22,98.96
525015.76,99.64,86.05,521398.22,98.96
525015.76,99.64,86.05,521398.22,98.96
525015.76,99.64,86.05,521398.22,98.96
525015.76,99.64,86.05,521398.22,98.96
525015.76,99.64,86.05,521398.22,98.96
525015.76,99.64,86.05,521398.22,98.96
525015.76,99.64,86.05,521398.22,98.96
525015.76,99.64,86.05,521398.22,98.96
525015.76,99.64,86.05,521398.22,98.96
525015.76,99.64,86.05,521398.22,98.96
525015.76,99.64,86.05,521398.22,98.96
525015.76,99.64,86.05,521398.22,98.96
525015.76,99.64,86.05,521398.22,98.96
525015.76,99.64,86.05,521398.22,98.96
525015.76,99.64,86.05,521398.22,98.96
525015.76,99.64,86.05,521398.22,98.96
525015.76,99.64,86.05,521398.22,98.96
525015.76,99.64,86.05,521369.27,98.95
525015.76,99.64,86.05,521402.94,98.96
525015.76,99.64,86.05,521402.94,98.96
525015.76,99.64,86.05,521402.94,98.96
525015.76,99.64,86.05,521402.94,98.96
525015.76,99.64,86.05,521402.94,98.96
525015.76,99.64,86.05,521402.94,98.96
525015.76,99.64,86.05,521402.94,98.96
525015.76,99.64,86.05,521397.3,98.96
525015.76,99.64,86.05,521397.3,98.96
525015.76,99.64,86.05,521397.3,98.96
525015.76,99.64,86.05,521397.3,98.96
525015.76,99.64,86.05,521397.3,98.96
525015.76,99.64,86.05,521397.3,98.96
525015.76,99.64,86.05,521397.3,98.96
525015.76,99.64,86.05,521397.3,98.96
525015.76,99.64,86.05,521397.3,98.96
525015.76,99.64,86.05,521397.3,98.96
525015.76,99.64,86.05,521397.3,98.96
525018.11,99.64,86.05,521406.35,98.96
525018.11,99.64,86.05,521406.35,98.96
525018.11,99.64,86.05,521384.35,98.95
525018.11,99.64,86.05,521384.35,98.95
525018.11,99.64,86.05,521384.35,98.95
525018.11,99.64,86.05,521384.35,98.95
525018.11,99.64,86.05,521384.35,98.95
525018.11,99.64,86.05,521384.35,98.95
525018.11,99.64,86.05,521384.35,98.95
525018.11,99.64,86.05,521384.35,98.95
525018.11,99.64,86.05,521408.04,98.96
525018.11,99.64,86.05,521408.04,98.96
525018.11,99.64,86.05,521408.04,98.96
525018.11,99.64,86.05,521408.04,98.96
525018.11,99.64,86.05,521391.44,98.95
525018.11,99.64,86.05,521410.14,98.96
525018.11,99.64,86.05,521410.14,98.96
525018.11,99.64,86.05,521410.14,98.96
525018.11,99.64,86.05,521410.14,98.96
525018.11,99.64,86.05,521410.14,98.96
525018.11,99.64,86.05,521410.14,98.96
525018.11,99.64,86.05,521410.14,98.96
525018.11,99.64,86.05,521410.14,98.96
525018.11,99.64,86.05,521410.14,98.96
525018.11,99.64,86.05,521410.14,98.96
525018.11,99.64,86.05,521410.14,98.96
525018.11,99.64,86.05,521410.14,98.96
525018.11,99.64,86.05,521410.14,98.96
524860.46,99.64,86.05,521252.53,98.96
524860.46,99.64,86.05,521252.53,98.96
524860.46,99.64,86.05,521252.53,98.96
524860.46,99.64,86.05,521252.53,98.96
524860.46,99.64,86.05,521252.53,98.96
524860.46,99.64,86.05,521252.53,98.96
524860.46,99.64,86.05,521252.53,98.96
524860.46,99.64,86.05,521252.53,98.96
524860.46,99.64,86.05,521252.53,98.96
524860.46,99.64,86.05,521252.53,98.96
524860.46,99.64,86.05,521252.53,98.96
524860.46,99.64,86.05,521252.53,98.96
524860.46,99.64,86.05,521252.53,98.96
524860.46,99.64,86.05,521252.53,98.96
524860.46,99.64,86.05,521252.53,98.96
524860.46,99.64,86.05,521252.53,98.96
524860.46,99.64,86.05,521252.53,98.96
524540.46,99.64,86.05,520932.53,98.96
524540.46,99.64,86.05,520932.53,98.96
524540.46,99.64,86.05,520932.53,98.96
524540.46,99.64,86.05,520932.53,98.96
524540.46,99.64,86.05,520932.53,98.96
524540.46,99.64,86.05,520932.53,98.96
524540.46,99.64,86.05,520932.53,98.96
524540.46,99.64,86.05,520932.53,98.96
524540.46,99.64,86.05,520932.53,98.96
524540.46,99.64,86.05,520932.53,98.96
524540.46,99.64,86.05,520910.53,98.95
524540.46,99.64,86.05,520910.53,98.95
524540.46,99.64,86.05,520910.53,98.95
524542.8,99.64,86.05,520919.93,98.96
523892.8,99.64,86.05,520269.93,98.95
523892.8,99.64,86.05,520269.93,98.95
523892.8,99.64,86.05,520269.93,98.95
523892.8,99.64,86.05,520269.93,98.95
523892.8,99.64,86.05,520269.93,98.95
523892.8,99.64,86.05,520269.93,98.95
523892.8,99.64,86.05,520269.93,98.95
523892.8,99.64,86.05,520269.93,98.95
523892.8,99.64,86.05,520269.93,98.95
523892.8,99.64,86.05,520269.93,98.95
523892.8,99.64,86.05,520269.93,98.95
523892.8,99.64,86.05,520269.93,98.95
523892.8,99.64,86.05,520295.53,98.96
523892.8,99.64,86.05,520295.53,98.96
523892.8,99.64,86.05,520295.53,98.96
523892.8,99.64,86.05,520295.53,98.96
523892.8,99.64,86.05,520295.53,98.96
523892.8,99.64,86.05,520295.53,98.96
523892.8,99.64,86.05,520295.53,98.96
523893.56,99.64,86.05,520296.52,98.96
523893.56,99.64,86.05,520296.52,98.96
523893.56,99.64,86.05,520296.52,98.96
523893.56,99.64,86.05,520296.52,98.96
523893.56,99.64,86.05,520296.52,98.96
523893.56,99.64,86.05,520296.52,98.96
523893.56,99.64,86.05,520296.52,98.96
523893.56,99.64,86.05,520296.52,98.96
523893.56,99.64,86.05,520296.52,98.96
523893.56,99.64,86.05,520296.52,98.96
523893.56,99.64,86.05,520296.52,98.96
523893.56,99.64,86.05,520296.52,98.96
523893.56,99.64,86.05,520296.52,98.96
523893.56,99.64,86.05,520296.52,98.96
523893.56,99.64,86.05,520296.52,98.96
523893.56,99.64,86.05,520296.52,98.96
523893.56,99.64,86.05,520296.52,98.96
523893.56,99.64,86.05,520296.52,98.96
523893.56,99.64,86.05,520296.52,98.96
523893.56,99.64,86.05,520296.52,98.96
523893.56,99.64,86.05,520296.52,98.96
523893.56,99.64,86.05,520296.52,98.96
523893.56,99.64,86.05,520296.52,98.96
523893.56,99.64,86.05,520296.52,98.96
523893.56,99.64,86.05,520296.52,98.96
523893.56,99.64,86.05,520296.52,98.96
523893.56,99.64,86.05,520296.52,98.96
523893.56,99.64,86.05,520296.52,98.96
523893.56,99.64,86.05,520296.52,98.96
523893.56,99.64,86.05,520296.52,98.96
523893.56,99.64,86.05,520296.52,98.96
523893.56,99.64,86.05,520267.58,98.95
523893.56,99.64,86.05,520267.58,98.95
523893.56,99.64,86.05,520267.58,98.95
523893.56,99.64,86.05,520267.58,98.95
523893.56,99.64,86.05,520267.58,98.95
523893.56,99.64,86.05,520267.58,98.95
523893.56,99.64,86.05,520267.58,98.95
523893.56,99.64,86.05,520267.58,98.95
523893.56,99.64,86.05,520267.58,98.95
523893.56,99.64,86.05,520267.58,98.95
523893.56,99.64,86.05,520267.58,98.95
523893.56,99.64,86.05,520267.58,98.95
523893.56,99.64,86.05,520267.58,98.95
523893.56,99.64,86.05,520267.58,98.95
523893.56,99.64,86.05,520267.58,98.95
523893.56,99.64,86.05,520267.58,98.95
523893.56,99.64,86.05,520267.58,98.95
523893.56,99.64,86.05,520267.58,98.95
523893.56,99.64,86.05,520267.58,98.95
523893.56,99.64,86.05,520267.58,98.95
523893.56,99.64,86.05,520267.58,98.95
523893.56,99.64,86.05,520267.58,98.95
523893.56,99.64,86.05,520267.58,98.95
523893.56,99.64,86.05,520267.58,98.95
523893.56,99.64,86.05,520267.58,98.95
523893.56,99.64,86.05,520267.58,98.95
523893.56,99.64,86.05,520267.58,98.95
523893.56,99.64,86.05,520267.58,98.95
523893.56,99.64,86.05,520267.58,98.95
523893.56,99.64,86.05,520267.58,98.95
523893.56,99.64,86.05,520267.58,98.95
523893.56,99.64,86.05,520267.58,98.95
523893.56,99.64,86.05,520267.58,98.95
523893.56,99.64,86.05,520297.39,98.96
523893.56,99.64,86.05,520297.39,98.96
523893.56,99.64,86.05,520297.39,98.96
523893.56,99.64,86.05,520297.39,98.96
523893.56,99.64,86.05,520297.39,98.96
523893.56,99.64,86.05,520297.39,98.96
523893.56,99.64,86.05,520297.39,98.96
523893.56,99.64,86.05,520297.39,98.96
523893.56,99.64,86.05,520297.39,98.96
523893.56,99.64,86.05,520297.39,98.96
523893.56,99.64,86.05,520297.39,98.96
523893.56,99.64,86.05,520297.39,98.96
523893.56,99.64,86.05,520297.39,98.96
523893.56,99.64,86.05,520297.39,98.96
522893.56,99.64,86.05,519297.39,98.96
522893.56,99.64,86.05,519297.39,98.96
522893.56,99.64,86.05,519297.39,98.96
522893.56,99.64,86.05,519297.39,98.96
522893.56,99.64,86.05,519297.39,98.96
522893.56,99.64,86.05,519297.39,98.96
522893.56,99.64,86.05,519297.39,98.96
522893.56,99.64,86.05,519297.39,98.96
522893.56,99.64,86.05,519297.39,98.96
522893.56,99.64,86.05,519297.39,98.96
522893.56,99.64,86.05,519297.39,98.96
522893.56,99.64,86.05,519297.39,98.96
522893.56,99.64,86.05,519297.39,98.96
522893.56,99.64,86.05,519297.39,98.96
522893.56,99.64,86.05,519297.39,98.96
522893.56,99.64,86.05,519297.39,98.96
522893.56,99.64,86.05,519297.39,98.96
522893.56,99.64,86.05,519297.39,98.96
522893.56,99.64,86.05,519297.39,98.96
522893.56,99.64,86.05,519297.39,98.96
522893.56,99.64,86.05,519297.39,98.96
522893.56,99.64,86.05,519297.39,98.96
522893.56,99.64,86.05,519297.39,98.96
522893.56,99.64,86.05,519297.39,98.96
522735.91,99.64,86.05,519144.66,98.96
522735.91,99.64,86.05,519144.66,98.96
522735.91,99.64,86.05,519144.66,98.96
522735.91,99.64,86.05,519144.66,98.96
522735.91,99.64,86.05,519144.66,98.96
522735.91,99.64,86.05,519144.66,98.96
522735.91,99.64,86.05,519144.66,98.96
522735.91,99.64,86.05,519144.66,98.96
522735.91,99.64,86.05,519144.66,98.96
522735.91,99.64,86.05,519144.66,98.96
522735.91,99.64,86.05,519144.66,98.96
522735.91,99.64,86.05,519144.66,98.96
522735.91,99.64,86.05,519144.66,98.96
522735.91,99.64,86.05,519144.66,98.96
522735.91,99.64,86.05,519144.66,98.96
522735.91,99.64,86.05,519144.66,98.96
522735.91,99.64,86.05,519144.66,98.96
522735.91,99.64,86.05,519144.66,98.96
522735.91,99.64,86.05,519144.66,98.96
522735.91,99.64,86.05,519144.66,98.96
522735.91,99.64,86.05,519144.66,98.96
522735.91,99.64,86.05,519144.66,98.96
522735.91,99.64,86.05,519144.66,98.96
522735.91,99.64,86.05,519144.66,98.96
522735.91,99.64,86.05,519144.66,98.96
522735.91,99.64,86.05,519144.66,98.96
522735.91,99.64,86.05,519144.66,98.96
522735.91,99.64,86.05,519144.66,98.96
522735.91,99.64,86.05,519144.66,98.96
522735.91,99.64,86.05,519144.66,98.96
522735.91,99.64,86.05,519144.66,98.96
522735.91,99.64,86.05,519144.66,98.96
522735.91,99.64,86.05,519144.66,98.96
522735.91,99.64,86.05,519144.66,98.96
522735.91,99.64,86.05,519144.66,98.96
522735.91,99.64,86.05,519144.66,98.96
522735.91,99.64,86.05,519144.66,98.96
522735.91,99.64,86.05,519144.66,98.96
522735.91,99.64,86.05,519144.66,98.96
522735.91,99.64,86.05,519144.66,98.96
522735.91,99.64,86.05,519144.66,98.96
522735.91,99.64,86.05,519144.66,98.96
522735.91,99.64,86.05,519144.66,98.96
522735.91,99.64,86.05,519144.66,98.96
522735.91,99.64,86.05,519144.66,98.96
522735.91,99.64,86.05,519144.66,98.96
522735.91,99.64,86.05,519144.66,98.96
522735.91,99.64,86.05,519144.66,98.96
522735.91,99.64,86.05,519144.66,98.96
522735.91,99.64,86.05,519144.66,98.96
522735.91,99.64,86.05,519144.66,98.96
522735.91,99.64,86.05,519144.66,98.96
522735.91,99.64,86.05,519144.66,98.96
522735.91,99.64,86.05,519144.66,98.96
522735.91,99.64,86.05,519144.66,98.96
522735.91,99.64,86.05,519144.66,98.96
522735.91,99.64,86.05,519144.66,98.96
522735.91,99.64,86.05,519144.66,98.96
522735.91,99.64,86.05,519144.66,98.96
522735.91,99.64,86.05,519144.66,98.96
522735.91,99.64,86.05,519144.66,98.96
522735.91,99.64,86.05,519144.66,98.96
522735.91,99.64,86.05,519144.66,98.96
522415.91,99.64,86.05,518824.66,98.96
522257.5,99.64,86.05,518666.25,98.96
522257.5,99.64,86.05,518666.25,98.96
522257.5,99.64,86.05,518666.25,98.96
522257.5,99.64,86.05,518666.25,98.96
522257.5,99.64,86.05,518666.25,98.96
522257.5,99.64,86.05,518666.25,98.96
522257.5,99.64,86.05,518666.25,98.96
522257.5,99.64,86.05,518666.25,98.96
522257.5,99.64,86.05,518666.25,98.96
522257.5,99.64,86.05,518666.25,98.96
522257.5,99.64,86.05,518666.25,98.96
522257.5,99.64,86.05,518666.25,98.96
522257.5,99.64,86.05,518666.25,98.96
522257.5,99.64,86.05,518666.25,98.96
522257.5,99.64,86.05,518666.25,98.96
522257.5,99.64,86.05,518666.25,98.96
522257.5,99.64,86.05,518666.25,98.96
522257.5,99.64,86.05,518666.25,98.96
522257.5,99.64,86.05,518666.25,98.96
522257.5,99.64,86.05,518666.25,98.96
522257.5,99.64,86.05,518666.25,98.96
522257.5,99.64,86.05,518666.25,98.96
522257.5,99.64,86.05,518666.25,98.96
522257.5,99.64,86.05,518666.25,98.96
522257.5,99.64,86.05,518666.25,98.96
522257.5,99.64,86.05,518666.25,98.96
522257.5,99.64,86.05,518666.25,98.96
522257.5,99.64,86.05,518666.25,98.96
522257.5,99.64,86.05,518666.25,98.96
522257.5,99.64,86.05,518666.25,98.96
522257.5,99.64,86.05,518666.25,98.96
522257.5,99.64,86.05,518666.25,98.96
522257.5,99.64,86.05,518666.25,98.96
522257.5,99.64,86.05,518666.25,98.96
522257.5,99.64,86.05,518666.25,98.96
522257.5,99.64,86.05,518666.25,98.96
522257.5,99.64,86.05,518666.25,98.96
522257.5,99.64,86.05,518666.25,98.96
522257.5,99.64,86.05,518666.25,98.96
522257.5,99.64,86.05,518666.25,98.96
522257.5,99.64,86.05,518666.25,98.96
522257.5,99.64,86.05,518666.25,98.96
522149.26,99.64,86.05,518558.0,98.96
522149.26,99.64,86.05,518558.0,98.96
522149.26,99.64,86.05,518558.0,98.96
522149.26,99.64,86.05,518558.0,98.96
522149.26,99.64,86.05,518558.0,98.96
522149.26,99.64,86.05,518558.0,98.96
522149.26,99.64,86.05,518558.0,98.96
522149.26,99.64,86.05,518558.0,98.96
522149.26,99.64,86.05,518558.0,98.96
522149.26,99.64,86.05,518558.0,98.96
522149.26,99.64,86.05,518558.0,98.96
522149.26,99.64,86.05,518558.0,98.96
522149.26,99.64,86.05,518558.0,98.96
522149.26,99.64,86.05,518558.0,98.96
522149.26,99.64,86.05,518558.0,98.96
522149.26,99.64,86.05,518558.0,98.96
522149.26,99.64,86.05,518558.0,98.96
522149.26,99.64,86.05,518558.0,98.96
522149.26,99.64,86.05,518558.0,98.96
522149.26,99.64,86.05,518558.0,98.96
522149.26,99.64,86.05,518558.0,98.96
522149.26,99.64,86.05,518558.0,98.96
522149.26,99.64,86.05,518558.0,98.96
522149.26,99.64,86.05,518558.0,98.96
522149.26,99.64,86.05,518558.0,98.96
522149.26,99.64,86.05,518558.0,98.96
522149.26,99.64,86.05,518558.0,98.96
522149.26,99.64,86.05,518558.0,98.96
522149.26,99.64,86.05,518558.0,98.96
522149.26,99.64,86.05,518558.0,98.96
522149.26,99.64,86.05,518558.0,98.96
521829.26,99.64,86.05,518238.0,98.96
521829.26,99.64,86.05,518238.0,98.96
521829.26,99.64,86.05,518238.0,98.96
521829.26,99.64,86.05,518238.0,98.96
521829.26,99.64,86.05,518238.0,98.96
521829.26,99.64,86.05,518238.0,98.96
521829.26,99.64,86.05,518238.0,98.96
521829.26,99.64,86.05,518238.0,98.96
521829.26,99.64,86.05,518238.0,98.96
521829.26,99.64,86.05,518238.0,98.96
521829.26,99.64,86.05,518238.0,98.96
521829.26,99.64,86.05,518238.0,98.96
521829.26,99.64,86.05,518238.0,98.96
521829.26,99.64,86.05,518238.0,98.96
521829.26,99.64,86.05,518238.0,98.96
521829.26,99.64,86.05,518238.0,98.96
521829.26,99.64,86.05,518238.0,98.96
521829.26,99.64,86.05,518238.0,98.96
521829.26,99.64,86.05,518238.0,98.96
521829.26,99.64,86.05,518238.0,98.96
521829.26,99.64,86.05,518238.0,98.96
521829.26,99.64,86.05,518238.0,98.96
521829.26,99.64,86.05,518238.0,98.96
521509.26,99.64,86.05,517918.0,98.96
521509.26,99.64,86.05,517918.0,98.96
521509.26,99.64,86.05,517918.0,98.96
521509.26,99.64,86.05,517918.0,98.96
521509.26,99.64,86.05,517918.0,98.96
521509.26,99.64,86.05,517918.0,98.96
521509.26,99.64,86.05,517918.0,98.96
521509.26,99.64,86.05,517918.0,98.96
521509.26,99.64,86.05,517918.0,98.96
521509.26,99.64,86.05,517918.0,98.96
521459.26,99.64,86.05,517868.0,98.96
521459.26,99.64,86.05,517868.0,98.96
521459.26,99.64,86.05,517868.0,98.96
521459.26,99.64,86.05,517868.0,98.96
521459.26,99.64,86.05,517868.0,98.96
521459.26,99.64,86.05,517868.0,98.96
521459.26,99.64,86.05,517868.0,98.96
521459.26,99.64,86.05,517868.0,98.96
521459.26,99.64,86.05,517868.0,98.96
521459.26,99.64,86.05,517868.0,98.96
521459.26,99.64,86.05,517868.0,98.96
521459.26,99.64,86.05,517868.0,98.96
521459.26,99.64,86.05,517868.0,98.96
521459.26,99.64,86.05,517868.0,98.96
521459.26,99.64,86.05,517868.0,98.96
521459.26,99.64,86.05,517868.0,98.96
521459.26,99.64,86.05,517868.0,98.96
521459.26,99.64,86.05,517868.0,98.96
521459.26,99.64,86.05,517868.0,98.96
521459.26,99.64,86.05,517868.0,98.96
521459.26,99.64,86.05,517868.0,98.96
521459.26,99.64,86.05,517846.0,98.95
521459.26,99.64,86.05,517846.0,98.95
521459.26,99.64,86.05,517846.0,98.95
521459.26,99.64,86.05,517846.0,98.95
521459.26,99.64,86.05,517871.09,98.96
521459.26,99.64,86.05,517871.09,98.96
521459.26,99.64,86.05,517871.09,98.96
521459.26,99.64,86.05,517871.09,98.96
521459.26,99.64,86.05,517871.09,98.96
521459.26,99.64,86.05,517871.09,98.96
521459.26,99.64,86.05,517871.09,98.96
521459.26,99.64,86.05,517871.09,98.96
521459.26,99.64,86.05,517871.09,98.96
521459.26,99.64,86.05,517871.09,98.96
521459.26,99.64,86.05,517871.09,98.96
521459.26,99.64,86.05,517871.09,98.96
521459.26,99.64,86.05,517871.09,98.96
521459.26,99.64,86.05,517871.09,98.96
521459.26,99.64,86.05,517867.31,98.96
521459.26,99.64,86.05,517867.31,98.96
521459.26,99.64,86.05,517867.31,98.96
521459.26,99.64,86.05,517867.31,98.96
521459.26,99.64,86.05,517867.31,98.96
521459.26,99.64,86.05,517867.31,98.96
521459.26,99.64,86.05,517867.31,98.96
521459.26,99.64,86.05,517867.31,98.96
521459.26,99.64,86.05,517867.31,98.96
521459.26,99.64,86.05,517867.31,98.96
521459.26,99.64,86.05,517867.31,98.96
521459.26,99.64,86.05,517867.31,98.96
521459.26,99.64,86.05,517867.31,98.96
521459.26,99.64,86.05,517867.31,98.96
521459.26,99.64,86.05,517867.31,98.96
521459.26,99.64,86.05,517867.31,98.96
521459.26,99.64,86.05,517867.31,98.96
521459.26,99.64,86.05,517867.31,98.96
521459.26,99.64,86.05,517867.31,98.96
521459.26,99.64,86.05,517867.31,98.96
521459.26,99.64,86.05,517867.31,98.96
521459.26,99.64,86.05,517867.31,98.96
521459.26,99.64,86.05,517867.31,98.96
521459.26,99.64,86.05,517867.31,98.96
521350.85,99.64,86.05,517758.9,98.96
521350.85,99.64,86.05,517758.9,98.96
521350.85,99.64,86.05,517758.9,98.96
521350.85,99.64,86.05,517758.9,98.96
521350.85,99.64,86.05,517758.9,98.96
521350.85,99.64,86.05,517758.9,98.96
521350.85,99.64,86.05,517758.9,98.96
521350.85,99.64,86.05,517758.9,98.96
521350.85,99.64,86.05,517758.9,98.96
521350.85,99.64,86.05,517758.9,98.96
521350.85,99.64,86.05,517758.9,98.96
521350.85,99.64,86.05,517758.9,98.96
521350.85,99.64,86.05,517758.9,98.96
521353.2,99.64,86.05,517765.77,98.96
521353.2,99.64,86.05,517765.77,98.96
521353.2,99.64,86.05,517765.77,98.96
521353.2,99.64,86.05,517765.77,98.96
521353.2,99.64,86.05,517765.77,98.96
521353.2,99.64,86.05,517765.77,98.96
521353.2,99.64,86.05,517765.77,98.96
521353.2,99.64,86.05,517765.77,98.96
521353.2,99.64,86.05,517765.77,98.96
521353.2,99.64,86.05,517765.77,98.96
521353.2,99.64,86.05,517765.77,98.96
521353.2,99.64,86.05,517765.77,98.96
521353.2,99.64,86.05,517765.77,98.96
521353.2,99.64,86.05,517765.77,98.96
521353.2,99.64,86.05,517765.77,98.96
521353.2,99.64,86.05,517765.77,98.96
521353.2,99.64,86.05,517765.77,98.96
521353.2,99.64,86.05,517765.77,98.96
521353.2,99.64,86.05,517765.77,98.96
521353.2,99.64,86.05,517765.77,98.96
521353.2,99.64,86.05,517765.77,98.96
521353.2,99.64,86.05,517765.77,98.96
521353.2,99.64,86.05,517765.77,98.96
521353.2,99.64,86.05,517765.77,98.96
521353.2,99.64,86.05,517765.77,98.96
521353.2,99.64,86.05,517765.77,98.96
521353.2,99.64,86.05,517765.77,98.96
521353.2,99.64,86.05,517765.77,98.96
521353.2,99.64,86.05,517765.77,98.96
521353.2,99.64,86.05,517765.77,98.96
521353.2,99.64,86.05,517765.77,98.96
521353.2,99.64,86.05,517765.77,98.96
521353.2,99.64,86.05,517765.77,98.96
521353.2,99.64,86.05,517765.77,98.96
521353.2,99.64,86.05,517765.77,98.96
521353.2,99.64,86.05,517765.77,98.96
521353.2,99.64,86.05,517765.77,98.96
521033.2,99.64,86.05,517445.77,98.96
521033.2,99.64,86.05,517445.77,98.96
521033.2,99.64,86.05,517445.77,98.96
520713.2,99.64,86.05,517125.77,98.96
520713.2,99.64,86.05,517125.77,98.96
520713.2,99.64,86.05,517125.77,98.96
520713.2,99.64,86.05,517125.77,98.96
520713.2,99.64,86.05,517125.77,98.96
520713.2,99.64,86.05,517125.77,98.96
520713.2,99.64,86.05,517125.77,98.96
520713.2,99.64,86.05,517125.77,98.96
520713.2,99.64,86.05,517125.77,98.96
520713.2,99.64,86.05,517125.77,98.96
520713.2,99.64,86.05,517125.77,98.96
520713.2,99.64,86.05,517125.77,98.96
520713.2,99.64,86.05,517125.77,98.96
520713.2,99.64,86.05,517125.77,98.96
520713.2,99.64,86.05,517125.77,98.96
520713.2,99.64,86.05,517125.77,98.96
520713.2,99.64,86.05,517125.77,98.96
520713.2,99.64,86.05,517125.77,98.96
520713.2,99.64,86.05,517125.77,98.96
520713.2,99.64,86.05,517125.77,98.96
520713.2,99.64,86.05,517125.77,98.96
520713.2,99.64,86.05,517125.77,98.96
520713.2,99.64,86.05,517125.77,98.96
520713.2,99.64,86.05,517125.77,98.96
520713.2,99.64,86.05,517125.77,98.96
520713.2,99.64,86.05,517125.77,98.96
520713.2,99.64,86.05,517125.77,98.96
520713.2,99.64,86.05,517125.77,98.96
520713.2,99.64,86.05,517125.77,98.96
520713.2,99.64,86.05,517125.77,98.96
520713.2,99.64,86.05,517125.77,98.96
520713.2,99.64,86.05,517125.77,98.96
520560.24,99.64,86.05,516974.3,98.96
520560.24,99.64,86.05,516974.3,98.96
520560.24,99.64,86.05,516974.3,98.96
520560.24,99.64,86.05,516974.3,98.96
520560.24,99.64,86.05,516974.3,98.96
520560.24,99.64,86.05,516974.3,98.96
520560.24,99.64,86.05,516974.3,98.96
520560.24,99.64,86.05,516974.3,98.96
520560.24,99.64,86.05,516974.3,98.96
520560.24,99.64,86.05,516974.3,98.96
520560.24,99.64,86.05,516974.3,98.96
520560.24,99.64,86.05,516974.3,98.96
520560.24,99.64,86.05,516974.3,98.96
520560.24,99.64,86.05,516974.3,98.96
520560.24,99.64,86.05,516974.3,98.96
520560.24,99.64,86.05,516974.3,98.96
520560.24,99.64,86.05,516974.3,98.96
520560.24,99.64,86.05,516952.3,98.95
520560.24,99.64,86.05,516952.3,98.95
520560.24,99.64,86.05,516952.3,98.95
520560.24,99.64,86.05,516952.3,98.95
520560.24,99.64,86.05,516952.3,98.95
520560.24,99.64,86.05,516952.3,98.95
520560.24,99.64,86.05,516952.3,98.95
520560.24,99.64,86.05,516952.3,98.95
520560.24,99.64,86.05,516952.3,98.95
520560.24,99.64,86.05,516952.3,98.95
520560.24,99.64,86.05,516952.3,98.95
520560.24,99.64,86.05,516952.3,98.95
520560.24,99.64,86.05,516952.3,98.95
520560.24,99.64,86.05,516952.3,98.95
520560.24,99.64,86.05,516952.3,98.95
520560.24,99.64,86.05,516977.39,98.96
520560.24,99.64,86.05,516977.39,98.96
520560.24,99.64,86.05,516977.39,98.96
520560.24,99.64,86.05,516977.39,98.96
520560.24,99.64,86.05,516977.39,98.96
520560.24,99.64,86.05,516977.39,98.96
520560.24,99.64,86.05,516977.39,98.96
520560.24,99.64,86.05,516977.39,98.96
520560.24,99.64,86.05,516973.61,98.96
520560.24,99.64,86.05,516973.61,98.96
520560.24,99.64,86.05,516943.5,98.95
520560.24,99.64,86.05,516943.5,98.95
520560.24,99.64,86.05,516943.5,98.95
520560.24,99.64,86.05,516943.5,98.95
520560.24,99.64,86.05,516943.5,98.95
520560.24,99.64,86.05,516943.5,98.95
520560.24,99.64,86.05,516943.5,98.95
520560.24,99.64,86.05,516943.5,98.95
520560.24,99.64,86.05,516943.5,98.95
520560.24,99.64,86.05,516943.5,98.95
520560.24,99.64,86.05,516943.5,98.95
520560.24,99.64,86.05,516943.5,98.95
520560.24,99.64,86.05,516943.5,98.95
520560.24,99.64,86.05,516943.5,98.95
520560.24,99.64,86.05,516943.5,98.95
520560.24,99.64,86.05,516943.5,98.95
520562.59,99.64,86.05,516950.38,98.95
520562.59,99.64,86.05,516950.38,98.95
520562.59,99.64,86.05,516950.38,98.95
520562.59,99.64,86.05,516950.38,98.95
520562.59,99.64,86.05,516950.38,98.95
520562.59,99.64,86.05,516950.38,98.95
520562.59,99.64,86.05,516950.38,98.95
520562.59,99.64,86.05,516950.38,98.95
520562.59,99.64,86.05,516950.38,98.95
520562.59,99.64,86.05,516950.38,98.95
520562.59,99.64,86.05,516950.38,98.95
520562.59,99.64,86.05,516950.38,98.95
520562.59,99.64,86.05,516950.38,98.95
520562.59,99.64,86.05,516950.38,98.95
520562.59,99.64,86.05,516950.38,98.95
520562.59,99.64,86.05,516950.38,98.95
520562.59,99.64,86.05,516950.38,98.95
520562.59,99.64,86.05,516950.38,98.95
520562.59,99.64,86.05,516950.38,98.95
520404.94,99.64,86.05,516828.94,98.96
520404.94,99.64,86.05,516828.94,98.96
520404.94,99.64,86.05,516828.94,98.96
520404.94,99.64,86.05,516828.94,98.96
520404.94,99.64,86.05,516828.94,98.96
520247.29,99.65,86.05,516697.12,98.97
520247.29,99.65,86.05,516697.12,98.97
520247.29,99.65,86.05,516697.12,98.97
520247.29,99.65,86.05,516697.12,98.97
520247.29,99.65,86.05,516697.12,98.97
520247.29,99.65,86.05,516697.12,98.97
520247.29,99.65,86.05,516697.12,98.97
520247.29,99.65,86.05,516697.12,98.97
520247.29,99.65,86.05,516697.12,98.97
520247.29,99.65,86.05,516697.12,98.97
520247.29,99.65,86.05,516697.12,98.97
520247.29,99.65,86.05,516697.12,98.97
520247.29,99.65,86.05,516697.12,98.97
520247.29,99.65,86.05,516697.12,98.97
520247.29,99.65,86.05,516697.12,98.97
520247.29,99.65,86.05,516697.12,98.97
520247.29,99.65,86.05,516697.12,98.97
520247.29,99.65,86.05,516697.12,98.97
520247.29,99.65,86.05,516697.12,98.97
520247.29,99.65,86.05,516697.12,98.97
520247.29,99.65,86.05,516697.12,98.97
520247.29,99.65,86.05,516697.12,98.97
520247.29,99.65,86.05,516697.12,98.97
520247.29,99.65,86.05,516697.12,98.97
520247.29,99.65,86.05,516697.12,98.97
520247.29,99.65,86.05,516697.12,98.97
520247.29,99.65,86.05,516697.12,98.97
520247.29,99.65,86.05,516697.12,98.97
520247.29,99.65,86.05,516697.12,98.97
520247.29,99.65,86.05,516697.12,98.97
520247.29,99.65,86.05,516697.12,98.97
520247.29,99.65,86.05,516697.12,98.97
520247.29,99.65,86.05,516697.12,98.97
520247.29,99.65,86.05,516697.12,98.97
520247.29,99.65,86.05,516697.12,98.97
520247.29,99.65,86.05,516697.12,98.97
520247.29,99.65,86.05,516697.12,98.97
520247.29,99.65,86.05,516697.12,98.97
520247.29,99.65,86.05,516697.12,98.97
520197.29,99.65,86.05,516647.12,98.97
520197.29,99.65,86.05,516647.12,98.97
520197.29,99.65,86.05,516647.12,98.97
520197.29,99.65,86.05,516647.12,98.97
520197.29,99.65,86.05,516647.12,98.97
520197.29,99.65,86.05,516647.12,98.97
520197.29,99.65,86.05,516647.12,98.97
520197.29,99.65,86.05,516647.12,98.97
520197.29,99.65,86.05,516647.12,98.97
520197.29,99.65,86.05,516647.12,98.97
520197.29,99.65,86.05,516647.12,98.97
520197.29,99.65,86.05,516647.12,98.97
520197.29,99.65,86.05,516647.12,98.97
520197.29,99.65,86.05,516647.12,98.97
520087.29,99.65,86.05,516537.12,98.96
520087.29,99.65,86.05,516537.12,98.96
520087.29,99.65,86.05,516537.12,98.96
520087.29,99.65,86.05,516537.12,98.96
520087.29,99.65,86.05,516537.12,98.96
520087.29,99.65,86.05,516537.12,98.96
520087.29,99.65,86.05,516537.12,98.96
520087.29,99.65,86.05,516537.12,98.96
520087.29,99.65,86.05,516537.12,98.96
520087.29,99.65,86.05,516537.12,98.96
520087.29,99.65,86.05,516537.12,98.96
520087.29,99.65,86.05,516537.12,98.96
520087.29,99.65,86.05,516537.12,98.96
520087.29,99.65,86.05,516537.12,98.96
520087.29,99.65,86.05,516537.12,98.96
520087.29,99.65,86.05,516537.12,98.96
520087.29,99.65,86.05,516537.12,98.96
520087.29,99.65,86.05,516537.12,98.96
520087.29,99.65,86.05,516537.12,98.96
520087.29,99.65,86.05,516537.12,98.96
520087.29,99.65,86.05,516537.12,98.96
520087.29,99.65,86.05,516537.12,98.96
520087.29,99.65,86.05,516537.12,98.96
520087.29,99.65,86.05,516537.12,98.96
520087.29,99.65,86.05,516537.12,98.96
520087.29,99.65,86.05,516537.12,98.96
520087.29,99.65,86.05,516537.12,98.96
520087.29,99.65,86.05,516537.12,98.96
520087.29,99.65,86.05,516537.12,98.96
520087.29,99.65,86.05,516537.12,98.96
520087.29,99.65,86.05,516537.12,98.96
520087.29,99.65,86.05,516537.12,98.96
520087.29,99.65,86.05,516537.12,98.96
520087.29,99.65,86.05,516537.12,98.96
520087.29,99.65,86.05,516537.12,98.96
520087.29,99.65,86.05,516537.12,98.96
520087.29,99.65,86.05,516537.12,98.96
520087.29,99.65,86.05,516537.12,98.96
520087.29,99.65,86.05,516537.12,98.96
520087.29,99.65,86.05,516537.12,98.96
520087.29,99.65,86.05,516537.12,98.96
520087.29,99.65,86.05,516537.12,98.96
520087.29,99.65,86.05,516537.12,98.96
520087.29,99.65,86.05,516537.12,98.96
520087.29,99.65,86.05,516537.12,98.96
520087.29,99.65,86.05,516537.12,98.96
520087.29,99.65,86.05,516537.12,98.96
520087.29,99.65,86.05,516537.12,98.96
520087.29,99.65,86.05,516537.12,98.96
520087.29,99.65,86.05,516537.12,98.96
520087.29,99.65,86.05,516537.12,98.96
519935.24,99.65,86.05,516378.46,98.96
519935.24,99.65,86.05,516378.46,98.96
519935.24,99.65,86.05,516378.46,98.96
519935.24,99.65,86.05,516378.46,98.96
519935.24,99.65,86.05,516378.46,98.96
519935.24,99.65,86.05,516378.46,98.96
519935.24,99.65,86.05,516378.46,98.96
519935.24,99.65,86.05,516378.46,98.96
519935.24,99.65,86.05,516378.46,98.96
519935.24,99.65,86.05,516378.46,98.96
519935.24,99.65,86.05,516378.46,98.96
519935.24,99.65,86.05,516378.46,98.96
519935.24,99.65,86.05,516378.46,98.96
519935.24,99.65,86.05,516378.46,98.96
519935.24,99.65,86.05,516378.46,98.96
519935.24,99.65,86.05,516378.46,98.96
519935.24,99.65,86.05,516378.46,98.96
519935.24,99.65,86.05,516378.46,98.96
519935.24,99.65,86.05,516378.46,98.96
519935.24,99.65,86.05,516378.46,98.96
519935.24,99.65,86.05,516378.46,98.96
519935.24,99.65,86.05,516378.46,98.96
519935.24,99.65,86.05,516378.46,98.96
519935.24,99.65,86.05,516378.46,98.96
519777.59,99.65,86.05,516226.92,98.97
519777.59,99.65,86.05,516226.92,98.97
519777.59,99.65,86.05,516226.92,98.97
519777.59,99.65,86.05,516226.92,98.97
519777.59,99.65,86.05,516226.92,98.97
519777.59,99.65,86.05,516226.92,98.97
519777.59,99.65,86.05,516226.92,98.97
519777.59,99.65,86.05,516226.92,98.97
519777.59,99.65,86.05,516226.92,98.97
519777.59,99.65,86.05,516226.92,98.97
519777.59,99.65,86.05,516226.92,98.97
519777.59,99.65,86.05,516226.92,98.97
519777.59,99.65,86.05,516226.92,98.97
519777.59,99.65,86.05,516226.92,98.97
519777.59,99.65,86.05,516226.92,98.97
519777.59,99.65,86.05,516226.92,98.97
519777.59,99.65,86.05,516226.92,98.97
519777.59,99.65,86.05,516226.92,98.97
519777.59,99.65,86.05,516226.92,98.97
519777.59,99.65,86.05,516226.92,98.97
519777.59,99.65,86.05,516226.92,98.97
519777.59,99.65,86.05,516226.92,98.97
519625.54,99.65,86.05,516074.87,98.97
519625.54,99.65,86.05,516074.87,98.97
519625.54,99.65,86.05,516074.87,98.97
519625.54,99.65,86.05,516074.87,98.97
519625.54,99.65,86.05,516074.87,98.97
519625.54,99.65,86.05,516074.87,98.97
519625.54,99.65,86.05,516074.87,98.97
519625.54,99.65,86.05,516074.87,98.97
519625.54,99.65,86.05,516074.87,98.97
519625.54,99.65,86.05,516074.87,98.97
519625.54,99.65,86.05,516074.87,98.97
519625.54,99.65,86.05,516074.87,98.97
519625.54,99.65,86.05,516074.87,98.97
519625.54,99.65,86.05,516074.87,98.97
519625.54,99.65,86.05,516074.87,98.97
519625.54,99.65,86.05,516074.87,98.97
519625.54,99.65,86.05,516052.86,98.96
519625.54,99.65,86.05,516077.95,98.97
519625.54,99.65,86.05,516077.95,98.97
519625.54,99.65,86.05,516077.95,98.97
519625.54,99.65,86.05,516077.95,98.97
519625.54,99.65,86.05,516077.95,98.97
519625.54,99.65,86.05,516077.95,98.97
519625.54,99.65,86.05,516077.95,98.97
519625.54,99.65,86.05,516077.95,98.97
519625.54,99.65,86.05,516077.95,98.97
519625.54,99.65,86.05,516077.95,98.97
519625.54,99.65,86.05,516077.95,98.97
519625.54,99.65,86.05,516077.95,98.97
519625.54,99.65,86.05,516077.95,98.97
519625.54,99.65,86.05,516077.95,98.97
519625.54,99.65,86.05,516077.95,98.97
519625.54,99.65,86.05,516077.95,98.97
519625.54,99.65,86.05,516077.95,98.97
519625.54,99.65,86.05,516077.95,98.97
519625.54,99.65,86.05,516077.95,98.97
519625.54,99.65,86.05,516077.95,98.97
519625.54,99.65,86.05,516077.95,98.97
519625.54,99.65,86.05,516077.95,98.97
519625.54,99.65,86.05,516077.95,98.97
519625.54,99.65,86.05,516074.17,98.97
519625.54,99.65,86.05,516074.17,98.97
519625.54,99.65,86.05,516074.17,98.97
519625.54,99.65,86.05,516074.17,98.97
519625.54,99.65,86.05,516074.17,98.97
519625.54,99.65,86.05,516074.17,98.97
519625.54,99.65,86.05,516074.17,98.97
519625.54,99.65,86.05,516074.17,98.97
519625.54,99.65,86.05,516074.17,98.97
519625.54,99.65,86.05,516074.17,98.97
519625.54,99.65,86.05,516074.17,98.97
519625.54,99.65,86.05,516074.17,98.97
519625.54,99.65,86.05,516074.17,98.97
519625.54,99.65,86.05,516074.17,98.97
519625.54,99.65,86.05,516074.17,98.97
519625.54,99.65,86.05,516074.17,98.97
519625.54,99.65,86.05,516074.17,98.97
519625.54,99.65,86.05,516074.17,98.97
519625.54,99.65,86.05,516074.17,98.97
519625.54,99.65,86.05,516074.17,98.97
519625.54,99.65,86.05,516074.17,98.97
519625.54,99.65,86.05,516074.17,98.97
519625.54,99.65,86.05,516074.17,98.97
519625.54,99.65,86.05,516074.17,98.97
519625.54,99.65,86.05,516074.17,98.97
519625.54,99.65,86.05,516074.17,98.97
519625.54,99.65,86.05,516074.17,98.97
519625.54,99.65,86.05,516074.17,98.97
519625.54,99.65,86.05,516074.17,98.97
519625.54,99.65,86.05,516074.17,98.97
519625.54,99.65,86.05,516074.17,98.97
519625.54,99.65,86.05,516074.17,98.97
519625.54,99.65,86.05,516074.17,98.97
519625.54,99.65,86.05,516074.17,98.97
519625.54,99.65,86.05,516074.17,98.97
519625.54,99.65,86.05,516074.17,98.97
519625.54,99.65,86.05,516074.17,98.97
519625.54,99.65,86.05,516074.17,98.97
519625.54,99.65,86.05,516074.17,98.97
519625.54,99.65,86.05,516074.17,98.97
519625.54,99.65,86.05,516074.17,98.97
519625.54,99.65,86.05,516074.17,98.97
519625.54,99.65,86.05,516074.17,98.97
519625.54,99.65,86.05,516074.17,98.97
519625.54,99.65,86.05,516074.17,98.97
519625.54,99.65,86.05,516074.17,98.97
519625.54,99.65,86.05,516074.17,98.97
519625.54,99.65,86.05,516074.17,98.97
519625.54,99.65,86.05,516074.17,98.97
519625.54,99.65,86.05,516074.17,98.97
519625.54,99.65,86.05,516074.17,98.97
519625.54,99.65,86.05,516074.17,98.97
519625.54,99.65,86.05,516074.17,98.97
519625.54,99.65,86.05,516074.17,98.97
519625.54,99.65,86.05,516074.17,98.97
519625.54,99.65,86.05,516074.17,98.97
519625.54,99.65,86.05,516074.17,98.97
519625.54,99.65,86.05,516074.17,98.97
519625.54,99.65,86.05,516074.17,98.97
519625.54,99.65,86.05,516074.17,98.97
519625.54,99.65,86.05,516074.17,98.97
519625.54,99.65,86.05,516074.17,98.97
519625.54,99.65,86.05,516074.17,98.97
519625.54,99.65,86.05,516074.17,98.97
519625.54,99.65,86.05,516074.17,98.97
519625.54,99.65,86.05,516074.17,98.97
519625.54,99.65,86.05,516074.17,98.97
519625.54,99.65,86.05,516074.17,98.97
519625.54,99.65,86.05,516074.17,98.97
519625.54,99.65,86.05,516074.17,98.97
519625.54,99.65,86.05,516074.17,98.97
519625.54,99.65,86.05,516074.17,98.97
519625.54,99.65,86.05,516074.17,98.97
519625.54,99.65,86.05,516074.17,98.97
519625.54,99.65,86.05,516074.17,98.97
519625.54,99.65,86.05,516074.17,98.97
519625.54,99.65,86.05,516074.17,98.97
519467.88,99.65,86.05,515921.05,98.97
519467.88,99.65,86.05,515921.05,98.97
519467.88,99.65,86.05,515921.05,98.97
519467.88,99.65,86.05,515921.05,98.97
519467.88,99.65,86.05,515921.05,98.97
519467.88,99.65,86.05,515921.05,98.97
519467.88,99.65,86.05,515921.05,98.97
519467.88,99.65,86.05,515921.05,98.97
519467.88,99.65,86.05,515921.05,98.97
519467.88,99.65,86.05,515921.05,98.97
519467.88,99.65,86.05,515921.05,98.97
519467.88,99.65,86.05,515921.05,98.97
519467.88,99.65,86.05,515921.05,98.97
519467.88,99.65,86.05,515921.05,98.97
519467.88,99.65,86.05,515921.05,98.97
519467.88,99.65,86.05,515921.05,98.97
519467.88,99.65,86.05,515921.05,98.97
519467.88,99.65,86.05,515921.05,98.97
519467.88,99.65,86.05,515921.05,98.97
519467.88,99.65,86.05,515921.05,98.97
519467.88,99.65,86.05,515921.05,98.97
519467.88,99.65,86.05,515921.05,98.97
519467.88,99.65,86.05,515921.05,98.97
519467.88,99.65,86.05,515921.05,98.97
519467.88,99.65,86.05,515921.05,98.97
519467.88,99.65,86.05,515921.05,98.97
519467.88,99.65,86.05,515921.05,98.97
519467.88,99.65,86.05,515921.05,98.97
519467.88,99.65,86.05,515921.05,98.97
519467.88,99.65,86.05,515921.05,98.97
519467.88,99.65,86.05,515907.38,98.97
519467.88,99.65,86.05,515907.38,98.97
519467.88,99.65,86.05,515930.71,98.97
519467.88,99.65,86.05,515930.71,98.97
519467.88,99.65,86.05,515914.47,98.97
519467.88,99.65,86.05,515914.47,98.97
519467.88,99.65,86.05,515914.47,98.97
519467.88,99.65,86.05,515914.47,98.97
519467.88,99.65,86.05,515914.47,98.97
519467.88,99.65,86.05,515914.47,98.97
519467.88,99.65,86.05,515914.47,98.97
519467.88,99.65,86.05,515932.47,98.97
519467.88,99.65,86.05,515932.47,98.97
519467.88,99.65,86.05,515932.47,98.97
519467.88,99.65,86.05,515932.47,98.97
519467.88,99.65,86.05,515932.47,98.97
519467.88,99.65,86.05,515932.47,98.97
519467.88,99.65,86.05,515932.47,98.97
519467.88,99.65,86.05,515932.47,98.97
519467.88,99.65,86.05,515932.47,98.97
519467.88,99.65,86.05,515932.47,98.97
519467.88,99.65,86.05,515932.47,98.97
519467.88,99.65,86.05,515932.47,98.97
519467.88,99.65,86.05,515932.47,98.97
519467.88,99.65,86.05,515932.47,98.97
519467.88,99.65,86.05,515932.47,98.97
519468.64,99.65,86.05,515933.97,98.97
519468.64,99.65,86.05,515933.97,98.97
519468.64,99.65,86.05,515933.97,98.97
519468.64,99.65,86.05,515933.97,98.97
519468.64,99.65,86.05,515933.97,98.97
519468.64,99.65,86.05,515933.97,98.97
519468.64,99.65,86.05,515933.97,98.97
519468.64,99.65,86.05,515933.97,98.97
519468.64,99.65,86.05,515933.97,98.97
519468.64,99.65,86.05,515933.97,98.97
519468.64,99.65,86.05,515933.97,98.97
519468.64,99.65,86.05,515933.97,98.97
519468.64,99.65,86.05,515933.97,98.97
519468.64,99.65,86.05,515933.97,98.97
519468.64,99.65,86.05,515933.97,98.97
519468.64,99.65,86.05,515933.97,98.97
519468.64,99.65,86.05,515933.97,98.97
519468.64,99.65,86.05,515933.97,98.97
519468.64,99.65,86.05,515933.97,98.97
519468.64,99.65,86.05,515933.97,98.97
519468.64,99.65,86.05,515933.97,98.97
519468.64,99.65,86.05,515933.97,98.97
519468.64,99.65,86.05,515933.97,98.97
519468.64,99.65,86.05,515933.97,98.97
519468.64,99.65,86.05,515933.97,98.97
519468.64,99.65,86.05,515933.97,98.97
519468.64,99.65,86.05,515933.97,98.97
519468.64,99.65,86.05,515933.97,98.97
519468.64,99.65,86.05,515933.97,98.97
519468.64,99.65,86.05,515933.97,98.97
519468.64,99.65,86.05,515933.97,98.97
519468.64,99.65,86.05,515933.97,98.97
519468.64,99.65,86.05,515933.97,98.97
519468.64,99.65,86.05,515933.97,98.97
519468.64,99.65,86.05,515933.97,98.97
519468.64,99.65,86.05,515933.97,98.97
519468.64,99.65,86.05,515933.97,98.97
519468.64,99.65,86.05,515933.97,98.97
519468.64,99.65,86.05,515933.97,98.97
519468.64,99.65,86.05,515933.97,98.97
519468.64,99.65,86.05,515933.97,98.97
519468.64,99.65,86.05,515933.97,98.97
519468.64,99.65,86.05,515933.97,98.97
519468.64,99.65,86.05,515933.97,98.97
519468.64,99.65,86.05,515933.97,98.97
519468.64,99.65,86.05,515933.97,98.97
519468.64,99.65,86.05,515933.97,98.97
519468.64,99.65,86.05,515933.97,98.97
519468.64,99.65,86.05,515933.97,98.97
519468.64,99.65,86.05,515933.97,98.97
519468.64,99.65,86.05,515933.97,98.97
519468.64,99.65,86.05,515933.97,98.97
519468.64,99.65,86.05,515933.97,98.97
519468.64,99.65,86.05,515933.97,98.97
519468.64,99.65,86.05,515933.97,98.97
519468.64,99.65,86.05,515933.97,98.97
519468.64,99.65,86.05,515933.97,98.97
519468.64,99.65,86.05,515933.97,98.97
519468.64,99.65,86.05,515933.97,98.97
519468.64,99.65,86.05,515933.97,98.97
519468.64,99.65,86.05,515933.97,98.97
519360.23,99.65,86.05,515825.56,98.97
519360.23,99.65,86.05,515825.56,98.97
519360.23,99.65,86.05,515825.56,98.97
519360.23,99.65,86.05,515825.56,98.97
519360.23,99.65,86.05,515825.56,98.97
519360.23,99.65,86.05,515825.56,98.97
519360.23,99.65,86.05,515825.56,98.97
519360.23,99.65,86.05,515825.56,98.97
519360.23,99.65,86.05,515825.56,98.97
519360.23,99.65,86.05,515825.56,98.97
519360.23,99.65,86.05,515825.56,98.97
519360.23,99.65,86.05,515825.56,98.97
519360.23,99.65,86.05,515825.56,98.97
519360.23,99.65,86.05,515825.56,98.97
519360.23,99.65,86.05,515825.56,98.97
519360.23,99.65,86.05,515825.56,98.97
519360.23,99.65,86.05,515825.56,98.97
519360.23,99.65,86.05,515825.56,98.97
519360.23,99.65,86.05,515825.56,98.97
519360.23,99.65,86.05,515825.56,98.97
519360.23,99.65,86.05,515825.56,98.97
519360.23,99.65,86.05,515825.56,98.97
519360.23,99.65,86.05,515847.95,98.98
519360.23,99.65,86.05,515825.56,98.97
519360.23,99.65,86.05,515825.56,98.97
519360.23,99.65,86.05,515825.56,98.97
519360.23,99.65,86.05,515825.56,98.97
519360.23,99.65,86.05,515825.56,98.97
519360.23,99.65,86.05,515850.37,98.98
519360.23,99.65,86.05,515850.37,98.98
519360.23,99.65,86.05,515850.37,98.98
519360.23,99.65,86.05,515850.37,98.98
519360.23,99.65,86.05,515850.37,98.98
519360.23,99.65,86.05,515850.37,98.98
519360.23,99.65,86.05,515850.37,98.98
519360.23,99.65,86.05,515850.37,98.98
519360.23,99.65,86.05,515846.87,98.97
519360.23,99.65,86.05,515846.87,98.97
519360.23,99.65,86.05,515846.87,98.97
519360.23,99.65,86.05,515846.87,98.97
519360.23,99.65,86.05,515846.87,98.97
519360.23,99.65,86.05,515846.87,98.97
519360.23,99.65,86.05,515846.87,98.97
519360.23,99.65,86.05,515846.87,98.97
519360.23,99.65,86.05,515846.87,98.97
519360.23,99.65,86.05,515846.87,98.97
519360.23,99.65,86.05,515846.87,98.97
519360.23,99.65,86.05,515846.87,98.97
519360.23,99.65,86.05,515846.87,98.97
519360.23,99.65,86.05,515846.87,98.97
519360.23,99.65,86.05,515846.87,98.97
519360.23,99.65,86.05,515846.87,98.97
519202.58,99.65,86.05,515693.74,98.98
519202.58,99.65,86.05,515693.74,98.98
519202.58,99.65,86.05,515693.74,98.98
519202.58,99.65,86.05,515693.74,98.98
519202.58,99.65,86.05,515693.74,98.98
519202.58,99.65,86.05,515693.74,98.98
519202.58,99.65,86.05,515693.74,98.98
519202.58,99.65,86.05,515693.74,98.98
519202.58,99.65,86.05,515693.74,98.98
519202.58,99.65,86.05,515693.74,98.98
519202.58,99.65,86.05,515693.74,98.98
519202.58,99.65,86.05,515693.74,98.98
519202.58,99.65,86.05,515693.74,98.98
519202.58,99.65,86.05,515693.74,98.98
519202.58,99.65,86.05,515693.74,98.98
518882.58,99.65,86.05,515373.74,98.98
518882.58,99.65,86.05,515373.74,98.98
518882.58,99.65,86.05,515373.74,98.98
518882.58,99.65,86.05,515373.74,98.98
518882.58,99.65,86.05,515373.74,98.98
518882.58,99.65,86.05,515373.74,98.98
518882.58,99.65,86.05,515373.74,98.98
518882.58,99.65,86.05,515373.74,98.98
518882.58,99.65,86.05,515373.74,98.98
518882.58,99.65,86.05,515373.74,98.98
518882.58,99.65,86.05,515373.74,98.98
518882.58,99.65,86.05,515373.74,98.98
518882.58,99.65,86.05,515373.74,98.98
518882.58,99.65,86.05,515373.74,98.98
518882.58,99.65,86.05,515373.74,98.98
518882.58,99.65,86.05,515373.74,98.98
518882.58,99.65,86.05,515373.74,98.98
518882.58,99.65,86.05,515373.74,98.98
518882.58,99.65,86.05,515373.74,98.98
518882.58,99.65,86.05,515373.74,98.98
518882.58,99.65,86.05,515373.74,98.98
518882.58,99.65,86.05,515373.74,98.98
518882.58,99.65,86.05,515373.74,98.98
517882.58,99.65,86.05,514373.74,98.97
517882.58,99.65,86.05,514373.74,98.97
517882.58,99.65,86.05,514373.74,98.97
517882.58,99.65,86.05,514373.74,98.97
517882.58,99.65,86.05,514373.74,98.97
517882.58,99.65,86.05,514373.74,98.97
517882.58,99.65,86.05,514373.74,98.97
517882.58,99.65,86.05,514336.59,98.97
517882.58,99.65,86.05,514336.59,98.97
517882.58,99.65,86.05,514336.59,98.97
517882.58,99.65,86.05,514336.59,98.97
517882.58,99.65,86.05,514336.59,98.97
517882.58,99.65,86.05,514336.59,98.97
517882.58,99.65,86.05,514336.59,98.97
517724.93,99.65,86.05,514222.57,98.97
517724.93,99.65,86.05,514222.57,98.97
517724.93,99.65,86.05,514222.57,98.97
517724.93,99.65,86.05,514222.57,98.97
517724.93,99.65,86.05,514222.57,98.97
517724.93,99.65,86.05,514222.57,98.97
517724.93,99.65,86.05,514222.57,98.97
517724.93,99.65,86.05,514222.57,98.97
517724.93,99.65,86.05,514222.57,98.97
517724.93,99.65,86.05,514222.57,98.97
517724.93,99.65,86.05,514222.57,98.97
517724.93,99.65,86.05,514222.57,98.97
517724.93,99.65,86.05,514222.57,98.97
517724.93,99.65,86.05,514222.57,98.97
517724.93,99.65,86.05,514222.57,98.97
517724.93,99.65,86.05,514222.57,98.97
517724.93,99.65,86.05,514200.57,98.97
517724.93,99.65,86.05,514200.57,98.97
517724.93,99.65,86.05,514200.57,98.97
517724.93,99.65,86.05,514200.57,98.97
517724.93,99.65,86.05,514200.57,98.97
517724.93,99.65,86.05,514225.66,98.98
517724.93,99.65,86.05,514225.66,98.98
517724.93,99.65,86.05,514225.66,98.98
517724.93,99.65,86.05,514225.66,98.98
517724.93,99.65,86.05,514225.66,98.98
517724.93,99.65,86.05,514225.66,98.98
517724.93,99.65,86.05,514225.66,98.98
517724.93,99.65,86.05,514251.52,98.98
517724.93,99.65,86.05,514251.52,98.98
517724.93,99.65,86.05,514251.52,98.98
517724.93,99.65,86.05,514251.52,98.98
517724.93,99.65,86.05,514251.52,98.98
517724.93,99.65,86.05,514251.52,98.98
517724.93,99.65,86.05,514251.52,98.98
517724.93,99.65,86.05,514251.52,98.98
517724.93,99.65,86.05,514251.52,98.98
517724.93,99.65,86.05,514251.52,98.98
517724.93,99.65,86.05,514251.52,98.98
517724.93,99.65,86.05,514251.52,98.98
517724.93,99.65,86.05,514251.52,98.98
517724.93,99.65,86.05,514251.52,98.98
517724.93,99.65,86.05,514251.52,98.98
517724.93,99.65,86.05,514251.52,98.98
517724.93,99.65,86.05,514233.87,98.98
517724.93,99.65,86.05,514233.87,98.98
517617.28,99.65,86.05,514148.29,98.98
517617.28,99.65,86.05,514148.29,98.98
517297.28,99.65,86.05,513828.29,98.98
517297.28,99.65,86.05,513828.29,98.98
517297.28,99.65,86.05,513828.29,98.98
517297.28,99.65,86.05,513828.29,98.98
517297.28,99.65,86.05,513828.29,98.98
517297.28,99.65,86.05,513828.29,98.98
517297.28,99.65,86.05,513828.29,98.98
517297.28,99.65,86.05,513828.29,98.98
517297.28,99.65,86.05,513828.29,98.98
517297.28,99.65,86.05,513828.29,98.98
517297.28,99.65,86.05,513828.29,98.98
517297.28,99.65,86.05,513828.29,98.98
517297.28,99.65,86.05,513828.29,98.98
517297.28,99.65,86.05,513828.29,98.98
517297.28,99.65,86.05,513828.29,98.98
517297.28,99.65,86.05,513828.29,98.98
517297.28,99.65,86.05,513828.29,98.98
517297.28,99.65,86.05,513828.29,98.98
517297.28,99.65,86.05,513828.29,98.98
517297.28,99.65,86.05,513828.29,98.98
517297.28,99.65,86.05,513828.29,98.98
517297.28,99.65,86.05,513828.29,98.98
517297.28,99.65,86.05,513828.29,98.98
517297.28,99.65,86.05,513824.5,98.98
517297.28,99.65,86.05,513824.5,98.98
517297.28,99.65,86.05,513824.5,98.98
517297.28,99.65,86.05,513824.5,98.98
517297.28,99.65,86.05,513824.5,98.98
517297.28,99.65,86.05,513824.5,98.98
517297.28,99.65,86.05,513824.5,98.98
517297.28,99.65,86.05,513824.5,98.98
517297.28,99.65,86.05,513824.5,98.98
517297.28,99.65,86.05,513824.5,98.98
517297.28,99.65,86.05,513824.5,98.98
517297.28,99.65,86.05,513824.5,98.98
517297.28,99.65,86.05,513824.5,98.98
517297.28,99.65,86.05,513824.5,98.98
517297.28,99.65,86.05,513824.5,98.98
517297.28,99.65,86.05,513824.5,98.98
517297.28,99.65,86.05,513824.5,98.98
517297.28,99.65,86.05,513824.5,98.98
517297.28,99.65,86.05,513824.5,98.98
517297.28,99.65,86.05,513824.5,98.98
517297.28,99.65,86.05,513824.5,98.98
517297.28,99.65,86.05,513824.5,98.98
517297.28,99.65,86.05,513824.5,98.98
517297.28,99.65,86.05,513802.5,98.98
517297.28,99.65,86.05,513802.5,98.98
517297.28,99.65,86.05,513802.5,98.98
517297.28,99.65,86.05,513802.5,98.98
517297.28,99.65,86.05,513802.5,98.98
517298.04,99.65,86.05,513829.09,98.98
517298.04,99.65,86.05,513829.09,98.98
517298.04,99.65,86.05,513829.09,98.98
517298.04,99.65,86.05,513829.09,98.98
517298.04,99.65,86.05,513829.09,98.98
517298.04,99.65,86.05,513829.09,98.98
517298.04,99.65,86.05,513829.09,98.98
517298.04,99.65,86.05,513829.09,98.98
517298.04,99.65,86.05,513829.09,98.98
517298.04,99.65,86.05,513829.09,98.98
517298.04,99.65,86.05,513829.09,98.98
517298.04,99.65,86.05,513829.09,98.98
517298.04,99.65,86.05,513829.09,98.98
517298.04,99.65,86.05,513829.09,98.98
517298.04,99.65,86.05,513829.09,98.98
517298.04,99.65,86.05,513829.09,98.98
517298.04,99.65,86.05,513829.09,98.98
517298.04,99.65,86.05,513829.09,98.98
517298.04,99.65,86.05,513829.09,98.98
517298.04,99.65,86.05,513829.09,98.98
517298.04,99.65,86.05,513829.09,98.98
517298.04,99.65,86.05,513829.09,98.98
517298.04,99.65,86.05,513829.09,98.98
517298.04,99.65,86.05,513829.09,98.98
517298.04,99.65,86.05,513829.09,98.98
517298.04,99.65,86.05,513829.09,98.98
517298.04,99.65,86.05,513829.09,98.98
517298.04,99.65,86.05,513829.09,98.98
517298.04,99.65,86.05,513829.09,98.98
517298.04,99.65,86.05,513829.09,98.98
517298.04,99.65,86.05,513829.09,98.98
517298.04,99.65,86.05,513829.09,98.98
517298.04,99.65,86.05,513829.09,98.98
517298.04,99.65,86.05,513829.09,98.98
517298.04,99.65,86.05,513829.09,98.98
517298.04,99.65,86.05,513829.09,98.98
517298.04,99.65,86.05,513829.09,98.98
517298.04,99.65,86.05,513829.09,98.98
517298.04,99.65,86.05,513829.09,98.98
517298.04,99.65,86.05,513829.09,98.98
517298.04,99.65,86.05,513829.09,98.98
517298.04,99.65,86.05,513829.09,98.98
517298.04,99.65,86.05,513829.09,98.98
517298.04,99.65,86.05,513829.09,98.98
517298.04,99.65,86.05,513829.09,98.98
517298.04,99.65,86.05,513829.09,98.98
517298.04,99.65,86.05,513829.09,98.98
517298.04,99.65,86.05,513829.09,98.98
517298.04,99.65,86.05,513829.09,98.98
517298.04,99.65,86.05,513829.09,98.98
517298.04,99.65,86.05,513829.09,98.98
517298.04,99.65,86.05,513829.09,98.98
517298.04,99.65,86.05,513829.09,98.98
517298.04,99.65,86.05,513829.09,98.98
517298.04,99.65,86.05,513829.09,98.98
517298.04,99.65,86.05,513829.09,98.98
517298.04,99.65,86.05,513829.09,98.98
517298.04,99.65,86.05,513829.09,98.98
517298.04,99.65,86.05,513829.09,98.98
517298.04,99.65,86.05,513829.09,98.98
517298.04,99.65,86.05,513829.09,98.98
517298.04,99.65,86.05,513829.09,98.98
517298.04,99.65,86.05,513829.09,98.98
517298.04,99.65,86.05,513829.09,98.98
517298.04,99.65,86.05,513829.09,98.98
517298.04,99.65,86.05,513829.09,98.98
517298.04,99.65,86.05,513829.09,98.98
517298.04,99.65,86.05,513829.09,98.98
517298.04,99.65,86.05,513829.09,98.98
517298.04,99.65,86.05,513829.09,98.98
517298.04,99.65,86.05,513829.09,98.98
517298.04,99.65,86.05,513829.09,98.98
517298.04,99.65,86.05,513829.09,98.98
517298.04,99.65,86.05,513829.09,98.98
517139.63,99.65,86.05,513670.68,98.98
517139.63,99.65,86.05,513670.68,98.98
517139.63,99.65,86.05,513670.68,98.98
517141.98,99.65,86.05,513677.56,98.98
517141.98,99.65,86.05,513677.56,98.98
517141.98,99.65,86.05,513677.56,98.98
517141.98,99.65,86.05,513677.56,98.98
517141.98,99.65,86.05,513677.56,98.98
517141.98,99.65,86.05,513677.56,98.98
517141.98,99.65,86.05,513677.56,98.98
517141.98,99.65,86.05,513699.95,98.99
517141.98,99.65,86.05,513699.95,98.99
517141.98,99.65,86.05,513699.95,98.99
517141.98,99.65,86.05,513677.68,98.98
517141.98,99.65,86.05,513677.68,98.98
517141.98,99.65,86.05,513677.68,98.98
517141.98,99.65,86.05,513677.68,98.98
517141.98,99.65,86.05,513677.68,98.98
517141.98,99.65,86.05,513703.39,98.99
517141.98,99.65,86.05,513703.39,98.99
516984.32,99.65,86.05,513545.74,98.99
516984.32,99.65,86.05,513545.74,98.99
516984.32,99.65,86.05,513545.74,98.99
516984.32,99.65,86.05,513545.74,98.99
516984.32,99.65,86.05,513545.74,98.99
516984.32,99.65,86.05,513545.74,98.99
516984.32,99.65,86.05,513545.74,98.99
516984.32,99.65,86.05,513545.74,98.99
516984.32,99.65,86.05,513545.74,98.99
516984.32,99.65,86.05,513545.74,98.99
516984.32,99.65,86.05,513545.74,98.99
516984.32,99.65,86.05,513545.74,98.99
516984.32,99.65,86.05,513545.74,98.99
516984.32,99.65,86.05,513545.74,98.99
516984.32,99.65,86.05,513545.74,98.99
516984.32,99.65,86.05,513545.74,98.99
516984.32,99.65,86.05,513545.74,98.99
516984.32,99.65,86.05,513545.74,98.99
516984.32,99.65,86.05,513545.74,98.99
516984.32,99.65,86.05,513545.74,98.99
516984.32,99.65,86.05,513545.74,98.99
516984.32,99.65,86.05,513545.74,98.99
516984.32,99.65,86.05,513545.74,98.99
516984.32,99.65,86.05,513545.74,98.99
516984.32,99.65,86.05,513545.74,98.99
516984.32,99.65,86.05,513545.74,98.99
516984.32,99.65,86.05,513545.74,98.99
516984.32,99.65,86.05,513545.74,98.99
516984.32,99.65,86.05,513545.74,98.99
516984.32,99.65,86.05,513545.74,98.99
516984.32,99.65,86.05,513545.74,98.99
516984.32,99.65,86.05,513545.74,98.99
516984.32,99.65,86.05,513545.74,98.99
516984.32,99.65,86.05,513545.74,98.99
516984.32,99.65,86.05,513545.74,98.99
516984.32,99.65,86.05,513545.74,98.99
516984.32,99.65,86.05,513545.74,98.99
516984.32,99.65,86.05,513545.74,98.99
516984.32,99.65,86.05,513545.74,98.99
516826.67,99.65,86.05,513392.89,98.99
516826.67,99.65,86.05,513392.89,98.99
516826.67,99.65,86.05,513392.89,98.99
516826.67,99.65,86.05,513392.89,98.99
516826.67,99.65,86.05,513392.89,98.99
516826.67,99.65,86.05,513392.89,98.99
516826.67,99.65,86.05,513392.89,98.99
516826.67,99.65,86.05,513392.89,98.99
516826.67,99.65,86.05,513392.89,98.99
516826.67,99.65,86.05,513392.89,98.99
516826.67,99.65,86.05,513392.89,98.99
516826.67,99.65,86.05,513392.89,98.99
516826.67,99.65,86.05,513392.89,98.99
516826.67,99.65,86.05,513392.89,98.99
516826.67,99.65,86.05,513392.89,98.99
516826.67,99.65,86.05,513392.89,98.99
516826.67,99.65,86.05,513392.89,98.99
516826.67,99.65,86.05,513392.89,98.99
516826.67,99.65,86.05,513392.89,98.99
516826.67,99.65,86.05,513392.89,98.99
516826.67,99.65,86.05,513392.89,98.99
516826.67,99.65,86.05,513392.89,98.99
516826.67,99.65,86.05,513392.89,98.99
516826.67,99.65,86.05,513392.89,98.99
516826.67,99.65,86.05,513392.89,98.99
516826.67,99.65,86.05,513392.89,98.99
516826.67,99.65,86.05,513392.89,98.99
516826.67,99.65,86.05,513392.89,98.99
516826.67,99.65,86.05,513392.89,98.99
516826.67,99.65,86.05,513392.89,98.99
516826.67,99.65,86.05,513392.89,98.99
516826.67,99.65,86.05,513392.89,98.99
516826.67,99.65,86.05,513392.89,98.99
516826.67,99.65,86.05,513392.89,98.99
516826.67,99.65,86.05,513392.89,98.99
516826.67,99.65,86.05,513392.89,98.99
516826.67,99.65,86.05,513392.89,98.99
516826.67,99.65,86.05,513392.89,98.99
516826.67,99.65,86.05,513392.89,98.99
516826.67,99.65,86.05,513392.89,98.99
516826.67,99.65,86.05,513392.89,98.99
516826.67,99.65,86.05,513392.89,98.99
516826.67,99.65,86.05,513392.89,98.99
516826.67,99.65,86.05,513392.89,98.99
516826.67,99.65,86.05,513392.89,98.99
516826.67,99.65,86.05,513392.89,98.99
516826.67,99.65,86.05,513392.89,98.99
516826.67,99.65,86.05,513392.89,98.99
516826.67,99.65,86.05,513392.89,98.99
516826.67,99.65,86.05,513392.89,98.99
516826.67,99.65,86.05,513392.89,98.99
516826.67,99.65,86.05,513392.89,98.99
516826.67,99.65,86.05,513392.89,98.99
516826.67,99.65,86.05,513392.89,98.99
516826.67,99.65,86.05,513392.89,98.99
516826.67,99.65,86.05,513392.89,98.99
516826.67,99.65,86.05,513392.89,98.99
516826.67,99.65,86.05,513392.89,98.99
516669.02,99.65,86.05,513240.05,98.99
516669.02,99.65,86.05,513240.05,98.99
516669.02,99.65,86.05,513240.05,98.99
516669.02,99.65,86.05,513240.05,98.99
516669.02,99.65,86.05,513240.05,98.99
516669.02,99.65,86.05,513240.05,98.99
516669.02,99.65,86.05,513240.05,98.99
516669.02,99.65,86.05,513240.05,98.99
516669.02,99.65,86.05,513240.05,98.99
516669.02,99.65,86.05,513240.05,98.99
516669.02,99.65,86.05,513240.05,98.99
516669.02,99.65,86.05,513240.05,98.99
516669.02,99.65,86.05,513240.05,98.99
516511.37,99.65,86.06,513087.2,98.99
516511.37,99.65,86.06,513087.2,98.99
516511.37,99.65,86.06,513087.2,98.99
516511.37,99.65,86.06,513087.2,98.99
516511.37,99.65,86.06,513087.2,98.99
516511.37,99.65,86.06,513087.2,98.99
516511.37,99.65,86.06,513087.2,98.99
516511.37,99.65,86.06,513087.2,98.99
516511.37,99.65,86.06,513087.2,98.99
516511.37,99.65,86.06,513087.2,98.99
516511.37,99.65,86.06,513087.2,98.99
516511.37,99.65,86.06,513087.2,98.99
516511.37,99.65,86.06,513087.2,98.99
516511.37,99.65,86.06,513087.2,98.99
516511.37,99.65,86.06,513087.2,98.99
516511.37,99.65,86.06,513087.2,98.99
516511.37,99.65,86.06,513087.2,98.99
516511.37,99.65,86.06,513087.2,98.99
516511.37,99.65,86.06,513087.2,98.99
516511.37,99.65,86.06,513087.2,98.99
516511.37,99.65,86.06,513087.2,98.99
516511.37,99.65,86.06,513087.2,98.99
516511.37,99.65,86.06,513058.26,98.98
516511.37,99.65,86.06,513058.26,98.98
516511.37,99.65,86.06,513058.26,98.98
516511.37,99.65,86.06,513088.95,98.99
516511.37,99.65,86.06,513088.95,98.99
516511.37,99.65,86.06,513067.59,98.99
516511.37,99.65,86.06,513067.59,98.99
516511.37,99.65,86.06,513067.59,98.99
516511.37,99.65,86.06,513067.59,98.99
516511.37,99.65,86.06,513067.59,98.99
516511.37,99.65,86.06,513067.59,98.99
516511.37,99.65,86.06,513067.59,98.99
516511.37,99.65,86.06,513067.59,98.99
516511.37,99.65,86.06,513067.59,98.99
516511.37,99.65,86.06,513067.59,98.99
516511.37,99.65,86.06,513067.59,98.99
516511.37,99.65,86.06,513067.59,98.99
516511.37,99.65,86.06,513067.59,98.99
516511.37,99.65,86.06,513067.59,98.99
516511.37,99.65,86.06,513067.59,98.99
516511.37,99.65,86.06,513067.59,98.99
516511.37,99.65,86.06,513067.59,98.99
516511.37,99.65,86.06,513067.59,98.99
516511.37,99.65,86.06,513067.59,98.99
516511.37,99.65,86.06,513067.59,98.99
516511.37,99.65,86.06,513067.59,98.99
516511.37,99.65,86.06,513067.59,98.99
516511.37,99.65,86.06,513067.59,98.99
516511.37,99.65,86.06,513067.59,98.99
516511.37,99.65,86.06,513067.59,98.99
516511.37,99.65,86.06,513067.59,98.99
516511.37,99.65,86.06,513067.59,98.99
516511.37,99.65,86.06,513067.59,98.99
516511.37,99.65,86.06,513067.59,98.99
516511.37,99.65,86.06,513067.59,98.99
516511.37,99.65,86.06,513067.59,98.99
516511.37,99.65,86.06,513067.59,98.99
516511.37,99.65,86.06,513067.59,98.99
516511.37,99.65,86.06,513067.59,98.99
516511.37,99.65,86.06,513067.59,98.99
516511.37,99.65,86.06,513067.59,98.99
516511.37,99.65,86.06,513067.59,98.99
516511.37,99.65,86.06,513067.59,98.99
516511.37,99.65,86.06,513067.59,98.99
516511.37,99.65,86.06,513067.59,98.99
516511.37,99.65,86.06,513067.59,98.99
516511.37,99.65,86.06,513067.59,98.99
516511.37,99.65,86.06,513067.59,98.99
516353.72,99.65,86.06,512935.34,98.99
516353.72,99.65,86.06,512935.34,98.99
516353.72,99.65,86.06,512935.34,98.99
516353.72,99.65,86.06,512935.34,98.99
516353.72,99.65,86.06,512935.34,98.99
516353.72,99.65,86.06,512935.34,98.99
516353.72,99.65,86.06,512935.34,98.99
516353.72,99.65,86.06,512935.34,98.99
516353.72,99.65,86.06,512935.34,98.99
516353.72,99.65,86.06,512935.34,98.99
516196.07,99.65,86.06,512782.49,98.99
516196.07,99.65,86.06,512782.49,98.99
516196.07,99.65,86.06,512782.49,98.99
516196.07,99.65,86.06,512782.49,98.99
516196.07,99.65,86.06,512782.49,98.99
516196.07,99.65,86.06,512782.49,98.99
516196.07,99.65,86.06,512782.49,98.99
516196.07,99.65,86.06,512782.49,98.99
516196.07,99.65,86.06,512782.49,98.99
516196.07,99.65,86.06,512782.49,98.99
516196.07,99.65,86.06,512782.49,98.99
516196.07,99.65,86.06,512782.49,98.99
516196.07,99.65,86.06,512782.49,98.99
516196.07,99.65,86.06,512782.49,98.99
516196.07,99.65,86.06,512782.49,98.99
516196.07,99.65,86.06,512782.49,98.99
516196.07,99.65,86.06,512782.49,98.99
516196.07,99.65,86.06,512782.49,98.99
516196.07,99.65,86.06,512782.49,98.99
516196.07,99.65,86.06,512782.49,98.99
516196.07,99.65,86.06,512782.49,98.99
516196.07,99.65,86.06,512782.49,98.99
