ow_gpuspec25-dr_0.0-tn_1.3-ts_42-if_1.0-ccmd_d48f-policy_FGDPredictor1000desharemd6126-de_share-gs_FGDPredictorScore-scmd_6126-origin_milli,ow_gpuspec25-dr_0.0-tn_1.3-ts_42-if_1.0-ccmd_d48f-policy_FGDPredictor1000desharemd6126-de_share-gs_FGDPredictorScore-scmd_6126-origin_ratio,ow_gpuspec25-dr_0.0-tn_1.3-ts_42-if_1.0-ccmd_d48f-policy_FGDPredictor1000desharemd6126-de_share-gs_FGDPredictorScore-scmd_6126-origin_q124,ow_gpuspec25-dr_0.0-tn_1.3-ts_42-if_1.0-ccmd_d48f-policy_FGDPredictor1000desharemd6126-de_share-gs_FGDPredictorScore-scmd_6126-bellman_milli,ow_gpuspec25-dr_0.0-tn_1.3-ts_42-if_1.0-ccmd_d48f-policy_FGDPredictor1000desharemd6126-de_share-gs_FGDPredictorScore-scmd_6126-bellman_ratio
1794185.93,28.88,0.37,205354.11,3.31
1793698.63,28.88,0.37,204824.06,3.3
1793483.14,28.88,0.37,204760.55,3.3
1793266.1,28.88,0.37,204755.25,3.3
1793050.6,28.88,0.37,204746.57,3.3
1793021.52,28.89,0.37,204847.74,3.3
1793237.97,28.89,0.38,204920.99,3.3
1793345.53,28.9,0.38,205515.0,3.31
1792872.95,28.89,0.38,205129.96,3.31
1792668.09,28.89,0.37,204822.09,3.3
1792180.79,28.89,0.37,204292.04,3.29
1791912.62,28.89,0.37,204294.37,3.29
1791540.68,28.88,0.37,204037.7,3.29
1791765.27,28.89,0.37,203973.23,3.29
1791765.27,28.89,0.37,203973.23,3.29
1791548.23,28.89,0.37,204396.09,3.3
1791188.14,28.89,0.37,204044.89,3.29
1791412.74,28.89,0.37,203980.42,3.29
1790837.14,28.89,0.37,203368.36,3.28
1790620.1,28.89,0.37,203791.21,3.29
1790620.1,28.89,0.37,203791.21,3.29
1790250.01,28.88,0.36,203430.01,3.28
1790250.01,28.88,0.36,203448.43,3.28
1789693.2,28.88,0.36,202859.94,3.27
1789535.24,28.88,0.36,202706.21,3.27
1789535.24,28.88,0.36,202706.21,3.27
1789319.75,28.88,0.36,202639.29,3.27
1789021.62,28.88,0.36,202613.59,3.27
1788534.33,28.87,0.35,202083.53,3.26
1788317.28,28.87,0.35,202077.64,3.26
1788207.55,28.87,0.35,201972.1,3.26
1787992.05,28.87,0.35,201963.41,3.26
1787992.05,28.87,0.35,201963.41,3.26
1788206.95,28.88,0.36,202260.12,3.27
1787991.45,28.88,0.36,202264.67,3.27
1787774.41,28.88,0.36,202187.31,3.27
1787558.92,28.88,0.36,202178.63,3.27
1787273.83,28.88,0.36,202230.66,3.27
1787056.79,28.89,0.36,202166.54,3.27
1786684.85,28.88,0.35,201865.7,3.26
1786684.85,28.88,0.35,201865.7,3.26
1786469.35,28.88,0.35,201798.56,3.26
1786469.35,28.88,0.35,201798.56,3.26
1786252.31,28.88,0.35,201792.88,3.26
1786559.66,28.89,0.36,201855.1,3.26
1786274.57,28.89,0.36,201238.05,3.25
1786274.57,28.89,0.36,201238.05,3.25
1786085.61,28.89,0.36,201429.17,3.26
1785409.69,28.88,0.35,200710.76,3.25
1784922.39,28.88,0.35,200180.7,3.24
1784922.39,28.88,0.35,200180.7,3.24
1785207.72,28.88,0.35,200495.46,3.24
1784992.23,28.89,0.35,200500.0,3.24
1784775.19,28.89,0.35,200422.65,3.24
1784099.27,28.88,0.35,199704.23,3.23
1783805.39,28.88,0.34,199601.99,3.23
1783589.89,28.88,0.34,199534.69,3.23
1783372.85,28.88,0.34,199529.18,3.23
1782696.93,28.87,0.34,198810.77,3.22
1782209.64,28.87,0.33,198280.71,3.21
1781911.51,28.87,0.33,198326.07,3.21
1781235.59,28.86,0.33,197607.65,3.2
1781032.85,28.86,0.32,197358.02,3.2
1780734.72,28.86,0.32,197320.6,3.2
1780519.23,28.86,0.32,197253.67,3.2
1780302.18,28.86,0.32,197247.78,3.2
1780086.69,28.86,0.32,197239.1,3.2
1780086.69,28.86,0.32,197239.1,3.2
1779869.65,28.87,0.32,197174.97,3.2
1779654.15,28.87,0.32,197179.51,3.2
1779869.05,28.87,0.33,197462.99,3.2
1779381.75,28.87,0.33,196932.94,3.2
1779168.58,28.87,0.33,196917.48,3.2
1778952.32,28.87,0.33,196966.72,3.2
1778465.02,28.87,0.32,196436.66,3.19
1778465.02,28.87,0.32,196436.66,3.19
1778249.53,28.87,0.32,196439.63,3.19
1778032.49,28.87,0.32,196364.16,3.19
1777545.19,28.87,0.32,195834.1,3.18
1776683.22,28.87,0.32,195795.38,3.18
1776683.22,28.87,0.32,195795.38,3.18
1776195.92,28.87,0.31,195265.32,3.17
1776195.92,28.87,0.31,195265.32,3.17
1775723.35,28.86,0.31,194880.28,3.17
1775507.85,28.86,0.31,194812.98,3.17
1774831.93,28.86,0.3,194094.56,3.16
1774831.93,28.86,0.3,194094.56,3.16
1774802.85,28.86,0.31,194272.51,3.16
1774587.36,28.86,0.31,194205.12,3.16
1773911.44,28.86,0.3,193486.71,3.15
1773694.4,28.86,0.3,193481.29,3.15
1773478.9,28.86,0.3,193472.6,3.15
1773586.46,28.86,0.3,193721.7,3.15
1773113.89,28.86,0.3,193336.65,3.15
1772818.09,28.86,0.3,193315.11,3.15
1772510.14,28.86,0.3,193227.67,3.15
1772651.02,28.86,0.3,193294.78,3.15
1772356.42,28.86,0.3,193011.55,3.14
1772356.42,28.86,0.3,193011.55,3.14
1772328.89,28.86,0.3,193111.3,3.14
1771841.59,28.86,0.3,192581.25,3.14
1772039.51,28.86,0.3,193000.7,3.14
1771652.54,28.86,0.3,192438.3,3.13
1771652.54,28.86,0.3,192438.3,3.13
1771652.54,28.86,0.3,192438.3,3.13
1771437.05,28.86,0.3,192371.17,3.13
1771220.01,28.86,0.3,192365.49,3.13
1771004.51,28.87,0.3,192370.03,3.14
1770449.08,28.86,0.3,191921.87,3.13
1770232.04,28.86,0.3,191844.52,3.13
1769860.1,28.86,0.29,191543.68,3.12
1769644.61,28.86,0.29,191476.28,3.12
1769427.56,28.86,0.29,191470.86,3.12
1768940.27,28.86,0.29,190940.81,3.11
1768724.77,28.86,0.29,190945.35,3.12
1768419.16,28.86,0.29,191198.27,3.12
1767743.24,28.85,0.28,190479.86,3.11
1767743.24,28.85,0.28,190479.86,3.11
1767743.24,28.85,0.28,190479.86,3.11
1767743.24,28.85,0.28,190479.86,3.11
1767743.24,28.85,0.28,190479.86,3.11
1767526.19,28.85,0.28,190402.5,3.11
1766850.28,28.84,0.28,189684.09,3.1
1766634.78,28.85,0.28,189688.63,3.1
1766605.7,28.85,0.28,189776.58,3.1
1766605.7,28.85,0.28,189776.58,3.1
1766605.7,28.85,0.28,189776.58,3.1
1766390.21,28.85,0.28,189767.89,3.1
1766390.21,28.85,0.28,189767.89,3.1
1766390.21,28.85,0.28,189767.89,3.1
1766390.21,28.85,0.28,189767.89,3.1
1766497.77,28.86,0.28,190016.99,3.1
1766470.24,28.86,0.29,190116.74,3.11
1766470.24,28.86,0.29,190116.74,3.11
1766253.19,28.86,0.29,190109.48,3.11
1765945.25,28.86,0.29,190071.69,3.11
1765565.99,28.86,0.28,189934.72,3.1
1765350.5,28.86,0.28,189939.27,3.1
1765051.6,28.86,0.28,190123.62,3.11
1765022.52,28.86,0.28,190229.72,3.11
1764807.02,28.86,0.28,190234.26,3.11
1764589.98,28.86,0.28,190156.91,3.11
1764589.98,28.86,0.28,190156.91,3.11
1764615.78,28.87,0.29,190527.9,3.12
1764400.28,28.87,0.29,190519.21,3.12
1764400.28,28.87,0.29,190519.21,3.12
1764423.11,28.87,0.29,190282.59,3.11
1764638.01,28.88,0.3,190579.3,3.12
1764344.4,28.88,0.3,190580.08,3.12
1764316.87,28.88,0.3,190679.84,3.12
1764287.79,28.88,0.3,190837.87,3.12
1764072.29,28.88,0.3,190770.74,3.12
1764043.21,28.89,0.3,190948.51,3.13
1763827.72,28.89,0.3,190953.06,3.13
1763455.78,28.88,0.3,190652.22,3.12
1763238.74,28.89,0.3,190574.86,3.12
1763023.25,28.89,0.3,190507.63,3.12
1762994.17,28.89,0.3,190686.11,3.12
1762778.67,28.89,0.3,190618.73,3.12
1762493.42,28.89,0.3,190298.61,3.12
1762691.34,28.89,0.3,190699.7,3.13
1762475.85,28.9,0.3,190691.02,3.13
1762258.81,28.9,0.3,190626.89,3.13
1762483.4,28.9,0.31,190562.42,3.13
1762266.36,28.9,0.31,190985.28,3.13
1762238.83,28.91,0.31,191085.03,3.13
1762021.78,28.91,0.31,191095.93,3.14
1761806.29,28.91,0.31,191028.54,3.13
1761511.69,28.91,0.31,190745.32,3.13
1761213.56,28.91,0.31,190590.45,3.13
1760928.31,28.9,0.3,190310.71,3.12
1760628.63,28.9,0.3,190267.67,3.12
1760404.74,28.9,0.3,190047.25,3.12
1760404.74,28.9,0.3,190047.25,3.12
1760187.7,28.9,0.3,190041.82,3.12
1760187.7,28.9,0.3,190041.82,3.12
1759972.2,28.9,0.3,189974.42,3.12
1759755.16,28.9,0.3,189969.0,3.12
1759727.63,28.91,0.3,190068.76,3.12
1759510.58,28.91,0.3,190061.49,3.12
1759510.58,28.91,0.3,190061.49,3.12
1759295.09,28.91,0.3,190066.03,3.12
1759509.99,28.92,0.31,190349.51,3.13
1759482.46,28.92,0.31,190449.27,3.13
1759265.41,28.92,0.31,190460.17,3.13
1759374.52,28.93,0.31,190455.06,3.13
1759374.52,28.93,0.31,190455.06,3.13
1759374.52,28.93,0.31,190455.06,3.13
1759154.89,28.92,0.31,190286.02,3.13
1758860.29,28.92,0.31,190355.66,3.13
1758636.1,28.92,0.31,190197.59,3.13
1758457.38,28.92,0.31,190018.06,3.12
1758240.34,28.92,0.31,189910.72,3.12
1758212.81,28.92,0.31,190010.48,3.13
1758212.81,28.92,0.31,190010.48,3.13
1758212.81,28.92,0.31,190010.48,3.13
1757995.77,28.92,0.31,190003.21,3.13
1757968.24,28.93,0.31,189936.85,3.13
1757968.24,28.93,0.31,189936.85,3.13
1757968.24,28.93,0.31,189936.85,3.13
1757939.16,28.93,0.31,190298.52,3.13
1757643.43,28.93,0.31,190018.51,3.13
1757427.93,28.93,0.31,189951.59,3.13
1757210.89,28.93,0.31,189945.7,3.13
1756995.39,28.93,0.31,189878.47,3.13
1757102.95,28.94,0.31,190186.5,3.13
1756887.46,28.94,0.31,190119.11,3.13
1756781.57,28.94,0.32,189682.71,3.12
1756781.57,28.94,0.32,189682.71,3.12
1756564.53,28.94,0.32,189677.29,3.13
1756349.03,28.94,0.32,189681.83,3.13
1756131.99,28.94,0.32,189604.48,3.12
1755944.5,28.94,0.32,189493.93,3.12
1756231.38,28.95,0.32,189429.95,3.12
1755887.29,28.95,0.32,189653.78,3.13
1755670.24,28.95,0.32,189557.07,3.13
1755886.69,28.95,0.33,189630.32,3.13
1755669.64,28.95,0.33,189845.09,3.13
1755454.15,28.96,0.33,189849.63,3.13
1755082.21,28.95,0.32,189548.8,3.13
1754865.17,28.95,0.32,189471.44,3.13
1754837.64,28.96,0.32,189571.19,3.13
1754808.56,28.96,0.33,189729.23,3.13
1754595.39,28.96,0.33,189713.32,3.13
1754595.39,28.96,0.33,189713.32,3.13
1754379.12,28.96,0.33,189699.54,3.13
1754595.57,28.97,0.33,190000.24,3.14
1754378.52,28.97,0.33,190042.93,3.14
1754006.58,28.97,0.33,189750.51,3.13
1754293.46,28.97,0.33,189686.53,3.13
1754076.42,28.97,0.33,190179.92,3.14
1754048.89,28.98,0.33,190279.67,3.14
1754019.81,28.98,0.34,190437.71,3.15
1753685.62,28.98,0.33,190079.93,3.14
1753658.09,28.98,0.34,190179.69,3.14
1753765.65,28.99,0.34,190440.3,3.15
1753559.65,28.98,0.34,190224.92,3.14
1753559.65,28.98,0.34,190224.92,3.14
1753559.65,28.98,0.34,190224.92,3.14
1753559.65,28.98,0.34,190224.92,3.14
1753344.16,28.98,0.34,190157.53,3.14
1753315.08,28.99,0.34,190335.76,3.15
1752083.31,28.99,0.34,190122.35,3.15
1751867.82,28.99,0.34,190170.57,3.15
1751650.78,28.99,0.34,190049.54,3.15
1751435.28,28.99,0.34,189982.41,3.14
1751218.24,28.99,0.34,189976.73,3.15
1751002.75,28.99,0.34,189909.59,3.14
1751217.64,29.0,0.34,190324.92,3.15
1751002.15,29.0,0.34,190257.53,3.15
1750785.1,29.0,0.34,190252.11,3.15
1750413.17,29.0,0.34,189891.1,3.15
1750197.67,29.0,0.34,189882.41,3.15
1749980.63,29.0,0.34,189818.29,3.15
1749953.1,29.0,0.34,189918.04,3.15
1749736.06,29.0,0.34,189928.95,3.15
1749876.93,29.01,0.35,189996.05,3.15
1749661.44,29.01,0.35,189929.13,3.15
1749444.39,29.01,0.35,189923.24,3.15
1749228.9,29.01,0.35,189927.78,3.15
1748960.73,29.01,0.35,189932.3,3.15
1748743.68,29.01,0.35,189854.94,3.15
1748374.42,29.01,0.34,189892.16,3.15
1748158.93,29.01,0.34,189825.23,3.15
1748158.93,29.01,0.34,189825.23,3.15
1747858.99,29.01,0.34,189715.45,3.15
1747641.95,29.01,0.34,189709.56,3.15
1747426.46,29.01,0.34,189700.87,3.15
1747131.85,29.01,0.34,189417.26,3.15
1747102.77,29.01,0.34,189518.43,3.15
1747075.24,29.02,0.34,189618.18,3.15
1747273.16,29.02,0.35,190037.64,3.16
1747489.61,29.03,0.36,190110.89,3.16
1747489.61,29.03,0.36,190110.89,3.16
1747284.74,29.03,0.35,189977.04,3.16
1746912.8,29.02,0.35,189836.71,3.15
1746696.61,29.02,0.35,189625.93,3.15
1746398.48,29.02,0.35,189598.05,3.15
1746369.4,29.02,0.35,189833.69,3.15
1746153.91,29.02,0.35,189838.24,3.16
1746124.83,29.03,0.35,189926.18,3.16
1746124.83,29.03,0.35,189926.18,3.16
1746341.27,29.03,0.36,189999.44,3.16
1746124.23,29.04,0.36,190275.1,3.16
1745908.74,29.04,0.36,190207.71,3.16
1745879.66,29.04,0.36,190385.74,3.17
1745664.16,29.04,0.36,190318.51,3.17
1745447.12,29.04,0.36,190312.93,3.17
1745075.18,29.04,0.35,189951.2,3.16
1744859.69,29.04,0.35,189942.51,3.16
1744830.61,29.04,0.36,190043.69,3.16
1744532.48,29.04,0.36,190089.09,3.16
1744748.93,29.05,0.36,190162.34,3.17
1744748.93,29.05,0.36,190162.34,3.17
1744719.85,29.05,0.36,190506.47,3.17
1744692.32,29.06,0.37,190606.22,3.17
1744692.32,29.06,0.37,190606.22,3.17
1744475.27,29.06,0.37,190598.96,3.17
1744259.78,29.06,0.37,190590.27,3.18
1744061.01,29.06,0.36,190343.93,3.17
1743628.47,29.06,0.36,190271.12,3.17
1743628.47,29.06,0.36,190271.12,3.17
1743522.58,29.06,0.37,189834.72,3.16
1743522.58,29.06,0.37,189834.72,3.16
1743224.45,29.06,0.37,189796.47,3.16
1743007.41,29.06,0.37,189732.34,3.16
1742979.88,29.07,0.37,189832.09,3.17
1742762.84,29.07,0.37,189842.98,3.17
1742547.34,29.07,0.37,189775.59,3.17
1742330.3,29.07,0.37,189770.17,3.17
1742142.81,29.07,0.37,189659.62,3.16
1741918.62,29.07,0.37,189556.96,3.16
1741891.09,29.07,0.37,189656.72,3.17
1741674.04,29.07,0.37,189667.61,3.17
1741458.55,29.07,0.37,189600.31,3.17
1741458.55,29.07,0.37,189600.31,3.17
1741241.51,29.07,0.37,189594.79,3.17
1741350.62,29.08,0.37,189589.68,3.17
1741350.62,29.08,0.37,189589.68,3.17
1741133.57,29.08,0.37,189835.21,3.17
1740701.04,29.08,0.37,189762.39,3.17
1741012.17,29.09,0.38,189334.61,3.16
1741228.62,29.1,0.38,189407.86,3.16
1741011.57,29.1,0.38,189683.89,3.17
1740984.04,29.1,0.39,189783.64,3.17
1740767.0,29.1,0.39,189794.53,3.17
1740551.51,29.1,0.39,189727.3,3.17
1740334.46,29.1,0.39,189721.72,3.17
1740306.93,29.11,0.39,189821.47,3.17
1740306.93,29.11,0.39,189821.47,3.17
1740277.85,29.11,0.39,189979.5,3.18
1740132.65,29.11,0.39,190383.38,3.19
1739838.05,29.11,0.39,190100.15,3.18
1739180.96,29.1,0.38,189388.71,3.17
1739180.96,29.1,0.38,189388.71,3.17
1739180.96,29.1,0.38,189388.71,3.17
1738809.02,29.1,0.38,189026.62,3.16
1738781.49,29.1,0.38,189126.37,3.17
1738781.49,29.1,0.38,189126.37,3.17
1738564.45,29.1,0.38,189137.26,3.17
1738941.0,29.11,0.39,189157.99,3.17
1738723.95,29.11,0.39,189669.06,3.18
1738508.46,29.11,0.39,189673.6,3.18
1738210.07,29.11,0.39,189674.02,3.18
1738210.07,29.11,0.39,189674.02,3.18
1738033.0,29.11,0.39,189419.59,3.17
1738247.89,29.12,0.39,189703.08,3.18
1738032.4,29.12,0.39,189694.39,3.18
1738032.4,29.12,0.39,189694.39,3.18
1738139.96,29.12,0.4,189943.49,3.18
1738112.43,29.13,0.4,190043.24,3.18
1735757.36,29.13,0.4,189992.71,3.19
1735540.32,29.13,0.4,190003.6,3.19
1735324.82,29.13,0.4,189994.91,3.19
1735019.21,29.13,0.4,190046.29,3.19
1735045.0,29.13,0.4,190286.12,3.19
1734827.96,29.13,0.4,190221.99,3.19
1734456.02,29.13,0.4,189921.15,3.19
1734240.53,29.13,0.4,189854.23,3.19
1733916.96,29.13,0.4,189828.62,3.19
1733609.02,29.13,0.4,189807.48,3.19
1733391.98,29.13,0.4,189801.59,3.19
1733176.49,29.13,0.4,189734.2,3.19
1732977.72,29.13,0.39,189594.8,3.19
1732760.67,29.13,0.39,189589.38,3.19
1732545.18,29.13,0.39,189522.45,3.19
1732516.1,29.14,0.4,189700.02,3.19
1732488.57,29.14,0.4,189633.66,3.19
1732703.46,29.15,0.41,190227.36,3.2
1732487.97,29.15,0.41,190159.91,3.2
1732192.17,29.15,0.41,190139.16,3.2
1731975.12,29.15,0.41,190133.79,3.2
1731676.22,29.15,0.41,190364.61,3.2
1731676.22,29.15,0.41,190364.61,3.2
1731794.77,29.15,0.41,190296.81,3.2
1731422.84,29.15,0.41,189909.08,3.2
1731531.95,29.15,0.41,189903.97,3.2
1731531.95,29.15,0.41,189903.97,3.2
1731314.9,29.16,0.41,190149.49,3.2
1731099.41,29.16,0.41,190154.03,3.2
1731070.33,29.16,0.41,190241.98,3.2
1731286.77,29.17,0.42,190315.23,3.21
1731069.73,29.17,0.42,190590.89,3.21
1730854.24,29.17,0.42,190523.97,3.21
1730637.19,29.17,0.42,190518.08,3.21
1730609.66,29.17,0.42,190617.83,3.21
1730392.62,29.17,0.42,190629.33,3.21
1728037.55,29.17,0.42,190578.8,3.22
1728010.02,29.18,0.42,190678.55,3.22
1727792.98,29.18,0.42,190671.28,3.22
1727992.45,29.18,0.43,190606.33,3.22
1727775.41,29.19,0.43,191004.99,3.23
1727559.91,29.19,0.43,191009.53,3.23
1727187.97,29.18,0.42,190647.8,3.22
1726970.93,29.18,0.42,190570.44,3.22
1726943.4,29.19,0.43,190670.2,3.22
1727050.96,29.19,0.43,190930.81,3.23
1726835.47,29.19,0.43,190935.35,3.23
1726535.53,29.19,0.43,191335.31,3.24
1726318.49,29.2,0.43,191257.95,3.23
1726102.99,29.2,0.43,191191.03,3.23
1725885.95,29.2,0.43,191185.14,3.23
1725670.46,29.2,0.43,191117.84,3.23
1725453.41,29.2,0.43,191112.33,3.23
1725237.92,29.2,0.43,191103.64,3.23
1725452.81,29.21,0.44,191400.35,3.24
1725237.32,29.21,0.44,191332.96,3.24
1725237.32,29.21,0.44,191332.96,3.24
1725020.28,29.21,0.44,191327.54,3.24
1725020.28,29.21,0.44,191327.54,3.24
1724804.78,29.21,0.44,191260.31,3.24
1724587.74,29.21,0.44,191254.72,3.24
1724587.74,29.21,0.44,191254.72,3.24
1724372.25,29.21,0.44,191187.8,3.24
1724167.38,29.21,0.43,190977.56,3.24
1723878.16,29.21,0.43,190899.53,3.23
1723661.12,29.21,0.43,190893.64,3.24
1723661.12,29.21,0.43,190893.64,3.24
1723661.12,29.21,0.43,190893.64,3.24
1723299.18,29.21,0.43,190602.8,3.23
1723083.69,29.21,0.43,190535.42,3.23
1722977.79,29.21,0.43,190099.02,3.22
1722977.79,29.21,0.43,190099.02,3.22
1722760.75,29.21,0.43,190093.59,3.22
1722544.56,29.21,0.43,189931.37,3.22
1722329.06,29.21,0.43,189864.94,3.22
1722299.98,29.22,0.43,190043.53,3.22
1722084.49,29.22,0.43,190034.85,3.22
1722307.54,29.22,0.44,190401.92,3.23
1722280.01,29.23,0.44,190501.68,3.23
1722250.93,29.23,0.44,190659.71,3.24
1722226.97,29.23,0.44,190722.31,3.24
1722011.47,29.24,0.44,190654.86,3.24
1721806.61,29.23,0.44,190444.62,3.23
1721498.66,29.23,0.44,191547.65,3.25
1721281.62,29.23,0.44,191542.28,3.25
1721066.13,29.24,0.44,191546.82,3.25
1720849.08,29.24,0.44,191469.47,3.25
1720479.0,29.23,0.44,191108.26,3.25
1720695.44,29.24,0.44,191181.52,3.25
1720392.15,29.24,0.44,193211.77,3.28
1720175.11,29.24,0.44,193487.44,3.29
1719959.61,29.24,0.44,193491.98,3.29
1719742.57,29.24,0.44,193414.62,3.29
1719457.32,29.24,0.44,193134.89,3.28
1719241.82,29.24,0.44,193126.2,3.28
1719212.74,29.24,0.44,193227.37,3.29
1719185.21,29.25,0.44,193327.13,3.29
1718968.17,29.25,0.44,193319.86,3.29
1718752.68,29.25,0.44,193252.94,3.29
1718535.63,29.25,0.44,193247.05,3.29
1718508.1,29.25,0.45,193346.8,3.29
1718479.03,29.26,0.45,193504.84,3.29
1718170.44,29.26,0.45,193338.5,3.29
1717798.5,29.25,0.44,192976.77,3.29
1717583.01,29.26,0.44,192910.34,3.29
1717583.01,29.26,0.44,192910.34,3.29
1717583.01,29.26,0.44,192910.34,3.29
1717365.96,29.26,0.44,192903.96,3.29
1717365.96,29.26,0.44,192903.96,3.29
1717150.47,29.26,0.44,192895.27,3.29
1717150.47,29.26,0.44,192895.27,3.29
1717121.39,29.26,0.45,192996.44,3.29
1716828.43,29.26,0.45,193040.08,3.29
1716623.56,29.26,0.44,192906.6,3.29
1716338.47,29.26,0.44,192634.87,3.28
1716310.94,29.26,0.45,192734.62,3.29
1716281.86,29.27,0.45,192892.66,3.29
1716281.86,29.27,0.45,192892.66,3.29
1716066.37,29.27,0.45,192825.36,3.29
1715740.64,29.26,0.45,192509.63,3.28
1715523.59,29.27,0.45,192504.12,3.28
1715308.1,29.27,0.45,192436.99,3.28
1715308.1,29.27,0.45,192415.3,3.28
1715020.88,29.26,0.44,192134.91,3.28
1714803.83,29.26,0.44,192129.23,3.28
1714588.34,29.27,0.44,192061.84,3.28
1714588.34,29.27,0.44,192084.17,3.28
1714371.3,29.27,0.44,192078.75,3.28
1714155.8,29.27,0.44,192011.83,3.28
1714126.72,29.27,0.44,192189.39,3.28
1713911.23,29.27,0.44,192122.16,3.28
1713911.23,29.27,0.44,192106.62,3.28
1713694.18,29.27,0.44,192101.03,3.28
1713426.01,29.28,0.45,192105.55,3.28
1713210.52,29.28,0.45,192038.63,3.28
1713425.41,29.28,0.45,192454.83,3.29
1713209.92,29.28,0.45,192387.53,3.29
1712992.88,29.29,0.45,192382.01,3.29
1712965.35,29.29,0.45,192481.77,3.29
1712936.27,29.29,0.46,192639.8,3.29
1712720.77,29.29,0.46,192572.5,3.29
1712720.77,29.29,0.46,192572.5,3.29
1712720.77,29.29,0.46,192572.5,3.29
1712503.73,29.29,0.46,192566.99,3.29
1712361.76,29.29,0.45,192393.0,3.29
1712146.26,29.29,0.45,192325.77,3.29
1711929.22,29.3,0.45,192320.19,3.29
1711901.69,29.3,0.46,192419.94,3.29
1712009.25,29.3,0.46,192680.55,3.3
1712009.25,29.3,0.46,192699.96,3.3
1711793.76,29.31,0.46,192633.03,3.3
1711576.71,29.31,0.46,192627.14,3.3
1711801.31,29.31,0.47,192562.68,3.3
1711772.23,29.32,0.47,193163.47,3.31
1711556.73,29.32,0.47,193168.01,3.31
1711271.65,29.32,0.47,193219.61,3.31
1711054.6,29.32,0.47,193142.25,3.31
1710839.11,29.32,0.47,193074.8,3.31
1710810.03,29.32,0.47,193238.74,3.31
1710810.03,29.32,0.47,193238.74,3.31
1710594.54,29.33,0.47,193171.35,3.31
1710377.49,29.33,0.47,193165.93,3.31
1710162.0,29.33,0.47,193098.54,3.31
1709791.91,29.32,0.47,192710.33,3.31
1709574.87,29.33,0.47,192704.9,3.31
1709251.31,29.33,0.47,192729.96,3.31
1709251.31,29.33,0.47,192729.96,3.31
1708966.22,29.33,0.47,192781.55,3.31
1708938.69,29.33,0.47,192881.31,3.31
1708718.72,29.33,0.47,192703.21,3.31
1708501.68,29.33,0.47,192695.94,3.31
1708286.18,29.33,0.47,192629.02,3.31
1708069.14,29.33,0.47,192623.13,3.31
1707853.65,29.33,0.47,192627.67,3.31
1708068.54,29.34,0.47,192911.15,3.31
1707770.41,29.34,0.47,192881.18,3.31
1707554.92,29.34,0.47,192813.79,3.31
1707337.88,29.34,0.47,192808.37,3.31
1707122.38,29.34,0.47,192740.98,3.31
1707016.49,29.34,0.48,192304.58,3.31
1706799.45,29.35,0.48,192299.16,3.31
1706583.95,29.35,0.48,192290.48,3.31
1706366.91,29.35,0.48,192226.35,3.31
1706162.04,29.35,0.47,192092.49,3.3
1706162.04,29.35,0.47,192092.49,3.3
1705946.55,29.35,0.47,192025.36,3.3
1705917.47,29.35,0.48,192203.14,3.31
1705701.98,29.35,0.48,192135.74,3.31
1705484.93,29.35,0.48,192130.32,3.31
1705260.74,29.35,0.47,191972.25,3.3
1705045.25,29.35,0.47,191976.79,3.3
1705045.25,29.35,0.47,191976.79,3.3
1704828.21,29.35,0.47,191899.44,3.3
1704640.72,29.35,0.47,191788.89,3.3
1704840.19,29.36,0.48,191723.93,3.3
1704840.19,29.36,0.48,191723.93,3.3
1704682.22,29.36,0.48,191565.97,3.3
1704918.35,29.36,0.48,191499.39,3.3
1704812.46,29.37,0.48,191062.99,3.29
1704485.99,29.36,0.48,191339.57,3.3
1704268.95,29.37,0.48,191738.22,3.3
1704243.74,29.37,0.48,191725.28,3.3
1704459.41,29.37,0.49,191711.79,3.3
1704097.47,29.37,0.49,191843.45,3.31
1703881.98,29.37,0.49,191850.86,3.31
1703664.94,29.37,0.49,191950.91,3.31
1703449.44,29.37,0.49,191942.23,3.31
1703233.25,29.37,0.48,191731.45,3.31
1703233.25,29.37,0.48,191731.45,3.31
1703016.21,29.37,0.48,191667.32,3.31
1700661.14,29.37,0.48,191616.79,3.31
1700445.64,29.37,0.48,191550.36,3.31
1700416.57,29.38,0.49,191728.95,3.31
1700416.57,29.38,0.49,191728.95,3.31
1700201.07,29.38,0.49,191661.56,3.31
1699984.03,29.38,0.49,191656.14,3.31
1699791.37,29.38,0.48,191465.45,3.31
1699900.48,29.38,0.49,191460.35,3.31
1699683.44,29.39,0.49,191705.87,3.31
1699467.94,29.39,0.49,191638.47,3.31
1699168.01,29.39,0.49,191539.31,3.31
1699275.57,29.39,0.49,191847.12,3.32
1699248.04,29.4,0.49,191946.87,3.32
1699031.0,29.4,0.49,191939.61,3.32
1699007.04,29.4,0.5,192002.2,3.32
1699223.48,29.41,0.5,192075.46,3.32
1699223.48,29.41,0.5,192075.46,3.32
1699194.4,29.41,0.51,192419.59,3.33
1698822.46,29.41,0.5,192170.78,3.33
1699038.91,29.41,0.51,192244.04,3.33
1698666.97,29.41,0.5,192103.71,3.33
1698881.86,29.41,0.51,192578.47,3.33
1698854.33,29.42,0.51,192678.23,3.34
1698637.29,29.42,0.51,192670.96,3.34
1698342.69,29.42,0.51,192387.74,3.33
1698127.19,29.42,0.51,192392.28,3.33
1698098.11,29.42,0.51,192480.22,3.33
1697726.18,29.42,0.5,192119.72,3.33
1697510.68,29.42,0.5,192111.03,3.33
1697216.08,29.41,0.5,191827.8,3.32
1697187.0,29.42,0.5,191928.98,3.33
1697029.04,29.42,0.5,191813.11,3.32
1696813.54,29.42,0.5,191817.65,3.33
1696921.1,29.42,0.5,192054.42,3.33
1696921.1,29.42,0.5,192035.7,3.33
1696707.93,29.42,0.5,192019.79,3.33
1696923.6,29.43,0.51,192008.41,3.33
1696708.11,29.43,0.51,192304.42,3.34
1696413.5,29.43,0.51,192020.3,3.33
1696196.46,29.43,0.51,192065.27,3.33
1695980.97,29.43,0.51,191997.97,3.33
1695707.31,29.43,0.5,191800.26,3.33
1695490.27,29.43,0.5,191794.75,3.33
1695274.78,29.43,0.5,191799.29,3.33
1695057.73,29.43,0.5,191721.94,3.33
1694842.24,29.43,0.5,191726.48,3.33
1694544.11,29.43,0.5,191762.51,3.33
1694327.07,29.43,0.5,191685.15,3.33
1694111.58,29.44,0.5,191618.23,3.33
1694111.58,29.44,0.5,191637.28,3.33
1694111.58,29.44,0.5,191618.23,3.33
1693889.27,29.43,0.5,191402.39,3.33
1693672.22,29.43,0.5,191396.5,3.33
1693672.22,29.43,0.5,191417.82,3.33
1693979.57,29.44,0.51,191354.28,3.33
1693664.48,29.44,0.5,191619.99,3.33
1693447.44,29.44,0.5,191523.45,3.33
1693231.94,29.44,0.5,191456.06,3.33
1693014.9,29.44,0.5,191450.64,3.33
1692987.37,29.45,0.51,191550.39,3.33
1692958.29,29.45,0.51,191708.42,3.33
1693166.58,29.46,0.51,191643.85,3.33
1692949.54,29.46,0.51,192047.55,3.34
1692734.05,29.46,0.51,192052.09,3.34
1692517.0,29.46,0.51,191974.74,3.34
1692517.0,29.46,0.51,191971.92,3.34
1692301.51,29.46,0.51,191904.62,3.34
1692084.47,29.46,0.51,191899.11,3.34
1692059.26,29.47,0.52,191886.17,3.34
1691842.99,29.47,0.52,191870.28,3.34
1691983.87,29.47,0.52,191937.39,3.34
1691768.37,29.47,0.52,192186.5,3.35
1691739.29,29.48,0.52,192277.73,3.35
1691711.76,29.48,0.53,192377.49,3.35
1691426.68,29.48,0.53,192353.09,3.35
1691128.55,29.48,0.53,192320.69,3.35
1690911.5,29.48,0.53,192331.58,3.35
1690883.97,29.49,0.53,192431.33,3.36
1690740.49,29.48,0.53,192258.88,3.35
1690523.44,29.49,0.53,192269.99,3.35
1690523.44,29.49,0.53,192269.99,3.35
1690307.95,29.49,0.53,192202.54,3.35
1690097.65,29.49,0.52,192033.05,3.35
1689718.39,29.48,0.52,191896.08,3.35
1689612.5,29.48,0.52,191459.69,3.34
1689395.45,29.48,0.52,191454.33,3.34
1689179.96,29.49,0.52,191445.64,3.34
1688962.92,29.49,0.52,191381.51,3.34
1688935.39,29.49,0.53,191481.27,3.34
1689096.42,29.5,0.53,191862.27,3.35
1688880.93,29.5,0.53,191795.35,3.35
1686322.37,29.49,0.53,191747.52,3.35
1686520.3,29.5,0.54,192148.15,3.36
1686492.77,29.5,0.54,192081.79,3.36
1686492.77,29.5,0.54,192081.79,3.36
1686275.72,29.51,0.54,192258.79,3.36
1686060.23,29.51,0.54,192250.11,3.36
1686060.23,29.51,0.54,192250.11,3.36
1685843.19,29.51,0.54,192185.98,3.36
1685627.69,29.51,0.54,192190.52,3.36
1685427.68,29.51,0.54,191951.34,3.36
1685210.64,29.51,0.54,191873.98,3.36
1685052.68,29.51,0.53,191738.68,3.36
1684767.59,29.51,0.53,191714.29,3.36
1684552.1,29.51,0.53,191647.16,3.36
1684335.05,29.51,0.53,191641.47,3.36
1684551.5,29.52,0.54,191714.73,3.36
1684179.56,29.51,0.54,191574.41,3.36
1684301.58,29.52,0.54,191766.99,3.36
1684084.54,29.52,0.54,191821.24,3.36
1684057.01,29.52,0.54,191921.0,3.36
1683839.97,29.52,0.54,191933.41,3.37
1683624.47,29.52,0.54,191866.11,3.36
1683339.22,29.52,0.54,191571.16,3.36
1683310.14,29.53,0.54,191749.11,3.36
1683024.16,29.52,0.54,191479.12,3.36
1683240.6,29.53,0.54,191552.38,3.36
1683211.52,29.53,0.55,191896.5,3.37
1682839.59,29.53,0.54,191647.7,3.36
1682543.78,29.53,0.54,191633.37,3.36
1682760.23,29.53,0.55,191706.62,3.36
1682760.23,29.53,0.55,191706.62,3.36
1682536.04,29.53,0.54,191567.11,3.36
1682318.99,29.53,0.54,191763.32,3.37
1682103.5,29.53,0.54,191696.4,3.37
1682074.42,29.54,0.55,191873.96,3.37
1681858.93,29.54,0.55,191806.83,3.37
1682073.82,29.55,0.55,192222.44,3.38
1681849.63,29.54,0.55,192004.34,3.37
1682066.08,29.55,0.56,192077.6,3.37
1682037.0,29.55,0.56,192421.73,3.38
1681665.06,29.55,0.55,192172.92,3.38
1681449.57,29.55,0.55,192164.24,3.38
1681150.66,29.55,0.55,192294.02,3.38
1680933.62,29.55,0.55,192229.89,3.38
1680933.62,29.55,0.55,192229.89,3.38
1681042.73,29.56,0.56,192224.78,3.38
1680744.6,29.56,0.56,192199.29,3.38
1680715.52,29.56,0.56,192564.77,3.39
1680715.52,29.56,0.56,192564.77,3.39
1680687.99,29.56,0.56,192664.52,3.39
1680470.95,29.57,0.56,192675.42,3.39
1680171.27,29.57,0.56,192556.74,3.39
1680387.72,29.57,0.57,192630.0,3.39
1680387.72,29.57,0.57,192630.0,3.39
1680387.72,29.57,0.57,192630.0,3.39
1680119.54,29.57,0.57,192634.52,3.39
1679902.5,29.57,0.57,192849.29,3.4
1679602.56,29.57,0.57,192903.68,3.4
1679387.07,29.58,0.57,192836.28,3.4
1679170.03,29.58,0.57,192830.86,3.4
1678875.42,29.57,0.57,192593.45,3.39
1678662.25,29.57,0.57,192578.28,3.39
1678445.99,29.58,0.57,192563.99,3.39
1678445.99,29.58,0.57,192563.99,3.39
1678445.99,29.58,0.57,192563.99,3.39
1678230.49,29.58,0.57,192560.15,3.39
1678013.45,29.58,0.57,192554.73,3.39
1677641.51,29.57,0.56,192253.89,3.39
1677343.38,29.57,0.56,192221.32,3.39
1677343.38,29.57,0.56,192221.32,3.39
1677452.49,29.58,0.57,192216.21,3.39
1677235.45,29.58,0.57,192462.63,3.39
1677451.89,29.59,0.57,192535.89,3.4
1677451.89,29.59,0.57,192535.89,3.4
1677342.18,29.59,0.57,192430.06,3.39
1676970.24,29.58,0.56,192289.74,3.39
1676753.2,29.58,0.56,192343.99,3.39
1676753.2,29.58,0.56,192343.99,3.39
1676537.7,29.59,0.56,192348.53,3.39
1676320.66,29.59,0.56,192271.18,3.39
1676105.17,29.59,0.57,192262.49,3.39
1675888.12,29.59,0.57,192198.36,3.39
1675672.63,29.59,0.57,192131.44,3.39
1675455.59,29.59,0.57,192125.55,3.39
1675240.09,29.59,0.57,192058.16,3.39
1675035.23,29.59,0.56,191847.02,3.39
1674818.18,29.59,0.56,191841.6,3.39
1674602.69,29.59,0.56,191832.91,3.39
1674573.61,29.6,0.57,191934.09,3.39
1674268.77,29.6,0.57,191398.51,3.38
1674053.27,29.6,0.57,191403.05,3.38
1674276.32,29.61,0.57,191756.9,3.39
1674060.82,29.61,0.57,191689.98,3.39
1673700.74,29.6,0.57,191338.77,3.38
1673483.69,29.6,0.57,191332.88,3.38
1673377.8,29.61,0.57,190896.49,3.38
1673377.8,29.61,0.57,190896.49,3.38
1673162.31,29.61,0.57,190941.18,3.38
1672945.26,29.61,0.57,190823.67,3.38
1672729.77,29.61,0.57,190756.28,3.38
1672700.69,29.61,0.57,190934.51,3.38
1672863.28,29.62,0.58,190869.64,3.38
1673078.17,29.63,0.58,191656.91,3.39
1672862.68,29.63,0.58,191589.52,3.39
1671700.12,29.63,0.58,192156.73,3.41
1671700.12,29.63,0.58,192156.73,3.41
1671328.18,29.62,0.58,191727.26,3.4
1671328.18,29.62,0.58,191727.26,3.4
1671040.1,29.62,0.57,191511.51,3.39
1671011.02,29.62,0.58,191689.55,3.4
1670795.53,29.63,0.58,191622.42,3.4
1670578.49,29.63,0.58,191616.74,3.4
1670578.49,29.63,0.58,191616.74,3.4
1670362.99,29.63,0.58,191621.28,3.4
1670737.99,29.64,0.58,192148.55,3.41
1670439.86,29.64,0.58,192325.57,3.41
1670224.37,29.64,0.58,192258.44,3.41
1670007.32,29.64,0.58,192252.75,3.41
1670007.32,29.64,0.58,192252.75,3.41
1669791.83,29.64,0.58,192185.62,3.41
1669489.76,29.64,0.58,191828.74,3.41
1669597.32,29.64,0.59,192137.19,3.41
1669381.82,29.65,0.59,192069.86,3.41
1669096.74,29.65,0.59,192863.77,3.43
1669096.74,29.65,0.59,192863.77,3.43
1668879.69,29.65,0.59,192858.28,3.43
1669096.14,29.65,0.59,192931.54,3.43
1668801.54,29.65,0.59,192647.42,3.42
1668772.46,29.65,0.59,192991.54,3.43
1668744.93,29.66,0.59,193091.3,3.43
1668372.99,29.65,0.59,192842.49,3.43
1668155.94,29.65,0.59,192853.38,3.43
1668155.94,29.65,0.59,192853.38,3.43
1667940.45,29.66,0.59,192785.93,3.43
1667723.41,29.66,0.59,192780.57,3.43
1667507.91,29.66,0.59,192713.64,3.43
1667290.87,29.66,0.59,192707.75,3.43
1667080.9,29.66,0.59,192540.01,3.43
1666865.41,29.66,0.59,192473.08,3.42
1666567.28,29.66,0.59,192579.86,3.43
1666350.24,29.66,0.59,192573.97,3.43
1666322.71,29.66,0.59,192673.73,3.43
1666322.71,29.66,0.59,192673.73,3.43
1666545.75,29.67,0.59,193110.72,3.44
1666402.73,29.67,0.59,192906.03,3.43
1666187.24,29.67,0.59,192910.57,3.44
1665970.2,29.67,0.59,192833.22,3.43
1666186.64,29.68,0.6,192906.47,3.44
1665969.6,29.68,0.6,193183.21,3.44
1665754.1,29.68,0.6,193116.29,3.44
1665537.06,29.68,0.6,193110.4,3.44
1663103.49,29.68,0.6,193059.86,3.45
1662806.42,29.68,0.59,192838.91,3.44
1663005.89,29.68,0.6,192773.95,3.44
1662788.85,29.69,0.6,193172.61,3.45
1662788.85,29.69,0.6,193172.61,3.45
1662573.35,29.69,0.6,193105.31,3.45
1662544.28,29.69,0.6,193283.26,3.45
1662172.34,29.69,0.6,192920.45,3.45
1662144.81,29.69,0.6,193020.2,3.45
1661927.76,29.69,0.6,193012.94,3.45
1661735.11,29.69,0.6,192822.69,3.45
1661519.61,29.69,0.6,192814.01,3.45
1661734.51,29.7,0.6,193110.72,3.45
1661706.98,29.7,0.61,193044.35,3.45
1661489.94,29.7,0.61,193221.36,3.45
1661302.44,29.7,0.61,193110.81,3.45
1661078.25,29.7,0.6,192952.74,3.45
1661078.25,29.7,0.6,192952.74,3.45
1661050.72,29.71,0.61,193052.49,3.45
1661021.64,29.71,0.61,193210.53,3.46
1661021.64,29.71,0.61,193210.53,3.46
1661021.64,29.71,0.61,193210.53,3.46
1660996.44,29.71,0.61,193197.58,3.46
1660780.17,29.71,0.61,193182.69,3.46
1660674.28,29.72,0.62,192746.29,3.45
1660981.63,29.72,0.62,193196.0,3.46
1660952.55,29.73,0.62,193563.4,3.46
1660737.05,29.73,0.62,193554.71,3.46
1660707.97,29.73,0.63,193655.88,3.47
1660492.48,29.73,0.63,193660.43,3.47
1660275.44,29.74,0.63,193583.07,3.47
1660086.47,29.73,0.63,193334.86,3.46
1659870.98,29.74,0.63,193267.72,3.46
1660094.02,29.74,0.63,193693.25,3.47
1659880.85,29.74,0.63,193673.88,3.47
1659852.55,29.75,0.63,193664.42,3.47
1659637.05,29.75,0.63,193916.03,3.48
1659420.01,29.75,0.63,193823.6,3.47
1659121.63,29.75,0.63,193753.42,3.47
1659121.63,29.75,0.63,193753.42,3.47
1659094.1,29.75,0.64,193687.06,3.47
1658877.05,29.76,0.64,193864.07,3.48
1658877.05,29.76,0.64,193864.07,3.48
1658661.56,29.76,0.64,193868.61,3.48
1658632.48,29.76,0.64,193956.56,3.48
1658416.99,29.76,0.64,193889.11,3.48
1658199.94,29.76,0.64,193883.74,3.48
1657984.45,29.77,0.64,193816.44,3.48
1657955.37,29.77,0.64,193994.39,3.48
1657927.84,29.77,0.64,194094.15,3.49
1657715.53,29.77,0.64,193887.87,3.48
1657407.59,29.77,0.64,193824.9,3.48
1657047.5,29.77,0.64,193473.7,3.48
1657018.42,29.77,0.64,193631.73,3.48
1656802.93,29.77,0.64,193564.43,3.48
1656585.89,29.77,0.64,193558.92,3.48
1656370.39,29.77,0.64,193491.79,3.48
1655994.66,29.77,0.64,193202.35,3.47
1655777.62,29.77,0.64,193196.66,3.47
1655562.13,29.78,0.64,193129.34,3.47
1655562.13,29.78,0.64,193147.98,3.47
1655562.13,29.78,0.64,193125.48,3.47
1655293.05,29.78,0.64,192975.68,3.47
1655076.01,29.78,0.64,192970.2,3.47
1654860.51,29.78,0.64,192902.87,3.47
1654552.57,29.78,0.64,194324.19,3.5
1654335.53,29.78,0.64,194318.7,3.5
1654335.53,29.78,0.64,194342.06,3.5
1654335.53,29.78,0.64,194340.41,3.5
1654120.04,29.78,0.64,194273.99,3.5
1654090.96,29.79,0.64,194452.57,3.5
1653875.46,29.79,0.64,194443.89,3.5
1653846.38,29.79,0.65,194545.06,3.5
1653846.38,29.79,0.65,194523.05,3.5
1653630.89,29.79,0.65,194527.59,3.5
1653413.85,29.79,0.65,194450.24,3.5
1653198.35,29.8,0.65,194441.55,3.5
1652981.31,29.8,0.65,194377.42,3.5
1652981.31,29.8,0.65,194400.78,3.5
1652691.44,29.8,0.65,193975.13,3.5
1652663.91,29.8,0.65,194074.88,3.5
1652446.87,29.8,0.65,194085.77,3.5
1652151.07,29.8,0.65,193983.65,3.5
1651935.57,29.8,0.65,193974.97,3.5
1651718.53,29.81,0.65,193910.84,3.5
1651503.04,29.81,0.65,193843.91,3.5
1651610.6,29.81,0.65,194152.2,3.5
1651395.1,29.81,0.65,194156.74,3.51
1651178.06,29.82,0.65,194079.38,3.5
1650962.57,29.82,0.65,194083.93,3.51
1650856.67,29.82,0.66,193647.53,3.5
1650639.63,29.82,0.66,193570.18,3.5
1650345.75,29.82,0.65,193397.37,3.49
1650130.26,29.82,0.65,193401.91,3.49
1649913.22,29.82,0.65,193324.56,3.49
1649697.72,29.82,0.65,193329.1,3.49
1649697.72,29.82,0.65,193312.92,3.49
1649480.68,29.82,0.65,193235.56,3.49
1649265.19,29.82,0.65,193168.17,3.49
1649048.14,29.83,0.65,193162.75,3.49
1648832.65,29.83,0.65,193154.06,3.49
1648615.6,29.83,0.65,193089.93,3.49
1648588.07,29.83,0.65,193189.69,3.5
1648588.07,29.83,0.65,193208.77,3.5
1648588.07,29.83,0.65,193208.77,3.5
1648371.03,29.83,0.65,193219.69,3.5
1648480.14,29.84,0.66,193154.19,3.5
1648263.1,29.84,0.66,193461.43,3.5
1647994.92,29.84,0.66,193458.45,3.5
1647999.08,29.85,0.66,193554.5,3.51
1647999.08,29.85,0.66,193554.5,3.51
1647794.21,29.84,0.66,193343.32,3.5
1647581.04,29.84,0.66,193325.81,3.5
1647804.86,29.85,0.67,193441.5,3.5
1647589.37,29.85,0.67,193312.75,3.5
1647589.37,29.85,0.67,193313.07,3.5
1647372.32,29.85,0.67,193745.7,3.51
1647100.41,29.85,0.66,193470.74,3.51
1646884.92,29.85,0.66,193475.29,3.51
1646855.84,29.86,0.67,193563.23,3.51
1646640.35,29.86,0.67,193495.93,3.51
1646423.3,29.86,0.67,193490.42,3.51
1646207.81,29.86,0.67,193423.29,3.51
1646422.7,29.87,0.67,193840.03,3.52
1646207.21,29.87,0.67,193773.11,3.52
1645990.17,29.87,0.67,193767.22,3.52
1645774.67,29.87,0.67,193758.53,3.52
1645557.63,29.87,0.67,193694.4,3.52
1645342.14,29.87,0.67,193685.72,3.52
1645125.09,29.88,0.67,193621.59,3.52
1645125.09,29.88,0.67,193621.59,3.52
1644763.15,29.87,0.67,193269.16,3.51
1644547.66,29.87,0.67,193201.78,3.51
1644547.66,29.87,0.67,193201.78,3.51
1644330.62,29.88,0.67,193196.35,3.51
1644115.12,29.88,0.67,193129.05,3.51
1644115.12,29.88,0.67,193129.05,3.51
1644115.12,29.88,0.67,193129.05,3.51
1643898.08,29.88,0.67,193123.54,3.51
1643898.08,29.88,0.67,193123.54,3.51
1643682.59,29.88,0.67,193056.41,3.51
1643682.59,29.88,0.67,193056.41,3.51
1643524.62,29.88,0.66,192903.25,3.51
1643216.68,29.88,0.66,192882.11,3.51
1643187.6,29.88,0.67,193059.89,3.51
1642972.11,29.88,0.67,192992.58,3.51
1642972.11,29.88,0.67,192992.58,3.51
1642672.17,29.88,0.67,192987.29,3.51
1642455.13,29.88,0.67,192981.78,3.51
1642564.24,29.89,0.67,192976.67,3.51
1642224.75,29.89,0.67,192631.23,3.51
1642019.89,29.88,0.67,192419.66,3.5
1641802.84,29.88,0.67,192666.08,3.51
1641775.31,29.89,0.67,192765.83,3.51
1641580.42,29.89,0.67,192578.49,3.51
1641795.32,29.89,0.67,192896.12,3.51
1641994.79,29.9,0.68,192831.17,3.51
1641777.75,29.9,0.68,193229.83,3.52
1641562.25,29.9,0.68,193163.4,3.52
1641264.13,29.9,0.68,193138.3,3.52
1640978.88,29.9,0.67,192843.36,3.51
1640978.88,29.9,0.67,192843.36,3.51
1640761.83,29.9,0.67,192836.97,3.51
1640389.89,29.9,0.67,192588.16,3.51
1640362.36,29.9,0.67,192687.92,3.51
1640145.32,29.9,0.67,192698.81,3.51
1640361.77,29.91,0.68,192772.07,3.51
1640332.69,29.91,0.68,193116.19,3.52
1640117.19,29.91,0.68,193048.89,3.52
1639745.25,29.91,0.67,192800.09,3.52
1639528.21,29.91,0.67,192794.58,3.52
1639370.25,29.91,0.67,192636.55,3.51
1639342.72,29.91,0.68,192736.3,3.52
1639313.64,29.92,0.68,192894.34,3.52
1639313.64,29.92,0.68,192894.34,3.52
1639098.14,29.92,0.68,192826.94,3.52
1638881.1,29.92,0.68,192821.52,3.52
1638665.61,29.92,0.68,192812.84,3.52
1638448.56,29.92,0.68,192748.71,3.52
1638235.39,29.92,0.68,192729.35,3.52
1638019.12,29.93,0.68,192719.05,3.52
1637721.0,29.93,0.68,192774.4,3.52
1637505.5,29.93,0.68,192884.74,3.53
1637476.42,29.93,0.68,192926.78,3.53
1637260.93,29.93,0.68,192859.48,3.53
1637043.89,29.93,0.68,192853.97,3.53
1636828.39,29.94,0.68,192786.64,3.53
1636546.4,29.94,0.68,192844.39,3.53
1636329.36,29.94,0.68,192838.9,3.53
1636113.87,29.94,0.68,192771.6,3.53
1636336.91,29.95,0.69,193197.31,3.54
1636309.38,29.95,0.69,193297.06,3.54
1636092.34,29.95,0.69,193307.95,3.54
1636092.34,29.95,0.69,193307.95,3.54
1636254.92,29.96,0.7,193243.08,3.54
1636037.88,29.96,0.7,193604.47,3.55
1635822.39,29.96,0.7,193595.78,3.55
1635605.34,29.96,0.7,193531.66,3.55
1635389.85,29.96,0.7,193522.97,3.55
1635360.77,29.97,0.7,193624.14,3.55
1635145.28,29.97,0.7,193628.69,3.55
1635252.84,29.97,0.7,193864.56,3.55
1635252.84,29.97,0.7,193864.56,3.55
1635037.34,29.98,0.7,193797.26,3.55
1635008.26,29.98,0.71,193975.2,3.56
1634638.17,29.98,0.7,193613.99,3.55
1634837.64,29.98,0.71,193549.03,3.55
1634808.57,29.99,0.71,194133.2,3.56
1634593.07,29.99,0.71,194065.75,3.56
1634376.03,29.99,0.71,194060.38,3.56
1634348.5,29.99,0.71,194160.14,3.56
1634319.42,30.0,0.72,194318.17,3.57
1634103.93,30.0,0.72,194250.78,3.57
1633886.88,30.0,0.72,194245.36,3.57
1634103.33,30.01,0.72,194318.61,3.57
1633945.36,30.0,0.72,194200.43,3.57
1633573.42,30.0,0.71,194060.11,3.56
1633573.42,30.0,0.71,194034.62,3.56
1633573.42,30.0,0.71,194060.89,3.56
1633544.34,30.0,0.72,194296.54,3.57
1633328.85,30.01,0.72,194230.11,3.57
1633111.81,30.01,0.72,194223.72,3.57
1632768.49,30.01,0.72,194139.41,3.57
1632984.93,30.01,0.72,194212.67,3.57
1632613.0,30.01,0.72,194072.34,3.57
1632395.95,30.01,0.72,194126.6,3.57
1632180.46,30.01,0.72,194059.27,3.57
1632151.38,30.02,0.72,194237.34,3.57
1631935.89,30.02,0.72,194170.42,3.57
1631718.84,30.02,0.72,194164.53,3.57
1631503.35,30.02,0.72,194097.6,3.57
1631474.27,30.02,0.72,194275.17,3.58
1631636.85,30.03,0.73,194210.3,3.57
1631607.77,30.04,0.73,194755.93,3.59
1631392.28,30.04,0.73,194688.7,3.58
1631363.2,30.04,0.73,194867.18,3.59
1631363.2,30.04,0.73,194849.15,3.59
1631257.31,30.04,0.74,194412.76,3.58
1631041.82,30.04,0.74,194417.3,3.58
1630824.77,30.05,0.74,194339.95,3.58
1630797.24,30.05,0.74,194439.7,3.58
1630768.16,30.05,0.74,194597.73,3.59
1630740.63,30.06,0.74,194697.49,3.59
1630711.55,30.06,0.75,194855.52,3.59
1630820.66,30.07,0.75,194850.41,3.59
1630603.62,30.07,0.75,195096.83,3.6
1630603.62,30.07,0.75,195118.93,3.6
1630388.13,30.07,0.75,195110.25,3.6
1630495.68,30.08,0.76,195359.35,3.6
1630720.28,30.08,0.76,195294.88,3.6
1630416.99,30.08,0.76,195420.1,3.61
1630118.86,30.08,0.76,195377.15,3.61
1629901.82,30.08,0.76,195800.0,3.61
1629686.32,30.09,0.76,195791.32,3.61
1629686.32,30.09,0.76,195769.31,3.61
1627331.25,30.09,0.76,195718.77,3.62
1627114.21,30.09,0.76,195654.64,3.62
1626806.4,30.09,0.76,196197.88,3.63
1626436.31,30.08,0.76,195836.67,3.62
1626148.23,30.08,0.76,195557.34,3.62
1625853.63,30.08,0.75,195274.12,3.61
1625826.1,30.08,0.75,195373.87,3.61
1625609.06,30.08,0.75,195366.6,3.62
1625393.56,30.08,0.75,195299.47,3.61
1625393.56,30.08,0.75,195299.84,3.61
1625070.0,30.08,0.75,195281.54,3.62
1625040.92,30.09,0.76,195459.34,3.62
1624745.12,30.09,0.76,195438.21,3.62
1624557.62,30.09,0.76,195327.66,3.62
1624532.42,30.09,0.76,195314.72,3.62
1624504.11,30.1,0.76,195302.14,3.62
1624288.62,30.1,0.76,195694.11,3.63
1624071.58,30.1,0.76,195639.18,3.63
1623856.08,30.1,0.76,195571.88,3.63
1623557.18,30.1,0.76,195845.2,3.63
1623340.14,30.1,0.76,195839.69,3.63
1623556.58,30.11,0.77,195912.94,3.63
1623339.54,30.11,0.77,196190.15,3.64
1623124.04,30.11,0.77,196194.69,3.64
1622907.0,30.11,0.77,196117.34,3.64
1623016.11,30.12,0.77,196112.23,3.64
1622799.07,30.12,0.77,196358.7,3.64
1622583.57,30.12,0.77,196292.27,3.64
1622366.53,30.13,0.77,196285.88,3.64
1622167.76,30.12,0.77,196039.54,3.64
1622276.87,30.13,0.78,196034.43,3.64
1622059.82,30.13,0.78,196280.85,3.65
1621844.33,30.13,0.78,196213.54,3.65
1621627.29,30.13,0.78,196208.04,3.65
1621411.79,30.13,0.78,196212.58,3.65
1621382.71,30.14,0.78,196300.53,3.65
1621167.22,30.14,0.78,196233.13,3.65
1621167.22,30.14,0.78,196256.92,3.65
1620950.18,30.14,0.78,196251.5,3.65
1620578.24,30.14,0.78,195888.22,3.64
1620550.71,30.14,0.78,195987.98,3.65
1620791.1,30.15,0.78,195706.69,3.64
1620791.1,30.15,0.78,195690.02,3.64
1620791.1,30.15,0.78,195690.02,3.64
1620574.06,30.15,0.78,195700.91,3.64
1620357.86,30.15,0.78,195538.69,3.64
1620142.37,30.15,0.78,195530.0,3.64
1619942.36,30.15,0.78,195334.84,3.64
1619913.28,30.15,0.78,195436.01,3.64
1619913.28,30.15,0.78,195455.11,3.64
1619697.79,30.15,0.78,195387.88,3.64
1619480.74,30.15,0.78,195382.29,3.64
1619186.14,30.15,0.78,195098.17,3.63
1618970.65,30.15,0.78,195089.48,3.63
1618753.6,30.15,0.78,195025.36,3.63
1618538.11,30.15,0.78,194957.96,3.63
1618321.07,30.16,0.78,194952.54,3.63
1618293.54,30.16,0.78,195052.3,3.64
1618264.46,30.16,0.78,195210.33,3.64
1618059.59,30.16,0.78,195000.09,3.63
1617846.42,30.16,0.78,194984.92,3.64
1617630.15,30.16,0.78,194970.41,3.64
1617414.66,30.17,0.78,195082.5,3.64
1617197.62,30.17,0.78,194961.37,3.64
1616982.12,30.17,0.78,194894.14,3.64
1616765.08,30.17,0.78,194888.56,3.64
1616549.59,30.17,0.78,194821.33,3.64
1616254.98,30.17,0.78,194537.15,3.63
1616037.94,30.17,0.78,194531.57,3.63
1615824.77,30.17,0.78,194514.39,3.63
1615824.77,30.17,0.78,194514.39,3.63
1615608.5,30.17,0.78,194502.6,3.63
1615393.01,30.18,0.78,194611.47,3.64
1614963.57,30.18,0.78,194581.89,3.64
1614768.68,30.18,0.77,194394.54,3.63
1614768.68,30.18,0.77,194394.54,3.63
1614483.59,30.18,0.77,194446.14,3.63
1614266.55,30.18,0.77,194327.52,3.63
1613986.63,30.18,0.77,193744.99,3.62
1613828.66,30.18,0.77,193587.35,3.62
1613828.66,30.18,0.77,193587.35,3.62
1613613.17,30.18,0.77,193697.1,3.62
1613396.13,30.18,0.77,193578.21,3.62
1613368.6,30.18,0.78,193677.97,3.62
1613151.55,30.19,0.78,193670.7,3.62
1613368.0,30.19,0.78,193743.96,3.63
1613226.03,30.19,0.78,193918.99,3.63
1613196.95,30.19,0.78,194046.82,3.63
1613504.29,30.2,0.79,194109.04,3.63
1613475.21,30.21,0.79,194522.51,3.64
1613286.25,30.2,0.79,194479.9,3.64
1613510.85,30.21,0.8,194415.43,3.64
1613293.8,30.21,0.8,194838.29,3.65
1613078.31,30.21,0.8,194842.84,3.65
1613185.87,30.22,0.8,195079.6,3.65
1612970.37,30.22,0.8,195070.92,3.65
1612753.33,30.22,0.8,195006.79,3.65
1612537.84,30.22,0.8,194998.11,3.65
1612320.79,30.23,0.8,194933.98,3.65
1612105.3,30.23,0.8,194938.52,3.66
1611888.26,30.23,0.8,194861.16,3.65
1611860.73,30.23,0.8,194960.92,3.66
1611831.65,30.24,0.81,195118.95,3.66
1611616.15,30.24,0.81,195051.65,3.66
1611399.11,30.24,0.81,195046.14,3.66
1611183.62,30.24,0.81,195037.45,3.66
1610966.57,30.24,0.81,194973.32,3.66
1610751.08,30.25,0.81,194906.02,3.66
1610534.04,30.25,0.81,194900.51,3.66
1610506.51,30.25,0.81,195000.26,3.66
1610289.46,30.25,0.81,195011.16,3.66
1610073.97,30.25,0.81,194943.93,3.66
1609856.93,30.26,0.81,194938.35,3.66
1609829.4,30.26,0.81,195038.1,3.67
1609612.35,30.26,0.81,195030.83,3.67
1609396.86,30.26,0.81,195035.38,3.67
1609234.07,30.26,0.81,195204.42,3.67
1609017.03,30.27,0.81,195127.06,3.67
1608801.53,30.27,0.81,195059.73,3.67
1608480.29,30.27,0.81,195043.53,3.67
1608480.29,30.27,0.81,195021.14,3.67
1608186.42,30.26,0.81,194710.68,3.66
1608186.42,30.26,0.81,194710.68,3.66
1608186.42,30.26,0.81,194710.45,3.66
1607969.37,30.26,0.81,194704.96,3.66
1607969.37,30.26,0.81,194731.17,3.67
1607941.84,30.27,0.81,194830.93,3.67
1607724.8,30.27,0.81,194827.66,3.67
1607566.84,30.27,0.81,194670.01,3.67
1607098.01,30.26,0.81,194146.04,3.66
1607409.14,30.27,0.81,193718.25,3.65
1607409.14,30.27,0.81,193703.04,3.65
1607381.61,30.28,0.82,193802.79,3.65
1607109.7,30.27,0.81,193535.73,3.65
1607217.26,30.28,0.82,193796.35,3.65
1607001.77,30.28,0.82,193728.9,3.65
1606709.32,30.28,0.82,193719.79,3.65
1606414.72,30.28,0.81,193435.66,3.65
1606555.59,30.28,0.82,193502.77,3.65
1606335.63,30.28,0.82,193304.88,3.64
1606335.63,30.28,0.82,193304.88,3.64
1606306.55,30.28,0.82,193468.82,3.65
1606091.05,30.28,0.82,193401.69,3.65
1606061.97,30.29,0.82,193579.46,3.65
1605846.48,30.29,0.82,193584.0,3.65
1605629.44,30.29,0.82,193506.65,3.65
1605413.94,30.29,0.82,193511.19,3.65
1605196.9,30.3,0.82,193433.83,3.65
1605169.37,30.3,0.82,193533.59,3.65
1604952.33,30.3,0.82,193544.48,3.65
1604924.8,30.31,0.83,193644.24,3.66
1604707.75,30.31,0.83,193636.97,3.66
1604328.49,30.3,0.82,193500.0,3.65
1604544.94,30.31,0.83,193573.26,3.66
1604327.89,30.31,0.83,193848.2,3.66
1604033.29,30.31,0.83,193610.79,3.66
1603661.35,30.3,0.82,193249.78,3.65
1603445.86,30.3,0.82,193182.45,3.65
1603228.82,30.31,0.82,193176.96,3.65
1603013.32,30.31,0.82,193109.51,3.65
1603319.12,30.32,0.83,193626.55,3.66
1603211.24,30.31,0.83,193454.33,3.66
1602995.75,30.32,0.83,193387.03,3.66
1602778.71,30.32,0.83,193381.52,3.66
1602563.21,30.32,0.83,193315.09,3.66
1602429.31,30.32,0.83,193608.36,3.66
1602400.23,30.33,0.83,193785.92,3.67
1602184.73,30.33,0.83,193790.46,3.67
1602399.63,30.33,0.84,194073.95,3.67
1602184.13,30.34,0.84,194065.26,3.67
1601812.2,30.33,0.83,193764.42,3.67
1601595.15,30.33,0.83,193700.29,3.67
1601379.66,30.33,0.83,193633.16,3.67
1601162.62,30.34,0.83,193627.48,3.67
1600947.12,30.34,0.83,193560.09,3.67
1600467.36,30.33,0.83,193147.61,3.66
1600682.26,30.34,0.83,193563.92,3.67
1600682.26,30.34,0.83,193579.31,3.67
1600654.73,30.34,0.84,193679.06,3.67
1600654.73,30.34,0.84,193668.54,3.67
1600654.73,30.34,0.84,193681.81,3.67
1599792.75,30.35,0.84,193643.09,3.67
1599575.71,30.35,0.84,193654.08,3.67
1598977.39,30.35,0.84,193578.61,3.67
1598949.86,30.36,0.84,193678.36,3.68
1598920.78,30.36,0.84,193836.39,3.68
1598705.28,30.36,0.84,193769.26,3.68
1598903.21,30.37,0.85,194170.1,3.69
1598578.87,30.37,0.85,194225.45,3.69
1598363.37,30.37,0.85,194158.22,3.69
1598146.33,30.37,0.85,194152.64,3.69
1597822.77,30.37,0.85,194157.79,3.69
1597607.27,30.37,0.85,194149.11,3.69
1597390.23,30.37,0.85,194084.98,3.69
1597028.29,30.37,0.84,193733.25,3.68
1596812.8,30.37,0.84,193737.79,3.68
1597027.69,30.38,0.85,194021.27,3.69
1596655.75,30.37,0.84,193720.43,3.69
1596440.26,30.38,0.85,193653.21,3.68
1596140.33,30.38,0.85,193707.6,3.69
1595923.28,30.38,0.85,193702.01,3.69
1595895.75,30.38,0.85,193801.76,3.69
1595560.79,30.38,0.84,193531.58,3.68
1595343.74,30.38,0.84,193543.47,3.69
1595343.74,30.38,0.84,193543.47,3.69
1595128.25,30.38,0.84,193548.01,3.69
1595343.15,30.39,0.85,193831.49,3.69
1595127.65,30.39,0.85,193764.57,3.69
1594935.0,30.39,0.85,193573.89,3.69
1594717.95,30.39,0.85,193568.0,3.69
1594502.46,30.39,0.85,193500.77,3.69
1594502.46,30.39,0.85,193500.77,3.69
1594285.42,30.39,0.85,193495.18,3.69
1594069.92,30.39,0.85,193428.26,3.69
1593852.88,30.4,0.85,193422.37,3.69
1593517.18,30.39,0.85,193305.17,3.69
1593489.65,30.4,0.85,193404.92,3.69
1593272.6,30.4,0.85,193416.42,3.69
1593057.11,30.4,0.85,193420.96,3.69
1592840.07,30.4,0.85,193343.61,3.69
1592624.57,30.41,0.85,193276.28,3.69
1592407.53,30.41,0.85,193270.79,3.69
1592192.04,30.41,0.85,193203.4,3.69
1591820.1,30.4,0.84,192902.56,3.68
1591791.02,30.41,0.85,193080.79,3.69
1592007.46,30.42,0.85,193154.05,3.69
1591635.52,30.41,0.85,193013.72,3.69
1591418.48,30.41,0.85,193067.98,3.69
1591418.48,30.41,0.85,193067.98,3.69
1591634.93,30.42,0.85,193141.23,3.69
1591361.27,30.42,0.85,193227.83,3.69
1591144.23,30.42,0.85,193131.12,3.69
1591360.67,30.43,0.86,193204.37,3.69
1591143.63,30.43,0.86,193480.4,3.7
1590928.14,30.43,0.86,193413.07,3.7
1590705.83,30.43,0.85,193197.23,3.7
1590813.39,30.43,0.86,193504.97,3.7
1590539.74,30.43,0.86,193237.37,3.7
1590514.53,30.43,0.86,193224.43,3.7
1590298.26,30.43,0.86,193208.54,3.7
1590082.77,30.44,0.86,193452.49,3.7
1590297.66,30.44,0.86,193717.96,3.71
1590082.17,30.44,0.86,193722.5,3.71
1590082.17,30.44,0.86,193722.5,3.71
1589865.12,30.45,0.86,193645.14,3.71
1589649.63,30.45,0.86,193649.69,3.71
1589649.63,30.45,0.86,193649.69,3.71
1589649.63,30.45,0.86,193649.69,3.71
1589277.69,30.44,0.86,193371.77,3.7
1589060.65,30.45,0.86,193294.41,3.7
1588766.05,30.44,0.86,193011.18,3.7
1589142.59,30.45,0.86,193031.92,3.7
1588984.63,30.45,0.86,192874.26,3.7
1588699.54,30.45,0.86,192925.86,3.7
1588482.5,30.45,0.86,193437.04,3.71
1588184.11,30.45,0.86,193367.11,3.71
1588184.11,30.45,0.86,193367.11,3.71
1587882.04,30.45,0.86,193010.13,3.7
1587789.19,30.45,0.86,192624.42,3.69
1587869.13,30.46,0.87,192989.33,3.7
1587579.91,30.46,0.87,192787.22,3.7
1587602.39,30.46,0.87,193031.66,3.7
1587004.07,30.46,0.87,192956.18,3.7
1586735.9,30.46,0.87,192953.1,3.7
1586437.77,30.46,0.87,192928.11,3.7
1586139.64,30.46,0.87,193169.73,3.71
1585844.61,30.46,0.87,193236.77,3.71
1585576.44,30.46,0.87,193229.35,3.71
1585576.44,30.46,0.87,193229.35,3.71
1585304.26,30.46,0.87,193054.71,3.71
1585003.2,30.46,0.87,192755.32,3.7
1583813.01,30.46,0.87,192725.77,3.71
1583531.93,30.46,0.87,193206.55,3.72
1583263.75,30.46,0.87,193188.53,3.72
1583292.9,30.46,0.87,193244.34,3.72
1583292.9,30.46,0.87,193244.34,3.72
1582994.77,30.46,0.87,193205.17,3.72
1582994.77,30.46,0.87,193205.17,3.72
1582994.77,30.46,0.87,193205.17,3.72
1582903.08,30.47,0.88,193191.6,3.72
1582903.08,30.47,0.88,193191.6,3.72
1582903.08,30.47,0.88,193191.6,3.72
1582903.08,30.47,0.88,193191.6,3.72
1582903.08,30.47,0.88,193191.6,3.72
1582683.11,30.46,0.87,193013.85,3.72
1582374.4,30.46,0.87,192832.99,3.71
1582076.27,30.46,0.87,192800.99,3.71
1581780.46,30.46,0.87,193559.22,3.73
1581499.38,30.47,0.88,193552.29,3.73
1581174.27,30.46,0.88,193478.23,3.73
1580838.57,30.46,0.87,193738.54,3.73
1580570.39,30.46,0.88,193743.06,3.73
1580272.27,30.47,0.88,193710.47,3.73
1580272.27,30.47,0.88,193710.47,3.73
1580272.27,30.47,0.88,193711.73,3.73
1580153.46,30.47,0.88,193515.57,3.73
1580153.46,30.47,0.88,193514.57,3.73
1580033.11,30.47,0.88,193553.51,3.73
1579734.98,30.47,0.88,193628.84,3.73
1579436.85,30.47,0.88,193696.39,3.74
1579436.85,30.47,0.88,193674.11,3.74
1579278.89,30.47,0.88,193542.67,3.73
1578989.01,30.46,0.87,193262.22,3.73
1578735.43,30.47,0.88,193997.37,3.74
1578735.43,30.47,0.88,193997.37,3.74
1578447.24,30.47,0.88,193320.79,3.73
1578447.24,30.47,0.88,193320.79,3.73
1578065.58,30.46,0.87,193105.73,3.73
1577887.35,30.46,0.87,192615.38,3.72
1577593.23,30.46,0.87,191916.82,3.71
1577297.42,30.46,0.87,192767.93,3.72
1577132.66,30.46,0.87,193082.73,3.73
1576834.27,30.46,0.87,193012.55,3.73
1576646.78,30.47,0.88,192985.28,3.73
1576378.6,30.47,0.88,192982.31,3.73
1576080.48,30.47,0.88,192957.21,3.73
1575782.35,30.47,0.88,193032.93,3.73
1575811.49,30.47,0.88,192997.82,3.73
1575515.69,30.47,0.88,192949.88,3.73
1575422.84,30.47,0.88,192538.62,3.72
1575422.84,30.47,0.88,192538.62,3.72
1575422.84,30.47,0.88,192538.62,3.72
1575123.93,30.47,0.88,193192.27,3.74
1575123.93,30.47,0.88,193192.27,3.74
1574855.76,30.48,0.88,193194.61,3.74
1574557.63,30.48,0.88,193164.76,3.74
1574465.94,30.48,0.89,192675.91,3.73
1574595.99,30.48,0.89,193414.43,3.74
1574297.86,30.48,0.89,193497.06,3.75
1573999.73,30.48,0.89,193567.52,3.75
1573999.73,30.48,0.89,193567.52,3.75
1573999.73,30.48,0.89,193567.52,3.75
1573703.93,30.48,0.89,193517.3,3.75
1573602.94,30.49,0.9,193372.74,3.75
1573602.94,30.49,0.9,193372.74,3.75
1573345.25,30.48,0.89,193101.54,3.74
1573036.66,30.48,0.89,193087.08,3.74
1573036.66,30.48,0.89,193087.08,3.74
1573036.66,30.48,0.89,193087.08,3.74
1572737.76,30.48,0.89,193280.6,3.75
1572448.54,30.48,0.89,193014.13,3.74
1572154.93,30.48,0.89,193019.17,3.74
1572154.93,30.48,0.89,193019.17,3.74
1571846.99,30.48,0.89,192982.03,3.74
1571538.4,30.48,0.89,192929.09,3.74
1571432.51,30.49,0.9,192492.7,3.73
1571058.55,30.49,0.9,192205.29,3.73
1570790.38,30.49,0.9,192207.63,3.73
1570680.48,30.49,0.9,192189.52,3.73
1570382.36,30.49,0.9,192174.19,3.73
1570382.36,30.49,0.9,192174.19,3.73
1570382.36,30.49,0.9,192174.19,3.73
1570382.36,30.49,0.9,192174.19,3.73
1570382.36,30.49,0.9,192174.19,3.73
1570084.23,30.49,0.9,192212.19,3.73
1570233.23,30.49,0.9,192188.92,3.73
1569934.33,30.5,0.9,192167.05,3.73
1569963.47,30.5,0.91,192933.03,3.75
1569963.47,30.5,0.91,192933.03,3.75
1569663.79,30.5,0.91,192906.31,3.75
1569366.52,30.5,0.91,192598.22,3.74
1569260.63,30.5,0.91,192161.83,3.73
1569260.63,30.5,0.91,192161.83,3.73
1569260.63,30.5,0.91,192161.83,3.73
1568975.54,30.5,0.91,192213.87,3.74
1568975.54,30.5,0.91,192213.87,3.74
1568671.47,30.5,0.91,193702.64,3.77
1568483.98,30.5,0.91,193592.09,3.76
1568215.81,30.5,0.91,193588.8,3.77
1568215.81,30.5,0.91,193588.8,3.77
1567917.68,30.5,0.91,193564.02,3.77
1567532.88,30.5,0.91,193387.55,3.76
1567426.99,30.5,0.91,192951.16,3.75
1567426.99,30.5,0.91,192951.16,3.75
1567053.03,30.5,0.91,192663.75,3.75
1566754.9,30.5,0.91,192760.54,3.75
1566645.0,30.5,0.91,192686.43,3.75
1566537.43,30.5,0.91,192673.31,3.75
1566565.8,30.51,0.92,193150.83,3.76
1566455.91,30.51,0.92,193327.12,3.77
1566344.46,30.51,0.92,193510.94,3.77
1566344.46,30.51,0.92,193510.94,3.77
1566344.46,30.51,0.92,193510.94,3.77
1566076.29,30.51,0.92,193515.46,3.77
1566076.29,30.51,0.92,193515.46,3.77
1566076.29,30.51,0.92,193515.46,3.77
1565778.16,30.51,0.92,193553.56,3.77
1565480.03,30.51,0.92,193515.01,3.77
1565181.91,30.51,0.92,193645.88,3.78
1565074.34,30.52,0.93,193502.9,3.77
1564775.43,30.52,0.93,193471.29,3.77
1564855.38,30.52,0.93,193836.44,3.78
1564855.38,30.52,0.93,193855.08,3.78
1564855.38,30.52,0.93,193832.59,3.78
1564557.25,30.52,0.93,194140.44,3.79
1564257.57,30.52,0.93,193990.27,3.79
1564257.57,30.52,0.93,194013.1,3.79
1563989.4,30.52,0.93,193997.96,3.79
1563691.27,30.52,0.93,193985.03,3.79
1563351.39,30.52,0.93,193654.59,3.78
1563143.86,30.52,0.93,193445.54,3.78
1563143.86,30.52,0.93,193445.54,3.78
1562845.73,30.52,0.93,193504.2,3.78
1562739.84,30.52,0.93,193067.8,3.77
1562715.88,30.52,0.93,193130.4,3.77
1562715.88,30.52,0.93,193115.77,3.77
1562605.99,30.52,0.93,193076.11,3.77
1562498.42,30.53,0.94,193061.45,3.77
1562199.51,30.53,0.94,193305.08,3.78
1562421.0,30.53,0.94,193045.29,3.77
1562421.0,30.53,0.94,193061.72,3.77
1562121.33,30.53,0.94,193936.75,3.79
1561760.22,30.53,0.94,193571.63,3.78
1561760.22,30.53,0.94,193571.63,3.78
1561760.22,30.53,0.94,193556.43,3.78
1561492.05,30.53,0.94,193558.76,3.78
1561492.05,30.53,0.94,193558.76,3.78
1561193.92,30.53,0.94,193536.36,3.78
1560896.65,30.53,0.94,193448.73,3.78
1560896.65,30.53,0.94,193448.73,3.78
1560598.52,30.53,0.94,193480.91,3.78
1560300.4,30.53,0.94,193459.34,3.79
1560192.83,30.53,0.94,193436.67,3.79
1560511.82,30.54,0.95,192905.99,3.77
1560603.97,30.54,0.95,193673.93,3.79
1560603.97,30.54,0.95,193673.93,3.79
1560512.97,30.54,0.95,193512.87,3.79
1560214.07,30.54,0.95,193754.81,3.79
1559915.94,30.54,0.95,193504.25,3.79
1560061.07,30.55,0.96,194116.15,3.8
1559792.9,30.55,0.96,194113.06,3.8
1559933.77,30.55,0.96,194180.16,3.8
1559648.68,30.55,0.96,194232.2,3.81
1559648.68,30.55,0.96,194232.2,3.81
1559538.79,30.56,0.97,194207.94,3.81
1559153.99,30.55,0.96,193815.44,3.8
1559048.1,30.56,0.96,193379.05,3.79
1558816.88,30.55,0.96,193242.88,3.79
1558629.39,30.55,0.96,193132.33,3.79
1558331.26,30.55,0.96,193188.25,3.79
1558225.37,30.56,0.97,192751.86,3.78
1558225.37,30.56,0.97,192751.86,3.78
1557851.41,30.56,0.96,192464.46,3.78
1558170.41,30.56,0.97,191933.78,3.76
1557872.28,30.56,0.97,191889.53,3.76
1557764.71,30.57,0.98,191870.3,3.76
1557889.29,30.57,0.98,192641.46,3.78
1557781.32,30.57,0.98,192550.57,3.78
1557781.32,30.57,0.98,192550.57,3.78
1557053.44,30.56,0.97,191778.61,3.76
1556754.54,30.56,0.97,192090.16,3.77
1556454.6,30.56,0.97,192288.41,3.78
1556156.48,30.56,0.97,192020.2,3.77
1555856.8,30.56,0.97,192335.71,3.78
1555588.62,30.56,0.97,192338.05,3.78
1555588.62,30.56,0.97,192338.05,3.78
1555290.5,30.56,0.97,192312.35,3.78
1555290.5,30.56,0.97,192312.35,3.78
1554992.37,30.56,0.97,192373.16,3.78
1554694.24,30.56,0.97,192340.46,3.78
1554694.24,30.56,0.97,192340.46,3.78
1554398.7,30.56,0.97,192048.15,3.78
1554291.13,30.56,0.97,192015.23,3.78
1554291.13,30.56,0.97,191990.9,3.78
1554319.5,30.57,0.97,192447.08,3.78
1554319.5,30.57,0.97,192473.29,3.79
1554021.37,30.57,0.97,192155.33,3.78
1554021.37,30.57,0.97,192158.44,3.78
1553721.69,30.57,0.97,192511.43,3.79
1553436.6,30.57,0.98,192563.03,3.79
1553139.33,30.56,0.97,192261.83,3.78
1553166.68,30.57,0.98,192253.61,3.78
1553246.62,30.57,0.98,192893.94,3.8
1553140.73,30.58,0.98,192457.55,3.79
1553296.77,30.58,0.99,192700.14,3.79
1553190.88,30.58,0.99,192263.75,3.79
1552895.15,30.58,0.99,191898.56,3.78
1552521.19,30.58,0.99,191611.16,3.77
1552253.01,30.58,0.99,191615.68,3.77
1551913.14,30.58,0.98,191343.28,3.77
1552059.81,30.58,0.99,191317.87,3.77
1551949.92,30.58,0.99,191309.64,3.77
1552268.92,30.59,1.0,190778.97,3.76
1551970.79,30.59,1.0,190816.87,3.76
1551647.22,30.59,1.0,190786.47,3.76
1551351.42,30.59,1.0,190759.02,3.76
1551052.52,30.59,1.0,190739.44,3.76
1551052.52,30.59,1.0,190739.44,3.76
1550754.39,30.59,1.0,191225.01,3.77
1550642.95,30.59,1.0,191479.82,3.78
1550374.77,30.59,1.0,191478.89,3.78
1550138.02,30.59,1.0,191308.37,3.78
1550212.77,30.6,1.0,192022.97,3.79
1549914.64,30.6,1.01,191995.83,3.79
1549616.51,30.6,1.01,192169.3,3.79
1549616.51,30.6,1.01,192147.57,3.79
1549616.51,30.6,1.01,192172.17,3.79
1549645.65,30.6,1.01,192160.77,3.79
1549349.85,30.6,1.01,192942.44,3.81
1549487.68,30.61,1.02,192179.6,3.8
1548924.08,30.6,1.01,191581.88,3.78
1548655.91,30.6,1.01,191586.4,3.79
1548357.78,30.6,1.01,191553.81,3.79
1548357.78,30.6,1.01,191553.81,3.79
1548386.92,30.61,1.02,191617.58,3.79
1548079.89,30.61,1.01,192300.9,3.8
1547771.3,30.61,1.01,192101.95,3.8
1547473.17,30.61,1.01,192052.82,3.8
1547175.9,30.6,1.01,191816.01,3.79
1547324.9,30.61,1.02,191796.87,3.79
1547026.0,30.61,1.02,192180.82,3.8
1546727.87,30.61,1.02,192257.28,3.8
1546727.87,30.61,1.02,192257.28,3.8
1546428.19,30.61,1.02,192397.02,3.81
1546428.19,30.61,1.02,192394.11,3.81
1546428.19,30.61,1.02,192394.11,3.81
1546160.02,30.61,1.02,192392.86,3.81
1546160.02,30.61,1.02,192392.86,3.81
1546050.13,30.61,1.02,192371.63,3.81
1545752.0,30.61,1.02,192421.01,3.81
1545752.0,30.61,1.02,192439.65,3.81
1545752.0,30.61,1.02,192421.01,3.81
1545453.87,30.61,1.02,192380.48,3.81
1545164.67,30.61,1.02,192085.36,3.81
1544867.4,30.61,1.01,191943.81,3.8
1544571.6,30.61,1.01,191921.32,3.8
1544460.93,30.61,1.02,192272.18,3.81
1544162.8,30.61,1.02,192044.27,3.81
1543866.66,30.61,1.02,192286.91,3.81
1543481.85,30.6,1.01,191900.35,3.8
1543375.96,30.61,1.01,191463.96,3.8
1543532.0,30.61,1.02,191706.56,3.8
1543263.83,30.61,1.02,191705.3,3.8
1543106.08,30.61,1.02,191547.55,3.8
1543106.08,30.61,1.02,191567.29,3.8
1543106.08,30.61,1.02,191567.29,3.8
1543106.08,30.61,1.02,191567.29,3.8
1543252.75,30.62,1.02,191542.46,3.8
1543252.75,30.62,1.02,191542.46,3.8
1542954.63,30.62,1.02,191834.85,3.81
1542656.5,30.62,1.02,191598.78,3.8
1542360.69,30.62,1.02,191537.5,3.8
1542079.61,30.62,1.03,192337.17,3.82
1541960.81,30.62,1.03,192121.78,3.82
1541673.16,30.62,1.03,192115.86,3.82
1541673.16,30.62,1.03,192115.86,3.82
1541823.9,30.63,1.03,192111.32,3.82
1541525.78,30.63,1.03,192089.47,3.82
1541525.78,30.63,1.03,192069.91,3.82
1541525.78,30.63,1.03,192069.91,3.82
1541525.78,30.63,1.03,192092.4,3.82
1541525.78,30.63,1.03,192092.4,3.82
1541227.65,30.63,1.03,192165.08,3.82
1540929.52,30.63,1.03,192116.75,3.82
1541078.52,30.63,1.04,192086.23,3.82
1541078.52,30.63,1.04,192041.0,3.82
1540915.6,30.63,1.04,191936.35,3.82
1540943.97,30.64,1.04,193281.55,3.84
1540943.97,30.64,1.04,193327.24,3.84
1540943.97,30.64,1.04,193327.24,3.84
1540675.8,30.64,1.04,193312.1,3.84
1540574.81,30.64,1.05,193082.64,3.84
1540287.17,30.64,1.05,193211.03,3.84
1540314.51,30.64,1.05,193142.71,3.84
1540014.45,30.64,1.05,193315.05,3.85
1540135.24,30.65,1.06,193349.16,3.85
1539750.21,30.65,1.05,193127.88,3.84
1539452.09,30.65,1.05,193102.08,3.84
1539153.96,30.65,1.05,193076.98,3.84
1539153.96,30.65,1.05,193031.29,3.84
1538858.15,30.65,1.05,193451.97,3.85
1538559.25,30.65,1.05,193363.69,3.85
1538291.08,30.65,1.05,193368.21,3.85
1537992.95,30.65,1.05,193335.62,3.85
1537694.82,30.65,1.05,193432.41,3.86
1537593.84,30.65,1.06,193168.22,3.85
1537285.25,30.65,1.06,193694.87,3.86
1534851.68,30.65,1.06,193644.34,3.87
1534998.36,30.66,1.06,193602.63,3.87
1534840.39,30.65,1.06,193449.2,3.86
1534840.39,30.65,1.06,193449.2,3.86
1534544.59,30.65,1.06,193388.2,3.86
1534245.69,30.65,1.06,193869.79,3.87
1533956.47,30.65,1.06,193562.01,3.87
1533668.82,30.66,1.06,193843.59,3.87
1533263.08,30.65,1.06,193431.66,3.87
1532994.91,30.65,1.06,193430.4,3.87
1532696.78,30.65,1.06,193403.59,3.87
1532398.65,30.65,1.06,193462.01,3.87
1532100.52,30.65,1.06,193419.45,3.87
1531825.38,30.65,1.06,193118.61,3.86
1531667.42,30.65,1.05,192960.64,3.86
1531559.85,30.65,1.06,192941.27,3.86
1531559.85,30.65,1.06,192941.27,3.86
1531270.65,30.64,1.05,192644.37,3.86
1531159.98,30.65,1.05,192636.17,3.86
1531306.65,30.65,1.06,193304.24,3.87
1531306.65,30.65,1.06,193304.24,3.87
1531306.65,30.65,1.06,193304.24,3.87
1531006.98,30.65,1.06,193264.59,3.87
1530738.8,30.65,1.06,193246.58,3.87
1530767.95,30.66,1.07,193302.39,3.87
1530767.95,30.66,1.07,193302.39,3.87
1530767.95,30.66,1.07,193302.39,3.87
1530469.82,30.66,1.07,193263.21,3.87
1530171.69,30.66,1.07,193234.56,3.87
1529950.63,30.66,1.06,193011.36,3.87
1529654.83,30.66,1.06,193009.36,3.87
1528984.97,30.66,1.06,192095.56,3.85
1528879.08,30.66,1.07,191659.17,3.84
1528769.37,30.66,1.06,191549.45,3.84
1528769.37,30.66,1.06,191549.45,3.84
1528488.28,30.66,1.06,192548.9,3.86
1528114.32,30.66,1.06,192261.49,3.86
1527908.33,30.65,1.06,192466.93,3.86
1527590.96,30.65,1.06,192210.66,3.86
1527322.79,30.65,1.06,192203.23,3.86
1527037.7,30.65,1.06,192254.83,3.86
1526948.46,30.66,1.06,191871.7,3.85
1526650.34,30.66,1.06,191956.6,3.85
1526352.21,30.66,1.06,191933.99,3.86
1526352.21,30.66,1.06,191985.03,3.86
1526057.18,30.66,1.06,192090.44,3.86
1525789.01,30.66,1.07,192092.77,3.86
1525639.09,30.66,1.07,192078.81,3.86
1525340.96,30.66,1.07,192056.41,3.86
1525042.83,30.66,1.07,192044.66,3.86
1524744.7,30.66,1.07,192159.63,3.86
1524590.95,30.66,1.07,192187.59,3.86
1524590.95,30.66,1.07,192187.59,3.86
1524432.99,30.66,1.06,192008.84,3.86
1524432.99,30.66,1.06,192031.31,3.86
1524147.9,30.66,1.06,192083.34,3.86
1523875.73,30.66,1.06,193034.11,3.88
1524111.65,30.66,1.07,192656.88,3.88
1523815.85,30.67,1.07,192655.47,3.88
1523726.61,30.67,1.07,192057.76,3.87
1523475.77,30.67,1.08,192710.44,3.88
1522878.74,30.67,1.08,192770.25,3.88
1522767.3,30.67,1.08,192746.72,3.88
1522499.12,30.67,1.08,192749.05,3.88
1522499.12,30.67,1.08,192749.05,3.88
1522499.12,30.67,1.08,192749.05,3.88
1522499.12,30.67,1.08,192749.05,3.88
1522201.0,30.67,1.08,192726.65,3.88
1521902.87,30.67,1.08,192714.91,3.88
1521902.87,30.67,1.08,192714.91,3.88
1521604.74,30.67,1.08,192751.46,3.89
1521604.74,30.67,1.08,192751.46,3.89
1520934.89,30.67,1.08,191837.67,3.87
1520639.09,30.67,1.08,191816.53,3.87
1520340.18,30.67,1.08,192147.04,3.88
1520094.73,30.67,1.08,191902.81,3.87
1519742.38,30.67,1.08,191782.39,3.87
1519881.7,30.68,1.09,192031.61,3.88
1519502.44,30.67,1.08,191731.03,3.87
1519396.55,30.68,1.08,191294.64,3.86
1519127.27,30.67,1.08,191005.33,3.86
1519127.27,30.67,1.08,191005.33,3.86
1519127.27,30.67,1.08,191005.33,3.86
1518859.09,30.67,1.08,191004.07,3.86
1518859.09,30.67,1.08,191004.07,3.86
1518483.37,30.67,1.08,190714.63,3.85
1518373.47,30.68,1.08,190693.41,3.85
1518152.42,30.67,1.08,190438.79,3.85
1518042.53,30.68,1.08,190430.88,3.85
1518042.53,30.68,1.08,190430.88,3.85
1515483.97,30.67,1.08,190383.06,3.85
1515483.97,30.67,1.08,190383.06,3.85
1515185.85,30.67,1.08,190446.39,3.86
1515078.28,30.68,1.09,190399.05,3.86
1514779.37,30.68,1.09,190377.26,3.86
1514481.25,30.68,1.09,190371.22,3.86
1514181.57,30.68,1.09,190926.48,3.87
1514492.71,30.68,1.09,190498.7,3.86
1514224.53,30.69,1.1,190501.03,3.86
1513926.41,30.69,1.1,190470.63,3.86
1513926.41,30.69,1.1,190470.63,3.86
1513926.41,30.69,1.1,190470.63,3.86
1513891.28,30.69,1.1,190968.31,3.87
1513891.28,30.69,1.1,190968.31,3.87
1513593.15,30.69,1.1,191035.66,3.87
1513593.15,30.69,1.1,191035.66,3.87
1513295.02,30.69,1.1,190961.84,3.87
1512971.46,30.69,1.1,190987.89,3.87
1512675.65,30.69,1.1,191364.82,3.88
1512675.65,30.69,1.1,191364.82,3.88
1512394.57,30.69,1.1,191266.09,3.88
1511854.92,30.68,1.09,190686.89,3.87
1512004.08,30.69,1.1,190619.57,3.87
1511885.28,30.69,1.1,190388.37,3.86
1511885.28,30.69,1.1,190388.37,3.86
1511903.96,30.7,1.11,190841.04,3.87
1511798.07,30.7,1.11,190404.65,3.87
1511798.07,30.7,1.11,190404.65,3.87
1511424.11,30.7,1.11,190117.24,3.86
1511155.94,30.7,1.11,190117.68,3.86
1510857.81,30.7,1.11,190127.12,3.86
1510261.55,30.7,1.11,190104.4,3.86
1510261.55,30.7,1.11,190104.4,3.86
1509965.75,30.7,1.11,190080.26,3.86
1509965.75,30.7,1.11,190080.26,3.86
1509965.75,30.7,1.11,190098.8,3.86
1509666.85,30.7,1.11,190424.35,3.87
1509666.85,30.7,1.11,190424.35,3.87
1509404.74,30.7,1.11,190294.43,3.87
1509257.28,30.7,1.11,190259.42,3.87
1508928.81,30.7,1.11,190142.07,3.87
1508628.87,30.7,1.11,190565.93,3.88
1508360.7,30.7,1.11,190570.45,3.88
1508062.57,30.7,1.11,190548.93,3.88
1508062.57,30.7,1.11,190530.4,3.88
1508062.57,30.7,1.11,190530.4,3.88
1508062.57,30.7,1.11,190530.4,3.88
1507764.44,30.7,1.11,190515.58,3.88
1507386.89,30.7,1.11,190153.57,3.87
1507088.77,30.7,1.11,190193.89,3.87
1507088.77,30.7,1.11,190193.89,3.87
1506893.26,30.7,1.11,189998.23,3.87
1506893.26,30.7,1.11,190017.9,3.87
1506597.46,30.7,1.11,189993.97,3.87
1506597.46,30.7,1.11,189980.29,3.87
1506298.56,30.7,1.11,189954.22,3.87
1506009.34,30.7,1.11,190182.9,3.88
1505700.75,30.7,1.11,189945.18,3.87
1505432.58,30.7,1.11,189945.62,3.87
1505322.69,30.7,1.11,189926.11,3.87
1502889.12,30.7,1.11,189875.58,3.88
1502590.99,30.7,1.11,189897.58,3.88
1502590.99,30.7,1.11,189897.58,3.88
1502292.86,30.7,1.11,189876.99,3.88
1502450.25,30.71,1.12,189939.97,3.88
1502339.58,30.71,1.12,189889.73,3.88
1502041.46,30.71,1.12,189854.27,3.88
1501658.26,30.71,1.12,190380.41,3.89
1501358.58,30.71,1.12,190263.85,3.89
1501475.57,30.71,1.12,190542.43,3.9
1501502.92,30.72,1.13,190534.21,3.9
1501196.66,30.72,1.13,189842.79,3.88
1500928.49,30.72,1.13,189841.53,3.89
1501075.16,30.72,1.13,189816.7,3.89
1499912.6,30.72,1.14,190383.91,3.9
1499912.6,30.72,1.14,190383.91,3.9
1499561.2,30.72,1.14,190260.8,3.9
1497206.13,30.73,1.14,190210.26,3.9
1497206.13,30.73,1.14,190210.26,3.9
1496908.01,30.73,1.14,190427.89,3.91
1496908.01,30.73,1.14,190427.89,3.91
1496933.8,30.73,1.14,191015.12,3.92
1496823.91,30.73,1.14,190859.23,3.92
1496528.1,30.73,1.14,190794.28,3.92
1496220.16,30.73,1.14,190722.37,3.92
1496220.16,30.73,1.14,190722.37,3.92
1495921.26,30.73,1.15,191163.12,3.93
1495921.26,30.73,1.15,191178.75,3.93
1495811.37,30.74,1.15,191246.92,3.93
1495811.37,30.74,1.15,191246.92,3.93
1495511.69,30.74,1.15,191355.93,3.93
1495404.12,30.74,1.15,191013.61,3.93
1495123.04,30.74,1.15,190868.11,3.92
1495262.03,30.75,1.16,191569.44,3.94
1495402.9,30.75,1.16,191636.53,3.94
1495134.73,30.75,1.16,191638.87,3.94
1494928.73,30.75,1.16,191352.61,3.94
1494630.61,30.75,1.16,191322.21,3.94
1494332.48,30.75,1.16,191582.62,3.94
1494332.48,30.75,1.16,191582.62,3.94
1494332.48,30.75,1.16,191582.62,3.94
1494034.35,30.75,1.16,191540.85,3.94
1494065.82,30.76,1.17,191452.43,3.94
1494065.82,30.76,1.17,191452.43,3.94
1491507.26,30.75,1.17,191404.6,3.95
1491507.26,30.75,1.17,191404.6,3.95
1491507.26,30.75,1.17,191404.6,3.95
1491236.72,30.75,1.17,192655.98,3.97
1490901.02,30.75,1.16,192395.83,3.97
1490901.02,30.75,1.16,192395.83,3.97
1490901.02,30.75,1.16,192392.72,3.97
1490901.02,30.75,1.16,192392.72,3.97
1490632.85,30.75,1.17,192397.24,3.97
1490632.85,30.75,1.17,192397.24,3.97
1490522.95,30.75,1.17,192380.09,3.97
1490148.15,30.75,1.16,192187.14,3.97
1489844.08,30.75,1.16,191600.48,3.95
1489474.82,30.74,1.16,191639.26,3.96
1489474.82,30.74,1.16,191639.26,3.96
1489614.15,30.75,1.16,191876.79,3.96
1489614.15,30.75,1.16,191876.79,3.96
1489614.15,30.75,1.16,191876.79,3.96
1489234.89,30.75,1.16,191587.91,3.96
1488936.76,30.75,1.16,191622.85,3.96
1488638.63,30.75,1.16,191591.81,3.96
1488385.05,30.75,1.16,190629.01,3.94
1488089.31,30.74,1.16,190408.45,3.93
1487793.51,30.74,1.16,190381.63,3.93
1487508.42,30.74,1.16,190433.67,3.94
1487209.52,30.74,1.16,190732.01,3.94
1486920.3,30.74,1.16,190649.89,3.94
1486820.35,30.75,1.16,190433.3,3.94
1486626.92,30.75,1.16,190615.83,3.94
1486771.53,30.75,1.17,191031.16,3.95
1486613.56,30.75,1.17,190873.52,3.95
1486345.39,30.75,1.17,190878.04,3.95
1486047.26,30.75,1.17,190848.07,3.95
1485938.98,30.75,1.17,190743.61,3.95
1485938.98,30.75,1.17,190743.61,3.95
1485833.09,30.75,1.17,190307.21,3.94
1485645.59,30.76,1.17,190196.66,3.94
1485347.47,30.76,1.17,190253.88,3.94
1485347.47,30.76,1.17,190253.88,3.94
1485049.34,30.76,1.17,190207.06,3.94
1484896.9,30.75,1.17,190030.55,3.94
1484789.33,30.76,1.17,190009.49,3.94
1484490.42,30.76,1.17,190268.83,3.94
1484490.42,30.76,1.17,190268.83,3.94
1484490.42,30.76,1.17,190268.83,3.94
1484490.42,30.76,1.17,190268.83,3.94
1484380.53,30.76,1.17,190359.23,3.94
1484080.85,30.76,1.17,190332.19,3.94
1483812.68,30.76,1.17,190334.52,3.95
1483514.55,30.76,1.18,190304.12,3.95
1483404.66,30.76,1.18,190410.57,3.95
1483294.76,30.77,1.18,190357.8,3.95
1483294.76,30.77,1.18,190395.34,3.95
1483443.76,30.77,1.19,190343.68,3.95
1483144.86,30.77,1.19,190800.78,3.96
1483144.86,30.77,1.19,190755.53,3.96
1482846.73,30.77,1.19,190822.03,3.96
1482547.05,30.77,1.19,190929.02,3.96
1482547.05,30.77,1.19,190929.02,3.96
1482278.88,30.77,1.19,190913.8,3.96
1481980.75,30.77,1.19,190900.95,3.96
1481980.75,30.77,1.19,190949.61,3.97
1481870.86,30.78,1.19,190992.06,3.97
1481572.73,30.78,1.19,190960.94,3.97
1481465.16,30.78,1.19,190942.42,3.97
1481180.07,30.78,1.19,190994.45,3.97
1480795.27,30.78,1.19,190775.66,3.96
1480496.37,30.78,1.19,191096.94,3.97
1480496.37,30.78,1.19,191096.94,3.97
1480496.37,30.78,1.19,191096.94,3.97
1480198.24,30.78,1.19,190991.53,3.97
1479913.15,30.78,1.19,190967.13,3.97
1480058.28,30.78,1.2,191375.17,3.98
1479790.11,30.78,1.2,191374.24,3.98
1479491.98,30.78,1.2,191347.1,3.98
1479491.98,30.78,1.2,191347.1,3.98
1479193.85,30.78,1.2,191387.0,3.98
1479193.85,30.78,1.2,191387.0,3.98
1479193.85,30.78,1.2,191352.57,3.98
1479193.85,30.78,1.2,191352.57,3.98
1479193.85,30.78,1.2,191352.57,3.98
1478895.72,30.78,1.2,191322.62,3.98
1478599.92,30.78,1.2,191304.01,3.98
1478301.02,30.78,1.2,191548.55,3.99
1478143.05,30.78,1.2,191428.07,3.99
1478226.6,30.79,1.2,191230.11,3.98
1477926.93,30.79,1.2,191545.27,3.99
1477926.93,30.79,1.2,191545.27,3.99
1477542.12,30.78,1.2,191341.08,3.99
1477542.12,30.78,1.2,191361.01,3.99
1477273.95,30.78,1.2,191365.53,3.99
1477168.06,30.79,1.2,190929.14,3.98
1477168.06,30.79,1.2,190930.14,3.98
1476980.57,30.79,1.2,190819.59,3.98
1476980.57,30.79,1.2,190819.59,3.98
1476980.57,30.79,1.2,190819.59,3.98
1477135.63,30.79,1.21,190789.02,3.98
1477135.63,30.79,1.21,190789.02,3.98
1476837.51,30.79,1.21,190841.03,3.98
1476539.38,30.8,1.21,190798.03,3.98
1476431.81,30.8,1.21,190784.51,3.98
1476048.61,30.79,1.21,190919.23,3.98
1475749.71,30.79,1.21,190872.62,3.98
1475441.77,30.79,1.21,190819.31,3.98
1475143.64,30.79,1.21,190766.41,3.98
1475143.64,30.79,1.21,190746.48,3.98
1474843.97,30.79,1.21,190948.07,3.99
1474575.79,30.79,1.21,190944.78,3.99
1474465.9,30.8,1.21,190920.71,3.99
1474167.77,30.8,1.21,190965.37,3.99
1474288.56,30.8,1.22,190925.15,3.99
1474288.56,30.8,1.22,190925.15,3.99
1474437.56,30.81,1.22,190916.38,3.99
1474437.56,30.81,1.22,190938.02,3.99
1474677.95,30.82,1.23,190656.73,3.98
1474677.95,30.82,1.23,190645.06,3.98
1474373.88,30.82,1.23,192367.17,4.02
1474045.48,30.82,1.23,192346.83,4.02
1473746.58,30.82,1.23,192851.31,4.03
1473746.58,30.82,1.23,192851.31,4.03
1473454.9,30.81,1.23,192565.76,4.03
1473454.9,30.81,1.23,192603.3,4.03
1473131.34,30.81,1.23,192584.54,4.03
1472833.21,30.81,1.23,192708.35,4.03
1472533.53,30.81,1.23,192883.02,4.04
1472427.64,30.82,1.23,192446.62,4.03
1472427.64,30.82,1.23,192401.37,4.03
1472053.68,30.81,1.23,192113.97,4.02
1472112.77,30.82,1.23,192115.32,4.02
1472112.77,30.82,1.23,192115.32,4.02
1471814.65,30.82,1.23,192090.01,4.02
1471516.52,30.82,1.23,192132.03,4.02
1471516.52,30.82,1.23,192096.12,4.02
1471516.52,30.82,1.23,192137.19,4.02
1471218.39,30.82,1.23,192108.28,4.02
1471218.39,30.82,1.23,192104.67,4.02
1470838.47,30.82,1.23,191962.87,4.02
1470542.66,30.82,1.23,192084.54,4.03
1470245.4,30.81,1.23,191954.1,4.02
1470391.3,30.82,1.23,192477.89,4.03
1470102.08,30.82,1.23,192427.77,4.03
1469730.24,30.81,1.23,192025.59,4.03
1469685.91,30.82,1.23,192118.02,4.03
1469826.79,30.82,1.23,192185.12,4.03
1469365.95,30.82,1.23,191865.12,4.02
1469097.78,30.82,1.23,191867.45,4.02
1468803.66,30.82,1.23,191168.89,4.01
1468803.66,30.82,1.23,191220.5,4.01
1468427.93,30.82,1.23,191005.26,4.01
1468129.8,30.82,1.23,190974.86,4.01
1468129.8,30.82,1.23,190974.86,4.01
1468129.8,30.82,1.23,190974.86,4.01
1467831.67,30.82,1.23,191151.46,4.01
1467462.41,30.81,1.23,191194.96,4.01
1467462.41,30.81,1.23,191187.32,4.01
1467462.41,30.81,1.23,191165.11,4.01
1467164.29,30.81,1.23,191003.23,4.01
1466868.48,30.81,1.23,190979.6,4.01
1466757.81,30.82,1.23,191388.81,4.02
1466897.14,30.82,1.23,191621.61,4.03
1466635.03,30.82,1.24,191498.57,4.02
1466635.03,30.82,1.24,191498.57,4.02
1466301.1,30.82,1.24,191388.84,4.02
1466301.1,30.82,1.24,191413.73,4.02
1466301.1,30.82,1.24,191413.73,4.02
1466301.1,30.82,1.24,191413.73,4.02
1466414.61,30.83,1.24,191409.05,4.02
1466116.48,30.83,1.24,191387.2,4.02
1466006.58,30.83,1.24,191418.85,4.03
1466006.58,30.83,1.24,191418.85,4.03
1465708.46,30.83,1.24,191398.21,4.03
1465569.59,30.83,1.24,191344.8,4.03
1465273.79,30.83,1.24,191326.46,4.03
1465071.76,30.83,1.24,191116.47,4.02
1465217.66,30.83,1.25,191479.43,4.03
1464919.53,30.83,1.25,191401.82,4.03
1464627.85,30.83,1.24,191710.44,4.04
1464328.17,30.83,1.24,191680.13,4.04
1464328.17,30.83,1.24,191680.13,4.04
1464060.0,30.83,1.24,191684.65,4.04
1464060.0,30.83,1.24,191681.74,4.04
1463774.91,30.83,1.24,191733.34,4.04
1463476.79,30.83,1.24,191700.75,4.04
1463476.79,30.83,1.24,191700.75,4.04
1463428.82,30.83,1.24,191653.11,4.04
1463130.69,30.83,1.24,191670.64,4.04
1463130.69,30.83,1.24,191670.64,4.04
1462832.57,30.83,1.24,191650.88,4.04
1462536.76,30.83,1.24,191644.2,4.04
1462237.86,30.83,1.24,191948.03,4.05
1461975.75,30.83,1.25,191714.95,4.04
1461640.05,30.83,1.24,191630.64,4.04
1461371.88,30.83,1.25,191620.93,4.04
1461371.88,30.83,1.25,191620.93,4.04
1461073.75,30.83,1.25,191678.36,4.05
1460775.63,30.83,1.25,191617.33,4.04
1460775.63,30.83,1.25,191617.33,4.04
1460559.41,30.83,1.24,191402.83,4.04
1459889.56,30.83,1.24,190489.04,4.02
1459889.56,30.83,1.24,190506.4,4.02
1459583.95,30.83,1.24,190557.78,4.02
1459285.82,30.83,1.24,190536.0,4.03
1459178.25,30.83,1.25,190535.53,4.03
1458879.35,30.83,1.25,190791.32,4.03
1458879.35,30.83,1.25,190786.12,4.03
1458642.59,30.83,1.24,190691.94,4.03
1458642.59,30.83,1.24,190691.94,4.03
1458642.59,30.83,1.24,190691.94,4.03
1458642.59,30.83,1.24,190691.94,4.03
1458642.59,30.83,1.24,190691.94,4.03
1458789.27,30.84,1.25,190780.72,4.03
1458440.49,30.83,1.24,190526.57,4.03
1458440.49,30.83,1.24,190526.57,4.03
1458440.49,30.83,1.24,190526.57,4.03
1458104.79,30.83,1.24,190668.5,4.03
1457984.3,30.83,1.25,189712.14,4.01
1457878.41,30.84,1.25,189275.74,4.0
1457878.41,30.84,1.25,189275.74,4.0
1457610.24,30.84,1.25,189274.49,4.0
1457312.11,30.84,1.25,189247.67,4.0
1457013.98,30.84,1.25,189585.25,4.01
1456640.02,30.84,1.25,189297.85,4.01
1456795.09,30.84,1.26,189121.02,4.0
1456499.29,30.84,1.26,189086.35,4.0
1456224.16,30.84,1.25,190687.15,4.04
1456365.04,30.85,1.26,190754.26,4.04
1456096.86,30.85,1.26,190758.78,4.04
1456096.86,30.85,1.26,190758.78,4.04
1455798.73,30.85,1.26,190726.19,4.04
1455798.73,30.85,1.26,190726.19,4.04
1455692.84,30.85,1.26,190289.8,4.03
1455394.72,30.85,1.26,190508.21,4.04
1455096.59,30.85,1.26,190543.88,4.04
1454909.09,30.85,1.26,190433.32,4.04
1454640.02,30.85,1.27,190313.27,4.04
1454699.11,30.86,1.27,190314.62,4.04
1454437.53,30.86,1.27,189523.04,4.02
1454511.39,30.87,1.28,190410.67,4.04
1454213.27,30.87,1.28,190382.56,4.04
1454213.27,30.87,1.28,190382.56,4.04
1453915.14,30.87,1.28,190442.55,4.04
1453915.14,30.87,1.28,190442.55,4.04
1453915.14,30.87,1.28,190442.55,4.04
1453915.14,30.87,1.28,190442.55,4.04
1453535.88,30.86,1.27,190305.58,4.04
1453656.66,30.87,1.28,190257.22,4.04
1453656.66,30.87,1.28,190257.22,4.04
1453656.66,30.87,1.28,190257.22,4.04
1453656.66,30.87,1.28,190257.22,4.04
1453656.66,30.87,1.28,190257.22,4.04
1453656.66,30.87,1.28,190257.22,4.04
1453564.98,30.87,1.28,189880.75,4.03
1453234.96,30.87,1.28,189772.58,4.03
1452993.0,30.87,1.28,189200.4,4.02
1452787.4,30.87,1.28,189010.91,4.02
1452491.6,30.87,1.28,188992.68,4.02
1452491.6,30.87,1.28,188992.68,4.02
1452333.42,30.87,1.28,188834.51,4.01
1452361.03,30.87,1.28,189047.6,4.02
1452163.47,30.87,1.28,189488.18,4.03
1452163.47,30.87,1.28,189488.18,4.03
1452057.58,30.87,1.28,189051.79,4.02
1451870.09,30.87,1.28,188941.24,4.02
1451571.19,30.87,1.28,188853.0,4.02
1451630.28,30.88,1.29,188854.35,4.02
1451630.28,30.88,1.29,188854.35,4.02
1451332.16,30.88,1.29,188829.04,4.02
1451332.16,30.88,1.29,188807.0,4.02
1451034.03,30.88,1.29,188877.51,4.02
1450774.38,30.88,1.29,188665.69,4.02
1450442.03,30.88,1.29,189067.59,4.03
1450442.03,30.88,1.29,189067.59,4.03
1450143.91,30.88,1.29,189030.23,4.03
1449848.1,30.88,1.29,188985.65,4.03
1449848.1,30.88,1.29,188985.65,4.03
1449567.02,30.88,1.29,189738.72,4.04
1449245.78,30.88,1.29,189722.51,4.04
1449245.78,30.88,1.29,189722.51,4.04
1448938.74,30.88,1.29,189067.24,4.03
1448818.39,30.88,1.29,189468.58,4.04
1448712.5,30.89,1.3,189032.19,4.03
1448834.87,30.89,1.3,189256.21,4.04
1447672.31,30.89,1.3,189220.65,4.04
1447376.51,30.89,1.3,189281.59,4.04
1447376.51,30.89,1.3,189281.59,4.04
1447404.87,30.9,1.31,189268.64,4.04
1447106.75,30.9,1.31,189585.5,4.05
1447106.75,30.9,1.31,189585.5,4.05
1447106.75,30.9,1.31,189610.66,4.05
1447225.98,30.9,1.32,189883.33,4.05
1447225.98,30.9,1.32,189883.33,4.05
1447225.98,30.9,1.32,189880.15,4.05
1447285.08,30.91,1.32,189881.5,4.06
1446986.95,30.91,1.32,189853.39,4.06
1446550.62,30.9,1.31,189401.97,4.05
1446252.49,30.9,1.32,189594.59,4.05
1445954.37,30.9,1.32,189562.74,4.05
1446103.37,30.91,1.32,189395.73,4.05
1445822.28,30.91,1.32,190685.18,4.08
1445554.11,30.91,1.32,190683.92,4.08
1445554.11,30.91,1.32,190683.92,4.08
1445359.67,30.91,1.32,190484.32,4.07
1445240.87,30.91,1.32,190141.67,4.07
1444991.59,30.91,1.32,190227.25,4.07
1445138.27,30.92,1.33,190202.42,4.07
1445138.27,30.92,1.33,190202.42,4.07
1444840.14,30.92,1.33,190285.43,4.07
1444840.14,30.92,1.33,190285.43,4.07
1444542.87,30.92,1.33,190076.8,4.07
1444432.98,30.92,1.33,190018.5,4.07
1444275.41,30.92,1.33,189869.74,4.06
1444167.84,30.92,1.33,189854.8,4.06
1443868.93,30.92,1.33,189833.74,4.07
1443494.13,30.91,1.33,190363.41,4.08
1443494.13,30.91,1.33,190363.41,4.08
1443204.91,30.91,1.33,190336.12,4.08
1443227.39,30.92,1.33,190569.15,4.08
1442959.22,30.92,1.33,190573.67,4.08
1442849.32,30.92,1.33,190556.52,4.08
1442551.2,30.92,1.33,190538.05,4.08
1442551.2,30.92,1.33,190538.05,4.08
1442551.2,30.92,1.33,190538.05,4.08
1442551.2,30.92,1.33,190538.05,4.08
1442551.2,30.92,1.33,190538.05,4.08
1442253.07,30.92,1.33,190566.11,4.09
1442284.53,30.93,1.34,190536.91,4.09
1441985.63,30.93,1.34,190530.12,4.09
1441687.5,30.93,1.34,191029.56,4.1
1441402.42,30.93,1.34,191081.6,4.1
1441102.74,30.93,1.34,191013.95,4.1
1441102.74,30.93,1.34,191013.95,4.1
1441102.74,30.93,1.34,191013.95,4.1
1441242.06,30.94,1.35,191498.3,4.11
1440973.89,30.94,1.35,191495.01,4.11
1438540.32,30.94,1.35,191444.47,4.12
1438242.19,30.94,1.35,191419.69,4.12
1438242.19,30.94,1.35,191419.69,4.12
1438242.19,30.94,1.35,191419.69,4.12
1438010.98,30.94,1.35,191169.26,4.11
1437712.85,30.94,1.35,191254.94,4.12
1437712.85,30.94,1.35,191254.94,4.12
1437414.72,30.94,1.35,191171.48,4.11
1437414.72,30.94,1.35,191171.48,4.11
1437118.92,30.94,1.35,191160.35,4.12
1436837.84,30.94,1.35,191737.85,4.13
1436548.64,30.93,1.34,191437.29,4.12
1436440.28,30.93,1.34,191329.19,4.12
1436172.11,30.93,1.34,191327.94,4.12
1435902.49,30.93,1.34,191028.03,4.11
1435604.36,30.93,1.34,191003.84,4.11
1435604.36,30.93,1.34,191003.84,4.11
1435485.55,30.93,1.34,190721.85,4.11
1435485.55,30.93,1.34,190721.85,4.11
1435176.97,30.93,1.34,190596.2,4.11
1435176.97,30.93,1.34,190596.2,4.11
1435176.97,30.93,1.34,190596.2,4.11
1434878.84,30.93,1.34,190651.92,4.11
1434580.71,30.93,1.34,190610.34,4.11
1434284.91,30.93,1.34,190585.35,4.11
1434087.35,30.93,1.34,190456.35,4.11
1433788.45,30.93,1.34,190723.21,4.11
1433678.56,30.93,1.34,190678.77,4.11
1433823.68,30.94,1.35,190957.63,4.12
1433439.27,30.93,1.35,190689.96,4.12
1433171.1,30.93,1.35,190686.67,4.12
1433171.1,30.93,1.35,190686.67,4.12
1433200.24,30.94,1.35,190663.2,4.12
1433200.24,30.94,1.35,190663.2,4.12
1432902.11,30.94,1.35,190725.05,4.12
1432902.11,30.94,1.35,190725.05,4.12
1432902.11,30.94,1.35,190725.05,4.12
1432604.58,30.94,1.35,190456.49,4.11
1432307.31,30.93,1.34,190409.14,4.11
1432009.18,30.93,1.34,190385.95,4.11
1431713.38,30.93,1.34,190622.43,4.12
1431414.48,30.93,1.34,190517.5,4.12
1431129.39,30.93,1.34,190569.09,4.12
1431129.39,30.93,1.34,190569.09,4.12
1431270.26,30.94,1.35,190636.2,4.12
1431002.09,30.94,1.35,190633.11,4.12
1430703.96,30.94,1.35,190608.13,4.12
1430703.96,30.94,1.35,190608.13,4.12
1430703.96,30.94,1.35,190608.13,4.12
1430441.86,30.94,1.35,190548.34,4.12
1430294.39,30.94,1.35,190678.77,4.13
1429925.13,30.94,1.35,190722.27,4.13
1429627.0,30.94,1.35,190817.45,4.13
1429328.88,30.94,1.35,190729.91,4.13
1429477.88,30.95,1.36,191510.1,4.15
1429196.79,30.95,1.36,191501.47,4.15
1429105.1,30.95,1.36,190845.69,4.13
1429105.1,30.95,1.36,190845.69,4.13
1428824.2,30.95,1.36,191398.68,4.15
1428824.2,30.95,1.36,191398.68,4.15
1428516.26,30.95,1.36,191335.71,4.15
1428387.9,30.95,1.36,191972.27,4.16
1428119.73,30.95,1.36,191974.6,4.16
1428119.73,30.95,1.36,191992.83,4.16
1428119.73,30.95,1.36,191992.83,4.16
1427821.6,30.95,1.36,191962.43,4.16
1427523.47,30.95,1.37,191979.96,4.16
1427670.15,30.96,1.37,191959.01,4.16
1427374.34,30.96,1.37,192191.35,4.17
1427262.64,30.96,1.37,192258.17,4.17
1427291.01,30.97,1.38,192214.48,4.17
1426924.02,30.96,1.37,192132.49,4.17
1426636.19,30.96,1.37,191833.62,4.16
1426368.02,30.96,1.37,191823.91,4.16
1426069.89,30.96,1.37,191805.55,4.16
1425771.76,30.96,1.37,191891.9,4.17
1425771.76,30.96,1.37,191869.82,4.17
1425918.44,30.97,1.38,191816.39,4.17
1425918.44,30.97,1.38,191838.99,4.17
1425622.63,30.97,1.38,191815.38,4.17
1425323.73,30.97,1.38,191892.47,4.17
1425204.93,30.97,1.38,192523.54,4.18
1424900.14,30.97,1.38,192328.18,4.18
1424640.49,30.97,1.38,192372.01,4.18
1424302.33,30.97,1.38,192665.83,4.19
1423917.53,30.97,1.38,192279.31,4.18
1423649.36,30.97,1.38,192279.75,4.18
1423885.49,30.97,1.39,192213.17,4.18
1423587.36,30.97,1.39,192184.66,4.18
1423289.23,30.97,1.39,192315.98,4.19
1423289.23,30.97,1.39,192296.06,4.18
1422962.76,30.97,1.38,192572.63,4.19
1422852.87,30.97,1.38,192467.48,4.19
1422852.87,30.97,1.38,192491.32,4.19
1422567.78,30.97,1.39,192542.91,4.19
1422567.78,30.97,1.39,192542.91,4.19
1422358.48,30.97,1.38,192351.49,4.19
1422507.48,30.98,1.39,192321.44,4.19
1422507.48,30.98,1.39,192299.43,4.19
1422208.58,30.98,1.39,192699.34,4.2
1421833.78,30.97,1.38,192397.03,4.19
1421989.36,30.98,1.39,193022.86,4.21
1421701.71,30.98,1.39,192936.81,4.2
1421307.74,30.97,1.39,192610.84,4.2
1421201.85,30.98,1.39,192174.45,4.19
1421201.85,30.98,1.39,192197.81,4.19
1420827.89,30.98,1.39,191910.41,4.18
1420559.71,30.98,1.39,191914.93,4.18
1420559.71,30.98,1.39,191914.93,4.18
1420261.58,30.98,1.39,191884.96,4.19
1419963.46,30.98,1.39,191923.48,4.19
1419963.46,30.98,1.39,191900.12,4.19
1419963.46,30.98,1.39,191925.29,4.19
1420110.13,30.98,1.39,191905.3,4.19
1420110.13,30.98,1.39,191902.11,4.19
1420002.56,30.99,1.4,191892.75,4.19
1419694.62,30.99,1.4,191830.5,4.19
1419395.72,30.99,1.4,192117.59,4.19
1419285.82,30.99,1.4,192271.35,4.2
1418901.02,30.99,1.4,191857.78,4.19
1418789.58,30.99,1.4,192418.88,4.2
1418521.4,30.99,1.4,192417.95,4.2
1418223.28,30.99,1.4,192390.81,4.2
1418223.28,30.99,1.4,192390.81,4.2
1417925.15,30.99,1.4,192447.64,4.21
1417925.15,30.99,1.4,192418.67,4.21
1417627.02,30.99,1.4,192381.53,4.21
1417331.22,30.99,1.4,192352.94,4.21
1417331.22,30.99,1.4,192352.94,4.21
1417571.61,31.0,1.41,192071.65,4.2
1417657.61,31.0,1.41,192494.75,4.21
1417001.38,30.99,1.4,191776.74,4.19
1416702.48,30.99,1.41,192021.43,4.2
1416413.26,31.0,1.41,191843.22,4.2
1416104.67,31.0,1.41,191763.18,4.2
1416104.67,31.0,1.41,191763.18,4.2
1416104.67,31.0,1.41,191792.5,4.2
1416244.0,31.0,1.41,192049.59,4.2
1415975.82,31.0,1.41,192051.92,4.2
1415677.7,31.0,1.41,192021.52,4.21
1415377.68,31.0,1.41,191723.92,4.2
1415079.55,31.0,1.41,191775.46,4.2
1414700.29,30.99,1.4,191472.44,4.19
1414590.4,31.0,1.41,191446.15,4.19
1414830.79,31.0,1.41,191164.86,4.19
1414830.79,31.0,1.41,191135.55,4.19
1414830.79,31.0,1.41,191154.78,4.19
1414830.79,31.0,1.41,191186.28,4.19
1414502.39,31.0,1.41,191165.95,4.19
1414198.32,31.0,1.41,193444.32,4.24
1414090.75,31.01,1.42,193436.22,4.24
1414090.75,31.01,1.42,193423.61,4.24
1414090.75,31.01,1.42,193423.61,4.24
1414090.75,31.01,1.42,193401.47,4.24
1414236.65,31.01,1.42,193377.82,4.24
1414236.65,31.01,1.42,193403.35,4.24
1413951.57,31.01,1.42,193454.94,4.24
1413951.57,31.01,1.42,193454.94,4.24
1413951.57,31.01,1.42,193466.44,4.24
1413841.67,31.02,1.43,194233.12,4.26
1413456.87,31.01,1.42,193871.71,4.25
1413157.19,31.01,1.42,194009.39,4.26
1412665.35,31.01,1.42,193487.21,4.25
1412905.74,31.01,1.42,193205.93,4.24
1412905.74,31.01,1.42,193205.93,4.24
1412905.74,31.01,1.42,193205.93,4.24
1412637.57,31.01,1.42,193202.64,4.24
1412309.17,31.01,1.42,193181.34,4.24
1412011.04,31.01,1.42,193156.56,4.24
1411558.91,31.01,1.42,192675.06,4.23
1411558.91,31.01,1.42,192675.06,4.23
1411260.79,31.01,1.42,192716.03,4.23
1410962.66,31.01,1.42,192691.34,4.23
1410962.66,31.01,1.42,192691.34,4.23
1410962.66,31.01,1.42,192669.33,4.23
1411085.77,31.01,1.42,192646.18,4.23
1410786.87,31.01,1.42,193055.94,4.24
1410481.25,31.01,1.42,192997.37,4.24
1410183.12,31.01,1.42,192723.67,4.24
1409996.26,31.01,1.42,192978.97,4.24
1410140.87,31.02,1.43,193112.85,4.25
1409872.69,31.02,1.43,193109.56,4.25
1409989.68,31.03,1.44,194071.6,4.27
1409691.56,31.03,1.44,194046.82,4.27
1409394.07,31.03,1.44,193358.96,4.26
1409011.76,31.02,1.44,193198.27,4.25
1409011.76,31.02,1.44,193198.27,4.25
1408713.63,31.03,1.44,193239.26,4.26
1408477.17,31.02,1.43,193136.99,4.25
1408477.17,31.02,1.43,193159.26,4.25
1408477.17,31.02,1.43,193159.26,4.25
1408477.17,31.02,1.43,193136.99,4.25
1408477.17,31.02,1.43,193162.15,4.25
1408477.17,31.02,1.43,193149.72,4.25
1408623.85,31.03,1.44,193126.18,4.25
1408328.04,31.03,1.44,193105.23,4.25
1408217.38,31.03,1.44,193098.55,4.26
1408217.38,31.03,1.44,193098.55,4.26
1407980.62,31.03,1.44,193439.49,4.26
1407980.62,31.03,1.44,193439.49,4.26
1407682.49,31.03,1.44,193146.09,4.26
1407382.81,31.03,1.44,193482.79,4.27
1407097.73,31.03,1.44,193243.57,4.26
1407097.73,31.03,1.44,193243.57,4.26
1406829.55,31.03,1.44,193242.32,4.26
1406531.43,31.03,1.44,193215.5,4.26
1406222.71,31.03,1.44,193144.6,4.26
1405924.58,31.03,1.44,193309.01,4.27
1405626.46,31.03,1.44,193161.35,4.26
1405749.57,31.04,1.45,193137.72,4.26
1405749.57,31.04,1.45,193137.72,4.26
1405749.57,31.04,1.45,193137.72,4.26
1405450.66,31.04,1.45,193555.6,4.27
1405450.66,31.04,1.45,193569.39,4.27
1405161.45,31.04,1.45,193557.71,4.28
1404852.86,31.04,1.45,193558.0,4.28
1404911.96,31.04,1.46,193559.35,4.28
1404911.96,31.04,1.46,193559.35,4.28
1404613.83,31.05,1.46,193531.24,4.28
1404315.7,31.05,1.46,193562.44,4.28
1404315.7,31.05,1.46,193580.87,4.28
1404205.81,31.05,1.46,193562.45,4.28
1404205.81,31.05,1.46,193562.45,4.28
1403910.0,31.05,1.46,193544.83,4.28
1403612.73,31.04,1.45,193571.28,4.28
1403313.83,31.04,1.45,193545.06,4.28
1403015.7,31.04,1.46,193813.62,4.29
1400582.13,31.05,1.46,193763.09,4.3
1400282.46,31.05,1.46,193689.76,4.29
1400341.55,31.05,1.46,193691.11,4.3
1400043.42,31.05,1.46,193663.0,4.3
1400043.42,31.05,1.46,193640.72,4.29
1399745.3,31.05,1.46,193694.11,4.3
1399447.17,31.05,1.46,193658.18,4.3
1399151.36,31.05,1.46,193632.08,4.3
1399151.36,31.05,1.46,193632.08,4.3
1399151.36,31.05,1.46,193656.7,4.3
1399151.36,31.05,1.46,193656.7,4.3
1399151.36,31.05,1.46,193656.7,4.3
1398852.46,31.05,1.46,194112.15,4.31
1398563.24,31.05,1.47,193990.74,4.31
1398244.33,31.05,1.46,193668.66,4.3
1398401.48,31.06,1.47,194050.17,4.31
1398133.31,31.06,1.47,194047.2,4.31
1397836.04,31.05,1.46,193832.84,4.31
1397865.18,31.06,1.47,193809.06,4.31
1397567.91,31.05,1.46,193859.49,4.31
1397567.91,31.05,1.46,193859.49,4.31
1397567.91,31.05,1.46,193859.49,4.31
1397789.4,31.06,1.47,193813.17,4.31
1397789.4,31.06,1.47,193813.17,4.31
1397491.28,31.06,1.47,194024.13,4.31
1397011.66,31.05,1.47,193824.82,4.31
1396904.09,31.06,1.47,193800.01,4.31
1396904.09,31.06,1.47,193752.36,4.31
1396605.19,31.06,1.47,194112.97,4.32
1396299.57,31.06,1.47,194062.07,4.32
1396299.57,31.06,1.47,194062.07,4.32
1396189.68,31.06,1.47,194098.19,4.32
1396189.68,31.06,1.47,194098.19,4.32
1396189.68,31.06,1.47,194098.19,4.32
1395890.0,31.06,1.47,194085.94,4.32
1395949.09,31.07,1.48,194087.29,4.32
1395650.97,31.07,1.48,194059.18,4.32
1395352.84,31.07,1.48,194154.51,4.32
1395054.71,31.07,1.48,194083.65,4.32
1395203.71,31.07,1.49,194055.1,4.32
1394904.81,31.07,1.49,194510.0,4.33
1394606.68,31.08,1.49,194571.14,4.34
1394307.0,31.08,1.49,194679.53,4.34
1394307.0,31.08,1.49,194676.62,4.34
1394038.83,31.08,1.49,194677.07,4.34
1393928.94,31.08,1.49,194657.56,4.34
1393630.81,31.08,1.49,194645.52,4.34
1393520.91,31.08,1.49,194678.0,4.34
1393413.34,31.09,1.5,194656.85,4.34
1393413.34,31.09,1.5,194707.37,4.34
1393413.34,31.09,1.5,194707.37,4.34
1393114.44,31.09,1.5,194688.22,4.34
1393143.58,31.09,1.5,195449.5,4.36
1392843.91,31.09,1.5,195504.95,4.36
1392738.01,31.1,1.51,195068.56,4.36
1392738.01,31.1,1.51,195068.56,4.36
1392461.68,31.09,1.5,194926.83,4.35
1392239.4,31.09,1.5,194705.32,4.35
1391865.44,31.09,1.5,194417.92,4.34
1391597.26,31.09,1.5,194415.49,4.34
1391487.37,31.09,1.5,194390.56,4.34
1391189.24,31.09,1.5,194445.38,4.35
1391079.35,31.09,1.5,194415.32,4.35
1391079.35,31.09,1.5,194364.8,4.34
1391079.35,31.09,1.5,194364.8,4.34
1391110.81,31.1,1.51,194335.96,4.34
1391110.81,31.1,1.51,194391.42,4.35
1391110.81,31.1,1.51,194409.82,4.35
1390705.07,31.09,1.5,193997.42,4.34
1390859.36,31.1,1.51,194492.12,4.35
1390540.26,31.1,1.51,194173.01,4.34
1390242.14,31.1,1.51,194193.69,4.34
1390242.14,31.1,1.51,194193.69,4.34
1389913.67,31.1,1.51,194076.34,4.34
1389530.47,31.09,1.5,193618.81,4.33
1389237.51,31.09,1.5,194109.83,4.34
1389265.1,31.1,1.51,195145.76,4.37
1389265.1,31.1,1.51,195145.76,4.37
1388996.93,31.1,1.51,195143.34,4.37
1388698.8,31.1,1.51,195118.65,4.37
1388588.9,31.1,1.51,195148.72,4.37
1388479.01,31.1,1.51,195130.36,4.37
1388479.01,31.1,1.51,195130.36,4.37
1388183.21,31.1,1.51,195115.95,4.37
1387875.94,31.1,1.51,194866.87,4.37
1387577.03,31.1,1.51,195146.7,4.37
1387278.91,31.1,1.51,195046.53,4.37
1386979.23,31.1,1.51,195221.64,4.38
1386979.23,31.1,1.51,195203.24,4.38
1386711.06,31.1,1.51,195200.27,4.38
1386412.93,31.1,1.51,195175.17,4.38
1386303.03,31.1,1.51,195220.33,4.38
1386004.91,31.1,1.52,195186.68,4.38
1385709.1,31.1,1.52,195167.9,4.38
1385551.14,31.1,1.51,195018.3,4.38
1385252.24,31.1,1.51,195293.01,4.38
1385142.34,31.11,1.52,195062.38,4.38
1384842.66,31.11,1.52,195380.45,4.39
1384842.66,31.11,1.52,195399.28,4.39
1384574.49,31.11,1.52,195396.31,4.39
1384276.36,31.11,1.52,195371.21,4.39
1383983.4,31.11,1.52,195313.03,4.39
1383685.27,31.11,1.52,195365.95,4.39
1383685.27,31.11,1.52,195356.0,4.39
1383388.0,31.1,1.51,194949.04,4.38
1383090.73,31.1,1.51,194749.91,4.38
1382792.61,31.1,1.51,194709.07,4.38
1382792.61,31.1,1.51,194709.07,4.38
1382792.61,31.1,1.51,194709.07,4.38
1382575.02,31.1,1.51,194492.02,4.37
1382692.01,31.1,1.51,193348.04,4.35
1382396.21,31.1,1.51,193328.06,4.35
1382098.73,31.1,1.51,193836.41,4.36
1381899.36,31.1,1.52,193638.84,4.36
1381927.72,31.11,1.52,193932.43,4.37
1381956.86,31.11,1.53,193957.75,4.37
1381845.42,31.12,1.53,194354.89,4.38
1381845.42,31.12,1.53,194354.89,4.38
1381539.8,31.12,1.53,194302.01,4.38
1381271.63,31.12,1.53,194302.45,4.38
1381418.31,31.13,1.54,194275.93,4.38
1381308.41,31.13,1.54,194314.23,4.38
1381308.41,31.13,1.54,194314.23,4.38
1381105.06,31.13,1.54,194131.0,4.38
1380806.93,31.13,1.54,194111.41,4.38
1380806.93,31.13,1.54,194111.41,4.38
1380699.36,31.13,1.54,194101.6,4.38
1380400.46,31.13,1.54,194398.76,4.38
1380400.46,31.13,1.54,194398.76,4.38
1380839.5,31.14,1.55,194328.43,4.38
1380839.5,31.14,1.55,194328.43,4.38
1380425.98,31.14,1.55,194193.78,4.38
1380425.98,31.14,1.55,194193.78,4.38
1380127.85,31.14,1.55,194333.66,4.38
1379828.17,31.14,1.55,194502.44,4.39
1379560.0,31.14,1.55,194506.96,4.39
1379261.87,31.14,1.55,194474.37,4.39
1378963.74,31.14,1.55,194515.34,4.39
1378665.62,31.14,1.55,194489.73,4.39
1378507.65,31.14,1.55,194336.31,4.39
1378400.08,31.14,1.55,194316.99,4.39
1378101.18,31.14,1.55,194498.24,4.4
1377709.95,31.14,1.55,194169.07,4.39
1377411.83,31.14,1.55,194079.05,4.39
1377103.11,31.14,1.55,194220.05,4.39
1376778.77,31.14,1.55,194291.16,4.39
1376882.47,31.14,1.55,194286.47,4.39
1376574.53,31.14,1.56,194264.73,4.4
1376463.08,31.15,1.56,194477.88,4.4
1376155.14,31.15,1.56,194521.92,4.4
1376155.14,31.15,1.56,194521.92,4.4
1376155.14,31.15,1.56,194512.73,4.4
1375863.46,31.14,1.55,194478.27,4.4
1375757.57,31.15,1.56,194041.88,4.39
1375449.63,31.15,1.56,194023.5,4.39
1375152.36,31.14,1.55,193832.91,4.39
1375152.36,31.14,1.55,193832.91,4.39
1374855.09,31.14,1.55,193518.19,4.38
1374855.09,31.14,1.55,193496.18,4.38
1374855.09,31.14,1.55,193509.97,4.38
1374470.29,31.13,1.54,193307.87,4.38
1374470.29,31.13,1.54,193307.87,4.38
1374096.33,31.13,1.54,193020.47,4.37
1374096.33,31.13,1.54,193020.47,4.37
1373790.71,31.13,1.54,193142.69,4.38
1373926.8,31.14,1.55,193128.63,4.38
1373618.86,31.14,1.55,193074.39,4.38
1373241.93,31.13,1.54,193399.46,4.38
1372924.57,31.13,1.54,193155.15,4.38
1372656.39,31.13,1.54,193157.49,4.38
1372803.07,31.14,1.55,193131.95,4.38
1372504.94,31.14,1.55,193206.59,4.38
1372206.81,31.14,1.55,193178.45,4.38
1371911.01,31.14,1.55,193121.89,4.38
1371612.11,31.14,1.55,193116.05,4.38
1371612.11,31.14,1.55,193116.05,4.38
1371612.11,31.14,1.55,193116.05,4.38
1371322.89,31.14,1.55,193210.12,4.39
1371341.57,31.15,1.56,193897.36,4.4
1371341.57,31.15,1.56,193897.36,4.4
1371073.4,31.15,1.56,193897.8,4.4
1370775.27,31.15,1.56,193869.29,4.41
1370775.27,31.15,1.56,193893.45,4.41
1370775.27,31.15,1.56,193893.45,4.41
1370775.27,31.15,1.56,193876.4,4.41
1370665.38,31.15,1.56,193922.17,4.41
1370294.37,31.15,1.56,193522.42,4.4
1370188.48,31.15,1.56,193086.03,4.39
1369864.91,31.15,1.56,193006.66,4.39
1369490.95,31.15,1.56,192719.26,4.38
1369576.71,31.15,1.57,192043.81,4.37
1369723.38,31.16,1.57,192021.47,4.37
1369723.38,31.16,1.57,192040.57,4.37
1369348.58,31.15,1.57,192012.55,4.37
1369161.09,31.16,1.57,192347.66,4.38
1368865.28,31.16,1.57,192554.07,4.38
1369011.18,31.16,1.58,192472.66,4.38
1368901.29,31.17,1.58,192340.27,4.38
1368601.61,31.17,1.58,193205.87,4.4
1368333.44,31.17,1.58,193196.16,4.4
1368035.31,31.17,1.58,193180.42,4.4
1368626.53,31.18,1.6,193490.97,4.41
1368328.4,31.18,1.6,193556.5,4.41
1368030.28,31.19,1.6,193513.0,4.41
1367647.27,31.18,1.59,193166.72,4.4
1367351.47,31.18,1.59,193133.16,4.4
1367052.57,31.18,1.59,193432.97,4.41
1366677.76,31.18,1.59,193018.2,4.4
1366415.66,31.18,1.59,192903.98,4.4
1366545.7,31.18,1.6,193144.92,4.41
1366334.64,31.18,1.59,192941.93,4.4
1366393.73,31.19,1.6,192943.28,4.4
1366095.6,31.19,1.6,192915.17,4.4
1365797.48,31.19,1.6,193020.58,4.41
1365826.62,31.19,1.6,192968.19,4.41
1365719.05,31.2,1.61,192908.97,4.41
1365420.15,31.2,1.61,193700.67,4.43
1363065.08,31.2,1.61,193650.13,4.43
1362955.18,31.2,1.61,193691.65,4.43
1363377.42,31.22,1.63,193813.33,4.44
1363077.75,31.22,1.63,193862.38,4.44
1362809.57,31.22,1.63,193864.71,4.44
1362257.48,31.21,1.62,193369.23,4.43
1362049.95,31.21,1.62,193296.73,4.43
1361751.82,31.21,1.62,193266.32,4.43
1361751.82,31.21,1.62,193266.32,4.43
1359396.75,31.21,1.62,193215.79,4.44
1359106.89,31.21,1.62,192591.75,4.42
1358997.0,31.22,1.63,192603.85,4.42
1358698.87,31.22,1.63,192591.37,4.42
1358847.87,31.22,1.63,192750.86,4.43
1358737.2,31.23,1.64,192636.92,4.43
1358737.2,31.23,1.64,192636.92,4.43
1358766.34,31.23,1.64,192581.25,4.43
1358423.41,31.23,1.64,192485.93,4.43
1358123.74,31.23,1.64,193628.09,4.45
1357855.56,31.23,1.64,193630.42,4.45
1357648.82,31.23,1.64,193417.73,4.45
1357350.69,31.23,1.64,193387.32,4.45
1357052.56,31.23,1.64,193421.95,4.45
1356656.82,31.22,1.64,193051.87,4.44
1356277.32,31.22,1.63,192638.58,4.43
1355979.19,31.22,1.63,192614.13,4.43
1355683.39,31.22,1.63,192597.0,4.44
1355434.35,31.22,1.63,192376.17,4.43
1355434.35,31.22,1.63,192376.17,4.43
1355126.41,31.22,1.63,192366.26,4.43
1355016.67,31.21,1.62,192256.59,4.43
1355016.67,31.21,1.62,192256.59,4.43
1354717.77,31.21,1.63,192432.99,4.43
1354428.55,31.21,1.63,192294.01,4.43
1354119.96,31.21,1.63,192241.07,4.43
1354239.65,31.22,1.63,192663.83,4.44
1353971.48,31.22,1.63,192668.35,4.44
1353861.58,31.23,1.64,192651.2,4.44
1353563.46,31.23,1.64,192632.73,4.44
1353453.56,31.23,1.64,192665.18,4.45
1353453.56,31.23,1.64,192665.18,4.45
1353157.76,31.23,1.64,192646.64,4.45
1352858.86,31.23,1.64,192625.81,4.45
1352573.49,31.23,1.64,192326.99,4.44
1352573.49,31.23,1.64,192326.99,4.44
1352275.36,31.23,1.64,192763.96,4.45
1351890.56,31.22,1.63,192395.9,4.44
1351890.56,31.22,1.63,192395.9,4.44
1351590.88,31.22,1.63,192283.54,4.44
1351484.99,31.22,1.63,191847.15,4.43
1351484.99,31.22,1.63,191825.14,4.43
1351109.26,31.22,1.63,191535.7,4.43
1350801.32,31.22,1.63,191601.98,4.43
1350801.32,31.22,1.63,191624.57,4.43
1350533.15,31.22,1.63,191629.09,4.43
1350235.02,31.22,1.64,191645.47,4.43
1349936.89,31.22,1.64,191619.02,4.43
1349936.89,31.22,1.64,191596.44,4.43
1349827.0,31.23,1.64,191579.0,4.43
1349531.19,31.23,1.64,191569.91,4.43
1349227.13,31.23,1.64,191576.45,4.43
1348928.22,31.23,1.64,191820.59,4.44
1348630.1,31.23,1.64,191734.43,4.44
1348657.69,31.23,1.65,192008.89,4.45
1348389.52,31.23,1.65,192001.54,4.45
1348389.52,31.23,1.65,192001.54,4.45
1348091.39,31.24,1.65,191980.82,4.45
1347793.26,31.24,1.65,192187.05,4.45
1347793.26,31.24,1.65,192211.94,4.45
1347683.37,31.24,1.65,192039.29,4.45
1347800.36,31.25,1.66,192653.61,4.47
1347504.55,31.25,1.66,192614.91,4.47
1347205.65,31.25,1.66,193158.82,4.48
1347005.78,31.25,1.66,193158.7,4.48
1347005.78,31.25,1.66,193158.7,4.48
1346737.61,31.25,1.66,193155.41,4.48
1346444.0,31.25,1.66,193160.45,4.48
1346146.52,31.25,1.66,192474.98,4.47
1346146.52,31.25,1.66,192474.98,4.47
1345947.15,31.25,1.66,192461.15,4.47
1345846.16,31.26,1.67,192343.96,4.47
1345846.16,31.26,1.67,192343.96,4.47
1345541.11,31.26,1.67,192279.89,4.47
1345242.98,31.26,1.67,192255.11,4.47
1345389.65,31.26,1.68,192462.7,4.47
1345014.85,31.26,1.67,192293.91,4.47
1344904.96,31.26,1.67,192248.59,4.47
1345053.96,31.27,1.68,192764.76,4.48
1344669.15,31.26,1.67,192590.34,4.48
1344400.98,31.26,1.68,192594.86,4.48
1344400.98,31.26,1.68,192594.86,4.48
1344102.85,31.26,1.68,192562.27,4.48
1344249.53,31.27,1.68,192639.65,4.48
1344249.53,31.27,1.68,192636.47,4.48
1343951.4,31.27,1.68,192625.7,4.48
1343951.4,31.27,1.68,192625.7,4.48
1343655.6,31.27,1.68,192692.63,4.48
1343655.6,31.27,1.68,192692.63,4.48
1343549.7,31.27,1.69,192256.24,4.48
1343175.74,31.27,1.69,191968.83,4.47
1342807.67,31.27,1.68,193157.66,4.5
1343025.62,31.28,1.69,193073.0,4.5
1343025.62,31.28,1.69,193073.0,4.5
1342757.44,31.28,1.69,193069.72,4.5
1342757.44,31.28,1.69,193069.72,4.5
1341567.26,31.28,1.69,193147.97,4.5
1341567.26,31.28,1.69,193147.97,4.5
1341721.55,31.29,1.7,193054.14,4.5
1341433.36,31.29,1.7,193921.32,4.52
1341137.5,31.29,1.7,193629.24,4.52
1340754.3,31.28,1.69,193606.92,4.52
1340783.44,31.29,1.7,194085.38,4.53
1340483.77,31.29,1.7,193947.5,4.53
1340215.59,31.29,1.7,193952.02,4.53
1340215.59,31.29,1.7,193952.02,4.53
1340096.01,31.29,1.7,193365.66,4.52
1340096.01,31.29,1.7,193365.66,4.52
1340006.78,31.3,1.71,192749.91,4.5
1340006.78,31.3,1.71,192749.91,4.5
1340134.37,31.3,1.71,193512.28,4.52
1340024.47,31.31,1.72,193495.13,4.52
1339726.35,31.31,1.72,193476.66,4.52
1339616.45,31.31,1.72,193520.76,4.52
1339616.45,31.31,1.72,193520.76,4.52
1339765.45,31.32,1.73,193496.7,4.52
1339466.55,31.32,1.73,193470.37,4.52
1339168.42,31.32,1.73,194139.46,4.54
1338844.86,31.32,1.73,194109.59,4.54
1338468.96,31.31,1.72,193765.77,4.53
1338468.96,31.31,1.72,193765.77,4.53
1338468.96,31.31,1.72,193765.77,4.53
1338066.75,31.3,1.72,193350.68,4.52
1338223.91,31.31,1.72,193817.7,4.53
1338118.02,31.32,1.73,193381.31,4.53
1337725.81,31.31,1.72,193085.88,4.52
1337538.32,31.31,1.72,192975.32,4.52
1337689.06,31.32,1.73,192970.79,4.52
1337390.93,31.32,1.73,192996.34,4.52
1337092.8,31.32,1.73,192966.07,4.52
1336794.67,31.32,1.73,192943.53,4.52
1336498.87,31.32,1.73,192999.45,4.52
1336388.2,31.32,1.74,192965.81,4.52
1336388.2,31.32,1.74,192965.81,4.52
1336280.24,31.32,1.73,192862.39,4.52
1336426.91,31.33,1.74,192832.85,4.52
1336127.24,31.33,1.74,193854.5,4.55
1336127.24,31.33,1.74,193854.5,4.55
1336186.33,31.34,1.75,193855.85,4.55
1335888.2,31.34,1.75,193827.74,4.55
1335888.2,31.34,1.75,193827.74,4.55
1335888.2,31.34,1.75,193827.74,4.55
1335780.24,31.33,1.74,193719.78,4.54
1335670.35,31.34,1.75,193766.61,4.55
1335472.79,31.33,1.75,193631.83,4.54
1335174.66,31.33,1.75,193581.82,4.54
1335174.66,31.33,1.75,193581.82,4.54
1334789.86,31.33,1.74,193150.39,4.53
1334938.86,31.34,1.75,193148.19,4.53
1334639.96,31.34,1.75,193730.72,4.55
1334350.74,31.34,1.75,193740.04,4.55
1334042.15,31.34,1.75,193893.57,4.55
1333773.98,31.34,1.75,193892.64,4.56
1333475.85,31.34,1.75,193865.5,4.56
1333365.96,31.34,1.75,193896.19,4.56
1333067.83,31.34,1.75,193863.54,4.56
1332762.21,31.34,1.75,193831.64,4.56
1332604.25,31.34,1.75,193678.21,4.55
1332604.25,31.34,1.75,193678.21,4.55
1332308.45,31.34,1.75,193817.8,4.56
1332308.45,31.34,1.75,193817.8,4.56
1332009.54,31.34,1.75,193670.19,4.56
1332047.59,31.35,1.76,194308.15,4.57
1331941.7,31.35,1.76,193871.76,4.56
1331567.74,31.35,1.76,193584.36,4.56
1331259.16,31.35,1.76,193393.17,4.55
1330990.98,31.35,1.76,193397.69,4.56
1330692.85,31.35,1.76,193367.72,4.56
1330405.44,31.35,1.76,192749.25,4.54
1330295.55,31.35,1.76,192743.6,4.54
1329910.75,31.35,1.76,192553.51,4.54
1330332.99,31.36,1.77,192675.19,4.54
1330453.77,31.37,1.78,192719.91,4.54
1330250.42,31.37,1.78,192550.98,4.54
1329954.62,31.37,1.78,192503.65,4.54
1329655.72,31.37,1.78,192831.44,4.55
1327300.65,31.37,1.78,192780.91,4.56
1326748.56,31.36,1.77,192285.42,4.55
1326450.43,31.36,1.77,192053.14,4.54
1326150.75,31.36,1.77,192551.57,4.55
1326150.75,31.36,1.77,192551.57,4.55
1326150.75,31.36,1.77,192551.57,4.55
1325882.58,31.37,1.78,192550.64,4.56
1325584.45,31.37,1.78,192523.5,4.56
1325731.13,31.37,1.78,192588.99,4.56
1325731.13,31.37,1.78,192588.99,4.56
1325433.86,31.37,1.78,192339.05,4.55
1325135.73,31.37,1.78,192299.43,4.55
1324839.93,31.37,1.78,192267.05,4.55
1325431.15,31.39,1.8,192577.6,4.56
1325431.15,31.39,1.8,192577.6,4.56
1324700.07,31.38,1.79,191883.25,4.54
1324589.4,31.38,1.79,192292.78,4.56
1324300.19,31.38,1.79,192346.37,4.56
1324038.06,31.38,1.79,192524.74,4.56
1324158.04,31.39,1.8,192859.37,4.57
1324158.04,31.39,1.8,192859.37,4.57
1324275.03,31.4,1.81,192116.07,4.55
1324006.85,31.4,1.81,192113.1,4.56
1324006.85,31.4,1.81,192113.1,4.56
1324006.85,31.4,1.81,192113.1,4.56
1323708.73,31.4,1.81,192088.0,4.56
1323784.14,31.4,1.81,193007.42,4.58
1323809.39,31.41,1.82,193054.11,4.58
1323699.5,31.41,1.82,193099.27,4.58
1323541.54,31.41,1.82,192941.95,4.58
1323570.68,31.42,1.82,192920.78,4.58
1323570.68,31.42,1.82,192920.78,4.58
1323372.56,31.41,1.82,192717.32,4.57
1323076.76,31.41,1.82,192690.68,4.57
1323076.76,31.41,1.82,192690.68,4.57
1322777.86,31.41,1.82,192683.43,4.58
1322372.11,31.41,1.82,192271.46,4.57
1322073.99,31.41,1.82,192856.08,4.58
1321774.31,31.41,1.82,192765.57,4.58
1321950.94,31.42,1.82,192770.42,4.58
1321661.74,31.41,1.82,192545.38,4.58
1321454.21,31.41,1.82,192328.91,4.57
1321454.21,31.41,1.82,192328.91,4.57
1321069.4,31.4,1.81,192299.96,4.57
1321069.4,31.4,1.81,192299.96,4.57
1320771.28,31.4,1.81,192391.82,4.57
1320613.31,31.4,1.81,192238.39,4.57
1320613.31,31.4,1.81,192238.39,4.57
1320455.35,31.4,1.81,192080.43,4.57
1320484.49,31.4,1.81,192025.72,4.57
1320189.46,31.4,1.81,192147.19,4.57
1320189.46,31.4,1.81,192147.19,4.57
1320189.46,31.4,1.81,192147.19,4.57
1319921.29,31.4,1.81,192132.05,4.57
1319623.16,31.4,1.81,192226.67,4.57
1319769.83,31.41,1.82,192181.83,4.57
1319663.94,31.42,1.82,191745.44,4.56
1319663.94,31.42,1.82,191745.44,4.56
1319663.94,31.42,1.82,191745.44,4.56
1319663.94,31.42,1.82,191745.44,4.56
1319289.98,31.41,1.82,191458.04,4.56
1318991.86,31.41,1.82,191417.42,4.56
1318722.78,31.42,1.82,191556.99,4.56
1318425.81,31.41,1.82,191257.53,4.56
1318157.63,31.41,1.82,191256.6,4.56
1318157.63,31.41,1.82,191256.6,4.56
1318046.96,31.42,1.82,192417.27,4.59
1317849.41,31.41,1.82,192274.58,4.58
1317568.33,31.41,1.82,191532.23,4.57
1317568.33,31.41,1.82,191510.21,4.57
1317270.2,31.41,1.82,191562.67,4.57
1317270.2,31.41,1.82,191562.67,4.57
1317270.2,31.41,1.82,191584.68,4.57
1316972.07,31.41,1.82,191568.21,4.57
1316778.62,31.41,1.82,193436.8,4.61
1316778.62,31.41,1.82,193414.79,4.61
1316672.72,31.42,1.82,192978.39,4.6
1316374.6,31.42,1.82,193363.97,4.61
1316350.64,31.42,1.83,193426.56,4.62
1316300.64,31.42,1.83,193376.56,4.62
1316031.56,31.42,1.83,193343.46,4.62
1315912.76,31.42,1.83,192834.85,4.6
1316048.97,31.43,1.84,193965.73,4.63
1316108.07,31.44,1.85,193967.08,4.63
1316108.07,31.44,1.85,193992.73,4.63
1316108.07,31.44,1.85,193992.73,4.63
1316108.07,31.44,1.85,193989.06,4.63
1315809.94,31.44,1.85,193960.96,4.63
1315531.96,31.44,1.85,193957.87,4.64
1315152.46,31.43,1.84,193529.33,4.63
1314854.33,31.43,1.84,193604.09,4.63
1314748.44,31.44,1.85,193167.69,4.62
1314450.31,31.44,1.85,193136.59,4.62
1314262.82,31.44,1.85,193026.04,4.62
1313967.01,31.44,1.85,192974.43,4.62
1313698.84,31.44,1.85,192973.17,4.62
1313844.74,31.45,1.86,193967.9,4.64
1314085.13,31.46,1.86,193686.61,4.64
1313787.01,31.46,1.86,193662.41,4.64
1313667.43,31.46,1.87,193470.78,4.63
1313369.3,31.46,1.87,193805.74,4.64
1313074.27,31.46,1.87,193751.61,4.64
1312806.1,31.46,1.87,193748.53,4.64
1312806.1,31.46,1.87,193748.53,4.64
1312586.82,31.46,1.87,194069.79,4.65
1312586.82,31.46,1.87,194069.79,4.65
1312586.82,31.46,1.87,194069.79,4.65
1312646.58,31.46,1.87,194300.14,4.66
1312451.58,31.46,1.87,194100.93,4.65
1312229.43,31.46,1.87,193879.38,4.65
1312229.43,31.46,1.87,193879.38,4.65
1311879.43,31.45,1.86,193636.53,4.64
1311787.74,31.46,1.87,194036.37,4.65
1311455.57,31.46,1.87,193770.09,4.65
1311266.07,31.45,1.86,193602.65,4.64
1310967.94,31.46,1.86,193577.67,4.64
1310695.77,31.46,1.86,193428.24,4.64
1310442.18,31.46,1.87,194132.81,4.66
1310143.93,31.46,1.87,193475.58,4.65
1310143.93,31.46,1.87,193475.58,4.65
1310143.93,31.46,1.87,193475.58,4.65
1309960.57,31.46,1.87,193459.41,4.65
1309850.67,31.46,1.87,193554.16,4.65
1309850.67,31.46,1.87,193554.16,4.65
1309850.67,31.46,1.87,193554.16,4.65
1309542.73,31.46,1.87,193529.19,4.65
1309542.73,31.46,1.87,193566.73,4.65
1309244.6,31.46,1.87,193478.62,4.65
1309244.6,31.46,1.87,193478.62,4.65
1309276.07,31.47,1.88,193465.51,4.65
1309276.07,31.47,1.88,193465.51,4.65
1308952.5,31.47,1.88,193490.77,4.65
1308841.84,31.47,1.88,194127.42,4.67
1308552.62,31.47,1.88,194096.49,4.67
1308244.03,31.47,1.88,194131.16,4.67
1308046.48,31.47,1.88,193908.38,4.67
1307738.54,31.47,1.88,194103.03,4.67
1307470.36,31.47,1.88,194105.36,4.67
1307172.23,31.47,1.88,194148.55,4.67
1306874.11,31.47,1.88,194109.03,4.67
1306874.11,31.47,1.88,194063.78,4.67
1307020.78,31.48,1.89,194026.08,4.67
1306724.98,31.48,1.89,194418.13,4.68
1306340.18,31.47,1.88,194297.43,4.68
1306229.51,31.48,1.89,194101.66,4.68
1306229.51,31.48,1.89,194101.66,4.68
1305921.57,31.48,1.89,194075.53,4.68
1305921.57,31.48,1.89,194075.53,4.68
1305653.39,31.48,1.89,194068.37,4.68
1305653.39,31.48,1.89,194068.37,4.68
1305355.27,31.48,1.89,194247.07,4.68
1305095.61,31.48,1.89,194689.08,4.7
1305095.61,31.48,1.89,194689.08,4.7
1305095.61,31.48,1.89,194740.69,4.7
1304945.69,31.48,1.89,194638.82,4.7
1304647.57,31.48,1.89,194519.71,4.69
1304647.57,31.48,1.89,194512.07,4.69
1304349.44,31.48,1.89,195029.73,4.71
1304080.36,31.49,1.89,194666.7,4.7
1304080.36,31.49,1.89,194666.7,4.7
1304191.47,31.49,1.9,194536.91,4.7
1303923.29,31.49,1.9,194529.56,4.7
1303625.16,31.49,1.9,194508.84,4.7
1303327.04,31.49,1.9,194721.4,4.71
1303473.71,31.5,1.91,194561.94,4.7
1303473.71,31.5,1.91,194561.94,4.7
1303177.91,31.5,1.91,194637.58,4.7
1303600.15,31.52,1.92,194759.26,4.71
1303242.07,31.51,1.92,195763.89,4.73
1303242.07,31.51,1.92,195741.87,4.73
1302973.9,31.51,1.92,195734.45,4.73
1302675.77,31.51,1.92,195713.8,4.73
1302377.64,31.51,1.92,196360.05,4.75
1301825.55,31.51,1.91,195864.57,4.74
1302065.94,31.51,1.92,195583.28,4.73
1301974.26,31.52,1.93,196289.7,4.75
1301974.26,31.52,1.93,196312.1,4.75
1301675.21,31.51,1.92,196045.0,4.75
1301339.51,31.51,1.92,195781.88,4.74
1301011.11,31.51,1.92,195761.55,4.74
1300717.38,31.51,1.92,195515.16,4.74
1300496.98,31.5,1.91,195299.68,4.73
1300340.16,31.5,1.91,195109.51,4.73
1300340.16,31.5,1.91,195109.51,4.73
1300220.58,31.51,1.91,194594.25,4.72
1300220.58,31.51,1.91,194594.25,4.72
1300530.36,31.52,1.92,194277.88,4.71
1300380.21,31.52,1.93,195005.55,4.73
1300120.82,31.52,1.93,194618.48,4.72
1299757.33,31.51,1.92,194226.61,4.71
1299489.16,31.52,1.92,194228.94,4.71
1299489.16,31.52,1.92,194210.39,4.71
1299191.03,31.52,1.92,194188.0,4.71
1299071.45,31.52,1.93,195645.99,4.75
1298913.22,31.52,1.92,195488.35,4.74
1298615.09,31.52,1.92,195476.6,4.74
1298420.07,31.51,1.92,195284.61,4.74
1298121.94,31.51,1.92,195335.23,4.74
1298121.94,31.51,1.92,195354.98,4.74
1298121.94,31.51,1.92,195354.98,4.74
1298544.18,31.53,1.94,195476.66,4.75
1297802.09,31.52,1.93,194791.18,4.73
1297802.09,31.52,1.93,194771.61,4.73
1297506.29,31.52,1.93,194756.58,4.73
1297207.39,31.52,1.93,194719.41,4.73
1296909.26,31.52,1.93,194893.52,4.74
1296909.26,31.52,1.93,194914.93,4.74
1297331.5,31.54,1.94,195036.61,4.74
1297476.62,31.54,1.95,195217.62,4.75
1297208.45,31.54,1.95,195222.14,4.75
1296910.32,31.54,1.95,195197.55,4.75
1296910.32,31.54,1.95,195197.55,4.75
1296535.52,31.54,1.95,194895.29,4.74
1296682.2,31.55,1.95,194949.35,4.74
1296384.07,31.55,1.95,194946.39,4.74
1296102.08,31.55,1.95,194911.87,4.74
1295806.28,31.55,1.96,194862.2,4.74
1295806.28,31.55,1.96,194862.2,4.74
1295806.28,31.55,1.96,194850.59,4.74
1295525.19,31.55,1.96,195614.64,4.76
1295470.23,31.55,1.96,195094.58,4.75
1295470.23,31.55,1.96,195094.58,4.75
1295408.14,31.55,1.96,195089.09,4.75
1295408.14,31.55,1.96,195089.09,4.75
1295408.14,31.55,1.96,195089.09,4.75
1295408.14,31.55,1.96,195089.09,4.75
1295139.97,31.55,1.96,195093.61,4.75
1295286.64,31.56,1.97,195068.2,4.75
1294988.52,31.56,1.97,195130.74,4.76
1294690.39,31.56,1.97,195081.41,4.76
1294394.58,31.56,1.97,195058.92,4.76
1294009.78,31.55,1.96,195980.71,4.78
1293741.61,31.56,1.96,195985.23,4.78
1293422.77,31.55,1.96,195666.55,4.77
1293124.64,31.55,1.96,195636.58,4.77
1293124.64,31.55,1.96,195636.58,4.77
1292826.52,31.55,1.96,195852.37,4.78
1292668.55,31.55,1.95,195699.21,4.78
1292815.23,31.56,1.96,195531.85,4.77
1292519.42,31.56,1.96,195606.47,4.78
1292519.42,31.56,1.96,195606.47,4.78
1292519.42,31.56,1.96,195606.47,4.78
1292242.69,31.55,1.96,196554.35,4.8
1291974.52,31.55,1.96,196558.87,4.8
1291974.52,31.55,1.96,196558.87,4.8
1291676.39,31.55,1.96,196537.36,4.8
1291676.39,31.55,1.96,196537.36,4.8
1291541.58,31.56,1.96,197115.14,4.82
1291170.92,31.56,1.96,196761.47,4.81
1291078.07,31.56,1.97,196375.25,4.8
1290959.27,31.56,1.97,195970.89,4.79
1290661.14,31.56,1.97,196142.81,4.8
1290661.14,31.56,1.97,196142.81,4.8
1290818.3,31.57,1.98,196905.82,4.82
1290523.27,31.57,1.98,197140.02,4.82
1290238.18,31.57,1.98,197191.61,4.83
1290509.74,31.58,1.99,198571.06,4.86
1290509.74,31.58,1.99,198571.06,4.86
1290568.84,31.59,1.99,198572.41,4.86
1290458.94,31.59,2.0,198593.33,4.86
1290161.67,31.59,1.99,198561.71,4.86
1289863.55,31.59,1.99,198562.61,4.86
1289565.42,31.59,1.99,198536.33,4.86
1289565.42,31.59,1.99,198536.33,4.86
1289565.42,31.59,1.99,198536.33,4.86
1289307.72,31.58,1.99,198264.79,4.86
1289011.92,31.58,1.99,198505.78,4.86
1289011.92,31.58,1.99,198505.78,4.86
1288713.02,31.58,1.99,198412.28,4.86
1288713.02,31.58,1.99,198412.28,4.86
1288713.02,31.58,1.99,198412.28,4.86
1288423.8,31.59,1.99,198313.57,4.86
1288304.22,31.59,1.99,197600.6,4.85
1288304.22,31.59,1.99,197600.6,4.85
1288304.22,31.59,1.99,197600.6,4.85
1288304.22,31.59,1.99,197600.6,4.85
1288539.37,31.6,2.0,198320.89,4.86
1288450.14,31.6,2.01,197612.69,4.85
1288199.69,31.6,2.01,198244.63,4.86
1287931.51,31.6,2.01,198249.15,4.86
1287633.39,31.6,2.01,198224.56,4.87
1287527.5,31.61,2.01,197788.17,4.86
1287527.5,31.61,2.01,197802.21,4.86
1287229.37,31.61,2.01,197873.56,4.86
1287229.37,31.61,2.01,197873.56,4.86
1286855.41,31.61,2.01,197586.16,4.85
1286557.28,31.61,2.01,197573.69,4.85
1286557.28,31.61,2.01,197573.69,4.85
1286449.71,31.61,2.02,197503.62,4.85
1286150.81,31.61,2.02,197830.39,4.86
1285882.63,31.61,2.02,197829.14,4.86
1285593.42,31.61,2.02,197579.12,4.86
1285284.83,31.61,2.02,197670.78,4.86
1284986.7,31.61,2.02,197646.59,4.86
1284876.81,31.62,2.02,197640.93,4.86
1284876.81,31.62,2.02,197626.89,4.86
1284876.81,31.62,2.02,197626.89,4.86
1284578.68,31.62,2.02,197682.63,4.87
1284471.11,31.62,2.03,197652.59,4.87
1284172.21,31.62,2.03,197618.96,4.87
1284172.21,31.62,2.03,197618.96,4.87
1284172.21,31.62,2.03,197634.09,4.87
1283874.08,31.62,2.03,198119.08,4.88
1283539.22,31.62,2.02,197760.49,4.87
1283539.22,31.62,2.02,197760.49,4.87
1283624.97,31.62,2.03,197085.04,4.86
1283624.97,31.62,2.03,197074.41,4.86
1283437.48,31.63,2.03,197409.52,4.86
1283437.48,31.63,2.03,197409.52,4.86
1283437.48,31.63,2.03,197387.51,4.86
1283175.89,31.63,2.03,196626.11,4.85
1283321.01,31.63,2.04,196822.85,4.85
1283213.66,31.63,2.04,196724.19,4.85
1282675.75,31.62,2.03,196164.29,4.84
1282407.58,31.63,2.03,196161.21,4.84
1282407.58,31.63,2.03,196161.21,4.84
1282407.58,31.63,2.03,196184.99,4.84
1282165.61,31.63,2.03,196403.89,4.84
1282165.61,31.63,2.03,196403.89,4.84
1281852.62,31.63,2.03,196091.73,4.84
1281852.62,31.63,2.03,196091.73,4.84
1281554.49,31.63,2.03,196066.74,4.84
1281256.36,31.63,2.03,196109.94,4.84
1280958.24,31.63,2.03,196072.98,4.84
1280662.43,31.63,2.03,196057.83,4.84
1280277.63,31.62,2.03,195801.67,4.84
1280699.87,31.64,2.04,195923.35,4.84
1279537.31,31.64,2.04,196490.56,4.86
1279537.31,31.64,2.04,196498.71,4.86
1279336.53,31.64,2.04,196292.06,4.85
1279336.53,31.64,2.04,196292.06,4.85
1279037.62,31.64,2.04,196448.74,4.86
1278739.5,31.64,2.04,196384.92,4.86
1278581.14,31.64,2.04,196227.43,4.86
1278029.05,31.63,2.03,195731.95,4.84
1277729.37,31.63,2.03,195625.53,4.84
1277905.1,31.64,2.04,195718.69,4.85
1277905.1,31.64,2.04,195718.69,4.85
1277636.92,31.64,2.04,195715.4,4.85
1277636.92,31.64,2.04,195727.65,4.85
1277338.8,31.64,2.04,195702.87,4.85
1277015.23,31.64,2.04,195681.19,4.85
1276721.77,31.63,2.04,195226.75,4.84
1276423.64,31.63,2.04,195290.44,4.84
1276862.69,31.65,2.05,195220.12,4.84
1276862.69,31.65,2.05,195220.12,4.84
1276862.69,31.65,2.05,195203.44,4.84
1276569.72,31.65,2.05,195126.27,4.84
1276147.16,31.65,2.05,194984.22,4.84
1276147.16,31.65,2.05,195003.62,4.84
1275849.03,31.65,2.05,194938.47,4.84
1275587.44,31.65,2.05,195858.79,4.86
1275345.48,31.65,2.05,195121.72,4.84
1275049.68,31.65,2.05,195114.81,4.84
1274750.77,31.65,2.05,195391.51,4.85
1274750.77,31.65,2.05,195391.51,4.85
1274461.56,31.65,2.06,195266.24,4.85
1274461.56,31.65,2.06,195266.24,4.85
1274461.56,31.65,2.06,195266.24,4.85
1274341.2,31.65,2.06,195271.95,4.85
1274517.83,31.66,2.07,195276.25,4.85
1274407.94,31.67,2.07,195254.74,4.85
1274122.85,31.67,2.07,195306.33,4.85
1273969.1,31.66,2.07,195342.41,4.86
1274115.78,31.67,2.08,195315.66,4.86
1274115.78,31.67,2.08,195315.66,4.86
1273730.97,31.67,2.07,195293.79,4.86
1273432.85,31.67,2.07,195527.26,4.86
1273137.04,31.67,2.07,195577.14,4.86
1273026.37,31.67,2.07,195387.99,4.86
1272758.2,31.67,2.08,195378.28,4.86
1272460.07,31.67,2.08,195435.71,4.86
1272161.94,31.67,2.08,195377.07,4.86
1271872.73,31.67,2.08,196114.38,4.88
1271872.73,31.67,2.08,196114.38,4.88
1272107.88,31.68,2.09,196209.62,4.89
1271773.19,31.68,2.08,196205.82,4.89
1271919.87,31.68,2.09,196370.31,4.89
1271624.07,31.69,2.09,196182.15,4.89
1271624.07,31.69,2.09,196182.15,4.89
1271342.98,31.69,2.09,197198.11,4.91
1271342.98,31.69,2.09,197198.11,4.91
1271342.98,31.69,2.09,197198.11,4.91
1271402.08,31.69,2.1,197199.46,4.92
1271103.95,31.69,2.1,197236.71,4.92
1270805.82,31.69,2.1,197214.69,4.92
1270805.82,31.69,2.1,197214.69,4.92
1270507.69,31.69,2.1,197163.87,4.92
1270211.89,31.69,2.1,197311.24,4.92
1269943.72,31.7,2.1,197310.32,4.92
1269943.72,31.7,2.1,197310.32,4.92
1269645.59,31.7,2.1,197283.17,4.93
1269645.59,31.7,2.1,197283.17,4.93
1269526.79,31.7,2.1,196950.88,4.92
1269406.43,31.7,2.11,196903.24,4.92
1269108.31,31.7,2.11,197163.65,4.93
1268808.24,31.7,2.11,196924.37,4.92
1268423.44,31.7,2.1,196709.49,4.92
1268252.61,31.7,2.1,198030.73,4.95
1268252.61,31.7,2.1,198030.73,4.95
1268142.72,31.7,2.1,197856.17,4.95
1268142.72,31.7,2.1,197856.17,4.95
1267956.39,31.7,2.1,197654.75,4.94
1267660.58,31.7,2.1,197680.29,4.94
1267392.41,31.7,2.1,197672.86,4.94
1267138.83,31.7,2.1,196883.37,4.93
1266850.64,31.7,2.1,196692.29,4.92
1266552.51,31.7,2.1,196671.65,4.92
1266171.13,31.7,2.1,196297.31,4.91
1265890.05,31.7,2.1,197143.21,4.94
1265780.15,31.7,2.11,197249.65,4.94
1265482.03,31.7,2.11,197172.42,4.94
1265935.08,31.72,2.12,197337.63,4.94
1266084.08,31.73,2.13,197302.76,4.94
1265785.18,31.73,2.13,198178.63,4.97
1265785.18,31.73,2.13,198178.63,4.97
1265785.18,31.73,2.13,198178.63,4.97
1265844.27,31.73,2.14,198179.98,4.97
1265546.15,31.73,2.14,198217.22,4.97
1265326.87,31.73,2.14,198515.06,4.98
1265009.5,31.73,2.14,198452.81,4.98
1264383.95,31.73,2.13,197881.87,4.97
1264086.69,31.72,2.12,197836.33,4.96
1263870.11,31.72,2.12,197612.61,4.96
1263621.82,31.72,2.12,196994.37,4.94
1263323.69,31.72,2.12,196973.22,4.95
1263323.69,31.72,2.12,196973.22,4.95
1263028.66,31.72,2.12,198000.09,4.97
1262760.49,31.72,2.12,197992.66,4.97
1262581.39,31.72,2.13,197997.46,4.97
1262309.22,31.72,2.13,197637.68,4.97
1262309.22,31.72,2.13,197637.68,4.97
1262024.13,31.72,2.13,197020.63,4.95
1261726.0,31.72,2.13,196999.99,4.95
1261971.86,31.74,2.14,196608.72,4.94
1261473.09,31.73,2.13,196508.31,4.94
1261188.0,31.73,2.14,196236.58,4.94
1261334.68,31.74,2.14,196486.48,4.94
1261334.68,31.74,2.14,196486.48,4.94
1261036.55,31.74,2.14,196255.66,4.94
1260740.75,31.74,2.14,196368.39,4.94
1260740.75,31.74,2.14,196346.38,4.94
1260543.39,31.74,2.14,196138.31,4.94
1260266.18,31.74,2.14,195156.43,4.91
1260266.18,31.74,2.14,195178.91,4.92
1260266.18,31.74,2.14,195163.54,4.91
1260155.51,31.74,2.15,195901.93,4.93
1259877.52,31.74,2.15,195901.0,4.94
1259877.52,31.74,2.15,195901.0,4.94
1259936.62,31.75,2.15,195902.35,4.94
1259639.35,31.74,2.15,195876.79,4.94
1259639.35,31.74,2.15,195906.11,4.94
1259668.49,31.75,2.15,195964.65,4.94
1259567.51,31.75,2.16,195804.16,4.94
1259567.51,31.75,2.16,195804.16,4.94
1259279.86,31.76,2.16,195827.59,4.94
1259279.86,31.76,2.16,195846.99,4.94
1259121.9,31.75,2.16,195689.03,4.93
1258823.77,31.75,2.16,195702.73,4.94
1258823.77,31.75,2.16,195673.41,4.94
1258486.83,31.75,2.15,195331.3,4.93
1258486.83,31.75,2.15,195362.74,4.93
1258380.94,31.75,2.15,194926.34,4.92
1258380.94,31.75,2.15,194904.27,4.92
1258222.97,31.75,2.15,194746.62,4.91
1258222.97,31.75,2.15,194746.62,4.91
1258222.97,31.75,2.15,194746.62,4.91
1257807.23,31.74,2.14,194418.14,4.91
1257433.27,31.74,2.14,194130.74,4.9
1257136.0,31.74,2.14,194652.39,4.91
1256876.61,31.74,2.14,194636.91,4.91
1257112.53,31.75,2.15,194227.26,4.9
1256984.17,31.75,2.15,194965.16,4.92
1256716.0,31.75,2.15,194967.49,4.93
1256417.87,31.75,2.15,194945.09,4.93
1256164.29,31.75,2.15,194425.14,4.91
1256054.27,31.76,2.16,194833.35,4.93
1255756.14,31.76,2.16,194989.77,4.93
1255386.31,31.76,2.16,194631.97,4.92
1255276.42,31.76,2.16,194504.66,4.92
1255170.53,31.76,2.17,194068.27,4.91
1254983.03,31.76,2.17,193957.72,4.91
1254687.23,31.76,2.17,193931.46,4.91
1254314.84,31.76,2.16,195618.96,4.95
1254015.93,31.76,2.16,195989.91,4.96
1253726.71,31.76,2.16,195701.54,4.96
1254033.83,31.77,2.17,196420.38,4.98
1253765.66,31.77,2.17,196412.95,4.98
1253765.66,31.77,2.17,196412.95,4.98
1253765.66,31.77,2.17,196412.95,4.98
1253655.76,31.78,2.18,196393.02,4.98
1253655.76,31.78,2.18,196393.02,4.98
1253160.19,31.77,2.17,195865.61,4.97
1253306.87,31.78,2.18,195993.11,4.97
1252939.43,31.77,2.17,195625.68,4.96
1252829.54,31.77,2.18,195554.61,4.96
1252592.78,31.77,2.17,195494.49,4.96
1252296.98,31.77,2.17,195910.01,4.97
1252186.31,31.77,2.18,195717.07,4.97
1251944.87,31.78,2.18,194959.32,4.95
1251944.87,31.78,2.18,194959.32,4.95
1251636.92,31.78,2.18,194934.8,4.95
1251527.03,31.78,2.18,194920.57,4.95
1251767.42,31.79,2.19,194639.28,4.94
1251467.75,31.79,2.19,195377.21,4.96
1251659.04,31.8,2.2,195892.29,4.98
1251390.87,31.8,2.2,195923.59,4.98
1251390.87,31.8,2.2,195949.13,4.98
1251390.87,31.8,2.2,195949.13,4.98
1251329.33,31.8,2.2,195841.54,4.98
1251219.43,31.8,2.21,195811.93,4.98
1251459.83,31.81,2.21,195530.64,4.97
1251459.83,31.81,2.21,195530.64,4.97
1251161.7,31.81,2.21,195504.25,4.97
1251308.37,31.82,2.22,195577.39,4.97
1251308.37,31.82,2.22,195577.39,4.97
1251012.57,31.82,2.22,195539.09,4.97
1250627.77,31.81,2.22,195493.1,4.97
1250328.87,31.81,2.22,196094.47,4.99
1250328.87,31.81,2.22,196094.47,4.99
1250557.53,31.82,2.23,196348.45,5.0
1250196.8,31.82,2.23,196126.08,4.99
1249792.83,31.82,2.22,195788.42,4.98
1249464.42,31.82,2.22,195767.12,4.99
1249886.66,31.83,2.23,195888.81,4.99
1250063.29,31.84,2.24,195893.66,4.99
1249821.47,31.84,2.24,195620.04,4.98
1249523.34,31.84,2.24,195589.11,4.98
1249225.21,31.84,2.24,195656.86,4.99
1249067.25,31.84,2.24,195503.71,4.98
1248769.12,31.84,2.24,195479.32,4.98
1248473.31,31.84,2.24,195427.45,4.98
1248192.23,31.84,2.24,195543.47,4.99
1247640.14,31.83,2.23,195047.99,4.98
1247752.02,31.84,2.24,195909.71,5.0
1247444.08,31.84,2.24,196005.16,5.0
1247186.84,31.84,2.24,195906.31,5.0
1247186.84,31.84,2.24,195920.68,5.0
1246918.66,31.84,2.24,195917.6,5.0
1246620.53,31.84,2.24,195893.17,5.0
1246767.21,31.85,2.25,196002.93,5.01
1246657.32,31.85,2.25,195932.9,5.01
1246272.51,31.85,2.25,195905.88,5.01
1246164.94,31.85,2.25,195885.69,5.01
1246164.94,31.85,2.25,195871.32,5.01
1245866.04,31.85,2.25,196528.01,5.02
1245925.14,31.86,2.26,196529.36,5.03
1245815.24,31.86,2.26,196474.63,5.02
1245515.56,31.86,2.26,196484.51,5.03
1245405.67,31.87,2.27,196462.32,5.03
1245107.54,31.87,2.27,196531.08,5.03
1244851.49,31.86,2.26,196294.79,5.02
1244553.36,31.86,2.26,196245.06,5.02
1244553.36,31.86,2.26,196260.26,5.02
1244257.56,31.86,2.26,196360.08,5.03
1243976.48,31.86,2.27,197285.52,5.05
1243884.79,31.87,2.27,197017.84,5.05
1243623.41,31.86,2.27,196432.55,5.03
1243315.47,31.86,2.27,196387.07,5.03
1243132.11,31.87,2.27,196762.65,5.04
1243308.74,31.88,2.28,196766.94,5.04
1242923.94,31.87,2.27,196738.55,5.04
1243070.61,31.88,2.28,196802.46,5.05
1243070.61,31.88,2.28,196802.46,5.05
1242772.48,31.88,2.28,196771.97,5.05
1242387.68,31.87,2.27,196731.28,5.05
1242092.65,31.87,2.27,197935.14,5.08
1242092.65,31.87,2.27,197935.14,5.08
1241824.48,31.87,2.27,197937.47,5.08
1241971.15,31.88,2.28,197911.94,5.08
1241971.15,31.88,2.28,197931.17,5.08
1241971.15,31.88,2.28,197931.17,5.08
1241971.15,31.88,2.28,197931.17,5.08
1241673.03,31.88,2.28,197999.97,5.08
1241673.03,31.88,2.28,197999.97,5.08
1241374.9,31.88,2.28,197956.22,5.08
1241074.89,31.88,2.28,197658.63,5.08
1240779.08,31.88,2.28,197622.19,5.08
1240779.08,31.88,2.28,197623.26,5.08
1240404.28,31.87,2.27,198203.04,5.09
1240404.28,31.87,2.27,198203.04,5.09
1240404.28,31.87,2.27,198203.04,5.09
1240298.39,31.88,2.28,197766.65,5.08
1240110.89,31.88,2.28,197656.1,5.08
1240110.89,31.88,2.28,197643.49,5.08
1239842.72,31.88,2.28,197640.4,5.08
1239732.05,31.88,2.28,196988.26,5.07
1239450.97,31.88,2.28,196926.21,5.07
1239152.84,31.88,2.28,196901.78,5.07
1239059.99,31.89,2.29,196599.3,5.06
1239134.63,31.89,2.3,197331.42,5.08
1238826.05,31.9,2.3,197183.57,5.08
1238527.92,31.9,2.3,197181.35,5.08
1238436.23,31.9,2.3,196753.9,5.07
1238436.23,31.9,2.3,196753.9,5.07
1238100.53,31.9,2.3,196904.88,5.07
1237802.4,31.9,2.3,196929.16,5.08
1237694.83,31.9,2.3,197315.46,5.09
1237389.21,31.9,2.3,197369.53,5.09
1237543.51,31.91,2.31,197118.49,5.08
1237281.4,31.91,2.31,197793.45,5.1
1237133.94,31.92,2.32,197735.18,5.1
1237013.45,31.92,2.32,198109.71,5.11
1236745.28,31.92,2.32,198110.15,5.11
1236745.28,31.92,2.32,198126.25,5.11
1236745.28,31.92,2.32,198126.25,5.11
1236447.15,31.92,2.32,198100.36,5.11
1236149.03,31.92,2.32,198096.0,5.12
1235850.9,31.92,2.32,198090.84,5.12
1235467.7,31.92,2.32,197738.99,5.11
1235171.9,31.92,2.32,197736.98,5.11
1234873.0,31.92,2.32,198082.21,5.12
1234765.03,31.92,2.32,197978.79,5.12
1234519.58,31.92,2.32,197740.42,5.11
1234251.41,31.92,2.32,197739.17,5.11
1233953.28,31.92,2.32,197714.97,5.11
1233655.15,31.92,2.32,197876.77,5.12
1233357.03,31.92,2.32,197709.92,5.12
1233495.94,31.93,2.33,198088.32,5.13
1233200.13,31.93,2.33,198278.32,5.13
1233089.47,31.93,2.33,198160.42,5.13
1232748.57,31.93,2.33,197845.52,5.12
1232904.16,31.93,2.33,198454.87,5.14
1232558.92,31.93,2.33,197879.15,5.13
1232558.92,31.93,2.33,197879.15,5.13
1232558.92,31.93,2.33,197876.6,5.13
1232558.92,31.93,2.33,197876.6,5.13
1232402.99,31.93,2.33,197729.75,5.12
1232402.99,31.93,2.33,197729.75,5.12
1232066.61,31.93,2.33,197863.99,5.13
1231946.12,31.93,2.33,197045.88,5.11
1231677.95,31.93,2.33,197038.45,5.11
1231379.82,31.93,2.33,197033.04,5.11
1231379.82,31.93,2.33,197033.04,5.11
1231081.7,31.93,2.33,197229.5,5.12
1231228.37,31.94,2.34,197255.91,5.12
1230932.57,31.94,2.34,197154.01,5.12
1230796.05,31.94,2.34,199189.67,5.17
1230796.05,31.94,2.34,199189.67,5.17
1230796.05,31.94,2.34,199189.67,5.17
1230527.88,31.94,2.34,199179.96,5.17
1230674.56,31.95,2.35,199163.58,5.17
1230674.56,31.95,2.35,199163.58,5.17
1230520.8,31.95,2.35,199215.06,5.17
1230246.69,31.95,2.35,199176.61,5.17
1230246.69,31.95,2.35,199176.61,5.17
1230136.8,31.95,2.35,199146.34,5.17
1229815.56,31.95,2.35,199133.33,5.17
1230015.98,31.96,2.36,199303.14,5.18
1229684.01,31.96,2.36,199068.12,5.17
1229684.01,31.96,2.36,199068.12,5.17
1229684.01,31.96,2.36,199068.12,5.17
1229385.88,31.96,2.36,199055.01,5.17
1229508.99,31.96,2.36,199183.55,5.18
1229508.99,31.96,2.36,199164.79,5.18
1229508.99,31.96,2.36,199160.93,5.18
1229654.89,31.97,2.37,199058.88,5.18
1229356.76,31.97,2.37,200148.83,5.21
1229356.76,31.97,2.37,200171.79,5.21
1229356.76,31.97,2.37,200171.79,5.21
1229245.32,31.98,2.38,200470.16,5.21
1229124.84,31.98,2.38,200088.39,5.21
1229124.84,31.98,2.38,200065.43,5.21
1228856.66,31.98,2.38,200069.95,5.21
1228566.8,31.98,2.38,199439.12,5.19
1228182.0,31.98,2.38,198962.34,5.18
1227883.87,31.98,2.38,198930.35,5.18
1227585.74,31.98,2.38,198983.23,5.18
1227732.42,31.99,2.39,198952.56,5.18
1227732.42,31.99,2.39,198976.72,5.18
1227443.22,31.98,2.38,198866.62,5.18
1227443.22,31.98,2.38,198851.9,5.18
1227443.22,31.98,2.38,198870.13,5.18
1227335.65,31.98,2.38,198852.21,5.18
1227472.49,31.99,2.39,198265.57,5.17
1227251.44,31.99,2.39,198022.93,5.16
1226952.54,31.99,2.39,198306.85,5.17
1226952.54,31.99,2.39,198284.77,5.17
1226654.41,31.99,2.39,198262.37,5.17
1226354.73,31.99,2.39,198595.43,5.18
1226196.77,31.99,2.39,198442.01,5.18
1225928.6,31.99,2.39,198444.34,5.18
1225928.6,31.99,2.39,198467.38,5.18
1225911.66,31.99,2.39,198968.48,5.19
1225940.8,32.0,2.4,198939.38,5.19
1225642.67,32.0,2.4,198994.24,5.2
1225267.87,31.99,2.39,198606.63,5.19
1224728.11,31.99,2.38,198028.38,5.17
1224618.21,31.99,2.39,197981.19,5.17
1224618.21,31.99,2.39,197967.94,5.17
1224322.41,31.99,2.39,197955.05,5.17
1224023.51,31.99,2.39,197947.97,5.17
1223725.38,31.99,2.39,198487.5,5.19
1223425.7,31.99,2.39,198401.05,5.19
1223157.53,31.99,2.39,198403.38,5.19
1222859.4,31.99,2.39,198372.98,5.19
1223006.08,32.0,2.4,198423.86,5.19
1223006.08,32.0,2.4,198423.86,5.19
1222662.76,32.0,2.4,198347.95,5.19
1222364.63,32.0,2.4,198298.24,5.19
1222068.83,32.0,2.4,198293.02,5.19
1222068.83,32.0,2.4,198277.8,5.19
1221771.56,32.0,2.4,198029.0,5.19
1221613.59,31.99,2.39,197871.04,5.18
1221314.69,31.99,2.39,197864.72,5.18
1221016.56,31.99,2.39,198251.22,5.19
1221016.56,31.99,2.39,198266.62,5.2
1221044.16,32.0,2.4,198536.04,5.2
1221044.16,32.0,2.4,198520.65,5.2
1220775.98,32.0,2.4,198522.98,5.2
1220391.18,32.0,2.4,198239.17,5.2
1220093.05,32.0,2.4,198208.77,5.2
1219794.92,32.0,2.4,198276.46,5.2
1219685.03,32.0,2.4,198226.27,5.2
1219389.23,32.0,2.4,198200.72,5.2
1219811.47,32.02,2.42,198322.41,5.21
1217456.4,32.02,2.42,198271.87,5.22
1217157.5,32.02,2.42,198662.46,5.23
1216889.32,32.03,2.42,198659.38,5.23
1216889.32,32.03,2.42,198676.45,5.23
1216600.1,32.03,2.42,198527.02,5.23
1216600.1,32.03,2.42,198543.41,5.23
1216291.52,32.03,2.43,198475.79,5.23
1215994.25,32.02,2.42,198181.58,5.22
1215252.16,32.01,2.41,197496.1,5.2
1215252.16,32.01,2.41,197484.58,5.2
1214954.03,32.01,2.41,197459.6,5.2
1214954.03,32.01,2.41,197459.6,5.2
1214655.9,32.01,2.41,197559.83,5.21
1214357.77,32.01,2.41,197489.4,5.21
1214061.97,32.01,2.41,197450.69,5.21
1214061.97,32.01,2.41,197450.69,5.21
1214061.97,32.01,2.41,197467.42,5.21
1214061.97,32.01,2.41,197480.51,5.21
1214061.97,32.01,2.41,197480.51,5.21
1214061.97,32.01,2.41,197480.51,5.21
1214061.97,32.01,2.41,197444.22,5.21
1213951.3,32.02,2.41,197693.49,5.21
1214028.25,32.03,2.43,197501.24,5.21
1213961.45,32.03,2.43,197459.69,5.21
1213851.56,32.03,2.43,197535.37,5.21
1214095.62,32.04,2.44,198104.43,5.23
1213975.13,32.05,2.44,197312.34,5.21
1213697.15,32.05,2.44,197311.41,5.21
1213428.97,32.05,2.45,197293.39,5.21
1213428.97,32.05,2.45,197293.39,5.21
1213130.85,32.05,2.45,197343.78,5.21
1212795.16,32.04,2.44,196987.22,5.2
1212795.16,32.04,2.44,197025.92,5.21
1212685.42,32.04,2.44,196916.19,5.2
1212387.29,32.04,2.44,196901.13,5.2
1212277.4,32.05,2.44,196848.98,5.2
1212169.83,32.05,2.45,197017.54,5.21
1212286.82,32.06,2.46,196274.25,5.19
1211980.56,32.06,2.46,196804.03,5.21
1211980.56,32.06,2.46,196804.22,5.21
1211629.16,32.06,2.46,196482.22,5.2
1211518.49,32.06,2.46,196370.83,5.2
1211518.49,32.06,2.46,196343.73,5.2
1211220.36,32.06,2.46,196346.95,5.2
1208661.81,32.06,2.47,196299.12,5.21
1208362.13,32.06,2.47,196787.14,5.22
1208256.24,32.07,2.47,196350.75,5.21
1207988.06,32.07,2.47,196343.59,5.21
1207988.06,32.07,2.47,196343.59,5.21
1207988.06,32.07,2.47,196375.25,5.21
1207964.1,32.07,2.48,196437.84,5.22
1207806.14,32.07,2.47,196279.88,5.21
1207952.81,32.08,2.48,196260.96,5.21
1207654.69,32.08,2.48,196362.03,5.22
1207683.83,32.09,2.49,196327.44,5.22
1207388.02,32.09,2.49,196254.04,5.22
1207388.02,32.09,2.49,196254.04,5.22
1207089.12,32.09,2.49,196839.98,5.23
1207089.12,32.09,2.49,196839.98,5.23
1206791.85,32.08,2.48,196416.43,5.22
1206523.68,32.08,2.49,196415.5,5.22
1206278.23,32.08,2.49,197011.56,5.24
1205946.81,32.08,2.49,196713.12,5.23
1205648.69,32.09,2.49,196685.98,5.23
1205648.69,32.09,2.49,196685.98,5.23
1205648.69,32.09,2.49,196685.98,5.23
1205677.83,32.09,2.49,196684.09,5.24
1205567.93,32.1,2.5,196752.25,5.24
1205272.13,32.1,2.5,196680.21,5.24
1204876.39,32.09,2.49,196302.66,5.23
1204876.39,32.09,2.49,196302.66,5.23
1204876.39,32.09,2.49,196302.66,5.23
1204826.39,32.09,2.49,196252.66,5.23
1204518.45,32.09,2.49,196225.52,5.23
1204518.45,32.09,2.49,196225.52,5.23
1204664.35,32.1,2.5,196235.57,5.23
1204402.24,32.1,2.5,197340.38,5.26
1204402.24,32.1,2.5,197340.38,5.26
1204116.8,32.1,2.5,197208.27,5.26
1203855.07,32.1,2.5,196957.18,5.25
1203586.9,32.1,2.5,196957.62,5.25
1203288.77,32.1,2.5,196929.11,5.25
1203435.45,32.11,2.51,196975.5,5.25
1203050.64,32.1,2.5,196948.7,5.25
1202752.52,32.1,2.5,196923.83,5.26
1202456.71,32.1,2.5,197505.76,5.27
1202346.04,32.1,2.51,197147.51,5.26
1202086.39,32.11,2.51,197031.4,5.26
1202213.98,32.11,2.52,197631.67,5.28
1201945.81,32.11,2.52,197630.74,5.28
1201773.14,32.11,2.51,197439.67,5.28
1201475.01,32.11,2.51,197412.53,5.28
1201176.88,32.11,2.51,197482.35,5.28
1200878.75,32.11,2.52,197561.45,5.28
1201119.15,32.12,2.52,197280.16,5.28
1201119.15,32.12,2.52,197280.16,5.28
1200823.34,32.12,2.53,197234.39,5.28
1200494.94,32.12,2.53,197214.06,5.28
1200196.04,32.12,2.53,197532.6,5.29
1199927.86,32.13,2.53,197534.93,5.29
1199927.86,32.13,2.53,197534.93,5.29
1199927.86,32.13,2.53,197534.93,5.29
1199629.74,32.13,2.53,197537.14,5.29
1199528.75,32.13,2.53,197390.43,5.29
1199220.17,32.13,2.53,197276.41,5.29
1198922.04,32.13,2.53,197242.86,5.29
1198951.18,32.14,2.54,197381.0,5.29
1198655.38,32.14,2.54,197365.4,5.29
1198283.53,32.13,2.53,196963.22,5.28
1198283.53,32.13,2.53,196963.22,5.28
1197986.26,32.13,2.53,196837.78,5.28
1197687.36,32.13,2.53,197151.86,5.29
1197577.47,32.13,2.53,197090.98,5.29
1197277.79,32.13,2.53,197035.23,5.29
1197009.62,32.13,2.54,197032.81,5.29
1196899.72,32.14,2.54,197007.87,5.29
1196601.6,32.14,2.54,197046.28,5.29
1196601.6,32.14,2.54,197046.28,5.29
1196841.99,32.15,2.55,196764.99,5.29
1196543.86,32.15,2.55,196738.89,5.29
1196543.86,32.15,2.55,196738.89,5.29
1196543.86,32.15,2.55,196738.89,5.29
1196248.06,32.15,2.55,196718.96,5.29
1196307.82,32.15,2.56,196949.31,5.29
1195547.81,32.14,2.54,196296.45,5.28
1195248.91,32.14,2.54,196524.02,5.29
1195248.91,32.14,2.54,196524.02,5.29
1195395.59,32.15,2.55,196562.29,5.29
1195395.59,32.15,2.55,196562.29,5.29
1195095.91,32.15,2.55,196786.62,5.29
1194827.74,32.15,2.55,196785.36,5.3
1194529.61,32.15,2.55,196758.55,5.3
1194231.48,32.15,2.56,197026.78,5.3
1194231.48,32.15,2.56,197026.78,5.3
1194121.59,32.16,2.56,196770.29,5.3
1193700.32,32.15,2.55,196341.47,5.29
1193731.78,32.16,2.56,197188.01,5.31
1193731.78,32.16,2.56,197188.01,5.31
1193731.78,32.16,2.56,197188.01,5.31
1193731.78,32.16,2.56,197188.01,5.31
1193573.82,32.16,2.56,197030.69,5.31
1193276.55,32.15,2.55,196576.4,5.3
1193276.55,32.15,2.55,196576.4,5.3
1192995.47,32.15,2.55,196943.91,5.31
1192727.29,32.15,2.55,196946.24,5.31
1193095.92,32.17,2.57,196619.83,5.3
1192686.06,32.16,2.56,196661.06,5.3
1192686.06,32.16,2.56,196661.06,5.3
1192301.26,32.16,2.56,196401.55,5.3
1192003.13,32.16,2.56,196379.15,5.3
1192032.27,32.16,2.56,196445.76,5.3
1191913.47,32.17,2.57,196171.54,5.29
1192070.62,32.18,2.58,196432.31,5.3
1191772.49,32.18,2.58,196368.29,5.3
1191551.19,32.17,2.57,196154.34,5.3
1191443.62,32.18,2.58,196137.79,5.3
1191589.52,32.19,2.58,196862.95,5.32
1191479.63,32.19,2.59,196875.51,5.32
1191368.18,32.19,2.59,197139.74,5.33
1191239.82,32.2,2.6,196600.18,5.31
1190971.65,32.2,2.6,196597.75,5.32
1190971.65,32.2,2.6,196597.75,5.32
1191000.79,32.2,2.6,196573.42,5.32
1190702.66,32.21,2.6,196629.75,5.32
1190404.54,32.21,2.61,196587.88,5.32
1190298.65,32.21,2.61,196151.49,5.31
1189924.69,32.21,2.61,195864.09,5.3
1189628.88,32.21,2.61,195840.99,5.3
1189329.98,32.21,2.61,195943.16,5.31
1189031.85,32.21,2.61,195883.54,5.31
1188732.17,32.21,2.61,196145.94,5.32
1188972.57,32.22,2.62,195864.65,5.31
1188704.39,32.22,2.62,195869.17,5.31
1188302.18,32.22,2.61,195558.65,5.3
1187973.78,32.22,2.61,195537.36,5.3
1187675.65,32.22,2.62,195504.77,5.3
1187565.76,32.22,2.62,195622.45,5.31
1187257.82,32.22,2.62,195721.08,5.31
1187257.82,32.22,2.62,195721.08,5.31
1186959.69,32.22,2.62,195600.11,5.31
1186663.89,32.22,2.62,195714.79,5.31
1186571.04,32.23,2.63,195718.14,5.32
1186302.86,32.23,2.63,195716.88,5.32
1185928.06,32.22,2.62,195652.69,5.32
1185809.26,32.23,2.62,196288.59,5.33
1185688.9,32.23,2.63,196264.25,5.33
1185688.9,32.23,2.63,196264.25,5.33
1185390.78,32.23,2.63,196237.44,5.34
1185280.88,32.23,2.63,196283.2,5.34
1185170.99,32.24,2.64,196255.15,5.34
1185063.42,32.24,2.64,196239.39,5.34
1184764.52,32.24,2.64,196226.59,5.34
1184392.67,32.24,2.64,195825.38,5.33
1184094.55,32.24,2.64,196422.58,5.35
1183983.1,32.24,2.64,196546.11,5.35
1183983.1,32.24,2.64,196546.11,5.35
1183855.52,32.25,2.64,196861.27,5.36
1183726.39,32.25,2.65,196801.52,5.36
1183726.39,32.25,2.65,196801.52,5.36
1183568.42,32.25,2.64,196643.49,5.36
1183300.25,32.25,2.65,196641.57,5.36
1183446.93,32.26,2.65,196617.99,5.36
1183337.03,32.26,2.66,196656.51,5.36
1183038.9,32.26,2.66,196631.85,5.36
1183070.37,32.27,2.67,196614.07,5.36
1183098.74,32.27,2.67,197229.43,5.38
1182988.84,32.28,2.68,197439.36,5.39
1182988.84,32.28,2.68,197439.36,5.39
1182689.16,32.28,2.68,197663.52,5.39
1182420.99,32.28,2.68,197663.96,5.4
1182122.86,32.28,2.68,197638.07,5.4
1182122.86,32.28,2.68,197638.07,5.4
1182012.97,32.28,2.68,197632.41,5.4
1181805.44,32.28,2.68,197352.38,5.39
1181507.31,32.28,2.68,197379.05,5.39
1181211.51,32.28,2.68,197356.64,5.39
1181211.51,32.28,2.68,197356.64,5.39
1180912.6,32.28,2.68,197342.85,5.39
1180802.71,32.29,2.69,197752.03,5.41
1180505.44,32.28,2.68,197455.02,5.4
1180205.76,32.28,2.68,197374.77,5.4
1180099.87,32.29,2.68,196938.37,5.39
1179724.14,32.29,2.68,196648.93,5.38
1179618.25,32.29,2.69,196212.54,5.37
1179350.08,32.29,2.69,196205.19,5.37
1179162.59,32.29,2.69,196094.64,5.37
1179162.59,32.29,2.69,196094.64,5.37
1178864.46,32.29,2.69,196073.92,5.37
1178566.33,32.29,2.69,196153.27,5.37
1178268.2,32.3,2.69,196119.9,5.38
1177972.4,32.3,2.69,196259.16,5.38
1178573.05,32.32,2.71,196673.58,5.39
1178188.24,32.31,2.71,196698.13,5.39
1177647.75,32.3,2.7,196099.91,5.38
1177793.65,32.31,2.71,196067.37,5.38
1177418.84,32.3,2.7,196241.22,5.38
1177418.84,32.3,2.7,196241.22,5.38
1177121.57,32.3,2.7,195951.12,5.38
1177277.16,32.31,2.71,195947.73,5.38
1176989.51,32.31,2.71,196100.31,5.38
1176721.34,32.31,2.71,196100.76,5.38
1176868.01,32.32,2.72,196074.23,5.38
1176569.89,32.32,2.72,196107.46,5.39
1176271.76,32.32,2.72,196082.34,5.39
1176271.76,32.32,2.72,196082.34,5.39
1176164.19,32.32,2.72,196067.96,5.39
1175865.29,32.32,2.72,196062.07,5.39
1175657.75,32.32,2.72,195714.0,5.38
1175657.75,32.32,2.72,195714.0,5.38
1176096.8,32.34,2.73,195643.67,5.38
1175798.67,32.34,2.73,196079.43,5.39
1175498.99,32.34,2.74,196110.14,5.4
1175498.99,32.34,2.74,196110.14,5.4
1175498.99,32.34,2.74,196110.14,5.4
1175498.99,32.34,2.74,196110.14,5.4
1175114.19,32.33,2.73,195876.93,5.39
1174691.62,32.33,2.72,195734.87,5.39
1174423.45,32.33,2.73,195732.45,5.39
1174423.45,32.33,2.73,195732.45,5.39
1174125.32,32.33,2.73,195706.8,5.39
1173827.2,32.33,2.73,195780.48,5.39
1173529.07,32.33,2.73,195707.8,5.39
1173421.5,32.34,2.73,195702.84,5.39
1173122.6,32.34,2.73,196050.58,5.4
1173012.7,32.34,2.74,196047.16,5.41
1172713.02,32.34,2.74,196021.46,5.41
1172444.85,32.34,2.74,196023.79,5.41
1172473.99,32.35,2.75,195994.7,5.41
1172473.99,32.35,2.75,195994.7,5.41
1172364.1,32.35,2.75,196053.53,5.41
1172258.21,32.36,2.75,195617.14,5.4
1172258.21,32.36,2.75,195617.14,5.4
1171960.94,32.35,2.75,195455.67,5.4
1171787.87,32.35,2.75,195320.23,5.39
1171787.87,32.35,2.75,195320.23,5.39
1171463.54,32.35,2.75,195375.74,5.4
1171463.54,32.35,2.75,195375.74,5.4
1171089.58,32.35,2.75,195088.34,5.39
1170791.45,32.35,2.75,195052.36,5.39
1170495.64,32.35,2.75,195022.38,5.39
1170495.64,32.35,2.75,195022.38,5.39
1170384.97,32.35,2.75,195438.73,5.4
1170198.64,32.35,2.75,195237.31,5.4
1170227.79,32.36,2.75,195372.74,5.4
1169928.11,32.36,2.75,195848.17,5.42
1169659.94,32.36,2.76,195823.87,5.42
1169550.04,32.36,2.76,195860.34,5.42
1169440.15,32.37,2.76,195840.87,5.42
1169142.02,32.37,2.77,195819.27,5.42
1169036.13,32.37,2.77,195382.87,5.41
1169036.13,32.37,2.77,195382.87,5.41
1168896.13,32.37,2.77,195242.87,5.41
1168896.13,32.37,2.77,195242.87,5.41
1168708.64,32.37,2.77,195132.32,5.4
1168708.64,32.37,2.77,195132.32,5.4
1168412.83,32.37,2.77,195155.13,5.41
1168567.12,32.38,2.78,195130.06,5.41
1168269.0,32.38,2.78,195726.65,5.43
1167969.32,32.38,2.78,195722.44,5.43
1167672.05,32.38,2.77,195361.94,5.42
1167403.88,32.38,2.78,195360.69,5.42
1167010.68,32.37,2.77,195179.85,5.41
1166712.55,32.37,2.77,195153.04,5.41
1166414.43,32.37,2.77,195600.83,5.43
1166119.4,32.37,2.77,195461.7,5.43
1165847.22,32.38,2.77,195287.06,5.42
1165726.74,32.38,2.78,196674.52,5.46
1165620.85,32.38,2.78,196238.12,5.45
1165433.36,32.39,2.78,196127.57,5.45
1165165.18,32.39,2.78,196132.09,5.45
1165165.18,32.39,2.78,196132.09,5.45
1164867.05,32.39,2.78,196099.5,5.45
1165013.73,32.4,2.79,196169.22,5.46
1164715.6,32.4,2.79,196103.81,5.45
1164609.71,32.4,2.8,195667.42,5.44
1164323.42,32.4,2.79,195802.62,5.45
1163949.46,32.4,2.79,195515.22,5.44
1163841.89,32.4,2.8,195398.06,5.44
1163841.89,32.4,2.8,195398.06,5.44
1163841.89,32.4,2.8,195398.06,5.44
1163841.89,32.4,2.8,195398.06,5.44
1163841.89,32.4,2.8,195398.06,5.44
1163841.89,32.4,2.8,195398.06,5.44
1163542.99,32.4,2.8,195451.85,5.44
1163335.46,32.4,2.79,195295.2,5.44
1163491.04,32.41,2.8,196000.07,5.46
1163370.69,32.41,2.81,196126.24,5.46
1163102.51,32.41,2.81,196125.31,5.47
1162804.39,32.41,2.81,196098.17,5.47
1162804.39,32.41,2.81,196098.17,5.47
1162804.39,32.41,2.81,196098.17,5.47
1162833.53,32.42,2.81,196371.73,5.47
1162536.26,32.41,2.81,196238.15,5.47
1162212.69,32.41,2.81,196230.51,5.47
1161827.89,32.41,2.8,195880.1,5.46
1161529.76,32.41,2.8,195845.03,5.46
1161261.59,32.41,2.81,195843.77,5.47
1161261.59,32.41,2.81,195843.77,5.47
1161261.59,32.41,2.81,195843.77,5.47
1161261.59,32.41,2.81,195843.77,5.47
1160992.51,32.41,2.81,197120.47,5.5
1161139.19,32.42,2.82,197095.64,5.5
1160902.43,32.42,2.81,197163.86,5.51
1160902.43,32.42,2.81,197163.86,5.51
1160902.43,32.42,2.81,197163.86,5.51
1160604.31,32.42,2.81,197122.09,5.51
1160350.72,32.42,2.81,197854.98,5.53
1160052.6,32.42,2.81,197819.85,5.53
1159756.79,32.42,2.82,198450.32,5.55
1159475.71,32.42,2.82,198211.88,5.54
1159534.8,32.43,2.82,198213.23,5.54
1159665.53,32.44,2.83,197567.41,5.53
1159314.95,32.44,2.83,197773.84,5.53
1159016.82,32.44,2.83,197745.73,5.53
1159163.5,32.45,2.84,197815.79,5.54
1158865.37,32.45,2.84,197957.91,5.54
1158557.43,32.45,2.84,198040.81,5.55
1158261.63,32.45,2.84,197975.09,5.55
1157980.54,32.45,2.84,199142.88,5.58
1157980.54,32.45,2.84,199142.88,5.58
1157888.85,32.45,2.85,198972.07,5.58
1157553.15,32.45,2.85,199132.33,5.58
1157247.54,32.45,2.85,198941.89,5.58
1157155.85,32.46,2.85,198634.59,5.57
1156841.09,32.46,2.85,198492.34,5.57
1156841.09,32.46,2.85,198492.34,5.57
1156587.5,32.46,2.86,197734.73,5.55
1156236.05,32.46,2.86,196936.57,5.53
1155967.88,32.46,2.86,196938.9,5.53
1155669.75,32.46,2.86,196908.5,5.53
1155816.43,32.47,2.87,196978.52,5.53
1155518.3,32.47,2.87,196912.36,5.53
1155136.59,32.46,2.86,197058.51,5.54
1154904.18,32.46,2.86,196918.39,5.53
1154632.01,32.46,2.86,198374.32,5.58
1154751.7,32.47,2.87,198665.3,5.59
1154641.68,32.47,2.87,198210.08,5.57
1154256.87,32.47,2.86,197917.66,5.57
1154376.55,32.48,2.87,198448.27,5.58
1154584.12,32.49,2.89,199348.71,5.61
1154760.75,32.5,2.9,199353.0,5.61
1154462.62,32.5,2.9,199327.82,5.61
1154164.5,32.5,2.9,199318.88,5.61
1154058.61,32.51,2.9,198882.49,5.6
1154058.61,32.51,2.9,198882.49,5.6
1154058.61,32.51,2.9,198882.49,5.6
1153219.61,32.49,2.89,198057.81,5.58
1152940.11,32.49,2.88,197765.97,5.57
1152940.11,32.49,2.88,197765.97,5.57
1152564.78,32.49,2.88,197476.92,5.57
1152266.65,32.49,2.88,197509.11,5.57
1151970.85,32.49,2.88,197475.72,5.57
1151860.18,32.49,2.89,197468.51,5.57
1151860.18,32.49,2.89,197468.51,5.57
1151750.28,32.5,2.89,198057.23,5.59
1151365.48,32.49,2.89,197737.97,5.58
1151065.8,32.49,2.89,197846.56,5.58
1150797.63,32.49,2.89,197843.59,5.59
1150687.74,32.5,2.89,197821.92,5.59
1150389.61,32.5,2.89,197839.12,5.59
1150389.61,32.5,2.89,197839.12,5.59
1150091.48,32.5,2.89,197816.77,5.59
1149795.68,32.5,2.89,197810.44,5.59
1149824.04,32.5,2.9,198335.72,5.61
1149616.51,32.5,2.9,197940.08,5.6
1149327.29,32.5,2.9,198282.35,5.61
1149206.94,32.51,2.9,198273.36,5.61
1148938.77,32.51,2.9,198275.69,5.61
1149085.44,32.52,2.91,198250.16,5.61
1148975.55,32.52,2.92,198244.24,5.61
1148590.74,32.51,2.91,198305.33,5.61
1148590.74,32.51,2.91,198305.33,5.61
1148480.85,32.52,2.91,198267.91,5.61
1148185.05,32.52,2.91,198238.37,5.61
1148322.55,32.53,2.92,198655.6,5.63
1148024.43,32.53,2.92,198603.82,5.63
1147646.92,32.52,2.92,198301.7,5.62
1145291.86,32.53,2.92,198251.17,5.63
1145023.68,32.53,2.93,198243.74,5.63
1145170.36,32.54,2.93,198225.08,5.63
1144861.77,32.54,2.93,198633.08,5.65
1144476.97,32.53,2.93,198899.3,5.65
1144178.84,32.53,2.93,198872.04,5.65
1144178.84,32.53,2.93,198872.04,5.65
1144178.84,32.53,2.93,198872.04,5.65
1143880.71,32.53,2.93,198627.91,5.65
1144121.11,32.54,2.94,198346.62,5.64
1143812.39,32.54,2.94,198586.0,5.65
1143704.82,32.55,2.94,199375.96,5.67
1143474.58,32.55,2.95,199423.45,5.68
1143533.67,32.56,2.95,199424.8,5.68
1143680.35,32.57,2.96,199398.68,5.68
1143680.35,32.57,2.96,199398.68,5.68
1143680.35,32.57,2.96,199398.68,5.68
1143382.22,32.57,2.96,199484.26,5.68
1143382.22,32.57,2.96,199484.26,5.68
1142997.42,32.56,2.96,199435.63,5.68
1143144.09,32.57,2.97,199391.41,5.68
1143033.42,32.57,2.97,198946.57,5.67
1143033.42,32.57,2.97,198946.57,5.67
1143033.42,32.57,2.97,198946.57,5.67
1142648.62,32.57,2.96,199963.98,5.7
1142542.73,32.57,2.97,199527.59,5.69
1142338.3,32.57,2.96,198877.3,5.67
1142070.12,32.57,2.97,198874.21,5.67
1141696.16,32.57,2.96,198586.81,5.67
1141406.94,32.57,2.97,198298.65,5.66
1141098.36,32.57,2.97,198658.86,5.67
1140800.23,32.57,2.97,198634.44,5.67
1140946.91,32.58,2.97,198744.2,5.68
1140562.1,32.57,2.97,198671.21,5.67
1140263.97,32.57,2.97,198626.62,5.67
1140412.97,32.58,2.98,199589.19,5.7
1140412.97,32.58,2.98,199589.19,5.7
1140144.8,32.58,2.98,199593.71,5.7
1139844.74,32.59,2.98,199511.01,5.7
1139844.74,32.59,2.98,199511.01,5.7
1139873.88,32.59,2.99,199482.52,5.7
1139873.88,32.59,2.99,199482.52,5.7
1139873.88,32.59,2.99,199482.52,5.7
1139515.8,32.59,2.98,199449.77,5.7
1139218.53,32.58,2.98,199511.13,5.71
1138920.4,32.58,2.98,199447.55,5.71
1139075.47,32.59,2.99,199440.31,5.71
1139075.47,32.59,2.99,199423.13,5.71
1138779.67,32.59,2.99,199952.82,5.72
1138779.67,32.59,2.99,199969.32,5.72
1138779.67,32.59,2.99,199957.37,5.72
1138779.67,32.59,2.99,199957.37,5.72
1138498.58,32.59,2.99,199856.14,5.72
1138230.41,32.59,2.99,199858.47,5.72
1138119.74,32.6,2.99,199616.79,5.72
1137884.25,32.6,2.99,199623.21,5.72
1137586.13,32.6,2.99,199592.81,5.72
1137288.0,32.6,2.99,199653.57,5.72
1137288.0,32.6,2.99,199668.52,5.72
1136970.63,32.6,2.99,199498.29,5.72
1136970.63,32.6,2.99,199498.29,5.72
1136877.78,32.6,3.0,200469.65,5.75
1136579.65,32.6,3.0,200424.1,5.75
1136283.85,32.6,3.0,200408.56,5.75
1135984.95,32.61,3.0,200840.41,5.76
1135893.26,32.61,3.0,199878.54,5.74
1136023.3,32.62,3.01,201009.5,5.77
1135755.13,32.62,3.01,201011.83,5.77
1135457.0,32.62,3.02,200989.43,5.77
1135457.0,32.62,3.02,200990.15,5.77
1135158.87,32.62,3.02,200978.4,5.78
1134764.31,32.61,3.01,200566.42,5.76
1134510.72,32.62,3.01,199798.5,5.74
1134510.72,32.62,3.01,199798.5,5.74
1134397.34,32.62,3.02,200281.49,5.76
1134030.87,32.62,3.01,199931.4,5.75
1133732.74,32.62,3.01,199967.56,5.75
1133732.74,32.62,3.01,199967.56,5.75
1133732.74,32.62,3.01,199967.56,5.75
1133631.76,32.63,3.02,199813.52,5.75
1133511.41,32.63,3.02,199850.69,5.75
1133660.41,32.64,3.03,199857.61,5.75
1133361.5,32.64,3.03,199930.01,5.76
1133063.38,32.64,3.03,200244.51,5.77
1132763.7,32.64,3.03,200169.02,5.77
1132495.53,32.64,3.04,200173.54,5.77
1132495.53,32.64,3.04,200173.54,5.77
1132110.72,32.64,3.03,199860.32,5.76
1132110.72,32.64,3.03,199860.32,5.76
1131812.6,32.64,3.03,199827.73,5.76
1131812.6,32.64,3.03,199827.73,5.76
1131959.27,32.65,3.04,199904.74,5.77
1131661.14,32.65,3.04,199823.33,5.76
1131365.34,32.65,3.04,199822.09,5.77
1131211.59,32.64,3.04,200081.77,5.77
1130829.92,32.64,3.04,199500.57,5.76
1130975.82,32.65,3.05,199472.5,5.76
1130616.12,32.65,3.04,199131.0,5.75
1130506.23,32.66,3.05,198968.89,5.75
1130506.23,32.66,3.05,198968.89,5.75
1130506.23,32.66,3.05,199007.36,5.75
1130206.55,32.66,3.05,199854.81,5.77
1130525.55,32.67,3.06,199324.14,5.76
1130247.56,32.67,3.06,199323.21,5.76
1130114.35,32.67,3.07,199841.7,5.78
1130114.35,32.67,3.07,199803.24,5.78
1129846.18,32.67,3.07,199799.95,5.78
1129548.05,32.68,3.07,199775.17,5.78
1129249.92,32.68,3.07,199833.77,5.78
1128951.79,32.68,3.07,199785.33,5.78
1128570.13,32.68,3.07,199218.54,5.77
1128570.13,32.68,3.07,199218.54,5.77
1128570.13,32.68,3.07,199218.54,5.77
1128570.13,32.68,3.07,199218.54,5.77
1128570.13,32.68,3.07,199218.54,5.77
1128370.02,32.67,3.06,198940.73,5.76
1128074.21,32.67,3.07,198924.68,5.76
1127880.78,32.67,3.07,198738.03,5.76
1125322.23,32.68,3.07,198690.2,5.77
1125211.56,32.68,3.08,199007.95,5.78
1125541.71,32.7,3.1,199094.15,5.78
1125252.49,32.7,3.1,199047.87,5.78
1124943.9,32.7,3.1,198946.93,5.78
1124675.73,32.7,3.1,198947.37,5.78
1124704.87,32.71,3.11,198920.17,5.79
1124704.87,32.71,3.11,198920.17,5.79
1124447.17,32.71,3.1,198731.17,5.78
1124337.28,32.71,3.11,198767.5,5.78
1124227.39,32.71,3.11,198749.54,5.78
1123931.58,32.72,3.11,198724.25,5.78
1123632.68,32.72,3.11,199080.18,5.8
1123334.55,32.72,3.12,198873.77,5.79
1123026.61,32.72,3.12,198846.63,5.79
1123026.61,32.72,3.12,198846.63,5.79
1122726.93,32.72,3.12,199372.49,5.81
1122458.76,32.72,3.12,199357.27,5.81
1122348.87,32.72,3.12,199345.17,5.81
1122238.97,32.73,3.13,199377.15,5.81
1122129.08,32.73,3.13,199359.07,5.82
1121833.28,32.73,3.13,199338.12,5.82
1121979.18,32.74,3.14,199673.18,5.83
1121681.05,32.74,3.14,199714.48,5.83
1121681.05,32.74,3.14,199752.55,5.83
1121569.6,32.75,3.15,200217.8,5.85
1121463.71,32.75,3.15,199781.41,5.83
1121195.54,32.76,3.15,199774.25,5.84
1121008.05,32.76,3.16,199663.69,5.83
1120623.24,32.75,3.15,199618.96,5.83
1120465.28,32.75,3.15,199460.99,5.83
1120465.28,32.75,3.15,199460.99,5.83
1120465.28,32.75,3.15,199415.21,5.83
1120167.15,32.75,3.15,199394.3,5.83
1120057.26,32.75,3.15,199416.01,5.83
1119849.73,32.75,3.15,199167.35,5.82
1120440.95,32.77,3.17,199477.9,5.83
1120142.82,32.77,3.17,199457.53,5.84
1120142.82,32.77,3.17,199506.17,5.84
1120142.82,32.77,3.17,199472.16,5.84
1120142.82,32.77,3.17,199511.98,5.84
1119847.01,32.77,3.17,199517.07,5.84
1119548.11,32.77,3.17,200004.06,5.85
1119279.94,32.78,3.17,199996.63,5.86
1118738.87,32.77,3.16,199492.28,5.84
1118637.88,32.77,3.17,199405.89,5.84
1118329.3,32.77,3.17,199324.76,5.84
1118031.17,32.77,3.17,199416.94,5.85
1117588.28,32.77,3.16,198926.06,5.83
1117290.15,32.77,3.16,198846.91,5.83
1116995.12,32.77,3.16,199876.16,5.86
1116726.95,32.77,3.17,199874.91,5.87
1116873.62,32.78,3.18,199850.08,5.87
1116873.62,32.78,3.18,199850.08,5.87
1116762.95,32.78,3.18,199409.72,5.85
1116526.2,32.78,3.18,199495.24,5.86
1116433.35,32.78,3.18,199196.89,5.85
1116433.35,32.78,3.18,199196.89,5.85
1116433.35,32.78,3.18,199196.89,5.85
1116135.22,32.78,3.18,199114.04,5.85
1115837.09,32.79,3.18,199102.68,5.85
1115837.09,32.79,3.18,199102.68,5.85
1115986.09,32.79,3.19,200537.46,5.89
1115849.58,32.8,3.19,201147.0,5.91
1115581.4,32.8,3.19,201151.52,5.91
1115283.27,32.8,3.19,201118.93,5.91
1114985.15,32.8,3.2,201219.16,5.92
1114893.46,32.8,3.2,201699.17,5.93
1114558.93,32.8,3.2,201437.55,5.93
1114588.08,32.81,3.21,201344.61,5.93
1114588.08,32.81,3.21,201344.61,5.93
1114737.08,32.82,3.22,201338.0,5.93
1114455.99,32.82,3.22,202654.65,5.97
1114455.99,32.82,3.22,202654.65,5.97
1114455.99,32.82,3.22,202654.65,5.97
1114515.09,32.83,3.23,202656.0,5.97
1114515.09,32.83,3.23,202656.0,5.97
1114216.96,32.83,3.23,202627.89,5.97
1113984.9,32.83,3.22,201497.78,5.94
1114101.89,32.84,3.23,201858.76,5.95
1113803.76,32.84,3.23,201913.62,5.95
1113803.76,32.84,3.23,201913.62,5.95
1113703.81,32.84,3.24,202728.09,5.98
1113406.33,32.84,3.24,202048.65,5.96
1113049.88,32.84,3.24,201722.96,5.95
1113049.88,32.84,3.24,201722.96,5.95
1113049.88,32.84,3.24,201722.96,5.95
1112751.75,32.84,3.24,201836.63,5.96
1112391.57,32.84,3.24,201695.56,5.95
1112391.57,32.84,3.24,201695.56,5.95
1112508.56,32.85,3.25,202056.55,5.97
1112508.56,32.85,3.25,202056.55,5.97
1112657.56,32.86,3.26,202027.06,5.97
1112657.56,32.86,3.26,202027.06,5.97
1112376.47,32.86,3.26,203349.26,6.01
1112108.3,32.86,3.26,203353.78,6.01
1111810.17,32.86,3.26,203321.19,6.01
1111512.04,32.86,3.26,203374.66,6.01
1111422.81,32.87,3.27,202951.08,6.0
1111146.16,32.87,3.27,202890.98,6.0
1110848.03,32.87,3.27,202855.33,6.0
1110666.22,32.87,3.27,202693.99,6.0
1110697.69,32.88,3.27,202669.52,6.0
1110697.69,32.88,3.27,202669.52,6.0
1110843.59,32.89,3.28,203411.11,6.02
1110733.69,32.89,3.29,203056.9,6.01
1110425.75,32.89,3.29,203231.59,6.02
1110126.07,32.89,3.29,203602.57,6.03
1109857.9,32.89,3.29,203607.09,6.03
1109559.77,32.89,3.29,203585.57,6.04
1109262.29,32.9,3.29,202906.14,6.02
1109262.29,32.9,3.29,202906.14,6.02
1108902.11,32.89,3.29,202765.06,6.01
1108796.22,32.9,3.3,202328.67,6.0
1108498.95,32.89,3.29,202221.05,6.0
1108191.01,32.89,3.29,202059.74,6.0
1108003.51,32.9,3.29,201949.19,6.0
1107705.39,32.9,3.29,202013.45,6.0
1107407.26,32.9,3.3,201962.76,6.0
1107120.97,32.89,3.29,201663.07,5.99
1107013.4,32.9,3.29,201630.71,5.99
1107013.4,32.9,3.29,201630.71,5.99
1106714.5,32.9,3.3,201728.71,6.0
1106714.5,32.9,3.3,201728.71,6.0
1106731.65,32.91,3.3,201243.75,5.98
1106612.76,32.91,3.31,201387.72,5.99
1106612.76,32.91,3.31,201387.72,5.99
1106314.63,32.91,3.31,201601.26,6.0
1106014.95,32.91,3.31,201443.52,5.99
1105746.78,32.91,3.31,201436.09,6.0
1105893.45,32.92,3.32,201417.43,6.0
1105595.33,32.92,3.32,201505.49,6.0
1105300.3,32.92,3.32,201605.71,6.01
1105753.35,32.94,3.34,201770.93,6.01
1105753.35,32.94,3.34,201770.93,6.01
1105447.74,32.94,3.34,201748.63,6.01
1105179.56,32.94,3.34,201753.14,6.01
1104881.43,32.95,3.34,201731.63,6.02
1104640.72,32.94,3.34,201904.18,6.02
1104015.18,32.93,3.33,201333.25,6.01
1104015.18,32.93,3.33,201333.25,6.01
1104015.18,32.93,3.33,201333.25,6.01
1103717.05,32.94,3.33,201390.31,6.01
1101361.98,32.94,3.34,201339.78,6.02
1101063.85,32.94,3.34,201266.47,6.02
1101063.85,32.94,3.34,201266.47,6.02
1101063.85,32.94,3.34,201266.47,6.02
1100768.05,32.95,3.34,201286.47,6.02
1100469.15,32.95,3.34,201689.21,6.04
1100469.15,32.95,3.34,201689.21,6.04
1100200.97,32.95,3.34,201687.95,6.04
1099902.85,32.95,3.35,201661.14,6.04
1099902.85,32.95,3.35,201661.14,6.04
1099902.85,32.95,3.35,201661.14,6.04
1100049.52,32.96,3.35,202064.96,6.05
1100049.52,32.96,3.35,202064.96,6.05
1099751.39,32.96,3.36,201933.81,6.05
1099868.38,32.97,3.36,201190.52,6.03
1099599.31,32.97,3.37,201079.52,6.03
1099599.31,32.97,3.37,201079.52,6.03
1099599.31,32.97,3.37,201079.52,6.03
1099498.32,32.98,3.37,200945.74,6.03
1099189.61,32.98,3.37,201356.09,6.04
1099069.26,32.98,3.38,201392.29,6.04
1099069.26,32.98,3.38,201392.29,6.04
1099069.26,32.98,3.38,201392.29,6.04
1099038.77,32.99,3.38,200744.31,6.03
1099038.77,32.99,3.38,200744.31,6.03
1098770.59,32.99,3.39,200743.06,6.03
1098472.47,32.99,3.39,200716.25,6.03
1098178.86,32.99,3.39,200717.7,6.03
1098325.53,33.0,3.4,200933.73,6.04
1098027.4,33.0,3.4,200898.13,6.04
1097645.7,32.99,3.39,200865.6,6.04
1097373.52,33.0,3.39,202343.42,6.08
1097050.48,33.0,3.39,201483.57,6.06
1096672.34,33.0,3.39,201631.76,6.07
1096404.17,33.0,3.39,201634.09,6.07
1096404.17,33.0,3.39,201634.09,6.07
1096106.04,33.0,3.39,201603.69,6.07
1095883.3,32.99,3.39,201382.95,6.06
1095883.3,32.99,3.39,201382.95,6.06
1095593.81,32.99,3.38,201087.73,6.05
1095295.68,32.99,3.39,201252.14,6.06
1095295.68,32.99,3.39,201252.14,6.06
1094997.56,32.99,3.39,201258.5,6.06
1094834.32,32.99,3.39,203272.04,6.13
1094538.51,32.99,3.39,203238.72,6.13
1094702.23,33.0,3.4,203920.57,6.15
1094434.06,33.0,3.4,203917.28,6.15
1094434.06,33.0,3.4,203917.28,6.15
1094434.06,33.0,3.4,203917.28,6.15
1094434.06,33.0,3.4,203917.28,6.15
1094146.7,33.0,3.39,203619.21,6.14
1093840.44,33.0,3.39,204148.99,6.16
1093466.91,33.0,3.39,203800.2,6.15
1093169.93,32.99,3.39,203507.89,6.14
1093169.93,32.99,3.39,203507.89,6.14
1093169.93,32.99,3.39,203507.89,6.14
1092871.81,32.99,3.39,203483.11,6.14
1092871.81,32.99,3.39,203483.11,6.14
1092573.68,32.99,3.39,203547.25,6.15
1092266.64,32.99,3.39,203026.09,6.13
1091978.99,32.99,3.39,203145.56,6.14
1091736.13,33.0,3.39,203027.22,6.14
1091736.13,33.0,3.39,203027.22,6.14
1091361.56,33.0,3.39,202721.65,6.13
1091059.78,32.99,3.39,202420.12,6.12
1090761.65,32.99,3.39,202370.33,6.12
1090493.47,32.99,3.39,202362.91,6.12
1090197.67,32.99,3.39,202480.12,6.13
1090197.67,32.99,3.39,202480.12,6.13
1090039.71,32.99,3.39,202322.16,6.12
1090039.71,32.99,3.39,202322.16,6.12
1090156.7,33.0,3.4,201578.87,6.1
1089998.73,33.0,3.39,201421.86,6.1
1089717.65,33.0,3.39,201932.86,6.11
1089717.65,33.0,3.39,201929.01,6.11
1089864.33,33.01,3.4,201910.35,6.11
1089479.52,33.0,3.4,202270.33,6.13
1089508.66,33.01,3.4,202190.99,6.13
1089251.4,33.0,3.4,201959.09,6.12
1088992.01,33.01,3.4,201885.3,6.12
1088723.84,33.01,3.4,201882.33,6.12
1088632.15,33.01,3.41,201335.71,6.11
1088632.15,33.01,3.41,201335.71,6.11
1088484.68,33.02,3.41,201593.95,6.11
1088484.68,33.02,3.41,201593.95,6.11
1088186.55,33.02,3.41,201674.4,6.12
1088341.62,33.03,3.42,201590.93,6.12
1088035.36,33.03,3.42,202120.71,6.14
1087661.83,33.03,3.42,201771.92,6.13
1087772.93,33.03,3.43,203680.7,6.19
1087519.35,33.04,3.43,202727.9,6.16
1087519.35,33.04,3.43,202752.4,6.16
1087136.15,33.03,3.43,202726.84,6.16
1086838.02,33.03,3.43,203278.59,6.18
1086542.22,33.03,3.43,203213.24,6.18
1086542.22,33.03,3.43,203213.24,6.18
1086274.05,33.03,3.43,203206.07,6.18
1086174.1,33.04,3.43,202363.15,6.16
1085792.43,33.04,3.43,203041.78,6.18
1085494.3,33.04,3.43,203020.87,6.18
1085401.45,33.04,3.44,203384.76,6.19
1085401.45,33.04,3.44,203384.76,6.19
1085194.48,33.04,3.44,203182.44,6.19
1084896.35,33.04,3.44,203277.62,6.19
1084598.22,33.04,3.44,203229.26,6.19
1084747.22,33.05,3.45,203350.03,6.2
1084747.22,33.05,3.45,203350.03,6.2
1084747.22,33.05,3.45,203336.01,6.2
1084479.05,33.05,3.45,203338.34,6.2
1084186.09,33.05,3.45,203151.13,6.19
1084186.09,33.05,3.45,203153.57,6.19
1083887.96,33.06,3.45,203123.17,6.19
1083606.87,33.06,3.45,203757.67,6.22
1083606.87,33.06,3.45,203777.31,6.22
1083308.75,33.06,3.45,204113.95,6.23
1083310.77,33.06,3.46,204031.75,6.23
1083012.65,33.06,3.46,203955.9,6.23
1082720.26,33.06,3.45,203612.12,6.22
1082424.45,33.06,3.45,203459.24,6.21
1082630.26,33.07,3.47,203054.79,6.2
1082520.53,33.07,3.46,202948.09,6.2
1082520.53,33.07,3.46,202948.09,6.2
1082362.56,33.06,3.46,202790.06,6.19
1082182.56,33.07,3.46,203096.66,6.21
1082182.56,33.07,3.46,203096.66,6.21
1081914.39,33.07,3.46,203094.24,6.21
1081595.55,33.06,3.46,202776.11,6.2
1081213.14,33.06,3.45,202522.51,6.19
1081213.14,33.06,3.45,202522.51,6.19
1080915.01,33.06,3.45,202496.87,6.19
1080915.01,33.06,3.45,202496.87,6.19
1080915.01,33.06,3.45,202475.87,6.19
1080616.88,33.06,3.45,202549.54,6.2
1080318.76,33.06,3.45,202514.68,6.2
1080022.95,33.06,3.45,202612.16,6.2
1079820.92,33.06,3.45,202432.97,6.2
1080038.87,33.07,3.46,203641.12,6.23
1079770.7,33.07,3.46,203645.64,6.24
1079624.52,33.07,3.47,203861.75,6.24
1079771.2,33.08,3.48,203836.34,6.25
1079800.34,33.09,3.48,203918.05,6.25
1079800.34,33.09,3.48,203918.05,6.25
1079502.21,33.09,3.48,203838.51,6.25
1079502.21,33.09,3.48,203838.51,6.25
1079502.21,33.09,3.48,203838.51,6.25
1079502.21,33.09,3.48,203836.01,6.25
1079023.18,33.08,3.48,203313.74,6.23
1078727.38,33.08,3.48,203308.24,6.24
1078627.43,33.09,3.48,202799.84,6.22
1078471.5,33.09,3.48,202642.49,6.22
1078299.01,33.09,3.48,202567.96,6.22
1078299.01,33.09,3.48,202578.23,6.22
1077975.44,33.09,3.48,202554.04,6.22
1077717.75,33.09,3.48,202385.93,6.21
1077394.19,33.09,3.48,202408.98,6.22
1077095.28,33.09,3.48,203291.71,6.24
1076827.11,33.09,3.48,203294.04,6.25
1076546.03,33.09,3.48,203731.69,6.26
1076427.22,33.09,3.49,203225.86,6.25
1076306.87,33.1,3.49,203511.04,6.26
1076306.87,33.1,3.49,203511.04,6.26
1076306.87,33.1,3.49,203510.21,6.26
1076205.89,33.1,3.5,203464.07,6.26
1076245.51,33.11,3.51,203780.26,6.27
1075947.38,33.11,3.51,203750.42,6.27
1075649.25,33.11,3.51,203748.19,6.27
1075351.12,33.12,3.51,203869.34,6.28
1075351.12,33.12,3.51,203869.34,6.28
1075231.07,33.11,3.51,203879.55,6.28
1074935.27,33.11,3.51,203760.71,6.28
1074963.64,33.12,3.52,204148.62,6.29
1074674.42,33.12,3.52,204071.23,6.29
1074810.63,33.13,3.53,204423.31,6.3
1074810.63,33.13,3.53,204423.31,6.3
1074487.07,33.13,3.53,204405.04,6.3
1074218.9,33.13,3.53,204407.38,6.31
1074218.9,33.13,3.53,204407.38,6.31
1074218.9,33.13,3.53,204424.45,6.31
1074109.0,33.14,3.53,204406.34,6.31
1073810.88,33.14,3.54,204391.02,6.31
1073512.75,33.14,3.54,204433.54,6.31
1073216.94,33.14,3.54,204399.28,6.31
1072845.94,33.14,3.53,204114.23,6.3
1072845.94,33.14,3.53,204114.23,6.3
1072547.03,33.14,3.53,204255.31,6.31
1072547.03,33.14,3.53,204255.31,6.31
1072547.03,33.14,3.53,204255.31,6.31
1072248.91,33.14,3.53,204271.39,6.31
1071949.23,33.14,3.53,204271.8,6.32
1071681.06,33.14,3.54,204276.32,6.32
1071681.06,33.14,3.54,204276.32,6.32
1071382.93,33.14,3.54,204243.73,6.32
1071104.94,33.14,3.54,204234.02,6.32
1071251.62,33.15,3.55,204346.02,6.32
1070930.38,33.15,3.55,204329.7,6.33
1070632.25,33.15,3.55,204249.68,6.33
1070336.45,33.16,3.55,204211.45,6.33
1070037.54,33.16,3.55,204550.79,6.34
1069936.56,33.16,3.56,204393.15,6.34
1069816.21,33.17,3.56,205004.6,6.36
1069548.03,33.17,3.56,205003.35,6.36
1069249.91,33.17,3.56,204976.53,6.36
1069249.91,33.17,3.56,204976.53,6.36
1069249.91,33.17,3.56,204976.53,6.36
1069140.01,33.17,3.57,205047.75,6.36
1068841.88,33.18,3.57,205013.64,6.36
1068841.88,33.18,3.57,205013.64,6.36
1068734.31,33.18,3.58,204999.5,6.36
1068623.64,33.19,3.58,204966.94,6.37
1068325.52,33.19,3.58,205560.35,6.39
1068325.52,33.19,3.58,205560.35,6.39
1068114.45,33.18,3.58,205349.69,6.38
1068003.01,33.19,3.58,205475.89,6.38
1067734.84,33.19,3.58,205476.34,6.39
1067436.71,33.19,3.59,205447.82,6.39
1067138.58,33.19,3.59,205497.69,6.39
1066830.64,33.19,3.59,205529.61,6.39
1066830.64,33.19,3.59,205529.61,6.39
1066830.64,33.19,3.59,205529.61,6.39
1066830.64,33.19,3.59,205529.61,6.39
1066720.74,33.2,3.59,205497.05,6.4
1066566.99,33.19,3.59,205294.82,6.39
1066242.66,33.19,3.59,205303.05,6.39
1066242.66,33.19,3.59,205303.05,6.39
1066274.12,33.2,3.6,205279.94,6.39
1066274.12,33.2,3.6,205279.94,6.39
1066163.45,33.21,3.6,205663.95,6.41
1066053.56,33.21,3.61,205875.69,6.41
1065753.88,33.21,3.61,205984.08,6.42
1065485.71,33.22,3.61,205983.15,6.42
1065632.38,33.22,3.62,205958.0,6.42
1065522.49,33.23,3.63,206010.96,6.42
1065137.69,33.22,3.62,205962.56,6.42
1062782.62,33.23,3.63,205912.02,6.44
1062811.76,33.24,3.63,205902.35,6.44
1062811.76,33.24,3.63,205939.89,6.44
1062811.76,33.24,3.63,205939.89,6.44
1062515.96,33.24,3.64,206642.52,6.46
1062515.96,33.24,3.64,206642.52,6.46
1062515.96,33.24,3.64,206597.27,6.46
1062234.87,33.24,3.64,206639.32,6.47
1062143.18,33.25,3.64,206028.86,6.45
1062268.18,33.26,3.66,207062.48,6.48
1061932.48,33.26,3.66,207676.25,6.5
1061932.48,33.26,3.66,207676.25,6.5
1061664.3,33.26,3.66,207668.9,6.51
1061664.3,33.26,3.66,207668.9,6.51
1061810.98,33.27,3.67,207650.16,6.51
1061810.98,33.27,3.67,207650.16,6.51
1061810.98,33.27,3.67,207700.35,6.51
1061512.85,33.27,3.67,207777.58,6.51
1061214.72,33.28,3.67,207703.06,6.51
1060918.92,33.28,3.67,207691.85,6.51
1060918.92,33.28,3.67,207691.85,6.51
1060918.92,33.28,3.67,207691.85,6.51
1060637.83,33.28,3.67,208748.28,6.55
1060479.87,33.28,3.67,208603.91,6.55
1060321.91,33.27,3.67,208445.95,6.54
1060013.97,33.27,3.67,208418.9,6.54
1059716.7,33.27,3.66,208289.19,6.54
1059152.05,33.26,3.65,207701.42,6.52
1058883.88,33.26,3.65,207694.26,6.52
1058585.75,33.26,3.66,207673.35,6.53
1058585.75,33.26,3.66,207648.63,6.52
1058348.66,33.26,3.65,207627.61,6.52
1058348.66,33.26,3.65,207627.61,6.52
1058051.39,33.25,3.65,207325.24,6.52
1057753.26,33.25,3.65,207400.57,6.52
1057643.37,33.26,3.65,207350.18,6.52
1057792.37,33.27,3.66,207321.36,6.52
1057493.46,33.27,3.66,207319.47,6.52
1057493.46,33.27,3.66,207319.47,6.52
1057204.24,33.27,3.66,208016.63,6.55
1056942.12,33.27,3.67,207960.21,6.55
1056673.95,33.27,3.67,207958.28,6.55
1056375.82,33.28,3.67,207932.74,6.55
1055936.32,33.27,3.66,207515.3,6.54
1056202.85,33.28,3.67,206840.05,6.52
1055904.72,33.28,3.67,206892.92,6.52
1055672.74,33.28,3.67,209526.6,6.6
1055819.42,33.29,3.68,209495.93,6.6
1055819.42,33.29,3.68,209495.93,6.6
1055523.62,33.29,3.68,209467.2,6.61
1055224.71,33.29,3.68,209633.54,6.61
1055224.71,33.29,3.68,209651.76,6.61
1055262.76,33.3,3.69,209568.41,6.61
1054917.53,33.29,3.69,210116.06,6.63
1054583.17,33.29,3.68,209861.89,6.62
1054583.17,33.29,3.68,209861.89,6.62
1054315.0,33.29,3.69,209866.41,6.63
1054016.87,33.29,3.69,209836.44,6.63
1053906.97,33.3,3.69,209830.78,6.63
1054074.78,33.31,3.7,209894.3,6.63
1053778.97,33.31,3.7,209860.81,6.63
1053778.97,33.31,3.7,209860.81,6.63
1053403.04,33.3,3.7,209826.17,6.63
1052789.49,33.31,3.7,209906.44,6.64
1052578.43,33.3,3.69,209756.3,6.64
1052695.43,33.31,3.7,210034.88,6.65
1052394.36,33.3,3.7,209741.88,6.64
1052440.54,33.31,3.71,210852.26,6.67
1052172.37,33.32,3.71,210849.18,6.68
1052172.37,33.32,3.71,210849.18,6.68
1051874.24,33.32,3.71,210824.19,6.68
1051567.98,33.32,3.71,210132.77,6.66
1051567.98,33.32,3.71,210110.68,6.66
1051567.98,33.32,3.71,210110.68,6.66
1051269.85,33.32,3.71,210133.59,6.66
1050971.73,33.32,3.71,210103.2,6.66
1050675.92,33.32,3.71,210236.17,6.67
1050852.55,33.33,3.72,210241.02,6.67
1050554.42,33.33,3.73,210210.08,6.67
1050256.3,33.33,3.73,210403.34,6.68
1049871.49,33.33,3.72,210513.87,6.68
1049871.49,33.33,3.72,210513.87,6.68
1049492.67,33.32,3.72,210364.99,6.68
1049492.67,33.32,3.72,210387.59,6.68
1049197.64,33.33,3.72,210229.71,6.68
1048929.47,33.33,3.72,210226.42,6.68
1048810.66,33.33,3.73,209945.43,6.67
1048508.99,33.33,3.72,209642.11,6.66
1048200.4,33.33,3.72,209535.21,6.66
1047903.91,33.32,3.72,209295.77,6.66
1047933.06,33.33,3.72,209272.3,6.66
1047840.21,33.33,3.73,209901.39,6.68
1047721.4,33.34,3.73,209623.28,6.67
1047721.4,33.34,3.73,209623.28,6.67
1047423.27,33.34,3.73,209733.52,6.68
1047423.27,33.34,3.73,209733.52,6.68
1047302.92,33.35,3.74,209774.99,6.68
1047302.92,33.35,3.74,209774.99,6.68
1047524.41,33.36,3.75,209664.19,6.68
1047555.88,33.36,3.76,210123.34,6.69
1047204.68,33.36,3.75,209899.5,6.69
1046923.59,33.36,3.75,210952.87,6.72
1046923.59,33.36,3.75,210937.39,6.72
1046655.42,33.36,3.76,210922.25,6.72
1046357.29,33.36,3.76,210909.32,6.72
1046357.29,33.36,3.76,210909.32,6.72
1046357.29,33.36,3.76,210923.91,6.73
1046273.35,33.37,3.76,212257.76,6.77
1046420.03,33.38,3.77,212356.72,6.77
1046420.03,33.38,3.77,212356.72,6.77
1046300.45,33.38,3.78,211757.71,6.76
1046181.65,33.39,3.78,211486.25,6.75
1045880.65,33.39,3.78,211437.65,6.75
1045582.52,33.39,3.78,211343.39,6.75
1045258.96,33.39,3.78,211479.68,6.76
1044963.16,33.39,3.79,211600.64,6.76
1044963.16,33.39,3.79,211639.11,6.76
1044682.07,33.39,3.79,212681.08,6.8
1044413.9,33.4,3.79,212679.82,6.8
1044186.8,33.39,3.79,212208.15,6.79
1044186.8,33.39,3.79,212208.15,6.79
1044408.29,33.4,3.8,212242.09,6.79
1044026.63,33.4,3.8,211641.35,6.77
1043644.96,33.4,3.8,211267.24,6.76
1043352.0,33.4,3.8,211914.19,6.78
1043074.01,33.4,3.8,211918.7,6.79
1042775.89,33.41,3.8,211862.56,6.79
1042531.86,33.41,3.8,211183.08,6.77
1042233.73,33.41,3.8,211177.63,6.77
1041882.53,33.4,3.8,211409.64,6.78
1041586.73,33.4,3.8,211326.95,6.78
1041403.37,33.41,3.8,211727.72,6.79
1041403.37,33.41,3.8,211727.72,6.79
1041403.37,33.41,3.8,211696.81,6.79
1041104.46,33.41,3.8,211616.92,6.79
1041260.05,33.42,3.81,212233.56,6.81
1040972.4,33.42,3.81,212107.1,6.81
1040835.52,33.42,3.82,212110.46,6.81
1040829.05,33.43,3.83,214071.98,6.88
1040521.11,33.43,3.83,214039.39,6.88
1040252.94,33.44,3.83,214037.46,6.88
1040094.97,33.43,3.83,213906.75,6.88
1039690.81,33.42,3.82,213555.51,6.87
1039837.49,33.43,3.83,213531.93,6.87
1039837.49,33.43,3.83,213563.47,6.87
1039539.36,33.44,3.83,213598.84,6.87
1039539.36,33.44,3.83,213598.84,6.87
1039539.36,33.44,3.83,213598.84,6.87
1039539.36,33.44,3.83,213598.84,6.87
1039539.36,33.44,3.83,213601.38,6.87
1039241.23,33.44,3.83,213597.35,6.87
1039241.23,33.44,3.83,213562.25,6.87
1038933.29,33.44,3.83,213570.75,6.87
1038933.29,33.44,3.83,213610.31,6.87
1038743.74,33.43,3.83,213447.77,6.87
1038743.74,33.43,3.83,213447.77,6.87
1038743.74,33.43,3.83,213447.77,6.87
1038743.74,33.43,3.83,213447.77,6.87
1038743.74,33.43,3.83,213447.77,6.87
1038743.74,33.43,3.83,213447.77,6.87
1038743.74,33.43,3.83,213447.77,6.87
1038447.93,33.44,3.83,213419.23,6.87
1038337.27,33.44,3.83,213403.68,6.87
1038039.14,33.44,3.84,213846.69,6.89
1037927.69,33.45,3.84,214005.86,6.9
1037659.52,33.45,3.84,213998.69,6.9
1037659.52,33.45,3.84,213998.69,6.9
1037549.63,33.45,3.85,213978.5,6.9
1037549.63,33.45,3.85,213978.5,6.9
1037251.5,33.45,3.85,214008.48,6.9
1037251.5,33.45,3.85,214008.48,6.9
1036943.56,33.46,3.85,214006.87,6.9
1036645.43,33.46,3.85,213987.87,6.91
1036260.63,33.45,3.84,213803.98,6.9
1036383.74,33.46,3.85,213900.97,6.91
1036529.64,33.47,3.86,213825.99,6.9
1036558.78,33.48,3.87,213818.07,6.91
1034000.23,33.48,3.88,213770.24,6.92
1033700.55,33.48,3.88,215095.7,6.97
1033700.55,33.48,3.88,215095.7,6.97
1033432.38,33.48,3.88,215096.14,6.97
1033134.25,33.49,3.89,215070.25,6.97
1033134.25,33.49,3.89,215070.25,6.97
1032846.84,33.49,3.89,214434.66,6.95
1032548.71,33.49,3.89,214475.55,6.96
1032163.91,33.48,3.88,214038.81,6.94
1032054.01,33.49,3.89,214014.68,6.94
1031758.21,33.49,3.89,213988.56,6.95
1031758.21,33.49,3.89,213988.56,6.95
1031567.0,33.48,3.88,213864.21,6.94
1031268.1,33.48,3.88,213868.69,6.94
1031158.21,33.49,3.89,213857.66,6.95
1030858.53,33.49,3.89,214222.96,6.96
1030654.55,33.49,3.89,214009.03,6.95
1030654.55,33.49,3.89,214009.03,6.95
1030386.38,33.49,3.89,213999.32,6.96
1030088.25,33.49,3.89,213980.96,6.96
1030088.25,33.49,3.89,213980.96,6.96
1029978.35,33.5,3.9,214030.0,6.96
1029680.23,33.5,3.9,213998.35,6.96
1029384.42,33.5,3.9,214705.81,6.99
1029116.25,33.5,3.9,214698.65,6.99
1029262.92,33.51,3.91,214679.73,6.99
1029382.94,33.52,3.92,214056.47,6.97
1029084.81,33.52,3.92,214126.79,6.97
1028786.68,33.52,3.92,214084.61,6.98
1028786.68,33.52,3.92,214084.61,6.98
1028786.68,33.52,3.92,214084.61,6.98
1028490.88,33.52,3.92,214047.97,6.98
1028191.98,33.53,3.92,214728.49,7.0
1028191.98,33.53,3.92,214728.49,7.0
1028090.99,33.53,3.93,214701.3,7.0
1027970.64,33.54,3.93,215589.61,7.03
1027710.99,33.54,3.94,215359.2,7.03
1027647.09,33.54,3.94,215479.18,7.03
1027526.87,33.54,3.94,215491.82,7.03
1027258.69,33.54,3.94,215492.26,7.04
1026960.57,33.55,3.94,215463.75,7.04
1026850.67,33.55,3.95,215494.76,7.04
1026997.35,33.56,3.96,215479.21,7.04
1026997.35,33.56,3.96,215479.21,7.04
1026997.35,33.56,3.96,215479.21,7.04
1026701.54,33.56,3.96,215459.37,7.04
1026590.87,33.57,3.97,215752.8,7.05
1026292.75,33.57,3.97,215755.91,7.06
1026292.75,33.57,3.97,215755.91,7.06
1025993.07,33.57,3.97,216046.38,7.07
1025608.27,33.56,3.96,215873.41,7.06
1025608.27,33.56,3.96,215873.41,7.06
1025319.07,33.56,3.96,215529.94,7.05
1025050.89,33.56,3.96,215532.27,7.06
1024752.76,33.56,3.96,215501.87,7.06
1024899.44,33.57,3.97,215751.77,7.07
1024604.41,33.57,3.97,215958.81,7.08
1024604.41,33.57,3.97,215958.81,7.08
1024336.24,33.57,3.97,215957.88,7.08
1024038.11,33.57,3.97,215930.74,7.08
1023765.93,33.58,3.98,215637.08,7.07
1023795.08,33.58,3.98,215831.01,7.08
1023496.95,33.59,3.98,215790.91,7.08
1023435.19,33.59,3.99,217889.22,7.15
1023141.58,33.59,3.99,217896.45,7.15
1022845.78,33.59,3.99,217860.73,7.15
1022965.75,33.6,4.0,218195.36,7.17
1022965.75,33.6,4.0,218195.36,7.17
1022697.58,33.6,4.0,218194.43,7.17
1022697.58,33.6,4.0,218172.42,7.17
1022416.49,33.61,4.0,219115.5,7.2
1022010.75,33.6,4.0,218703.53,7.19
1022010.75,33.6,4.0,218703.53,7.19
1022010.75,33.6,4.0,218703.53,7.19
1021712.62,33.6,4.0,218758.48,7.19
1021712.62,33.6,4.0,218758.48,7.19
1021934.11,33.61,4.01,218681.73,7.19
1021635.98,33.61,4.01,218671.45,7.19
1021635.98,33.61,4.01,218695.29,7.19
1021528.41,33.62,4.02,218880.15,7.2
1021528.41,33.62,4.02,218880.15,7.2
1021229.51,33.62,4.02,218815.65,7.2
1020931.38,33.62,4.02,218755.55,7.2
1020931.38,33.62,4.02,218755.55,7.2
1020631.71,33.62,4.02,219395.42,7.23
1020270.6,33.61,4.01,219016.05,7.22
1019985.51,33.61,4.01,218246.7,7.19
1019717.34,33.62,4.02,218243.72,7.19
1019717.34,33.62,4.02,218243.72,7.19
1019864.02,33.63,4.03,218220.61,7.2
1019619.99,33.63,4.03,217372.15,7.17
1019235.19,33.62,4.02,217435.71,7.17
1019234.79,33.63,4.03,217898.99,7.19
1018936.66,33.63,4.03,217857.38,7.19
1018965.8,33.64,4.04,217827.49,7.19
1018669.99,33.64,4.04,218515.77,7.22
1018559.33,33.65,4.04,218099.01,7.2
1018742.02,33.66,4.06,217990.56,7.2
1018427.26,33.66,4.06,218883.94,7.23
1018159.09,33.66,4.06,218882.68,7.24
1017860.96,33.66,4.06,218855.87,7.24
1017751.07,33.67,4.07,219084.3,7.25
1017452.94,33.67,4.07,218849.65,7.24
1017157.14,33.67,4.07,219006.94,7.25
1017157.14,33.67,4.07,219006.94,7.25
1016888.96,33.67,4.07,219005.68,7.25
1016888.96,33.67,4.07,218988.96,7.25
1016590.84,33.67,4.07,218962.14,7.25
1016309.75,33.68,4.07,219491.53,7.27
1016309.75,33.68,4.07,219491.53,7.27
1016046.34,33.67,4.07,219172.3,7.26
1015739.3,33.67,4.07,218687.68,7.25
1015430.72,33.67,4.07,218657.03,7.25
1015132.59,33.67,4.07,218696.8,7.25
1014974.62,33.67,4.07,218539.16,7.25
1014974.62,33.67,4.07,218539.16,7.25
1014864.73,33.68,4.07,218497.65,7.25
1014864.73,33.68,4.07,218497.65,7.25
1014757.16,33.68,4.08,218502.31,7.25
1014757.16,33.68,4.08,218502.31,7.25
1014458.26,33.68,4.08,218902.46,7.27
1014458.26,33.68,4.08,218902.46,7.27
1014604.93,33.69,4.09,218963.28,7.27
1014229.04,33.68,4.08,218553.15,7.26
1013920.45,33.69,4.08,218912.17,7.27
1013920.45,33.69,4.08,218931.57,7.27
1013652.28,33.69,4.09,218924.14,7.28
1013652.28,33.69,4.09,218924.14,7.28
1013798.95,33.7,4.1,218905.49,7.28
1013798.95,33.7,4.1,218905.49,7.28
1013798.95,33.7,4.1,218905.49,7.28
1013414.15,33.69,4.09,219171.7,7.29
1013560.83,33.7,4.1,219183.86,7.29
1013265.8,33.7,4.1,219095.03,7.29
1010910.73,33.71,4.11,219044.49,7.31
1010910.73,33.71,4.11,219044.49,7.31
1010642.56,33.72,4.11,219049.01,7.31
1010642.56,33.72,4.11,219049.01,7.31
1010344.43,33.72,4.11,219027.5,7.31
1010344.43,33.72,4.11,219027.5,7.31
1010233.76,33.72,4.12,218972.13,7.31
1009935.63,33.72,4.12,218957.3,7.31
1009935.63,33.72,4.12,218957.3,7.31
1009637.5,33.73,4.12,218959.22,7.31
1009668.97,33.73,4.13,219475.89,7.33
1009668.97,33.73,4.13,219475.89,7.33
1009370.07,33.73,4.13,219363.03,7.33
1009082.23,33.73,4.13,219099.29,7.32
1009082.23,33.73,4.13,219099.29,7.32
1008814.06,33.73,4.13,219103.81,7.33
1008814.06,33.73,4.13,219103.81,7.33
1008721.21,33.74,4.13,220288.12,7.37
1008423.08,33.74,4.13,220258.15,7.37
1008243.35,33.73,4.13,220618.05,7.38
1008243.35,33.73,4.13,220618.05,7.38
1008390.02,33.75,4.14,220689.1,7.39
1008390.02,33.75,4.14,220689.1,7.39
1008290.5,33.74,4.14,220057.97,7.36
1007992.37,33.75,4.14,219998.56,7.37
1007696.57,33.75,4.14,219977.79,7.37
1007696.57,33.75,4.14,219977.79,7.37
1007311.77,33.74,4.14,220660.87,7.39
1007311.77,33.74,4.14,220660.87,7.39
1007043.59,33.74,4.14,220665.39,7.39
1006745.46,33.74,4.14,220640.8,7.4
1006447.34,33.74,4.14,220673.04,7.4
1006594.01,33.75,4.15,220631.13,7.4
1006625.48,33.76,4.16,220628.29,7.4
1006512.1,33.77,4.16,220212.54,7.39
1006512.1,33.77,4.16,220212.54,7.39
1006127.29,33.76,4.16,220820.7,7.41
1005773.3,33.76,4.16,221454.66,7.43
1005492.22,33.76,4.16,221476.79,7.44
1005400.53,33.77,4.16,221191.36,7.43
1005253.06,33.77,4.17,221159.97,7.43
1005142.39,33.78,4.17,220802.72,7.42
1005360.99,33.79,4.19,220739.94,7.42
1005198.57,33.79,4.19,221375.51,7.44
1004930.39,33.8,4.19,221377.84,7.45
1004535.43,33.79,4.18,220968.86,7.43
1004682.11,33.8,4.19,220943.32,7.43
1004682.11,33.8,4.19,220943.32,7.43
1004682.11,33.8,4.19,220943.32,7.43
1004297.31,33.79,4.19,221035.06,7.44
1003999.18,33.79,4.19,220982.82,7.44
1003701.05,33.79,4.19,220935.26,7.44
1003850.05,33.8,4.2,222320.11,7.49
1003581.88,33.81,4.2,222317.14,7.49
1003283.75,33.81,4.2,222292.04,7.49
1003164.95,33.81,4.21,221728.49,7.47
1002859.33,33.81,4.21,222623.59,7.51
1002554.54,33.82,4.21,223120.25,7.53
1002554.54,33.82,4.21,223120.25,7.53
1002273.46,33.82,4.21,222384.91,7.5
1001975.33,33.82,4.21,222444.27,7.51
1001668.29,33.82,4.21,221859.66,7.49
1001406.17,33.82,4.22,222335.56,7.51
1001406.17,33.82,4.22,222335.56,7.51
1001406.17,33.82,4.22,222335.56,7.51
1001406.17,33.82,4.22,222335.56,7.51
1001406.17,33.82,4.22,222335.56,7.51
1001296.28,33.83,4.22,222288.02,7.51
1001000.47,33.83,4.22,222268.15,7.51
1000701.57,33.83,4.23,222488.74,7.52
1000403.44,33.83,4.23,222304.59,7.52
1000403.44,33.83,4.23,222304.59,7.52
1000403.44,33.83,4.23,222342.94,7.52
1000548.57,33.84,4.24,222922.2,7.54
1000280.39,33.84,4.24,222921.28,7.54
1000170.5,33.85,4.24,222899.72,7.54
999872.37,33.85,4.25,222936.75,7.55
999872.37,33.85,4.25,222936.75,7.55
999872.37,33.85,4.25,222890.69,7.55
999594.39,33.85,4.25,222895.21,7.55
999594.39,33.85,4.25,222895.21,7.55
999594.39,33.85,4.25,222940.97,7.55
999594.39,33.85,4.25,222940.97,7.55
999594.39,33.85,4.25,222895.21,7.55
999209.58,33.85,4.24,222506.43,7.54
999099.69,33.85,4.25,222480.8,7.54
999099.69,33.85,4.25,222480.8,7.54
998770.39,33.84,4.24,222149.44,7.53
998579.12,33.84,4.24,221949.36,7.52
998283.32,33.84,4.24,222059.54,7.53
998437.61,33.85,4.25,221947.15,7.53
998437.61,33.85,4.25,221996.2,7.53
998279.65,33.85,4.24,221843.04,7.52
998279.65,33.85,4.24,221843.04,7.52
998169.75,33.85,4.25,221816.98,7.52
997850.52,33.85,4.24,221497.88,7.51
997467.33,33.84,4.23,222198.7,7.54
996304.77,33.85,4.24,222163.14,7.55
996005.09,33.85,4.24,222069.01,7.55
996005.09,33.85,4.24,222039.53,7.55
995709.29,33.85,4.24,222079.19,7.55
995709.29,33.85,4.24,222079.19,7.55
995598.62,33.85,4.25,222056.48,7.55
995598.62,33.85,4.25,222056.48,7.55
995873.02,33.87,4.26,225143.15,7.66
995873.02,33.87,4.26,225143.15,7.66
995873.02,33.87,4.26,225143.15,7.66
995715.06,33.86,4.26,224978.86,7.65
995723.37,33.87,4.26,222518.9,7.57
995613.47,33.87,4.27,222498.02,7.57
995313.8,33.87,4.27,222856.57,7.58
995372.89,33.88,4.28,222857.92,7.59
995519.57,33.89,4.29,222831.8,7.59
995519.57,33.89,4.29,222831.8,7.59
995134.76,33.89,4.28,222905.97,7.59
995281.44,33.9,4.29,222861.23,7.59
995281.44,33.9,4.29,222861.23,7.59
995310.58,33.91,4.3,222825.84,7.59
995014.78,33.91,4.3,223439.17,7.61
995014.78,33.91,4.3,223439.17,7.61
994904.11,33.91,4.31,223184.69,7.61
994794.21,33.92,4.31,223324.98,7.61
994794.21,33.92,4.31,223324.98,7.61
994794.21,33.92,4.31,223324.98,7.61
994682.77,33.92,4.32,224112.48,7.64
994682.77,33.92,4.32,224112.48,7.64
994414.6,33.93,4.32,224111.55,7.65
994116.47,33.93,4.32,224084.41,7.65
993818.34,33.93,4.32,224125.55,7.65
993520.21,33.93,4.32,224079.56,7.65
993224.41,33.93,4.32,224164.85,7.66
993224.41,33.93,4.32,224128.93,7.66
993224.41,33.93,4.32,224128.93,7.66
993113.24,33.94,4.33,224189.15,7.66
992814.34,33.94,4.33,224100.09,7.66
992525.12,33.94,4.34,224315.56,7.67
992525.12,33.94,4.34,224352.4,7.67
992216.53,33.94,4.34,224123.08,7.67
991919.27,33.94,4.33,224231.45,7.67
991651.09,33.94,4.33,224230.2,7.67
991651.09,33.94,4.33,224230.2,7.67
991680.23,33.95,4.34,224204.69,7.68
991382.11,33.95,4.34,224402.04,7.68
991382.11,33.95,4.34,224365.2,7.68
991084.84,33.94,4.34,223882.0,7.67
990786.71,33.94,4.34,223776.33,7.67
990679.14,33.95,4.34,223681.21,7.67
990679.14,33.95,4.34,223716.1,7.67
990381.87,33.94,4.34,224031.45,7.68
990271.2,33.95,4.34,223842.9,7.67
989973.07,33.95,4.34,223756.01,7.67
989861.63,33.96,4.35,224289.62,7.69
989476.83,33.95,4.34,224106.4,7.69
989208.65,33.95,4.34,224106.84,7.69
989454.26,33.96,4.36,224080.88,7.69
989127.26,33.96,4.35,224120.05,7.69
989026.07,33.96,4.35,227278.4,7.8
989172.75,33.97,4.36,227254.6,7.8
989062.85,33.97,4.37,227237.22,7.81
988767.05,33.98,4.37,227392.46,7.81
988656.38,33.98,4.37,227297.33,7.81
988358.25,33.98,4.37,227225.5,7.81
987973.45,33.97,4.37,227949.78,7.84
987673.77,33.98,4.37,227795.4,7.84
987405.6,33.98,4.37,227797.73,7.84
987247.64,33.97,4.37,227645.34,7.83
986949.51,33.98,4.37,227617.56,7.84
986625.95,33.98,4.37,227596.05,7.84
986625.95,33.98,4.37,227596.05,7.84
986625.95,33.98,4.37,227596.05,7.84
986327.82,33.98,4.37,227649.79,7.84
986327.82,33.98,4.37,227688.77,7.84
986169.85,33.97,4.37,227530.81,7.84
985871.73,33.98,4.37,227491.21,7.84
985575.92,33.98,4.37,227468.55,7.84
985465.25,33.98,4.37,227760.23,7.85
985167.13,33.98,4.38,227600.82,7.85
985055.68,33.99,4.38,227789.1,7.86
985055.68,33.99,4.38,227761.72,7.86
985055.68,33.99,4.38,227761.72,7.86
984927.32,34.0,4.39,227702.74,7.86
984659.15,34.0,4.39,227699.76,7.86
984361.02,34.0,4.39,227674.67,7.86
984062.9,34.0,4.39,227863.84,7.87
983764.77,34.0,4.39,227700.57,7.87
983796.23,34.01,4.4,227792.78,7.88
983842.42,34.02,4.41,228903.92,7.92
984053.26,34.03,4.42,228909.81,7.92
983880.77,34.04,4.43,228831.29,7.92
983880.77,34.04,4.43,228831.29,7.92
983612.6,34.04,4.43,228829.36,7.92
983502.7,34.05,4.44,228804.6,7.92
983204.58,34.05,4.44,228836.49,7.92
983233.72,34.06,4.45,228818.89,7.93
982937.91,34.06,4.45,228808.61,7.93
982966.28,34.07,4.46,229236.41,7.94
982966.28,34.07,4.46,229236.41,7.94
982668.15,34.07,4.46,229396.48,7.95
982668.15,34.07,4.46,229396.48,7.95
982368.48,34.07,4.46,229511.37,7.96
982368.48,34.07,4.46,229543.34,7.96
982368.48,34.07,4.46,229573.82,7.96
982100.3,34.07,4.46,229566.66,7.96
982129.44,34.08,4.47,229547.06,7.97
981831.32,34.08,4.47,229642.39,7.97
981533.19,34.08,4.47,229553.5,7.97
981225.25,34.08,4.47,229520.93,7.97
981348.36,34.09,4.49,229507.89,7.97
981348.36,34.09,4.49,229507.89,7.97
981049.46,34.1,4.49,229993.81,7.99
981049.46,34.1,4.49,229993.81,7.99
980710.54,34.09,4.48,229501.7,7.98
980402.6,34.09,4.48,229608.09,7.98
980020.94,34.09,4.48,227857.16,7.93
979660.88,34.08,4.47,227627.37,7.92
979807.56,34.09,4.48,228369.36,7.95
979507.88,34.09,4.48,228424.02,7.95
979507.88,34.09,4.48,228424.02,7.95
979239.71,34.1,4.49,228428.54,7.95
979239.71,34.1,4.49,228428.54,7.95
978941.58,34.1,4.49,228403.95,7.96
978643.45,34.1,4.49,228392.2,7.96
978345.33,34.1,4.49,228388.82,7.96
978137.79,34.1,4.49,228284.03,7.96
978137.79,34.1,4.49,228284.03,7.96
978137.79,34.1,4.49,228284.03,7.96
977841.99,34.1,4.49,228565.09,7.97
977518.43,34.1,4.49,228578.41,7.97
977219.52,34.1,4.49,228423.65,7.97
976921.4,34.1,4.49,228328.33,7.97
976921.4,34.1,4.49,228307.58,7.97
976621.72,34.1,4.49,228261.26,7.97
976353.55,34.1,4.5,228263.6,7.97
976353.55,34.1,4.5,228263.6,7.97
976055.42,34.11,4.5,228233.75,7.98
975757.29,34.11,4.5,228319.29,7.98
975459.16,34.11,4.5,228238.5,7.98
975459.16,34.11,4.5,228238.5,7.98
975163.36,34.11,4.5,228772.4,8.0
974882.27,34.11,4.5,228837.31,8.01
974614.1,34.12,4.51,228839.65,8.01
974508.17,34.11,4.5,228732.3,8.01
974416.48,34.12,4.51,228312.73,7.99
974416.48,34.12,4.51,228312.73,7.99
974269.02,34.12,4.51,228463.06,8.0
973970.89,34.13,4.52,228435.28,8.0
973673.62,34.12,4.51,228111.09,7.99
973466.09,34.11,4.5,227951.32,7.99
973466.09,34.11,4.5,227951.32,7.99
973356.19,34.12,4.51,227945.66,7.99
973356.19,34.12,4.51,227945.66,7.99
973356.19,34.12,4.51,227945.66,7.99
973058.07,34.12,4.51,227973.06,7.99
972762.26,34.12,4.51,227951.35,8.0
972463.36,34.13,4.52,227936.13,8.0
972463.36,34.13,4.52,227936.13,8.0
972463.36,34.13,4.52,227936.13,8.0
972463.36,34.13,4.52,227962.68,8.0
972463.36,34.13,4.52,227962.68,8.0
972226.6,34.12,4.51,227710.64,7.99
971928.48,34.12,4.51,227977.02,8.0
971928.48,34.12,4.51,227977.02,8.0
972073.6,34.13,4.52,228242.44,8.01
971805.43,34.14,4.53,228235.28,8.02
971558.77,34.13,4.52,228075.88,8.01
971260.64,34.13,4.52,228054.97,8.01
971150.74,34.14,4.53,228113.9,8.02
971150.74,34.14,4.53,228113.9,8.02
970852.62,34.14,4.53,228079.91,8.02
970556.81,34.14,4.53,228056.17,8.02
970676.83,34.15,4.54,228542.91,8.04
970387.61,34.15,4.54,228173.96,8.03
970523.82,34.16,4.55,229109.6,8.07
970255.65,34.17,4.56,229099.9,8.07
969957.52,34.17,4.56,229145.3,8.07
969986.66,34.18,4.57,229106.68,8.07
969688.54,34.18,4.57,229083.1,8.07
969401.13,34.18,4.57,229617.9,8.1
969293.56,34.19,4.58,229809.75,8.11
969293.56,34.19,4.58,229809.75,8.11
968914.96,34.18,4.57,229385.38,8.09
968914.96,34.18,4.57,229377.52,8.09
968804.29,34.18,4.57,229313.76,8.09
968506.16,34.19,4.58,229520.06,8.1
968206.48,34.19,4.58,229852.32,8.12
967938.31,34.19,4.58,229844.97,8.12
967721.58,34.19,4.57,229700.74,8.11
967423.45,34.19,4.58,229680.01,8.12
967265.48,34.18,4.57,229522.7,8.11
966972.13,34.18,4.57,229249.97,8.1
966674.0,34.18,4.57,229263.71,8.11
966794.79,34.19,4.58,229387.91,8.11
966497.52,34.18,4.57,229060.97,8.1
966497.52,34.18,4.57,229060.97,8.1
966201.72,34.18,4.57,229055.55,8.1
966201.72,34.18,4.57,229080.02,8.1
966045.25,34.18,4.57,228933.16,8.1
965843.07,34.18,4.56,228793.06,8.1
965561.98,34.18,4.57,229530.1,8.12
965254.95,34.18,4.57,229004.54,8.11
965134.6,34.19,4.57,229139.21,8.12
965319.62,34.2,4.59,229139.69,8.12
965021.49,34.2,4.59,229113.16,8.12
964911.6,34.2,4.59,229160.72,8.12
964613.47,34.21,4.59,229112.08,8.12
964613.47,34.21,4.59,229112.08,8.12
964230.27,34.2,4.59,229397.02,8.14
963934.47,34.2,4.59,229270.93,8.13
963934.47,34.2,4.59,229270.93,8.13
963635.57,34.2,4.59,229557.78,8.15
963373.46,34.2,4.59,229443.26,8.15
963373.46,34.2,4.59,229431.52,8.15
963225.99,34.21,4.6,229489.46,8.15
963068.46,34.21,4.6,229393.47,8.15
963245.09,34.23,4.61,229397.77,8.15
963008.33,34.22,4.61,229369.93,8.15
963325.91,34.24,4.62,229419.34,8.15
963017.97,34.24,4.62,229334.89,8.15
962719.84,34.24,4.63,229308.68,8.16
962421.71,34.24,4.63,229284.47,8.16
962314.14,34.25,4.63,229277.6,8.16
962015.24,34.25,4.63,229789.34,8.18
961717.11,34.25,4.64,229647.08,8.18
961605.67,34.25,4.64,230168.05,8.2
961337.49,34.26,4.64,230172.57,8.2
960841.53,34.25,4.64,229969.72,8.2
960841.53,34.25,4.64,229983.51,8.2
960841.53,34.25,4.64,229983.51,8.2
960543.4,34.25,4.64,229953.54,8.2
960245.27,34.25,4.64,230133.92,8.21
960274.41,34.26,4.65,230125.51,8.21
959978.61,34.26,4.65,229973.16,8.21
959867.94,34.27,4.65,230439.33,8.23
959569.81,34.27,4.66,230369.72,8.23
959275.05,34.27,4.66,230450.3,8.23
959006.87,34.27,4.66,230454.82,8.24
958708.75,34.27,4.66,230422.23,8.24
958410.62,34.28,4.66,230420.85,8.24
958557.29,34.29,4.67,230444.74,8.24
958256.88,34.28,4.67,230142.89,8.23
958020.12,34.28,4.66,230709.2,8.25
958169.12,34.29,4.67,230482.09,8.25
958058.45,34.29,4.68,230220.87,8.24
957790.28,34.3,4.68,230219.94,8.24
957689.3,34.3,4.69,231148.76,8.28
957689.3,34.3,4.69,231148.76,8.28
957367.5,34.3,4.68,230867.07,8.27
957574.3,34.31,4.69,231346.93,8.29
957574.3,34.31,4.69,231346.93,8.29
957357.56,34.3,4.69,231173.55,8.28
957059.43,34.3,4.69,231197.75,8.29
957088.58,34.31,4.7,231177.22,8.29
957088.58,34.31,4.7,231177.22,8.29
957235.25,34.32,4.71,231148.27,8.29
956939.45,34.33,4.71,231577.3,8.31
956939.45,34.33,4.71,231577.3,8.31
956939.45,34.33,4.71,231577.3,8.31
956939.45,34.33,4.71,231577.3,8.31
956640.54,34.33,4.71,231560.18,8.31
956530.83,34.33,4.71,231450.46,8.31
956429.85,34.33,4.72,231427.87,8.31
956309.49,34.34,4.72,231899.24,8.33
956041.32,34.34,4.73,231901.57,8.33
956041.32,34.34,4.73,231901.57,8.33
954851.13,34.35,4.73,231887.06,8.34
954740.46,34.35,4.74,232020.34,8.35
954367.56,34.34,4.73,231620.39,8.34
954367.56,34.34,4.73,231620.39,8.34
954367.56,34.34,4.73,231620.39,8.34
954170.01,34.34,4.73,231692.45,8.34
953871.88,34.34,4.73,231718.43,8.34
953871.88,34.34,4.73,231718.43,8.34
953572.2,34.34,4.73,231689.38,8.34
953304.03,34.35,4.73,231679.67,8.35
952998.41,34.35,4.73,231834.29,8.36
952617.43,34.34,4.73,231447.22,8.34
952319.3,34.34,4.73,231497.59,8.35
952021.17,34.34,4.73,231444.62,8.35
951728.21,34.34,4.73,230803.59,8.33
951728.21,34.34,4.73,230822.82,8.33
951728.21,34.34,4.73,230822.82,8.33
951346.54,34.34,4.73,230223.32,8.31
951346.54,34.34,4.73,230200.23,8.31
951048.41,34.35,4.73,230184.36,8.31
950940.84,34.35,4.74,230186.18,8.32
950940.84,34.35,4.74,230210.19,8.32
950940.84,34.35,4.74,230210.19,8.32
950641.94,34.35,4.74,230547.8,8.33
950373.77,34.36,4.74,230552.32,8.33
950373.77,34.36,4.74,230552.32,8.33
950373.77,34.36,4.74,230552.32,8.33
950373.77,34.36,4.74,230552.32,8.33
950111.66,34.36,4.74,230334.03,8.33
950111.66,34.36,4.74,230335.96,8.33
949813.54,34.36,4.75,230305.99,8.33
949515.41,34.36,4.75,230358.86,8.34
949179.71,34.36,4.75,230403.01,8.34
948881.58,34.36,4.75,230359.33,8.34
948881.58,34.36,4.75,230359.33,8.34
948774.01,34.37,4.76,230356.24,8.34
948475.11,34.37,4.76,230690.56,8.36
948475.11,34.37,4.76,230690.56,8.36
948475.11,34.37,4.76,230690.56,8.36
948176.98,34.37,4.76,230477.79,8.36
948176.98,34.37,4.76,230478.37,8.36
947877.3,34.37,4.76,230511.55,8.36
947609.13,34.38,4.76,230516.06,8.36
947609.13,34.38,4.76,230516.06,8.36
947968.14,34.39,4.78,231157.0,8.39
947586.47,34.39,4.78,229969.76,8.35
947586.47,34.39,4.78,229969.76,8.35
947586.47,34.39,4.78,229969.76,8.35
947736.76,34.4,4.79,230496.41,8.37
947736.76,34.4,4.79,230496.41,8.37
947736.76,34.4,4.79,230496.41,8.37
947438.63,34.41,4.79,230463.84,8.37
947585.31,34.42,4.8,230540.4,8.37
947427.34,34.41,4.8,230383.19,8.37
947129.22,34.41,4.8,230302.06,8.37
947021.65,34.42,4.8,230302.73,8.37
947050.01,34.43,4.81,231332.03,8.41
946683.03,34.42,4.81,231145.37,8.4
946683.03,34.42,4.81,231121.04,8.4
946414.85,34.42,4.81,231123.37,8.41
946116.73,34.43,4.81,231097.67,8.41
945838.74,34.43,4.81,231102.19,8.41
945540.61,34.43,4.81,231093.75,8.41
945569.75,34.44,4.82,231134.75,8.42
945322.37,34.44,4.83,231180.61,8.42
944977.86,34.44,4.83,230872.21,8.42
944770.33,34.44,4.82,230827.91,8.41
944770.33,34.44,4.82,230852.53,8.42
944801.79,34.45,4.83,231475.42,8.44
944504.31,34.45,4.83,230788.36,8.42
944223.23,34.45,4.84,230778.43,8.42
943955.05,34.45,4.84,230780.77,8.42
943656.93,34.46,4.84,230750.36,8.43
943358.8,34.46,4.84,230825.7,8.43
943209.08,34.46,4.85,230714.16,8.43
942910.95,34.46,4.85,230690.56,8.43
942615.15,34.47,4.85,230630.36,8.43
942334.06,34.47,4.85,231242.28,8.46
942065.89,34.47,4.86,231235.12,8.46
942065.89,34.47,4.86,231210.49,8.46
942065.89,34.47,4.86,231238.15,8.46
941767.76,34.47,4.86,231217.26,8.46
941767.76,34.47,4.86,231213.9,8.46
941469.63,34.47,4.86,231279.02,8.47
941350.83,34.48,4.86,230763.47,8.45
941230.48,34.49,4.87,231474.25,8.48
941230.48,34.49,4.87,231474.25,8.48
941230.48,34.49,4.87,231474.25,8.48
940922.54,34.49,4.87,231441.66,8.48
940473.1,34.48,4.86,231065.81,8.47
940166.06,34.48,4.86,230525.81,8.45
939868.79,34.47,4.86,230213.1,8.44
939560.21,34.47,4.86,230127.19,8.44
939560.21,34.47,4.86,230127.19,8.44
939589.35,34.48,4.87,230066.3,8.44
939589.35,34.48,4.87,230066.3,8.44
939293.55,34.49,4.87,230054.72,8.45
939012.46,34.49,4.87,230929.32,8.48
938704.52,34.49,4.87,230982.84,8.49
938881.15,34.5,4.89,230987.69,8.49
938583.02,34.5,4.89,230959.64,8.49
938491.33,34.51,4.89,230693.95,8.48
938160.54,34.51,4.89,230591.75,8.48
937862.42,34.51,4.9,230666.38,8.49
937862.42,34.51,4.9,230666.38,8.49
937564.29,34.51,4.9,230638.24,8.49
937564.29,34.51,4.9,230638.24,8.49
937268.49,34.52,4.9,230591.61,8.49
936969.58,34.52,4.9,230578.52,8.49
936671.46,34.52,4.9,230965.1,8.51
936699.05,34.53,4.91,231218.08,8.52
936430.87,34.53,4.92,231218.52,8.53
936132.75,34.53,4.92,231190.01,8.53
936132.75,34.53,4.92,231190.01,8.53
935835.48,34.53,4.91,231013.21,8.52
935864.62,34.54,4.92,231045.72,8.53
935564.2,34.53,4.91,230743.87,8.52
935564.2,34.53,4.91,230743.87,8.52
935266.08,34.53,4.91,230720.48,8.52
934970.27,34.53,4.92,230704.04,8.52
934970.27,34.53,4.92,230704.04,8.52
934998.64,34.54,4.93,231126.89,8.54
934998.64,34.54,4.93,231126.89,8.54
934998.64,34.54,4.93,231126.89,8.54
934998.64,34.54,4.93,231126.89,8.54
934700.51,34.54,4.93,230799.11,8.53
934315.71,34.54,4.92,230412.24,8.52
934016.03,34.54,4.92,230972.79,8.54
934016.03,34.54,4.92,230972.79,8.54
934192.66,34.55,4.93,230977.09,8.54
934192.66,34.55,4.93,230977.09,8.54
934192.66,34.55,4.93,230977.09,8.54
934192.66,34.55,4.93,230977.09,8.54
934192.66,34.55,4.93,230977.09,8.54
933894.53,34.55,4.93,230946.71,8.54
933784.8,34.55,4.93,230837.04,8.54
933784.8,34.55,4.93,230837.04,8.54
933813.94,34.56,4.94,230906.42,8.55
933813.94,34.56,4.94,230906.42,8.55
933606.41,34.55,4.94,230657.59,8.54
933308.28,34.55,4.94,230610.28,8.54
933200.71,34.56,4.94,230586.52,8.54
932892.77,34.56,4.95,230525.65,8.54
932517.96,34.55,4.94,230809.17,8.55
932517.96,34.55,4.94,230809.17,8.55
932219.06,34.56,4.94,230804.43,8.56
931950.89,34.56,4.94,230808.95,8.56
931627.32,34.56,4.94,230791.98,8.56
931329.2,34.56,4.95,230762.01,8.56
931031.07,34.56,4.95,230793.08,8.57
931031.07,34.56,4.95,230793.08,8.57
930732.94,34.57,4.95,230784.03,8.57
930437.14,34.57,4.95,230750.48,8.57
930279.17,34.56,4.95,230592.52,8.57
929998.09,34.57,4.95,231401.72,8.6
929729.92,34.57,4.95,231398.74,8.6
928498.15,34.57,4.96,231383.63,8.62
928498.15,34.57,4.96,231383.63,8.62
928498.15,34.57,4.96,231383.63,8.62
928200.03,34.58,4.96,231358.53,8.62
927940.37,34.58,4.96,231879.49,8.64
927602.22,34.58,4.96,231618.27,8.63
927492.33,34.59,4.97,231663.4,8.64
927492.33,34.59,4.97,231641.39,8.64
927492.33,34.59,4.97,231641.39,8.64
927334.36,34.58,4.97,231483.42,8.63
927481.04,34.59,4.98,231462.96,8.63
927373.47,34.6,4.98,231449.24,8.64
926988.66,34.59,4.97,231431.38,8.64
926988.66,34.59,4.97,231431.38,8.64
926988.66,34.59,4.97,231431.38,8.64
926689.76,34.59,4.98,231903.9,8.66
926689.76,34.59,4.98,231929.57,8.66
926392.49,34.59,4.97,231657.31,8.65
926144.2,34.59,4.97,231035.09,8.63
925846.93,34.58,4.97,230760.7,8.62
925479.6,34.58,4.97,230560.15,8.62
925626.28,34.59,4.98,230554.06,8.62
925481.43,34.59,4.97,230951.88,8.63
925481.43,34.59,4.97,230951.88,8.63
925481.43,34.59,4.97,230951.88,8.63
925361.08,34.6,4.98,230964.31,8.64
925361.08,34.6,4.98,230964.31,8.64
925361.08,34.6,4.98,230964.31,8.64
925361.08,34.6,4.98,230964.31,8.64
925361.08,34.6,4.98,230964.31,8.64
925092.91,34.6,4.98,230966.65,8.64
925092.91,34.6,4.98,230962.96,8.64
924794.78,34.6,4.98,230937.26,8.64
924496.65,34.6,4.99,230982.61,8.65
924496.65,34.6,4.99,230982.61,8.65
924198.53,34.61,4.99,230948.25,8.65
924477.58,34.62,5.0,230227.51,8.62
924370.01,34.63,5.01,230207.74,8.62
924072.52,34.63,5.01,230956.39,8.65
924072.52,34.63,5.01,230956.39,8.65
924107.05,34.64,5.02,230879.86,8.65
923808.15,34.64,5.02,230871.36,8.66
923510.02,34.64,5.02,231182.49,8.67
923210.35,34.64,5.02,231034.05,8.67
922942.17,34.64,5.03,231036.39,8.67
922644.05,34.65,5.03,231013.99,8.67
922644.05,34.65,5.03,231013.99,8.67
922534.15,34.65,5.04,231002.95,8.68
922424.26,34.66,5.04,231048.28,8.68
922128.45,34.66,5.04,231022.89,8.68
921829.55,34.66,5.05,231008.3,8.69
921531.42,34.66,5.05,231502.25,8.71
921676.55,34.68,5.06,231692.6,8.72
921408.38,34.68,5.06,231691.67,8.72
921408.38,34.68,5.06,231691.67,8.72
921033.57,34.67,5.05,231429.64,8.71
920735.45,34.67,5.05,231405.12,8.71
920437.32,34.67,5.06,231436.19,8.72
920139.19,34.68,5.06,231420.87,8.72
920139.19,34.68,5.06,231420.87,8.72
920139.19,34.68,5.06,231420.87,8.72
919843.39,34.68,5.06,231445.39,8.73
919732.72,34.68,5.07,231737.32,8.74
919732.72,34.68,5.07,231737.32,8.74
919915.42,34.7,5.08,232007.8,8.75
919626.18,34.7,5.08,232071.5,8.76
919498.6,34.71,5.09,231874.47,8.75
919230.42,34.71,5.09,231872.54,8.76
919230.42,34.71,5.09,231872.54,8.76
918967.75,34.7,5.08,231609.77,8.75
919114.42,34.71,5.1,231586.2,8.75
919004.53,34.72,5.1,231624.72,8.75
919004.53,34.72,5.1,231624.72,8.75
918706.4,34.72,5.1,231594.78,8.75
918410.6,34.72,5.11,231578.38,8.76
918410.6,34.72,5.11,231578.38,8.76
918025.79,34.72,5.1,231683.21,8.76
918025.79,34.72,5.1,231683.21,8.76
917726.89,34.72,5.1,231657.32,8.76
917428.76,34.72,5.1,231631.14,8.77
917573.89,34.73,5.11,232242.31,8.79
917305.71,34.73,5.12,232239.33,8.79
916920.91,34.73,5.11,231842.37,8.78
916920.91,34.73,5.11,231842.37,8.78
916622.78,34.73,5.11,231817.28,8.78
916324.66,34.73,5.11,231936.47,8.79
916026.53,34.73,5.11,231831.85,8.79
915747.03,34.73,5.11,231540.37,8.78
915697.03,34.72,5.1,231490.37,8.78
915854.42,34.74,5.12,231469.34,8.78
915854.42,34.74,5.12,231469.34,8.78
915471.22,34.73,5.11,231939.74,8.8
915504.42,34.74,5.12,230842.22,8.76
915725.13,34.75,5.13,230469.12,8.75
915435.91,34.75,5.13,231116.2,8.77
915182.56,34.76,5.14,230982.7,8.77
914777.71,34.75,5.13,230595.82,8.76
914954.34,34.76,5.14,230600.67,8.76
914954.34,34.76,5.14,230600.67,8.76
914636.97,34.76,5.14,230702.25,8.77
914753.97,34.77,5.15,229958.95,8.74
914369.16,34.76,5.15,229930.0,8.74
914515.84,34.78,5.16,230015.55,8.75
914515.84,34.78,5.16,230015.55,8.75
914217.71,34.78,5.16,229998.94,8.75
913951.23,34.77,5.15,230494.56,8.77
913841.34,34.78,5.16,230201.96,8.76
913791.34,34.78,5.16,230151.96,8.76
913522.26,34.78,5.16,230032.83,8.76
913254.09,34.78,5.16,230025.67,8.76
912955.96,34.79,5.17,230004.76,8.76
912298.3,34.79,5.17,230212.53,8.78
912444.97,34.8,5.18,230284.84,8.78
912137.16,34.8,5.18,231211.44,8.82
912047.93,34.81,5.19,230866.96,8.81
911898.01,34.81,5.19,230848.13,8.81
911898.01,34.81,5.19,230848.13,8.81
911788.11,34.82,5.2,230778.96,8.81
911492.31,34.82,5.2,231081.3,8.83
911492.31,34.82,5.2,231081.3,8.83
911492.31,34.82,5.2,231081.3,8.83
911492.31,34.82,5.2,231081.3,8.83
911193.4,34.82,5.2,231093.62,8.83
911231.46,34.83,5.21,231006.63,8.83
911010.4,34.83,5.21,230811.42,8.82
910722.76,34.83,5.21,231571.16,8.86
910722.76,34.83,5.21,231571.16,8.86
910722.76,34.83,5.21,231571.16,8.86
910589.75,34.84,5.22,231559.65,8.86
910321.58,34.84,5.22,231558.73,8.86
910023.45,34.84,5.22,231531.59,8.86
909913.56,34.85,5.23,231534.68,8.87
909615.43,34.85,5.23,231526.84,8.87
909615.43,34.85,5.23,231526.84,8.87
909319.62,34.85,5.23,231524.06,8.87
909436.62,34.86,5.25,231802.64,8.89
909436.62,34.86,5.25,231781.89,8.89
909137.71,34.87,5.25,232332.04,8.91
909036.73,34.87,5.25,232225.98,8.91
908664.71,34.86,5.25,231821.62,8.89
908356.13,34.87,5.25,231729.43,8.89
908220.02,34.87,5.25,231721.8,8.9
907562.36,34.87,5.26,230907.26,8.87
907294.18,34.88,5.26,230904.84,8.88
906996.06,34.88,5.26,230879.19,8.88
906996.06,34.88,5.26,230879.19,8.88
906697.93,34.88,5.26,230896.73,8.88
906697.93,34.88,5.26,230896.73,8.88
907262.94,34.92,5.3,231343.53,8.9
906964.81,34.92,5.3,231328.21,8.91
906669.01,34.92,5.3,231433.15,8.91
906931.66,34.93,5.32,232412.59,8.95
906723.54,34.93,5.31,232333.41,8.95
906455.36,34.94,5.32,232335.75,8.95
906126.71,34.93,5.32,232131.18,8.95
906126.71,34.93,5.32,232157.74,8.95
906126.71,34.93,5.32,232157.74,8.95
906273.38,34.95,5.33,232132.2,8.95
905888.58,34.94,5.32,232209.29,8.96
906206.15,34.95,5.34,232156.62,8.95
905881.5,34.95,5.33,232124.94,8.95
905881.5,34.95,5.33,232124.94,8.95
905881.5,34.95,5.33,232124.94,8.95
903526.44,34.96,5.35,232074.4,8.98
903555.58,34.97,5.36,232578.69,9.0
903259.77,34.98,5.36,232482.91,9.0
903259.77,34.98,5.36,232482.91,9.0
903149.1,34.98,5.36,232247.1,9.0
902880.93,34.99,5.37,232249.44,9.0
902723.18,34.98,5.36,232096.7,8.99
902622.2,34.99,5.37,232014.57,8.99
902622.2,34.99,5.37,232014.57,8.99
902758.41,35.0,5.38,233421.98,9.05
902408.05,34.99,5.37,233051.41,9.04
902408.05,34.99,5.37,233051.41,9.04
902298.16,35.0,5.38,233033.3,9.04
902000.03,35.0,5.38,233017.97,9.04
901701.9,35.0,5.38,233029.7,9.05
901701.9,35.0,5.38,233029.7,9.05
901406.1,35.01,5.39,233016.11,9.05
901107.2,35.01,5.39,233303.65,9.06
901262.78,35.02,5.4,233473.49,9.07
900954.19,35.02,5.4,233559.57,9.08
900818.87,35.03,5.41,234113.35,9.1
900589.04,35.03,5.41,234410.03,9.12
900201.43,35.03,5.41,234029.42,9.11
899960.38,35.04,5.42,234708.37,9.14
899692.2,35.04,5.42,234710.71,9.14
899692.2,35.04,5.42,234710.71,9.14
899394.07,35.04,5.42,234680.3,9.14
899394.07,35.04,5.42,234680.3,9.14
899147.41,35.04,5.42,234506.56,9.14
898849.28,35.04,5.42,234683.16,9.15
898849.28,35.04,5.42,234665.99,9.15
899128.33,35.05,5.43,233944.81,9.12
899128.33,35.05,5.43,233961.81,9.12
899275.01,35.06,5.45,233959.82,9.12
899275.01,35.06,5.45,233959.82,9.12
898977.53,35.07,5.45,234706.69,9.16
898633.21,35.07,5.45,234287.93,9.14
898479.46,35.06,5.45,234106.96,9.14
898201.47,35.07,5.45,234111.47,9.14
897905.67,35.07,5.45,235198.29,9.19
897905.67,35.07,5.45,235198.29,9.19
897637.49,35.07,5.46,235200.62,9.19
897339.37,35.07,5.46,235170.22,9.19
897339.37,35.07,5.46,235170.22,9.19
897058.28,35.08,5.46,234522.27,9.17
897058.28,35.08,5.46,234522.27,9.17
896760.15,35.08,5.46,234562.5,9.18
896760.15,35.08,5.46,234562.5,9.18
896760.15,35.08,5.46,234542.07,9.17
896462.03,35.08,5.46,234720.48,9.19
896462.03,35.08,5.46,234720.48,9.19
896462.03,35.08,5.46,234720.48,9.19
896166.22,35.08,5.47,234633.7,9.19
895922.19,35.09,5.47,234825.06,9.2
895654.02,35.09,5.47,234809.92,9.2
895654.02,35.09,5.47,234809.92,9.2
895355.89,35.09,5.48,234867.3,9.21
894986.46,35.08,5.47,234532.35,9.19
894946.93,35.09,5.47,234518.12,9.2
894648.81,35.09,5.48,234479.49,9.2
894555.96,35.1,5.48,234449.35,9.2
894702.63,35.11,5.5,234417.8,9.2
894702.63,35.11,5.5,234417.8,9.2
894327.83,35.11,5.49,234805.15,9.22
894327.83,35.11,5.49,234805.15,9.22
894327.83,35.11,5.49,234827.97,9.22
894476.83,35.12,5.5,234784.92,9.22
894208.65,35.12,5.5,234789.44,9.22
893910.53,35.12,5.51,234767.92,9.22
892719.56,35.13,5.51,234899.52,9.24
892438.48,35.13,5.52,234668.27,9.24
892140.35,35.14,5.52,234626.9,9.24
891832.41,35.14,5.52,234602.31,9.24
891590.45,35.14,5.52,234008.47,9.22
891590.45,35.14,5.52,234004.68,9.22
891480.71,35.14,5.52,233895.01,9.22
891181.04,35.14,5.52,233771.24,9.22
890681.76,35.14,5.52,233545.2,9.21
890683.79,35.14,5.52,234895.01,9.27
890525.82,35.14,5.52,234741.59,9.26
890699.1,35.15,5.53,235482.4,9.29
890699.1,35.15,5.53,235482.4,9.29
890699.1,35.15,5.53,235482.4,9.29
890541.26,35.15,5.53,235333.65,9.29
890261.38,35.15,5.53,235147.94,9.28
889993.2,35.15,5.53,235129.92,9.29
889695.08,35.16,5.54,235186.99,9.29
889396.95,35.16,5.54,235143.13,9.3
889098.82,35.16,5.54,235115.52,9.3
888803.02,35.16,5.54,235734.52,9.33
888803.02,35.16,5.54,235734.52,9.33
888656.84,35.17,5.55,235214.64,9.31
888656.84,35.17,5.55,235214.64,9.31
888656.84,35.17,5.55,235214.64,9.31
888177.82,35.16,5.54,234754.67,9.29
888297.51,35.17,5.55,235002.55,9.3
888100.26,35.17,5.55,234823.25,9.3
888100.26,35.17,5.55,234823.25,9.3
888100.26,35.17,5.55,234823.25,9.3
887819.17,35.17,5.55,234798.85,9.3
887551.0,35.17,5.55,234783.63,9.3
887314.24,35.17,5.55,234737.55,9.3
887016.11,35.17,5.55,234724.74,9.31
887045.26,35.18,5.56,234780.48,9.31
887045.26,35.18,5.56,234780.48,9.31
886737.32,35.18,5.56,234825.01,9.32
886439.19,35.18,5.57,234791.71,9.32
886143.38,35.19,5.57,235480.45,9.35
886143.38,35.19,5.57,235480.45,9.35
886054.15,35.19,5.58,235004.96,9.33
885715.99,35.19,5.58,235055.39,9.34
885762.18,35.21,5.59,235058.05,9.34
885494.01,35.21,5.59,235054.97,9.35
885523.15,35.22,5.6,235031.29,9.35
885523.15,35.22,5.6,235031.29,9.35
885225.02,35.22,5.6,235192.82,9.36
885371.7,35.23,5.61,235051.91,9.35
885371.7,35.23,5.61,235051.91,9.35
885371.7,35.23,5.61,235051.91,9.35
885075.89,35.24,5.62,235253.47,9.37
884807.72,35.24,5.62,235257.99,9.37
884521.43,35.23,5.61,236380.29,9.42
884223.3,35.24,5.62,236350.32,9.42
884223.3,35.24,5.62,236350.32,9.42
883925.17,35.24,5.62,236401.18,9.42
883627.04,35.24,5.62,236365.52,9.43
883537.56,35.24,5.62,235272.1,9.38
883241.76,35.24,5.62,235249.92,9.39
883241.76,35.24,5.62,235249.92,9.39
882942.85,35.24,5.62,235487.07,9.4
882942.85,35.24,5.62,235487.07,9.4
883044.61,35.26,5.64,236024.66,9.42
882720.95,35.26,5.64,235807.09,9.42
882479.5,35.26,5.64,237003.97,9.47
882190.28,35.26,5.64,236893.89,9.47
881881.7,35.27,5.65,236748.72,9.47
881881.7,35.27,5.65,236748.72,9.47
881613.52,35.27,5.65,236751.05,9.47
881613.52,35.27,5.65,236751.05,9.47
881315.4,35.27,5.65,236728.66,9.47
881017.27,35.27,5.65,236764.16,9.48
880719.14,35.28,5.66,236732.72,9.48
880423.34,35.28,5.66,236714.84,9.49
880124.43,35.28,5.66,236813.33,9.49
879826.31,35.28,5.66,236803.94,9.5
879526.63,35.28,5.66,236698.19,9.5
879526.63,35.28,5.66,236698.19,9.5
879258.46,35.29,5.67,236697.26,9.5
879258.46,35.29,5.67,236697.26,9.5
879258.46,35.29,5.67,236697.26,9.5
879405.13,35.3,5.68,236672.1,9.5
879107.0,35.3,5.68,236722.16,9.51
878997.11,35.31,5.69,236676.16,9.51
878701.31,35.31,5.69,236668.23,9.51
878402.4,35.31,5.69,237076.28,9.53
878134.23,35.32,5.7,237068.85,9.53
878024.34,35.32,5.7,237174.48,9.54
877724.66,35.33,5.71,237279.4,9.55
877724.66,35.33,5.71,237279.4,9.55
877426.53,35.33,5.71,237425.28,9.56
874867.98,35.34,5.73,237377.46,9.59
874569.85,35.34,5.73,237207.47,9.59
874569.85,35.34,5.73,237207.47,9.59
874569.85,35.34,5.73,237207.47,9.59
874271.72,35.34,5.73,237203.46,9.59
874061.8,35.34,5.73,236986.39,9.58
873765.99,35.34,5.73,237861.42,9.62
873765.99,35.34,5.73,237861.42,9.62
873765.99,35.34,5.73,237879.82,9.62
873497.82,35.35,5.73,237884.33,9.63
873497.82,35.35,5.73,237862.08,9.62
873199.69,35.35,5.73,237832.11,9.63
872918.61,35.35,5.74,237415.86,9.61
872610.67,35.35,5.74,237392.4,9.62
872330.74,35.36,5.74,237212.76,9.61
872032.62,35.36,5.74,237547.71,9.63
871696.92,35.36,5.74,237253.58,9.62
871398.79,35.36,5.75,237170.54,9.62
871093.17,35.36,5.75,237132.56,9.63
870846.51,35.36,5.74,237069.06,9.63
870550.71,35.36,5.75,236969.51,9.63
870282.53,35.36,5.75,236974.03,9.63
870001.45,35.37,5.75,237462.84,9.65
870001.45,35.37,5.75,237462.84,9.65
869703.32,35.37,5.75,237432.87,9.66
869850.0,35.38,5.77,237481.31,9.66
869850.0,35.38,5.77,237505.47,9.66
869551.87,35.38,5.77,237452.74,9.66
869256.06,35.39,5.77,237465.17,9.67
869256.06,35.39,5.77,237448.13,9.67
868871.26,35.38,5.76,238123.5,9.7
869089.21,35.39,5.78,238217.83,9.7
869089.21,35.39,5.78,238237.23,9.7
869265.84,35.41,5.79,238242.08,9.7
869265.84,35.41,5.79,238242.08,9.7
868881.04,35.4,5.78,238213.13,9.7
869027.71,35.41,5.8,238277.05,9.71
868747.79,35.41,5.8,237727.98,9.69
868600.32,35.42,5.8,237798.43,9.7
868600.32,35.42,5.8,237769.46,9.7
868215.52,35.41,5.8,237735.99,9.7
868215.52,35.41,5.8,237735.99,9.7
868215.52,35.41,5.8,237735.99,9.7
867917.39,35.41,5.8,237698.28,9.7
868064.07,35.43,5.81,238826.7,9.75
868064.07,35.43,5.81,238826.7,9.75
867718.0,35.42,5.8,239147.93,9.76
867449.82,35.42,5.81,239152.45,9.77
867596.5,35.43,5.82,239127.04,9.77
867442.75,35.43,5.82,239177.47,9.77
867144.62,35.43,5.82,239119.97,9.77
867144.62,35.43,5.82,239150.72,9.77
866846.49,35.44,5.82,239144.24,9.78
866548.24,35.44,5.82,238665.39,9.76
866260.68,35.44,5.83,238930.02,9.78
866415.89,35.46,5.84,237761.1,9.73
866174.44,35.46,5.84,239208.35,9.79
866417.56,35.48,5.86,239064.28,9.79
866417.56,35.48,5.86,239064.28,9.79
866121.75,35.48,5.86,239847.36,9.82
866339.7,35.49,5.88,240156.41,9.84
866030.99,35.5,5.88,240593.2,9.86
865753.0,35.5,5.88,240578.06,9.86
865753.0,35.5,5.88,240556.67,9.86
865753.0,35.5,5.88,240556.67,9.86
865929.63,35.51,5.9,240561.52,9.87
865929.63,35.51,5.9,240561.52,9.87
865929.63,35.51,5.9,240561.52,9.87
865929.63,35.51,5.9,240561.52,9.87
865544.83,35.5,5.89,240535.72,9.87
865544.83,35.5,5.89,240560.83,9.87
865242.83,35.51,5.89,240224.92,9.86
865242.83,35.51,5.89,240224.92,9.86
865389.5,35.52,5.9,240307.31,9.86
865091.37,35.52,5.91,240247.68,9.86
865091.37,35.52,5.91,240247.68,9.86
865091.37,35.52,5.91,240265.9,9.87
864981.35,35.53,5.91,239474.31,9.84
864981.35,35.53,5.91,239474.31,9.84
864704.5,35.53,5.92,240176.98,9.87
864406.37,35.53,5.92,240148.23,9.87
864406.37,35.53,5.92,240148.23,9.87
864112.77,35.54,5.92,240148.51,9.88
863816.96,35.54,5.92,241080.36,9.92
863816.96,35.54,5.92,241058.28,9.92
863540.23,35.53,5.92,241082.43,9.92
863539.7,35.55,5.93,240514.48,9.9
863186.69,35.55,5.93,239723.08,9.87
863186.69,35.55,5.93,239749.49,9.87
862805.03,35.55,5.93,239727.76,9.88
862536.85,35.55,5.93,239724.68,9.88
862238.73,35.55,5.94,239700.25,9.88
862238.73,35.55,5.94,239718.89,9.88
861940.6,35.55,5.94,239812.49,9.89
861642.47,35.56,5.94,239739.47,9.89
861890.4,35.57,5.96,241074.03,9.95
861622.23,35.57,5.96,241078.55,9.95
861622.23,35.57,5.96,241059.91,9.95
861324.1,35.58,5.96,241027.32,9.96
861231.25,35.58,5.97,240378.35,9.93
861231.25,35.58,5.97,240384.77,9.93
861231.25,35.58,5.97,240384.77,9.93
860958.48,35.58,5.96,239858.72,9.91
860660.35,35.58,5.97,239973.37,9.92
860362.22,35.59,5.97,239934.26,9.92
860066.42,35.59,5.97,239878.46,9.93
860066.42,35.59,5.97,239896.89,9.93
860066.42,35.59,5.97,239893.73,9.93
859785.33,35.59,5.97,240482.18,9.95
859844.43,35.6,5.99,240483.53,9.96
859582.84,35.61,5.99,239836.23,9.93
859582.84,35.61,5.99,239836.23,9.93
859729.52,35.62,6.0,239810.1,9.94
859431.39,35.62,6.01,239878.17,9.94
859331.44,35.63,6.01,240628.79,9.98
859331.44,35.63,6.01,240628.79,9.98
859331.44,35.63,6.01,240628.79,9.98
859331.44,35.63,6.01,240628.79,9.98
859023.5,35.63,6.02,240615.87,9.98
858643.47,35.63,6.02,240254.04,9.97
858485.5,35.63,6.01,240096.83,9.96
858178.47,35.63,6.01,239519.1,9.94
858178.47,35.63,6.01,239519.1,9.94
858178.47,35.63,6.01,239496.83,9.94
858058.11,35.64,6.02,239631.53,9.95
857673.31,35.63,6.01,239589.03,9.95
857375.18,35.63,6.01,239554.71,9.95
857079.38,35.63,6.01,239850.62,9.97
856798.3,35.63,6.02,240005.35,9.98
856530.12,35.64,6.02,240009.87,9.99
856232.85,35.63,6.01,239651.24,9.97
855934.73,35.63,6.02,239618.65,9.98
855934.73,35.63,6.02,239618.65,9.98
855690.7,35.64,6.02,239962.31,9.99
855392.57,35.64,6.02,240124.89,10.0
855020.97,35.64,6.02,239762.21,9.99
855167.65,35.65,6.04,239650.76,9.99
854898.57,35.66,6.04,239761.3,10.0
854590.63,35.66,6.04,240005.78,10.01
854590.63,35.66,6.04,240005.78,10.01
854590.63,35.66,6.04,240005.78,10.01
854767.26,35.67,6.06,240010.63,10.02
854392.46,35.66,6.05,239981.71,10.02
854392.46,35.66,6.05,240008.12,10.02
854094.33,35.67,6.05,240075.32,10.03
853840.75,35.67,6.05,241205.99,10.08
853840.75,35.67,6.05,241205.99,10.08
853971.48,35.68,6.07,240223.78,10.04
854000.62,35.7,6.08,240176.74,10.04
853828.13,35.7,6.08,240954.63,10.07
853828.13,35.7,6.08,240954.63,10.07
853438.59,35.69,6.07,240506.2,10.06
853140.46,35.69,6.08,240476.12,10.06
852844.66,35.7,6.08,241409.92,10.1
852686.69,35.69,6.07,241256.5,10.1
852686.69,35.69,6.07,241256.5,10.1
852576.02,35.7,6.08,240736.25,10.08
852576.02,35.7,6.08,240736.25,10.08
852740.0,35.71,6.09,240419.96,10.07
852740.0,35.71,6.09,240419.96,10.07
852452.75,35.72,6.1,241396.99,10.11
852184.58,35.72,6.1,241381.85,10.12
852074.68,35.73,6.11,241369.63,10.12
851776.55,35.73,6.11,241391.96,10.13
851483.2,35.72,6.1,241119.91,10.12
851185.07,35.72,6.11,241117.36,10.12
850889.27,35.73,6.11,241089.2,10.12
850917.64,35.74,6.12,241456.08,10.14
850619.51,35.74,6.12,241167.12,10.13
850619.51,35.74,6.12,241167.12,10.13
850351.34,35.74,6.13,241169.45,10.14
850080.07,35.74,6.12,240836.48,10.12
850225.2,35.75,6.13,241495.32,10.15
850225.2,35.75,6.13,241495.32,10.15
850225.2,35.75,6.13,241495.32,10.15
850115.31,35.76,6.14,241477.21,10.16
850005.41,35.77,6.15,241462.6,10.16
850005.41,35.77,6.15,241462.6,10.16
849816.64,35.76,6.14,241304.72,10.15
849816.64,35.76,6.14,241304.72,10.15
849963.32,35.77,6.16,241347.91,10.16
849963.32,35.77,6.16,241329.15,10.16
849667.51,35.78,6.16,241301.88,10.16
849368.61,35.78,6.16,241597.4,10.18
849397.75,35.79,6.17,241768.03,10.19
849397.75,35.79,6.17,241768.03,10.19
849397.75,35.79,6.17,241768.03,10.19
849098.07,35.79,6.17,242415.12,10.22
849098.07,35.79,6.17,242435.48,10.22
848829.9,35.8,6.18,242435.92,10.22
848720.01,35.8,6.19,242416.41,10.23
848720.01,35.8,6.19,242416.41,10.23
848421.88,35.81,6.19,242453.18,10.23
848421.88,35.81,6.19,242441.06,10.23
848113.94,35.81,6.19,242351.26,10.23
847815.81,35.81,6.19,242315.14,10.24
847520.01,35.81,6.2,242297.66,10.24
847221.1,35.82,6.2,242718.09,10.26
846923.83,35.81,6.19,242301.15,10.24
846923.83,35.81,6.19,242301.15,10.24
846687.08,35.8,6.18,242186.23,10.24
846424.97,35.81,6.19,242120.12,10.24
846089.27,35.81,6.19,241939.13,10.24
846089.27,35.81,6.19,241939.13,10.24
846089.27,35.81,6.19,241939.13,10.24
845821.1,35.81,6.19,241939.57,10.24
845522.97,35.82,6.2,241915.77,10.25
845768.58,35.83,6.21,241949.56,10.25
845768.58,35.83,6.21,241949.56,10.25
845432.89,35.82,6.2,241925.16,10.25
845134.77,35.83,6.21,241904.36,10.25
845134.77,35.83,6.21,241904.36,10.25
844838.96,35.83,6.21,242047.02,10.26
844838.96,35.83,6.21,242047.44,10.26
844540.06,35.83,6.21,241965.5,10.27
844241.93,35.83,6.21,242233.83,10.28
844387.06,35.85,6.23,242441.32,10.29
844118.88,35.85,6.23,242438.24,10.3
844148.03,35.86,6.24,242414.56,10.3
844038.13,35.87,6.25,242477.9,10.3
843740.65,35.87,6.25,241767.89,10.28
843740.65,35.87,6.25,241787.3,10.28
843740.65,35.87,6.25,241787.3,10.28
843353.04,35.87,6.25,241619.32,10.28
843243.15,35.88,6.26,241583.24,10.28
843243.15,35.88,6.26,241583.24,10.28
842953.95,35.87,6.25,241328.19,10.27
842658.15,35.87,6.25,241297.18,10.27
842658.15,35.87,6.25,241297.18,10.27
842658.15,35.87,6.25,241297.18,10.27
842658.15,35.87,6.25,241297.18,10.27
842359.24,35.88,6.26,241634.46,10.29
841974.87,35.87,6.25,241349.82,10.28
841864.98,35.88,6.26,241596.91,10.3
841565.3,35.88,6.26,241868.08,10.31
841429.97,35.88,6.27,241843.14,10.31
841161.8,35.89,6.27,241845.47,10.32
840863.67,35.89,6.27,241819.78,10.32
840863.67,35.89,6.27,241819.78,10.32
840863.67,35.89,6.27,241819.78,10.32
840565.54,35.89,6.27,241866.61,10.33
840565.54,35.89,6.27,241866.61,10.33
840267.42,35.9,6.28,241833.59,10.33
840267.42,35.9,6.28,241833.59,10.33
839971.61,35.9,6.28,241857.96,10.34
839971.61,35.9,6.28,241872.05,10.34
839971.61,35.9,6.28,241872.05,10.34
839672.71,35.9,6.28,241938.78,10.34
838676.58,35.87,6.25,240941.62,10.31
838676.58,35.87,6.25,240941.62,10.31
838387.36,35.88,6.26,240862.47,10.31
838409.84,35.89,6.27,241138.92,10.32
838141.67,35.89,6.27,241135.94,10.33
837836.05,35.89,6.27,241102.96,10.33
837537.93,35.9,6.28,241148.2,10.34
837537.93,35.9,6.28,241148.2,10.34
837537.93,35.9,6.28,241148.2,10.34
837239.8,35.9,6.28,241093.77,10.34
836941.67,35.9,6.28,241086.14,10.34
836645.87,35.9,6.28,241303.16,10.36
836645.87,35.9,6.28,241303.16,10.36
836645.87,35.9,6.28,241303.16,10.36
836346.96,35.91,6.29,241149.67,10.35
836237.07,35.91,6.29,241111.95,10.36
835937.39,35.92,6.3,241242.01,10.37
835669.22,35.92,6.3,241240.75,10.37
835371.09,35.92,6.3,241213.94,10.37
835071.03,35.93,6.31,240843.45,10.36
834773.76,35.92,6.3,240477.7,10.35
834773.76,35.92,6.3,240477.7,10.35
834663.86,35.93,6.31,240706.14,10.36
834365.74,35.93,6.31,240693.32,10.36
834048.37,35.93,6.31,240613.47,10.37
833752.57,35.93,6.31,240548.91,10.37
833484.39,35.94,6.32,240551.25,10.37
833186.27,35.94,6.32,240528.85,10.38
832888.14,35.94,6.32,240517.1,10.38
832587.07,35.93,6.31,240217.71,10.37
830232.01,35.96,6.34,240167.18,10.4
830378.68,35.97,6.35,240178.58,10.4
830163.84,35.97,6.34,239966.64,10.4
829868.04,35.97,6.35,239970.69,10.4
827512.97,35.99,6.37,239920.15,10.43
827214.07,35.99,6.37,240547.48,10.47
824655.51,36.01,6.39,240499.65,10.5
824387.34,36.01,6.4,240504.17,10.51
824089.21,36.01,6.4,240482.66,10.51
823870.28,36.01,6.4,240159.82,10.5
823572.15,36.01,6.4,240147.36,10.5
823572.15,36.01,6.4,240147.36,10.5
823274.02,36.01,6.4,240162.13,10.51
823423.02,36.03,6.42,240956.29,10.54
823423.02,36.03,6.42,240956.29,10.54
823064.94,36.02,6.41,241018.24,10.55
822972.09,36.03,6.42,240980.49,10.55
822703.92,36.03,6.42,240979.23,10.55
822380.36,36.04,6.42,241006.52,10.56
822509.73,36.05,6.44,241755.84,10.6
822389.38,36.06,6.44,241827.57,10.6
822091.25,36.06,6.45,241800.75,10.61
821793.12,36.06,6.45,241977.36,10.62
821500.16,36.06,6.45,242065.85,10.63
821381.36,36.07,6.46,241801.29,10.62
821072.77,36.07,6.46,242124.43,10.64
821101.91,36.09,6.47,242113.42,10.64
821133.38,36.1,6.48,242080.62,10.64
820852.29,36.1,6.49,243227.42,10.7
820544.48,36.1,6.49,242442.92,10.67
820276.31,36.11,6.49,242447.44,10.67
819978.18,36.11,6.5,242422.85,10.68
819592.95,36.1,6.49,242080.65,10.66
819294.82,36.1,6.49,242112.89,10.67
818996.69,36.11,6.49,242077.7,10.67
818889.12,36.11,6.5,242067.76,10.68
818889.12,36.11,6.5,242067.76,10.68
818719.42,36.11,6.5,241895.34,10.67
818719.42,36.11,6.5,241895.34,10.67
818852.81,36.13,6.51,242548.65,10.7
819029.92,36.14,6.52,242638.99,10.71
818731.02,36.14,6.53,242868.68,10.72
818731.02,36.14,6.53,242868.68,10.72
818731.02,36.14,6.53,242868.68,10.72
818432.89,36.14,6.53,242699.52,10.72
818432.89,36.14,6.53,242699.52,10.72
818133.22,36.15,6.53,242809.06,10.73
817855.23,36.15,6.54,242813.58,10.73
817587.06,36.15,6.54,242810.6,10.74
817587.06,36.15,6.54,242810.6,10.74
817038.18,36.14,6.53,242397.5,10.72
816740.05,36.15,6.53,242372.4,10.73
816441.93,36.15,6.54,242483.56,10.74
816679.54,36.16,6.55,242368.46,10.73
816679.54,36.16,6.55,242368.46,10.73
816571.97,36.17,6.56,242556.18,10.74
816273.07,36.18,6.56,242393.24,10.74
816273.07,36.18,6.56,242393.24,10.74
815983.85,36.18,6.56,243100.36,10.78
815983.85,36.18,6.56,243100.36,10.78
815863.49,36.19,6.57,243220.74,10.79
815525.89,36.18,6.57,242909.04,10.78
815257.72,36.18,6.57,242901.62,10.78
815257.72,36.18,6.57,242901.62,10.78
815257.72,36.18,6.57,242901.62,10.78
815147.83,36.19,6.58,242881.69,10.78
814989.86,36.19,6.57,242723.72,10.78
814989.86,36.19,6.57,242723.72,10.78
815019.0,36.2,6.58,242834.5,10.79
814811.47,36.19,6.58,242743.19,10.78
815069.14,36.21,6.59,242741.84,10.78
814508.91,36.2,6.59,242438.57,10.78
814533.76,36.21,6.59,242434.23,10.78
814423.86,36.21,6.6,242408.43,10.78
814128.06,36.22,6.6,242814.5,10.8
813846.97,36.22,6.61,242821.7,10.81
814047.75,36.24,6.62,242709.78,10.8
813731.34,36.24,6.62,243401.53,10.84
813907.97,36.25,6.64,243405.82,10.84
813609.84,36.26,6.64,243375.44,10.85
813609.84,36.26,6.64,243375.44,10.85
813311.72,36.26,6.64,243484.33,10.86
810956.65,36.28,6.67,243433.8,10.89
810658.52,36.29,6.67,243347.21,10.89
810658.52,36.29,6.67,243347.21,10.89
810283.72,36.28,6.66,243179.09,10.89
809898.91,36.27,6.65,243149.52,10.89
809898.91,36.27,6.65,243149.52,10.89
809712.72,36.26,6.65,242949.57,10.88
809416.92,36.27,6.65,243369.4,10.9
809416.92,36.27,6.65,243394.47,10.91
809306.25,36.28,6.66,243142.8,10.9
809306.25,36.28,6.66,243117.72,10.9
809017.03,36.28,6.66,242998.56,10.9
808896.68,36.29,6.67,243367.37,10.92
808628.5,36.29,6.67,243366.11,10.92
808330.37,36.29,6.68,243339.3,10.93
808032.25,36.3,6.68,243395.66,10.93
808032.25,36.3,6.68,243423.97,10.93
808032.25,36.3,6.68,243423.97,10.93
808277.86,36.31,6.7,243385.25,10.93
807942.17,36.31,6.69,243360.91,10.94
807646.36,36.31,6.69,243798.25,10.96
807365.28,36.31,6.69,243715.11,10.96
807097.11,36.32,6.7,243717.44,10.97
806798.98,36.32,6.7,243687.04,10.97
807035.68,36.33,6.72,243417.13,10.96
806915.32,36.34,6.73,244266.87,11.0
806617.2,36.35,6.73,244347.44,11.01
806617.2,36.35,6.73,244347.44,11.01
806617.2,36.35,6.73,244347.44,11.01
806507.3,36.35,6.74,244286.27,11.01
806507.3,36.35,6.74,244286.27,11.01
806507.3,36.35,6.74,244287.26,11.01
806199.36,36.36,6.74,244265.75,11.02
806199.36,36.36,6.74,244265.75,11.02
805903.56,36.36,6.74,244243.16,11.02
805604.66,36.36,6.75,244245.75,11.02
805494.76,36.37,6.75,244700.35,11.05
805171.2,36.37,6.76,244677.41,11.05
805171.2,36.37,6.76,244677.41,11.05
805171.2,36.37,6.76,244677.41,11.05
804871.52,36.38,6.76,244549.3,11.05
804664.4,36.37,6.75,244245.88,11.04
804396.23,36.38,6.76,244248.21,11.05
804396.23,36.38,6.76,244248.21,11.05
804098.1,36.38,6.76,244217.81,11.05
803802.31,36.37,6.75,244009.44,11.04
803504.18,36.37,6.76,244028.57,11.05
803206.05,36.38,6.76,244002.21,11.05
803206.05,36.38,6.76,244002.21,11.05
803206.05,36.38,6.76,244002.21,11.05
802623.31,36.36,6.74,243421.53,11.03
802327.51,36.36,6.75,243904.8,11.05
802499.62,36.38,6.76,244448.09,11.08
802499.62,36.38,6.76,244448.09,11.08
802231.45,36.38,6.77,244450.42,11.09
802139.76,36.39,6.77,244150.96,11.08
801851.4,36.4,6.78,244075.2,11.08
801553.27,36.4,6.78,244044.79,11.08
801274.5,36.39,6.77,243788.23,11.07
801274.5,36.39,6.77,243788.23,11.07
800976.37,36.39,6.78,243791.82,11.08
800866.48,36.4,6.78,243786.48,11.08
801023.87,36.42,6.8,243783.54,11.08
800650.67,36.41,6.79,243876.22,11.09
800679.04,36.42,6.8,243862.28,11.09
800380.91,36.42,6.81,244435.21,11.12
800526.04,36.44,6.82,244678.52,11.14
800257.87,36.44,6.82,244683.04,11.14
800257.87,36.44,6.82,244721.5,11.14
800257.87,36.44,6.82,244690.58,11.14
799959.74,36.44,6.83,244657.99,11.15
799959.74,36.44,6.83,244690.04,11.15
799661.61,36.45,6.83,244755.45,11.16
799363.48,36.45,6.83,244703.81,11.16
799363.48,36.45,6.83,244670.74,11.16
799363.48,36.45,6.83,244710.3,11.16
799067.68,36.45,6.84,244895.45,11.17
798768.78,36.46,6.84,244850.51,11.18
798658.88,36.47,6.85,244731.91,11.17
798350.94,36.47,6.85,244795.06,11.18
798051.26,36.47,6.85,244924.32,11.19
797670.26,36.46,6.84,244647.85,11.18
797537.25,36.47,6.85,244635.59,11.19
796541.12,36.44,6.82,243638.29,11.15
796272.95,36.44,6.83,243640.63,11.15
796272.95,36.44,6.83,243640.63,11.15
796114.99,36.44,6.82,243483.3,11.14
795816.86,36.44,6.83,243460.91,11.15
795518.73,36.45,6.83,243493.14,11.16
795220.6,36.45,6.83,243476.18,11.16
795220.6,36.45,6.83,243476.18,11.16
794924.8,36.45,6.83,243443.99,11.16
794725.5,36.45,6.83,243267.72,11.16
794970.34,36.46,6.85,243819.8,11.18
794860.44,36.47,6.85,243741.99,11.18
794560.76,36.47,6.86,243822.44,11.19
794560.76,36.47,6.86,243822.44,11.19
794292.59,36.48,6.86,243822.88,11.2
794292.59,36.48,6.86,243822.88,11.2
794292.59,36.48,6.86,243822.88,11.2
794292.59,36.48,6.86,243822.88,11.2
794292.59,36.48,6.86,243822.88,11.2
794292.59,36.48,6.86,243822.88,11.2
793994.46,36.48,6.86,243794.37,11.2
793994.46,36.48,6.86,243794.37,11.2
793994.46,36.48,6.86,243794.37,11.2
793696.34,36.49,6.87,243821.85,11.21
793398.21,36.49,6.87,243800.79,11.21
793062.52,36.48,6.86,243629.07,11.21
792738.18,36.48,6.87,243805.25,11.22
792442.38,36.49,6.87,243791.01,11.22
792442.38,36.49,6.87,243791.01,11.22
792143.47,36.49,6.87,243893.81,11.23
792143.47,36.49,6.87,243893.81,11.23
791845.35,36.49,6.87,243781.65,11.23
791545.67,36.49,6.88,243776.36,11.24
791277.5,36.5,6.88,243778.69,11.24
791306.64,36.51,6.89,243749.6,11.25
791196.74,36.52,6.9,243808.44,11.25
791196.74,36.52,6.9,243808.44,11.25
791196.74,36.52,6.9,243808.44,11.25
791343.42,36.53,6.92,243777.45,11.25
791235.85,36.54,6.93,243752.69,11.26
791235.85,36.54,6.93,243752.69,11.26
791235.85,36.54,6.93,243752.69,11.26
791235.85,36.54,6.93,243752.69,11.26
790936.95,36.55,6.93,244214.61,11.28
790827.05,36.56,6.94,244420.14,11.3
790527.38,36.56,6.94,244690.0,11.32
790259.2,36.56,6.94,244690.44,11.32
789951.26,36.57,6.95,244661.1,11.32
789653.13,36.57,6.95,244633.13,11.33
789543.24,36.58,6.96,244666.63,11.33
787188.17,36.6,6.98,244616.1,11.37
786890.04,36.61,6.99,244605.69,11.38
786594.24,36.61,6.99,244575.76,11.38
786295.34,36.61,6.99,244569.74,11.39
786185.44,36.62,7.0,244984.02,11.41
785885.77,36.63,7.01,244896.71,11.41
785617.59,36.63,7.01,244881.49,11.42
785617.59,36.63,7.01,244881.49,11.42
785617.59,36.63,7.01,244881.49,11.42
785617.59,36.63,7.01,244881.49,11.42
785738.38,36.64,7.03,244909.4,11.42
785738.38,36.64,7.03,244909.4,11.42
785376.86,36.64,7.03,245072.67,11.43
785268.89,36.64,7.02,244964.82,11.43
784970.77,36.64,7.03,244940.56,11.43
784589.1,36.64,7.02,244564.98,11.42
784290.97,36.65,7.03,244544.68,11.43
784290.97,36.65,7.03,244544.68,11.43
784183.4,36.66,7.04,244605.38,11.43
784183.4,36.66,7.04,244605.38,11.43
783884.5,36.66,7.04,244573.55,11.44
783913.64,36.67,7.05,244536.55,11.44
783613.96,36.68,7.05,245489.35,11.49
783290.4,36.68,7.06,245528.48,11.5
783022.23,36.68,7.06,245533.0,11.5
782732.36,36.69,7.07,245594.58,11.51
782434.23,36.69,7.07,245573.07,11.51
782136.11,36.69,7.07,245558.25,11.52
782136.11,36.69,7.07,245558.25,11.52
781837.98,36.69,7.08,245575.38,11.53
781568.9,36.7,7.08,245696.66,11.54
781628.0,36.71,7.09,245698.0,11.54
781628.0,36.71,7.09,245698.0,11.54
781628.0,36.71,7.09,245698.0,11.54
781748.79,36.73,7.11,245671.58,11.54
781748.79,36.73,7.11,245671.58,11.54
781450.66,36.73,7.11,245722.49,11.55
781450.66,36.73,7.11,245722.49,11.55
781331.08,36.74,7.12,246545.12,11.59
781032.95,36.74,7.12,246503.97,11.6
781032.95,36.74,7.12,246503.97,11.6
781032.95,36.74,7.12,246503.97,11.6
780737.15,36.75,7.13,246487.74,11.6
780352.35,36.74,7.12,246468.09,11.6
780380.71,36.75,7.13,247218.59,11.64
780270.82,36.76,7.14,247446.99,11.66
779971.14,36.76,7.14,247542.03,11.67
780090.83,36.78,7.16,247916.55,11.69
780090.83,36.78,7.16,247889.2,11.69
780090.83,36.78,7.16,247889.2,11.69
779822.66,36.78,7.16,247893.72,11.69
779822.66,36.78,7.16,247893.72,11.69
779524.53,36.78,7.16,247872.21,11.7
779414.64,36.79,7.17,247858.1,11.7
779304.74,36.8,7.18,247902.2,11.71
779007.47,36.79,7.17,247562.72,11.69
778664.15,36.79,7.17,247268.49,11.68
778556.58,36.8,7.18,247242.07,11.69
778257.68,36.81,7.19,247219.29,11.69
778257.68,36.81,7.19,247271.81,11.69
777959.55,36.81,7.19,247904.41,11.73
777659.88,36.81,7.19,247770.07,11.73
777391.7,36.82,7.2,247768.82,11.73
777016.9,36.81,7.19,247604.75,11.73
776718.77,36.81,7.19,247577.94,11.73
776718.77,36.81,7.19,247577.94,11.73
776839.56,36.83,7.21,247635.18,11.74
776868.7,36.84,7.22,247598.09,11.74
776583.3,36.83,7.21,247286.81,11.73
776287.49,36.83,7.21,247261.36,11.73
776287.49,36.83,7.21,247263.29,11.73
776287.49,36.83,7.21,247241.28,11.73
776039.2,36.84,7.22,246623.03,11.71
775672.26,36.84,7.22,246449.88,11.71
775373.36,36.84,7.22,247250.14,11.75
775111.26,36.85,7.23,247229.7,11.75
775111.26,36.85,7.23,247252.76,11.75
775241.3,36.86,7.24,247560.12,11.77
774942.29,36.85,7.23,247258.07,11.76
774942.29,36.85,7.23,247258.07,11.76
774674.11,36.86,7.24,247250.73,11.76
774375.98,36.86,7.24,247303.91,11.77
774522.66,36.88,7.26,247309.22,11.78
772167.59,36.91,7.29,247258.68,11.82
772167.59,36.91,7.29,247240.37,11.82
771869.46,36.91,7.29,247199.72,11.82
771573.66,36.91,7.29,247154.65,11.82
771276.39,36.9,7.28,247043.66,11.82
770977.49,36.91,7.29,247752.85,11.86
770876.5,36.92,7.3,247646.7,11.86
770570.89,36.92,7.3,247613.2,11.86
770570.89,36.92,7.3,247633.07,11.86
770570.89,36.92,7.3,247619.94,11.86
770570.89,36.92,7.3,247597.71,11.86
770308.77,36.93,7.3,247636.15,11.87
770308.77,36.93,7.3,247651.18,11.87
770040.59,36.93,7.31,247655.7,11.88
769742.46,36.93,7.31,247623.71,11.88
769390.54,36.93,7.3,247379.35,11.87
769390.54,36.93,7.3,247404.13,11.87
769390.54,36.93,7.3,247395.13,11.87
769280.64,36.93,7.31,247428.56,11.88
769280.64,36.93,7.31,247438.99,11.88
768990.78,36.94,7.32,247628.27,11.89
768692.65,36.94,7.32,247609.11,11.9
768841.65,36.96,7.34,247591.05,11.9
768498.33,36.96,7.34,247297.44,11.89
768199.43,36.96,7.34,247578.98,11.91
767901.3,36.97,7.34,247542.72,11.92
767901.3,36.97,7.34,247542.72,11.92
767789.86,36.97,7.35,247883.27,11.94
767789.86,36.97,7.35,247883.27,11.94
767521.68,36.98,7.36,247882.34,11.94
767223.56,36.98,7.36,247855.2,11.95
766925.43,36.99,7.36,247908.01,11.96
766627.3,36.99,7.37,247866.71,11.96
766331.5,36.99,7.37,247867.46,11.97
765946.69,36.98,7.36,247692.99,11.96
765836.03,36.99,7.37,247977.93,11.98
765836.03,36.99,7.37,247977.93,11.98
765836.03,36.99,7.37,247977.93,11.98
765542.42,37.0,7.38,247985.16,11.98
765542.42,37.0,7.38,247985.16,11.98
765253.2,37.0,7.38,247917.59,11.99
765132.85,37.01,7.39,248011.37,12.0
764864.67,37.01,7.39,248015.89,12.0
764566.54,37.02,7.4,247988.0,12.01
764268.42,37.02,7.4,248041.64,12.01
763970.29,37.02,7.4,248003.91,12.02
763970.29,37.02,7.4,248003.91,12.02
763862.72,37.03,7.41,247980.88,12.02
763862.72,37.03,7.41,247980.88,12.02
763862.72,37.03,7.41,247980.88,12.02
763862.72,37.03,7.41,247980.88,12.02
763862.72,37.03,7.41,247980.88,12.02
763554.0,37.04,7.42,248335.09,12.05
763554.0,37.04,7.42,248335.09,12.05
763255.1,37.04,7.42,248326.05,12.05
763052.92,37.03,7.41,248108.89,12.04
762790.81,37.04,7.42,248560.12,12.07
762836.79,37.05,7.43,248604.99,12.08
762895.89,37.07,7.45,248632.25,12.08
762597.76,37.07,7.45,248616.33,12.09
762752.83,37.09,7.46,248664.99,12.09
762642.93,37.1,7.47,248611.52,12.09
762347.13,37.1,7.48,248607.13,12.1
762048.23,37.1,7.48,248575.23,12.1
761759.01,37.11,7.49,249572.41,12.16
761471.76,37.11,7.49,249526.29,12.16
761471.76,37.11,7.49,249526.29,12.16
761336.43,37.12,7.5,249494.41,12.16
761336.43,37.12,7.5,249494.41,12.16
761068.26,37.12,7.5,249496.74,12.17
761068.26,37.12,7.5,249496.74,12.17
761068.26,37.12,7.5,249541.28,12.17
760770.13,37.13,7.51,249510.88,12.18
760770.13,37.13,7.51,249480.19,12.18
760660.23,37.14,7.52,249492.29,12.18
760362.11,37.14,7.52,249482.05,12.19
760066.3,37.14,7.52,249472.14,12.19
760066.3,37.14,7.52,249472.14,12.19
759767.4,37.15,7.53,249736.28,12.21
759478.18,37.15,7.53,249548.64,12.21
759169.59,37.15,7.53,249645.38,12.22
759169.59,37.15,7.53,249645.38,12.22
758901.42,37.16,7.54,249644.45,12.22
758603.29,37.16,7.54,249619.93,12.23
758493.4,37.17,7.55,249614.28,12.23
758493.4,37.17,7.55,249614.28,12.23
758383.51,37.18,7.56,249633.22,12.24
758225.54,37.18,7.55,249475.26,12.23
757929.74,37.18,7.56,249455.13,12.24
757548.94,37.17,7.55,249091.96,12.22
757250.03,37.17,7.55,249422.86,12.24
756951.91,37.18,7.56,249326.01,12.25
756652.23,37.18,7.56,249447.88,12.26
756384.06,37.19,7.56,249450.21,12.26
756530.73,37.2,7.58,249424.68,12.27
756091.23,37.19,7.57,249007.24,12.25
755793.1,37.19,7.57,249081.88,12.26
755494.97,37.2,7.57,249008.43,12.26
755199.17,37.2,7.58,249003.27,12.27
755199.17,37.2,7.58,249003.27,12.27
754900.27,37.2,7.58,249496.82,12.3
754525.46,37.19,7.57,249117.22,12.28
754525.46,37.19,7.57,249117.22,12.28
754525.46,37.19,7.57,249154.6,12.28
754236.25,37.2,7.57,249309.84,12.3
753927.66,37.2,7.58,249087.28,12.29
753927.66,37.2,7.58,249087.28,12.29
753659.49,37.21,7.58,249091.8,12.3
753659.49,37.21,7.58,249091.8,12.3
753659.49,37.21,7.58,249107.02,12.3
753659.49,37.21,7.58,249107.02,12.3
753381.5,37.21,7.59,249099.85,12.3
753083.37,37.21,7.59,249069.88,12.31
753112.51,37.23,7.6,249265.92,12.32
752814.39,37.23,7.61,249234.02,12.33
752814.39,37.23,7.61,249234.47,12.33
752518.58,37.24,7.61,249189.41,12.33
752219.68,37.24,7.62,249579.79,12.36
751957.58,37.24,7.62,249504.38,12.36
751626.39,37.25,7.62,249375.35,12.36
751358.22,37.25,7.63,249374.1,12.36
751358.22,37.25,7.63,249358.44,12.36
751050.28,37.25,7.63,249337.53,12.37
750752.15,37.26,7.64,249310.72,12.37
750752.15,37.26,7.64,249310.72,12.37
750752.15,37.26,7.64,249327.17,12.37
750752.15,37.26,7.64,249327.17,12.37
750642.26,37.27,7.64,249494.52,12.39
750532.36,37.28,7.65,249405.9,12.39
750236.56,37.28,7.66,249336.89,12.39
750236.56,37.28,7.66,249314.87,12.39
749939.29,37.27,7.65,249000.73,12.38
749640.39,37.28,7.65,249268.02,12.39
749342.26,37.28,7.66,249203.11,12.4
749342.26,37.28,7.66,249191.52,12.4
749369.85,37.29,7.67,249648.13,12.42
749101.68,37.3,7.67,249648.57,12.43
749101.68,37.3,7.67,249648.57,12.43
749101.68,37.3,7.67,249661.85,12.43
748803.55,37.3,7.68,249635.96,12.44
748832.69,37.32,7.69,249682.43,12.44
748832.69,37.32,7.69,249682.43,12.44
748534.57,37.32,7.7,249657.06,12.45
748238.76,37.32,7.7,249626.01,12.45
748384.66,37.34,7.72,250224.11,12.48
748042.98,37.33,7.7,249944.53,12.47
747735.04,37.33,7.71,249616.22,12.46
747735.04,37.33,7.71,249616.22,12.46
747350.24,37.32,7.7,249352.18,12.45
747350.24,37.32,7.7,249377.18,12.45
747568.83,37.34,7.72,249332.08,12.45
747303.23,37.35,7.72,249967.29,12.49
747035.06,37.35,7.73,249964.32,12.5
747064.2,37.37,7.74,249940.53,12.5
747064.2,37.37,7.74,249940.53,12.5
747064.2,37.37,7.74,249937.24,12.5
747064.2,37.37,7.74,249937.24,12.5
746766.07,37.37,7.75,249997.07,12.51
746467.95,37.37,7.75,249934.21,12.51
746172.14,37.38,7.75,250043.13,12.53
746172.14,37.38,7.75,250043.13,12.53
743613.59,37.4,7.78,249995.31,12.57
743314.69,37.4,7.79,249878.52,12.57
743016.56,37.41,7.79,250256.53,12.6
743016.56,37.41,7.79,250256.53,12.6
743016.56,37.41,7.79,250256.53,12.6
743016.56,37.41,7.79,250256.53,12.6
742707.07,37.41,7.8,250196.76,12.6
742407.39,37.41,7.8,250100.05,12.6
742407.39,37.41,7.8,250100.05,12.6
742407.39,37.41,7.8,250100.05,12.6
742407.39,37.41,7.8,250100.05,12.6
742139.22,37.42,7.8,250102.38,12.61
741815.66,37.42,7.81,250128.04,12.62
741705.76,37.43,7.82,250109.94,12.62
741705.76,37.43,7.82,250109.94,12.62
739350.69,37.46,7.85,250059.4,12.67
739042.75,37.47,7.85,250148.66,12.68
739042.75,37.47,7.85,250148.66,12.68
738744.62,37.47,7.86,250133.33,12.69
738744.62,37.47,7.86,250133.33,12.69
738446.5,37.48,7.86,250166.24,12.7
738338.93,37.49,7.87,250139.42,12.7
738040.02,37.49,7.87,250134.13,12.71
737741.9,37.49,7.88,250551.97,12.73
737442.22,37.5,7.88,250451.02,12.73
737174.05,37.5,7.89,250447.73,12.74
737174.05,37.5,7.89,250447.73,12.74
736875.92,37.51,7.89,250438.17,12.75
736577.79,37.51,7.89,250507.16,12.76
736282.76,37.51,7.9,251255.39,12.8
736014.59,37.52,7.9,251248.04,12.81
736014.59,37.52,7.9,251239.61,12.81
735903.92,37.53,7.91,250521.46,12.78
735811.07,37.54,7.92,251237.06,12.82
735512.94,37.54,7.93,251287.13,12.83
735512.94,37.54,7.93,251287.13,12.83
735659.62,37.56,7.94,251292.14,12.83
735361.49,37.56,7.95,251216.76,12.83
735361.49,37.56,7.95,251216.76,12.83
735117.46,37.57,7.96,250582.27,12.81
734905.67,37.56,7.95,250372.16,12.8
734534.08,37.56,7.95,250531.08,12.81
734534.08,37.56,7.95,250531.08,12.81
734534.08,37.56,7.95,250531.08,12.81
734426.51,37.58,7.96,250902.77,12.84
734127.6,37.58,7.96,250735.79,12.83
733760.62,37.57,7.95,250683.16,12.84
733492.45,37.57,7.96,250685.5,12.84
733194.32,37.58,7.96,250663.1,12.85
733194.32,37.58,7.96,250663.1,12.85
732896.19,37.58,7.97,250729.04,12.86
733042.87,37.6,7.98,250683.88,12.86
732658.06,37.59,7.97,250649.37,12.86
732378.14,37.59,7.98,250994.12,12.88
732042.44,37.6,7.98,250721.73,12.88
731746.64,37.6,7.98,250913.25,12.89
731447.73,37.6,7.99,250853.16,12.9
731185.63,37.61,7.99,250794.36,12.9
731185.63,37.61,7.99,250794.36,12.9
730917.46,37.62,8.0,250793.1,12.91
730581.76,37.62,8.0,250763.73,12.91
730581.76,37.62,8.0,250763.73,12.91
730283.63,37.62,8.0,250736.92,12.92
730430.3,37.64,8.02,250823.6,12.92
730132.18,37.64,8.02,250968.76,12.94
729836.37,37.65,8.03,250730.4,12.93
729725.7,37.66,8.04,251201.38,12.96
729358.72,37.65,8.03,251284.2,12.97
729078.8,37.65,8.03,250819.84,12.95
729078.8,37.65,8.03,250819.84,12.95
729078.8,37.65,8.03,250819.84,12.95
728781.53,37.64,8.02,250492.4,12.94
728513.35,37.65,8.03,250491.15,12.94
728365.89,37.66,8.04,250822.05,12.97
728067.76,37.66,8.04,250795.24,12.97
728385.33,37.68,8.06,250996.23,12.98
728087.2,37.68,8.07,251064.4,12.99
727765.65,37.68,8.06,250953.21,12.99
727765.65,37.68,8.06,250953.21,12.99
727457.71,37.68,8.06,250878.61,13.0
727299.75,37.68,8.06,250720.76,12.99
727299.75,37.68,8.06,250720.76,12.99
727299.75,37.68,8.06,250720.76,12.99
727000.85,37.68,8.06,251781.48,13.05
726719.76,37.68,8.07,251035.45,13.02
726451.59,37.69,8.07,251037.78,13.02
726153.46,37.69,8.08,251007.38,13.03
726061.77,37.71,8.09,250658.15,13.02
726061.77,37.71,8.09,250658.15,13.02
726208.45,37.72,8.1,250874.18,13.03
725874.77,37.72,8.11,251211.5,13.06
725576.64,37.73,8.11,251181.74,13.06
725307.56,37.73,8.12,251157.13,13.07
724999.75,37.74,8.12,252033.38,13.12
724999.75,37.74,8.12,252033.38,13.12
724778.45,37.73,8.11,251810.17,13.11
724510.27,37.74,8.12,251814.69,13.12
724212.14,37.74,8.12,251784.72,13.12
723914.02,37.75,8.13,251988.33,13.14
723615.89,37.75,8.13,251924.51,13.14
723526.84,37.75,8.13,251342.86,13.11
723526.84,37.75,8.13,251342.86,13.11
723675.84,37.77,8.15,251326.6,13.12
723376.94,37.77,8.15,251887.75,13.15
723376.94,37.77,8.15,251887.75,13.15
723137.52,37.77,8.15,252113.7,13.17
722869.35,37.77,8.15,252111.27,13.17
723148.4,37.8,8.18,251390.54,13.14
723148.4,37.8,8.18,251373.36,13.14
722850.91,37.8,8.18,252122.01,13.18
722552.79,37.8,8.18,252096.37,13.19
722208.47,37.81,8.19,251675.82,13.17
721910.34,37.81,8.19,251772.65,13.19
721533.32,37.8,8.18,251430.66,13.17
721654.1,37.82,8.2,251347.35,13.17
721654.1,37.82,8.2,251347.35,13.17
721546.53,37.83,8.21,251336.82,13.18
721574.9,37.84,8.22,251993.66,13.22
721276.77,37.85,8.23,251707.83,13.21
721061.81,37.84,8.22,251507.19,13.2
721061.81,37.84,8.22,251523.69,13.2
721061.81,37.84,8.22,251523.69,13.2
721061.81,37.84,8.22,251507.95,13.2
720819.84,37.85,8.23,250954.21,13.18
720819.84,37.85,8.23,250932.2,13.17
720819.84,37.85,8.23,250951.6,13.18
720318.62,37.84,8.22,250629.62,13.17
720018.94,37.84,8.22,251180.98,13.2
718856.38,37.86,8.24,251186.53,13.23
718560.58,37.87,8.25,251146.83,13.23
718706.48,37.88,8.26,251592.8,13.26
718596.59,37.89,8.27,251581.03,13.27
718296.91,37.9,8.28,251636.16,13.28
718028.74,37.9,8.28,251640.68,13.28
717723.12,37.91,8.29,251642.06,13.29
717424.99,37.91,8.29,251620.55,13.3
717132.03,37.92,8.3,251923.58,13.32
717132.03,37.92,8.3,251923.58,13.32
717132.03,37.92,8.3,251948.58,13.32
716833.9,37.92,8.3,251933.76,13.33
716535.77,37.93,8.31,251964.7,13.34
716428.2,37.94,8.32,251944.81,13.34
716428.2,37.94,8.32,251946.33,13.34
716129.3,37.94,8.32,251926.45,13.35
716129.3,37.94,8.32,251926.45,13.35
716019.41,37.95,8.33,252333.66,13.37
716019.41,37.95,8.33,252304.7,13.37
715719.73,37.95,8.33,252210.48,13.37
715592.15,37.96,8.34,251932.63,13.37
715302.95,37.96,8.34,251628.33,13.35
715034.77,37.96,8.34,251625.91,13.36
714736.64,37.97,8.35,251675.29,13.37
714736.64,37.97,8.35,251675.29,13.37
714351.84,37.95,8.33,251416.89,13.36
714053.71,37.96,8.34,251361.86,13.36
714170.7,37.98,8.36,251722.85,13.39
714317.38,37.99,8.37,251699.13,13.39
714209.81,38.01,8.39,251773.53,13.4
713910.91,38.01,8.39,251735.88,13.4
713526.1,38.0,8.38,251690.76,13.4
713228.62,38.0,8.38,250799.34,13.36
712966.52,38.01,8.39,251312.13,13.4
712810.05,38.0,8.38,251165.28,13.39
712474.35,38.01,8.39,250889.44,13.38
712274.98,38.01,8.39,251124.0,13.4
712274.98,38.01,8.39,251124.0,13.4
712274.98,38.01,8.39,251155.34,13.4
712145.85,38.02,8.4,251467.19,13.43
712322.48,38.04,8.42,251472.04,13.43
712031.19,38.03,8.41,251176.85,13.42
711921.3,38.04,8.42,251156.89,13.42
711713.76,38.04,8.42,250938.14,13.41
711415.64,38.04,8.42,250924.13,13.42
711117.51,38.04,8.43,250960.94,13.43
710880.75,38.04,8.42,250919.47,13.43
710773.18,38.05,8.43,251088.72,13.44
710474.28,38.05,8.43,251069.53,13.45
710364.39,38.06,8.44,250978.79,13.45
710064.71,38.07,8.45,251679.64,13.49
710064.71,38.07,8.45,251660.73,13.49
710123.81,38.08,8.47,251662.08,13.5
709916.27,38.08,8.46,251636.85,13.5
709618.14,38.08,8.46,251686.89,13.51
709320.02,38.09,8.47,251657.85,13.51
709042.03,38.09,8.47,251656.92,13.52
709042.03,38.09,8.47,251632.59,13.52
708932.14,38.1,8.48,251601.07,13.52
708636.33,38.11,8.49,251873.0,13.54
708636.33,38.11,8.49,251898.29,13.55
708355.25,38.11,8.49,251973.91,13.56
708087.08,38.12,8.5,251970.93,13.56
708087.08,38.12,8.5,251970.93,13.56
708403.74,38.14,8.52,252697.32,13.61
707997.84,38.13,8.51,251779.39,13.56
707699.71,38.14,8.52,251754.29,13.57
707362.34,38.14,8.52,252080.03,13.59
707064.22,38.14,8.52,252194.68,13.6
706766.09,38.15,8.53,252155.57,13.61
706990.03,38.17,8.55,252403.8,13.63
706470.28,38.15,8.53,252183.45,13.62
706202.11,38.16,8.54,252187.97,13.63
706202.11,38.16,8.54,252187.97,13.63
706202.11,38.16,8.54,252210.44,13.63
706091.44,38.17,8.55,252194.55,13.63
706091.44,38.17,8.55,252171.57,13.63
705990.46,38.18,8.56,252622.23,13.66
705681.87,38.18,8.56,252428.43,13.66
705571.98,38.19,8.57,252411.27,13.66
705273.85,38.2,8.58,252392.8,13.67
704950.29,38.2,8.58,252374.91,13.68
704652.16,38.21,8.59,252415.05,13.69
704356.35,38.21,8.59,252375.13,13.69
704635.4,38.23,8.61,251653.95,13.65
704354.32,38.24,8.62,252436.58,13.7
704086.15,38.25,8.63,252433.61,13.71
703788.02,38.25,8.63,252408.51,13.72
703489.89,38.25,8.63,252477.85,13.73
703455.19,38.26,8.64,252701.87,13.74
703147.25,38.26,8.64,252674.75,13.75
702849.12,38.27,8.65,252613.04,13.75
702849.12,38.27,8.65,252638.35,13.75
703129.06,38.29,8.67,253403.82,13.8
702929.08,38.29,8.67,253507.82,13.81
702960.54,38.3,8.69,253689.89,13.82
702679.46,38.31,8.69,254402.86,13.87
701944.48,38.29,8.67,253624.31,13.84
701944.48,38.29,8.67,253620.67,13.83
701664.56,38.3,8.68,253118.11,13.82
701328.86,38.3,8.68,253006.35,13.82
701568.55,38.32,8.7,252248.15,13.78
701317.25,38.31,8.69,253034.29,13.82
701044.58,38.32,8.7,252739.77,13.81
701220.57,38.34,8.72,251967.68,13.78
700952.39,38.34,8.73,251968.12,13.78
700654.26,38.35,8.73,251939.61,13.79
700356.14,38.35,8.73,251989.21,13.8
700246.24,38.36,8.75,251949.99,13.8
699950.44,38.37,8.75,251934.35,13.81
699651.54,38.37,8.75,252193.64,13.83
699541.64,38.39,8.77,252272.21,13.84
699241.97,38.39,8.77,252254.26,13.85
698973.79,38.4,8.78,252256.6,13.86
698675.66,38.4,8.78,252228.81,13.86
698565.77,38.41,8.79,252223.16,13.87
698455.88,38.42,8.8,252255.64,13.88
698160.07,38.43,8.81,252236.29,13.88
698160.07,38.43,8.81,252214.28,13.88
698256.57,38.44,8.82,253931.82,13.98
698402.47,38.46,8.84,253913.9,13.98
698104.34,38.46,8.84,254496.76,14.02
698104.34,38.46,8.84,254519.13,14.02
697804.66,38.47,8.84,254560.8,14.03
697536.49,38.47,8.85,254557.71,14.04
697238.36,38.48,8.86,254534.1,14.05
696940.23,38.48,8.86,254532.06,14.05
697061.02,38.5,8.88,254527.57,14.06
696771.82,38.49,8.87,254615.63,14.07
696664.25,38.5,8.88,254548.44,14.07
696555.96,38.5,8.88,254440.15,14.06
696584.33,38.51,8.89,254414.04,14.07
696295.11,38.52,8.9,255168.22,14.12
696010.54,38.52,8.9,255070.51,14.12
696010.54,38.52,8.9,255070.51,14.12
696010.54,38.52,8.9,255070.51,14.12
695724.25,38.52,8.89,254963.08,14.12
695900.88,38.54,8.91,254967.38,14.12
695516.08,38.53,8.9,254938.98,14.12
695217.95,38.53,8.91,255075.91,14.14
694919.82,38.53,8.91,255003.79,14.14
694621.69,38.54,8.92,254946.13,14.15
694313.75,38.54,8.92,255041.92,14.16
694313.75,38.54,8.92,255019.54,14.16
694313.75,38.54,8.92,255019.54,14.16
694206.18,38.56,8.93,255122.34,14.17
694326.19,38.57,8.95,255797.09,14.21
694326.19,38.57,8.95,255823.3,14.21
694066.54,38.58,8.96,255759.57,14.22
694066.54,38.58,8.96,255734.82,14.22
693734.59,38.58,8.96,255640.15,14.22
693601.59,38.59,8.97,255627.26,14.22
693778.22,38.61,8.99,255632.11,14.23
693393.41,38.6,8.98,255603.16,14.23
693095.29,38.61,8.99,255668.88,14.24
693095.29,38.61,8.99,255668.88,14.24
692797.16,38.61,8.99,255626.04,14.25
692499.03,38.62,9.0,255591.92,14.25
692229.95,38.62,9.0,256804.91,14.33
692110.38,38.63,9.01,255701.34,14.27
691842.2,38.64,9.02,255698.91,14.28
691988.88,38.66,9.04,255675.25,14.28
691690.75,38.66,9.04,255737.07,14.3
691392.62,38.67,9.05,255669.85,14.3
691096.82,38.67,9.05,255902.19,14.32
691096.82,38.67,9.05,255902.19,14.32
691096.82,38.67,9.05,255926.81,14.32
691007.58,38.69,9.06,256521.37,14.36
691007.58,38.69,9.06,256521.37,14.36
690670.21,38.69,9.07,256238.39,14.35
690670.21,38.69,9.07,256221.63,14.35
690371.31,38.69,9.07,256125.89,14.36
690063.37,38.7,9.08,256072.36,14.36
690063.37,38.7,9.08,256072.36,14.36
689905.62,38.69,9.07,255914.61,14.35
689795.73,38.71,9.08,255832.46,14.36
689795.73,38.71,9.08,255832.46,14.36
689684.28,38.72,9.09,256564.41,14.4
689684.28,38.72,9.09,256564.41,14.4
689684.28,38.72,9.09,256535.45,14.4
689416.11,38.72,9.1,256520.3,14.41
689416.11,38.72,9.1,256520.3,14.41
689117.98,38.73,9.1,256661.71,14.42
688819.86,38.73,9.11,256539.28,14.43
688435.05,38.72,9.1,256157.97,14.41
688136.92,38.73,9.1,256120.13,14.41
687831.31,38.73,9.11,256069.13,14.42
687535.5,38.74,9.11,256354.48,14.44
687681.4,38.76,9.13,256254.8,14.44
687392.19,38.76,9.14,256593.73,14.47
687271.83,38.77,9.15,256637.12,14.48
686887.03,38.76,9.14,256299.92,14.46
687063.66,38.78,9.16,256304.22,14.47
686765.53,38.79,9.16,256279.03,14.47
686472.18,38.78,9.15,256006.3,14.46
686472.18,38.78,9.15,256006.3,14.46
686174.05,38.78,9.16,256050.18,14.47
685865.34,38.79,9.16,256312.54,14.49
685628.58,38.78,9.16,256282.34,14.5
685628.58,38.78,9.16,256282.34,14.5
685521.01,38.78,9.15,256173.33,14.49
685222.88,38.78,9.16,256153.73,14.5
684927.08,38.79,9.16,256379.33,14.52
685206.13,38.81,9.18,255658.59,14.48
685206.13,38.81,9.18,255690.71,14.48
685234.5,38.82,9.2,255635.33,14.48
684937.01,38.83,9.21,256381.62,14.53
684780.93,38.84,9.22,256172.31,14.53
684512.75,38.85,9.22,256171.06,14.54
684512.75,38.85,9.22,256173.42,14.54
684250.65,38.85,9.23,256111.0,14.54
684250.65,38.85,9.23,256132.45,14.54
683918.74,38.86,9.23,256541.5,14.57
683620.62,38.86,9.24,256514.69,14.58
683322.49,38.87,9.24,256733.1,14.6
683092.66,38.88,9.25,256672.23,14.61
683092.66,38.88,9.25,256672.23,14.61
683092.66,38.88,9.25,256672.23,14.61
683239.34,38.89,9.27,256663.27,14.61
682851.73,38.89,9.27,256448.03,14.61
682851.73,38.89,9.27,256448.03,14.61
682695.81,38.89,9.26,256290.7,14.6
682400.0,38.89,9.27,256240.56,14.6
682122.02,38.9,9.28,256245.08,14.61
682122.02,38.9,9.28,256245.08,14.61
682029.17,38.91,9.29,257073.36,14.67
681722.13,38.92,9.29,256222.15,14.63
681722.13,38.92,9.29,256222.15,14.63
681413.54,38.92,9.3,256624.34,14.66
681030.51,38.91,9.29,256313.31,14.64
680894.4,38.92,9.3,256306.86,14.65
680437.09,38.91,9.28,255862.57,14.63
680301.77,38.92,9.3,256582.1,14.68
680033.59,38.92,9.3,256574.68,14.69
679735.46,38.93,9.31,256554.03,14.69
679735.46,38.93,9.31,256554.45,14.69
679437.34,38.93,9.31,256646.84,14.71
679139.21,38.94,9.32,256628.64,14.71
678843.4,38.95,9.32,256700.98,14.73
678750.55,38.96,9.34,257283.34,14.77
678506.53,38.97,9.34,256777.11,14.75
678323.16,38.97,9.35,256908.78,14.76
678434.46,38.99,9.37,257028.76,14.77
678225.35,38.98,9.36,256818.18,14.76
678225.35,38.98,9.36,256818.18,14.76
678284.45,39.0,9.38,256819.53,14.77
677986.32,39.01,9.39,256791.42,14.77
677688.19,39.01,9.39,256855.35,14.79
677390.06,39.02,9.4,256805.03,14.79
677094.26,39.02,9.4,256782.78,14.8
676795.36,39.03,9.41,257097.41,14.83
676506.14,39.03,9.41,256976.88,14.83
676361.61,39.03,9.41,257248.34,14.85
676339.51,39.04,9.42,257236.61,14.85
676338.98,39.06,9.44,256648.86,14.82
676100.71,39.06,9.43,256742.71,14.83
676100.71,39.06,9.43,256742.71,14.83
675792.77,39.06,9.44,256710.12,14.84
675969.4,39.08,9.46,256714.97,14.84
675671.27,39.09,9.47,256689.23,14.85
675373.14,39.09,9.47,256751.79,14.86
675373.14,39.09,9.47,256768.45,14.86
674988.34,39.08,9.46,256722.64,14.86
674690.21,39.09,9.46,256694.45,14.87
674690.21,39.09,9.46,256694.45,14.87
674839.21,39.11,9.48,257217.11,14.91
674558.13,39.11,9.49,257170.67,14.91
674558.13,39.11,9.49,257145.18,14.91
674586.8,39.13,9.51,256442.04,14.87
674234.33,39.13,9.51,256743.3,14.9
674234.33,39.13,9.51,256771.62,14.9
673940.72,39.14,9.51,256773.4,14.91
673999.81,39.15,9.53,256774.75,14.92
673999.81,39.15,9.53,256774.75,14.92
673999.81,39.15,9.53,256774.75,14.92
673999.81,39.15,9.53,256774.75,14.92
673736.55,39.16,9.54,257068.79,14.94
673658.45,39.17,9.55,256899.23,14.94
673197.62,39.16,9.54,256596.89,14.93
672899.49,39.16,9.54,256568.78,14.93
672601.37,39.17,9.55,256658.5,14.95
672303.24,39.17,9.55,256570.51,14.95
672007.43,39.18,9.56,257476.69,15.01
671739.26,39.19,9.57,257473.41,15.02
671628.59,39.2,9.58,256781.1,14.99
671628.59,39.2,9.58,256759.08,14.99
671438.88,39.19,9.57,257440.95,15.03
671577.87,39.21,9.59,256668.09,14.99
671254.31,39.22,9.6,256640.95,14.99
671254.31,39.22,9.6,256638.08,14.99
670951.72,39.22,9.6,257249.69,15.04
670653.59,39.23,9.61,257224.91,15.05
670345.65,39.23,9.61,257334.71,15.06
670374.79,39.25,9.63,257410.11,15.07
670076.67,39.26,9.64,257362.71,15.08
669780.86,39.26,9.64,257328.58,15.08
669670.19,39.27,9.65,257759.02,15.12
669560.3,39.29,9.67,257890.44,15.13
669560.3,39.29,9.67,257914.98,15.13
669260.62,39.29,9.67,257936.05,15.14
669260.62,39.29,9.67,257936.05,15.14
668952.68,39.3,9.68,257878.69,15.15
669129.31,39.32,9.7,257883.54,15.15
669158.45,39.33,9.71,257853.91,15.16
668860.33,39.34,9.72,257938.06,15.17
668860.33,39.34,9.72,257938.06,15.17
668485.52,39.33,9.71,257875.21,15.17
668187.39,39.33,9.71,257844.7,15.18
668187.39,39.33,9.71,257844.7,15.18
667891.59,39.34,9.72,258519.92,15.23
667891.59,39.34,9.72,258519.92,15.23
667780.92,39.35,9.73,258105.67,15.21
667780.92,39.35,9.73,258088.25,15.21
667671.03,39.37,9.74,257887.65,15.2
667559.58,39.38,9.76,258764.95,15.26
667559.58,39.38,9.76,258783.51,15.26
667736.21,39.4,9.78,258787.8,15.27
667736.21,39.4,9.78,258784.36,15.27
667626.32,39.41,9.79,258762.85,15.28
667516.43,39.42,9.8,258751.66,15.28
667406.53,39.44,9.81,258785.71,15.29
667298.96,39.45,9.83,258769.2,15.3
667000.06,39.45,9.83,258744.4,15.31
666701.93,39.46,9.84,259592.15,15.36
666402.25,39.47,9.84,259753.96,15.38
666266.92,39.48,9.86,259782.0,15.39
665998.75,39.48,9.86,259780.08,15.4
665998.75,39.48,9.86,259780.08,15.4
665700.62,39.49,9.87,259754.47,15.41
665402.5,39.5,9.87,259783.5,15.42
665104.37,39.5,9.88,259746.86,15.43
664719.56,39.49,9.87,259419.2,15.41
662364.5,39.54,9.92,259368.66,15.48
662364.5,39.54,9.92,259368.66,15.48
662068.69,39.54,9.92,259366.83,15.49
661960.34,39.54,9.92,259259.16,15.49
661636.77,39.54,9.92,259238.17,15.49
661791.07,39.56,9.94,259451.21,15.51
661681.17,39.58,9.95,259575.06,15.53
661375.56,39.58,9.96,259626.04,15.54
661075.88,39.59,9.97,259772.59,15.56
660807.71,39.59,9.97,259771.34,15.57
660836.85,39.61,9.99,259821.89,15.57
660538.72,39.62,10.0,259845.04,15.59
660428.83,39.63,10.01,259744.5,15.59
660133.02,39.64,10.02,260546.31,15.64
659759.83,39.63,10.0,260313.08,15.63
659923.54,39.65,10.02,260215.5,15.63
659655.37,39.65,10.03,260208.34,15.64
659536.57,39.67,10.04,259658.84,15.62
659536.57,39.67,10.04,259658.84,15.62
659227.98,39.67,10.05,260403.94,15.67
658950.0,39.68,10.06,260408.45,15.68
658578.99,39.67,10.05,260268.88,15.68
658280.86,39.67,10.05,260247.97,15.68
658280.86,39.67,10.05,260247.97,15.68
658280.86,39.67,10.05,260247.97,15.68
657982.73,39.68,10.06,260425.01,15.7
657684.61,39.69,10.06,260266.34,15.7
657387.34,39.67,10.05,260073.55,15.7
657279.77,39.69,10.07,260047.14,15.7
656980.86,39.69,10.07,260390.81,15.73
656980.86,39.69,10.07,260390.81,15.73
656980.86,39.69,10.07,260390.81,15.73
656980.86,39.69,10.07,260390.81,15.73
656682.74,39.7,10.08,260092.36,15.72
656819.47,39.72,10.1,260643.37,15.76
656526.51,39.73,10.1,261111.75,15.8
656526.51,39.73,10.1,261111.75,15.8
656150.1,39.71,10.09,260722.89,15.78
655881.92,39.72,10.1,260721.96,15.79
655560.68,39.73,10.11,260706.86,15.8
655262.56,39.73,10.11,260679.72,15.81
655291.7,39.75,10.13,260683.51,15.81
655546.57,39.79,10.17,261722.76,15.89
655248.45,39.8,10.18,261713.99,15.89
655090.48,39.79,10.17,261556.02,15.89
655207.47,39.81,10.19,260812.73,15.85
655207.47,39.81,10.19,260812.73,15.85
654911.67,39.82,10.2,261054.27,15.87
654911.67,39.82,10.2,261054.27,15.87
654614.4,39.81,10.19,260714.26,15.85
654614.4,39.81,10.19,260714.26,15.85
654614.4,39.81,10.19,260714.26,15.85
654308.14,39.81,10.19,261244.04,15.9
654010.61,39.8,10.18,260941.35,15.88
654010.61,39.8,10.18,260941.35,15.88
653636.23,39.8,10.18,260591.71,15.87
653340.1,39.79,10.17,260300.24,15.85
653041.2,39.8,10.18,260223.86,15.86
652743.07,39.81,10.19,260099.12,15.86
652693.07,39.8,10.18,260049.12,15.86
652393.4,39.81,10.19,260315.05,15.88
652125.22,39.82,10.2,260319.57,15.89
652125.22,39.82,10.2,260319.57,15.89
651827.09,39.82,10.2,260294.98,15.9
651528.97,39.83,10.21,260360.92,15.92
651230.84,39.84,10.22,260284.66,15.92
651230.84,39.84,10.22,260284.66,15.92
651072.88,39.83,10.21,260127.01,15.91
651072.88,39.83,10.21,260127.01,15.91
651072.88,39.83,10.21,260127.01,15.91
650965.31,39.84,10.22,260123.35,15.92
650666.4,39.85,10.23,260381.99,15.95
650666.4,39.85,10.23,260381.99,15.95
650368.28,39.86,10.23,260124.06,15.94
650368.28,39.86,10.23,260124.06,15.94
650068.6,39.86,10.24,260293.46,15.96
650245.23,39.88,10.26,260297.76,15.97
650245.23,39.88,10.26,260297.76,15.97
650245.23,39.88,10.26,260297.76,15.97
649860.42,39.87,10.25,260269.36,15.97
649860.42,39.87,10.25,260269.36,15.97
649860.42,39.87,10.25,260269.36,15.97
650081.91,39.89,10.27,260322.06,15.98
649784.65,39.88,10.26,260028.22,15.96
649784.65,39.88,10.26,260044.8,15.96
649784.65,39.88,10.26,260044.8,15.96
649486.52,39.89,10.27,260005.81,15.97
649486.52,39.89,10.27,260005.81,15.97
649486.52,39.89,10.27,260005.81,15.97
649125.41,39.88,10.26,259985.21,15.97
648827.28,39.89,10.26,260396.13,16.01
648531.48,39.89,10.27,260311.89,16.01
648263.31,39.9,10.28,260310.96,16.02
647965.18,39.91,10.28,260283.82,16.03
647965.18,39.91,10.28,260283.82,16.03
648082.17,39.93,10.31,259540.53,15.99
647971.5,39.94,10.32,259306.85,15.98
647971.5,39.94,10.32,259306.85,15.98
647673.38,39.95,10.32,259376.67,16.0
647375.89,39.95,10.33,259923.07,16.04
647015.71,39.96,10.33,259584.44,16.03
646717.58,39.96,10.34,259508.89,16.04
646421.78,39.97,10.35,259505.71,16.05
646122.88,39.98,10.35,259927.24,16.08
646286.85,40.0,10.37,260729.16,16.14
646166.5,40.01,10.39,260817.8,16.15
646166.5,40.01,10.39,260817.8,16.15
646166.5,40.01,10.39,260817.8,16.15
645877.28,40.02,10.39,260460.64,16.14
645568.69,40.02,10.4,260382.72,16.14
645300.52,40.03,10.41,260381.79,16.15
645300.52,40.03,10.41,260381.79,16.15
644667.34,40.04,10.42,259787.51,16.14
644369.21,40.05,10.43,259762.99,16.14
644132.75,40.04,10.42,259506.19,16.13
644279.42,40.06,10.44,259554.63,16.14
643981.3,40.07,10.45,259534.01,16.15
643685.49,40.07,10.45,259497.95,16.16
643685.49,40.07,10.45,259497.95,16.16
643300.69,40.06,10.44,260237.14,16.21
642992.75,40.07,10.45,260209.26,16.21
642992.75,40.07,10.45,260209.26,16.21
642992.75,40.07,10.45,260209.26,16.21
642992.75,40.07,10.45,260209.26,16.21
642724.58,40.08,10.45,260201.91,16.22
642425.67,40.08,10.46,259694.83,16.2
641854.72,40.1,10.48,259117.14,16.19
641854.72,40.1,10.48,259117.14,16.19
641854.72,40.1,10.48,259117.32,16.19
641556.6,40.1,10.48,259096.59,16.2
641811.11,40.13,10.51,258939.87,16.19
641690.76,40.14,10.52,259649.23,16.24
641355.07,40.13,10.51,259302.71,16.22
641501.75,40.15,10.53,259378.34,16.23
641501.75,40.15,10.53,259378.34,16.23
641203.62,40.16,10.54,259353.6,16.24
640907.82,40.16,10.54,259371.3,16.25
640523.01,40.15,10.53,259783.92,16.28
640686.73,40.17,10.55,260035.18,16.31
640686.73,40.17,10.55,260035.18,16.31
640418.56,40.18,10.56,260034.25,16.32
640418.56,40.18,10.56,260034.25,16.32
640326.87,40.2,10.58,259443.29,16.29
640326.87,40.2,10.58,259443.29,16.29
640326.87,40.2,10.58,259443.29,16.29
639991.17,40.2,10.58,259977.88,16.33
639616.37,40.19,10.57,259595.89,16.31
639318.24,40.2,10.57,259568.75,16.32
639020.11,40.2,10.58,259608.98,16.33
639020.11,40.2,10.58,259608.98,16.33
639020.11,40.2,10.58,259608.98,16.33
639166.79,40.22,10.6,259567.08,16.33
638858.85,40.23,10.61,259611.64,16.35
638563.04,40.24,10.61,259650.29,16.36
638264.14,40.24,10.62,259760.53,16.38
638154.25,40.26,10.63,259675.46,16.38
638154.25,40.26,10.63,259675.46,16.38
635799.18,40.31,10.69,259624.92,16.46
635799.18,40.31,10.69,259624.92,16.46
635687.73,40.33,10.7,260346.91,16.52
635302.93,40.31,10.69,259936.85,16.49
635479.56,40.34,10.71,259941.7,16.5
635479.56,40.34,10.71,259941.7,16.5
635094.76,40.32,10.7,259915.9,16.5
634715.93,40.33,10.7,259548.97,16.49
634417.81,40.33,10.71,259618.29,16.5
634417.81,40.33,10.71,259618.29,16.5
634564.48,40.35,10.73,259570.42,16.51
634245.38,40.34,10.72,259251.32,16.49
633947.25,40.35,10.72,259217.47,16.5
633947.25,40.35,10.72,259217.47,16.5
633947.25,40.35,10.72,259217.47,16.5
633947.25,40.35,10.72,259217.47,16.5
633651.45,40.35,10.73,259490.18,16.53
633352.55,40.36,10.74,259391.21,16.53
633352.55,40.36,10.74,259391.21,16.53
633352.55,40.36,10.74,259391.21,16.53
633352.55,40.36,10.74,259391.21,16.53
633352.55,40.36,10.74,259391.21,16.53
633104.61,40.36,10.73,259490.71,16.54
632836.43,40.37,10.74,259495.23,16.55
632957.22,40.39,10.76,259464.32,16.56
632792.45,40.4,10.78,259854.33,16.59
632792.45,40.4,10.78,259854.33,16.59
632412.55,40.4,10.78,259483.9,16.58
632559.23,40.42,10.8,259532.43,16.58
632251.29,40.43,10.8,259498.86,16.59
631953.16,40.43,10.81,259475.52,16.6
631568.36,40.42,10.8,259449.24,16.61
631717.36,40.44,10.82,260006.24,16.65
631717.36,40.44,10.82,260006.24,16.65
631671.32,40.44,10.82,259969.04,16.64
631372.42,40.45,10.83,259627.38,16.63
631074.29,40.46,10.83,259476.16,16.63
630698.4,40.44,10.82,260109.67,16.68
630419.91,40.45,10.83,259957.73,16.68
630419.91,40.45,10.83,259957.73,16.68
630283.8,40.46,10.84,260133.64,16.7
630015.63,40.47,10.85,260135.97,16.71
630015.63,40.47,10.85,260135.97,16.71
629717.5,40.48,10.86,260106.11,16.72
629419.37,40.49,10.86,260128.1,16.73
629419.37,40.49,10.86,260128.1,16.73
629113.76,40.49,10.87,260103.5,16.74
628815.63,40.5,10.88,260087.71,16.75
628708.06,40.51,10.89,260073.68,16.76
628409.16,40.52,10.9,260245.79,16.78
628111.03,40.53,10.9,260152.34,16.79
627811.35,40.53,10.91,260245.63,16.8
627543.18,40.54,10.92,260247.96,16.81
627245.05,40.55,10.93,260225.56,16.82
626946.92,40.56,10.93,260261.07,16.84
626648.8,40.56,10.94,260229.62,16.85
626352.99,40.57,10.95,260210.66,16.85
626136.26,40.56,10.94,260061.8,16.85
625837.36,40.57,10.95,260148.15,16.86
625528.64,40.58,10.95,260316.28,16.89
625528.64,40.58,10.95,260316.28,16.89
625230.51,40.58,10.96,260299.69,16.9
625546.54,40.61,10.99,260833.82,16.93
625546.54,40.61,10.99,260833.82,16.93
625411.21,40.62,11.0,260653.36,16.93
625411.21,40.62,11.0,260653.36,16.93
625274.33,40.63,11.01,261389.85,16.99
625006.15,40.64,11.02,261388.6,17.0
624809.37,40.64,11.02,261136.17,16.99
624809.37,40.64,11.02,261136.17,16.99
624809.37,40.64,11.02,261136.17,16.99
624511.24,40.65,11.03,261111.98,16.99
624511.24,40.65,11.03,261111.98,16.99
624511.24,40.65,11.03,261111.98,16.99
624213.11,40.65,11.03,261292.36,17.02
623914.99,40.66,11.04,261280.33,17.03
623619.18,40.67,11.05,261255.33,17.04
623311.24,40.67,11.05,261197.94,17.04
623370.34,40.7,11.07,261199.29,17.05
623071.43,40.7,11.08,261127.87,17.06
623071.43,40.7,11.08,261127.87,17.06
623218.11,40.72,11.1,261101.74,17.06
622919.98,40.73,11.11,261187.33,17.08
622621.85,40.74,11.12,261131.83,17.09
622332.64,40.75,11.12,261264.27,17.11
622024.05,40.75,11.13,261034.82,17.1
621728.25,40.76,11.14,261167.45,17.12
621418.76,40.77,11.15,261043.14,17.13
621150.58,40.78,11.15,261025.12,17.14
620869.5,40.78,11.16,262356.58,17.23
620571.37,40.79,11.17,262428.61,17.25
620273.24,40.8,11.18,262416.24,17.26
619978.21,40.81,11.18,263044.11,17.31
619978.21,40.81,11.18,263044.11,17.31
619978.21,40.81,11.18,263044.11,17.31
619734.18,40.82,11.19,262267.22,17.27
619734.18,40.82,11.19,262267.22,17.27
619395.27,40.8,11.18,261980.19,17.26
619044.61,40.81,11.19,261966.6,17.27
617882.06,40.84,11.22,261931.04,17.31
617609.88,40.85,11.23,261618.36,17.3
617314.08,40.86,11.23,261736.04,17.32
617314.08,40.86,11.23,261736.04,17.32
617015.18,40.86,11.24,261713.54,17.33
617044.32,40.88,11.26,261669.47,17.34
617189.44,40.91,11.28,262384.54,17.39
616917.7,40.9,11.27,262184.55,17.38
616649.53,40.91,11.28,262169.41,17.39
616539.63,40.92,11.3,262157.19,17.4
616241.5,40.93,11.3,262215.12,17.41
616241.5,40.93,11.3,262215.12,17.41
615943.38,40.93,11.31,262166.57,17.42
615943.38,40.93,11.31,262166.57,17.42
615647.57,40.94,11.32,262205.43,17.44
615348.67,40.95,11.33,262154.96,17.45
615348.67,40.95,11.33,262154.96,17.45
615348.67,40.95,11.33,262154.96,17.45
615017.4,40.94,11.31,261815.5,17.43
615055.45,40.96,11.33,262424.2,17.48
614935.1,40.97,11.35,262476.21,17.49
614560.3,40.96,11.34,262072.7,17.47
614292.12,40.97,11.34,262077.22,17.48
613994.0,40.98,11.35,262047.25,17.49
613695.87,40.98,11.36,262112.78,17.5
613695.87,40.98,11.36,262112.78,17.5
613447.19,40.99,11.37,262040.08,17.51
613149.06,41.0,11.38,261979.85,17.52
613149.06,41.0,11.38,261979.85,17.52
612853.26,41.01,11.38,262248.5,17.55
612853.26,41.01,11.38,262248.5,17.55
612555.99,41.0,11.37,261970.85,17.53
612262.9,41.01,11.38,261851.41,17.54
611964.0,41.01,11.39,261992.42,17.56
611964.0,41.01,11.39,261992.42,17.56
611770.56,41.02,11.4,261965.15,17.57
611863.02,41.05,11.42,261600.17,17.55
611742.67,41.06,11.43,262092.14,17.59
611474.5,41.07,11.44,262084.98,17.6
611474.5,41.07,11.44,262084.98,17.6
611558.05,41.09,11.47,262114.71,17.61
611259.92,41.1,11.47,262069.4,17.62
611380.71,41.12,11.5,262114.98,17.63
611466.58,41.14,11.52,262075.06,17.63
611466.58,41.14,11.52,262075.06,17.63
611355.91,41.16,11.53,262057.24,17.64
611246.02,41.17,11.55,263423.09,17.74
610946.34,41.18,11.56,263438.5,17.76
610866.4,41.2,11.57,263447.45,17.77
610866.4,41.2,11.57,263447.45,17.77
610568.28,41.21,11.58,263411.14,17.78
610351.1,41.22,11.59,262557.83,17.73
610351.1,41.22,11.59,262557.83,17.73
610351.1,41.22,11.59,262557.83,17.73
610241.21,41.24,11.61,262597.0,17.74
610241.21,41.24,11.61,262597.0,17.74
609943.08,41.24,11.62,262577.99,17.75
609647.28,41.25,11.62,262562.33,17.77
609348.38,41.26,11.63,262864.43,17.8
609238.48,41.27,11.65,262999.36,17.82
609238.48,41.27,11.65,262999.36,17.82
609266.07,41.29,11.67,263289.9,17.84
608997.9,41.3,11.68,263292.23,17.86
608997.9,41.3,11.68,263311.32,17.86
608699.77,41.31,11.68,263280.92,17.87
608846.45,41.33,11.71,263338.48,17.88
608736.55,41.35,11.72,263301.36,17.89
608440.75,41.36,11.73,263277.04,17.9
608469.12,41.38,11.75,263274.42,17.9
608863.69,41.43,11.81,263469.11,17.93
608448.96,41.43,11.8,263289.5,17.93
608064.15,41.41,11.79,263806.51,17.97
607774.94,41.42,11.8,263510.57,17.96
607035.32,41.4,11.77,262740.87,17.92
606750.46,41.41,11.78,263102.52,17.96
606482.29,41.42,11.79,263107.04,17.97
606184.16,41.43,11.8,263075.05,17.98
605886.03,41.44,11.81,263109.44,17.99
606006.82,41.46,11.83,263080.32,18.0
606006.82,41.46,11.83,263080.32,18.0
605711.02,41.47,11.84,263070.16,18.01
605600.35,41.48,11.86,263321.26,18.04
605302.22,41.49,11.86,263404.47,18.06
605002.54,41.5,11.87,263562.49,18.08
604734.37,41.51,11.88,263560.56,18.09
604436.24,41.52,11.89,263535.02,18.1
604138.12,41.52,11.9,263572.36,18.12
603839.99,41.53,11.91,263568.36,18.13
603544.18,41.54,11.91,263530.84,18.14
603245.28,41.55,11.92,263656.28,18.16
602948.01,41.54,11.91,263343.39,18.14
602948.01,41.54,11.91,263327.39,18.14
603068.8,41.56,11.93,263190.73,18.14
603068.8,41.56,11.93,263209.47,18.14
603068.8,41.56,11.93,263209.47,18.14
603068.8,41.56,11.93,263209.47,18.14
602875.36,41.55,11.93,263008.75,18.13
603020.48,41.58,11.95,263849.82,18.19
602752.31,41.59,11.96,263854.34,18.21
602752.31,41.59,11.96,263854.51,18.21
602642.41,41.6,11.98,263837.36,18.21
602350.74,41.59,11.96,263707.56,18.21
602061.54,41.58,11.95,263404.67,18.19
602061.54,41.58,11.95,263400.52,18.19
601951.64,41.6,11.97,263382.76,18.2
601951.64,41.6,11.97,263382.76,18.2
601951.64,41.6,11.97,263382.76,18.2
601951.64,41.6,11.97,263382.76,18.2
601951.64,41.6,11.97,263382.76,18.2
602353.71,41.65,12.03,264737.77,18.31
602353.71,41.65,12.03,264737.77,18.31
602055.58,41.66,12.03,264739.7,18.32
602055.58,41.66,12.03,264739.7,18.32
601649.76,41.66,12.03,264034.7,18.28
601649.76,41.66,12.03,264034.7,18.28
601649.76,41.66,12.03,264034.7,18.28
601353.95,41.67,12.04,264027.9,18.29
601055.05,41.67,12.05,264339.81,18.33
600489.03,41.66,12.03,263793.84,18.3
600190.91,41.67,12.04,263525.97,18.29
600190.91,41.67,12.04,263525.97,18.29
599891.23,41.68,12.05,263843.98,18.33
599506.42,41.66,12.03,263411.2,18.31
599238.25,41.67,12.04,263415.72,18.32
599267.39,41.69,12.07,263387.24,18.32
598969.27,41.7,12.07,263474.16,18.34
598671.14,41.71,12.08,263386.17,18.35
598671.14,41.71,12.08,263386.17,18.35
598820.14,41.73,12.11,263643.68,18.37
598820.14,41.73,12.11,263643.68,18.37
598551.96,41.74,12.12,263646.01,18.39
598263.13,41.73,12.1,263356.65,18.37
598263.13,41.73,12.1,263356.65,18.37
597915.05,41.72,12.09,264807.5,18.48
597805.16,41.74,12.11,264789.39,18.49
597507.03,41.75,12.12,264822.23,18.5
597397.13,41.76,12.13,264794.21,18.51
597101.33,41.77,12.14,264820.62,18.53
596802.43,41.78,12.15,264778.42,18.54
596553.75,41.79,12.16,263935.29,18.49
596448.89,41.81,12.18,263315.0,18.46
596090.96,41.81,12.18,263653.22,18.49
595792.83,41.82,12.19,264072.14,18.54
595792.83,41.82,12.19,264072.14,18.54
595912.07,41.84,12.21,264275.32,18.56
595912.07,41.84,12.21,264275.32,18.56
595912.07,41.84,12.21,264275.32,18.56
595832.13,41.86,12.23,264284.27,18.57
595722.23,41.88,12.25,264264.72,18.58
595722.23,41.88,12.25,264264.72,18.58
595564.27,41.87,12.24,264111.56,18.57
595564.27,41.87,12.24,264111.56,18.57
595564.27,41.87,12.24,264111.56,18.57
595702.55,41.9,12.26,264130.46,18.58
595404.42,41.9,12.27,264108.94,18.59
595296.85,41.92,12.29,264098.68,18.6
595186.19,41.94,12.31,264086.45,18.61
594894.51,41.93,12.29,263734.38,18.59
594596.38,41.93,12.3,264554.2,18.66
594296.7,41.94,12.31,264570.69,18.67
593999.43,41.93,12.3,264411.01,18.67
593999.43,41.93,12.3,264411.01,18.67
593999.43,41.93,12.3,264411.01,18.67
593999.43,41.93,12.3,264388.81,18.66
593999.43,41.93,12.3,264413.69,18.67
593731.26,41.94,12.31,264414.13,18.68
593731.26,41.94,12.31,264414.13,18.68
593433.13,41.95,12.32,264385.62,18.69
593046.72,41.94,12.31,264338.95,18.69
592757.52,41.93,12.29,264140.47,18.68
593159.59,41.98,12.35,265144.46,18.77
592861.46,41.99,12.36,265192.87,18.78
592267.01,41.98,12.35,264263.51,18.73
591968.88,41.99,12.36,264227.81,18.74
591673.08,42.0,12.37,264274.54,18.76
591383.88,41.99,12.36,264047.4,18.75
590816.49,41.97,12.34,263541.47,18.72
590527.29,41.96,12.33,263397.74,18.72
590228.38,41.97,12.34,263377.14,18.73
590228.38,41.97,12.34,263377.14,18.73
590228.38,41.97,12.34,263373.96,18.73
590375.06,41.99,12.36,263324.94,18.73
590081.45,42.0,12.37,263325.73,18.74
590081.45,42.0,12.37,263325.73,18.74
590081.45,42.0,12.37,263325.73,18.74
589781.77,42.01,12.38,263744.08,18.79
589513.6,42.02,12.39,263742.16,18.8
589403.71,42.04,12.41,263717.39,18.81
589105.58,42.05,12.42,263750.04,18.82
588995.68,42.06,12.43,263737.91,18.83
588699.88,42.07,12.44,263728.04,18.85
588400.98,42.08,12.45,263976.8,18.88
588400.98,42.08,12.45,263976.8,18.88
588016.17,42.07,12.44,263606.16,18.86
588171.24,42.09,12.46,263437.44,18.85
588171.24,42.09,12.46,263437.44,18.85
588171.24,42.09,12.46,263437.44,18.85
587788.05,42.08,12.45,263857.68,18.89
587488.37,42.09,12.46,263743.16,18.89
587488.37,42.09,12.46,263743.16,18.89
587220.2,42.1,12.47,263747.68,18.91
586922.07,42.11,12.48,263723.1,18.92
586623.94,42.12,12.48,263753.04,18.94
586623.94,42.12,12.48,263753.04,18.94
586623.94,42.12,12.48,263753.04,18.94
586325.81,42.13,12.49,263710.91,18.95
586325.81,42.13,12.49,263710.91,18.95
586325.81,42.13,12.49,263710.91,18.95
586030.01,42.13,12.5,263863.24,18.97
585731.11,42.14,12.51,263838.61,18.98
585760.25,42.16,12.53,263766.93,18.99
585760.25,42.16,12.53,263766.93,18.99
585460.57,42.17,12.54,264016.46,19.02
585192.4,42.18,12.55,264009.04,19.03
585339.07,42.21,12.58,263990.38,19.04
585040.95,42.22,12.59,264161.34,19.06
584742.82,42.23,12.59,264004.04,19.07
584447.01,42.24,12.6,264114.05,19.09
584799.4,42.29,12.66,263620.61,19.06
584282.18,42.29,12.65,263286.84,19.05
584115.46,42.29,12.66,265210.78,19.2
584228.96,42.31,12.68,265206.09,19.21
584228.96,42.31,12.68,265206.09,19.21
584375.64,42.34,12.71,265232.4,19.22
584077.51,42.35,12.72,265209.04,19.23
583779.38,42.36,12.73,265187.15,19.24
583779.38,42.36,12.73,265187.15,19.24
583779.38,42.36,12.73,265187.15,19.24
583483.58,42.37,12.73,265317.68,19.26
583184.68,42.38,12.74,265217.02,19.27
582886.55,42.38,12.75,265173.24,19.28
582586.87,42.39,12.76,265973.56,19.35
582586.87,42.39,12.76,265973.56,19.35
582318.7,42.41,12.77,265974.0,19.37
581933.9,42.39,12.76,265544.02,19.34
581933.9,42.39,12.76,265544.02,19.34
581635.77,42.4,12.77,265520.22,19.36
581337.64,42.41,12.78,265511.77,19.37
581039.51,42.42,12.79,265542.7,19.39
580743.71,42.43,12.8,265511.44,19.4
580444.81,42.44,12.8,265694.27,19.43
580334.91,42.46,12.82,265725.21,19.44
580035.23,42.46,12.83,265681.01,19.45
579899.9,42.48,12.85,265656.25,19.46
579959.0,42.5,12.87,265657.6,19.47
580406.77,42.57,12.94,266493.12,19.55
580110.14,42.57,12.94,265950.09,19.52
580110.14,42.57,12.94,265950.09,19.52
580110.14,42.57,12.94,265950.09,19.52
579812.01,42.58,12.95,265921.98,19.53
579513.88,42.59,12.96,265943.28,19.55
579513.88,42.59,12.96,265943.28,19.55
579215.75,42.6,12.97,265938.22,19.56
578919.95,42.61,12.98,265913.34,19.57
578621.05,42.62,12.99,266566.8,19.63
578839.64,42.65,13.02,266870.09,19.66
578839.64,42.65,13.02,266870.09,19.66
578825.97,42.66,13.03,266853.44,19.67
578557.79,42.68,13.04,266852.51,19.68
578557.79,42.68,13.04,266852.51,19.68
578259.67,42.68,13.05,266825.37,19.7
578406.34,42.71,13.08,266905.16,19.71
577685.58,42.69,13.06,266359.03,19.68
577685.58,42.69,13.06,266359.03,19.68
577387.45,42.7,13.07,266285.3,19.69
577091.65,42.71,13.07,266416.57,19.72
576792.74,42.72,13.08,266915.25,19.77
576792.74,42.72,13.08,266915.25,19.77
576494.62,42.73,13.09,266513.72,19.75
576148.29,42.72,13.08,266365.55,19.75
576148.29,42.72,13.08,266343.54,19.75
576309.34,42.74,13.11,266803.13,19.79
575967.66,42.73,13.1,266519.79,19.77
573612.6,42.81,13.17,266469.25,19.89
573612.6,42.81,13.17,266491.77,19.89
573612.6,42.81,13.17,266491.77,19.89
574362.76,42.9,13.26,269065.39,20.1
574362.76,42.9,13.26,269050.25,20.09
574094.58,42.91,13.27,269049.32,20.11
573796.46,42.92,13.28,269024.8,20.12
573498.33,42.93,13.29,269087.33,20.14
573645.0,42.95,13.32,269035.1,20.15
573645.0,42.95,13.32,269035.1,20.15
573349.2,42.96,13.33,269015.67,20.16
573081.03,42.98,13.34,269014.41,20.17
572782.9,42.99,13.35,268987.6,20.19
572782.9,42.99,13.35,269006.16,20.19
572484.77,43.0,13.36,269063.57,20.21
572172.05,43.0,13.36,268385.78,20.17
571890.96,43.01,13.38,269401.75,20.26
571890.96,43.01,13.38,269401.75,20.26
571890.96,43.01,13.38,269401.75,20.26
569535.9,43.09,13.46,269351.21,20.38
569238.63,43.08,13.44,269057.38,20.36
568943.6,43.09,13.45,269391.88,20.4
568675.42,43.1,13.47,269394.22,20.42
568377.3,43.11,13.48,269363.81,20.43
567861.39,43.11,13.47,268624.07,20.39
567742.58,43.12,13.49,268291.78,20.38
567480.46,43.14,13.5,268249.59,20.39
567322.5,43.13,13.49,268091.63,20.38
567024.37,43.14,13.5,268147.03,20.4
566726.24,43.15,13.51,268122.23,20.41
566642.3,43.17,13.53,267874.24,20.41
566642.3,43.17,13.53,267874.24,20.41
566642.3,43.17,13.53,267874.24,20.41
566334.49,43.18,13.54,268541.46,20.47
566334.49,43.18,13.54,268541.46,20.47
563979.42,43.26,13.63,268490.93,20.6
563683.62,43.27,13.64,268462.47,20.61
563711.98,43.3,13.66,269007.47,20.66
563711.98,43.3,13.66,269007.47,20.66
563620.3,43.32,13.68,268712.3,20.65
563784.59,43.35,13.71,269020.64,20.68
563784.59,43.35,13.71,269020.64,20.68
563683.6,43.37,13.73,268581.76,20.66
563683.6,43.37,13.73,268581.76,20.66
563375.01,43.38,13.74,268935.81,20.71
563106.84,43.39,13.75,268933.38,20.72
563106.84,43.39,13.75,268933.38,20.72
563106.84,43.39,13.75,268933.38,20.72
562808.71,43.4,13.76,268907.74,20.74
562510.59,43.41,13.77,268968.49,20.76
562510.59,43.41,13.77,268968.49,20.76
562510.59,43.41,13.77,268968.49,20.76
562510.59,43.41,13.77,268968.49,20.76
562212.46,43.42,13.78,268918.17,20.77
561916.65,43.43,13.79,268978.33,20.79
561635.57,43.44,13.8,269532.79,20.85
561367.4,43.46,13.81,269537.31,20.86
561087.47,43.47,13.83,269008.54,20.84
561083.56,43.49,13.85,269219.9,20.87
561083.56,43.49,13.85,269219.9,20.87
561083.56,43.49,13.85,269219.9,20.87
561083.56,43.49,13.85,269219.9,20.87
560785.43,43.5,13.86,269195.31,20.88
560487.31,43.51,13.87,269230.82,20.9
560198.1,43.5,13.86,268932.45,20.88
560198.1,43.5,13.86,268932.45,20.88
559899.97,43.51,13.87,268892.63,20.9
561382.3,43.66,14.02,268943.52,20.92
561382.3,43.66,14.02,268943.52,20.92
561086.49,43.67,14.03,269370.11,20.96
561206.51,43.7,14.06,269029.77,20.95
560917.29,43.71,14.07,269531.28,21.0
560796.94,43.73,14.09,269501.04,21.01
560377.43,43.71,14.07,269103.61,20.99
560109.26,43.72,14.08,269096.26,21.01
559811.13,43.73,14.09,269075.54,21.02
559513.01,43.74,14.1,269101.76,21.04
559214.88,43.76,14.11,269096.95,21.06
558891.31,43.76,14.12,269124.44,21.07
558891.31,43.76,14.12,269124.44,21.07
558891.31,43.76,14.12,269124.44,21.07
558572.21,43.75,14.11,268805.34,21.05
558572.21,43.75,14.11,268805.34,21.05
558695.33,43.78,14.14,269014.09,21.08
558396.42,43.79,14.15,269021.07,21.1
558396.42,43.79,14.15,269021.07,21.1
558128.25,43.8,14.16,269025.59,21.11
557830.12,43.81,14.17,268995.62,21.13
557976.8,43.84,14.2,269103.88,21.14
557976.8,43.84,14.2,269103.88,21.14
557678.67,43.85,14.21,269050.23,21.16
557678.67,43.85,14.21,269050.23,21.16
559140.82,44.0,14.36,268964.73,21.17
558756.02,43.99,14.35,268900.24,21.17
558756.02,43.99,14.35,268900.24,21.17
558466.8,44.0,14.36,269197.15,21.21
558158.22,44.01,14.37,269042.87,21.21
557862.41,44.02,14.38,269885.13,21.3
558039.04,44.05,14.41,269889.98,21.31
557654.24,44.04,14.4,269864.19,21.31
557654.24,44.04,14.4,269864.19,21.31
557654.24,44.04,14.4,269864.19,21.31
557543.57,44.06,14.42,269399.92,21.29
557442.58,44.08,14.44,269088.24,21.28
557137.53,44.09,14.45,269446.72,21.32
557284.21,44.12,14.48,269553.73,21.34
557284.21,44.12,14.48,269553.73,21.34
556986.08,44.13,14.49,269481.66,21.35
556687.95,44.14,14.5,269437.26,21.36
556392.15,44.15,14.51,270813.31,21.49
556492.74,44.18,14.54,269802.5,21.42
556207.03,44.17,14.53,270881.23,21.51
556207.03,44.17,14.53,270881.23,21.51
555938.85,44.19,14.54,270880.3,21.53
556085.53,44.22,14.57,270855.14,21.54
555787.4,44.23,14.58,270873.29,21.55
555489.27,44.24,14.6,270873.49,21.57
555489.27,44.24,14.6,270873.49,21.57
555193.47,44.25,14.61,270846.64,21.59
554894.57,44.26,14.62,271388.54,21.65
554632.46,44.28,14.63,271195.56,21.65
554674.29,44.3,14.66,271634.22,21.7
554337.83,44.29,14.64,271327.43,21.68
554337.83,44.29,14.64,271327.43,21.68
554488.58,44.32,14.68,271322.9,21.69
554353.76,44.34,14.69,270843.94,21.66
553977.78,44.34,14.7,270569.05,21.66
553680.52,44.33,14.69,270301.91,21.64
553382.39,44.34,14.7,270280.07,21.66
553382.39,44.34,14.7,270280.07,21.66
553382.39,44.34,14.7,270280.07,21.66
553382.39,44.34,14.7,270280.07,21.66
553084.26,44.35,14.71,270313.17,21.68
553084.26,44.35,14.71,270313.17,21.68
553113.4,44.38,14.74,270284.28,21.69
552817.6,44.39,14.75,270273.09,21.7
552615.42,44.38,14.74,270094.25,21.69
552316.51,44.39,14.75,270574.36,21.75
552027.29,44.41,14.76,270599.43,21.77
551906.94,44.43,14.78,270884.54,21.81
551618.03,44.41,14.77,270612.3,21.79
551349.85,44.43,14.78,270609.02,21.81
551051.72,44.44,14.8,270584.23,21.82
550849.54,44.43,14.79,270510.07,21.82
550849.54,44.43,14.79,270510.07,21.82
550849.54,44.43,14.79,270510.07,21.82
550878.68,44.46,14.81,270621.62,21.84
551025.36,44.49,14.84,270583.38,21.85
551025.36,44.49,14.84,270579.43,21.85
550729.56,44.5,14.85,270501.18,21.86
550849.57,44.53,14.88,271564.3,21.95
550560.35,44.54,14.9,270614.45,21.89
550292.18,44.56,14.91,270613.2,21.91
549980.45,44.55,14.9,271661.57,22.0
549980.45,44.55,14.9,271661.57,22.0
549980.45,44.55,14.9,271661.57,22.0
549787.02,44.56,14.91,271478.42,22.0
549787.02,44.56,14.91,271478.42,22.0
549787.02,44.56,14.91,271478.42,22.0
549787.02,44.56,14.91,271478.42,22.0
549488.89,44.57,14.93,271454.22,22.02
549190.77,44.58,14.94,271509.94,22.04
548892.64,44.6,14.95,271468.36,22.06
548596.83,44.61,14.96,271446.39,22.07
548596.83,44.61,14.96,271446.39,22.07
548315.75,44.62,14.98,272095.4,22.14
548315.75,44.62,14.98,272095.4,22.14
548224.06,44.64,15.0,271810.08,22.13
548224.06,44.64,15.0,271781.11,22.13
547888.36,44.65,15.01,271588.14,22.13
547620.19,44.67,15.02,271592.66,22.15
547620.19,44.67,15.02,271592.66,22.15
547322.06,44.68,15.03,271560.07,22.17
547405.61,44.71,15.06,271588.37,22.18
547405.61,44.71,15.06,271588.37,22.18
547405.61,44.71,15.06,271588.37,22.18
547107.48,44.72,15.07,271569.97,22.2
547107.48,44.72,15.07,271569.97,22.2
546999.91,44.74,15.09,271553.9,22.21
546676.35,44.75,15.11,271530.5,22.23
546565.68,44.77,15.13,271908.66,22.27
546565.68,44.77,15.13,271908.66,22.27
546565.68,44.77,15.13,271908.66,22.27
546565.68,44.77,15.13,271908.66,22.27
546267.55,44.78,15.14,272027.24,22.3
546412.68,44.81,15.17,272441.36,22.34
546279.67,44.83,15.19,272428.69,22.36
546011.5,44.85,15.2,272429.13,22.38
545715.47,44.83,15.19,272129.92,22.36
545715.47,44.83,15.19,272161.28,22.36
545605.76,44.83,15.18,272051.56,22.35
545307.63,44.84,15.2,272027.75,22.37
545009.5,44.85,15.21,272064.19,22.39
544851.54,44.85,15.2,271906.23,22.38
544553.41,44.86,15.21,271877.09,22.4
544257.61,44.87,15.22,271856.18,22.41
543958.71,44.88,15.24,272092.35,22.45
543848.81,44.91,15.26,272072.25,22.47
543549.13,44.92,15.27,272030.58,22.48
543549.13,44.92,15.27,272030.58,22.48
543280.96,44.93,15.28,272031.03,22.5
543280.96,44.93,15.28,272009.03,22.5
543280.96,44.93,15.28,272009.03,22.5
542896.16,44.92,15.27,271903.34,22.5
540541.09,45.02,15.37,271852.8,22.64
540541.09,45.02,15.37,271877.93,22.64
540431.2,45.04,15.39,271858.42,22.66
540133.07,45.06,15.41,271882.01,22.68
540133.07,45.06,15.41,271882.01,22.68
540253.86,45.09,15.44,271856.12,22.69
539958.05,45.1,15.45,271844.07,22.71
539847.38,45.12,15.47,272171.37,22.75
539549.26,45.13,15.48,271944.99,22.75
539283.85,45.12,15.47,271677.37,22.73
538984.17,45.14,15.48,272339.81,22.81
538638.57,45.12,15.47,271989.56,22.78
538638.57,45.12,15.47,271989.56,22.78
538638.57,45.12,15.47,271989.56,22.78
538638.57,45.12,15.47,271967.55,22.78
538370.4,45.14,15.48,271969.88,22.8
538072.27,45.15,15.5,271939.48,22.82
537774.15,45.16,15.51,271991.02,22.84
537774.15,45.16,15.51,272013.4,22.84
537476.02,45.18,15.52,271978.62,22.86
537476.02,45.18,15.52,271978.62,22.86
537476.02,45.18,15.52,271956.24,22.86
537180.21,45.19,15.54,271931.91,22.88
536881.31,45.2,15.55,272104.59,22.91
536881.31,45.2,15.55,272104.59,22.91
536771.42,45.22,15.57,272124.09,22.93
536771.42,45.22,15.57,272148.27,22.93
536659.97,45.24,15.59,272264.09,22.95
536391.8,45.26,15.61,272262.16,22.97
536093.67,45.27,15.62,272237.39,22.99
535881.89,45.26,15.61,272027.28,22.98
535911.03,45.29,15.64,272056.59,22.99
535612.9,45.3,15.65,272163.72,23.02
535349.8,45.29,15.64,271918.96,23.01
535349.8,45.29,15.64,271918.96,23.01
535498.8,45.32,15.67,271856.66,23.01
535498.8,45.32,15.67,271856.66,23.01
535498.8,45.32,15.67,271856.66,23.01
535527.16,45.35,15.7,271773.28,23.02
535237.94,45.37,15.71,272898.81,23.13
535237.94,45.37,15.71,272881.73,23.13
534950.3,45.38,15.73,272762.93,23.14
534682.13,45.4,15.74,272765.27,23.16
534682.13,45.4,15.74,272765.27,23.16
534682.13,45.4,15.74,272784.67,23.16
534390.45,45.38,15.73,272474.11,23.14
534537.12,45.41,15.76,272448.58,23.15
534537.12,45.41,15.76,272448.58,23.15
534152.32,45.4,15.74,272540.32,23.16
534152.32,45.4,15.74,272540.32,23.16
534042.42,45.42,15.77,272480.07,23.18
533744.3,45.43,15.78,272447.84,23.19
533636.73,45.46,15.8,272438.91,23.21
533337.82,45.47,15.81,273170.71,23.29
533337.82,45.47,15.81,273170.71,23.29
533069.65,45.49,15.83,273167.42,23.31
532771.52,45.5,15.84,273142.64,23.33
532432.61,45.48,15.83,272753.03,23.3
532134.48,45.5,15.84,272808.44,23.33
532033.5,45.52,15.87,272724.2,23.33
531724.91,45.53,15.88,272636.5,23.35
531724.91,45.53,15.88,272636.5,23.35
531426.78,45.55,15.89,272611.7,23.36
531130.98,45.56,15.9,272580.06,23.38
531020.31,45.58,15.93,272804.8,23.42
530752.36,45.57,15.92,272665.12,23.41
530454.23,45.59,15.93,272645.78,23.43
530154.56,45.6,15.94,272606.02,23.45
529886.38,45.62,15.96,272602.93,23.47
529588.25,45.63,15.97,272577.97,23.49
529671.81,45.66,16.0,272631.1,23.5
529373.68,45.67,16.02,272594.76,23.52
529373.68,45.67,16.02,272594.76,23.52
529373.68,45.67,16.02,272594.76,23.52
529373.68,45.67,16.02,272594.76,23.52
529077.87,45.69,16.03,272571.92,23.54
528786.19,45.67,16.02,272804.7,23.56
528932.1,45.71,16.05,272774.07,23.57
528607.76,45.72,16.06,272945.72,23.61
528607.76,45.72,16.06,272945.72,23.61
528318.54,45.73,16.08,272812.89,23.62
527999.53,45.72,16.06,272494.34,23.59
527999.53,45.72,16.06,272494.34,23.59
527879.17,45.74,16.08,273133.52,23.67
527642.42,45.73,16.07,272881.63,23.65
527374.25,45.75,16.09,272874.28,23.67
527076.12,45.76,16.1,272924.35,23.7
526777.99,45.77,16.12,272963.52,23.72
526668.1,45.8,16.14,272872.86,23.73
526372.29,45.81,16.15,272850.85,23.75
526073.39,45.83,16.17,273194.01,23.8
525784.17,45.84,16.18,272926.12,23.79
525475.58,45.85,16.2,273019.06,23.82
525475.58,45.85,16.2,273019.06,23.82
525652.21,45.89,16.23,273023.91,23.83
525354.09,45.9,16.24,272992.97,23.85
525354.09,45.9,16.24,272992.97,23.85
525055.96,45.92,16.26,273184.66,23.89
524757.83,45.93,16.27,272989.72,23.89
524757.83,45.93,16.27,272989.72,23.89
524462.03,45.94,16.29,272984.47,23.91
524163.12,45.96,16.3,273215.05,23.96
523839.56,45.97,16.31,273256.85,23.98
523839.56,45.97,16.31,273256.85,23.98
523839.56,45.97,16.31,273256.85,23.98
523571.39,45.99,16.33,273249.42,24.0
523398.29,45.98,16.32,273046.29,23.99
523100.16,46.0,16.34,273025.64,24.01
522810.94,46.01,16.35,272860.11,24.01
522810.94,46.01,16.35,272860.11,24.01
522523.29,46.03,16.37,273251.09,24.07
522413.4,46.05,16.39,273479.53,24.11
522303.51,46.07,16.41,273338.66,24.11
522303.51,46.07,16.41,273338.66,24.11
522034.43,46.09,16.43,273451.29,24.14
521766.26,46.11,16.45,273444.13,24.16
521468.13,46.12,16.46,273423.22,24.18
521348.55,46.14,16.48,274435.16,24.29
521348.55,46.14,16.48,274435.16,24.29
521348.55,46.14,16.48,274435.16,24.29
521050.42,46.16,16.5,274443.75,24.31
520752.29,46.17,16.51,274928.1,24.38
520456.49,46.19,16.53,274538.58,24.36
520576.18,46.22,16.56,274914.95,24.41
520576.18,46.22,16.56,274914.95,24.41
520486.95,46.24,16.58,274606.82,24.4
520313.88,46.24,16.58,274426.09,24.39
520313.88,46.24,16.58,274426.09,24.39
519975.73,46.25,16.59,274196.33,24.39
519707.55,46.26,16.6,274188.9,24.41
519549.59,46.26,16.6,274031.58,24.4
519456.74,46.28,16.62,274104.89,24.42
519456.74,46.28,16.62,274104.89,24.42
519337.94,46.3,16.64,274017.52,24.43
519032.88,46.32,16.66,274285.69,24.48
518734.76,46.33,16.67,274265.05,24.5
518763.9,46.36,16.7,274329.8,24.52
518654.0,46.39,16.73,274316.44,24.53
518279.2,46.37,16.71,274148.96,24.53
517983.4,46.39,16.73,274091.48,24.55
517684.49,46.4,16.74,274607.26,24.61
517387.22,46.39,16.73,274334.16,24.6
517387.22,46.39,16.73,274334.16,24.6
517119.05,46.41,16.75,274327.0,24.62
517400.68,46.44,16.78,275028.56,24.69
517400.68,46.44,16.78,275028.56,24.69
517141.72,46.46,16.8,274873.93,24.7
517031.82,46.49,16.83,274853.73,24.71
517031.82,46.49,16.83,274853.73,24.71
516733.7,46.5,16.84,274882.66,24.74
516623.8,46.53,16.86,274853.71,24.75
516623.8,46.53,16.86,274853.71,24.75
516328.0,46.54,16.88,275085.19,24.8
516328.0,46.54,16.88,275085.19,24.8
516046.91,46.56,16.9,275025.94,24.81
516046.91,46.56,16.9,275025.94,24.81
515778.74,46.58,16.91,275025.01,24.84
515687.05,46.6,16.94,274974.43,24.85
515687.05,46.6,16.94,274974.43,24.85
515687.05,46.6,16.94,274974.43,24.85
515687.05,46.6,16.94,274974.43,24.85
515356.65,46.61,16.95,275399.63,24.91
515356.65,46.61,16.95,275399.63,24.91
515058.52,46.63,16.97,275372.5,24.93
514760.4,46.64,16.98,275469.31,24.96
514760.4,46.64,16.98,275469.31,24.96
514462.27,46.66,17.0,275390.88,24.98
514168.66,46.68,17.01,275394.03,25.0
514326.05,46.71,17.05,275781.27,25.05
514027.15,46.72,17.06,275539.64,25.05
513758.97,46.74,17.08,275536.55,25.07
513826.59,46.78,17.11,276373.23,25.16
513676.67,46.8,17.14,276303.4,25.17
513676.67,46.8,17.14,276280.93,25.17
513378.54,46.81,17.15,276350.73,25.2
513378.54,46.81,17.15,276350.73,25.2
512849.84,46.79,17.13,275854.74,25.17
512551.71,46.81,17.14,275848.38,25.19
512253.58,46.82,17.16,275902.43,25.22
511957.78,46.84,17.17,275881.97,25.24
511957.78,46.84,17.17,275881.97,25.24
511598.31,46.82,17.16,275537.32,25.22
511598.31,46.82,17.16,275537.32,25.22
511598.31,46.82,17.16,275537.32,25.22
511598.31,46.82,17.16,275537.32,25.22
511598.31,46.82,17.16,275537.32,25.22
511598.31,46.82,17.16,275537.32,25.22
511330.14,46.84,17.18,275536.06,25.24
511476.81,46.88,17.21,275511.23,25.25
511476.81,46.88,17.21,275511.23,25.25
511178.69,46.89,17.23,275615.95,25.28
511178.69,46.89,17.23,275640.35,25.29
510793.88,46.88,17.21,275576.76,25.29
510940.56,46.91,17.25,275528.78,25.3
510558.85,46.9,17.23,276754.72,25.42
510290.68,46.91,17.25,276759.24,25.44
510290.68,46.91,17.25,276759.24,25.44
509992.55,46.93,17.27,276729.27,25.46
509693.65,46.95,17.28,276996.83,25.51
509374.55,46.93,17.27,276677.73,25.49
509374.55,46.93,17.27,276677.73,25.49
509521.23,46.96,17.3,276894.72,25.52
509420.24,46.99,17.32,276545.67,25.51
509035.44,46.97,17.31,276529.17,25.52
509035.44,46.97,17.31,276529.17,25.52
509035.44,46.97,17.31,276529.17,25.52
509192.6,47.01,17.34,277063.0,25.58
509192.6,47.01,17.34,277063.0,25.58
508897.57,47.03,17.36,277007.79,25.6
508786.9,47.05,17.38,276342.5,25.55
508382.92,47.03,17.37,275995.68,25.53
508382.92,47.03,17.37,275995.68,25.53
508290.07,47.06,17.39,275708.11,25.53
507983.03,47.08,17.41,276134.35,25.59
508140.19,47.11,17.44,276272.68,25.61
507868.01,47.13,17.46,277645.17,25.76
507599.84,47.15,17.48,277649.69,25.79
507301.71,47.16,17.5,277619.72,25.81
507301.71,47.16,17.5,277619.72,25.81
507191.82,47.19,17.52,277614.07,25.83
506943.14,47.21,17.54,276783.66,25.78
506838.28,47.24,17.57,276340.26,25.75
506644.85,47.25,17.59,276508.28,25.79
506422.17,47.24,17.58,276287.04,25.77
506124.05,47.26,17.59,276322.18,25.8
506124.05,47.26,17.59,276322.18,25.8
506124.05,47.26,17.59,276322.18,25.8
505828.24,47.28,17.61,276282.02,25.82
505828.24,47.28,17.61,276282.02,25.82
505717.57,47.3,17.63,276377.11,25.85
505717.57,47.3,17.63,276377.11,25.85
505459.88,47.29,17.62,276230.26,25.84
505349.98,47.32,17.65,276772.72,25.91
505050.31,47.33,17.66,276626.42,25.93
504782.13,47.35,17.68,276630.94,25.95
504782.13,47.35,17.68,276630.94,25.95
504672.24,47.38,17.71,276613.79,25.97
504374.11,47.39,17.73,276595.32,25.99
504075.98,47.41,17.74,276617.73,26.02
503780.18,47.43,17.76,276593.12,26.04
503780.18,47.43,17.76,276593.12,26.04
503780.18,47.43,17.76,276582.84,26.04
503780.18,47.43,17.76,276582.84,26.04
503481.28,47.44,17.77,276587.42,26.06
503627.95,47.48,17.81,277073.44,26.12
503328.28,47.5,17.83,277095.22,26.15
503192.95,47.52,17.85,277075.72,26.17
503192.95,47.52,17.85,277075.72,26.17
502924.77,47.54,17.87,277080.24,26.19
502814.88,47.56,17.9,277063.08,26.21
502420.07,47.55,17.88,276767.94,26.19
502121.95,47.57,17.9,276809.15,26.22
501823.82,47.58,17.91,276777.19,26.24
501528.02,47.6,17.93,276750.77,26.27
501610.79,47.63,17.96,277085.18,26.31
501312.66,47.65,17.98,277064.88,26.34
501312.66,47.65,17.98,277064.88,26.34
501312.66,47.65,17.98,277077.28,26.34
501012.99,47.67,18.0,277234.05,26.38
501189.62,47.71,18.04,277238.34,26.39
501218.76,47.74,18.07,277209.27,26.4
501218.76,47.74,18.07,277209.27,26.4
501218.76,47.74,18.07,277209.27,26.4
500920.63,47.76,18.09,277272.56,26.43
500920.63,47.76,18.09,277272.56,26.43
500810.74,47.78,18.11,277242.98,26.45
500703.17,47.81,18.14,277223.26,26.47
500703.17,47.81,18.14,277223.26,26.47
500404.26,47.83,18.15,277229.79,26.5
500106.14,47.84,18.17,278101.24,26.6
499806.46,47.86,18.19,278246.03,26.64
499514.78,47.85,18.18,278029.43,26.63
497159.71,47.99,18.32,277978.89,26.83
496891.54,48.01,18.34,277979.33,26.86
496593.41,48.03,18.35,277950.82,26.88
496295.28,48.04,18.37,278082.14,26.92
495997.16,48.06,18.39,278013.61,26.94
495701.35,48.08,18.41,277941.91,26.96
495590.68,48.11,18.43,278303.23,27.02
495590.68,48.11,18.43,278303.23,27.02
495590.68,48.11,18.43,278303.23,27.02
495322.51,48.13,18.45,278300.14,27.04
495322.51,48.13,18.45,278300.14,27.04
495443.3,48.17,18.49,277999.14,27.03
495143.62,48.18,18.51,278535.38,27.1
494845.49,48.2,18.53,278510.41,27.13
494548.22,48.19,18.51,278108.14,27.1
494346.04,48.18,18.5,277890.57,27.08
494346.04,48.18,18.5,277890.57,27.08
494346.04,48.18,18.5,277890.57,27.08
491990.97,48.33,18.65,277840.03,27.29
491692.85,48.34,18.67,277859.5,27.32
491721.99,48.38,18.7,278236.0,27.37
491514.45,48.37,18.69,278013.96,27.36
491129.65,48.35,18.67,277820.66,27.35
491129.65,48.35,18.67,277820.66,27.35
491022.08,48.38,18.7,277641.73,27.36
491022.08,48.38,18.7,277641.73,27.36
491185.8,48.42,18.74,278667.52,27.47
490878.76,48.44,18.76,277937.23,27.42
490616.64,48.46,18.78,278436.24,27.5
490793.27,48.5,18.82,278441.09,27.51
490495.14,48.52,18.84,278410.15,27.54
490197.02,48.54,18.86,278494.85,27.57
489898.89,48.55,18.87,278640.01,27.62
489603.08,48.57,18.89,278401.65,27.62
489183.85,48.55,18.87,277969.66,27.59
488884.94,48.57,18.89,278661.0,27.69
488616.77,48.59,18.91,278653.84,27.71
488304.01,48.59,18.9,278678.27,27.73
488204.06,48.61,18.93,278156.52,27.7
487824.16,48.62,18.94,278196.55,27.73
487970.84,48.66,18.98,278177.62,27.74
487970.84,48.66,18.98,278177.62,27.74
487970.84,48.66,18.98,278177.62,27.74
487586.03,48.65,18.97,278271.47,27.76
487287.91,48.67,18.98,278221.66,27.79
487434.58,48.7,19.02,278172.66,27.79
487052.88,48.69,19.01,279317.53,27.92
487225.51,48.73,19.05,279337.04,27.94
487225.51,48.73,19.05,279337.04,27.94
487402.14,48.77,19.09,279341.89,27.95
487402.14,48.77,19.09,279341.89,27.95
487292.24,48.8,19.12,279321.92,27.97
486994.11,48.82,19.13,279360.59,28.0
486994.11,48.82,19.13,279360.59,28.0
486695.99,48.84,19.15,279313.8,28.03
486695.99,48.84,19.15,279313.8,28.03
486695.99,48.84,19.15,279313.8,28.03
486695.99,48.84,19.15,279313.8,28.03
486311.18,48.82,19.14,279304.04,28.04
486015.38,48.84,19.16,279902.25,28.13
486015.38,48.84,19.16,279902.25,28.13
486015.38,48.84,19.16,279902.25,28.13
485852.14,48.85,19.16,279252.56,28.07
485852.14,48.85,19.16,279252.56,28.07
485583.97,48.87,19.18,279245.21,28.1
485302.88,48.89,19.21,279258.39,28.13
485211.19,48.92,19.24,278750.87,28.1
484875.49,48.93,19.25,279065.75,28.16
484577.36,48.95,19.27,279045.03,28.19
484732.43,48.99,19.31,279087.34,28.21
484434.3,49.01,19.33,279063.04,28.23
484326.73,49.04,19.36,279040.21,28.25
484216.06,49.07,19.39,279040.23,28.28
484216.06,49.07,19.39,279040.23,28.28
484216.06,49.07,19.39,279040.23,28.28
484106.17,49.1,19.41,279728.96,28.37
483732.97,49.08,19.4,279127.93,28.32
483433.3,49.1,19.42,279665.9,28.41
483165.12,49.13,19.44,279670.41,28.44
483303.41,49.16,19.48,279682.32,28.45
482917.0,49.15,19.46,279658.33,28.46
482618.87,49.17,19.48,279636.41,28.49
482320.74,49.19,19.5,279851.58,28.54
482443.85,49.23,19.54,279641.86,28.53
482443.85,49.23,19.54,279641.86,28.53
482333.18,49.26,19.57,279627.52,28.56
482035.06,49.28,19.59,280254.09,28.65
481735.38,49.3,19.61,280204.68,28.67
481467.21,49.32,19.63,280203.75,28.7
481265.02,49.31,19.62,280062.65,28.7
481265.02,49.31,19.62,280062.65,28.7
481155.13,49.34,19.65,280041.1,28.72
481155.13,49.34,19.65,280041.1,28.72
481155.13,49.34,19.65,280041.1,28.72
480857.0,49.36,19.67,280032.48,28.75
480857.0,49.36,19.67,280032.48,28.75
480747.11,49.39,19.7,280051.42,28.77
480451.3,49.41,19.72,280046.18,28.8
480152.4,49.43,19.74,280301.93,28.86
480044.65,49.43,19.74,280199.49,28.85
479746.52,49.45,19.76,280029.22,28.86
479446.85,49.47,19.78,280258.96,28.92
479178.67,49.49,19.8,280261.29,28.95
479068.78,49.52,19.83,280243.19,28.97
479068.78,49.52,19.83,280243.19,28.97
479068.78,49.52,19.83,280243.19,28.97
479215.46,49.56,19.87,280229.84,28.98
479215.46,49.56,19.87,280207.83,28.98
479215.46,49.56,19.87,280207.83,28.98
479105.56,49.59,19.9,280249.74,29.01
479105.56,49.59,19.9,280249.74,29.01
478809.76,49.61,19.92,280211.32,29.03
478809.76,49.61,19.92,280211.32,29.03
478809.76,49.61,19.92,280234.19,29.04
478510.85,49.63,19.94,280222.43,29.06
478212.73,49.65,19.96,280789.12,29.15
477913.05,49.67,19.98,280893.85,29.19
477777.72,49.7,20.01,280882.53,29.22
477509.55,49.72,20.03,280887.05,29.25
477211.42,49.74,20.05,280854.46,29.28
477240.56,49.78,20.09,280902.11,29.3
477240.56,49.78,20.09,280891.98,29.3
477240.56,49.78,20.09,280891.98,29.3
476855.76,49.76,20.07,280639.53,29.29
476538.14,49.75,20.06,280324.18,29.26
476621.69,49.79,20.1,280275.02,29.28
476325.89,49.81,20.12,280271.04,29.31
476026.98,49.83,20.14,280990.35,29.41
475737.76,49.85,20.16,280976.73,29.44
475894.92,49.89,20.2,281325.19,29.49
475626.75,49.92,20.22,281329.71,29.53
475626.75,49.92,20.22,281329.71,29.53
475328.62,49.94,20.25,281297.12,29.55
475218.73,49.97,20.28,281342.49,29.58
474920.6,49.99,20.3,281304.68,29.61
474920.6,49.99,20.3,281323.91,29.61
474624.79,50.01,20.32,281309.62,29.64
474624.79,50.01,20.32,281309.62,29.64
474325.89,50.03,20.34,281504.06,29.69
474148.33,50.03,20.33,281465.21,29.7
473850.2,50.05,20.35,281360.15,29.72
473850.2,50.05,20.35,281337.07,29.71
473850.2,50.05,20.35,281337.07,29.71
473995.33,50.09,20.39,281758.55,29.77
473727.16,50.11,20.42,281755.46,29.8
473727.16,50.11,20.42,281755.46,29.8
473727.16,50.11,20.42,281755.46,29.8
473727.16,50.11,20.42,281781.08,29.81
473727.16,50.11,20.42,281781.98,29.81
473727.16,50.11,20.42,281781.98,29.81
473727.16,50.11,20.42,281795.77,29.81
473727.16,50.11,20.42,281795.77,29.81
473727.16,50.11,20.42,281795.77,29.81
473510.81,50.1,20.41,281579.28,29.79
473510.81,50.1,20.41,281579.28,29.79
473126.01,50.09,20.39,281300.01,29.78
472827.88,50.11,20.41,281275.58,29.81
472827.88,50.11,20.41,281251.25,29.8
472827.88,50.11,20.41,281251.25,29.8
472529.76,50.13,20.43,281303.78,29.84
472529.76,50.13,20.43,281303.78,29.84
472231.63,50.15,20.45,281243.59,29.87
472231.63,50.15,20.45,281243.59,29.87
471935.82,50.17,20.48,281553.69,29.93
471935.82,50.17,20.48,281531.68,29.93
471636.92,50.19,20.5,281366.15,29.94
471368.75,50.22,20.52,281368.49,29.98
471070.62,50.24,20.54,281346.09,30.01
470772.49,50.26,20.57,281334.34,30.04
470474.37,50.28,20.59,281449.3,30.08
470178.56,50.31,20.61,281449.54,30.11
470077.58,50.34,20.64,281383.89,30.13
469957.22,50.37,20.67,281665.01,30.19
470103.12,50.41,20.71,281542.52,30.19
469813.91,50.43,20.74,282085.6,30.28
469693.55,50.46,20.77,282117.19,30.31
469425.38,50.49,20.79,282092.88,30.34
469267.42,50.48,20.78,281935.23,30.33
469267.42,50.48,20.78,281960.62,30.33
469157.52,50.51,20.81,281997.09,30.36
469157.52,50.51,20.81,282025.46,30.37
469157.52,50.51,20.81,282025.46,30.37
469157.52,50.51,20.81,282025.46,30.37
468859.39,50.54,20.84,281982.45,30.39
468601.1,50.53,20.83,281688.53,30.37
468364.35,50.52,20.82,281499.69,30.36
468364.35,50.52,20.82,281500.81,30.36
468066.22,50.54,20.84,281500.56,30.4
467770.41,50.56,20.86,281495.54,30.43
467770.41,50.56,20.86,281495.54,30.43
467770.41,50.56,20.86,281495.54,30.43
467890.43,50.61,20.9,281748.07,30.47
467890.43,50.61,20.9,281748.07,30.47
467890.43,50.61,20.9,281785.6,30.48
468037.1,50.65,20.95,281939.76,30.51
467737.43,50.67,20.97,282549.82,30.61
467469.25,50.7,20.99,282550.27,30.64
467359.36,50.73,21.03,282530.76,30.67
467249.46,50.76,21.06,282519.43,30.69
466951.34,50.78,21.08,282551.2,30.73
466951.34,50.78,21.08,282505.95,30.72
466843.77,50.82,21.11,282484.81,30.75
466544.86,50.84,21.14,282472.42,30.78
466246.74,50.86,21.16,282462.35,30.81
466246.74,50.86,21.16,282510.5,30.82
465947.06,50.89,21.18,283061.8,30.91
465947.06,50.89,21.18,283057.61,30.91
465657.86,50.87,21.17,282623.48,30.88
465389.68,50.9,21.19,282625.81,30.91
465091.56,50.92,21.22,282603.41,30.94
465091.56,50.92,21.22,282553.32,30.94
465091.56,50.92,21.22,282553.32,30.94
464981.66,50.95,21.25,282542.29,30.96
464981.66,50.95,21.25,282542.29,30.96
464387.73,51.0,21.3,282537.85,31.03
464088.83,51.02,21.32,282818.29,31.09
463765.27,51.04,21.34,282841.76,31.13
463444.03,51.07,21.36,282834.37,31.16
463444.03,51.07,21.36,282834.37,31.16
463154.81,51.09,21.39,282605.76,31.17
462770.0,51.07,21.37,282383.23,31.17
463005.15,51.12,21.42,282932.07,31.24
462736.98,51.14,21.44,282936.58,31.27
462438.85,51.17,21.47,282904.6,31.3
462438.85,51.17,21.47,282958.43,31.31
462140.73,51.19,21.49,283009.23,31.35
461842.6,51.22,21.51,282962.35,31.38
461546.79,51.24,21.54,282979.34,31.42
461546.79,51.24,21.54,282979.34,31.42
461546.79,51.24,21.54,282979.34,31.42
461546.79,51.24,21.54,282979.34,31.42
461546.79,51.24,21.54,282941.23,31.41
461033.06,51.22,21.52,282543.22,31.39
460734.15,51.24,21.54,282545.57,31.43
460734.15,51.24,21.54,282563.99,31.43
460734.15,51.24,21.54,282563.99,31.43
460436.03,51.27,21.56,282564.82,31.46
460436.03,51.27,21.56,282564.82,31.46
460136.35,51.29,21.59,282517.67,31.49
459147.97,51.24,21.53,281530.49,31.42
458879.8,51.27,21.56,281530.93,31.45
458581.67,51.29,21.59,281502.42,31.48
458283.54,51.31,21.61,281506.01,31.52
458283.54,51.31,21.61,281506.01,31.52
458404.33,51.36,21.65,281535.86,31.54
458108.53,51.38,21.68,281495.55,31.57
458254.43,51.43,21.72,281905.19,31.64
458254.43,51.43,21.72,281890.02,31.63
457956.3,51.45,21.75,281741.75,31.65
457844.85,51.48,21.78,282286.59,31.74
457576.68,51.51,21.81,282291.11,31.78
457278.55,51.54,21.83,282261.14,31.81
457168.66,51.57,21.87,282255.48,31.84
456966.48,51.56,21.86,282262.42,31.85
456750.27,51.55,21.84,282048.32,31.83
456596.52,51.55,21.84,281832.52,31.82
456596.52,51.55,21.84,281832.52,31.82
456298.39,51.57,21.87,281859.77,31.86
456298.39,51.57,21.87,281859.77,31.86
456298.39,51.57,21.87,281903.6,31.86
456455.78,51.62,21.91,281874.22,31.87
456455.78,51.62,21.91,281893.51,31.88
456219.32,51.61,21.9,282122.87,31.91
456365.22,51.65,21.95,282028.25,31.92
456067.09,51.68,21.97,281959.12,31.95
456067.09,51.68,21.97,281959.12,31.95
456067.09,51.68,21.97,281955.04,31.95
455767.41,51.7,21.99,282729.24,32.07
455631.31,51.73,22.03,282728.37,32.1
455631.31,51.73,22.03,282728.37,32.1
455631.31,51.73,22.03,282728.37,32.1
455251.54,51.72,22.01,282341.27,32.07
455428.17,51.77,22.06,282346.12,32.09
455318.27,51.8,22.09,282326.15,32.12
455439.06,51.85,22.14,282356.79,32.14
455329.17,51.88,22.18,282336.52,32.17
455329.17,51.88,22.18,282336.52,32.17
455221.42,51.88,22.17,282228.77,32.16
455252.88,51.92,22.21,282207.28,32.18
455142.21,51.95,22.25,282200.61,32.21
455142.21,51.95,22.25,282200.61,32.21
454146.09,51.9,22.19,281203.32,32.14
453847.96,51.92,22.22,282537.42,32.33
453548.28,51.95,22.24,282512.16,32.36
453548.28,51.95,22.24,282512.16,32.36
453548.28,51.95,22.24,282512.16,32.36
453163.48,51.93,22.23,282565.97,32.38
453163.48,51.93,22.23,282565.97,32.38
453163.48,51.93,22.23,282565.97,32.38
452895.31,51.96,22.25,282566.41,32.42
452597.18,51.99,22.28,282537.9,32.45
452597.18,51.99,22.28,282537.9,32.45
452743.85,52.03,22.32,282573.12,32.48
452445.73,52.06,22.35,282551.11,32.51
452149.92,52.08,22.38,282970.67,32.6
452149.92,52.08,22.38,282970.67,32.6
451851.02,52.11,22.4,282957.98,32.63
451582.85,52.14,22.43,282962.49,32.67
451284.72,52.17,22.46,282940.98,32.71
451045.3,52.17,22.46,282938.86,32.72
451045.3,52.17,22.46,282938.86,32.72
450747.17,52.19,22.48,282995.92,32.77
450776.31,52.23,22.52,282938.38,32.79
450668.74,52.27,22.56,282921.83,32.81
450558.07,52.31,22.6,282918.06,32.85
450268.87,52.29,22.58,282614.96,32.82
449970.75,52.32,22.61,283310.7,32.94
449671.07,52.35,22.63,283233.73,32.97
449784.57,52.39,22.68,283229.05,32.99
449487.31,52.38,22.67,282876.09,32.96
449189.18,52.41,22.69,282854.28,33.0
448891.05,52.43,22.72,282896.14,33.04
448891.05,52.43,22.72,282896.14,33.04
448592.92,52.46,22.75,282859.5,33.08
448297.12,52.49,22.77,282846.53,33.11
447998.22,52.51,22.8,283036.42,33.18
447700.09,52.54,22.82,282837.7,33.19
447400.41,52.56,22.85,283205.78,33.27
447400.41,52.56,22.85,283205.78,33.27
447132.24,52.6,22.88,283203.35,33.31
446834.11,52.62,22.91,283177.71,33.35
446724.22,52.66,22.94,283210.3,33.38
446724.22,52.66,22.94,283210.3,33.38
446724.22,52.66,22.94,283210.3,33.38
446614.32,52.7,22.98,283192.68,33.41
446318.52,52.72,23.01,283180.86,33.45
446318.52,52.72,23.01,283180.86,33.45
446207.85,52.76,23.05,283168.1,33.48
445909.72,52.79,23.07,283732.76,33.59
445909.72,52.79,23.07,283750.52,33.59
443554.65,53.01,23.29,283699.98,33.91
443554.65,53.01,23.29,283701.11,33.91
443554.65,53.01,23.29,283701.11,33.91
443254.98,53.04,23.32,283607.93,33.94
442986.8,53.07,23.35,283606.67,33.98
442688.68,53.1,23.38,283579.86,34.01
442390.55,53.13,23.41,283902.71,34.09
442390.55,53.13,23.41,283902.71,34.09
442092.42,53.15,23.43,283824.38,34.13
442268.15,53.21,23.48,283741.53,34.13
442148.57,53.24,23.52,284805.82,34.3
442148.57,53.24,23.52,284805.82,34.3
442148.57,53.24,23.52,284805.82,34.3
441880.4,53.28,23.55,284804.89,34.34
441880.4,53.28,23.55,284804.89,34.34
441582.27,53.3,23.58,284780.37,34.38
441490.58,53.34,23.62,284442.71,34.37
441490.58,53.34,23.62,284420.69,34.37
441490.58,53.34,23.62,284443.56,34.37
441192.45,53.37,23.65,284617.54,34.43
441139.99,53.4,23.67,284527.54,34.44
441169.13,53.44,23.72,284516.53,34.47
441043.44,53.46,23.73,284675.06,34.5
440724.2,53.44,23.72,284356.36,34.48
440724.2,53.44,23.72,284341.15,34.48
440428.4,53.47,23.74,284297.68,34.51
440646.35,53.53,23.8,285739.93,34.71
440536.32,53.56,23.84,285401.18,34.7
440272.49,53.6,23.87,285220.75,34.72
440272.49,53.6,23.87,285220.75,34.72
440272.49,53.6,23.87,285220.75,34.72
440272.49,53.6,23.87,285220.75,34.72
440004.32,53.63,23.91,285217.77,34.76
440004.32,53.63,23.91,285217.77,34.76
440150.99,53.68,23.95,285194.66,34.78
440150.99,53.68,23.95,285194.66,34.78
440234.54,53.73,24.0,285237.12,34.81
440234.54,53.73,24.0,285237.12,34.81
439936.42,53.76,24.03,285215.23,34.85
439828.85,53.8,24.07,285188.87,34.88
439529.94,53.83,24.1,285491.27,34.96
439231.82,53.86,24.13,285561.23,35.01
439231.82,53.86,24.13,285561.23,35.01
439120.37,53.9,24.17,286047.94,35.11
438778.69,53.88,24.15,285712.4,35.08
438393.89,53.86,24.13,285644.05,35.09
438172.84,53.85,24.12,285503.97,35.09
437904.67,53.88,24.16,285506.3,35.13
438051.34,53.93,24.2,285480.77,35.15
437753.21,53.96,24.23,285586.22,35.2
437455.09,53.99,24.26,285474.56,35.23
437347.52,54.03,24.3,285470.96,35.27
437050.25,54.02,24.29,285245.91,35.26
436751.34,54.05,24.32,285795.44,35.37
436462.13,54.08,24.35,285539.04,35.38
436150.4,54.07,24.34,285849.78,35.44
435882.23,54.11,24.38,285842.35,35.48
436031.17,54.16,24.43,285999.25,35.52
435739.49,54.14,24.41,285660.06,35.49
435739.49,54.14,24.41,285660.06,35.49
436057.06,54.2,24.47,285721.96,35.51
435758.93,54.23,24.5,285661.67,35.55
435443.99,54.22,24.49,285636.84,35.57
435443.99,54.22,24.49,285655.37,35.57
435145.86,54.25,24.52,285912.85,35.64
435145.86,54.25,24.52,285912.85,35.64
435294.86,54.3,24.57,285832.79,35.65
434910.05,54.28,24.55,285776.91,35.67
434910.05,54.28,24.55,285776.91,35.67
434910.05,54.28,24.55,285776.91,35.67
434752.09,54.27,24.54,285619.58,35.66
434752.09,54.27,24.54,285638.22,35.66
434752.09,54.27,24.54,285638.22,35.66
434453.19,54.3,24.57,286049.21,35.75
434191.08,54.34,24.61,285988.67,35.79
434043.62,54.38,24.64,285996.8,35.83
433775.44,54.41,24.68,285997.24,35.87
433804.58,54.46,24.72,285970.04,35.9
433507.32,54.44,24.71,286006.24,35.92
433209.19,54.47,24.74,285980.8,35.96
433454.8,54.53,24.79,285963.91,35.97
433454.8,54.53,24.79,285963.91,35.97
433454.8,54.53,24.79,285963.91,35.97
433234.04,54.51,24.78,285790.39,35.96
432938.24,54.55,24.81,285960.76,36.03
432938.24,54.55,24.81,285938.26,36.03
432639.34,54.58,24.84,285792.64,36.05
432341.21,54.61,24.87,285759.29,36.09
432229.77,54.65,24.91,286485.5,36.22
431961.59,54.69,24.95,286490.02,36.27
431663.46,54.72,24.98,286457.43,36.31
431553.57,54.76,25.02,286502.8,36.35
431553.57,54.76,25.02,286513.07,36.36
431553.57,54.76,25.02,286513.07,36.36
431039.83,54.74,25.0,285999.6,36.32
431039.83,54.74,25.0,285999.6,36.32
431039.83,54.74,25.0,285999.6,36.32
430741.71,54.77,25.03,285973.03,36.36
430445.9,54.8,25.06,285951.11,36.41
430335.23,54.85,25.11,285942.78,36.44
430556.72,54.9,25.16,286615.98,36.55
430337.86,54.89,25.15,286241.65,36.51
430038.18,54.93,25.19,286608.24,36.61
430223.2,54.98,25.24,286608.72,36.63
429925.08,55.01,25.27,286582.19,36.67
429626.95,55.05,25.31,286628.68,36.72
429328.82,55.08,25.34,286580.97,36.77
429328.82,55.08,25.34,286580.97,36.77
429033.02,55.11,25.37,286738.28,36.83
429033.02,55.11,25.37,286738.28,36.83
428734.11,55.14,25.4,286689.59,36.87
428435.99,55.18,25.43,286633.09,36.91
428136.31,55.21,25.47,287014.65,37.01
428136.31,55.21,25.47,287014.65,37.01
427868.14,55.25,25.5,287007.22,37.06
427583.36,55.24,25.49,286718.45,37.04
427583.36,55.24,25.49,286718.45,37.04
427285.23,55.27,25.52,286810.63,37.1
426987.11,55.3,25.56,286696.91,37.13
427232.71,55.36,25.61,286693.64,37.15
426936.91,55.39,25.64,286962.27,37.23
426638.01,55.42,25.68,286896.07,37.27
426528.11,55.47,25.72,286775.4,37.29
426528.11,55.47,25.72,286775.72,37.29
426259.94,55.5,25.76,286757.7,37.34
425960.26,55.54,25.79,287410.72,37.47
425662.14,55.57,25.82,287461.11,37.53
425364.01,55.6,25.86,287433.27,37.57
425065.88,55.64,25.89,287407.01,37.62
424770.08,55.67,25.92,287411.36,37.67
424471.17,55.71,25.96,287689.94,37.76
424471.17,55.71,25.96,287689.94,37.76
424471.17,55.71,25.96,287689.94,37.76
424209.07,55.75,26.0,287577.35,37.79
421854.0,56.02,26.27,287526.82,38.19
421527.0,56.02,26.26,287166.86,38.16
421379.53,56.06,26.3,287141.88,38.2
421379.53,56.06,26.3,287141.88,38.2
421111.36,56.1,26.34,287144.21,38.25
421111.36,56.1,26.34,287145.43,38.25
421001.46,56.14,26.39,287127.33,38.29
421001.46,56.14,26.39,287127.33,38.29
420703.34,56.18,26.42,287177.22,38.35
420405.21,56.21,26.46,287135.93,38.39
420109.4,56.25,26.49,287109.53,38.44
419810.5,56.28,26.53,287102.46,38.49
419512.37,56.32,26.56,287393.15,38.58
419512.37,56.32,26.56,287393.15,38.58
419512.37,56.32,26.56,287393.15,38.58
419756.43,56.37,26.62,287687.7,38.64
419549.32,56.37,26.62,287607.03,38.64
419549.32,56.37,26.62,287607.03,38.64
419413.99,56.41,26.66,288302.38,38.78
419145.81,56.45,26.7,288306.9,38.83
418847.69,56.49,26.74,288274.31,38.88
418549.56,56.53,26.77,288272.93,38.93
418251.43,56.56,26.81,288304.06,38.99
418251.43,56.56,26.81,288282.04,38.99
418251.43,56.56,26.81,288307.04,38.99
417955.63,56.6,26.84,288621.3,39.08
417862.78,56.65,26.89,288759.99,39.15
417642.02,56.64,26.88,288498.08,39.12
417523.22,56.68,26.93,288144.19,39.12
417306.88,56.67,26.91,287940.01,39.1
417148.91,56.66,26.9,287787.62,39.09
417306.07,56.72,26.96,288413.65,39.2
417169.19,56.76,27.01,288600.22,39.27
416901.02,56.8,27.05,288590.51,39.32
416901.02,56.8,27.05,288628.05,39.33
416602.89,56.84,27.08,288670.99,39.39
416602.89,56.84,27.08,288686.02,39.39
416304.76,56.88,27.12,288645.92,39.44
416304.76,56.88,27.12,288645.92,39.44
416304.76,56.88,27.12,288645.92,39.44
416194.87,56.92,27.17,288627.61,39.48
415899.07,56.96,27.2,288622.22,39.53
415600.16,57.0,27.24,288751.21,39.6
415302.03,57.04,27.28,288613.23,39.64
415002.36,57.07,27.31,288787.6,39.72
414785.62,57.06,27.3,288574.21,39.7
414517.45,57.1,27.34,288573.28,39.75
414517.45,57.1,27.34,288573.28,39.75
414517.45,57.1,27.34,288573.28,39.75
414219.32,57.14,27.38,288546.14,39.8
414012.42,57.13,27.37,288315.56,39.79
414012.42,57.13,27.37,288270.31,39.78
414012.42,57.13,27.37,288270.31,39.78
413714.29,57.17,27.41,288356.0,39.85
413416.16,57.21,27.44,288271.83,39.89
413013.95,57.19,27.43,287934.53,39.87
412906.38,57.24,27.47,287928.98,39.91
412906.38,57.24,27.47,287925.97,39.91
412906.38,57.24,27.47,287977.57,39.92
413052.28,57.29,27.53,288421.72,40.01
412754.15,57.33,27.57,288313.04,40.05
412642.71,57.38,27.62,288598.3,40.13
412642.71,57.38,27.62,288598.3,40.13
412642.71,57.38,27.62,288598.3,40.13
412642.71,57.38,27.62,288598.3,40.13
412642.71,57.38,27.62,288598.3,40.13
412374.54,57.42,27.66,288602.82,40.19
412374.54,57.42,27.66,288602.82,40.19
412076.41,57.46,27.7,288572.85,40.24
411966.52,57.51,27.75,288567.2,40.29
411668.39,57.55,27.79,288583.54,40.34
411514.64,57.55,27.78,288610.96,40.36
411218.83,57.59,27.82,288592.42,40.41
410919.93,57.63,27.86,288585.08,40.47
411165.54,57.69,27.92,289122.13,40.56
411054.1,57.74,27.97,289424.5,40.65
410974.16,57.79,28.02,289433.45,40.7
410676.03,57.83,28.06,289397.14,40.75
410566.14,57.88,28.11,289415.8,40.8
410305.08,57.87,28.1,289155.69,40.78
410305.08,57.87,28.1,289155.69,40.78
409791.35,57.85,28.08,288708.35,40.75
409681.45,57.9,28.13,288739.67,40.81
409681.45,57.9,28.13,288739.67,40.81
409385.65,57.94,28.17,288861.8,40.88
409086.75,57.98,28.21,289516.48,41.03
408818.57,58.02,28.25,289513.4,41.09
408818.57,58.02,28.25,289513.4,41.09
408520.45,58.06,28.29,289488.41,41.14
408362.48,58.05,28.28,289334.73,41.13
408064.35,58.09,28.32,289442.69,41.21
407766.23,58.13,28.36,289409.94,41.26
407470.42,58.17,28.4,289462.41,41.33
407181.2,58.22,28.44,288882.32,41.3
406872.62,58.25,28.48,289179.96,41.4
406604.44,58.3,28.52,289184.47,41.46
406323.36,58.34,28.57,289700.98,41.6
406231.67,58.4,28.62,289402.52,41.6
406084.2,58.44,28.67,289376.8,41.65
406084.2,58.44,28.67,289376.8,41.65
405786.08,58.49,28.71,289348.91,41.7
405676.18,58.54,28.76,289341.17,41.75
405378.05,58.58,28.8,289366.56,41.82
405378.05,58.58,28.8,289366.56,41.82
405161.71,58.57,28.79,289151.47,41.8
405161.71,58.57,28.79,289151.47,41.8
405284.83,58.63,28.85,289123.1,41.83
405284.83,58.63,28.85,289123.1,41.83
404985.92,58.67,28.89,289422.41,41.93
404687.79,58.72,28.94,289207.04,41.96
404388.12,58.76,28.98,289705.96,42.09
404388.12,58.76,28.98,289705.96,42.09
404388.12,58.76,28.98,289705.96,42.09
404564.75,58.82,29.04,289710.25,42.12
404564.75,58.82,29.04,289710.25,42.12
404266.62,58.86,29.08,289682.76,42.18
404266.62,58.86,29.08,289682.76,42.18
403968.49,58.91,29.13,289739.96,42.25
403670.36,58.95,29.17,289699.74,42.31
403374.56,58.99,29.21,289675.2,42.36
403374.56,58.99,29.21,289675.2,42.36
403075.66,59.04,29.25,290081.4,42.49
403075.66,59.04,29.25,290081.4,42.49
402967.69,59.03,29.25,289978.25,42.48
402678.48,59.07,29.29,289849.35,42.52
402558.12,59.13,29.34,290069.21,42.6
402478.18,59.18,29.4,290078.16,42.66
402276.0,59.17,29.39,289839.89,42.64
402276.0,59.17,29.39,289839.89,42.64
402396.79,59.24,29.46,289805.27,42.66
402396.79,59.24,29.46,289779.13,42.66
402396.79,59.24,29.46,289779.13,42.66
402098.66,59.28,29.5,289801.61,42.73
401713.86,59.27,29.48,289531.63,42.72
401415.73,59.31,29.53,289505.89,42.78
401415.73,59.31,29.53,289505.89,42.78
401415.73,59.31,29.53,289505.89,42.78
401119.93,59.36,29.57,289661.65,42.86
401009.26,59.41,29.62,289497.35,42.89
400711.13,59.45,29.67,290214.64,43.06
400711.13,59.45,29.67,290214.64,43.06
400411.45,59.5,29.71,290219.9,43.12
400143.28,59.55,29.76,290224.42,43.19
400143.28,59.55,29.76,290224.42,43.19
399845.15,59.59,29.8,290194.45,43.25
399735.26,59.65,29.86,290188.8,43.3
399881.93,59.71,29.92,290239.37,43.34
399586.13,59.76,29.96,290350.94,43.42
399586.13,59.76,29.96,290350.94,43.42
399383.95,59.75,29.95,290204.49,43.41
398999.14,59.73,29.94,290187.69,43.44
398999.14,59.73,29.94,290187.69,43.44
398730.97,59.78,29.99,290180.26,43.51
398730.97,59.78,29.99,290180.26,43.51
398449.89,59.83,30.04,290140.11,43.56
398201.6,59.88,30.09,290206.81,43.64
398185.26,59.94,30.14,290614.17,43.74
398331.94,60.0,30.21,290595.52,43.77
398331.94,60.0,30.21,290595.52,43.77
398033.81,60.05,30.25,290612.24,43.84
397735.68,60.09,30.3,290814.18,43.94
397439.88,60.14,30.34,291699.28,44.14
397171.7,60.19,30.39,291696.86,44.2
396878.1,60.24,30.44,291701.9,44.27
396509.26,60.21,30.42,291333.54,44.24
396538.4,60.28,30.48,291309.21,44.28
396371.67,60.29,30.5,291976.03,44.41
396073.55,60.34,30.55,292028.82,44.49
396073.55,60.34,30.55,292028.82,44.49
395775.42,60.39,30.59,291970.69,44.55
395924.42,60.45,30.66,291973.17,44.58
395625.51,60.5,30.71,292709.15,44.76
395363.41,60.55,30.76,292146.79,44.74
395048.65,60.6,30.8,292774.73,44.91
395048.65,60.6,30.8,292774.73,44.91
394780.48,60.65,30.85,292771.64,44.98
394482.35,60.7,30.9,292747.21,45.04
394482.35,60.7,30.9,292747.21,45.04
394098.57,60.68,30.88,292333.84,45.01
393988.67,60.74,30.94,292395.47,45.08
393690.55,60.79,30.99,292353.78,45.14
393532.58,60.78,30.98,292200.62,45.13
393236.78,60.83,31.03,292291.53,45.21
392937.88,60.88,31.07,292588.07,45.33
392937.88,60.88,31.07,292588.07,45.33
393101.85,60.94,31.14,292381.13,45.33
392833.68,61.0,31.19,292379.88,45.4
392713.33,61.06,31.25,292802.61,45.52
392415.2,61.1,31.3,292775.79,45.59
392415.2,61.1,31.3,292775.79,45.59
392032.0,61.09,31.29,292575.99,45.59
392178.68,61.16,31.35,292658.06,45.64
392068.79,61.22,31.41,292594.38,45.69
391772.98,61.27,31.46,292570.33,45.75
391388.18,61.25,31.45,293325.53,45.9
391107.09,61.3,31.5,293347.75,45.98
391107.09,61.3,31.5,293347.75,45.98
390838.92,61.36,31.55,293344.67,46.05
390838.92,61.36,31.55,293344.67,46.05
390540.79,61.41,31.6,293319.7,46.12
390242.66,61.46,31.65,293393.05,46.2
389944.54,61.51,31.7,293322.28,46.27
389648.73,61.56,31.75,293313.53,46.34
389648.73,61.56,31.75,293313.53,46.34
389694.92,61.63,31.82,294065.43,46.5
389694.92,61.63,31.82,294065.43,46.5
389576.11,61.69,31.88,293459.99,46.47
389576.11,61.69,31.88,293459.99,46.47
389733.27,61.76,31.95,294184.16,46.62
389461.53,61.75,31.94,294018.54,46.61
389198.26,61.8,31.99,293373.59,46.59
389337.17,61.87,32.06,293976.47,46.72
389337.17,61.87,32.06,293976.47,46.72
389201.84,61.93,32.12,293958.36,46.77
388933.67,61.99,32.18,293958.8,46.85
388823.78,62.05,32.24,293939.29,46.91
388823.78,62.05,32.24,293939.29,46.91
388525.65,62.1,32.29,293927.26,46.98
388672.32,62.17,32.36,293964.61,47.02
388376.52,62.22,32.41,293927.23,47.09
388077.62,62.27,32.46,293920.12,47.16
388077.62,62.27,32.46,293902.94,47.16
387779.49,62.33,32.51,294450.75,47.33
387534.61,62.39,32.57,294560.64,47.42
387399.28,62.45,32.64,294546.02,47.48
387131.1,62.5,32.69,294538.86,47.55
387277.78,62.58,32.76,294519.93,47.59
387277.78,62.58,32.76,294519.93,47.59
386979.65,62.63,32.82,294550.23,47.67
386979.65,62.63,32.82,294550.23,47.67
386681.52,62.68,32.87,294513.75,47.74
386681.52,62.68,32.87,294530.25,47.74
386681.52,62.68,32.87,294514.51,47.74
386492.02,62.67,32.86,294312.34,47.73
386107.22,62.66,32.85,294310.14,47.76
385838.14,62.72,32.9,295629.07,48.05
385718.56,62.78,32.97,295166.78,48.04
385470.28,62.84,33.03,294490.95,48.01
385291.17,62.9,33.08,294730.39,48.11
385023.0,62.96,33.14,294734.91,48.19
385023.0,62.96,33.14,294734.91,48.19
384724.87,63.01,33.19,294710.32,48.27
384724.87,63.01,33.19,294728.75,48.27
384614.98,63.08,33.26,294717.71,48.33
384316.85,63.13,33.31,294740.08,48.42
384021.05,63.19,33.37,294717.56,48.49
384021.05,63.19,33.37,294717.56,48.49
383722.15,63.24,33.42,295044.32,48.63
383612.25,63.31,33.49,295079.99,48.7
383332.75,63.29,33.48,294788.67,48.67
383221.31,63.36,33.54,294912.63,48.76
383280.4,63.44,33.62,294891.35,48.81
382942.57,63.42,33.6,294571.36,48.79
382784.61,63.41,33.59,294417.94,48.77
382939.67,63.49,33.66,294458.53,48.82
382641.55,63.54,33.72,294433.67,48.89
382641.55,63.54,33.72,294411.4,48.89
382531.65,63.61,33.79,294396.46,48.95
382235.85,63.67,33.84,294439.7,49.04
381936.95,63.72,33.9,294400.19,49.12
381638.82,63.78,33.95,294377.42,49.2
381339.14,63.84,34.01,295329.05,49.44
381452.65,63.92,34.09,295324.37,49.49
381452.65,63.92,34.09,295350.89,49.49
381452.65,63.92,34.09,295350.89,49.49
381294.68,63.91,34.08,295193.97,49.48
380996.56,63.97,34.14,295172.17,49.56
380613.36,63.95,34.12,294758.01,49.53
380760.03,64.03,34.2,294810.38,49.57
380461.91,64.08,34.25,294771.78,49.65
380461.91,64.08,34.25,294771.78,49.65
380077.1,64.07,34.24,294750.7,49.69
379781.3,64.13,34.3,295301.83,49.86
379500.22,64.19,34.36,295347.34,49.96
379292.68,64.18,34.35,295176.2,49.95
379292.68,64.18,34.35,295195.6,49.95
379173.88,64.25,34.41,294670.11,49.93
378865.29,64.3,34.47,295216.69,50.11
378597.12,64.37,34.53,295219.02,50.19
378597.12,64.37,34.53,295219.02,50.19
378597.12,64.37,34.53,295219.02,50.19
378298.99,64.43,34.59,295196.63,50.27
378445.67,64.5,34.67,295250.69,50.32
378445.67,64.5,34.67,295250.69,50.32
378147.54,64.56,34.73,295213.11,50.4
378147.54,64.56,34.73,295213.11,50.4
377762.74,64.55,34.71,295183.34,50.44
377655.17,64.62,34.78,295180.84,50.51
377356.26,64.68,34.84,295485.96,50.65
377356.26,64.68,34.84,295485.96,50.65
377067.05,64.74,34.9,295272.29,50.7
377067.05,64.74,34.9,295272.29,50.7
377067.05,64.74,34.9,295272.29,50.7
376758.46,64.8,34.96,295413.48,50.81
376417.17,64.78,34.94,295066.51,50.78
376149.0,64.85,35.01,295063.22,50.87
376149.0,64.85,35.01,295063.22,50.87
376149.0,64.85,35.01,295063.22,50.87
376149.0,64.85,35.01,295063.22,50.87
376295.68,64.92,35.08,295040.42,50.91
375920.87,64.91,35.07,295105.26,50.96
375920.87,64.91,35.07,295105.26,50.96
375920.87,64.91,35.07,295105.26,50.96
376067.55,64.99,35.15,295067.06,50.99
376067.55,64.99,35.15,295067.06,50.99
376067.55,64.99,35.15,295067.06,50.99
375957.65,65.06,35.22,295038.41,51.06
375989.12,65.14,35.3,295510.72,51.2
375604.32,65.13,35.28,295494.82,51.24
375780.95,65.21,35.37,295499.67,51.28
375780.95,65.21,35.37,295499.67,51.28
375780.95,65.21,35.37,295499.67,51.28
375482.82,65.27,35.43,295468.73,51.36
375389.97,65.35,35.5,295139.07,51.38
375082.93,65.41,35.56,295933.18,51.61
375082.93,65.41,35.56,295933.18,51.61
374698.13,65.39,35.55,296007.69,51.66
374698.13,65.39,35.55,296007.69,51.66
374577.78,65.47,35.62,296056.41,51.74
374279.65,65.53,35.68,296004.83,51.82
374434.72,65.61,35.76,295974.68,51.86
374434.72,65.61,35.76,295974.68,51.86
374466.18,65.69,35.84,296665.6,52.04
374466.18,65.69,35.84,296643.59,52.04
374142.62,65.75,35.9,296667.05,52.13
374188.8,65.83,35.99,296699.14,52.2
374188.8,65.83,35.99,296699.14,52.2
373920.63,65.9,36.05,296698.22,52.29
373622.5,65.96,36.12,296671.08,52.38
373366.87,65.97,36.13,296374.42,52.37
373068.74,66.04,36.19,296697.27,52.52
372770.62,66.1,36.25,296612.09,52.6
372946.34,66.19,36.34,296536.09,52.63
372678.17,66.26,36.41,296520.87,52.72
372678.17,66.26,36.41,296520.87,52.72
372678.17,66.26,36.41,296543.56,52.72
372824.84,66.34,36.49,296596.34,52.78
372617.31,66.33,36.48,296356.04,52.75
372289.62,66.39,36.54,297130.71,52.99
371874.12,66.43,36.58,296658.75,53.0
371575.99,66.5,36.65,296634.37,53.09
371277.87,66.56,36.71,296602.07,53.18
370982.06,66.63,36.78,297685.49,53.47
370707.52,66.62,36.77,297449.18,53.45
370399.71,66.68,36.83,298357.52,53.71
370308.02,66.77,36.91,298028.13,53.73
370027.12,66.84,36.98,297935.03,53.81
369739.29,66.82,36.97,297665.05,53.8
369628.62,66.9,37.04,297085.1,53.77
369360.45,66.97,37.12,297084.17,53.87
369360.45,66.97,37.12,297072.62,53.87
369047.69,66.97,37.12,296905.44,53.88
368749.56,67.04,37.18,296880.92,53.97
368451.43,67.11,37.25,296933.65,54.08
368153.31,67.18,37.32,296935.09,54.18
368153.31,67.18,37.32,296935.09,54.18
368153.31,67.18,37.32,296935.09,54.18
367857.5,67.25,37.39,296986.65,54.29
367916.6,67.34,37.48,296988.0,54.35
367916.6,67.34,37.48,297003.07,54.36
367916.6,67.34,37.48,297003.07,54.36
367916.6,67.34,37.48,297003.07,54.36
367618.47,67.4,37.54,296977.76,54.45
367518.52,67.49,37.63,297424.44,54.62
367140.38,67.54,37.68,297050.06,54.65
367140.38,67.54,37.68,297050.06,54.65
367295.45,67.63,37.76,297107.67,54.7
367184.78,67.71,37.84,297559.72,54.87
367184.78,67.71,37.84,297559.72,54.87
366886.66,67.78,37.91,297515.96,54.96
366503.46,67.77,37.9,297492.08,55.01
366503.46,67.77,37.9,297492.08,55.01
366402.48,67.85,37.98,297353.39,55.06
366093.89,67.92,38.05,297286.56,55.15
365824.81,67.99,38.13,299016.6,55.58
365556.64,68.07,38.2,299013.52,55.68
365556.64,68.07,38.2,299013.52,55.68
365703.31,68.16,38.29,298990.52,55.72
365703.31,68.16,38.29,298990.52,55.72
365405.19,68.23,38.36,299048.45,55.84
365107.06,68.3,38.43,299040.54,55.94
365107.06,68.3,38.43,299040.54,55.94
364811.26,68.37,38.5,298996.32,56.04
364811.26,68.37,38.5,298996.32,56.04
364512.35,68.45,38.57,299753.49,56.29
364244.18,68.52,38.65,299738.35,56.39
363946.05,68.6,38.72,299725.42,56.49
363946.05,68.6,38.72,299725.42,56.49
363647.92,68.67,38.8,299801.14,56.61
363349.8,68.74,38.87,299898.86,56.74
363087.69,68.82,38.95,299411.61,56.75
362819.52,68.9,39.03,299410.36,56.86
362767.06,68.96,39.08,299880.09,57.0
362641.07,68.97,39.1,298607.47,56.8
362641.07,68.97,39.1,298607.47,56.8
362641.07,68.97,39.1,298607.47,56.8
362397.75,69.0,39.12,298313.12,56.8
362397.75,69.0,39.12,298313.12,56.8
362438.05,69.09,39.21,299542.89,57.1
362330.48,69.17,39.29,299361.4,57.15
362330.48,69.17,39.29,299361.4,57.15
362476.38,69.26,39.38,300279.36,57.38
362476.38,69.26,39.38,300279.36,57.38
362476.38,69.26,39.38,300279.36,57.38
362178.25,69.34,39.46,300252.55,57.48
361880.12,69.41,39.53,300440.22,57.63
361620.47,69.5,39.62,299843.63,57.62
361668.9,69.59,39.71,300557.74,57.83
361374.17,69.58,39.7,300272.18,57.81
361076.05,69.66,39.77,300096.98,57.89
361076.05,69.66,39.77,300111.02,57.9
361076.05,69.66,39.77,300096.98,57.89
360968.48,69.74,39.86,300106.88,57.98
360648.86,69.73,39.85,299756.97,57.96
360367.77,69.81,39.93,299972.54,58.11
360367.77,69.81,39.93,299988.43,58.12
360676.44,69.9,40.02,300640.02,58.27
360416.86,69.99,40.1,300552.89,58.36
360283.86,70.07,40.19,300539.69,58.45
360015.68,70.16,40.27,300544.2,58.57
359859.99,70.16,40.28,300428.18,58.57
359561.86,70.24,40.35,300406.67,58.68
359708.53,70.33,40.45,300393.83,58.73
359410.41,70.41,40.52,300591.46,58.89
359410.41,70.41,40.52,300591.46,58.89
359410.41,70.41,40.52,300589.46,58.89
359410.41,70.41,40.52,300589.46,58.89
358963.16,70.39,40.5,300130.62,58.85
358855.59,70.48,40.59,299929.09,58.91
358855.59,70.48,40.59,299929.09,58.91
358855.59,70.48,40.59,299929.09,58.91
358470.78,70.47,40.58,299929.22,58.96
358470.78,70.47,40.58,299929.22,58.96
358470.78,70.47,40.58,299929.22,58.96
358470.78,70.47,40.58,299929.22,58.96
358189.7,70.55,40.66,300142.44,59.12
357882.66,70.63,40.74,300371.77,59.28
358189.78,70.72,40.83,300591.05,59.35
358053.67,70.81,40.92,300911.52,59.51
357785.5,70.9,41.01,300909.59,59.63
357462.87,70.9,41.01,300773.91,59.66
357462.87,70.9,41.01,300773.91,59.66
357164.74,70.98,41.09,300748.3,59.77
356866.61,71.06,41.17,300779.83,59.89
357021.68,71.16,41.27,300757.4,59.95
356725.88,71.24,41.35,300743.76,60.06
356725.88,71.24,41.35,300743.76,60.06
356426.97,71.33,41.43,300980.78,60.23
356128.85,71.41,41.52,301022.52,60.36
356017.4,71.5,41.61,301238.04,60.5
356017.4,71.5,41.61,301238.04,60.5
355882.07,71.59,41.7,301593.41,60.67
355745.19,71.68,41.79,301855.85,60.82
355477.02,71.77,41.88,301856.29,60.95
355093.83,71.76,41.87,301598.9,60.95
354795.7,71.85,41.96,301570.39,61.07
354795.7,71.85,41.96,301570.39,61.07
354795.7,71.85,41.96,301570.39,61.07
354685.8,71.94,42.05,301607.11,61.18
354387.68,72.03,42.14,301595.42,61.3
354091.87,72.12,42.22,301572.36,61.42
353981.2,72.21,42.32,301558.68,61.52
353871.31,72.31,42.42,302114.3,61.73
353759.87,72.41,42.51,302274.9,61.87
353679.93,72.51,42.62,302283.85,61.97
353901.42,72.61,42.72,302249.9,62.01
353901.42,72.61,42.72,302249.9,62.01
353791.52,72.71,42.81,302284.91,62.12
353351.9,72.7,42.8,302255.58,62.19
353498.58,72.8,42.9,302243.05,62.25
353202.78,72.89,42.99,302385.34,62.4
352903.87,72.98,43.08,302282.19,62.51
352793.98,73.08,43.18,302235.91,62.61
352793.98,73.08,43.18,302235.91,62.61
352793.98,73.08,43.18,302235.91,62.61
352494.3,73.17,43.27,303284.1,62.95
352494.3,73.17,43.27,303284.1,62.95
352200.69,73.26,43.36,303285.55,63.08
351825.89,73.25,43.36,302864.57,63.06
351502.33,73.34,43.45,302837.75,63.18
351502.33,73.34,43.45,302837.75,63.18
351502.33,73.34,43.45,302837.75,63.18
351407.04,73.47,43.58,302245.58,63.19
351083.48,73.56,43.67,302271.79,63.33
350603.67,73.58,43.69,301856.71,63.35
350468.34,73.68,43.79,301840.63,63.45
350147.1,73.76,43.88,301823.91,63.58
350010.99,73.86,43.99,301818.8,63.69
350010.99,73.86,43.99,301818.8,63.69
350106.34,73.97,44.09,302492.71,63.91
349969.46,74.07,44.19,302738.32,64.07
349675.86,74.16,44.29,302745.55,64.21
349675.86,74.16,44.29,302745.55,64.21
349540.53,74.26,44.4,302728.39,64.31
349540.53,74.26,44.4,302728.39,64.31
349544.23,74.36,44.5,302711.23,64.4
349220.67,74.45,44.6,302735.23,64.54
349226.7,74.56,44.7,302720.43,64.63
348902.36,74.65,44.8,302703.86,64.76
348578.8,74.74,44.89,303437.44,65.06
348441.92,74.84,45.0,303681.85,65.23
348148.31,74.94,45.1,303686.89,65.37
348148.31,74.94,45.1,303686.89,65.37
347824.74,75.03,45.2,303693.15,65.51
347824.74,75.03,45.2,303693.15,65.51
348057.54,75.24,45.41,304307.28,65.78
348057.54,75.24,45.41,304307.28,65.78
347768.34,75.23,45.4,304063.57,65.78
347768.34,75.23,45.4,304063.57,65.78
347444.77,75.32,45.5,304040.77,65.91
347309.44,75.43,45.61,304025.93,66.03
347309.44,75.43,45.61,304025.93,66.03
347309.44,75.43,45.61,304025.93,66.03
347309.44,75.43,45.61,304025.93,66.03
346988.21,75.52,45.7,304018.93,66.17
346663.87,75.61,45.8,304129.19,66.34
346340.3,75.71,45.9,304011.04,66.46
346015.19,75.8,46.0,304188.17,66.64
346015.19,75.8,46.0,304188.17,66.64
345717.92,75.79,45.99,303792.25,66.6
345424.31,75.89,46.1,303792.53,66.75
345424.31,75.89,46.1,303792.53,66.75
345100.75,75.99,46.2,303766.89,66.89
344803.48,75.98,46.19,303598.45,66.9
344479.92,76.07,46.29,303623.81,67.05
344538.03,76.19,46.4,303601.59,67.13
344405.03,76.29,46.52,303592.25,67.25
344525.49,76.4,46.62,303862.84,67.38
344525.49,76.4,46.62,303862.84,67.38
344201.93,76.5,46.73,303846.99,67.53
344258.49,76.61,46.84,304940.32,67.86
343964.88,76.72,46.95,304945.36,68.01
343641.32,76.82,47.06,304914.96,68.16
343317.76,76.91,47.16,304940.94,68.32
342932.95,76.91,47.16,304501.16,68.29
342609.39,77.01,47.26,304482.86,68.44
342732.95,77.12,47.38,304468.7,68.51
342732.95,77.12,47.38,304468.7,68.51
342391.27,77.11,47.36,304195.57,68.5
342066.94,77.21,47.47,304357.98,68.7
342066.94,77.21,47.47,304357.98,68.7
341863.58,77.2,47.47,304105.9,68.67
341863.58,77.2,47.47,304105.9,68.67
341488.78,77.2,47.46,303948.1,68.71
341353.45,77.31,47.58,303934.19,68.83
341353.45,77.31,47.58,303934.19,68.83
341353.45,77.31,47.58,303934.19,68.83
341353.45,77.31,47.58,303934.19,68.83
341353.45,77.31,47.58,303934.19,68.83
341216.57,77.42,47.69,304367.73,69.06
341505.14,77.54,47.82,304261.08,69.08
341505.14,77.54,47.82,304261.08,69.08
340916.5,77.58,47.86,303485.19,69.06
340622.89,77.69,47.97,303486.97,69.22
340299.33,77.8,48.08,303459.83,69.37
340084.36,77.79,48.07,303256.71,69.36
340084.36,77.79,48.07,303256.71,69.36
339519.42,77.8,48.09,302805.51,69.39
339519.42,77.8,48.09,302805.51,69.39
339195.86,77.91,48.2,302828.07,69.55
339317.1,78.02,48.31,302815.6,69.63
338995.86,78.12,48.42,302799.0,69.78
338671.52,78.23,48.53,302928.44,69.97
338671.52,78.23,48.53,302928.44,69.97
339070.91,78.41,48.71,303770.98,70.24
339070.91,78.41,48.71,303770.98,70.24
338747.34,78.51,48.82,303822.29,70.42
338747.34,78.51,48.82,303822.29,70.42
338589.38,78.5,48.81,303664.32,70.41
338589.38,78.5,48.81,303664.32,70.41
338589.38,78.5,48.81,303664.32,70.41
338431.42,78.5,48.8,303506.36,70.4
338106.3,78.6,48.91,303738.06,70.61
337731.5,78.6,48.91,303379.66,70.61
337731.5,78.6,48.91,303379.66,70.61
337646.3,78.62,48.93,303050.13,70.57
337646.3,78.62,48.93,303050.13,70.57
337646.3,78.62,48.93,303050.13,70.57
337352.69,78.74,49.05,303057.36,70.73
337375.32,78.79,49.1,303243.93,70.81
337504.95,78.9,49.22,303213.36,70.88
337181.38,79.01,49.33,303242.95,71.06
336798.19,79.01,49.33,303223.93,71.13
336640.22,79.0,49.32,303065.96,71.12
336316.66,79.11,49.44,303048.14,71.28
336316.66,79.11,49.44,303048.14,71.28
335995.42,79.22,49.55,303066.86,71.46
335671.08,79.33,49.67,303042.91,71.62
335671.08,79.33,49.67,303042.91,71.62
335671.08,79.33,49.67,303042.91,71.62
335535.75,79.45,49.79,303037.58,71.76
335655.44,79.57,49.91,303698.27,71.99
335501.69,79.57,49.92,303493.37,71.98
335343.73,79.57,49.91,303335.41,71.97
335050.12,79.69,50.03,303336.19,72.14
335050.12,79.69,50.03,303336.19,72.14
334726.56,79.8,50.15,303310.05,72.31
334718.16,79.99,50.34,303735.95,72.58
334394.6,80.1,50.46,303761.4,72.76
334319.66,80.15,50.5,303663.5,72.8
334319.66,80.15,50.5,303663.5,72.8
334319.66,80.15,50.5,303663.5,72.8
334319.66,80.15,50.5,303663.5,72.8
334184.33,80.27,50.63,303648.02,72.93
334406.83,80.38,50.75,303633.08,72.99
334406.83,80.38,50.75,303633.08,72.99
334406.83,80.38,50.75,303633.08,72.99
334406.83,80.38,50.75,303633.08,72.99
334311.54,80.56,50.92,303185.55,73.05
333975.85,80.57,50.93,303205.13,73.14
333975.85,80.57,50.93,303205.13,73.14
333651.51,80.68,51.05,303185.47,73.31
332983.47,80.72,51.09,302641.63,73.36
332659.91,80.83,51.21,302631.64,73.54
332334.79,80.95,51.33,303012.33,73.81
332041.19,81.08,51.47,303013.78,73.99
331717.62,81.2,51.59,302986.97,74.16
329159.07,82.18,52.62,302939.14,75.63
329023.74,82.31,52.76,302967.48,75.79
329023.74,82.31,52.76,302967.48,75.79
329027.44,82.45,52.9,302948.58,75.91
329027.44,82.45,52.9,302948.58,75.91
328932.16,82.63,53.08,302839.69,76.08
329055.72,82.76,53.21,302826.17,76.16
329055.72,82.76,53.21,302804.14,76.16
328576.3,82.81,53.26,302452.35,76.22
328576.3,82.81,53.26,302452.35,76.22
328251.96,82.93,53.39,302818.59,76.51
328251.96,82.93,53.39,302825.46,76.51
327928.4,83.06,53.53,302752.03,76.68
327928.4,83.06,53.53,302752.03,76.68
327603.29,83.19,53.66,303420.39,77.05
327603.29,83.19,53.66,303420.39,77.05
327309.68,83.33,53.81,303423.54,77.25
327309.68,83.33,53.81,303440.68,77.25
326986.11,83.46,53.94,303412.17,77.44
326850.79,83.6,54.09,303440.31,77.61
326527.22,83.73,54.22,303416.7,77.8
326205.98,83.86,54.36,303404.12,78.0
326069.88,84.0,54.51,303578.6,78.21
326069.88,84.0,54.51,303578.6,78.21
325708.8,84.01,54.52,303197.71,78.2
325708.8,84.01,54.52,303197.71,78.2
325385.24,84.14,54.66,303016.48,78.36
325513.32,84.28,54.8,303797.42,78.65
325219.71,84.42,54.94,303802.46,78.86
324896.15,84.55,55.09,303780.06,79.06
324572.59,84.69,55.23,303772.2,79.26
324249.02,84.83,55.37,303767.58,79.47
323927.78,84.96,55.52,303786.11,79.68
323544.59,84.97,55.53,303379.88,79.67
323779.16,85.25,55.81,303193.16,79.83
323779.16,85.25,55.81,303193.16,79.83
323779.16,85.25,55.81,303179.18,79.83
323454.82,85.39,55.96,303153.0,80.03
323131.25,85.53,56.1,303264.92,80.28
323250.94,85.67,56.25,303495.08,80.44
322957.34,85.82,56.4,303498.23,80.65
322633.77,85.96,56.55,303469.72,80.86
322868.52,86.26,56.84,304198.25,81.27
322544.96,86.4,56.99,304222.76,81.49
322221.39,86.55,57.15,304202.76,81.71
321900.15,86.69,57.3,304205.75,81.93
321613.86,86.7,57.31,304009.24,81.96
321734.33,86.84,57.46,304003.45,82.06
321410.76,86.99,57.61,303993.66,82.28
321273.88,87.15,57.77,304579.91,82.62
321349.79,87.36,57.99,303998.65,82.64
321203.61,87.51,58.14,303336.49,82.64
320910.0,87.67,58.3,303337.94,82.87
320586.44,87.82,58.46,303311.13,83.09
320586.44,87.82,58.46,303327.62,83.09
320107.81,87.89,58.53,303127.7,83.22
320107.81,87.89,58.53,303127.7,83.22
319784.24,88.04,58.69,303151.73,83.46
319460.68,88.19,58.85,303121.75,83.68
319460.68,88.19,58.85,303121.75,83.68
319223.92,88.21,58.86,302861.01,83.68
319223.92,88.21,58.86,302861.01,83.68
319090.92,88.37,59.03,302887.12,83.88
319090.92,88.37,59.03,302887.12,83.88
318766.58,88.52,59.19,302866.13,84.11
318766.58,88.52,59.19,302880.34,84.11
318824.69,88.68,59.36,303369.83,84.38
318824.69,88.68,59.36,303355.62,84.38
318523.02,88.68,59.36,302851.22,84.32
318523.02,88.68,59.36,302867.79,84.32
318197.9,88.84,59.52,303124.29,84.63
317904.29,89.0,59.7,303126.07,84.87
317768.96,89.17,59.87,303104.52,85.05
317768.96,89.17,59.87,303089.5,85.05
317768.96,89.17,59.87,303108.14,85.05
317445.4,89.33,60.03,303128.89,85.3
317121.84,89.49,60.2,303109.47,85.53
317127.87,89.66,60.37,303096.08,85.69
317135.36,89.91,60.63,302200.05,85.68
317276.65,90.07,60.79,302679.16,85.92
316952.31,90.23,60.96,303004.64,86.26
316628.74,90.4,61.13,302736.37,86.43
316628.74,90.4,61.13,302736.37,86.43
316303.63,90.56,61.31,303172.87,86.8
316303.63,90.56,61.31,303173.05,86.8
316010.02,90.74,61.49,303174.83,87.05
316010.02,90.74,61.49,303156.19,87.05
316010.02,90.74,61.49,303156.19,87.05
316131.26,90.9,61.65,303131.03,87.16
316131.26,90.9,61.65,303131.03,87.16
316131.26,90.9,61.65,303131.03,87.16
315406.51,90.95,61.7,302351.6,87.19
315082.95,91.12,61.88,302376.41,87.45
314759.39,91.29,62.06,302358.9,87.69
314438.15,91.46,62.24,302343.1,87.94
314113.81,91.63,62.42,302463.44,88.24
313790.25,91.81,62.6,302401.48,88.48
313653.37,91.99,62.79,302814.07,88.81
313547.99,92.17,62.98,302825.34,89.02
313412.66,92.35,63.17,302806.18,89.23
314166.18,92.85,63.67,302582.12,89.43
315013.44,93.38,64.19,302438.24,89.65
314628.63,93.39,64.21,302193.6,89.7
314493.3,93.58,64.4,302174.52,89.91
314169.74,93.76,64.59,302199.94,90.19
313848.5,93.94,64.79,302181.47,90.45
313848.5,93.94,64.79,302198.83,90.46
313848.5,93.94,64.79,302218.57,90.46
313848.5,93.94,64.79,302218.57,90.46
313524.16,94.13,64.98,302202.38,90.73
313205.65,94.12,64.98,301883.08,90.72
313301.01,94.31,65.17,302702.07,91.12
313301.01,94.31,65.17,302682.5,91.11
313301.01,94.31,65.17,302685.59,91.11
313301.01,94.31,65.17,302685.59,91.11
313301.01,94.31,65.17,302685.59,91.11
313303.16,94.49,65.36,303011.39,91.39
313009.55,94.69,65.56,303016.44,91.67
312788.25,94.69,65.56,302793.35,91.66
312464.68,94.88,65.76,302767.65,91.93
312141.12,95.07,65.96,302759.2,92.21
312005.79,95.26,66.16,302767.25,92.44
311872.79,95.46,66.36,302755.77,92.67
311872.79,95.46,66.36,302755.77,92.67
312001.64,95.63,66.54,302970.06,92.86
312001.64,95.63,66.54,302970.06,92.86
312848.9,96.19,67.1,304613.5,93.66
312525.34,96.38,67.3,304775.14,93.99
312200.22,96.58,67.51,304995.68,94.35
311906.61,96.79,67.73,305000.72,94.65
311583.05,96.99,67.94,304970.31,94.93
311259.49,97.19,68.15,304996.37,95.24
311124.16,97.4,68.36,304980.43,95.47
310991.15,97.6,68.57,304969.87,95.71
310666.81,97.81,68.79,305139.47,96.07
310450.08,97.81,68.79,304964.77,96.08
310450.08,97.81,68.79,304964.77,96.08
310126.52,98.01,69.0,304960.07,96.38
309753.32,98.04,69.03,304795.68,96.47
309428.21,98.25,69.25,304931.65,96.82
310277.23,98.83,69.83,304826.14,97.09
310277.23,98.83,69.83,304844.68,97.1
310277.23,98.83,69.83,304844.68,97.1
310277.23,98.83,69.83,304844.68,97.1
310277.23,98.83,69.83,304844.68,97.1
310277.23,98.83,69.83,304844.68,97.1
310277.23,98.83,69.83,304844.68,97.1
310277.23,98.83,69.83,304844.68,97.1
310277.23,98.83,69.83,304844.68,97.1
310277.23,98.83,69.83,304844.68,97.1
310277.23,98.83,69.83,304844.68,97.1
310277.23,98.83,69.83,304844.68,97.1
310277.23,98.83,69.83,304844.68,97.1
310277.23,98.83,69.83,304844.68,97.1
310277.23,98.83,69.83,304844.68,97.1
309979.96,98.84,69.84,304536.64,97.1
309979.96,98.84,69.84,304536.64,97.1
309979.96,98.84,69.84,304537.5,97.1
309870.22,98.84,69.84,304427.77,97.1
309870.22,98.84,69.84,304427.77,97.1
309870.22,98.84,69.84,304427.77,97.1
309870.22,98.84,69.84,304427.77,97.1
309870.22,98.84,69.84,304427.77,97.1
309870.22,98.84,69.84,304427.77,97.1
309870.22,98.84,69.84,304427.77,97.1
309870.22,98.84,69.84,304427.77,97.1
309870.22,98.84,69.84,304427.77,97.1
309870.22,98.84,69.84,304427.77,97.1
309870.22,98.84,69.84,304427.77,97.1
309870.22,98.84,69.84,304427.77,97.1
309870.22,98.84,69.84,304427.77,97.1
309712.47,98.84,69.84,304275.03,97.1
309712.47,98.84,69.84,304275.03,97.1
309712.47,98.84,69.84,304275.03,97.1
309712.47,98.84,69.84,304275.03,97.1
309712.47,98.84,69.84,304275.03,97.1
308716.35,98.83,69.83,303277.52,97.09
308716.35,98.83,69.83,303277.52,97.09
308716.35,98.83,69.83,303277.52,97.09
308716.35,98.83,69.83,303277.52,97.09
308716.35,98.83,69.83,303277.52,97.09
308716.35,98.83,69.83,303277.52,97.09
308716.35,98.83,69.83,303277.52,97.09
308716.35,98.83,69.83,303277.52,97.09
308716.35,98.83,69.83,303277.52,97.09
308716.35,98.83,69.83,303277.52,97.09
308716.35,98.83,69.83,303277.52,97.09
308716.35,98.83,69.83,303277.52,97.09
308716.35,98.83,69.83,303277.52,97.09
308716.35,98.83,69.83,303277.52,97.09
308716.35,98.83,69.83,303277.52,97.09
308716.35,98.83,69.83,303277.52,97.09
308716.35,98.83,69.83,303277.52,97.09
308716.35,98.83,69.83,303277.52,97.09
308716.35,98.83,69.83,303277.52,97.09
308716.35,98.83,69.83,303277.52,97.09
308716.35,98.83,69.83,303277.52,97.09
308716.35,98.83,69.83,303277.52,97.09
308716.35,98.83,69.83,303277.52,97.09
308716.35,98.83,69.83,303277.52,97.09
308716.35,98.83,69.83,303277.52,97.09
308716.35,98.83,69.83,303277.52,97.09
308716.35,98.83,69.83,303277.52,97.09
308716.35,98.83,69.83,303277.52,97.09
308716.35,98.83,69.83,303277.52,97.09
308716.35,98.83,69.83,303277.52,97.09
308427.15,98.84,69.85,303116.36,97.14
308427.15,98.84,69.85,303116.36,97.14
308427.15,98.84,69.85,303116.36,97.14
308427.15,98.84,69.85,303116.36,97.14
308427.15,98.84,69.85,303116.36,97.14
308427.15,98.84,69.85,303116.36,97.14
308427.15,98.84,69.85,303116.36,97.14
308427.15,98.84,69.85,303116.36,97.14
308427.15,98.84,69.85,303116.36,97.14
308427.15,98.84,69.85,303116.36,97.14
308427.15,98.84,69.85,303116.36,97.14
308427.15,98.84,69.85,303116.36,97.14
308427.15,98.84,69.85,303116.36,97.14
308427.15,98.84,69.85,303116.36,97.14
308427.15,98.84,69.85,303116.36,97.14
308427.15,98.84,69.85,303116.36,97.14
308427.15,98.84,69.85,303116.36,97.14
308427.15,98.84,69.85,303116.36,97.14
308427.15,98.84,69.85,303116.36,97.14
308427.15,98.84,69.85,303116.36,97.14
308427.15,98.84,69.85,303116.36,97.14
308427.15,98.84,69.85,303116.36,97.14
308427.15,98.84,69.85,303116.36,97.14
308427.15,98.84,69.85,303116.36,97.14
308427.15,98.84,69.85,303116.36,97.14
308427.15,98.84,69.85,303116.36,97.14
308427.15,98.84,69.85,303116.36,97.14
308427.15,98.84,69.85,303116.36,97.14
308427.15,98.84,69.85,303116.36,97.14
308427.15,98.84,69.85,303116.36,97.14
308427.15,98.84,69.85,303116.36,97.14
308427.15,98.84,69.85,303116.36,97.14
308427.15,98.84,69.85,303116.36,97.14
308427.15,98.84,69.85,303116.36,97.14
308129.88,98.85,69.86,302741.4,97.12
308129.88,98.85,69.86,302741.4,97.12
308129.88,98.85,69.86,302741.4,97.12
308129.88,98.85,69.86,302741.4,97.12
308129.88,98.85,69.86,302741.4,97.12
308129.88,98.85,69.86,302741.4,97.12
308129.88,98.85,69.86,302741.4,97.12
308129.88,98.85,69.86,302741.4,97.12
308129.88,98.85,69.86,302741.4,97.12
308129.88,98.85,69.86,302741.4,97.12
308129.88,98.85,69.86,302741.4,97.12
308129.88,98.85,69.86,302741.4,97.12
308129.88,98.85,69.86,302741.4,97.12
308129.88,98.85,69.86,302741.4,97.12
308129.88,98.85,69.86,302741.4,97.12
308129.88,98.85,69.86,302741.4,97.12
308129.88,98.85,69.86,302741.4,97.12
308129.88,98.85,69.86,302741.4,97.12
308129.88,98.85,69.86,302741.4,97.12
308129.88,98.85,69.86,302741.4,97.12
308129.88,98.85,69.86,302741.4,97.12
308129.88,98.85,69.86,302741.4,97.12
308129.88,98.85,69.86,302741.4,97.12
308129.88,98.85,69.86,302741.4,97.12
308129.88,98.85,69.86,302741.4,97.12
308129.88,98.85,69.86,302741.4,97.12
308129.88,98.85,69.86,302741.4,97.12
308129.88,98.85,69.86,302741.4,97.12
308129.88,98.85,69.86,302741.4,97.12
308129.88,98.85,69.86,302741.4,97.12
308129.88,98.85,69.86,302741.4,97.12
308129.88,98.85,69.86,302741.4,97.12
308129.88,98.85,69.86,302741.4,97.12
308129.88,98.85,69.86,302741.4,97.12
308129.88,98.85,69.86,302741.4,97.12
308129.88,98.85,69.86,302741.4,97.12
308129.88,98.85,69.86,302741.4,97.12
308129.88,98.85,69.86,302741.4,97.12
308129.88,98.85,69.86,302741.4,97.12
308129.88,98.85,69.86,302741.4,97.12
308129.88,98.85,69.86,302741.4,97.12
308129.88,98.85,69.86,302741.4,97.12
308129.88,98.85,69.86,302741.4,97.12
308129.88,98.85,69.86,302741.4,97.12
308129.88,98.85,69.86,302741.4,97.12
308129.88,98.85,69.86,302741.4,97.12
308079.88,98.85,69.85,302691.4,97.12
308079.88,98.85,69.85,302691.4,97.12
308079.88,98.85,69.85,302691.4,97.12
308079.88,98.85,69.85,302691.4,97.12
308079.88,98.85,69.85,302691.4,97.12
308079.88,98.85,69.85,302691.4,97.12
308079.88,98.85,69.85,302691.4,97.12
308079.88,98.85,69.85,302691.4,97.12
308079.88,98.85,69.85,302691.4,97.12
307921.91,98.85,69.85,302533.43,97.12
307921.91,98.85,69.85,302533.43,97.12
307921.91,98.85,69.85,302533.43,97.12
307921.91,98.85,69.85,302533.43,97.12
307921.91,98.85,69.85,302533.43,97.12
307921.91,98.85,69.85,302533.43,97.12
307921.91,98.85,69.85,302533.43,97.12
307921.91,98.85,69.85,302533.43,97.12
307921.91,98.85,69.85,302533.43,97.12
307921.91,98.85,69.85,302533.43,97.12
307921.91,98.85,69.85,302533.43,97.12
307921.91,98.85,69.85,302533.43,97.12
307921.91,98.85,69.85,302533.43,97.12
307921.91,98.85,69.85,302533.43,97.12
307921.91,98.85,69.85,302533.43,97.12
307921.91,98.85,69.85,302533.43,97.12
307921.91,98.85,69.85,302533.43,97.12
307921.91,98.85,69.85,302533.43,97.12
307921.91,98.85,69.85,302533.43,97.12
307921.91,98.85,69.85,302533.43,97.12
307921.91,98.85,69.85,302533.43,97.12
307921.91,98.85,69.85,302533.43,97.12
307921.91,98.85,69.85,302533.43,97.12
307705.18,98.85,69.85,302318.8,97.12
307705.18,98.85,69.85,302318.8,97.12
307705.18,98.85,69.85,302318.8,97.12
307705.18,98.85,69.85,302318.8,97.12
307705.18,98.85,69.85,302318.8,97.12
307705.18,98.85,69.85,302318.8,97.12
307705.18,98.85,69.85,302318.8,97.12
307705.18,98.85,69.85,302318.8,97.12
307705.18,98.85,69.85,302318.8,97.12
307705.18,98.85,69.85,302318.8,97.12
307705.18,98.85,69.85,302318.8,97.12
307705.18,98.85,69.85,302318.8,97.12
307705.18,98.85,69.85,302318.8,97.12
307705.18,98.85,69.85,302318.8,97.12
307705.18,98.85,69.85,302318.8,97.12
307705.18,98.85,69.85,302318.8,97.12
307705.18,98.85,69.85,302318.8,97.12
307705.18,98.85,69.85,302318.8,97.12
307705.18,98.85,69.85,302318.8,97.12
307705.18,98.85,69.85,302318.8,97.12
307705.18,98.85,69.85,302318.8,97.12
307705.18,98.85,69.85,302318.8,97.12
307705.18,98.85,69.85,302318.8,97.12
307705.18,98.85,69.85,302318.8,97.12
307705.18,98.85,69.85,302318.8,97.12
307705.18,98.85,69.85,302318.8,97.12
307705.18,98.85,69.85,302318.8,97.12
307705.18,98.85,69.85,302318.8,97.12
307705.18,98.85,69.85,302318.8,97.12
307705.18,98.85,69.85,302318.8,97.12
307705.18,98.85,69.85,302318.8,97.12
307705.18,98.85,69.85,302318.8,97.12
307705.18,98.85,69.85,302318.8,97.12
307705.18,98.85,69.85,302318.8,97.12
307705.18,98.85,69.85,302318.8,97.12
307705.18,98.85,69.85,302318.8,97.12
307547.61,98.85,69.85,302170.04,97.12
307547.61,98.85,69.85,302170.04,97.12
307547.61,98.85,69.85,302170.04,97.12
307547.61,98.85,69.85,302170.04,97.12
307336.56,98.85,69.85,302038.93,97.15
307336.56,98.85,69.85,302038.93,97.15
307336.56,98.85,69.85,302038.93,97.15
307336.56,98.85,69.85,302038.93,97.15
307336.56,98.85,69.85,302038.93,97.15
307336.56,98.85,69.85,302038.93,97.15
307336.56,98.85,69.85,302038.93,97.15
307336.56,98.85,69.85,302038.93,97.15
307336.56,98.85,69.85,302038.93,97.15
307336.56,98.85,69.85,302016.92,97.14
307336.56,98.85,69.85,302016.92,97.14
307336.56,98.85,69.85,302040.71,97.15
307336.56,98.85,69.85,302040.71,97.15
307336.56,98.85,69.85,302040.71,97.15
307336.56,98.85,69.85,302040.71,97.15
307336.56,98.85,69.85,302040.71,97.15
307336.56,98.85,69.85,302024.04,97.14
307336.56,98.85,69.85,302043.44,97.15
307336.56,98.85,69.85,302043.44,97.15
307336.56,98.85,69.85,302043.44,97.15
307336.56,98.85,69.85,302043.44,97.15
307336.56,98.85,69.85,302043.44,97.15
307336.56,98.85,69.85,302043.44,97.15
307336.56,98.85,69.85,302043.44,97.15
307336.56,98.85,69.85,302043.44,97.15
307336.56,98.85,69.85,302043.44,97.15
307336.56,98.85,69.85,302043.44,97.15
307336.56,98.85,69.85,302043.44,97.15
307336.56,98.85,69.85,302043.44,97.15
307336.56,98.85,69.85,302043.44,97.15
307336.56,98.85,69.85,302043.44,97.15
307336.56,98.85,69.85,302043.44,97.15
307336.56,98.85,69.85,302043.44,97.15
307336.56,98.85,69.85,302043.44,97.15
307336.56,98.85,69.85,302043.44,97.15
307228.59,98.85,69.85,301933.68,97.15
307228.59,98.85,69.85,301933.68,97.15
307228.59,98.85,69.85,301933.68,97.15
307228.59,98.85,69.85,301933.68,97.15
307228.59,98.85,69.85,301933.68,97.15
307228.59,98.85,69.85,301933.68,97.15
307228.59,98.85,69.85,301933.68,97.15
307228.59,98.85,69.85,301918.47,97.14
307228.59,98.85,69.85,301918.47,97.14
307228.59,98.85,69.85,301918.47,97.14
307228.59,98.85,69.85,301918.47,97.14
307228.59,98.85,69.85,301918.47,97.14
307228.59,98.85,69.85,301918.47,97.14
307228.59,98.85,69.85,301935.8,97.15
307228.59,98.85,69.85,301935.8,97.15
307228.59,98.85,69.85,301935.8,97.15
307228.59,98.85,69.85,301935.8,97.15
307228.59,98.85,69.85,301935.8,97.15
307228.59,98.85,69.85,301935.8,97.15
307228.59,98.85,69.85,301935.8,97.15
307228.59,98.85,69.85,301935.8,97.15
307228.59,98.85,69.85,301935.8,97.15
307228.59,98.85,69.85,301906.83,97.14
307228.59,98.85,69.85,301906.83,97.14
307228.59,98.85,69.85,301906.83,97.14
307228.59,98.85,69.85,301906.83,97.14
307228.59,98.85,69.85,301941.32,97.15
307228.59,98.85,69.85,301941.32,97.15
307228.59,98.85,69.85,301941.32,97.15
307228.59,98.85,69.85,301941.32,97.15
307228.59,98.85,69.85,301941.32,97.15
307228.59,98.85,69.85,301941.32,97.15
307228.59,98.85,69.85,301941.32,97.15
307228.59,98.85,69.85,301941.32,97.15
307228.59,98.85,69.85,301942.14,97.15
307228.59,98.85,69.85,301942.14,97.15
307228.59,98.85,69.85,301942.14,97.15
307228.59,98.85,69.85,301942.14,97.15
307228.59,98.85,69.85,301942.14,97.15
307228.59,98.85,69.85,301957.35,97.15
307228.59,98.85,69.85,301957.35,97.15
307228.59,98.85,69.85,301957.35,97.15
307228.59,98.85,69.85,301942.14,97.15
307228.59,98.85,69.85,301942.14,97.15
307228.59,98.85,69.85,301942.14,97.15
307228.59,98.85,69.85,301942.14,97.15
307228.59,98.85,69.85,301942.14,97.15
307228.59,98.85,69.85,301942.14,97.15
307228.59,98.85,69.85,301942.14,97.15
307228.59,98.85,69.85,301942.14,97.15
307228.59,98.85,69.85,301942.14,97.15
307228.59,98.85,69.85,301942.14,97.15
307228.59,98.85,69.85,301942.14,97.15
307228.59,98.85,69.85,301942.14,97.15
307228.59,98.85,69.85,301942.14,97.15
307228.59,98.85,69.85,301942.14,97.15
307228.59,98.85,69.85,301942.14,97.15
307228.59,98.85,69.85,301942.14,97.15
307228.59,98.85,69.85,301942.14,97.15
307228.59,98.85,69.85,301942.14,97.15
307228.59,98.85,69.85,301942.14,97.15
307228.59,98.85,69.85,301942.14,97.15
307228.59,98.85,69.85,301942.14,97.15
307228.59,98.85,69.85,301942.14,97.15
307228.59,98.85,69.85,301942.14,97.15
307228.59,98.85,69.85,301942.14,97.15
307228.59,98.85,69.85,301942.14,97.15
307228.59,98.85,69.85,301942.14,97.15
307228.59,98.85,69.85,301942.14,97.15
307228.59,98.85,69.85,301942.14,97.15
307228.59,98.85,69.85,301942.14,97.15
307228.59,98.85,69.85,301942.14,97.15
307228.59,98.85,69.85,301942.14,97.15
307228.59,98.85,69.85,301942.14,97.15
307228.59,98.85,69.85,301958.31,97.16
307228.59,98.85,69.85,301958.31,97.16
307228.59,98.85,69.85,301958.31,97.16
307228.59,98.85,69.85,301958.31,97.16
307228.59,98.85,69.85,301958.31,97.16
307228.59,98.85,69.85,301958.31,97.16
307228.59,98.85,69.85,301958.31,97.16
307228.59,98.85,69.85,301958.31,97.16
307228.59,98.85,69.85,301958.31,97.16
307228.59,98.85,69.85,301958.31,97.16
307228.59,98.85,69.85,301958.31,97.16
307228.59,98.85,69.85,301958.31,97.16
307228.59,98.85,69.85,301958.31,97.16
307228.59,98.85,69.85,301958.31,97.16
307228.59,98.85,69.85,301958.31,97.16
307228.59,98.85,69.85,301958.31,97.16
307228.59,98.85,69.85,301958.31,97.16
307228.59,98.85,69.85,301956.99,97.15
307228.59,98.85,69.85,301956.99,97.15
307228.59,98.85,69.85,301956.99,97.15
307228.59,98.85,69.85,301956.99,97.15
307228.59,98.85,69.85,301956.99,97.15
307228.59,98.85,69.85,301956.99,97.15
307228.59,98.85,69.85,301956.99,97.15
307228.59,98.85,69.85,301956.99,97.15
307228.59,98.85,69.85,301956.99,97.15
307228.59,98.85,69.85,301956.99,97.15
307228.59,98.85,69.85,301956.99,97.15
307228.59,98.85,69.85,301956.99,97.15
307228.59,98.85,69.85,301956.99,97.15
307228.59,98.85,69.85,301956.99,97.15
307228.59,98.85,69.85,301956.99,97.15
307228.59,98.85,69.85,301956.99,97.15
307228.59,98.85,69.85,301956.99,97.15
307228.59,98.85,69.85,301956.99,97.15
307228.59,98.85,69.85,301956.99,97.15
307228.59,98.85,69.85,301956.99,97.15
307228.59,98.85,69.85,301956.99,97.15
307228.59,98.85,69.85,301956.99,97.15
307228.59,98.85,69.85,301956.99,97.15
307228.59,98.85,69.85,301956.99,97.15
307228.59,98.85,69.85,301956.99,97.15
307228.59,98.85,69.85,301956.99,97.15
307228.59,98.85,69.85,301956.99,97.15
307228.59,98.85,69.85,301956.99,97.15
307228.59,98.85,69.85,301956.99,97.15
307228.59,98.85,69.85,301956.99,97.15
307228.59,98.85,69.85,301956.99,97.15
307228.59,98.85,69.85,301956.99,97.15
307228.59,98.85,69.85,301956.99,97.15
307228.59,98.85,69.85,301956.99,97.15
307228.59,98.85,69.85,301956.99,97.15
307228.59,98.85,69.85,301956.99,97.15
307228.59,98.85,69.85,301956.99,97.15
307228.59,98.85,69.85,301956.99,97.15
307228.59,98.85,69.85,301956.99,97.15
307228.59,98.85,69.85,301956.99,97.15
307228.59,98.85,69.85,301956.99,97.15
307228.59,98.85,69.85,301956.99,97.15
307228.59,98.85,69.85,301956.99,97.15
307228.59,98.85,69.85,301956.99,97.15
307228.59,98.85,69.85,301956.99,97.15
307228.59,98.85,69.85,301956.99,97.15
307228.59,98.85,69.85,301956.99,97.15
307228.59,98.85,69.85,301956.99,97.15
307228.59,98.85,69.85,301956.99,97.15
307228.59,98.85,69.85,301956.99,97.15
307228.59,98.85,69.85,301934.98,97.15
307228.59,98.85,69.85,301934.98,97.15
307228.59,98.85,69.85,301934.98,97.15
307228.59,98.85,69.85,301934.98,97.15
307228.59,98.85,69.85,301934.98,97.15
307228.59,98.85,69.85,301934.98,97.15
307228.59,98.85,69.85,301934.98,97.15
307228.59,98.85,69.85,301934.98,97.15
307228.59,98.85,69.85,301934.98,97.15
307228.59,98.85,69.85,301934.98,97.15
307228.59,98.85,69.85,301934.98,97.15
307228.59,98.85,69.85,301934.98,97.15
307228.59,98.85,69.85,301934.98,97.15
307228.59,98.85,69.85,301959.97,97.16
307228.59,98.85,69.85,301959.97,97.16
307228.59,98.85,69.85,301959.97,97.16
307228.59,98.85,69.85,301959.97,97.16
307228.59,98.85,69.85,301959.97,97.16
307228.59,98.85,69.85,301959.97,97.16
307228.59,98.85,69.85,301959.97,97.16
307228.59,98.85,69.85,301959.97,97.16
307228.59,98.85,69.85,301956.69,97.15
307228.59,98.85,69.85,301959.98,97.16
307228.59,98.85,69.85,301959.98,97.16
307228.59,98.85,69.85,301959.98,97.16
307228.59,98.85,69.85,301959.98,97.16
307228.59,98.85,69.85,301959.98,97.16
307228.59,98.85,69.85,301959.98,97.16
307228.59,98.85,69.85,301959.98,97.16
307228.59,98.85,69.85,301959.98,97.16
307228.59,98.85,69.85,301931.01,97.15
307228.59,98.85,69.85,301931.01,97.15
307228.59,98.85,69.85,301931.01,97.15
307228.59,98.85,69.85,301962.51,97.16
307228.59,98.85,69.85,301962.51,97.16
307228.59,98.85,69.85,301962.51,97.16
307228.59,98.85,69.85,301962.51,97.16
307228.59,98.85,69.85,301962.51,97.16
307228.59,98.85,69.85,301962.51,97.16
307228.59,98.85,69.85,301947.77,97.15
307228.59,98.85,69.85,301947.77,97.15
307228.59,98.85,69.85,301947.77,97.15
307228.59,98.85,69.85,301947.77,97.15
307228.59,98.85,69.85,301947.77,97.15
307228.59,98.85,69.85,301947.77,97.15
307228.59,98.85,69.85,301947.77,97.15
307228.59,98.85,69.85,301947.77,97.15
307228.59,98.85,69.85,301947.77,97.15
307228.59,98.85,69.85,301947.77,97.15
307228.59,98.85,69.85,301947.77,97.15
307228.59,98.85,69.85,301947.77,97.15
307228.59,98.85,69.85,301947.77,97.15
307228.59,98.85,69.85,301947.77,97.15
307228.59,98.85,69.85,301947.77,97.15
307228.59,98.85,69.85,301947.77,97.15
307228.59,98.85,69.85,301947.77,97.15
307228.59,98.85,69.85,301965.91,97.16
307228.59,98.85,69.85,301965.91,97.16
307228.59,98.85,69.85,301965.91,97.16
307228.59,98.85,69.85,301965.91,97.16
307228.59,98.85,69.85,301965.91,97.16
307228.59,98.85,69.85,301965.91,97.16
307228.59,98.85,69.85,301965.91,97.16
307228.59,98.85,69.85,301965.91,97.16
307228.59,98.85,69.85,301965.91,97.16
307228.59,98.85,69.85,301965.91,97.16
307228.59,98.85,69.85,301965.91,97.16
307228.59,98.85,69.85,301965.91,97.16
307228.59,98.85,69.85,301965.91,97.16
307228.59,98.85,69.85,301965.91,97.16
307228.59,98.85,69.85,301965.91,97.16
307228.59,98.85,69.85,301965.91,97.16
307228.59,98.85,69.85,301965.91,97.16
307228.59,98.85,69.85,301965.91,97.16
307228.59,98.85,69.85,301965.91,97.16
307228.59,98.85,69.85,301965.91,97.16
307228.59,98.85,69.85,301965.91,97.16
307228.59,98.85,69.85,301965.91,97.16
307228.59,98.85,69.85,301965.91,97.16
307228.59,98.85,69.85,301965.91,97.16
307228.59,98.85,69.85,301965.91,97.16
307228.59,98.85,69.85,301965.91,97.16
307228.59,98.85,69.85,301965.91,97.16
307228.59,98.85,69.85,301965.91,97.16
307228.59,98.85,69.85,301965.91,97.16
307228.59,98.85,69.85,301965.91,97.16
307228.59,98.85,69.85,301965.91,97.16
307228.59,98.85,69.85,301965.91,97.16
307228.59,98.85,69.85,301965.91,97.16
307228.59,98.85,69.85,301965.91,97.16
307228.59,98.85,69.85,301965.91,97.16
307228.59,98.85,69.85,301965.91,97.16
307228.59,98.85,69.85,301965.91,97.16
307228.59,98.85,69.85,301965.91,97.16
307228.59,98.85,69.85,301965.91,97.16
307228.59,98.85,69.85,301965.91,97.16
307228.59,98.85,69.85,301965.91,97.16
307228.59,98.85,69.85,301965.91,97.16
307228.59,98.85,69.85,301965.91,97.16
307228.59,98.85,69.85,301965.91,97.16
307228.59,98.85,69.85,301965.91,97.16
307228.59,98.85,69.85,301965.91,97.16
307228.59,98.85,69.85,301965.91,97.16
307228.59,98.85,69.85,301965.91,97.16
307228.59,98.85,69.85,301965.91,97.16
307228.59,98.85,69.85,302004.37,97.17
307228.59,98.85,69.85,302004.37,97.17
307228.59,98.85,69.85,302004.37,97.17
307228.59,98.85,69.85,302004.37,97.17
307228.59,98.85,69.85,302004.37,97.17
307228.59,98.85,69.85,302004.37,97.17
307228.59,98.85,69.85,302004.37,97.17
307228.59,98.85,69.85,301972.11,97.16
307228.59,98.85,69.85,301972.11,97.16
307228.59,98.85,69.85,301972.11,97.16
307228.59,98.85,69.85,301972.11,97.16
307228.59,98.85,69.85,301972.11,97.16
307228.59,98.85,69.85,301972.11,97.16
307228.59,98.85,69.85,301972.11,97.16
307228.59,98.85,69.85,301972.11,97.16
307228.59,98.85,69.85,301972.11,97.16
307228.59,98.85,69.85,301972.11,97.16
307228.59,98.85,69.85,301972.11,97.16
307228.59,98.85,69.85,301972.11,97.16
307228.59,98.85,69.85,301972.11,97.16
307228.59,98.85,69.85,301972.11,97.16
307228.59,98.85,69.85,301972.11,97.16
307228.59,98.85,69.85,301972.11,97.16
307228.59,98.85,69.85,301972.11,97.16
307228.59,98.85,69.85,301972.11,97.16
307228.59,98.85,69.85,301972.11,97.16
307070.24,98.85,69.84,301814.01,97.16
307070.24,98.85,69.84,301814.01,97.16
307070.24,98.85,69.84,301814.01,97.16
307070.24,98.85,69.84,301814.01,97.16
307070.24,98.85,69.84,301814.01,97.16
307070.24,98.85,69.84,301814.01,97.16
307070.24,98.85,69.84,301814.01,97.16
307070.24,98.85,69.84,301814.01,97.16
307070.24,98.85,69.84,301814.01,97.16
307070.24,98.85,69.84,301814.01,97.16
307070.24,98.85,69.84,301814.01,97.16
307070.24,98.85,69.84,301814.01,97.16
307070.24,98.85,69.84,301814.01,97.16
307070.24,98.85,69.84,301814.01,97.16
307070.24,98.85,69.84,301814.01,97.16
307070.24,98.85,69.84,301814.01,97.16
307070.24,98.85,69.84,301814.01,97.16
307070.24,98.85,69.84,301814.01,97.16
307070.24,98.85,69.84,301814.01,97.16
307070.24,98.85,69.84,301814.01,97.16
307070.24,98.85,69.84,301814.01,97.16
307070.24,98.85,69.84,301814.01,97.16
307070.24,98.85,69.84,301814.01,97.16
307070.24,98.85,69.84,301848.75,97.17
307070.24,98.85,69.84,301848.75,97.17
307070.24,98.85,69.84,301848.75,97.17
307070.24,98.85,69.84,301848.75,97.17
307070.24,98.85,69.84,301848.75,97.17
307070.24,98.85,69.84,301848.75,97.17
307070.24,98.85,69.84,301848.75,97.17
307070.24,98.85,69.84,301848.75,97.17
307070.24,98.85,69.84,301814.33,97.16
307070.24,98.85,69.84,301814.33,97.16
307070.24,98.85,69.84,301814.33,97.16
307070.24,98.85,69.84,301814.33,97.16
307070.24,98.85,69.84,301814.33,97.16
307070.24,98.85,69.84,301814.33,97.16
307070.24,98.85,69.84,301814.33,97.16
307070.24,98.85,69.84,301814.33,97.16
307070.24,98.85,69.84,301814.33,97.16
307070.24,98.85,69.84,301814.33,97.16
307070.24,98.85,69.84,301814.33,97.16
307070.24,98.85,69.84,301814.33,97.16
307070.24,98.85,69.84,301814.33,97.16
307070.24,98.85,69.84,301814.33,97.16
307070.24,98.85,69.84,301814.33,97.16
307070.24,98.85,69.84,301814.33,97.16
307070.24,98.85,69.84,301814.33,97.16
307070.24,98.85,69.84,301814.33,97.16
307070.24,98.85,69.84,301814.33,97.16
307070.24,98.85,69.84,301814.33,97.16
307070.24,98.85,69.84,301814.33,97.16
307070.24,98.85,69.84,301855.0,97.17
307070.24,98.85,69.84,301855.0,97.17
307070.24,98.85,69.84,301855.0,97.17
307070.24,98.85,69.84,301855.0,97.17
307070.24,98.85,69.84,301855.0,97.17
307070.24,98.85,69.84,301855.0,97.17
307070.24,98.85,69.84,301855.0,97.17
307070.24,98.85,69.84,301855.0,97.17
307070.24,98.85,69.84,301855.0,97.17
307070.24,98.85,69.84,301855.0,97.17
307070.24,98.85,69.84,301855.0,97.17
307070.24,98.85,69.84,301855.0,97.17
307070.24,98.85,69.84,301855.0,97.17
307070.24,98.85,69.84,301855.0,97.17
307070.24,98.85,69.84,301855.0,97.17
307070.24,98.85,69.84,301855.0,97.17
307070.24,98.85,69.84,301855.0,97.17
307070.24,98.85,69.84,301855.0,97.17
307070.24,98.85,69.84,301855.0,97.17
307070.24,98.85,69.84,301855.0,97.17
307070.24,98.85,69.84,301855.0,97.17
307070.24,98.85,69.84,301855.0,97.17
307070.24,98.85,69.84,301855.0,97.17
307070.24,98.85,69.84,301855.0,97.17
307070.24,98.85,69.84,301855.0,97.17
307070.24,98.85,69.84,301855.0,97.17
307070.24,98.85,69.84,301855.0,97.17
306912.27,98.85,69.84,301698.32,97.17
306912.27,98.85,69.84,301698.32,97.17
306912.27,98.85,69.84,301698.32,97.17
306912.27,98.85,69.84,301698.32,97.17
306912.27,98.85,69.84,301698.32,97.17
306912.27,98.85,69.84,301698.32,97.17
306912.27,98.85,69.84,301698.32,97.17
306912.27,98.85,69.84,301698.32,97.17
306912.27,98.85,69.84,301698.32,97.17
306912.27,98.85,69.84,301698.32,97.17
306912.27,98.85,69.84,301698.32,97.17
306912.27,98.85,69.84,301698.32,97.17
306912.27,98.85,69.84,301698.32,97.17
306912.27,98.85,69.84,301698.32,97.17
306912.27,98.85,69.84,301698.32,97.17
306912.27,98.85,69.84,301698.32,97.17
306912.27,98.85,69.84,301698.32,97.17
306912.27,98.85,69.84,301698.32,97.17
306912.27,98.85,69.84,301698.32,97.17
306912.27,98.85,69.84,301698.32,97.17
306912.27,98.85,69.84,301698.32,97.17
306912.27,98.85,69.84,301698.32,97.17
306912.27,98.85,69.84,301698.32,97.17
306912.27,98.85,69.84,301698.32,97.17
306912.27,98.85,69.84,301698.32,97.17
306912.27,98.85,69.84,301698.32,97.17
306912.27,98.85,69.84,301698.32,97.17
306912.27,98.85,69.84,301698.32,97.17
306912.27,98.85,69.84,301698.32,97.17
306912.27,98.85,69.84,301698.32,97.17
306912.27,98.85,69.84,301698.32,97.17
306912.27,98.85,69.84,301698.32,97.17
306912.27,98.85,69.84,301698.32,97.17
306912.27,98.85,69.84,301698.32,97.17
306912.27,98.85,69.84,301698.32,97.17
306912.27,98.85,69.84,301698.32,97.17
306912.27,98.85,69.84,301698.32,97.17
306912.27,98.85,69.84,301698.32,97.17
306912.27,98.85,69.84,301698.32,97.17
306912.27,98.85,69.84,301698.32,97.17
306912.27,98.85,69.84,301698.32,97.17
306912.27,98.85,69.84,301698.32,97.17
306912.27,98.85,69.84,301698.32,97.17
306912.27,98.85,69.84,301698.32,97.17
306912.27,98.85,69.84,301698.32,97.17
306912.27,98.85,69.84,301698.32,97.17
306912.27,98.85,69.84,301698.32,97.17
306912.27,98.85,69.84,301722.24,97.18
306912.27,98.85,69.84,301722.24,97.18
306912.27,98.85,69.84,301722.24,97.18
306912.27,98.85,69.84,301722.24,97.18
306912.27,98.85,69.84,301715.97,97.18
306912.27,98.85,69.84,301715.97,97.18
306912.27,98.85,69.84,301715.97,97.18
306912.27,98.85,69.84,301715.97,97.18
306912.27,98.85,69.84,301705.43,97.17
306912.27,98.85,69.84,301705.43,97.17
306912.27,98.85,69.84,301705.43,97.17
306912.27,98.85,69.84,301705.43,97.17
306912.27,98.85,69.84,301705.43,97.17
306912.27,98.85,69.84,301705.43,97.17
306912.27,98.85,69.84,301705.43,97.17
306912.27,98.85,69.84,301705.43,97.17
306912.27,98.85,69.84,301705.43,97.17
306912.27,98.85,69.84,301705.43,97.17
306912.27,98.85,69.84,301705.43,97.17
306912.27,98.85,69.84,301705.43,97.17
306912.27,98.85,69.84,301705.43,97.17
306912.27,98.85,69.84,301705.43,97.17
306912.27,98.85,69.84,301705.43,97.17
306912.27,98.85,69.84,301705.43,97.17
306912.27,98.85,69.84,301705.43,97.17
306912.27,98.85,69.84,301705.43,97.17
306912.27,98.85,69.84,301705.43,97.17
306912.27,98.85,69.84,301705.43,97.17
306912.27,98.85,69.84,301705.43,97.17
306912.27,98.85,69.84,301705.43,97.17
306912.27,98.85,69.84,301705.43,97.17
306912.27,98.85,69.84,301705.43,97.17
306912.27,98.85,69.84,301705.43,97.17
306912.27,98.85,69.84,301705.43,97.17
306912.27,98.85,69.84,301705.43,97.17
306912.27,98.85,69.84,301705.43,97.17
306804.31,98.85,69.84,301597.58,97.17
306804.31,98.85,69.84,301597.58,97.17
306804.31,98.85,69.84,301597.58,97.17
306804.31,98.85,69.84,301597.58,97.17
306804.31,98.85,69.84,301597.58,97.17
306804.31,98.85,69.84,301597.58,97.17
306804.31,98.85,69.84,301597.58,97.17
306804.31,98.85,69.84,301597.58,97.17
306804.31,98.85,69.84,301597.58,97.17
306804.31,98.85,69.84,301597.58,97.17
306804.31,98.85,69.84,301597.58,97.17
306804.31,98.85,69.84,301597.58,97.17
306804.31,98.85,69.84,301597.58,97.17
306804.31,98.85,69.84,301597.58,97.17
306804.31,98.85,69.84,301597.58,97.17
306804.31,98.85,69.84,301597.58,97.17
306804.31,98.85,69.84,301597.58,97.17
306804.31,98.85,69.84,301597.58,97.17
306804.31,98.85,69.84,301597.58,97.17
306804.31,98.85,69.84,301597.58,97.17
306804.31,98.85,69.84,301597.58,97.17
306804.31,98.85,69.84,301597.58,97.17
306804.31,98.85,69.84,301597.58,97.17
306804.31,98.85,69.84,301597.58,97.17
306804.31,98.85,69.84,301597.58,97.17
306804.31,98.85,69.84,301597.58,97.17
306804.31,98.85,69.84,301597.58,97.17
306804.31,98.85,69.84,301597.58,97.17
306804.31,98.85,69.84,301597.58,97.17
305812.06,98.85,69.84,300606.3,97.17
305812.06,98.85,69.84,300606.3,97.17
305762.06,98.85,69.84,300556.3,97.17
305762.06,98.85,69.84,300556.3,97.17
305762.06,98.85,69.84,300556.3,97.17
305762.06,98.85,69.84,300556.3,97.17
305604.09,98.85,69.83,300398.33,97.17
305604.09,98.85,69.83,300398.33,97.17
305604.09,98.85,69.83,300398.33,97.17
305604.09,98.85,69.83,300398.33,97.17
305604.09,98.85,69.83,300398.33,97.17
305604.09,98.85,69.83,300398.33,97.17
305604.09,98.85,69.83,300398.33,97.17
305604.09,98.85,69.83,300398.33,97.17
305604.09,98.85,69.83,300398.33,97.17
305604.09,98.85,69.83,300398.33,97.17
305604.09,98.85,69.83,300398.33,97.17
305604.09,98.85,69.83,300398.33,97.17
305604.09,98.85,69.83,300398.33,97.17
305604.09,98.85,69.83,300398.33,97.17
305604.09,98.85,69.83,300398.33,97.17
305604.09,98.85,69.83,300398.33,97.17
305604.09,98.85,69.83,300398.33,97.17
305604.09,98.85,69.83,300398.33,97.17
305604.09,98.85,69.83,300398.33,97.17
305604.09,98.85,69.83,300398.33,97.17
305604.09,98.85,69.83,300398.33,97.17
305604.09,98.85,69.83,300398.33,97.17
305604.09,98.85,69.83,300398.33,97.17
305604.09,98.85,69.83,300398.33,97.17
305604.09,98.85,69.83,300398.33,97.17
305604.09,98.85,69.83,300398.33,97.17
305604.09,98.85,69.83,300398.33,97.17
305604.09,98.85,69.83,300398.33,97.17
305604.09,98.85,69.83,300398.33,97.17
305604.09,98.85,69.83,300398.33,97.17
305604.09,98.85,69.83,300398.33,97.17
305604.09,98.85,69.83,300398.33,97.17
305604.09,98.85,69.83,300398.33,97.17
305604.09,98.85,69.83,300398.33,97.17
305604.09,98.85,69.83,300398.33,97.17
305604.09,98.85,69.83,300398.33,97.17
305604.09,98.85,69.83,300398.33,97.17
305604.09,98.85,69.83,300398.33,97.17
305604.09,98.85,69.83,300398.33,97.17
305604.09,98.85,69.83,300398.33,97.17
305604.09,98.85,69.83,300398.33,97.17
305604.09,98.85,69.83,300398.33,97.17
305604.09,98.85,69.83,300398.33,97.17
305604.09,98.85,69.83,300398.33,97.17
305604.09,98.85,69.83,300398.33,97.17
305604.09,98.85,69.83,300398.33,97.17
305604.09,98.85,69.83,300398.33,97.17
305604.09,98.85,69.83,300398.33,97.17
305604.09,98.85,69.83,300398.33,97.17
305604.09,98.85,69.83,300398.33,97.17
305604.09,98.85,69.83,300398.33,97.17
305604.09,98.85,69.83,300398.33,97.17
305604.09,98.85,69.83,300398.33,97.17
305604.09,98.85,69.83,300398.33,97.17
305604.09,98.85,69.83,300398.33,97.17
305604.09,98.85,69.83,300398.33,97.17
305604.09,98.85,69.83,300398.33,97.17
305604.09,98.85,69.83,300398.33,97.17
305604.09,98.85,69.83,300398.33,97.17
305604.09,98.85,69.83,300398.33,97.17
305604.09,98.85,69.83,300398.33,97.17
305604.09,98.85,69.83,300398.33,97.17
305604.09,98.85,69.83,300398.33,97.17
305604.09,98.85,69.83,300398.33,97.17
305604.09,98.85,69.83,300398.33,97.17
305604.09,98.85,69.83,300398.33,97.17
305604.09,98.85,69.83,300398.33,97.17
305604.09,98.85,69.83,300376.31,97.16
305496.13,98.85,69.83,300268.35,97.16
305496.13,98.85,69.83,300268.35,97.16
305496.13,98.85,69.83,300291.65,97.17
305496.13,98.85,69.83,300291.65,97.17
305496.13,98.85,69.83,300291.65,97.17
305496.13,98.85,69.83,300291.65,97.17
305496.13,98.85,69.83,300291.65,97.17
305496.13,98.85,69.83,300291.65,97.17
305496.13,98.85,69.83,300291.65,97.17
305496.13,98.85,69.83,300291.65,97.17
305496.13,98.85,69.83,300291.65,97.17
305496.13,98.85,69.83,300291.65,97.17
305496.13,98.85,69.83,300311.06,97.17
305496.13,98.85,69.83,300311.06,97.17
305496.13,98.85,69.83,300311.06,97.17
305496.13,98.85,69.83,300311.06,97.17
305496.13,98.85,69.83,300311.06,97.17
305496.13,98.85,69.83,300311.06,97.17
305496.13,98.85,69.83,300311.06,97.17
305496.13,98.85,69.83,300300.29,97.17
305496.13,98.85,69.83,300313.85,97.17
305496.13,98.85,69.83,300313.85,97.17
305496.13,98.85,69.83,300313.85,97.17
305496.13,98.85,69.83,300313.85,97.17
305496.13,98.85,69.83,300313.85,97.17
305496.13,98.85,69.83,300313.85,97.17
305496.13,98.85,69.83,300313.85,97.17
305496.13,98.85,69.83,300313.85,97.17
305496.13,98.85,69.83,300313.85,97.17
305496.13,98.85,69.83,300313.85,97.17
305496.13,98.85,69.83,300313.85,97.17
305496.13,98.85,69.83,300313.85,97.17
305496.13,98.85,69.83,300313.85,97.17
305496.13,98.85,69.83,300313.85,97.17
305496.13,98.85,69.83,300313.85,97.17
305496.13,98.85,69.83,300313.85,97.17
305496.13,98.85,69.83,300313.85,97.17
305496.13,98.85,69.83,300313.85,97.17
305496.13,98.85,69.83,300313.85,97.17
305496.13,98.85,69.83,300309.74,97.17
305496.13,98.85,69.83,300309.74,97.17
305496.13,98.85,69.83,300309.74,97.17
305496.13,98.85,69.83,300309.74,97.17
305338.16,98.85,69.83,300151.77,97.17
305338.16,98.85,69.83,300151.77,97.17
305338.16,98.85,69.83,300151.77,97.17
305338.16,98.85,69.83,300151.77,97.17
305338.16,98.85,69.83,300151.77,97.17
305338.16,98.85,69.83,300151.77,97.17
305338.16,98.85,69.83,300151.77,97.17
305338.16,98.85,69.83,300151.77,97.17
305338.16,98.85,69.83,300151.77,97.17
305338.16,98.85,69.83,300151.77,97.17
305338.16,98.85,69.83,300151.77,97.17
305338.16,98.85,69.83,300151.77,97.17
305338.16,98.85,69.83,300151.77,97.17
305338.16,98.85,69.83,300151.77,97.17
305338.16,98.85,69.83,300151.77,97.17
305338.16,98.85,69.83,300151.77,97.17
305338.16,98.85,69.83,300151.77,97.17
305338.16,98.85,69.83,300151.77,97.17
305338.16,98.85,69.83,300151.77,97.17
305338.16,98.85,69.83,300151.77,97.17
305338.16,98.85,69.83,300151.77,97.17
305338.16,98.85,69.83,300151.77,97.17
305338.16,98.85,69.83,300151.77,97.17
305338.16,98.85,69.83,300151.77,97.17
305338.16,98.85,69.83,300151.77,97.17
305338.16,98.85,69.83,300151.77,97.17
305338.16,98.85,69.83,300151.77,97.17
305338.16,98.85,69.83,300151.77,97.17
305338.16,98.85,69.83,300151.77,97.17
305338.16,98.85,69.83,300151.77,97.17
305338.16,98.85,69.83,300151.77,97.17
305338.16,98.85,69.83,300151.77,97.17
305338.16,98.85,69.83,300151.77,97.17
305338.16,98.85,69.83,300151.77,97.17
305338.16,98.85,69.83,300151.77,97.17
305338.16,98.85,69.83,300151.77,97.17
305338.16,98.85,69.83,300151.77,97.17
305338.16,98.85,69.83,300151.77,97.17
305338.16,98.85,69.83,300151.77,97.17
305338.16,98.85,69.83,300151.77,97.17
305338.16,98.85,69.83,300151.77,97.17
305338.16,98.85,69.83,300151.77,97.17
305338.16,98.85,69.83,300151.77,97.17
305338.16,98.85,69.83,300151.77,97.17
305338.16,98.85,69.83,300151.77,97.17
305338.16,98.85,69.83,300151.77,97.17
305338.16,98.85,69.83,300151.77,97.17
305338.16,98.85,69.83,300151.77,97.17
305338.16,98.85,69.83,300151.77,97.17
305288.16,98.85,69.82,300101.77,97.17
305288.16,98.85,69.82,300101.77,97.17
305288.16,98.85,69.82,300101.77,97.17
305288.16,98.85,69.82,300120.19,97.18
305288.16,98.85,69.82,300120.19,97.18
305288.16,98.85,69.82,300120.19,97.18
305288.16,98.85,69.82,300120.19,97.18
305288.16,98.85,69.82,300120.19,97.18
305288.16,98.85,69.82,300120.19,97.18
305288.16,98.85,69.82,300120.19,97.18
305288.16,98.85,69.82,300120.19,97.18
305288.16,98.85,69.82,300120.19,97.18
305288.16,98.85,69.82,300120.19,97.18
305288.16,98.85,69.82,300120.19,97.18
305288.16,98.85,69.82,300120.19,97.18
305288.16,98.85,69.82,300120.19,97.18
305288.16,98.85,69.82,300120.19,97.18
305288.16,98.85,69.82,300120.19,97.18
305288.16,98.85,69.82,300120.19,97.18
305288.16,98.85,69.82,300105.03,97.17
305288.16,98.85,69.82,300105.03,97.17
305288.16,98.85,69.82,300105.03,97.17
305288.16,98.85,69.82,300105.03,97.17
304919.33,98.85,69.82,299736.35,97.17
304919.33,98.85,69.82,299736.35,97.17
304919.33,98.85,69.82,299736.35,97.17
304919.33,98.85,69.82,299736.35,97.17
304919.33,98.85,69.82,299736.35,97.17
304919.33,98.85,69.82,299751.21,97.17
304919.33,98.85,69.82,299751.21,97.17
304919.33,98.85,69.82,299751.21,97.17
304919.33,98.85,69.82,299751.21,97.17
304919.33,98.85,69.82,299751.21,97.17
304919.33,98.85,69.82,299751.21,97.17
304919.33,98.85,69.82,299751.21,97.17
304919.33,98.85,69.82,299751.21,97.17
304919.33,98.85,69.82,299751.21,97.17
304919.33,98.85,69.82,299751.21,97.17
304919.33,98.85,69.82,299751.21,97.17
304919.33,98.85,69.82,299751.21,97.17
304919.33,98.85,69.82,299751.21,97.17
304919.33,98.85,69.82,299751.21,97.17
304919.33,98.85,69.82,299751.21,97.17
304919.33,98.85,69.82,299751.21,97.17
304919.33,98.85,69.82,299751.21,97.17
304919.33,98.85,69.82,299751.21,97.17
304919.33,98.85,69.82,299751.21,97.17
303923.2,98.85,69.83,298755.82,97.17
303923.2,98.85,69.83,298755.82,97.17
303923.2,98.85,69.83,298755.82,97.17
303923.2,98.85,69.83,298755.82,97.17
303923.2,98.85,69.83,298755.82,97.17
303923.2,98.85,69.83,298755.82,97.17
303923.2,98.85,69.83,298755.82,97.17
303923.2,98.85,69.83,298755.82,97.17
303923.2,98.85,69.83,298755.82,97.17
303923.2,98.85,69.83,298755.82,97.17
303923.2,98.85,69.83,298755.82,97.17
303923.2,98.85,69.83,298755.82,97.17
303923.2,98.85,69.83,298755.82,97.17
303923.2,98.85,69.83,298755.82,97.17
303923.2,98.85,69.83,298755.82,97.17
303923.2,98.85,69.83,298755.82,97.17
303923.2,98.85,69.83,298755.82,97.17
303923.2,98.85,69.83,298755.82,97.17
303923.2,98.85,69.83,298755.82,97.17
303923.2,98.85,69.83,298755.82,97.17
303923.2,98.85,69.83,298755.82,97.17
303923.2,98.85,69.83,298755.82,97.17
303923.2,98.85,69.83,298755.82,97.17
303923.2,98.85,69.83,298755.82,97.17
303923.2,98.85,69.83,298755.82,97.17
303923.2,98.85,69.83,298755.82,97.17
303923.2,98.85,69.83,298755.82,97.17
303923.2,98.85,69.83,298755.82,97.17
303923.2,98.85,69.83,298755.82,97.17
303923.2,98.85,69.83,298755.82,97.17
303923.2,98.85,69.83,298755.82,97.17
303923.2,98.85,69.83,298755.82,97.17
303923.2,98.85,69.83,298755.82,97.17
303923.2,98.85,69.83,298755.82,97.17
303923.2,98.85,69.83,298755.82,97.17
303923.2,98.85,69.83,298755.82,97.17
303923.2,98.85,69.83,298755.82,97.17
303923.2,98.85,69.83,298755.82,97.17
303923.2,98.85,69.83,298755.82,97.17
303923.2,98.85,69.83,298755.82,97.17
303923.2,98.85,69.83,298755.82,97.17
303923.2,98.85,69.83,298755.82,97.17
303923.2,98.85,69.83,298755.82,97.17
303923.2,98.85,69.83,298755.82,97.17
303923.2,98.85,69.83,298755.82,97.17
303923.2,98.85,69.83,298755.82,97.17
303923.2,98.85,69.83,298755.82,97.17
303923.2,98.85,69.83,298755.82,97.17
303923.2,98.85,69.83,298755.82,97.17
303923.2,98.85,69.83,298755.82,97.17
303923.2,98.85,69.83,298755.82,97.17
303923.2,98.85,69.83,298755.82,97.17
303923.2,98.85,69.83,298755.82,97.17
303923.2,98.85,69.83,298755.82,97.17
303923.2,98.85,69.83,298733.81,97.16
303923.2,98.85,69.83,298733.81,97.16
303923.2,98.85,69.83,298733.81,97.16
303923.2,98.85,69.83,298733.81,97.16
303923.2,98.85,69.83,298733.81,97.16
303923.2,98.85,69.83,298733.81,97.16
303923.2,98.85,69.83,298733.81,97.16
303923.2,98.85,69.83,298733.81,97.16
303923.2,98.85,69.83,298733.81,97.16
303923.2,98.85,69.83,298733.81,97.16
303923.2,98.85,69.83,298733.81,97.16
303923.2,98.85,69.83,298733.81,97.16
303923.2,98.85,69.83,298733.81,97.16
303923.2,98.85,69.83,298733.81,97.16
303923.2,98.85,69.83,298733.81,97.16
303923.2,98.85,69.83,298733.81,97.16
303923.2,98.85,69.83,298743.3,97.16
303923.2,98.85,69.83,298743.3,97.16
303923.2,98.85,69.83,298743.3,97.16
303923.2,98.85,69.83,298743.3,97.16
303923.2,98.85,69.83,298743.3,97.16
303923.2,98.85,69.83,298759.73,97.17
303923.2,98.85,69.83,298760.39,97.17
303923.2,98.85,69.83,298760.39,97.17
303923.2,98.85,69.83,298760.39,97.17
303923.2,98.85,69.83,298760.39,97.17
303815.24,98.85,69.82,298656.96,97.17
303815.24,98.85,69.82,298656.96,97.17
303815.24,98.85,69.82,298656.96,97.17
303815.24,98.85,69.82,298656.96,97.17
303815.24,98.85,69.82,298656.96,97.17
303815.24,98.85,69.82,298656.96,97.17
303815.24,98.85,69.82,298656.96,97.17
303815.24,98.85,69.82,298656.96,97.17
303815.24,98.85,69.82,298656.96,97.17
303815.24,98.85,69.82,298656.96,97.17
303815.24,98.85,69.82,298656.96,97.17
303815.24,98.85,69.82,298656.96,97.17
303815.24,98.85,69.82,298656.96,97.17
303815.24,98.85,69.82,298656.96,97.17
303815.24,98.85,69.82,298656.96,97.17
303815.24,98.85,69.82,298656.96,97.17
303815.24,98.85,69.82,298656.96,97.17
303815.24,98.85,69.82,298656.96,97.17
303815.24,98.85,69.82,298656.96,97.17
303815.24,98.85,69.82,298656.96,97.17
303815.24,98.85,69.82,298656.96,97.17
303815.24,98.85,69.82,298656.96,97.17
303815.24,98.85,69.82,298656.96,97.17
303815.24,98.85,69.82,298656.96,97.17
303815.24,98.85,69.82,298656.96,97.17
303815.24,98.85,69.82,298634.95,97.16
303815.24,98.85,69.82,298658.31,97.17
303815.24,98.85,69.82,298658.31,97.17
303815.24,98.85,69.82,298658.31,97.17
303815.24,98.85,69.82,298658.31,97.17
303815.24,98.85,69.82,298658.31,97.17
303815.24,98.85,69.82,298658.31,97.17
303815.24,98.85,69.82,298658.31,97.17
303815.24,98.85,69.82,298658.31,97.17
303815.24,98.85,69.82,298658.31,97.17
303815.24,98.85,69.82,298658.31,97.17
303815.24,98.85,69.82,298658.31,97.17
303815.24,98.85,69.82,298658.31,97.17
303815.24,98.85,69.82,298658.31,97.17
303815.24,98.85,69.82,298656.66,97.17
303815.24,98.85,69.82,298656.66,97.17
303815.24,98.85,69.82,298656.66,97.17
303815.24,98.85,69.82,298656.66,97.17
303815.24,98.85,69.82,298656.66,97.17
303815.24,98.85,69.82,298656.66,97.17
303815.24,98.85,69.82,298656.66,97.17
303815.24,98.85,69.82,298656.66,97.17
303815.24,98.85,69.82,298656.66,97.17
303815.24,98.85,69.82,298656.66,97.17
303815.24,98.85,69.82,298656.66,97.17
303815.24,98.85,69.82,298656.66,97.17
303815.24,98.85,69.82,298656.66,97.17
303815.24,98.85,69.82,298656.66,97.17
303815.24,98.85,69.82,298656.66,97.17
303815.24,98.85,69.82,298656.66,97.17
303815.24,98.85,69.82,298656.66,97.17
303815.24,98.85,69.82,298656.66,97.17
303815.24,98.85,69.82,298656.66,97.17
303815.24,98.85,69.82,298656.66,97.17
303815.24,98.85,69.82,298656.66,97.17
303815.24,98.85,69.82,298656.66,97.17
303815.24,98.85,69.82,298656.66,97.17
303815.24,98.85,69.82,298656.66,97.17
303815.24,98.85,69.82,298656.66,97.17
303815.24,98.85,69.82,298656.66,97.17
303815.24,98.85,69.82,298656.66,97.17
303815.24,98.85,69.82,298656.66,97.17
303815.24,98.85,69.82,298656.66,97.17
303815.24,98.85,69.82,298656.66,97.17
303815.24,98.85,69.82,298656.66,97.17
303815.24,98.85,69.82,298656.66,97.17
303815.24,98.85,69.82,298656.66,97.17
303815.24,98.85,69.82,298656.66,97.17
303815.24,98.85,69.82,298656.66,97.17
303815.24,98.85,69.82,298656.66,97.17
303815.24,98.85,69.82,298694.2,97.18
303815.24,98.85,69.82,298694.2,97.18
303815.24,98.85,69.82,298694.2,97.18
303815.24,98.85,69.82,298650.32,97.17
303815.24,98.85,69.82,298650.32,97.17
303815.24,98.85,69.82,298650.32,97.17
303815.24,98.85,69.82,298650.32,97.17
303815.24,98.85,69.82,298698.52,97.18
303815.24,98.85,69.82,298698.52,97.18
303815.24,98.85,69.82,298663.18,97.17
303657.27,98.85,69.82,298532.46,97.18
303657.27,98.85,69.82,298532.46,97.18
303657.27,98.85,69.82,298532.46,97.18
303657.27,98.85,69.82,298532.46,97.18
303657.27,98.85,69.82,298532.46,97.18
303657.27,98.85,69.82,298532.46,97.18
303657.27,98.85,69.82,298532.46,97.18
303657.27,98.85,69.82,298532.46,97.18
303657.27,98.85,69.82,298532.46,97.18
303657.27,98.85,69.82,298532.46,97.18
303657.27,98.85,69.82,298532.46,97.18
303657.27,98.85,69.82,298532.46,97.18
303657.27,98.85,69.82,298532.46,97.18
303657.27,98.85,69.82,298532.46,97.18
303657.27,98.85,69.82,298532.46,97.18
303657.27,98.85,69.82,298532.46,97.18
303657.27,98.85,69.82,298532.46,97.18
303657.27,98.85,69.82,298532.46,97.18
303657.27,98.85,69.82,298532.46,97.18
303657.27,98.85,69.82,298532.46,97.18
303657.27,98.85,69.82,298532.46,97.18
303657.27,98.85,69.82,298532.46,97.18
303657.27,98.85,69.82,298532.46,97.18
303657.27,98.85,69.82,298532.46,97.18
303657.27,98.85,69.82,298532.46,97.18
303657.27,98.85,69.82,298573.14,97.19
303657.27,98.85,69.82,298573.14,97.19
303657.27,98.85,69.82,298573.14,97.19
303657.27,98.85,69.82,298573.14,97.19
303657.27,98.85,69.82,298573.14,97.19
303657.27,98.85,69.82,298573.14,97.19
303657.27,98.85,69.82,298573.14,97.19
303657.27,98.85,69.82,298573.14,97.19
303657.27,98.85,69.82,298573.14,97.19
303657.27,98.85,69.82,298573.14,97.19
303657.27,98.85,69.82,298573.14,97.19
303657.27,98.85,69.82,298573.14,97.19
303657.27,98.85,69.82,298573.14,97.19
303657.27,98.85,69.82,298573.14,97.19
303657.27,98.85,69.82,298573.14,97.19
303657.27,98.85,69.82,298573.14,97.19
303657.27,98.85,69.82,298573.14,97.19
303657.27,98.85,69.82,298573.14,97.19
303657.27,98.85,69.82,298573.14,97.19
303657.27,98.85,69.82,298573.14,97.19
303657.27,98.85,69.82,298573.14,97.19
303657.27,98.85,69.82,298573.14,97.19
303657.27,98.85,69.82,298573.14,97.19
303657.27,98.85,69.82,298544.17,97.18
303657.27,98.85,69.82,298544.17,97.18
303657.27,98.85,69.82,298544.17,97.18
303657.27,98.85,69.82,298544.17,97.18
303657.27,98.85,69.82,298544.17,97.18
303657.27,98.85,69.82,298577.95,97.19
303657.27,98.85,69.82,298577.95,97.19
303657.27,98.85,69.82,298577.95,97.19
303657.27,98.85,69.82,298577.95,97.19
303657.27,98.85,69.82,298577.95,97.19
303657.27,98.85,69.82,298577.95,97.19
303657.27,98.85,69.82,298577.95,97.19
303657.27,98.85,69.82,298577.95,97.19
303657.27,98.85,69.82,298577.95,97.19
303657.27,98.85,69.82,298577.95,97.19
303657.27,98.85,69.82,298577.95,97.19
303657.27,98.85,69.82,298577.95,97.19
303657.27,98.85,69.82,298577.95,97.19
303657.27,98.85,69.82,298577.95,97.19
303657.27,98.85,69.82,298577.95,97.19
303657.27,98.85,69.82,298577.95,97.19
303657.27,98.85,69.82,298577.95,97.19
303657.27,98.85,69.82,298577.95,97.19
303657.27,98.85,69.82,298577.95,97.19
303657.27,98.85,69.82,298577.95,97.19
303657.27,98.85,69.82,298577.95,97.19
303657.27,98.85,69.82,298577.95,97.19
303657.27,98.85,69.82,298577.95,97.19
303657.27,98.85,69.82,298577.95,97.19
303657.27,98.85,69.82,298577.95,97.19
303657.27,98.85,69.82,298577.95,97.19
303657.27,98.85,69.82,298577.95,97.19
303657.27,98.85,69.82,298577.95,97.19
303657.27,98.85,69.82,298577.95,97.19
303657.27,98.85,69.82,298577.95,97.19
303657.27,98.85,69.82,298577.95,97.19
303657.27,98.85,69.82,298577.95,97.19
303657.27,98.85,69.82,298577.95,97.19
303657.27,98.85,69.82,298577.95,97.19
303657.27,98.85,69.82,298577.95,97.19
303657.27,98.85,69.82,298573.09,97.19
303657.27,98.85,69.82,298573.09,97.19
303657.27,98.85,69.82,298573.09,97.19
303657.27,98.85,69.82,298573.09,97.19
303657.27,98.85,69.82,298573.09,97.19
303657.27,98.85,69.82,298573.09,97.19
303657.27,98.85,69.82,298573.09,97.19
303657.27,98.85,69.82,298573.09,97.19
303657.27,98.85,69.82,298573.09,97.19
303657.27,98.85,69.82,298573.09,97.19
303657.27,98.85,69.82,298573.09,97.19
303657.27,98.85,69.82,298573.09,97.19
303657.27,98.85,69.82,298573.09,97.19
303657.27,98.85,69.82,298573.09,97.19
303657.27,98.85,69.82,298573.09,97.19
303499.31,98.85,69.82,298415.45,97.19
303499.31,98.85,69.82,298415.45,97.19
303499.31,98.85,69.82,298415.45,97.19
303499.31,98.85,69.82,298415.45,97.19
303499.31,98.85,69.82,298415.45,97.19
303499.31,98.85,69.82,298415.45,97.19
303499.31,98.85,69.82,298415.45,97.19
303499.31,98.85,69.82,298415.45,97.19
303499.31,98.85,69.82,298415.45,97.19
303499.31,98.85,69.82,298393.63,97.18
303499.31,98.85,69.82,298393.63,97.18
303499.31,98.85,69.82,298393.63,97.18
303499.31,98.85,69.82,298393.63,97.18
303499.31,98.85,69.82,298393.63,97.18
303499.31,98.85,69.82,298393.63,97.18
303499.31,98.85,69.82,298393.63,97.18
303499.31,98.85,69.82,298393.63,97.18
303499.31,98.85,69.82,298393.63,97.18
303499.31,98.85,69.82,298393.63,97.18
303499.31,98.85,69.82,298393.63,97.18
303499.31,98.85,69.82,298393.63,97.18
303499.31,98.85,69.82,298393.63,97.18
303499.31,98.85,69.82,298393.63,97.18
303499.31,98.85,69.82,298393.63,97.18
303499.31,98.85,69.82,298393.63,97.18
303499.31,98.85,69.82,298393.63,97.18
303499.31,98.85,69.82,298393.63,97.18
303499.31,98.85,69.82,298415.63,97.19
303499.31,98.85,69.82,298415.63,97.19
303499.31,98.85,69.82,298415.63,97.19
303499.31,98.85,69.82,298415.63,97.19
303341.35,98.85,69.81,298257.67,97.19
303341.35,98.85,69.81,298257.67,97.19
303341.35,98.85,69.81,298257.67,97.19
303341.35,98.85,69.81,298235.38,97.18
303341.35,98.85,69.81,298235.38,97.18
303341.35,98.85,69.81,298235.38,97.18
303341.35,98.85,69.81,298235.38,97.18
303341.35,98.85,69.81,298235.38,97.18
303341.35,98.85,69.81,298235.38,97.18
303341.35,98.85,69.81,298235.38,97.18
303341.35,98.85,69.81,298235.38,97.18
303341.35,98.85,69.81,298235.38,97.18
303341.35,98.85,69.81,298235.38,97.18
303341.35,98.85,69.81,298235.38,97.18
303341.35,98.85,69.81,298235.38,97.18
303341.35,98.85,69.81,298235.38,97.18
303341.35,98.85,69.81,298235.38,97.18
303341.35,98.85,69.81,298235.38,97.18
303341.35,98.85,69.81,298261.31,97.19
303341.35,98.85,69.81,298261.31,97.19
303341.35,98.85,69.81,298261.31,97.19
303341.35,98.85,69.81,298261.31,97.19
303341.35,98.85,69.81,298261.31,97.19
303341.35,98.85,69.81,298261.31,97.19
303341.35,98.85,69.81,298261.31,97.19
303341.35,98.85,69.81,298261.31,97.19
303341.35,98.85,69.81,298261.31,97.19
303341.35,98.85,69.81,298261.31,97.19
303341.35,98.85,69.81,298261.31,97.19
303341.35,98.85,69.81,298261.31,97.19
303341.35,98.85,69.81,298261.31,97.19
303341.35,98.85,69.81,298261.31,97.19
303341.35,98.85,69.81,298261.31,97.19
303341.35,98.85,69.81,298261.31,97.19
303341.35,98.85,69.81,298261.31,97.19
303341.35,98.85,69.81,298261.31,97.19
303341.35,98.85,69.81,298261.31,97.19
303341.35,98.85,69.81,298261.31,97.19
303341.35,98.85,69.81,298261.31,97.19
303183.38,98.85,69.81,298103.35,97.19
303183.38,98.85,69.81,298103.35,97.19
303183.38,98.85,69.81,298103.35,97.19
303183.38,98.85,69.81,298103.35,97.19
303183.38,98.85,69.81,298099.39,97.19
303183.38,98.85,69.81,298099.39,97.19
303183.38,98.85,69.81,298099.39,97.19
303183.38,98.85,69.81,298099.39,97.19
303183.38,98.85,69.81,298099.39,97.19
303183.38,98.85,69.81,298099.39,97.19
303183.38,98.85,69.81,298099.39,97.19
303183.38,98.85,69.81,298099.39,97.19
303183.38,98.85,69.81,298099.39,97.19
303183.38,98.85,69.81,298099.39,97.19
303183.38,98.85,69.81,298099.39,97.19
303183.38,98.85,69.81,298099.39,97.19
303183.38,98.85,69.81,298099.39,97.19
303183.38,98.85,69.81,298099.39,97.19
303183.38,98.85,69.81,298099.39,97.19
303183.38,98.85,69.81,298099.39,97.19
303183.38,98.85,69.81,298099.39,97.19
303183.38,98.85,69.81,298099.39,97.19
303183.38,98.85,69.81,298099.39,97.19
303183.38,98.85,69.81,298099.39,97.19
303183.38,98.85,69.81,298099.39,97.19
303183.38,98.85,69.81,298099.39,97.19
303183.38,98.85,69.81,298099.39,97.19
303183.38,98.85,69.81,298099.39,97.19
303183.38,98.85,69.81,298099.39,97.19
303183.38,98.85,69.81,298099.39,97.19
303183.38,98.85,69.81,298099.39,97.19
303183.38,98.85,69.81,298099.39,97.19
303183.38,98.85,69.81,298077.38,97.18
303183.38,98.85,69.81,298077.38,97.18
303183.38,98.85,69.81,298077.38,97.18
303183.38,98.85,69.81,298077.38,97.18
303183.38,98.85,69.81,298077.38,97.18
303183.38,98.85,69.81,298077.38,97.18
303025.42,98.85,69.8,297919.73,97.18
303025.42,98.85,69.8,297919.73,97.18
303025.42,98.85,69.8,297919.73,97.18
303025.42,98.85,69.8,297919.73,97.18
303025.42,98.85,69.8,297919.73,97.18
303025.42,98.85,69.8,297919.73,97.18
302867.45,98.85,69.8,297761.76,97.18
302867.45,98.85,69.8,297761.76,97.18
302867.45,98.85,69.8,297761.76,97.18
302867.45,98.85,69.8,297761.76,97.18
302867.45,98.85,69.8,297761.76,97.18
302867.45,98.85,69.8,297761.76,97.18
302867.45,98.85,69.8,297761.76,97.18
302867.45,98.85,69.8,297784.24,97.19
302867.45,98.85,69.8,297784.24,97.19
302867.45,98.85,69.8,297784.24,97.19
302867.45,98.85,69.8,297784.24,97.19
302867.45,98.85,69.8,297784.24,97.19
302867.45,98.85,69.8,297784.24,97.19
302867.45,98.85,69.8,297784.24,97.19
302867.45,98.85,69.8,297784.24,97.19
302867.45,98.85,69.8,297784.24,97.19
302867.45,98.85,69.8,297784.24,97.19
302867.45,98.85,69.8,297784.24,97.19
302867.45,98.85,69.8,297784.24,97.19
302867.45,98.85,69.8,297784.24,97.19
302867.45,98.85,69.8,297784.24,97.19
302867.45,98.85,69.8,297784.24,97.19
302867.45,98.85,69.8,297784.24,97.19
302867.45,98.85,69.8,297784.24,97.19
302867.45,98.85,69.8,297784.24,97.19
302867.45,98.85,69.8,297784.24,97.19
302867.45,98.85,69.8,297784.24,97.19
302867.45,98.85,69.8,297784.24,97.19
302867.45,98.85,69.8,297784.24,97.19
302867.45,98.85,69.8,297784.24,97.19
302867.45,98.85,69.8,297769.93,97.18
302867.45,98.85,69.8,297769.93,97.18
302867.45,98.85,69.8,297769.93,97.18
302867.45,98.85,69.8,297769.93,97.18
302867.45,98.85,69.8,297769.93,97.18
302867.45,98.85,69.8,297725.92,97.17
302867.45,98.85,69.8,297725.92,97.17
302867.45,98.85,69.8,297725.92,97.17
302867.45,98.85,69.8,297743.42,97.17
302867.45,98.85,69.8,297743.42,97.17
302867.45,98.85,69.8,297743.42,97.17
302867.45,98.85,69.8,297743.42,97.17
302867.45,98.85,69.8,297743.42,97.17
302867.45,98.85,69.8,297743.42,97.17
302867.45,98.85,69.8,297743.42,97.17
302867.45,98.85,69.8,297743.42,97.17
302867.45,98.85,69.8,297743.42,97.17
302867.45,98.85,69.8,297743.42,97.17
302867.45,98.85,69.8,297743.42,97.17
302867.45,98.85,69.8,297743.42,97.17
302867.45,98.85,69.8,297743.42,97.17
302867.45,98.85,69.8,297793.11,97.19
302867.45,98.85,69.8,297793.11,97.19
302867.45,98.85,69.8,297793.11,97.19
302867.45,98.85,69.8,297793.11,97.19
302867.45,98.85,69.8,297793.11,97.19
302867.45,98.85,69.8,297793.11,97.19
302867.45,98.85,69.8,297793.11,97.19
302867.45,98.85,69.8,297793.11,97.19
302867.45,98.85,69.8,297793.11,97.19
302867.45,98.85,69.8,297793.11,97.19
302867.45,98.85,69.8,297793.11,97.19
302709.28,98.85,69.8,297634.93,97.19
302709.28,98.85,69.8,297634.93,97.19
302709.28,98.85,69.8,297634.93,97.19
302709.28,98.85,69.8,297634.93,97.19
302709.28,98.85,69.8,297634.93,97.19
302709.28,98.85,69.8,297634.93,97.19
302709.28,98.85,69.8,297634.93,97.19
302709.28,98.85,69.8,297634.93,97.19
302709.28,98.85,69.8,297634.93,97.19
302709.28,98.85,69.8,297634.93,97.19
302709.28,98.85,69.8,297634.93,97.19
302709.28,98.85,69.8,297634.93,97.19
302709.28,98.85,69.8,297612.54,97.18
302709.28,98.85,69.8,297612.54,97.18
302709.28,98.85,69.8,297605.65,97.18
302709.28,98.85,69.8,297605.65,97.18
302709.28,98.85,69.8,297605.65,97.18
302709.28,98.85,69.8,297605.65,97.18
302709.28,98.85,69.8,297605.65,97.18
302709.28,98.85,69.8,297605.65,97.18
302709.28,98.85,69.8,297605.65,97.18
302709.28,98.85,69.8,297605.65,97.18
302709.28,98.85,69.8,297605.42,97.18
302709.28,98.85,69.8,297605.42,97.18
302709.28,98.85,69.8,297605.42,97.18
302709.28,98.85,69.8,297627.13,97.19
302709.28,98.85,69.8,297627.13,97.19
302551.31,98.85,69.79,297469.17,97.19
302551.31,98.85,69.79,297469.17,97.19
302551.31,98.85,69.79,297469.17,97.19
302551.31,98.85,69.79,297469.17,97.19
302551.31,98.85,69.79,297469.17,97.19
302551.31,98.85,69.79,297469.17,97.19
302551.31,98.85,69.79,297469.17,97.19
302551.31,98.85,69.79,297469.17,97.19
302551.31,98.85,69.79,297469.17,97.19
302551.31,98.85,69.79,297469.17,97.19
302551.31,98.85,69.79,297469.17,97.19
302551.31,98.85,69.79,297469.17,97.19
302551.31,98.85,69.79,297469.17,97.19
302551.31,98.85,69.79,297469.17,97.19
302551.31,98.85,69.79,297469.17,97.19
302551.31,98.85,69.79,297469.17,97.19
302551.31,98.85,69.79,297469.17,97.19
302551.31,98.85,69.79,297469.17,97.19
302551.31,98.85,69.79,297469.17,97.19
302551.31,98.85,69.79,297469.17,97.19
302551.31,98.85,69.79,297469.17,97.19
302551.31,98.85,69.79,297469.17,97.19
302551.31,98.85,69.79,297469.17,97.19
302551.31,98.85,69.79,297469.17,97.19
302551.31,98.85,69.79,297469.17,97.19
302551.31,98.85,69.79,297469.17,97.19
302551.31,98.85,69.79,297469.17,97.19
302551.31,98.85,69.79,297469.17,97.19
302551.31,98.85,69.79,297469.17,97.19
302551.31,98.85,69.79,297469.17,97.19
302551.31,98.85,69.79,297469.17,97.19
302551.31,98.85,69.79,297469.17,97.19
302551.31,98.85,69.79,297469.17,97.19
302551.31,98.85,69.79,297469.17,97.19
302551.31,98.85,69.79,297469.17,97.19
302551.31,98.85,69.79,297469.17,97.19
302551.31,98.85,69.79,297469.17,97.19
302551.31,98.85,69.79,297469.17,97.19
302551.31,98.85,69.79,297469.17,97.19
302551.31,98.85,69.79,297469.17,97.19
302551.31,98.85,69.79,297469.17,97.19
302551.31,98.85,69.79,297469.17,97.19
302551.31,98.85,69.79,297469.17,97.19
302551.31,98.85,69.79,297469.17,97.19
302551.31,98.85,69.79,297469.17,97.19
302392.69,98.85,69.79,297311.07,97.19
302392.69,98.85,69.79,297311.07,97.19
302392.69,98.85,69.79,297311.07,97.19
302392.69,98.85,69.79,297311.07,97.19
302392.69,98.85,69.79,297311.07,97.19
302392.69,98.85,69.79,297311.07,97.19
302392.69,98.85,69.79,297311.07,97.19
302392.69,98.85,69.79,297311.07,97.19
302392.69,98.85,69.79,297311.07,97.19
302392.69,98.85,69.79,297311.07,97.19
302102.69,98.85,69.79,297021.07,97.18
302102.69,98.85,69.79,297021.07,97.18
302102.69,98.85,69.79,297021.07,97.18
302102.69,98.85,69.79,297021.07,97.18
302102.69,98.85,69.79,297021.07,97.18
302102.69,98.85,69.79,297021.07,97.18
302102.69,98.85,69.79,297021.07,97.18
302102.69,98.85,69.79,297021.07,97.18
302102.69,98.85,69.79,297021.07,97.18
302102.69,98.85,69.79,297021.07,97.18
302102.69,98.85,69.79,297021.07,97.18
302102.69,98.85,69.79,297021.07,97.18
302102.69,98.85,69.79,297021.07,97.18
302102.69,98.85,69.79,297021.07,97.18
302102.69,98.85,69.79,297021.07,97.18
302102.69,98.85,69.79,297021.07,97.18
302102.69,98.85,69.79,297021.07,97.18
302102.69,98.85,69.79,297021.07,97.18
302102.69,98.85,69.79,297058.61,97.2
302102.69,98.85,69.79,297013.36,97.18
302102.69,98.85,69.79,297013.36,97.18
302102.69,98.85,69.79,297013.36,97.18
302102.69,98.85,69.79,297013.36,97.18
302102.69,98.85,69.79,297013.36,97.18
302102.69,98.85,69.79,297013.36,97.18
302102.69,98.85,69.79,297013.36,97.18
302102.69,98.85,69.79,297013.36,97.18
302102.69,98.85,69.79,297013.36,97.18
302102.69,98.85,69.79,297013.36,97.18
302102.69,98.85,69.79,297050.89,97.19
302102.69,98.85,69.79,297050.89,97.19
302102.69,98.85,69.79,297050.89,97.19
302102.69,98.85,69.79,297050.89,97.19
302102.69,98.85,69.79,297050.89,97.19
302102.69,98.85,69.79,297050.89,97.19
302102.69,98.85,69.79,297050.89,97.19
302102.69,98.85,69.79,297050.89,97.19
302102.69,98.85,69.79,297050.89,97.19
302102.69,98.85,69.79,297050.89,97.19
302102.69,98.85,69.79,297050.89,97.19
302102.69,98.85,69.79,297050.89,97.19
302102.69,98.85,69.79,297050.89,97.19
302102.69,98.85,69.79,297102.5,97.21
301992.95,98.85,69.79,296995.63,97.21
301992.95,98.85,69.79,296995.63,97.21
301992.95,98.85,69.79,296995.63,97.21
301992.95,98.85,69.79,296995.63,97.21
301992.95,98.85,69.79,296995.63,97.21
301834.99,98.85,69.78,296837.66,97.21
301834.99,98.85,69.78,296837.66,97.21
301834.99,98.85,69.78,296837.66,97.21
301834.99,98.85,69.78,296837.66,97.21
301834.99,98.85,69.78,296837.66,97.21
301834.99,98.85,69.78,296837.66,97.21
301834.99,98.85,69.78,296837.66,97.21
301834.99,98.85,69.78,296837.66,97.21
301834.99,98.85,69.78,296837.66,97.21
301834.99,98.85,69.78,296837.66,97.21
301834.99,98.85,69.78,296837.66,97.21
301834.99,98.85,69.78,296837.66,97.21
301834.99,98.85,69.78,296837.66,97.21
301834.99,98.85,69.78,296837.66,97.21
301834.99,98.85,69.78,296837.66,97.21
301834.99,98.85,69.78,296837.66,97.21
301834.99,98.85,69.78,296837.66,97.21
301834.99,98.85,69.78,296837.66,97.21
301834.99,98.85,69.78,296830.02,97.21
301834.99,98.85,69.78,296830.02,97.21
301834.99,98.85,69.78,296784.77,97.19
301834.99,98.85,69.78,296784.77,97.19
301834.99,98.85,69.78,296784.77,97.19
301834.99,98.85,69.78,296784.77,97.19
301834.99,98.85,69.78,296784.77,97.19
301834.99,98.85,69.78,296784.77,97.19
301834.99,98.85,69.78,296784.77,97.19
301834.99,98.85,69.78,296837.42,97.21
301834.99,98.85,69.78,296837.42,97.21
301834.99,98.85,69.78,296837.42,97.21
301834.99,98.85,69.78,296837.42,97.21
301784.99,98.85,69.78,296787.42,97.21
301784.99,98.85,69.78,296787.42,97.21
301784.99,98.85,69.78,296787.42,97.21
301784.99,98.85,69.78,296787.42,97.21
301784.99,98.85,69.78,296787.42,97.21
301784.99,98.85,69.78,296787.42,97.21
301784.99,98.85,69.78,296787.42,97.21
301784.99,98.85,69.78,296787.42,97.21
301784.99,98.85,69.78,296787.42,97.21
301784.99,98.85,69.78,296787.42,97.21
301784.99,98.85,69.78,296787.42,97.21
301784.99,98.85,69.78,296787.42,97.21
301784.99,98.85,69.78,296787.42,97.21
301784.99,98.85,69.78,296787.42,97.21
301784.99,98.85,69.78,296787.42,97.21
301784.99,98.85,69.78,296787.42,97.21
301784.99,98.85,69.78,296787.42,97.21
301784.99,98.85,69.78,296787.42,97.21
301784.99,98.85,69.78,296787.42,97.21
301784.99,98.85,69.78,296787.42,97.21
301784.99,98.85,69.78,296787.42,97.21
301784.99,98.85,69.78,296787.42,97.21
301784.99,98.85,69.78,296787.42,97.21
301784.99,98.85,69.78,296787.42,97.21
301784.99,98.85,69.78,296787.42,97.21
301784.99,98.85,69.78,296787.42,97.21
301784.99,98.85,69.78,296787.42,97.21
301784.99,98.85,69.78,296787.42,97.21
301784.99,98.85,69.78,296787.42,97.21
301784.99,98.85,69.78,296787.42,97.21
301784.99,98.85,69.78,296787.42,97.21
301784.99,98.85,69.78,296801.91,97.21
301784.99,98.85,69.78,296795.46,97.21
301784.99,98.85,69.78,296795.46,97.21
301784.99,98.85,69.78,296795.46,97.21
301784.99,98.85,69.78,296795.46,97.21
301784.99,98.85,69.78,296795.46,97.21
301784.99,98.85,69.78,296795.46,97.21
301784.99,98.85,69.78,296795.46,97.21
301784.99,98.85,69.78,296795.46,97.21
301784.99,98.85,69.78,296795.46,97.21
301784.99,98.85,69.78,296795.46,97.21
301784.99,98.85,69.78,296795.46,97.21
301784.99,98.85,69.78,296795.46,97.21
301784.99,98.85,69.78,296795.46,97.21
301784.99,98.85,69.78,296795.46,97.21
301784.99,98.85,69.78,296795.46,97.21
301784.99,98.85,69.78,296795.46,97.21
301784.99,98.85,69.78,296795.46,97.21
301784.99,98.85,69.78,296795.46,97.21
301784.99,98.85,69.78,296795.46,97.21
301784.99,98.85,69.78,296795.46,97.21
301784.99,98.85,69.78,296795.46,97.21
301784.99,98.85,69.78,296795.46,97.21
301784.99,98.85,69.78,296795.46,97.21
301784.99,98.85,69.78,296795.46,97.21
301784.99,98.85,69.78,296795.46,97.21
301784.99,98.85,69.78,296791.77,97.21
301784.99,98.85,69.78,296791.77,97.21
301784.99,98.85,69.78,296791.77,97.21
301784.99,98.85,69.78,296791.77,97.21
301784.99,98.85,69.78,296791.77,97.21
301784.99,98.85,69.78,296791.77,97.21
301784.99,98.85,69.78,296791.77,97.21
301784.99,98.85,69.78,296791.77,97.21
301784.99,98.85,69.78,296791.77,97.21
301784.99,98.85,69.78,296791.77,97.21
301784.99,98.85,69.78,296791.77,97.21
301784.99,98.85,69.78,296791.77,97.21
301784.99,98.85,69.78,296791.77,97.21
301784.99,98.85,69.78,296791.77,97.21
301784.99,98.85,69.78,296791.77,97.21
301784.99,98.85,69.78,296791.77,97.21
301784.99,98.85,69.78,296791.77,97.21
301784.99,98.85,69.78,296791.77,97.21
301784.99,98.85,69.78,296791.77,97.21
301784.99,98.85,69.78,296791.77,97.21
301784.99,98.85,69.78,296791.77,97.21
301784.99,98.85,69.78,296791.77,97.21
301784.99,98.85,69.78,296791.77,97.21
301784.99,98.85,69.78,296791.77,97.21
301784.99,98.85,69.78,296791.77,97.21
301784.99,98.85,69.78,296791.77,97.21
301784.99,98.85,69.78,296791.77,97.21
301784.99,98.85,69.78,296791.77,97.21
301784.99,98.85,69.78,296791.77,97.21
301784.99,98.85,69.78,296791.77,97.21
301784.99,98.85,69.78,296791.77,97.21
301784.99,98.85,69.78,296791.77,97.21
301784.99,98.85,69.78,296791.77,97.21
301784.99,98.85,69.78,296791.77,97.21
301784.99,98.85,69.78,296791.77,97.21
301784.99,98.85,69.78,296791.77,97.21
301784.99,98.85,69.78,296791.77,97.21
301784.99,98.85,69.78,296791.77,97.21
301784.99,98.85,69.78,296791.77,97.21
301784.99,98.85,69.78,296791.77,97.21
301784.99,98.85,69.78,296791.77,97.21
301784.99,98.85,69.78,296791.77,97.21
301784.99,98.85,69.78,296791.77,97.21
301784.99,98.85,69.78,296791.77,97.21
301784.99,98.85,69.78,296791.77,97.21
301784.99,98.85,69.78,296791.77,97.21
301784.99,98.85,69.78,296791.77,97.21
301784.99,98.85,69.78,296791.77,97.21
301784.99,98.85,69.78,296791.77,97.21
301784.99,98.85,69.78,296791.77,97.21
301784.99,98.85,69.78,296791.77,97.21
301784.99,98.85,69.78,296791.77,97.21
301784.99,98.85,69.78,296791.77,97.21
301784.99,98.85,69.78,296791.77,97.21
301784.99,98.85,69.78,296791.77,97.21
301784.99,98.85,69.78,296791.77,97.21
301784.99,98.85,69.78,296791.77,97.21
301784.99,98.85,69.78,296791.77,97.21
301784.99,98.85,69.78,296791.77,97.21
301784.99,98.85,69.78,296791.77,97.21
301784.99,98.85,69.78,296791.77,97.21
301784.99,98.85,69.78,296791.77,97.21
301784.99,98.85,69.78,296791.77,97.21
301784.99,98.85,69.78,296791.77,97.21
301784.99,98.85,69.78,296791.77,97.21
301784.99,98.85,69.78,296791.77,97.21
301784.99,98.85,69.78,296791.77,97.21
301784.99,98.85,69.78,296791.77,97.21
301784.99,98.85,69.78,296791.77,97.21
301784.99,98.85,69.78,296791.77,97.21
301784.99,98.85,69.78,296791.77,97.21
301784.99,98.85,69.78,296791.77,97.21
301784.99,98.85,69.78,296791.77,97.21
301784.99,98.85,69.78,296791.77,97.21
301784.99,98.85,69.78,296791.77,97.21
301784.99,98.85,69.78,296791.77,97.21
301784.99,98.85,69.78,296791.77,97.21
301784.99,98.85,69.78,296791.77,97.21
301784.99,98.85,69.78,296791.77,97.21
301784.99,98.85,69.78,296791.77,97.21
301784.99,98.85,69.78,296791.77,97.21
301784.99,98.85,69.78,296791.77,97.21
301784.99,98.85,69.78,296791.77,97.21
301784.99,98.85,69.78,296791.77,97.21
301784.99,98.85,69.78,296791.77,97.21
301784.99,98.85,69.78,296810.41,97.22
301784.99,98.85,69.78,296810.41,97.22
301784.99,98.85,69.78,296810.41,97.22
301784.99,98.85,69.78,296810.41,97.22
301784.99,98.85,69.78,296810.41,97.22
301784.99,98.85,69.78,296810.41,97.22
301784.99,98.85,69.78,296810.41,97.22
301784.99,98.85,69.78,296810.41,97.22
301784.99,98.85,69.78,296810.41,97.22
301784.99,98.85,69.78,296810.41,97.22
301784.99,98.85,69.78,296810.41,97.22
301784.99,98.85,69.78,296810.41,97.22
301784.99,98.85,69.78,296810.41,97.22
301784.99,98.85,69.78,296810.41,97.22
301784.99,98.85,69.78,296810.41,97.22
301784.99,98.85,69.78,296810.41,97.22
301784.99,98.85,69.78,296810.41,97.22
301784.99,98.85,69.78,296810.41,97.22
301784.99,98.85,69.78,296810.41,97.22
301784.99,98.85,69.78,296810.41,97.22
301784.99,98.85,69.78,296810.41,97.22
301784.99,98.85,69.78,296810.41,97.22
301784.99,98.85,69.78,296810.41,97.22
301784.99,98.85,69.78,296810.41,97.22
301784.99,98.85,69.78,296810.41,97.22
301784.99,98.85,69.78,296810.41,97.22
301784.99,98.85,69.78,296787.91,97.21
301784.99,98.85,69.78,296812.07,97.22
301784.99,98.85,69.78,296812.07,97.22
301675.25,98.85,69.78,296702.34,97.22
301675.25,98.85,69.78,296687.62,97.21
301675.25,98.85,69.78,296687.62,97.21
301675.25,98.85,69.78,296665.58,97.2
301675.25,98.85,69.78,296665.58,97.2
301675.25,98.85,69.78,296665.58,97.2
301675.25,98.85,69.78,296665.58,97.2
301675.25,98.85,69.78,296665.58,97.2
301675.25,98.85,69.78,296665.58,97.2
301675.25,98.85,69.78,296665.58,97.2
301675.25,98.85,69.78,296665.58,97.2
301675.25,98.85,69.78,296665.58,97.2
301675.25,98.85,69.78,296669.44,97.2
301675.25,98.85,69.78,296669.44,97.2
301675.25,98.85,69.78,296669.44,97.2
301675.25,98.85,69.78,296669.44,97.2
301675.25,98.85,69.78,296669.44,97.2
301675.25,98.85,69.78,296669.44,97.2
301675.25,98.85,69.78,296669.44,97.2
301675.25,98.85,69.78,296660.76,97.2
301675.25,98.85,69.78,296679.73,97.21
301675.25,98.85,69.78,296664.01,97.2
301675.25,98.85,69.78,296664.01,97.2
301675.25,98.85,69.78,296682.43,97.21
301675.25,98.85,69.78,296682.43,97.21
301675.25,98.85,69.78,296682.43,97.21
301675.25,98.85,69.78,296682.43,97.21
301675.25,98.85,69.78,296682.43,97.21
301675.25,98.85,69.78,296682.43,97.21
301675.25,98.85,69.78,296682.43,97.21
301675.25,98.85,69.78,296682.43,97.21
301675.25,98.85,69.78,296682.43,97.21
301675.25,98.85,69.78,296682.43,97.21
301675.25,98.85,69.78,296682.43,97.21
301675.25,98.85,69.78,296682.43,97.21
301675.25,98.85,69.78,296682.43,97.21
301675.25,98.85,69.78,296682.43,97.21
301675.25,98.85,69.78,296682.43,97.21
301675.25,98.85,69.78,296682.43,97.21
301675.25,98.85,69.78,296682.43,97.21
301675.25,98.85,69.78,296682.43,97.21
301675.25,98.85,69.78,296682.43,97.21
301675.25,98.85,69.78,296682.43,97.21
301675.25,98.85,69.78,296682.43,97.21
301675.25,98.85,69.78,296636.67,97.19
301675.25,98.85,69.78,296685.72,97.21
301675.25,98.85,69.78,296685.72,97.21
301675.25,98.85,69.78,296685.72,97.21
301675.25,98.85,69.78,296694.42,97.21
301675.25,98.85,69.78,296694.42,97.21
301675.25,98.85,69.78,296694.42,97.21
301675.25,98.85,69.78,296694.42,97.21
301675.25,98.85,69.78,296694.42,97.21
301675.25,98.85,69.78,296694.42,97.21
301675.25,98.85,69.78,296694.42,97.21
301675.25,98.85,69.78,296694.42,97.21
301675.25,98.85,69.78,296694.42,97.21
301675.25,98.85,69.78,296694.42,97.21
301675.25,98.85,69.78,296670.84,97.21
301675.25,98.85,69.78,296670.84,97.21
301675.25,98.85,69.78,296687.91,97.21
301565.53,98.84,69.78,296578.2,97.21
301565.53,98.84,69.78,296578.2,97.21
301565.53,98.84,69.78,296578.2,97.21
301565.53,98.84,69.78,296578.2,97.21
301565.53,98.84,69.78,296578.2,97.21
301565.53,98.84,69.78,296578.2,97.21
301565.53,98.84,69.78,296578.2,97.21
301565.53,98.84,69.78,296578.2,97.21
301565.53,98.84,69.78,296578.2,97.21
301565.53,98.84,69.78,296578.2,97.21
301565.53,98.84,69.78,296578.2,97.21
301565.53,98.84,69.78,296578.2,97.21
301565.53,98.84,69.78,296578.2,97.21
301565.53,98.84,69.78,296578.2,97.21
301565.53,98.84,69.78,296578.2,97.21
301565.53,98.84,69.78,296578.2,97.21
301565.53,98.84,69.78,296578.2,97.21
301565.53,98.84,69.78,296578.2,97.21
301565.53,98.84,69.78,296578.2,97.21
301565.53,98.84,69.78,296578.2,97.21
301565.53,98.84,69.78,296578.2,97.21
301565.53,98.84,69.78,296578.2,97.21
301565.53,98.84,69.78,296578.2,97.21
301565.53,98.84,69.78,296578.2,97.21
301565.53,98.84,69.78,296578.2,97.21
301565.53,98.84,69.78,296578.2,97.21
301565.53,98.84,69.78,296578.2,97.21
301565.53,98.84,69.78,296578.2,97.21
301565.53,98.84,69.78,296578.2,97.21
301565.53,98.84,69.78,296578.2,97.21
301565.53,98.84,69.78,296578.2,97.21
301565.53,98.84,69.78,296578.2,97.21
301565.53,98.84,69.78,296578.2,97.21
301565.53,98.84,69.78,296578.2,97.21
301565.53,98.84,69.78,296578.2,97.21
301565.53,98.84,69.78,296578.2,97.21
301565.53,98.84,69.78,296578.2,97.21
301565.53,98.84,69.78,296578.2,97.21
301565.53,98.84,69.78,296578.2,97.21
301565.53,98.84,69.78,296578.2,97.21
301565.53,98.84,69.78,296578.2,97.21
301565.53,98.84,69.78,296578.2,97.21
301565.53,98.84,69.78,296578.2,97.21
301565.53,98.84,69.78,296578.2,97.21
301565.53,98.84,69.78,296578.2,97.21
301565.53,98.84,69.78,296578.2,97.21
301565.53,98.84,69.78,296578.2,97.21
301565.53,98.84,69.78,296578.2,97.21
301565.53,98.84,69.78,296578.2,97.21
301565.53,98.84,69.78,296578.2,97.21
301565.53,98.84,69.78,296578.2,97.21
301565.53,98.84,69.78,296578.2,97.21
301565.53,98.84,69.78,296578.2,97.21
301565.53,98.84,69.78,296578.2,97.21
301565.53,98.84,69.78,296578.2,97.21
301565.53,98.84,69.78,296597.6,97.22
301565.53,98.84,69.78,296597.6,97.22
301565.53,98.84,69.78,296626.6,97.23
301565.53,98.84,69.78,296626.6,97.23
301407.57,98.84,69.77,296469.68,97.23
301407.57,98.84,69.77,296469.68,97.23
301407.57,98.84,69.77,296469.68,97.23
301407.57,98.84,69.77,296469.68,97.23
301249.61,98.84,69.77,296316.53,97.23
301249.61,98.84,69.77,296316.53,97.23
301249.61,98.84,69.77,296316.53,97.23
301249.61,98.84,69.77,296316.53,97.23
301249.61,98.84,69.77,296316.53,97.23
301249.61,98.84,69.77,296316.53,97.23
301249.61,98.84,69.77,296316.53,97.23
301249.61,98.84,69.77,296316.53,97.23
301249.61,98.84,69.77,296316.53,97.23
301249.61,98.84,69.77,296316.53,97.23
301249.61,98.84,69.77,296316.53,97.23
301249.61,98.84,69.77,296316.53,97.23
301249.61,98.84,69.77,296316.53,97.23
301249.61,98.84,69.77,296316.53,97.23
301249.61,98.84,69.77,296316.53,97.23
301249.61,98.84,69.77,296316.53,97.23
301249.61,98.84,69.77,296316.53,97.23
301249.61,98.84,69.77,296316.53,97.23
301249.61,98.84,69.77,296316.53,97.23
301249.61,98.84,69.77,296316.53,97.23
301249.61,98.84,69.77,296316.53,97.23
301249.61,98.84,69.77,296316.53,97.23
301249.61,98.84,69.77,296316.53,97.23
301249.61,98.84,69.77,296316.53,97.23
301249.61,98.84,69.77,296316.53,97.23
301249.61,98.84,69.77,296316.53,97.23
301249.61,98.84,69.77,296316.53,97.23
301249.61,98.84,69.77,296316.53,97.23
301249.61,98.84,69.77,296316.53,97.23
301249.61,98.84,69.77,296316.53,97.23
301249.61,98.84,69.77,296316.53,97.23
301249.61,98.84,69.77,296316.53,97.23
301249.61,98.84,69.77,296316.53,97.23
301249.61,98.84,69.77,296316.53,97.23
301249.61,98.84,69.77,296316.53,97.23
301249.61,98.84,69.77,296316.53,97.23
301249.61,98.84,69.77,296316.53,97.23
301249.61,98.84,69.77,296316.53,97.23
301249.61,98.84,69.77,296316.53,97.23
301249.61,98.84,69.77,296316.53,97.23
301249.61,98.84,69.77,296316.53,97.23
