ow_gpuspec10-dr_0.0-tn_1.3-ts_42-if_1.0-ccmd_094e-policy_BestFit1000desharemd7031-de_share-gs_best-scmd_7031-id,ow_gpuspec10-dr_0.0-tn_1.3-ts_42-if_1.0-ccmd_094e-policy_BestFit1000desharemd7031-de_share-gs_best-scmd_7031-event,ow_gpuspec10-dr_0.0-tn_1.3-ts_42-if_1.0-ccmd_094e-policy_BestFit1000desharemd7031-de_share-gs_best-scmd_7031-pod_name,ow_gpuspec10-dr_0.0-tn_1.3-ts_42-if_1.0-ccmd_094e-policy_BestFit1000desharemd7031-de_share-gs_best-scmd_7031-cum_pod
0,create,paib-gpu/openb-pod-0255,1
1,create,paib-gpu/openb-pod-1685,2
2,create,paib-gpu/openb-pod-6784,3
3,create,paib-gpu/openb-pod-4463,4
4,create,paib-gpu/openb-pod-0602,5
5,create,paib-gpu/openb-pod-1564,6
6,create,paib-gpu/openb-pod-3882,7
7,create,paib-gpu/openb-pod-7257,8
8,create,paib-gpu/openb-pod-6545,9
9,create,paib-gpu/openb-pod-1541,10
10,create,paib-gpu/openb-pod-1599,11
11,create,paib-gpu/openb-pod-3697,12
12,create,paib-gpu/openb-pod-4859,13
13,create,paib-gpu/openb-pod-3725,14
14,create,paib-gpu/openb-pod-5552,15
15,create,paib-gpu/openb-pod-5518,16
16,create,paib-gpu/openb-pod-2714,17
17,create,paib-gpu/openb-pod-4504,18
18,create,paib-gpu/openb-pod-0033,19
19,create,paib-gpu/openb-pod-1637,20
20,create,paib-gpu/openb-pod-2367,21
21,create,paib-gpu/openb-pod-2636,22
22,create,paib-gpu/openb-pod-6851,23
23,create,paib-gpu/openb-pod-7880,24
24,create,paib-gpu/openb-pod-2487,25
25,create,paib-gpu/openb-pod-3444,26
26,create,paib-gpu/openb-pod-1781,27
27,create,paib-gpu/openb-pod-2693,28
28,create,paib-gpu/openb-pod-6994,29
29,create,paib-gpu/openb-pod-5583,30
30,create,paib-gpu/openb-pod-3605,31
31,create,paib-gpu/openb-pod-3721,32
32,create,paib-gpu/openb-pod-0848,33
33,create,paib-gpu/openb-pod-6022,34
34,create,paib-gpu/openb-pod-7771,35
35,create,paib-gpu/openb-pod-6219,36
36,create,paib-gpu/openb-pod-6680,37
37,create,paib-gpu/openb-pod-4483,38
38,create,paib-gpu/openb-pod-0695,39
39,create,paib-gpu/openb-pod-4409,40
40,create,paib-gpu/openb-pod-2314,41
41,create,paib-gpu/openb-pod-6567,42
42,create,paib-gpu/openb-pod-3152,43
43,create,paib-gpu/openb-pod-1451,44
44,create,paib-gpu/openb-pod-2554,45
45,create,paib-gpu/openb-pod-3143,46
46,create,paib-gpu/openb-pod-7004,47
47,create,paib-gpu/openb-pod-5216,48
48,create,paib-gpu/openb-pod-2352,49
49,create,paib-gpu/openb-pod-5393,50
50,create,paib-gpu/openb-pod-1558,51
51,create,paib-gpu/openb-pod-1242,52
52,create,paib-gpu/openb-pod-7720,53
53,create,paib-gpu/openb-pod-1066,54
54,create,paib-gpu/openb-pod-0710,55
55,create,paib-gpu/openb-pod-0817,56
56,create,paib-gpu/openb-pod-1993,57
57,create,paib-gpu/openb-pod-7407,58
58,create,paib-gpu/openb-pod-6676,59
59,create,paib-gpu/openb-pod-3083,60
60,create,paib-gpu/openb-pod-0397,61
61,create,paib-gpu/openb-pod-0162,62
62,create,paib-gpu/openb-pod-8026,63
63,create,paib-gpu/openb-pod-0008,64
64,create,paib-gpu/openb-pod-1279,65
65,create,paib-gpu/openb-pod-2791,66
66,create,paib-gpu/openb-pod-3745,67
67,create,paib-gpu/openb-pod-3344,68
68,create,paib-gpu/openb-pod-5881,69
69,create,paib-gpu/openb-pod-5281,70
70,create,paib-gpu/openb-pod-6703,71
71,create,paib-gpu/openb-pod-7486,72
72,create,paib-gpu/openb-pod-2666,73
73,create,paib-gpu/openb-pod-4719,74
74,create,paib-gpu/openb-pod-4980,75
75,create,paib-gpu/openb-pod-5462,76
76,create,paib-gpu/openb-pod-6395,77
77,create,paib-gpu/openb-pod-5920,78
78,create,paib-gpu/openb-pod-7391,79
79,create,paib-gpu/openb-pod-2263,80
80,create,paib-gpu/openb-pod-1197,81
81,create,paib-gpu/openb-pod-7121,82
82,create,paib-gpu/openb-pod-0266,83
83,create,paib-gpu/openb-pod-4353,84
84,create,paib-gpu/openb-pod-0056,85
85,create,paib-gpu/openb-pod-4364,86
86,create,paib-gpu/openb-pod-1812,87
87,create,paib-gpu/openb-pod-8093,88
88,create,paib-gpu/openb-pod-5746,89
89,create,paib-gpu/openb-pod-5026,90
90,create,paib-gpu/openb-pod-1394,91
91,create,paib-gpu/openb-pod-4524,92
92,create,paib-gpu/openb-pod-4587,93
93,create,paib-gpu/openb-pod-7561,94
94,create,paib-gpu/openb-pod-1007,95
95,create,paib-gpu/openb-pod-5611,96
96,create,paib-gpu/openb-pod-6788,97
97,create,paib-gpu/openb-pod-0852,98
98,create,paib-gpu/openb-pod-4069,99
99,create,paib-gpu/openb-pod-3729,100
100,create,paib-gpu/openb-pod-3796,101
101,create,paib-gpu/openb-pod-1018,102
102,create,paib-gpu/openb-pod-1585,103
103,create,paib-gpu/openb-pod-0425,104
104,create,paib-gpu/openb-pod-6768,105
105,create,paib-gpu/openb-pod-6252,106
106,create,paib-gpu/openb-pod-4471,107
107,create,paib-gpu/openb-pod-7594,108
108,create,paib-gpu/openb-pod-4860,109
109,create,paib-gpu/openb-pod-5570,110
110,create,paib-gpu/openb-pod-4302,111
111,create,paib-gpu/openb-pod-7409,112
112,create,paib-gpu/openb-pod-3056,113
113,create,paib-gpu/openb-pod-3312,114
114,create,paib-gpu/openb-pod-5901,115
115,create,paib-gpu/openb-pod-3624,116
116,create,paib-gpu/openb-pod-3690,117
117,create,paib-gpu/openb-pod-6185,118
118,create,paib-gpu/openb-pod-4978,119
119,create,paib-gpu/openb-pod-7116,120
120,create,paib-gpu/openb-pod-3991,121
121,create,paib-gpu/openb-pod-7621,122
122,create,paib-gpu/openb-pod-5566,123
123,create,paib-gpu/openb-pod-7847,124
124,create,paib-gpu/openb-pod-6884,125
125,create,paib-gpu/openb-pod-0787,126
126,create,paib-gpu/openb-pod-4549,127
127,create,paib-gpu/openb-pod-3040,128
128,create,paib-gpu/openb-pod-4817,129
129,create,paib-gpu/openb-pod-1638,130
130,create,paib-gpu/openb-pod-7033,131
131,create,paib-gpu/openb-pod-3361,132
132,create,paib-gpu/openb-pod-1904,133
133,create,paib-gpu/openb-pod-4387,134
134,create,paib-gpu/openb-pod-5104,135
135,create,paib-gpu/openb-pod-4518,136
136,create,paib-gpu/openb-pod-5704,137
137,create,paib-gpu/openb-pod-5613,138
138,create,paib-gpu/openb-pod-0559,139
139,create,paib-gpu/openb-pod-0968,140
140,create,paib-gpu/openb-pod-6685,141
141,create,paib-gpu/openb-pod-6317,142
142,create,paib-gpu/openb-pod-6714,143
143,create,paib-gpu/openb-pod-5031,144
144,create,paib-gpu/openb-pod-3089,145
145,create,paib-gpu/openb-pod-0792,146
146,create,paib-gpu/openb-pod-5438,147
147,create,paib-gpu/openb-pod-6450,148
148,create,paib-gpu/openb-pod-3272,149
149,create,paib-gpu/openb-pod-0491,150
150,create,paib-gpu/openb-pod-5449,151
151,create,paib-gpu/openb-pod-7422,152
152,create,paib-gpu/openb-pod-1486,153
153,create,paib-gpu/openb-pod-1921,154
154,create,paib-gpu/openb-pod-0946,155
155,create,paib-gpu/openb-pod-0160,156
156,create,paib-gpu/openb-pod-0398,157
157,create,paib-gpu/openb-pod-8063,158
158,create,paib-gpu/openb-pod-6988,159
159,create,paib-gpu/openb-pod-1573,160
160,create,paib-gpu/openb-pod-1789,161
161,create,paib-gpu/openb-pod-0788,162
162,create,paib-gpu/openb-pod-2704,163
163,create,paib-gpu/openb-pod-2491,164
164,create,paib-gpu/openb-pod-0531,165
165,create,paib-gpu/openb-pod-4749,166
166,create,paib-gpu/openb-pod-1088,167
167,create,paib-gpu/openb-pod-6370,168
168,create,paib-gpu/openb-pod-2500,169
169,create,paib-gpu/openb-pod-2938,170
170,create,paib-gpu/openb-pod-6076,171
171,create,paib-gpu/openb-pod-5145,172
172,create,paib-gpu/openb-pod-3484,173
173,create,paib-gpu/openb-pod-7839,174
174,create,paib-gpu/openb-pod-0099,175
175,create,paib-gpu/openb-pod-3461,176
176,create,paib-gpu/openb-pod-4163,177
177,create,paib-gpu/openb-pod-7745,178
178,create,paib-gpu/openb-pod-7006,179
179,create,paib-gpu/openb-pod-5902,180
180,create,paib-gpu/openb-pod-3517,181
181,create,paib-gpu/openb-pod-7615,182
182,create,paib-gpu/openb-pod-8023,183
183,create,paib-gpu/openb-pod-1778,184
184,create,paib-gpu/openb-pod-3325,185
185,create,paib-gpu/openb-pod-4254,186
186,create,paib-gpu/openb-pod-4833,187
187,create,paib-gpu/openb-pod-2404,188
188,create,paib-gpu/openb-pod-2098,189
189,create,paib-gpu/openb-pod-4965,190
190,create,paib-gpu/openb-pod-7256,191
191,create,paib-gpu/openb-pod-4803,192
192,create,paib-gpu/openb-pod-5274,193
193,create,paib-gpu/openb-pod-4039,194
194,create,paib-gpu/openb-pod-4001,195
195,create,paib-gpu/openb-pod-3014,196
196,create,paib-gpu/openb-pod-6275,197
197,create,paib-gpu/openb-pod-0454,198
198,create,paib-gpu/openb-pod-5234,199
199,create,paib-gpu/openb-pod-4995,200
200,create,paib-gpu/openb-pod-3964,201
201,create,paib-gpu/openb-pod-2193,202
202,create,paib-gpu/openb-pod-0340,203
203,create,paib-gpu/openb-pod-1802,204
204,create,paib-gpu/openb-pod-4588,205
205,create,paib-gpu/openb-pod-4381,206
206,create,paib-gpu/openb-pod-5844,207
207,create,paib-gpu/openb-pod-3169,208
208,create,paib-gpu/openb-pod-4931,209
209,create,paib-gpu/openb-pod-2757,210
210,create,paib-gpu/openb-pod-5088,211
211,create,paib-gpu/openb-pod-1870,212
212,create,paib-gpu/openb-pod-7376,213
213,create,paib-gpu/openb-pod-1006,214
214,create,paib-gpu/openb-pod-5154,215
215,create,paib-gpu/openb-pod-1014,216
216,create,paib-gpu/openb-pod-6267,217
217,create,paib-gpu/openb-pod-2067,218
218,create,paib-gpu/openb-pod-4831,219
219,create,paib-gpu/openb-pod-4107,220
220,create,paib-gpu/openb-pod-3770,221
221,create,paib-gpu/openb-pod-4691,222
222,create,paib-gpu/openb-pod-7469,223
223,create,paib-gpu/openb-pod-1964,224
224,create,paib-gpu/openb-pod-3728,225
225,create,paib-gpu/openb-pod-4858,226
226,create,paib-gpu/openb-pod-3583,227
227,create,paib-gpu/openb-pod-1459,228
228,create,paib-gpu/openb-pod-6170,229
229,create,paib-gpu/openb-pod-2045,230
230,create,paib-gpu/openb-pod-3265,231
231,create,paib-gpu/openb-pod-1146,232
232,create,paib-gpu/openb-pod-3175,233
233,create,paib-gpu/openb-pod-0377,234
234,create,paib-gpu/openb-pod-4546,235
235,create,paib-gpu/openb-pod-7436,236
236,create,paib-gpu/openb-pod-2190,237
237,create,paib-gpu/openb-pod-3097,238
238,create,paib-gpu/openb-pod-3462,239
239,create,paib-gpu/openb-pod-2711,240
240,create,paib-gpu/openb-pod-1136,241
241,create,paib-gpu/openb-pod-3664,242
242,create,paib-gpu/openb-pod-2182,243
243,create,paib-gpu/openb-pod-5381,244
244,create,paib-gpu/openb-pod-5936,245
245,create,paib-gpu/openb-pod-7164,246
246,create,paib-gpu/openb-pod-3343,247
247,create,paib-gpu/openb-pod-0869,248
248,create,paib-gpu/openb-pod-6385,249
249,create,paib-gpu/openb-pod-0548,250
250,create,paib-gpu/openb-pod-1078,251
251,create,paib-gpu/openb-pod-6520,252
252,create,paib-gpu/openb-pod-2816,253
253,create,paib-gpu/openb-pod-2081,254
254,create,paib-gpu/openb-pod-6879,255
255,create,paib-gpu/openb-pod-6087,256
256,create,paib-gpu/openb-pod-7211,257
257,create,paib-gpu/openb-pod-1752,258
258,create,paib-gpu/openb-pod-2695,259
259,create,paib-gpu/openb-pod-6754,260
260,create,paib-gpu/openb-pod-5875,261
261,create,paib-gpu/openb-pod-1923,262
262,create,paib-gpu/openb-pod-1563,263
263,create,paib-gpu/openb-pod-0399,264
264,create,paib-gpu/openb-pod-5369,265
265,create,paib-gpu/openb-pod-6292,266
266,create,paib-gpu/openb-pod-7573,267
267,create,paib-gpu/openb-pod-3410,268
268,create,paib-gpu/openb-pod-1677,269
269,create,paib-gpu/openb-pod-5803,270
270,create,paib-gpu/openb-pod-4224,271
271,create,paib-gpu/openb-pod-2833,272
272,create,paib-gpu/openb-pod-1004,273
273,create,paib-gpu/openb-pod-0888,274
274,create,paib-gpu/openb-pod-7915,275
275,create,paib-gpu/openb-pod-6290,276
276,create,paib-gpu/openb-pod-4785,277
277,create,paib-gpu/openb-pod-0528,278
278,create,paib-gpu/openb-pod-1698,279
279,create,paib-gpu/openb-pod-5287,280
280,create,paib-gpu/openb-pod-5222,281
281,create,paib-gpu/openb-pod-3279,282
282,create,paib-gpu/openb-pod-5011,283
283,create,paib-gpu/openb-pod-2607,284
284,create,paib-gpu/openb-pod-0693,285
285,create,paib-gpu/openb-pod-7885,286
286,create,paib-gpu/openb-pod-4097,287
287,create,paib-gpu/openb-pod-2424,288
288,create,paib-gpu/openb-pod-4304,289
289,create,paib-gpu/openb-pod-4284,290
290,create,paib-gpu/openb-pod-3393,291
291,create,paib-gpu/openb-pod-3894,292
292,create,paib-gpu/openb-pod-6875,293
293,create,paib-gpu/openb-pod-1956,294
294,create,paib-gpu/openb-pod-4586,295
295,create,paib-gpu/openb-pod-3292,296
296,create,paib-gpu/openb-pod-3526,297
297,create,paib-gpu/openb-pod-7579,298
298,create,paib-gpu/openb-pod-8043,299
299,create,paib-gpu/openb-pod-1527,300
300,create,paib-gpu/openb-pod-6702,301
301,create,paib-gpu/openb-pod-4118,302
302,create,paib-gpu/openb-pod-5872,303
303,create,paib-gpu/openb-pod-7009,304
304,create,paib-gpu/openb-pod-1013,305
305,create,paib-gpu/openb-pod-0822,306
306,create,paib-gpu/openb-pod-3740,307
307,create,paib-gpu/openb-pod-2290,308
308,create,paib-gpu/openb-pod-1127,309
309,create,paib-gpu/openb-pod-2831,310
310,create,paib-gpu/openb-pod-3185,311
311,create,paib-gpu/openb-pod-2567,312
312,create,paib-gpu/openb-pod-0275,313
313,create,paib-gpu/openb-pod-5614,314
314,create,paib-gpu/openb-pod-0723,315
315,create,paib-gpu/openb-pod-3634,316
316,create,paib-gpu/openb-pod-6728,317
317,create,paib-gpu/openb-pod-7309,318
318,create,paib-gpu/openb-pod-2245,319
319,create,paib-gpu/openb-pod-2670,320
320,create,paib-gpu/openb-pod-3181,321
321,create,paib-gpu/openb-pod-0224,322
322,create,paib-gpu/openb-pod-0297,323
323,create,paib-gpu/openb-pod-1093,324
324,create,paib-gpu/openb-pod-7199,325
325,create,paib-gpu/openb-pod-2137,326
326,create,paib-gpu/openb-pod-4599,327
327,create,paib-gpu/openb-pod-2717,328
328,create,paib-gpu/openb-pod-6859,329
329,create,paib-gpu/openb-pod-1731,330
330,create,paib-gpu/openb-pod-6831,331
331,create,paib-gpu/openb-pod-0718,332
332,create,paib-gpu/openb-pod-1999,333
333,create,paib-gpu/openb-pod-0256,334
334,create,paib-gpu/openb-pod-3599,335
335,create,paib-gpu/openb-pod-6197,336
336,create,paib-gpu/openb-pod-5546,337
337,create,paib-gpu/openb-pod-6649,338
338,create,paib-gpu/openb-pod-5164,339
339,create,paib-gpu/openb-pod-0754,340
340,create,paib-gpu/openb-pod-0504,341
341,create,paib-gpu/openb-pod-2358,342
342,create,paib-gpu/openb-pod-6124,343
343,create,paib-gpu/openb-pod-4865,344
344,create,paib-gpu/openb-pod-3876,345
345,create,paib-gpu/openb-pod-6077,346
346,create,paib-gpu/openb-pod-3276,347
347,create,paib-gpu/openb-pod-2804,348
348,create,paib-gpu/openb-pod-2227,349
349,create,paib-gpu/openb-pod-7493,350
350,create,paib-gpu/openb-pod-3114,351
351,create,paib-gpu/openb-pod-3141,352
352,create,paib-gpu/openb-pod-6155,353
353,create,paib-gpu/openb-pod-0905,354
354,create,paib-gpu/openb-pod-1349,355
355,create,paib-gpu/openb-pod-4634,356
356,create,paib-gpu/openb-pod-3948,357
357,create,paib-gpu/openb-pod-0706,358
358,create,paib-gpu/openb-pod-1741,359
359,create,paib-gpu/openb-pod-2771,360
360,create,paib-gpu/openb-pod-2954,361
361,create,paib-gpu/openb-pod-4526,362
362,create,paib-gpu/openb-pod-5929,363
363,create,paib-gpu/openb-pod-1542,364
364,create,paib-gpu/openb-pod-5132,365
365,create,paib-gpu/openb-pod-1618,366
366,create,paib-gpu/openb-pod-7640,367
367,create,paib-gpu/openb-pod-0274,368
368,create,paib-gpu/openb-pod-2271,369
369,create,paib-gpu/openb-pod-0856,370
370,create,paib-gpu/openb-pod-6285,371
371,create,paib-gpu/openb-pod-4966,372
372,create,paib-gpu/openb-pod-2806,373
373,create,paib-gpu/openb-pod-1289,374
374,create,paib-gpu/openb-pod-0634,375
375,create,paib-gpu/openb-pod-2646,376
376,create,paib-gpu/openb-pod-3811,377
377,create,paib-gpu/openb-pod-4371,378
378,create,paib-gpu/openb-pod-2041,379
379,create,paib-gpu/openb-pod-5836,380
380,create,paib-gpu/openb-pod-8086,381
381,create,paib-gpu/openb-pod-6532,382
382,create,paib-gpu/openb-pod-3554,383
383,create,paib-gpu/openb-pod-2251,384
384,create,paib-gpu/openb-pod-5557,385
385,create,paib-gpu/openb-pod-5736,386
386,create,paib-gpu/openb-pod-1232,387
387,create,paib-gpu/openb-pod-2051,388
388,create,paib-gpu/openb-pod-6682,389
389,create,paib-gpu/openb-pod-3101,390
390,create,paib-gpu/openb-pod-1103,391
391,create,paib-gpu/openb-pod-1021,392
392,create,paib-gpu/openb-pod-6985,393
393,create,paib-gpu/openb-pod-2768,394
394,create,paib-gpu/openb-pod-3117,395
395,create,paib-gpu/openb-pod-5388,396
396,create,paib-gpu/openb-pod-3747,397
397,create,paib-gpu/openb-pod-4628,398
398,create,paib-gpu/openb-pod-0188,399
399,create,paib-gpu/openb-pod-0004,400
400,create,paib-gpu/openb-pod-2033,401
401,create,paib-gpu/openb-pod-1647,402
402,create,paib-gpu/openb-pod-0009,403
403,create,paib-gpu/openb-pod-1341,404
404,create,paib-gpu/openb-pod-4543,405
405,create,paib-gpu/openb-pod-3683,406
406,create,paib-gpu/openb-pod-6575,407
407,create,paib-gpu/openb-pod-6559,408
408,create,paib-gpu/openb-pod-1746,409
409,create,paib-gpu/openb-pod-2114,410
410,create,paib-gpu/openb-pod-1008,411
411,create,paib-gpu/openb-pod-3677,412
412,create,paib-gpu/openb-pod-5537,413
413,create,paib-gpu/openb-pod-1085,414
414,create,paib-gpu/openb-pod-7815,415
415,create,paib-gpu/openb-pod-5171,416
416,create,paib-gpu/openb-pod-1857,417
417,create,paib-gpu/openb-pod-2238,418
418,create,paib-gpu/openb-pod-4190,419
419,create,paib-gpu/openb-pod-2493,420
420,create,paib-gpu/openb-pod-2400,421
421,create,paib-gpu/openb-pod-8035,422
422,create,paib-gpu/openb-pod-2239,423
423,create,paib-gpu/openb-pod-6863,424
424,create,paib-gpu/openb-pod-1543,425
425,create,paib-gpu/openb-pod-3974,426
426,create,paib-gpu/openb-pod-4400,427
427,create,paib-gpu/openb-pod-6131,428
428,create,paib-gpu/openb-pod-2516,429
429,create,paib-gpu/openb-pod-0698,430
430,create,paib-gpu/openb-pod-5416,431
431,create,paib-gpu/openb-pod-7090,432
432,create,paib-gpu/openb-pod-3890,433
433,create,paib-gpu/openb-pod-1754,434
434,create,paib-gpu/openb-pod-0249,435
435,create,paib-gpu/openb-pod-1476,436
436,create,paib-gpu/openb-pod-7057,437
437,create,paib-gpu/openb-pod-1060,438
438,create,paib-gpu/openb-pod-6151,439
439,create,paib-gpu/openb-pod-6294,440
440,create,paib-gpu/openb-pod-4438,441
441,create,paib-gpu/openb-pod-6451,442
442,create,paib-gpu/openb-pod-6692,443
443,create,paib-gpu/openb-pod-4558,444
444,create,paib-gpu/openb-pod-5759,445
445,create,paib-gpu/openb-pod-2388,446
446,create,paib-gpu/openb-pod-4659,447
447,create,paib-gpu/openb-pod-4638,448
448,create,paib-gpu/openb-pod-6495,449
449,create,paib-gpu/openb-pod-2369,450
450,create,paib-gpu/openb-pod-7210,451
451,create,paib-gpu/openb-pod-7390,452
452,create,paib-gpu/openb-pod-7971,453
453,create,paib-gpu/openb-pod-7076,454
454,create,paib-gpu/openb-pod-3956,455
455,create,paib-gpu/openb-pod-0201,456
456,create,paib-gpu/openb-pod-6259,457
457,create,paib-gpu/openb-pod-2401,458
458,create,paib-gpu/openb-pod-0904,459
459,create,paib-gpu/openb-pod-3012,460
460,create,paib-gpu/openb-pod-2801,461
461,create,paib-gpu/openb-pod-1767,462
462,create,paib-gpu/openb-pod-6936,463
463,create,paib-gpu/openb-pod-7740,464
464,create,paib-gpu/openb-pod-1668,465
465,create,paib-gpu/openb-pod-4032,466
466,create,paib-gpu/openb-pod-3734,467
467,create,paib-gpu/openb-pod-7346,468
468,create,paib-gpu/openb-pod-4218,469
469,create,paib-gpu/openb-pod-3045,470
470,create,paib-gpu/openb-pod-0609,471
471,create,paib-gpu/openb-pod-2596,472
472,create,paib-gpu/openb-pod-0708,473
473,create,paib-gpu/openb-pod-2584,474
474,create,paib-gpu/openb-pod-2418,475
475,create,paib-gpu/openb-pod-2419,476
476,create,paib-gpu/openb-pod-0982,477
477,create,paib-gpu/openb-pod-2526,478
478,create,paib-gpu/openb-pod-3692,479
479,create,paib-gpu/openb-pod-0108,480
480,create,paib-gpu/openb-pod-7553,481
481,create,paib-gpu/openb-pod-4696,482
482,create,paib-gpu/openb-pod-4479,483
483,create,paib-gpu/openb-pod-5716,484
484,create,paib-gpu/openb-pod-4706,485
485,create,paib-gpu/openb-pod-0799,486
486,create,paib-gpu/openb-pod-4023,487
487,create,paib-gpu/openb-pod-0431,488
488,create,paib-gpu/openb-pod-7717,489
489,create,paib-gpu/openb-pod-1905,490
490,create,paib-gpu/openb-pod-4049,491
491,create,paib-gpu/openb-pod-4579,492
492,create,paib-gpu/openb-pod-4328,493
493,create,paib-gpu/openb-pod-4987,494
494,create,paib-gpu/openb-pod-6770,495
495,create,paib-gpu/openb-pod-6135,496
496,create,paib-gpu/openb-pod-1190,497
497,create,paib-gpu/openb-pod-7680,498
498,create,paib-gpu/openb-pod-7405,499
499,create,paib-gpu/openb-pod-7331,500
500,create,paib-gpu/openb-pod-2247,501
501,create,paib-gpu/openb-pod-0630,502
502,create,paib-gpu/openb-pod-7857,503
503,create,paib-gpu/openb-pod-4402,504
504,create,paib-gpu/openb-pod-3275,505
505,create,paib-gpu/openb-pod-7746,506
506,create,paib-gpu/openb-pod-6286,507
507,create,paib-gpu/openb-pod-6028,508
508,create,paib-gpu/openb-pod-0470,509
509,create,paib-gpu/openb-pod-4162,510
510,create,paib-gpu/openb-pod-5246,511
511,create,paib-gpu/openb-pod-6104,512
512,create,paib-gpu/openb-pod-0987,513
513,create,paib-gpu/openb-pod-5886,514
514,create,paib-gpu/openb-pod-0221,515
515,create,paib-gpu/openb-pod-2798,516
516,create,paib-gpu/openb-pod-2006,517
517,create,paib-gpu/openb-pod-2058,518
518,create,paib-gpu/openb-pod-4959,519
519,create,paib-gpu/openb-pod-7931,520
520,create,paib-gpu/openb-pod-1864,521
521,create,paib-gpu/openb-pod-5159,522
522,create,paib-gpu/openb-pod-0722,523
523,create,paib-gpu/openb-pod-0280,524
524,create,paib-gpu/openb-pod-5573,525
525,failed,paib-gpu/openb-pod-8051,525
526,create,paib-gpu/openb-pod-7178,526
527,create,paib-gpu/openb-pod-4151,527
528,create,paib-gpu/openb-pod-3525,528
529,create,paib-gpu/openb-pod-6554,529
530,create,paib-gpu/openb-pod-7200,530
531,create,paib-gpu/openb-pod-7766,531
532,create,paib-gpu/openb-pod-2673,532
533,create,paib-gpu/openb-pod-3402,533
534,create,paib-gpu/openb-pod-0501,534
535,create,paib-gpu/openb-pod-4245,535
536,create,paib-gpu/openb-pod-7232,536
537,create,paib-gpu/openb-pod-3084,537
538,create,paib-gpu/openb-pod-6409,538
539,create,paib-gpu/openb-pod-5010,539
540,create,paib-gpu/openb-pod-2724,540
541,create,paib-gpu/openb-pod-5110,541
542,create,paib-gpu/openb-pod-2947,542
543,create,paib-gpu/openb-pod-5976,543
544,create,paib-gpu/openb-pod-4029,544
545,create,paib-gpu/openb-pod-2016,545
546,create,paib-gpu/openb-pod-2903,546
547,create,paib-gpu/openb-pod-2492,547
548,create,paib-gpu/openb-pod-6401,548
549,create,paib-gpu/openb-pod-3246,549
550,create,paib-gpu/openb-pod-0597,550
551,create,paib-gpu/openb-pod-7752,551
552,create,paib-gpu/openb-pod-7395,552
553,create,paib-gpu/openb-pod-7023,553
554,create,paib-gpu/openb-pod-3623,554
555,create,paib-gpu/openb-pod-2669,555
556,create,paib-gpu/openb-pod-0283,556
557,create,paib-gpu/openb-pod-2665,557
558,create,paib-gpu/openb-pod-4176,558
559,create,paib-gpu/openb-pod-5680,559
560,create,paib-gpu/openb-pod-1290,560
561,create,paib-gpu/openb-pod-2250,561
562,create,paib-gpu/openb-pod-7039,562
563,create,paib-gpu/openb-pod-6658,563
564,create,paib-gpu/openb-pod-7324,564
565,create,paib-gpu/openb-pod-3027,565
566,create,paib-gpu/openb-pod-5195,566
567,create,paib-gpu/openb-pod-2876,567
568,create,paib-gpu/openb-pod-6882,568
569,create,paib-gpu/openb-pod-4466,569
570,create,paib-gpu/openb-pod-0660,570
571,create,paib-gpu/openb-pod-6421,571
572,create,paib-gpu/openb-pod-0767,572
573,create,paib-gpu/openb-pod-0984,573
574,create,paib-gpu/openb-pod-6642,574
575,create,paib-gpu/openb-pod-7115,575
576,create,paib-gpu/openb-pod-7226,576
577,create,paib-gpu/openb-pod-0918,577
578,create,paib-gpu/openb-pod-3094,578
579,create,paib-gpu/openb-pod-4099,579
580,create,paib-gpu/openb-pod-7496,580
581,create,paib-gpu/openb-pod-5212,581
582,create,paib-gpu/openb-pod-5926,582
583,create,paib-gpu/openb-pod-5415,583
584,create,paib-gpu/openb-pod-4184,584
585,create,paib-gpu/openb-pod-0097,585
586,create,paib-gpu/openb-pod-7881,586
587,create,paib-gpu/openb-pod-3786,587
588,create,paib-gpu/openb-pod-5142,588
589,create,paib-gpu/openb-pod-4262,589
590,create,paib-gpu/openb-pod-6277,590
591,create,paib-gpu/openb-pod-3761,591
592,create,paib-gpu/openb-pod-1777,592
593,create,paib-gpu/openb-pod-6996,593
594,create,paib-gpu/openb-pod-5051,594
595,create,paib-gpu/openb-pod-5539,595
596,create,paib-gpu/openb-pod-1258,596
597,create,paib-gpu/openb-pod-6838,597
598,create,paib-gpu/openb-pod-0655,598
599,create,paib-gpu/openb-pod-3856,599
600,create,paib-gpu/openb-pod-5977,600
601,create,paib-gpu/openb-pod-4519,601
602,create,paib-gpu/openb-pod-1005,602
603,create,paib-gpu/openb-pod-2818,603
604,create,paib-gpu/openb-pod-6627,604
605,create,paib-gpu/openb-pod-4990,605
606,create,paib-gpu/openb-pod-7684,606
607,create,paib-gpu/openb-pod-8061,607
608,create,paib-gpu/openb-pod-5192,608
609,create,paib-gpu/openb-pod-0185,609
610,create,paib-gpu/openb-pod-0854,610
611,create,paib-gpu/openb-pod-1416,611
612,create,paib-gpu/openb-pod-0814,612
613,create,paib-gpu/openb-pod-0806,613
614,create,paib-gpu/openb-pod-5483,614
615,create,paib-gpu/openb-pod-6827,615
616,create,paib-gpu/openb-pod-6080,616
617,create,paib-gpu/openb-pod-3426,617
618,create,paib-gpu/openb-pod-5307,618
619,create,paib-gpu/openb-pod-2233,619
620,create,paib-gpu/openb-pod-3247,620
621,create,paib-gpu/openb-pod-7054,621
622,create,paib-gpu/openb-pod-4887,622
623,create,paib-gpu/openb-pod-7303,623
624,create,paib-gpu/openb-pod-6083,624
625,create,paib-gpu/openb-pod-1860,625
626,create,paib-gpu/openb-pod-0944,626
627,create,paib-gpu/openb-pod-2692,627
628,create,paib-gpu/openb-pod-4112,628
629,create,paib-gpu/openb-pod-5119,629
630,create,paib-gpu/openb-pod-5674,630
631,create,paib-gpu/openb-pod-0402,631
632,create,paib-gpu/openb-pod-6257,632
633,create,paib-gpu/openb-pod-4268,633
634,create,paib-gpu/openb-pod-7123,634
635,create,paib-gpu/openb-pod-0619,635
636,create,paib-gpu/openb-pod-1251,636
637,create,paib-gpu/openb-pod-0314,637
638,create,paib-gpu/openb-pod-7420,638
639,create,paib-gpu/openb-pod-0592,639
640,create,paib-gpu/openb-pod-6356,640
641,create,paib-gpu/openb-pod-6250,641
642,create,paib-gpu/openb-pod-0030,642
643,create,paib-gpu/openb-pod-0809,643
644,create,paib-gpu/openb-pod-6666,644
645,create,paib-gpu/openb-pod-5412,645
646,create,paib-gpu/openb-pod-3337,646
647,create,paib-gpu/openb-pod-3687,647
648,create,paib-gpu/openb-pod-5877,648
649,create,paib-gpu/openb-pod-3702,649
650,create,paib-gpu/openb-pod-1667,650
651,create,paib-gpu/openb-pod-1586,651
652,create,paib-gpu/openb-pod-5198,652
653,create,paib-gpu/openb-pod-1549,653
654,create,paib-gpu/openb-pod-0441,654
655,create,paib-gpu/openb-pod-0288,655
656,create,paib-gpu/openb-pod-2623,656
657,create,paib-gpu/openb-pod-2925,657
658,create,paib-gpu/openb-pod-4986,658
659,create,paib-gpu/openb-pod-4265,659
660,create,paib-gpu/openb-pod-6213,660
661,create,paib-gpu/openb-pod-0497,661
662,create,paib-gpu/openb-pod-3022,662
663,create,paib-gpu/openb-pod-2473,663
664,create,paib-gpu/openb-pod-4914,664
665,create,paib-gpu/openb-pod-6156,665
666,create,paib-gpu/openb-pod-7142,666
667,create,paib-gpu/openb-pod-4843,667
668,create,paib-gpu/openb-pod-6790,668
669,create,paib-gpu/openb-pod-6647,669
670,create,paib-gpu/openb-pod-4024,670
671,create,paib-gpu/openb-pod-6870,671
672,create,paib-gpu/openb-pod-4886,672
673,create,paib-gpu/openb-pod-3250,673
674,create,paib-gpu/openb-pod-6367,674
675,create,paib-gpu/openb-pod-7724,675
676,create,paib-gpu/openb-pod-2721,676
677,create,paib-gpu/openb-pod-6517,677
678,create,paib-gpu/openb-pod-3667,678
679,failed,paib-gpu/openb-pod-7293,678
680,create,paib-gpu/openb-pod-3986,679
681,create,paib-gpu/openb-pod-0250,680
682,create,paib-gpu/openb-pod-1204,681
683,create,paib-gpu/openb-pod-1520,682
684,create,paib-gpu/openb-pod-6568,683
685,create,paib-gpu/openb-pod-2002,684
686,create,paib-gpu/openb-pod-7817,685
687,create,paib-gpu/openb-pod-5235,686
688,create,paib-gpu/openb-pod-2303,687
689,create,paib-gpu/openb-pod-3412,688
690,create,paib-gpu/openb-pod-0415,689
691,create,paib-gpu/openb-pod-4789,690
692,create,paib-gpu/openb-pod-8066,691
693,create,paib-gpu/openb-pod-3563,692
694,create,paib-gpu/openb-pod-0914,693
695,create,paib-gpu/openb-pod-2047,694
696,create,paib-gpu/openb-pod-0943,695
697,create,paib-gpu/openb-pod-7400,696
698,create,paib-gpu/openb-pod-0896,697
699,create,paib-gpu/openb-pod-1690,698
700,create,paib-gpu/openb-pod-4117,699
701,create,paib-gpu/openb-pod-1474,700
702,create,paib-gpu/openb-pod-6893,701
703,create,paib-gpu/openb-pod-7024,702
704,create,paib-gpu/openb-pod-8138,703
705,create,paib-gpu/openb-pod-0879,704
706,create,paib-gpu/openb-pod-1897,705
707,create,paib-gpu/openb-pod-6973,706
708,create,paib-gpu/openb-pod-3655,707
709,create,paib-gpu/openb-pod-1793,708
710,create,paib-gpu/openb-pod-7540,709
711,create,paib-gpu/openb-pod-5842,710
712,create,paib-gpu/openb-pod-7942,711
713,create,paib-gpu/openb-pod-5912,712
714,create,paib-gpu/openb-pod-3002,713
715,create,paib-gpu/openb-pod-0726,714
716,create,paib-gpu/openb-pod-0828,715
717,create,paib-gpu/openb-pod-5668,716
718,create,paib-gpu/openb-pod-5205,717
719,create,paib-gpu/openb-pod-6007,718
720,create,paib-gpu/openb-pod-1806,719
721,create,paib-gpu/openb-pod-7167,720
722,create,paib-gpu/openb-pod-7100,721
723,create,paib-gpu/openb-pod-5352,722
724,create,paib-gpu/openb-pod-7535,723
725,create,paib-gpu/openb-pod-2848,724
726,create,paib-gpu/openb-pod-1278,725
727,create,paib-gpu/openb-pod-6496,726
728,create,paib-gpu/openb-pod-4545,727
729,create,paib-gpu/openb-pod-1228,728
730,create,paib-gpu/openb-pod-5058,729
731,create,paib-gpu/openb-pod-1673,730
732,create,paib-gpu/openb-pod-2676,731
733,create,paib-gpu/openb-pod-7716,732
734,create,paib-gpu/openb-pod-0810,733
735,create,paib-gpu/openb-pod-7773,734
736,create,paib-gpu/openb-pod-1211,735
737,create,paib-gpu/openb-pod-1704,736
738,create,paib-gpu/openb-pod-3820,737
739,create,paib-gpu/openb-pod-2433,738
740,create,paib-gpu/openb-pod-3837,739
741,create,paib-gpu/openb-pod-6186,740
742,create,paib-gpu/openb-pod-5324,741
743,create,paib-gpu/openb-pod-2149,742
744,create,paib-gpu/openb-pod-2030,743
745,create,paib-gpu/openb-pod-1125,744
746,create,paib-gpu/openb-pod-3640,745
747,create,paib-gpu/openb-pod-1129,746
748,create,paib-gpu/openb-pod-4443,747
749,create,paib-gpu/openb-pod-6340,748
750,create,paib-gpu/openb-pod-5615,749
751,create,paib-gpu/openb-pod-1151,750
752,create,paib-gpu/openb-pod-7059,751
753,create,paib-gpu/openb-pod-6898,752
754,create,paib-gpu/openb-pod-0223,753
755,create,paib-gpu/openb-pod-5720,754
756,create,paib-gpu/openb-pod-7148,755
757,create,paib-gpu/openb-pod-5795,756
758,create,paib-gpu/openb-pod-2738,757
759,create,paib-gpu/openb-pod-4318,758
760,create,paib-gpu/openb-pod-3919,759
761,create,paib-gpu/openb-pod-5123,760
762,create,paib-gpu/openb-pod-3660,761
763,create,paib-gpu/openb-pod-7468,762
764,create,paib-gpu/openb-pod-1990,763
765,create,paib-gpu/openb-pod-7693,764
766,create,paib-gpu/openb-pod-0485,765
767,create,paib-gpu/openb-pod-2937,766
768,create,paib-gpu/openb-pod-5034,767
769,create,paib-gpu/openb-pod-7987,768
770,create,paib-gpu/openb-pod-2652,769
771,create,paib-gpu/openb-pod-3038,770
772,create,paib-gpu/openb-pod-4355,771
773,create,paib-gpu/openb-pod-3186,772
774,create,paib-gpu/openb-pod-2825,773
775,create,paib-gpu/openb-pod-3809,774
776,create,paib-gpu/openb-pod-0721,775
777,create,paib-gpu/openb-pod-0184,776
778,create,paib-gpu/openb-pod-1681,777
779,failed,paib-gpu/openb-pod-2866,777
780,create,paib-gpu/openb-pod-3448,778
781,create,paib-gpu/openb-pod-7426,779
782,failed,paib-gpu/openb-pod-5588,779
783,create,paib-gpu/openb-pod-0567,780
784,create,paib-gpu/openb-pod-1509,781
785,create,paib-gpu/openb-pod-0552,782
786,create,paib-gpu/openb-pod-5375,783
787,create,paib-gpu/openb-pod-0818,784
788,create,paib-gpu/openb-pod-4624,785
789,create,paib-gpu/openb-pod-6607,786
790,create,paib-gpu/openb-pod-1797,787
791,create,paib-gpu/openb-pod-6248,788
792,create,paib-gpu/openb-pod-2343,789
793,create,paib-gpu/openb-pod-1591,790
794,create,paib-gpu/openb-pod-2989,791
795,create,paib-gpu/openb-pod-4083,792
796,create,paib-gpu/openb-pod-4541,793
797,create,paib-gpu/openb-pod-5161,794
798,create,paib-gpu/openb-pod-1399,795
799,create,paib-gpu/openb-pod-5099,796
800,create,paib-gpu/openb-pod-1292,797
801,create,paib-gpu/openb-pod-1749,798
802,create,paib-gpu/openb-pod-7339,799
803,create,paib-gpu/openb-pod-2441,800
804,create,paib-gpu/openb-pod-3267,801
805,create,paib-gpu/openb-pod-1017,802
806,create,paib-gpu/openb-pod-7776,803
807,create,paib-gpu/openb-pod-6708,804
808,create,paib-gpu/openb-pod-3000,805
809,create,paib-gpu/openb-pod-5427,806
810,create,paib-gpu/openb-pod-2667,807
811,create,paib-gpu/openb-pod-5443,808
812,create,paib-gpu/openb-pod-7037,809
813,create,paib-gpu/openb-pod-0823,810
814,create,paib-gpu/openb-pod-2610,811
815,create,paib-gpu/openb-pod-6814,812
816,create,paib-gpu/openb-pod-2779,813
817,create,paib-gpu/openb-pod-6736,814
818,failed,paib-gpu/openb-pod-3305,814
819,create,paib-gpu/openb-pod-2896,815
820,create,paib-gpu/openb-pod-4046,816
821,create,paib-gpu/openb-pod-1872,817
822,create,paib-gpu/openb-pod-7975,818
823,create,paib-gpu/openb-pod-0865,819
824,create,paib-gpu/openb-pod-6878,820
825,create,paib-gpu/openb-pod-5305,821
826,create,paib-gpu/openb-pod-7208,822
827,create,paib-gpu/openb-pod-3154,823
828,create,paib-gpu/openb-pod-4060,824
829,create,paib-gpu/openb-pod-1658,825
830,create,paib-gpu/openb-pod-4482,826
831,create,paib-gpu/openb-pod-1805,827
832,create,paib-gpu/openb-pod-5805,828
833,create,paib-gpu/openb-pod-2034,829
834,create,paib-gpu/openb-pod-3584,830
835,create,paib-gpu/openb-pod-0218,831
836,create,paib-gpu/openb-pod-3862,832
837,create,paib-gpu/openb-pod-2984,833
838,create,paib-gpu/openb-pod-3758,834
839,create,paib-gpu/openb-pod-7803,835
840,create,paib-gpu/openb-pod-5532,836
841,create,paib-gpu/openb-pod-0189,837
842,create,paib-gpu/openb-pod-0933,838
843,create,paib-gpu/openb-pod-2722,839
844,create,paib-gpu/openb-pod-3244,840
845,create,paib-gpu/openb-pod-7008,841
846,create,paib-gpu/openb-pod-6942,842
847,create,paib-gpu/openb-pod-4881,843
848,create,paib-gpu/openb-pod-1794,844
849,create,paib-gpu/openb-pod-7580,845
850,create,paib-gpu/openb-pod-3313,846
851,create,paib-gpu/openb-pod-7918,847
852,create,paib-gpu/openb-pod-7834,848
853,create,paib-gpu/openb-pod-6143,849
854,create,paib-gpu/openb-pod-2703,850
855,create,paib-gpu/openb-pod-3010,851
856,create,paib-gpu/openb-pod-3294,852
857,create,paib-gpu/openb-pod-2300,853
858,create,paib-gpu/openb-pod-7586,854
859,create,paib-gpu/openb-pod-6042,855
860,create,paib-gpu/openb-pod-0863,856
861,create,paib-gpu/openb-pod-0238,857
862,create,paib-gpu/openb-pod-0889,858
863,create,paib-gpu/openb-pod-6999,859
864,create,paib-gpu/openb-pod-1838,860
865,create,paib-gpu/openb-pod-3399,861
866,create,paib-gpu/openb-pod-7557,862
867,create,paib-gpu/openb-pod-3893,863
868,create,paib-gpu/openb-pod-4853,864
869,create,paib-gpu/openb-pod-2819,865
870,create,paib-gpu/openb-pod-0932,866
871,create,paib-gpu/openb-pod-4834,867
872,create,paib-gpu/openb-pod-1377,868
873,create,paib-gpu/openb-pod-8011,869
874,create,paib-gpu/openb-pod-2741,870
875,create,paib-gpu/openb-pod-6916,871
876,create,paib-gpu/openb-pod-7901,872
877,create,paib-gpu/openb-pod-7017,873
878,create,paib-gpu/openb-pod-5733,874
879,create,paib-gpu/openb-pod-8144,875
880,create,paib-gpu/openb-pod-0229,876
881,create,paib-gpu/openb-pod-0871,877
882,create,paib-gpu/openb-pod-1407,878
883,create,paib-gpu/openb-pod-3380,879
884,create,paib-gpu/openb-pod-3689,880
885,create,paib-gpu/openb-pod-5639,881
886,create,paib-gpu/openb-pod-1600,882
887,create,paib-gpu/openb-pod-0312,883
888,create,paib-gpu/openb-pod-2335,884
889,create,paib-gpu/openb-pod-7435,885
890,create,paib-gpu/openb-pod-6644,886
891,create,paib-gpu/openb-pod-4917,887
892,create,paib-gpu/openb-pod-4871,888
893,create,paib-gpu/openb-pod-7370,889
894,create,paib-gpu/openb-pod-2606,890
895,create,paib-gpu/openb-pod-5445,891
896,create,paib-gpu/openb-pod-6419,892
897,create,paib-gpu/openb-pod-2773,893
898,create,paib-gpu/openb-pod-4747,894
899,create,paib-gpu/openb-pod-6531,895
900,create,paib-gpu/openb-pod-1620,896
901,create,paib-gpu/openb-pod-7206,897
902,create,paib-gpu/openb-pod-2110,898
903,create,paib-gpu/openb-pod-3712,899
904,create,paib-gpu/openb-pod-5286,900
905,create,paib-gpu/openb-pod-3969,901
906,create,paib-gpu/openb-pod-4554,902
907,create,paib-gpu/openb-pod-2949,903
908,create,paib-gpu/openb-pod-5217,904
909,create,paib-gpu/openb-pod-4795,905
910,create,paib-gpu/openb-pod-1126,906
911,create,paib-gpu/openb-pod-5594,907
912,create,paib-gpu/openb-pod-8117,908
913,create,paib-gpu/openb-pod-5373,909
914,create,paib-gpu/openb-pod-1706,910
915,create,paib-gpu/openb-pod-6537,911
916,create,paib-gpu/openb-pod-0354,912
917,create,paib-gpu/openb-pod-5501,913
918,create,paib-gpu/openb-pod-3109,914
919,create,paib-gpu/openb-pod-6353,915
920,create,paib-gpu/openb-pod-2474,916
921,create,paib-gpu/openb-pod-7973,917
922,create,paib-gpu/openb-pod-3208,918
923,create,paib-gpu/openb-pod-0405,919
924,create,paib-gpu/openb-pod-4204,920
925,create,paib-gpu/openb-pod-6212,921
926,create,paib-gpu/openb-pod-6225,922
927,create,paib-gpu/openb-pod-2249,923
928,create,paib-gpu/openb-pod-6193,924
929,create,paib-gpu/openb-pod-6631,925
930,create,paib-gpu/openb-pod-5534,926
931,create,paib-gpu/openb-pod-4165,927
932,create,paib-gpu/openb-pod-0785,928
933,create,paib-gpu/openb-pod-6579,929
934,create,paib-gpu/openb-pod-0556,930
935,create,paib-gpu/openb-pod-6325,931
936,create,paib-gpu/openb-pod-2654,932
937,create,paib-gpu/openb-pod-3253,933
938,create,paib-gpu/openb-pod-6488,934
939,create,paib-gpu/openb-pod-1938,935
940,create,paib-gpu/openb-pod-3348,936
941,create,paib-gpu/openb-pod-7908,937
942,create,paib-gpu/openb-pod-4770,938
943,create,paib-gpu/openb-pod-0329,939
944,create,paib-gpu/openb-pod-3035,940
945,create,paib-gpu/openb-pod-5521,941
946,create,paib-gpu/openb-pod-5276,942
947,create,paib-gpu/openb-pod-4019,943
948,create,paib-gpu/openb-pod-7122,944
949,create,paib-gpu/openb-pod-1101,945
950,create,paib-gpu/openb-pod-1712,946
951,create,paib-gpu/openb-pod-1455,947
952,create,paib-gpu/openb-pod-3813,948
953,create,paib-gpu/openb-pod-1214,949
954,create,paib-gpu/openb-pod-0620,950
955,create,paib-gpu/openb-pod-0715,951
956,create,paib-gpu/openb-pod-3159,952
957,create,paib-gpu/openb-pod-2775,953
958,create,paib-gpu/openb-pod-6270,954
959,create,paib-gpu/openb-pod-1981,955
960,create,paib-gpu/openb-pod-6169,956
961,create,paib-gpu/openb-pod-6655,957
962,create,paib-gpu/openb-pod-4645,958
963,create,paib-gpu/openb-pod-5524,959
964,create,paib-gpu/openb-pod-4326,960
965,create,paib-gpu/openb-pod-6798,961
966,create,paib-gpu/openb-pod-0979,962
967,create,paib-gpu/openb-pod-5663,963
968,create,paib-gpu/openb-pod-1386,964
969,create,paib-gpu/openb-pod-7503,965
970,create,paib-gpu/openb-pod-7318,966
971,create,paib-gpu/openb-pod-1892,967
972,create,paib-gpu/openb-pod-6510,968
973,create,paib-gpu/openb-pod-0400,969
974,create,paib-gpu/openb-pod-4796,970
975,create,paib-gpu/openb-pod-7460,971
976,create,paib-gpu/openb-pod-1795,972
977,create,paib-gpu/openb-pod-6069,973
978,create,paib-gpu/openb-pod-6196,974
979,create,paib-gpu/openb-pod-2856,975
980,create,paib-gpu/openb-pod-3446,976
981,create,paib-gpu/openb-pod-3550,977
982,create,paib-gpu/openb-pod-4389,978
983,create,paib-gpu/openb-pod-3932,979
984,create,paib-gpu/openb-pod-4733,980
985,create,paib-gpu/openb-pod-7695,981
986,create,paib-gpu/openb-pod-7571,982
987,create,paib-gpu/openb-pod-5442,983
988,create,paib-gpu/openb-pod-7628,984
989,create,paib-gpu/openb-pod-2786,985
990,create,paib-gpu/openb-pod-1265,986
991,create,paib-gpu/openb-pod-0616,987
992,create,paib-gpu/openb-pod-2859,988
993,create,paib-gpu/openb-pod-4289,989
994,create,paib-gpu/openb-pod-4745,990
995,create,paib-gpu/openb-pod-4949,991
996,create,paib-gpu/openb-pod-6068,992
997,create,paib-gpu/openb-pod-7143,993
998,create,paib-gpu/openb-pod-6673,994
999,create,paib-gpu/openb-pod-4185,995
1000,create,paib-gpu/openb-pod-6564,996
1001,create,paib-gpu/openb-pod-1391,997
1002,create,paib-gpu/openb-pod-7306,998
1003,create,paib-gpu/openb-pod-4730,999
1004,create,paib-gpu/openb-pod-2069,1000
1005,create,paib-gpu/openb-pod-4520,1001
1006,create,paib-gpu/openb-pod-4951,1002
1007,create,paib-gpu/openb-pod-5308,1003
1008,create,paib-gpu/openb-pod-7214,1004
1009,create,paib-gpu/openb-pod-2372,1005
1010,create,paib-gpu/openb-pod-4709,1006
1011,create,paib-gpu/openb-pod-5509,1007
1012,create,paib-gpu/openb-pod-5706,1008
1013,create,paib-gpu/openb-pod-5374,1009
1014,create,paib-gpu/openb-pod-0908,1010
1015,create,paib-gpu/openb-pod-5777,1011
1016,create,paib-gpu/openb-pod-5323,1012
1017,create,paib-gpu/openb-pod-6349,1013
1018,create,paib-gpu/openb-pod-2633,1014
1019,create,paib-gpu/openb-pod-5278,1015
1020,create,paib-gpu/openb-pod-1383,1016
1021,create,paib-gpu/openb-pod-1291,1017
1022,create,paib-gpu/openb-pod-4880,1018
1023,create,paib-gpu/openb-pod-0371,1019
1024,create,paib-gpu/openb-pod-3804,1020
1025,create,paib-gpu/openb-pod-2578,1021
1026,create,paib-gpu/openb-pod-7504,1022
1027,create,paib-gpu/openb-pod-5910,1023
1028,create,paib-gpu/openb-pod-8112,1024
1029,create,paib-gpu/openb-pod-1434,1025
1030,create,paib-gpu/openb-pod-3155,1026
1031,create,paib-gpu/openb-pod-1311,1027
1032,create,paib-gpu/openb-pod-0375,1028
1033,create,paib-gpu/openb-pod-0359,1029
1034,create,paib-gpu/openb-pod-1604,1030
1035,create,paib-gpu/openb-pod-7922,1031
1036,create,paib-gpu/openb-pod-4286,1032
1037,create,paib-gpu/openb-pod-3128,1033
1038,create,paib-gpu/openb-pod-6908,1034
1039,create,paib-gpu/openb-pod-3466,1035
1040,create,paib-gpu/openb-pod-6368,1036
1041,create,paib-gpu/openb-pod-7575,1037
1042,create,paib-gpu/openb-pod-4193,1038
1043,create,paib-gpu/openb-pod-3641,1039
1044,create,paib-gpu/openb-pod-3127,1040
1045,create,paib-gpu/openb-pod-3724,1041
1046,create,paib-gpu/openb-pod-5575,1042
1047,create,paib-gpu/openb-pod-5421,1043
1048,create,paib-gpu/openb-pod-6305,1044
1049,create,paib-gpu/openb-pod-0954,1045
1050,create,paib-gpu/openb-pod-5905,1046
1051,create,paib-gpu/openb-pod-4876,1047
1052,create,paib-gpu/openb-pod-2743,1048
1053,create,paib-gpu/openb-pod-0106,1049
1054,create,paib-gpu/openb-pod-4991,1050
1055,create,paib-gpu/openb-pod-0819,1051
1056,create,paib-gpu/openb-pod-4473,1052
1057,create,paib-gpu/openb-pod-1131,1053
1058,create,paib-gpu/openb-pod-5565,1054
1059,create,paib-gpu/openb-pod-3057,1055
1060,create,paib-gpu/openb-pod-0973,1056
1061,create,paib-gpu/openb-pod-6630,1057
1062,create,paib-gpu/openb-pod-3300,1058
1063,create,paib-gpu/openb-pod-2523,1059
1064,create,paib-gpu/openb-pod-3556,1060
1065,create,paib-gpu/openb-pod-6654,1061
1066,create,paib-gpu/openb-pod-5379,1062
1067,create,paib-gpu/openb-pod-6591,1063
1068,create,paib-gpu/openb-pod-7577,1064
1069,create,paib-gpu/openb-pod-7530,1065
1070,create,paib-gpu/openb-pod-2677,1066
1071,failed,paib-gpu/openb-pod-4172,1066
1072,create,paib-gpu/openb-pod-8087,1067
1073,create,paib-gpu/openb-pod-3167,1068
1074,create,paib-gpu/openb-pod-1385,1069
1075,create,paib-gpu/openb-pod-6147,1070
1076,create,paib-gpu/openb-pod-1849,1071
1077,create,paib-gpu/openb-pod-3251,1072
1078,create,paib-gpu/openb-pod-2025,1073
1079,create,paib-gpu/openb-pod-2746,1074
1080,create,paib-gpu/openb-pod-3865,1075
1081,create,paib-gpu/openb-pod-4906,1076
1082,create,paib-gpu/openb-pod-2391,1077
1083,create,paib-gpu/openb-pod-5027,1078
1084,create,paib-gpu/openb-pod-0379,1079
1085,create,paib-gpu/openb-pod-0717,1080
1086,create,paib-gpu/openb-pod-3074,1081
1087,create,paib-gpu/openb-pod-0692,1082
1088,create,paib-gpu/openb-pod-5908,1083
1089,create,paib-gpu/openb-pod-7846,1084
1090,create,paib-gpu/openb-pod-7229,1085
1091,create,paib-gpu/openb-pod-1037,1086
1092,create,paib-gpu/openb-pod-4840,1087
1093,create,paib-gpu/openb-pod-3533,1088
1094,create,paib-gpu/openb-pod-6546,1089
1095,create,paib-gpu/openb-pod-5605,1090
1096,create,paib-gpu/openb-pod-5726,1091
1097,create,paib-gpu/openb-pod-4323,1092
1098,create,paib-gpu/openb-pod-7398,1093
1099,create,paib-gpu/openb-pod-2622,1094
1100,create,paib-gpu/openb-pod-4996,1095
1101,create,paib-gpu/openb-pod-2359,1096
1102,create,paib-gpu/openb-pod-0566,1097
1103,create,paib-gpu/openb-pod-6329,1098
1104,create,paib-gpu/openb-pod-4581,1099
1105,create,paib-gpu/openb-pod-1492,1100
1106,create,paib-gpu/openb-pod-5418,1101
1107,create,paib-gpu/openb-pod-0844,1102
1108,create,paib-gpu/openb-pod-4743,1103
1109,create,paib-gpu/openb-pod-5457,1104
1110,create,paib-gpu/openb-pod-8018,1105
1111,create,paib-gpu/openb-pod-2350,1106
1112,create,paib-gpu/openb-pod-2591,1107
1113,create,paib-gpu/openb-pod-7173,1108
1114,create,paib-gpu/openb-pod-4618,1109
1115,create,paib-gpu/openb-pod-3421,1110
1116,create,paib-gpu/openb-pod-7829,1111
1117,create,paib-gpu/openb-pod-0245,1112
1118,create,paib-gpu/openb-pod-4947,1113
1119,create,paib-gpu/openb-pod-2653,1114
1120,create,paib-gpu/openb-pod-6336,1115
1121,create,paib-gpu/openb-pod-3042,1116
1122,create,paib-gpu/openb-pod-0302,1117
1123,create,paib-gpu/openb-pod-4938,1118
1124,create,paib-gpu/openb-pod-3852,1119
1125,create,paib-gpu/openb-pod-7467,1120
1126,create,paib-gpu/openb-pod-4000,1121
1127,create,paib-gpu/openb-pod-1381,1122
1128,create,paib-gpu/openb-pod-2178,1123
1129,create,paib-gpu/openb-pod-6208,1124
1130,create,paib-gpu/openb-pod-0838,1125
1131,create,paib-gpu/openb-pod-7266,1126
1132,create,paib-gpu/openb-pod-0471,1127
1133,create,paib-gpu/openb-pod-1432,1128
1134,create,paib-gpu/openb-pod-7810,1129
1135,create,paib-gpu/openb-pod-5641,1130
1136,create,paib-gpu/openb-pod-1733,1131
1137,failed,paib-gpu/openb-pod-2632,1131
1138,create,paib-gpu/openb-pod-2148,1132
1139,create,paib-gpu/openb-pod-7570,1133
1140,create,paib-gpu/openb-pod-2715,1134
1141,create,paib-gpu/openb-pod-6696,1135
1142,create,paib-gpu/openb-pod-7774,1136
1143,create,paib-gpu/openb-pod-1159,1137
1144,create,paib-gpu/openb-pod-2164,1138
1145,create,paib-gpu/openb-pod-8135,1139
1146,create,paib-gpu/openb-pod-3921,1140
1147,create,paib-gpu/openb-pod-3923,1141
1148,create,paib-gpu/openb-pod-6576,1142
1149,create,paib-gpu/openb-pod-3090,1143
1150,create,paib-gpu/openb-pod-6327,1144
1151,create,paib-gpu/openb-pod-5160,1145
1152,create,paib-gpu/openb-pod-4346,1146
1153,create,paib-gpu/openb-pod-2800,1147
1154,create,paib-gpu/openb-pod-5325,1148
1155,create,paib-gpu/openb-pod-3911,1149
1156,create,paib-gpu/openb-pod-7874,1150
1157,create,paib-gpu/openb-pod-7796,1151
1158,create,paib-gpu/openb-pod-7671,1152
1159,create,paib-gpu/openb-pod-3203,1153
1160,create,paib-gpu/openb-pod-4021,1154
1161,create,paib-gpu/openb-pod-5574,1155
1162,create,paib-gpu/openb-pod-6312,1156
1163,create,paib-gpu/openb-pod-3711,1157
1164,create,paib-gpu/openb-pod-0159,1158
1165,create,paib-gpu/openb-pod-6081,1159
1166,create,paib-gpu/openb-pod-5856,1160
1167,create,paib-gpu/openb-pod-4432,1161
1168,create,paib-gpu/openb-pod-6154,1162
1169,create,paib-gpu/openb-pod-3126,1163
1170,create,paib-gpu/openb-pod-3981,1164
1171,create,paib-gpu/openb-pod-3096,1165
1172,create,paib-gpu/openb-pod-6237,1166
1173,create,paib-gpu/openb-pod-4851,1167
1174,create,paib-gpu/openb-pod-1648,1168
1175,create,paib-gpu/openb-pod-3182,1169
1176,create,paib-gpu/openb-pod-0511,1170
1177,create,paib-gpu/openb-pod-0149,1171
1178,create,paib-gpu/openb-pod-5974,1172
1179,create,paib-gpu/openb-pod-0858,1173
1180,create,paib-gpu/openb-pod-0574,1174
1181,create,paib-gpu/openb-pod-1366,1175
1182,create,paib-gpu/openb-pod-6746,1176
1183,create,paib-gpu/openb-pod-6853,1177
1184,create,paib-gpu/openb-pod-7274,1178
1185,create,paib-gpu/openb-pod-6719,1179
1186,create,paib-gpu/openb-pod-0333,1180
1187,create,paib-gpu/openb-pod-2603,1181
1188,create,paib-gpu/openb-pod-0448,1182
1189,create,paib-gpu/openb-pod-0931,1183
1190,create,paib-gpu/openb-pod-1145,1184
1191,create,paib-gpu/openb-pod-2379,1185
1192,create,paib-gpu/openb-pod-8089,1186
1193,create,paib-gpu/openb-pod-4025,1187
1194,create,paib-gpu/openb-pod-0141,1188
1195,create,paib-gpu/openb-pod-2522,1189
1196,create,paib-gpu/openb-pod-3860,1190
1197,create,paib-gpu/openb-pod-0603,1191
1198,create,paib-gpu/openb-pod-3362,1192
1199,create,paib-gpu/openb-pod-0834,1193
1200,create,paib-gpu/openb-pod-6755,1194
1201,create,paib-gpu/openb-pod-7434,1195
1202,create,paib-gpu/openb-pod-7843,1196
1203,create,paib-gpu/openb-pod-3980,1197
1204,create,paib-gpu/openb-pod-5385,1198
1205,create,paib-gpu/openb-pod-6581,1199
1206,create,paib-gpu/openb-pod-7124,1200
1207,create,paib-gpu/openb-pod-6971,1201
1208,failed,paib-gpu/openb-pod-3099,1201
1209,create,paib-gpu/openb-pod-4957,1202
1210,create,paib-gpu/openb-pod-7377,1203
1211,create,paib-gpu/openb-pod-0697,1204
1212,create,paib-gpu/openb-pod-2158,1205
1213,create,paib-gpu/openb-pod-6927,1206
1214,create,paib-gpu/openb-pod-1015,1207
1215,create,paib-gpu/openb-pod-2601,1208
1216,create,paib-gpu/openb-pod-5455,1209
1217,create,paib-gpu/openb-pod-6138,1210
1218,create,paib-gpu/openb-pod-5975,1211
1219,create,paib-gpu/openb-pod-0704,1212
1220,create,paib-gpu/openb-pod-3774,1213
1221,create,paib-gpu/openb-pod-5979,1214
1222,create,paib-gpu/openb-pod-6608,1215
1223,failed,paib-gpu/openb-pod-1494,1215
1224,create,paib-gpu/openb-pod-1949,1216
1225,create,paib-gpu/openb-pod-6897,1217
1226,create,paib-gpu/openb-pod-1208,1218
1227,create,paib-gpu/openb-pod-6130,1219
1228,create,paib-gpu/openb-pod-6516,1220
1229,create,paib-gpu/openb-pod-3081,1221
1230,create,paib-gpu/openb-pod-6883,1222
1231,create,paib-gpu/openb-pod-7964,1223
1232,create,paib-gpu/openb-pod-1224,1224
1233,create,paib-gpu/openb-pod-4390,1225
1234,create,paib-gpu/openb-pod-7432,1226
1235,create,paib-gpu/openb-pod-2168,1227
1236,create,paib-gpu/openb-pod-5485,1228
1237,create,paib-gpu/openb-pod-3468,1229
1238,create,paib-gpu/openb-pod-3696,1230
1239,create,paib-gpu/openb-pod-7155,1231
1240,create,paib-gpu/openb-pod-3264,1232
1241,create,paib-gpu/openb-pod-7325,1233
1242,create,paib-gpu/openb-pod-7421,1234
1243,create,paib-gpu/openb-pod-1140,1235
1244,create,paib-gpu/openb-pod-3914,1236
1245,create,paib-gpu/openb-pod-2000,1237
1246,create,paib-gpu/openb-pod-1393,1238
1247,create,paib-gpu/openb-pod-2173,1239
1248,create,paib-gpu/openb-pod-4498,1240
1249,create,paib-gpu/openb-pod-6296,1241
1250,create,paib-gpu/openb-pod-0753,1242
1251,create,paib-gpu/openb-pod-5067,1243
1252,create,paib-gpu/openb-pod-2541,1244
1253,create,paib-gpu/openb-pod-7787,1245
1254,create,paib-gpu/openb-pod-6011,1246
1255,create,paib-gpu/openb-pod-3651,1247
1256,create,paib-gpu/openb-pod-3477,1248
1257,create,paib-gpu/openb-pod-3375,1249
1258,create,paib-gpu/openb-pod-4758,1250
1259,create,paib-gpu/openb-pod-3403,1251
1260,create,paib-gpu/openb-pod-1621,1252
1261,create,paib-gpu/openb-pod-7485,1253
1262,create,paib-gpu/openb-pod-2684,1254
1263,create,paib-gpu/openb-pod-7923,1255
1264,create,paib-gpu/openb-pod-7456,1256
1265,create,paib-gpu/openb-pod-0480,1257
1266,create,paib-gpu/openb-pod-4540,1258
1267,create,paib-gpu/openb-pod-4735,1259
1268,create,paib-gpu/openb-pod-0199,1260
1269,create,paib-gpu/openb-pod-2244,1261
1270,create,paib-gpu/openb-pod-7070,1262
1271,create,paib-gpu/openb-pod-1594,1263
1272,create,paib-gpu/openb-pod-5257,1264
1273,create,paib-gpu/openb-pod-6473,1265
1274,create,paib-gpu/openb-pod-7026,1266
1275,create,paib-gpu/openb-pod-6345,1267
1276,create,paib-gpu/openb-pod-6300,1268
1277,create,paib-gpu/openb-pod-0163,1269
1278,create,paib-gpu/openb-pod-1082,1270
1279,create,paib-gpu/openb-pod-2268,1271
1280,create,paib-gpu/openb-pod-5408,1272
1281,create,paib-gpu/openb-pod-4065,1273
1282,create,paib-gpu/openb-pod-3199,1274
1283,create,paib-gpu/openb-pod-7172,1275
1284,create,paib-gpu/openb-pod-0151,1276
1285,create,paib-gpu/openb-pod-2844,1277
1286,create,paib-gpu/openb-pod-1517,1278
1287,create,paib-gpu/openb-pod-6990,1279
1288,create,paib-gpu/openb-pod-0926,1280
1289,create,paib-gpu/openb-pod-5169,1281
1290,create,paib-gpu/openb-pod-8130,1282
1291,create,paib-gpu/openb-pod-1218,1283
1292,create,paib-gpu/openb-pod-1324,1284
1293,failed,paib-gpu/openb-pod-5376,1284
1294,create,paib-gpu/openb-pod-5064,1285
1295,create,paib-gpu/openb-pod-2189,1286
1296,create,paib-gpu/openb-pod-1568,1287
1297,create,paib-gpu/openb-pod-0338,1288
1298,create,paib-gpu/openb-pod-0345,1289
1299,create,paib-gpu/openb-pod-0913,1290
1300,create,paib-gpu/openb-pod-7582,1291
1301,create,paib-gpu/openb-pod-3547,1292
1302,create,paib-gpu/openb-pod-5184,1293
1303,create,paib-gpu/openb-pod-7909,1294
1304,create,paib-gpu/openb-pod-7783,1295
1305,create,paib-gpu/openb-pod-4398,1296
1306,create,paib-gpu/openb-pod-5911,1297
1307,create,paib-gpu/openb-pod-2621,1298
1308,create,paib-gpu/openb-pod-5952,1299
1309,create,paib-gpu/openb-pod-5365,1300
1310,create,paib-gpu/openb-pod-2078,1301
1311,create,paib-gpu/openb-pod-6903,1302
1312,create,paib-gpu/openb-pod-4930,1303
1313,create,paib-gpu/openb-pod-5815,1304
1314,create,paib-gpu/openb-pod-6850,1305
1315,create,paib-gpu/openb-pod-1617,1306
1316,create,paib-gpu/openb-pod-7294,1307
1317,create,paib-gpu/openb-pod-6979,1308
1318,create,paib-gpu/openb-pod-0124,1309
1319,create,paib-gpu/openb-pod-8126,1310
1320,create,paib-gpu/openb-pod-3691,1311
1321,create,paib-gpu/openb-pod-1299,1312
1322,create,paib-gpu/openb-pod-6318,1313
1323,create,paib-gpu/openb-pod-5551,1314
1324,create,paib-gpu/openb-pod-4242,1315
1325,create,paib-gpu/openb-pod-8049,1316
1326,create,paib-gpu/openb-pod-7653,1317
1327,create,paib-gpu/openb-pod-4935,1318
1328,create,paib-gpu/openb-pod-4239,1319
1329,create,paib-gpu/openb-pod-3866,1320
1330,create,paib-gpu/openb-pod-2823,1321
1331,create,paib-gpu/openb-pod-7291,1322
1332,create,paib-gpu/openb-pod-7242,1323
1333,create,paib-gpu/openb-pod-5343,1324
1334,create,paib-gpu/openb-pod-1479,1325
1335,create,paib-gpu/openb-pod-3064,1326
1336,failed,paib-gpu/openb-pod-3450,1326
1337,create,paib-gpu/openb-pod-3345,1327
1338,create,paib-gpu/openb-pod-2481,1328
1339,create,paib-gpu/openb-pod-0861,1329
1340,create,paib-gpu/openb-pod-2930,1330
1341,create,paib-gpu/openb-pod-3604,1331
1342,failed,paib-gpu/openb-pod-0040,1331
1343,create,paib-gpu/openb-pod-1070,1332
1344,create,paib-gpu/openb-pod-0506,1333
1345,create,paib-gpu/openb-pod-5610,1334
1346,create,paib-gpu/openb-pod-7792,1335
1347,create,paib-gpu/openb-pod-2450,1336
1348,create,paib-gpu/openb-pod-1352,1337
1349,create,paib-gpu/openb-pod-6161,1338
1350,create,paib-gpu/openb-pod-1878,1339
1351,create,paib-gpu/openb-pod-2109,1340
1352,create,paib-gpu/openb-pod-3869,1341
1353,create,paib-gpu/openb-pod-5048,1342
1354,create,paib-gpu/openb-pod-5085,1343
1355,create,paib-gpu/openb-pod-7993,1344
1356,create,paib-gpu/openb-pod-7762,1345
1357,create,paib-gpu/openb-pod-5353,1346
1358,create,paib-gpu/openb-pod-5627,1347
1359,create,paib-gpu/openb-pod-6574,1348
1360,create,paib-gpu/openb-pod-7977,1349
1361,create,paib-gpu/openb-pod-1446,1350
1362,create,paib-gpu/openb-pod-6065,1351
1363,create,paib-gpu/openb-pod-0539,1352
1364,create,paib-gpu/openb-pod-2913,1353
1365,create,paib-gpu/openb-pod-0205,1354
1366,create,paib-gpu/openb-pod-4095,1355
1367,create,paib-gpu/openb-pod-1336,1356
1368,create,paib-gpu/openb-pod-6144,1357
1369,create,paib-gpu/openb-pod-4012,1358
1370,create,paib-gpu/openb-pod-3195,1359
1371,create,paib-gpu/openb-pod-6854,1360
1372,create,paib-gpu/openb-pod-3883,1361
1373,create,paib-gpu/openb-pod-4472,1362
1374,create,paib-gpu/openb-pod-3540,1363
1375,create,paib-gpu/openb-pod-8008,1364
1376,create,paib-gpu/openb-pod-3568,1365
1377,create,paib-gpu/openb-pod-5671,1366
1378,create,paib-gpu/openb-pod-2681,1367
1379,create,paib-gpu/openb-pod-5280,1368
1380,create,paib-gpu/openb-pod-0615,1369
1381,create,paib-gpu/openb-pod-7741,1370
1382,create,paib-gpu/openb-pod-4567,1371
1383,create,paib-gpu/openb-pod-2733,1372
1384,create,paib-gpu/openb-pod-8109,1373
1385,create,paib-gpu/openb-pod-2024,1374
1386,create,paib-gpu/openb-pod-5854,1375
1387,create,paib-gpu/openb-pod-3638,1376
1388,create,paib-gpu/openb-pod-3733,1377
1389,create,paib-gpu/openb-pod-5179,1378
1390,create,paib-gpu/openb-pod-5728,1379
1391,create,paib-gpu/openb-pod-4862,1380
1392,failed,paib-gpu/openb-pod-0083,1380
1393,create,paib-gpu/openb-pod-6134,1381
1394,create,paib-gpu/openb-pod-6482,1382
1395,create,paib-gpu/openb-pod-5626,1383
1396,create,paib-gpu/openb-pod-0161,1384
1397,create,paib-gpu/openb-pod-6781,1385
1398,create,paib-gpu/openb-pod-7411,1386
1399,create,paib-gpu/openb-pod-2472,1387
1400,create,paib-gpu/openb-pod-4648,1388
1401,create,paib-gpu/openb-pod-0168,1389
1402,create,paib-gpu/openb-pod-2324,1390
1403,create,paib-gpu/openb-pod-8020,1391
1404,create,paib-gpu/openb-pod-3419,1392
1405,create,paib-gpu/openb-pod-1643,1393
1406,create,paib-gpu/openb-pod-8085,1394
1407,create,paib-gpu/openb-pod-3336,1395
1408,create,paib-gpu/openb-pod-3016,1396
1409,create,paib-gpu/openb-pod-0420,1397
1410,create,paib-gpu/openb-pod-3602,1398
1411,create,paib-gpu/openb-pod-5635,1399
1412,create,paib-gpu/openb-pod-0318,1400
1413,create,paib-gpu/openb-pod-4622,1401
1414,create,paib-gpu/openb-pod-4945,1402
1415,create,paib-gpu/openb-pod-3785,1403
1416,create,paib-gpu/openb-pod-1507,1404
1417,create,paib-gpu/openb-pod-3633,1405
1418,create,paib-gpu/openb-pod-2533,1406
1419,create,paib-gpu/openb-pod-3730,1407
1420,create,paib-gpu/openb-pod-3009,1408
1421,create,paib-gpu/openb-pod-5367,1409
1422,create,paib-gpu/openb-pod-8022,1410
1423,create,paib-gpu/openb-pod-5463,1411
1424,create,paib-gpu/openb-pod-6858,1412
1425,create,paib-gpu/openb-pod-7373,1413
1426,create,paib-gpu/openb-pod-3663,1414
1427,create,paib-gpu/openb-pod-4825,1415
1428,create,paib-gpu/openb-pod-5896,1416
1429,create,paib-gpu/openb-pod-5053,1417
1430,create,paib-gpu/openb-pod-3395,1418
1431,create,paib-gpu/openb-pod-6948,1419
1432,create,paib-gpu/openb-pod-7701,1420
1433,create,paib-gpu/openb-pod-0802,1421
1434,create,paib-gpu/openb-pod-7888,1422
1435,create,paib-gpu/openb-pod-4129,1423
1436,create,paib-gpu/openb-pod-4877,1424
1437,create,paib-gpu/openb-pod-6679,1425
1438,create,paib-gpu/openb-pod-4829,1426
1439,create,paib-gpu/openb-pod-4616,1427
1440,create,paib-gpu/openb-pod-2414,1428
1441,create,paib-gpu/openb-pod-5146,1429
1442,create,paib-gpu/openb-pod-4748,1430
1443,create,paib-gpu/openb-pod-5080,1431
1444,create,paib-gpu/openb-pod-5647,1432
1445,create,paib-gpu/openb-pod-7064,1433
1446,create,paib-gpu/openb-pod-3558,1434
1447,create,paib-gpu/openb-pod-3314,1435
1448,create,paib-gpu/openb-pod-7813,1436
1449,create,paib-gpu/openb-pod-0757,1437
1450,create,paib-gpu/openb-pod-0289,1438
1451,create,paib-gpu/openb-pod-1314,1439
1452,create,paib-gpu/openb-pod-3521,1440
1453,create,paib-gpu/openb-pod-7831,1441
1454,create,paib-gpu/openb-pod-4563,1442
1455,create,paib-gpu/openb-pod-3596,1443
1456,create,paib-gpu/openb-pod-4164,1444
1457,create,paib-gpu/openb-pod-1636,1445
1458,create,paib-gpu/openb-pod-1538,1446
1459,create,paib-gpu/openb-pod-7761,1447
1460,create,paib-gpu/openb-pod-5317,1448
1461,create,paib-gpu/openb-pod-1160,1449
1462,create,paib-gpu/openb-pod-0766,1450
1463,create,paib-gpu/openb-pod-2089,1451
1464,create,paib-gpu/openb-pod-6842,1452
1465,create,paib-gpu/openb-pod-5396,1453
1466,create,paib-gpu/openb-pod-0571,1454
1467,create,paib-gpu/openb-pod-2057,1455
1468,create,paib-gpu/openb-pod-5970,1456
1469,create,paib-gpu/openb-pod-6337,1457
1470,create,paib-gpu/openb-pod-1661,1458
1471,create,paib-gpu/openb-pod-5277,1459
1472,create,paib-gpu/openb-pod-2012,1460
1473,create,paib-gpu/openb-pod-7048,1461
1474,create,paib-gpu/openb-pod-1026,1462
1475,create,paib-gpu/openb-pod-4711,1463
1476,create,paib-gpu/openb-pod-1830,1464
1477,create,paib-gpu/openb-pod-6414,1465
1478,create,paib-gpu/openb-pod-4576,1466
1479,create,paib-gpu/openb-pod-4679,1467
1480,create,paib-gpu/openb-pod-7355,1468
1481,create,paib-gpu/openb-pod-2132,1469
1482,create,paib-gpu/openb-pod-4430,1470
1483,create,paib-gpu/openb-pod-7856,1471
1484,create,paib-gpu/openb-pod-8141,1472
1485,create,paib-gpu/openb-pod-6184,1473
1486,create,paib-gpu/openb-pod-6121,1474
1487,create,paib-gpu/openb-pod-8121,1475
1488,create,paib-gpu/openb-pod-1762,1476
1489,create,paib-gpu/openb-pod-5496,1477
1490,create,paib-gpu/openb-pod-6668,1478
1491,create,paib-gpu/openb-pod-7722,1479
1492,create,paib-gpu/openb-pod-3268,1480
1493,create,paib-gpu/openb-pod-0658,1481
1494,create,paib-gpu/openb-pod-7583,1482
1495,create,paib-gpu/openb-pod-3298,1483
1496,failed,paib-gpu/openb-pod-5451,1483
1497,create,paib-gpu/openb-pod-6390,1484
1498,create,paib-gpu/openb-pod-1761,1485
1499,create,paib-gpu/openb-pod-6455,1486
1500,create,paib-gpu/openb-pod-4187,1487
1501,create,paib-gpu/openb-pod-0351,1488
1502,create,paib-gpu/openb-pod-6691,1489
1503,create,paib-gpu/openb-pod-4011,1490
1504,create,paib-gpu/openb-pod-1038,1491
1505,create,paib-gpu/openb-pod-4534,1492
1506,create,paib-gpu/openb-pod-3560,1493
1507,create,paib-gpu/openb-pod-1445,1494
1508,create,paib-gpu/openb-pod-6062,1495
1509,create,paib-gpu/openb-pod-5319,1496
1510,create,paib-gpu/openb-pod-4468,1497
1511,create,paib-gpu/openb-pod-0773,1498
1512,create,paib-gpu/openb-pod-1011,1499
1513,create,paib-gpu/openb-pod-1678,1500
1514,create,paib-gpu/openb-pod-2799,1501
1515,create,paib-gpu/openb-pod-5533,1502
1516,create,paib-gpu/openb-pod-0680,1503
1517,create,paib-gpu/openb-pod-5170,1504
1518,create,paib-gpu/openb-pod-6306,1505
1519,failed,paib-gpu/openb-pod-2524,1505
1520,create,paib-gpu/openb-pod-3415,1506
1521,create,paib-gpu/openb-pod-2176,1507
1522,create,paib-gpu/openb-pod-5578,1508
1523,create,paib-gpu/openb-pod-2542,1509
1524,create,paib-gpu/openb-pod-6918,1510
1525,create,paib-gpu/openb-pod-6018,1511
1526,create,paib-gpu/openb-pod-6283,1512
1527,create,paib-gpu/openb-pod-4681,1513
1528,create,paib-gpu/openb-pod-2537,1514
1529,create,paib-gpu/openb-pod-3790,1515
1530,create,paib-gpu/openb-pod-4787,1516
1531,create,paib-gpu/openb-pod-4249,1517
1532,create,paib-gpu/openb-pod-6309,1518
1533,create,paib-gpu/openb-pod-3139,1519
1534,create,paib-gpu/openb-pod-0144,1520
1535,create,paib-gpu/openb-pod-0855,1521
1536,create,paib-gpu/openb-pod-5073,1522
1537,create,paib-gpu/openb-pod-2040,1523
1538,create,paib-gpu/openb-pod-1662,1524
1539,create,paib-gpu/openb-pod-3754,1525
1540,create,paib-gpu/openb-pod-6978,1526
1541,create,paib-gpu/openb-pod-1071,1527
1542,create,paib-gpu/openb-pod-4591,1528
1543,create,paib-gpu/openb-pod-8102,1529
1544,create,paib-gpu/openb-pod-6675,1530
1545,create,paib-gpu/openb-pod-4777,1531
1546,create,paib-gpu/openb-pod-0147,1532
1547,create,paib-gpu/openb-pod-3238,1533
1548,create,paib-gpu/openb-pod-2442,1534
1549,create,paib-gpu/openb-pod-0079,1535
1550,create,paib-gpu/openb-pod-7290,1536
1551,create,paib-gpu/openb-pod-5465,1537
1552,create,paib-gpu/openb-pod-2459,1538
1553,create,paib-gpu/openb-pod-1244,1539
1554,create,paib-gpu/openb-pod-2982,1540
1555,create,paib-gpu/openb-pod-7061,1541
1556,create,paib-gpu/openb-pod-5808,1542
1557,create,paib-gpu/openb-pod-0535,1543
1558,create,paib-gpu/openb-pod-4813,1544
1559,create,paib-gpu/openb-pod-5310,1545
1560,create,paib-gpu/openb-pod-5867,1546
1561,create,paib-gpu/openb-pod-2587,1547
1562,create,paib-gpu/openb-pod-5461,1548
1563,create,paib-gpu/openb-pod-1613,1549
1564,create,paib-gpu/openb-pod-2231,1550
1565,create,paib-gpu/openb-pod-1982,1551
1566,create,paib-gpu/openb-pod-0839,1552
1567,create,paib-gpu/openb-pod-5892,1553
1568,create,paib-gpu/openb-pod-2996,1554
1569,create,paib-gpu/openb-pod-7051,1555
1570,create,paib-gpu/openb-pod-2712,1556
1571,create,paib-gpu/openb-pod-1055,1557
1572,create,paib-gpu/openb-pod-1562,1558
1573,create,paib-gpu/openb-pod-5226,1559
1574,create,paib-gpu/openb-pod-4806,1560
1575,create,paib-gpu/openb-pod-3646,1561
1576,create,paib-gpu/openb-pod-7097,1562
1577,create,paib-gpu/openb-pod-6812,1563
1578,create,paib-gpu/openb-pod-6611,1564
1579,create,paib-gpu/openb-pod-2165,1565
1580,create,paib-gpu/openb-pod-6352,1566
1581,create,paib-gpu/openb-pod-3435,1567
1582,create,paib-gpu/openb-pod-7995,1568
1583,create,paib-gpu/openb-pod-0000,1569
1584,create,paib-gpu/openb-pod-4040,1570
1585,create,paib-gpu/openb-pod-7408,1571
1586,create,paib-gpu/openb-pod-0983,1572
1587,create,paib-gpu/openb-pod-6960,1573
1588,create,paib-gpu/openb-pod-5425,1574
1589,create,paib-gpu/openb-pod-5843,1575
1590,create,paib-gpu/openb-pod-4243,1576
1591,create,paib-gpu/openb-pod-4864,1577
1592,create,paib-gpu/openb-pod-6639,1578
1593,create,paib-gpu/openb-pod-6697,1579
1594,create,paib-gpu/openb-pod-1462,1580
1595,create,paib-gpu/openb-pod-3235,1581
1596,create,paib-gpu/openb-pod-2568,1582
1597,create,paib-gpu/openb-pod-1910,1583
1598,create,paib-gpu/openb-pod-1102,1584
1599,create,paib-gpu/openb-pod-5155,1585
1600,create,paib-gpu/openb-pod-7854,1586
1601,create,paib-gpu/openb-pod-5181,1587
1602,create,paib-gpu/openb-pod-4593,1588
1603,create,paib-gpu/openb-pod-3693,1589
1604,create,paib-gpu/openb-pod-2270,1590
1605,create,paib-gpu/openb-pod-6924,1591
1606,create,paib-gpu/openb-pod-4377,1592
1607,create,paib-gpu/openb-pod-1449,1593
1608,create,paib-gpu/openb-pod-2990,1594
1609,create,paib-gpu/openb-pod-1780,1595
1610,create,paib-gpu/openb-pod-2754,1596
1611,create,paib-gpu/openb-pod-5644,1597
1612,create,paib-gpu/openb-pod-6032,1598
1613,create,paib-gpu/openb-pod-2979,1599
1614,create,paib-gpu/openb-pod-3642,1600
1615,create,paib-gpu/openb-pod-7279,1601
1616,create,paib-gpu/openb-pod-7750,1602
1617,create,paib-gpu/openb-pod-3133,1603
1618,create,paib-gpu/openb-pod-4510,1604
1619,create,paib-gpu/openb-pod-6730,1605
1620,create,paib-gpu/openb-pod-7769,1606
1621,create,paib-gpu/openb-pod-6834,1607
1622,create,paib-gpu/openb-pod-3352,1608
1623,create,paib-gpu/openb-pod-2135,1609
1624,create,paib-gpu/openb-pod-0764,1610
1625,create,paib-gpu/openb-pod-6614,1611
1626,create,paib-gpu/openb-pod-0593,1612
1627,create,paib-gpu/openb-pod-1045,1613
1628,create,paib-gpu/openb-pod-4141,1614
1629,create,paib-gpu/openb-pod-0688,1615
1630,create,paib-gpu/openb-pod-7677,1616
1631,create,paib-gpu/openb-pod-2572,1617
1632,create,paib-gpu/openb-pod-2085,1618
1633,create,paib-gpu/openb-pod-1578,1619
1634,create,paib-gpu/openb-pod-3153,1620
1635,create,paib-gpu/openb-pod-2385,1621
1636,create,paib-gpu/openb-pod-6434,1622
1637,create,paib-gpu/openb-pod-5339,1623
1638,create,paib-gpu/openb-pod-0661,1624
1639,create,paib-gpu/openb-pod-5488,1625
1640,create,paib-gpu/openb-pod-5569,1626
1641,create,paib-gpu/openb-pod-4237,1627
1642,create,paib-gpu/openb-pod-6282,1628
1643,create,paib-gpu/openb-pod-2971,1629
1644,create,paib-gpu/openb-pod-0071,1630
1645,create,paib-gpu/openb-pod-1868,1631
1646,create,paib-gpu/openb-pod-7182,1632
1647,create,paib-gpu/openb-pod-5917,1633
1648,create,paib-gpu/openb-pod-8072,1634
1649,create,paib-gpu/openb-pod-1930,1635
1650,create,paib-gpu/openb-pod-8015,1636
1651,create,paib-gpu/openb-pod-0356,1637
1652,create,paib-gpu/openb-pod-7295,1638
1653,create,paib-gpu/openb-pod-1521,1639
1654,create,paib-gpu/openb-pod-2613,1640
1655,create,paib-gpu/openb-pod-5997,1641
1656,create,paib-gpu/openb-pod-7126,1642
1657,create,paib-gpu/openb-pod-0526,1643
1658,create,paib-gpu/openb-pod-6365,1644
1659,create,paib-gpu/openb-pod-5050,1645
1660,create,paib-gpu/openb-pod-5227,1646
1661,create,paib-gpu/openb-pod-0892,1647
1662,create,paib-gpu/openb-pod-3409,1648
1663,create,paib-gpu/openb-pod-4676,1649
1664,create,paib-gpu/openb-pod-1689,1650
1665,create,paib-gpu/openb-pod-7721,1651
1666,create,paib-gpu/openb-pod-5038,1652
1667,failed,paib-gpu/openb-pod-6771,1652
1668,create,paib-gpu/openb-pod-1152,1653
1669,create,paib-gpu/openb-pod-3310,1654
1670,create,paib-gpu/openb-pod-5218,1655
1671,create,paib-gpu/openb-pod-0101,1656
1672,create,paib-gpu/openb-pod-3050,1657
1673,create,paib-gpu/openb-pod-1890,1658
1674,create,paib-gpu/openb-pod-6098,1659
1675,create,paib-gpu/openb-pod-7749,1660
1676,create,paib-gpu/openb-pod-8059,1661
1677,create,paib-gpu/openb-pod-5857,1662
1678,create,paib-gpu/openb-pod-6674,1663
1679,create,paib-gpu/openb-pod-4320,1664
1680,create,paib-gpu/openb-pod-6822,1665
1681,create,paib-gpu/openb-pod-7044,1666
1682,create,paib-gpu/openb-pod-0669,1667
1683,create,paib-gpu/openb-pod-7798,1668
1684,create,paib-gpu/openb-pod-7576,1669
1685,create,paib-gpu/openb-pod-6218,1670
1686,create,paib-gpu/openb-pod-0495,1671
1687,create,paib-gpu/openb-pod-2355,1672
1688,create,paib-gpu/openb-pod-2486,1673
1689,create,paib-gpu/openb-pod-5694,1674
1690,create,paib-gpu/openb-pod-3179,1675
1691,create,paib-gpu/openb-pod-1293,1676
1692,create,paib-gpu/openb-pod-7979,1677
1693,create,paib-gpu/openb-pod-6803,1678
1694,create,paib-gpu/openb-pod-4192,1679
1695,create,paib-gpu/openb-pod-7850,1680
1696,create,paib-gpu/openb-pod-2322,1681
1697,create,paib-gpu/openb-pod-3518,1682
1698,create,paib-gpu/openb-pod-2118,1683
1699,create,paib-gpu/openb-pod-2406,1684
1700,create,paib-gpu/openb-pod-3762,1685
1701,create,paib-gpu/openb-pod-2065,1686
1702,create,paib-gpu/openb-pod-5168,1687
1703,create,paib-gpu/openb-pod-6726,1688
1704,create,paib-gpu/openb-pod-7472,1689
1705,create,paib-gpu/openb-pod-3926,1690
1706,create,paib-gpu/openb-pod-1247,1691
1707,create,paib-gpu/openb-pod-5467,1692
1708,create,paib-gpu/openb-pod-6941,1693
1709,create,paib-gpu/openb-pod-7250,1694
1710,create,paib-gpu/openb-pod-3612,1695
1711,create,paib-gpu/openb-pod-3961,1696
1712,create,paib-gpu/openb-pod-4553,1697
1713,create,paib-gpu/openb-pod-7345,1698
1714,create,paib-gpu/openb-pod-0543,1699
1715,create,paib-gpu/openb-pod-3648,1700
1716,create,paib-gpu/openb-pod-6606,1701
1717,create,paib-gpu/openb-pod-4396,1702
1718,create,paib-gpu/openb-pod-0664,1703
1719,create,paib-gpu/openb-pod-5961,1704
1720,create,paib-gpu/openb-pod-0976,1705
1721,create,paib-gpu/openb-pod-1659,1706
1722,create,paib-gpu/openb-pod-2116,1707
1723,create,paib-gpu/openb-pod-6895,1708
1724,failed,paib-gpu/openb-pod-0967,1708
1725,create,paib-gpu/openb-pod-4725,1709
1726,create,paib-gpu/openb-pod-2868,1710
1727,create,paib-gpu/openb-pod-5336,1711
1728,create,paib-gpu/openb-pod-4113,1712
1729,create,paib-gpu/openb-pod-5091,1713
1730,create,paib-gpu/openb-pod-3971,1714
1731,create,paib-gpu/openb-pod-3647,1715
1732,create,paib-gpu/openb-pod-1347,1716
1733,create,paib-gpu/openb-pod-3962,1717
1734,create,paib-gpu/openb-pod-7267,1718
1735,create,paib-gpu/openb-pod-2175,1719
1736,create,paib-gpu/openb-pod-0827,1720
1737,failed,paib-gpu/openb-pod-1941,1720
1738,create,paib-gpu/openb-pod-1427,1721
1739,create,paib-gpu/openb-pod-2465,1722
1740,create,paib-gpu/openb-pod-3592,1723
1741,create,paib-gpu/openb-pod-1565,1724
1742,create,paib-gpu/openb-pod-7889,1725
1743,failed,paib-gpu/openb-pod-5656,1725
1744,create,paib-gpu/openb-pod-0248,1726
1745,create,paib-gpu/openb-pod-0682,1727
1746,create,paib-gpu/openb-pod-1852,1728
1747,create,paib-gpu/openb-pod-2710,1729
1748,create,paib-gpu/openb-pod-4828,1730
1749,create,paib-gpu/openb-pod-1813,1731
1750,create,paib-gpu/openb-pod-7440,1732
1751,create,paib-gpu/openb-pod-7302,1733
1752,create,paib-gpu/openb-pod-2217,1734
1753,create,paib-gpu/openb-pod-2055,1735
1754,create,paib-gpu/openb-pod-0306,1736
1755,create,paib-gpu/openb-pod-2931,1737
1756,create,paib-gpu/openb-pod-7137,1738
1757,create,paib-gpu/openb-pod-0689,1739
1758,create,paib-gpu/openb-pod-3013,1740
1759,create,paib-gpu/openb-pod-7805,1741
1760,create,paib-gpu/openb-pod-1249,1742
1761,failed,paib-gpu/openb-pod-4874,1742
1762,create,paib-gpu/openb-pod-7166,1743
1763,create,paib-gpu/openb-pod-2279,1744
1764,create,paib-gpu/openb-pod-3978,1745
1765,create,paib-gpu/openb-pod-2795,1746
1766,create,paib-gpu/openb-pod-2392,1747
1767,failed,paib-gpu/openb-pod-6869,1747
1768,create,paib-gpu/openb-pod-7233,1748
1769,create,paib-gpu/openb-pod-1196,1749
1770,create,paib-gpu/openb-pod-6301,1750
1771,create,paib-gpu/openb-pod-7588,1751
1772,create,paib-gpu/openb-pod-1329,1752
1773,create,paib-gpu/openb-pod-4294,1753
1774,create,paib-gpu/openb-pod-4235,1754
1775,create,paib-gpu/openb-pod-6815,1755
1776,create,paib-gpu/openb-pod-1680,1756
1777,create,paib-gpu/openb-pod-4252,1757
1778,create,paib-gpu/openb-pod-7340,1758
1779,create,paib-gpu/openb-pod-3553,1759
1780,create,paib-gpu/openb-pod-2342,1760
1781,create,paib-gpu/openb-pod-1301,1761
1782,create,paib-gpu/openb-pod-7652,1762
1783,create,paib-gpu/openb-pod-1627,1763
1784,create,paib-gpu/openb-pod-3753,1764
1785,create,paib-gpu/openb-pod-0381,1765
1786,create,paib-gpu/openb-pod-1340,1766
1787,create,paib-gpu/openb-pod-6010,1767
1788,create,paib-gpu/openb-pod-1889,1768
1789,create,paib-gpu/openb-pod-3455,1769
1790,create,paib-gpu/openb-pod-4655,1770
1791,create,paib-gpu/openb-pod-7723,1771
1792,create,paib-gpu/openb-pod-5478,1772
1793,create,paib-gpu/openb-pod-6925,1773
1794,create,paib-gpu/openb-pod-1925,1774
1795,create,paib-gpu/openb-pod-5014,1775
1796,create,paib-gpu/openb-pod-1847,1776
1797,create,paib-gpu/openb-pod-2028,1777
1798,create,paib-gpu/openb-pod-1682,1778
1799,create,paib-gpu/openb-pod-7150,1779
1800,create,paib-gpu/openb-pod-1202,1780
1801,create,paib-gpu/openb-pod-1900,1781
1802,create,paib-gpu/openb-pod-4458,1782
1803,create,paib-gpu/openb-pod-5207,1783
1804,create,paib-gpu/openb-pod-4967,1784
1805,create,paib-gpu/openb-pod-7350,1785
1806,failed,paib-gpu/openb-pod-7312,1785
1807,create,paib-gpu/openb-pod-7511,1786
1808,create,paib-gpu/openb-pod-0239,1787
1809,create,paib-gpu/openb-pod-1948,1788
1810,create,paib-gpu/openb-pod-6107,1789
1811,create,paib-gpu/openb-pod-1785,1790
1812,create,paib-gpu/openb-pod-6381,1791
1813,create,paib-gpu/openb-pod-1607,1792
1814,create,paib-gpu/openb-pod-2228,1793
1815,create,paib-gpu/openb-pod-7924,1794
1816,create,paib-gpu/openb-pod-4161,1795
1817,create,paib-gpu/openb-pod-7838,1796
1818,create,paib-gpu/openb-pod-1912,1797
1819,failed,paib-gpu/openb-pod-2445,1797
1820,create,paib-gpu/openb-pod-6701,1798
1821,create,paib-gpu/openb-pod-2105,1799
1822,create,paib-gpu/openb-pod-3816,1800
1823,create,paib-gpu/openb-pod-5740,1801
1824,create,paib-gpu/openb-pod-7443,1802
1825,create,paib-gpu/openb-pod-3700,1803
1826,create,paib-gpu/openb-pod-4850,1804
1827,create,paib-gpu/openb-pod-5889,1805
1828,create,paib-gpu/openb-pod-6744,1806
1829,create,paib-gpu/openb-pod-0017,1807
1830,create,paib-gpu/openb-pod-0971,1808
1831,create,paib-gpu/openb-pod-5991,1809
1832,create,paib-gpu/openb-pod-7338,1810
1833,create,paib-gpu/openb-pod-0193,1811
1834,create,paib-gpu/openb-pod-0440,1812
1835,create,paib-gpu/openb-pod-5964,1813
1836,create,paib-gpu/openb-pod-7253,1814
1837,create,paib-gpu/openb-pod-7567,1815
1838,create,paib-gpu/openb-pod-5653,1816
1839,create,paib-gpu/openb-pod-3093,1817
1840,create,paib-gpu/openb-pod-2004,1818
1841,create,paib-gpu/openb-pod-2185,1819
1842,create,paib-gpu/openb-pod-2162,1820
1843,create,paib-gpu/openb-pod-7120,1821
1844,create,paib-gpu/openb-pod-0474,1822
1845,create,paib-gpu/openb-pod-3741,1823
1846,create,paib-gpu/openb-pod-4841,1824
1847,create,paib-gpu/openb-pod-5084,1825
1848,create,paib-gpu/openb-pod-7430,1826
1849,create,paib-gpu/openb-pod-4477,1827
1850,create,paib-gpu/openb-pod-5112,1828
1851,create,paib-gpu/openb-pod-3705,1829
1852,create,paib-gpu/openb-pod-7801,1830
1853,create,paib-gpu/openb-pod-5859,1831
1854,failed,paib-gpu/openb-pod-3628,1831
1855,create,paib-gpu/openb-pod-4266,1832
1856,create,paib-gpu/openb-pod-3727,1833
1857,create,paib-gpu/openb-pod-7938,1834
1858,create,paib-gpu/openb-pod-0460,1835
1859,create,paib-gpu/openb-pod-6331,1836
1860,create,paib-gpu/openb-pod-5988,1837
1861,create,paib-gpu/openb-pod-2812,1838
1862,create,paib-gpu/openb-pod-5006,1839
1863,create,paib-gpu/openb-pod-1970,1840
1864,create,paib-gpu/openb-pod-3490,1841
1865,create,paib-gpu/openb-pod-3328,1842
1866,create,paib-gpu/openb-pod-5491,1843
1867,create,paib-gpu/openb-pod-2988,1844
1868,create,paib-gpu/openb-pod-0591,1845
1869,failed,paib-gpu/openb-pod-2139,1845
1870,create,paib-gpu/openb-pod-4051,1846
1871,create,paib-gpu/openb-pod-7639,1847
1872,create,paib-gpu/openb-pod-3214,1848
1873,create,paib-gpu/openb-pod-3157,1849
1874,create,paib-gpu/openb-pod-1316,1850
1875,create,paib-gpu/openb-pod-3491,1851
1876,create,paib-gpu/openb-pod-3537,1852
1877,create,paib-gpu/openb-pod-4278,1853
1878,create,paib-gpu/openb-pod-6120,1854
1879,create,paib-gpu/openb-pod-7046,1855
1880,failed,paib-gpu/openb-pod-1679,1855
1881,create,paib-gpu/openb-pod-2904,1856
1882,create,paib-gpu/openb-pod-8047,1857
1883,create,paib-gpu/openb-pod-5250,1858
1884,create,paib-gpu/openb-pod-6247,1859
1885,failed,paib-gpu/openb-pod-6753,1859
1886,create,paib-gpu/openb-pod-2413,1860
1887,create,paib-gpu/openb-pod-2952,1861
1888,create,paib-gpu/openb-pod-2074,1862
1889,create,paib-gpu/openb-pod-2756,1863
1890,create,paib-gpu/openb-pod-2405,1864
1891,create,paib-gpu/openb-pod-5811,1865
1892,failed,paib-gpu/openb-pod-0683,1865
1893,failed,paib-gpu/openb-pod-8013,1865
1894,create,paib-gpu/openb-pod-2364,1866
1895,create,paib-gpu/openb-pod-5586,1867
1896,create,paib-gpu/openb-pod-2146,1868
1897,create,paib-gpu/openb-pod-5131,1869
1898,create,paib-gpu/openb-pod-2678,1870
1899,create,paib-gpu/openb-pod-1410,1871
1900,create,paib-gpu/openb-pod-1612,1872
1901,create,paib-gpu/openb-pod-0092,1873
1902,create,paib-gpu/openb-pod-4736,1874
1903,create,paib-gpu/openb-pod-6901,1875
1904,create,paib-gpu/openb-pod-7010,1876
1905,failed,paib-gpu/openb-pod-1133,1876
1906,create,paib-gpu/openb-pod-4226,1877
1907,create,paib-gpu/openb-pod-5329,1878
1908,create,paib-gpu/openb-pod-8132,1879
1909,create,paib-gpu/openb-pod-6437,1880
1910,create,paib-gpu/openb-pod-3473,1881
1911,create,paib-gpu/openb-pod-5921,1882
1912,create,paib-gpu/openb-pod-0957,1883
1913,create,paib-gpu/openb-pod-7833,1884
1914,create,paib-gpu/openb-pod-7498,1885
1915,create,paib-gpu/openb-pod-0036,1886
1916,create,paib-gpu/openb-pod-1561,1887
1917,create,paib-gpu/openb-pod-5823,1888
1918,create,paib-gpu/openb-pod-1499,1889
1919,create,paib-gpu/openb-pod-6757,1890
1920,create,paib-gpu/openb-pod-1567,1891
1921,create,paib-gpu/openb-pod-3516,1892
1922,create,paib-gpu/openb-pod-1861,1893
1923,create,paib-gpu/openb-pod-2968,1894
1924,create,paib-gpu/openb-pod-7388,1895
1925,create,paib-gpu/openb-pod-0032,1896
1926,create,paib-gpu/openb-pod-6767,1897
1927,create,paib-gpu/openb-pod-0435,1898
1928,create,paib-gpu/openb-pod-0127,1899
1929,create,paib-gpu/openb-pod-6364,1900
1930,create,paib-gpu/openb-pod-0385,1901
1931,create,paib-gpu/openb-pod-6342,1902
1932,create,paib-gpu/openb-pod-2553,1903
1933,create,paib-gpu/openb-pod-1480,1904
1934,create,paib-gpu/openb-pod-5969,1905
1935,create,paib-gpu/openb-pod-7568,1906
1936,create,paib-gpu/openb-pod-3979,1907
1937,create,paib-gpu/openb-pod-3489,1908
1938,create,paib-gpu/openb-pod-7364,1909
1939,create,paib-gpu/openb-pod-2880,1910
1940,create,paib-gpu/openb-pod-4212,1911
1941,create,paib-gpu/openb-pod-6047,1912
1942,create,paib-gpu/openb-pod-2916,1913
1943,create,paib-gpu/openb-pod-2708,1914
1944,create,paib-gpu/openb-pod-6067,1915
1945,create,paib-gpu/openb-pod-2194,1916
1946,create,paib-gpu/openb-pod-7459,1917
1947,create,paib-gpu/openb-pod-5880,1918
1948,create,paib-gpu/openb-pod-7517,1919
1949,create,paib-gpu/openb-pod-2071,1920
1950,create,paib-gpu/openb-pod-7005,1921
1951,create,paib-gpu/openb-pod-5696,1922
1952,create,paib-gpu/openb-pod-4821,1923
1953,create,paib-gpu/openb-pod-4893,1924
1954,create,paib-gpu/openb-pod-3373,1925
1955,create,paib-gpu/openb-pod-2595,1926
1956,create,paib-gpu/openb-pod-0928,1927
1957,create,paib-gpu/openb-pod-5426,1928
1958,create,paib-gpu/openb-pod-1800,1929
1959,create,paib-gpu/openb-pod-7587,1930
1960,failed,paib-gpu/openb-pod-0707,1930
1961,create,paib-gpu/openb-pod-5927,1931
1962,create,paib-gpu/openb-pod-6355,1932
1963,create,paib-gpu/openb-pod-2772,1933
1964,create,paib-gpu/openb-pod-7168,1934
1965,create,paib-gpu/openb-pod-7079,1935
1966,create,paib-gpu/openb-pod-7414,1936
1967,create,paib-gpu/openb-pod-2551,1937
1968,create,paib-gpu/openb-pod-0269,1938
1969,create,paib-gpu/openb-pod-4169,1939
1970,create,paib-gpu/openb-pod-5562,1940
1971,create,paib-gpu/openb-pod-7418,1941
1972,create,paib-gpu/openb-pod-1473,1942
1973,create,paib-gpu/openb-pod-7320,1943
1974,create,paib-gpu/openb-pod-0837,1944
1975,create,paib-gpu/openb-pod-2242,1945
1976,create,paib-gpu/openb-pod-6888,1946
1977,create,paib-gpu/openb-pod-2664,1947
1978,create,paib-gpu/openb-pod-0916,1948
1979,create,paib-gpu/openb-pod-1974,1949
1980,create,paib-gpu/openb-pod-0387,1950
1981,create,paib-gpu/openb-pod-4205,1951
1982,create,paib-gpu/openb-pod-4018,1952
1983,create,paib-gpu/openb-pod-6638,1953
1984,create,paib-gpu/openb-pod-4421,1954
1985,create,paib-gpu/openb-pod-1262,1955
1986,failed,paib-gpu/openb-pod-0690,1955
1987,create,paib-gpu/openb-pod-3301,1956
1988,create,paib-gpu/openb-pod-4156,1957
1989,create,paib-gpu/openb-pod-4259,1958
1990,create,paib-gpu/openb-pod-1674,1959
1991,create,paib-gpu/openb-pod-0031,1960
1992,create,paib-gpu/openb-pod-3873,1961
1993,create,paib-gpu/openb-pod-2508,1962
1994,create,paib-gpu/openb-pod-5081,1963
1995,create,paib-gpu/openb-pod-1834,1964
1996,create,paib-gpu/openb-pod-0121,1965
1997,create,paib-gpu/openb-pod-4692,1966
1998,create,paib-gpu/openb-pod-2701,1967
1999,create,paib-gpu/openb-pod-4491,1968
2000,create,paib-gpu/openb-pod-0349,1969
2001,create,paib-gpu/openb-pod-2490,1970
2002,create,paib-gpu/openb-pod-6123,1971
2003,failed,paib-gpu/openb-pod-0380,1971
2004,create,paib-gpu/openb-pod-5231,1972
2005,create,paib-gpu/openb-pod-0358,1973
2006,create,paib-gpu/openb-pod-2729,1974
2007,failed,paib-gpu/openb-pod-0215,1974
2008,create,paib-gpu/openb-pod-7595,1975
2009,create,paib-gpu/openb-pod-0920,1976
2010,create,paib-gpu/openb-pod-5914,1977
2011,create,paib-gpu/openb-pod-0608,1978
2012,create,paib-gpu/openb-pod-3160,1979
2013,create,paib-gpu/openb-pod-6100,1980
2014,create,paib-gpu/openb-pod-4572,1981
2015,create,paib-gpu/openb-pod-0463,1982
2016,create,paib-gpu/openb-pod-6044,1983
2017,create,paib-gpu/openb-pod-2410,1984
2018,create,paib-gpu/openb-pod-2923,1985
2019,create,paib-gpu/openb-pod-7501,1986
2020,create,paib-gpu/openb-pod-1307,1987
2021,create,paib-gpu/openb-pod-2529,1988
2022,create,paib-gpu/openb-pod-6064,1989
2023,create,paib-gpu/openb-pod-6887,1990
2024,create,paib-gpu/openb-pod-1111,1991
2025,create,paib-gpu/openb-pod-4311,1992
2026,create,paib-gpu/openb-pod-5982,1993
2027,create,paib-gpu/openb-pod-7041,1994
2028,create,paib-gpu/openb-pod-2882,1995
2029,create,paib-gpu/openb-pod-6729,1996
2030,create,paib-gpu/openb-pod-3398,1997
2031,failed,paib-gpu/openb-pod-7533,1997
2032,create,paib-gpu/openb-pod-1388,1998
2033,create,paib-gpu/openb-pod-7014,1999
2034,create,paib-gpu/openb-pod-5003,2000
2035,create,paib-gpu/openb-pod-2770,2001
2036,create,paib-gpu/openb-pod-7934,2002
2037,create,paib-gpu/openb-pod-2172,2003
2038,create,paib-gpu/openb-pod-2096,2004
2039,create,paib-gpu/openb-pod-5765,2005
2040,create,paib-gpu/openb-pod-5677,2006
2041,create,paib-gpu/openb-pod-0948,2007
2042,create,paib-gpu/openb-pod-7249,2008
2043,create,paib-gpu/openb-pod-0426,2009
2044,create,paib-gpu/openb-pod-4592,2010
2045,create,paib-gpu/openb-pod-3221,2011
2046,create,paib-gpu/openb-pod-0120,2012
2047,create,paib-gpu/openb-pod-6539,2013
2048,create,paib-gpu/openb-pod-0072,2014
2049,create,paib-gpu/openb-pod-4910,2015
2050,create,paib-gpu/openb-pod-5898,2016
2051,create,paib-gpu/openb-pod-2187,2017
2052,create,paib-gpu/openb-pod-7789,2018
2053,create,paib-gpu/openb-pod-7479,2019
2054,create,paib-gpu/openb-pod-5907,2020
2055,create,paib-gpu/openb-pod-5167,2021
2056,create,paib-gpu/openb-pod-5124,2022
2057,create,paib-gpu/openb-pod-0327,2023
2058,create,paib-gpu/openb-pod-6891,2024
2059,create,paib-gpu/openb-pod-4575,2025
2060,create,paib-gpu/openb-pod-3924,2026
2061,create,paib-gpu/openb-pod-2994,2027
2062,create,paib-gpu/openb-pod-8033,2028
2063,create,paib-gpu/openb-pod-3458,2029
2064,create,paib-gpu/openb-pod-5593,2030
2065,create,paib-gpu/openb-pod-0994,2031
2066,create,paib-gpu/openb-pod-8145,2032
2067,create,paib-gpu/openb-pod-1457,2033
2068,create,paib-gpu/openb-pod-5390,2034
2069,create,paib-gpu/openb-pod-7591,2035
2070,create,paib-gpu/openb-pod-0826,2036
2071,create,paib-gpu/openb-pod-3011,2037
2072,create,paib-gpu/openb-pod-5801,2038
2073,create,paib-gpu/openb-pod-7943,2039
2074,create,paib-gpu/openb-pod-0738,2040
2075,create,paib-gpu/openb-pod-1655,2041
2076,create,paib-gpu/openb-pod-0195,2042
2077,create,paib-gpu/openb-pod-3369,2043
2078,create,paib-gpu/openb-pod-7185,2044
2079,create,paib-gpu/openb-pod-7265,2045
2080,create,paib-gpu/openb-pod-3311,2046
2081,create,paib-gpu/openb-pod-2854,2047
2082,create,paib-gpu/openb-pod-1010,2048
2083,create,paib-gpu/openb-pod-1540,2049
2084,create,paib-gpu/openb-pod-0685,2050
2085,create,paib-gpu/openb-pod-6989,2051
2086,create,paib-gpu/openb-pod-4793,2052
2087,create,paib-gpu/openb-pod-4404,2053
2088,create,paib-gpu/openb-pod-4426,2054
2089,create,paib-gpu/openb-pod-7877,2055
2090,create,paib-gpu/openb-pod-0610,2056
2091,create,paib-gpu/openb-pod-7819,2057
2092,create,paib-gpu/openb-pod-2348,2058
2093,create,paib-gpu/openb-pod-7243,2059
2094,create,paib-gpu/openb-pod-7136,2060
2095,create,paib-gpu/openb-pod-5383,2061
2096,create,paib-gpu/openb-pod-4288,2062
2097,create,paib-gpu/openb-pod-2817,2063
2098,create,paib-gpu/openb-pod-3832,2064
2099,create,paib-gpu/openb-pod-5265,2065
2100,create,paib-gpu/openb-pod-7972,2066
2101,create,paib-gpu/openb-pod-8041,2067
2102,create,paib-gpu/openb-pod-5756,2068
2103,create,paib-gpu/openb-pod-4819,2069
2104,create,paib-gpu/openb-pod-3266,2070
2105,create,paib-gpu/openb-pod-5798,2071
2106,create,paib-gpu/openb-pod-3436,2072
2107,create,paib-gpu/openb-pod-3487,2073
2108,create,paib-gpu/openb-pod-5458,2074
2109,create,paib-gpu/openb-pod-4764,2075
2110,create,paib-gpu/openb-pod-6272,2076
2111,create,paib-gpu/openb-pod-2443,2077
2112,create,paib-gpu/openb-pod-0290,2078
2113,create,paib-gpu/openb-pod-3469,2079
2114,create,paib-gpu/openb-pod-3123,2080
2115,create,paib-gpu/openb-pod-6433,2081
2116,create,paib-gpu/openb-pod-2429,2082
2117,create,paib-gpu/openb-pod-2906,2083
2118,failed,paib-gpu/openb-pod-1238,2083
2119,create,paib-gpu/openb-pod-2293,2084
2120,create,paib-gpu/openb-pod-6178,2085
2121,create,paib-gpu/openb-pod-6308,2086
2122,create,paib-gpu/openb-pod-6461,2087
2123,create,paib-gpu/openb-pod-1367,2088
2124,create,paib-gpu/openb-pod-1765,2089
2125,create,paib-gpu/openb-pod-3657,2090
2126,create,paib-gpu/openb-pod-0783,2091
2127,create,paib-gpu/openb-pod-4044,2092
2128,create,paib-gpu/openb-pod-3717,2093
2129,create,paib-gpu/openb-pod-4855,2094
2130,failed,paib-gpu/openb-pod-2891,2094
2131,create,paib-gpu/openb-pod-1587,2095
2132,create,paib-gpu/openb-pod-5237,2096
2133,failed,paib-gpu/openb-pod-5282,2096
2134,create,paib-gpu/openb-pod-7343,2097
2135,create,paib-gpu/openb-pod-5985,2098
2136,create,paib-gpu/openb-pod-6521,2099
2137,create,paib-gpu/openb-pod-8038,2100
2138,create,paib-gpu/openb-pod-3928,2101
2139,create,paib-gpu/openb-pod-4216,2102
2140,create,paib-gpu/openb-pod-4356,2103
2141,create,paib-gpu/openb-pod-6351,2104
2142,create,paib-gpu/openb-pod-2306,2105
2143,create,paib-gpu/openb-pod-7447,2106
2144,create,paib-gpu/openb-pod-5624,2107
2145,create,paib-gpu/openb-pod-5652,2108
2146,create,paib-gpu/openb-pod-6175,2109
2147,create,paib-gpu/openb-pod-6937,2110
2148,create,paib-gpu/openb-pod-1397,2111
2149,create,paib-gpu/openb-pod-0940,2112
2150,create,paib-gpu/openb-pod-2918,2113
2151,create,paib-gpu/openb-pod-7147,2114
2152,create,paib-gpu/openb-pod-4146,2115
2153,create,paib-gpu/openb-pod-1403,2116
2154,create,paib-gpu/openb-pod-4594,2117
2155,create,paib-gpu/openb-pod-3441,2118
2156,create,paib-gpu/openb-pod-4977,2119
2157,create,paib-gpu/openb-pod-0644,2120
2158,create,paib-gpu/openb-pod-6297,2121
2159,create,paib-gpu/openb-pod-4857,2122
2160,create,paib-gpu/openb-pod-2432,2123
2161,create,paib-gpu/openb-pod-4608,2124
2162,create,paib-gpu/openb-pod-1123,2125
2163,create,paib-gpu/openb-pod-3197,2126
2164,create,paib-gpu/openb-pod-1760,2127
2165,create,paib-gpu/openb-pod-0662,2128
2166,create,paib-gpu/openb-pod-3071,2129
2167,create,paib-gpu/openb-pod-0343,2130
2168,create,paib-gpu/openb-pod-5860,2131
2169,create,paib-gpu/openb-pod-1891,2132
2170,create,paib-gpu/openb-pod-6885,2133
2171,create,paib-gpu/openb-pod-6940,2134
2172,create,paib-gpu/openb-pod-3976,2135
2173,create,paib-gpu/openb-pod-2888,2136
2174,create,paib-gpu/openb-pod-4657,2137
2175,create,paib-gpu/openb-pod-4324,2138
2176,create,paib-gpu/openb-pod-4816,2139
2177,create,paib-gpu/openb-pod-2191,2140
2178,create,paib-gpu/openb-pod-6204,2141
2179,create,paib-gpu/openb-pod-5100,2142
2180,create,paib-gpu/openb-pod-3201,2143
2181,create,paib-gpu/openb-pod-4521,2144
2182,create,paib-gpu/openb-pod-2436,2145
2183,create,paib-gpu/openb-pod-7604,2146
2184,create,paib-gpu/openb-pod-1902,2147
2185,create,paib-gpu/openb-pod-1351,2148
2186,create,paib-gpu/openb-pod-3493,2149
2187,create,paib-gpu/openb-pod-4342,2150
2188,create,paib-gpu/openb-pod-2325,2151
2189,create,paib-gpu/openb-pod-5962,2152
2190,create,paib-gpu/openb-pod-7413,2153
2191,create,paib-gpu/openb-pod-5679,2154
2192,create,paib-gpu/openb-pod-7470,2155
2193,create,paib-gpu/openb-pod-7209,2156
2194,create,paib-gpu/openb-pod-0012,2157
2195,create,paib-gpu/openb-pod-4937,2158
2196,create,paib-gpu/openb-pod-1447,2159
2197,create,paib-gpu/openb-pod-0078,2160
2198,create,paib-gpu/openb-pod-3113,2161
2199,create,paib-gpu/openb-pod-2180,2162
2200,create,paib-gpu/openb-pod-7949,2163
2201,create,paib-gpu/openb-pod-2561,2164
2202,create,paib-gpu/openb-pod-0197,2165
2203,create,paib-gpu/openb-pod-5645,2166
2204,create,paib-gpu/openb-pod-4429,2167
2205,create,paib-gpu/openb-pod-7558,2168
2206,create,paib-gpu/openb-pod-0173,2169
2207,create,paib-gpu/openb-pod-4101,2170
2208,create,paib-gpu/openb-pod-0743,2171
2209,create,paib-gpu/openb-pod-5219,2172
2210,create,paib-gpu/openb-pod-6777,2173
2211,create,paib-gpu/openb-pod-4180,2174
2212,create,paib-gpu/openb-pod-3007,2175
2213,failed,paib-gpu/openb-pod-4232,2175
2214,create,paib-gpu/openb-pod-0018,2176
2215,create,paib-gpu/openb-pod-6387,2177
2216,create,paib-gpu/openb-pod-3897,2178
2217,create,paib-gpu/openb-pod-2262,2179
2218,create,paib-gpu/openb-pod-5553,2180
2219,create,paib-gpu/openb-pod-4732,2181
2220,create,paib-gpu/openb-pod-3232,2182
2221,create,paib-gpu/openb-pod-6427,2183
2222,create,paib-gpu/openb-pod-6233,2184
2223,create,paib-gpu/openb-pod-4610,2185
2224,create,paib-gpu/openb-pod-2627,2186
2225,create,paib-gpu/openb-pod-4565,2187
2226,create,paib-gpu/openb-pod-6721,2188
2227,create,paib-gpu/openb-pod-5684,2189
2228,create,paib-gpu/openb-pod-3086,2190
2229,create,paib-gpu/openb-pod-4983,2191
2230,create,paib-gpu/openb-pod-4274,2192
2231,create,paib-gpu/openb-pod-5196,2193
2232,create,paib-gpu/openb-pod-1181,2194
2233,create,paib-gpu/openb-pod-3716,2195
2234,create,paib-gpu/openb-pod-1773,2196
2235,create,paib-gpu/openb-pod-2640,2197
2236,create,paib-gpu/openb-pod-6961,2198
2237,create,paib-gpu/openb-pod-5879,2199
2238,create,paib-gpu/openb-pod-2796,2200
2239,create,paib-gpu/openb-pod-1713,2201
2240,create,paib-gpu/openb-pod-2289,2202
2241,create,paib-gpu/openb-pod-7021,2203
2242,create,paib-gpu/openb-pod-5477,2204
2243,create,paib-gpu/openb-pod-8139,2205
2244,create,paib-gpu/openb-pod-3261,2206
2245,create,paib-gpu/openb-pod-5993,2207
2246,create,paib-gpu/openb-pod-4882,2208
2247,create,paib-gpu/openb-pod-0396,2209
2248,create,paib-gpu/openb-pod-6205,2210
2249,create,paib-gpu/openb-pod-1117,2211
2250,create,paib-gpu/openb-pod-1770,2212
2251,create,paib-gpu/openb-pod-6140,2213
2252,create,paib-gpu/openb-pod-3374,2214
2253,create,paib-gpu/openb-pod-0476,2215
2254,create,paib-gpu/openb-pod-1994,2216
2255,create,paib-gpu/openb-pod-4092,2217
2256,create,paib-gpu/openb-pod-2284,2218
2257,create,paib-gpu/openb-pod-7939,2219
2258,failed,paib-gpu/openb-pod-6508,2219
2259,create,paib-gpu/openb-pod-2434,2220
2260,create,paib-gpu/openb-pod-1525,2221
2261,create,paib-gpu/openb-pod-6446,2222
2262,create,paib-gpu/openb-pod-0884,2223
2263,create,paib-gpu/openb-pod-4837,2224
2264,create,paib-gpu/openb-pod-5701,2225
2265,create,paib-gpu/openb-pod-6043,2226
2266,create,paib-gpu/openb-pod-3413,2227
2267,create,paib-gpu/openb-pod-1753,2228
2268,create,paib-gpu/openb-pod-6561,2229
2269,create,paib-gpu/openb-pod-5745,2230
2270,create,paib-gpu/openb-pod-4798,2231
2271,create,paib-gpu/openb-pod-7638,2232
2272,create,paib-gpu/openb-pod-0244,2233
2273,create,paib-gpu/openb-pod-0631,2234
2274,create,paib-gpu/openb-pod-2099,2235
2275,create,paib-gpu/openb-pod-1976,2236
2276,create,paib-gpu/openb-pod-6038,2237
2277,create,paib-gpu/openb-pod-0411,2238
2278,create,paib-gpu/openb-pod-8064,2239
2279,create,paib-gpu/openb-pod-6357,2240
2280,create,paib-gpu/openb-pod-5248,2241
2281,create,paib-gpu/openb-pod-1758,2242
2282,create,paib-gpu/openb-pod-3776,2243
2283,failed,paib-gpu/openb-pod-3290,2243
2284,create,paib-gpu/openb-pod-5108,2244
2285,create,paib-gpu/openb-pod-3679,2245
2286,create,paib-gpu/openb-pod-3383,2246
2287,create,paib-gpu/openb-pod-6811,2247
2288,create,paib-gpu/openb-pod-6718,2248
2289,create,paib-gpu/openb-pod-7052,2249
2290,create,paib-gpu/openb-pod-1798,2250
2291,create,paib-gpu/openb-pod-0053,2251
2292,create,paib-gpu/openb-pod-3378,2252
2293,create,paib-gpu/openb-pod-2750,2253
2294,create,paib-gpu/openb-pod-0186,2254
2295,create,paib-gpu/openb-pod-1747,2255
2296,create,paib-gpu/openb-pod-4716,2256
2297,create,paib-gpu/openb-pod-3904,2257
2298,create,paib-gpu/openb-pod-1697,2258
2299,create,paib-gpu/openb-pod-5580,2259
2300,create,paib-gpu/openb-pod-2353,2260
2301,create,paib-gpu/openb-pod-0740,2261
2302,create,paib-gpu/openb-pod-0724,2262
2303,create,paib-gpu/openb-pod-2598,2263
2304,create,paib-gpu/openb-pod-4031,2264
2305,create,paib-gpu/openb-pod-1953,2265
2306,create,paib-gpu/openb-pod-6704,2266
2307,create,paib-gpu/openb-pod-5019,2267
2308,create,paib-gpu/openb-pod-6715,2268
2309,create,paib-gpu/openb-pod-6106,2269
2310,create,paib-gpu/openb-pod-2087,2270
2311,create,paib-gpu/openb-pod-5256,2271
2312,create,paib-gpu/openb-pod-3843,2272
2313,create,paib-gpu/openb-pod-3968,2273
2314,create,paib-gpu/openb-pod-6801,2274
2315,create,paib-gpu/openb-pod-7466,2275
2316,create,paib-gpu/openb-pod-6709,2276
2317,create,paib-gpu/openb-pod-6471,2277
2318,create,paib-gpu/openb-pod-5779,2278
2319,create,paib-gpu/openb-pod-5197,2279
2320,create,paib-gpu/openb-pod-3982,2280
2321,create,paib-gpu/openb-pod-4885,2281
2322,create,paib-gpu/openb-pod-1832,2282
2323,create,paib-gpu/openb-pod-3611,2283
2324,create,paib-gpu/openb-pod-6220,2284
2325,create,paib-gpu/openb-pod-3555,2285
2326,failed,paib-gpu/openb-pod-3650,2285
2327,create,paib-gpu/openb-pod-3190,2286
2328,create,paib-gpu/openb-pod-0953,2287
2329,create,paib-gpu/openb-pod-1489,2288
2330,create,paib-gpu/openb-pod-2283,2289
2331,create,paib-gpu/openb-pod-0258,2290
2332,create,paib-gpu/openb-pod-0536,2291
2333,create,paib-gpu/openb-pod-3506,2292
2334,create,paib-gpu/openb-pod-4717,2293
2335,create,paib-gpu/openb-pod-7851,2294
2336,create,paib-gpu/openb-pod-6199,2295
2337,create,paib-gpu/openb-pod-2063,2296
2338,create,paib-gpu/openb-pod-2232,2297
2339,failed,paib-gpu/openb-pod-6986,2297
2340,create,paib-gpu/openb-pod-4754,2298
2341,create,paib-gpu/openb-pod-2093,2299
2342,create,paib-gpu/openb-pod-6840,2300
2343,create,paib-gpu/openb-pod-0043,2301
2344,create,paib-gpu/openb-pod-0090,2302
2345,create,paib-gpu/openb-pod-1215,2303
2346,create,paib-gpu/openb-pod-4487,2304
2347,create,paib-gpu/openb-pod-2155,2305
2348,create,paib-gpu/openb-pod-2838,2306
2349,create,paib-gpu/openb-pod-1437,2307
2350,create,paib-gpu/openb-pod-0800,2308
2351,failed,paib-gpu/openb-pod-7149,2308
2352,create,paib-gpu/openb-pod-6114,2309
2353,failed,paib-gpu/openb-pod-6051,2309
2354,create,paib-gpu/openb-pod-7015,2310
2355,create,paib-gpu/openb-pod-5802,2311
2356,create,paib-gpu/openb-pod-7841,2312
2357,create,paib-gpu/openb-pod-1186,2313
2358,create,paib-gpu/openb-pod-5466,2314
2359,create,paib-gpu/openb-pod-1924,2315
2360,create,paib-gpu/openb-pod-5930,2316
2361,create,paib-gpu/openb-pod-1654,2317
2362,create,paib-gpu/openb-pod-7729,2318
2363,create,paib-gpu/openb-pod-4405,2319
2364,create,paib-gpu/openb-pod-5978,2320
2365,create,paib-gpu/openb-pod-0268,2321
2366,create,paib-gpu/openb-pod-3249,2322
2367,create,paib-gpu/openb-pod-1528,2323
2368,create,paib-gpu/openb-pod-2020,2324
2369,create,paib-gpu/openb-pod-6280,2325
2370,failed,paib-gpu/openb-pod-6001,2325
2371,create,paib-gpu/openb-pod-1421,2326
2372,create,paib-gpu/openb-pod-1064,2327
2373,create,paib-gpu/openb-pod-1512,2328
2374,create,paib-gpu/openb-pod-0650,2329
2375,create,paib-gpu/openb-pod-2518,2330
2376,create,paib-gpu/openb-pod-4445,2331
2377,create,paib-gpu/openb-pod-6670,2332
2378,create,paib-gpu/openb-pod-5294,2333
2379,create,paib-gpu/openb-pod-7089,2334
2380,create,paib-gpu/openb-pod-2199,2335
2381,create,paib-gpu/openb-pod-2052,2336
2382,create,paib-gpu/openb-pod-1243,2337
2383,create,paib-gpu/openb-pod-7011,2338
2384,create,paib-gpu/openb-pod-7428,2339
2385,create,paib-gpu/openb-pod-2253,2340
2386,create,paib-gpu/openb-pod-1191,2341
2387,create,paib-gpu/openb-pod-2599,2342
2388,failed,paib-gpu/openb-pod-1359,2342
2389,create,paib-gpu/openb-pod-0342,2343
2390,create,paib-gpu/openb-pod-2265,2344
2391,create,paib-gpu/openb-pod-5279,2345
2392,create,paib-gpu/openb-pod-7361,2346
2393,create,paib-gpu/openb-pod-5713,2347
2394,create,paib-gpu/openb-pod-3737,2348
2395,create,paib-gpu/openb-pod-5723,2349
2396,create,paib-gpu/openb-pod-2675,2350
2397,create,paib-gpu/openb-pod-8116,2351
2398,create,paib-gpu/openb-pod-0558,2352
2399,create,paib-gpu/openb-pod-0860,2353
2400,create,paib-gpu/openb-pod-3377,2354
2401,create,paib-gpu/openb-pod-0752,2355
2402,create,paib-gpu/openb-pod-7911,2356
2403,create,paib-gpu/openb-pod-0996,2357
2404,create,paib-gpu/openb-pod-5773,2358
2405,create,paib-gpu/openb-pod-5109,2359
2406,create,paib-gpu/openb-pod-6808,2360
2407,create,paib-gpu/openb-pod-2386,2361
2408,create,paib-gpu/openb-pod-5599,2362
2409,create,paib-gpu/openb-pod-5229,2363
2410,create,paib-gpu/openb-pod-4993,2364
2411,create,paib-gpu/openb-pod-1281,2365
2412,create,paib-gpu/openb-pod-2209,2366
2413,create,paib-gpu/openb-pod-4306,2367
2414,create,paib-gpu/openb-pod-4322,2368
2415,create,paib-gpu/openb-pod-0687,2369
2416,create,paib-gpu/openb-pod-3797,2370
2417,create,paib-gpu/openb-pod-4215,2371
2418,create,paib-gpu/openb-pod-4385,2372
2419,create,paib-gpu/openb-pod-7590,2373
2420,create,paib-gpu/openb-pod-1787,2374
2421,create,paib-gpu/openb-pod-1041,2375
2422,create,paib-gpu/openb-pod-1029,2376
2423,create,paib-gpu/openb-pod-1188,2377
2424,create,paib-gpu/openb-pod-2728,2378
2425,create,paib-gpu/openb-pod-5813,2379
2426,create,paib-gpu/openb-pod-2881,2380
2427,create,paib-gpu/openb-pod-2457,2381
2428,create,paib-gpu/openb-pod-2079,2382
2429,create,paib-gpu/openb-pod-5180,2383
2430,create,paib-gpu/openb-pod-0549,2384
2431,create,paib-gpu/openb-pod-5806,2385
2432,create,paib-gpu/openb-pod-7431,2386
2433,create,paib-gpu/openb-pod-6015,2387
2434,create,paib-gpu/openb-pod-0554,2388
2435,create,paib-gpu/openb-pod-4778,2389
2436,create,paib-gpu/openb-pod-0947,2390
2437,create,paib-gpu/openb-pod-4293,2391
2438,create,paib-gpu/openb-pod-4041,2392
2439,create,paib-gpu/openb-pod-1389,2393
2440,create,paib-gpu/openb-pod-7620,2394
2441,create,paib-gpu/openb-pod-0395,2395
2442,create,paib-gpu/openb-pod-3387,2396
2443,create,paib-gpu/openb-pod-6764,2397
2444,create,paib-gpu/openb-pod-3760,2398
2445,create,paib-gpu/openb-pod-6203,2399
2446,create,paib-gpu/openb-pod-3283,2400
2447,create,paib-gpu/openb-pod-1693,2401
2448,create,paib-gpu/openb-pod-4888,2402
2449,create,paib-gpu/openb-pod-4623,2403
2450,create,paib-gpu/openb-pod-1043,2404
2451,failed,paib-gpu/openb-pod-7301,2404
2452,create,paib-gpu/openb-pod-3295,2405
2453,create,paib-gpu/openb-pod-1138,2406
2454,create,paib-gpu/openb-pod-2890,2407
2455,create,paib-gpu/openb-pod-2642,2408
2456,create,paib-gpu/openb-pod-0956,2409
2457,create,paib-gpu/openb-pod-2026,2410
2458,create,paib-gpu/openb-pod-2939,2411
2459,create,paib-gpu/openb-pod-8149,2412
2460,create,paib-gpu/openb-pod-2471,2413
2461,create,paib-gpu/openb-pod-0373,2414
2462,create,paib-gpu/openb-pod-8057,2415
2463,create,paib-gpu/openb-pod-6862,2416
2464,create,paib-gpu/openb-pod-7527,2417
2465,create,paib-gpu/openb-pod-3834,2418
2466,create,paib-gpu/openb-pod-5660,2419
2467,create,paib-gpu/openb-pod-4726,2420
2468,create,paib-gpu/openb-pod-0627,2421
2469,create,paib-gpu/openb-pod-6652,2422
2470,create,paib-gpu/openb-pod-3952,2423
2471,failed,paib-gpu/openb-pod-7315,2423
2472,create,paib-gpu/openb-pod-1863,2424
2473,create,paib-gpu/openb-pod-7770,2425
2474,create,paib-gpu/openb-pod-2879,2426
2475,create,paib-gpu/openb-pod-5935,2427
2476,create,paib-gpu/openb-pod-0181,2428
2477,create,paib-gpu/openb-pod-4408,2429
2478,create,paib-gpu/openb-pod-2608,2430
2479,create,paib-gpu/openb-pod-7299,2431
2480,create,paib-gpu/openb-pod-7689,2432
2481,create,paib-gpu/openb-pod-3438,2433
2482,create,paib-gpu/openb-pod-5809,2434
2483,create,paib-gpu/openb-pod-5272,2435
2484,create,paib-gpu/openb-pod-4299,2436
2485,create,paib-gpu/openb-pod-5341,2437
2486,create,paib-gpu/openb-pod-6628,2438
2487,create,paib-gpu/openb-pod-5776,2439
2488,create,paib-gpu/openb-pod-3053,2440
2489,create,paib-gpu/openb-pod-5735,2441
2490,create,paib-gpu/openb-pod-0686,2442
2491,failed,paib-gpu/openb-pod-6063,2442
2492,create,paib-gpu/openb-pod-4449,2443
2493,create,paib-gpu/openb-pod-1508,2444
2494,create,paib-gpu/openb-pod-7991,2445
2495,create,paib-gpu/openb-pod-2679,2446
2496,create,paib-gpu/openb-pod-1245,2447
2497,create,paib-gpu/openb-pod-4393,2448
2498,create,paib-gpu/openb-pod-3885,2449
2499,create,paib-gpu/openb-pod-0137,2450
2500,create,paib-gpu/openb-pod-1652,2451
2501,create,paib-gpu/openb-pod-7643,2452
2502,create,paib-gpu/openb-pod-2651,2453
2503,create,paib-gpu/openb-pod-4154,2454
2504,create,paib-gpu/openb-pod-1209,2455
2505,create,paib-gpu/openb-pod-3432,2456
2506,create,paib-gpu/openb-pod-6391,2457
2507,create,paib-gpu/openb-pod-4921,2458
2508,create,paib-gpu/openb-pod-5998,2459
2509,create,paib-gpu/openb-pod-0328,2460
2510,create,paib-gpu/openb-pod-4672,2461
2511,create,paib-gpu/openb-pod-3349,2462
2512,create,paib-gpu/openb-pod-0453,2463
2513,create,paib-gpu/openb-pod-0510,2464
2514,create,paib-gpu/openb-pod-7736,2465
2515,create,paib-gpu/openb-pod-4475,2466
2516,create,paib-gpu/openb-pod-5833,2467
2517,create,paib-gpu/openb-pod-5242,2468
2518,create,paib-gpu/openb-pod-6835,2469
2519,create,paib-gpu/openb-pod-4992,2470
2520,create,paib-gpu/openb-pod-3243,2471
2521,failed,paib-gpu/openb-pod-0067,2471
2522,create,paib-gpu/openb-pod-4009,2472
2523,create,paib-gpu/openb-pod-4640,2473
2524,create,paib-gpu/openb-pod-2858,2474
2525,create,paib-gpu/openb-pod-4688,2475
2526,create,paib-gpu/openb-pod-7260,2476
2527,create,paib-gpu/openb-pod-0346,2477
2528,create,paib-gpu/openb-pod-6620,2478
2529,create,paib-gpu/openb-pod-0383,2479
2530,create,paib-gpu/openb-pod-4611,2480
2531,create,paib-gpu/openb-pod-2072,2481
2532,create,paib-gpu/openb-pod-2981,2482
2533,create,paib-gpu/openb-pod-0643,2483
2534,create,paib-gpu/openb-pod-4087,2484
2535,create,paib-gpu/openb-pod-5193,2485
2536,create,paib-gpu/openb-pod-7802,2486
2537,create,paib-gpu/openb-pod-2922,2487
2538,create,paib-gpu/openb-pod-3194,2488
2539,create,paib-gpu/openb-pod-7672,2489
2540,create,paib-gpu/openb-pod-1745,2490
2541,create,paib-gpu/openb-pod-3613,2491
2542,failed,paib-gpu/openb-pod-2559,2491
2543,create,paib-gpu/openb-pod-4052,2492
2544,create,paib-gpu/openb-pod-6157,2493
2545,create,paib-gpu/openb-pod-3618,2494
2546,create,paib-gpu/openb-pod-2037,2495
2547,create,paib-gpu/openb-pod-3913,2496
2548,create,paib-gpu/openb-pod-3746,2497
2549,create,paib-gpu/openb-pod-4527,2498
2550,create,paib-gpu/openb-pod-2381,2499
2551,create,paib-gpu/openb-pod-2682,2500
2552,create,paib-gpu/openb-pod-7255,2501
2553,create,paib-gpu/openb-pod-6176,2502
2554,create,paib-gpu/openb-pod-4004,2503
2555,create,paib-gpu/openb-pod-0298,2504
2556,failed,paib-gpu/openb-pod-4861,2504
2557,create,paib-gpu/openb-pod-4006,2505
2558,create,paib-gpu/openb-pod-4073,2506
2559,create,paib-gpu/openb-pod-2009,2507
2560,create,paib-gpu/openb-pod-3965,2508
2561,create,paib-gpu/openb-pod-6923,2509
2562,create,paib-gpu/openb-pod-7630,2510
2563,create,paib-gpu/openb-pod-0842,2511
2564,failed,paib-gpu/openb-pod-4566,2511
2565,create,paib-gpu/openb-pod-1695,2512
2566,create,paib-gpu/openb-pod-0882,2513
2567,create,paib-gpu/openb-pod-4457,2514
2568,create,paib-gpu/openb-pod-4580,2515
2569,create,paib-gpu/openb-pod-5500,2516
2570,create,paib-gpu/openb-pod-1431,2517
2571,create,paib-gpu/openb-pod-0143,2518
2572,create,paib-gpu/openb-pod-0886,2519
2573,create,paib-gpu/openb-pod-5092,2520
2574,create,paib-gpu/openb-pod-3500,2521
2575,create,paib-gpu/openb-pod-4805,2522
2576,create,paib-gpu/openb-pod-2630,2523
2577,create,paib-gpu/openb-pod-7936,2524
2578,create,paib-gpu/openb-pod-5568,2525
2579,create,paib-gpu/openb-pod-3594,2526
2580,create,paib-gpu/openb-pod-5036,2527
2581,failed,paib-gpu/openb-pod-7277,2527
2582,create,paib-gpu/openb-pod-5965,2528
2583,failed,paib-gpu/openb-pod-3635,2528
2584,create,paib-gpu/openb-pod-5150,2529
2585,failed,paib-gpu/openb-pod-7465,2529
2586,failed,paib-gpu/openb-pod-4363,2529
2587,create,paib-gpu/openb-pod-6695,2530
2588,create,paib-gpu/openb-pod-4606,2531
2589,create,paib-gpu/openb-pod-4626,2532
2590,create,paib-gpu/openb-pod-2216,2533
2591,create,paib-gpu/openb-pod-0729,2534
2592,create,paib-gpu/openb-pod-5115,2535
2593,create,paib-gpu/openb-pod-6330,2536
2594,create,paib-gpu/openb-pod-2207,2537
2595,create,paib-gpu/openb-pod-4757,2538
2596,failed,paib-gpu/openb-pod-3903,2538
2597,create,paib-gpu/openb-pod-2569,2539
2598,create,paib-gpu/openb-pod-2333,2540
2599,create,paib-gpu/openb-pod-6560,2541
2600,create,paib-gpu/openb-pod-7944,2542
2601,create,paib-gpu/openb-pod-3149,2543
2602,create,paib-gpu/openb-pod-3738,2544
2603,create,paib-gpu/openb-pod-2889,2545
2604,create,paib-gpu/openb-pod-6346,2546
2605,create,paib-gpu/openb-pod-3322,2547
2606,create,paib-gpu/openb-pod-7848,2548
2607,create,paib-gpu/openb-pod-2338,2549
2608,create,paib-gpu/openb-pod-3795,2550
2609,create,paib-gpu/openb-pod-2005,2551
2610,create,paib-gpu/openb-pod-5871,2552
2611,create,paib-gpu/openb-pod-8107,2553
2612,create,paib-gpu/openb-pod-3291,2554
2613,create,paib-gpu/openb-pod-7263,2555
2614,create,paib-gpu/openb-pod-7599,2556
2615,create,paib-gpu/openb-pod-6899,2557
2616,create,paib-gpu/openb-pod-2150,2558
2617,create,paib-gpu/openb-pod-1081,2559
2618,create,paib-gpu/openb-pod-4231,2560
2619,create,paib-gpu/openb-pod-7635,2561
2620,create,paib-gpu/openb-pod-6818,2562
2621,create,paib-gpu/openb-pod-3408,2563
2622,create,paib-gpu/openb-pod-3975,2564
2623,create,paib-gpu/openb-pod-7110,2565
2624,create,paib-gpu/openb-pod-2899,2566
2625,failed,paib-gpu/openb-pod-4661,2566
2626,create,paib-gpu/openb-pod-3230,2567
2627,create,paib-gpu/openb-pod-5939,2568
2628,create,paib-gpu/openb-pod-6819,2569
2629,failed,paib-gpu/openb-pod-4116,2569
2630,create,paib-gpu/openb-pod-7899,2570
2631,create,paib-gpu/openb-pod-5630,2571
2632,create,paib-gpu/openb-pod-7970,2572
2633,create,paib-gpu/openb-pod-2698,2573
2634,create,paib-gpu/openb-pod-1144,2574
2635,create,paib-gpu/openb-pod-1989,2575
2636,create,paib-gpu/openb-pod-5874,2576
2637,create,paib-gpu/openb-pod-0807,2577
2638,create,paib-gpu/openb-pod-1269,2578
2639,create,paib-gpu/openb-pod-2206,2579
2640,create,paib-gpu/openb-pod-2870,2580
2641,create,paib-gpu/openb-pod-1219,2581
2642,failed,paib-gpu/openb-pod-6864,2581
2643,create,paib-gpu/openb-pod-5666,2582
2644,create,paib-gpu/openb-pod-6922,2583
2645,create,paib-gpu/openb-pod-1438,2584
2646,create,paib-gpu/openb-pod-7327,2585
2647,create,paib-gpu/openb-pod-6824,2586
2648,create,paib-gpu/openb-pod-4734,2587
2649,create,paib-gpu/openb-pod-7631,2588
2650,create,paib-gpu/openb-pod-5401,2589
2651,create,paib-gpu/openb-pod-5245,2590
2652,create,paib-gpu/openb-pod-3213,2591
2653,create,paib-gpu/openb-pod-5849,2592
2654,create,paib-gpu/openb-pod-6400,2593
2655,create,paib-gpu/openb-pod-4370,2594
2656,create,paib-gpu/openb-pod-0134,2595
2657,create,paib-gpu/openb-pod-4444,2596
2658,create,paib-gpu/openb-pod-0227,2597
2659,create,paib-gpu/openb-pod-4207,2598
2660,create,paib-gpu/openb-pod-4124,2599
2661,create,paib-gpu/openb-pod-7910,2600
2662,create,paib-gpu/openb-pod-2119,2601
2663,create,paib-gpu/openb-pod-7668,2602
2664,create,paib-gpu/openb-pod-6974,2603
2665,create,paib-gpu/openb-pod-0622,2604
2666,create,paib-gpu/openb-pod-5340,2605
2667,create,paib-gpu/openb-pod-7676,2606
2668,create,paib-gpu/openb-pod-0949,2607
2669,create,paib-gpu/openb-pod-7613,2608
2670,create,paib-gpu/openb-pod-4281,2609
2671,create,paib-gpu/openb-pod-5791,2610
2672,create,paib-gpu/openb-pod-1408,2611
2673,create,paib-gpu/openb-pod-7020,2612
2674,create,paib-gpu/openb-pod-5636,2613
2675,create,paib-gpu/openb-pod-2403,2614
2676,create,paib-gpu/openb-pod-6664,2615
2677,create,paib-gpu/openb-pod-6995,2616
2678,create,paib-gpu/openb-pod-3945,2617
2679,create,paib-gpu/openb-pod-4440,2618
2680,create,paib-gpu/openb-pod-2494,2619
2681,create,paib-gpu/openb-pod-1174,2620
2682,create,paib-gpu/openb-pod-8095,2621
2683,create,paib-gpu/openb-pod-3088,2622
2684,create,paib-gpu/openb-pod-0068,2623
2685,create,paib-gpu/openb-pod-3280,2624
2686,create,paib-gpu/openb-pod-7031,2625
2687,create,paib-gpu/openb-pod-1575,2626
2688,create,paib-gpu/openb-pod-6417,2627
2689,create,paib-gpu/openb-pod-0452,2628
2690,create,paib-gpu/openb-pod-3756,2629
2691,create,paib-gpu/openb-pod-7225,2630
2692,create,paib-gpu/openb-pod-3658,2631
2693,create,paib-gpu/openb-pod-3229,2632
2694,create,paib-gpu/openb-pod-2577,2633
2695,create,paib-gpu/openb-pod-0122,2634
2696,create,paib-gpu/openb-pod-6452,2635
2697,create,paib-gpu/openb-pod-7286,2636
2698,create,paib-gpu/openb-pod-3308,2637
2699,create,paib-gpu/openb-pod-4115,2638
2700,create,paib-gpu/openb-pod-2223,2639
2701,create,paib-gpu/openb-pod-2674,2640
2702,create,paib-gpu/openb-pod-5602,2641
2703,create,paib-gpu/openb-pod-4933,2642
2704,create,paib-gpu/openb-pod-3684,2643
2705,create,paib-gpu/openb-pod-7935,2644
2706,create,paib-gpu/openb-pod-6873,2645
2707,create,paib-gpu/openb-pod-6868,2646
2708,create,paib-gpu/openb-pod-3879,2647
2709,create,paib-gpu/openb-pod-6866,2648
2710,create,paib-gpu/openb-pod-1482,2649
2711,create,paib-gpu/openb-pod-1321,2650
2712,create,paib-gpu/openb-pod-7158,2651
2713,create,paib-gpu/openb-pod-3368,2652
2714,create,paib-gpu/openb-pod-4832,2653
2715,failed,paib-gpu/openb-pod-0900,2653
2716,create,paib-gpu/openb-pod-5999,2654
2717,create,paib-gpu/openb-pod-6436,2655
2718,create,paib-gpu/openb-pod-5024,2656
2719,create,paib-gpu/openb-pod-0524,2657
2720,create,paib-gpu/openb-pod-7034,2658
2721,create,paib-gpu/openb-pod-5201,2659
2722,create,paib-gpu/openb-pod-3407,2660
2723,create,paib-gpu/openb-pod-2218,2661
2724,create,paib-gpu/openb-pod-4341,2662
2725,create,paib-gpu/openb-pod-2225,2663
2726,create,paib-gpu/openb-pod-5069,2664
2727,create,paib-gpu/openb-pod-3103,2665
2728,create,paib-gpu/openb-pod-5865,2666
2729,create,paib-gpu/openb-pod-4267,2667
2730,create,paib-gpu/openb-pod-0623,2668
2731,create,paib-gpu/openb-pod-6522,2669
2732,create,paib-gpu/openb-pod-6148,2670
2733,create,paib-gpu/openb-pod-3257,2671
2734,create,paib-gpu/openb-pod-6476,2672
2735,create,paib-gpu/openb-pod-6030,2673
2736,create,paib-gpu/openb-pod-2407,2674
2737,create,paib-gpu/openb-pod-2548,2675
2738,create,paib-gpu/openb-pod-4395,2676
2739,create,paib-gpu/openb-pod-7321,2677
2740,create,paib-gpu/openb-pod-8068,2678
2741,create,paib-gpu/openb-pod-2713,2679
2742,create,paib-gpu/openb-pod-3178,2680
2743,create,paib-gpu/openb-pod-1201,2681
2744,create,paib-gpu/openb-pod-2871,2682
2745,create,paib-gpu/openb-pod-0392,2683
2746,create,paib-gpu/openb-pod-4183,2684
2747,failed,paib-gpu/openb-pod-4997,2684
2748,create,paib-gpu/openb-pod-3449,2685
2749,create,paib-gpu/openb-pod-6502,2686
2750,create,paib-gpu/openb-pod-4064,2687
2751,create,paib-gpu/openb-pod-6380,2688
2752,create,paib-gpu/openb-pod-5411,2689
2753,create,paib-gpu/openb-pod-3686,2690
2754,create,paib-gpu/openb-pod-4368,2691
2755,create,paib-gpu/openb-pod-5052,2692
2756,create,paib-gpu/openb-pod-6759,2693
2757,create,paib-gpu/openb-pod-6509,2694
2758,create,paib-gpu/openb-pod-1163,2695
2759,create,paib-gpu/openb-pod-0444,2696
2760,create,paib-gpu/openb-pod-4883,2697
2761,create,paib-gpu/openb-pod-0670,2698
2762,create,paib-gpu/openb-pod-2362,2699
2763,create,paib-gpu/openb-pod-0746,2700
2764,create,paib-gpu/openb-pod-5597,2701
2765,create,paib-gpu/openb-pod-3285,2702
2766,create,paib-gpu/openb-pod-4508,2703
2767,create,paib-gpu/openb-pod-1413,2704
2768,create,paib-gpu/openb-pod-3476,2705
2769,create,paib-gpu/openb-pod-4722,2706
2770,create,paib-gpu/openb-pod-6809,2707
2771,create,paib-gpu/openb-pod-3024,2708
2772,create,paib-gpu/openb-pod-1801,2709
2773,create,paib-gpu/openb-pod-6585,2710
2774,create,paib-gpu/openb-pod-7202,2711
2775,create,paib-gpu/openb-pod-2628,2712
2776,create,paib-gpu/openb-pod-6947,2713
2777,create,paib-gpu/openb-pod-3675,2714
2778,failed,paib-gpu/openb-pod-7188,2714
2779,failed,paib-gpu/openb-pod-7442,2714
2780,create,paib-gpu/openb-pod-7651,2715
2781,failed,paib-gpu/openb-pod-1327,2715
2782,create,paib-gpu/openb-pod-4863,2716
2783,create,paib-gpu/openb-pod-2360,2717
2784,create,paib-gpu/openb-pod-2340,2718
2785,create,paib-gpu/openb-pod-1275,2719
2786,create,paib-gpu/openb-pod-3845,2720
2787,create,paib-gpu/openb-pod-7326,2721
2788,create,paib-gpu/openb-pod-1241,2722
2789,failed,paib-gpu/openb-pod-5775,2722
2790,create,paib-gpu/openb-pod-7822,2723
2791,create,paib-gpu/openb-pod-7574,2724
2792,create,paib-gpu/openb-pod-8046,2725
2793,create,paib-gpu/openb-pod-4291,2726
2794,create,paib-gpu/openb-pod-4509,2727
2795,create,paib-gpu/openb-pod-4530,2728
2796,create,paib-gpu/openb-pod-6181,2729
2797,create,paib-gpu/openb-pod-0972,2730
2798,create,paib-gpu/openb-pod-5510,2731
2799,create,paib-gpu/openb-pod-7389,2732
2800,create,paib-gpu/openb-pod-5637,2733
2801,create,paib-gpu/openb-pod-6684,2734
2802,create,paib-gpu/openb-pod-1576,2735
2803,create,paib-gpu/openb-pod-4211,2736
2804,create,paib-gpu/openb-pod-5852,2737
2805,create,paib-gpu/openb-pod-0577,2738
2806,create,paib-gpu/openb-pod-0666,2739
2807,create,paib-gpu/openb-pod-0323,2740
2808,create,paib-gpu/openb-pod-6033,2741
2809,create,paib-gpu/openb-pod-3934,2742
2810,create,paib-gpu/openb-pod-2294,2743
2811,create,paib-gpu/openb-pod-7022,2744
2812,create,paib-gpu/openb-pod-0437,2745
2813,create,paib-gpu/openb-pod-7706,2746
2814,create,paib-gpu/openb-pod-5734,2747
2815,create,paib-gpu/openb-pod-0407,2748
2816,create,paib-gpu/openb-pod-2066,2749
2817,create,paib-gpu/openb-pod-5194,2750
2818,create,paib-gpu/openb-pod-0114,2751
2819,create,paib-gpu/openb-pod-3382,2752
2820,create,paib-gpu/openb-pod-4383,2753
2821,create,paib-gpu/openb-pod-4511,2754
2822,failed,paib-gpu/openb-pod-6518,2754
2823,create,paib-gpu/openb-pod-1268,2755
2824,create,paib-gpu/openb-pod-0347,2756
2825,create,paib-gpu/openb-pod-0732,2757
2826,create,paib-gpu/openb-pod-6589,2758
2827,failed,paib-gpu/openb-pod-6231,2758
2828,create,paib-gpu/openb-pod-3685,2759
2829,create,paib-gpu/openb-pod-5440,2760
2830,create,paib-gpu/openb-pod-5786,2761
2831,create,paib-gpu/openb-pod-0414,2762
2832,failed,paib-gpu/openb-pod-8080,2762
2833,create,paib-gpu/openb-pod-1663,2763
2834,create,paib-gpu/openb-pod-1933,2764
2835,create,paib-gpu/openb-pod-3891,2765
2836,create,paib-gpu/openb-pod-2511,2766
2837,create,paib-gpu/openb-pod-3356,2767
2838,create,paib-gpu/openb-pod-6852,2768
2839,create,paib-gpu/openb-pod-3681,2769
2840,create,paib-gpu/openb-pod-0372,2770
2841,failed,paib-gpu/openb-pod-5400,2770
2842,create,paib-gpu/openb-pod-5066,2771
2843,create,paib-gpu/openb-pod-0652,2772
2844,create,paib-gpu/openb-pod-7463,2773
2845,create,paib-gpu/openb-pod-4412,2774
2846,create,paib-gpu/openb-pod-5156,2775
2847,create,paib-gpu/openb-pod-4194,2776
2848,create,paib-gpu/openb-pod-1614,2777
2849,create,paib-gpu/openb-pod-6373,2778
2850,create,paib-gpu/openb-pod-7177,2779
2851,create,paib-gpu/openb-pod-3992,2780
2852,create,paib-gpu/openb-pod-3544,2781
2853,create,paib-gpu/openb-pod-0832,2782
2854,create,paib-gpu/openb-pod-7800,2783
2855,create,paib-gpu/openb-pod-3773,2784
2856,create,paib-gpu/openb-pod-6117,2785
2857,create,paib-gpu/openb-pod-7347,2786
2858,create,paib-gpu/openb-pod-4823,2787
2859,create,paib-gpu/openb-pod-0175,2788
2860,create,paib-gpu/openb-pod-0443,2789
2861,create,paib-gpu/openb-pod-2138,2790
2862,create,paib-gpu/openb-pod-3607,2791
2863,create,paib-gpu/openb-pod-0326,2792
2864,create,paib-gpu/openb-pod-5101,2793
2865,create,paib-gpu/openb-pod-6241,2794
2866,create,paib-gpu/openb-pod-0103,2795
2867,create,paib-gpu/openb-pod-4650,2796
2868,create,paib-gpu/openb-pod-7483,2797
2869,failed,paib-gpu/openb-pod-5851,2797
2870,create,paib-gpu/openb-pod-7094,2798
2871,create,paib-gpu/openb-pod-2320,2799
2872,create,paib-gpu/openb-pod-2965,2800
2873,create,paib-gpu/openb-pod-3326,2801
2874,create,paib-gpu/openb-pod-0247,2802
2875,create,paib-gpu/openb-pod-7349,2803
2876,create,paib-gpu/openb-pod-1998,2804
2877,create,paib-gpu/openb-pod-7890,2805
2878,create,paib-gpu/openb-pod-5244,2806
2879,create,paib-gpu/openb-pod-2685,2807
2880,create,paib-gpu/openb-pod-1376,2808
2881,create,paib-gpu/openb-pod-2214,2809
2882,create,paib-gpu/openb-pod-3715,2810
2883,create,paib-gpu/openb-pod-3591,2811
2884,create,paib-gpu/openb-pod-0712,2812
2885,create,paib-gpu/openb-pod-6698,2813
2886,create,paib-gpu/openb-pod-2895,2814
2887,create,paib-gpu/openb-pod-4948,2815
2888,create,paib-gpu/openb-pod-7412,2816
2889,create,paib-gpu/openb-pod-1500,2817
2890,create,paib-gpu/openb-pod-7685,2818
2891,create,paib-gpu/openb-pod-3107,2819
2892,create,paib-gpu/openb-pod-2953,2820
2893,create,paib-gpu/openb-pod-0074,2821
2894,create,paib-gpu/openb-pod-2875,2822
2895,create,paib-gpu/openb-pod-2198,2823
2896,create,paib-gpu/openb-pod-7237,2824
2897,create,paib-gpu/openb-pod-4537,2825
2898,create,paib-gpu/openb-pod-4848,2826
2899,create,paib-gpu/openb-pod-0520,2827
2900,create,paib-gpu/openb-pod-0222,2828
2901,create,paib-gpu/openb-pod-5236,2829
2902,create,paib-gpu/openb-pod-3481,2830
2903,create,paib-gpu/openb-pod-6867,2831
2904,create,paib-gpu/openb-pod-0853,2832
2905,create,paib-gpu/openb-pod-1984,2833
2906,create,paib-gpu/openb-pod-0636,2834
2907,create,paib-gpu/openb-pod-4799,2835
2908,create,paib-gpu/openb-pod-7424,2836
2909,create,paib-gpu/openb-pod-0177,2837
2910,create,paib-gpu/openb-pod-1452,2838
2911,failed,paib-gpu/openb-pod-4277,2838
2912,create,paib-gpu/openb-pod-0713,2839
2913,create,paib-gpu/openb-pod-7999,2840
2914,create,paib-gpu/openb-pod-3400,2841
2915,create,paib-gpu/openb-pod-5858,2842
2916,create,paib-gpu/openb-pod-0878,2843
2917,create,paib-gpu/openb-pod-5650,2844
2918,create,paib-gpu/openb-pod-6164,2845
2919,create,paib-gpu/openb-pod-0755,2846
2920,create,paib-gpu/openb-pod-0917,2847
2921,create,paib-gpu/openb-pod-3788,2848
2922,create,paib-gpu/openb-pod-5966,2849
2923,create,paib-gpu/openb-pod-4868,2850
2924,create,paib-gpu/openb-pod-3132,2851
2925,create,paib-gpu/openb-pod-3427,2852
2926,create,paib-gpu/openb-pod-5484,2853
2927,create,paib-gpu/openb-pod-0194,2854
2928,create,paib-gpu/openb-pod-3237,2855
2929,create,paib-gpu/openb-pod-6725,2856
2930,create,paib-gpu/openb-pod-6527,2857
2931,create,paib-gpu/openb-pod-7867,2858
2932,create,paib-gpu/openb-pod-1387,2859
2933,create,paib-gpu/openb-pod-5738,2860
2934,create,paib-gpu/openb-pod-7497,2861
2935,create,paib-gpu/openb-pod-4137,2862
2936,create,paib-gpu/openb-pod-1703,2863
2937,create,paib-gpu/openb-pod-1185,2864
2938,failed,paib-gpu/openb-pod-5915,2864
2939,create,paib-gpu/openb-pod-7146,2865
2940,create,paib-gpu/openb-pod-0320,2866
2941,create,paib-gpu/openb-pod-2852,2867
2942,create,paib-gpu/openb-pod-6438,2868
2943,create,paib-gpu/openb-pod-7609,2869
2944,create,paib-gpu/openb-pod-6210,2870
2945,create,paib-gpu/openb-pod-5348,2871
2946,create,paib-gpu/openb-pod-7818,2872
2947,create,paib-gpu/openb-pod-6917,2873
2948,create,paib-gpu/openb-pod-3196,2874
2949,create,paib-gpu/openb-pod-5973,2875
2950,create,paib-gpu/openb-pod-3076,2876
2951,create,paib-gpu/openb-pod-8129,2877
2952,create,paib-gpu/openb-pod-1411,2878
2953,create,paib-gpu/openb-pod-6093,2879
2954,create,paib-gpu/openb-pod-4366,2880
2955,create,paib-gpu/openb-pod-4539,2881
2956,create,paib-gpu/openb-pod-6039,2882
2957,create,paib-gpu/openb-pod-2044,2883
2958,create,paib-gpu/openb-pod-2842,2884
2959,create,paib-gpu/openb-pod-0516,2885
2960,create,paib-gpu/openb-pod-4206,2886
2961,create,paib-gpu/openb-pod-4290,2887
2962,create,paib-gpu/openb-pod-0618,2888
2963,create,paib-gpu/openb-pod-7886,2889
2964,create,paib-gpu/openb-pod-6586,2890
2965,create,paib-gpu/openb-pod-3245,2891
2966,create,paib-gpu/openb-pod-2564,2892
2967,create,paib-gpu/openb-pod-7480,2893
2968,create,paib-gpu/openb-pod-0789,2894
2969,create,paib-gpu/openb-pod-5043,2895
2970,create,paib-gpu/openb-pod-0512,2896
2971,failed,paib-gpu/openb-pod-4773,2896
2972,create,paib-gpu/openb-pod-3578,2897
2973,create,paib-gpu/openb-pod-0816,2898
2974,create,paib-gpu/openb-pod-2901,2899
2975,create,paib-gpu/openb-pod-5391,2900
2976,create,paib-gpu/openb-pod-3145,2901
2977,create,paib-gpu/openb-pod-3062,2902
2978,create,paib-gpu/openb-pod-4418,2903
2979,create,paib-gpu/openb-pod-5289,2904
2980,create,paib-gpu/openb-pod-5845,2905
2981,create,paib-gpu/openb-pod-0530,2906
2982,create,paib-gpu/openb-pod-4544,2907
2983,create,paib-gpu/openb-pod-2625,2908
2984,create,paib-gpu/openb-pod-5894,2909
2985,create,paib-gpu/openb-pod-3231,2910
2986,create,paib-gpu/openb-pod-1067,2911
2987,create,paib-gpu/openb-pod-3688,2912
2988,create,paib-gpu/openb-pod-2543,2913
2989,create,paib-gpu/openb-pod-0831,2914
2990,create,paib-gpu/openb-pod-4002,2915
2991,failed,paib-gpu/openb-pod-3806,2915
2992,failed,paib-gpu/openb-pod-6271,2915
2993,create,paib-gpu/openb-pod-0527,2916
2994,create,paib-gpu/openb-pod-2431,2917
2995,create,paib-gpu/openb-pod-7785,2918
2996,create,paib-gpu/openb-pod-7663,2919
2997,create,paib-gpu/openb-pod-7823,2920
2998,create,paib-gpu/openb-pod-6378,2921
2999,create,paib-gpu/openb-pod-3148,2922
3000,create,paib-gpu/openb-pod-5487,2923
3001,create,paib-gpu/openb-pod-7673,2924
3002,create,paib-gpu/openb-pod-8111,2925
3003,create,paib-gpu/openb-pod-4177,2926
3004,create,paib-gpu/openb-pod-1415,2927
3005,create,paib-gpu/openb-pod-3878,2928
3006,create,paib-gpu/openb-pod-5675,2929
3007,create,paib-gpu/openb-pod-4535,2930
3008,create,paib-gpu/openb-pod-4901,2931
3009,create,paib-gpu/openb-pod-2687,2932
3010,create,paib-gpu/openb-pod-1095,2933
3011,create,paib-gpu/openb-pod-7765,2934
3012,create,paib-gpu/openb-pod-0243,2935
3013,create,paib-gpu/openb-pod-6230,2936
3014,create,paib-gpu/openb-pod-0182,2937
3015,create,paib-gpu/openb-pod-0304,2938
3016,create,paib-gpu/openb-pod-0281,2939
3017,create,paib-gpu/openb-pod-1027,2940
3018,create,paib-gpu/openb-pod-7794,2941
3019,create,paib-gpu/openb-pod-6382,2942
3020,create,paib-gpu/openb-pod-3910,2943
3021,create,paib-gpu/openb-pod-2504,2944
3022,create,paib-gpu/openb-pod-4057,2945
3023,create,paib-gpu/openb-pod-5893,2946
3024,create,paib-gpu/openb-pod-7703,2947
3025,create,paib-gpu/openb-pod-3990,2948
3026,create,paib-gpu/openb-pod-5162,2949
3027,create,paib-gpu/openb-pod-1229,2950
3028,create,paib-gpu/openb-pod-6501,2951
3029,create,paib-gpu/openb-pod-4462,2952
3030,create,paib-gpu/openb-pod-0406,2953
3031,create,paib-gpu/openb-pod-1776,2954
3032,create,paib-gpu/openb-pod-2585,2955
3033,create,paib-gpu/openb-pod-6599,2956
3034,create,paib-gpu/openb-pod-6528,2957
3035,create,paib-gpu/openb-pod-2629,2958
3036,create,paib-gpu/openb-pod-4875,2959
3037,create,paib-gpu/openb-pod-7859,2960
3038,create,paib-gpu/openb-pod-5354,2961
3039,create,paib-gpu/openb-pod-7028,2962
3040,create,paib-gpu/openb-pod-7131,2963
3041,create,paib-gpu/openb-pod-7311,2964
3042,create,paib-gpu/openb-pod-7112,2965
3043,create,paib-gpu/openb-pod-0719,2966
3044,create,paib-gpu/openb-pod-6657,2967
3045,create,paib-gpu/openb-pod-6174,2968
3046,create,paib-gpu/openb-pod-6832,2969
3047,create,paib-gpu/openb-pod-7642,2970
3048,create,paib-gpu/openb-pod-4084,2971
3049,create,paib-gpu/openb-pod-4577,2972
3050,create,paib-gpu/openb-pod-2764,2973
3051,create,paib-gpu/openb-pod-0095,2974
3052,create,paib-gpu/openb-pod-4507,2975
3053,create,paib-gpu/openb-pod-0936,2976
3054,create,paib-gpu/openb-pod-5747,2977
3055,create,paib-gpu/openb-pod-4121,2978
3056,create,paib-gpu/openb-pod-4830,2979
3057,create,paib-gpu/openb-pod-3318,2980
3058,failed,paib-gpu/openb-pod-5609,2980
3059,create,paib-gpu/openb-pod-6889,2981
3060,create,paib-gpu/openb-pod-2686,2982
3061,create,paib-gpu/openb-pod-5177,2983
3062,create,paib-gpu/openb-pod-6480,2984
3063,create,paib-gpu/openb-pod-7788,2985
3064,create,paib-gpu/openb-pod-8096,2986
3065,create,paib-gpu/openb-pod-7036,2987
3066,create,paib-gpu/openb-pod-4171,2988
3067,create,paib-gpu/openb-pod-3723,2989
3068,create,paib-gpu/openb-pod-5413,2990
3069,create,paib-gpu/openb-pod-1724,2991
3070,create,paib-gpu/openb-pod-4708,2992
3071,create,paib-gpu/openb-pod-7760,2993
3072,create,paib-gpu/openb-pod-4476,2994
3073,create,paib-gpu/openb-pod-0464,2995
3074,create,paib-gpu/openb-pod-6217,2996
3075,create,paib-gpu/openb-pod-5251,2997
3076,create,paib-gpu/openb-pod-4522,2998
3077,create,paib-gpu/openb-pod-7678,2999
3078,create,paib-gpu/openb-pod-6603,3000
3079,create,paib-gpu/openb-pod-5414,3001
3080,create,paib-gpu/openb-pod-4811,3002
3081,create,paib-gpu/openb-pod-4909,3003
3082,create,paib-gpu/openb-pod-5133,3004
3083,create,paib-gpu/openb-pod-6823,3005
3084,create,paib-gpu/openb-pod-7356,3006
3085,create,paib-gpu/openb-pod-7790,3007
3086,create,paib-gpu/openb-pod-6826,3008
3087,create,paib-gpu/openb-pod-1988,3009
3088,create,paib-gpu/openb-pod-7554,3010
3089,create,paib-gpu/openb-pod-6672,3011
3090,create,paib-gpu/openb-pod-3418,3012
3091,create,paib-gpu/openb-pod-4891,3013
3092,create,paib-gpu/openb-pod-0367,3014
3093,create,paib-gpu/openb-pod-1171,3015
3094,create,paib-gpu/openb-pod-1556,3016
3095,create,paib-gpu/openb-pod-0413,3017
3096,create,paib-gpu/openb-pod-7748,3018
3097,create,paib-gpu/openb-pod-7138,3019
3098,create,paib-gpu/openb-pod-1000,3020
3099,create,paib-gpu/openb-pod-4100,3021
3100,create,paib-gpu/openb-pod-3228,3022
3101,create,paib-gpu/openb-pod-6463,3023
3102,failed,paib-gpu/openb-pod-1372,3023
3103,create,paib-gpu/openb-pod-5686,3024
3104,create,paib-gpu/openb-pod-0025,3025
3105,create,paib-gpu/openb-pod-7084,3026
3106,create,paib-gpu/openb-pod-1259,3027
3107,create,paib-gpu/openb-pod-0735,3028
3108,create,paib-gpu/openb-pod-6449,3029
3109,create,paib-gpu/openb-pod-0974,3030
3110,create,paib-gpu/openb-pod-1342,3031
3111,create,paib-gpu/openb-pod-6909,3032
3112,create,paib-gpu/openb-pod-6383,3033
3113,create,paib-gpu/openb-pod-1775,3034
3114,create,paib-gpu/openb-pod-5754,3035
3115,create,paib-gpu/openb-pod-1254,3036
3116,create,paib-gpu/openb-pod-5431,3037
3117,create,paib-gpu/openb-pod-5986,3038
3118,create,paib-gpu/openb-pod-6274,3039
3119,create,paib-gpu/openb-pod-7171,3040
3120,create,paib-gpu/openb-pod-5834,3041
3121,create,paib-gpu/openb-pod-0468,3042
3122,create,paib-gpu/openb-pod-4316,3043
3123,create,paib-gpu/openb-pod-7711,3044
3124,failed,paib-gpu/openb-pod-0756,3044
3125,create,paib-gpu/openb-pod-5955,3045
3126,create,paib-gpu/openb-pod-5302,3046
3127,create,paib-gpu/openb-pod-6228,3047
3128,failed,paib-gpu/openb-pod-4838,3047
3129,create,paib-gpu/openb-pod-6643,3048
3130,create,paib-gpu/openb-pod-0208,3049
3131,create,paib-gpu/openb-pod-3499,3050
3132,create,paib-gpu/openb-pod-2837,3051
3133,create,paib-gpu/openb-pod-5925,3052
3134,failed,paib-gpu/openb-pod-2382,3052
3135,create,paib-gpu/openb-pod-3269,3053
3136,create,paib-gpu/openb-pod-5984,3054
3137,create,paib-gpu/openb-pod-1135,3055
3138,create,paib-gpu/openb-pod-5334,3056
3139,create,paib-gpu/openb-pod-7043,3057
3140,create,paib-gpu/openb-pod-7363,3058
3141,create,paib-gpu/openb-pod-2120,3059
3142,create,paib-gpu/openb-pod-7826,3060
3143,create,paib-gpu/openb-pod-1282,3061
3144,create,paib-gpu/openb-pod-1553,3062
3145,create,paib-gpu/openb-pod-3055,3063
3146,create,paib-gpu/openb-pod-6660,3064
3147,create,paib-gpu/openb-pod-6261,3065
3148,create,paib-gpu/openb-pod-1906,3066
3149,create,paib-gpu/openb-pod-2032,3067
3150,create,paib-gpu/openb-pod-3191,3068
3151,create,paib-gpu/openb-pod-7362,3069
3152,create,paib-gpu/openb-pod-7458,3070
3153,create,paib-gpu/openb-pod-5126,3071
3154,create,paib-gpu/openb-pod-4879,3072
3155,create,paib-gpu/openb-pod-8084,3073
3156,create,paib-gpu/openb-pod-5899,3074
3157,create,paib-gpu/openb-pod-6249,3075
3158,failed,paib-gpu/openb-pod-6057,3075
3159,create,paib-gpu/openb-pod-0292,3076
3160,create,paib-gpu/openb-pod-5022,3077
3161,create,paib-gpu/openb-pod-6907,3078
3162,create,paib-gpu/openb-pod-2498,3079
3163,create,paib-gpu/openb-pod-2995,3080
3164,create,paib-gpu/openb-pod-7218,3081
3165,create,paib-gpu/openb-pod-0236,3082
3166,create,paib-gpu/openb-pod-0750,3083
3167,create,paib-gpu/openb-pod-8014,3084
3168,create,paib-gpu/openb-pod-4552,3085
3169,create,paib-gpu/openb-pod-2257,3086
3170,create,paib-gpu/openb-pod-1406,3087
3171,create,paib-gpu/openb-pod-4431,3088
3172,create,paib-gpu/openb-pod-6646,3089
3173,create,paib-gpu/openb-pod-3644,3090
3174,create,paib-gpu/openb-pod-3707,3091
3175,create,paib-gpu/openb-pod-8065,3092
3176,create,paib-gpu/openb-pod-2615,3093
3177,create,paib-gpu/openb-pod-5945,3094
3178,create,paib-gpu/openb-pod-5363,3095
3179,create,paib-gpu/openb-pod-3966,3096
3180,create,paib-gpu/openb-pod-2962,3097
3181,create,paib-gpu/openb-pod-2749,3098
3182,create,paib-gpu/openb-pod-2186,3099
3183,create,paib-gpu/openb-pod-5972,3100
3184,create,paib-gpu/openb-pod-5794,3101
3185,create,paib-gpu/openb-pod-4812,3102
3186,create,paib-gpu/openb-pod-4013,3103
3187,create,paib-gpu/openb-pod-6045,3104
3188,create,paib-gpu/openb-pod-3622,3105
3189,create,paib-gpu/openb-pod-6050,3106
3190,create,paib-gpu/openb-pod-6359,3107
3191,create,paib-gpu/openb-pod-4492,3108
3192,create,paib-gpu/openb-pod-6860,3109
3193,create,paib-gpu/openb-pod-3874,3110
3194,failed,paib-gpu/openb-pod-4776,3110
3195,create,paib-gpu/openb-pod-3656,3111
3196,create,paib-gpu/openb-pod-5752,3112
3197,create,paib-gpu/openb-pod-2370,3113
3198,create,paib-gpu/openb-pod-6688,3114
3199,create,paib-gpu/openb-pod-7562,3115
3200,create,paib-gpu/openb-pod-0211,3116
3201,create,paib-gpu/openb-pod-6192,3117
3202,failed,paib-gpu/openb-pod-1854,3117
3203,create,paib-gpu/openb-pod-3029,3118
3204,failed,paib-gpu/openb-pod-4159,3118
3205,create,paib-gpu/openb-pod-5512,3119
3206,create,paib-gpu/openb-pod-4674,3120
3207,create,paib-gpu/openb-pod-2425,3121
3208,create,paib-gpu/openb-pod-2230,3122
3209,create,paib-gpu/openb-pod-7992,3123
3210,create,paib-gpu/openb-pod-2829,3124
3211,create,paib-gpu/openb-pod-6396,3125
3212,create,paib-gpu/openb-pod-7379,3126
3213,create,paib-gpu/openb-pod-1287,3127
3214,create,paib-gpu/openb-pod-6095,3128
3215,create,paib-gpu/openb-pod-2097,3129
3216,create,paib-gpu/openb-pod-2298,3130
3217,create,paib-gpu/openb-pod-3778,3131
3218,create,paib-gpu/openb-pod-2683,3132
3219,create,paib-gpu/openb-pod-7001,3133
3220,create,paib-gpu/openb-pod-6055,3134
3221,create,paib-gpu/openb-pod-1856,3135
3222,create,paib-gpu/openb-pod-1022,3136
3223,create,paib-gpu/openb-pod-0975,3137
3224,create,paib-gpu/openb-pod-3367,3138
3225,create,paib-gpu/openb-pod-2534,3139
3226,create,paib-gpu/openb-pod-2237,3140
3227,create,paib-gpu/openb-pod-0363,3141
3228,create,paib-gpu/openb-pod-3989,3142
3229,create,paib-gpu/openb-pod-3510,3143
3230,create,paib-gpu/openb-pod-3519,3144
3231,create,paib-gpu/openb-pod-4916,3145
3232,create,paib-gpu/openb-pod-2803,3146
3233,create,paib-gpu/openb-pod-6423,3147
3234,create,paib-gpu/openb-pod-0484,3148
3235,create,paib-gpu/openb-pod-2475,3149
3236,create,paib-gpu/openb-pod-6111,3150
3237,create,paib-gpu/openb-pod-6108,3151
3238,create,paib-gpu/openb-pod-7844,3152
3239,create,paib-gpu/openb-pod-0868,3153
3240,create,paib-gpu/openb-pod-6737,3154
3241,create,paib-gpu/openb-pod-7088,3155
3242,create,paib-gpu/openb-pod-1137,3156
3243,create,paib-gpu/openb-pod-6182,3157
3244,create,paib-gpu/openb-pod-2618,3158
3245,create,paib-gpu/openb-pod-6699,3159
3246,create,paib-gpu/openb-pod-1917,3160
3247,create,paib-gpu/openb-pod-3907,3161
3248,create,paib-gpu/openb-pod-6865,3162
3249,failed,paib-gpu/openb-pod-0261,3162
3250,create,paib-gpu/openb-pod-0624,3163
3251,create,paib-gpu/openb-pod-6177,3164
3252,create,paib-gpu/openb-pod-1978,3165
3253,create,paib-gpu/openb-pod-5782,3166
3254,create,paib-gpu/openb-pod-4248,3167
3255,create,paib-gpu/openb-pod-1363,3168
3256,create,paib-gpu/openb-pod-5419,3169
3257,create,paib-gpu/openb-pod-0026,3170
3258,create,paib-gpu/openb-pod-5070,3171
3259,create,paib-gpu/openb-pod-1124,3172
3260,create,paib-gpu/openb-pod-4642,3173
3261,create,paib-gpu/openb-pod-8017,3174
3262,create,paib-gpu/openb-pod-4301,3175
3263,create,paib-gpu/openb-pod-8104,3176
3264,failed,paib-gpu/openb-pod-3118,3176
3265,create,paib-gpu/openb-pod-4494,3177
3266,failed,paib-gpu/openb-pod-7891,3177
3267,create,paib-gpu/openb-pod-0537,3178
3268,create,paib-gpu/openb-pod-1119,3179
3269,create,paib-gpu/openb-pod-4189,3180
3270,create,paib-gpu/openb-pod-2437,3181
3271,create,paib-gpu/openb-pod-7927,3182
3272,failed,paib-gpu/openb-pod-0691,3182
3273,create,paib-gpu/openb-pod-3121,3183
3274,create,paib-gpu/openb-pod-2792,3184
3275,failed,paib-gpu/openb-pod-1264,3184
3276,create,paib-gpu/openb-pod-6152,3185
3277,create,paib-gpu/openb-pod-0434,3186
3278,create,paib-gpu/openb-pod-2422,3187
3279,create,paib-gpu/openb-pod-6085,3188
3280,create,paib-gpu/openb-pod-6998,3189
3281,create,paib-gpu/openb-pod-4213,3190
3282,create,paib-gpu/openb-pod-7298,3191
3283,create,paib-gpu/openb-pod-1222,3192
3284,create,paib-gpu/openb-pod-6245,3193
3285,create,paib-gpu/openb-pod-7546,3194
3286,create,paib-gpu/openb-pod-1537,3195
3287,create,paib-gpu/openb-pod-8042,3196
3288,failed,paib-gpu/openb-pod-4335,3196
3289,create,paib-gpu/openb-pod-2788,3197
3290,create,paib-gpu/openb-pod-6743,3198
3291,create,paib-gpu/openb-pod-1100,3199
3292,create,paib-gpu/openb-pod-1608,3200
3293,create,paib-gpu/openb-pod-5210,3201
3294,create,paib-gpu/openb-pod-7035,3202
3295,create,paib-gpu/openb-pod-3317,3203
3296,create,paib-gpu/openb-pod-3163,3204
3297,create,paib-gpu/openb-pod-1699,3205
3298,create,paib-gpu/openb-pod-4620,3206
3299,create,paib-gpu/openb-pod-2650,3207
3300,create,paib-gpu/openb-pod-6491,3208
3301,create,paib-gpu/openb-pod-7994,3209
3302,create,paib-gpu/openb-pod-7262,3210
3303,create,paib-gpu/openb-pod-5107,3211
3304,create,paib-gpu/openb-pod-4896,3212
3305,create,paib-gpu/openb-pod-3653,3213
3306,create,paib-gpu/openb-pod-4317,3214
3307,create,paib-gpu/openb-pod-7959,3215
3308,create,paib-gpu/openb-pod-7572,3216
3309,failed,paib-gpu/openb-pod-5141,3216
3310,create,paib-gpu/openb-pod-7038,3217
3311,create,paib-gpu/openb-pod-7083,3218
3312,create,paib-gpu/openb-pod-7284,3219
3313,create,paib-gpu/openb-pod-0041,3220
3314,create,paib-gpu/openb-pod-2941,3221
3315,create,paib-gpu/openb-pod-0447,3222
3316,create,paib-gpu/openb-pod-5709,3223
3317,create,paib-gpu/openb-pod-5989,3224
3318,create,paib-gpu/openb-pod-7870,3225
3319,create,paib-gpu/openb-pod-5722,3226
3320,create,paib-gpu/openb-pod-5316,3227
3321,create,paib-gpu/openb-pod-2732,3228
3322,create,paib-gpu/openb-pod-4974,3229
3323,create,paib-gpu/openb-pod-7246,3230
3324,create,paib-gpu/openb-pod-5715,3231
3325,create,paib-gpu/openb-pod-3286,3232
3326,create,paib-gpu/openb-pod-1110,3233
3327,create,paib-gpu/openb-pod-3052,3234
3328,create,paib-gpu/openb-pod-7153,3235
3329,create,paib-gpu/openb-pod-1312,3236
3330,create,paib-gpu/openb-pod-1554,3237
3331,create,paib-gpu/openb-pod-4128,3238
3332,create,paib-gpu/openb-pod-4104,3239
3333,create,paib-gpu/openb-pod-4251,3240
3334,create,paib-gpu/openb-pod-8006,3241
3335,create,paib-gpu/openb-pod-7487,3242
3336,create,paib-gpu/openb-pod-5395,3243
3337,create,paib-gpu/openb-pod-3170,3244
3338,create,paib-gpu/openb-pod-6226,3245
3339,create,paib-gpu/openb-pod-4155,3246
3340,create,paib-gpu/openb-pod-4551,3247
3341,create,paib-gpu/openb-pod-5290,3248
3342,create,paib-gpu/openb-pod-0107,3249
3343,create,paib-gpu/openb-pod-3299,3250
3344,create,paib-gpu/openb-pod-7547,3251
3345,create,paib-gpu/openb-pod-2510,3252
3346,failed,paib-gpu/openb-pod-0233,3252
3347,create,paib-gpu/openb-pod-6398,3253
3348,create,paib-gpu/openb-pod-3112,3254
3349,create,paib-gpu/openb-pod-6612,3255
3350,create,paib-gpu/openb-pod-7611,3256
3351,create,paib-gpu/openb-pod-4348,3257
3352,create,paib-gpu/openb-pod-6841,3258
3353,create,paib-gpu/openb-pod-7300,3259
3354,create,paib-gpu/openb-pod-4076,3260
3355,create,paib-gpu/openb-pod-2719,3261
3356,create,paib-gpu/openb-pod-4684,3262
3357,create,paib-gpu/openb-pod-6037,3263
3358,create,paib-gpu/openb-pod-6584,3264
3359,create,paib-gpu/openb-pod-0628,3265
3360,create,paib-gpu/openb-pod-3072,3266
3361,create,paib-gpu/openb-pod-4927,3267
3362,create,paib-gpu/openb-pod-4514,3268
3363,failed,paib-gpu/openb-pod-2129,3268
3364,create,paib-gpu/openb-pod-0851,3269
3365,create,paib-gpu/openb-pod-2814,3270
3366,create,paib-gpu/openb-pod-5135,3271
3367,create,paib-gpu/openb-pod-0821,3272
3368,create,paib-gpu/openb-pod-3819,3273
3369,create,paib-gpu/openb-pod-7654,3274
3370,create,paib-gpu/openb-pod-2341,3275
3371,create,paib-gpu/openb-pod-5960,3276
3372,create,paib-gpu/openb-pod-4399,3277
3373,create,paib-gpu/openb-pod-7584,3278
3374,create,paib-gpu/openb-pod-6172,3279
3375,create,paib-gpu/openb-pod-6856,3280
3376,create,paib-gpu/openb-pod-4985,3281
3377,create,paib-gpu/openb-pod-2959,3282
3378,create,paib-gpu/openb-pod-7375,3283
3379,create,paib-gpu/openb-pod-1624,3284
3380,create,paib-gpu/openb-pod-3565,3285
3381,create,paib-gpu/openb-pod-1665,3286
3382,create,paib-gpu/openb-pod-7954,3287
3383,create,paib-gpu/openb-pod-4779,3288
3384,create,paib-gpu/openb-pod-5224,3289
3385,create,paib-gpu/openb-pod-8092,3290
3386,create,paib-gpu/openb-pod-7348,3291
3387,create,paib-gpu/openb-pod-5755,3292
3388,create,paib-gpu/openb-pod-2976,3293
3389,create,paib-gpu/openb-pod-1584,3294
3390,create,paib-gpu/openb-pod-1266,3295
3391,create,paib-gpu/openb-pod-5239,3296
3392,create,paib-gpu/openb-pod-4675,3297
3393,create,paib-gpu/openb-pod-1759,3298
3394,create,paib-gpu/openb-pod-0981,3299
3395,create,paib-gpu/openb-pod-1272,3300
3396,create,paib-gpu/openb-pod-0964,3301
3397,create,paib-gpu/openb-pod-2658,3302
3398,create,paib-gpu/openb-pod-5262,3303
3399,create,paib-gpu/openb-pod-7230,3304
3400,create,paib-gpu/openb-pod-4499,3305
3401,create,paib-gpu/openb-pod-3695,3306
3402,create,paib-gpu/openb-pod-6700,3307
3403,create,paib-gpu/openb-pod-5297,3308
3404,failed,paib-gpu/openb-pod-2507,3308
3405,create,paib-gpu/openb-pod-7531,3309
3406,create,paib-gpu/openb-pod-5083,3310
3407,create,paib-gpu/openb-pod-5596,3311
3408,create,paib-gpu/openb-pod-4354,3312
3409,failed,paib-gpu/openb-pod-6785,3312
3410,create,paib-gpu/openb-pod-5211,3313
3411,create,paib-gpu/openb-pod-3719,3314
3412,create,paib-gpu/openb-pod-1534,3315
3413,failed,paib-gpu/openb-pod-2140,3315
3414,failed,paib-gpu/openb-pod-6494,3315
3415,create,paib-gpu/openb-pod-2029,3316
3416,create,paib-gpu/openb-pod-7271,3317
3417,create,paib-gpu/openb-pod-3017,3318
3418,create,paib-gpu/openb-pod-1350,3319
3419,create,paib-gpu/openb-pod-4424,3320
3420,create,paib-gpu/openb-pod-5001,3321
3421,create,paib-gpu/openb-pod-0015,3322
3422,failed,paib-gpu/openb-pod-7316,3322
3423,create,paib-gpu/openb-pod-5943,3323
3424,create,paib-gpu/openb-pod-4014,3324
3425,create,paib-gpu/openb-pod-4723,3325
3426,failed,paib-gpu/openb-pod-5819,3325
3427,create,paib-gpu/openb-pod-5397,3326
3428,create,paib-gpu/openb-pod-7916,3327
3429,create,paib-gpu/openb-pod-0483,3328
3430,create,paib-gpu/openb-pod-6731,3329
3431,create,paib-gpu/openb-pod-0404,3330
3432,create,paib-gpu/openb-pod-3215,3331
3433,create,paib-gpu/openb-pod-2346,3332
3434,create,paib-gpu/openb-pod-4003,3333
3435,create,paib-gpu/openb-pod-0214,3334
3436,create,paib-gpu/openb-pod-4621,3335
3437,create,paib-gpu/openb-pod-5683,3336
3438,create,paib-gpu/openb-pod-4157,3337
3439,create,paib-gpu/openb-pod-1737,3338
3440,failed,paib-gpu/openb-pod-3912,3338
3441,create,paib-gpu/openb-pod-7194,3339
3442,create,paib-gpu/openb-pod-6167,3340
3443,create,paib-gpu/openb-pod-1969,3341
3444,create,paib-gpu/openb-pod-5595,3342
3445,create,paib-gpu/openb-pod-1337,3343
3446,create,paib-gpu/openb-pod-6727,3344
3447,create,paib-gpu/openb-pod-1934,3345
3448,create,paib-gpu/openb-pod-6326,3346
3449,failed,paib-gpu/openb-pod-5261,3346
3450,create,paib-gpu/openb-pod-0939,3347
3451,create,paib-gpu/openb-pod-4961,3348
3452,create,paib-gpu/openb-pod-3958,3349
3453,failed,paib-gpu/openb-pod-3475,3349
3454,create,paib-gpu/openb-pod-1570,3350
3455,create,paib-gpu/openb-pod-5837,3351
3456,create,paib-gpu/openb-pod-1646,3352
3457,create,paib-gpu/openb-pod-7042,3353
3458,create,paib-gpu/openb-pod-6128,3354
3459,create,paib-gpu/openb-pod-0876,3355
3460,create,paib-gpu/openb-pod-1001,3356
3461,create,paib-gpu/openb-pod-5623,3357
3462,create,paib-gpu/openb-pod-2053,3358
3463,create,paib-gpu/openb-pod-5618,3359
3464,create,paib-gpu/openb-pod-6713,3360
3465,create,paib-gpu/openb-pod-5140,3361
3466,create,paib-gpu/openb-pod-0540,3362
3467,failed,paib-gpu/openb-pod-0850,3362
3468,create,paib-gpu/openb-pod-6315,3363
3469,create,paib-gpu/openb-pod-4066,3364
3470,create,paib-gpu/openb-pod-1821,3365
3471,create,paib-gpu/openb-pod-7589,3366
3472,create,paib-gpu/openb-pod-2484,3367
3473,failed,paib-gpu/openb-pod-3842,3367
3474,create,paib-gpu/openb-pod-1405,3368
3475,create,paib-gpu/openb-pod-2977,3369
3476,failed,paib-gpu/openb-pod-3815,3369
3477,failed,paib-gpu/openb-pod-0725,3369
3478,create,paib-gpu/openb-pod-1092,3370
3479,create,paib-gpu/openb-pod-3297,3371
3480,create,paib-gpu/openb-pod-3424,3372
3481,create,paib-gpu/openb-pod-1510,3373
3482,create,paib-gpu/openb-pod-0002,3374
3483,create,paib-gpu/openb-pod-0172,3375
3484,create,paib-gpu/openb-pod-7602,3376
3485,create,paib-gpu/openb-pod-0105,3377
3486,create,paib-gpu/openb-pod-2782,3378
3487,create,paib-gpu/openb-pod-3831,3379
3488,create,paib-gpu/openb-pod-0391,3380
3489,create,paib-gpu/openb-pod-3714,3381
3490,create,paib-gpu/openb-pod-0503,3382
3491,create,paib-gpu/openb-pod-2663,3383
3492,create,paib-gpu/openb-pod-7125,3384
3493,create,paib-gpu/openb-pod-5619,3385
3494,create,paib-gpu/openb-pod-7906,3386
3495,create,paib-gpu/openb-pod-2488,3387
3496,create,paib-gpu/openb-pod-7772,3388
3497,create,paib-gpu/openb-pod-0741,3389
3498,create,paib-gpu/openb-pod-2215,3390
3499,create,paib-gpu/openb-pod-8054,3391
3500,create,paib-gpu/openb-pod-2762,3392
3501,create,paib-gpu/openb-pod-1881,3393
3502,create,paib-gpu/openb-pod-4614,3394
3503,create,paib-gpu/openb-pod-8029,3395
3504,create,paib-gpu/openb-pod-7488,3396
3505,create,paib-gpu/openb-pod-7556,3397
3506,create,paib-gpu/openb-pod-1031,3398
3507,create,paib-gpu/openb-pod-1490,3399
3508,create,paib-gpu/openb-pod-2580,3400
3509,create,paib-gpu/openb-pod-4919,3401
3510,create,paib-gpu/openb-pod-0895,3402
3511,create,paib-gpu/openb-pod-7117,3403
3512,create,paib-gpu/openb-pod-2154,3404
3513,create,paib-gpu/openb-pod-6640,3405
3514,create,paib-gpu/openb-pod-4548,3406
3515,create,paib-gpu/openb-pod-4570,3407
3516,create,paib-gpu/openb-pod-1315,3408
3517,create,paib-gpu/openb-pod-6756,3409
3518,create,paib-gpu/openb-pod-0087,3410
3519,create,paib-gpu/openb-pod-1642,3411
3520,create,paib-gpu/openb-pod-6362,3412
3521,create,paib-gpu/openb-pod-4761,3413
3522,create,paib-gpu/openb-pod-1441,3414
3523,create,paib-gpu/openb-pod-5702,3415
3524,create,paib-gpu/openb-pod-5538,3416
3525,create,paib-gpu/openb-pod-1320,3417
3526,create,paib-gpu/openb-pod-2924,3418
3527,create,paib-gpu/openb-pod-3372,3419
3528,create,paib-gpu/openb-pod-2478,3420
3529,create,paib-gpu/openb-pod-3202,3421
3530,create,paib-gpu/openb-pod-2061,3422
3531,create,paib-gpu/openb-pod-0808,3423
3532,create,paib-gpu/openb-pod-7904,3424
3533,create,paib-gpu/openb-pod-1628,3425
3534,create,paib-gpu/openb-pod-4814,3426
3535,create,paib-gpu/openb-pod-1807,3427
3536,create,paib-gpu/openb-pod-4783,3428
3537,failed,paib-gpu/openb-pod-2846,3428
3538,create,paib-gpu/openb-pod-2927,3429
3539,create,paib-gpu/openb-pod-3858,3430
3540,create,paib-gpu/openb-pod-6635,3431
3541,create,paib-gpu/openb-pod-2060,3432
3542,create,paib-gpu/openb-pod-4209,3433
3543,create,paib-gpu/openb-pod-0450,3434
3544,create,paib-gpu/openb-pod-1851,3435
3545,failed,paib-gpu/openb-pod-4225,3435
3546,create,paib-gpu/openb-pod-1360,3436
3547,create,paib-gpu/openb-pod-2513,3437
3548,create,paib-gpu/openb-pod-1955,3438
3549,create,paib-gpu/openb-pod-7984,3439
3550,create,paib-gpu/openb-pod-5347,3440
3551,create,paib-gpu/openb-pod-0428,3441
3552,create,paib-gpu/openb-pod-6602,3442
3553,create,paib-gpu/openb-pod-5232,3443
3554,create,paib-gpu/openb-pod-3417,3444
3555,create,paib-gpu/openb-pod-3430,3445
3556,create,paib-gpu/openb-pod-1284,3446
3557,create,paib-gpu/openb-pod-6705,3447
3558,create,paib-gpu/openb-pod-4954,3448
3559,create,paib-gpu/openb-pod-2464,3449
3560,create,paib-gpu/openb-pod-7174,3450
3561,create,paib-gpu/openb-pod-2377,3451
3562,create,paib-gpu/openb-pod-8083,3452
3563,create,paib-gpu/openb-pod-4500,3453
3564,create,paib-gpu/openb-pod-0651,3454
3565,create,paib-gpu/openb-pod-0780,3455
3566,create,paib-gpu/openb-pod-7179,3456
3567,create,paib-gpu/openb-pod-3451,3457
3568,create,paib-gpu/openb-pod-8140,3458
3569,create,paib-gpu/openb-pod-5732,3459
3570,create,paib-gpu/openb-pod-2094,3460
3571,create,paib-gpu/openb-pod-2583,3461
3572,create,paib-gpu/openb-pod-1735,3462
3573,create,paib-gpu/openb-pod-7606,3463
3574,create,paib-gpu/openb-pod-7091,3464
3575,create,paib-gpu/openb-pod-3780,3465
3576,create,paib-gpu/openb-pod-5470,3466
3577,failed,paib-gpu/openb-pod-2992,3466
3578,create,paib-gpu/openb-pod-1880,3467
3579,create,paib-gpu/openb-pod-2932,3468
3580,create,paib-gpu/openb-pod-2449,3469
3581,create,paib-gpu/openb-pod-5230,3470
3582,create,paib-gpu/openb-pod-0212,3471
3583,create,paib-gpu/openb-pod-7190,3472
3584,create,paib-gpu/openb-pod-2769,3473
3585,create,paib-gpu/openb-pod-1980,3474
3586,create,paib-gpu/openb-pod-5821,3475
3587,create,paib-gpu/openb-pod-8009,3476
3588,create,paib-gpu/openb-pod-1422,3477
3589,create,paib-gpu/openb-pod-0360,3478
3590,create,paib-gpu/openb-pod-6861,3479
3591,create,paib-gpu/openb-pod-4131,3480
3592,create,paib-gpu/openb-pod-4670,3481
3593,create,paib-gpu/openb-pod-4660,3482
3594,create,paib-gpu/openb-pod-3351,3483
3595,create,paib-gpu/openb-pod-4038,3484
3596,create,paib-gpu/openb-pod-3827,3485
3597,create,paib-gpu/openb-pod-2458,3486
3598,create,paib-gpu/openb-pod-0234,3487
3599,create,paib-gpu/openb-pod-3504,3488
3600,create,paib-gpu/openb-pod-3997,3489
3601,create,paib-gpu/openb-pod-4601,3490
3602,create,paib-gpu/openb-pod-5793,3491
3603,create,paib-gpu/openb-pod-0649,3492
3604,create,paib-gpu/openb-pod-3162,3493
3605,create,paib-gpu/openb-pod-7040,3494
3606,create,paib-gpu/openb-pod-1530,3495
3607,create,paib-gpu/openb-pod-6597,3496
3608,failed,paib-gpu/openb-pod-3541,3496
3609,create,paib-gpu/openb-pod-4034,3497
3610,create,paib-gpu/openb-pod-3512,3498
3611,create,paib-gpu/openb-pod-3668,3499
3612,create,paib-gpu/openb-pod-2128,3500
3613,create,paib-gpu/openb-pod-0645,3501
3614,create,paib-gpu/openb-pod-4372,3502
3615,failed,paib-gpu/openb-pod-5643,3502
3616,create,paib-gpu/openb-pod-5584,3503
3617,create,paib-gpu/openb-pod-3587,3504
3618,failed,paib-gpu/openb-pod-7963,3504
3619,create,paib-gpu/openb-pod-5657,3505
3620,create,paib-gpu/openb-pod-1596,3506
3621,create,paib-gpu/openb-pod-0564,3507
3622,create,paib-gpu/openb-pod-1605,3508
3623,create,paib-gpu/openb-pod-8024,3509
3624,create,paib-gpu/openb-pod-1569,3510
3625,create,paib-gpu/openb-pod-4612,3511
3626,create,paib-gpu/openb-pod-4094,3512
3627,create,paib-gpu/openb-pod-7917,3513
3628,create,paib-gpu/openb-pod-4133,3514
3629,create,paib-gpu/openb-pod-3508,3515
3630,create,paib-gpu/openb-pod-2264,3516
3631,create,paib-gpu/openb-pod-5885,3517
3632,create,paib-gpu/openb-pod-4425,3518
3633,create,paib-gpu/openb-pod-7791,3519
3634,create,paib-gpu/openb-pod-6563,3520
3635,create,paib-gpu/openb-pod-3678,3521
3636,create,paib-gpu/openb-pod-2183,3522
3637,failed,paib-gpu/openb-pod-5039,3522
3638,create,paib-gpu/openb-pod-7830,3523
3639,create,paib-gpu/openb-pod-5519,3524
3640,failed,paib-gpu/openb-pod-2582,3524
3641,create,paib-gpu/openb-pod-1687,3525
3642,create,paib-gpu/openb-pod-3102,3526
3643,create,paib-gpu/openb-pod-6358,3527
3644,failed,paib-gpu/openb-pod-2068,3527
3645,create,paib-gpu/openb-pod-6969,3528
3646,create,paib-gpu/openb-pod-2699,3529
3647,create,paib-gpu/openb-pod-1940,3530
3648,create,paib-gpu/openb-pod-6096,3531
3649,failed,paib-gpu/openb-pod-2462,3531
3650,create,paib-gpu/openb-pod-2200,3532
3651,create,paib-gpu/openb-pod-2485,3533
3652,create,paib-gpu/openb-pod-0836,3534
3653,create,paib-gpu/openb-pod-2266,3535
3654,create,paib-gpu/openb-pod-6538,3536
3655,create,paib-gpu/openb-pod-8005,3537
3656,create,paib-gpu/openb-pod-4872,3538
3657,create,paib-gpu/openb-pod-4960,3539
3658,create,paib-gpu/openb-pod-5030,3540
3659,create,paib-gpu/openb-pod-7499,3541
3660,create,paib-gpu/openb-pod-7045,3542
3661,create,paib-gpu/openb-pod-2495,3543
3662,create,paib-gpu/openb-pod-1709,3544
3663,create,paib-gpu/openb-pod-5447,3545
3664,create,paib-gpu/openb-pod-4090,3546
3665,create,paib-gpu/openb-pod-3198,3547
3666,create,paib-gpu/openb-pod-3144,3548
3667,create,paib-gpu/openb-pod-3401,3549
3668,create,paib-gpu/openb-pod-1221,3550
3669,create,paib-gpu/openb-pod-7446,3551
3670,create,paib-gpu/openb-pod-3359,3552
3671,create,paib-gpu/openb-pod-2373,3553
3672,create,paib-gpu/openb-pod-3039,3554
3673,create,paib-gpu/openb-pod-3370,3555
3674,create,paib-gpu/openb-pod-1531,3556
3675,create,paib-gpu/openb-pod-0264,3557
3676,create,paib-gpu/openb-pod-1947,3558
3677,create,paib-gpu/openb-pod-6311,3559
3678,create,paib-gpu/openb-pod-0573,3560
3679,create,paib-gpu/openb-pod-2558,3561
3680,create,paib-gpu/openb-pod-7666,3562
3681,create,paib-gpu/openb-pod-1965,3563
3682,create,paib-gpu/openb-pod-1234,3564
3683,create,paib-gpu/openb-pod-5956,3565
3684,create,paib-gpu/openb-pod-0966,3566
3685,create,paib-gpu/openb-pod-5185,3567
3686,create,paib-gpu/openb-pod-5015,3568
3687,create,paib-gpu/openb-pod-6499,3569
3688,failed,paib-gpu/openb-pod-4270,3569
3689,create,paib-gpu/openb-pod-5311,3570
3690,create,paib-gpu/openb-pod-6543,3571
3691,create,paib-gpu/openb-pod-3164,3572
3692,failed,paib-gpu/openb-pod-3296,3572
3693,create,paib-gpu/openb-pod-8134,3573
3694,create,paib-gpu/openb-pod-2697,3574
3695,create,paib-gpu/openb-pod-0198,3575
3696,create,paib-gpu/openb-pod-3125,3576
3697,create,paib-gpu/openb-pod-4780,3577
3698,create,paib-gpu/openb-pod-7518,3578
3699,create,paib-gpu/openb-pod-6200,3579
3700,create,paib-gpu/openb-pod-4091,3580
3701,create,paib-gpu/openb-pod-6472,3581
3702,create,paib-gpu/openb-pod-8099,3582
3703,create,paib-gpu/openb-pod-3854,3583
3704,create,paib-gpu/openb-pod-1150,3584
3705,create,paib-gpu/openb-pod-7489,3585
3706,create,paib-gpu/openb-pod-2151,3586
3707,create,paib-gpu/openb-pod-1928,3587
3708,create,paib-gpu/openb-pod-1108,3588
3709,create,paib-gpu/openb-pod-5848,3589
3710,create,paib-gpu/openb-pod-1908,3590
3711,create,paib-gpu/openb-pod-4135,3591
3712,create,paib-gpu/openb-pod-5062,3592
3713,create,paib-gpu/openb-pod-3434,3593
3714,create,paib-gpu/openb-pod-7415,3594
3715,create,paib-gpu/openb-pod-5479,3595
3716,create,paib-gpu/openb-pod-1390,3596
3717,create,paib-gpu/openb-pod-1804,3597
3718,create,paib-gpu/openb-pod-0736,3598
3719,create,paib-gpu/openb-pod-3523,3599
3720,create,paib-gpu/openb-pod-7988,3600
3721,create,paib-gpu/openb-pod-1705,3601
3722,create,paib-gpu/openb-pod-1951,3602
3723,create,paib-gpu/openb-pod-6478,3603
3724,create,paib-gpu/openb-pod-2840,3604
3725,create,paib-gpu/openb-pod-6287,3605
3726,create,paib-gpu/openb-pod-6780,3606
3727,create,paib-gpu/openb-pod-0300,3607
3728,create,paib-gpu/openb-pod-3209,3608
3729,create,paib-gpu/openb-pod-3784,3609
3730,create,paib-gpu/openb-pod-3755,3610
3731,create,paib-gpu/openb-pod-1716,3611
3732,create,paib-gpu/openb-pod-6017,3612
3733,create,paib-gpu/openb-pod-5409,3613
3734,failed,paib-gpu/openb-pod-5417,3613
3735,create,paib-gpu/openb-pod-3888,3614
3736,create,paib-gpu/openb-pod-3429,3615
3737,create,paib-gpu/openb-pod-2999,3616
3738,create,paib-gpu/openb-pod-4130,3617
3739,create,paib-gpu/openb-pod-4106,3618
3740,create,paib-gpu/openb-pod-0782,3619
3741,create,paib-gpu/openb-pod-5662,3620
3742,create,paib-gpu/openb-pod-0874,3621
3743,create,paib-gpu/openb-pod-1090,3622
3744,create,paib-gpu/openb-pod-4144,3623
3745,create,paib-gpu/openb-pod-7950,3624
3746,create,paib-gpu/openb-pod-6406,3625
3747,create,paib-gpu/openb-pod-7897,3626
3748,create,paib-gpu/openb-pod-1353,3627
3749,create,paib-gpu/openb-pod-8142,3628
3750,create,paib-gpu/openb-pod-0759,3629
3751,create,paib-gpu/openb-pod-2292,3630
3752,create,paib-gpu/openb-pod-7118,3631
3753,failed,paib-gpu/openb-pod-1853,3631
3754,create,paib-gpu/openb-pod-6149,3632
3755,create,paib-gpu/openb-pod-2256,3633
3756,failed,paib-gpu/openb-pod-3456,3633
3757,create,paib-gpu/openb-pod-5725,3634
3758,create,paib-gpu/openb-pod-4627,3635
3759,failed,paib-gpu/openb-pod-0010,3635
3760,create,paib-gpu/openb-pod-0678,3636
3761,failed,paib-gpu/openb-pod-6634,3636
3762,create,paib-gpu/openb-pod-2950,3637
3763,create,paib-gpu/openb-pod-6298,3638
3764,create,paib-gpu/openb-pod-6911,3639
3765,create,paib-gpu/openb-pod-2497,3640
3766,create,paib-gpu/openb-pod-0587,3641
3767,create,paib-gpu/openb-pod-7876,3642
3768,create,paib-gpu/openb-pod-0640,3643
3769,create,paib-gpu/openb-pod-2742,3644
3770,create,paib-gpu/openb-pod-4609,3645
3771,create,paib-gpu/openb-pod-7273,3646
3772,create,paib-gpu/openb-pod-3532,3647
3773,create,paib-gpu/openb-pod-4892,3648
3774,create,paib-gpu/openb-pod-1035,3649
3775,create,paib-gpu/openb-pod-6229,3650
3776,create,paib-gpu/openb-pod-2910,3651
3777,create,paib-gpu/openb-pod-5446,3652
3778,create,paib-gpu/openb-pod-5695,3653
3779,create,paib-gpu/openb-pod-1879,3654
3780,create,paib-gpu/openb-pod-8000,3655
3781,create,paib-gpu/openb-pod-7656,3656
3782,create,paib-gpu/openb-pod-0393,3657
3783,create,paib-gpu/openb-pod-1187,3658
3784,create,paib-gpu/openb-pod-5800,3659
3785,create,paib-gpu/openb-pod-4625,3660
3786,create,paib-gpu/openb-pod-6048,3661
3787,create,paib-gpu/openb-pod-0262,3662
3788,create,paib-gpu/openb-pod-1551,3663
3789,create,paib-gpu/openb-pod-1023,3664
3790,create,paib-gpu/openb-pod-2143,3665
3791,create,paib-gpu/openb-pod-4382,3666
3792,create,paib-gpu/openb-pod-4153,3667
3793,create,paib-gpu/openb-pod-5468,3668
3794,create,paib-gpu/openb-pod-1660,3669
3795,create,paib-gpu/openb-pod-6601,3670
3796,create,paib-gpu/openb-pod-1273,3671
3797,create,paib-gpu/openb-pod-3274,3672
3798,create,paib-gpu/openb-pod-2787,3673
3799,create,paib-gpu/openb-pod-0962,3674
3800,create,paib-gpu/openb-pod-7945,3675
3801,create,paib-gpu/openb-pod-4782,3676
3802,create,paib-gpu/openb-pod-4362,3677
3803,create,paib-gpu/openb-pod-0525,3678
3804,create,paib-gpu/openb-pod-0824,3679
3805,create,paib-gpu/openb-pod-1718,3680
3806,create,paib-gpu/openb-pod-7098,3681
3807,create,paib-gpu/openb-pod-0126,3682
3808,failed,paib-gpu/openb-pod-0096,3682
3809,create,paib-gpu/openb-pod-2752,3683
3810,create,paib-gpu/openb-pod-2509,3684
3811,create,paib-gpu/openb-pod-0626,3685
3812,create,paib-gpu/openb-pod-6078,3686
3813,create,paib-gpu/openb-pod-7845,3687
3814,create,paib-gpu/openb-pod-3887,3688
3815,create,paib-gpu/openb-pod-6791,3689
3816,create,paib-gpu/openb-pod-1725,3690
3817,create,paib-gpu/openb-pod-7895,3691
3818,create,paib-gpu/openb-pod-6623,3692
3819,create,paib-gpu/openb-pod-4007,3693
3820,failed,paib-gpu/openb-pod-7494,3693
3821,create,paib-gpu/openb-pod-5667,3694
3822,create,paib-gpu/openb-pod-7113,3695
3823,create,paib-gpu/openb-pod-2707,3696
3824,create,paib-gpu/openb-pod-3447,3697
3825,create,paib-gpu/openb-pod-8079,3698
3826,create,paib-gpu/openb-pod-1896,3699
3827,create,paib-gpu/openb-pod-4932,3700
3828,create,paib-gpu/openb-pod-1590,3701
3829,create,paib-gpu/openb-pod-6938,3702
3830,create,paib-gpu/openb-pod-2196,3703
3831,create,paib-gpu/openb-pod-0164,3704
3832,create,paib-gpu/openb-pod-0584,3705
3833,create,paib-gpu/openb-pod-2843,3706
3834,create,paib-gpu/openb-pod-3906,3707
3835,create,paib-gpu/openb-pod-6706,3708
3836,create,paib-gpu/openb-pod-1036,3709
3837,create,paib-gpu/openb-pod-6886,3710
3838,create,paib-gpu/openb-pod-2797,3711
3839,create,paib-gpu/openb-pod-3218,3712
3840,failed,paib-gpu/openb-pod-4459,3712
3841,create,paib-gpu/openb-pod-2785,3713
3842,create,paib-gpu/openb-pod-7170,3714
3843,create,paib-gpu/openb-pod-7700,3715
3844,create,paib-gpu/openb-pod-2291,3716
3845,create,paib-gpu/openb-pod-6707,3717
3846,create,paib-gpu/openb-pod-4319,3718
3847,create,paib-gpu/openb-pod-5252,3719
3848,create,paib-gpu/openb-pod-6669,3720
3849,create,paib-gpu/openb-pod-4308,3721
3850,create,paib-gpu/openb-pod-3704,3722
3851,create,paib-gpu/openb-pod-1345,3723
3852,create,paib-gpu/openb-pod-3037,3724
3853,create,paib-gpu/openb-pod-4643,3725
3854,create,paib-gpu/openb-pod-0774,3726
3855,create,paib-gpu/openb-pod-5072,3727
3856,create,paib-gpu/openb-pod-2589,3728
3857,create,paib-gpu/openb-pod-3161,3729
3858,create,paib-gpu/openb-pod-5028,3730
3859,create,paib-gpu/openb-pod-0902,3731
3860,create,paib-gpu/openb-pod-7448,3732
3861,create,paib-gpu/openb-pod-6415,3733
3862,create,paib-gpu/openb-pod-2767,3734
3863,create,paib-gpu/openb-pod-6074,3735
3864,create,paib-gpu/openb-pod-1640,3736
3865,create,paib-gpu/openb-pod-0180,3737
3866,create,paib-gpu/openb-pod-4849,3738
3867,create,paib-gpu/openb-pod-3630,3739
3868,create,paib-gpu/openb-pod-3652,3740
3869,create,paib-gpu/openb-pod-4380,3741
3870,create,paib-gpu/openb-pod-1058,3742
3871,create,paib-gpu/openb-pod-0583,3743
3872,create,paib-gpu/openb-pod-0226,3744
3873,create,paib-gpu/openb-pod-4760,3745
3874,create,paib-gpu/openb-pod-1143,3746
3875,create,paib-gpu/openb-pod-6594,3747
3876,create,paib-gpu/openb-pod-0907,3748
3877,create,paib-gpu/openb-pod-2396,3749
3878,create,paib-gpu/openb-pod-0985,3750
3879,create,paib-gpu/openb-pod-5517,3751
3880,create,paib-gpu/openb-pod-2212,3752
3881,create,paib-gpu/openb-pod-0560,3753
3882,create,paib-gpu/openb-pod-4120,3754
3883,create,paib-gpu/openb-pod-7401,3755
3884,create,paib-gpu/openb-pod-6716,3756
3885,create,paib-gpu/openb-pod-6926,3757
3886,create,paib-gpu/openb-pod-2383,3758
3887,create,paib-gpu/openb-pod-2946,3759
3888,create,paib-gpu/openb-pod-5750,3760
3889,create,paib-gpu/openb-pod-7795,3761
3890,create,paib-gpu/openb-pod-4707,3762
3891,create,paib-gpu/openb-pod-7509,3763
3892,create,paib-gpu/openb-pod-1603,3764
3893,create,paib-gpu/openb-pod-7163,3765
3894,create,paib-gpu/openb-pod-2229,3766
3895,create,paib-gpu/openb-pod-3859,3767
3896,create,paib-gpu/openb-pod-2987,3768
3897,create,paib-gpu/openb-pod-6374,3769
3898,create,paib-gpu/openb-pod-6724,3770
3899,create,paib-gpu/openb-pod-1050,3771
3900,create,paib-gpu/openb-pod-7207,3772
3901,create,paib-gpu/openb-pod-4050,3773
3902,create,paib-gpu/openb-pod-7053,3774
3903,create,paib-gpu/openb-pod-2014,3775
3904,create,paib-gpu/openb-pod-6119,3776
3905,create,paib-gpu/openb-pod-6551,3777
3906,create,paib-gpu/openb-pod-6892,3778
3907,create,paib-gpu/openb-pod-4630,3779
3908,create,paib-gpu/openb-pod-1858,3780
3909,failed,paib-gpu/openb-pod-1656,3780
3910,create,paib-gpu/openb-pod-2747,3781
3911,create,paib-gpu/openb-pod-6505,3782
3912,create,paib-gpu/openb-pod-0625,3783
3913,create,paib-gpu/openb-pod-3782,3784
3914,create,paib-gpu/openb-pod-3384,3785
3915,create,paib-gpu/openb-pod-3802,3786
3916,create,paib-gpu/openb-pod-4790,3787
3917,create,paib-gpu/openb-pod-3222,3788
3918,create,paib-gpu/openb-pod-5906,3789
3919,create,paib-gpu/openb-pod-6945,3790
3920,create,paib-gpu/openb-pod-7296,3791
3921,create,paib-gpu/openb-pod-7566,3792
3922,create,paib-gpu/openb-pod-2897,3793
3923,create,paib-gpu/openb-pod-2092,3794
3924,failed,paib-gpu/openb-pod-5545,3794
3925,create,paib-gpu/openb-pod-5033,3795
3926,create,paib-gpu/openb-pod-7159,3796
3927,create,paib-gpu/openb-pod-3600,3797
3928,create,paib-gpu/openb-pod-3498,3798
3929,failed,paib-gpu/openb-pod-4800,3798
3930,create,paib-gpu/openb-pod-5137,3799
3931,create,paib-gpu/openb-pod-1992,3800
3932,create,paib-gpu/openb-pod-6557,3801
3933,create,paib-gpu/openb-pod-4329,3802
3934,create,paib-gpu/openb-pod-2326,3803
3935,create,paib-gpu/openb-pod-2329,3804
3936,create,paib-gpu/openb-pod-3339,3805
3937,create,paib-gpu/openb-pod-1128,3806
3938,create,paib-gpu/openb-pod-3363,3807
3939,create,paib-gpu/openb-pod-6310,3808
3940,create,paib-gpu/openb-pod-7444,3809
3941,create,paib-gpu/openb-pod-1233,3810
3942,create,paib-gpu/openb-pod-5077,3811
3943,create,paib-gpu/openb-pod-1816,3812
3944,create,paib-gpu/openb-pod-3855,3813
3945,create,paib-gpu/openb-pod-6180,3814
3946,create,paib-gpu/openb-pod-5831,3815
3947,create,paib-gpu/openb-pod-3944,3816
3948,create,paib-gpu/openb-pod-1593,3817
3949,create,paib-gpu/openb-pod-7464,3818
3950,create,paib-gpu/openb-pod-1782,3819
3951,create,paib-gpu/openb-pod-2272,3820
3952,failed,paib-gpu/openb-pod-2479,3820
3953,create,paib-gpu/openb-pod-3049,3821
3954,create,paib-gpu/openb-pod-2327,3822
3955,create,paib-gpu/openb-pod-3060,3823
3956,create,paib-gpu/openb-pod-3963,3824
3957,create,paib-gpu/openb-pod-6949,3825
3958,create,paib-gpu/openb-pod-6997,3826
3959,create,paib-gpu/openb-pod-5090,3827
3960,create,paib-gpu/openb-pod-4344,3828
3961,create,paib-gpu/openb-pod-5330,3829
3962,create,paib-gpu/openb-pod-6389,3830
3963,create,paib-gpu/openb-pod-5753,3831
3964,create,paib-gpu/openb-pod-4721,3832
3965,create,paib-gpu/openb-pod-8052,3833
3966,create,paib-gpu/openb-pod-2408,3834
3967,create,paib-gpu/openb-pod-5693,3835
3968,create,paib-gpu/openb-pod-4929,3836
3969,create,paib-gpu/openb-pod-2336,3837
3970,create,paib-gpu/openb-pod-0129,3838
3971,failed,paib-gpu/openb-pod-8021,3838
3972,create,paib-gpu/openb-pod-3180,3839
3973,create,paib-gpu/openb-pod-4737,3840
3974,create,paib-gpu/openb-pod-2125,3841
3975,create,paib-gpu/openb-pod-3051,3842
3976,create,paib-gpu/openb-pod-7268,3843
3977,create,paib-gpu/openb-pod-3925,3844
3978,create,paib-gpu/openb-pod-7203,3845
3979,create,paib-gpu/openb-pod-4020,3846
3980,create,paib-gpu/openb-pod-4296,3847
3981,create,paib-gpu/openb-pod-1728,3848
3982,create,paib-gpu/openb-pod-3488,3849
3983,create,paib-gpu/openb-pod-3636,3850
3984,create,paib-gpu/openb-pod-6621,3851
3985,create,paib-gpu/openb-pod-3546,3852
3986,create,paib-gpu/openb-pod-1003,3853
3987,create,paib-gpu/openb-pod-2435,3854
3988,create,paib-gpu/openb-pod-6288,3855
3989,create,paib-gpu/openb-pod-3008,3856
3990,create,paib-gpu/openb-pod-2514,3857
3991,create,paib-gpu/openb-pod-2929,3858
3992,create,paib-gpu/openb-pod-2349,3859
3993,create,paib-gpu/openb-pod-6295,3860
3994,create,paib-gpu/openb-pod-6877,3861
3995,create,paib-gpu/openb-pod-0786,3862
3996,create,paib-gpu/openb-pod-0003,3863
3997,create,paib-gpu/openb-pod-1173,3864
3998,create,paib-gpu/openb-pod-0337,3865
3999,create,paib-gpu/openb-pod-7108,3866
4000,create,paib-gpu/openb-pod-7451,3867
4001,create,paib-gpu/openb-pod-6915,3868
4002,create,paib-gpu/openb-pod-4276,3869
4003,create,paib-gpu/openb-pod-6485,3870
4004,create,paib-gpu/openb-pod-6650,3871
4005,create,paib-gpu/openb-pod-3220,3872
4006,failed,paib-gpu/openb-pod-0020,3872
4007,failed,paib-gpu/openb-pod-4673,3872
4008,create,paib-gpu/openb-pod-2571,3873
4009,create,paib-gpu/openb-pod-4447,3874
4010,create,paib-gpu/openb-pod-5572,3875
4011,create,paib-gpu/openb-pod-4729,3876
4012,create,paib-gpu/openb-pod-2940,3877
4013,create,paib-gpu/openb-pod-8108,3878
4014,create,paib-gpu/openb-pod-7240,3879
4015,create,paib-gpu/openb-pod-1634,3880
4016,create,paib-gpu/openb-pod-6268,3881
4017,create,paib-gpu/openb-pod-7764,3882
4018,create,paib-gpu/openb-pod-0493,3883
4019,create,paib-gpu/openb-pod-5029,3884
4020,failed,paib-gpu/openb-pod-2626,3884
4021,create,paib-gpu/openb-pod-2274,3885
4022,failed,paib-gpu/openb-pod-7730,3885
4023,create,paib-gpu/openb-pod-1581,3886
4024,create,paib-gpu/openb-pod-5008,3887
4025,create,paib-gpu/openb-pod-2166,3888
4026,create,paib-gpu/openb-pod-0065,3889
4027,create,paib-gpu/openb-pod-0679,3890
4028,create,paib-gpu/openb-pod-4303,3891
4029,create,paib-gpu/openb-pod-4742,3892
4030,create,paib-gpu/openb-pod-1194,3893
4031,create,paib-gpu/openb-pod-7545,3894
4032,create,paib-gpu/openb-pod-1916,3895
4033,create,paib-gpu/openb-pod-3902,3896
4034,create,paib-gpu/openb-pod-4649,3897
4035,create,paib-gpu/openb-pod-6846,3898
4036,create,paib-gpu/openb-pod-0961,3899
4037,failed,paib-gpu/openb-pod-5676,3899
4038,create,paib-gpu/openb-pod-5490,3900
4039,create,paib-gpu/openb-pod-2634,3901
4040,failed,paib-gpu/openb-pod-0416,3901
4041,failed,paib-gpu/openb-pod-6467,3901
4042,create,paib-gpu/openb-pod-3087,3902
4043,create,paib-gpu/openb-pod-4727,3903
4044,create,paib-gpu/openb-pod-3115,3904
4045,create,paib-gpu/openb-pod-0024,3905
4046,create,paib-gpu/openb-pod-5147,3906
4047,create,paib-gpu/openb-pod-1040,3907
4048,create,paib-gpu/openb-pod-1779,3908
4049,create,paib-gpu/openb-pod-6484,3909
4050,create,paib-gpu/openb-pod-7565,3910
4051,create,paib-gpu/openb-pod-2740,3911
4052,create,paib-gpu/openb-pod-4292,3912
4053,create,paib-gpu/openb-pod-1493,3913
4054,create,paib-gpu/openb-pod-6101,3914
4055,create,paib-gpu/openb-pod-6513,3915
4056,create,paib-gpu/openb-pod-3996,3916
4057,create,paib-gpu/openb-pod-3174,3917
4058,create,paib-gpu/openb-pod-0355,3918
4059,create,paib-gpu/openb-pod-4741,3919
4060,create,paib-gpu/openb-pod-4035,3920
4061,create,paib-gpu/openb-pod-4086,3921
4062,create,paib-gpu/openb-pod-8030,3922
4063,create,paib-gpu/openb-pod-1707,3923
4064,create,paib-gpu/openb-pod-7455,3924
4065,create,paib-gpu/openb-pod-0494,3925
4066,create,paib-gpu/openb-pod-7231,3926
4067,create,paib-gpu/openb-pod-0486,3927
4068,create,paib-gpu/openb-pod-7184,3928
4069,create,paib-gpu/openb-pod-1130,3929
4070,create,paib-gpu/openb-pod-5992,3930
4071,create,paib-gpu/openb-pod-5122,3931
4072,create,paib-gpu/openb-pod-6012,3932
4073,create,paib-gpu/openb-pod-7821,3933
4074,create,paib-gpu/openb-pod-5117,3934
4075,create,paib-gpu/openb-pod-5349,3935
4076,create,paib-gpu/openb-pod-5887,3936
4077,create,paib-gpu/openb-pod-7559,3937
4078,create,paib-gpu/openb-pod-6348,3938
4079,create,paib-gpu/openb-pod-1113,3939
4080,create,paib-gpu/openb-pod-1954,3940
4081,create,paib-gpu/openb-pod-0060,3941
4082,create,paib-gpu/openb-pod-2023,3942
4083,create,paib-gpu/openb-pod-1379,3943
4084,create,paib-gpu/openb-pod-6880,3944
4085,create,paib-gpu/openb-pod-2873,3945
4086,create,paib-gpu/openb-pod-6596,3946
4087,create,paib-gpu/openb-pod-6890,3947
4088,create,paib-gpu/openb-pod-3226,3948
4089,create,paib-gpu/openb-pod-5987,3949
4090,create,paib-gpu/openb-pod-0529,3950
4091,create,paib-gpu/openb-pod-0259,3951
4092,create,paib-gpu/openb-pod-6089,3952
4093,create,paib-gpu/openb-pod-3255,3953
4094,create,paib-gpu/openb-pod-4365,3954
4095,create,paib-gpu/openb-pod-2357,3955
4096,create,paib-gpu/openb-pod-0910,3956
4097,create,paib-gpu/openb-pod-3105,3957
4098,create,paib-gpu/openb-pod-2171,3958
4099,failed,paib-gpu/openb-pod-1676,3958
4100,create,paib-gpu/openb-pod-2103,3959
4101,create,paib-gpu/openb-pod-0935,3960
4102,create,paib-gpu/openb-pod-6526,3961
4103,create,paib-gpu/openb-pod-0007,3962
4104,failed,paib-gpu/openb-pod-7223,3962
4105,create,paib-gpu/openb-pod-1217,3963
4106,create,paib-gpu/openb-pod-5897,3964
4107,create,paib-gpu/openb-pod-6209,3965
4108,create,paib-gpu/openb-pod-7453,3966
4109,create,paib-gpu/openb-pod-2878,3967
4110,create,paib-gpu/openb-pod-2705,3968
4111,create,paib-gpu/openb-pod-0581,3969
4112,create,paib-gpu/openb-pod-4379,3970
4113,create,paib-gpu/openb-pod-3278,3971
4114,create,paib-gpu/openb-pod-0364,3972
4115,create,paib-gpu/openb-pod-2835,3973
4116,create,paib-gpu/openb-pod-6466,3974
4117,create,paib-gpu/openb-pod-3875,3975
4118,create,paib-gpu/openb-pod-3752,3976
4119,create,paib-gpu/openb-pod-6782,3977
4120,create,paib-gpu/openb-pod-3241,3978
4121,create,paib-gpu/openb-pod-2157,3979
4122,create,paib-gpu/openb-pod-8151,3980
4123,create,paib-gpu/openb-pod-0427,3981
4124,failed,paib-gpu/openb-pod-3680,3981
4125,create,paib-gpu/openb-pod-3391,3982
4126,create,paib-gpu/openb-pod-1112,3983
4127,failed,paib-gpu/openb-pod-4788,3983
4128,create,paib-gpu/openb-pod-5672,3984
4129,create,paib-gpu/openb-pod-6024,3985
4130,create,paib-gpu/openb-pod-5215,3986
4131,create,paib-gpu/openb-pod-6661,3987
4132,create,paib-gpu/openb-pod-7247,3988
4133,create,paib-gpu/openb-pod-7664,3989
4134,create,paib-gpu/openb-pod-3116,3990
4135,create,paib-gpu/openb-pod-8088,3991
4136,create,paib-gpu/openb-pod-7261,3992
4137,create,paib-gpu/openb-pod-1844,3993
4138,create,paib-gpu/openb-pod-6512,3994
4139,create,paib-gpu/openb-pod-0013,3995
4140,create,paib-gpu/openb-pod-6487,3996
4141,create,paib-gpu/openb-pod-4005,3997
4142,create,paib-gpu/openb-pod-2013,3998
4143,create,paib-gpu/openb-pod-5448,3999
4144,create,paib-gpu/openb-pod-0604,4000
4145,create,paib-gpu/openb-pod-4955,4001
4146,create,paib-gpu/openb-pod-2521,4002
4147,create,paib-gpu/openb-pod-6399,4003
4148,create,paib-gpu/openb-pod-3358,4004
4149,create,paib-gpu/openb-pod-2789,4005
4150,create,paib-gpu/openb-pod-6058,4006
4151,create,paib-gpu/openb-pod-7228,4007
4152,create,paib-gpu/openb-pod-6763,4008
4153,create,paib-gpu/openb-pod-0747,4009
4154,create,paib-gpu/openb-pod-0438,4010
4155,create,paib-gpu/openb-pod-0745,4011
4156,create,paib-gpu/openb-pod-7441,4012
4157,create,paib-gpu/openb-pod-4160,4013
4158,create,paib-gpu/openb-pod-0912,4014
4159,create,paib-gpu/openb-pod-4030,4015
4160,create,paib-gpu/openb-pod-0475,4016
4161,create,paib-gpu/openb-pod-0187,4017
4162,create,paib-gpu/openb-pod-2287,4018
4163,create,paib-gpu/openb-pod-7359,4019
4164,create,paib-gpu/openb-pod-1335,4020
4165,create,paib-gpu/openb-pod-6060,4021
4166,create,paib-gpu/openb-pod-2248,4022
4167,create,paib-gpu/openb-pod-2461,4023
4168,create,paib-gpu/openb-pod-5152,4024
4169,create,paib-gpu/openb-pod-7457,4025
4170,create,paib-gpu/openb-pod-0115,4026
4171,create,paib-gpu/openb-pod-0430,4027
4172,create,paib-gpu/openb-pod-5525,4028
4173,create,paib-gpu/openb-pod-6843,4029
4174,create,paib-gpu/openb-pod-5074,4030
4175,create,paib-gpu/openb-pod-0418,4031
4176,failed,paib-gpu/openb-pod-1729,4031
4177,create,paib-gpu/openb-pod-0835,4032
4178,create,paib-gpu/openb-pod-0532,4033
4179,create,paib-gpu/openb-pod-6146,4034
4180,create,paib-gpu/openb-pod-7049,4035
4181,create,paib-gpu/openb-pod-2104,4036
4182,create,paib-gpu/openb-pod-0157,4037
4183,create,paib-gpu/openb-pod-6456,4038
4184,create,paib-gpu/openb-pod-4973,4039
4185,create,paib-gpu/openb-pod-0737,4040
4186,create,paib-gpu/openb-pod-0128,4041
4187,create,paib-gpu/openb-pod-4452,4042
4188,create,paib-gpu/openb-pod-6265,4043
4189,create,paib-gpu/openb-pod-5254,4044
4190,create,paib-gpu/openb-pod-5772,4045
4191,create,paib-gpu/openb-pod-5315,4046
4192,create,paib-gpu/openb-pod-4738,4047
4193,create,paib-gpu/openb-pod-0263,4048
4194,create,paib-gpu/openb-pod-0152,4049
4195,create,paib-gpu/openb-pod-2394,4050
4196,create,paib-gpu/openb-pod-6982,4051
4197,create,paib-gpu/openb-pod-3810,4052
4198,create,paib-gpu/openb-pod-6469,4053
4199,create,paib-gpu/openb-pod-6072,4054
4200,create,paib-gpu/openb-pod-8146,4055
4201,create,paib-gpu/openb-pod-4174,4056
4202,create,paib-gpu/openb-pod-4045,4057
4203,create,paib-gpu/openb-pod-5139,4058
4204,create,paib-gpu/openb-pod-1723,4059
4205,create,paib-gpu/openb-pod-6404,4060
4206,create,paib-gpu/openb-pod-5389,4061
4207,create,paib-gpu/openb-pod-3615,4062
4208,create,paib-gpu/openb-pod-1483,4063
4209,create,paib-gpu/openb-pod-3306,4064
4210,create,paib-gpu/openb-pod-5356,4065
4211,create,paib-gpu/openb-pod-4550,4066
4212,create,paib-gpu/openb-pod-2351,4067
4213,create,paib-gpu/openb-pod-4940,4068
4214,create,paib-gpu/openb-pod-3603,4069
4215,create,paib-gpu/openb-pod-7985,4070
4216,create,paib-gpu/openb-pod-5766,4071
4217,failed,paib-gpu/openb-pod-3571,4071
4218,create,paib-gpu/openb-pod-0118,4072
4219,create,paib-gpu/openb-pod-4096,4073
4220,create,paib-gpu/openb-pod-2387,4074
4221,create,paib-gpu/openb-pod-2295,4075
4222,create,paib-gpu/openb-pod-3947,4076
4223,create,paib-gpu/openb-pod-0605,4077
4224,create,paib-gpu/openb-pod-7183,4078
4225,create,paib-gpu/openb-pod-3520,4079
4226,create,paib-gpu/openb-pod-7828,4080
4227,create,paib-gpu/openb-pod-2813,4081
4228,create,paib-gpu/openb-pod-2467,4082
4229,create,paib-gpu/openb-pod-7067,4083
4230,create,paib-gpu/openb-pod-2027,4084
4231,create,paib-gpu/openb-pod-3485,4085
4232,create,paib-gpu/openb-pod-0084,4086
4233,create,paib-gpu/openb-pod-6115,4087
4234,create,paib-gpu/openb-pod-5903,4088
4235,create,paib-gpu/openb-pod-7541,4089
4236,create,paib-gpu/openb-pod-5523,4090
4237,create,paib-gpu/openb-pod-0456,4091
4238,create,paib-gpu/openb-pod-6211,4092
4239,failed,paib-gpu/openb-pod-0219,4092
4240,create,paib-gpu/openb-pod-0408,4093
4241,failed,paib-gpu/openb-pod-4604,4093
4242,create,paib-gpu/openb-pod-2893,4094
4243,create,paib-gpu/openb-pod-0749,4095
4244,create,paib-gpu/openb-pod-2453,4096
4245,create,paib-gpu/openb-pod-1364,4097
4246,create,paib-gpu/openb-pod-5079,4098
4247,failed,paib-gpu/openb-pod-4846,4098
4248,create,paib-gpu/openb-pod-2544,4099
4249,create,paib-gpu/openb-pod-3742,4100
4250,create,paib-gpu/openb-pod-3823,4101
4251,create,paib-gpu/openb-pod-5651,4102
4252,create,paib-gpu/openb-pod-5774,4103
4253,create,paib-gpu/openb-pod-6411,4104
4254,create,paib-gpu/openb-pod-3471,4105
4255,create,paib-gpu/openb-pod-3585,4106
4256,create,paib-gpu/openb-pod-4784,4107
4257,create,paib-gpu/openb-pod-7219,4108
4258,create,paib-gpu/openb-pod-4061,4109
4259,create,paib-gpu/openb-pod-5944,4110
4260,create,paib-gpu/openb-pod-4414,4111
4261,create,paib-gpu/openb-pod-7473,4112
4262,create,paib-gpu/openb-pod-7288,4113
4263,create,paib-gpu/openb-pod-3165,4114
4264,create,paib-gpu/openb-pod-4181,4115
4265,create,paib-gpu/openb-pod-5526,4116
4266,create,paib-gpu/openb-pod-1751,4117
4267,create,paib-gpu/openb-pod-8036,4118
4268,create,paib-gpu/openb-pod-4920,4119
4269,create,paib-gpu/openb-pod-3735,4120
4270,create,paib-gpu/openb-pod-0990,4121
4271,create,paib-gpu/openb-pod-6595,4122
4272,create,paib-gpu/openb-pod-0080,4123
4273,create,paib-gpu/openb-pod-1886,4124
4274,create,paib-gpu/openb-pod-5504,4125
4275,create,paib-gpu/openb-pod-0085,4126
4276,create,paib-gpu/openb-pod-0167,4127
4277,create,paib-gpu/openb-pod-1944,4128
4278,create,paib-gpu/openb-pod-5094,4129
4279,create,paib-gpu/openb-pod-6662,4130
4280,create,paib-gpu/openb-pod-4922,4131
4281,create,paib-gpu/openb-pod-4434,4132
4282,failed,paib-gpu/openb-pod-2862,4132
4283,create,paib-gpu/openb-pod-3151,4133
4284,create,paib-gpu/openb-pod-0742,4134
4285,create,paib-gpu/openb-pod-2489,4135
4286,create,paib-gpu/openb-pod-0291,4136
4287,create,paib-gpu/openb-pod-1330,4137
4288,create,paib-gpu/openb-pod-6102,4138
4289,create,paib-gpu/openb-pod-7735,4139
4290,create,paib-gpu/openb-pod-5841,4140
4291,create,paib-gpu/openb-pod-6054,4141
4292,create,paib-gpu/openb-pod-0769,4142
4293,create,paib-gpu/openb-pod-2181,4143
4294,create,paib-gpu/openb-pod-4493,4144
4295,create,paib-gpu/openb-pod-1059,4145
4296,create,paib-gpu/openb-pod-4564,4146
4297,create,paib-gpu/openb-pod-7073,4147
4298,create,paib-gpu/openb-pod-5655,4148
4299,create,paib-gpu/openb-pod-3718,4149
4300,create,paib-gpu/openb-pod-7452,4150
4301,create,paib-gpu/openb-pod-6914,4151
4302,create,paib-gpu/openb-pod-2694,4152
4303,create,paib-gpu/openb-pod-6386,4153
4304,create,paib-gpu/openb-pod-7779,4154
4305,failed,paib-gpu/openb-pod-4489,4154
4306,create,paib-gpu/openb-pod-2076,4155
4307,create,paib-gpu/openb-pod-7825,4156
4308,create,paib-gpu/openb-pod-5057,4157
4309,create,paib-gpu/openb-pod-0582,4158
4310,create,paib-gpu/openb-pod-7106,4159
4311,create,paib-gpu/openb-pod-1396,4160
4312,create,paib-gpu/openb-pod-5068,4161
4313,create,paib-gpu/openb-pod-5749,4162
4314,failed,paib-gpu/openb-pod-3494,4162
4315,create,paib-gpu/openb-pod-7865,4163
4316,create,paib-gpu/openb-pod-3851,4164
4317,create,paib-gpu/openb-pod-2597,4165
4318,create,paib-gpu/openb-pod-3709,4166
4319,create,paib-gpu/openb-pod-7195,4167
4320,create,paib-gpu/openb-pod-5780,4168
4321,create,paib-gpu/openb-pod-1708,4169
4322,create,paib-gpu/openb-pod-4416,4170
4323,create,paib-gpu/openb-pod-4968,4171
4324,create,paib-gpu/openb-pod-7075,4172
4325,create,paib-gpu/openb-pod-7189,4173
4326,create,paib-gpu/openb-pod-7508,4174
4327,failed,paib-gpu/openb-pod-6201,4174
4328,create,paib-gpu/openb-pod-1465,4175
4329,create,paib-gpu/openb-pod-4739,4176
4330,create,paib-gpu/openb-pod-4728,4177
4331,create,paib-gpu/openb-pod-2031,4178
4332,create,paib-gpu/openb-pod-6202,4179
4333,create,paib-gpu/openb-pod-3841,4180
4334,create,paib-gpu/openb-pod-6034,4181
4335,create,paib-gpu/openb-pod-4988,4182
4336,create,paib-gpu/openb-pod-0062,4183
4337,create,paib-gpu/openb-pod-3552,4184
4338,create,paib-gpu/openb-pod-4631,4185
4339,create,paib-gpu/openb-pod-8103,4186
4340,create,paib-gpu/openb-pod-0714,4187
4341,create,paib-gpu/openb-pod-3799,4188
4342,create,paib-gpu/openb-pod-2926,4189
4343,create,paib-gpu/openb-pod-2277,4190
4344,create,paib-gpu/openb-pod-0295,4191
4345,create,paib-gpu/openb-pod-4037,4192
4346,create,paib-gpu/openb-pod-6671,4193
4347,create,paib-gpu/openb-pod-0885,4194
4348,create,paib-gpu/openb-pod-1692,4195
4349,create,paib-gpu/openb-pod-8128,4196
4350,create,paib-gpu/openb-pod-1429,4197
4351,create,paib-gpu/openb-pod-6091,4198
4352,create,paib-gpu/openb-pod-1392,4199
4353,create,paib-gpu/openb-pod-1546,4200
4354,create,paib-gpu/openb-pod-5983,4201
4355,create,paib-gpu/openb-pod-4598,4202
4356,create,paib-gpu/openb-pod-5685,4203
4357,create,paib-gpu/openb-pod-3528,4204
4358,create,paib-gpu/openb-pod-0694,4205
4359,create,paib-gpu/openb-pod-5013,4206
4360,create,paib-gpu/openb-pod-4703,4207
4361,create,paib-gpu/openb-pod-2075,4208
4362,create,paib-gpu/openb-pod-7236,4209
4363,create,paib-gpu/openb-pod-4972,4210
4364,create,paib-gpu/openb-pod-6806,4211
4365,create,paib-gpu/openb-pod-3548,4212
4366,create,paib-gpu/openb-pod-2304,4213
4367,create,paib-gpu/openb-pod-0930,4214
4368,create,paib-gpu/openb-pod-2127,4215
4369,create,paib-gpu/openb-pod-3406,4216
4370,create,paib-gpu/openb-pod-5499,4217
4371,create,paib-gpu/openb-pod-0833,4218
4372,create,paib-gpu/openb-pod-3743,4219
4373,create,paib-gpu/openb-pod-6919,4220
4374,create,paib-gpu/openb-pod-3629,4221
4375,create,paib-gpu/openb-pod-6420,4222
4376,create,paib-gpu/openb-pod-5558,4223
4377,create,paib-gpu/openb-pod-5825,4224
4378,create,paib-gpu/openb-pod-2480,4225
4379,create,paib-gpu/openb-pod-4074,4226
4380,failed,paib-gpu/openb-pod-3063,4226
4381,create,paib-gpu/openb-pod-0075,4227
4382,create,paib-gpu/openb-pod-5598,4228
4383,create,paib-gpu/openb-pod-4656,4229
4384,create,paib-gpu/openb-pod-5398,4230
4385,create,paib-gpu/openb-pod-1588,4231
4386,create,paib-gpu/openb-pod-1348,4232
4387,create,paib-gpu/openb-pod-4246,4233
4388,create,paib-gpu/openb-pod-2001,4234
4389,create,paib-gpu/openb-pod-4441,4235
4390,create,paib-gpu/openb-pod-1442,4236
4391,failed,paib-gpu/openb-pod-7610,4236
4392,create,paib-gpu/openb-pod-4687,4237
4393,create,paib-gpu/openb-pod-3817,4238
4394,create,paib-gpu/openb-pod-5436,4239
4395,create,paib-gpu/openb-pod-0156,4240
4396,create,paib-gpu/openb-pod-3140,4241
4397,create,paib-gpu/openb-pod-0638,4242
4398,create,paib-gpu/openb-pod-1615,4243
4399,create,paib-gpu/openb-pod-0331,4244
4400,create,paib-gpu/openb-pod-1962,4245
4401,create,paib-gpu/openb-pod-1398,4246
4402,create,paib-gpu/openb-pod-1957,4247
4403,failed,paib-gpu/openb-pod-0253,4247
4404,create,paib-gpu/openb-pod-1283,4248
4405,create,paib-gpu/openb-pod-5489,4249
4406,create,paib-gpu/openb-pod-7050,4250
4407,create,paib-gpu/openb-pod-0279,4251
4408,create,paib-gpu/openb-pod-2415,4252
4409,create,paib-gpu/openb-pod-6992,4253
4410,create,paib-gpu/openb-pod-5399,4254
4411,create,paib-gpu/openb-pod-4338,4255
4412,create,paib-gpu/openb-pod-1671,4256
4413,create,paib-gpu/openb-pod-3281,4257
4414,create,paib-gpu/openb-pod-6813,4258
4415,create,paib-gpu/openb-pod-6752,4259
4416,create,paib-gpu/openb-pod-1002,4260
4417,create,paib-gpu/openb-pod-4912,4261
4418,create,paib-gpu/openb-pod-5770,4262
4419,create,paib-gpu/openb-pod-0319,4263
4420,create,paib-gpu/openb-pod-3357,4264
4421,create,paib-gpu/openb-pod-1248,4265
4422,create,paib-gpu/openb-pod-2088,4266
4423,create,paib-gpu/openb-pod-0231,4267
4424,create,paib-gpu/openb-pod-3108,4268
4425,create,paib-gpu/openb-pod-2106,4269
4426,failed,paib-gpu/openb-pod-7884,4269
4427,create,paib-gpu/openb-pod-3575,4270
4428,create,paib-gpu/openb-pod-6694,4271
4429,create,paib-gpu/openb-pod-4271,4272
4430,create,paib-gpu/openb-pod-6443,4273
4431,failed,paib-gpu/openb-pod-5804,4273
4432,create,paib-gpu/openb-pod-2399,4274
4433,create,paib-gpu/openb-pod-6667,4275
4434,create,paib-gpu/openb-pod-6769,4276
4435,create,paib-gpu/openb-pod-0830,4277
4436,create,paib-gpu/openb-pod-0282,4278
4437,create,paib-gpu/openb-pod-2535,4279
4438,create,paib-gpu/openb-pod-3807,4280
4439,create,paib-gpu/openb-pod-6740,4281
4440,create,paib-gpu/openb-pod-4925,4282
4441,create,paib-gpu/openb-pod-1182,4283
4442,create,paib-gpu/openb-pod-7812,4284
4443,create,paib-gpu/openb-pod-2532,4285
4444,create,paib-gpu/openb-pod-7947,4286
4445,create,paib-gpu/openb-pod-2611,4287
4446,create,paib-gpu/openb-pod-3768,4288
4447,create,paib-gpu/openb-pod-1577,4289
4448,create,paib-gpu/openb-pod-7694,4290
4449,create,paib-gpu/openb-pod-7013,4291
4450,create,paib-gpu/openb-pod-7244,4292
4451,create,paib-gpu/openb-pod-6799,4293
4452,failed,paib-gpu/openb-pod-2344,4293
4453,create,paib-gpu/openb-pod-5868,4294
4454,create,paib-gpu/openb-pod-7378,4295
4455,create,paib-gpu/openb-pod-3539,4296
4456,failed,paib-gpu/openb-pod-6738,4296
4457,failed,paib-gpu/openb-pod-5768,4296
4458,create,paib-gpu/openb-pod-5267,4297
4459,create,paib-gpu/openb-pod-6041,4298
4460,create,paib-gpu/openb-pod-6683,4299
4461,create,paib-gpu/openb-pod-7646,4300
4462,create,paib-gpu/openb-pod-4297,4301
4463,create,paib-gpu/openb-pod-7332,4302
4464,create,paib-gpu/openb-pod-3492,4303
4465,create,paib-gpu/openb-pod-5453,4304
4466,create,paib-gpu/openb-pod-6844,4305
4467,create,paib-gpu/openb-pod-1424,4306
4468,create,paib-gpu/openb-pod-5203,4307
4469,create,paib-gpu/openb-pod-2672,4308
4470,create,paib-gpu/openb-pod-2235,4309
4471,failed,paib-gpu/openb-pod-4376,4309
4472,create,paib-gpu/openb-pod-0154,4310
4473,create,paib-gpu/openb-pod-5020,4311
4474,create,paib-gpu/openb-pod-2210,4312
4475,failed,paib-gpu/openb-pod-6956,4312
4476,create,paib-gpu/openb-pod-5515,4313
4477,create,paib-gpu/openb-pod-7012,4314
4478,create,paib-gpu/openb-pod-0021,4315
4479,create,paib-gpu/openb-pod-1772,4316
4480,create,paib-gpu/openb-pod-3848,4317
4481,create,paib-gpu/openb-pod-5564,4318
4482,create,paib-gpu/openb-pod-6810,4319
4483,create,paib-gpu/openb-pod-2520,4320
4484,create,paib-gpu/openb-pod-8150,4321
4485,create,paib-gpu/openb-pod-2528,4322
4486,create,paib-gpu/openb-pod-3431,4323
4487,create,paib-gpu/openb-pod-1750,4324
4488,create,paib-gpu/openb-pod-6003,4325
4489,create,paib-gpu/openb-pod-2942,4326
4490,failed,paib-gpu/openb-pod-2184,4326
4491,create,paib-gpu/openb-pod-0880,4327
4492,create,paib-gpu/openb-pod-1791,4328
4493,create,paib-gpu/openb-pod-4724,4329
4494,create,paib-gpu/openb-pod-2892,4330
4495,create,paib-gpu/openb-pod-5757,4331
4496,failed,paib-gpu/openb-pod-7087,4331
4497,create,paib-gpu/openb-pod-7548,4332
4498,failed,paib-gpu/openb-pod-5202,4332
4499,failed,paib-gpu/openb-pod-0378,4332
4500,failed,paib-gpu/openb-pod-7056,4332
4501,failed,paib-gpu/openb-pod-4419,4332
4502,create,paib-gpu/openb-pod-5372,4333
4503,create,paib-gpu/openb-pod-4765,4334
4504,create,paib-gpu/openb-pod-2620,4335
4505,create,paib-gpu/openb-pod-4903,4336
4506,create,paib-gpu/openb-pod-5332,4337
4507,create,paib-gpu/openb-pod-6549,4338
4508,failed,paib-gpu/openb-pod-5005,4338
4509,create,paib-gpu/openb-pod-3365,4339
4510,create,paib-gpu/openb-pod-0459,4340
4511,create,paib-gpu/openb-pod-3288,4341
4512,create,paib-gpu/openb-pod-7674,4342
4513,create,paib-gpu/openb-pod-1216,4343
4514,create,paib-gpu/openb-pod-7181,4344
4515,create,paib-gpu/openb-pod-7538,4345
4516,create,paib-gpu/openb-pod-1743,4346
4517,create,paib-gpu/openb-pod-1633,4347
4518,create,paib-gpu/openb-pod-3794,4348
4519,create,paib-gpu/openb-pod-4446,4349
4520,create,paib-gpu/openb-pod-4229,4350
4521,create,paib-gpu/openb-pod-5362,4351
4522,create,paib-gpu/openb-pod-4603,4352
4523,create,paib-gpu/openb-pod-3065,4353
4524,create,paib-gpu/openb-pod-3844,4354
4525,create,paib-gpu/openb-pod-3019,4355
4526,create,paib-gpu/openb-pod-6761,4356
4527,create,paib-gpu/openb-pod-7989,4357
4528,failed,paib-gpu/openb-pod-4166,4357
4529,create,paib-gpu/openb-pod-0760,4358
4530,create,paib-gpu/openb-pod-0677,4359
4531,create,paib-gpu/openb-pod-3713,4360
4532,create,paib-gpu/openb-pod-7808,4361
4533,create,paib-gpu/openb-pod-2562,4362
4534,create,paib-gpu/openb-pod-3601,4363
4535,create,paib-gpu/openb-pod-4068,4364
4536,create,paib-gpu/openb-pod-5640,4365
4537,create,paib-gpu/openb-pod-1323,4366
4538,create,paib-gpu/openb-pod-7797,4367
4539,create,paib-gpu/openb-pod-0037,4368
4540,create,paib-gpu/openb-pod-2022,4369
4541,create,paib-gpu/openb-pod-3324,4370
4542,create,paib-gpu/openb-pod-1087,4371
4543,create,paib-gpu/openb-pod-5648,4372
4544,create,paib-gpu/openb-pod-7869,4373
4545,create,paib-gpu/openb-pod-4963,4374
4546,create,paib-gpu/openb-pod-3901,4375
4547,create,paib-gpu/openb-pod-7962,4376
4548,create,paib-gpu/openb-pod-2083,4377
4549,create,paib-gpu/openb-pod-2828,4378
4550,create,paib-gpu/openb-pod-4936,4379
4551,create,paib-gpu/openb-pod-6481,4380
4552,create,paib-gpu/openb-pod-3886,4381
4553,create,paib-gpu/openb-pod-3020,4382
4554,create,paib-gpu/openb-pod-1975,4383
4555,create,paib-gpu/openb-pod-4556,4384
4556,create,paib-gpu/openb-pod-8069,4385
4557,failed,paib-gpu/openb-pod-1402,4385
4558,create,paib-gpu/openb-pod-2709,4386
4559,create,paib-gpu/openb-pod-8076,4387
4560,create,paib-gpu/openb-pod-4033,4388
4561,create,paib-gpu/openb-pod-4210,4389
4562,failed,paib-gpu/openb-pod-6335,4389
4563,create,paib-gpu/openb-pod-5225,4390
4564,create,paib-gpu/openb-pod-2826,4391
4565,create,paib-gpu/openb-pod-6299,4392
4566,create,paib-gpu/openb-pod-2035,4393
4567,create,paib-gpu/openb-pod-1669,4394
4568,create,paib-gpu/openb-pod-1635,4395
4569,create,paib-gpu/openb-pod-4763,4396
4570,create,paib-gpu/openb-pod-1899,4397
4571,create,paib-gpu/openb-pod-0165,4398
4572,create,paib-gpu/openb-pod-2883,4399
4573,create,paib-gpu/openb-pod-2540,4400
4574,create,paib-gpu/openb-pod-7071,4401
4575,create,paib-gpu/openb-pod-1649,4402
4576,create,paib-gpu/openb-pod-6418,4403
4577,create,paib-gpu/openb-pod-3918,4404
4578,create,paib-gpu/openb-pod-4956,4405
4579,create,paib-gpu/openb-pod-2195,4406
4580,create,paib-gpu/openb-pod-0617,4407
4581,create,paib-gpu/openb-pod-5664,4408
4582,failed,paib-gpu/openb-pod-6548,4408
4583,create,paib-gpu/openb-pod-1175,4409
4584,create,paib-gpu/openb-pod-4713,4410
4585,create,paib-gpu/openb-pod-3327,4411
4586,create,paib-gpu/openb-pod-3861,4412
4587,create,paib-gpu/openb-pod-4889,4413
4588,create,paib-gpu/openb-pod-2836,4414
4589,create,paib-gpu/openb-pod-0153,4415
4590,create,paib-gpu/openb-pod-4962,4416
4591,create,paib-gpu/openb-pod-7981,4417
4592,create,paib-gpu/openb-pod-5688,4418
4593,create,paib-gpu/openb-pod-1945,4419
4594,create,paib-gpu/openb-pod-0166,4420
4595,create,paib-gpu/openb-pod-7283,4421
4596,create,paib-gpu/openb-pod-2112,4422
4597,create,paib-gpu/openb-pod-4081,4423
4598,create,paib-gpu/openb-pod-3464,4424
4599,create,paib-gpu/openb-pod-1168,4425
4600,create,paib-gpu/openb-pod-7555,4426
4601,create,paib-gpu/openb-pod-6540,4427
4602,create,paib-gpu/openb-pod-0489,4428
4603,create,paib-gpu/openb-pod-7670,4429
4604,create,paib-gpu/openb-pod-0284,4430
4605,create,paib-gpu/openb-pod-1042,4431
4606,create,paib-gpu/openb-pod-5828,4432
4607,create,paib-gpu/openb-pod-6792,4433
4608,create,paib-gpu/openb-pod-4427,4434
4609,create,paib-gpu/openb-pod-0100,4435
4610,create,paib-gpu/openb-pod-3443,4436
4611,failed,paib-gpu/openb-pod-1901,4436
4612,create,paib-gpu/openb-pod-0621,4437
4613,create,paib-gpu/openb-pod-6619,4438
4614,create,paib-gpu/openb-pod-4202,4439
4615,create,paib-gpu/openb-pod-7966,4440
4616,create,paib-gpu/openb-pod-3346,4441
4617,failed,paib-gpu/openb-pod-7946,4441
4618,create,paib-gpu/openb-pod-4336,4442
4619,create,paib-gpu/openb-pod-0701,4443
4620,create,paib-gpu/openb-pod-4332,4444
4621,create,paib-gpu/openb-pod-6656,4445
4622,create,paib-gpu/openb-pod-2134,4446
4623,create,paib-gpu/openb-pod-7898,4447
4624,create,paib-gpu/openb-pod-7855,4448
4625,create,paib-gpu/openb-pod-6787,4449
4626,create,paib-gpu/openb-pod-6967,4450
4627,create,paib-gpu/openb-pod-8031,4451
4628,create,paib-gpu/openb-pod-5441,4452
4629,create,paib-gpu/openb-pod-0365,4453
4630,create,paib-gpu/openb-pod-3405,4454
4631,create,paib-gpu/openb-pod-6874,4455
4632,create,paib-gpu/openb-pod-3822,4456
4633,create,paib-gpu/openb-pod-6663,4457
4634,create,paib-gpu/openb-pod-4340,4458
4635,create,paib-gpu/openb-pod-0207,4459
4636,failed,paib-gpu/openb-pod-5582,4459
4637,create,paib-gpu/openb-pod-4699,4460
4638,create,paib-gpu/openb-pod-2758,4461
4639,create,paib-gpu/openb-pod-3674,4462
4640,create,paib-gpu/openb-pod-2252,4463
4641,create,paib-gpu/openb-pod-6059,4464
4642,create,paib-gpu/openb-pod-1302,4465
4643,create,paib-gpu/openb-pod-0478,4466
4644,create,paib-gpu/openb-pod-4506,4467
4645,create,paib-gpu/openb-pod-7868,4468
4646,create,paib-gpu/openb-pod-5769,4469
4647,create,paib-gpu/openb-pod-0849,4470
4648,create,paib-gpu/openb-pod-2725,4471
4649,create,paib-gpu/openb-pod-4179,4472
4650,create,paib-gpu/openb-pod-1207,4473
4651,failed,paib-gpu/openb-pod-6739,4473
4652,create,paib-gpu/openb-pod-0684,4474
4653,create,paib-gpu/openb-pod-6939,4475
4654,create,paib-gpu/openb-pod-2716,4476
4655,create,paib-gpu/openb-pod-6933,4477
4656,failed,paib-gpu/openb-pod-5744,4477
4657,create,paib-gpu/openb-pod-5044,4478
4658,create,paib-gpu/openb-pod-3826,4479
4659,create,paib-gpu/openb-pod-4794,4480
4660,create,paib-gpu/openb-pod-4867,4481
4661,create,paib-gpu/openb-pod-5009,4482
4662,create,paib-gpu/openb-pod-7187,4483
4663,create,paib-gpu/openb-pod-3067,4484
4664,create,paib-gpu/openb-pod-5581,4485
4665,create,paib-gpu/openb-pod-6448,4486
4666,create,paib-gpu/openb-pod-5082,4487
4667,create,paib-gpu/openb-pod-7427,4488
4668,create,paib-gpu/openb-pod-4453,4489
4669,failed,paib-gpu/openb-pod-0265,4489
4670,create,paib-gpu/openb-pod-8097,4490
4671,create,paib-gpu/openb-pod-4791,4491
4672,create,paib-gpu/openb-pod-2470,4492
4673,create,paib-gpu/openb-pod-0777,4493
4674,create,paib-gpu/openb-pod-7641,4494
4675,create,paib-gpu/openb-pod-7536,4495
4676,create,paib-gpu/openb-pod-2824,4496
4677,create,paib-gpu/openb-pod-5037,4497
4678,create,paib-gpu/openb-pod-7978,4498
4679,create,paib-gpu/openb-pod-5346,4499
4680,create,paib-gpu/openb-pod-3999,4500
4681,create,paib-gpu/openb-pod-5209,4501
4682,create,paib-gpu/openb-pod-0301,4502
4683,create,paib-gpu/openb-pod-5730,4503
4684,create,paib-gpu/openb-pod-7374,4504
4685,create,paib-gpu/openb-pod-7176,4505
4686,create,paib-gpu/openb-pod-5127,4506
4687,create,paib-gpu/openb-pod-5187,4507
4688,create,paib-gpu/openb-pod-5284,4508
4689,create,paib-gpu/openb-pod-7366,4509
4690,create,paib-gpu/openb-pod-5890,4510
4691,create,paib-gpu/openb-pod-0921,4511
4692,create,paib-gpu/openb-pod-6876,4512
4693,create,paib-gpu/openb-pod-7221,4513
4694,create,paib-gpu/openb-pod-0058,4514
4695,create,paib-gpu/openb-pod-1471,4515
4696,create,paib-gpu/openb-pod-7519,4516
4697,create,paib-gpu/openb-pod-4138,4517
4698,create,paib-gpu/openb-pod-4384,4518
4699,create,paib-gpu/openb-pod-7019,4519
4700,create,paib-gpu/openb-pod-1257,4520
4701,create,paib-gpu/openb-pod-3073,4521
4702,create,paib-gpu/openb-pod-0417,4522
4703,create,paib-gpu/openb-pod-2082,4523
4704,create,paib-gpu/openb-pod-2867,4524
4705,create,paib-gpu/openb-pod-6413,4525
4706,create,paib-gpu/openb-pod-2602,4526
4707,create,paib-gpu/openb-pod-0042,4527
4708,create,paib-gpu/openb-pod-1876,4528
4709,create,paib-gpu/openb-pod-3616,4529
4710,create,paib-gpu/openb-pod-0178,4530
4711,failed,paib-gpu/openb-pod-1463,4530
4712,create,paib-gpu/openb-pod-3440,4531
4713,create,paib-gpu/openb-pod-0401,4532
4714,create,paib-gpu/openb-pod-1688,4533
4715,create,paib-gpu/openb-pod-1158,4534
4716,create,paib-gpu/openb-pod-3930,4535
4717,create,paib-gpu/openb-pod-4082,4536
4718,create,paib-gpu/openb-pod-4781,4537
4719,create,paib-gpu/openb-pod-2966,4538
4720,create,paib-gpu/openb-pod-2310,4539
4721,create,paib-gpu/openb-pod-6183,4540
4722,create,paib-gpu/openb-pod-1099,4541
4723,create,paib-gpu/openb-pod-3543,4542
4724,create,paib-gpu/openb-pod-5559,4543
4725,create,paib-gpu/openb-pod-3015,4544
4726,create,paib-gpu/openb-pod-6207,4545
4727,create,paib-gpu/openb-pod-4339,4546
4728,create,paib-gpu/openb-pod-6793,4547
4729,create,paib-gpu/openb-pod-6036,4548
4730,create,paib-gpu/openb-pod-1842,4549
4731,failed,paib-gpu/openb-pod-6470,4549
4732,create,paib-gpu/openb-pod-5741,4550
4733,create,paib-gpu/openb-pod-0919,4551
4734,create,paib-gpu/openb-pod-7644,4552
4735,create,paib-gpu/openb-pod-3068,4553
4736,create,paib-gpu/openb-pod-0117,4554
4737,create,paib-gpu/openb-pod-4641,4555
4738,create,paib-gpu/openb-pod-5622,4556
4739,create,paib-gpu/openb-pod-5763,4557
4740,create,paib-gpu/openb-pod-5387,4558
4741,create,paib-gpu/openb-pod-3273,4559
4742,create,paib-gpu/openb-pod-2706,4560
4743,create,paib-gpu/openb-pod-2900,4561
4744,create,paib-gpu/openb-pod-2064,4562
4745,create,paib-gpu/openb-pod-7238,4563
4746,create,paib-gpu/openb-pod-5361,4564
4747,create,paib-gpu/openb-pod-3329,4565
4748,create,paib-gpu/openb-pod-1959,4566
4749,create,paib-gpu/openb-pod-2259,4567
4750,create,paib-gpu/openb-pod-0711,4568
4751,create,paib-gpu/openb-pod-5767,4569
4752,create,paib-gpu/openb-pod-2397,4570
4753,failed,paib-gpu/openb-pod-2546,4570
4754,create,paib-gpu/openb-pod-4759,4571
4755,create,paib-gpu/openb-pod-2506,4572
4756,create,paib-gpu/openb-pod-0951,4573
4757,create,paib-gpu/openb-pod-2963,4574
4758,create,paib-gpu/openb-pod-4700,4575
4759,create,paib-gpu/openb-pod-6190,4576
4760,create,paib-gpu/openb-pod-3942,4577
4761,create,paib-gpu/openb-pod-1419,4578
4762,create,paib-gpu/openb-pod-6514,4579
4763,failed,paib-gpu/openb-pod-3217,4579
4764,create,paib-gpu/openb-pod-5288,4580
4765,create,paib-gpu/openb-pod-0362,4581
4766,failed,paib-gpu/openb-pod-7387,4581
4767,create,paib-gpu/openb-pod-6232,4582
4768,create,paib-gpu/openb-pod-3061,4583
4769,create,paib-gpu/openb-pod-1727,4584
4770,create,paib-gpu/openb-pod-3302,4585
4771,create,paib-gpu/openb-pod-7220,4586
4772,create,paib-gpu/openb-pod-7304,4587
4773,create,paib-gpu/openb-pod-3262,4588
4774,create,paib-gpu/openb-pod-5942,4589
4775,create,paib-gpu/openb-pod-0370,4590
4776,create,paib-gpu/openb-pod-6215,4591
4777,create,paib-gpu/openb-pod-5541,4592
4778,create,paib-gpu/openb-pod-3256,4593
4779,create,paib-gpu/openb-pod-8119,4594
4780,create,paib-gpu/openb-pod-6690,4595
4781,create,paib-gpu/openb-pod-7016,4596
4782,create,paib-gpu/openb-pod-7235,4597
4783,create,paib-gpu/openb-pod-5576,4598
4784,create,paib-gpu/openb-pod-3985,4599
4785,create,paib-gpu/openb-pod-7478,4600
4786,create,paib-gpu/openb-pod-2496,4601
4787,create,paib-gpu/openb-pod-3258,4602
4788,create,paib-gpu/openb-pod-4560,4603
4789,create,paib-gpu/openb-pod-1165,4604
4790,create,paib-gpu/openb-pod-7659,4605
4791,create,paib-gpu/openb-pod-0077,4606
4792,create,paib-gpu/openb-pod-4801,4607
4793,create,paib-gpu/openb-pod-0308,4608
4794,create,paib-gpu/openb-pod-3381,4609
4795,create,paib-gpu/openb-pod-6511,4610
4796,create,paib-gpu/openb-pod-0804,4611
4797,create,paib-gpu/openb-pod-5318,4612
4798,create,paib-gpu/openb-pod-0820,4613
4799,create,paib-gpu/openb-pod-1523,4614
4800,create,paib-gpu/openb-pod-2255,4615
4801,create,paib-gpu/openb-pod-6234,4616
4802,create,paib-gpu/openb-pod-2395,4617
4803,create,paib-gpu/openb-pod-5095,4618
4804,create,paib-gpu/openb-pod-1958,4619
4805,create,paib-gpu/openb-pod-0653,4620
4806,create,paib-gpu/openb-pod-5473,4621
4807,create,paib-gpu/openb-pod-6845,4622
4808,create,paib-gpu/openb-pod-2402,4623
4809,create,paib-gpu/openb-pod-4740,4624
4810,create,paib-gpu/openb-pod-4958,4625
4811,create,paib-gpu/openb-pod-6227,4626
4812,failed,paib-gpu/openb-pod-4378,4626
4813,create,paib-gpu/openb-pod-5967,4627
4814,create,paib-gpu/openb-pod-5476,4628
4815,create,paib-gpu/openb-pod-5120,4629
4816,create,paib-gpu/openb-pod-4017,4630
4817,create,paib-gpu/openb-pod-1850,4631
4818,create,paib-gpu/openb-pod-1524,4632
4819,create,paib-gpu/openb-pod-6837,4633
4820,create,paib-gpu/openb-pod-2126,4634
4821,create,paib-gpu/openb-pod-2240,4635
4822,create,paib-gpu/openb-pod-3849,4636
4823,create,paib-gpu/openb-pod-8091,4637
4824,create,paib-gpu/openb-pod-1738,4638
4825,create,paib-gpu/openb-pod-7102,4639
4826,create,paib-gpu/openb-pod-7027,4640
4827,create,paib-gpu/openb-pod-4448,4641
4828,create,paib-gpu/openb-pod-4347,4642
4829,create,paib-gpu/openb-pod-6376,4643
4830,create,paib-gpu/openb-pod-1450,4644
4831,create,paib-gpu/openb-pod-3505,4645
4832,create,paib-gpu/openb-pod-4175,4646
4833,create,paib-gpu/openb-pod-6959,4647
4834,create,paib-gpu/openb-pod-2077,4648
4835,create,paib-gpu/openb-pod-2909,4649
4836,create,paib-gpu/openb-pod-8027,4650
4837,create,paib-gpu/openb-pod-1929,4651
4838,create,paib-gpu/openb-pod-6881,4652
4839,create,paib-gpu/openb-pod-7396,4653
4840,create,paib-gpu/openb-pod-6847,4654
4841,create,paib-gpu/openb-pod-3216,4655
4842,create,paib-gpu/openb-pod-0294,4656
4843,create,paib-gpu/openb-pod-1809,4657
4844,create,paib-gpu/openb-pod-7380,4658
4845,create,paib-gpu/openb-pod-5507,4659
4846,create,paib-gpu/openb-pod-3156,4660
4847,failed,paib-gpu/openb-pod-7550,4660
4848,create,paib-gpu/openb-pod-0665,4661
4849,create,paib-gpu/openb-pod-3442,4662
4850,create,paib-gpu/openb-pod-3835,4663
4851,create,paib-gpu/openb-pod-4884,4664
4852,create,paib-gpu/openb-pod-5699,4665
4853,create,paib-gpu/openb-pod-0112,4666
4854,create,paib-gpu/openb-pod-7322,4667
4855,create,paib-gpu/openb-pod-1428,4668
4856,create,paib-gpu/openb-pod-6588,4669
4857,create,paib-gpu/openb-pod-1076,4670
4858,create,paib-gpu/openb-pod-7354,4671
4859,create,paib-gpu/openb-pod-0733,4672
4860,create,paib-gpu/openb-pod-7425,4673
4861,create,paib-gpu/openb-pod-0790,4674
4862,create,paib-gpu/openb-pod-4486,4675
4863,create,paib-gpu/openb-pod-7222,4676
4864,create,paib-gpu/openb-pod-5863,4677
4865,failed,paib-gpu/openb-pod-0654,4677
4866,create,paib-gpu/openb-pod-2637,4678
4867,create,paib-gpu/openb-pod-0044,4679
4868,create,paib-gpu/openb-pod-0242,4680
4869,create,paib-gpu/openb-pod-1936,4681
4870,create,paib-gpu/openb-pod-5220,4682
4871,create,paib-gpu/openb-pod-3355,4683
4872,create,paib-gpu/openb-pod-5182,4684
4873,create,paib-gpu/openb-pod-1960,4685
4874,create,paib-gpu/openb-pod-0815,4686
4875,create,paib-gpu/openb-pod-1748,4687
4876,create,paib-gpu/openb-pod-3098,4688
4877,create,paib-gpu/openb-pod-0825,4689
4878,create,paib-gpu/openb-pod-7982,4690
4879,create,paib-gpu/openb-pod-8110,4691
4880,create,paib-gpu/openb-pod-2847,4692
4881,create,paib-gpu/openb-pod-6745,4693
4882,create,paib-gpu/openb-pod-2744,4694
4883,create,paib-gpu/openb-pod-2039,4695
4884,create,paib-gpu/openb-pod-5787,4696
4885,create,paib-gpu/openb-pod-2631,4697
4886,create,paib-gpu/openb-pod-4971,4698
4887,create,paib-gpu/openb-pod-3031,4699
4888,create,paib-gpu/openb-pod-4810,4700
4889,create,paib-gpu/openb-pod-3954,4701
4890,create,paib-gpu/openb-pod-4285,4702
4891,create,paib-gpu/openb-pod-4234,4703
4892,create,paib-gpu/openb-pod-6980,4704
4893,create,paib-gpu/openb-pod-1339,4705
4894,create,paib-gpu/openb-pod-2084,4706
4895,create,paib-gpu/openb-pod-0109,4707
4896,create,paib-gpu/openb-pod-1819,4708
4897,create,paib-gpu/openb-pod-7849,4709
4898,create,paib-gpu/openb-pod-5947,4710
4899,create,paib-gpu/openb-pod-4561,4711
4900,create,paib-gpu/openb-pod-7307,4712
4901,create,paib-gpu/openb-pod-1511,4713
4902,create,paib-gpu/openb-pod-5306,4714
4903,create,paib-gpu/openb-pod-4677,4715
4904,create,paib-gpu/openb-pod-2356,4716
4905,failed,paib-gpu/openb-pod-7976,4716
4906,create,paib-gpu/openb-pod-1149,4717
4907,create,paib-gpu/openb-pod-3321,4718
4908,create,paib-gpu/openb-pod-4053,4719
4909,create,paib-gpu/openb-pod-6016,4720
4910,create,paib-gpu/openb-pod-1720,4721
4911,failed,paib-gpu/openb-pod-5059,4721
4912,create,paib-gpu/openb-pod-1417,4722
4913,create,paib-gpu/openb-pod-0014,4723
4914,create,paib-gpu/openb-pod-3899,4724
4915,create,paib-gpu/openb-pod-4584,4725
4916,create,paib-gpu/openb-pod-5444,4726
4917,create,paib-gpu/openb-pod-5093,4727
4918,create,paib-gpu/openb-pod-1162,4728
4919,create,paib-gpu/openb-pod-0433,4729
4920,create,paib-gpu/openb-pod-0386,4730
4921,create,paib-gpu/openb-pod-4666,4731
4922,create,paib-gpu/openb-pod-1213,4732
4923,failed,paib-gpu/openb-pod-6031,4732
4924,create,paib-gpu/openb-pod-3077,4733
4925,create,paib-gpu/openb-pod-7060,4734
4926,create,paib-gpu/openb-pod-6165,4735
4927,create,paib-gpu/openb-pod-8040,4736
4928,failed,paib-gpu/openb-pod-5208,4736
4929,create,paib-gpu/openb-pod-6441,4737
4930,create,paib-gpu/openb-pod-0791,4738
4931,create,paib-gpu/openb-pod-4771,4739
4932,create,paib-gpu/openb-pod-3507,4740
4933,create,paib-gpu/openb-pod-0517,4741
4934,create,paib-gpu/openb-pod-4186,4742
4935,create,paib-gpu/openb-pod-4989,4743
4936,create,paib-gpu/openb-pod-1091,4744
4937,create,paib-gpu/openb-pod-1792,4745
4938,create,paib-gpu/openb-pod-7032,4746
4939,create,paib-gpu/openb-pod-4768,4747
4940,create,paib-gpu/openb-pod-4562,4748
4941,failed,paib-gpu/openb-pod-0992,4748
4942,failed,paib-gpu/openb-pod-7521,4748
4943,create,paib-gpu/openb-pod-4907,4749
4944,create,paib-gpu/openb-pod-5810,4750
4945,create,paib-gpu/openb-pod-0893,4751
4946,create,paib-gpu/openb-pod-6173,4752
4947,create,paib-gpu/openb-pod-5762,4753
4948,create,paib-gpu/openb-pod-6477,4754
4949,create,paib-gpu/openb-pod-2226,4755
4950,create,paib-gpu/openb-pod-3957,4756
4951,create,paib-gpu/openb-pod-5878,4757
4952,create,paib-gpu/openb-pod-5271,4758
4953,create,paib-gpu/openb-pod-0656,4759
4954,create,paib-gpu/openb-pod-1318,4760
4955,create,paib-gpu/openb-pod-2748,4761
4956,create,paib-gpu/openb-pod-6805,4762
4957,create,paib-gpu/openb-pod-4597,4763
4958,create,paib-gpu/openb-pod-4222,4764
4959,create,paib-gpu/openb-pod-1790,4765
4960,create,paib-gpu/openb-pod-6324,4766
4961,create,paib-gpu/openb-pod-5846,4767
4962,create,paib-gpu/openb-pod-4484,4768
4963,create,paib-gpu/openb-pod-2702,4769
4964,create,paib-gpu/openb-pod-0368,4770
4965,create,paib-gpu/openb-pod-7804,4771
4966,failed,paib-gpu/openb-pod-6773,4771
4967,create,paib-gpu/openb-pod-1619,4772
4968,failed,paib-gpu/openb-pod-2680,4772
4969,create,paib-gpu/openb-pod-6236,4773
4970,create,paib-gpu/openb-pod-1009,4774
4971,create,paib-gpu/openb-pod-0451,4775
4972,create,paib-gpu/openb-pod-7872,4776
4973,create,paib-gpu/openb-pod-7281,4777
4974,create,paib-gpu/openb-pod-5628,4778
4975,create,paib-gpu/openb-pod-1818,4779
4976,create,paib-gpu/openb-pod-2483,4780
4977,create,paib-gpu/openb-pod-6363,4781
4978,create,paib-gpu/openb-pod-6341,4782
4979,create,paib-gpu/openb-pod-1855,4783
4980,create,paib-gpu/openb-pod-5214,4784
4981,create,paib-gpu/openb-pod-3223,4785
4982,create,paib-gpu/openb-pod-0934,4786
4983,create,paib-gpu/openb-pod-0324,4787
4984,create,paib-gpu/openb-pod-3066,4788
4985,create,paib-gpu/openb-pod-1983,4789
4986,create,paib-gpu/openb-pod-3905,4790
4987,create,paib-gpu/openb-pod-1246,4791
4988,create,paib-gpu/openb-pod-5331,4792
4989,create,paib-gpu/openb-pod-5410,4793
4990,create,paib-gpu/openb-pod-0232,4794
4991,create,paib-gpu/openb-pod-0479,4795
4992,create,paib-gpu/openb-pod-7564,4796
4993,create,paib-gpu/openb-pod-2905,4797
4994,create,paib-gpu/openb-pod-5223,4798
4995,create,paib-gpu/openb-pod-5807,4799
4996,create,paib-gpu/openb-pod-3864,4800
4997,create,paib-gpu/openb-pod-3353,4801
4998,create,paib-gpu/openb-pod-7757,4802
4999,create,paib-gpu/openb-pod-5760,4803
5000,create,paib-gpu/openb-pod-1270,4804
5001,create,paib-gpu/openb-pod-4844,4805
5002,create,paib-gpu/openb-pod-0409,4806
5003,create,paib-gpu/openb-pod-3289,4807
5004,create,paib-gpu/openb-pod-3701,4808
5005,failed,paib-gpu/openb-pod-7092,4808
5006,failed,paib-gpu/openb-pod-5621,4808
5007,create,paib-gpu/openb-pod-1400,4809
5008,create,paib-gpu/openb-pod-1817,4810
5009,create,paib-gpu/openb-pod-4132,4811
5010,create,paib-gpu/openb-pod-2273,4812
5011,create,paib-gpu/openb-pod-1227,4813
5012,create,paib-gpu/openb-pod-6677,4814
5013,failed,paib-gpu/openb-pod-7732,4814
5014,create,paib-gpu/openb-pod-1047,4815
5015,create,paib-gpu/openb-pod-6021,4816
5016,failed,paib-gpu/openb-pod-4298,4816
5017,create,paib-gpu/openb-pod-3561,4817
5018,create,paib-gpu/openb-pod-5522,4818
5019,create,paib-gpu/openb-pod-7955,4819
5020,create,paib-gpu/openb-pod-7055,4820
5021,create,paib-gpu/openb-pod-2163,4821
5022,create,paib-gpu/openb-pod-5394,4822
5023,create,paib-gpu/openb-pod-2645,4823
5024,create,paib-gpu/openb-pod-3048,4824
5025,create,paib-gpu/openb-pod-4835,4825
5026,create,paib-gpu/openb-pod-7662,4826
5027,create,paib-gpu/openb-pod-2141,4827
5028,create,paib-gpu/openb-pod-1357,4828
5029,create,paib-gpu/openb-pod-0798,4829
5030,create,paib-gpu/openb-pod-7289,4830
5031,create,paib-gpu/openb-pod-5097,4831
5032,create,paib-gpu/openb-pod-2731,4832
5033,create,paib-gpu/openb-pod-1574,4833
5034,create,paib-gpu/openb-pod-7205,4834
5035,create,paib-gpu/openb-pod-4287,4835
5036,create,paib-gpu/openb-pod-4410,4836
5037,create,paib-gpu/openb-pod-6460,4837
5038,create,paib-gpu/openb-pod-7893,4838
5039,failed,paib-gpu/openb-pod-1019,4838
5040,create,paib-gpu/openb-pod-2690,4839
5041,create,paib-gpu/openb-pod-7002,4840
5042,create,paib-gpu/openb-pod-3977,4841
5043,create,paib-gpu/openb-pod-1491,4842
5044,create,paib-gpu/openb-pod-6388,4843
5045,create,paib-gpu/openb-pod-8002,4844
5046,create,paib-gpu/openb-pod-0637,4845
5047,create,paib-gpu/openb-pod-3236,4846
5048,create,paib-gpu/openb-pod-6195,4847
5049,create,paib-gpu/openb-pod-6772,4848
5050,create,paib-gpu/openb-pod-3720,4849
5051,create,paib-gpu/openb-pod-5344,4850
5052,create,paib-gpu/openb-pod-0606,4851
5053,create,paib-gpu/openb-pod-7383,4852
5054,create,paib-gpu/openb-pod-5407,4853
5055,create,paib-gpu/openb-pod-2605,4854
5056,create,paib-gpu/openb-pod-7840,4855
5057,create,paib-gpu/openb-pod-3120,4856
5058,create,paib-gpu/openb-pod-0213,4857
5059,create,paib-gpu/openb-pod-6187,4858
5060,create,paib-gpu/openb-pod-5056,4859
5061,create,paib-gpu/openb-pod-3204,4860
5062,create,paib-gpu/openb-pod-1755,4861
5063,create,paib-gpu/openb-pod-2961,4862
5064,create,paib-gpu/openb-pod-2374,4863
5065,create,paib-gpu/openb-pod-7824,4864
5066,failed,paib-gpu/openb-pod-5495,4864
5067,create,paib-gpu/openb-pod-7675,4865
5068,create,paib-gpu/openb-pod-3509,4866
5069,failed,paib-gpu/openb-pod-1597,4866
5070,create,paib-gpu/openb-pod-8003,4867
5071,create,paib-gpu/openb-pod-6314,4868
5072,create,paib-gpu/openb-pod-7827,4869
5073,create,paib-gpu/openb-pod-6871,4870
5074,create,paib-gpu/openb-pod-8077,4871
5075,create,paib-gpu/openb-pod-1937,4872
5076,create,paib-gpu/openb-pod-0138,4873
5077,create,paib-gpu/openb-pod-6334,4874
5078,create,paib-gpu/openb-pod-2761,4875
5079,create,paib-gpu/openb-pod-0029,4876
5080,create,paib-gpu/openb-pod-6432,4877
5081,create,paib-gpu/openb-pod-7329,4878
5082,create,paib-gpu/openb-pod-7133,4879
5083,create,paib-gpu/openb-pod-5492,4880
5084,create,paib-gpu/openb-pod-3798,4881
5085,create,paib-gpu/openb-pod-0915,4882
5086,create,paib-gpu/openb-pod-6379,4883
5087,create,paib-gpu/openb-pod-1644,4884
5088,create,paib-gpu/openb-pod-2943,4885
5089,create,paib-gpu/openb-pod-6090,4886
5090,create,paib-gpu/openb-pod-1843,4887
5091,failed,paib-gpu/openb-pod-1629,4887
5092,create,paib-gpu/openb-pod-2933,4888
5093,create,paib-gpu/openb-pod-6070,4889
5094,create,paib-gpu/openb-pod-2863,4890
5095,create,paib-gpu/openb-pod-7096,4891
5096,create,paib-gpu/openb-pod-6222,4892
5097,create,paib-gpu/openb-pod-4134,4893
5098,create,paib-gpu/openb-pod-2894,4894
5099,create,paib-gpu/openb-pod-1645,4895
5100,create,paib-gpu/openb-pod-5882,4896
5101,create,paib-gpu/openb-pod-5102,4897
5102,create,paib-gpu/openb-pod-5371,4898
5103,create,paib-gpu/openb-pod-2454,4899
5104,create,paib-gpu/openb-pod-2874,4900
5105,create,paib-gpu/openb-pod-1122,4901
5106,create,paib-gpu/openb-pod-6802,4902
5107,failed,paib-gpu/openb-pod-2821,4902
5108,create,paib-gpu/openb-pod-0599,4903
5109,create,paib-gpu/openb-pod-2908,4904
5110,create,paib-gpu/openb-pod-6968,4905
5111,create,paib-gpu/openb-pod-0632,4906
5112,create,paib-gpu/openb-pod-6613,4907
5113,create,paib-gpu/openb-pod-4480,4908
5114,create,paib-gpu/openb-pod-6955,4909
5115,create,paib-gpu/openb-pod-4750,4910
5116,create,paib-gpu/openb-pod-1444,4911
5117,create,paib-gpu/openb-pod-7637,4912
5118,create,paib-gpu/openb-pod-5200,4913
5119,create,paib-gpu/openb-pod-4751,4914
5120,create,paib-gpu/openb-pod-5434,4915
5121,create,paib-gpu/openb-pod-1276,4916
5122,create,paib-gpu/openb-pod-0102,4917
5123,create,paib-gpu/openb-pod-7213,4918
5124,create,paib-gpu/openb-pod-3590,4919
5125,create,paib-gpu/openb-pod-4221,4920
5126,create,paib-gpu/openb-pod-1358,4921
5127,create,paib-gpu/openb-pod-4467,4922
5128,create,paib-gpu/openb-pod-3075,4923
5129,create,paib-gpu/openb-pod-6900,4924
5130,create,paib-gpu/openb-pod-2616,4925
5131,create,paib-gpu/openb-pod-0403,4926
5132,create,paib-gpu/openb-pod-2547,4927
5133,create,paib-gpu/openb-pod-1919,4928
5134,create,paib-gpu/openb-pod-0942,4929
5135,create,paib-gpu/openb-pod-1039,4930
5136,failed,paib-gpu/openb-pod-5482,4930
5137,create,paib-gpu/openb-pod-6354,4931
5138,create,paib-gpu/openb-pod-5263,4932
5139,create,paib-gpu/openb-pod-0771,4933
5140,create,paib-gpu/openb-pod-5603,4934
5141,create,paib-gpu/openb-pod-2872,4935
5142,create,paib-gpu/openb-pod-8082,4936
5143,create,paib-gpu/openb-pod-3219,4937
5144,create,paib-gpu/openb-pod-6350,4938
5145,create,paib-gpu/openb-pod-3004,4939
5146,create,paib-gpu/openb-pod-0507,4940
5147,create,paib-gpu/openb-pod-4767,4941
5148,create,paib-gpu/openb-pod-3766,4942
5149,create,paib-gpu/openb-pod-5820,4943
5150,create,paib-gpu/openb-pod-5422,4944
5151,create,paib-gpu/openb-pod-4926,4945
5152,create,paib-gpu/openb-pod-1433,4946
5153,create,paib-gpu/openb-pod-4451,4947
5154,create,paib-gpu/openb-pod-4532,4948
5155,create,paib-gpu/openb-pod-5121,4949
5156,create,paib-gpu/openb-pod-7649,4950
5157,create,paib-gpu/openb-pod-3479,4951
5158,create,paib-gpu/openb-pod-3973,4952
5159,create,paib-gpu/openb-pod-0111,4953
5160,create,paib-gpu/openb-pod-0469,4954
5161,create,paib-gpu/openb-pod-2644,4955
5162,create,paib-gpu/openb-pod-4953,4956
5163,create,paib-gpu/openb-pod-0941,4957
5164,create,paib-gpu/openb-pod-6425,4958
5165,create,paib-gpu/openb-pod-4488,4959
5166,create,paib-gpu/openb-pod-5240,4960
5167,create,paib-gpu/openb-pod-0421,4961
5168,create,paib-gpu/openb-pod-7512,4962
5169,create,paib-gpu/openb-pod-3041,4963
5170,create,paib-gpu/openb-pod-1436,4964
5171,create,paib-gpu/openb-pod-1139,4965
5172,create,paib-gpu/openb-pod-0034,4966
5173,create,paib-gpu/openb-pod-7754,4967
5174,create,paib-gpu/openb-pod-2254,4968
5175,create,paib-gpu/openb-pod-3589,4969
5176,create,paib-gpu/openb-pod-3330,4970
5177,create,paib-gpu/openb-pod-6931,4971
5178,create,paib-gpu/openb-pod-7353,4972
5179,create,paib-gpu/openb-pod-5299,4973
5180,create,paib-gpu/openb-pod-4685,4974
5181,create,paib-gpu/openb-pod-2991,4975
5182,create,paib-gpu/openb-pod-1156,4976
5183,create,paib-gpu/openb-pod-1020,4977
5184,create,paib-gpu/openb-pod-0339,4978
5185,create,paib-gpu/openb-pod-0925,4979
5186,create,paib-gpu/openb-pod-5174,4980
5187,create,paib-gpu/openb-pod-0579,4981
5188,failed,paib-gpu/openb-pod-7997,4981
5189,create,paib-gpu/openb-pod-4538,4982
5190,create,paib-gpu/openb-pod-7998,4983
5191,create,paib-gpu/openb-pod-4495,4984
5192,create,paib-gpu/openb-pod-5503,4985
5193,create,paib-gpu/openb-pod-3588,4986
5194,create,paib-gpu/openb-pod-8124,4987
5195,create,paib-gpu/openb-pod-7484,4988
5196,create,paib-gpu/openb-pod-5321,4989
5197,create,paib-gpu/openb-pod-7913,4990
5198,create,paib-gpu/openb-pod-5968,4991
5199,create,paib-gpu/openb-pod-4167,4992
5200,create,paib-gpu/openb-pod-4585,4993
5201,create,paib-gpu/openb-pod-0140,4994
5202,create,paib-gpu/openb-pod-4360,4995
5203,create,paib-gpu/openb-pod-0321,4996
5204,failed,paib-gpu/openb-pod-5469,4996
5205,create,paib-gpu/openb-pod-0335,4997
5206,create,paib-gpu/openb-pod-0086,4998
5207,create,paib-gpu/openb-pod-5577,4999
5208,create,paib-gpu/openb-pod-1769,5000
5209,create,paib-gpu/openb-pod-6273,5001
5210,create,paib-gpu/openb-pod-2557,5002
5211,create,paib-gpu/openb-pod-4652,5003
5212,create,paib-gpu/openb-pod-7756,5004
5213,create,paib-gpu/openb-pod-2809,5005
5214,create,paib-gpu/openb-pod-5633,5006
5215,create,paib-gpu/openb-pod-5812,5007
5216,create,paib-gpu/openb-pod-2398,5008
5217,create,paib-gpu/openb-pod-1717,5009
5218,create,paib-gpu/openb-pod-1030,5010
5219,create,paib-gpu/openb-pod-6303,5011
5220,create,paib-gpu/openb-pod-6079,5012
5221,failed,paib-gpu/openb-pod-1516,5012
5222,create,paib-gpu/openb-pod-1253,5013
5223,create,paib-gpu/openb-pod-4786,5014
5224,create,paib-gpu/openb-pod-0641,5015
5225,failed,paib-gpu/openb-pod-0382,5015
5226,create,paib-gpu/openb-pod-0864,5016
5227,create,paib-gpu/openb-pod-3470,5017
5228,create,paib-gpu/openb-pod-2136,5018
5229,create,paib-gpu/openb-pod-2297,5019
5230,create,paib-gpu/openb-pod-0155,5020
5231,create,paib-gpu/openb-pod-5497,5021
5232,create,paib-gpu/openb-pod-6150,5022
5233,create,paib-gpu/openb-pod-7647,5023
5234,create,paib-gpu/openb-pod-0432,5024
5235,create,paib-gpu/openb-pod-7526,5025
5236,create,paib-gpu/openb-pod-0995,5026
5237,create,paib-gpu/openb-pod-4093,5027
5238,create,paib-gpu/openb-pod-0394,5028
5239,create,paib-gpu/openb-pod-0776,5029
5240,create,paib-gpu/openb-pod-6082,5030
5241,create,paib-gpu/openb-pod-7734,5031
5242,create,paib-gpu/openb-pod-1148,5032
5243,create,paib-gpu/openb-pod-4088,5033
5244,create,paib-gpu/openb-pod-3614,5034
5245,create,paib-gpu/openb-pod-3564,5035
5246,create,paib-gpu/openb-pod-7996,5036
5247,create,paib-gpu/openb-pod-2531,5037
5248,create,paib-gpu/openb-pod-7403,5038
5249,create,paib-gpu/openb-pod-5314,5039
5250,create,paib-gpu/openb-pod-7161,5040
5251,create,paib-gpu/openb-pod-5283,5041
5252,create,paib-gpu/openb-pod-5761,5042
5253,create,paib-gpu/openb-pod-3941,5043
5254,create,paib-gpu/openb-pod-0547,5044
5255,create,paib-gpu/openb-pod-7357,5045
5256,create,paib-gpu/openb-pod-3428,5046
5257,create,paib-gpu/openb-pod-2107,5047
5258,create,paib-gpu/openb-pod-2860,5048
5259,create,paib-gpu/openb-pod-2590,5049
5260,create,paib-gpu/openb-pod-6344,5050
5261,create,paib-gpu/openb-pod-1757,5051
5262,failed,paib-gpu/openb-pod-3606,5051
5263,create,paib-gpu/openb-pod-7616,5052
5264,create,paib-gpu/openb-pod-6053,5053
5265,create,paib-gpu/openb-pod-4496,5054
5266,create,paib-gpu/openb-pod-5799,5055
5267,create,paib-gpu/openb-pod-4766,5056
5268,create,paib-gpu/openb-pod-0200,5057
5269,create,paib-gpu/openb-pod-3501,5058
5270,create,paib-gpu/openb-pod-5718,5059
5271,failed,paib-gpu/openb-pod-5717,5059
5272,create,paib-gpu/openb-pod-1115,5060
5273,create,paib-gpu/openb-pod-7581,5061
5274,create,paib-gpu/openb-pod-6711,5062
5275,create,paib-gpu/openb-pod-3972,5063
5276,create,paib-gpu/openb-pod-7216,5064
5277,create,paib-gpu/openb-pod-2179,5065
5278,create,paib-gpu/openb-pod-6264,5066
5279,create,paib-gpu/openb-pod-6503,5067
5280,failed,paib-gpu/openb-pod-0841,5067
5281,create,paib-gpu/openb-pod-4485,5068
5282,create,paib-gpu/openb-pod-3463,5069
5283,create,paib-gpu/openb-pod-0813,5070
5284,create,paib-gpu/openb-pod-1305,5071
5285,create,paib-gpu/openb-pod-4694,5072
5286,create,paib-gpu/openb-pod-1142,5073
5287,create,paib-gpu/openb-pod-3818,5074
5288,create,paib-gpu/openb-pod-2993,5075
5289,create,paib-gpu/openb-pod-2696,5076
5290,create,paib-gpu/openb-pod-4952,5077
5291,create,paib-gpu/openb-pod-7698,5078
5292,create,paib-gpu/openb-pod-6206,5079
5293,create,paib-gpu/openb-pod-5548,5080
5294,create,paib-gpu/openb-pod-4170,5081
5295,create,paib-gpu/openb-pod-5301,5082
5296,create,paib-gpu/openb-pod-4219,5083
5297,create,paib-gpu/openb-pod-8067,5084
5298,create,paib-gpu/openb-pod-6681,5085
5299,create,paib-gpu/openb-pod-4982,5086
5300,create,paib-gpu/openb-pod-6405,5087
5301,create,paib-gpu/openb-pod-3639,5088
5302,create,paib-gpu/openb-pod-4103,5089
5303,create,paib-gpu/openb-pod-4198,5090
5304,create,paib-gpu/openb-pod-3595,5091
5305,create,paib-gpu/openb-pod-4469,5092
5306,create,paib-gpu/openb-pod-6625,5093
5307,create,paib-gpu/openb-pod-2822,5094
5308,create,paib-gpu/openb-pod-4915,5095
5309,create,paib-gpu/openb-pod-3840,5096
5310,create,paib-gpu/openb-pod-5012,5097
5311,create,paib-gpu/openb-pod-2997,5098
5312,create,paib-gpu/openb-pod-7406,5099
5313,create,paib-gpu/openb-pod-0958,5100
5314,create,paib-gpu/openb-pod-1826,5101
5315,create,paib-gpu/openb-pod-3995,5102
5316,create,paib-gpu/openb-pod-3085,5103
5317,failed,paib-gpu/openb-pod-5173,5103
5318,create,paib-gpu/openb-pod-3699,5104
5319,create,paib-gpu/openb-pod-1766,5105
5320,create,paib-gpu/openb-pod-7078,5106
5321,create,paib-gpu/openb-pod-0576,5107
5322,create,paib-gpu/openb-pod-4321,5108
5323,create,paib-gpu/openb-pod-0055,5109
5324,create,paib-gpu/openb-pod-4359,5110
5325,create,paib-gpu/openb-pod-6260,5111
5326,create,paib-gpu/openb-pod-0466,5112
5327,create,paib-gpu/openb-pod-7965,5113
5328,create,paib-gpu/openb-pod-6910,5114
5329,create,paib-gpu/openb-pod-7807,5115
5330,create,paib-gpu/openb-pod-5206,5116
5331,create,paib-gpu/openb-pod-5021,5117
5332,create,paib-gpu/openb-pod-3511,5118
5333,failed,paib-gpu/openb-pod-3993,5118
5334,create,paib-gpu/openb-pod-3542,5119
5335,create,paib-gpu/openb-pod-2556,5120
5336,create,paib-gpu/openb-pod-0070,5121
5337,create,paib-gpu/openb-pod-3908,5122
5338,create,paib-gpu/openb-pod-0039,5123
5339,create,paib-gpu/openb-pod-0555,5124
5340,create,paib-gpu/openb-pod-3457,5125
5341,create,paib-gpu/openb-pod-1344,5126
5342,create,paib-gpu/openb-pod-1522,5127
5343,create,paib-gpu/openb-pod-1069,5128
5344,create,paib-gpu/openb-pod-2810,5129
5345,create,paib-gpu/openb-pod-7563,5130
5346,create,paib-gpu/openb-pod-0965,5131
5347,create,paib-gpu/openb-pod-5909,5132
5348,create,paib-gpu/openb-pod-2574,5133
5349,failed,paib-gpu/openb-pod-6291,5133
5350,create,paib-gpu/openb-pod-7708,5134
5351,failed,paib-gpu/openb-pod-3881,5134
5352,create,paib-gpu/openb-pod-6789,5135
5353,create,paib-gpu/openb-pod-6624,5136
5354,create,paib-gpu/openb-pod-4878,5137
5355,create,paib-gpu/openb-pod-5258,5138
5356,create,paib-gpu/openb-pod-3984,5139
5357,create,paib-gpu/openb-pod-6099,5140
5358,create,paib-gpu/openb-pod-1170,5141
5359,create,paib-gpu/openb-pod-5494,5142
5360,create,paib-gpu/openb-pod-6804,5143
5361,create,paib-gpu/openb-pod-2964,5144
5362,create,paib-gpu/openb-pod-5567,5145
5363,create,paib-gpu/openb-pod-0220,5146
5364,create,paib-gpu/openb-pod-3454,5147
5365,create,paib-gpu/openb-pod-0890,5148
5366,create,paib-gpu/openb-pod-7275,5149
5367,create,paib-gpu/openb-pod-2765,5150
5368,create,paib-gpu/openb-pod-7537,5151
5369,create,paib-gpu/openb-pod-4420,5152
5370,create,paib-gpu/openb-pod-4295,5153
5371,create,paib-gpu/openb-pod-3142,5154
5372,create,paib-gpu/openb-pod-6609,5155
5373,create,paib-gpu/openb-pod-1210,5156
5374,create,paib-gpu/openb-pod-5940,5157
5375,create,paib-gpu/openb-pod-7753,5158
5376,create,paib-gpu/openb-pod-3082,5159
5377,create,paib-gpu/openb-pod-2131,5160
5378,create,paib-gpu/openb-pod-1161,5161
5379,create,paib-gpu/openb-pod-4964,5162
5380,create,paib-gpu/openb-pod-2998,5163
5381,create,paib-gpu/openb-pod-6689,5164
5382,create,paib-gpu/openb-pod-0911,5165
5383,create,paib-gpu/openb-pod-3598,5166
5384,create,paib-gpu/openb-pod-6795,5167
5385,create,paib-gpu/openb-pod-0674,5168
5386,create,paib-gpu/openb-pod-4217,5169
5387,create,paib-gpu/openb-pod-2170,5170
5388,create,paib-gpu/openb-pod-3211,5171
5389,failed,paib-gpu/openb-pod-5113,5171
5390,create,paib-gpu/openb-pod-5204,5172
5391,create,paib-gpu/openb-pod-1164,5173
5392,create,paib-gpu/openb-pod-2321,5174
5393,create,paib-gpu/openb-pod-3414,5175
5394,create,paib-gpu/openb-pod-3676,5176
5395,create,paib-gpu/openb-pod-6562,5177
5396,create,paib-gpu/openb-pod-4839,5178
5397,create,paib-gpu/openb-pod-0410,5179
5398,failed,paib-gpu/openb-pod-2955,5179
5399,create,paib-gpu/openb-pod-7264,5180
5400,create,paib-gpu/openb-pod-6118,5181
5401,create,paib-gpu/openb-pod-0241,5182
5402,create,paib-gpu/openb-pod-5007,5183
5403,create,paib-gpu/openb-pod-4607,5184
5404,create,paib-gpu/openb-pod-3210,5185
5405,create,paib-gpu/openb-pod-1991,5186
5406,create,paib-gpu/openb-pod-3307,5187
5407,create,paib-gpu/openb-pod-4373,5188
5408,create,paib-gpu/openb-pod-7951,5189
5409,create,paib-gpu/openb-pod-0633,5190
5410,create,paib-gpu/openb-pod-4105,5191
5411,create,paib-gpu/openb-pod-6976,5192
5412,create,paib-gpu/openb-pod-7905,5193
5413,create,paib-gpu/openb-pod-2384,5194
5414,failed,paib-gpu/openb-pod-5269,5194
5415,create,paib-gpu/openb-pod-5995,5195
5416,create,paib-gpu/openb-pod-2280,5196
5417,create,paib-gpu/openb-pod-0257,5197
5418,create,paib-gpu/openb-pod-4150,5198
5419,create,paib-gpu/openb-pod-6570,5199
5420,create,paib-gpu/openb-pod-3404,5200
5421,create,paib-gpu/openb-pod-3671,5201
5422,failed,paib-gpu/openb-pod-1177,5201
5423,create,paib-gpu/openb-pod-2222,5202
5424,failed,paib-gpu/openb-pod-7201,5202
5425,create,paib-gpu/openb-pod-7335,5203
5426,failed,paib-gpu/openb-pod-7864,5203
5427,create,paib-gpu/openb-pod-3549,5204
5428,create,paib-gpu/openb-pod-4900,5205
5429,create,paib-gpu/openb-pod-5785,5206
5430,create,paib-gpu/openb-pod-3173,5207
5431,create,paib-gpu/openb-pod-8122,5208
5432,create,paib-gpu/openb-pod-1435,5209
5433,failed,paib-gpu/openb-pod-8090,5209
5434,create,paib-gpu/openb-pod-6904,5210
5435,create,paib-gpu/openb-pod-1545,5211
5436,create,paib-gpu/openb-pod-0332,5212
5437,create,paib-gpu/openb-pod-4455,5213
5438,create,paib-gpu/openb-pod-0883,5214
5439,create,paib-gpu/openb-pod-3503,5215
5440,create,paib-gpu/openb-pod-1025,5216
5441,create,paib-gpu/openb-pod-4774,5217
5442,create,paib-gpu/openb-pod-2635,5218
5443,create,paib-gpu/openb-pod-1288,5219
5444,create,paib-gpu/openb-pod-7967,5220
5445,create,paib-gpu/openb-pod-6235,5221
5446,create,paib-gpu/openb-pod-3293,5222
5447,create,paib-gpu/openb-pod-0293,5223
5448,create,paib-gpu/openb-pod-1560,5224
5449,create,paib-gpu/openb-pod-0720,5225
5450,create,paib-gpu/openb-pod-0498,5226
5451,create,paib-gpu/openb-pod-5326,5227
5452,create,paib-gpu/openb-pod-4214,5228
5453,create,paib-gpu/openb-pod-6139,5229
5454,create,paib-gpu/openb-pod-0429,5230
5455,create,paib-gpu/openb-pod-6750,5231
5456,create,paib-gpu/openb-pod-3763,5232
5457,create,paib-gpu/openb-pod-3536,5233
5458,create,paib-gpu/openb-pod-2815,5234
5459,create,paib-gpu/openb-pod-6160,5235
5460,create,paib-gpu/openb-pod-4140,5236
5461,create,paib-gpu/openb-pod-5587,5237
5462,create,paib-gpu/openb-pod-8137,5238
5463,create,paib-gpu/openb-pod-1328,5239
5464,create,paib-gpu/openb-pod-3889,5240
5465,create,paib-gpu/openb-pod-4465,5241
5466,create,paib-gpu/openb-pod-3579,5242
5467,create,paib-gpu/openb-pod-4280,5243
5468,create,paib-gpu/openb-pod-5355,5244
5469,create,paib-gpu/openb-pod-3939,5245
5470,failed,paib-gpu/openb-pod-0541,5245
5471,failed,paib-gpu/openb-pod-3043,5245
5472,create,paib-gpu/openb-pod-3955,5246
5473,create,paib-gpu/openb-pod-7310,5247
5474,create,paib-gpu/openb-pod-4873,5248
5475,create,paib-gpu/openb-pod-2689,5249
5476,create,paib-gpu/openb-pod-0001,5250
5477,failed,paib-gpu/openb-pod-8050,5250
5478,create,paib-gpu/openb-pod-1505,5251
5479,create,paib-gpu/openb-pod-3581,5252
5480,create,paib-gpu/openb-pod-7596,5253
5481,create,paib-gpu/openb-pod-7658,5254
5482,create,paib-gpu/openb-pod-7160,5255
5483,create,paib-gpu/openb-pod-1048,5256
5484,create,paib-gpu/openb-pod-5158,5257
5485,create,paib-gpu/openb-pod-3079,5258
5486,create,paib-gpu/openb-pod-0801,5259
5487,create,paib-gpu/openb-pod-7003,5260
5488,create,paib-gpu/openb-pod-1106,5261
5489,create,paib-gpu/openb-pod-8147,5262
5490,create,paib-gpu/openb-pod-3260,5263
5491,create,paib-gpu/openb-pod-2967,5264
5492,create,paib-gpu/openb-pod-4220,5265
5493,create,paib-gpu/openb-pod-0388,5266
5494,create,paib-gpu/openb-pod-2907,5267
5495,create,paib-gpu/openb-pod-2592,5268
5496,failed,paib-gpu/openb-pod-4668,5268
5497,create,paib-gpu/openb-pod-3814,5269
5498,failed,paib-gpu/openb-pod-4718,5269
5499,failed,paib-gpu/openb-pod-5714,5269
5500,create,paib-gpu/openb-pod-1888,5270
5501,create,paib-gpu/openb-pod-1893,5271
5502,create,paib-gpu/openb-pod-2911,5272
5503,create,paib-gpu/openb-pod-4310,5273
5504,create,paib-gpu/openb-pod-7297,5274
5505,create,paib-gpu/openb-pod-1786,5275
5506,create,paib-gpu/openb-pod-8113,5276
5507,create,paib-gpu/openb-pod-3240,5277
5508,failed,paib-gpu/openb-pod-7319,5277
5509,create,paib-gpu/openb-pod-1075,5278
5510,create,paib-gpu/openb-pod-7929,5279
5511,create,paib-gpu/openb-pod-7372,5280
5512,create,paib-gpu/openb-pod-3562,5281
5513,create,paib-gpu/openb-pod-7082,5282
5514,create,paib-gpu/openb-pod-4260,5283
5515,create,paib-gpu/openb-pod-6952,5284
5516,create,paib-gpu/openb-pod-7522,5285
5517,create,paib-gpu/openb-pod-0847,5286
5518,create,paib-gpu/openb-pod-6807,5287
5519,create,paib-gpu/openb-pod-0607,5288
5520,create,paib-gpu/openb-pod-0028,5289
5521,create,paib-gpu/openb-pod-3764,5290
5522,create,paib-gpu/openb-pod-7305,5291
5523,create,paib-gpu/openb-pod-0508,5292
5524,create,paib-gpu/openb-pod-5634,5293
5525,create,paib-gpu/openb-pod-2046,5294
5526,create,paib-gpu/openb-pod-6825,5295
5527,failed,paib-gpu/openb-pod-2142,5295
5528,create,paib-gpu/openb-pod-1343,5296
5529,create,paib-gpu/openb-pod-4374,5297
5530,create,paib-gpu/openb-pod-4136,5298
5531,create,paib-gpu/openb-pod-5853,5299
5532,create,paib-gpu/openb-pod-7925,5300
5533,create,paib-gpu/openb-pod-4680,5301
5534,create,paib-gpu/openb-pod-2036,5302
5535,create,paib-gpu/openb-pod-6006,5303
5536,create,paib-gpu/openb-pod-7919,5304
5537,create,paib-gpu/openb-pod-0546,5305
5538,create,paib-gpu/openb-pod-5556,5306
5539,create,paib-gpu/openb-pod-3582,5307
5540,create,paib-gpu/openb-pod-0488,5308
5541,create,paib-gpu/openb-pod-2188,5309
5542,create,paib-gpu/openb-pod-6632,5310
5543,create,paib-gpu/openb-pod-7169,5311
5544,create,paib-gpu/openb-pod-7074,5312
5545,create,paib-gpu/openb-pod-7894,5313
5546,create,paib-gpu/openb-pod-1423,5314
5547,create,paib-gpu/openb-pod-2133,5315
5548,create,paib-gpu/openb-pod-3135,5316
5549,create,paib-gpu/openb-pod-7941,5317
5550,create,paib-gpu/openb-pod-2958,5318
5551,create,paib-gpu/openb-pod-4125,5319
5552,create,paib-gpu/openb-pod-5459,5320
5553,create,paib-gpu/openb-pod-2282,5321
5554,create,paib-gpu/openb-pod-0772,5322
5555,create,paib-gpu/openb-pod-6519,5323
5556,create,paib-gpu/openb-pod-1166,5324
5557,create,paib-gpu/openb-pod-4908,5325
5558,create,paib-gpu/openb-pod-7903,5326
5559,create,paib-gpu/openb-pod-5098,5327
5560,create,paib-gpu/openb-pod-7065,5328
5561,create,paib-gpu/openb-pod-6515,5329
5562,create,paib-gpu/openb-pod-5638,5330
5563,create,paib-gpu/openb-pod-7282,5331
5564,create,paib-gpu/openb-pod-4994,5332
5565,create,paib-gpu/openb-pod-0681,5333
5566,create,paib-gpu/openb-pod-5270,5334
5567,create,paib-gpu/openb-pod-1378,5335
5568,create,paib-gpu/openb-pod-6040,5336
5569,create,paib-gpu/openb-pod-1784,5337
5570,create,paib-gpu/openb-pod-6014,5338
5571,create,paib-gpu/openb-pod-1631,5339
5572,create,paib-gpu/openb-pod-2945,5340
5573,failed,paib-gpu/openb-pod-5724,5340
5574,create,paib-gpu/openb-pod-2278,5341
5575,create,paib-gpu/openb-pod-7134,5342
5576,create,paib-gpu/openb-pod-0350,5343
5577,create,paib-gpu/openb-pod-6468,5344
5578,create,paib-gpu/openb-pod-2241,5345
5579,create,paib-gpu/openb-pod-3005,5346
5580,create,paib-gpu/openb-pod-1296,5347
5581,create,paib-gpu/openb-pod-1368,5348
5582,create,paib-gpu/openb-pod-5649,5349
5583,create,paib-gpu/openb-pod-0843,5350
5584,create,paib-gpu/openb-pod-5075,5351
5585,create,paib-gpu/openb-pod-0366,5352
5586,failed,paib-gpu/openb-pod-0700,5352
5587,create,paib-gpu/openb-pod-5114,5353
5588,create,paib-gpu/openb-pod-3033,5354
5589,create,paib-gpu/openb-pod-3070,5355
5590,create,paib-gpu/openb-pod-2308,5356
5591,create,paib-gpu/openb-pod-6142,5357
5592,create,paib-gpu/openb-pod-4775,5358
5593,create,paib-gpu/openb-pod-7718,5359
5594,create,paib-gpu/openb-pod-6944,5360
5595,create,paib-gpu/openb-pod-0557,5361
5596,failed,paib-gpu/openb-pod-7476,5361
5597,create,paib-gpu/openb-pod-3609,5362
5598,create,paib-gpu/openb-pod-3800,5363
5599,create,paib-gpu/openb-pod-3847,5364
5600,create,paib-gpu/openb-pod-3176,5365
5601,create,paib-gpu/openb-pod-0299,5366
5602,create,paib-gpu/openb-pod-2978,5367
5603,create,paib-gpu/openb-pod-6343,5368
5604,create,paib-gpu/openb-pod-6214,5369
5605,create,paib-gpu/openb-pod-0276,5370
5606,create,paib-gpu/openb-pod-7960,5371
5607,create,paib-gpu/openb-pod-3389,5372
5608,create,paib-gpu/openb-pod-4401,5373
5609,create,paib-gpu/openb-pod-1845,5374
5610,create,paib-gpu/openb-pod-0778,5375
5611,create,paib-gpu/openb-pod-1833,5376
5612,create,paib-gpu/openb-pod-2281,5377
5613,create,paib-gpu/openb-pod-1116,5378
5614,create,paib-gpu/openb-pod-0675,5379
5615,create,paib-gpu/openb-pod-7744,5380
5616,create,paib-gpu/openb-pod-6445,5381
5617,create,paib-gpu/openb-pod-6027,5382
5618,create,paib-gpu/openb-pod-5606,5383
5619,create,paib-gpu/openb-pod-4852,5384
5620,create,paib-gpu/openb-pod-7702,5385
5621,create,paib-gpu/openb-pod-2737,5386
5622,create,paib-gpu/openb-pod-5981,5387
5623,create,paib-gpu/openb-pod-1952,5388
5624,create,paib-gpu/openb-pod-6372,5389
5625,create,paib-gpu/openb-pod-0568,5390
5626,create,paib-gpu/openb-pod-2390,5391
5627,create,paib-gpu/openb-pod-1114,5392
5628,failed,paib-gpu/openb-pod-3620,5392
5629,create,paib-gpu/openb-pod-0251,5393
5630,create,paib-gpu/openb-pod-4110,5394
5631,create,paib-gpu/openb-pod-2460,5395
5632,failed,paib-gpu/openb-pod-4731,5395
5633,create,paib-gpu/openb-pod-5689,5396
5634,create,paib-gpu/openb-pod-6797,5397
5635,create,paib-gpu/openb-pod-3287,5398
5636,create,paib-gpu/openb-pod-2169,5399
5637,create,paib-gpu/openb-pod-8125,5400
5638,create,paib-gpu/openb-pod-6830,5401
5639,create,paib-gpu/openb-pod-3950,5402
5640,create,paib-gpu/openb-pod-2774,5403
5641,create,paib-gpu/openb-pod-6762,5404
5642,create,paib-gpu/openb-pod-5827,5405
5643,create,paib-gpu/openb-pod-0859,5406
5644,create,paib-gpu/openb-pod-0561,5407
5645,create,paib-gpu/openb-pod-5692,5408
5646,create,paib-gpu/openb-pod-6435,5409
5647,create,paib-gpu/openb-pod-1995,5410
5648,create,paib-gpu/openb-pod-0285,5411
5649,create,paib-gpu/openb-pod-0210,5412
5650,create,paib-gpu/openb-pod-4042,5413
5651,create,paib-gpu/openb-pod-3168,5414
5652,create,paib-gpu/openb-pod-5904,5415
5653,create,paib-gpu/openb-pod-4490,5416
5654,create,paib-gpu/openb-pod-6958,5417
5655,create,paib-gpu/openb-pod-4523,5418
5656,create,paib-gpu/openb-pod-0419,5419
5657,create,paib-gpu/openb-pod-6977,5420
5658,create,paib-gpu/openb-pod-4173,5421
5659,create,paib-gpu/openb-pod-4238,5422
5660,create,paib-gpu/openb-pod-0744,5423
5661,create,paib-gpu/openb-pod-6849,5424
5662,create,paib-gpu/openb-pod-1997,5425
5663,create,paib-gpu/openb-pod-2517,5426
5664,create,paib-gpu/openb-pod-3627,5427
5665,create,paib-gpu/openb-pod-6504,5428
5666,create,paib-gpu/openb-pod-1303,5429
5667,create,paib-gpu/openb-pod-1420,5430
5668,create,paib-gpu/openb-pod-5493,5431
5669,create,paib-gpu/openb-pod-4918,5432
5670,create,paib-gpu/openb-pod-3242,5433
5671,create,paib-gpu/openb-pod-4178,5434
5672,create,paib-gpu/openb-pod-3987,5435
5673,create,paib-gpu/openb-pod-2312,5436
5674,create,paib-gpu/openb-pod-0073,5437
5675,failed,paib-gpu/openb-pod-2501,5437
5676,create,paib-gpu/openb-pod-6957,5438
5677,failed,paib-gpu/openb-pod-5547,5438
5678,create,paib-gpu/openb-pod-7629,5439
5679,create,paib-gpu/openb-pod-4392,5440
5680,create,paib-gpu/openb-pod-6377,5441
5681,create,paib-gpu/openb-pod-7731,5442
5682,create,paib-gpu/openb-pod-5116,5443
5683,create,paib-gpu/openb-pod-0978,5444
5684,failed,paib-gpu/openb-pod-0763,5444
5685,create,paib-gpu/openb-pod-6723,5445
5686,create,paib-gpu/openb-pod-8094,5446
5687,create,paib-gpu/openb-pod-0647,5447
5688,create,paib-gpu/openb-pod-5016,5448
5689,create,paib-gpu/openb-pod-7397,5449
5690,create,paib-gpu/openb-pod-0492,5450
5691,create,paib-gpu/openb-pod-0705,5451
5692,failed,paib-gpu/openb-pod-5474,5451
5693,create,paib-gpu/openb-pod-6088,5452
5694,create,paib-gpu/openb-pod-1799,5453
5695,create,paib-gpu/openb-pod-7308,5454
5696,create,paib-gpu/openb-pod-6490,5455
5697,create,paib-gpu/openb-pod-1828,5456
5698,create,paib-gpu/openb-pod-3853,5457
5699,create,paib-gpu/openb-pod-2337,5458
5700,create,paib-gpu/openb-pod-6408,5459
5701,create,paib-gpu/openb-pod-6524,5460
5702,create,paib-gpu/openb-pod-5604,5461
5703,create,paib-gpu/openb-pod-6278,5462
5704,create,paib-gpu/openb-pod-0064,5463
5705,create,paib-gpu/openb-pod-5607,5464
5706,create,paib-gpu/openb-pod-6821,5465
5707,create,paib-gpu/openb-pod-6610,5466
5708,create,paib-gpu/openb-pod-0696,5467
5709,create,paib-gpu/openb-pod-2101,5468
5710,create,paib-gpu/openb-pod-6256,5469
5711,create,paib-gpu/openb-pod-0952,5470
5712,create,paib-gpu/openb-pod-0022,5471
5713,create,paib-gpu/openb-pod-6442,5472
5714,create,paib-gpu/openb-pod-5687,5473
5715,create,paib-gpu/openb-pod-5111,5474
5716,create,paib-gpu/openb-pod-2285,5475
5717,create,paib-gpu/openb-pod-4904,5476
5718,create,paib-gpu/openb-pod-2301,5477
5719,create,paib-gpu/openb-pod-1382,5478
5720,create,paib-gpu/openb-pod-0533,5479
5721,create,paib-gpu/openb-pod-7119,5480
5722,create,paib-gpu/openb-pod-1903,5481
5723,create,paib-gpu/openb-pod-1909,5482
5724,create,paib-gpu/openb-pod-0361,5483
5725,create,paib-gpu/openb-pod-6255,5484
5726,create,paib-gpu/openb-pod-2850,5485
5727,create,paib-gpu/openb-pod-6332,5486
5728,create,paib-gpu/openb-pod-3252,5487
5729,create,paib-gpu/openb-pod-4015,5488
5730,create,paib-gpu/openb-pod-1409,5489
5731,create,paib-gpu/openb-pod-3580,5490
5732,create,paib-gpu/openb-pod-1583,5491
5733,create,paib-gpu/openb-pod-7337,5492
5734,create,paib-gpu/openb-pod-6084,5493
5735,create,paib-gpu/openb-pod-3183,5494
5736,create,paib-gpu/openb-pod-6816,5495
5737,failed,paib-gpu/openb-pod-3771,5495
5738,create,paib-gpu/openb-pod-2781,5496
5739,create,paib-gpu/openb-pod-0734,5497
5740,create,paib-gpu/openb-pod-4375,5498
5741,create,paib-gpu/openb-pod-6686,5499
5742,failed,paib-gpu/openb-pod-1985,5499
5743,create,paib-gpu/openb-pod-3171,5500
5744,failed,paib-gpu/openb-pod-3474,5500
5745,create,paib-gpu/openb-pod-6465,5501
5746,create,paib-gpu/openb-pod-3205,5502
5747,create,paib-gpu/openb-pod-7879,5503
5748,create,paib-gpu/openb-pod-3366,5504
5749,create,paib-gpu/openb-pod-3970,5505
5750,create,paib-gpu/openb-pod-1178,5506
5751,create,paib-gpu/openb-pod-2108,5507
5752,create,paib-gpu/openb-pod-4705,5508
5753,create,paib-gpu/openb-pod-2122,5509
5754,create,paib-gpu/openb-pod-1715,5510
5755,create,paib-gpu/openb-pod-5919,5511
5756,create,paib-gpu/openb-pod-1306,5512
5757,create,paib-gpu/openb-pod-7109,5513
5758,create,paib-gpu/openb-pod-6964,5514
5759,create,paib-gpu/openb-pod-7820,5515
5760,create,paib-gpu/openb-pod-6459,5516
5761,create,paib-gpu/openb-pod-1298,5517
5762,create,paib-gpu/openb-pod-0522,5518
5763,create,paib-gpu/openb-pod-7539,5519
5764,create,paib-gpu/openb-pod-0519,5520
5765,failed,paib-gpu/openb-pod-1274,5520
5766,create,paib-gpu/openb-pod-4367,5521
5767,create,paib-gpu/openb-pod-4854,5522
5768,create,paib-gpu/openb-pod-6019,5523
5769,create,paib-gpu/openb-pod-3895,5524
5770,create,paib-gpu/openb-pod-7323,5525
5771,create,paib-gpu/openb-pod-6276,5526
5772,create,paib-gpu/openb-pod-4077,5527
5773,create,paib-gpu/openb-pod-1653,5528
5774,failed,paib-gpu/openb-pod-5157,5528
5775,create,paib-gpu/openb-pod-7632,5529
5776,create,paib-gpu/openb-pod-0601,5530
5777,create,paib-gpu/openb-pod-0237,5531
5778,create,paib-gpu/openb-pod-2008,5532
5779,create,paib-gpu/openb-pod-5136,5533
5780,create,paib-gpu/openb-pod-5025,5534
5781,create,paib-gpu/openb-pod-2208,5535
5782,create,paib-gpu/openb-pod-2354,5536
5783,create,paib-gpu/openb-pod-2956,5537
5784,create,paib-gpu/openb-pod-5498,5538
5785,create,paib-gpu/openb-pod-0310,5539
5786,create,paib-gpu/openb-pod-1094,5540
5787,create,paib-gpu/openb-pod-1049,5541
5788,create,paib-gpu/openb-pod-7352,5542
5789,create,paib-gpu/openb-pod-6653,5543
5790,create,paib-gpu/openb-pod-2936,5544
5791,create,paib-gpu/openb-pod-7278,5545
5792,create,paib-gpu/openb-pod-3839,5546
5793,create,paib-gpu/openb-pod-1967,5547
5794,create,paib-gpu/openb-pod-2048,5548
5795,create,paib-gpu/openb-pod-0277,5549
5796,create,paib-gpu/openb-pod-1044,5550
5797,create,paib-gpu/openb-pod-1513,5551
5798,create,paib-gpu/openb-pod-7111,5552
5799,create,paib-gpu/openb-pod-7471,5553
5800,create,paib-gpu/openb-pod-0209,5554
5801,create,paib-gpu/openb-pod-5350,5555
5802,create,paib-gpu/openb-pod-2763,5556
5803,create,paib-gpu/openb-pod-6263,5557
5804,create,paib-gpu/openb-pod-0635,5558
5805,create,paib-gpu/openb-pod-7549,5559
5806,create,paib-gpu/openb-pod-0457,5560
5807,create,paib-gpu/openb-pod-2845,5561
5808,create,paib-gpu/openb-pod-8075,5562
5809,create,paib-gpu/openb-pod-8019,5563
5810,create,paib-gpu/openb-pod-8148,5564
5811,create,paib-gpu/openb-pod-1464,5565
5812,create,paib-gpu/openb-pod-5949,5566
5813,create,paib-gpu/openb-pod-2111,5567
5814,create,paib-gpu/openb-pod-0870,5568
5815,create,paib-gpu/openb-pod-0572,5569
5816,create,paib-gpu/openb-pod-0703,5570
5817,create,paib-gpu/openb-pod-1742,5571
5818,create,paib-gpu/openb-pod-5540,5572
5819,create,paib-gpu/openb-pod-6464,5573
5820,create,paib-gpu/openb-pod-2286,5574
5821,create,paib-gpu/openb-pod-5333,5575
5822,create,paib-gpu/openb-pod-3949,5576
5823,create,paib-gpu/openb-pod-5188,5577
5824,failed,paib-gpu/openb-pod-4283,5577
5825,create,paib-gpu/openb-pod-6556,5578
5826,create,paib-gpu/openb-pod-4822,5579
5827,create,paib-gpu/openb-pod-5221,5580
5828,create,paib-gpu/openb-pod-6479,5581
5829,create,paib-gpu/openb-pod-4478,5582
5830,create,paib-gpu/openb-pod-0390,5583
5831,create,paib-gpu/openb-pod-2502,5584
5832,create,paib-gpu/openb-pod-6492,5585
5833,create,paib-gpu/openb-pod-0278,5586
5834,create,paib-gpu/openb-pod-1869,5587
5835,create,paib-gpu/openb-pod-0376,5588
5836,create,paib-gpu/openb-pod-5312,5589
5837,create,paib-gpu/openb-pod-1440,5590
5838,create,paib-gpu/openb-pod-2439,5591
5839,create,paib-gpu/openb-pod-0523,5592
5840,create,paib-gpu/openb-pod-0959,5593
5841,create,paib-gpu/openb-pod-2887,5594
5842,failed,paib-gpu/openb-pod-4152,5594
5843,create,paib-gpu/openb-pod-5814,5595
5844,create,paib-gpu/openb-pod-7784,5596
5845,create,paib-gpu/openb-pod-7737,5597
5846,create,paib-gpu/openb-pod-2934,5598
5847,create,paib-gpu/openb-pod-3772,5599
5848,create,paib-gpu/openb-pod-7968,5600
5849,create,paib-gpu/openb-pod-6741,5601
5850,create,paib-gpu/openb-pod-4312,5602
5851,create,paib-gpu/openb-pod-3134,5603
5852,create,paib-gpu/openb-pod-4856,5604
5853,create,paib-gpu/openb-pod-2302,5605
5854,create,paib-gpu/openb-pod-2794,5606
5855,create,paib-gpu/openb-pod-3783,5607
5856,create,paib-gpu/openb-pod-2339,5608
5857,create,paib-gpu/openb-pod-6403,5609
5858,create,paib-gpu/openb-pod-4942,5610
5859,failed,paib-gpu/openb-pod-5138,5610
5860,create,paib-gpu/openb-pod-2885,5611
5861,failed,paib-gpu/openb-pod-5938,5611
5862,create,paib-gpu/openb-pod-6794,5612
5863,create,paib-gpu/openb-pod-6023,5613
5864,create,paib-gpu/openb-pod-3829,5614
5865,create,paib-gpu/openb-pod-0748,5615
5866,create,paib-gpu/openb-pod-0716,5616
5867,create,paib-gpu/openb-pod-5612,5617
5868,create,paib-gpu/openb-pod-8044,5618
5869,create,paib-gpu/openb-pod-2073,5619
5870,create,paib-gpu/openb-pod-5259,5620
5871,create,paib-gpu/openb-pod-1871,5621
5872,create,paib-gpu/openb-pod-6779,5622
5873,create,paib-gpu/openb-pod-7858,5623
5874,create,paib-gpu/openb-pod-4797,5624
5875,create,paib-gpu/openb-pod-3779,5625
5876,create,paib-gpu/openb-pod-7560,5626
5877,create,paib-gpu/openb-pod-5661,5627
5878,create,paib-gpu/openb-pod-8127,5628
5879,create,paib-gpu/openb-pod-6440,5629
5880,create,paib-gpu/openb-pod-2311,5630
5881,create,paib-gpu/openb-pod-4701,5631
5882,create,paib-gpu/openb-pod-7528,5632
5883,create,paib-gpu/openb-pod-5061,5633
5884,create,paib-gpu/openb-pod-6848,5634
5885,create,paib-gpu/openb-pod-1184,5635
5886,create,paib-gpu/openb-pod-7524,5636
5887,create,paib-gpu/openb-pod-8105,5637
5888,create,paib-gpu/openb-pod-7392,5638
5889,create,paib-gpu/openb-pod-5781,5639
5890,create,paib-gpu/openb-pod-6243,5640
5891,create,paib-gpu/openb-pod-2144,5641
5892,create,paib-gpu/openb-pod-5550,5642
5893,create,paib-gpu/openb-pod-7285,5643
5894,create,paib-gpu/openb-pod-4450,5644
5895,create,paib-gpu/openb-pod-5682,5645
5896,create,paib-gpu/openb-pod-2145,5646
5897,create,paib-gpu/openb-pod-0063,5647
5898,create,paib-gpu/openb-pod-7860,5648
5899,create,paib-gpu/openb-pod-5480,5649
5900,create,paib-gpu/openb-pod-3808,5650
5901,create,paib-gpu/openb-pod-3187,5651
5902,create,paib-gpu/openb-pod-1053,5652
5903,create,paib-gpu/openb-pod-2811,5653
5904,create,paib-gpu/openb-pod-4815,5654
5905,failed,paib-gpu/openb-pod-7341,5654
5906,create,paib-gpu/openb-pod-7072,5655
5907,create,paib-gpu/openb-pod-6071,5656
5908,create,paib-gpu/openb-pod-1641,5657
5909,create,paib-gpu/openb-pod-2920,5658
5910,create,paib-gpu/openb-pod-4307,5659
5911,create,paib-gpu/openb-pod-1504,5660
5912,create,paib-gpu/openb-pod-2604,5661
5913,failed,paib-gpu/openb-pod-7655,5661
5914,create,paib-gpu/openb-pod-1771,5662
5915,create,paib-gpu/openb-pod-4026,5663
5916,failed,paib-gpu/openb-pod-4056,5663
5917,create,paib-gpu/openb-pod-4690,5664
5918,create,paib-gpu/openb-pod-8074,5665
5919,create,paib-gpu/openb-pod-7114,5666
5920,failed,paib-gpu/openb-pod-0325,5666
5921,create,paib-gpu/openb-pod-2536,5667
5922,failed,paib-gpu/openb-pod-1236,5667
5923,create,paib-gpu/openb-pod-5950,5668
5924,create,paib-gpu/openb-pod-3316,5669
5925,create,paib-gpu/openb-pod-2851,5670
5926,create,paib-gpu/openb-pod-2834,5671
5927,create,paib-gpu/openb-pod-6239,5672
5928,create,paib-gpu/openb-pod-3916,5673
5929,create,paib-gpu/openb-pod-4223,5674
5930,create,paib-gpu/openb-pod-5176,5675
5931,create,paib-gpu/openb-pod-1032,5676
5932,create,paib-gpu/openb-pod-7697,5677
5933,create,paib-gpu/openb-pod-2376,5678
5934,failed,paib-gpu/openb-pod-2021,5678
5935,create,paib-gpu/openb-pod-0648,5679
5936,create,paib-gpu/openb-pod-5948,5680
5937,create,paib-gpu/openb-pod-5151,5681
5938,create,paib-gpu/openb-pod-4200,5682
5939,create,paib-gpu/openb-pod-3617,5683
5940,failed,paib-gpu/openb-pod-6430,5683
5941,create,paib-gpu/openb-pod-6266,5684
5942,create,paib-gpu/openb-pod-6954,5685
5943,create,paib-gpu/openb-pod-4067,5686
5944,create,paib-gpu/openb-pod-3527,5687
5945,create,paib-gpu/openb-pod-6839,5688
5946,create,paib-gpu/openb-pod-4147,5689
5947,create,paib-gpu/openb-pod-2668,5690
5948,create,paib-gpu/openb-pod-0781,5691
5949,create,paib-gpu/openb-pod-4589,5692
5950,failed,paib-gpu/openb-pod-0183,5692
5951,failed,paib-gpu/openb-pod-1346,5692
5952,create,paib-gpu/openb-pod-5563,5693
5953,create,paib-gpu/openb-pod-1887,5694
5954,create,paib-gpu/openb-pod-5065,5695
5955,create,paib-gpu/openb-pod-5922,5696
5956,create,paib-gpu/openb-pod-4203,5697
5957,create,paib-gpu/openb-pod-7953,5698
5958,create,paib-gpu/openb-pod-7866,5699
5959,create,paib-gpu/openb-pod-5060,5700
5960,create,paib-gpu/openb-pod-4313,5701
5961,create,paib-gpu/openb-pod-4250,5702
5962,create,paib-gpu/openb-pod-8039,5703
5963,create,paib-gpu/openb-pod-4168,5704
5964,create,paib-gpu/openb-pod-6966,5705
5965,create,paib-gpu/openb-pod-4662,5706
5966,create,paib-gpu/openb-pod-6304,5707
5967,create,paib-gpu/openb-pod-7592,5708
5968,create,paib-gpu/openb-pod-1478,5709
5969,create,paib-gpu/openb-pod-4022,5710
5970,create,paib-gpu/openb-pod-3917,5711
5971,create,paib-gpu/openb-pod-2726,5712
5972,create,paib-gpu/openb-pod-0132,5713
5973,failed,paib-gpu/openb-pod-4388,5713
5974,create,paib-gpu/openb-pod-6279,5714
5975,create,paib-gpu/openb-pod-4481,5715
5976,create,paib-gpu/openb-pod-5366,5716
5977,create,paib-gpu/openb-pod-3870,5717
5978,create,paib-gpu/openb-pod-2902,5718
5979,create,paib-gpu/openb-pod-3423,5719
5980,create,paib-gpu/openb-pod-0845,5720
5981,create,paib-gpu/openb-pod-0840,5721
5982,failed,paib-gpu/openb-pod-1179,5721
5983,create,paib-gpu/openb-pod-6820,5722
5984,create,paib-gpu/openb-pod-4075,5723
5985,create,paib-gpu/openb-pod-6320,5724
5986,create,paib-gpu/openb-pod-7132,5725
5987,create,paib-gpu/openb-pod-4568,5726
5988,create,paib-gpu/openb-pod-5293,5727
5989,create,paib-gpu/openb-pod-6224,5728
5990,create,paib-gpu/openb-pod-6498,5729
5991,create,paib-gpu/openb-pod-5963,5730
5992,create,paib-gpu/openb-pod-2323,5731
5993,create,paib-gpu/openb-pod-0204,5732
5994,create,paib-gpu/openb-pod-1626,5733
5995,create,paib-gpu/openb-pod-3828,5734
5996,create,paib-gpu/openb-pod-3574,5735
5997,create,paib-gpu/openb-pod-7351,5736
5998,create,paib-gpu/openb-pod-8025,5737
5999,create,paib-gpu/openb-pod-1979,5738
6000,create,paib-gpu/openb-pod-2417,5739
6001,create,paib-gpu/openb-pod-2586,5740
6002,create,paib-gpu/openb-pod-2102,5741
6003,create,paib-gpu/openb-pod-7482,5742
6004,create,paib-gpu/openb-pod-3028,5743
6005,create,paib-gpu/openb-pod-7623,5744
6006,create,paib-gpu/openb-pod-6932,5745
6007,create,paib-gpu/openb-pod-6262,5746
6008,create,paib-gpu/openb-pod-6457,5747
6009,create,paib-gpu/openb-pod-2921,5748
6010,create,paib-gpu/openb-pod-4944,5749
6011,create,paib-gpu/openb-pod-3708,5750
6012,create,paib-gpu/openb-pod-0550,5751
6013,create,paib-gpu/openb-pod-5041,5752
6014,create,paib-gpu/openb-pod-7224,5753
6015,create,paib-gpu/openb-pod-3259,5754
6016,create,paib-gpu/openb-pod-6384,5755
6017,create,paib-gpu/openb-pod-3529,5756
6018,create,paib-gpu/openb-pod-2315,5757
6019,create,paib-gpu/openb-pod-4658,5758
6020,create,paib-gpu/openb-pod-7755,5759
6021,create,paib-gpu/openb-pod-5175,5760
6022,create,paib-gpu/openb-pod-4969,5761
6023,create,paib-gpu/openb-pod-6483,5762
6024,create,paib-gpu/openb-pod-5789,5763
6025,create,paib-gpu/openb-pod-3868,5764
6026,create,paib-gpu/openb-pod-4629,5765
6027,create,paib-gpu/openb-pod-1683,5766
6028,failed,paib-gpu/openb-pod-2177,5766
6029,failed,paib-gpu/openb-pod-1155,5766
6030,failed,paib-gpu/openb-pod-1461,5766
6031,create,paib-gpu/openb-pod-4228,5767
6032,create,paib-gpu/openb-pod-1931,5768
6033,create,paib-gpu/openb-pod-0049,5769
6034,create,paib-gpu/openb-pod-6749,5770
6035,create,paib-gpu/openb-pod-5165,5771
6036,create,paib-gpu/openb-pod-0449,5772
6037,create,paib-gpu/openb-pod-2576,5773
6038,create,paib-gpu/openb-pod-3248,5774
6039,create,paib-gpu/openb-pod-1700,5775
6040,create,paib-gpu/openb-pod-6416,5776
6041,create,paib-gpu/openb-pod-4309,5777
6042,create,paib-gpu/openb-pod-7495,5778
6043,create,paib-gpu/openb-pod-4188,5779
6044,create,paib-gpu/openb-pod-6179,5780
6045,create,paib-gpu/openb-pod-6020,5781
6046,create,paib-gpu/openb-pod-3871,5782
6047,create,paib-gpu/openb-pod-3006,5783
6048,failed,paib-gpu/openb-pod-5335,5783
6049,create,paib-gpu/openb-pod-3569,5784
6050,create,paib-gpu/openb-pod-5063,5785
6051,create,paib-gpu/openb-pod-0091,5786
6052,create,paib-gpu/openb-pod-4331,5787
6053,create,paib-gpu/openb-pod-7932,5788
6054,create,paib-gpu/openb-pod-5816,5789
6055,create,paib-gpu/openb-pod-7358,5790
6056,create,paib-gpu/openb-pod-4842,5791
6057,create,paib-gpu/openb-pod-6366,5792
6058,create,paib-gpu/openb-pod-5536,5793
6059,create,paib-gpu/openb-pod-0563,5794
6060,create,paib-gpu/openb-pod-7593,5795
6061,create,paib-gpu/openb-pod-5840,5796
6062,create,paib-gpu/openb-pod-1942,5797
6063,create,paib-gpu/openb-pod-5996,5798
6064,create,paib-gpu/openb-pod-2438,5799
6065,create,paib-gpu/openb-pod-5405,5800
6066,create,paib-gpu/openb-pod-2317,5801
6067,create,paib-gpu/openb-pod-3046,5802
6068,create,paib-gpu/openb-pod-3751,5803
6069,create,paib-gpu/openb-pod-0846,5804
6070,create,paib-gpu/openb-pod-4010,5805
6071,create,paib-gpu/openb-pod-0330,5806
6072,create,paib-gpu/openb-pod-2018,5807
6073,failed,paib-gpu/openb-pod-3200,5807
6074,create,paib-gpu/openb-pod-6775,5808
6075,create,paib-gpu/openb-pod-3672,5809
6076,create,paib-gpu/openb-pod-2275,5810
6077,create,paib-gpu/openb-pod-3323,5811
6078,create,paib-gpu/openb-pod-5783,5812
6079,create,paib-gpu/openb-pod-5046,5813
6080,failed,paib-gpu/openb-pod-5071,5813
6081,create,paib-gpu/openb-pod-1286,5814
6082,failed,paib-gpu/openb-pod-5508,5814
6083,create,paib-gpu/openb-pod-1884,5815
6084,create,paib-gpu/openb-pod-7878,5816
6085,create,paib-gpu/openb-pod-7151,5817
6086,create,paib-gpu/openb-pod-5086,5818
6087,create,paib-gpu/openb-pod-5691,5819
6088,create,paib-gpu/openb-pod-5742,5820
6089,create,paib-gpu/openb-pod-3486,5821
6090,create,paib-gpu/openb-pod-5873,5822
6091,create,paib-gpu/openb-pod-0739,5823
6092,create,paib-gpu/openb-pod-6360,5824
6093,create,paib-gpu/openb-pod-5266,5825
6094,create,paib-gpu/openb-pod-1670,5826
6095,create,paib-gpu/openb-pod-5951,5827
6096,create,paib-gpu/openb-pod-2914,5828
6097,create,paib-gpu/openb-pod-5045,5829
6098,create,paib-gpu/openb-pod-6636,5830
6099,create,paib-gpu/openb-pod-3338,5831
6100,failed,paib-gpu/openb-pod-1911,5831
6101,create,paib-gpu/openb-pod-7983,5832
6102,create,paib-gpu/openb-pod-4054,5833
6103,failed,paib-gpu/openb-pod-6333,5833
6104,create,paib-gpu/openb-pod-3495,5834
6105,create,paib-gpu/openb-pod-4089,5835
6106,create,paib-gpu/openb-pod-2512,5836
6107,create,paib-gpu/openb-pod-0348,5837
6108,create,paib-gpu/openb-pod-2755,5838
6109,create,paib-gpu/openb-pod-5579,5839
6110,create,paib-gpu/openb-pod-4149,5840
6111,create,paib-gpu/openb-pod-1651,5841
6112,failed,paib-gpu/openb-pod-5971,5841
6113,create,paib-gpu/openb-pod-0217,5842
6114,create,paib-gpu/openb-pod-4397,5843
6115,create,paib-gpu/openb-pod-7523,5844
6116,create,paib-gpu/openb-pod-7622,5845
6117,create,paib-gpu/openb-pod-4890,5846
6118,failed,paib-gpu/openb-pod-7618,5846
6119,create,paib-gpu/openb-pod-6454,5847
6120,create,paib-gpu/openb-pod-0509,5848
6121,create,paib-gpu/openb-pod-3619,5849
6122,create,paib-gpu/openb-pod-7624,5850
6123,create,paib-gpu/openb-pod-6970,5851
6124,failed,paib-gpu/openb-pod-7162,5851
6125,create,paib-gpu/openb-pod-2648,5852
6126,create,paib-gpu/openb-pod-2739,5853
6127,create,paib-gpu/openb-pod-4079,5854
6128,create,paib-gpu/openb-pod-2011,5855
6129,create,paib-gpu/openb-pod-5520,5856
6130,create,paib-gpu/openb-pod-5590,5857
6131,create,paib-gpu/openb-pod-0307,5858
6132,create,paib-gpu/openb-pod-1325,5859
6133,create,paib-gpu/openb-pod-1501,5860
6134,create,paib-gpu/openb-pod-2156,5861
6135,failed,paib-gpu/openb-pod-1968,5861
6136,create,paib-gpu/openb-pod-1932,5862
6137,create,paib-gpu/openb-pod-2192,5863
6138,create,paib-gpu/openb-pod-1882,5864
6139,create,paib-gpu/openb-pod-3943,5865
6140,create,paib-gpu/openb-pod-4710,5866
6141,create,paib-gpu/openb-pod-5392,5867
6142,create,paib-gpu/openb-pod-1198,5868
6143,create,paib-gpu/openb-pod-0977,5869
6144,create,paib-gpu/openb-pod-0228,5870
6145,create,paib-gpu/openb-pod-5891,5871
6146,create,paib-gpu/openb-pod-5268,5872
6147,create,paib-gpu/openb-pod-4456,5873
6148,create,paib-gpu/openb-pod-1506,5874
6149,create,paib-gpu/openb-pod-2420,5875
6150,create,paib-gpu/openb-pod-2167,5876
6151,failed,paib-gpu/openb-pod-3524,5876
6152,create,paib-gpu/openb-pod-3460,5877
6153,create,paib-gpu/openb-pod-0672,5878
6154,create,paib-gpu/openb-pod-6103,5879
6155,create,paib-gpu/openb-pod-3994,5880
6156,create,paib-gpu/openb-pod-6035,5881
6157,create,paib-gpu/openb-pod-3953,5882
6158,create,paib-gpu/openb-pod-0048,5883
6159,create,paib-gpu/openb-pod-2007,5884
6160,create,paib-gpu/openb-pod-6651,5885
6161,create,paib-gpu/openb-pod-1497,5886
6162,create,paib-gpu/openb-pod-5625,5887
6163,create,paib-gpu/openb-pod-2723,5888
6164,create,paib-gpu/openb-pod-5032,5889
6165,create,paib-gpu/openb-pod-3188,5890
6166,create,paib-gpu/openb-pod-4327,5891
6167,create,paib-gpu/openb-pod-5670,5892
6168,create,paib-gpu/openb-pod-1739,5893
6169,create,paib-gpu/openb-pod-0502,5894
6170,create,paib-gpu/openb-pod-0093,5895
6171,create,paib-gpu/openb-pod-8055,5896
6172,failed,paib-gpu/openb-pod-4349,5896
6173,create,paib-gpu/openb-pod-7636,5897
6174,create,paib-gpu/openb-pod-0514,5898
6175,create,paib-gpu/openb-pod-0088,5899
6176,create,paib-gpu/openb-pod-3765,5900
6177,create,paib-gpu/openb-pod-2220,5901
6178,create,paib-gpu/openb-pod-5076,5902
6179,create,paib-gpu/openb-pod-5511,5903
6180,create,paib-gpu/openb-pod-3478,5904
6181,create,paib-gpu/openb-pod-4720,5905
6182,create,paib-gpu/openb-pod-4899,5906
6183,create,paib-gpu/openb-pod-8118,5907
6184,create,paib-gpu/openb-pod-4244,5908
6185,create,paib-gpu/openb-pod-5358,5909
6186,create,paib-gpu/openb-pod-4386,5910
6187,create,paib-gpu/openb-pod-5191,5911
6188,create,paib-gpu/openb-pod-4753,5912
6189,create,paib-gpu/openb-pod-2423,5913
6190,failed,paib-gpu/openb-pod-4653,5913
6191,create,paib-gpu/openb-pod-5351,5914
6192,create,paib-gpu/openb-pod-1375,5915
6193,create,paib-gpu/openb-pod-1539,5916
6194,create,paib-gpu/openb-pod-7742,5917
6195,create,paib-gpu/openb-pod-6921,5918
6196,create,paib-gpu/openb-pod-7543,5919
6197,create,paib-gpu/openb-pod-3420,5920
6198,create,paib-gpu/openb-pod-3480,5921
6199,create,paib-gpu/openb-pod-4502,5922
6200,create,paib-gpu/openb-pod-1046,5923
6201,create,paib-gpu/openb-pod-3047,5924
6202,create,paib-gpu/openb-pod-6447,5925
6203,create,paib-gpu/openb-pod-4866,5926
6204,create,paib-gpu/openb-pod-4646,5927
6205,failed,paib-gpu/openb-pod-2234,5927
6206,create,paib-gpu/openb-pod-7272,5928
6207,create,paib-gpu/openb-pod-6578,5929
6208,create,paib-gpu/openb-pod-1470,5930
6209,create,paib-gpu/openb-pod-5516,5931
6210,create,paib-gpu/openb-pod-5818,5932
6211,failed,paib-gpu/openb-pod-7696,5932
6212,create,paib-gpu/openb-pod-6159,5933
6213,create,paib-gpu/openb-pod-3757,5934
6214,failed,paib-gpu/openb-pod-6313,5934
6215,create,paib-gpu/openb-pod-6125,5935
6216,create,paib-gpu/openb-pod-0877,5936
6217,create,paib-gpu/openb-pod-8028,5937
6218,create,paib-gpu/openb-pod-2778,5938
6219,create,paib-gpu/openb-pod-1277,5939
6220,create,paib-gpu/openb-pod-5189,5940
6221,create,paib-gpu/openb-pod-2313,5941
6222,create,paib-gpu/openb-pod-4999,5942
6223,create,paib-gpu/openb-pod-7104,5943
6224,create,paib-gpu/openb-pod-2213,5944
6225,create,paib-gpu/openb-pod-3946,5945
6226,create,paib-gpu/openb-pod-6648,5946
6227,create,paib-gpu/openb-pod-2468,5947
6228,create,paib-gpu/openb-pod-7739,5948
6229,create,paib-gpu/openb-pod-6645,5949
6230,failed,paib-gpu/openb-pod-7875,5949
6231,create,paib-gpu/openb-pod-4755,5950
6232,create,paib-gpu/openb-pod-7743,5951
6233,create,paib-gpu/openb-pod-3092,5952
6234,create,paib-gpu/openb-pod-7704,5953
6235,create,paib-gpu/openb-pod-0642,5954
6236,create,paib-gpu/openb-pod-5402,5955
6237,create,paib-gpu/openb-pod-1582,5956
6238,create,paib-gpu/openb-pod-3877,5957
6239,create,paib-gpu/openb-pod-6322,5958
6240,create,paib-gpu/openb-pod-1104,5959
6241,create,paib-gpu/openb-pod-1555,5960
6242,create,paib-gpu/openb-pod-1907,5961
6243,create,paib-gpu/openb-pod-5561,5962
6244,create,paib-gpu/openb-pod-2864,5963
6245,create,paib-gpu/openb-pod-5555,5964
6246,create,paib-gpu/openb-pod-1623,5965
6247,create,paib-gpu/openb-pod-1308,5966
6248,create,paib-gpu/openb-pod-4428,5967
6249,create,paib-gpu/openb-pod-1529,5968
6250,failed,paib-gpu/openb-pod-2917,5968
6251,create,paib-gpu/openb-pod-6523,5969
6252,create,paib-gpu/openb-pod-1963,5970
6253,create,paib-gpu/openb-pod-0192,5971
6254,create,paib-gpu/openb-pod-7127,5972
6255,create,paib-gpu/openb-pod-3892,5973
6256,create,paib-gpu/openb-pod-5183,5974
6257,create,paib-gpu/openb-pod-4282,5975
6258,create,paib-gpu/openb-pod-0005,5976
6259,create,paib-gpu/openb-pod-7862,5977
6260,create,paib-gpu/openb-pod-1977,5978
6261,create,paib-gpu/openb-pod-6462,5979
6262,create,paib-gpu/openb-pod-6486,5980
6263,create,paib-gpu/openb-pod-2267,5981
6264,create,paib-gpu/openb-pod-5345,5982
6265,failed,paib-gpu/openb-pod-3530,5982
6266,create,paib-gpu/openb-pod-0353,5983
6267,create,paib-gpu/openb-pod-7648,5984
6268,create,paib-gpu/openb-pod-3867,5985
6269,create,paib-gpu/openb-pod-1526,5986
6270,create,paib-gpu/openb-pod-1961,5987
6271,create,paib-gpu/openb-pod-4847,5988
6272,create,paib-gpu/openb-pod-7018,5989
6273,create,paib-gpu/openb-pod-6307,5990
6274,create,paib-gpu/openb-pod-6786,5991
6275,failed,paib-gpu/openb-pod-5708,5991
6276,create,paib-gpu/openb-pod-7961,5992
6277,create,paib-gpu/openb-pod-5571,5993
6278,create,paib-gpu/openb-pod-0899,5994
6279,create,paib-gpu/openb-pod-6906,5995
6280,create,paib-gpu/openb-pod-4460,5996
6281,create,paib-gpu/openb-pod-3545,5997
6282,failed,paib-gpu/openb-pod-1943,5997
6283,create,paib-gpu/openb-pod-7029,5998
6284,create,paib-gpu/openb-pod-7069,5999
6285,create,paib-gpu/openb-pod-0317,6000
6286,create,paib-gpu/openb-pod-5273,6001
6287,create,paib-gpu/openb-pod-1028,6002
6288,create,paib-gpu/openb-pod-2919,6003
6289,create,paib-gpu/openb-pod-5697,6004
6290,create,paib-gpu/openb-pod-2935,6005
6291,create,paib-gpu/openb-pod-4574,6006
6292,create,paib-gpu/openb-pod-5456,6007
6293,create,paib-gpu/openb-pod-7342,6008
6294,create,paib-gpu/openb-pod-2456,6009
6295,create,paib-gpu/openb-pod-1063,6010
6296,create,paib-gpu/openb-pod-1536,6011
6297,create,paib-gpu/openb-pod-2440,6012
6298,create,paib-gpu/openb-pod-1454,6013
6299,create,paib-gpu/openb-pod-6935,6014
6300,create,paib-gpu/openb-pod-4072,6015
6301,create,paib-gpu/openb-pod-5654,6016
6302,create,paib-gpu/openb-pod-7276,6017
6303,create,paib-gpu/openb-pod-3111,6018
6304,create,paib-gpu/openb-pod-4191,6019
6305,create,paib-gpu/openb-pod-1384,6020
6306,create,paib-gpu/openb-pod-7619,6021
6307,create,paib-gpu/openb-pod-3896,6022
6308,create,paib-gpu/openb-pod-0148,6023
6309,create,paib-gpu/openb-pod-1469,6024
6310,failed,paib-gpu/openb-pod-1639,6024
6311,create,paib-gpu/openb-pod-6829,6025
6312,create,paib-gpu/openb-pod-3138,6026
6313,create,paib-gpu/openb-pod-1313,6027
6314,create,paib-gpu/openb-pod-5368,6028
6315,create,paib-gpu/openb-pod-6198,6029
6316,create,paib-gpu/openb-pod-1079,6030
6317,create,paib-gpu/openb-pod-2347,6031
6318,create,paib-gpu/openb-pod-3069,6032
6319,create,paib-gpu/openb-pod-8070,6033
6320,create,paib-gpu/openb-pod-8120,6034
6321,failed,paib-gpu/openb-pod-1468,6034
6322,create,paib-gpu/openb-pod-0066,6035
6323,create,paib-gpu/openb-pod-7513,6036
6324,create,paib-gpu/openb-pod-7404,6037
6325,create,paib-gpu/openb-pod-2575,6038
6326,create,paib-gpu/openb-pod-5403,6039
6327,create,paib-gpu/openb-pod-0374,6040
6328,create,paib-gpu/openb-pod-4454,6041
6329,create,paib-gpu/openb-pod-7360,6042
6330,create,paib-gpu/openb-pod-7139,6043
6331,create,paib-gpu/openb-pod-3433,6044
6332,create,paib-gpu/openb-pod-0659,6045
6333,create,paib-gpu/openb-pod-1062,6046
6334,create,paib-gpu/openb-pod-6429,6047
6335,create,paib-gpu/openb-pod-0867,6048
6336,create,paib-gpu/openb-pod-2221,6049
6337,create,paib-gpu/openb-pod-6604,6050
6338,create,paib-gpu/openb-pod-0762,6051
6339,create,paib-gpu/openb-pod-7145,6052
6340,create,paib-gpu/openb-pod-6026,6053
6341,create,paib-gpu/openb-pod-1097,6054
6342,create,paib-gpu/openb-pod-3319,6055
6343,create,paib-gpu/openb-pod-7419,6056
6344,create,paib-gpu/openb-pod-6894,6057
6345,create,paib-gpu/openb-pod-5506,6058
6346,create,paib-gpu/openb-pod-0230,6059
6347,failed,paib-gpu/openb-pod-5864,6059
6348,create,paib-gpu/openb-pod-0296,6060
6349,create,paib-gpu/openb-pod-5105,6061
6350,create,paib-gpu/openb-pod-2130,6062
6351,create,paib-gpu/openb-pod-0116,6063
6352,create,paib-gpu/openb-pod-7269,6064
6353,create,paib-gpu/openb-pod-6412,6065
6354,create,paib-gpu/openb-pod-1867,6066
6355,create,paib-gpu/openb-pod-4615,6067
6356,create,paib-gpu/openb-pod-5502,6068
6357,create,paib-gpu/openb-pod-2331,6069
6358,create,paib-gpu/openb-pod-7681,6070
6359,create,paib-gpu/openb-pod-1118,6071
6360,create,paib-gpu/openb-pod-3821,6072
6361,create,paib-gpu/openb-pod-0119,6073
6362,create,paib-gpu/openb-pod-4411,6074
6363,create,paib-gpu/openb-pod-0225,6075
6364,create,paib-gpu/openb-pod-3670,6076
6365,create,paib-gpu/openb-pod-1484,6077
6366,create,paib-gpu/openb-pod-7585,6078
6367,create,paib-gpu/openb-pod-2784,6079
6368,create,paib-gpu/openb-pod-5883,6080
6369,create,paib-gpu/openb-pod-1496,6081
6370,create,paib-gpu/openb-pod-4407,6082
6371,create,paib-gpu/openb-pod-4227,6083
6372,create,paib-gpu/openb-pod-4352,6084
6373,create,paib-gpu/openb-pod-3032,6085
6374,create,paib-gpu/openb-pod-2375,6086
6375,create,paib-gpu/openb-pod-0600,6087
6376,create,paib-gpu/openb-pod-3270,6088
6377,create,paib-gpu/openb-pod-8071,6089
6378,create,paib-gpu/openb-pod-1764,6090
6379,create,paib-gpu/openb-pod-4533,6091
6380,create,paib-gpu/openb-pod-7990,6092
6381,create,paib-gpu/openb-pod-2527,6093
6382,create,paib-gpu/openb-pod-4683,6094
6383,create,paib-gpu/openb-pod-7344,6095
6384,create,paib-gpu/openb-pod-1304,6096
6385,create,paib-gpu/openb-pod-2123,6097
6386,create,paib-gpu/openb-pod-6535,6098
6387,failed,paib-gpu/openb-pod-7204,6098
6388,create,paib-gpu/openb-pod-2691,6099
6389,create,paib-gpu/openb-pod-0612,6100
6390,create,paib-gpu/openb-pod-6573,6101
6391,create,paib-gpu/openb-pod-1231,6102
6392,create,paib-gpu/openb-pod-0894,6103
6393,create,paib-gpu/openb-pod-0614,6104
6394,create,paib-gpu/openb-pod-6112,6105
6395,create,paib-gpu/openb-pod-3422,6106
6396,failed,paib-gpu/openb-pod-0094,6106
6397,create,paib-gpu/openb-pod-3315,6107
6398,create,paib-gpu/openb-pod-0098,6108
6399,create,paib-gpu/openb-pod-4939,6109
6400,create,paib-gpu/openb-pod-6129,6110
6401,create,paib-gpu/openb-pod-5450,6111
6402,create,paib-gpu/openb-pod-2751,6112
6403,create,paib-gpu/openb-pod-0260,6113
6404,create,paib-gpu/openb-pod-3846,6114
6405,failed,paib-gpu/openb-pod-0639,6114
6406,failed,paib-gpu/openb-pod-7767,6114
6407,create,paib-gpu/openb-pod-6497,6115
6408,create,paib-gpu/openb-pod-5778,6116
6409,create,paib-gpu/openb-pod-5589,6117
6410,failed,paib-gpu/openb-pod-0104,6117
6411,create,paib-gpu/openb-pod-3608,6118
6412,create,paib-gpu/openb-pod-4981,6119
6413,create,paib-gpu/openb-pod-1595,6120
6414,create,paib-gpu/openb-pod-4208,6121
6415,create,paib-gpu/openb-pod-5937,6122
6416,create,paib-gpu/openb-pod-2832,6123
6417,create,paib-gpu/openb-pod-4824,6124
6418,create,paib-gpu/openb-pod-6110,6125
6419,create,paib-gpu/openb-pod-5658,6126
6420,create,paib-gpu/openb-pod-3386,6127
6421,create,paib-gpu/openb-pod-1380,6128
6422,create,paib-gpu/openb-pod-0998,6129
6423,create,paib-gpu/openb-pod-3522,6130
6424,create,paib-gpu/openb-pod-2153,6131
6425,create,paib-gpu/openb-pod-5338,6132
6426,create,paib-gpu/openb-pod-3342,6133
6427,create,paib-gpu/openb-pod-3397,6134
6428,create,paib-gpu/openb-pod-4127,6135
6429,create,paib-gpu/openb-pod-4512,6136
6430,create,paib-gpu/openb-pod-2655,6137
6431,create,paib-gpu/openb-pod-5839,6138
6432,create,paib-gpu/openb-pod-1332,6139
6433,create,paib-gpu/openb-pod-1803,6140
6434,create,paib-gpu/openb-pod-3749,6141
6435,create,paib-gpu/openb-pod-0473,6142
6436,create,paib-gpu/openb-pod-0668,6143
6437,create,paib-gpu/openb-pod-5748,6144
6438,create,paib-gpu/openb-pod-6547,6145
6439,create,paib-gpu/openb-pod-7386,6146
6440,create,paib-gpu/openb-pod-4098,6147
6441,failed,paib-gpu/openb-pod-1696,6147
6442,create,paib-gpu/openb-pod-3951,6148
6443,failed,paib-gpu/openb-pod-6424,6148
6444,create,paib-gpu/openb-pod-3659,6149
6445,create,paib-gpu/openb-pod-7780,6150
6446,create,paib-gpu/openb-pod-0727,6151
6447,create,paib-gpu/openb-pod-0829,6152
6448,create,paib-gpu/openb-pod-4998,6153
6449,create,paib-gpu/openb-pod-1418,6154
6450,create,paib-gpu/openb-pod-1334,6155
6451,create,paib-gpu/openb-pod-4334,6156
6452,create,paib-gpu/openb-pod-0960,6157
6453,create,paib-gpu/openb-pod-5869,6158
6454,create,paib-gpu/openb-pod-3626,6159
6455,create,paib-gpu/openb-pod-7234,6160
6456,create,paib-gpu/openb-pod-1426,6161
6457,failed,paib-gpu/openb-pod-0190,6161
6458,failed,paib-gpu/openb-pod-5743,6161
6459,create,paib-gpu/openb-pod-2566,6162
6460,create,paib-gpu/openb-pod-6113,6163
6461,create,paib-gpu/openb-pod-5243,6164
6462,create,paib-gpu/openb-pod-6659,6165
6463,create,paib-gpu/openb-pod-6553,6166
6464,create,paib-gpu/openb-pod-0857,6167
6465,create,paib-gpu/openb-pod-5129,6168
6466,create,paib-gpu/openb-pod-4272,6169
6467,create,paib-gpu/openb-pod-1601,6170
6468,create,paib-gpu/openb-pod-2361,6171
6469,create,paib-gpu/openb-pod-0481,6172
6470,create,paib-gpu/openb-pod-3534,6173
6471,create,paib-gpu/openb-pod-1913,6174
6472,create,paib-gpu/openb-pod-5313,6175
6473,create,paib-gpu/openb-pod-3106,6176
6474,create,paib-gpu/openb-pod-7382,6177
6475,create,paib-gpu/openb-pod-0569,6178
6476,create,paib-gpu/openb-pod-1024,6179
6477,create,paib-gpu/openb-pod-4772,6180
6478,create,paib-gpu/openb-pod-1824,6181
6479,create,paib-gpu/openb-pod-4436,6182
6480,create,paib-gpu/openb-pod-3309,6183
6481,failed,paib-gpu/openb-pod-0594,6183
6482,create,paib-gpu/openb-pod-2581,6184
6483,create,paib-gpu/openb-pod-5049,6185
6484,create,paib-gpu/openb-pod-3960,6186
6485,create,paib-gpu/openb-pod-7510,6187
6486,create,paib-gpu/openb-pod-0872,6188
6487,create,paib-gpu/openb-pod-7062,6189
6488,create,paib-gpu/openb-pod-5241,6190
6489,create,paib-gpu/openb-pod-6747,6191
6490,create,paib-gpu/openb-pod-5711,6192
6491,create,paib-gpu/openb-pod-1544,6193
6492,create,paib-gpu/openb-pod-7625,6194
6493,create,paib-gpu/openb-pod-7921,6195
6494,create,paib-gpu/openb-pod-1072,6196
6495,create,paib-gpu/openb-pod-3034,6197
6496,create,paib-gpu/openb-pod-0446,6198
6497,create,paib-gpu/openb-pod-3263,6199
6498,create,paib-gpu/openb-pod-3559,6200
6499,create,paib-gpu/openb-pod-2760,6201
6500,create,paib-gpu/openb-pod-3884,6202
6501,create,paib-gpu/openb-pod-5432,6203
6502,create,paib-gpu/openb-pod-4433,6204
6503,create,paib-gpu/openb-pod-1836,6205
6504,create,paib-gpu/openb-pod-6475,6206
6505,create,paib-gpu/openb-pod-2793,6207
6506,create,paib-gpu/openb-pod-6963,6208
6507,create,paib-gpu/openb-pod-5130,6209
6508,create,paib-gpu/openb-pod-2973,6210
6509,create,paib-gpu/openb-pod-7551,6211
6510,create,paib-gpu/openb-pod-5642,6212
6511,create,paib-gpu/openb-pod-2969,6213
6512,create,paib-gpu/openb-pod-0050,6214
6513,create,paib-gpu/openb-pod-3385,6215
6514,create,paib-gpu/openb-pod-6735,6216
6515,create,paib-gpu/openb-pod-3350,6217
6516,create,paib-gpu/openb-pod-4573,6218
6517,create,paib-gpu/openb-pod-4148,6219
6518,create,paib-gpu/openb-pod-3703,6220
6519,create,paib-gpu/openb-pod-3744,6221
6520,create,paib-gpu/openb-pod-3739,6222
6521,create,paib-gpu/openb-pod-3003,6223
6522,create,paib-gpu/openb-pod-5953,6224
6523,create,paib-gpu/openb-pod-6774,6225
6524,create,paib-gpu/openb-pod-0267,6226
6525,create,paib-gpu/openb-pod-5163,6227
6526,create,paib-gpu/openb-pod-7763,6228
6527,create,paib-gpu/openb-pod-8143,6229
6528,create,paib-gpu/openb-pod-0035,6230
6529,create,paib-gpu/openb-pod-2499,6231
6530,create,paib-gpu/openb-pod-5727,6232
6531,create,paib-gpu/openb-pod-0052,6233
6532,failed,paib-gpu/openb-pod-6626,6233
6533,create,paib-gpu/openb-pod-7241,6234
6534,create,paib-gpu/openb-pod-5505,6235
6535,create,paib-gpu/openb-pod-1105,6236
6536,create,paib-gpu/openb-pod-3781,6237
6537,create,paib-gpu/openb-pod-0578,6238
6538,create,paib-gpu/openb-pod-6991,6239
6539,create,paib-gpu/openb-pod-2174,6240
6540,create,paib-gpu/openb-pod-7958,6241
6541,create,paib-gpu/openb-pod-0923,6242
6542,create,paib-gpu/openb-pod-5707,6243
6543,create,paib-gpu/openb-pod-1592,6244
6544,create,paib-gpu/openb-pod-6092,6245
6545,create,paib-gpu/openb-pod-2855,6246
6546,create,paib-gpu/openb-pod-4043,6247
6547,create,paib-gpu/openb-pod-5514,6248
6548,create,paib-gpu/openb-pod-5554,6249
6549,create,paib-gpu/openb-pod-4644,6250
6550,create,paib-gpu/openb-pod-3557,6251
6551,create,paib-gpu/openb-pod-2062,6252
6552,create,paib-gpu/openb-pod-1533,6253
6553,create,paib-gpu/openb-pod-3224,6254
6554,failed,paib-gpu/openb-pod-4027,6254
6555,create,paib-gpu/openb-pod-4979,6255
6556,create,paib-gpu/openb-pod-6347,6256
6557,create,paib-gpu/openb-pod-7657,6257
6558,create,paib-gpu/openb-pod-5710,6258
6559,create,paib-gpu/openb-pod-1971,6259
6560,create,paib-gpu/openb-pod-2594,6260
6561,create,paib-gpu/openb-pod-2980,6261
6562,create,paib-gpu/openb-pod-1722,6262
6563,create,paib-gpu/openb-pod-7367,6263
6564,create,paib-gpu/openb-pod-2783,6264
6565,create,paib-gpu/openb-pod-1237,6265
6566,create,paib-gpu/openb-pod-5437,6266
6567,create,paib-gpu/openb-pod-7330,6267
6568,create,paib-gpu/openb-pod-1052,6268
6569,create,paib-gpu/openb-pod-1548,6269
6570,create,paib-gpu/openb-pod-7417,6270
6571,create,paib-gpu/openb-pod-4201,6271
6572,create,paib-gpu/openb-pod-1051,6272
6573,create,paib-gpu/openb-pod-6733,6273
6574,create,paib-gpu/openb-pod-1589,6274
6575,failed,paib-gpu/openb-pod-6566,6274
6576,create,paib-gpu/openb-pod-2421,6275
6577,create,paib-gpu/openb-pod-5035,6276
6578,create,paib-gpu/openb-pod-7940,6277
6579,create,paib-gpu/openb-pod-0873,6278
6580,create,paib-gpu/openb-pod-3124,6279
6581,create,paib-gpu/openb-pod-5357,6280
6582,create,paib-gpu/openb-pod-0270,6281
6583,create,paib-gpu/openb-pod-4300,6282
6584,create,paib-gpu/openb-pod-1189,6283
6585,create,paib-gpu/openb-pod-1176,6284
6586,create,paib-gpu/openb-pod-7727,6285
6587,create,paib-gpu/openb-pod-0728,6286
6588,create,paib-gpu/openb-pod-7152,6287
6589,create,paib-gpu/openb-pod-3789,6288
6590,create,paib-gpu/openb-pod-8053,6289
6591,failed,paib-gpu/openb-pod-6569,6289
6592,create,paib-gpu/openb-pod-4314,6290
6593,create,paib-gpu/openb-pod-4617,6291
6594,create,paib-gpu/openb-pod-7733,6292
6595,create,paib-gpu/openb-pod-3665,6293
6596,create,paib-gpu/openb-pod-1518,6294
6597,create,paib-gpu/openb-pod-6912,6295
6598,create,paib-gpu/openb-pod-0937,6296
6599,create,paib-gpu/openb-pod-7066,6297
6600,create,paib-gpu/openb-pod-7334,6298
6601,create,paib-gpu/openb-pod-3566,6299
6602,create,paib-gpu/openb-pod-7747,6300
6603,create,paib-gpu/openb-pod-2328,6301
6604,create,paib-gpu/openb-pod-1374,6302
6605,create,paib-gpu/openb-pod-5303,6303
6606,create,paib-gpu/openb-pod-6189,6304
6607,create,paib-gpu/openb-pod-5166,6305
6608,create,paib-gpu/openb-pod-4145,6306
6609,create,paib-gpu/openb-pod-2912,6307
6610,create,paib-gpu/openb-pod-5659,6308
6611,failed,paib-gpu/openb-pod-4078,6308
6612,create,paib-gpu/openb-pod-4413,6309
6613,create,paib-gpu/openb-pod-1875,6310
6614,create,paib-gpu/openb-pod-2877,6311
6615,create,paib-gpu/openb-pod-3091,6312
6616,create,paib-gpu/openb-pod-1169,6313
6617,create,paib-gpu/openb-pod-3731,6314
6618,create,paib-gpu/openb-pod-4439,6315
6619,create,paib-gpu/openb-pod-0272,6316
6620,create,paib-gpu/openb-pod-6617,6317
6621,create,paib-gpu/openb-pod-1089,6318
6622,create,paib-gpu/openb-pod-0513,6319
6623,create,paib-gpu/openb-pod-2059,6320
6624,failed,paib-gpu/openb-pod-0794,6320
6625,create,paib-gpu/openb-pod-7738,6321
6626,create,paib-gpu/openb-pod-6009,6322
6627,create,paib-gpu/openb-pod-1180,6323
6628,failed,paib-gpu/openb-pod-3110,6323
6629,create,paib-gpu/openb-pod-7080,6324
6630,create,paib-gpu/openb-pod-3940,6325
6631,create,paib-gpu/openb-pod-7759,6326
6632,create,paib-gpu/openb-pod-2727,6327
6633,create,paib-gpu/openb-pod-3900,6328
6634,create,paib-gpu/openb-pod-4199,6329
6635,failed,paib-gpu/openb-pod-3078,6329
6636,create,paib-gpu/openb-pod-2745,6330
6637,create,paib-gpu/openb-pod-7728,6331
6638,create,paib-gpu/openb-pod-0240,6332
6639,create,paib-gpu/openb-pod-0667,6333
6640,create,paib-gpu/openb-pod-4119,6334
6641,create,paib-gpu/openb-pod-4542,6335
6642,create,paib-gpu/openb-pod-5528,6336
6643,create,paib-gpu/openb-pod-5591,6337
6644,create,paib-gpu/openb-pod-1109,6338
6645,create,paib-gpu/openb-pod-1157,6339
6646,create,paib-gpu/openb-pod-5213,6340
6647,create,paib-gpu/openb-pod-1734,6341
6648,create,paib-gpu/openb-pod-5739,6342
6649,create,paib-gpu/openb-pod-1203,6343
6650,create,paib-gpu/openb-pod-7627,6344
6651,create,paib-gpu/openb-pod-3593,6345
6652,create,paib-gpu/openb-pod-7799,6346
6653,create,paib-gpu/openb-pod-1939,6347
6654,create,paib-gpu/openb-pod-7252,6348
6655,create,paib-gpu/openb-pod-4325,6349
6656,create,paib-gpu/openb-pod-3857,6350
6657,create,paib-gpu/openb-pod-7682,6351
6658,create,paib-gpu/openb-pod-5004,6352
6659,create,paib-gpu/openb-pod-7661,6353
6660,create,paib-gpu/openb-pod-3390,6354
6661,create,paib-gpu/openb-pod-6005,6355
6662,create,paib-gpu/openb-pod-4048,6356
6663,create,paib-gpu/openb-pod-0702,6357
6664,create,paib-gpu/openb-pod-0135,6358
6665,create,paib-gpu/openb-pod-2476,6359
6666,create,paib-gpu/openb-pod-6592,6360
6667,create,paib-gpu/openb-pod-0384,6361
6668,create,paib-gpu/openb-pod-1675,6362
6669,create,paib-gpu/openb-pod-1223,6363
6670,create,paib-gpu/openb-pod-7974,6364
6671,create,paib-gpu/openb-pod-1235,6365
6672,create,paib-gpu/openb-pod-7719,6366
6673,create,paib-gpu/openb-pod-6116,6367
6674,create,paib-gpu/openb-pod-3682,6368
6675,create,paib-gpu/openb-pod-2970,6369
6676,create,paib-gpu/openb-pod-4114,6370
6677,failed,paib-gpu/openb-pod-3767,6370
6678,create,paib-gpu/openb-pod-1467,6371
6679,create,paib-gpu/openb-pod-3104,6372
6680,create,paib-gpu/openb-pod-3277,6373
6681,create,paib-gpu/openb-pod-0646,6374
6682,create,paib-gpu/openb-pod-3726,6375
6683,create,paib-gpu/openb-pod-3812,6376
6684,create,paib-gpu/openb-pod-7336,6377
6685,create,paib-gpu/openb-pod-6238,6378
6686,create,paib-gpu/openb-pod-2152,6379
6687,create,paib-gpu/openb-pod-0334,6380
6688,create,paib-gpu/openb-pod-6137,6381
6689,failed,paib-gpu/openb-pod-1200,6381
6690,create,paib-gpu/openb-pod-7598,6382
6691,create,paib-gpu/openb-pod-6244,6383
6692,create,paib-gpu/openb-pod-3364,6384
6693,create,paib-gpu/openb-pod-4417,6385
6694,create,paib-gpu/openb-pod-2236,6386
6695,create,paib-gpu/openb-pod-7429,6387
6696,create,paib-gpu/openb-pod-5888,6388
6697,create,paib-gpu/openb-pod-6221,6389
6698,create,paib-gpu/openb-pod-3649,6390
6699,create,paib-gpu/openb-pod-6712,6391
6700,create,paib-gpu/openb-pod-6049,6392
6701,create,paib-gpu/openb-pod-5608,6393
6702,create,paib-gpu/openb-pod-0352,6394
6703,create,paib-gpu/openb-pod-7103,6395
6704,create,paib-gpu/openb-pod-0909,6396
6705,create,paib-gpu/openb-pod-5275,6397
6706,create,paib-gpu/openb-pod-6720,6398
6707,create,paib-gpu/openb-pod-7751,6399
6708,create,paib-gpu/openb-pod-2113,6400
6709,create,paib-gpu/openb-pod-3825,6401
6710,failed,paib-gpu/openb-pod-7196,6401
6711,create,paib-gpu/openb-pod-0969,6402
6712,failed,paib-gpu/openb-pod-2639,6402
6713,create,paib-gpu/openb-pod-7030,6403
6714,create,paib-gpu/openb-pod-2759,6404
6715,create,paib-gpu/openb-pod-0369,6405
6716,create,paib-gpu/openb-pod-1205,6406
6717,create,paib-gpu/openb-pod-1107,6407
6718,create,paib-gpu/openb-pod-0442,6408
6719,failed,paib-gpu/openb-pod-7691,6408
6720,create,paib-gpu/openb-pod-5797,6409
6721,create,paib-gpu/openb-pod-8101,6410
6722,create,paib-gpu/openb-pod-0467,6411
6723,create,paib-gpu/openb-pod-4654,6412
6724,create,paib-gpu/openb-pod-0590,6413
6725,create,paib-gpu/openb-pod-1986,6414
6726,create,paib-gpu/openb-pod-7544,6415
6727,create,paib-gpu/openb-pod-6641,6416
6728,failed,paib-gpu/openb-pod-4275,6416
6729,create,paib-gpu/openb-pod-1443,6417
6730,create,paib-gpu/openb-pod-4663,6418
6731,create,paib-gpu/openb-pod-7280,6419
6732,create,paib-gpu/openb-pod-2807,6420
6733,create,paib-gpu/openb-pod-4547,6421
6734,create,paib-gpu/openb-pod-4769,6422
6735,create,paib-gpu/openb-pod-3212,6423
6736,create,paib-gpu/openb-pod-6776,6424
6737,create,paib-gpu/openb-pod-5870,6425
6738,create,paib-gpu/openb-pod-3030,6426
6739,create,paib-gpu/openb-pod-7665,6427
6740,create,paib-gpu/openb-pod-3801,6428
6741,create,paib-gpu/openb-pod-5678,6429
6742,create,paib-gpu/openb-pod-2827,6430
6743,create,paib-gpu/openb-pod-2986,6431
6744,create,paib-gpu/openb-pod-2299,6432
6745,create,paib-gpu/openb-pod-7768,6433
6746,create,paib-gpu/openb-pod-5838,6434
6747,create,paib-gpu/openb-pod-3497,6435
6748,create,paib-gpu/openb-pod-8133,6436
6749,create,paib-gpu/openb-pod-1820,6437
6750,create,paib-gpu/openb-pod-4845,6438
6751,create,paib-gpu/openb-pod-1927,6439
6752,create,paib-gpu/openb-pod-7063,6440
6753,create,paib-gpu/openb-pod-6590,6441
6754,create,paib-gpu/openb-pod-7416,6442
6755,create,paib-gpu/openb-pod-0203,6443
6756,create,paib-gpu/openb-pod-7933,6444
6757,create,paib-gpu/openb-pod-5433,6445
6758,create,paib-gpu/openb-pod-1606,6446
6759,create,paib-gpu/openb-pod-7180,6447
6760,create,paib-gpu/openb-pod-3983,6448
6761,create,paib-gpu/openb-pod-3130,6449
6762,create,paib-gpu/openb-pod-0046,6450
6763,create,paib-gpu/openb-pod-6951,6451
6764,create,paib-gpu/openb-pod-1550,6452
6765,create,paib-gpu/openb-pod-0676,6453
6766,create,paib-gpu/openb-pod-0803,6454
6767,create,paib-gpu/openb-pod-2050,6455
6768,create,paib-gpu/openb-pod-4470,6456
6769,create,paib-gpu/openb-pod-5681,6457
6770,create,paib-gpu/openb-pod-2288,6458
6771,failed,paib-gpu/openb-pod-6253,6458
6772,create,paib-gpu/openb-pod-4474,6459
6773,create,paib-gpu/openb-pod-1057,6460
6774,create,paib-gpu/openb-pod-8016,6461
6775,create,paib-gpu/openb-pod-0125,6462
6776,create,paib-gpu/openb-pod-3172,6463
6777,create,paib-gpu/openb-pod-7165,6464
6778,create,paib-gpu/openb-pod-0562,6465
6779,create,paib-gpu/openb-pod-3777,6466
6780,create,paib-gpu/openb-pod-5047,6467
6781,create,paib-gpu/openb-pod-6474,6468
6782,create,paib-gpu/openb-pod-1622,6469
6783,create,paib-gpu/openb-pod-2643,6470
6784,create,paib-gpu/openb-pod-7786,6471
6785,create,paib-gpu/openb-pod-1016,6472
6786,create,paib-gpu/openb-pod-5042,6473
6787,create,paib-gpu/openb-pod-7105,6474
6788,create,paib-gpu/openb-pod-1370,6475
6789,create,paib-gpu/openb-pod-6086,6476
6790,create,paib-gpu/openb-pod-5916,6477
6791,create,paib-gpu/openb-pod-4461,6478
6792,create,paib-gpu/openb-pod-6637,6479
6793,create,paib-gpu/openb-pod-2117,6480
6794,create,paib-gpu/openb-pod-6066,6481
6795,create,paib-gpu/openb-pod-6500,6482
6796,create,paib-gpu/openb-pod-0499,6483
6797,create,paib-gpu/openb-pod-1719,6484
6798,create,paib-gpu/openb-pod-4975,6485
6799,create,paib-gpu/openb-pod-2915,6486
6800,create,paib-gpu/openb-pod-3998,6487
6801,create,paib-gpu/openb-pod-1192,6488
6802,create,paib-gpu/openb-pod-3136,6489
6803,create,paib-gpu/openb-pod-0542,6490
6804,failed,paib-gpu/openb-pod-0038,6490
6805,create,paib-gpu/openb-pod-1808,6491
6806,create,paib-gpu/openb-pod-6162,6492
6807,create,paib-gpu/openb-pod-4689,6493
6808,create,paib-gpu/openb-pod-2056,6494
6809,create,paib-gpu/openb-pod-7683,6495
6810,create,paib-gpu/openb-pod-4264,6496
6811,create,paib-gpu/openb-pod-0082,6497
6812,create,paib-gpu/openb-pod-7515,6498
6813,create,paib-gpu/openb-pod-2447,6499
6814,create,paib-gpu/openb-pod-4693,6500
6815,create,paib-gpu/openb-pod-0989,6501
6816,create,paib-gpu/openb-pod-3341,6502
6817,create,paib-gpu/openb-pod-1077,6503
6818,create,paib-gpu/openb-pod-4503,6504
6819,create,paib-gpu/openb-pod-3452,6505
6820,create,paib-gpu/openb-pod-3207,6506
6821,create,paib-gpu/openb-pod-7490,6507
6822,create,paib-gpu/openb-pod-1212,6508
6823,create,paib-gpu/openb-pod-4109,6509
6824,create,paib-gpu/openb-pod-2720,6510
6825,create,paib-gpu/openb-pod-1425,6511
6826,create,paib-gpu/openb-pod-0081,6512
6827,create,paib-gpu/openb-pod-5430,6513
6828,failed,paib-gpu/openb-pod-1412,6513
6829,create,paib-gpu/openb-pod-2296,6514
6830,create,paib-gpu/openb-pod-0811,6515
6831,create,paib-gpu/openb-pod-5830,6516
6832,create,paib-gpu/openb-pod-0589,6517
6833,create,paib-gpu/openb-pod-3396,6518
6834,create,paib-gpu/openb-pod-5460,6519
6835,failed,paib-gpu/openb-pod-6127,6519
6836,create,paib-gpu/openb-pod-3445,6520
6837,create,paib-gpu/openb-pod-4792,6521
6838,create,paib-gpu/openb-pod-5249,6522
6839,create,paib-gpu/openb-pod-7128,6523
6840,create,paib-gpu/openb-pod-1859,6524
6841,create,paib-gpu/openb-pod-5228,6525
6842,create,paib-gpu/openb-pod-4422,6526
6843,create,paib-gpu/openb-pod-7086,6527
6844,create,paib-gpu/openb-pod-2649,6528
6845,create,paib-gpu/openb-pod-1132,6529
6846,create,paib-gpu/openb-pod-0019,6530
6847,create,paib-gpu/openb-pod-4501,6531
6848,create,paib-gpu/openb-pod-5178,6532
6849,create,paib-gpu/openb-pod-8058,6533
6850,create,paib-gpu/openb-pod-1294,6534
6851,create,paib-gpu/openb-pod-5632,6535
6852,create,paib-gpu/openb-pod-2201,6536
6853,create,paib-gpu/openb-pod-7969,6537
6854,create,paib-gpu/openb-pod-4358,6538
6855,create,paib-gpu/openb-pod-1702,6539
6856,create,paib-gpu/openb-pod-2276,6540
6857,create,paib-gpu/openb-pod-1183,6541
6858,create,paib-gpu/openb-pod-1823,6542
6859,create,paib-gpu/openb-pod-3586,6543
6860,create,paib-gpu/openb-pod-1371,6544
6861,create,paib-gpu/openb-pod-7714,6545
6862,create,paib-gpu/openb-pod-4233,6546
6863,create,paib-gpu/openb-pod-3059,6547
6864,create,paib-gpu/openb-pod-5543,6548
6865,create,paib-gpu/openb-pod-7129,6549
6866,create,paib-gpu/openb-pod-3095,6550
6867,create,paib-gpu/openb-pod-3872,6551
6868,create,paib-gpu/openb-pod-7520,6552
6869,failed,paib-gpu/openb-pod-6665,6552
6870,create,paib-gpu/openb-pod-5382,6553
6871,create,paib-gpu/openb-pod-8012,6554
6872,create,paib-gpu/openb-pod-0950,6555
6873,create,paib-gpu/openb-pod-4976,6556
6874,create,paib-gpu/openb-pod-2573,6557
6875,create,paib-gpu/openb-pod-3271,6558
6876,create,paib-gpu/openb-pod-2552,6559
6877,create,paib-gpu/openb-pod-0477,6560
6878,create,paib-gpu/openb-pod-5792,6561
6879,failed,paib-gpu/openb-pod-7617,6561
6880,create,paib-gpu/openb-pod-0023,6562
6881,create,paib-gpu/openb-pod-6616,6563
6882,failed,paib-gpu/openb-pod-0422,6563
6883,create,paib-gpu/openb-pod-7607,6564
6884,create,paib-gpu/openb-pod-7928,6565
6885,create,paib-gpu/openb-pod-5705,6566
6886,create,paib-gpu/openb-pod-5428,6567
6887,failed,paib-gpu/openb-pod-1502,6567
6888,create,paib-gpu/openb-pod-6544,6568
6889,create,paib-gpu/openb-pod-3787,6569
6890,create,paib-gpu/openb-pod-2003,6570
6891,create,paib-gpu/openb-pod-0709,6571
6892,create,paib-gpu/openb-pod-1240,6572
6893,create,paib-gpu/openb-pod-3710,6573
6894,create,paib-gpu/openb-pod-5296,6574
6895,create,paib-gpu/openb-pod-0069,6575
6896,create,paib-gpu/openb-pod-4437,6576
6897,create,paib-gpu/openb-pod-6530,6577
6898,create,paib-gpu/openb-pod-2090,6578
6899,create,paib-gpu/openb-pod-4682,6579
6900,create,paib-gpu/openb-pod-2612,6580
6901,failed,paib-gpu/openb-pod-1121,6580
6902,create,paib-gpu/openb-pod-0059,6581
6903,create,paib-gpu/openb-pod-7191,6582
6904,create,paib-gpu/openb-pod-3830,6583
6905,create,paib-gpu/openb-pod-7605,6584
6906,create,paib-gpu/openb-pod-7692,6585
6907,create,paib-gpu/openb-pod-7047,6586
6908,create,paib-gpu/openb-pod-4528,6587
6909,create,paib-gpu/openb-pod-5384,6588
6910,create,paib-gpu/openb-pod-0866,6589
6911,create,paib-gpu/openb-pod-6216,6590
6912,create,paib-gpu/openb-pod-1532,6591
6913,create,paib-gpu/openb-pod-1763,6592
6914,create,paib-gpu/openb-pod-0988,6593
6915,create,paib-gpu/openb-pod-1448,6594
6916,create,paib-gpu/openb-pod-1326,6595
6917,create,paib-gpu/openb-pod-4196,6596
6918,create,paib-gpu/openb-pod-7937,6597
6919,create,paib-gpu/openb-pod-8062,6598
6920,create,paib-gpu/openb-pod-6571,6599
6921,create,paib-gpu/openb-pod-5118,6600
6922,create,paib-gpu/openb-pod-0963,6601
6923,create,paib-gpu/openb-pod-7835,6602
6924,create,paib-gpu/openb-pod-4596,6603
6925,failed,paib-gpu/openb-pod-3388,6603
6926,create,paib-gpu/openb-pod-4808,6604
6927,create,paib-gpu/openb-pod-6375,6605
6928,create,paib-gpu/openb-pod-5439,6606
6929,create,paib-gpu/openb-pod-3150,6607
6930,create,paib-gpu/openb-pod-8115,6608
6931,create,paib-gpu/openb-pod-0216,6609
6932,create,paib-gpu/openb-pod-1837,6610
6933,create,paib-gpu/openb-pod-0206,6611
6934,create,paib-gpu/openb-pod-0565,6612
6935,create,paib-gpu/openb-pod-1134,6613
6936,create,paib-gpu/openb-pod-4665,6614
6937,create,paib-gpu/openb-pod-2671,6615
6938,create,paib-gpu/openb-pod-6983,6616
6939,failed,paib-gpu/openb-pod-2091,6616
6940,create,paib-gpu/openb-pod-1602,6617
6941,create,paib-gpu/openb-pod-6458,6618
6942,create,paib-gpu/openb-pod-3538,6619
6943,create,paib-gpu/openb-pod-6319,6620
6944,create,paib-gpu/openb-pod-2505,6621
6945,create,paib-gpu/openb-pod-3496,6622
6946,create,paib-gpu/openb-pod-5544,6623
6947,create,paib-gpu/openb-pod-4632,6624
6948,create,paib-gpu/openb-pod-5128,6625
6949,create,paib-gpu/openb-pod-0389,6626
6950,create,paib-gpu/openb-pod-7852,6627
6951,create,paib-gpu/openb-pod-1883,6628
6952,create,paib-gpu/openb-pod-1369,6629
6953,create,paib-gpu/openb-pod-6920,6630
6954,failed,paib-gpu/openb-pod-6428,6630
6955,create,paib-gpu/openb-pod-6136,6631
6956,create,paib-gpu/openb-pod-7534,6632
6957,create,paib-gpu/openb-pod-7952,6633
6958,create,paib-gpu/openb-pod-6251,6634
6959,create,paib-gpu/openb-pod-7948,6635
6960,create,paib-gpu/openb-pod-6105,6636
6961,create,paib-gpu/openb-pod-0805,6637
6962,create,paib-gpu/openb-pod-1788,6638
6963,create,paib-gpu/openb-pod-1458,6639
6964,create,paib-gpu/openb-pod-5380,6640
6965,create,paib-gpu/openb-pod-8136,6641
6966,create,paib-gpu/openb-pod-5327,6642
6967,create,paib-gpu/openb-pod-0089,6643
6968,create,paib-gpu/openb-pod-2688,6644
6969,create,paib-gpu/openb-pod-7399,6645
6970,create,paib-gpu/openb-pod-4333,6646
6971,create,paib-gpu/openb-pod-5771,6647
6972,create,paib-gpu/openb-pod-1373,6648
6973,failed,paib-gpu/openb-pod-6004,6648
6974,create,paib-gpu/openb-pod-5698,6649
6975,create,paib-gpu/openb-pod-1672,6650
6976,create,paib-gpu/openb-pod-2808,6651
6977,create,paib-gpu/openb-pod-5932,6652
6978,create,paib-gpu/openb-pod-3465,6653
6979,failed,paib-gpu/openb-pod-3551,6653
6980,create,paib-gpu/openb-pod-4826,6654
6981,create,paib-gpu/openb-pod-0779,6655
6982,failed,paib-gpu/openb-pod-1611,6655
6983,create,paib-gpu/openb-pod-2318,6656
6984,create,paib-gpu/openb-pod-6328,6657
6985,create,paib-gpu/openb-pod-5144,6658
6986,create,paib-gpu/openb-pod-1401,6659
6987,create,paib-gpu/openb-pod-2477,6660
6988,create,paib-gpu/openb-pod-3631,6661
6989,create,paib-gpu/openb-pod-0586,6662
6990,create,paib-gpu/openb-pod-6534,6663
6991,create,paib-gpu/openb-pod-2780,6664
6992,create,paib-gpu/openb-pod-4062,6665
6993,create,paib-gpu/openb-pod-7140,6666
6994,create,paib-gpu/openb-pod-6975,6667
6995,create,paib-gpu/openb-pod-3637,6668
6996,create,paib-gpu/openb-pod-3416,6669
6997,create,paib-gpu/openb-pod-4241,6670
6998,create,paib-gpu/openb-pod-7758,6671
6999,failed,paib-gpu/openb-pod-5378,6671
7000,create,paib-gpu/openb-pod-0751,6672
7001,create,paib-gpu/openb-pod-7713,6673
7002,create,paib-gpu/openb-pod-7863,6674
7003,create,paib-gpu/openb-pod-5822,6675
7004,create,paib-gpu/openb-pod-6163,6676
7005,create,paib-gpu/openb-pod-5817,6677
7006,create,paib-gpu/openb-pod-0006,6678
7007,create,paib-gpu/openb-pod-0287,6679
7008,create,paib-gpu/openb-pod-2100,6680
7009,failed,paib-gpu/openb-pod-6902,6680
7010,create,paib-gpu/openb-pod-2975,6681
7011,create,paib-gpu/openb-pod-0254,6682
7012,create,paib-gpu/openb-pod-7626,6683
7013,create,paib-gpu/openb-pod-1515,6684
7014,create,paib-gpu/openb-pod-0130,6685
7015,create,paib-gpu/openb-pod-8081,6686
7016,create,paib-gpu/openb-pod-2205,6687
7017,create,paib-gpu/openb-pod-7793,6688
7018,create,paib-gpu/openb-pod-2466,6689
7019,create,paib-gpu/openb-pod-7135,6690
7020,failed,paib-gpu/openb-pod-6506,6690
7021,create,paib-gpu/openb-pod-4255,6691
7022,create,paib-gpu/openb-pod-0054,6692
7023,create,paib-gpu/openb-pod-1839,6693
7024,create,paib-gpu/openb-pod-2159,6694
7025,create,paib-gpu/openb-pod-0131,6695
7026,create,paib-gpu/openb-pod-7154,6696
7027,create,paib-gpu/openb-pod-6097,6697
7028,create,paib-gpu/openb-pod-6191,6698
7029,create,paib-gpu/openb-pod-1625,6699
7030,create,paib-gpu/openb-pod-4704,6700
7031,failed,paib-gpu/openb-pod-7093,6700
7032,create,paib-gpu/openb-pod-2010,6701
7033,create,paib-gpu/openb-pod-8034,6702
7034,failed,paib-gpu/openb-pod-4403,6702
7035,create,paib-gpu/openb-pod-5665,6703
7036,create,paib-gpu/openb-pod-4569,6704
7037,create,paib-gpu/openb-pod-1193,6705
7038,create,paib-gpu/openb-pod-5435,6706
7039,create,paib-gpu/openb-pod-2960,6707
7040,create,paib-gpu/openb-pod-2928,6708
7041,create,paib-gpu/openb-pod-5247,6709
7042,create,paib-gpu/openb-pod-5342,6710
7043,create,paib-gpu/openb-pod-3759,6711
7044,create,paib-gpu/openb-pod-1632,6712
7045,failed,paib-gpu/openb-pod-5017,6712
7046,create,paib-gpu/openb-pod-7449,6713
7047,create,paib-gpu/openb-pod-6593,6714
7048,create,paib-gpu/openb-pod-6008,6715
7049,create,paib-gpu/openb-pod-3936,6716
7050,create,paib-gpu/openb-pod-7809,6717
7051,create,paib-gpu/openb-pod-7175,6718
7052,create,paib-gpu/openb-pod-0575,6719
7053,create,paib-gpu/openb-pod-7679,6720
7054,create,paib-gpu/openb-pod-1877,6721
7055,create,paib-gpu/openb-pod-3967,6722
7056,create,paib-gpu/openb-pod-1061,6723
7057,create,paib-gpu/openb-pod-3632,6724
7058,create,paib-gpu/openb-pod-4122,6725
7059,create,paib-gpu/openb-pod-6025,6726
7060,create,paib-gpu/openb-pod-3225,6727
7061,create,paib-gpu/openb-pod-7912,6728
7062,create,paib-gpu/openb-pod-1841,6729
7063,create,paib-gpu/openb-pod-7612,6730
7064,create,paib-gpu/openb-pod-2378,6731
7065,create,paib-gpu/openb-pod-5377,6732
7066,create,paib-gpu/openb-pod-6928,6733
7067,create,paib-gpu/openb-pod-1914,6734
7068,create,paib-gpu/openb-pod-0730,6735
7069,create,paib-gpu/openb-pod-8037,6736
7070,create,paib-gpu/openb-pod-0196,6737
7071,create,paib-gpu/openb-pod-1848,6738
7072,create,paib-gpu/openb-pod-7500,6739
7073,create,paib-gpu/openb-pod-3850,6740
7074,create,paib-gpu/openb-pod-4836,6741
7075,create,paib-gpu/openb-pod-3698,6742
7076,create,paib-gpu/openb-pod-4635,6743
7077,create,paib-gpu/openb-pod-0731,6744
7078,create,paib-gpu/openb-pod-6758,6745
7079,create,paib-gpu/openb-pod-0544,6746
7080,create,paib-gpu/openb-pod-4350,6747
7081,create,paib-gpu/openb-pod-4752,6748
7082,create,paib-gpu/openb-pod-6133,6749
7083,create,paib-gpu/openb-pod-6293,6750
7084,create,paib-gpu/openb-pod-0133,6751
7085,create,paib-gpu/openb-pod-8073,6752
7086,create,paib-gpu/openb-pod-7215,6753
7087,create,paib-gpu/openb-pod-3791,6754
7088,create,paib-gpu/openb-pod-6339,6755
7089,create,paib-gpu/openb-pod-2609,6756
7090,create,paib-gpu/openb-pod-3833,6757
7091,create,paib-gpu/openb-pod-5721,6758
7092,create,paib-gpu/openb-pod-1756,6759
7093,create,paib-gpu/openb-pod-2857,6760
7094,create,paib-gpu/openb-pod-4928,6761
7095,create,paib-gpu/openb-pod-2446,6762
7096,create,paib-gpu/openb-pod-3775,6763
7097,create,paib-gpu/openb-pod-4269,6764
7098,create,paib-gpu/openb-pod-0061,6765
7099,create,paib-gpu/openb-pod-0663,6766
7100,create,paib-gpu/openb-pod-6533,6767
7101,create,paib-gpu/openb-pod-7365,6768
7102,create,paib-gpu/openb-pod-5729,6769
7103,failed,paib-gpu/openb-pod-1630,6769
7104,create,paib-gpu/openb-pod-1167,6770
7105,create,paib-gpu/openb-pod-4435,6771
7106,create,paib-gpu/openb-pod-5429,6772
7107,create,paib-gpu/openb-pod-3137,6773
7108,create,paib-gpu/openb-pod-3927,6774
7109,create,paib-gpu/openb-pod-4715,6775
7110,create,paib-gpu/openb-pod-7450,6776
7111,create,paib-gpu/openb-pod-7930,6777
7112,create,paib-gpu/openb-pod-2463,6778
7113,create,paib-gpu/openb-pod-4744,6779
7114,create,paib-gpu/openb-pod-0313,6780
7115,create,paib-gpu/openb-pod-3573,6781
7116,failed,paib-gpu/openb-pod-6582,6781
7117,create,paib-gpu/openb-pod-3394,6782
7118,create,paib-gpu/openb-pod-2161,6783
7119,create,paib-gpu/openb-pod-6109,6784
7120,create,paib-gpu/openb-pod-5530,6785
7121,failed,paib-gpu/openb-pod-5980,6785
7122,create,paib-gpu/openb-pod-2224,6786
7123,create,paib-gpu/openb-pod-5737,6787
7124,create,paib-gpu/openb-pod-5452,6788
7125,create,paib-gpu/openb-pod-6493,6789
7126,create,paib-gpu/openb-pod-4257,6790
7127,create,paib-gpu/openb-pod-1866,6791
7128,create,paib-gpu/openb-pod-4047,6792
7129,create,paib-gpu/openb-pod-6817,6793
7130,create,paib-gpu/openb-pod-1572,6794
7131,create,paib-gpu/openb-pod-5620,6795
7132,create,paib-gpu/openb-pod-0424,6796
7133,create,paib-gpu/openb-pod-2869,6797
7134,create,paib-gpu/openb-pod-1559,6798
7135,create,paib-gpu/openb-pod-5923,6799
7136,create,paib-gpu/openb-pod-7393,6800
7137,create,paib-gpu/openb-pod-5690,6801
7138,create,paib-gpu/openb-pod-0016,6802
7139,failed,paib-gpu/openb-pod-4669,6802
7140,create,paib-gpu/openb-pod-6046,6803
7141,create,paib-gpu/openb-pod-1096,6804
7142,failed,paib-gpu/openb-pod-6194,6804
7143,failed,paib-gpu/openb-pod-3805,6804
7144,create,paib-gpu/openb-pod-3303,6805
7145,create,paib-gpu/openb-pod-2951,6806
7146,create,paib-gpu/openb-pod-1815,6807
7147,create,paib-gpu/openb-pod-7130,6808
7148,failed,paib-gpu/openb-pod-3234,6808
7149,create,paib-gpu/openb-pod-5199,6809
7150,create,paib-gpu/openb-pod-5386,6810
7151,create,paib-gpu/openb-pod-5527,6811
7152,create,paib-gpu/openb-pod-5549,6812
7153,create,paib-gpu/openb-pod-0797,6813
7154,create,paib-gpu/openb-pod-7502,6814
7155,create,paib-gpu/openb-pod-6587,6815
7156,failed,paib-gpu/openb-pod-3803,6815
7157,create,paib-gpu/openb-pod-6734,6816
7158,create,paib-gpu/openb-pod-6558,6817
7159,create,paib-gpu/openb-pod-0179,6818
7160,failed,paib-gpu/openb-pod-7439,6818
7161,create,paib-gpu/openb-pod-5866,6819
7162,create,paib-gpu/openb-pod-3959,6820
7163,create,paib-gpu/openb-pod-4525,6821
7164,create,paib-gpu/openb-pod-5190,6822
7165,create,paib-gpu/openb-pod-0123,6823
7166,create,paib-gpu/openb-pod-1535,6824
7167,create,paib-gpu/openb-pod-6439,6825
7168,create,paib-gpu/openb-pod-4697,6826
7169,create,paib-gpu/openb-pod-2624,6827
7170,create,paib-gpu/openb-pod-0113,6828
7171,create,paib-gpu/openb-pod-5186,6829
7172,create,paib-gpu/openb-pod-3018,6830
7173,create,paib-gpu/openb-pod-1694,6831
7174,create,paib-gpu/openb-pod-6857,6832
7175,create,paib-gpu/openb-pod-2841,6833
7176,create,paib-gpu/openb-pod-4230,6834
7177,create,paib-gpu/openb-pod-0938,6835
7178,create,paib-gpu/openb-pod-1810,6836
7179,create,paib-gpu/openb-pod-7141,6837
7180,create,paib-gpu/openb-pod-4946,6838
7181,create,paib-gpu/openb-pod-4197,6839
7182,failed,paib-gpu/openb-pod-1740,6839
7183,create,paib-gpu/openb-pod-4143,6840
7184,create,paib-gpu/openb-pod-4142,6841
7185,create,paib-gpu/openb-pod-1263,6842
7186,create,paib-gpu/openb-pod-5832,6843
7187,failed,paib-gpu/openb-pod-5673,6843
7188,create,paib-gpu/openb-pod-1280,6844
7189,create,paib-gpu/openb-pod-5700,6845
7190,create,paib-gpu/openb-pod-2309,6846
7191,create,paib-gpu/openb-pod-0057,6847
7192,create,paib-gpu/openb-pod-7454,6848
7193,failed,paib-gpu/openb-pod-5292,6848
7194,create,paib-gpu/openb-pod-6552,6849
7195,create,paib-gpu/openb-pod-2519,6850
7196,create,paib-gpu/openb-pod-6896,6851
7197,create,paib-gpu/openb-pod-1885,6852
7198,create,paib-gpu/openb-pod-7777,6853
7199,create,paib-gpu/openb-pod-4762,6854
7200,create,paib-gpu/openb-pod-1796,6855
7201,create,paib-gpu/openb-pod-7258,6856
7202,create,paib-gpu/openb-pod-0505,6857
7203,create,paib-gpu/openb-pod-1873,6858
7204,create,paib-gpu/openb-pod-3233,6859
7205,failed,paib-gpu/openb-pod-2718,6859
7206,create,paib-gpu/openb-pod-4943,6860
7207,create,paib-gpu/openb-pod-1829,6861
7208,create,paib-gpu/openb-pod-1195,6862
7209,create,paib-gpu/openb-pod-3935,6863
7210,create,paib-gpu/openb-pod-7077,6864
7211,create,paib-gpu/openb-pod-0999,6865
7212,create,paib-gpu/openb-pod-6930,6866
7213,create,paib-gpu/openb-pod-7068,6867
7214,create,paib-gpu/openb-pod-5616,6868
7215,create,paib-gpu/openb-pod-4804,6869
7216,create,paib-gpu/openb-pod-2736,6870
7217,create,paib-gpu/openb-pod-2830,6871
7218,create,paib-gpu/openb-pod-1966,6872
7219,create,paib-gpu/openb-pod-6056,6873
7220,create,paib-gpu/openb-pod-3576,6874
7221,create,paib-gpu/openb-pod-1566,6875
7222,failed,paib-gpu/openb-pod-3736,6875
7223,create,paib-gpu/openb-pod-4529,6876
7224,create,paib-gpu/openb-pod-1973,6877
7225,create,paib-gpu/openb-pod-4102,6878
7226,create,paib-gpu/openb-pod-6223,6879
7227,create,paib-gpu/openb-pod-3333,6880
7228,create,paib-gpu/openb-pod-2865,6881
7229,create,paib-gpu/openb-pod-0487,6882
7230,create,paib-gpu/openb-pod-4827,6883
7231,failed,paib-gpu/openb-pod-1252,6883
7232,failed,paib-gpu/openb-pod-7381,6883
7233,create,paib-gpu/openb-pod-1650,6884
7234,create,paib-gpu/openb-pod-5784,6885
7235,create,paib-gpu/openb-pod-2219,6886
7236,create,paib-gpu/openb-pod-4686,6887
7237,create,paib-gpu/openb-pod-4240,6888
7238,failed,paib-gpu/openb-pod-0136,6888
7239,create,paib-gpu/openb-pod-5934,6889
7240,create,paib-gpu/openb-pod-4111,6890
7241,create,paib-gpu/openb-pod-4913,6891
7242,create,paib-gpu/openb-pod-5855,6892
7243,failed,paib-gpu/openb-pod-4595,6892
7244,create,paib-gpu/openb-pod-4517,6893
7245,failed,paib-gpu/openb-pod-0991,6893
7246,create,paib-gpu/openb-pod-6369,6894
7247,create,paib-gpu/openb-pod-8045,6895
7248,create,paib-gpu/openb-pod-3922,6896
7249,create,paib-gpu/openb-pod-4515,6897
7250,create,paib-gpu/openb-pod-4712,6898
7251,create,paib-gpu/openb-pod-4063,6899
7252,create,paib-gpu/openb-pod-7186,6900
7253,create,paib-gpu/openb-pod-3379,6901
7254,create,paib-gpu/openb-pod-7726,6902
7255,create,paib-gpu/openb-pod-0898,6903
7256,create,paib-gpu/openb-pod-0303,6904
7257,create,paib-gpu/openb-pod-6722,6905
7258,create,paib-gpu/openb-pod-6361,6906
7259,create,paib-gpu/openb-pod-0150,6907
7260,create,paib-gpu/openb-pod-4337,6908
7261,create,paib-gpu/openb-pod-6943,6909
7262,create,paib-gpu/openb-pod-6281,6910
7263,create,paib-gpu/openb-pod-7634,6911
7264,failed,paib-gpu/openb-pod-0047,6911
7265,create,paib-gpu/openb-pod-5233,6912
7266,create,paib-gpu/openb-pod-0315,6913
7267,create,paib-gpu/openb-pod-3482,6914
7268,create,paib-gpu/openb-pod-5959,6915
7269,create,paib-gpu/openb-pod-3227,6916
7270,create,paib-gpu/openb-pod-7410,6917
7271,create,paib-gpu/openb-pod-4619,6918
7272,create,paib-gpu/openb-pod-0271,6919
7273,create,paib-gpu/openb-pod-5000,6920
7274,create,paib-gpu/openb-pod-6013,6921
7275,create,paib-gpu/openb-pod-2334,6922
7276,create,paib-gpu/openb-pod-4902,6923
7277,create,paib-gpu/openb-pod-5300,6924
7278,failed,paib-gpu/openb-pod-6000,6924
7279,create,paib-gpu/openb-pod-1946,6925
7280,create,paib-gpu/openb-pod-0862,6926
7281,create,paib-gpu/openb-pod-6444,6927
7282,create,paib-gpu/openb-pod-5149,6928
7283,create,paib-gpu/openb-pod-4080,6929
7284,create,paib-gpu/openb-pod-4695,6930
7285,create,paib-gpu/openb-pod-6913,6931
7286,create,paib-gpu/openb-pod-1950,6932
7287,create,paib-gpu/openb-pod-3610,6933
7288,create,paib-gpu/openb-pod-1256,6934
7289,create,paib-gpu/openb-pod-4924,6935
7290,create,paib-gpu/openb-pod-7597,6936
7291,create,paib-gpu/openb-pod-1362,6937
7292,create,paib-gpu/openb-pod-0252,6938
7293,create,paib-gpu/openb-pod-3439,6939
7294,create,paib-gpu/openb-pod-1261,6940
7295,create,paib-gpu/openb-pod-5850,6941
7296,create,paib-gpu/openb-pod-6732,6942
7297,create,paib-gpu/openb-pod-8123,6943
7298,create,paib-gpu/openb-pod-1172,6944
7299,create,paib-gpu/openb-pod-4895,6945
7300,create,paib-gpu/openb-pod-6536,6946
7301,create,paib-gpu/openb-pod-2345,6947
7302,create,paib-gpu/openb-pod-3931,6948
7303,create,paib-gpu/openb-pod-4746,6949
7304,create,paib-gpu/openb-pod-2243,6950
7305,create,paib-gpu/openb-pod-7806,6951
7306,create,paib-gpu/openb-pod-1439,6952
7307,create,paib-gpu/openb-pod-0305,6953
7308,create,paib-gpu/openb-pod-0145,6954
7309,create,paib-gpu/openb-pod-7529,6955
7310,create,paib-gpu/openb-pod-6145,6956
7311,create,paib-gpu/openb-pod-2086,6957
7312,create,paib-gpu/openb-pod-2121,6958
7313,create,paib-gpu/openb-pod-2600,6959
7314,create,paib-gpu/openb-pod-8007,6960
7315,create,paib-gpu/openb-pod-7650,6961
7316,create,paib-gpu/openb-pod-7475,6962
7317,create,paib-gpu/openb-pod-2409,6963
7318,create,paib-gpu/openb-pod-7552,6964
7319,create,paib-gpu/openb-pod-4807,6965
7320,create,paib-gpu/openb-pod-3661,6966
7321,create,paib-gpu/openb-pod-0412,6967
7322,create,paib-gpu/openb-pod-3920,6968
7323,create,paib-gpu/openb-pod-0699,6969
7324,create,paib-gpu/openb-pod-1686,6970
7325,create,paib-gpu/openb-pod-4894,6971
7326,create,paib-gpu/openb-pod-0465,6972
7327,failed,paib-gpu/openb-pod-7705,6972
7328,create,paib-gpu/openb-pod-7715,6973
7329,create,paib-gpu/openb-pod-4028,6974
7330,create,paib-gpu/openb-pod-1495,6975
7331,create,paib-gpu/openb-pod-3531,6976
7332,create,paib-gpu/openb-pod-0901,6977
7333,failed,paib-gpu/openb-pod-5018,6977
7334,create,paib-gpu/openb-pod-6453,6978
7335,failed,paib-gpu/openb-pod-7633,6978
7336,create,paib-gpu/openb-pod-7433,6979
7337,create,paib-gpu/openb-pod-6321,6980
7338,create,paib-gpu/openb-pod-1822,6981
7339,create,paib-gpu/openb-pod-4305,6982
7340,create,paib-gpu/openb-pod-4950,6983
7341,create,paib-gpu/openb-pod-4898,6984
7342,create,paib-gpu/openb-pod-1300,6985
7343,create,paib-gpu/openb-pod-3570,6986
7344,create,paib-gpu/openb-pod-3282,6987
7345,create,paib-gpu/openb-pod-3036,6988
7346,create,paib-gpu/openb-pod-1736,6989
7347,create,paib-gpu/openb-pod-2555,6990
7348,create,paib-gpu/openb-pod-6052,6991
7349,create,paib-gpu/openb-pod-4516,6992
7350,create,paib-gpu/openb-pod-0945,6993
7351,create,paib-gpu/openb-pod-6580,6994
7352,create,paib-gpu/openb-pod-2886,6995
7353,create,paib-gpu/openb-pod-0158,6996
7354,create,paib-gpu/openb-pod-7505,6997
7355,create,paib-gpu/openb-pod-7980,6998
7356,create,paib-gpu/openb-pod-1926,6999
7357,create,paib-gpu/openb-pod-3354,7000
7358,create,paib-gpu/openb-pod-7197,7001
7359,failed,paib-gpu/openb-pod-7270,7001
7360,create,paib-gpu/openb-pod-4394,7002
7361,create,paib-gpu/openb-pod-2428,7003
7362,create,paib-gpu/openb-pod-1098,7004
7363,create,paib-gpu/openb-pod-0051,7005
7364,create,paib-gpu/openb-pod-0993,7006
7365,create,paib-gpu/openb-pod-6122,7007
7366,create,paib-gpu/openb-pod-3284,7008
7367,create,paib-gpu/openb-pod-3411,7009
7368,create,paib-gpu/openb-pod-6168,7010
7369,create,paib-gpu/openb-pod-1485,7011
7370,create,paib-gpu/openb-pod-4637,7012
7371,create,paib-gpu/openb-pod-0439,7013
7372,create,paib-gpu/openb-pod-2416,7014
7373,create,paib-gpu/openb-pod-5148,7015
7374,create,paib-gpu/openb-pod-7853,7016
7375,create,paib-gpu/openb-pod-6751,7017
7376,create,paib-gpu/openb-pod-0595,7018
7377,create,paib-gpu/openb-pod-5933,7019
7378,create,paib-gpu/openb-pod-5103,7020
7379,create,paib-gpu/openb-pod-7000,7021
7380,create,paib-gpu/openb-pod-0027,7022
7381,create,paib-gpu/openb-pod-2565,7023
7382,create,paib-gpu/openb-pod-1226,7024
7383,create,paib-gpu/openb-pod-6717,7025
7384,create,paib-gpu/openb-pod-7832,7026
7385,create,paib-gpu/openb-pod-5023,7027
7386,create,paib-gpu/openb-pod-3513,7028
7387,create,paib-gpu/openb-pod-2038,7029
7388,create,paib-gpu/openb-pod-5087,7030
7389,create,paib-gpu/openb-pod-5002,7031
7390,create,paib-gpu/openb-pod-1768,7032
7391,create,paib-gpu/openb-pod-4714,7033
7392,failed,paib-gpu/openb-pod-4182,7033
7393,failed,paib-gpu/openb-pod-6577,7033
7394,create,paib-gpu/openb-pod-1453,7034
7395,create,paib-gpu/openb-pod-4639,7035
7396,create,paib-gpu/openb-pod-4702,7036
7397,create,paib-gpu/openb-pod-6397,7037
7398,create,paib-gpu/openb-pod-2368,7038
7399,create,paib-gpu/openb-pod-1598,7039
7400,create,paib-gpu/openb-pod-2451,7040
7401,create,paib-gpu/openb-pod-4602,7041
7402,create,paib-gpu/openb-pod-7926,7042
7403,create,paib-gpu/openb-pod-1721,7043
7404,create,paib-gpu/openb-pod-1666,7044
7405,failed,paib-gpu/openb-pod-3483,7044
7406,create,paib-gpu/openb-pod-0629,7045
7407,create,paib-gpu/openb-pod-0322,7046
7408,create,paib-gpu/openb-pod-3643,7047
7409,create,paib-gpu/openb-pod-6953,7048
7410,create,paib-gpu/openb-pod-3147,7049
7411,create,paib-gpu/openb-pod-6687,7050
7412,create,paib-gpu/openb-pod-2305,7051
7413,create,paib-gpu/openb-pod-6141,7052
7414,create,paib-gpu/openb-pod-0551,7053
7415,create,paib-gpu/openb-pod-4678,7054
7416,create,paib-gpu/openb-pod-1333,7055
7417,create,paib-gpu/openb-pod-5472,7056
7418,create,paib-gpu/openb-pod-7368,7057
7419,create,paib-gpu/openb-pod-7688,7058
7420,create,paib-gpu/openb-pod-5055,7059
7421,create,paib-gpu/openb-pod-1141,7060
7422,create,paib-gpu/openb-pod-1862,7061
7423,create,paib-gpu/openb-pod-0906,7062
7424,create,paib-gpu/openb-pod-4583,7063
7425,create,paib-gpu/openb-pod-6338,7064
7426,failed,paib-gpu/openb-pod-1920,7064
7427,create,paib-gpu/openb-pod-0500,7065
7428,create,paib-gpu/openb-pod-1730,7066
7429,create,paib-gpu/openb-pod-6188,7067
7430,create,paib-gpu/openb-pod-0521,7068
7431,create,paib-gpu/openb-pod-7667,7069
7432,create,paib-gpu/openb-pod-1488,7070
7433,create,paib-gpu/openb-pod-6828,7071
7434,create,paib-gpu/openb-pod-7778,7072
7435,failed,paib-gpu/openb-pod-2563,7072
7436,create,paib-gpu/openb-pod-7601,7073
7437,create,paib-gpu/openb-pod-6615,7074
7438,create,paib-gpu/openb-pod-5125,7075
7439,create,paib-gpu/openb-pod-3437,7076
7440,create,paib-gpu/openb-pod-5454,7077
7441,create,paib-gpu/openb-pod-2659,7078
7442,create,paib-gpu/openb-pod-2560,7079
7443,create,paib-gpu/openb-pod-6258,7080
7444,create,paib-gpu/openb-pod-6600,7081
7445,create,paib-gpu/openb-pod-5884,7082
7446,create,paib-gpu/openb-pod-1827,7083
7447,create,paib-gpu/openb-pod-4505,7084
7448,create,paib-gpu/openb-pod-5364,7085
7449,create,paib-gpu/openb-pod-1073,7086
7450,create,paib-gpu/openb-pod-5790,7087
7451,create,paib-gpu/openb-pod-6783,7088
7452,create,paib-gpu/openb-pod-6422,7089
7453,create,paib-gpu/openb-pod-1080,7090
7454,create,paib-gpu/openb-pod-6565,7091
7455,create,paib-gpu/openb-pod-6833,7092
7456,create,paib-gpu/openb-pod-3572,7093
7457,create,paib-gpu/openb-pod-2861,7094
7458,create,paib-gpu/openb-pod-0423,7095
7459,create,paib-gpu/openb-pod-7837,7096
7460,create,paib-gpu/openb-pod-0657,7097
7461,create,paib-gpu/openb-pod-2790,7098
7462,create,paib-gpu/openb-pod-5078,7099
7463,create,paib-gpu/openb-pod-2805,7100
7464,create,paib-gpu/openb-pod-7107,7101
7465,create,paib-gpu/openb-pod-3567,7102
7466,create,paib-gpu/openb-pod-3459,7103
7467,create,paib-gpu/openb-pod-5957,7104
7468,create,paib-gpu/openb-pod-2042,7105
7469,create,paib-gpu/openb-pod-5876,7106
7470,create,paib-gpu/openb-pod-3915,7107
7471,create,paib-gpu/openb-pod-0076,7108
7472,create,paib-gpu/openb-pod-8048,7109
7473,create,paib-gpu/openb-pod-5954,7110
7474,create,paib-gpu/openb-pod-5360,7111
7475,failed,paib-gpu/openb-pod-2482,7111
7476,create,paib-gpu/openb-pod-0770,7112
7477,create,paib-gpu/openb-pod-1874,7113
7478,create,paib-gpu/openb-pod-2261,7114
7479,create,paib-gpu/openb-pod-5424,7115
7480,create,paib-gpu/openb-pod-3515,7116
7481,create,paib-gpu/openb-pod-2820,7117
7482,create,paib-gpu/openb-pod-0174,7118
7483,failed,paib-gpu/openb-pod-7690,7118
7484,create,paib-gpu/openb-pod-2366,7119
7485,create,paib-gpu/openb-pod-0518,7120
7486,create,paib-gpu/openb-pod-1356,7121
7487,create,paib-gpu/openb-pod-6678,7122
7488,create,paib-gpu/openb-pod-4415,7123
7489,failed,paib-gpu/openb-pod-1054,7123
7490,create,paib-gpu/openb-pod-6984,7124
7491,create,paib-gpu/openb-pod-3023,7125
7492,create,paib-gpu/openb-pod-6836,7126
7493,create,paib-gpu/openb-pod-5719,7127
7494,create,paib-gpu/openb-pod-5531,7128
7495,create,paib-gpu/openb-pod-0980,7129
7496,create,paib-gpu/openb-pod-7474,7130
7497,create,paib-gpu/openb-pod-4941,7131
7498,create,paib-gpu/openb-pod-2839,7132
7499,create,paib-gpu/openb-pod-1220,7133
7500,create,paib-gpu/openb-pod-2430,7134
7501,create,paib-gpu/openb-pod-6525,7135
7502,create,paib-gpu/openb-pod-8056,7136
7503,create,paib-gpu/openb-pod-2080,7137
7504,create,paib-gpu/openb-pod-6987,7138
7505,create,paib-gpu/openb-pod-4351,7139
7506,create,paib-gpu/openb-pod-1935,7140
7507,create,paib-gpu/openb-pod-1068,7141
7508,create,paib-gpu/openb-pod-1552,7142
7509,create,paib-gpu/openb-pod-4600,7143
7510,create,paib-gpu/openb-pod-3146,7144
7511,create,paib-gpu/openb-pod-3184,7145
7512,create,paib-gpu/openb-pod-2549,7146
7513,create,paib-gpu/openb-pod-0191,7147
7514,create,paib-gpu/openb-pod-1996,7148
7515,failed,paib-gpu/openb-pod-0534,7148
7516,create,paib-gpu/openb-pod-4036,7149
7517,create,paib-gpu/openb-pod-4123,7150
7518,create,paib-gpu/openb-pod-2427,7151
7519,create,paib-gpu/openb-pod-0344,7152
7520,create,paib-gpu/openb-pod-3335,7153
7521,create,paib-gpu/openb-pod-2660,7154
7522,create,paib-gpu/openb-pod-0235,7155
7523,create,paib-gpu/openb-pod-3001,7156
7524,create,paib-gpu/openb-pod-2147,7157
7525,create,paib-gpu/openb-pod-1319,7158
7526,create,paib-gpu/openb-pod-3054,7159
7527,create,paib-gpu/openb-pod-1610,7160
7528,create,paib-gpu/openb-pod-8100,7161
7529,create,paib-gpu/openb-pod-5941,7162
7530,create,paib-gpu/openb-pod-4802,7163
7531,create,paib-gpu/openb-pod-3026,7164
7532,create,paib-gpu/openb-pod-2260,7165
7533,create,paib-gpu/openb-pod-0246,7166
7534,create,paib-gpu/openb-pod-5054,7167
7535,failed,paib-gpu/openb-pod-6796,7167
7536,create,paib-gpu/openb-pod-2898,7168
7537,create,paib-gpu/openb-pod-4070,7169
7538,create,paib-gpu/openb-pod-4391,7170
7539,create,paib-gpu/openb-pod-6693,7171
7540,create,paib-gpu/openb-pod-2593,7172
7541,create,paib-gpu/openb-pod-6242,7173
7542,create,paib-gpu/openb-pod-7525,7174
7543,create,paib-gpu/openb-pod-0955,7175
7544,create,paib-gpu/openb-pod-3044,7176
7545,create,paib-gpu/openb-pod-1475,7177
7546,create,paib-gpu/openb-pod-2570,7178
7547,create,paib-gpu/openb-pod-1895,7179
7548,create,paib-gpu/openb-pod-7900,7180
7549,create,paib-gpu/openb-pod-6371,7181
7550,create,paib-gpu/openb-pod-4008,7182
7551,failed,paib-gpu/openb-pod-7314,7182
7552,create,paib-gpu/openb-pod-1744,7183
7553,create,paib-gpu/openb-pod-7245,7184
7554,create,paib-gpu/openb-pod-1295,7185
7555,create,paib-gpu/openb-pod-3937,7186
7556,failed,paib-gpu/openb-pod-4071,7186
7557,create,paib-gpu/openb-pod-2211,7187
7558,create,paib-gpu/openb-pod-7542,7188
7559,create,paib-gpu/openb-pod-4756,7189
7560,create,paib-gpu/openb-pod-1012,7190
7561,create,paib-gpu/openb-pod-3502,7191
7562,create,paib-gpu/openb-pod-7871,7192
7563,create,paib-gpu/openb-pod-4984,7193
7564,create,paib-gpu/openb-pod-2700,7194
7565,create,paib-gpu/openb-pod-5486,7195
7566,create,paib-gpu/openb-pod-3750,7196
7567,create,paib-gpu/openb-pod-4911,7197
7568,create,paib-gpu/openb-pod-2393,7198
7569,create,paib-gpu/openb-pod-7712,7199
7570,create,paib-gpu/openb-pod-4253,7200
7571,create,paib-gpu/openb-pod-1414,7201
7572,create,paib-gpu/openb-pod-6158,7202
7573,create,paib-gpu/openb-pod-7157,7203
7574,create,paib-gpu/openb-pod-3371,7204
7575,create,paib-gpu/openb-pod-5359,7205
7576,create,paib-gpu/openb-pod-3189,7206
7577,create,paib-gpu/openb-pod-7481,7207
7578,create,paib-gpu/openb-pod-7811,7208
7579,create,paib-gpu/openb-pod-0455,7209
7580,create,paib-gpu/openb-pod-7445,7210
7581,create,paib-gpu/openb-pod-3425,7211
7582,failed,paib-gpu/openb-pod-5298,7211
7583,create,paib-gpu/openb-pod-5913,7212
7584,create,paib-gpu/openb-pod-1519,7213
7585,create,paib-gpu/openb-pod-7101,7214
7586,create,paib-gpu/openb-pod-3929,7215
7587,create,paib-gpu/openb-pod-1711,7216
7588,failed,paib-gpu/openb-pod-6073,7216
7589,failed,paib-gpu/openb-pod-0812,7216
7590,create,paib-gpu/openb-pod-2202,7217
7591,failed,paib-gpu/openb-pod-7438,7217
7592,create,paib-gpu/openb-pod-6529,7218
7593,create,paib-gpu/openb-pod-1365,7219
7594,create,paib-gpu/openb-pod-5751,7220
7595,create,paib-gpu/openb-pod-4279,7221
7596,failed,paib-gpu/openb-pod-1664,7221
7597,create,paib-gpu/openb-pod-6153,7222
7598,failed,paib-gpu/openb-pod-2972,7222
7599,create,paib-gpu/openb-pod-6541,7223
7600,failed,paib-gpu/openb-pod-6240,7223
7601,create,paib-gpu/openb-pod-3938,7224
7602,create,paib-gpu/openb-pod-5322,7225
7603,create,paib-gpu/openb-pod-0336,7226
7604,create,paib-gpu/openb-pod-1317,7227
7605,create,paib-gpu/openb-pod-7816,7228
7606,create,paib-gpu/openb-pod-5560,7229
7607,create,paib-gpu/openb-pod-3193,7230
7608,create,paib-gpu/openb-pod-0545,7231
7609,create,paib-gpu/openb-pod-7328,7232
7610,create,paib-gpu/openb-pod-1199,7233
7611,create,paib-gpu/openb-pod-1153,7234
7612,create,paib-gpu/openb-pod-0045,7235
7613,create,paib-gpu/openb-pod-7836,7236
7614,create,paib-gpu/openb-pod-7025,7237
7615,create,paib-gpu/openb-pod-3158,7238
7616,create,paib-gpu/openb-pod-2115,7239
7617,create,paib-gpu/openb-pod-6583,7240
7618,create,paib-gpu/openb-pod-2985,7241
7619,failed,paib-gpu/openb-pod-7095,7241
7620,create,paib-gpu/openb-pod-7227,7242
7621,create,paib-gpu/openb-pod-3988,7243
7622,create,paib-gpu/openb-pod-4820,7244
7623,create,paib-gpu/openb-pod-4869,7245
7624,create,paib-gpu/openb-pod-4590,7246
7625,create,paib-gpu/openb-pod-7887,7247
7626,create,paib-gpu/openb-pod-6171,7248
7627,create,paib-gpu/openb-pod-3472,7249
7628,create,paib-gpu/openb-pod-3304,7250
7629,create,paib-gpu/openb-pod-1571,7251
7630,create,paib-gpu/openb-pod-2588,7252
7631,create,paib-gpu/openb-pod-0553,7253
7632,create,paib-gpu/openb-pod-6550,7254
7633,create,paib-gpu/openb-pod-5406,7255
7634,create,paib-gpu/openb-pod-7423,7256
7635,failed,paib-gpu/openb-pod-4273,7256
7636,failed,paib-gpu/openb-pod-5291,7256
7637,create,paib-gpu/openb-pod-0146,7257
7638,create,paib-gpu/openb-pod-0758,7258
7639,create,paib-gpu/openb-pod-4345,7259
7640,create,paib-gpu/openb-pod-7099,7260
7641,create,paib-gpu/openb-pod-4464,7261
7642,create,paib-gpu/openb-pod-6002,7262
7643,create,paib-gpu/openb-pod-6394,7263
7644,create,paib-gpu/openb-pod-2515,7264
7645,create,paib-gpu/openb-pod-3722,7265
7646,create,paib-gpu/openb-pod-0997,7266
7647,failed,paib-gpu/openb-pod-0462,7266
7648,failed,paib-gpu/openb-pod-4582,7266
7649,create,paib-gpu/openb-pod-4247,7267
7650,create,paib-gpu/openb-pod-1487,7268
7651,create,paib-gpu/openb-pod-6905,7269
7652,create,paib-gpu/openb-pod-3625,7270
7653,create,paib-gpu/openb-pod-7986,7271
7654,create,paib-gpu/openb-pod-3332,7272
7655,create,paib-gpu/openb-pod-6094,7273
7656,create,paib-gpu/openb-pod-0176,7274
7657,failed,paib-gpu/openb-pod-5529,7274
7658,create,paib-gpu/openb-pod-1322,7275
7659,create,paib-gpu/openb-pod-3166,7276
7660,failed,paib-gpu/openb-pod-3100,7276
7661,create,paib-gpu/openb-pod-2054,7277
7662,create,paib-gpu/openb-pod-2656,7278
7663,create,paib-gpu/openb-pod-4605,7279
7664,create,paib-gpu/openb-pod-2380,7280
7665,create,paib-gpu/openb-pod-7842,7281
7666,create,paib-gpu/openb-pod-5601,7282
7667,create,paib-gpu/openb-pod-5924,7283
7668,create,paib-gpu/openb-pod-5328,7284
7669,failed,paib-gpu/openb-pod-4016,7284
7670,create,paib-gpu/openb-pod-0580,7285
7671,create,paib-gpu/openb-pod-3645,7286
7672,create,paib-gpu/openb-pod-3933,7287
7673,create,paib-gpu/openb-pod-3021,7288
7674,create,paib-gpu/openb-pod-4578,7289
7675,create,paib-gpu/openb-pod-3347,7290
7676,create,paib-gpu/openb-pod-5096,7291
7677,create,paib-gpu/openb-pod-4158,7292
7678,create,paib-gpu/openb-pod-6254,7293
7679,create,paib-gpu/openb-pod-7144,7294
7680,create,paib-gpu/openb-pod-2365,7295
7681,create,paib-gpu/openb-pod-2579,7296
7682,failed,paib-gpu/openb-pod-5370,7296
7683,create,paib-gpu/openb-pod-0311,7297
7684,create,paib-gpu/openb-pod-7491,7298
7685,failed,paib-gpu/openb-pod-0458,7298
7686,create,paib-gpu/openb-pod-7782,7299
7687,create,paib-gpu/openb-pod-4557,7300
7688,create,paib-gpu/openb-pod-0611,7301
7689,create,paib-gpu/openb-pod-1922,7302
7690,create,paib-gpu/openb-pod-4818,7303
7691,create,paib-gpu/openb-pod-4330,7304
7692,create,paib-gpu/openb-pod-0139,7305
7693,create,paib-gpu/openb-pod-5309,7306
7694,create,paib-gpu/openb-pod-7217,7307
7695,create,paib-gpu/openb-pod-4343,7308
7696,create,paib-gpu/openb-pod-1684,7309
7697,failed,paib-gpu/openb-pod-4108,7309
7698,create,paib-gpu/openb-pod-5172,7310
7699,create,paib-gpu/openb-pod-3206,7311
7700,create,paib-gpu/openb-pod-7369,7312
7701,failed,paib-gpu/openb-pod-1783,7312
7702,create,paib-gpu/openb-pod-3909,7313
7703,create,paib-gpu/openb-pod-2545,7314
7704,failed,paib-gpu/openb-pod-7492,7314
7705,create,paib-gpu/openb-pod-7313,7315
7706,create,paib-gpu/openb-pod-5900,7316
7707,create,paib-gpu/openb-pod-1710,7317
7708,create,paib-gpu/openb-pod-7516,7318
7709,create,paib-gpu/openb-pod-8060,7319
7710,create,paib-gpu/openb-pod-1147,7320
7711,create,paib-gpu/openb-pod-2776,7321
7712,create,paib-gpu/openb-pod-7192,7322
7713,create,paib-gpu/openb-pod-6289,7323
7714,create,paib-gpu/openb-pod-3376,7324
7715,create,paib-gpu/openb-pod-1580,7325
7716,create,paib-gpu/openb-pod-3836,7326
7717,create,paib-gpu/openb-pod-6981,7327
7718,failed,paib-gpu/openb-pod-5994,7327
7719,create,paib-gpu/openb-pod-7725,7328
7720,create,paib-gpu/openb-pod-1477,7329
7721,create,paib-gpu/openb-pod-5931,7330
7722,create,paib-gpu/openb-pod-6284,7331
7723,create,paib-gpu/openb-pod-1915,7332
7724,create,paib-gpu/openb-pod-1835,7333
7725,create,paib-gpu/openb-pod-5143,7334
7726,create,paib-gpu/openb-pod-2258,7335
7727,create,paib-gpu/openb-pod-6855,7336
7728,create,paib-gpu/openb-pod-4970,7337
7729,create,paib-gpu/openb-pod-5295,7338
7730,create,paib-gpu/openb-pod-1310,7339
7731,create,paib-gpu/openb-pod-6962,7340
7732,create,paib-gpu/openb-pod-4571,7341
7733,create,paib-gpu/openb-pod-2948,7342
7734,create,paib-gpu/openb-pod-7198,7343
7735,failed,paib-gpu/openb-pod-7317,7343
7736,create,paib-gpu/openb-pod-0796,7344
7737,create,paib-gpu/openb-pod-7645,7345
7738,create,paib-gpu/openb-pod-4357,7346
7739,create,paib-gpu/openb-pod-4559,7347
7740,create,paib-gpu/openb-pod-2455,7348
7741,failed,paib-gpu/openb-pod-1354,7348
7742,create,paib-gpu/openb-pod-2619,7349
7743,create,paib-gpu/openb-pod-7614,7350
7744,create,paib-gpu/openb-pod-2884,7351
7745,create,paib-gpu/openb-pod-0775,7352
7746,failed,paib-gpu/openb-pod-2657,7352
7747,create,paib-gpu/openb-pod-0142,7353
7748,create,paib-gpu/openb-pod-0613,7354
7749,create,paib-gpu/openb-pod-1831,7355
7750,create,paib-gpu/openb-pod-2735,7356
7751,create,paib-gpu/openb-pod-5617,7357
7752,failed,paib-gpu/openb-pod-3254,7357
7753,create,paib-gpu/openb-pod-7882,7358
7754,create,paib-gpu/openb-pod-2452,7359
7755,create,paib-gpu/openb-pod-7775,7360
7756,failed,paib-gpu/openb-pod-3694,7360
7757,create,paib-gpu/openb-pod-4897,7361
7758,create,paib-gpu/openb-pod-1206,7362
7759,create,paib-gpu/openb-pod-7156,7363
7760,create,paib-gpu/openb-pod-6618,7364
7761,create,paib-gpu/openb-pod-2363,7365
7762,create,paib-gpu/openb-pod-5337,7366
7763,create,paib-gpu/openb-pod-5423,7367
7764,create,paib-gpu/openb-pod-6760,7368
7765,create,paib-gpu/openb-pod-0924,7369
7766,create,paib-gpu/openb-pod-6407,7370
7767,create,paib-gpu/openb-pod-4361,7371
7768,failed,paib-gpu/openb-pod-7333,7371
7769,create,paib-gpu/openb-pod-1616,7372
7770,create,paib-gpu/openb-pod-0793,7373
7771,create,paib-gpu/openb-pod-6489,7374
7772,create,paib-gpu/openb-pod-2550,7375
7773,create,paib-gpu/openb-pod-5847,7376
7774,create,paib-gpu/openb-pod-1285,7377
7775,create,paib-gpu/openb-pod-2316,7378
7776,failed,paib-gpu/openb-pod-0171,7378
7777,create,paib-gpu/openb-pod-1361,7379
7778,create,paib-gpu/openb-pod-6507,7380
7779,create,paib-gpu/openb-pod-4905,7381
7780,create,paib-gpu/openb-pod-7709,7382
7781,failed,paib-gpu/openb-pod-2730,7382
7782,create,paib-gpu/openb-pod-5260,7383
7783,create,paib-gpu/openb-pod-3467,7384
7784,create,paib-gpu/openb-pod-2753,7385
7785,create,paib-gpu/openb-pod-2662,7386
7786,create,paib-gpu/openb-pod-1034,7387
7787,create,paib-gpu/openb-pod-4236,7388
7788,create,paib-gpu/openb-pod-5481,7389
7789,create,paib-gpu/openb-pod-2538,7390
7790,create,paib-gpu/openb-pod-0761,7391
7791,create,paib-gpu/openb-pod-1503,7392
7792,create,paib-gpu/openb-pod-0927,7393
7793,create,paib-gpu/openb-pod-3129,7394
7794,create,paib-gpu/openb-pod-5464,7395
7795,create,paib-gpu/openb-pod-6269,7396
7796,create,paib-gpu/openb-pod-0875,7397
7797,create,paib-gpu/openb-pod-7371,7398
7798,create,paib-gpu/openb-pod-0436,7399
7799,create,paib-gpu/openb-pod-8001,7400
7800,create,paib-gpu/openb-pod-2124,7401
7801,create,paib-gpu/openb-pod-0881,7402
7802,create,paib-gpu/openb-pod-0598,7403
7803,failed,paib-gpu/openb-pod-1338,7403
7804,create,paib-gpu/openb-pod-5758,7404
7805,failed,paib-gpu/openb-pod-1395,7404
7806,create,paib-gpu/openb-pod-5238,7405
7807,create,paib-gpu/openb-pod-3535,7406
7808,create,paib-gpu/openb-pod-1297,7407
7809,create,paib-gpu/openb-pod-5764,7408
7810,create,paib-gpu/openb-pod-7873,7409
7811,create,paib-gpu/openb-pod-1547,7410
7812,create,paib-gpu/openb-pod-0585,7411
7813,create,paib-gpu/openb-pod-7892,7412
7814,create,paib-gpu/openb-pod-6126,7413
7815,create,paib-gpu/openb-pod-6166,7414
7816,create,paib-gpu/openb-pod-4085,7415
7817,create,paib-gpu/openb-pod-2638,7416
7818,create,paib-gpu/openb-pod-6431,7417
7819,create,paib-gpu/openb-pod-6972,7418
7820,create,paib-gpu/openb-pod-6246,7419
7821,create,paib-gpu/openb-pod-6934,7420
7822,create,paib-gpu/openb-pod-0596,7421
7823,create,paib-gpu/openb-pod-1865,7422
7824,create,paib-gpu/openb-pod-3597,7423
7825,create,paib-gpu/openb-pod-6800,7424
7826,create,paib-gpu/openb-pod-7251,7425
7827,failed,paib-gpu/openb-pod-5731,7425
7828,create,paib-gpu/openb-pod-3748,7426
7829,create,paib-gpu/openb-pod-3025,7427
7830,create,paib-gpu/openb-pod-4934,7428
7831,create,paib-gpu/openb-pod-4809,7429
7832,create,paib-gpu/openb-pod-1481,7430
7833,create,paib-gpu/openb-pod-5471,7431
7834,create,paib-gpu/openb-pod-1074,7432
7835,create,paib-gpu/openb-pod-4126,7433
7836,create,paib-gpu/openb-pod-5585,7434
7837,create,paib-gpu/openb-pod-3058,7435
7838,create,paib-gpu/openb-pod-1898,7436
7839,create,paib-gpu/openb-pod-6075,7437
7840,create,paib-gpu/openb-pod-7608,7438
7841,create,paib-gpu/openb-pod-8078,7439
7842,create,paib-gpu/openb-pod-0784,7440
7843,create,paib-gpu/openb-pod-0273,7441
7844,create,paib-gpu/openb-pod-1309,7442
7845,create,paib-gpu/openb-pod-4667,7443
7846,create,paib-gpu/openb-pod-3769,7444
7847,create,paib-gpu/openb-pod-4256,7445
7848,create,paib-gpu/openb-pod-3239,7446
7849,failed,paib-gpu/openb-pod-5788,7446
7850,create,paib-gpu/openb-pod-7861,7447
7851,create,paib-gpu/openb-pod-0588,7448
7852,create,paib-gpu/openb-pod-6392,7449
7853,create,paib-gpu/openb-pod-7883,7450
7854,create,paib-gpu/openb-pod-7239,7451
7855,create,paib-gpu/openb-pod-1472,7452
7856,create,paib-gpu/openb-pod-4647,7453
7857,create,paib-gpu/openb-pod-1972,7454
7858,create,paib-gpu/openb-pod-2160,7455
7859,create,paib-gpu/openb-pod-6410,7456
7860,failed,paib-gpu/openb-pod-7914,7456
7861,create,paib-gpu/openb-pod-0765,7457
7862,create,paib-gpu/openb-pod-2319,7458
7863,create,paib-gpu/openb-pod-1987,7459
7864,create,paib-gpu/openb-pod-2269,7460
7865,create,paib-gpu/openb-pod-3732,7461
7866,create,paib-gpu/openb-pod-5669,7462
7867,create,paib-gpu/openb-pod-4442,7463
7868,create,paib-gpu/openb-pod-2246,7464
7869,create,paib-gpu/openb-pod-7578,7465
7870,create,paib-gpu/openb-pod-5826,7466
7871,create,paib-gpu/openb-pod-3673,7467
7872,create,paib-gpu/openb-pod-1084,7468
7873,create,paib-gpu/openb-pod-1225,7469
7874,create,paib-gpu/openb-pod-1065,7470
7875,create,paib-gpu/openb-pod-7956,7471
7876,create,paib-gpu/openb-pod-3514,7472
7877,create,paib-gpu/openb-pod-2411,7473
7878,create,paib-gpu/openb-pod-1825,7474
7879,create,paib-gpu/openb-pod-7920,7475
7880,create,paib-gpu/openb-pod-2734,7476
7881,create,paib-gpu/openb-pod-4536,7477
7882,create,paib-gpu/openb-pod-1331,7478
7883,create,paib-gpu/openb-pod-6542,7479
7884,failed,paib-gpu/openb-pod-1557,7479
7885,create,paib-gpu/openb-pod-6748,7480
7886,create,paib-gpu/openb-pod-0286,7481
7887,create,paib-gpu/openb-pod-1255,7482
7888,create,paib-gpu/openb-pod-5629,7483
7889,create,paib-gpu/openb-pod-1466,7484
7890,create,paib-gpu/openb-pod-0169,7485
7891,create,paib-gpu/openb-pod-2777,7486
7892,create,paib-gpu/openb-pod-7506,7487
7893,create,paib-gpu/openb-pod-5040,7488
7894,create,paib-gpu/openb-pod-2853,7489
7895,create,paib-gpu/openb-pod-5600,7490
7896,create,paib-gpu/openb-pod-1498,7491
7897,create,paib-gpu/openb-pod-8032,7492
7898,failed,paib-gpu/openb-pod-6555,7492
7899,create,paib-gpu/openb-pod-2444,7493
7900,create,paib-gpu/openb-pod-7710,7494
7901,create,paib-gpu/openb-pod-4139,7495
7902,create,paib-gpu/openb-pod-3838,7496
7903,failed,paib-gpu/openb-pod-7686,7496
7904,create,paib-gpu/openb-pod-5320,7497
7905,create,paib-gpu/openb-pod-7699,7498
7906,create,paib-gpu/openb-pod-6778,7499
7907,create,paib-gpu/openb-pod-7514,7500
7908,create,paib-gpu/openb-pod-6929,7501
7909,create,paib-gpu/openb-pod-6572,7502
7910,create,paib-gpu/openb-pod-1811,7503
7911,create,paib-gpu/openb-pod-2530,7504
7912,create,paib-gpu/openb-pod-4058,7505
7913,failed,paib-gpu/openb-pod-1083,7505
7914,create,paib-gpu/openb-pod-0472,7506
7915,create,paib-gpu/openb-pod-4497,7507
7916,create,paib-gpu/openb-pod-0903,7508
7917,create,paib-gpu/openb-pod-0482,7509
7918,create,paib-gpu/openb-pod-0673,7510
7919,create,paib-gpu/openb-pod-2802,7511
7920,create,paib-gpu/openb-pod-6633,7512
7921,create,paib-gpu/openb-pod-7292,7513
7922,create,paib-gpu/openb-pod-3192,7514
7923,create,paib-gpu/openb-pod-1840,7515
7924,create,paib-gpu/openb-pod-0309,7516
7925,create,paib-gpu/openb-pod-2049,7517
7926,create,paib-gpu/openb-pod-8004,7518
7927,create,paib-gpu/openb-pod-2539,7519
7928,create,paib-gpu/openb-pod-2371,7520
7929,create,paib-gpu/openb-pod-7707,7521
7930,create,paib-gpu/openb-pod-6950,7522
7931,create,paib-gpu/openb-pod-3334,7523
7932,create,paib-gpu/openb-pod-2197,7524
7933,create,paib-gpu/openb-pod-1609,7525
7934,create,paib-gpu/openb-pod-1404,7526
7935,create,paib-gpu/openb-pod-5535,7527
7936,create,paib-gpu/openb-pod-6742,7528
7937,create,paib-gpu/openb-pod-1267,7529
7938,create,paib-gpu/openb-pod-2448,7530
7939,create,paib-gpu/openb-pod-4651,7531
7940,create,paib-gpu/openb-pod-7569,7532
7941,create,paib-gpu/openb-pod-3654,7533
7942,failed,paib-gpu/openb-pod-5285,7533
7943,create,paib-gpu/openb-pod-7687,7534
7944,create,paib-gpu/openb-pod-5592,7535
7945,create,paib-gpu/openb-pod-0768,7536
7946,create,paib-gpu/openb-pod-4613,7537
7947,create,paib-gpu/openb-pod-7477,7538
7948,create,paib-gpu/openb-pod-5918,7539
7949,create,paib-gpu/openb-pod-6061,7540
7950,create,paib-gpu/openb-pod-1657,7541
7951,create,paib-gpu/openb-pod-4633,7542
7952,create,paib-gpu/openb-pod-0170,7543
7953,create,paib-gpu/openb-pod-2426,7544
7954,create,paib-gpu/openb-pod-3177,7545
7955,create,paib-gpu/openb-pod-2389,7546
7956,failed,paib-gpu/openb-pod-7814,7546
7957,create,paib-gpu/openb-pod-3898,7547
7958,create,paib-gpu/openb-pod-2332,7548
7959,create,paib-gpu/openb-pod-1814,7549
7960,failed,paib-gpu/openb-pod-1691,7549
7961,create,paib-gpu/openb-pod-1086,7550
7962,create,paib-gpu/openb-pod-1456,7551
7963,create,paib-gpu/openb-pod-0445,7552
7964,create,paib-gpu/openb-pod-0929,7553
7965,create,paib-gpu/openb-pod-7212,7554
7966,create,paib-gpu/openb-pod-1033,7555
7967,create,paib-gpu/openb-pod-7081,7556
7968,create,paib-gpu/openb-pod-2849,7557
7969,create,paib-gpu/openb-pod-4698,7558
7970,create,paib-gpu/openb-pod-2503,7559
7971,create,paib-gpu/openb-pod-0922,7560
7972,create,paib-gpu/openb-pod-5835,7561
7973,create,paib-gpu/openb-pod-6993,7562
7974,create,paib-gpu/openb-pod-4258,7563
7975,create,paib-gpu/openb-pod-2017,7564
7976,create,paib-gpu/openb-pod-3320,7565
7977,failed,paib-gpu/openb-pod-6323,7565
7978,create,paib-gpu/openb-pod-5829,7566
7979,create,paib-gpu/openb-pod-6710,7567
7980,create,paib-gpu/openb-pod-4531,7568
7981,create,paib-gpu/openb-pod-6598,7569
7982,create,paib-gpu/openb-pod-2525,7570
7983,create,paib-gpu/openb-pod-4195,7571
7984,create,paib-gpu/openb-pod-4870,7572
7985,create,paib-gpu/openb-pod-6302,7573
7986,create,paib-gpu/openb-pod-3792,7574
7987,create,paib-gpu/openb-pod-4059,7575
7988,create,paib-gpu/openb-pod-7287,7576
7989,create,paib-gpu/openb-pod-2957,7577
7990,create,paib-gpu/openb-pod-7085,7578
7991,create,paib-gpu/openb-pod-3824,7579
7992,create,paib-gpu/openb-pod-4055,7580
7993,create,paib-gpu/openb-pod-0496,7581
7994,create,paib-gpu/openb-pod-6965,7582
7995,failed,paib-gpu/openb-pod-3360,7582
7996,create,paib-gpu/openb-pod-2641,7583
7997,create,paib-gpu/openb-pod-5106,7584
7998,failed,paib-gpu/openb-pod-2617,7584
7999,create,paib-gpu/openb-pod-3706,7585
8000,create,paib-gpu/openb-pod-1271,7586
8001,create,paib-gpu/openb-pod-3392,7587
8002,create,paib-gpu/openb-pod-7462,7588
8003,create,paib-gpu/openb-pod-0897,7589
8004,failed,paib-gpu/openb-pod-6316,7589
8005,create,paib-gpu/openb-pod-6765,7590
8006,create,paib-gpu/openb-pod-5631,7591
8007,create,paib-gpu/openb-pod-7507,7592
8008,create,paib-gpu/openb-pod-0202,7593
8009,create,paib-gpu/openb-pod-3340,7594
8010,create,paib-gpu/openb-pod-4555,7595
8011,create,paib-gpu/openb-pod-5475,7596
8012,create,paib-gpu/openb-pod-5255,7597
8013,create,paib-gpu/openb-pod-1239,7598
8014,create,paib-gpu/openb-pod-5895,7599
8015,create,paib-gpu/openb-pod-1250,7600
8016,create,paib-gpu/openb-pod-1918,7601
8017,create,paib-gpu/openb-pod-3080,7602
8018,create,paib-gpu/openb-pod-7437,7603
8019,create,paib-gpu/openb-pod-2015,7604
8020,create,paib-gpu/openb-pod-1154,7605
8021,create,paib-gpu/openb-pod-3863,7606
8022,create,paib-gpu/openb-pod-4423,7607
8023,create,paib-gpu/openb-pod-7461,7608
8024,create,paib-gpu/openb-pod-0891,7609
8025,create,paib-gpu/openb-pod-3453,7610
8026,create,paib-gpu/openb-pod-0515,7611
8027,create,paib-gpu/openb-pod-7957,7612
8028,create,paib-gpu/openb-pod-1732,7613
8029,create,paib-gpu/openb-pod-5513,7614
8030,create,paib-gpu/openb-pod-7254,7615
8031,create,paib-gpu/openb-pod-0671,7616
8032,create,paib-gpu/openb-pod-1460,7617
8033,create,paib-gpu/openb-pod-8106,7618
8034,create,paib-gpu/openb-pod-0887,7619
8035,create,paib-gpu/openb-pod-0011,7620
8036,create,paib-gpu/openb-pod-2614,7621
8037,create,paib-gpu/openb-pod-5946,7622
8038,create,paib-gpu/openb-pod-6629,7623
8039,create,paib-gpu/openb-pod-2019,7624
8040,create,paib-gpu/openb-pod-8114,7625
8041,create,paib-gpu/openb-pod-5253,7626
8042,create,paib-gpu/openb-pod-2974,7627
8043,create,paib-gpu/openb-pod-5134,7628
8044,create,paib-gpu/openb-pod-5958,7629
8045,create,paib-gpu/openb-pod-2647,7630
8046,create,paib-gpu/openb-pod-4261,7631
8047,create,paib-gpu/openb-pod-7385,7632
8048,create,paib-gpu/openb-pod-7402,7633
8049,failed,paib-gpu/openb-pod-1120,7633
8050,create,paib-gpu/openb-pod-8131,7634
8051,create,paib-gpu/openb-pod-7907,7635
8052,create,paib-gpu/openb-pod-0110,7636
8053,create,paib-gpu/openb-pod-4664,7637
8054,create,paib-gpu/openb-pod-3331,7638
8055,failed,paib-gpu/openb-pod-7669,7638
8056,create,paib-gpu/openb-pod-2661,7639
8057,failed,paib-gpu/openb-pod-4263,7639
8058,create,paib-gpu/openb-pod-5420,7640
8059,create,paib-gpu/openb-pod-1579,7641
8060,create,paib-gpu/openb-pod-6872,7642
8061,create,paib-gpu/openb-pod-8010,7643
8062,failed,paib-gpu/openb-pod-2204,7643
8063,create,paib-gpu/openb-pod-6402,7644
8064,create,paib-gpu/openb-pod-1726,7645
8065,create,paib-gpu/openb-pod-1260,7646
8066,create,paib-gpu/openb-pod-6605,7647
8067,create,paib-gpu/openb-pod-5703,7648
8068,create,paib-gpu/openb-pod-3577,7649
8069,create,paib-gpu/openb-pod-5928,7650
8070,create,paib-gpu/openb-pod-2203,7651
8071,failed,paib-gpu/openb-pod-7781,7651
8072,create,paib-gpu/openb-pod-7384,7652
8073,create,paib-gpu/openb-pod-7058,7653
8074,create,paib-gpu/openb-pod-3880,7654
8075,create,paib-gpu/openb-pod-0795,7655
8076,create,paib-gpu/openb-pod-3621,7656
8077,create,paib-gpu/openb-pod-4369,7657
8078,create,paib-gpu/openb-pod-5153,7658
8079,create,paib-gpu/openb-pod-7193,7659
8080,create,paib-gpu/openb-pod-3666,7660
8081,create,paib-gpu/openb-pod-5646,7661
8082,create,paib-gpu/openb-pod-2043,7662
8083,create,paib-gpu/openb-pod-7007,7663
8084,create,paib-gpu/openb-pod-7259,7664
8085,create,paib-gpu/openb-pod-4671,7665
8086,create,paib-gpu/openb-pod-2469,7666
8087,create,paib-gpu/openb-pod-2412,7667
8088,create,paib-gpu/openb-pod-0490,7668
8089,create,paib-gpu/openb-pod-5862,7669
8090,create,paib-gpu/openb-pod-1355,7670
8091,create,paib-gpu/openb-pod-5542,7671
8092,create,paib-gpu/openb-pod-7394,7672
8093,create,paib-gpu/openb-pod-2095,7673
8094,create,paib-gpu/openb-pod-0316,7674
8095,create,paib-gpu/openb-pod-2307,7675
8096,create,paib-gpu/openb-pod-3669,7676
8097,create,paib-gpu/openb-pod-1894,7677
8098,create,paib-gpu/openb-pod-4315,7678
8099,create,paib-gpu/openb-pod-6426,7679
8100,create,paib-gpu/openb-pod-7600,7680
8101,create,paib-gpu/openb-pod-1430,7681
8102,create,paib-gpu/openb-pod-1514,7682
8103,create,paib-gpu/openb-pod-6393,7683
8104,create,paib-gpu/openb-pod-4513,7684
8105,create,paib-gpu/openb-pod-4406,7685
8106,create,paib-gpu/openb-pod-6766,7686
8107,failed,paib-gpu/openb-pod-4636,7686
8108,failed,paib-gpu/openb-pod-5712,7686
8109,failed,paib-gpu/openb-pod-0461,7686
8110,create,paib-gpu/openb-pod-2070,7687
8111,create,paib-gpu/openb-pod-6132,7688
8112,create,paib-gpu/openb-pod-6029,7689
8113,create,paib-gpu/openb-pod-5089,7690
8114,create,paib-gpu/openb-pod-1230,7691
8115,create,paib-gpu/openb-pod-6946,7692
8116,create,paib-gpu/openb-pod-7603,7693
8117,create,paib-gpu/openb-pod-7902,7694
8118,create,paib-gpu/openb-pod-0570,7695
8119,create,paib-gpu/openb-pod-8098,7696
8120,create,paib-gpu/openb-pod-7248,7697
8121,create,paib-gpu/openb-pod-5861,7698
8122,create,paib-gpu/openb-pod-2983,7699
8123,create,paib-gpu/openb-pod-1714,7700
8124,create,paib-gpu/openb-pod-3662,7701
8125,create,paib-gpu/openb-pod-1056,7702
8126,create,paib-gpu/openb-pod-7532,7703
8127,create,paib-gpu/openb-pod-0341,7704
8128,create,paib-gpu/openb-pod-5304,7705
8129,create,paib-gpu/openb-pod-1846,7706
8130,create,paib-gpu/openb-pod-2330,7707
8131,create,paib-gpu/openb-pod-2766,7708
8132,create,paib-gpu/openb-pod-0970,7709
8133,create,paib-gpu/openb-pod-7896,7710
8134,failed,paib-gpu/openb-pod-7660,7710
8135,create,paib-gpu/openb-pod-5824,7711
8136,create,paib-gpu/openb-pod-5796,7712
8137,create,paib-gpu/openb-pod-3793,7713
8138,create,paib-gpu/openb-pod-5404,7714
8139,create,paib-gpu/openb-pod-0986,7715
8140,create,paib-gpu/openb-pod-2944,7716
8141,create,paib-gpu/openb-pod-1774,7717
8142,create,paib-gpu/openb-pod-5990,7718
8143,create,paib-gpu/openb-pod-5264,7719
8144,failed,paib-gpu/openb-pod-3119,7719
8145,create,paib-gpu/openb-pod-3131,7720
8146,create,paib-gpu/openb-pod-6622,7721
8147,create,paib-gpu/openb-pod-3122,7722
8148,create,paib-gpu/openb-pod-0357,7723
8149,create,paib-gpu/openb-pod-1701,7724
8150,create,paib-gpu/openb-pod-4923,7725
8151,create,paib-gpu/openb-pod-0538,7726
8152,create,paib-gpu/openb-pod-3888-tuned-0,7727
8153,create,paib-gpu/openb-pod-5689-tuned-1,7728
8154,create,paib-gpu/openb-pod-2936-tuned-2,7729
8155,create,paib-gpu/openb-pod-0788-tuned-3,7730
8156,create,paib-gpu/openb-pod-5416-tuned-4,7731
8157,failed,paib-gpu/openb-pod-0104-tuned-5,7731
8158,create,paib-gpu/openb-pod-5457-tuned-6,7732
8159,create,paib-gpu/openb-pod-3884-tuned-7,7733
8160,create,paib-gpu/openb-pod-0409-tuned-8,7734
8161,create,paib-gpu/openb-pod-5943-tuned-9,7735
8162,create,paib-gpu/openb-pod-7224-tuned-10,7736
8163,create,paib-gpu/openb-pod-8104-tuned-11,7737
8164,create,paib-gpu/openb-pod-4282-tuned-12,7738
8165,create,paib-gpu/openb-pod-6363-tuned-13,7739
8166,create,paib-gpu/openb-pod-2310-tuned-14,7740
8167,failed,paib-gpu/openb-pod-3635-tuned-15,7740
8168,create,paib-gpu/openb-pod-6483-tuned-16,7741
8169,create,paib-gpu/openb-pod-6281-tuned-17,7742
8170,create,paib-gpu/openb-pod-7638-tuned-18,7743
8171,create,paib-gpu/openb-pod-7416-tuned-19,7744
8172,failed,paib-gpu/openb-pod-0694-tuned-20,7744
8173,create,paib-gpu/openb-pod-0035-tuned-21,7745
8174,failed,paib-gpu/openb-pod-2899-tuned-22,7745
8175,create,paib-gpu/openb-pod-4413-tuned-23,7746
8176,create,paib-gpu/openb-pod-3538-tuned-24,7747
8177,create,paib-gpu/openb-pod-0739-tuned-25,7748
8178,create,paib-gpu/openb-pod-0204-tuned-26,7749
8179,create,paib-gpu/openb-pod-5875-tuned-27,7750
8180,failed,paib-gpu/openb-pod-3767-tuned-28,7750
8181,create,paib-gpu/openb-pod-2352-tuned-29,7751
8182,create,paib-gpu/openb-pod-7110-tuned-30,7752
8183,create,paib-gpu/openb-pod-2885-tuned-31,7753
8184,create,paib-gpu/openb-pod-4199-tuned-32,7754
8185,create,paib-gpu/openb-pod-3632-tuned-33,7755
8186,create,paib-gpu/openb-pod-8028-tuned-34,7756
8187,create,paib-gpu/openb-pod-3790-tuned-35,7757
8188,create,paib-gpu/openb-pod-2097-tuned-36,7758
8189,create,paib-gpu/openb-pod-3060-tuned-37,7759
8190,create,paib-gpu/openb-pod-4998-tuned-38,7760
8191,create,paib-gpu/openb-pod-1219-tuned-39,7761
8192,failed,paib-gpu/openb-pod-0156-tuned-40,7761
8193,create,paib-gpu/openb-pod-3489-tuned-41,7762
8194,failed,paib-gpu/openb-pod-0435-tuned-42,7762
8195,create,paib-gpu/openb-pod-0950-tuned-43,7763
8196,create,paib-gpu/openb-pod-3302-tuned-44,7764
8197,create,paib-gpu/openb-pod-3191-tuned-45,7765
8198,create,paib-gpu/openb-pod-6599-tuned-46,7766
8199,create,paib-gpu/openb-pod-7433-tuned-47,7767
8200,create,paib-gpu/openb-pod-6466-tuned-48,7768
8201,create,paib-gpu/openb-pod-1279-tuned-49,7769
8202,create,paib-gpu/openb-pod-1436-tuned-50,7770
8203,create,paib-gpu/openb-pod-4702-tuned-51,7771
8204,create,paib-gpu/openb-pod-1491-tuned-52,7772
8205,create,paib-gpu/openb-pod-1006-tuned-53,7773
8206,create,paib-gpu/openb-pod-7967-tuned-54,7774
8207,create,paib-gpu/openb-pod-2873-tuned-55,7775
8208,create,paib-gpu/openb-pod-0370-tuned-56,7776
8209,create,paib-gpu/openb-pod-2688-tuned-57,7777
8210,create,paib-gpu/openb-pod-0896-tuned-58,7778
8211,create,paib-gpu/openb-pod-4603-tuned-59,7779
8212,create,paib-gpu/openb-pod-7143-tuned-60,7780
8213,failed,paib-gpu/openb-pod-0346-tuned-61,7780
8214,create,paib-gpu/openb-pod-0272-tuned-62,7781
8215,create,paib-gpu/openb-pod-4717-tuned-63,7782
8216,create,paib-gpu/openb-pod-1419-tuned-64,7783
8217,create,paib-gpu/openb-pod-6293-tuned-65,7784
8218,create,paib-gpu/openb-pod-6989-tuned-66,7785
8219,create,paib-gpu/openb-pod-6120-tuned-67,7786
8220,create,paib-gpu/openb-pod-2057-tuned-68,7787
8221,create,paib-gpu/openb-pod-1483-tuned-69,7788
8222,create,paib-gpu/openb-pod-1021-tuned-70,7789
8223,create,paib-gpu/openb-pod-1397-tuned-71,7790
8224,create,paib-gpu/openb-pod-0858-tuned-72,7791
8225,create,paib-gpu/openb-pod-4676-tuned-73,7792
8226,create,paib-gpu/openb-pod-6728-tuned-74,7793
8227,create,paib-gpu/openb-pod-7428-tuned-75,7794
8228,create,paib-gpu/openb-pod-2512-tuned-76,7795
8229,create,paib-gpu/openb-pod-6784-tuned-77,7796
8230,create,paib-gpu/openb-pod-5601-tuned-78,7797
8231,create,paib-gpu/openb-pod-2688-tuned-79,7798
8232,create,paib-gpu/openb-pod-6690-tuned-80,7799
8233,create,paib-gpu/openb-pod-8076-tuned-81,7800
8234,create,paib-gpu/openb-pod-4944-tuned-82,7801
8235,create,paib-gpu/openb-pod-4839-tuned-83,7802
8236,create,paib-gpu/openb-pod-0173-tuned-84,7803
8237,create,paib-gpu/openb-pod-5012-tuned-85,7804
8238,create,paib-gpu/openb-pod-1950-tuned-86,7805
8239,failed,paib-gpu/openb-pod-8046-tuned-87,7805
8240,failed,paib-gpu/openb-pod-2992-tuned-88,7805
8241,create,paib-gpu/openb-pod-7390-tuned-89,7806
8242,create,paib-gpu/openb-pod-1609-tuned-90,7807
8243,create,paib-gpu/openb-pod-8019-tuned-91,7808
8244,create,paib-gpu/openb-pod-2235-tuned-92,7809
8245,create,paib-gpu/openb-pod-7819-tuned-93,7810
8246,create,paib-gpu/openb-pod-3624-tuned-94,7811
8247,create,paib-gpu/openb-pod-0743-tuned-95,7812
8248,create,paib-gpu/openb-pod-7867-tuned-96,7813
8249,failed,paib-gpu/openb-pod-0514-tuned-97,7813
8250,failed,paib-gpu/openb-pod-6803-tuned-98,7813
8251,failed,paib-gpu/openb-pod-4768-tuned-99,7813
8252,failed,paib-gpu/openb-pod-4085-tuned-100,7813
8253,failed,paib-gpu/openb-pod-6189-tuned-101,7813
8254,failed,paib-gpu/openb-pod-5003-tuned-102,7813
8255,create,paib-gpu/openb-pod-5107-tuned-103,7814
8256,failed,paib-gpu/openb-pod-6898-tuned-104,7814
8257,failed,paib-gpu/openb-pod-2780-tuned-105,7814
8258,failed,paib-gpu/openb-pod-7843-tuned-106,7814
8259,failed,paib-gpu/openb-pod-7655-tuned-107,7814
8260,failed,paib-gpu/openb-pod-4649-tuned-108,7814
8261,failed,paib-gpu/openb-pod-1806-tuned-109,7814
8262,create,paib-gpu/openb-pod-6448-tuned-110,7815
8263,create,paib-gpu/openb-pod-5927-tuned-111,7816
8264,failed,paib-gpu/openb-pod-1084-tuned-112,7816
8265,failed,paib-gpu/openb-pod-1716-tuned-113,7816
8266,create,paib-gpu/openb-pod-8143-tuned-114,7817
8267,failed,paib-gpu/openb-pod-3259-tuned-115,7817
8268,create,paib-gpu/openb-pod-1680-tuned-116,7818
8269,create,paib-gpu/openb-pod-0372-tuned-117,7819
8270,failed,paib-gpu/openb-pod-5032-tuned-118,7819
8271,failed,paib-gpu/openb-pod-5291-tuned-119,7819
8272,failed,paib-gpu/openb-pod-2635-tuned-120,7819
8273,create,paib-gpu/openb-pod-5605-tuned-121,7820
8274,failed,paib-gpu/openb-pod-4419-tuned-122,7820
8275,create,paib-gpu/openb-pod-2172-tuned-123,7821
8276,failed,paib-gpu/openb-pod-2079-tuned-124,7821
8277,failed,paib-gpu/openb-pod-1870-tuned-125,7821
8278,failed,paib-gpu/openb-pod-1610-tuned-126,7821
8279,failed,paib-gpu/openb-pod-7724-tuned-127,7821
8280,failed,paib-gpu/openb-pod-2333-tuned-128,7821
8281,failed,paib-gpu/openb-pod-6468-tuned-129,7821
8282,failed,paib-gpu/openb-pod-0812-tuned-130,7821
8283,failed,paib-gpu/openb-pod-2468-tuned-131,7821
8284,failed,paib-gpu/openb-pod-2543-tuned-132,7821
8285,failed,paib-gpu/openb-pod-1556-tuned-133,7821
8286,failed,paib-gpu/openb-pod-7620-tuned-134,7821
8287,failed,paib-gpu/openb-pod-0367-tuned-135,7821
8288,failed,paib-gpu/openb-pod-8102-tuned-136,7821
8289,failed,paib-gpu/openb-pod-6102-tuned-137,7821
8290,create,paib-gpu/openb-pod-3348-tuned-138,7822
8291,create,paib-gpu/openb-pod-6992-tuned-139,7823
8292,failed,paib-gpu/openb-pod-5772-tuned-140,7823
8293,failed,paib-gpu/openb-pod-5614-tuned-141,7823
8294,failed,paib-gpu/openb-pod-4269-tuned-142,7823
8295,failed,paib-gpu/openb-pod-6970-tuned-143,7823
8296,create,paib-gpu/openb-pod-0954-tuned-144,7824
8297,create,paib-gpu/openb-pod-0486-tuned-145,7825
8298,failed,paib-gpu/openb-pod-5093-tuned-146,7825
8299,failed,paib-gpu/openb-pod-2810-tuned-147,7825
8300,failed,paib-gpu/openb-pod-5811-tuned-148,7825
8301,failed,paib-gpu/openb-pod-3156-tuned-149,7825
8302,failed,paib-gpu/openb-pod-7388-tuned-150,7825
8303,failed,paib-gpu/openb-pod-2699-tuned-151,7825
8304,create,paib-gpu/openb-pod-3369-tuned-152,7826
8305,failed,paib-gpu/openb-pod-5340-tuned-153,7826
8306,failed,paib-gpu/openb-pod-3604-tuned-154,7826
8307,failed,paib-gpu/openb-pod-2313-tuned-155,7826
8308,failed,paib-gpu/openb-pod-3384-tuned-156,7826
8309,failed,paib-gpu/openb-pod-0542-tuned-157,7826
8310,failed,paib-gpu/openb-pod-2546-tuned-158,7826
8311,failed,paib-gpu/openb-pod-2583-tuned-159,7826
8312,failed,paib-gpu/openb-pod-5841-tuned-160,7826
8313,failed,paib-gpu/openb-pod-2538-tuned-161,7826
8314,failed,paib-gpu/openb-pod-1275-tuned-162,7826
8315,failed,paib-gpu/openb-pod-7063-tuned-163,7826
8316,failed,paib-gpu/openb-pod-7142-tuned-164,7826
8317,failed,paib-gpu/openb-pod-1672-tuned-165,7826
8318,failed,paib-gpu/openb-pod-2241-tuned-166,7826
8319,create,paib-gpu/openb-pod-6376-tuned-167,7827
8320,failed,paib-gpu/openb-pod-5047-tuned-168,7827
8321,failed,paib-gpu/openb-pod-6202-tuned-169,7827
8322,create,paib-gpu/openb-pod-1314-tuned-170,7828
8323,failed,paib-gpu/openb-pod-0523-tuned-171,7828
8324,failed,paib-gpu/openb-pod-0084-tuned-172,7828
8325,failed,paib-gpu/openb-pod-1388-tuned-173,7828
8326,failed,paib-gpu/openb-pod-1781-tuned-174,7828
8327,failed,paib-gpu/openb-pod-7431-tuned-175,7828
8328,create,paib-gpu/openb-pod-5522-tuned-176,7829
8329,failed,paib-gpu/openb-pod-8139-tuned-177,7829
8330,failed,paib-gpu/openb-pod-5526-tuned-178,7829
8331,failed,paib-gpu/openb-pod-7139-tuned-179,7829
8332,failed,paib-gpu/openb-pod-6128-tuned-180,7829
8333,failed,paib-gpu/openb-pod-2349-tuned-181,7829
8334,failed,paib-gpu/openb-pod-5336-tuned-182,7829
8335,failed,paib-gpu/openb-pod-2093-tuned-183,7829
8336,failed,paib-gpu/openb-pod-6937-tuned-184,7829
8337,failed,paib-gpu/openb-pod-7140-tuned-185,7829
8338,failed,paib-gpu/openb-pod-7326-tuned-186,7829
8339,failed,paib-gpu/openb-pod-1372-tuned-187,7829
8340,failed,paib-gpu/openb-pod-5433-tuned-188,7829
8341,failed,paib-gpu/openb-pod-5066-tuned-189,7829
8342,create,paib-gpu/openb-pod-2701-tuned-190,7830
8343,failed,paib-gpu/openb-pod-2325-tuned-191,7830
8344,failed,paib-gpu/openb-pod-6904-tuned-192,7830
8345,failed,paib-gpu/openb-pod-0533-tuned-193,7830
8346,failed,paib-gpu/openb-pod-5081-tuned-194,7830
8347,failed,paib-gpu/openb-pod-0663-tuned-195,7830
8348,failed,paib-gpu/openb-pod-2834-tuned-196,7830
8349,failed,paib-gpu/openb-pod-5114-tuned-197,7830
8350,failed,paib-gpu/openb-pod-2180-tuned-198,7830
8351,failed,paib-gpu/openb-pod-4434-tuned-199,7830
8352,failed,paib-gpu/openb-pod-2971-tuned-200,7830
8353,failed,paib-gpu/openb-pod-3470-tuned-201,7830
8354,failed,paib-gpu/openb-pod-2776-tuned-202,7830
8355,create,paib-gpu/openb-pod-1101-tuned-203,7831
8356,failed,paib-gpu/openb-pod-5554-tuned-204,7831
8357,failed,paib-gpu/openb-pod-2391-tuned-205,7831
8358,failed,paib-gpu/openb-pod-0777-tuned-206,7831
8359,failed,paib-gpu/openb-pod-5929-tuned-207,7831
8360,failed,paib-gpu/openb-pod-2980-tuned-208,7831
8361,failed,paib-gpu/openb-pod-7106-tuned-209,7831
8362,create,paib-gpu/openb-pod-1278-tuned-210,7832
8363,failed,paib-gpu/openb-pod-7694-tuned-211,7832
8364,failed,paib-gpu/openb-pod-6699-tuned-212,7832
8365,failed,paib-gpu/openb-pod-3222-tuned-213,7832
8366,failed,paib-gpu/openb-pod-0656-tuned-214,7832
8367,failed,paib-gpu/openb-pod-7312-tuned-215,7832
8368,failed,paib-gpu/openb-pod-1270-tuned-216,7832
8369,create,paib-gpu/openb-pod-1816-tuned-217,7833
8370,create,paib-gpu/openb-pod-6600-tuned-218,7834
8371,failed,paib-gpu/openb-pod-1310-tuned-219,7834
8372,failed,paib-gpu/openb-pod-4790-tuned-220,7834
8373,failed,paib-gpu/openb-pod-1529-tuned-221,7834
8374,create,paib-gpu/openb-pod-5927-tuned-222,7835
8375,create,paib-gpu/openb-pod-1244-tuned-223,7836
8376,failed,paib-gpu/openb-pod-5034-tuned-224,7836
8377,failed,paib-gpu/openb-pod-0454-tuned-225,7836
8378,failed,paib-gpu/openb-pod-0539-tuned-226,7836
8379,failed,paib-gpu/openb-pod-6824-tuned-227,7836
8380,failed,paib-gpu/openb-pod-4737-tuned-228,7836
8381,failed,paib-gpu/openb-pod-7574-tuned-229,7836
8382,failed,paib-gpu/openb-pod-0748-tuned-230,7836
8383,failed,paib-gpu/openb-pod-2754-tuned-231,7836
8384,failed,paib-gpu/openb-pod-3391-tuned-232,7836
8385,failed,paib-gpu/openb-pod-6560-tuned-233,7836
8386,failed,paib-gpu/openb-pod-3422-tuned-234,7836
8387,create,paib-gpu/openb-pod-2425-tuned-235,7837
8388,failed,paib-gpu/openb-pod-0246-tuned-236,7837
8389,failed,paib-gpu/openb-pod-3234-tuned-237,7837
8390,failed,paib-gpu/openb-pod-2774-tuned-238,7837
8391,failed,paib-gpu/openb-pod-5742-tuned-239,7837
8392,create,paib-gpu/openb-pod-4685-tuned-240,7838
8393,failed,paib-gpu/openb-pod-2170-tuned-241,7838
8394,failed,paib-gpu/openb-pod-4762-tuned-242,7838
8395,failed,paib-gpu/openb-pod-7522-tuned-243,7838
8396,failed,paib-gpu/openb-pod-3509-tuned-244,7838
8397,failed,paib-gpu/openb-pod-1674-tuned-245,7838
8398,failed,paib-gpu/openb-pod-5809-tuned-246,7838
8399,failed,paib-gpu/openb-pod-7560-tuned-247,7838
8400,failed,paib-gpu/openb-pod-2466-tuned-248,7838
8401,failed,paib-gpu/openb-pod-2050-tuned-249,7838
8402,failed,paib-gpu/openb-pod-2450-tuned-250,7838
8403,create,paib-gpu/openb-pod-1537-tuned-251,7839
8404,failed,paib-gpu/openb-pod-7349-tuned-252,7839
8405,failed,paib-gpu/openb-pod-4927-tuned-253,7839
8406,failed,paib-gpu/openb-pod-6869-tuned-254,7839
8407,failed,paib-gpu/openb-pod-6771-tuned-255,7839
8408,failed,paib-gpu/openb-pod-4477-tuned-256,7839
8409,failed,paib-gpu/openb-pod-4309-tuned-257,7839
8410,failed,paib-gpu/openb-pod-3679-tuned-258,7839
8411,failed,paib-gpu/openb-pod-0755-tuned-259,7839
8412,failed,paib-gpu/openb-pod-6519-tuned-260,7839
8413,create,paib-gpu/openb-pod-4228-tuned-261,7840
8414,failed,paib-gpu/openb-pod-2769-tuned-262,7840
8415,failed,paib-gpu/openb-pod-8111-tuned-263,7840
8416,failed,paib-gpu/openb-pod-4262-tuned-264,7840
8417,failed,paib-gpu/openb-pod-3878-tuned-265,7840
8418,failed,paib-gpu/openb-pod-0509-tuned-266,7840
8419,failed,paib-gpu/openb-pod-5657-tuned-267,7840
8420,create,paib-gpu/openb-pod-2590-tuned-268,7841
8421,failed,paib-gpu/openb-pod-6098-tuned-269,7841
8422,failed,paib-gpu/openb-pod-2079-tuned-270,7841
8423,create,paib-gpu/openb-pod-1331-tuned-271,7842
8424,failed,paib-gpu/openb-pod-2714-tuned-272,7842
8425,failed,paib-gpu/openb-pod-5034-tuned-273,7842
8426,failed,paib-gpu/openb-pod-7439-tuned-274,7842
8427,failed,paib-gpu/openb-pod-7411-tuned-275,7842
8428,failed,paib-gpu/openb-pod-3726-tuned-276,7842
8429,failed,paib-gpu/openb-pod-4923-tuned-277,7842
8430,failed,paib-gpu/openb-pod-3877-tuned-278,7842
8431,failed,paib-gpu/openb-pod-3288-tuned-279,7842
8432,failed,paib-gpu/openb-pod-5804-tuned-280,7842
8433,failed,paib-gpu/openb-pod-2212-tuned-281,7842
8434,failed,paib-gpu/openb-pod-7621-tuned-282,7842
8435,failed,paib-gpu/openb-pod-4112-tuned-283,7842
8436,failed,paib-gpu/openb-pod-2825-tuned-284,7842
8437,failed,paib-gpu/openb-pod-6778-tuned-285,7842
8438,failed,paib-gpu/openb-pod-4863-tuned-286,7842
8439,failed,paib-gpu/openb-pod-5581-tuned-287,7842
8440,failed,paib-gpu/openb-pod-4743-tuned-288,7842
8441,failed,paib-gpu/openb-pod-5296-tuned-289,7842
8442,create,paib-gpu/openb-pod-4145-tuned-290,7843
8443,failed,paib-gpu/openb-pod-6825-tuned-291,7843
8444,failed,paib-gpu/openb-pod-6792-tuned-292,7843
8445,failed,paib-gpu/openb-pod-4015-tuned-293,7843
8446,failed,paib-gpu/openb-pod-2623-tuned-294,7843
8447,failed,paib-gpu/openb-pod-6841-tuned-295,7843
8448,failed,paib-gpu/openb-pod-2156-tuned-296,7843
8449,failed,paib-gpu/openb-pod-1261-tuned-297,7843
8450,failed,paib-gpu/openb-pod-6037-tuned-298,7843
8451,failed,paib-gpu/openb-pod-0868-tuned-299,7843
8452,failed,paib-gpu/openb-pod-3959-tuned-300,7843
8453,failed,paib-gpu/openb-pod-0490-tuned-301,7843
8454,failed,paib-gpu/openb-pod-7068-tuned-302,7843
8455,failed,paib-gpu/openb-pod-1015-tuned-303,7843
8456,failed,paib-gpu/openb-pod-2665-tuned-304,7843
8457,failed,paib-gpu/openb-pod-1684-tuned-305,7843
8458,failed,paib-gpu/openb-pod-0286-tuned-306,7843
8459,failed,paib-gpu/openb-pod-3257-tuned-307,7843
8460,create,paib-gpu/openb-pod-2987-tuned-308,7844
8461,failed,paib-gpu/openb-pod-0427-tuned-309,7844
8462,failed,paib-gpu/openb-pod-1036-tuned-310,7844
8463,failed,paib-gpu/openb-pod-3720-tuned-311,7844
8464,failed,paib-gpu/openb-pod-0832-tuned-312,7844
8465,failed,paib-gpu/openb-pod-4091-tuned-313,7844
8466,failed,paib-gpu/openb-pod-4295-tuned-314,7844
8467,failed,paib-gpu/openb-pod-7369-tuned-315,7844
8468,create,paib-gpu/openb-pod-2211-tuned-316,7845
8469,failed,paib-gpu/openb-pod-1035-tuned-317,7845
8470,create,paib-gpu/openb-pod-5348-tuned-318,7846
8471,create,paib-gpu/openb-pod-2868-tuned-319,7847
8472,failed,paib-gpu/openb-pod-7647-tuned-320,7847
8473,failed,paib-gpu/openb-pod-0507-tuned-321,7847
8474,failed,paib-gpu/openb-pod-1123-tuned-322,7847
8475,failed,paib-gpu/openb-pod-3795-tuned-323,7847
8476,failed,paib-gpu/openb-pod-0198-tuned-324,7847
8477,failed,paib-gpu/openb-pod-7478-tuned-325,7847
8478,failed,paib-gpu/openb-pod-5875-tuned-326,7847
8479,failed,paib-gpu/openb-pod-6271-tuned-327,7847
8480,failed,paib-gpu/openb-pod-4184-tuned-328,7847
8481,create,paib-gpu/openb-pod-2066-tuned-329,7848
8482,failed,paib-gpu/openb-pod-0582-tuned-330,7848
8483,failed,paib-gpu/openb-pod-6025-tuned-331,7848
8484,failed,paib-gpu/openb-pod-2082-tuned-332,7848
8485,failed,paib-gpu/openb-pod-7472-tuned-333,7848
8486,failed,paib-gpu/openb-pod-4919-tuned-334,7848
8487,failed,paib-gpu/openb-pod-8030-tuned-335,7848
8488,failed,paib-gpu/openb-pod-0808-tuned-336,7848
8489,failed,paib-gpu/openb-pod-1727-tuned-337,7848
8490,failed,paib-gpu/openb-pod-4795-tuned-338,7848
8491,failed,paib-gpu/openb-pod-1038-tuned-339,7848
8492,create,paib-gpu/openb-pod-2488-tuned-340,7849
8493,failed,paib-gpu/openb-pod-4837-tuned-341,7849
8494,failed,paib-gpu/openb-pod-3712-tuned-342,7849
8495,create,paib-gpu/openb-pod-1296-tuned-343,7850
8496,failed,paib-gpu/openb-pod-8085-tuned-344,7850
8497,failed,paib-gpu/openb-pod-4762-tuned-345,7850
8498,failed,paib-gpu/openb-pod-2958-tuned-346,7850
8499,failed,paib-gpu/openb-pod-2579-tuned-347,7850
8500,failed,paib-gpu/openb-pod-8044-tuned-348,7850
8501,failed,paib-gpu/openb-pod-4225-tuned-349,7850
8502,create,paib-gpu/openb-pod-4422-tuned-350,7851
8503,create,paib-gpu/openb-pod-4748-tuned-351,7852
8504,create,paib-gpu/openb-pod-2492-tuned-352,7853
8505,failed,paib-gpu/openb-pod-7573-tuned-353,7853
8506,failed,paib-gpu/openb-pod-6343-tuned-354,7853
8507,failed,paib-gpu/openb-pod-7282-tuned-355,7853
8508,failed,paib-gpu/openb-pod-7122-tuned-356,7853
8509,create,paib-gpu/openb-pod-1858-tuned-357,7854
8510,failed,paib-gpu/openb-pod-4305-tuned-358,7854
8511,failed,paib-gpu/openb-pod-1893-tuned-359,7854
8512,failed,paib-gpu/openb-pod-6660-tuned-360,7854
8513,failed,paib-gpu/openb-pod-0646-tuned-361,7854
8514,create,paib-gpu/openb-pod-0860-tuned-362,7855
8515,failed,paib-gpu/openb-pod-6890-tuned-363,7855
8516,failed,paib-gpu/openb-pod-7759-tuned-364,7855
8517,failed,paib-gpu/openb-pod-2055-tuned-365,7855
8518,failed,paib-gpu/openb-pod-8004-tuned-366,7855
8519,failed,paib-gpu/openb-pod-2969-tuned-367,7855
8520,failed,paib-gpu/openb-pod-5159-tuned-368,7855
8521,failed,paib-gpu/openb-pod-7458-tuned-369,7855
8522,create,paib-gpu/openb-pod-2761-tuned-370,7856
8523,failed,paib-gpu/openb-pod-1040-tuned-371,7856
8524,create,paib-gpu/openb-pod-6259-tuned-372,7857
8525,failed,paib-gpu/openb-pod-1666-tuned-373,7857
8526,failed,paib-gpu/openb-pod-4231-tuned-374,7857
8527,failed,paib-gpu/openb-pod-3076-tuned-375,7857
8528,create,paib-gpu/openb-pod-1992-tuned-376,7858
8529,failed,paib-gpu/openb-pod-2505-tuned-377,7858
8530,failed,paib-gpu/openb-pod-1135-tuned-378,7858
8531,create,paib-gpu/openb-pod-1763-tuned-379,7859
8532,failed,paib-gpu/openb-pod-7468-tuned-380,7859
8533,failed,paib-gpu/openb-pod-1172-tuned-381,7859
8534,failed,paib-gpu/openb-pod-6196-tuned-382,7859
8535,failed,paib-gpu/openb-pod-5201-tuned-383,7859
8536,failed,paib-gpu/openb-pod-7475-tuned-384,7859
8537,failed,paib-gpu/openb-pod-0700-tuned-385,7859
8538,failed,paib-gpu/openb-pod-5848-tuned-386,7859
8539,failed,paib-gpu/openb-pod-3580-tuned-387,7859
8540,create,paib-gpu/openb-pod-3242-tuned-388,7860
8541,create,paib-gpu/openb-pod-0060-tuned-389,7861
8542,failed,paib-gpu/openb-pod-4104-tuned-390,7861
8543,failed,paib-gpu/openb-pod-2918-tuned-391,7861
8544,failed,paib-gpu/openb-pod-4728-tuned-392,7861
8545,failed,paib-gpu/openb-pod-3795-tuned-393,7861
8546,failed,paib-gpu/openb-pod-5497-tuned-394,7861
8547,failed,paib-gpu/openb-pod-2010-tuned-395,7861
8548,failed,paib-gpu/openb-pod-4115-tuned-396,7861
8549,failed,paib-gpu/openb-pod-5926-tuned-397,7861
8550,failed,paib-gpu/openb-pod-0487-tuned-398,7861
8551,failed,paib-gpu/openb-pod-4054-tuned-399,7861
8552,failed,paib-gpu/openb-pod-6664-tuned-400,7861
8553,failed,paib-gpu/openb-pod-0699-tuned-401,7861
8554,failed,paib-gpu/openb-pod-7653-tuned-402,7861
8555,failed,paib-gpu/openb-pod-5095-tuned-403,7861
8556,failed,paib-gpu/openb-pod-8120-tuned-404,7861
8557,failed,paib-gpu/openb-pod-4666-tuned-405,7861
8558,failed,paib-gpu/openb-pod-0896-tuned-406,7861
8559,failed,paib-gpu/openb-pod-7899-tuned-407,7861
8560,create,paib-gpu/openb-pod-3516-tuned-408,7862
8561,failed,paib-gpu/openb-pod-5284-tuned-409,7862
8562,create,paib-gpu/openb-pod-5377-tuned-410,7863
8563,failed,paib-gpu/openb-pod-3917-tuned-411,7863
8564,failed,paib-gpu/openb-pod-6484-tuned-412,7863
8565,failed,paib-gpu/openb-pod-0961-tuned-413,7863
8566,failed,paib-gpu/openb-pod-3022-tuned-414,7863
8567,failed,paib-gpu/openb-pod-7232-tuned-415,7863
8568,failed,paib-gpu/openb-pod-3853-tuned-416,7863
8569,failed,paib-gpu/openb-pod-0869-tuned-417,7863
8570,failed,paib-gpu/openb-pod-3945-tuned-418,7863
8571,failed,paib-gpu/openb-pod-8138-tuned-419,7863
8572,failed,paib-gpu/openb-pod-5049-tuned-420,7863
8573,failed,paib-gpu/openb-pod-6807-tuned-421,7863
8574,create,paib-gpu/openb-pod-5357-tuned-422,7864
8575,failed,paib-gpu/openb-pod-8006-tuned-423,7864
8576,failed,paib-gpu/openb-pod-1705-tuned-424,7864
8577,failed,paib-gpu/openb-pod-1334-tuned-425,7864
8578,failed,paib-gpu/openb-pod-2335-tuned-426,7864
8579,failed,paib-gpu/openb-pod-4969-tuned-427,7864
8580,failed,paib-gpu/openb-pod-6122-tuned-428,7864
8581,failed,paib-gpu/openb-pod-0008-tuned-429,7864
8582,failed,paib-gpu/openb-pod-2902-tuned-430,7864
8583,failed,paib-gpu/openb-pod-1173-tuned-431,7864
8584,failed,paib-gpu/openb-pod-7383-tuned-432,7864
8585,failed,paib-gpu/openb-pod-7785-tuned-433,7864
8586,failed,paib-gpu/openb-pod-3912-tuned-434,7864
8587,failed,paib-gpu/openb-pod-7406-tuned-435,7864
8588,failed,paib-gpu/openb-pod-3258-tuned-436,7864
8589,create,paib-gpu/openb-pod-4998-tuned-437,7865
8590,failed,paib-gpu/openb-pod-5710-tuned-438,7865
8591,failed,paib-gpu/openb-pod-4639-tuned-439,7865
8592,failed,paib-gpu/openb-pod-7424-tuned-440,7865
8593,failed,paib-gpu/openb-pod-7107-tuned-441,7865
8594,create,paib-gpu/openb-pod-3341-tuned-442,7866
8595,failed,paib-gpu/openb-pod-3988-tuned-443,7866
8596,failed,paib-gpu/openb-pod-2600-tuned-444,7866
8597,failed,paib-gpu/openb-pod-3434-tuned-445,7866
8598,create,paib-gpu/openb-pod-1030-tuned-446,7867
8599,failed,paib-gpu/openb-pod-7728-tuned-447,7867
8600,failed,paib-gpu/openb-pod-2185-tuned-448,7867
8601,failed,paib-gpu/openb-pod-6237-tuned-449,7867
8602,failed,paib-gpu/openb-pod-5665-tuned-450,7867
8603,failed,paib-gpu/openb-pod-5137-tuned-451,7867
8604,failed,paib-gpu/openb-pod-2364-tuned-452,7867
8605,failed,paib-gpu/openb-pod-0080-tuned-453,7867
8606,failed,paib-gpu/openb-pod-6696-tuned-454,7867
8607,create,paib-gpu/openb-pod-0829-tuned-455,7868
8608,failed,paib-gpu/openb-pod-2133-tuned-456,7868
8609,failed,paib-gpu/openb-pod-7546-tuned-457,7868
8610,failed,paib-gpu/openb-pod-0337-tuned-458,7868
8611,failed,paib-gpu/openb-pod-3105-tuned-459,7868
8612,failed,paib-gpu/openb-pod-5475-tuned-460,7868
8613,failed,paib-gpu/openb-pod-6610-tuned-461,7868
8614,failed,paib-gpu/openb-pod-2796-tuned-462,7868
8615,failed,paib-gpu/openb-pod-1674-tuned-463,7868
8616,failed,paib-gpu/openb-pod-5848-tuned-464,7868
8617,failed,paib-gpu/openb-pod-2496-tuned-465,7868
8618,failed,paib-gpu/openb-pod-2304-tuned-466,7868
8619,failed,paib-gpu/openb-pod-5022-tuned-467,7868
8620,create,paib-gpu/openb-pod-5800-tuned-468,7869
8621,failed,paib-gpu/openb-pod-0693-tuned-469,7869
8622,failed,paib-gpu/openb-pod-7437-tuned-470,7869
8623,failed,paib-gpu/openb-pod-5155-tuned-471,7869
8624,failed,paib-gpu/openb-pod-5531-tuned-472,7869
8625,failed,paib-gpu/openb-pod-0740-tuned-473,7869
8626,failed,paib-gpu/openb-pod-1619-tuned-474,7869
8627,failed,paib-gpu/openb-pod-6206-tuned-475,7869
8628,failed,paib-gpu/openb-pod-0618-tuned-476,7869
8629,failed,paib-gpu/openb-pod-2173-tuned-477,7869
8630,failed,paib-gpu/openb-pod-1718-tuned-478,7869
8631,failed,paib-gpu/openb-pod-5750-tuned-479,7869
8632,failed,paib-gpu/openb-pod-4774-tuned-480,7869
8633,create,paib-gpu/openb-pod-0281-tuned-481,7870
8634,failed,paib-gpu/openb-pod-3383-tuned-482,7870
8635,failed,paib-gpu/openb-pod-1033-tuned-483,7870
8636,failed,paib-gpu/openb-pod-3483-tuned-484,7870
8637,failed,paib-gpu/openb-pod-8037-tuned-485,7870
8638,failed,paib-gpu/openb-pod-4669-tuned-486,7870
8639,failed,paib-gpu/openb-pod-6404-tuned-487,7870
8640,failed,paib-gpu/openb-pod-2273-tuned-488,7870
8641,failed,paib-gpu/openb-pod-0343-tuned-489,7870
8642,create,paib-gpu/openb-pod-6886-tuned-490,7871
8643,failed,paib-gpu/openb-pod-2888-tuned-491,7871
8644,failed,paib-gpu/openb-pod-2731-tuned-492,7871
8645,failed,paib-gpu/openb-pod-2803-tuned-493,7871
8646,failed,paib-gpu/openb-pod-6308-tuned-494,7871
8647,failed,paib-gpu/openb-pod-4094-tuned-495,7871
8648,failed,paib-gpu/openb-pod-1435-tuned-496,7871
8649,create,paib-gpu/openb-pod-3014-tuned-497,7872
8650,create,paib-gpu/openb-pod-2138-tuned-498,7873
8651,failed,paib-gpu/openb-pod-3102-tuned-499,7873
8652,failed,paib-gpu/openb-pod-1038-tuned-500,7873
8653,failed,paib-gpu/openb-pod-7049-tuned-501,7873
8654,create,paib-gpu/openb-pod-4392-tuned-502,7874
8655,failed,paib-gpu/openb-pod-5365-tuned-503,7874
8656,failed,paib-gpu/openb-pod-0921-tuned-504,7874
8657,failed,paib-gpu/openb-pod-4350-tuned-505,7874
8658,failed,paib-gpu/openb-pod-7964-tuned-506,7874
8659,failed,paib-gpu/openb-pod-0639-tuned-507,7874
8660,failed,paib-gpu/openb-pod-5551-tuned-508,7874
8661,failed,paib-gpu/openb-pod-4098-tuned-509,7874
8662,failed,paib-gpu/openb-pod-2984-tuned-510,7874
8663,failed,paib-gpu/openb-pod-7265-tuned-511,7874
8664,create,paib-gpu/openb-pod-2408-tuned-512,7875
8665,create,paib-gpu/openb-pod-6423-tuned-513,7876
8666,failed,paib-gpu/openb-pod-7882-tuned-514,7876
8667,failed,paib-gpu/openb-pod-7124-tuned-515,7876
8668,failed,paib-gpu/openb-pod-7856-tuned-516,7876
8669,create,paib-gpu/openb-pod-3636-tuned-517,7877
8670,failed,paib-gpu/openb-pod-0673-tuned-518,7877
8671,create,paib-gpu/openb-pod-0650-tuned-519,7878
8672,create,paib-gpu/openb-pod-2235-tuned-520,7879
8673,failed,paib-gpu/openb-pod-0301-tuned-521,7879
8674,failed,paib-gpu/openb-pod-3040-tuned-522,7879
8675,failed,paib-gpu/openb-pod-1790-tuned-523,7879
8676,failed,paib-gpu/openb-pod-5940-tuned-524,7879
8677,failed,paib-gpu/openb-pod-0274-tuned-525,7879
8678,failed,paib-gpu/openb-pod-5247-tuned-526,7879
8679,failed,paib-gpu/openb-pod-7960-tuned-527,7879
8680,create,paib-gpu/openb-pod-6464-tuned-528,7880
8681,failed,paib-gpu/openb-pod-2468-tuned-529,7880
8682,failed,paib-gpu/openb-pod-0565-tuned-530,7880
8683,failed,paib-gpu/openb-pod-2573-tuned-531,7880
8684,failed,paib-gpu/openb-pod-5534-tuned-532,7880
8685,failed,paib-gpu/openb-pod-4663-tuned-533,7880
8686,failed,paib-gpu/openb-pod-2453-tuned-534,7880
8687,failed,paib-gpu/openb-pod-4917-tuned-535,7880
8688,failed,paib-gpu/openb-pod-7559-tuned-536,7880
8689,failed,paib-gpu/openb-pod-8004-tuned-537,7880
8690,failed,paib-gpu/openb-pod-3224-tuned-538,7880
8691,failed,paib-gpu/openb-pod-3178-tuned-539,7880
8692,failed,paib-gpu/openb-pod-2034-tuned-540,7880
8693,failed,paib-gpu/openb-pod-3829-tuned-541,7880
8694,failed,paib-gpu/openb-pod-0531-tuned-542,7880
8695,failed,paib-gpu/openb-pod-7603-tuned-543,7880
8696,create,paib-gpu/openb-pod-5587-tuned-544,7881
8697,failed,paib-gpu/openb-pod-6936-tuned-545,7881
8698,failed,paib-gpu/openb-pod-4701-tuned-546,7881
8699,failed,paib-gpu/openb-pod-1364-tuned-547,7881
8700,failed,paib-gpu/openb-pod-3727-tuned-548,7881
8701,failed,paib-gpu/openb-pod-3380-tuned-549,7881
8702,failed,paib-gpu/openb-pod-0677-tuned-550,7881
8703,failed,paib-gpu/openb-pod-5302-tuned-551,7881
8704,failed,paib-gpu/openb-pod-1996-tuned-552,7881
8705,failed,paib-gpu/openb-pod-0814-tuned-553,7881
8706,failed,paib-gpu/openb-pod-1753-tuned-554,7881
8707,failed,paib-gpu/openb-pod-1120-tuned-555,7881
8708,failed,paib-gpu/openb-pod-5849-tuned-556,7881
8709,failed,paib-gpu/openb-pod-1889-tuned-557,7881
8710,failed,paib-gpu/openb-pod-1044-tuned-558,7881
8711,failed,paib-gpu/openb-pod-7318-tuned-559,7881
8712,create,paib-gpu/openb-pod-3869-tuned-560,7882
8713,create,paib-gpu/openb-pod-2401-tuned-561,7883
8714,failed,paib-gpu/openb-pod-5171-tuned-562,7883
8715,failed,paib-gpu/openb-pod-4961-tuned-563,7883
8716,failed,paib-gpu/openb-pod-6986-tuned-564,7883
8717,failed,paib-gpu/openb-pod-2029-tuned-565,7883
8718,failed,paib-gpu/openb-pod-5224-tuned-566,7883
8719,failed,paib-gpu/openb-pod-6581-tuned-567,7883
8720,create,paib-gpu/openb-pod-7133-tuned-568,7884
8721,failed,paib-gpu/openb-pod-0205-tuned-569,7884
8722,failed,paib-gpu/openb-pod-5370-tuned-570,7884
8723,failed,paib-gpu/openb-pod-1521-tuned-571,7884
8724,failed,paib-gpu/openb-pod-4113-tuned-572,7884
8725,failed,paib-gpu/openb-pod-1126-tuned-573,7884
8726,failed,paib-gpu/openb-pod-1161-tuned-574,7884
8727,failed,paib-gpu/openb-pod-1156-tuned-575,7884
8728,failed,paib-gpu/openb-pod-1789-tuned-576,7884
8729,failed,paib-gpu/openb-pod-6202-tuned-577,7884
8730,failed,paib-gpu/openb-pod-4839-tuned-578,7884
8731,failed,paib-gpu/openb-pod-4435-tuned-579,7884
8732,failed,paib-gpu/openb-pod-3294-tuned-580,7884
8733,failed,paib-gpu/openb-pod-1202-tuned-581,7884
8734,failed,paib-gpu/openb-pod-7550-tuned-582,7884
8735,failed,paib-gpu/openb-pod-6097-tuned-583,7884
8736,failed,paib-gpu/openb-pod-7114-tuned-584,7884
8737,failed,paib-gpu/openb-pod-6002-tuned-585,7884
8738,failed,paib-gpu/openb-pod-6675-tuned-586,7884
8739,failed,paib-gpu/openb-pod-3211-tuned-587,7884
8740,failed,paib-gpu/openb-pod-4600-tuned-588,7884
8741,create,paib-gpu/openb-pod-4986-tuned-589,7885
8742,failed,paib-gpu/openb-pod-2119-tuned-590,7885
8743,failed,paib-gpu/openb-pod-2687-tuned-591,7885
8744,failed,paib-gpu/openb-pod-4234-tuned-592,7885
8745,failed,paib-gpu/openb-pod-6248-tuned-593,7885
8746,failed,paib-gpu/openb-pod-8002-tuned-594,7885
8747,failed,paib-gpu/openb-pod-7905-tuned-595,7885
8748,failed,paib-gpu/openb-pod-3230-tuned-596,7885
8749,failed,paib-gpu/openb-pod-3401-tuned-597,7885
8750,failed,paib-gpu/openb-pod-2409-tuned-598,7885
8751,failed,paib-gpu/openb-pod-4378-tuned-599,7885
8752,create,paib-gpu/openb-pod-1316-tuned-600,7886
8753,failed,paib-gpu/openb-pod-5821-tuned-601,7886
8754,failed,paib-gpu/openb-pod-2811-tuned-602,7886
8755,failed,paib-gpu/openb-pod-6551-tuned-603,7886
8756,failed,paib-gpu/openb-pod-0557-tuned-604,7886
8757,failed,paib-gpu/openb-pod-7707-tuned-605,7886
8758,failed,paib-gpu/openb-pod-8038-tuned-606,7886
8759,failed,paib-gpu/openb-pod-0655-tuned-607,7886
8760,create,paib-gpu/openb-pod-3280-tuned-608,7887
8761,failed,paib-gpu/openb-pod-1457-tuned-609,7887
8762,failed,paib-gpu/openb-pod-0228-tuned-610,7887
8763,failed,paib-gpu/openb-pod-2059-tuned-611,7887
8764,failed,paib-gpu/openb-pod-7007-tuned-612,7887
8765,failed,paib-gpu/openb-pod-7946-tuned-613,7887
8766,failed,paib-gpu/openb-pod-6434-tuned-614,7887
8767,failed,paib-gpu/openb-pod-4121-tuned-615,7887
8768,failed,paib-gpu/openb-pod-7240-tuned-616,7887
8769,failed,paib-gpu/openb-pod-7157-tuned-617,7887
8770,failed,paib-gpu/openb-pod-2427-tuned-618,7887
8771,failed,paib-gpu/openb-pod-7240-tuned-619,7887
8772,failed,paib-gpu/openb-pod-6654-tuned-620,7887
8773,failed,paib-gpu/openb-pod-8066-tuned-621,7887
8774,failed,paib-gpu/openb-pod-5572-tuned-622,7887
8775,failed,paib-gpu/openb-pod-0466-tuned-623,7887
8776,failed,paib-gpu/openb-pod-2877-tuned-624,7887
8777,failed,paib-gpu/openb-pod-1978-tuned-625,7887
8778,failed,paib-gpu/openb-pod-6837-tuned-626,7887
8779,failed,paib-gpu/openb-pod-7037-tuned-627,7887
8780,failed,paib-gpu/openb-pod-5029-tuned-628,7887
8781,create,paib-gpu/openb-pod-1869-tuned-629,7888
8782,failed,paib-gpu/openb-pod-6272-tuned-630,7888
8783,failed,paib-gpu/openb-pod-7844-tuned-631,7888
8784,failed,paib-gpu/openb-pod-0345-tuned-632,7888
8785,create,paib-gpu/openb-pod-6865-tuned-633,7889
8786,create,paib-gpu/openb-pod-6521-tuned-634,7890
8787,failed,paib-gpu/openb-pod-2340-tuned-635,7890
8788,failed,paib-gpu/openb-pod-6954-tuned-636,7890
8789,failed,paib-gpu/openb-pod-4430-tuned-637,7890
8790,create,paib-gpu/openb-pod-2652-tuned-638,7891
8791,failed,paib-gpu/openb-pod-1764-tuned-639,7891
8792,failed,paib-gpu/openb-pod-4314-tuned-640,7891
8793,failed,paib-gpu/openb-pod-2747-tuned-641,7891
8794,failed,paib-gpu/openb-pod-0809-tuned-642,7891
8795,failed,paib-gpu/openb-pod-2570-tuned-643,7891
8796,failed,paib-gpu/openb-pod-4100-tuned-644,7891
8797,failed,paib-gpu/openb-pod-0817-tuned-645,7891
8798,failed,paib-gpu/openb-pod-2886-tuned-646,7891
8799,failed,paib-gpu/openb-pod-2100-tuned-647,7891
8800,failed,paib-gpu/openb-pod-4278-tuned-648,7891
8801,failed,paib-gpu/openb-pod-0140-tuned-649,7891
8802,failed,paib-gpu/openb-pod-3456-tuned-650,7891
8803,failed,paib-gpu/openb-pod-2149-tuned-651,7891
8804,failed,paib-gpu/openb-pod-2666-tuned-652,7891
8805,failed,paib-gpu/openb-pod-3627-tuned-653,7891
8806,create,paib-gpu/openb-pod-0453-tuned-654,7892
8807,create,paib-gpu/openb-pod-4511-tuned-655,7893
8808,failed,paib-gpu/openb-pod-6481-tuned-656,7893
8809,create,paib-gpu/openb-pod-6624-tuned-657,7894
8810,create,paib-gpu/openb-pod-5402-tuned-658,7895
8811,failed,paib-gpu/openb-pod-7340-tuned-659,7895
8812,failed,paib-gpu/openb-pod-2299-tuned-660,7895
8813,failed,paib-gpu/openb-pod-0769-tuned-661,7895
8814,failed,paib-gpu/openb-pod-0646-tuned-662,7895
8815,create,paib-gpu/openb-pod-4475-tuned-663,7896
8816,failed,paib-gpu/openb-pod-5606-tuned-664,7896
8817,failed,paib-gpu/openb-pod-5625-tuned-665,7896
8818,failed,paib-gpu/openb-pod-0246-tuned-666,7896
8819,failed,paib-gpu/openb-pod-4489-tuned-667,7896
8820,failed,paib-gpu/openb-pod-0068-tuned-668,7896
8821,failed,paib-gpu/openb-pod-2100-tuned-669,7896
8822,create,paib-gpu/openb-pod-2492-tuned-670,7897
8823,failed,paib-gpu/openb-pod-7770-tuned-671,7897
8824,create,paib-gpu/openb-pod-2195-tuned-672,7898
8825,failed,paib-gpu/openb-pod-3213-tuned-673,7898
8826,failed,paib-gpu/openb-pod-4531-tuned-674,7898
8827,create,paib-gpu/openb-pod-1559-tuned-675,7899
8828,create,paib-gpu/openb-pod-4290-tuned-676,7900
8829,failed,paib-gpu/openb-pod-6854-tuned-677,7900
8830,failed,paib-gpu/openb-pod-3776-tuned-678,7900
8831,failed,paib-gpu/openb-pod-1754-tuned-679,7900
8832,create,paib-gpu/openb-pod-4424-tuned-680,7901
8833,failed,paib-gpu/openb-pod-2093-tuned-681,7901
8834,create,paib-gpu/openb-pod-4560-tuned-682,7902
8835,failed,paib-gpu/openb-pod-5601-tuned-683,7902
8836,failed,paib-gpu/openb-pod-0262-tuned-684,7902
8837,failed,paib-gpu/openb-pod-3933-tuned-685,7902
8838,failed,paib-gpu/openb-pod-3650-tuned-686,7902
8839,failed,paib-gpu/openb-pod-1561-tuned-687,7902
8840,failed,paib-gpu/openb-pod-7156-tuned-688,7902
8841,create,paib-gpu/openb-pod-6509-tuned-689,7903
8842,failed,paib-gpu/openb-pod-3421-tuned-690,7903
8843,failed,paib-gpu/openb-pod-1830-tuned-691,7903
8844,create,paib-gpu/openb-pod-2711-tuned-692,7904
8845,create,paib-gpu/openb-pod-6999-tuned-693,7905
8846,create,paib-gpu/openb-pod-4414-tuned-694,7906
8847,failed,paib-gpu/openb-pod-0197-tuned-695,7906
8848,failed,paib-gpu/openb-pod-7244-tuned-696,7906
8849,failed,paib-gpu/openb-pod-1027-tuned-697,7906
8850,failed,paib-gpu/openb-pod-7065-tuned-698,7906
8851,failed,paib-gpu/openb-pod-2283-tuned-699,7906
8852,failed,paib-gpu/openb-pod-2348-tuned-700,7906
8853,failed,paib-gpu/openb-pod-7459-tuned-701,7906
8854,failed,paib-gpu/openb-pod-6615-tuned-702,7906
8855,failed,paib-gpu/openb-pod-0330-tuned-703,7906
8856,failed,paib-gpu/openb-pod-7552-tuned-704,7906
8857,failed,paib-gpu/openb-pod-6034-tuned-705,7906
8858,create,paib-gpu/openb-pod-2113-tuned-706,7907
8859,failed,paib-gpu/openb-pod-7997-tuned-707,7907
8860,failed,paib-gpu/openb-pod-3156-tuned-708,7907
8861,failed,paib-gpu/openb-pod-5973-tuned-709,7907
8862,failed,paib-gpu/openb-pod-1953-tuned-710,7907
8863,create,paib-gpu/openb-pod-2168-tuned-711,7908
8864,failed,paib-gpu/openb-pod-7420-tuned-712,7908
8865,failed,paib-gpu/openb-pod-4827-tuned-713,7908
8866,failed,paib-gpu/openb-pod-4322-tuned-714,7908
8867,create,paib-gpu/openb-pod-5702-tuned-715,7909
8868,failed,paib-gpu/openb-pod-3507-tuned-716,7909
8869,failed,paib-gpu/openb-pod-0897-tuned-717,7909
8870,failed,paib-gpu/openb-pod-7073-tuned-718,7909
8871,failed,paib-gpu/openb-pod-2115-tuned-719,7909
8872,failed,paib-gpu/openb-pod-1292-tuned-720,7909
8873,create,paib-gpu/openb-pod-2176-tuned-721,7910
8874,failed,paib-gpu/openb-pod-7209-tuned-722,7910
8875,failed,paib-gpu/openb-pod-7346-tuned-723,7910
8876,failed,paib-gpu/openb-pod-5509-tuned-724,7910
8877,failed,paib-gpu/openb-pod-5108-tuned-725,7910
8878,failed,paib-gpu/openb-pod-3083-tuned-726,7910
8879,failed,paib-gpu/openb-pod-1179-tuned-727,7910
8880,failed,paib-gpu/openb-pod-6434-tuned-728,7910
8881,failed,paib-gpu/openb-pod-4265-tuned-729,7910
8882,failed,paib-gpu/openb-pod-7431-tuned-730,7910
8883,failed,paib-gpu/openb-pod-2416-tuned-731,7910
8884,failed,paib-gpu/openb-pod-2688-tuned-732,7910
8885,failed,paib-gpu/openb-pod-4798-tuned-733,7910
8886,failed,paib-gpu/openb-pod-3895-tuned-734,7910
8887,failed,paib-gpu/openb-pod-2842-tuned-735,7910
8888,failed,paib-gpu/openb-pod-5854-tuned-736,7910
8889,failed,paib-gpu/openb-pod-4373-tuned-737,7910
8890,failed,paib-gpu/openb-pod-2677-tuned-738,7910
8891,failed,paib-gpu/openb-pod-4847-tuned-739,7910
8892,create,paib-gpu/openb-pod-4290-tuned-740,7911
8893,failed,paib-gpu/openb-pod-5268-tuned-741,7911
8894,failed,paib-gpu/openb-pod-1060-tuned-742,7911
8895,failed,paib-gpu/openb-pod-5099-tuned-743,7911
8896,failed,paib-gpu/openb-pod-0818-tuned-744,7911
8897,failed,paib-gpu/openb-pod-6592-tuned-745,7911
8898,failed,paib-gpu/openb-pod-7732-tuned-746,7911
8899,failed,paib-gpu/openb-pod-5104-tuned-747,7911
8900,failed,paib-gpu/openb-pod-1381-tuned-748,7911
8901,failed,paib-gpu/openb-pod-2600-tuned-749,7911
8902,failed,paib-gpu/openb-pod-0992-tuned-750,7911
8903,failed,paib-gpu/openb-pod-0384-tuned-751,7911
8904,failed,paib-gpu/openb-pod-6237-tuned-752,7911
8905,failed,paib-gpu/openb-pod-1716-tuned-753,7911
8906,failed,paib-gpu/openb-pod-3091-tuned-754,7911
8907,failed,paib-gpu/openb-pod-6907-tuned-755,7911
8908,failed,paib-gpu/openb-pod-4189-tuned-756,7911
8909,failed,paib-gpu/openb-pod-0432-tuned-757,7911
8910,create,paib-gpu/openb-pod-2584-tuned-758,7912
8911,failed,paib-gpu/openb-pod-8039-tuned-759,7912
8912,failed,paib-gpu/openb-pod-1305-tuned-760,7912
8913,failed,paib-gpu/openb-pod-3589-tuned-761,7912
8914,failed,paib-gpu/openb-pod-2657-tuned-762,7912
8915,failed,paib-gpu/openb-pod-7983-tuned-763,7912
8916,failed,paib-gpu/openb-pod-1142-tuned-764,7912
8917,failed,paib-gpu/openb-pod-5277-tuned-765,7912
8918,failed,paib-gpu/openb-pod-3099-tuned-766,7912
8919,failed,paib-gpu/openb-pod-3998-tuned-767,7912
8920,failed,paib-gpu/openb-pod-6632-tuned-768,7912
8921,create,paib-gpu/openb-pod-2711-tuned-769,7913
8922,failed,paib-gpu/openb-pod-1925-tuned-770,7913
8923,create,paib-gpu/openb-pod-6992-tuned-771,7914
8924,failed,paib-gpu/openb-pod-4774-tuned-772,7914
8925,create,paib-gpu/openb-pod-3280-tuned-773,7915
8926,failed,paib-gpu/openb-pod-2985-tuned-774,7915
8927,failed,paib-gpu/openb-pod-7152-tuned-775,7915
8928,failed,paib-gpu/openb-pod-3415-tuned-776,7915
8929,create,paib-gpu/openb-pod-2235-tuned-777,7916
8930,create,paib-gpu/openb-pod-2586-tuned-778,7917
8931,failed,paib-gpu/openb-pod-8049-tuned-779,7917
8932,failed,paib-gpu/openb-pod-2028-tuned-780,7917
8933,failed,paib-gpu/openb-pod-5045-tuned-781,7917
8934,failed,paib-gpu/openb-pod-1089-tuned-782,7917
8935,failed,paib-gpu/openb-pod-0354-tuned-783,7917
8936,failed,paib-gpu/openb-pod-4964-tuned-784,7917
8937,failed,paib-gpu/openb-pod-5647-tuned-785,7917
8938,failed,paib-gpu/openb-pod-3122-tuned-786,7917
8939,failed,paib-gpu/openb-pod-3571-tuned-787,7917
8940,create,paib-gpu/openb-pod-1321-tuned-788,7918
8941,failed,paib-gpu/openb-pod-5041-tuned-789,7918
8942,create,paib-gpu/openb-pod-3442-tuned-790,7919
8943,failed,paib-gpu/openb-pod-5322-tuned-791,7919
8944,failed,paib-gpu/openb-pod-5502-tuned-792,7919
8945,failed,paib-gpu/openb-pod-7274-tuned-793,7919
8946,failed,paib-gpu/openb-pod-1674-tuned-794,7919
8947,failed,paib-gpu/openb-pod-0321-tuned-795,7919
8948,failed,paib-gpu/openb-pod-4569-tuned-796,7919
8949,failed,paib-gpu/openb-pod-6353-tuned-797,7919
8950,failed,paib-gpu/openb-pod-0312-tuned-798,7919
8951,failed,paib-gpu/openb-pod-3999-tuned-799,7919
8952,failed,paib-gpu/openb-pod-0342-tuned-800,7919
8953,failed,paib-gpu/openb-pod-3393-tuned-801,7919
8954,failed,paib-gpu/openb-pod-3132-tuned-802,7919
8955,failed,paib-gpu/openb-pod-3400-tuned-803,7919
8956,failed,paib-gpu/openb-pod-7687-tuned-804,7919
8957,failed,paib-gpu/openb-pod-7715-tuned-805,7919
8958,failed,paib-gpu/openb-pod-0946-tuned-806,7919
8959,failed,paib-gpu/openb-pod-5424-tuned-807,7919
8960,failed,paib-gpu/openb-pod-0236-tuned-808,7919
8961,failed,paib-gpu/openb-pod-2184-tuned-809,7919
8962,create,paib-gpu/openb-pod-6817-tuned-810,7920
8963,create,paib-gpu/openb-pod-6490-tuned-811,7921
8964,failed,paib-gpu/openb-pod-5570-tuned-812,7921
8965,failed,paib-gpu/openb-pod-0524-tuned-813,7921
8966,create,paib-gpu/openb-pod-7471-tuned-814,7922
8967,failed,paib-gpu/openb-pod-1223-tuned-815,7922
8968,create,paib-gpu/openb-pod-6558-tuned-816,7923
8969,create,paib-gpu/openb-pod-6866-tuned-817,7924
8970,failed,paib-gpu/openb-pod-6479-tuned-818,7924
8971,failed,paib-gpu/openb-pod-3248-tuned-819,7924
8972,failed,paib-gpu/openb-pod-4587-tuned-820,7924
8973,failed,paib-gpu/openb-pod-4384-tuned-821,7924
8974,failed,paib-gpu/openb-pod-2540-tuned-822,7924
8975,failed,paib-gpu/openb-pod-7811-tuned-823,7924
8976,failed,paib-gpu/openb-pod-4831-tuned-824,7924
8977,failed,paib-gpu/openb-pod-0444-tuned-825,7924
8978,failed,paib-gpu/openb-pod-7988-tuned-826,7924
8979,failed,paib-gpu/openb-pod-4255-tuned-827,7924
8980,failed,paib-gpu/openb-pod-0361-tuned-828,7924
8981,failed,paib-gpu/openb-pod-3624-tuned-829,7924
8982,failed,paib-gpu/openb-pod-0845-tuned-830,7924
8983,failed,paib-gpu/openb-pod-6078-tuned-831,7924
8984,failed,paib-gpu/openb-pod-7773-tuned-832,7924
8985,failed,paib-gpu/openb-pod-4408-tuned-833,7924
8986,failed,paib-gpu/openb-pod-1074-tuned-834,7924
8987,failed,paib-gpu/openb-pod-7621-tuned-835,7924
8988,failed,paib-gpu/openb-pod-4383-tuned-836,7924
8989,failed,paib-gpu/openb-pod-5446-tuned-837,7924
8990,failed,paib-gpu/openb-pod-2495-tuned-838,7924
8991,failed,paib-gpu/openb-pod-6328-tuned-839,7924
8992,create,paib-gpu/openb-pod-2702-tuned-840,7925
8993,failed,paib-gpu/openb-pod-0116-tuned-841,7925
8994,failed,paib-gpu/openb-pod-2630-tuned-842,7925
8995,failed,paib-gpu/openb-pod-5617-tuned-843,7925
8996,failed,paib-gpu/openb-pod-4755-tuned-844,7925
8997,create,paib-gpu/openb-pod-6888-tuned-845,7926
8998,failed,paib-gpu/openb-pod-6868-tuned-846,7926
8999,failed,paib-gpu/openb-pod-5846-tuned-847,7926
9000,failed,paib-gpu/openb-pod-3326-tuned-848,7926
9001,failed,paib-gpu/openb-pod-4264-tuned-849,7926
9002,failed,paib-gpu/openb-pod-3284-tuned-850,7926
9003,failed,paib-gpu/openb-pod-6060-tuned-851,7926
9004,create,paib-gpu/openb-pod-6109-tuned-852,7927
9005,failed,paib-gpu/openb-pod-6816-tuned-853,7927
9006,failed,paib-gpu/openb-pod-6475-tuned-854,7927
9007,failed,paib-gpu/openb-pod-7729-tuned-855,7927
9008,failed,paib-gpu/openb-pod-5859-tuned-856,7927
9009,failed,paib-gpu/openb-pod-7276-tuned-857,7927
9010,failed,paib-gpu/openb-pod-5251-tuned-858,7927
9011,failed,paib-gpu/openb-pod-3584-tuned-859,7927
9012,failed,paib-gpu/openb-pod-5851-tuned-860,7927
9013,create,paib-gpu/openb-pod-1030-tuned-861,7928
9014,create,paib-gpu/openb-pod-3605-tuned-862,7929
9015,failed,paib-gpu/openb-pod-6596-tuned-863,7929
9016,failed,paib-gpu/openb-pod-6997-tuned-864,7929
9017,failed,paib-gpu/openb-pod-5625-tuned-865,7929
9018,create,paib-gpu/openb-pod-7004-tuned-866,7930
9019,failed,paib-gpu/openb-pod-6369-tuned-867,7930
9020,failed,paib-gpu/openb-pod-1694-tuned-868,7930
9021,failed,paib-gpu/openb-pod-6000-tuned-869,7930
9022,failed,paib-gpu/openb-pod-3361-tuned-870,7930
9023,failed,paib-gpu/openb-pod-6671-tuned-871,7930
9024,failed,paib-gpu/openb-pod-0105-tuned-872,7930
9025,failed,paib-gpu/openb-pod-7690-tuned-873,7930
9026,failed,paib-gpu/openb-pod-3326-tuned-874,7930
9027,create,paib-gpu/openb-pod-5402-tuned-875,7931
9028,failed,paib-gpu/openb-pod-4497-tuned-876,7931
9029,failed,paib-gpu/openb-pod-0348-tuned-877,7931
9030,failed,paib-gpu/openb-pod-6750-tuned-878,7931
9031,failed,paib-gpu/openb-pod-2601-tuned-879,7931
9032,create,paib-gpu/openb-pod-3402-tuned-880,7932
9033,failed,paib-gpu/openb-pod-0280-tuned-881,7932
9034,failed,paib-gpu/openb-pod-0716-tuned-882,7932
9035,failed,paib-gpu/openb-pod-3955-tuned-883,7932
9036,failed,paib-gpu/openb-pod-4695-tuned-884,7932
9037,failed,paib-gpu/openb-pod-0444-tuned-885,7932
9038,create,paib-gpu/openb-pod-0795-tuned-886,7933
9039,failed,paib-gpu/openb-pod-4086-tuned-887,7933
9040,create,paib-gpu/openb-pod-4046-tuned-888,7934
9041,create,paib-gpu/openb-pod-4422-tuned-889,7935
9042,failed,paib-gpu/openb-pod-3118-tuned-890,7935
9043,failed,paib-gpu/openb-pod-5252-tuned-891,7935
9044,failed,paib-gpu/openb-pod-5867-tuned-892,7935
9045,failed,paib-gpu/openb-pod-1077-tuned-893,7935
9046,failed,paib-gpu/openb-pod-5496-tuned-894,7935
9047,failed,paib-gpu/openb-pod-8028-tuned-895,7935
9048,failed,paib-gpu/openb-pod-5762-tuned-896,7935
9049,failed,paib-gpu/openb-pod-4735-tuned-897,7935
9050,create,paib-gpu/openb-pod-0652-tuned-898,7936
9051,create,paib-gpu/openb-pod-3190-tuned-899,7937
9052,failed,paib-gpu/openb-pod-0613-tuned-900,7937
9053,failed,paib-gpu/openb-pod-7652-tuned-901,7937
9054,failed,paib-gpu/openb-pod-0559-tuned-902,7937
9055,failed,paib-gpu/openb-pod-6140-tuned-903,7937
9056,failed,paib-gpu/openb-pod-6818-tuned-904,7937
9057,failed,paib-gpu/openb-pod-6382-tuned-905,7937
9058,failed,paib-gpu/openb-pod-7733-tuned-906,7937
9059,failed,paib-gpu/openb-pod-2328-tuned-907,7937
9060,failed,paib-gpu/openb-pod-2831-tuned-908,7937
9061,failed,paib-gpu/openb-pod-5871-tuned-909,7937
9062,failed,paib-gpu/openb-pod-5445-tuned-910,7937
9063,failed,paib-gpu/openb-pod-3030-tuned-911,7937
9064,failed,paib-gpu/openb-pod-3448-tuned-912,7937
9065,failed,paib-gpu/openb-pod-4601-tuned-913,7937
9066,failed,paib-gpu/openb-pod-6005-tuned-914,7937
9067,failed,paib-gpu/openb-pod-3796-tuned-915,7937
9068,failed,paib-gpu/openb-pod-2997-tuned-916,7937
9069,create,paib-gpu/openb-pod-2848-tuned-917,7938
9070,create,paib-gpu/openb-pod-4538-tuned-918,7939
9071,failed,paib-gpu/openb-pod-1430-tuned-919,7939
9072,failed,paib-gpu/openb-pod-6191-tuned-920,7939
9073,failed,paib-gpu/openb-pod-0422-tuned-921,7939
9074,failed,paib-gpu/openb-pod-5221-tuned-922,7939
9075,failed,paib-gpu/openb-pod-3379-tuned-923,7939
9076,failed,paib-gpu/openb-pod-3185-tuned-924,7939
9077,failed,paib-gpu/openb-pod-8015-tuned-925,7939
9078,failed,paib-gpu/openb-pod-6496-tuned-926,7939
9079,failed,paib-gpu/openb-pod-8101-tuned-927,7939
9080,failed,paib-gpu/openb-pod-2731-tuned-928,7939
9081,failed,paib-gpu/openb-pod-7604-tuned-929,7939
9082,failed,paib-gpu/openb-pod-8131-tuned-930,7939
9083,failed,paib-gpu/openb-pod-5601-tuned-931,7939
9084,failed,paib-gpu/openb-pod-4379-tuned-932,7939
9085,failed,paib-gpu/openb-pod-0023-tuned-933,7939
9086,failed,paib-gpu/openb-pod-7041-tuned-934,7939
9087,failed,paib-gpu/openb-pod-4831-tuned-935,7939
9088,create,paib-gpu/openb-pod-6541-tuned-936,7940
9089,failed,paib-gpu/openb-pod-3900-tuned-937,7940
9090,failed,paib-gpu/openb-pod-3498-tuned-938,7940
9091,failed,paib-gpu/openb-pod-2329-tuned-939,7940
9092,failed,paib-gpu/openb-pod-3809-tuned-940,7940
9093,create,paib-gpu/openb-pod-4987-tuned-941,7941
9094,failed,paib-gpu/openb-pod-1979-tuned-942,7941
9095,failed,paib-gpu/openb-pod-1012-tuned-943,7941
9096,failed,paib-gpu/openb-pod-1346-tuned-944,7941
9097,failed,paib-gpu/openb-pod-6990-tuned-945,7941
9098,create,paib-gpu/openb-pod-4252-tuned-946,7942
9099,failed,paib-gpu/openb-pod-7020-tuned-947,7942
9100,failed,paib-gpu/openb-pod-4108-tuned-948,7942
9101,failed,paib-gpu/openb-pod-5715-tuned-949,7942
9102,failed,paib-gpu/openb-pod-8150-tuned-950,7942
9103,failed,paib-gpu/openb-pod-3710-tuned-951,7942
9104,failed,paib-gpu/openb-pod-4229-tuned-952,7942
9105,failed,paib-gpu/openb-pod-7382-tuned-953,7942
9106,failed,paib-gpu/openb-pod-2384-tuned-954,7942
9107,failed,paib-gpu/openb-pod-4453-tuned-955,7942
9108,failed,paib-gpu/openb-pod-7539-tuned-956,7942
9109,failed,paib-gpu/openb-pod-4684-tuned-957,7942
9110,failed,paib-gpu/openb-pod-0529-tuned-958,7942
9111,failed,paib-gpu/openb-pod-6142-tuned-959,7942
9112,failed,paib-gpu/openb-pod-0982-tuned-960,7942
9113,failed,paib-gpu/openb-pod-3060-tuned-961,7942
9114,failed,paib-gpu/openb-pod-5640-tuned-962,7942
9115,failed,paib-gpu/openb-pod-2391-tuned-963,7942
9116,failed,paib-gpu/openb-pod-1401-tuned-964,7942
9117,failed,paib-gpu/openb-pod-7017-tuned-965,7942
9118,failed,paib-gpu/openb-pod-6605-tuned-966,7942
9119,failed,paib-gpu/openb-pod-2923-tuned-967,7942
9120,failed,paib-gpu/openb-pod-6707-tuned-968,7942
9121,failed,paib-gpu/openb-pod-5817-tuned-969,7942
9122,create,paib-gpu/openb-pod-5629-tuned-970,7943
9123,failed,paib-gpu/openb-pod-6673-tuned-971,7943
9124,failed,paib-gpu/openb-pod-2050-tuned-972,7943
9125,failed,paib-gpu/openb-pod-2201-tuned-973,7943
9126,failed,paib-gpu/openb-pod-8140-tuned-974,7943
9127,create,paib-gpu/openb-pod-1335-tuned-975,7944
9128,failed,paib-gpu/openb-pod-5500-tuned-976,7944
9129,failed,paib-gpu/openb-pod-8025-tuned-977,7944
9130,failed,paib-gpu/openb-pod-4786-tuned-978,7944
9131,failed,paib-gpu/openb-pod-6085-tuned-979,7944
9132,failed,paib-gpu/openb-pod-7375-tuned-980,7944
9133,failed,paib-gpu/openb-pod-7387-tuned-981,7944
9134,failed,paib-gpu/openb-pod-6762-tuned-982,7944
9135,failed,paib-gpu/openb-pod-1658-tuned-983,7944
9136,failed,paib-gpu/openb-pod-4674-tuned-984,7944
9137,failed,paib-gpu/openb-pod-6268-tuned-985,7944
9138,create,paib-gpu/openb-pod-6590-tuned-986,7945
9139,failed,paib-gpu/openb-pod-3638-tuned-987,7945
9140,failed,paib-gpu/openb-pod-6874-tuned-988,7945
9141,failed,paib-gpu/openb-pod-1551-tuned-989,7945
9142,create,paib-gpu/openb-pod-6099-tuned-990,7946
9143,failed,paib-gpu/openb-pod-4109-tuned-991,7946
9144,failed,paib-gpu/openb-pod-0527-tuned-992,7946
9145,failed,paib-gpu/openb-pod-4853-tuned-993,7946
9146,create,paib-gpu/openb-pod-3469-tuned-994,7947
9147,failed,paib-gpu/openb-pod-2299-tuned-995,7947
9148,failed,paib-gpu/openb-pod-7407-tuned-996,7947
9149,failed,paib-gpu/openb-pod-1462-tuned-997,7947
9150,failed,paib-gpu/openb-pod-5738-tuned-998,7947
9151,create,paib-gpu/openb-pod-7812-tuned-999,7948
9152,failed,paib-gpu/openb-pod-4975-tuned-1000,7948
9153,failed,paib-gpu/openb-pod-3780-tuned-1001,7948
9154,failed,paib-gpu/openb-pod-6275-tuned-1002,7948
9155,failed,paib-gpu/openb-pod-3395-tuned-1003,7948
9156,failed,paib-gpu/openb-pod-0190-tuned-1004,7948
9157,failed,paib-gpu/openb-pod-3176-tuned-1005,7948
9158,failed,paib-gpu/openb-pod-0700-tuned-1006,7948
9159,create,paib-gpu/openb-pod-2407-tuned-1007,7949
9160,failed,paib-gpu/openb-pod-1253-tuned-1008,7949
9161,create,paib-gpu/openb-pod-5355-tuned-1009,7950
9162,failed,paib-gpu/openb-pod-7180-tuned-1010,7950
9163,create,paib-gpu/openb-pod-2645-tuned-1011,7951
9164,failed,paib-gpu/openb-pod-7226-tuned-1012,7951
9165,failed,paib-gpu/openb-pod-5186-tuned-1013,7951
9166,failed,paib-gpu/openb-pod-5016-tuned-1014,7951
9167,failed,paib-gpu/openb-pod-2289-tuned-1015,7951
9168,failed,paib-gpu/openb-pod-2231-tuned-1016,7951
9169,failed,paib-gpu/openb-pod-3907-tuned-1017,7951
9170,failed,paib-gpu/openb-pod-2357-tuned-1018,7951
9171,failed,paib-gpu/openb-pod-3776-tuned-1019,7951
9172,create,paib-gpu/openb-pod-6066-tuned-1020,7952
9173,failed,paib-gpu/openb-pod-4404-tuned-1021,7952
9174,failed,paib-gpu/openb-pod-1680-tuned-1022,7952
9175,create,paib-gpu/openb-pod-4845-tuned-1023,7953
9176,failed,paib-gpu/openb-pod-1254-tuned-1024,7953
9177,failed,paib-gpu/openb-pod-7895-tuned-1025,7953
9178,failed,paib-gpu/openb-pod-7567-tuned-1026,7953
9179,failed,paib-gpu/openb-pod-8141-tuned-1027,7953
9180,failed,paib-gpu/openb-pod-3275-tuned-1028,7953
9181,failed,paib-gpu/openb-pod-7258-tuned-1029,7953
9182,failed,paib-gpu/openb-pod-6150-tuned-1030,7953
9183,failed,paib-gpu/openb-pod-2002-tuned-1031,7953
9184,failed,paib-gpu/openb-pod-7086-tuned-1032,7953
9185,failed,paib-gpu/openb-pod-1352-tuned-1033,7953
9186,failed,paib-gpu/openb-pod-6271-tuned-1034,7953
9187,failed,paib-gpu/openb-pod-6492-tuned-1035,7953
9188,failed,paib-gpu/openb-pod-5703-tuned-1036,7953
9189,failed,paib-gpu/openb-pod-1757-tuned-1037,7953
9190,failed,paib-gpu/openb-pod-4163-tuned-1038,7953
9191,failed,paib-gpu/openb-pod-2330-tuned-1039,7953
9192,failed,paib-gpu/openb-pod-1344-tuned-1040,7953
9193,failed,paib-gpu/openb-pod-0104-tuned-1041,7953
9194,failed,paib-gpu/openb-pod-7829-tuned-1042,7953
9195,failed,paib-gpu/openb-pod-2896-tuned-1043,7953
9196,failed,paib-gpu/openb-pod-3839-tuned-1044,7953
9197,failed,paib-gpu/openb-pod-0044-tuned-1045,7953
9198,create,paib-gpu/openb-pod-5631-tuned-1046,7954
9199,failed,paib-gpu/openb-pod-2257-tuned-1047,7954
9200,failed,paib-gpu/openb-pod-3819-tuned-1048,7954
9201,failed,paib-gpu/openb-pod-4469-tuned-1049,7954
9202,failed,paib-gpu/openb-pod-3935-tuned-1050,7954
9203,failed,paib-gpu/openb-pod-5186-tuned-1051,7954
9204,failed,paib-gpu/openb-pod-1043-tuned-1052,7954
9205,failed,paib-gpu/openb-pod-0770-tuned-1053,7954
9206,failed,paib-gpu/openb-pod-4621-tuned-1054,7954
9207,failed,paib-gpu/openb-pod-3274-tuned-1055,7954
9208,create,paib-gpu/openb-pod-6591-tuned-1056,7955
9209,create,paib-gpu/openb-pod-2478-tuned-1057,7956
9210,failed,paib-gpu/openb-pod-2632-tuned-1058,7956
9211,failed,paib-gpu/openb-pod-3198-tuned-1059,7956
9212,create,paib-gpu/openb-pod-1363-tuned-1060,7957
9213,failed,paib-gpu/openb-pod-8018-tuned-1061,7957
9214,failed,paib-gpu/openb-pod-3582-tuned-1062,7957
9215,failed,paib-gpu/openb-pod-5576-tuned-1063,7957
9216,failed,paib-gpu/openb-pod-4716-tuned-1064,7957
9217,create,paib-gpu/openb-pod-5839-tuned-1065,7958
9218,failed,paib-gpu/openb-pod-8092-tuned-1066,7958
9219,failed,paib-gpu/openb-pod-7150-tuned-1067,7958
9220,failed,paib-gpu/openb-pod-4644-tuned-1068,7958
9221,failed,paib-gpu/openb-pod-5078-tuned-1069,7958
9222,failed,paib-gpu/openb-pod-5740-tuned-1070,7958
9223,create,paib-gpu/openb-pod-3873-tuned-1071,7959
9224,failed,paib-gpu/openb-pod-4208-tuned-1072,7959
9225,create,paib-gpu/openb-pod-2647-tuned-1073,7960
9226,failed,paib-gpu/openb-pod-6127-tuned-1074,7960
9227,failed,paib-gpu/openb-pod-6644-tuned-1075,7960
9228,failed,paib-gpu/openb-pod-4093-tuned-1076,7960
9229,failed,paib-gpu/openb-pod-4684-tuned-1077,7960
9230,create,paib-gpu/openb-pod-2431-tuned-1078,7961
9231,create,paib-gpu/openb-pod-4190-tuned-1079,7962
9232,create,paib-gpu/openb-pod-6164-tuned-1080,7963
9233,failed,paib-gpu/openb-pod-7720-tuned-1081,7963
9234,failed,paib-gpu/openb-pod-6102-tuned-1082,7963
9235,failed,paib-gpu/openb-pod-5148-tuned-1083,7963
9236,failed,paib-gpu/openb-pod-0512-tuned-1084,7963
9237,failed,paib-gpu/openb-pod-7288-tuned-1085,7963
9238,failed,paib-gpu/openb-pod-6274-tuned-1086,7963
9239,failed,paib-gpu/openb-pod-4093-tuned-1087,7963
9240,failed,paib-gpu/openb-pod-1504-tuned-1088,7963
9241,failed,paib-gpu/openb-pod-7654-tuned-1089,7963
9242,failed,paib-gpu/openb-pod-5611-tuned-1090,7963
9243,failed,paib-gpu/openb-pod-7675-tuned-1091,7963
9244,failed,paib-gpu/openb-pod-3134-tuned-1092,7963
9245,failed,paib-gpu/openb-pod-1104-tuned-1093,7963
9246,failed,paib-gpu/openb-pod-0349-tuned-1094,7963
9247,create,paib-gpu/openb-pod-2526-tuned-1095,7964
9248,failed,paib-gpu/openb-pod-0002-tuned-1096,7964
9249,create,paib-gpu/openb-pod-1278-tuned-1097,7965
9250,failed,paib-gpu/openb-pod-1044-tuned-1098,7965
9251,failed,paib-gpu/openb-pod-2567-tuned-1099,7965
9252,failed,paib-gpu/openb-pod-7059-tuned-1100,7965
9253,failed,paib-gpu/openb-pod-6670-tuned-1101,7965
9254,failed,paib-gpu/openb-pod-5430-tuned-1102,7965
9255,create,paib-gpu/openb-pod-2281-tuned-1103,7966
9256,create,paib-gpu/openb-pod-0940-tuned-1104,7967
9257,failed,paib-gpu/openb-pod-7623-tuned-1105,7967
9258,failed,paib-gpu/openb-pod-5222-tuned-1106,7967
9259,failed,paib-gpu/openb-pod-7976-tuned-1107,7967
9260,failed,paib-gpu/openb-pod-6519-tuned-1108,7967
9261,failed,paib-gpu/openb-pod-6488-tuned-1109,7967
9262,create,paib-gpu/openb-pod-2660-tuned-1110,7968
9263,failed,paib-gpu/openb-pod-3416-tuned-1111,7968
9264,failed,paib-gpu/openb-pod-0239-tuned-1112,7968
9265,failed,paib-gpu/openb-pod-2514-tuned-1113,7968
9266,failed,paib-gpu/openb-pod-0756-tuned-1114,7968
9267,failed,paib-gpu/openb-pod-0030-tuned-1115,7968
9268,failed,paib-gpu/openb-pod-1563-tuned-1116,7968
9269,failed,paib-gpu/openb-pod-5452-tuned-1117,7968
9270,failed,paib-gpu/openb-pod-3713-tuned-1118,7968
9271,create,paib-gpu/openb-pod-6989-tuned-1119,7969
9272,failed,paib-gpu/openb-pod-1830-tuned-1120,7969
9273,failed,paib-gpu/openb-pod-0769-tuned-1121,7969
9274,failed,paib-gpu/openb-pod-3236-tuned-1122,7969
9275,create,paib-gpu/openb-pod-2989-tuned-1123,7970
9276,failed,paib-gpu/openb-pod-7409-tuned-1124,7970
9277,failed,paib-gpu/openb-pod-6783-tuned-1125,7970
9278,failed,paib-gpu/openb-pod-7466-tuned-1126,7970
9279,failed,paib-gpu/openb-pod-6422-tuned-1127,7970
9280,failed,paib-gpu/openb-pod-8031-tuned-1128,7970
9281,failed,paib-gpu/openb-pod-0747-tuned-1129,7970
9282,failed,paib-gpu/openb-pod-6779-tuned-1130,7970
9283,create,paib-gpu/openb-pod-0751-tuned-1131,7971
9284,failed,paib-gpu/openb-pod-1571-tuned-1132,7971
9285,failed,paib-gpu/openb-pod-0658-tuned-1133,7971
9286,failed,paib-gpu/openb-pod-0839-tuned-1134,7971
9287,failed,paib-gpu/openb-pod-1918-tuned-1135,7971
9288,create,paib-gpu/openb-pod-6776-tuned-1136,7972
9289,failed,paib-gpu/openb-pod-7563-tuned-1137,7972
9290,failed,paib-gpu/openb-pod-5910-tuned-1138,7972
9291,create,paib-gpu/openb-pod-4387-tuned-1139,7973
9292,failed,paib-gpu/openb-pod-2881-tuned-1140,7973
9293,failed,paib-gpu/openb-pod-4147-tuned-1141,7973
9294,failed,paib-gpu/openb-pod-2766-tuned-1142,7973
9295,failed,paib-gpu/openb-pod-2768-tuned-1143,7973
9296,failed,paib-gpu/openb-pod-4236-tuned-1144,7973
9297,failed,paib-gpu/openb-pod-1041-tuned-1145,7973
9298,failed,paib-gpu/openb-pod-2717-tuned-1146,7973
9299,failed,paib-gpu/openb-pod-3073-tuned-1147,7973
9300,failed,paib-gpu/openb-pod-6944-tuned-1148,7973
9301,failed,paib-gpu/openb-pod-2740-tuned-1149,7973
9302,failed,paib-gpu/openb-pod-7951-tuned-1150,7973
9303,failed,paib-gpu/openb-pod-4185-tuned-1151,7973
9304,failed,paib-gpu/openb-pod-7250-tuned-1152,7973
9305,failed,paib-gpu/openb-pod-8103-tuned-1153,7973
9306,failed,paib-gpu/openb-pod-1644-tuned-1154,7973
9307,failed,paib-gpu/openb-pod-2156-tuned-1155,7973
9308,failed,paib-gpu/openb-pod-5047-tuned-1156,7973
9309,failed,paib-gpu/openb-pod-3084-tuned-1157,7973
9310,failed,paib-gpu/openb-pod-3459-tuned-1158,7973
9311,failed,paib-gpu/openb-pod-2791-tuned-1159,7973
9312,failed,paib-gpu/openb-pod-2613-tuned-1160,7973
9313,failed,paib-gpu/openb-pod-3512-tuned-1161,7973
9314,failed,paib-gpu/openb-pod-3254-tuned-1162,7973
9315,failed,paib-gpu/openb-pod-6679-tuned-1163,7973
9316,failed,paib-gpu/openb-pod-4853-tuned-1164,7973
9317,failed,paib-gpu/openb-pod-4623-tuned-1165,7973
9318,failed,paib-gpu/openb-pod-0244-tuned-1166,7973
9319,failed,paib-gpu/openb-pod-1213-tuned-1167,7973
9320,failed,paib-gpu/openb-pod-2278-tuned-1168,7973
9321,failed,paib-gpu/openb-pod-2782-tuned-1169,7973
9322,failed,paib-gpu/openb-pod-1544-tuned-1170,7973
9323,create,paib-gpu/openb-pod-5350-tuned-1171,7974
9324,failed,paib-gpu/openb-pod-2931-tuned-1172,7974
9325,failed,paib-gpu/openb-pod-3550-tuned-1173,7974
9326,failed,paib-gpu/openb-pod-3794-tuned-1174,7974
9327,failed,paib-gpu/openb-pod-5405-tuned-1175,7974
9328,failed,paib-gpu/openb-pod-6346-tuned-1176,7974
9329,failed,paib-gpu/openb-pod-4037-tuned-1177,7974
9330,failed,paib-gpu/openb-pod-5616-tuned-1178,7974
9331,failed,paib-gpu/openb-pod-1407-tuned-1179,7974
9332,failed,paib-gpu/openb-pod-1166-tuned-1180,7974
9333,failed,paib-gpu/openb-pod-3992-tuned-1181,7974
9334,failed,paib-gpu/openb-pod-4739-tuned-1182,7974
9335,failed,paib-gpu/openb-pod-4946-tuned-1183,7974
9336,failed,paib-gpu/openb-pod-1080-tuned-1184,7974
9337,failed,paib-gpu/openb-pod-0136-tuned-1185,7974
9338,failed,paib-gpu/openb-pod-0884-tuned-1186,7974
9339,failed,paib-gpu/openb-pod-7012-tuned-1187,7974
9340,create,paib-gpu/openb-pod-2711-tuned-1188,7975
9341,failed,paib-gpu/openb-pod-0108-tuned-1189,7975
9342,create,paib-gpu/openb-pod-0793-tuned-1190,7976
9343,failed,paib-gpu/openb-pod-1212-tuned-1191,7976
9344,failed,paib-gpu/openb-pod-5144-tuned-1192,7976
9345,failed,paib-gpu/openb-pod-4715-tuned-1193,7976
9346,failed,paib-gpu/openb-pod-1345-tuned-1194,7976
9347,failed,paib-gpu/openb-pod-1670-tuned-1195,7976
9348,failed,paib-gpu/openb-pod-6077-tuned-1196,7976
9349,create,paib-gpu/openb-pod-3017-tuned-1197,7977
9350,failed,paib-gpu/openb-pod-2550-tuned-1198,7977
9351,failed,paib-gpu/openb-pod-0290-tuned-1199,7977
9352,create,paib-gpu/openb-pod-6198-tuned-1200,7978
9353,failed,paib-gpu/openb-pod-2581-tuned-1201,7978
9354,failed,paib-gpu/openb-pod-5069-tuned-1202,7978
9355,failed,paib-gpu/openb-pod-3210-tuned-1203,7978
9356,create,paib-gpu/openb-pod-6714-tuned-1204,7979
9357,failed,paib-gpu/openb-pod-6788-tuned-1205,7979
9358,failed,paib-gpu/openb-pod-4401-tuned-1206,7979
9359,failed,paib-gpu/openb-pod-6070-tuned-1207,7979
9360,failed,paib-gpu/openb-pod-0213-tuned-1208,7979
9361,failed,paib-gpu/openb-pod-7065-tuned-1209,7979
9362,failed,paib-gpu/openb-pod-2299-tuned-1210,7979
9363,create,paib-gpu/openb-pod-1767-tuned-1211,7980
9364,failed,paib-gpu/openb-pod-7748-tuned-1212,7980
9365,failed,paib-gpu/openb-pod-1407-tuned-1213,7980
9366,failed,paib-gpu/openb-pod-3355-tuned-1214,7980
9367,failed,paib-gpu/openb-pod-2971-tuned-1215,7980
9368,failed,paib-gpu/openb-pod-0182-tuned-1216,7980
9369,failed,paib-gpu/openb-pod-1575-tuned-1217,7980
9370,failed,paib-gpu/openb-pod-6762-tuned-1218,7980
9371,failed,paib-gpu/openb-pod-0820-tuned-1219,7980
9372,failed,paib-gpu/openb-pod-4526-tuned-1220,7980
9373,failed,paib-gpu/openb-pod-2390-tuned-1221,7980
9374,failed,paib-gpu/openb-pod-1685-tuned-1222,7980
9375,failed,paib-gpu/openb-pod-4950-tuned-1223,7980
9376,failed,paib-gpu/openb-pod-0428-tuned-1224,7980
9377,failed,paib-gpu/openb-pod-6656-tuned-1225,7980
9378,failed,paib-gpu/openb-pod-6471-tuned-1226,7980
9379,failed,paib-gpu/openb-pod-6751-tuned-1227,7980
9380,failed,paib-gpu/openb-pod-2079-tuned-1228,7980
9381,failed,paib-gpu/openb-pod-4959-tuned-1229,7980
9382,failed,paib-gpu/openb-pod-2862-tuned-1230,7980
9383,failed,paib-gpu/openb-pod-1119-tuned-1231,7980
9384,failed,paib-gpu/openb-pod-5833-tuned-1232,7980
9385,failed,paib-gpu/openb-pod-5532-tuned-1233,7980
9386,failed,paib-gpu/openb-pod-7809-tuned-1234,7980
9387,failed,paib-gpu/openb-pod-0229-tuned-1235,7980
9388,failed,paib-gpu/openb-pod-1972-tuned-1236,7980
9389,failed,paib-gpu/openb-pod-7673-tuned-1237,7980
9390,create,paib-gpu/openb-pod-4421-tuned-1238,7981
9391,failed,paib-gpu/openb-pod-6951-tuned-1239,7981
9392,failed,paib-gpu/openb-pod-7501-tuned-1240,7981
9393,failed,paib-gpu/openb-pod-5077-tuned-1241,7981
9394,failed,paib-gpu/openb-pod-0006-tuned-1242,7981
9395,failed,paib-gpu/openb-pod-4432-tuned-1243,7981
9396,failed,paib-gpu/openb-pod-0663-tuned-1244,7981
9397,failed,paib-gpu/openb-pod-4703-tuned-1245,7981
9398,failed,paib-gpu/openb-pod-3965-tuned-1246,7981
9399,failed,paib-gpu/openb-pod-4303-tuned-1247,7981
9400,failed,paib-gpu/openb-pod-4083-tuned-1248,7981
9401,failed,paib-gpu/openb-pod-6309-tuned-1249,7981
9402,failed,paib-gpu/openb-pod-2443-tuned-1250,7981
9403,create,paib-gpu/openb-pod-6599-tuned-1251,7982
9404,failed,paib-gpu/openb-pod-6903-tuned-1252,7982
9405,failed,paib-gpu/openb-pod-7973-tuned-1253,7982
9406,failed,paib-gpu/openb-pod-7199-tuned-1254,7982
9407,failed,paib-gpu/openb-pod-2888-tuned-1255,7982
9408,failed,paib-gpu/openb-pod-1798-tuned-1256,7982
9409,failed,paib-gpu/openb-pod-5842-tuned-1257,7982
9410,create,paib-gpu/openb-pod-0266-tuned-1258,7983
9411,create,paib-gpu/openb-pod-6968-tuned-1259,7984
9412,create,paib-gpu/openb-pod-4978-tuned-1260,7985
9413,failed,paib-gpu/openb-pod-5040-tuned-1261,7985
9414,failed,paib-gpu/openb-pod-3774-tuned-1262,7985
9415,failed,paib-gpu/openb-pod-4428-tuned-1263,7985
9416,failed,paib-gpu/openb-pod-2581-tuned-1264,7985
9417,failed,paib-gpu/openb-pod-3642-tuned-1265,7985
9418,failed,paib-gpu/openb-pod-1753-tuned-1266,7985
9419,failed,paib-gpu/openb-pod-5769-tuned-1267,7985
9420,create,paib-gpu/openb-pod-3069-tuned-1268,7986
9421,failed,paib-gpu/openb-pod-8054-tuned-1269,7986
9422,failed,paib-gpu/openb-pod-3649-tuned-1270,7986
9423,create,paib-gpu/openb-pod-3193-tuned-1271,7987
9424,failed,paib-gpu/openb-pod-5286-tuned-1272,7987
9425,failed,paib-gpu/openb-pod-5221-tuned-1273,7987
9426,failed,paib-gpu/openb-pod-0117-tuned-1274,7987
9427,failed,paib-gpu/openb-pod-6344-tuned-1275,7987
9428,failed,paib-gpu/openb-pod-3208-tuned-1276,7987
9429,create,paib-gpu/openb-pod-0394-tuned-1277,7988
9430,failed,paib-gpu/openb-pod-0507-tuned-1278,7988
9431,failed,paib-gpu/openb-pod-0608-tuned-1279,7988
9432,failed,paib-gpu/openb-pod-5621-tuned-1280,7988
9433,failed,paib-gpu/openb-pod-5785-tuned-1281,7988
9434,failed,paib-gpu/openb-pod-4626-tuned-1282,7988
9435,failed,paib-gpu/openb-pod-1031-tuned-1283,7988
9436,failed,paib-gpu/openb-pod-1347-tuned-1284,7988
9437,failed,paib-gpu/openb-pod-2851-tuned-1285,7988
9438,failed,paib-gpu/openb-pod-4653-tuned-1286,7988
9439,failed,paib-gpu/openb-pod-7153-tuned-1287,7988
9440,failed,paib-gpu/openb-pod-4383-tuned-1288,7988
9441,failed,paib-gpu/openb-pod-6792-tuned-1289,7988
9442,failed,paib-gpu/openb-pod-7221-tuned-1290,7988
9443,failed,paib-gpu/openb-pod-2619-tuned-1291,7988
9444,failed,paib-gpu/openb-pod-7710-tuned-1292,7988
9445,failed,paib-gpu/openb-pod-7428-tuned-1293,7988
9446,create,paib-gpu/openb-pod-5965-tuned-1294,7989
9447,failed,paib-gpu/openb-pod-6549-tuned-1295,7989
9448,failed,paib-gpu/openb-pod-3203-tuned-1296,7989
9449,failed,paib-gpu/openb-pod-4675-tuned-1297,7989
9450,failed,paib-gpu/openb-pod-1574-tuned-1298,7989
9451,failed,paib-gpu/openb-pod-7990-tuned-1299,7989
9452,failed,paib-gpu/openb-pod-4700-tuned-1300,7989
9453,failed,paib-gpu/openb-pod-7690-tuned-1301,7989
9454,failed,paib-gpu/openb-pod-5168-tuned-1302,7989
9455,failed,paib-gpu/openb-pod-2955-tuned-1303,7989
9456,failed,paib-gpu/openb-pod-0741-tuned-1304,7989
9457,failed,paib-gpu/openb-pod-6000-tuned-1305,7989
9458,failed,paib-gpu/openb-pod-3635-tuned-1306,7989
9459,failed,paib-gpu/openb-pod-0468-tuned-1307,7989
9460,create,paib-gpu/openb-pod-5799-tuned-1308,7990
9461,failed,paib-gpu/openb-pod-4166-tuned-1309,7990
9462,create,paib-gpu/openb-pod-2087-tuned-1310,7991
9463,failed,paib-gpu/openb-pod-1275-tuned-1311,7991
9464,failed,paib-gpu/openb-pod-6077-tuned-1312,7991
9465,failed,paib-gpu/openb-pod-3458-tuned-1313,7991
9466,failed,paib-gpu/openb-pod-5813-tuned-1314,7991
9467,failed,paib-gpu/openb-pod-2833-tuned-1315,7991
9468,failed,paib-gpu/openb-pod-6581-tuned-1316,7991
9469,failed,paib-gpu/openb-pod-5792-tuned-1317,7991
9470,failed,paib-gpu/openb-pod-8077-tuned-1318,7991
9471,failed,paib-gpu/openb-pod-4900-tuned-1319,7991
9472,failed,paib-gpu/openb-pod-7085-tuned-1320,7991
9473,failed,paib-gpu/openb-pod-8141-tuned-1321,7991
9474,failed,paib-gpu/openb-pod-7883-tuned-1322,7991
9475,failed,paib-gpu/openb-pod-5154-tuned-1323,7991
9476,failed,paib-gpu/openb-pod-3796-tuned-1324,7991
9477,failed,paib-gpu/openb-pod-8117-tuned-1325,7991
9478,failed,paib-gpu/openb-pod-2886-tuned-1326,7991
9479,failed,paib-gpu/openb-pod-3626-tuned-1327,7991
9480,failed,paib-gpu/openb-pod-5451-tuned-1328,7991
9481,failed,paib-gpu/openb-pod-5648-tuned-1329,7991
9482,failed,paib-gpu/openb-pod-1673-tuned-1330,7991
9483,failed,paib-gpu/openb-pod-5854-tuned-1331,7991
9484,failed,paib-gpu/openb-pod-0155-tuned-1332,7991
9485,failed,paib-gpu/openb-pod-4447-tuned-1333,7991
9486,create,paib-gpu/openb-pod-1046-tuned-1334,7992
9487,failed,paib-gpu/openb-pod-1865-tuned-1335,7992
9488,failed,paib-gpu/openb-pod-1689-tuned-1336,7992
9489,failed,paib-gpu/openb-pod-3996-tuned-1337,7992
9490,create,paib-gpu/openb-pod-5968-tuned-1338,7993
9491,failed,paib-gpu/openb-pod-2628-tuned-1339,7993
9492,failed,paib-gpu/openb-pod-3796-tuned-1340,7993
9493,failed,paib-gpu/openb-pod-6251-tuned-1341,7993
9494,failed,paib-gpu/openb-pod-7921-tuned-1342,7993
9495,create,paib-gpu/openb-pod-3442-tuned-1343,7994
9496,failed,paib-gpu/openb-pod-0094-tuned-1344,7994
9497,failed,paib-gpu/openb-pod-4597-tuned-1345,7994
9498,failed,paib-gpu/openb-pod-5207-tuned-1346,7994
9499,failed,paib-gpu/openb-pod-8130-tuned-1347,7994
9500,failed,paib-gpu/openb-pod-1473-tuned-1348,7994
9501,failed,paib-gpu/openb-pod-2866-tuned-1349,7994
9502,create,paib-gpu/openb-pod-1631-tuned-1350,7995
9503,failed,paib-gpu/openb-pod-0961-tuned-1351,7995
9504,failed,paib-gpu/openb-pod-2630-tuned-1352,7995
9505,failed,paib-gpu/openb-pod-3457-tuned-1353,7995
9506,failed,paib-gpu/openb-pod-4672-tuned-1354,7995
9507,failed,paib-gpu/openb-pod-7483-tuned-1355,7995
9508,failed,paib-gpu/openb-pod-7748-tuned-1356,7995
9509,failed,paib-gpu/openb-pod-7368-tuned-1357,7995
9510,failed,paib-gpu/openb-pod-7672-tuned-1358,7995
9511,failed,paib-gpu/openb-pod-2072-tuned-1359,7995
9512,failed,paib-gpu/openb-pod-3522-tuned-1360,7995
9513,failed,paib-gpu/openb-pod-4596-tuned-1361,7995
9514,failed,paib-gpu/openb-pod-6409-tuned-1362,7995
9515,failed,paib-gpu/openb-pod-7512-tuned-1363,7995
9516,failed,paib-gpu/openb-pod-5819-tuned-1364,7995
9517,failed,paib-gpu/openb-pod-3431-tuned-1365,7995
9518,failed,paib-gpu/openb-pod-6856-tuned-1366,7995
9519,failed,paib-gpu/openb-pod-7518-tuned-1367,7995
9520,failed,paib-gpu/openb-pod-3828-tuned-1368,7995
9521,create,paib-gpu/openb-pod-0372-tuned-1369,7996
9522,failed,paib-gpu/openb-pod-1109-tuned-1370,7996
9523,failed,paib-gpu/openb-pod-2187-tuned-1371,7996
9524,failed,paib-gpu/openb-pod-5557-tuned-1372,7996
9525,failed,paib-gpu/openb-pod-7871-tuned-1373,7996
9526,failed,paib-gpu/openb-pod-0228-tuned-1374,7996
9527,failed,paib-gpu/openb-pod-1622-tuned-1375,7996
9528,failed,paib-gpu/openb-pod-2704-tuned-1376,7996
9529,failed,paib-gpu/openb-pod-0578-tuned-1377,7996
9530,failed,paib-gpu/openb-pod-4176-tuned-1378,7996
9531,failed,paib-gpu/openb-pod-7709-tuned-1379,7996
9532,failed,paib-gpu/openb-pod-0817-tuned-1380,7996
9533,failed,paib-gpu/openb-pod-1352-tuned-1381,7996
9534,failed,paib-gpu/openb-pod-5488-tuned-1382,7996
9535,failed,paib-gpu/openb-pod-3788-tuned-1383,7996
9536,failed,paib-gpu/openb-pod-3364-tuned-1384,7996
9537,failed,paib-gpu/openb-pod-2825-tuned-1385,7996
9538,failed,paib-gpu/openb-pod-0123-tuned-1386,7996
9539,failed,paib-gpu/openb-pod-2784-tuned-1387,7996
9540,failed,paib-gpu/openb-pod-5075-tuned-1388,7996
9541,failed,paib-gpu/openb-pod-2653-tuned-1389,7996
9542,failed,paib-gpu/openb-pod-5806-tuned-1390,7996
9543,failed,paib-gpu/openb-pod-6390-tuned-1391,7996
9544,create,paib-gpu/openb-pod-2196-tuned-1392,7997
9545,failed,paib-gpu/openb-pod-4953-tuned-1393,7997
9546,failed,paib-gpu/openb-pod-4341-tuned-1394,7997
9547,failed,paib-gpu/openb-pod-2270-tuned-1395,7997
9548,failed,paib-gpu/openb-pod-5743-tuned-1396,7997
9549,create,paib-gpu/openb-pod-2700-tuned-1397,7998
9550,failed,paib-gpu/openb-pod-1665-tuned-1398,7998
9551,failed,paib-gpu/openb-pod-2529-tuned-1399,7998
9552,create,paib-gpu/openb-pod-3256-tuned-1400,7999
9553,failed,paib-gpu/openb-pod-1553-tuned-1401,7999
9554,failed,paib-gpu/openb-pod-6933-tuned-1402,7999
9555,failed,paib-gpu/openb-pod-3197-tuned-1403,7999
9556,failed,paib-gpu/openb-pod-7105-tuned-1404,7999
9557,failed,paib-gpu/openb-pod-1883-tuned-1405,7999
9558,failed,paib-gpu/openb-pod-2370-tuned-1406,7999
9559,failed,paib-gpu/openb-pod-7046-tuned-1407,7999
9560,failed,paib-gpu/openb-pod-3024-tuned-1408,7999
9561,failed,paib-gpu/openb-pod-7621-tuned-1409,7999
9562,failed,paib-gpu/openb-pod-2811-tuned-1410,7999
9563,failed,paib-gpu/openb-pod-3157-tuned-1411,7999
9564,failed,paib-gpu/openb-pod-1662-tuned-1412,7999
9565,failed,paib-gpu/openb-pod-1539-tuned-1413,7999
9566,failed,paib-gpu/openb-pod-1420-tuned-1414,7999
9567,failed,paib-gpu/openb-pod-0714-tuned-1415,7999
9568,failed,paib-gpu/openb-pod-4952-tuned-1416,7999
9569,failed,paib-gpu/openb-pod-0613-tuned-1417,7999
9570,failed,paib-gpu/openb-pod-7531-tuned-1418,7999
9571,failed,paib-gpu/openb-pod-5999-tuned-1419,7999
9572,failed,paib-gpu/openb-pod-3597-tuned-1420,7999
9573,create,paib-gpu/openb-pod-6263-tuned-1421,8000
9574,failed,paib-gpu/openb-pod-3964-tuned-1422,8000
9575,failed,paib-gpu/openb-pod-4070-tuned-1423,8000
9576,failed,paib-gpu/openb-pod-0612-tuned-1424,8000
9577,create,paib-gpu/openb-pod-5577-tuned-1425,8001
9578,failed,paib-gpu/openb-pod-0911-tuned-1426,8001
9579,failed,paib-gpu/openb-pod-3944-tuned-1427,8001
9580,failed,paib-gpu/openb-pod-6540-tuned-1428,8001
9581,create,paib-gpu/openb-pod-7588-tuned-1429,8002
9582,failed,paib-gpu/openb-pod-2743-tuned-1430,8002
9583,failed,paib-gpu/openb-pod-6002-tuned-1431,8002
9584,failed,paib-gpu/openb-pod-3236-tuned-1432,8002
9585,failed,paib-gpu/openb-pod-2450-tuned-1433,8002
9586,failed,paib-gpu/openb-pod-7768-tuned-1434,8002
9587,create,paib-gpu/openb-pod-3615-tuned-1435,8003
9588,failed,paib-gpu/openb-pod-2152-tuned-1436,8003
9589,create,paib-gpu/openb-pod-5699-tuned-1437,8004
9590,failed,paib-gpu/openb-pod-2550-tuned-1438,8004
9591,failed,paib-gpu/openb-pod-5729-tuned-1439,8004
9592,failed,paib-gpu/openb-pod-3334-tuned-1440,8004
9593,failed,paib-gpu/openb-pod-1064-tuned-1441,8004
9594,failed,paib-gpu/openb-pod-8116-tuned-1442,8004
9595,failed,paib-gpu/openb-pod-3640-tuned-1443,8004
9596,create,paib-gpu/openb-pod-2645-tuned-1444,8005
9597,failed,paib-gpu/openb-pod-5427-tuned-1445,8005
9598,failed,paib-gpu/openb-pod-7590-tuned-1446,8005
9599,failed,paib-gpu/openb-pod-6496-tuned-1447,8005
9600,create,paib-gpu/openb-pod-5521-tuned-1448,8006
9601,failed,paib-gpu/openb-pod-0824-tuned-1449,8006
9602,failed,paib-gpu/openb-pod-1502-tuned-1450,8006
9603,failed,paib-gpu/openb-pod-8084-tuned-1451,8006
9604,failed,paib-gpu/openb-pod-6007-tuned-1452,8006
9605,failed,paib-gpu/openb-pod-5747-tuned-1453,8006
9606,failed,paib-gpu/openb-pod-1687-tuned-1454,8006
9607,failed,paib-gpu/openb-pod-8066-tuned-1455,8006
9608,failed,paib-gpu/openb-pod-1059-tuned-1456,8006
9609,failed,paib-gpu/openb-pod-4365-tuned-1457,8006
9610,failed,paib-gpu/openb-pod-3908-tuned-1458,8006
9611,failed,paib-gpu/openb-pod-6993-tuned-1459,8006
9612,failed,paib-gpu/openb-pod-5676-tuned-1460,8006
9613,failed,paib-gpu/openb-pod-6898-tuned-1461,8006
9614,failed,paib-gpu/openb-pod-7838-tuned-1462,8006
9615,failed,paib-gpu/openb-pod-6653-tuned-1463,8006
9616,failed,paib-gpu/openb-pod-6200-tuned-1464,8006
9617,failed,paib-gpu/openb-pod-8108-tuned-1465,8006
9618,failed,paib-gpu/openb-pod-6011-tuned-1466,8006
9619,failed,paib-gpu/openb-pod-7197-tuned-1467,8006
9620,failed,paib-gpu/openb-pod-0413-tuned-1468,8006
9621,failed,paib-gpu/openb-pod-7395-tuned-1469,8006
9622,failed,paib-gpu/openb-pod-7325-tuned-1470,8006
9623,failed,paib-gpu/openb-pod-7259-tuned-1471,8006
9624,failed,paib-gpu/openb-pod-3628-tuned-1472,8006
9625,create,paib-gpu/openb-pod-2762-tuned-1473,8007
9626,failed,paib-gpu/openb-pod-0799-tuned-1474,8007
9627,failed,paib-gpu/openb-pod-4476-tuned-1475,8007
9628,failed,paib-gpu/openb-pod-1058-tuned-1476,8007
9629,failed,paib-gpu/openb-pod-1923-tuned-1477,8007
9630,failed,paib-gpu/openb-pod-3020-tuned-1478,8007
9631,create,paib-gpu/openb-pod-2218-tuned-1479,8008
9632,failed,paib-gpu/openb-pod-3321-tuned-1480,8008
9633,failed,paib-gpu/openb-pod-1252-tuned-1481,8008
9634,failed,paib-gpu/openb-pod-2028-tuned-1482,8008
9635,failed,paib-gpu/openb-pod-6797-tuned-1483,8008
9636,failed,paib-gpu/openb-pod-2116-tuned-1484,8008
9637,failed,paib-gpu/openb-pod-6346-tuned-1485,8008
9638,failed,paib-gpu/openb-pod-1721-tuned-1486,8008
9639,failed,paib-gpu/openb-pod-6757-tuned-1487,8008
9640,failed,paib-gpu/openb-pod-0963-tuned-1488,8008
9641,failed,paib-gpu/openb-pod-6762-tuned-1489,8008
9642,create,paib-gpu/openb-pod-3242-tuned-1490,8009
9643,failed,paib-gpu/openb-pod-1018-tuned-1491,8009
9644,failed,paib-gpu/openb-pod-1264-tuned-1492,8009
9645,failed,paib-gpu/openb-pod-5321-tuned-1493,8009
9646,failed,paib-gpu/openb-pod-6477-tuned-1494,8009
9647,create,paib-gpu/openb-pod-3444-tuned-1495,8010
9648,failed,paib-gpu/openb-pod-7085-tuned-1496,8010
9649,failed,paib-gpu/openb-pod-1258-tuned-1497,8010
9650,failed,paib-gpu/openb-pod-1468-tuned-1498,8010
9651,create,paib-gpu/openb-pod-1899-tuned-1499,8011
9652,failed,paib-gpu/openb-pod-7829-tuned-1500,8011
9653,failed,paib-gpu/openb-pod-7576-tuned-1501,8011
9654,create,paib-gpu/openb-pod-4835-tuned-1502,8012
9655,create,paib-gpu/openb-pod-0473-tuned-1503,8013
9656,failed,paib-gpu/openb-pod-5854-tuned-1504,8013
9657,failed,paib-gpu/openb-pod-4197-tuned-1505,8013
9658,failed,paib-gpu/openb-pod-6435-tuned-1506,8013
9659,failed,paib-gpu/openb-pod-6134-tuned-1507,8013
9660,failed,paib-gpu/openb-pod-5593-tuned-1508,8013
9661,failed,paib-gpu/openb-pod-0243-tuned-1509,8013
9662,failed,paib-gpu/openb-pod-3374-tuned-1510,8013
9663,failed,paib-gpu/openb-pod-3087-tuned-1511,8013
9664,failed,paib-gpu/openb-pod-2893-tuned-1512,8013
9665,failed,paib-gpu/openb-pod-4794-tuned-1513,8013
9666,failed,paib-gpu/openb-pod-7405-tuned-1514,8013
9667,failed,paib-gpu/openb-pod-2837-tuned-1515,8013
9668,failed,paib-gpu/openb-pod-8015-tuned-1516,8013
9669,failed,paib-gpu/openb-pod-3821-tuned-1517,8013
9670,failed,paib-gpu/openb-pod-7733-tuned-1518,8013
9671,failed,paib-gpu/openb-pod-5126-tuned-1519,8013
9672,failed,paib-gpu/openb-pod-0752-tuned-1520,8013
9673,failed,paib-gpu/openb-pod-1936-tuned-1521,8013
9674,failed,paib-gpu/openb-pod-7818-tuned-1522,8013
9675,failed,paib-gpu/openb-pod-5441-tuned-1523,8013
9676,failed,paib-gpu/openb-pod-7159-tuned-1524,8013
9677,failed,paib-gpu/openb-pod-3289-tuned-1525,8013
9678,create,paib-gpu/openb-pod-7116-tuned-1526,8014
9679,failed,paib-gpu/openb-pod-5239-tuned-1527,8014
9680,failed,paib-gpu/openb-pod-3310-tuned-1528,8014
9681,failed,paib-gpu/openb-pod-4731-tuned-1529,8014
9682,failed,paib-gpu/openb-pod-6933-tuned-1530,8014
9683,create,paib-gpu/openb-pod-1163-tuned-1531,8015
9684,failed,paib-gpu/openb-pod-4544-tuned-1532,8015
9685,failed,paib-gpu/openb-pod-1035-tuned-1533,8015
9686,create,paib-gpu/openb-pod-2701-tuned-1534,8016
9687,failed,paib-gpu/openb-pod-6505-tuned-1535,8016
9688,failed,paib-gpu/openb-pod-1592-tuned-1536,8016
9689,failed,paib-gpu/openb-pod-0273-tuned-1537,8016
9690,failed,paib-gpu/openb-pod-6955-tuned-1538,8016
9691,failed,paib-gpu/openb-pod-6132-tuned-1539,8016
9692,failed,paib-gpu/openb-pod-5792-tuned-1540,8016
9693,failed,paib-gpu/openb-pod-7822-tuned-1541,8016
9694,failed,paib-gpu/openb-pod-2445-tuned-1542,8016
9695,failed,paib-gpu/openb-pod-7902-tuned-1543,8016
9696,failed,paib-gpu/openb-pod-4805-tuned-1544,8016
9697,failed,paib-gpu/openb-pod-6496-tuned-1545,8016
9698,failed,paib-gpu/openb-pod-5262-tuned-1546,8016
9699,create,paib-gpu/openb-pod-1638-tuned-1547,8017
9700,failed,paib-gpu/openb-pod-0891-tuned-1548,8017
9701,failed,paib-gpu/openb-pod-2899-tuned-1549,8017
9702,failed,paib-gpu/openb-pod-7271-tuned-1550,8017
9703,failed,paib-gpu/openb-pod-1853-tuned-1551,8017
9704,failed,paib-gpu/openb-pod-5310-tuned-1552,8017
9705,failed,paib-gpu/openb-pod-7586-tuned-1553,8017
9706,failed,paib-gpu/openb-pod-4653-tuned-1554,8017
9707,failed,paib-gpu/openb-pod-0583-tuned-1555,8017
9708,failed,paib-gpu/openb-pod-6746-tuned-1556,8017
9709,failed,paib-gpu/openb-pod-7210-tuned-1557,8017
9710,create,paib-gpu/openb-pod-6561-tuned-1558,8018
9711,failed,paib-gpu/openb-pod-0730-tuned-1559,8018
9712,create,paib-gpu/openb-pod-6384-tuned-1560,8019
9713,failed,paib-gpu/openb-pod-4480-tuned-1561,8019
9714,create,paib-gpu/openb-pod-0805-tuned-1562,8020
9715,failed,paib-gpu/openb-pod-6608-tuned-1563,8020
9716,failed,paib-gpu/openb-pod-5016-tuned-1564,8020
9717,failed,paib-gpu/openb-pod-5952-tuned-1565,8020
9718,create,paib-gpu/openb-pod-5419-tuned-1566,8021
9719,failed,paib-gpu/openb-pod-4660-tuned-1567,8021
9720,failed,paib-gpu/openb-pod-7321-tuned-1568,8021
9721,failed,paib-gpu/openb-pod-6555-tuned-1569,8021
9722,failed,paib-gpu/openb-pod-7067-tuned-1570,8021
9723,failed,paib-gpu/openb-pod-2975-tuned-1571,8021
9724,failed,paib-gpu/openb-pod-6855-tuned-1572,8021
9725,failed,paib-gpu/openb-pod-3154-tuned-1573,8021
9726,failed,paib-gpu/openb-pod-0173-tuned-1574,8021
9727,failed,paib-gpu/openb-pod-3724-tuned-1575,8021
9728,failed,paib-gpu/openb-pod-0620-tuned-1576,8021
9729,failed,paib-gpu/openb-pod-6371-tuned-1577,8021
9730,failed,paib-gpu/openb-pod-2233-tuned-1578,8021
9731,failed,paib-gpu/openb-pod-3398-tuned-1579,8021
9732,failed,paib-gpu/openb-pod-0382-tuned-1580,8021
9733,failed,paib-gpu/openb-pod-5788-tuned-1581,8021
9734,failed,paib-gpu/openb-pod-3214-tuned-1582,8021
9735,create,paib-gpu/openb-pod-7588-tuned-1583,8022
9736,failed,paib-gpu/openb-pod-1148-tuned-1584,8022
9737,create,paib-gpu/openb-pod-2711-tuned-1585,8023
9738,failed,paib-gpu/openb-pod-1391-tuned-1586,8023
9739,failed,paib-gpu/openb-pod-5037-tuned-1587,8023
9740,failed,paib-gpu/openb-pod-7933-tuned-1588,8023
9741,failed,paib-gpu/openb-pod-5191-tuned-1589,8023
9742,failed,paib-gpu/openb-pod-7451-tuned-1590,8023
9743,failed,paib-gpu/openb-pod-2311-tuned-1591,8023
9744,create,paib-gpu/openb-pod-0728-tuned-1592,8024
9745,failed,paib-gpu/openb-pod-3236-tuned-1593,8024
9746,failed,paib-gpu/openb-pod-1340-tuned-1594,8024
9747,create,paib-gpu/openb-pod-6606-tuned-1595,8025
9748,failed,paib-gpu/openb-pod-6706-tuned-1596,8025
9749,failed,paib-gpu/openb-pod-1743-tuned-1597,8025
9750,failed,paib-gpu/openb-pod-4074-tuned-1598,8025
9751,failed,paib-gpu/openb-pod-1125-tuned-1599,8025
9752,failed,paib-gpu/openb-pod-0328-tuned-1600,8025
9753,failed,paib-gpu/openb-pod-0769-tuned-1601,8025
9754,failed,paib-gpu/openb-pod-7948-tuned-1602,8025
9755,failed,paib-gpu/openb-pod-6792-tuned-1603,8025
9756,failed,paib-gpu/openb-pod-7316-tuned-1604,8025
9757,failed,paib-gpu/openb-pod-5894-tuned-1605,8025
9758,failed,paib-gpu/openb-pod-1819-tuned-1606,8025
9759,failed,paib-gpu/openb-pod-3733-tuned-1607,8025
9760,failed,paib-gpu/openb-pod-3357-tuned-1608,8025
9761,failed,paib-gpu/openb-pod-5676-tuned-1609,8025
9762,create,paib-gpu/openb-pod-5103-tuned-1610,8026
9763,failed,paib-gpu/openb-pod-3870-tuned-1611,8026
9764,create,paib-gpu/openb-pod-3517-tuned-1612,8027
9765,failed,paib-gpu/openb-pod-2209-tuned-1613,8027
9766,failed,paib-gpu/openb-pod-6371-tuned-1614,8027
9767,failed,paib-gpu/openb-pod-1023-tuned-1615,8027
9768,failed,paib-gpu/openb-pod-6510-tuned-1616,8027
9769,create,paib-gpu/openb-pod-4986-tuned-1617,8028
9770,failed,paib-gpu/openb-pod-7243-tuned-1618,8028
9771,failed,paib-gpu/openb-pod-4282-tuned-1619,8028
9772,create,paib-gpu/openb-pod-5164-tuned-1620,8029
9773,failed,paib-gpu/openb-pod-4201-tuned-1621,8029
9774,failed,paib-gpu/openb-pod-5156-tuned-1622,8029
9775,failed,paib-gpu/openb-pod-1575-tuned-1623,8029
9776,failed,paib-gpu/openb-pod-4868-tuned-1624,8029
9777,failed,paib-gpu/openb-pod-2699-tuned-1625,8029
9778,failed,paib-gpu/openb-pod-7234-tuned-1626,8029
9779,failed,paib-gpu/openb-pod-0299-tuned-1627,8029
9780,failed,paib-gpu/openb-pod-1447-tuned-1628,8029
9781,failed,paib-gpu/openb-pod-7141-tuned-1629,8029
9782,failed,paib-gpu/openb-pod-1774-tuned-1630,8029
9783,failed,paib-gpu/openb-pod-0775-tuned-1631,8029
9784,failed,paib-gpu/openb-pod-7679-tuned-1632,8029
9785,create,paib-gpu/openb-pod-0650-tuned-1633,8030
9786,create,paib-gpu/openb-pod-2297-tuned-1634,8031
9787,failed,paib-gpu/openb-pod-7396-tuned-1635,8031
9788,create,paib-gpu/openb-pod-6619-tuned-1636,8032
9789,failed,paib-gpu/openb-pod-3818-tuned-1637,8032
9790,failed,paib-gpu/openb-pod-3145-tuned-1638,8032
9791,failed,paib-gpu/openb-pod-3502-tuned-1639,8032
9792,failed,paib-gpu/openb-pod-0719-tuned-1640,8032
9793,failed,paib-gpu/openb-pod-7811-tuned-1641,8032
9794,create,paib-gpu/openb-pod-6865-tuned-1642,8033
9795,failed,paib-gpu/openb-pod-4524-tuned-1643,8033
9796,failed,paib-gpu/openb-pod-3944-tuned-1644,8033
9797,failed,paib-gpu/openb-pod-1568-tuned-1645,8033
9798,create,paib-gpu/openb-pod-2049-tuned-1646,8034
9799,failed,paib-gpu/openb-pod-7437-tuned-1647,8034
9800,failed,paib-gpu/openb-pod-1727-tuned-1648,8034
9801,failed,paib-gpu/openb-pod-2382-tuned-1649,8034
9802,failed,paib-gpu/openb-pod-1186-tuned-1650,8034
9803,failed,paib-gpu/openb-pod-5728-tuned-1651,8034
9804,failed,paib-gpu/openb-pod-5466-tuned-1652,8034
9805,create,paib-gpu/openb-pod-6449-tuned-1653,8035
9806,create,paib-gpu/openb-pod-1322-tuned-1654,8036
9807,failed,paib-gpu/openb-pod-1156-tuned-1655,8036
9808,failed,paib-gpu/openb-pod-0105-tuned-1656,8036
9809,failed,paib-gpu/openb-pod-7299-tuned-1657,8036
9810,failed,paib-gpu/openb-pod-5723-tuned-1658,8036
9811,failed,paib-gpu/openb-pod-1167-tuned-1659,8036
9812,create,paib-gpu/openb-pod-1267-tuned-1660,8037
9813,failed,paib-gpu/openb-pod-7409-tuned-1661,8037
9814,failed,paib-gpu/openb-pod-3640-tuned-1662,8037
9815,failed,paib-gpu/openb-pod-4246-tuned-1663,8037
9816,failed,paib-gpu/openb-pod-0716-tuned-1664,8037
9817,failed,paib-gpu/openb-pod-4829-tuned-1665,8037
9818,failed,paib-gpu/openb-pod-0000-tuned-1666,8037
9819,failed,paib-gpu/openb-pod-3417-tuned-1667,8037
9820,failed,paib-gpu/openb-pod-2137-tuned-1668,8037
9821,failed,paib-gpu/openb-pod-1174-tuned-1669,8037
9822,failed,paib-gpu/openb-pod-5988-tuned-1670,8037
9823,failed,paib-gpu/openb-pod-4094-tuned-1671,8037
9824,failed,paib-gpu/openb-pod-0217-tuned-1672,8037
9825,create,paib-gpu/openb-pod-3196-tuned-1673,8038
9826,failed,paib-gpu/openb-pod-6415-tuned-1674,8038
9827,create,paib-gpu/openb-pod-1138-tuned-1675,8039
9828,failed,paib-gpu/openb-pod-5988-tuned-1676,8039
9829,create,paib-gpu/openb-pod-4693-tuned-1677,8040
9830,failed,paib-gpu/openb-pod-5756-tuned-1678,8040
9831,failed,paib-gpu/openb-pod-6578-tuned-1679,8040
9832,failed,paib-gpu/openb-pod-7406-tuned-1680,8040
9833,failed,paib-gpu/openb-pod-6863-tuned-1681,8040
9834,failed,paib-gpu/openb-pod-3825-tuned-1682,8040
9835,failed,paib-gpu/openb-pod-4617-tuned-1683,8040
9836,create,paib-gpu/openb-pod-7842-tuned-1684,8041
9837,failed,paib-gpu/openb-pod-1805-tuned-1685,8041
9838,create,paib-gpu/openb-pod-3442-tuned-1686,8042
9839,failed,paib-gpu/openb-pod-5297-tuned-1687,8042
9840,failed,paib-gpu/openb-pod-0283-tuned-1688,8042
9841,failed,paib-gpu/openb-pod-0614-tuned-1689,8042
9842,failed,paib-gpu/openb-pod-5761-tuned-1690,8042
9843,failed,paib-gpu/openb-pod-5756-tuned-1691,8042
9844,failed,paib-gpu/openb-pod-5136-tuned-1692,8042
9845,failed,paib-gpu/openb-pod-7584-tuned-1693,8042
9846,failed,paib-gpu/openb-pod-8069-tuned-1694,8042
9847,failed,paib-gpu/openb-pod-5468-tuned-1695,8042
9848,create,paib-gpu/openb-pod-1284-tuned-1696,8043
9849,failed,paib-gpu/openb-pod-6223-tuned-1697,8043
9850,failed,paib-gpu/openb-pod-2813-tuned-1698,8043
9851,failed,paib-gpu/openb-pod-1757-tuned-1699,8043
9852,create,paib-gpu/openb-pod-2761-tuned-1700,8044
9853,failed,paib-gpu/openb-pod-6890-tuned-1701,8044
9854,failed,paib-gpu/openb-pod-7826-tuned-1702,8044
9855,failed,paib-gpu/openb-pod-0458-tuned-1703,8044
9856,failed,paib-gpu/openb-pod-7280-tuned-1704,8044
9857,failed,paib-gpu/openb-pod-1993-tuned-1705,8044
9858,failed,paib-gpu/openb-pod-2730-tuned-1706,8044
9859,failed,paib-gpu/openb-pod-6676-tuned-1707,8044
9860,failed,paib-gpu/openb-pod-7998-tuned-1708,8044
9861,failed,paib-gpu/openb-pod-7582-tuned-1709,8044
9862,create,paib-gpu/openb-pod-5692-tuned-1710,8045
9863,create,paib-gpu/openb-pod-1203-tuned-1711,8046
9864,failed,paib-gpu/openb-pod-2913-tuned-1712,8046
9865,failed,paib-gpu/openb-pod-0405-tuned-1713,8046
9866,failed,paib-gpu/openb-pod-0889-tuned-1714,8046
9867,create,paib-gpu/openb-pod-6483-tuned-1715,8047
9868,create,paib-gpu/openb-pod-7840-tuned-1716,8048
9869,create,paib-gpu/openb-pod-3018-tuned-1717,8049
9870,failed,paib-gpu/openb-pod-0692-tuned-1718,8049
9871,create,paib-gpu/openb-pod-5541-tuned-1719,8050
9872,failed,paib-gpu/openb-pod-6723-tuned-1720,8050
9873,failed,paib-gpu/openb-pod-6277-tuned-1721,8050
9874,failed,paib-gpu/openb-pod-6719-tuned-1722,8050
9875,failed,paib-gpu/openb-pod-0778-tuned-1723,8050
9876,failed,paib-gpu/openb-pod-5384-tuned-1724,8050
9877,failed,paib-gpu/openb-pod-7433-tuned-1725,8050
9878,create,paib-gpu/openb-pod-2296-tuned-1726,8051
9879,failed,paib-gpu/openb-pod-1230-tuned-1727,8051
9880,failed,paib-gpu/openb-pod-6547-tuned-1728,8051
9881,create,paib-gpu/openb-pod-2007-tuned-1729,8052
9882,failed,paib-gpu/openb-pod-5067-tuned-1730,8052
9883,failed,paib-gpu/openb-pod-3166-tuned-1731,8052
9884,failed,paib-gpu/openb-pod-3337-tuned-1732,8052
9885,failed,paib-gpu/openb-pod-4991-tuned-1733,8052
9886,failed,paib-gpu/openb-pod-5168-tuned-1734,8052
9887,failed,paib-gpu/openb-pod-5429-tuned-1735,8052
9888,failed,paib-gpu/openb-pod-5112-tuned-1736,8052
9889,failed,paib-gpu/openb-pod-4828-tuned-1737,8052
9890,failed,paib-gpu/openb-pod-0708-tuned-1738,8052
9891,failed,paib-gpu/openb-pod-7583-tuned-1739,8052
9892,failed,paib-gpu/openb-pod-7855-tuned-1740,8052
9893,failed,paib-gpu/openb-pod-1252-tuned-1741,8052
9894,failed,paib-gpu/openb-pod-7025-tuned-1742,8052
9895,failed,paib-gpu/openb-pod-3662-tuned-1743,8052
9896,failed,paib-gpu/openb-pod-6671-tuned-1744,8052
9897,create,paib-gpu/openb-pod-1387-tuned-1745,8053
9898,failed,paib-gpu/openb-pod-4861-tuned-1746,8053
9899,failed,paib-gpu/openb-pod-1392-tuned-1747,8053
9900,failed,paib-gpu/openb-pod-0471-tuned-1748,8053
9901,create,paib-gpu/openb-pod-1537-tuned-1749,8054
9902,failed,paib-gpu/openb-pod-4691-tuned-1750,8054
9903,failed,paib-gpu/openb-pod-4968-tuned-1751,8054
9904,failed,paib-gpu/openb-pod-3259-tuned-1752,8054
9905,failed,paib-gpu/openb-pod-6038-tuned-1753,8054
9906,create,paib-gpu/openb-pod-4325-tuned-1754,8055
9907,failed,paib-gpu/openb-pod-0820-tuned-1755,8055
9908,failed,paib-gpu/openb-pod-7250-tuned-1756,8055
9909,failed,paib-gpu/openb-pod-7780-tuned-1757,8055
9910,failed,paib-gpu/openb-pod-0092-tuned-1758,8055
9911,failed,paib-gpu/openb-pod-0819-tuned-1759,8055
9912,create,paib-gpu/openb-pod-4421-tuned-1760,8056
9913,create,paib-gpu/openb-pod-2608-tuned-1761,8057
9914,failed,paib-gpu/openb-pod-0766-tuned-1762,8057
9915,failed,paib-gpu/openb-pod-0138-tuned-1763,8057
9916,failed,paib-gpu/openb-pod-4102-tuned-1764,8057
9917,failed,paib-gpu/openb-pod-2436-tuned-1765,8057
9918,failed,paib-gpu/openb-pod-8112-tuned-1766,8057
9919,failed,paib-gpu/openb-pod-6803-tuned-1767,8057
9920,failed,paib-gpu/openb-pod-6956-tuned-1768,8057
9921,failed,paib-gpu/openb-pod-2187-tuned-1769,8057
9922,failed,paib-gpu/openb-pod-7937-tuned-1770,8057
9923,failed,paib-gpu/openb-pod-6322-tuned-1771,8057
9924,failed,paib-gpu/openb-pod-6522-tuned-1772,8057
9925,failed,paib-gpu/openb-pod-5786-tuned-1773,8057
9926,failed,paib-gpu/openb-pod-6501-tuned-1774,8057
9927,failed,paib-gpu/openb-pod-7113-tuned-1775,8057
9928,failed,paib-gpu/openb-pod-0968-tuned-1776,8057
9929,failed,paib-gpu/openb-pod-5111-tuned-1777,8057
9930,failed,paib-gpu/openb-pod-1395-tuned-1778,8057
9931,failed,paib-gpu/openb-pod-1214-tuned-1779,8057
9932,failed,paib-gpu/openb-pod-7396-tuned-1780,8057
9933,failed,paib-gpu/openb-pod-1235-tuned-1781,8057
9934,failed,paib-gpu/openb-pod-5648-tuned-1782,8057
9935,failed,paib-gpu/openb-pod-1568-tuned-1783,8057
9936,failed,paib-gpu/openb-pod-4836-tuned-1784,8057
9937,failed,paib-gpu/openb-pod-0357-tuned-1785,8057
9938,failed,paib-gpu/openb-pod-3914-tuned-1786,8057
9939,failed,paib-gpu/openb-pod-6284-tuned-1787,8057
9940,failed,paib-gpu/openb-pod-4542-tuned-1788,8057
9941,failed,paib-gpu/openb-pod-4603-tuned-1789,8057
9942,failed,paib-gpu/openb-pod-0616-tuned-1790,8057
9943,failed,paib-gpu/openb-pod-6526-tuned-1791,8057
9944,failed,paib-gpu/openb-pod-2974-tuned-1792,8057
9945,failed,paib-gpu/openb-pod-1636-tuned-1793,8057
9946,failed,paib-gpu/openb-pod-0797-tuned-1794,8057
9947,failed,paib-gpu/openb-pod-0089-tuned-1795,8057
9948,failed,paib-gpu/openb-pod-3262-tuned-1796,8057
9949,failed,paib-gpu/openb-pod-7953-tuned-1797,8057
9950,failed,paib-gpu/openb-pod-2213-tuned-1798,8057
9951,failed,paib-gpu/openb-pod-4109-tuned-1799,8057
9952,failed,paib-gpu/openb-pod-7666-tuned-1800,8057
9953,failed,paib-gpu/openb-pod-2368-tuned-1801,8057
9954,failed,paib-gpu/openb-pod-4114-tuned-1802,8057
9955,failed,paib-gpu/openb-pod-2571-tuned-1803,8057
9956,failed,paib-gpu/openb-pod-1893-tuned-1804,8057
9957,failed,paib-gpu/openb-pod-7094-tuned-1805,8057
9958,failed,paib-gpu/openb-pod-1325-tuned-1806,8057
9959,create,paib-gpu/openb-pod-6611-tuned-1807,8058
9960,create,paib-gpu/openb-pod-0935-tuned-1808,8059
9961,failed,paib-gpu/openb-pod-4374-tuned-1809,8059
9962,create,paib-gpu/openb-pod-3484-tuned-1810,8060
9963,failed,paib-gpu/openb-pod-5517-tuned-1811,8060
9964,failed,paib-gpu/openb-pod-4769-tuned-1812,8060
9965,failed,paib-gpu/openb-pod-7906-tuned-1813,8060
9966,failed,paib-gpu/openb-pod-5741-tuned-1814,8060
9967,failed,paib-gpu/openb-pod-0371-tuned-1815,8060
9968,failed,paib-gpu/openb-pod-6816-tuned-1816,8060
9969,failed,paib-gpu/openb-pod-7105-tuned-1817,8060
9970,failed,paib-gpu/openb-pod-0112-tuned-1818,8060
9971,failed,paib-gpu/openb-pod-2571-tuned-1819,8060
9972,failed,paib-gpu/openb-pod-0757-tuned-1820,8060
9973,failed,paib-gpu/openb-pod-4247-tuned-1821,8060
9974,failed,paib-gpu/openb-pod-5871-tuned-1822,8060
9975,create,paib-gpu/openb-pod-5165-tuned-1823,8061
9976,failed,paib-gpu/openb-pod-1141-tuned-1824,8061
9977,failed,paib-gpu/openb-pod-3921-tuned-1825,8061
9978,failed,paib-gpu/openb-pod-0254-tuned-1826,8061
9979,create,paib-gpu/openb-pod-6891-tuned-1827,8062
9980,failed,paib-gpu/openb-pod-0686-tuned-1828,8062
9981,failed,paib-gpu/openb-pod-6144-tuned-1829,8062
9982,failed,paib-gpu/openb-pod-1721-tuned-1830,8062
9983,create,paib-gpu/openb-pod-6989-tuned-1831,8063
9984,failed,paib-gpu/openb-pod-5098-tuned-1832,8063
9985,failed,paib-gpu/openb-pod-2415-tuned-1833,8063
9986,failed,paib-gpu/openb-pod-3079-tuned-1834,8063
9987,failed,paib-gpu/openb-pod-2885-tuned-1835,8063
9988,failed,paib-gpu/openb-pod-3416-tuned-1836,8063
9989,failed,paib-gpu/openb-pod-7879-tuned-1837,8063
9990,failed,paib-gpu/openb-pod-7071-tuned-1838,8063
9991,failed,paib-gpu/openb-pod-0812-tuned-1839,8063
9992,failed,paib-gpu/openb-pod-7905-tuned-1840,8063
9993,failed,paib-gpu/openb-pod-6979-tuned-1841,8063
9994,failed,paib-gpu/openb-pod-6785-tuned-1842,8063
9995,create,paib-gpu/openb-pod-0887-tuned-1843,8064
9996,failed,paib-gpu/openb-pod-0208-tuned-1844,8064
9997,failed,paib-gpu/openb-pod-0837-tuned-1845,8064
9998,failed,paib-gpu/openb-pod-7817-tuned-1846,8064
9999,failed,paib-gpu/openb-pod-7674-tuned-1847,8064
10000,create,paib-gpu/openb-pod-0649-tuned-1848,8065
10001,create,paib-gpu/openb-pod-6491-tuned-1849,8066
10002,failed,paib-gpu/openb-pod-0363-tuned-1850,8066
10003,failed,paib-gpu/openb-pod-0609-tuned-1851,8066
10004,failed,paib-gpu/openb-pod-8101-tuned-1852,8066
10005,create,paib-gpu/openb-pod-2060-tuned-1853,8067
10006,failed,paib-gpu/openb-pod-1939-tuned-1854,8067
10007,failed,paib-gpu/openb-pod-7297-tuned-1855,8067
10008,failed,paib-gpu/openb-pod-3458-tuned-1856,8067
10009,failed,paib-gpu/openb-pod-3592-tuned-1857,8067
10010,failed,paib-gpu/openb-pod-7022-tuned-1858,8067
10011,failed,paib-gpu/openb-pod-6006-tuned-1859,8067
10012,failed,paib-gpu/openb-pod-4859-tuned-1860,8067
10013,failed,paib-gpu/openb-pod-6981-tuned-1861,8067
10014,failed,paib-gpu/openb-pod-8080-tuned-1862,8067
10015,failed,paib-gpu/openb-pod-6961-tuned-1863,8067
10016,failed,paib-gpu/openb-pod-0001-tuned-1864,8067
10017,failed,paib-gpu/openb-pod-6858-tuned-1865,8067
10018,failed,paib-gpu/openb-pod-7917-tuned-1866,8067
10019,failed,paib-gpu/openb-pod-6318-tuned-1867,8067
10020,failed,paib-gpu/openb-pod-1206-tuned-1868,8067
10021,failed,paib-gpu/openb-pod-0041-tuned-1869,8067
10022,failed,paib-gpu/openb-pod-3883-tuned-1870,8067
10023,failed,paib-gpu/openb-pod-4368-tuned-1871,8067
10024,failed,paib-gpu/openb-pod-2479-tuned-1872,8067
10025,failed,paib-gpu/openb-pod-2082-tuned-1873,8067
10026,failed,paib-gpu/openb-pod-4251-tuned-1874,8067
10027,failed,paib-gpu/openb-pod-0578-tuned-1875,8067
10028,failed,paib-gpu/openb-pod-4406-tuned-1876,8067
10029,failed,paib-gpu/openb-pod-2813-tuned-1877,8067
10030,create,paib-gpu/openb-pod-6799-tuned-1878,8068
10031,create,paib-gpu/openb-pod-4817-tuned-1879,8069
10032,failed,paib-gpu/openb-pod-6667-tuned-1880,8069
10033,failed,paib-gpu/openb-pod-1186-tuned-1881,8069
10034,failed,paib-gpu/openb-pod-1581-tuned-1882,8069
10035,failed,paib-gpu/openb-pod-6023-tuned-1883,8069
10036,failed,paib-gpu/openb-pod-1977-tuned-1884,8069
10037,failed,paib-gpu/openb-pod-4024-tuned-1885,8069
10038,failed,paib-gpu/openb-pod-2817-tuned-1886,8069
10039,failed,paib-gpu/openb-pod-3841-tuned-1887,8069
10040,create,paib-gpu/openb-pod-4520-tuned-1888,8070
10041,failed,paib-gpu/openb-pod-2985-tuned-1889,8070
10042,failed,paib-gpu/openb-pod-6017-tuned-1890,8070
10043,failed,paib-gpu/openb-pod-6303-tuned-1891,8070
10044,create,paib-gpu/openb-pod-7133-tuned-1892,8071
10045,failed,paib-gpu/openb-pod-7529-tuned-1893,8071
10046,failed,paib-gpu/openb-pod-3202-tuned-1894,8071
10047,failed,paib-gpu/openb-pod-7251-tuned-1895,8071
10048,failed,paib-gpu/openb-pod-6079-tuned-1896,8071
10049,failed,paib-gpu/openb-pod-1650-tuned-1897,8071
10050,failed,paib-gpu/openb-pod-3031-tuned-1898,8071
10051,create,paib-gpu/openb-pod-4505-tuned-1899,8072
10052,failed,paib-gpu/openb-pod-5440-tuned-1900,8072
10053,failed,paib-gpu/openb-pod-7412-tuned-1901,8072
10054,create,paib-gpu/openb-pod-5538-tuned-1902,8073
10055,failed,paib-gpu/openb-pod-2690-tuned-1903,8073
10056,failed,paib-gpu/openb-pod-3163-tuned-1904,8073
10057,create,paib-gpu/openb-pod-1101-tuned-1905,8074
10058,failed,paib-gpu/openb-pod-0488-tuned-1906,8074
10059,create,paib-gpu/openb-pod-6998-tuned-1907,8075
10060,failed,paib-gpu/openb-pod-6935-tuned-1908,8075
10061,failed,paib-gpu/openb-pod-3635-tuned-1909,8075
10062,create,paib-gpu/openb-pod-4485-tuned-1910,8076
10063,failed,paib-gpu/openb-pod-1598-tuned-1911,8076
10064,create,paib-gpu/openb-pod-1350-tuned-1912,8077
10065,failed,paib-gpu/openb-pod-2067-tuned-1913,8077
10066,failed,paib-gpu/openb-pod-0128-tuned-1914,8077
10067,failed,paib-gpu/openb-pod-4512-tuned-1915,8077
10068,failed,paib-gpu/openb-pod-0539-tuned-1916,8077
10069,failed,paib-gpu/openb-pod-3744-tuned-1917,8077
10070,failed,paib-gpu/openb-pod-2843-tuned-1918,8077
10071,failed,paib-gpu/openb-pod-8127-tuned-1919,8077
10072,failed,paib-gpu/openb-pod-2743-tuned-1920,8077
10073,failed,paib-gpu/openb-pod-7541-tuned-1921,8077
10074,failed,paib-gpu/openb-pod-5216-tuned-1922,8077
10075,failed,paib-gpu/openb-pod-7768-tuned-1923,8077
10076,failed,paib-gpu/openb-pod-1080-tuned-1924,8077
10077,failed,paib-gpu/openb-pod-5391-tuned-1925,8077
10078,failed,paib-gpu/openb-pod-0909-tuned-1926,8077
10079,failed,paib-gpu/openb-pod-6119-tuned-1927,8077
10080,create,paib-gpu/openb-pod-7010-tuned-1928,8078
10081,failed,paib-gpu/openb-pod-7989-tuned-1929,8078
10082,failed,paib-gpu/openb-pod-4302-tuned-1930,8078
10083,create,paib-gpu/openb-pod-1368-tuned-1931,8079
10084,failed,paib-gpu/openb-pod-6997-tuned-1932,8079
10085,failed,paib-gpu/openb-pod-1865-tuned-1933,8079
10086,create,paib-gpu/openb-pod-2884-tuned-1934,8080
10087,create,paib-gpu/openb-pod-0940-tuned-1935,8081
10088,failed,paib-gpu/openb-pod-1743-tuned-1936,8081
10089,create,paib-gpu/openb-pod-2389-tuned-1937,8082
10090,create,paib-gpu/openb-pod-2531-tuned-1938,8083
10091,failed,paib-gpu/openb-pod-6019-tuned-1939,8083
10092,failed,paib-gpu/openb-pod-7864-tuned-1940,8083
10093,failed,paib-gpu/openb-pod-0895-tuned-1941,8083
10094,failed,paib-gpu/openb-pod-0752-tuned-1942,8083
10095,failed,paib-gpu/openb-pod-7677-tuned-1943,8083
10096,create,paib-gpu/openb-pod-5802-tuned-1944,8084
10097,failed,paib-gpu/openb-pod-3898-tuned-1945,8084
10098,failed,paib-gpu/openb-pod-3537-tuned-1946,8084
10099,failed,paib-gpu/openb-pod-7924-tuned-1947,8084
10100,failed,paib-gpu/openb-pod-7390-tuned-1948,8084
10101,create,paib-gpu/openb-pod-3469-tuned-1949,8085
10102,failed,paib-gpu/openb-pod-8136-tuned-1950,8085
10103,failed,paib-gpu/openb-pod-3563-tuned-1951,8085
10104,failed,paib-gpu/openb-pod-0736-tuned-1952,8085
10105,failed,paib-gpu/openb-pod-4461-tuned-1953,8085
10106,failed,paib-gpu/openb-pod-6842-tuned-1954,8085
10107,failed,paib-gpu/openb-pod-3010-tuned-1955,8085
10108,failed,paib-gpu/openb-pod-7483-tuned-1956,8085
10109,create,paib-gpu/openb-pod-7185-tuned-1957,8086
10110,failed,paib-gpu/openb-pod-2766-tuned-1958,8086
10111,failed,paib-gpu/openb-pod-3784-tuned-1959,8086
10112,failed,paib-gpu/openb-pod-6466-tuned-1960,8086
10113,failed,paib-gpu/openb-pod-2668-tuned-1961,8086
10114,failed,paib-gpu/openb-pod-8098-tuned-1962,8086
10115,create,paib-gpu/openb-pod-5357-tuned-1963,8087
10116,failed,paib-gpu/openb-pod-2685-tuned-1964,8087
10117,failed,paib-gpu/openb-pod-2369-tuned-1965,8087
10118,failed,paib-gpu/openb-pod-1504-tuned-1966,8087
10119,failed,paib-gpu/openb-pod-3440-tuned-1967,8087
10120,failed,paib-gpu/openb-pod-7776-tuned-1968,8087
10121,failed,paib-gpu/openb-pod-5405-tuned-1969,8087
10122,failed,paib-gpu/openb-pod-5584-tuned-1970,8087
10123,failed,paib-gpu/openb-pod-0481-tuned-1971,8087
10124,failed,paib-gpu/openb-pod-2901-tuned-1972,8087
10125,failed,paib-gpu/openb-pod-1465-tuned-1973,8087
10126,failed,paib-gpu/openb-pod-3969-tuned-1974,8087
10127,failed,paib-gpu/openb-pod-3502-tuned-1975,8087
10128,failed,paib-gpu/openb-pod-0831-tuned-1976,8087
10129,failed,paib-gpu/openb-pod-6101-tuned-1977,8087
10130,failed,paib-gpu/openb-pod-4180-tuned-1978,8087
10131,failed,paib-gpu/openb-pod-0135-tuned-1979,8087
10132,failed,paib-gpu/openb-pod-6395-tuned-1980,8087
10133,failed,paib-gpu/openb-pod-5939-tuned-1981,8087
10134,failed,paib-gpu/openb-pod-1053-tuned-1982,8087
10135,failed,paib-gpu/openb-pod-0245-tuned-1983,8087
10136,failed,paib-gpu/openb-pod-7645-tuned-1984,8087
10137,failed,paib-gpu/openb-pod-7090-tuned-1985,8087
10138,create,paib-gpu/openb-pod-8114-tuned-1986,8088
10139,failed,paib-gpu/openb-pod-7570-tuned-1987,8088
10140,failed,paib-gpu/openb-pod-5547-tuned-1988,8088
10141,failed,paib-gpu/openb-pod-2889-tuned-1989,8088
10142,failed,paib-gpu/openb-pod-6806-tuned-1990,8088
10143,create,paib-gpu/openb-pod-1768-tuned-1991,8089
10144,failed,paib-gpu/openb-pod-6078-tuned-1992,8089
10145,failed,paib-gpu/openb-pod-6847-tuned-1993,8089
10146,failed,paib-gpu/openb-pod-6774-tuned-1994,8089
10147,failed,paib-gpu/openb-pod-3642-tuned-1995,8089
10148,failed,paib-gpu/openb-pod-1143-tuned-1996,8089
10149,failed,paib-gpu/openb-pod-3038-tuned-1997,8089
10150,failed,paib-gpu/openb-pod-5671-tuned-1998,8089
10151,failed,paib-gpu/openb-pod-4493-tuned-1999,8089
10152,create,paib-gpu/openb-pod-6183-tuned-2000,8090
10153,failed,paib-gpu/openb-pod-0449-tuned-2001,8090
10154,failed,paib-gpu/openb-pod-4278-tuned-2002,8090
10155,create,paib-gpu/openb-pod-2658-tuned-2003,8091
10156,failed,paib-gpu/openb-pod-5866-tuned-2004,8091
10157,failed,paib-gpu/openb-pod-2714-tuned-2005,8091
10158,failed,paib-gpu/openb-pod-7521-tuned-2006,8091
10159,failed,paib-gpu/openb-pod-0273-tuned-2007,8091
10160,failed,paib-gpu/openb-pod-4695-tuned-2008,8091
10161,failed,paib-gpu/openb-pod-3894-tuned-2009,8091
10162,failed,paib-gpu/openb-pod-5737-tuned-2010,8091
10163,failed,paib-gpu/openb-pod-5525-tuned-2011,8091
10164,create,paib-gpu/openb-pod-1314-tuned-2012,8092
10165,failed,paib-gpu/openb-pod-2073-tuned-2013,8092
10166,failed,paib-gpu/openb-pod-6011-tuned-2014,8092
10167,create,paib-gpu/openb-pod-1897-tuned-2015,8093
10168,failed,paib-gpu/openb-pod-3131-tuned-2016,8093
10169,failed,paib-gpu/openb-pod-7194-tuned-2017,8093
10170,failed,paib-gpu/openb-pod-2257-tuned-2018,8093
10171,failed,paib-gpu/openb-pod-4236-tuned-2019,8093
10172,failed,paib-gpu/openb-pod-0644-tuned-2020,8093
10173,failed,paib-gpu/openb-pod-7756-tuned-2021,8093
10174,create,paib-gpu/openb-pod-2252-tuned-2022,8094
10175,failed,paib-gpu/openb-pod-7356-tuned-2023,8094
10176,failed,paib-gpu/openb-pod-5581-tuned-2024,8094
10177,failed,paib-gpu/openb-pod-0351-tuned-2025,8094
10178,create,paib-gpu/openb-pod-3886-tuned-2026,8095
10179,failed,paib-gpu/openb-pod-7923-tuned-2027,8095
10180,failed,paib-gpu/openb-pod-7084-tuned-2028,8095
10181,failed,paib-gpu/openb-pod-3062-tuned-2029,8095
10182,failed,paib-gpu/openb-pod-3698-tuned-2030,8095
10183,failed,paib-gpu/openb-pod-0704-tuned-2031,8095
10184,failed,paib-gpu/openb-pod-4109-tuned-2032,8095
10185,failed,paib-gpu/openb-pod-5333-tuned-2033,8095
10186,failed,paib-gpu/openb-pod-6552-tuned-2034,8095
10187,failed,paib-gpu/openb-pod-7307-tuned-2035,8095
10188,create,paib-gpu/openb-pod-5438-tuned-2036,8096
10189,failed,paib-gpu/openb-pod-6846-tuned-2037,8096
10190,failed,paib-gpu/openb-pod-0286-tuned-2038,8096
10191,failed,paib-gpu/openb-pod-0908-tuned-2039,8096
10192,create,paib-gpu/openb-pod-1101-tuned-2040,8097
10193,create,paib-gpu/openb-pod-6573-tuned-2041,8098
10194,failed,paib-gpu/openb-pod-5803-tuned-2042,8098
10195,failed,paib-gpu/openb-pod-7801-tuned-2043,8098
10196,failed,paib-gpu/openb-pod-1581-tuned-2044,8098
10197,failed,paib-gpu/openb-pod-6784-tuned-2045,8098
10198,failed,paib-gpu/openb-pod-1076-tuned-2046,8098
10199,failed,paib-gpu/openb-pod-1683-tuned-2047,8098
10200,failed,paib-gpu/openb-pod-5890-tuned-2048,8098
10201,create,paib-gpu/openb-pod-0932-tuned-2049,8099
10202,create,paib-gpu/openb-pod-6463-tuned-2050,8100
10203,failed,paib-gpu/openb-pod-1753-tuned-2051,8100
10204,failed,paib-gpu/openb-pod-4354-tuned-2052,8100
10205,failed,paib-gpu/openb-pod-6834-tuned-2053,8100
10206,failed,paib-gpu/openb-pod-5444-tuned-2054,8100
10207,create,paib-gpu/openb-pod-3018-tuned-2055,8101
10208,failed,paib-gpu/openb-pod-0104-tuned-2056,8101
10209,failed,paib-gpu/openb-pod-6339-tuned-2057,8101
10210,failed,paib-gpu/openb-pod-0290-tuned-2058,8101
10211,failed,paib-gpu/openb-pod-1769-tuned-2059,8101
10212,failed,paib-gpu/openb-pod-3879-tuned-2060,8101
10213,failed,paib-gpu/openb-pod-3941-tuned-2061,8101
10214,failed,paib-gpu/openb-pod-2229-tuned-2062,8101
10215,failed,paib-gpu/openb-pod-7539-tuned-2063,8101
10216,failed,paib-gpu/openb-pod-2739-tuned-2064,8101
10217,failed,paib-gpu/openb-pod-6883-tuned-2065,8101
10218,failed,paib-gpu/openb-pod-6342-tuned-2066,8101
10219,failed,paib-gpu/openb-pod-6473-tuned-2067,8101
10220,create,paib-gpu/openb-pod-6987-tuned-2068,8102
10221,failed,paib-gpu/openb-pod-0660-tuned-2069,8102
10222,failed,paib-gpu/openb-pod-4166-tuned-2070,8102
10223,failed,paib-gpu/openb-pod-0262-tuned-2071,8102
10224,create,paib-gpu/openb-pod-1777-tuned-2072,8103
10225,failed,paib-gpu/openb-pod-5526-tuned-2073,8103
10226,failed,paib-gpu/openb-pod-7278-tuned-2074,8103
10227,create,paib-gpu/openb-pod-4527-tuned-2075,8104
10228,failed,paib-gpu/openb-pod-1814-tuned-2076,8104
10229,failed,paib-gpu/openb-pod-1066-tuned-2077,8104
10230,failed,paib-gpu/openb-pod-6202-tuned-2078,8104
10231,failed,paib-gpu/openb-pod-2666-tuned-2079,8104
10232,failed,paib-gpu/openb-pod-1221-tuned-2080,8104
10233,failed,paib-gpu/openb-pod-7598-tuned-2081,8104
10234,failed,paib-gpu/openb-pod-0698-tuned-2082,8104
10235,failed,paib-gpu/openb-pod-2255-tuned-2083,8104
10236,failed,paib-gpu/openb-pod-7440-tuned-2084,8104
10237,failed,paib-gpu/openb-pod-5501-tuned-2085,8104
10238,failed,paib-gpu/openb-pod-7837-tuned-2086,8104
10239,failed,paib-gpu/openb-pod-6774-tuned-2087,8104
10240,failed,paib-gpu/openb-pod-1623-tuned-2088,8104
10241,failed,paib-gpu/openb-pod-0692-tuned-2089,8104
10242,create,paib-gpu/openb-pod-3462-tuned-2090,8105
10243,failed,paib-gpu/openb-pod-2229-tuned-2091,8105
10244,failed,paib-gpu/openb-pod-6629-tuned-2092,8105
10245,failed,paib-gpu/openb-pod-0191-tuned-2093,8105
10246,failed,paib-gpu/openb-pod-2853-tuned-2094,8105
10247,failed,paib-gpu/openb-pod-6835-tuned-2095,8105
10248,failed,paib-gpu/openb-pod-3775-tuned-2096,8105
10249,failed,paib-gpu/openb-pod-4383-tuned-2097,8105
10250,failed,paib-gpu/openb-pod-4939-tuned-2098,8105
10251,failed,paib-gpu/openb-pod-7383-tuned-2099,8105
10252,failed,paib-gpu/openb-pod-4060-tuned-2100,8105
10253,failed,paib-gpu/openb-pod-4875-tuned-2101,8105
10254,failed,paib-gpu/openb-pod-1436-tuned-2102,8105
10255,failed,paib-gpu/openb-pod-0654-tuned-2103,8105
10256,failed,paib-gpu/openb-pod-0095-tuned-2104,8105
10257,failed,paib-gpu/openb-pod-6567-tuned-2105,8105
10258,failed,paib-gpu/openb-pod-4314-tuned-2106,8105
10259,failed,paib-gpu/openb-pod-0469-tuned-2107,8105
10260,failed,paib-gpu/openb-pod-0021-tuned-2108,8105
10261,failed,paib-gpu/openb-pod-0100-tuned-2109,8105
10262,create,paib-gpu/openb-pod-6064-tuned-2110,8106
10263,create,paib-gpu/openb-pod-2486-tuned-2111,8107
10264,failed,paib-gpu/openb-pod-5010-tuned-2112,8107
10265,failed,paib-gpu/openb-pod-6188-tuned-2113,8107
10266,failed,paib-gpu/openb-pod-2673-tuned-2114,8107
10267,create,paib-gpu/openb-pod-4226-tuned-2115,8108
10268,failed,paib-gpu/openb-pod-6994-tuned-2116,8108
10269,failed,paib-gpu/openb-pod-3582-tuned-2117,8108
10270,failed,paib-gpu/openb-pod-1637-tuned-2118,8108
10271,failed,paib-gpu/openb-pod-2558-tuned-2119,8108
10272,failed,paib-gpu/openb-pod-2029-tuned-2120,8108
10273,failed,paib-gpu/openb-pod-5766-tuned-2121,8108
10274,failed,paib-gpu/openb-pod-7041-tuned-2122,8108
10275,failed,paib-gpu/openb-pod-0227-tuned-2123,8108
10276,failed,paib-gpu/openb-pod-4430-tuned-2124,8108
10277,failed,paib-gpu/openb-pod-5394-tuned-2125,8108
10278,failed,paib-gpu/openb-pod-7186-tuned-2126,8108
10279,create,paib-gpu/openb-pod-0404-tuned-2127,8109
10280,failed,paib-gpu/openb-pod-1082-tuned-2128,8109
10281,failed,paib-gpu/openb-pod-3124-tuned-2129,8109
10282,failed,paib-gpu/openb-pod-6746-tuned-2130,8109
10283,failed,paib-gpu/openb-pod-6030-tuned-2131,8109
10284,failed,paib-gpu/openb-pod-1143-tuned-2132,8109
10285,failed,paib-gpu/openb-pod-1535-tuned-2133,8109
10286,create,paib-gpu/openb-pod-4069-tuned-2134,8110
10287,create,paib-gpu/openb-pod-0951-tuned-2135,8111
10288,failed,paib-gpu/openb-pod-1253-tuned-2136,8111
10289,failed,paib-gpu/openb-pod-4646-tuned-2137,8111
10290,failed,paib-gpu/openb-pod-5734-tuned-2138,8111
10291,failed,paib-gpu/openb-pod-4309-tuned-2139,8111
10292,failed,paib-gpu/openb-pod-7353-tuned-2140,8111
10293,failed,paib-gpu/openb-pod-3908-tuned-2141,8111
10294,failed,paib-gpu/openb-pod-6547-tuned-2142,8111
10295,create,paib-gpu/openb-pod-3188-tuned-2143,8112
10296,failed,paib-gpu/openb-pod-4641-tuned-2144,8112
10297,failed,paib-gpu/openb-pod-1282-tuned-2145,8112
10298,failed,paib-gpu/openb-pod-0062-tuned-2146,8112
10299,failed,paib-gpu/openb-pod-1892-tuned-2147,8112
10300,failed,paib-gpu/openb-pod-0249-tuned-2148,8112
10301,create,paib-gpu/openb-pod-6852-tuned-2149,8113
10302,failed,paib-gpu/openb-pod-2564-tuned-2150,8113
10303,failed,paib-gpu/openb-pod-3453-tuned-2151,8113
10304,failed,paib-gpu/openb-pod-3162-tuned-2152,8113
10305,failed,paib-gpu/openb-pod-3778-tuned-2153,8113
10306,failed,paib-gpu/openb-pod-0537-tuned-2154,8113
10307,create,paib-gpu/openb-pod-2473-tuned-2155,8114
10308,failed,paib-gpu/openb-pod-0770-tuned-2156,8114
10309,failed,paib-gpu/openb-pod-6960-tuned-2157,8114
10310,failed,paib-gpu/openb-pod-3590-tuned-2158,8114
10311,failed,paib-gpu/openb-pod-8128-tuned-2159,8114
10312,failed,paib-gpu/openb-pod-0987-tuned-2160,8114
10313,failed,paib-gpu/openb-pod-1022-tuned-2161,8114
10314,create,paib-gpu/openb-pod-1280-tuned-2162,8115
10315,failed,paib-gpu/openb-pod-2324-tuned-2163,8115
10316,failed,paib-gpu/openb-pod-3073-tuned-2164,8115
10317,failed,paib-gpu/openb-pod-3254-tuned-2165,8115
10318,failed,paib-gpu/openb-pod-5972-tuned-2166,8115
10319,failed,paib-gpu/openb-pod-1434-tuned-2167,8115
10320,failed,paib-gpu/openb-pod-3579-tuned-2168,8115
10321,failed,paib-gpu/openb-pod-6884-tuned-2169,8115
10322,failed,paib-gpu/openb-pod-0107-tuned-2170,8115
10323,failed,paib-gpu/openb-pod-8047-tuned-2171,8115
10324,failed,paib-gpu/openb-pod-2305-tuned-2172,8115
10325,failed,paib-gpu/openb-pod-0419-tuned-2173,8115
10326,failed,paib-gpu/openb-pod-1633-tuned-2174,8115
10327,failed,paib-gpu/openb-pod-4708-tuned-2175,8115
10328,create,paib-gpu/openb-pod-1094-tuned-2176,8116
10329,failed,paib-gpu/openb-pod-7942-tuned-2177,8116
10330,failed,paib-gpu/openb-pod-1788-tuned-2178,8116
10331,failed,paib-gpu/openb-pod-5056-tuned-2179,8116
10332,failed,paib-gpu/openb-pod-2000-tuned-2180,8116
10333,failed,paib-gpu/openb-pod-7109-tuned-2181,8116
10334,failed,paib-gpu/openb-pod-5071-tuned-2182,8116
10335,failed,paib-gpu/openb-pod-2818-tuned-2183,8116
10336,failed,paib-gpu/openb-pod-5681-tuned-2184,8116
10337,create,paib-gpu/openb-pod-1296-tuned-2185,8117
10338,failed,paib-gpu/openb-pod-5465-tuned-2186,8117
10339,failed,paib-gpu/openb-pod-6374-tuned-2187,8117
10340,failed,paib-gpu/openb-pod-8013-tuned-2188,8117
10341,failed,paib-gpu/openb-pod-3753-tuned-2189,8117
10342,create,paib-gpu/openb-pod-3180-tuned-2190,8118
10343,failed,paib-gpu/openb-pod-1704-tuned-2191,8118
10344,failed,paib-gpu/openb-pod-0398-tuned-2192,8118
10345,create,paib-gpu/openb-pod-1846-tuned-2193,8119
10346,failed,paib-gpu/openb-pod-4426-tuned-2194,8119
10347,failed,paib-gpu/openb-pod-4997-tuned-2195,8119
10348,failed,paib-gpu/openb-pod-4807-tuned-2196,8119
10349,failed,paib-gpu/openb-pod-0379-tuned-2197,8119
10350,failed,paib-gpu/openb-pod-7702-tuned-2198,8119
10351,failed,paib-gpu/openb-pod-1637-tuned-2199,8119
10352,failed,paib-gpu/openb-pod-7068-tuned-2200,8119
10353,failed,paib-gpu/openb-pod-0198-tuned-2201,8119
10354,failed,paib-gpu/openb-pod-4156-tuned-2202,8119
10355,failed,paib-gpu/openb-pod-0569-tuned-2203,8119
10356,failed,paib-gpu/openb-pod-0823-tuned-2204,8119
10357,failed,paib-gpu/openb-pod-2920-tuned-2205,8119
10358,create,paib-gpu/openb-pod-2990-tuned-2206,8120
10359,failed,paib-gpu/openb-pod-3212-tuned-2207,8120
10360,failed,paib-gpu/openb-pod-7573-tuned-2208,8120
10361,failed,paib-gpu/openb-pod-7404-tuned-2209,8120
10362,failed,paib-gpu/openb-pod-6894-tuned-2210,8120
10363,failed,paib-gpu/openb-pod-7560-tuned-2211,8120
10364,failed,paib-gpu/openb-pod-3761-tuned-2212,8120
10365,failed,paib-gpu/openb-pod-7396-tuned-2213,8120
10366,failed,paib-gpu/openb-pod-4628-tuned-2214,8120
10367,failed,paib-gpu/openb-pod-1821-tuned-2215,8120
10368,failed,paib-gpu/openb-pod-2914-tuned-2216,8120
10369,create,paib-gpu/openb-pod-0465-tuned-2217,8121
10370,failed,paib-gpu/openb-pod-7768-tuned-2218,8121
10371,failed,paib-gpu/openb-pod-7055-tuned-2219,8121
10372,failed,paib-gpu/openb-pod-1981-tuned-2220,8121
10373,failed,paib-gpu/openb-pod-5609-tuned-2221,8121
10374,failed,paib-gpu/openb-pod-4493-tuned-2222,8121
10375,failed,paib-gpu/openb-pod-4207-tuned-2223,8121
10376,failed,paib-gpu/openb-pod-0397-tuned-2224,8121
10377,failed,paib-gpu/openb-pod-7980-tuned-2225,8121
10378,failed,paib-gpu/openb-pod-6455-tuned-2226,8121
10379,failed,paib-gpu/openb-pod-1567-tuned-2227,8121
10380,failed,paib-gpu/openb-pod-7211-tuned-2228,8121
10381,create,paib-gpu/openb-pod-2199-tuned-2229,8122
10382,failed,paib-gpu/openb-pod-0608-tuned-2230,8122
10383,create,paib-gpu/openb-pod-5347-tuned-2231,8123
10384,failed,paib-gpu/openb-pod-6484-tuned-2232,8123
10385,failed,paib-gpu/openb-pod-3261-tuned-2233,8123
10386,failed,paib-gpu/openb-pod-0679-tuned-2234,8123
10387,failed,paib-gpu/openb-pod-1394-tuned-2235,8123
10388,failed,paib-gpu/openb-pod-4347-tuned-2236,8123
10389,failed,paib-gpu/openb-pod-4459-tuned-2237,8123
10390,failed,paib-gpu/openb-pod-0856-tuned-2238,8123
10391,create,paib-gpu/openb-pod-1032-tuned-2239,8124
10392,failed,paib-gpu/openb-pod-1802-tuned-2240,8124
10393,failed,paib-gpu/openb-pod-7786-tuned-2241,8124
10394,create,paib-gpu/openb-pod-4650-tuned-2242,8125
10395,create,paib-gpu/openb-pod-1763-tuned-2243,8126
10396,create,paib-gpu/openb-pod-4299-tuned-2244,8127
10397,failed,paib-gpu/openb-pod-6046-tuned-2245,8127
10398,failed,paib-gpu/openb-pod-2680-tuned-2246,8127
10399,failed,paib-gpu/openb-pod-4688-tuned-2247,8127
10400,failed,paib-gpu/openb-pod-3162-tuned-2248,8127
10401,failed,paib-gpu/openb-pod-7696-tuned-2249,8127
10402,failed,paib-gpu/openb-pod-2474-tuned-2250,8127
10403,failed,paib-gpu/openb-pod-5836-tuned-2251,8127
10404,failed,paib-gpu/openb-pod-7567-tuned-2252,8127
10405,failed,paib-gpu/openb-pod-6157-tuned-2253,8127
10406,failed,paib-gpu/openb-pod-5224-tuned-2254,8127
10407,failed,paib-gpu/openb-pod-0492-tuned-2255,8127
10408,failed,paib-gpu/openb-pod-2627-tuned-2256,8127
10409,failed,paib-gpu/openb-pod-6544-tuned-2257,8127
10410,failed,paib-gpu/openb-pod-4666-tuned-2258,8127
10411,failed,paib-gpu/openb-pod-3140-tuned-2259,8127
10412,failed,paib-gpu/openb-pod-5868-tuned-2260,8127
10413,failed,paib-gpu/openb-pod-4582-tuned-2261,8127
10414,failed,paib-gpu/openb-pod-4045-tuned-2262,8127
10415,failed,paib-gpu/openb-pod-4624-tuned-2263,8127
10416,failed,paib-gpu/openb-pod-6780-tuned-2264,8127
10417,failed,paib-gpu/openb-pod-3650-tuned-2265,8127
10418,failed,paib-gpu/openb-pod-5726-tuned-2266,8127
10419,failed,paib-gpu/openb-pod-8041-tuned-2267,8127
10420,failed,paib-gpu/openb-pod-2900-tuned-2268,8127
10421,failed,paib-gpu/openb-pod-4783-tuned-2269,8127
10422,failed,paib-gpu/openb-pod-4997-tuned-2270,8127
10423,failed,paib-gpu/openb-pod-4100-tuned-2271,8127
10424,failed,paib-gpu/openb-pod-7035-tuned-2272,8127
10425,failed,paib-gpu/openb-pod-3895-tuned-2273,8127
10426,failed,paib-gpu/openb-pod-3866-tuned-2274,8127
10427,failed,paib-gpu/openb-pod-4127-tuned-2275,8127
10428,failed,paib-gpu/openb-pod-1545-tuned-2276,8127
10429,failed,paib-gpu/openb-pod-3702-tuned-2277,8127
10430,failed,paib-gpu/openb-pod-6809-tuned-2278,8127
10431,failed,paib-gpu/openb-pod-5451-tuned-2279,8127
10432,failed,paib-gpu/openb-pod-1181-tuned-2280,8127
10433,failed,paib-gpu/openb-pod-2959-tuned-2281,8127
10434,failed,paib-gpu/openb-pod-5032-tuned-2282,8127
10435,failed,paib-gpu/openb-pod-3573-tuned-2283,8127
10436,failed,paib-gpu/openb-pod-2067-tuned-2284,8127
10437,failed,paib-gpu/openb-pod-7071-tuned-2285,8127
10438,failed,paib-gpu/openb-pod-6364-tuned-2286,8127
10439,failed,paib-gpu/openb-pod-5265-tuned-2287,8127
10440,failed,paib-gpu/openb-pod-0609-tuned-2288,8127
10441,failed,paib-gpu/openb-pod-4668-tuned-2289,8127
10442,failed,paib-gpu/openb-pod-3659-tuned-2290,8127
10443,failed,paib-gpu/openb-pod-7811-tuned-2291,8127
10444,failed,paib-gpu/openb-pod-6041-tuned-2292,8127
10445,failed,paib-gpu/openb-pod-4086-tuned-2293,8127
10446,failed,paib-gpu/openb-pod-4901-tuned-2294,8127
10447,failed,paib-gpu/openb-pod-2535-tuned-2295,8127
10448,failed,paib-gpu/openb-pod-7970-tuned-2296,8127
10449,create,paib-gpu/openb-pod-3191-tuned-2297,8128
10450,failed,paib-gpu/openb-pod-3820-tuned-2298,8128
10451,create,paib-gpu/openb-pod-6734-tuned-2299,8129
10452,failed,paib-gpu/openb-pod-7355-tuned-2300,8129
10453,create,paib-gpu/openb-pod-7002-tuned-2301,8130
10454,failed,paib-gpu/openb-pod-6242-tuned-2302,8130
10455,failed,paib-gpu/openb-pod-2695-tuned-2303,8130
10456,failed,paib-gpu/openb-pod-4640-tuned-2304,8130
10457,failed,paib-gpu/openb-pod-6922-tuned-2305,8130
10458,failed,paib-gpu/openb-pod-7091-tuned-2306,8130
10459,failed,paib-gpu/openb-pod-1161-tuned-2307,8130
10460,failed,paib-gpu/openb-pod-3758-tuned-2308,8130
10461,failed,paib-gpu/openb-pod-5113-tuned-2309,8130
10462,failed,paib-gpu/openb-pod-5017-tuned-2310,8130
10463,failed,paib-gpu/openb-pod-7567-tuned-2311,8130
10464,failed,paib-gpu/openb-pod-0613-tuned-2312,8130
10465,failed,paib-gpu/openb-pod-3831-tuned-2313,8130
10466,failed,paib-gpu/openb-pod-2809-tuned-2314,8130
10467,failed,paib-gpu/openb-pod-3361-tuned-2315,8130
10468,failed,paib-gpu/openb-pod-4944-tuned-2316,8130
10469,create,paib-gpu/openb-pod-4986-tuned-2317,8131
10470,create,paib-gpu/openb-pod-5700-tuned-2318,8132
10471,failed,paib-gpu/openb-pod-3989-tuned-2319,8132
10472,failed,paib-gpu/openb-pod-7952-tuned-2320,8132
10473,failed,paib-gpu/openb-pod-6780-tuned-2321,8132
10474,failed,paib-gpu/openb-pod-5127-tuned-2322,8132
10475,failed,paib-gpu/openb-pod-6151-tuned-2323,8132
10476,failed,paib-gpu/openb-pod-2483-tuned-2324,8132
10477,failed,paib-gpu/openb-pod-2758-tuned-2325,8132
10478,failed,paib-gpu/openb-pod-1936-tuned-2326,8132
10479,failed,paib-gpu/openb-pod-4015-tuned-2327,8132
10480,create,paib-gpu/openb-pod-7008-tuned-2328,8133
10481,failed,paib-gpu/openb-pod-6823-tuned-2329,8133
10482,failed,paib-gpu/openb-pod-4829-tuned-2330,8133
10483,failed,paib-gpu/openb-pod-3386-tuned-2331,8133
10484,failed,paib-gpu/openb-pod-6915-tuned-2332,8133
10485,failed,paib-gpu/openb-pod-6176-tuned-2333,8133
10486,failed,paib-gpu/openb-pod-5171-tuned-2334,8133
10487,failed,paib-gpu/openb-pod-0625-tuned-2335,8133
10488,failed,paib-gpu/openb-pod-7259-tuned-2336,8133
10489,failed,paib-gpu/openb-pod-7806-tuned-2337,8133
10490,failed,paib-gpu/openb-pod-1898-tuned-2338,8133
10491,failed,paib-gpu/openb-pod-7391-tuned-2339,8133
10492,create,paib-gpu/openb-pod-1025-tuned-2340,8134
10493,create,paib-gpu/openb-pod-4003-tuned-2341,8135
10494,create,paib-gpu/openb-pod-6090-tuned-2342,8136
10495,failed,paib-gpu/openb-pod-1127-tuned-2343,8136
10496,failed,paib-gpu/openb-pod-5090-tuned-2344,8136
10497,failed,paib-gpu/openb-pod-2485-tuned-2345,8136
10498,failed,paib-gpu/openb-pod-2669-tuned-2346,8136
10499,create,paib-gpu/openb-pod-4693-tuned-2347,8137
10500,failed,paib-gpu/openb-pod-3492-tuned-2348,8137
10501,failed,paib-gpu/openb-pod-0688-tuned-2349,8137
10502,failed,paib-gpu/openb-pod-4728-tuned-2350,8137
10503,failed,paib-gpu/openb-pod-2433-tuned-2351,8137
10504,failed,paib-gpu/openb-pod-1765-tuned-2352,8137
10505,failed,paib-gpu/openb-pod-6083-tuned-2353,8137
10506,failed,paib-gpu/openb-pod-0839-tuned-2354,8137
10507,failed,paib-gpu/openb-pod-7034-tuned-2355,8137
10508,failed,paib-gpu/openb-pod-3792-tuned-2356,8137
10509,failed,paib-gpu/openb-pod-1692-tuned-2357,8137
10510,failed,paib-gpu/openb-pod-2318-tuned-2358,8137
10511,failed,paib-gpu/openb-pod-0657-tuned-2359,8137
10512,failed,paib-gpu/openb-pod-2373-tuned-2360,8137
10513,failed,paib-gpu/openb-pod-3661-tuned-2361,8137
10514,failed,paib-gpu/openb-pod-7377-tuned-2362,8137
10515,failed,paib-gpu/openb-pod-2561-tuned-2363,8137
10516,failed,paib-gpu/openb-pod-1857-tuned-2364,8137
10517,create,paib-gpu/openb-pod-6721-tuned-2365,8138
10518,failed,paib-gpu/openb-pod-6874-tuned-2366,8138
10519,create,paib-gpu/openb-pod-4986-tuned-2367,8139
10520,failed,paib-gpu/openb-pod-7156-tuned-2368,8139
10521,failed,paib-gpu/openb-pod-4542-tuned-2369,8139
10522,failed,paib-gpu/openb-pod-2233-tuned-2370,8139
10523,failed,paib-gpu/openb-pod-6754-tuned-2371,8139
10524,failed,paib-gpu/openb-pod-1667-tuned-2372,8139
10525,failed,paib-gpu/openb-pod-1733-tuned-2373,8139
10526,create,paib-gpu/openb-pod-3526-tuned-2374,8140
10527,failed,paib-gpu/openb-pod-0241-tuned-2375,8140
10528,failed,paib-gpu/openb-pod-0553-tuned-2376,8140
10529,failed,paib-gpu/openb-pod-5744-tuned-2377,8140
10530,create,paib-gpu/openb-pod-2449-tuned-2378,8141
10531,failed,paib-gpu/openb-pod-0397-tuned-2379,8141
10532,failed,paib-gpu/openb-pod-3967-tuned-2380,8141
10533,create,paib-gpu/openb-pod-6523-tuned-2381,8142
10534,failed,paib-gpu/openb-pod-4926-tuned-2382,8142
10535,create,paib-gpu/openb-pod-7032-tuned-2383,8143
10536,failed,paib-gpu/openb-pod-7597-tuned-2384,8143
10537,create,paib-gpu/openb-pod-4118-tuned-2385,8144
10538,failed,paib-gpu/openb-pod-5115-tuned-2386,8144
10539,failed,paib-gpu/openb-pod-1918-tuned-2387,8144
10540,failed,paib-gpu/openb-pod-3174-tuned-2388,8144
10541,failed,paib-gpu/openb-pod-4491-tuned-2389,8144
10542,failed,paib-gpu/openb-pod-2862-tuned-2390,8144
10543,failed,paib-gpu/openb-pod-6474-tuned-2391,8144
10544,failed,paib-gpu/openb-pod-0628-tuned-2392,8144
10545,failed,paib-gpu/openb-pod-5943-tuned-2393,8144
10546,failed,paib-gpu/openb-pod-3898-tuned-2394,8144
10547,failed,paib-gpu/openb-pod-3431-tuned-2395,8144
10548,failed,paib-gpu/openb-pod-2543-tuned-2396,8144
10549,failed,paib-gpu/openb-pod-2758-tuned-2397,8144
10550,failed,paib-gpu/openb-pod-3769-tuned-2398,8144
10551,failed,paib-gpu/openb-pod-2009-tuned-2399,8144
10552,failed,paib-gpu/openb-pod-2041-tuned-2400,8144
10553,failed,paib-gpu/openb-pod-7743-tuned-2401,8144
10554,failed,paib-gpu/openb-pod-0926-tuned-2402,8144
10555,failed,paib-gpu/openb-pod-7720-tuned-2403,8144
10556,failed,paib-gpu/openb-pod-3544-tuned-2404,8144
10557,failed,paib-gpu/openb-pod-1069-tuned-2405,8144
10558,failed,paib-gpu/openb-pod-5644-tuned-2406,8144
10559,failed,paib-gpu/openb-pod-3583-tuned-2407,8144
10560,failed,paib-gpu/openb-pod-3320-tuned-2408,8144
10561,create,paib-gpu/openb-pod-5367-tuned-2409,8145
10562,create,paib-gpu/openb-pod-7217-tuned-2410,8146
10563,failed,paib-gpu/openb-pod-7627-tuned-2411,8146
10564,create,paib-gpu/openb-pod-3252-tuned-2412,8147
10565,failed,paib-gpu/openb-pod-6391-tuned-2413,8147
10566,failed,paib-gpu/openb-pod-0079-tuned-2414,8147
10567,failed,paib-gpu/openb-pod-5194-tuned-2415,8147
10568,failed,paib-gpu/openb-pod-5274-tuned-2416,8147
10569,failed,paib-gpu/openb-pod-5838-tuned-2417,8147
10570,failed,paib-gpu/openb-pod-4512-tuned-2418,8147
10571,failed,paib-gpu/openb-pod-2544-tuned-2419,8147
10572,failed,paib-gpu/openb-pod-7511-tuned-2420,8147
10573,failed,paib-gpu/openb-pod-3702-tuned-2421,8147
10574,failed,paib-gpu/openb-pod-4935-tuned-2422,8147
10575,failed,paib-gpu/openb-pod-7093-tuned-2423,8147
10576,create,paib-gpu/openb-pod-2406-tuned-2424,8148
10577,failed,paib-gpu/openb-pod-0987-tuned-2425,8148
10578,failed,paib-gpu/openb-pod-6349-tuned-2426,8148
10579,failed,paib-gpu/openb-pod-7159-tuned-2427,8148
10580,failed,paib-gpu/openb-pod-6720-tuned-2428,8148
10581,failed,paib-gpu/openb-pod-4354-tuned-2429,8148
10582,failed,paib-gpu/openb-pod-3973-tuned-2430,8148
10583,failed,paib-gpu/openb-pod-4731-tuned-2431,8148
10584,failed,paib-gpu/openb-pod-1609-tuned-2432,8148
10585,failed,paib-gpu/openb-pod-7105-tuned-2433,8148
10586,failed,paib-gpu/openb-pod-5625-tuned-2434,8148
10587,create,paib-gpu/openb-pod-1966-tuned-2435,8149
10588,failed,paib-gpu/openb-pod-0316-tuned-2436,8149
10589,failed,paib-gpu/openb-pod-4794-tuned-2437,8149
10590,failed,paib-gpu/openb-pod-7955-tuned-2438,8149
10591,failed,paib-gpu/openb-pod-0630-tuned-2439,8149
10592,create,paib-gpu/openb-pod-1562-tuned-2440,8150
10593,create,paib-gpu/openb-pod-4371-tuned-2441,8151
10594,failed,paib-gpu/openb-pod-7482-tuned-2442,8151
10595,failed,paib-gpu/openb-pod-1236-tuned-2443,8151
10596,failed,paib-gpu/openb-pod-5486-tuned-2444,8151
10597,failed,paib-gpu/openb-pod-7089-tuned-2445,8151
10598,failed,paib-gpu/openb-pod-1232-tuned-2446,8151
10599,failed,paib-gpu/openb-pod-1386-tuned-2447,8151
10600,create,paib-gpu/openb-pod-1247-tuned-2448,8152
10601,failed,paib-gpu/openb-pod-5591-tuned-2449,8152
10602,create,paib-gpu/openb-pod-6541-tuned-2450,8153
10603,failed,paib-gpu/openb-pod-7861-tuned-2451,8153
10604,failed,paib-gpu/openb-pod-3606-tuned-2452,8153
10605,failed,paib-gpu/openb-pod-7529-tuned-2453,8153
10606,failed,paib-gpu/openb-pod-4344-tuned-2454,8153
10607,failed,paib-gpu/openb-pod-3432-tuned-2455,8153
10608,failed,paib-gpu/openb-pod-1157-tuned-2456,8153
10609,failed,paib-gpu/openb-pod-6045-tuned-2457,8153
10610,failed,paib-gpu/openb-pod-1905-tuned-2458,8153
10611,failed,paib-gpu/openb-pod-3126-tuned-2459,8153
10612,failed,paib-gpu/openb-pod-0282-tuned-2460,8153
10613,failed,paib-gpu/openb-pod-7665-tuned-2461,8153
10614,failed,paib-gpu/openb-pod-0610-tuned-2462,8153
10615,failed,paib-gpu/openb-pod-4351-tuned-2463,8153
10616,failed,paib-gpu/openb-pod-3008-tuned-2464,8153
10617,failed,paib-gpu/openb-pod-7421-tuned-2465,8153
10618,failed,paib-gpu/openb-pod-7853-tuned-2466,8153
10619,failed,paib-gpu/openb-pod-6997-tuned-2467,8153
10620,failed,paib-gpu/openb-pod-3827-tuned-2468,8153
10621,failed,paib-gpu/openb-pod-4735-tuned-2469,8153
10622,failed,paib-gpu/openb-pod-5053-tuned-2470,8153
10623,failed,paib-gpu/openb-pod-5415-tuned-2471,8153
10624,failed,paib-gpu/openb-pod-6208-tuned-2472,8153
10625,failed,paib-gpu/openb-pod-6834-tuned-2473,8153
10626,failed,paib-gpu/openb-pod-6517-tuned-2474,8153
10627,failed,paib-gpu/openb-pod-3075-tuned-2475,8153
10628,failed,paib-gpu/openb-pod-0610-tuned-2476,8153
10629,failed,paib-gpu/openb-pod-2419-tuned-2477,8153
10630,failed,paib-gpu/openb-pod-5000-tuned-2478,8153
10631,failed,paib-gpu/openb-pod-5469-tuned-2479,8153
10632,failed,paib-gpu/openb-pod-5294-tuned-2480,8153
10633,failed,paib-gpu/openb-pod-1385-tuned-2481,8153
10634,create,paib-gpu/openb-pod-5694-tuned-2482,8154
10635,failed,paib-gpu/openb-pod-3148-tuned-2483,8154
10636,failed,paib-gpu/openb-pod-8086-tuned-2484,8154
10637,failed,paib-gpu/openb-pod-2409-tuned-2485,8154
10638,create,paib-gpu/openb-pod-4062-tuned-2486,8155
10639,failed,paib-gpu/openb-pod-3143-tuned-2487,8155
10640,failed,paib-gpu/openb-pod-3008-tuned-2488,8155
10641,failed,paib-gpu/openb-pod-4495-tuned-2489,8155
10642,failed,paib-gpu/openb-pod-6489-tuned-2490,8155
10643,failed,paib-gpu/openb-pod-1593-tuned-2491,8155
10644,failed,paib-gpu/openb-pod-0639-tuned-2492,8155
10645,create,paib-gpu/openb-pod-2511-tuned-2493,8156
10646,failed,paib-gpu/openb-pod-7163-tuned-2494,8156
10647,failed,paib-gpu/openb-pod-6725-tuned-2495,8156
10648,failed,paib-gpu/openb-pod-4904-tuned-2496,8156
10649,failed,paib-gpu/openb-pod-4127-tuned-2497,8156
10650,failed,paib-gpu/openb-pod-3843-tuned-2498,8156
10651,failed,paib-gpu/openb-pod-3148-tuned-2499,8156
10652,create,paib-gpu/openb-pod-0945-tuned-2500,8157
10653,failed,paib-gpu/openb-pod-2262-tuned-2501,8157
10654,failed,paib-gpu/openb-pod-1299-tuned-2502,8157
10655,failed,paib-gpu/openb-pod-6688-tuned-2503,8157
10656,create,paib-gpu/openb-pod-6998-tuned-2504,8158
10657,create,paib-gpu/openb-pod-1363-tuned-2505,8159
10658,failed,paib-gpu/openb-pod-7766-tuned-2506,8159
10659,failed,paib-gpu/openb-pod-6119-tuned-2507,8159
10660,failed,paib-gpu/openb-pod-6518-tuned-2508,8159
10661,failed,paib-gpu/openb-pod-7597-tuned-2509,8159
10662,failed,paib-gpu/openb-pod-7150-tuned-2510,8159
10663,failed,paib-gpu/openb-pod-4019-tuned-2511,8159
10664,failed,paib-gpu/openb-pod-7997-tuned-2512,8159
10665,failed,paib-gpu/openb-pod-2291-tuned-2513,8159
10666,failed,paib-gpu/openb-pod-6632-tuned-2514,8159
10667,failed,paib-gpu/openb-pod-1145-tuned-2515,8159
10668,failed,paib-gpu/openb-pod-3111-tuned-2516,8159
10669,failed,paib-gpu/openb-pod-0633-tuned-2517,8159
10670,create,paib-gpu/openb-pod-5357-tuned-2518,8160
10671,failed,paib-gpu/openb-pod-1743-tuned-2519,8160
10672,create,paib-gpu/openb-pod-6756-tuned-2520,8161
10673,failed,paib-gpu/openb-pod-1002-tuned-2521,8161
10674,failed,paib-gpu/openb-pod-1769-tuned-2522,8161
10675,failed,paib-gpu/openb-pod-0725-tuned-2523,8161
10676,failed,paib-gpu/openb-pod-1429-tuned-2524,8161
10677,failed,paib-gpu/openb-pod-8123-tuned-2525,8161
10678,failed,paib-gpu/openb-pod-3844-tuned-2526,8161
10679,failed,paib-gpu/openb-pod-7967-tuned-2527,8161
10680,failed,paib-gpu/openb-pod-8033-tuned-2528,8161
10681,failed,paib-gpu/openb-pod-7843-tuned-2529,8161
10682,failed,paib-gpu/openb-pod-6160-tuned-2530,8161
10683,failed,paib-gpu/openb-pod-5747-tuned-2531,8161
10684,failed,paib-gpu/openb-pod-0380-tuned-2532,8161
10685,failed,paib-gpu/openb-pod-4489-tuned-2533,8161
10686,failed,paib-gpu/openb-pod-2550-tuned-2534,8161
10687,failed,paib-gpu/openb-pod-0615-tuned-2535,8161
10688,failed,paib-gpu/openb-pod-2174-tuned-2536,8161
10689,failed,paib-gpu/openb-pod-2931-tuned-2537,8161
10690,failed,paib-gpu/openb-pod-2730-tuned-2538,8161
10691,failed,paib-gpu/openb-pod-4572-tuned-2539,8161
10692,failed,paib-gpu/openb-pod-1754-tuned-2540,8161
10693,failed,paib-gpu/openb-pod-5784-tuned-2541,8161
10694,failed,paib-gpu/openb-pod-3435-tuned-2542,8161
10695,failed,paib-gpu/openb-pod-4452-tuned-2543,8161
10696,failed,paib-gpu/openb-pod-4202-tuned-2544,8161
10697,failed,paib-gpu/openb-pod-7279-tuned-2545,8161
10698,create,paib-gpu/openb-pod-1763-tuned-2546,8162
10699,create,paib-gpu/openb-pod-1291-tuned-2547,8163
10700,failed,paib-gpu/openb-pod-5023-tuned-2548,8163
10701,create,paib-gpu/openb-pod-2297-tuned-2549,8164
10702,create,paib-gpu/openb-pod-0940-tuned-2550,8165
10703,failed,paib-gpu/openb-pod-4459-tuned-2551,8165
10704,create,paib-gpu/openb-pod-1197-tuned-2552,8166
10705,failed,paib-gpu/openb-pod-4719-tuned-2553,8166
10706,failed,paib-gpu/openb-pod-0443-tuned-2554,8166
10707,failed,paib-gpu/openb-pod-4271-tuned-2555,8166
10708,failed,paib-gpu/openb-pod-7043-tuned-2556,8166
10709,failed,paib-gpu/openb-pod-7916-tuned-2557,8166
10710,failed,paib-gpu/openb-pod-2482-tuned-2558,8166
10711,failed,paib-gpu/openb-pod-4813-tuned-2559,8166
10712,failed,paib-gpu/openb-pod-1575-tuned-2560,8166
10713,create,paib-gpu/openb-pod-5164-tuned-2561,8167
10714,failed,paib-gpu/openb-pod-7679-tuned-2562,8167
10715,failed,paib-gpu/openb-pod-0703-tuned-2563,8167
10716,failed,paib-gpu/openb-pod-6845-tuned-2564,8167
10717,failed,paib-gpu/openb-pod-6520-tuned-2565,8167
10718,failed,paib-gpu/openb-pod-7871-tuned-2566,8167
10719,failed,paib-gpu/openb-pod-0928-tuned-2567,8167
10720,create,paib-gpu/openb-pod-2916-tuned-2568,8168
10721,create,paib-gpu/openb-pod-5629-tuned-2569,8169
10722,create,paib-gpu/openb-pod-6261-tuned-2570,8170
10723,failed,paib-gpu/openb-pod-6505-tuned-2571,8170
10724,create,paib-gpu/openb-pod-0951-tuned-2572,8171
10725,failed,paib-gpu/openb-pod-6572-tuned-2573,8171
10726,failed,paib-gpu/openb-pod-0002-tuned-2574,8171
10727,failed,paib-gpu/openb-pod-3579-tuned-2575,8171
10728,failed,paib-gpu/openb-pod-8101-tuned-2576,8171
10729,failed,paib-gpu/openb-pod-2072-tuned-2577,8171
10730,failed,paib-gpu/openb-pod-7404-tuned-2578,8171
10731,failed,paib-gpu/openb-pod-7704-tuned-2579,8171
10732,failed,paib-gpu/openb-pod-0339-tuned-2580,8171
10733,failed,paib-gpu/openb-pod-7727-tuned-2581,8171
10734,failed,paib-gpu/openb-pod-6327-tuned-2582,8171
10735,failed,paib-gpu/openb-pod-5848-tuned-2583,8171
10736,failed,paib-gpu/openb-pod-3229-tuned-2584,8171
10737,failed,paib-gpu/openb-pod-4794-tuned-2585,8171
10738,failed,paib-gpu/openb-pod-1678-tuned-2586,8171
10739,failed,paib-gpu/openb-pod-6916-tuned-2587,8171
10740,failed,paib-gpu/openb-pod-1148-tuned-2588,8171
10741,failed,paib-gpu/openb-pod-3710-tuned-2589,8171
10742,failed,paib-gpu/openb-pod-5232-tuned-2590,8171
10743,failed,paib-gpu/openb-pod-5193-tuned-2591,8171
10744,failed,paib-gpu/openb-pod-2928-tuned-2592,8171
10745,create,paib-gpu/openb-pod-5627-tuned-2593,8172
10746,create,paib-gpu/openb-pod-6198-tuned-2594,8173
10747,failed,paib-gpu/openb-pod-0235-tuned-2595,8173
10748,failed,paib-gpu/openb-pod-0889-tuned-2596,8173
10749,create,paib-gpu/openb-pod-1138-tuned-2597,8174
10750,create,paib-gpu/openb-pod-4527-tuned-2598,8175
10751,failed,paib-gpu/openb-pod-8014-tuned-2599,8175
10752,failed,paib-gpu/openb-pod-0422-tuned-2600,8175
10753,failed,paib-gpu/openb-pod-3342-tuned-2601,8175
10754,create,paib-gpu/openb-pod-2314-tuned-2602,8176
10755,failed,paib-gpu/openb-pod-5973-tuned-2603,8176
10756,failed,paib-gpu/openb-pod-6424-tuned-2604,8176
10757,failed,paib-gpu/openb-pod-2146-tuned-2605,8176
10758,failed,paib-gpu/openb-pod-0230-tuned-2606,8176
10759,create,paib-gpu/openb-pod-0915-tuned-2607,8177
10760,failed,paib-gpu/openb-pod-6938-tuned-2608,8177
10761,create,paib-gpu/openb-pod-1097-tuned-2609,8178
10762,create,paib-gpu/openb-pod-0025-tuned-2610,8179
10763,failed,paib-gpu/openb-pod-5476-tuned-2611,8179
10764,failed,paib-gpu/openb-pod-1954-tuned-2612,8179
10765,create,paib-gpu/openb-pod-6259-tuned-2613,8180
10766,create,paib-gpu/openb-pod-1988-tuned-2614,8181
10767,failed,paib-gpu/openb-pod-0345-tuned-2615,8181
10768,create,paib-gpu/openb-pod-2734-tuned-2616,8182
10769,failed,paib-gpu/openb-pod-2676-tuned-2617,8182
10770,failed,paib-gpu/openb-pod-8011-tuned-2618,8182
10771,failed,paib-gpu/openb-pod-3984-tuned-2619,8182
10772,create,paib-gpu/openb-pod-4479-tuned-2620,8183
10773,failed,paib-gpu/openb-pod-1351-tuned-2621,8183
10774,failed,paib-gpu/openb-pod-0298-tuned-2622,8183
10775,failed,paib-gpu/openb-pod-5572-tuned-2623,8183
10776,failed,paib-gpu/openb-pod-1475-tuned-2624,8183
10777,failed,paib-gpu/openb-pod-4022-tuned-2625,8183
10778,create,paib-gpu/openb-pod-2167-tuned-2626,8184
10779,failed,paib-gpu/openb-pod-1484-tuned-2627,8184
10780,create,paib-gpu/openb-pod-6639-tuned-2628,8185
10781,failed,paib-gpu/openb-pod-3756-tuned-2629,8185
10782,failed,paib-gpu/openb-pod-0896-tuned-2630,8185
10783,failed,paib-gpu/openb-pod-5612-tuned-2631,8185
10784,failed,paib-gpu/openb-pod-1009-tuned-2632,8185
10785,create,paib-gpu/openb-pod-6259-tuned-2633,8186
10786,failed,paib-gpu/openb-pod-3432-tuned-2634,8186
10787,failed,paib-gpu/openb-pod-6309-tuned-2635,8186
10788,failed,paib-gpu/openb-pod-3335-tuned-2636,8186
10789,failed,paib-gpu/openb-pod-3268-tuned-2637,8186
10790,failed,paib-gpu/openb-pod-5138-tuned-2638,8186
10791,failed,paib-gpu/openb-pod-2831-tuned-2639,8186
10792,failed,paib-gpu/openb-pod-8032-tuned-2640,8186
10793,failed,paib-gpu/openb-pod-5556-tuned-2641,8186
10794,failed,paib-gpu/openb-pod-1410-tuned-2642,8186
10795,failed,paib-gpu/openb-pod-5384-tuned-2643,8186
10796,failed,paib-gpu/openb-pod-3161-tuned-2644,8186
10797,failed,paib-gpu/openb-pod-7817-tuned-2645,8186
10798,failed,paib-gpu/openb-pod-0354-tuned-2646,8186
10799,failed,paib-gpu/openb-pod-4627-tuned-2647,8186
10800,failed,paib-gpu/openb-pod-6815-tuned-2648,8186
10801,failed,paib-gpu/openb-pod-6357-tuned-2649,8186
10802,failed,paib-gpu/openb-pod-5394-tuned-2650,8186
10803,failed,paib-gpu/openb-pod-1743-tuned-2651,8186
10804,failed,paib-gpu/openb-pod-4894-tuned-2652,8186
10805,failed,paib-gpu/openb-pod-5043-tuned-2653,8186
10806,failed,paib-gpu/openb-pod-5919-tuned-2654,8186
10807,failed,paib-gpu/openb-pod-2664-tuned-2655,8186
10808,failed,paib-gpu/openb-pod-5676-tuned-2656,8186
10809,failed,paib-gpu/openb-pod-5909-tuned-2657,8186
10810,failed,paib-gpu/openb-pod-3583-tuned-2658,8186
10811,failed,paib-gpu/openb-pod-7181-tuned-2659,8186
10812,create,paib-gpu/openb-pod-6464-tuned-2660,8187
10813,failed,paib-gpu/openb-pod-0467-tuned-2661,8187
10814,failed,paib-gpu/openb-pod-5221-tuned-2662,8187
10815,failed,paib-gpu/openb-pod-2967-tuned-2663,8187
10816,failed,paib-gpu/openb-pod-2373-tuned-2664,8187
10817,create,paib-gpu/openb-pod-6782-tuned-2665,8188
10818,failed,paib-gpu/openb-pod-5425-tuned-2666,8188
10819,create,paib-gpu/openb-pod-5490-tuned-2667,8189
10820,failed,paib-gpu/openb-pod-7373-tuned-2668,8189
10821,create,paib-gpu/openb-pod-2484-tuned-2669,8190
10822,failed,paib-gpu/openb-pod-8010-tuned-2670,8190
10823,failed,paib-gpu/openb-pod-4221-tuned-2671,8190
10824,failed,paib-gpu/openb-pod-6604-tuned-2672,8190
10825,create,paib-gpu/openb-pod-6096-tuned-2673,8191
10826,failed,paib-gpu/openb-pod-3777-tuned-2674,8191
10827,failed,paib-gpu/openb-pod-7913-tuned-2675,8191
10828,failed,paib-gpu/openb-pod-0229-tuned-2676,8191
10829,failed,paib-gpu/openb-pod-7710-tuned-2677,8191
10830,create,paib-gpu/openb-pod-1332-tuned-2678,8192
10831,failed,paib-gpu/openb-pod-5133-tuned-2679,8192
10832,failed,paib-gpu/openb-pod-6822-tuned-2680,8192
10833,failed,paib-gpu/openb-pod-2446-tuned-2681,8192
10834,failed,paib-gpu/openb-pod-1742-tuned-2682,8192
10835,failed,paib-gpu/openb-pod-6744-tuned-2683,8192
10836,failed,paib-gpu/openb-pod-0541-tuned-2684,8192
10837,create,paib-gpu/openb-pod-7166-tuned-2685,8193
10838,failed,paib-gpu/openb-pod-0905-tuned-2686,8193
10839,failed,paib-gpu/openb-pod-1301-tuned-2687,8193
10840,failed,paib-gpu/openb-pod-4641-tuned-2688,8193
10841,failed,paib-gpu/openb-pod-3685-tuned-2689,8193
10842,failed,paib-gpu/openb-pod-5805-tuned-2690,8193
10843,failed,paib-gpu/openb-pod-3800-tuned-2691,8193
10844,failed,paib-gpu/openb-pod-8046-tuned-2692,8193
10845,failed,paib-gpu/openb-pod-7196-tuned-2693,8193
10846,failed,paib-gpu/openb-pod-0036-tuned-2694,8193
10847,create,paib-gpu/openb-pod-6558-tuned-2695,8194
10848,failed,paib-gpu/openb-pod-5497-tuned-2696,8194
10849,failed,paib-gpu/openb-pod-3581-tuned-2697,8194
10850,failed,paib-gpu/openb-pod-3217-tuned-2698,8194
10851,failed,paib-gpu/openb-pod-4826-tuned-2699,8194
10852,failed,paib-gpu/openb-pod-7350-tuned-2700,8194
10853,failed,paib-gpu/openb-pod-7286-tuned-2701,8194
10854,create,paib-gpu/openb-pod-0749-tuned-2702,8195
10855,failed,paib-gpu/openb-pod-7749-tuned-2703,8195
10856,failed,paib-gpu/openb-pod-6826-tuned-2704,8195
10857,failed,paib-gpu/openb-pod-4261-tuned-2705,8195
10858,failed,paib-gpu/openb-pod-4048-tuned-2706,8195
10859,failed,paib-gpu/openb-pod-1534-tuned-2707,8195
10860,failed,paib-gpu/openb-pod-6841-tuned-2708,8195
10861,failed,paib-gpu/openb-pod-7617-tuned-2709,8195
10862,failed,paib-gpu/openb-pod-3160-tuned-2710,8195
10863,failed,paib-gpu/openb-pod-5762-tuned-2711,8195
10864,failed,paib-gpu/openb-pod-7197-tuned-2712,8195
10865,failed,paib-gpu/openb-pod-5877-tuned-2713,8195
