ow_default-dr_0.0-tn_1.3-ts_42-if_1.0-ccmd_3722-policy_FGDPredictor1000desharemd6126-de_share-gs_FGDPredictorScore-scmd_6126-origin_milli,ow_default-dr_0.0-tn_1.3-ts_42-if_1.0-ccmd_3722-policy_FGDPredictor1000desharemd6126-de_share-gs_FGDPredictorScore-scmd_6126-origin_ratio,ow_default-dr_0.0-tn_1.3-ts_42-if_1.0-ccmd_3722-policy_FGDPredictor1000desharemd6126-de_share-gs_FGDPredictorScore-scmd_6126-origin_q124,ow_default-dr_0.0-tn_1.3-ts_42-if_1.0-ccmd_3722-policy_FGDPredictor1000desharemd6126-de_share-gs_FGDPredictorScore-scmd_6126-bellman_milli,ow_default-dr_0.0-tn_1.3-ts_42-if_1.0-ccmd_3722-policy_FGDPredictor1000desharemd6126-de_share-gs_FGDPredictorScore-scmd_6126-bellman_ratio
866232.55,13.94,0.35,181459.74,2.92
865816.03,13.94,0.34,180928.13,2.91
865680.05,13.94,0.34,180926.64,2.91
865544.07,13.94,0.34,180978.07,2.91
865408.1,13.94,0.34,180972.11,2.92
864991.57,13.93,0.34,180579.41,2.91
864916.37,13.93,0.34,180389.12,2.91
865106.82,13.94,0.34,180343.66,2.91
864690.3,13.93,0.34,179812.05,2.9
864483.87,13.93,0.33,180504.97,2.91
864067.35,13.93,0.33,179973.37,2.9
863931.37,13.93,0.33,179876.79,2.9
864227.39,13.93,0.33,179876.34,2.9
863865.39,13.93,0.33,179876.34,2.9
863865.39,13.93,0.33,179876.34,2.9
863729.42,13.93,0.33,179953.57,2.9
863664.21,13.93,0.33,179773.29,2.9
863599.01,13.93,0.33,179593.0,2.9
862993.81,13.92,0.32,178872.72,2.89
862857.83,13.92,0.32,178861.05,2.89
862857.83,13.92,0.32,178868.03,2.89
863153.85,13.93,0.33,178827.97,2.89
863153.85,13.93,0.33,178912.27,2.89
862737.33,13.92,0.32,178380.66,2.88
862648.27,13.92,0.32,179358.41,2.89
862648.27,13.92,0.32,179357.96,2.89
862043.07,13.91,0.31,178637.68,2.88
861939.54,13.91,0.32,178699.76,2.88
861523.02,13.91,0.31,178168.16,2.88
861387.04,13.91,0.31,178168.16,2.88
861296.77,13.91,0.31,179014.53,2.89
861160.79,13.91,0.31,179098.72,2.89
861160.79,13.91,0.31,179092.61,2.89
861085.59,13.91,0.31,178902.32,2.89
860949.61,13.91,0.31,178884.17,2.89
860813.63,13.91,0.31,178973.62,2.89
860677.66,13.91,0.31,178963.72,2.89
860541.68,13.91,0.31,178894.31,2.89
860405.7,13.91,0.31,178893.86,2.89
860701.72,13.91,0.32,178893.86,2.89
860701.72,13.91,0.32,178893.86,2.89
860565.75,13.91,0.32,179113.67,2.9
860565.75,13.91,0.32,179113.67,2.9
860429.77,13.91,0.32,179068.24,2.9
860206.31,13.91,0.31,178893.86,2.89
860070.33,13.91,0.31,180095.6,2.91
860070.33,13.91,0.31,180095.6,2.91
860145.13,13.91,0.31,180055.32,2.91
859539.93,13.9,0.31,179335.03,2.9
859123.4,13.9,0.3,178942.33,2.9
859123.4,13.9,0.3,178942.33,2.9
859142.12,13.9,0.3,178845.97,2.89
859006.14,13.9,0.3,178852.19,2.89
858870.16,13.9,0.3,178766.66,2.89
858264.96,13.89,0.3,178046.37,2.88
858293.7,13.89,0.3,178122.92,2.88
858157.72,13.89,0.3,178100.23,2.88
858021.75,13.89,0.3,178043.61,2.88
857416.55,13.89,0.29,177323.33,2.87
857000.02,13.88,0.28,176791.72,2.86
856394.82,13.87,0.28,176071.44,2.85
855789.62,13.87,0.27,175351.16,2.84
855515.67,13.86,0.27,175053.23,2.84
855379.7,13.86,0.27,175052.78,2.84
854866.69,13.86,0.26,174263.08,2.82
854730.71,13.86,0.26,174263.08,2.83
854594.74,13.86,0.26,174263.08,2.83
854594.74,13.86,0.26,174263.08,2.83
854458.76,13.86,0.26,174443.02,2.83
854322.78,13.86,0.26,174435.56,2.83
854618.8,13.86,0.27,174366.22,2.83
854111.4,13.86,0.26,173858.82,2.82
854019.08,13.86,0.26,174438.2,2.83
853937.45,13.86,0.26,174285.68,2.83
853613.13,13.86,0.26,173632.38,2.82
853613.13,13.86,0.26,173632.38,2.82
853477.15,13.86,0.26,173633.37,2.82
853341.17,13.86,0.26,173546.03,2.82
852835.09,13.85,0.25,173092.24,2.81
852291.18,13.85,0.25,173119.04,2.81
852291.18,13.85,0.25,173119.04,2.81
852365.52,13.85,0.25,172849.95,2.81
852365.52,13.85,0.25,172849.95,2.81
852440.24,13.86,0.26,172644.19,2.81
852304.26,13.86,0.26,172616.9,2.81
852124.63,13.85,0.26,172993.58,2.81
852124.63,13.85,0.26,172993.58,2.81
852177.33,13.86,0.26,173178.59,2.82
852041.36,13.86,0.26,173119.53,2.82
851905.38,13.86,0.26,176435.41,2.87
851769.4,13.86,0.26,176356.1,2.87
851633.42,13.86,0.26,176356.1,2.87
851823.88,13.86,0.26,176336.25,2.87
851898.21,13.87,0.27,175789.42,2.86
851762.23,13.87,0.27,175782.15,2.86
851626.26,13.87,0.27,176183.17,2.87
851922.28,13.87,0.27,176481.74,2.87
851625.85,13.87,0.27,176263.56,2.87
851625.85,13.87,0.27,176263.56,2.87
851667.73,13.87,0.27,175946.25,2.87
851709.62,13.87,0.27,176306.29,2.87
852023.18,13.88,0.28,178029.84,2.9
852088.5,13.88,0.28,177606.57,2.89
852088.5,13.88,0.28,177687.82,2.89
852088.5,13.88,0.28,177687.82,2.89
851952.52,13.88,0.28,177687.37,2.9
851717.94,13.88,0.28,177365.07,2.89
851581.96,13.88,0.28,177365.07,2.89
851647.28,13.88,0.28,176941.81,2.88
851412.71,13.88,0.28,176619.5,2.88
851040.71,13.88,0.28,176228.1,2.87
850904.73,13.88,0.28,176338.32,2.88
850768.75,13.88,0.28,176302.04,2.88
850834.07,13.88,0.28,175878.78,2.87
850599.49,13.88,0.28,175556.48,2.86
850463.52,13.88,0.28,176215.65,2.88
850349.17,13.88,0.28,175860.16,2.87
850349.17,13.88,0.28,175860.16,2.87
850349.17,13.88,0.28,175860.16,2.87
850349.17,13.88,0.28,175860.16,2.87
850349.17,13.88,0.28,175860.16,2.87
850213.19,13.88,0.28,175860.3,2.87
850131.3,13.88,0.28,174351.2,2.85
849995.32,13.88,0.28,174350.62,2.85
850037.21,13.88,0.28,174030.3,2.84
850037.21,13.88,0.28,174030.3,2.84
850037.21,13.88,0.28,174030.3,2.84
849890.41,13.88,0.28,174161.67,2.84
849890.41,13.88,0.28,174161.67,2.84
849890.41,13.88,0.28,174161.67,2.84
849890.41,13.88,0.28,174161.67,2.84
850080.87,13.89,0.29,174161.67,2.84
850133.57,13.89,0.29,174236.47,2.85
850133.57,13.89,0.29,174236.47,2.85
849997.59,13.89,0.29,174230.45,2.85
849861.61,13.89,0.29,174170.38,2.85
850157.63,13.89,0.3,175104.59,2.86
850021.66,13.89,0.3,175126.49,2.86
849885.68,13.89,0.3,175126.04,2.86
849938.38,13.9,0.3,175128.1,2.86
849802.4,13.9,0.3,175129.11,2.86
849666.43,13.9,0.3,175126.08,2.86
849666.43,13.9,0.3,175126.08,2.86
849856.88,13.9,0.3,175459.47,2.87
849720.9,13.9,0.3,175365.53,2.87
849720.9,13.9,0.3,175365.53,2.87
849900.54,13.91,0.31,176193.18,2.88
849531.78,13.9,0.3,175793.52,2.88
849450.66,13.9,0.3,174816.94,2.86
849515.98,13.91,0.31,174218.37,2.85
849468.76,13.91,0.31,174729.36,2.86
849332.78,13.91,0.31,174729.36,2.86
849385.48,13.91,0.31,174657.91,2.86
849249.51,13.91,0.31,175198.62,2.87
849545.53,13.92,0.32,175198.62,2.87
849464.4,13.92,0.32,174242.74,2.85
849328.43,13.92,0.32,174243.03,2.85
849393.75,13.92,0.32,173537.93,2.84
849157.85,13.92,0.32,173801.26,2.85
848870.76,13.91,0.32,173498.96,2.84
849151.87,13.92,0.32,173498.68,2.84
849015.89,13.92,0.32,173498.68,2.84
848879.92,13.92,0.32,173797.14,2.85
848517.92,13.91,0.32,173502.19,2.85
848381.94,13.91,0.32,173498.68,2.85
848434.64,13.92,0.32,174167.68,2.86
848298.66,13.92,0.32,174167.68,2.86
848162.69,13.92,0.32,174167.68,2.86
847864.33,13.91,0.32,173882.52,2.85
847728.36,13.91,0.32,173882.52,2.85
847431.93,13.91,0.31,173571.15,2.85
847295.95,13.91,0.31,173571.15,2.85
846999.52,13.91,0.31,173427.31,2.85
846999.52,13.91,0.31,173427.31,2.85
846863.54,13.91,0.31,173427.31,2.85
846863.54,13.91,0.31,173427.31,2.85
846727.57,13.91,0.31,173509.67,2.85
846591.59,13.91,0.31,173514.24,2.85
846644.29,13.91,0.31,173590.15,2.85
846508.31,13.91,0.31,173590.28,2.85
846508.31,13.91,0.31,173482.81,2.85
846372.33,13.91,0.31,173482.22,2.85
846668.36,13.91,0.32,173482.22,2.85
846721.06,13.92,0.32,173561.99,2.85
846585.08,13.92,0.32,173484.22,2.85
846775.53,13.92,0.32,173482.22,2.85
846775.53,13.92,0.32,173506.72,2.85
846775.53,13.92,0.32,173628.18,2.85
846554.18,13.92,0.32,173404.13,2.85
846267.1,13.91,0.32,173080.76,2.85
845970.67,13.91,0.31,173811.51,2.86
846023.37,13.91,0.32,173701.51,2.86
845913.87,13.91,0.32,173871.51,2.86
845966.57,13.92,0.32,173982.59,2.86
845966.57,13.92,0.32,173970.45,2.86
845966.57,13.92,0.32,174040.04,2.86
845830.6,13.92,0.32,173950.58,2.86
845883.3,13.92,0.32,173950.13,2.86
845883.3,13.92,0.32,173979.4,2.86
845883.3,13.92,0.32,173992.88,2.86
845936.0,13.92,0.32,173992.88,2.86
845686.06,13.92,0.32,173821.01,2.86
845550.08,13.92,0.32,173821.96,2.86
845414.11,13.92,0.32,173821.01,2.86
845278.13,13.92,0.32,173821.01,2.86
845468.58,13.92,0.33,174272.15,2.87
845332.6,13.92,0.33,173828.53,2.86
845385.31,13.93,0.33,174706.85,2.88
845385.31,13.93,0.33,174699.18,2.88
845249.33,13.93,0.33,174698.73,2.88
845113.35,13.93,0.33,174698.73,2.88
844989.99,13.93,0.33,174082.87,2.87
844942.77,13.93,0.33,173947.32,2.87
845308.38,13.93,0.34,173968.47,2.87
844965.68,13.93,0.33,173956.15,2.87
844829.7,13.93,0.33,173947.32,2.87
845125.72,13.94,0.34,174414.13,2.88
844989.75,13.94,0.34,174311.83,2.87
844897.42,13.94,0.34,174193.15,2.87
844945.72,13.94,0.34,174879.38,2.88
844809.74,13.94,0.34,174878.93,2.89
844398.5,13.93,0.34,174354.02,2.88
844451.2,13.94,0.34,174354.02,2.88
844315.22,13.94,0.34,174354.02,2.88
844315.22,13.94,0.34,174376.82,2.88
844179.24,13.94,0.34,174397.44,2.88
844475.26,13.94,0.34,174384.67,2.88
844339.29,13.94,0.34,174376.82,2.88
843967.29,13.94,0.34,174711.0,2.89
844332.89,13.94,0.35,174376.82,2.88
844196.92,13.94,0.35,175145.4,2.89
844249.62,13.95,0.35,175251.11,2.9
844302.32,13.95,0.35,175384.74,2.9
843969.55,13.95,0.35,174991.81,2.89
844022.26,13.95,0.35,175102.89,2.89
844212.71,13.95,0.35,175342.7,2.9
844006.28,13.95,0.35,175074.0,2.89
844006.28,13.95,0.35,175051.2,2.89
844006.28,13.95,0.35,175101.78,2.89
844006.28,13.95,0.35,175177.22,2.9
843870.3,13.95,0.35,175090.87,2.89
843923.0,13.95,0.35,175276.12,2.9
843379.09,13.95,0.36,175297.63,2.9
843243.12,13.95,0.36,175333.33,2.9
843107.14,13.95,0.36,175218.32,2.9
842971.16,13.95,0.36,175224.01,2.9
842835.18,13.95,0.36,175196.36,2.9
842710.02,13.95,0.36,175420.68,2.9
843021.71,13.96,0.36,175642.21,2.91
842885.73,13.96,0.36,175562.9,2.91
842749.75,13.96,0.36,175562.9,2.91
843045.77,13.97,0.37,175673.09,2.91
842909.8,13.97,0.37,175843.52,2.91
842773.82,13.97,0.37,175843.08,2.91
842826.52,13.97,0.37,175843.07,2.91
842690.54,13.97,0.37,175853.16,2.91
842292.07,13.96,0.37,175467.31,2.91
842156.09,13.96,0.37,175460.59,2.91
842020.11,13.96,0.37,175457.35,2.91
841884.13,13.96,0.37,175457.22,2.91
841748.16,13.96,0.37,175784.36,2.92
841612.18,13.96,0.37,175627.16,2.91
841250.18,13.96,0.36,175337.23,2.91
841114.2,13.96,0.36,175336.78,2.91
841114.2,13.96,0.36,175281.5,2.91
840978.23,13.96,0.36,175281.5,2.91
840842.25,13.96,0.36,175281.5,2.91
840706.27,13.96,0.36,175331.99,2.91
840409.84,13.95,0.36,175099.86,2.91
840462.54,13.96,0.36,175061.92,2.91
840515.24,13.96,0.36,175053.65,2.91
840796.35,13.97,0.37,175790.92,2.92
841092.38,13.97,0.37,176174.17,2.93
841092.38,13.97,0.37,176199.78,2.93
840892.54,13.97,0.37,176089.88,2.93
840520.54,13.96,0.37,175691.62,2.92
840303.29,13.96,0.36,175513.18,2.92
840167.31,13.96,0.36,175512.73,2.92
840220.01,13.96,0.37,175512.73,2.92
840084.04,13.96,0.37,175512.73,2.92
840136.74,13.97,0.37,175522.64,2.92
840136.74,13.97,0.37,175507.33,2.92
840432.76,13.97,0.37,175497.41,2.92
840296.78,13.97,0.38,175497.41,2.92
840160.8,13.97,0.38,176184.81,2.93
840213.51,13.98,0.38,176459.14,2.94
840077.53,13.98,0.38,176458.69,2.94
839941.55,13.98,0.38,176459.85,2.94
839569.55,13.97,0.37,176061.6,2.93
839433.58,13.97,0.37,176063.23,2.93
839486.28,13.97,0.38,176060.8,2.93
839350.3,13.97,0.38,176159.5,2.93
839646.32,13.98,0.38,176120.34,2.93
839646.32,13.98,0.38,176120.56,2.93
839699.02,13.98,0.38,176060.66,2.93
839751.72,13.99,0.39,177047.86,2.95
839751.72,13.99,0.39,177119.38,2.95
839615.75,13.99,0.39,177119.51,2.95
839479.77,13.99,0.39,177118.93,2.95
839339.31,13.98,0.39,176858.9,2.95
839067.36,13.98,0.39,177192.65,2.95
839067.36,13.98,0.39,177184.7,2.95
839120.06,13.99,0.39,176850.94,2.95
839120.06,13.99,0.39,176850.94,2.95
838984.08,13.99,0.39,176857.46,2.95
838848.1,13.99,0.39,177170.51,2.95
838900.8,13.99,0.39,177214.93,2.96
838764.83,13.99,0.39,177135.62,2.95
838628.85,13.99,0.39,177135.62,2.95
838492.87,13.99,0.39,177135.62,2.96
838545.57,13.99,0.39,177135.62,2.96
838930.24,14.0,0.4,177135.62,2.96
838982.94,14.0,0.4,177135.62,2.96
838846.96,14.0,0.4,177135.62,2.96
838710.98,14.0,0.4,177377.05,2.96
838710.98,14.0,0.4,177373.59,2.96
838575.01,14.0,0.4,177544.72,2.96
838084.37,14.0,0.4,177132.16,2.96
838084.37,14.0,0.4,177175.4,2.96
837948.39,14.0,0.4,177578.93,2.97
837676.43,14.0,0.4,177578.93,2.97
837454.89,13.99,0.39,177485.54,2.97
837750.92,14.0,0.4,177485.54,2.97
837627.56,14.0,0.4,176869.67,2.96
837580.34,14.0,0.4,176734.13,2.95
837444.36,14.0,0.4,176734.13,2.95
837308.38,14.0,0.4,176747.6,2.96
837172.4,14.0,0.4,176734.13,2.96
837225.11,14.0,0.41,176734.13,2.96
837225.11,14.0,0.41,176729.12,2.96
837277.81,14.01,0.41,177519.67,2.97
836693.89,14.0,0.4,176935.75,2.96
836470.43,13.99,0.4,176650.87,2.96
836334.46,13.99,0.4,176650.42,2.96
836334.46,13.99,0.4,176650.42,2.96
836334.46,13.99,0.4,176669.16,2.96
836630.48,14.0,0.4,176669.16,2.96
836683.18,14.0,0.41,176669.16,2.96
836683.18,14.0,0.41,176669.16,2.96
836547.2,14.0,0.41,176679.19,2.96
836406.74,14.0,0.4,176669.16,2.96
836270.76,14.0,0.4,176669.16,2.96
836134.79,14.0,0.4,177034.11,2.96
835998.81,14.0,0.4,177115.63,2.97
835998.81,14.0,0.4,177115.63,2.97
836383.47,14.01,0.41,177449.57,2.97
836071.37,14.0,0.41,177357.77,2.97
835935.4,14.0,0.41,177357.32,2.97
835935.4,14.0,0.41,177357.32,2.97
836125.85,14.01,0.41,177357.32,2.97
836178.55,14.01,0.41,177357.32,2.97
835090.73,14.01,0.42,177356.87,2.98
834954.75,14.01,0.42,177565.48,2.98
834818.78,14.01,0.42,177557.76,2.98
834704.43,14.01,0.42,177479.19,2.98
834894.88,14.02,0.42,177478.74,2.98
834758.91,14.02,0.42,177478.74,2.98
835054.93,14.02,0.43,177505.18,2.98
834940.97,14.02,0.43,178139.1,2.99
834764.58,14.02,0.43,177891.5,2.99
834628.61,14.02,0.43,177887.95,2.99
834492.63,14.02,0.43,177865.62,2.99
834356.65,14.02,0.43,177786.31,2.99
834135.11,14.02,0.42,177518.08,2.98
834020.77,14.02,0.42,179117.01,3.01
833926.12,14.02,0.42,178447.01,3.0
833915.86,14.02,0.43,178313.75,3.0
833968.56,14.03,0.43,178498.73,3.0
833621.45,14.02,0.42,178302.5,3.0
833485.48,14.02,0.42,178223.19,3.0
833349.5,14.02,0.42,178223.19,3.0
833213.52,14.02,0.42,178223.33,3.0
833077.54,14.02,0.42,178222.74,3.0
833077.54,14.02,0.42,178222.74,3.0
833358.65,14.03,0.43,178266.47,3.0
833654.68,14.03,0.44,178241.63,3.0
833845.13,14.04,0.44,178222.74,3.0
833845.13,14.04,0.44,178222.74,3.0
833709.15,14.04,0.44,179397.72,3.02
833616.82,14.04,0.44,179491.73,3.02
833625.87,14.04,0.44,179425.47,3.02
833261.29,14.04,0.44,179255.1,3.02
833125.32,14.04,0.44,179254.65,3.02
832989.34,14.04,0.44,179254.65,3.02
832853.36,14.04,0.44,179269.4,3.02
832906.06,14.04,0.44,179256.33,3.02
832770.08,14.04,0.44,179254.65,3.02
831682.27,14.04,0.44,179254.33,3.03
831734.97,14.04,0.45,179254.33,3.03
831598.99,14.04,0.45,179701.31,3.03
831880.1,14.05,0.45,179910.77,3.04
831744.12,14.05,0.45,179910.32,3.04
831608.15,14.05,0.45,179910.32,3.04
831904.17,14.06,0.46,179933.19,3.04
831768.19,14.06,0.46,179918.24,3.04
831820.89,14.06,0.46,179910.51,3.04
832011.34,14.06,0.47,180399.78,3.05
831875.37,14.06,0.47,180554.74,3.05
831739.39,14.06,0.47,180676.93,3.06
831603.41,14.06,0.47,180676.48,3.06
831467.43,14.06,0.47,180676.48,3.06
831331.46,14.06,0.47,180693.03,3.06
831195.48,14.06,0.47,180682.76,3.06
831059.5,14.06,0.47,180676.48,3.06
830923.52,14.06,0.47,180860.31,3.06
830551.53,14.06,0.46,180674.96,3.06
830459.2,14.06,0.46,180572.11,3.06
830459.2,14.06,0.46,180572.11,3.06
830279.57,14.06,0.46,180491.12,3.06
830279.57,14.06,0.46,180491.12,3.06
830143.59,14.06,0.46,180491.12,3.06
830007.62,14.06,0.46,180491.12,3.06
830007.62,14.06,0.46,180491.12,3.06
829871.64,14.06,0.46,180491.12,3.06
829663.29,14.06,0.46,180292.48,3.05
829527.31,14.06,0.46,180292.48,3.06
829391.33,14.06,0.46,180292.48,3.06
829391.33,14.06,0.46,180292.48,3.06
829391.33,14.06,0.46,180292.48,3.06
829695.5,14.06,0.47,180447.81,3.06
829559.53,14.06,0.47,180294.18,3.06
829612.23,14.07,0.47,180912.27,3.07
829612.23,14.07,0.47,180931.01,3.07
829476.25,14.07,0.47,180930.56,3.07
829306.64,14.06,0.47,180728.21,3.06
829170.66,14.06,0.47,180728.21,3.07
829223.36,14.07,0.47,180736.69,3.07
829087.38,14.07,0.47,180733.04,3.07
828727.24,14.06,0.46,180344.67,3.06
828779.94,14.06,0.47,180339.87,3.06
828832.64,14.07,0.47,180339.83,3.06
829023.09,14.07,0.47,181158.97,3.08
828887.11,14.07,0.47,181072.77,3.07
828687.28,14.07,0.47,181007.62,3.07
828551.3,14.07,0.47,180928.31,3.07
828415.32,14.07,0.47,180928.31,3.07
828279.35,14.07,0.47,180934.54,3.07
828155.99,14.07,0.47,180318.67,3.06
828416.24,14.08,0.48,180495.12,3.07
828712.26,14.08,0.48,180769.51,3.07
828576.28,14.08,0.48,180690.2,3.07
828440.3,14.08,0.48,180690.2,3.07
828304.33,14.08,0.48,180696.43,3.07
828168.35,14.08,0.48,180610.89,3.07
827873.24,14.08,0.48,180309.64,3.07
827737.26,14.08,0.48,180309.64,3.07
827802.58,14.08,0.48,179886.37,3.06
827755.36,14.08,0.48,179742.38,3.06
827619.39,14.08,0.48,179825.54,3.06
827483.41,14.08,0.48,179811.79,3.06
827347.43,14.08,0.48,179742.38,3.06
827400.13,14.09,0.49,179742.34,3.06
827452.83,14.09,0.49,179741.93,3.06
827316.86,14.09,0.49,179741.93,3.06
826944.86,14.08,0.49,179442.0,3.06
826808.88,14.08,0.49,179442.0,3.06
826808.88,14.08,0.49,179442.0,3.06
826808.88,14.08,0.49,179440.75,3.06
826672.9,14.08,0.49,179460.27,3.06
826672.9,14.08,0.49,179460.27,3.06
826536.93,14.08,0.49,179464.49,3.06
826536.93,14.08,0.49,179458.34,3.06
826589.63,14.09,0.49,179546.06,3.06
826453.65,14.09,0.49,179997.11,3.07
826247.22,14.08,0.49,179947.37,3.07
826111.24,14.08,0.49,179868.05,3.07
826163.95,14.09,0.49,180053.13,3.07
826229.27,14.09,0.49,179629.87,3.06
826229.27,14.09,0.49,179708.24,3.06
825994.69,14.09,0.49,179385.94,3.06
825678.54,14.08,0.49,179069.79,3.05
825542.56,14.08,0.49,179069.34,3.05
825406.58,14.08,0.49,179069.34,3.06
825406.58,14.08,0.49,179134.72,3.06
825086.58,14.08,0.48,178814.72,3.05
824950.61,14.08,0.48,179183.35,3.06
824814.63,14.08,0.48,179035.98,3.06
824814.63,14.08,0.48,178992.35,3.06
824711.1,14.08,0.48,178915.57,3.05
824564.31,14.08,0.48,179487.52,3.06
824639.03,14.08,0.48,179179.43,3.06
824459.4,14.08,0.48,178959.77,3.06
824459.4,14.08,0.48,178937.63,3.06
824323.42,14.08,0.48,178937.18,3.06
824187.44,14.08,0.48,178937.18,3.06
824051.47,14.08,0.48,178951.93,3.06
824347.49,14.09,0.49,178943.61,3.06
824211.51,14.09,0.49,178938.5,3.06
824075.53,14.09,0.49,179320.24,3.07
824128.23,14.09,0.49,179396.8,3.07
824180.93,14.09,0.5,179599.62,3.07
824044.96,14.09,0.5,179599.17,3.07
824044.96,14.09,0.5,179647.91,3.07
824044.96,14.09,0.5,179673.75,3.07
823908.98,14.09,0.5,179673.75,3.07
823768.52,14.09,0.49,179679.19,3.07
823632.54,14.09,0.49,179697.18,3.07
823496.57,14.09,0.49,179716.52,3.08
823549.27,14.1,0.5,179694.57,3.08
823739.72,14.1,0.5,179679.19,3.08
823739.72,14.1,0.5,179693.98,3.08
823603.74,14.1,0.5,180252.9,3.09
823467.77,14.1,0.5,180178.36,3.09
823771.94,14.11,0.51,180177.91,3.09
823824.64,14.11,0.51,180177.91,3.09
823688.66,14.11,0.51,180177.91,3.09
823552.68,14.11,0.51,180206.54,3.09
823416.71,14.11,0.51,180192.54,3.09
823280.73,14.11,0.51,180764.16,3.1
823333.43,14.11,0.51,180750.45,3.1
823333.43,14.11,0.51,180749.03,3.1
823197.45,14.11,0.52,180749.05,3.1
823061.48,14.11,0.52,180835.65,3.1
822925.5,14.11,0.52,180884.86,3.1
822555.35,14.11,0.51,180674.47,3.1
822419.37,14.11,0.51,180663.81,3.1
822296.01,14.11,0.51,180047.95,3.09
822296.01,14.11,0.51,180047.95,3.09
822060.11,14.11,0.51,179728.25,3.08
822112.82,14.11,0.51,179689.78,3.08
821891.28,14.11,0.51,179424.39,3.08
821755.3,14.11,0.51,179960.18,3.09
821619.32,14.11,0.51,179598.9,3.08
821483.34,14.11,0.51,179468.27,3.08
821347.37,14.11,0.51,179612.48,3.08
821643.39,14.11,0.51,179612.03,3.09
821507.41,14.11,0.52,179612.03,3.09
821371.43,14.11,0.52,179683.05,3.09
821235.46,14.11,0.52,179667.96,3.09
821099.48,14.11,0.52,179612.03,3.09
821152.18,14.12,0.52,180109.49,3.1
821016.2,14.12,0.52,180120.86,3.1
820880.23,14.12,0.52,180147.81,3.1
820744.25,14.12,0.52,180148.88,3.1
820537.82,14.11,0.52,179973.02,3.1
820537.82,14.11,0.52,179944.29,3.1
820401.84,14.11,0.52,179942.86,3.1
820454.54,14.12,0.52,179942.83,3.1
820318.57,14.12,0.52,179968.66,3.1
820182.59,14.12,0.52,179966.75,3.1
819959.13,14.11,0.52,179829.85,3.1
819823.15,14.11,0.52,179869.34,3.1
819823.15,14.11,0.52,179869.34,3.1
819687.17,14.11,0.52,179850.31,3.1
819739.88,14.12,0.52,180181.92,3.1
820020.99,14.12,0.52,180181.48,3.1
820020.99,14.12,0.52,180181.48,3.1
819863.63,14.12,0.52,180025.02,3.1
819576.54,14.12,0.52,180027.39,3.1
819629.24,14.12,0.52,180025.74,3.1
819925.26,14.13,0.53,180025.02,3.1
819789.29,14.13,0.53,180025.02,3.1
819841.99,14.13,0.53,180119.06,3.1
819469.99,14.12,0.53,180040.05,3.1
819774.16,14.13,0.53,180025.02,3.1
819638.18,14.13,0.53,180936.54,3.12
819502.21,14.13,0.53,180869.26,3.12
819366.23,14.13,0.53,180859.36,3.12
819148.98,14.13,0.53,180643.14,3.12
819148.98,14.13,0.53,180673.72,3.12
819013.0,14.13,0.53,180604.31,3.12
817925.18,14.13,0.53,180603.86,3.12
817801.82,14.13,0.53,179898.05,3.11
817754.6,14.13,0.53,179856.98,3.11
817754.6,14.13,0.53,179905.49,3.11
817618.62,14.13,0.53,179906.35,3.11
817482.65,14.13,0.53,179906.29,3.11
817340.95,14.13,0.53,179933.07,3.11
817531.4,14.13,0.53,179931.97,3.11
817395.42,14.13,0.53,179931.82,3.11
817259.45,14.13,0.53,180171.3,3.12
817123.47,14.13,0.53,180199.06,3.12
817313.92,14.14,0.54,180198.75,3.12
817377.44,14.14,0.54,180005.67,3.11
817230.64,14.14,0.54,180452.8,3.12
817421.1,14.14,0.55,180452.8,3.12
817717.12,14.15,0.55,180541.11,3.12
817717.12,14.15,0.55,180516.45,3.12
817769.82,14.15,0.56,180460.3,3.12
817397.82,14.15,0.55,180443.11,3.12
817693.84,14.15,0.56,180428.14,3.12
817321.84,14.15,0.55,181764.5,3.15
817639.5,14.16,0.56,181655.5,3.15
817714.22,14.16,0.56,181021.13,3.13
817597.04,14.16,0.56,182133.39,3.15
817301.23,14.16,0.56,181832.37,3.15
817165.25,14.16,0.56,181838.6,3.15
817217.96,14.16,0.56,181915.9,3.15
817513.98,14.16,0.57,182026.09,3.15
817378.0,14.17,0.57,182196.52,3.16
817081.57,14.16,0.56,181893.69,3.15
817134.27,14.16,0.57,182004.78,3.15
816975.59,14.16,0.56,181846.1,3.15
816839.62,14.16,0.56,181818.55,3.15
817030.07,14.17,0.57,181886.18,3.15
817030.07,14.17,0.57,181886.18,3.15
816894.09,14.17,0.57,182059.11,3.16
816522.09,14.16,0.56,181759.18,3.15
816418.56,14.16,0.56,181279.14,3.14
816122.13,14.16,0.56,180989.26,3.14
815986.16,14.16,0.56,180995.49,3.14
815850.18,14.16,0.56,180909.95,3.14
815565.51,14.15,0.56,180564.71,3.13
815429.54,14.15,0.56,180554.81,3.13
815293.56,14.15,0.56,180485.4,3.13
815157.58,14.15,0.56,180484.95,3.13
815021.6,14.15,0.56,180484.95,3.13
814874.81,14.15,0.56,180665.77,3.14
814738.83,14.15,0.56,180665.77,3.14
814592.04,14.15,0.56,180165.31,3.13
814592.04,14.15,0.56,180165.31,3.13
814592.04,14.15,0.56,180165.31,3.13
815034.79,14.16,0.56,180648.92,3.14
814898.82,14.16,0.56,180660.1,3.14
814898.82,14.16,0.56,180696.53,3.14
814730.53,14.16,0.56,180458.37,3.14
815026.55,14.17,0.57,181187.4,3.15
814912.2,14.17,0.57,181188.27,3.15
814776.23,14.17,0.57,181108.96,3.15
814640.25,14.17,0.57,181108.96,3.15
814682.13,14.17,0.57,180554.02,3.14
814724.02,14.17,0.57,181030.99,3.15
814342.02,14.17,0.57,180796.75,3.15
814206.04,14.17,0.57,180796.3,3.15
814070.07,14.17,0.57,180796.3,3.15
813934.09,14.17,0.57,180847.6,3.15
813934.09,14.17,0.57,180847.6,3.15
813798.11,14.17,0.57,180817.52,3.15
813662.13,14.17,0.57,181042.24,3.15
813714.84,14.17,0.57,180902.32,3.15
813578.86,14.17,0.57,180840.74,3.15
813874.88,14.18,0.58,181440.13,3.16
813738.9,14.18,0.58,181446.36,3.16
813791.6,14.18,0.58,181523.66,3.16
813844.31,14.18,0.58,181523.62,3.16
813708.33,14.18,0.59,181523.21,3.16
813572.35,14.18,0.59,181523.21,3.16
813436.37,14.18,0.59,181531.79,3.17
813489.08,14.19,0.59,181523.59,3.17
813287.82,14.18,0.59,181322.33,3.16
813151.84,14.18,0.59,181557.13,3.17
813151.84,14.18,0.59,181557.42,3.17
813015.86,14.18,0.59,181388.1,3.16
812885.12,14.18,0.58,181238.33,3.16
813181.14,14.19,0.59,181975.26,3.17
813233.84,14.19,0.59,181975.22,3.18
813097.87,14.19,0.59,181974.81,3.18
812961.89,14.19,0.59,181974.81,3.18
812825.91,14.19,0.59,182035.23,3.18
812878.61,14.19,0.6,181990.28,3.18
813122.65,14.2,0.6,181974.81,3.18
812986.67,14.2,0.6,182681.13,3.19
811898.85,14.2,0.6,182681.13,3.2
812179.96,14.21,0.61,182955.51,3.2
812232.66,14.21,0.61,182955.06,3.2
812232.66,14.21,0.61,182921.3,3.2
812096.69,14.21,0.61,182924.81,3.2
811960.71,14.21,0.61,182922.92,3.2
811960.71,14.21,0.61,182922.92,3.2
811824.73,14.21,0.61,182921.3,3.2
811688.75,14.21,0.61,182928.14,3.2
811468.82,14.21,0.61,182704.09,3.2
811332.84,14.21,0.61,183077.0,3.21
811178.26,14.2,0.61,182918.11,3.2
811053.1,14.21,0.61,182761.59,3.2
810907.63,14.21,0.61,182728.35,3.2
810771.65,14.21,0.61,182728.37,3.2
810399.65,14.2,0.6,182329.56,3.19
810695.68,14.21,0.61,182329.09,3.2
810323.68,14.2,0.6,182644.63,3.2
810187.7,14.2,0.6,182558.38,3.2
810240.4,14.2,0.61,182329.09,3.2
810104.42,14.2,0.61,182973.36,3.21
809990.08,14.2,0.61,182958.16,3.21
809700.07,14.2,0.6,182853.38,3.21
809774.79,14.2,0.61,182340.94,3.2
809487.7,14.2,0.6,181979.27,3.19
809804.22,14.21,0.61,182814.99,3.21
809856.92,14.21,0.61,182814.95,3.21
810152.94,14.22,0.62,182814.54,3.21
810016.97,14.22,0.62,182839.53,3.21
809644.97,14.21,0.61,182826.29,3.21
809644.97,14.21,0.61,182862.06,3.21
809361.46,14.21,0.61,182559.7,3.2
809225.48,14.21,0.61,182547.95,3.2
809089.51,14.21,0.61,182547.95,3.21
809142.21,14.21,0.61,182987.15,3.21
809006.23,14.21,0.61,182688.89,3.21
809302.25,14.22,0.62,183424.77,3.22
809078.79,14.21,0.61,183196.63,3.22
809374.81,14.22,0.62,183196.18,3.22
809427.51,14.22,0.62,183196.18,3.22
809055.52,14.22,0.62,183196.18,3.22
808919.54,14.22,0.62,183246.51,3.22
808783.56,14.22,0.62,183204.2,3.22
808647.58,14.22,0.62,183434.13,3.22
808647.58,14.22,0.62,183434.13,3.22
808838.04,14.22,0.62,183366.55,3.22
808712.88,14.22,0.62,183273.23,3.22
808754.76,14.22,0.63,183961.06,3.24
808754.76,14.22,0.63,183961.06,3.24
808807.46,14.23,0.63,183961.02,3.24
808671.48,14.23,0.63,183960.61,3.24
808535.51,14.23,0.63,184014.11,3.24
808831.53,14.23,0.64,183986.06,3.24
808831.53,14.23,0.64,183986.06,3.24
808831.53,14.23,0.64,183986.06,3.24
808695.55,14.23,0.64,183968.45,3.24
808559.57,14.23,0.64,184062.19,3.24
808423.6,14.23,0.64,184061.97,3.24
808287.62,14.23,0.64,184061.74,3.24
808151.64,14.23,0.64,184164.51,3.24
807855.21,14.23,0.63,183833.01,3.24
807762.89,14.23,0.63,184608.74,3.25
807647.41,14.23,0.63,184405.45,3.25
807647.41,14.23,0.63,184405.45,3.25
807647.41,14.23,0.63,184433.94,3.25
807511.43,14.23,0.63,184395.63,3.25
807375.45,14.23,0.63,184359.19,3.25
807671.48,14.24,0.64,185173.55,3.26
807535.5,14.24,0.64,185173.34,3.26
807535.5,14.24,0.64,185173.34,3.26
807725.95,14.24,0.65,185173.1,3.27
807589.97,14.24,0.65,185300.08,3.27
807417.82,14.24,0.64,185610.99,3.27
807417.82,14.24,0.64,185610.99,3.27
807310.46,14.24,0.64,185513.61,3.27
807606.48,14.25,0.65,185412.28,3.27
807470.51,14.25,0.65,185404.37,3.27
807470.51,14.25,0.65,185404.37,3.27
807334.53,14.25,0.65,185494.17,3.27
807211.17,14.25,0.65,184878.31,3.26
806975.27,14.25,0.65,184558.6,3.26
806839.29,14.25,0.65,184558.74,3.26
806714.13,14.25,0.65,185310.4,3.27
806567.34,14.25,0.65,185232.77,3.27
806431.36,14.25,0.65,185232.18,3.27
806236.53,14.24,0.65,185048.17,3.27
806100.55,14.24,0.65,185084.29,3.27
805964.58,14.24,0.65,185064.33,3.27
806017.28,14.25,0.65,185060.36,3.27
805881.3,14.25,0.65,185350.23,3.28
805745.32,14.25,0.65,185303.57,3.28
805386.57,14.24,0.64,184926.49,3.27
805250.59,14.24,0.64,184841.03,3.27
805554.77,14.25,0.65,184840.58,3.27
805418.79,14.25,0.65,184840.58,3.27
805471.49,14.25,0.65,184864.34,3.27
805471.49,14.25,0.65,184864.34,3.27
805335.51,14.25,0.65,184865.61,3.27
805199.54,14.25,0.65,184863.0,3.27
805063.56,14.25,0.65,184845.56,3.27
805116.26,14.25,0.66,185529.82,3.28
805360.29,14.26,0.66,185743.8,3.29
804990.15,14.25,0.66,185664.17,3.29
804854.17,14.25,0.66,185584.86,3.29
804310.26,14.26,0.66,186228.61,3.3
804310.26,14.26,0.66,186228.61,3.3
804606.28,14.26,0.66,186659.61,3.31
804606.28,14.26,0.66,186659.61,3.31
804306.61,14.26,0.66,186355.11,3.3
804371.93,14.26,0.66,185931.85,3.3
804235.95,14.26,0.66,185852.54,3.3
804001.37,14.26,0.66,185530.24,3.29
804001.37,14.26,0.66,185530.24,3.29
803865.39,14.26,0.66,185530.24,3.29
803664.13,14.26,0.66,185270.13,3.29
803528.15,14.26,0.66,185190.82,3.29
803392.17,14.26,0.66,185190.82,3.29
803256.2,14.26,0.66,185258.0,3.29
803256.2,14.26,0.66,185258.0,3.29
803120.22,14.26,0.66,185257.55,3.29
802748.22,14.25,0.65,184886.55,3.28
802938.67,14.26,0.66,184886.55,3.28
802802.7,14.26,0.66,185198.63,3.29
802666.72,14.26,0.66,184948.83,3.28
802666.72,14.26,0.66,184948.83,3.28
802552.37,14.26,0.66,184390.97,3.28
802848.39,14.26,0.67,184332.15,3.27
802551.96,14.26,0.66,185408.76,3.29
802626.69,14.26,0.66,185352.95,3.29
802635.74,14.26,0.67,185634.0,3.3
802394.69,14.26,0.66,185925.68,3.3
802303.65,14.26,0.66,184873.66,3.29
802303.65,14.26,0.66,184873.66,3.29
802167.68,14.26,0.66,184873.66,3.29
802031.7,14.26,0.66,184873.66,3.29
801908.34,14.26,0.67,184257.8,3.28
801672.44,14.26,0.66,183938.09,3.27
802133.67,14.27,0.67,184372.41,3.28
801997.69,14.27,0.67,184483.51,3.28
801861.71,14.27,0.67,184483.06,3.28
801725.74,14.27,0.67,184483.06,3.28
801778.44,14.27,0.68,184483.06,3.28
801778.44,14.27,0.68,184483.06,3.28
801479.68,14.27,0.67,184230.06,3.28
801281.23,14.27,0.67,184037.64,3.28
801145.26,14.27,0.67,184198.03,3.28
801009.28,14.27,0.67,184052.89,3.28
801305.3,14.27,0.68,184037.64,3.28
801169.32,14.27,0.68,184572.11,3.29
801033.35,14.27,0.68,184590.09,3.29
800897.37,14.27,0.68,184589.64,3.29
799809.55,14.27,0.68,184589.19,3.29
799586.09,14.27,0.67,184432.64,3.29
799867.2,14.28,0.68,184432.64,3.29
799731.22,14.28,0.68,184452.7,3.29
799731.22,14.28,0.68,184452.7,3.29
799595.25,14.28,0.68,184438.85,3.29
799647.95,14.28,0.68,184432.64,3.29
799943.97,14.29,0.69,184965.29,3.3
799996.67,14.29,0.69,185185.22,3.31
799860.69,14.29,0.69,185407.02,3.31
799667.12,14.29,0.69,185465.61,3.31
799531.14,14.29,0.69,185455.71,3.31
799159.14,14.28,0.68,185038.45,3.31
799211.85,14.29,0.69,185154.02,3.31
799108.32,14.29,0.69,185247.95,3.31
799173.64,14.29,0.69,184824.69,3.3
799513.1,14.3,0.7,185027.79,3.31
799513.1,14.3,0.7,185027.79,3.31
799565.8,14.3,0.7,185138.87,3.31
799618.51,14.3,0.7,185274.16,3.31
799618.51,14.3,0.7,185245.49,3.31
799618.51,14.3,0.7,185221.46,3.31
799683.83,14.31,0.71,184798.2,3.31
799449.25,14.3,0.71,184475.9,3.3
799501.95,14.31,0.71,184586.98,3.3
799265.68,14.3,0.71,184406.07,3.3
799318.38,14.31,0.71,184541.37,3.3
799182.4,14.31,0.71,184531.47,3.3
799235.1,14.31,0.71,184624.9,3.31
799099.13,14.31,0.71,184625.04,3.31
799018.0,14.31,0.71,183742.15,3.29
798720.23,14.31,0.71,183437.66,3.29
798584.25,14.31,0.71,183437.07,3.29
798888.43,14.31,0.72,183508.26,3.29
798752.45,14.31,0.72,183499.25,3.29
798805.79,14.32,0.72,183494.76,3.29
798583.19,14.31,0.72,183502.72,3.29
798447.21,14.31,0.72,183454.28,3.29
798311.23,14.31,0.72,183374.97,3.29
798311.23,14.31,0.72,183352.74,3.29
798363.94,14.32,0.72,184102.55,3.3
798238.78,14.32,0.72,183750.64,3.3
798238.78,14.32,0.72,183774.11,3.3
798118.96,14.32,0.72,183976.56,3.3
798171.66,14.32,0.72,184161.59,3.3
798035.69,14.32,0.72,184161.28,3.31
797899.71,14.32,0.72,184161.28,3.31
797763.73,14.32,0.72,184266.26,3.31
797816.43,14.33,0.73,184210.01,3.31
797869.13,14.33,0.73,184174.46,3.31
797655.62,14.32,0.73,184007.51,3.3
797519.64,14.32,0.73,184488.44,3.31
797133.83,14.32,0.72,184144.34,3.31
797186.54,14.32,0.72,184221.62,3.31
797050.56,14.32,0.72,184160.04,3.31
796914.58,14.32,0.72,184166.26,3.31
796778.6,14.32,0.72,184080.73,3.31
796642.63,14.32,0.73,184080.28,3.31
796506.65,14.32,0.73,184080.28,3.31
796370.67,14.32,0.73,184091.97,3.31
796370.67,14.32,0.73,184151.04,3.31
796370.67,14.32,0.73,184134.67,3.31
796234.69,14.32,0.73,184129.87,3.31
796098.72,14.32,0.73,184123.12,3.31
795962.74,14.32,0.73,184371.98,3.32
795837.58,14.32,0.73,184198.28,3.32
795690.79,14.32,0.73,184122.97,3.31
795690.79,14.32,0.73,184141.72,3.31
795690.79,14.32,0.73,184141.72,3.31
795554.81,14.32,0.73,184141.27,3.32
795607.51,14.33,0.73,184141.27,3.32
795471.53,14.33,0.73,184141.27,3.32
795524.23,14.33,0.73,184155.8,3.32
795524.23,14.33,0.73,184155.8,3.32
795388.26,14.33,0.73,184148.27,3.32
795252.28,14.33,0.73,184141.27,3.32
795116.3,14.33,0.73,184587.57,3.33
794980.32,14.33,0.73,184482.97,3.33
794980.32,14.33,0.73,184529.36,3.33
794844.35,14.33,0.73,184528.91,3.33
794897.05,14.33,0.74,184528.91,3.33
794761.07,14.33,0.74,184528.91,3.33
794625.09,14.33,0.74,184571.84,3.33
794489.12,14.33,0.74,184544.16,3.33
794353.14,14.33,0.74,184528.91,3.33
794217.16,14.33,0.74,184825.04,3.34
794407.61,14.34,0.74,184979.28,3.34
794271.64,14.34,0.74,184985.51,3.34
794135.66,14.34,0.74,184899.97,3.34
793999.68,14.34,0.74,184900.1,3.34
794052.38,14.34,0.75,184899.52,3.34
793916.41,14.34,0.75,184899.52,3.34
793619.98,14.34,0.74,184666.07,3.34
793484.0,14.34,0.74,184698.93,3.34
793348.02,14.34,0.74,184676.04,3.34
793212.04,14.34,0.74,184672.81,3.34
793212.04,14.34,0.74,184665.06,3.34
793086.88,14.34,0.74,185047.13,3.35
792950.91,14.34,0.74,184967.82,3.34
792804.11,14.34,0.74,184763.17,3.34
792668.14,14.34,0.74,184763.17,3.34
792532.16,14.34,0.74,184683.86,3.34
792597.48,14.34,0.75,184260.59,3.33
792597.48,14.34,0.75,184259.91,3.33
792597.48,14.34,0.75,184259.91,3.33
792461.5,14.34,0.75,184259.91,3.33
792555.28,14.35,0.75,184272.11,3.34
792419.3,14.35,0.75,184271.79,3.34
792283.32,14.35,0.75,184271.79,3.34
792600.62,14.35,0.76,184914.95,3.35
792600.62,14.35,0.76,184914.95,3.35
792392.27,14.35,0.75,184700.45,3.35
792256.29,14.35,0.75,184732.28,3.35
792380.47,14.35,0.76,184742.98,3.35
792244.49,14.35,0.76,184846.19,3.35
792244.49,14.35,0.76,184844.31,3.35
792108.51,14.35,0.76,184821.31,3.35
791799.19,14.35,0.75,184517.73,3.34
791663.21,14.35,0.75,184523.96,3.34
791715.91,14.35,0.76,185037.22,3.35
791579.93,14.35,0.76,184951.68,3.35
791443.96,14.35,0.76,184951.23,3.35
791307.98,14.35,0.76,184951.23,3.35
791604.0,14.36,0.76,185022.61,3.36
791478.84,14.36,0.76,184643.14,3.35
791332.04,14.36,0.76,184581.48,3.35
791196.07,14.36,0.76,184563.83,3.35
791060.09,14.36,0.76,184640.5,3.35
790924.11,14.36,0.76,184604.57,3.35
790788.14,14.36,0.76,184604.12,3.35
790788.14,14.36,0.76,184626.53,3.35
790447.77,14.36,0.76,185336.82,3.37
790311.79,14.36,0.76,185336.82,3.37
790311.79,14.36,0.76,185336.82,3.37
790175.82,14.36,0.76,185340.37,3.37
790039.84,14.36,0.76,185432.97,3.37
790039.84,14.36,0.76,185433.01,3.37
790039.84,14.36,0.76,185417.69,3.37
789903.86,14.36,0.76,185460.04,3.37
789903.86,14.36,0.76,185460.04,3.37
789789.52,14.36,0.76,185417.85,3.37
789789.52,14.36,0.76,185436.59,3.37
789630.84,14.35,0.76,185277.71,3.37
789494.86,14.35,0.76,185277.26,3.37
789560.18,14.36,0.76,184853.99,3.36
789325.6,14.36,0.76,184531.69,3.36
789325.6,14.36,0.76,184531.69,3.36
789189.62,14.36,0.76,184531.69,3.36
789066.27,14.36,0.76,183915.83,3.35
789180.37,14.36,0.76,183946.13,3.35
789567.99,14.37,0.77,184604.09,3.36
789481.45,14.37,0.77,184201.78,3.35
789345.47,14.37,0.77,184853.16,3.36
789310.22,14.37,0.77,185033.97,3.37
789120.8,14.37,0.77,184871.18,3.37
789416.82,14.37,0.78,184853.2,3.37
789739.27,14.38,0.78,184219.5,3.35
789544.49,14.38,0.78,184549.92,3.36
789440.97,14.38,0.78,184095.99,3.35
789304.99,14.38,0.78,184096.13,3.35
789081.53,14.38,0.78,185627.25,3.38
789081.53,14.38,0.78,185627.25,3.38
788945.55,14.38,0.78,185626.67,3.38
789241.57,14.38,0.79,185626.67,3.38
789294.28,14.39,0.79,185706.43,3.39
789158.3,14.39,0.79,185662.73,3.38
788786.3,14.38,0.78,185626.67,3.38
788839.0,14.38,0.79,186230.3,3.4
788713.84,14.39,0.79,186096.47,3.39
789009.86,14.39,0.79,186096.47,3.39
788865.71,14.39,0.79,186066.67,3.39
788707.03,14.39,0.79,185907.99,3.39
788759.73,14.39,0.79,185907.99,3.39
788812.43,14.4,0.8,185907.99,3.39
788812.43,14.4,0.8,185907.99,3.39
788676.46,14.4,0.8,185907.99,3.39
788540.48,14.4,0.8,185907.99,3.39
788404.5,14.4,0.8,185907.99,3.39
788268.52,14.4,0.8,186515.94,3.41
788132.55,14.4,0.8,186525.98,3.41
787996.57,14.4,0.8,186526.65,3.41
787860.59,14.4,0.8,186462.23,3.41
787724.61,14.4,0.8,186612.66,3.41
787777.32,14.4,0.8,188301.04,3.44
787641.34,14.4,0.8,188300.59,3.44
787505.36,14.4,0.8,188300.59,3.44
787369.38,14.4,0.8,188400.79,3.45
787233.41,14.4,0.8,188302.88,3.44
787097.43,14.4,0.8,188412.61,3.45
786961.45,14.4,0.8,188389.92,3.45
786599.45,14.4,0.8,188215.73,3.44
786673.79,14.4,0.8,188278.57,3.45
786537.81,14.4,0.8,188221.95,3.45
786537.81,14.4,0.8,188244.46,3.45
786836.7,14.41,0.81,187162.27,3.43
786700.72,14.41,0.81,187168.49,3.43
786564.75,14.41,0.81,187082.96,3.43
786428.77,14.41,0.81,187082.51,3.43
786292.79,14.41,0.81,187082.51,3.43
786358.11,14.41,0.81,186752.67,3.42
786154.98,14.41,0.81,187264.11,3.43
786345.43,14.41,0.82,187327.25,3.43
786345.43,14.41,0.82,187312.42,3.43
786209.46,14.41,0.82,187271.75,3.43
786284.18,14.42,0.82,187208.65,3.43
786592.51,14.42,0.83,187982.13,3.45
786906.07,14.43,0.83,186855.71,3.43
786947.95,14.43,0.84,186243.33,3.42
786811.97,14.43,0.84,186265.41,3.42
786688.62,14.44,0.84,185559.6,3.4
786641.39,14.44,0.84,185518.52,3.4
786694.1,14.44,0.84,186122.76,3.42
786558.12,14.44,0.84,186122.45,3.42
786432.96,14.44,0.84,186126.9,3.42
786744.64,14.45,0.85,186373.77,3.42
786588.74,14.44,0.85,186214.89,3.42
786884.77,14.45,0.85,186214.89,3.42
786884.77,14.45,0.85,186230.98,3.42
786884.77,14.45,0.85,186222.56,3.42
786937.47,14.45,0.86,186362.93,3.42
786801.49,14.45,0.86,186233.78,3.42
786665.51,14.45,0.86,186222.91,3.42
786529.54,14.45,0.86,186958.58,3.44
786244.84,14.45,0.85,187073.38,3.44
786540.86,14.46,0.86,187072.93,3.44
786404.88,14.46,0.86,187072.93,3.44
786268.91,14.46,0.86,187209.89,3.44
786322.25,14.46,0.86,186579.36,3.43
786098.33,14.46,0.86,186797.95,3.44
785962.35,14.46,0.86,186708.28,3.43
785826.37,14.46,0.86,186660.99,3.43
785879.07,14.46,0.87,187225.62,3.45
786184.79,14.47,0.87,188590.62,3.47
786154.18,14.47,0.87,188477.14,3.47
786018.2,14.47,0.87,188228.78,3.47
786070.9,14.48,0.88,188564.49,3.47
786070.9,14.48,0.88,188574.97,3.47
786123.6,14.48,0.88,188574.93,3.47
785987.63,14.48,0.88,188574.52,3.47
785851.65,14.48,0.88,188574.52,3.47
785904.35,14.48,0.88,188575.12,3.47
785957.05,14.48,0.89,188611.74,3.48
786009.75,14.49,0.89,188671.03,3.48
786062.46,14.49,0.89,189009.48,3.48
786252.91,14.5,0.9,189830.44,3.5
786116.93,14.5,0.9,189751.13,3.5
786116.93,14.5,0.9,189751.13,3.5
785980.95,14.5,0.9,189751.13,3.5
786171.4,14.5,0.9,189818.76,3.5
785756.09,14.5,0.9,189383.52,3.49
785620.11,14.5,0.9,189556.35,3.5
785484.13,14.5,0.9,189555.9,3.5
785348.15,14.5,0.9,189555.9,3.5
785212.18,14.5,0.9,189569.32,3.5
785212.18,14.5,0.9,189569.32,3.5
784124.36,14.5,0.9,189569.32,3.5
783988.38,14.5,0.9,189564.76,3.51
783852.4,14.5,0.9,189555.99,3.51
783478.82,14.49,0.89,189255.87,3.5
783191.73,14.49,0.89,188956.7,3.5
782901.72,14.48,0.89,188652.57,3.49
782954.42,14.49,0.89,188652.47,3.49
782818.44,14.49,0.89,188933.06,3.5
782682.46,14.49,0.89,188826.46,3.49
782682.46,14.49,0.89,188826.46,3.49
782546.49,14.49,0.89,188832.69,3.5
782599.19,14.49,0.89,188909.99,3.5
782463.21,14.49,0.89,188887.3,3.5
782528.53,14.49,0.9,188464.04,3.49
782481.31,14.49,0.9,188320.04,3.49
782546.63,14.5,0.9,187896.78,3.48
782310.73,14.5,0.9,187568.63,3.48
782174.75,14.5,0.9,187512.01,3.48
782038.78,14.5,0.9,187489.32,3.48
781902.8,14.5,0.9,187432.7,3.48
781766.82,14.5,0.9,187432.25,3.48
781394.82,14.49,0.89,187219.03,3.47
781258.85,14.49,0.89,187234.22,3.47
781122.87,14.49,0.89,187229.71,3.47
780986.89,14.49,0.89,187224.88,3.47
781177.34,14.5,0.9,187376.34,3.48
781041.37,14.5,0.9,187239.66,3.48
780905.39,14.5,0.9,187219.04,3.48
780769.41,14.5,0.9,187543.98,3.48
780562.98,14.49,0.9,187205.12,3.48
780753.43,14.5,0.9,187204.67,3.48
780617.46,14.5,0.9,187204.67,3.48
780481.48,14.5,0.9,187312.67,3.48
780345.5,14.5,0.9,187219.05,3.48
780209.52,14.5,0.9,187329.77,3.48
780262.23,14.5,0.91,188082.92,3.5
780169.9,14.5,0.91,187678.99,3.49
780169.9,14.5,0.91,187678.99,3.49
779993.52,14.5,0.91,187729.17,3.49
780289.54,14.51,0.91,187728.72,3.49
780342.24,14.51,0.92,187728.72,3.49
780045.81,14.51,0.91,187438.95,3.49
780045.81,14.51,0.91,187438.95,3.49
780045.81,14.51,0.91,187438.95,3.49
779909.83,14.51,0.91,187438.95,3.49
779713.4,14.51,0.91,187244.0,3.48
779577.43,14.51,0.91,187246.69,3.48
779436.97,14.5,0.91,187482.46,3.49
779489.67,14.51,0.91,187354.0,3.49
779489.67,14.51,0.91,187354.0,3.49
779353.69,14.51,0.91,187244.0,3.49
779217.71,14.51,0.91,188025.91,3.5
779602.38,14.52,0.92,188283.16,3.51
779466.4,14.52,0.92,188282.71,3.51
779330.42,14.52,0.92,188282.71,3.51
779194.44,14.52,0.92,188342.78,3.51
779058.47,14.52,0.92,188454.34,3.51
779111.17,14.52,0.92,188347.0,3.51
779163.87,14.52,0.93,188298.43,3.51
778942.33,14.52,0.92,188265.33,3.51
778806.35,14.52,0.92,188251.34,3.51
778670.37,14.52,0.92,188628.39,3.52
778534.4,14.52,0.92,188618.49,3.52
778398.42,14.52,0.92,188549.08,3.52
778262.44,14.52,0.92,188548.63,3.52
778026.54,14.52,0.92,187824.28,3.51
777790.64,14.52,0.92,187455.34,3.5
777470.64,14.51,0.91,187135.34,3.49
777334.67,14.51,0.91,187135.34,3.49
777198.69,14.51,0.91,187173.49,3.5
777198.69,14.51,0.91,187173.49,3.5
777062.71,14.51,0.91,187174.41,3.5
776926.73,14.51,0.92,187135.62,3.5
776654.78,14.51,0.92,187300.76,3.5
776553.39,14.51,0.91,187175.96,3.5
776553.39,14.51,0.91,187175.96,3.5
776417.41,14.51,0.91,187010.54,3.5
776281.43,14.51,0.91,187010.68,3.5
776145.46,14.51,0.91,187010.09,3.5
775986.78,14.51,0.91,186851.41,3.49
775986.78,14.51,0.91,186851.41,3.49
775850.8,14.51,0.91,186851.41,3.49
775714.82,14.51,0.91,186854.53,3.5
775767.52,14.51,0.92,186851.42,3.5
775631.55,14.51,0.92,186851.41,3.5
775927.57,14.52,0.92,187397.35,3.51
775731.83,14.52,0.92,187176.91,3.5
775784.54,14.52,0.92,187410.39,3.51
775561.08,14.52,0.92,187158.68,3.5
775613.78,14.52,0.92,187158.64,3.5
775998.44,14.53,0.93,187158.23,3.5
775695.05,14.52,0.93,187160.36,3.5
775559.08,14.52,0.93,187158.23,3.5
775423.1,14.52,0.93,187158.23,3.51
775613.55,14.53,0.93,187571.1,3.51
775477.57,14.53,0.93,187476.95,3.51
775385.25,14.53,0.93,187412.45,3.51
775208.86,14.53,0.93,187902.73,3.52
775072.89,14.53,0.93,187902.86,3.52
774936.91,14.53,0.93,187902.28,3.52
774800.93,14.53,0.93,187902.28,3.52
774866.25,14.53,0.94,187479.01,3.52
774819.03,14.54,0.94,187335.02,3.51
774683.05,14.54,0.94,187424.53,3.52
774547.08,14.54,0.94,187509.04,3.52
774411.1,14.54,0.94,187417.09,3.52
774285.94,14.54,0.94,187557.72,3.52
774139.14,14.54,0.94,187335.02,3.52
774003.17,14.54,0.94,187334.57,3.52
774055.87,14.54,0.94,187334.57,3.52
773919.89,14.54,0.94,187350.14,3.52
773783.91,14.54,0.94,187340.68,3.52
773647.94,14.54,0.94,187334.57,3.52
773700.64,14.54,0.95,187647.58,3.53
773564.66,14.54,0.95,187690.3,3.53
773428.68,14.54,0.95,187674.44,3.53
773672.72,14.55,0.95,187595.13,3.53
773536.74,14.55,0.95,187970.95,3.54
773400.76,14.55,0.95,187970.74,3.54
773277.41,14.55,0.95,187354.88,3.53
773277.41,14.55,0.95,187354.88,3.53
772981.8,14.55,0.95,187050.38,3.52
772981.8,14.55,0.95,187050.38,3.52
772981.8,14.55,0.95,187050.38,3.52
772745.9,14.54,0.95,186730.68,3.51
772745.9,14.54,0.95,186730.68,3.51
772811.22,14.55,0.95,186307.42,3.51
772675.24,14.55,0.95,186307.18,3.51
772516.56,14.55,0.95,186153.03,3.51
772469.34,14.55,0.95,186019.6,3.5
772248.47,14.54,0.95,185808.78,3.5
772248.47,14.54,0.95,185808.78,3.5
772301.17,14.55,0.95,185878.34,3.5
771961.16,14.54,0.94,185542.52,3.49
772151.61,14.55,0.95,185497.57,3.49
772015.63,14.55,0.95,185501.72,3.5
771879.66,14.55,0.95,185501.27,3.5
771583.23,14.54,0.94,186289.22,3.51
771879.25,14.55,0.95,186289.22,3.51
771738.79,14.55,0.95,186369.69,3.51
770650.97,14.55,0.95,186369.69,3.52
770703.67,14.55,0.95,185963.47,3.51
770567.7,14.55,0.95,186088.03,3.51
770631.21,14.56,0.96,186004.34,3.51
770484.42,14.56,0.96,186259.07,3.52
770348.44,14.56,0.96,187348.95,3.54
770244.92,14.56,0.96,187459.84,3.54
770108.94,14.56,0.96,187373.49,3.54
770161.64,14.56,0.96,187558.75,3.55
770025.66,14.56,0.96,187536.06,3.55
770078.36,14.56,0.97,187642.28,3.55
769942.39,14.56,0.97,187648.51,3.55
770238.41,14.57,0.97,187922.9,3.55
769866.41,14.56,0.97,187622.97,3.55
769785.29,14.57,0.97,187374.76,3.55
770170.59,14.57,0.98,187241.54,3.54
770316.51,14.58,0.98,187246.91,3.54
770180.54,14.58,0.98,187167.6,3.54
770044.56,14.58,0.98,187167.6,3.54
769908.58,14.58,0.98,187167.15,3.54
770293.24,14.59,0.99,187167.15,3.54
770189.69,14.59,0.99,187189.3,3.54
770053.71,14.59,0.99,187176.97,3.55
769917.74,14.59,0.99,187172.4,3.55
769781.76,14.59,0.99,187434.82,3.55
769299.73,14.58,0.98,187105.08,3.55
769352.43,14.58,0.98,186838.14,3.54
769216.46,14.58,0.98,187501.65,3.55
769512.48,14.59,0.99,187831.99,3.56
769376.5,14.59,0.99,187822.09,3.56
769008.67,14.58,0.99,187482.8,3.56
768872.7,14.58,0.99,187413.39,3.55
768736.72,14.58,0.99,187334.08,3.55
768600.74,14.58,0.99,187334.08,3.55
768464.77,14.58,0.99,187254.77,3.55
768708.8,14.59,0.99,187630.59,3.56
769004.82,14.6,1.0,187630.14,3.56
769004.82,14.6,1.0,187630.14,3.56
769057.52,14.6,1.0,187630.14,3.56
769057.52,14.6,1.0,187630.14,3.56
769057.52,14.6,1.0,187630.14,3.56
768513.61,14.6,1.0,187630.14,3.56
768377.64,14.6,1.0,188163.27,3.58
768105.68,14.6,1.0,188244.91,3.58
768158.38,14.61,1.01,188491.06,3.58
768211.09,14.61,1.01,188604.77,3.59
768075.11,14.61,1.01,188594.67,3.59
768356.22,14.62,1.02,188594.22,3.59
768220.24,14.62,1.02,188594.22,3.59
768084.26,14.62,1.02,188595.73,3.59
767948.29,14.62,1.02,188594.68,3.59
767812.31,14.62,1.02,188594.22,3.59
767676.33,14.62,1.02,188941.04,3.6
767540.35,14.62,1.02,188985.79,3.6
767178.36,14.61,1.01,188652.02,3.59
767042.38,14.61,1.01,188633.15,3.59
767338.4,14.62,1.02,188632.7,3.59
766966.4,14.61,1.02,188632.7,3.59
766830.42,14.61,1.02,188661.35,3.6
766694.45,14.61,1.02,188652.25,3.6
766558.47,14.61,1.02,188637.28,3.6
766611.17,14.62,1.02,188652.93,3.6
766241.17,14.61,1.01,188282.93,3.59
766105.19,14.61,1.01,188282.94,3.59
766105.19,14.61,1.01,188282.94,3.59
765969.22,14.61,1.01,188744.59,3.6
766276.05,14.62,1.02,188816.2,3.6
766129.26,14.62,1.02,188821.55,3.6
765939.32,14.62,1.02,188646.26,3.6
765803.34,14.62,1.02,188645.79,3.6
765667.37,14.62,1.02,188895.24,3.61
765667.37,14.62,1.02,188918.67,3.61
765544.01,14.62,1.02,188212.86,3.59
765308.11,14.61,1.02,187983.11,3.59
765172.13,14.61,1.02,187734.25,3.59
765068.6,14.62,1.02,187965.65,3.59
765110.49,14.62,1.02,188707.27,3.61
764974.51,14.62,1.02,188627.96,3.6
764838.53,14.62,1.02,188627.96,3.61
764702.56,14.62,1.02,188627.51,3.61
764566.58,14.62,1.02,188627.51,3.61
764443.22,14.62,1.02,187921.7,3.59
764207.32,14.62,1.02,187691.94,3.59
763835.32,14.61,1.01,187442.0,3.59
763888.02,14.62,1.02,187511.56,3.59
764184.04,14.62,1.02,187484.3,3.59
763812.05,14.62,1.02,187451.92,3.59
763708.52,14.62,1.02,189045.63,3.62
763708.52,14.62,1.02,189026.24,3.62
764004.54,14.62,1.03,189136.43,3.62
763664.53,14.62,1.02,188800.61,3.61
763528.55,14.62,1.02,188971.04,3.62
763156.55,14.61,1.02,188671.11,3.61
763061.91,14.61,1.02,188066.1,3.6
762864.28,14.61,1.02,187887.5,3.6
762664.45,14.61,1.01,187731.99,3.6
762854.9,14.62,1.02,187731.54,3.6
763220.51,14.62,1.03,187731.54,3.6
763262.39,14.63,1.03,187072.55,3.58
763148.43,14.63,1.03,186262.15,3.57
762968.8,14.63,1.03,186566.66,3.58
762626.11,14.62,1.02,186591.35,3.58
762490.13,14.62,1.02,186587.02,3.58
762490.13,14.62,1.02,186608.8,3.58
762354.15,14.62,1.02,186606.39,3.58
762218.18,14.62,1.02,186588.45,3.58
762218.18,14.62,1.02,186623.23,3.58
762218.18,14.62,1.02,186707.87,3.58
762514.2,14.63,1.03,187920.36,3.61
762378.22,14.63,1.03,187919.91,3.61
762103.42,14.62,1.03,187444.31,3.6
762028.64,14.62,1.03,186909.1,3.59
761872.6,14.62,1.02,186753.9,3.58
761736.62,14.62,1.02,186753.89,3.58
761556.99,14.62,1.02,187287.95,3.6
761386.94,14.62,1.02,187042.22,3.59
761386.94,14.62,1.02,187042.22,3.59
761682.96,14.63,1.03,187042.22,3.59
761735.66,14.63,1.03,187083.38,3.59
761979.69,14.64,1.04,187047.98,3.59
761843.72,14.64,1.04,187042.22,3.59
762034.17,14.64,1.05,188243.05,3.62
761762.21,14.64,1.05,188256.35,3.62
761626.24,14.64,1.05,188227.33,3.62
761490.26,14.64,1.05,188225.89,3.62
761354.28,14.64,1.05,188232.79,3.62
761218.31,14.64,1.05,188848.47,3.63
761082.33,14.64,1.05,188848.48,3.63
760946.35,14.64,1.05,188848.02,3.63
760810.37,14.64,1.05,188868.26,3.64
760490.37,14.64,1.04,188548.26,3.63
759990.12,14.64,1.04,188815.44,3.64
759810.49,14.64,1.04,188528.02,3.63
759674.51,14.64,1.04,188564.38,3.63
759864.96,14.65,1.05,188727.54,3.64
759864.96,14.65,1.05,188746.28,3.64
759728.98,14.65,1.05,188745.84,3.64
759593.01,14.65,1.05,188745.83,3.64
759645.71,14.65,1.05,188419.28,3.63
759709.23,14.65,1.06,188282.34,3.63
759562.43,14.65,1.06,188489.73,3.64
759562.43,14.65,1.06,188554.93,3.64
759197.48,14.65,1.05,188328.61,3.63
759061.5,14.65,1.05,188331.88,3.63
758855.07,14.64,1.05,188173.04,3.63
758731.72,14.64,1.05,187557.18,3.62
758595.74,14.65,1.05,187906.28,3.63
758359.84,14.64,1.05,187586.58,3.62
758223.86,14.64,1.05,187517.28,3.62
758109.52,14.64,1.05,187351.49,3.62
757995.56,14.64,1.05,187528.61,3.62
757815.93,14.64,1.05,187234.21,3.62
757679.95,14.64,1.05,187154.9,3.62
757679.95,14.64,1.05,187153.08,3.62
757679.95,14.64,1.05,187153.08,3.62
757732.65,14.65,1.05,187338.11,3.62
757732.65,14.65,1.05,187338.11,3.62
757785.35,14.65,1.05,187449.19,3.62
757649.38,14.65,1.05,187421.64,3.62
757513.4,14.65,1.05,187342.33,3.62
757513.4,14.65,1.05,187342.33,3.62
757355.9,14.65,1.05,187183.44,3.62
757083.74,14.64,1.05,186927.95,3.62
756947.76,14.64,1.05,186927.95,3.62
756947.76,14.64,1.05,186927.95,3.62
756811.78,14.64,1.05,186927.5,3.62
756675.8,14.65,1.05,186927.5,3.62
756539.83,14.65,1.05,186939.58,3.62
756924.49,14.65,1.06,186927.5,3.62
756788.51,14.65,1.06,186927.5,3.62
756652.53,14.65,1.06,187181.62,3.63
756705.23,14.66,1.06,187294.15,3.63
756569.26,14.66,1.06,187507.8,3.63
756634.58,14.66,1.06,187084.54,3.63
756400.0,14.66,1.06,186762.23,3.62
756264.02,14.66,1.06,186761.79,3.62
756128.04,14.66,1.06,186761.78,3.62
755637.41,14.65,1.05,186399.72,3.61
755501.43,14.65,1.05,186402.99,3.62
755554.13,14.66,1.06,186497.23,3.62
755554.13,14.66,1.06,186494.03,3.62
755744.58,14.66,1.06,186528.05,3.62
755608.6,14.66,1.06,186491.38,3.62
755483.44,14.66,1.06,187072.34,3.63
755336.65,14.66,1.06,186887.3,3.63
755200.67,14.66,1.06,186887.09,3.63
755265.99,14.67,1.07,186463.82,3.62
755526.24,14.67,1.07,186625.54,3.62
755390.27,14.67,1.07,186625.3,3.62
755254.29,14.67,1.07,186838.83,3.63
755306.99,14.68,1.08,186683.56,3.63
755306.99,14.68,1.08,186683.56,3.63
755171.01,14.68,1.08,186626.06,3.63
755223.71,14.68,1.08,186625.61,3.63
755504.82,14.69,1.09,187447.61,3.64
755208.39,14.68,1.08,187175.31,3.64
755072.42,14.68,1.08,187069.26,3.64
755072.42,14.68,1.08,187069.26,3.64
754936.44,14.68,1.08,186989.95,3.64
754800.46,14.68,1.08,186989.95,3.64
754664.48,14.68,1.08,186908.46,3.64
754528.51,14.68,1.08,186858.84,3.64
754835.35,14.69,1.09,187429.86,3.65
754699.37,14.69,1.09,187350.54,3.65
754608.54,14.69,1.09,187192.8,3.64
754673.86,14.69,1.1,186769.54,3.64
754439.28,14.69,1.1,186447.24,3.63
754303.3,14.69,1.1,186447.24,3.63
754356.0,14.7,1.1,186558.32,3.63
754220.02,14.7,1.1,186530.77,3.63
754220.02,14.7,1.1,186566.27,3.64
754084.05,14.7,1.1,185917.86,3.62
753948.07,14.7,1.1,185917.41,3.62
753812.09,14.7,1.1,185917.41,3.62
753676.12,14.7,1.1,185668.88,3.62
753972.14,14.7,1.11,185668.88,3.62
753836.16,14.7,1.11,185812.42,3.62
754026.61,14.71,1.11,185668.88,3.62
753890.63,14.71,1.11,186449.93,3.64
753798.31,14.71,1.11,186270.37,3.64
753513.48,14.71,1.11,185996.36,3.63
753577.0,14.71,1.11,186312.45,3.64
753430.2,14.71,1.11,186101.97,3.63
753430.2,14.71,1.11,186101.97,3.63
753309.78,14.71,1.11,186310.67,3.64
753309.78,14.71,1.11,186310.67,3.64
753173.8,14.71,1.11,186642.66,3.65
753226.51,14.71,1.12,186330.11,3.64
753134.18,14.72,1.12,186201.26,3.64
753134.18,14.72,1.12,186198.2,3.64
752954.55,14.72,1.12,186290.5,3.64
753250.57,14.72,1.12,186290.05,3.64
753303.27,14.73,1.13,186290.05,3.64
753303.27,14.73,1.13,186290.05,3.64
753167.3,14.73,1.13,186290.05,3.64
753031.32,14.73,1.13,186303.64,3.64
753084.02,14.73,1.13,186290.09,3.64
753136.72,14.73,1.14,186706.23,3.65
753327.17,14.74,1.14,186934.68,3.66
753379.88,14.74,1.14,187403.79,3.67
753432.58,14.75,1.15,187514.87,3.67
753432.58,14.75,1.15,187514.87,3.67
753432.58,14.75,1.15,187514.87,3.67
753296.6,14.75,1.15,187487.33,3.67
753296.6,14.75,1.15,187487.33,3.67
753009.51,14.74,1.14,187279.13,3.67
752873.53,14.74,1.14,187288.17,3.67
752737.56,14.74,1.14,187280.17,3.67
752601.58,14.74,1.14,187320.45,3.67
752654.28,14.74,1.15,187290.97,3.67
752518.3,14.75,1.15,187293.8,3.67
752762.34,14.75,1.15,187711.31,3.68
752762.34,14.75,1.15,187684.25,3.68
752762.34,14.75,1.15,187684.25,3.68
752626.36,14.75,1.15,187523.33,3.68
752490.39,14.75,1.15,187760.4,3.68
752490.39,14.75,1.15,187760.4,3.68
752354.41,14.75,1.15,187681.09,3.68
752218.43,14.75,1.15,187681.09,3.68
751890.47,14.75,1.15,187353.13,3.67
751684.04,14.74,1.15,187542.96,3.68
751548.06,14.74,1.15,187543.09,3.68
751412.09,14.74,1.15,187542.51,3.68
751464.79,14.75,1.15,187542.51,3.68
751655.24,14.75,1.16,187574.31,3.68
751655.24,14.75,1.16,187574.31,3.68
751707.94,14.76,1.16,187555.42,3.68
751760.64,14.76,1.16,187558.06,3.68
751624.67,14.76,1.16,187628.87,3.68
751284.65,14.75,1.16,187346.88,3.68
751284.65,14.75,1.16,187376.93,3.68
751148.67,14.75,1.16,188057.86,3.69
750776.68,14.75,1.15,187672.54,3.69
750640.7,14.75,1.15,187672.09,3.69
750640.7,14.75,1.15,187672.66,3.69
750504.72,14.75,1.15,187672.66,3.69
750368.74,14.75,1.15,188086.72,3.7
750232.77,14.75,1.15,188142.04,3.7
749936.34,14.74,1.15,187970.42,3.7
749800.36,14.75,1.15,187688.87,3.69
749664.38,14.75,1.15,187575.72,3.69
749528.41,14.75,1.15,187575.85,3.69
749591.92,14.75,1.15,187890.53,3.7
749374.67,14.75,1.15,187673.34,3.69
749748.52,14.75,1.16,187901.25,3.7
749801.22,14.76,1.16,187900.67,3.7
749489.12,14.75,1.15,187682.27,3.69
749353.14,14.75,1.15,187682.27,3.69
749217.16,14.75,1.16,187739.98,3.7
749513.19,14.76,1.16,187718.53,3.7
749377.21,14.76,1.16,187783.84,3.7
749026.84,14.75,1.16,188481.11,3.71
748890.87,14.75,1.16,188480.66,3.71
748754.89,14.76,1.16,188480.66,3.71
748796.77,14.76,1.16,188268.73,3.71
749081.98,14.77,1.17,188449.35,3.71
749134.68,14.77,1.17,188449.35,3.72
748911.22,14.77,1.17,188330.69,3.71
748963.92,14.77,1.17,188331.29,3.71
748827.94,14.77,1.17,188388.73,3.72
748880.65,14.77,1.17,188371.91,3.72
748744.67,14.77,1.17,188418.5,3.72
748608.69,14.77,1.18,188895.03,3.73
749069.92,14.78,1.18,188689.24,3.72
748933.94,14.78,1.19,189165.03,3.73
748986.64,14.79,1.19,189202.4,3.74
748679.01,14.78,1.18,188902.2,3.73
748571.65,14.78,1.18,188803.89,3.73
748571.65,14.78,1.18,188804.03,3.73
748435.67,14.78,1.18,188937.87,3.73
748299.69,14.78,1.18,188937.42,3.73
748163.72,14.78,1.18,188940.08,3.73
748027.74,14.78,1.18,188964.39,3.73
747891.76,14.78,1.18,188938.1,3.73
747755.79,14.78,1.18,189233.14,3.74
747619.81,14.78,1.18,189012.11,3.74
747483.83,14.78,1.18,189011.66,3.74
747347.85,14.78,1.18,189012.53,3.74
747211.88,14.78,1.18,189019.5,3.74
747075.9,14.78,1.18,189130.78,3.74
746779.95,14.78,1.18,188975.87,3.74
747175.43,14.79,1.19,188982.09,3.74
747217.32,14.79,1.19,189652.5,3.75
747217.32,14.79,1.19,189632.66,3.75
746726.68,14.78,1.18,189099.81,3.74
746726.68,14.78,1.18,189119.75,3.74
746590.7,14.78,1.18,189004.66,3.74
746590.7,14.78,1.18,188994.22,3.74
746454.72,14.78,1.18,189487.32,3.75
746318.75,14.78,1.18,189487.45,3.75
746714.22,14.79,1.19,189395.95,3.75
746904.68,14.8,1.2,189395.36,3.75
746506.87,14.79,1.19,189362.96,3.75
746559.57,14.79,1.2,189362.96,3.75
746855.59,14.8,1.2,189454.1,3.75
746908.3,14.8,1.21,189415.81,3.75
746611.87,14.8,1.2,189362.96,3.75
746475.89,14.8,1.2,190014.67,3.77
746350.73,14.8,1.2,190071.68,3.77
746077.62,14.8,1.2,189438.57,3.76
746389.3,14.8,1.21,190412.15,3.78
746442.0,14.81,1.21,190523.23,3.78
746230.75,14.8,1.21,190289.33,3.77
746094.77,14.8,1.21,190261.78,3.78
745958.79,14.8,1.21,190182.47,3.77
745822.81,14.8,1.21,190182.47,3.78
745686.84,14.8,1.21,190188.7,3.78
745686.84,14.8,1.21,190202.18,3.78
745550.86,14.8,1.21,190116.64,3.78
745603.56,14.81,1.21,189583.46,3.77
745467.58,14.81,1.21,189583.01,3.77
745222.86,14.8,1.21,189313.82,3.76
745540.51,14.81,1.21,189134.88,3.76
745404.54,14.81,1.21,189134.88,3.76
745268.56,14.81,1.21,189305.24,3.76
745268.56,14.81,1.21,189351.02,3.76
745268.56,14.81,1.21,189305.24,3.76
745459.01,14.82,1.22,189365.1,3.76
745323.03,14.82,1.22,189295.96,3.76
745626.16,14.83,1.23,190336.71,3.78
745635.21,14.83,1.23,190292.27,3.78
745499.24,14.83,1.23,190292.4,3.79
745363.26,14.83,1.23,190291.82,3.79
745363.26,14.83,1.23,190337.6,3.79
745553.71,14.84,1.24,190384.61,3.79
745417.73,14.84,1.24,190956.76,3.8
745292.57,14.84,1.24,190574.23,3.79
745145.78,14.84,1.24,190551.34,3.79
744885.17,14.83,1.23,190166.55,3.79
745181.19,14.84,1.24,190141.55,3.79
745045.21,14.84,1.24,190121.05,3.79
744909.24,14.84,1.24,190716.31,3.8
744773.26,14.84,1.24,190524.69,3.8
744637.28,14.84,1.24,190916.88,3.8
744637.28,14.84,1.24,190969.56,3.81
744637.28,14.84,1.24,190923.78,3.8
744501.3,14.84,1.24,190923.33,3.81
744554.01,14.84,1.25,190923.33,3.81
744606.71,14.85,1.25,190923.33,3.81
744470.73,14.85,1.25,190957.27,3.81
744470.73,14.85,1.25,190956.26,3.81
744470.73,14.85,1.25,191007.97,3.81
744334.75,14.85,1.25,190974.03,3.81
744084.81,14.84,1.25,190818.04,3.81
743788.39,14.84,1.24,190520.22,3.8
743652.41,14.84,1.24,190947.3,3.81
743705.11,14.84,1.24,191089.27,3.81
743569.13,14.84,1.24,191030.04,3.81
743433.15,14.84,1.24,190950.73,3.81
743084.73,14.84,1.24,190563.39,3.8
743137.43,14.84,1.24,190726.23,3.81
743433.45,14.85,1.25,190725.78,3.81
743297.47,14.85,1.25,190725.78,3.81
743138.79,14.85,1.25,190572.55,3.81
743138.79,14.85,1.25,190563.46,3.81
743382.83,14.85,1.25,190620.61,3.81
743246.85,14.85,1.25,190576.08,3.81
742874.85,14.85,1.25,190563.46,3.81
742584.84,14.84,1.24,190829.88,3.81
742448.86,14.84,1.24,190882.93,3.82
742312.89,14.84,1.24,190648.52,3.81
742176.91,14.84,1.24,190654.75,3.81
742040.93,14.84,1.24,190569.21,3.81
742104.45,14.85,1.25,191017.69,3.82
741957.66,14.85,1.25,190813.68,3.82
742253.68,14.85,1.26,190813.23,3.82
742534.79,14.86,1.26,190813.23,3.82
742398.81,14.86,1.26,190860.5,3.82
742398.81,14.86,1.26,190883.07,3.82
742262.83,14.86,1.26,190847.03,3.82
742262.83,14.86,1.26,190824.46,3.82
742126.85,14.86,1.26,190813.23,3.82
741990.88,14.86,1.26,191534.85,3.84
741865.72,14.86,1.26,191498.51,3.84
741921.74,14.86,1.27,191645.23,3.84
741921.74,14.86,1.27,191669.04,3.84
741835.3,14.86,1.27,191898.06,3.84
742025.75,14.87,1.27,191897.61,3.85
742025.75,14.87,1.27,191880.9,3.85
741540.29,14.86,1.26,191299.88,3.83
741404.31,14.86,1.26,191336.33,3.84
741457.01,14.87,1.27,191327.16,3.84
741321.04,14.87,1.27,191319.64,3.84
741511.49,14.87,1.27,191602.0,3.84
741375.51,14.87,1.27,191958.41,3.85
741656.62,14.88,1.28,191593.23,3.84
741960.79,14.89,1.29,193044.89,3.87
741824.81,14.89,1.29,193051.12,3.87
741688.84,14.89,1.29,192965.58,3.87
741688.84,14.89,1.29,192984.32,3.87
741552.86,14.89,1.29,192905.01,3.87
741416.88,14.89,1.29,192905.01,3.87
741280.91,14.89,1.29,192906.0,3.87
741144.93,14.89,1.29,192818.67,3.87
741008.95,14.89,1.29,192818.22,3.87
741061.65,14.89,1.29,192818.22,3.87
740925.67,14.89,1.29,192818.22,3.88
739837.86,14.89,1.3,192817.77,3.88
739467.71,14.89,1.29,192382.75,3.87
739309.03,14.89,1.29,192224.07,3.87
739173.05,14.89,1.29,192224.89,3.87
739037.07,14.89,1.29,192224.37,3.87
738901.1,14.89,1.29,192433.81,3.88
738765.12,14.89,1.29,192300.38,3.88
738629.14,14.89,1.29,192411.41,3.88
738925.16,14.89,1.3,192521.6,3.88
738789.18,14.89,1.3,192763.1,3.89
738653.21,14.89,1.3,192762.65,3.89
738517.23,14.9,1.3,192762.65,3.89
738381.25,14.9,1.3,192780.23,3.89
738084.82,14.89,1.29,192403.18,3.88
737926.14,14.89,1.29,192244.5,3.88
737978.85,14.89,1.29,192232.37,3.88
737842.87,14.89,1.29,192226.92,3.88
737546.44,14.89,1.29,192042.79,3.88
737599.14,14.89,1.29,192042.79,3.88
737227.14,14.88,1.29,191671.79,3.87
737091.17,14.88,1.29,192111.46,3.88
737143.87,14.89,1.29,192222.49,3.88
737007.89,14.89,1.29,192143.18,3.88
736871.91,14.89,1.29,192143.18,3.88
737062.36,14.89,1.3,192210.81,3.88
736926.39,14.89,1.3,192383.74,3.89
736979.09,14.9,1.3,192383.29,3.89
736843.11,14.9,1.3,192383.29,3.89
736707.13,14.9,1.3,192414.44,3.89
736507.3,14.89,1.3,192198.88,3.89
736371.32,14.9,1.3,192191.36,3.89
736012.06,14.89,1.3,191255.8,3.87
736064.76,14.9,1.3,191240.23,3.87
735957.41,14.9,1.3,191133.29,3.87
735821.43,14.9,1.3,191125.23,3.87
735685.45,14.9,1.3,191669.58,3.88
735549.47,14.9,1.3,191475.62,3.88
735343.05,14.89,1.3,191275.75,3.87
735207.07,14.89,1.3,191196.44,3.87
735071.09,14.89,1.3,191196.44,3.87
734935.11,14.89,1.3,191202.67,3.87
734987.81,14.9,1.3,191279.97,3.88
734851.84,14.9,1.3,191200.66,3.88
734715.86,14.9,1.3,191200.66,3.88
734715.86,14.9,1.3,191178.48,3.88
734579.88,14.9,1.3,191178.49,3.88
734443.91,14.9,1.3,191178.03,3.88
734496.61,14.9,1.3,191291.11,3.88
734360.63,14.9,1.3,191226.45,3.88
734224.65,14.9,1.3,191217.7,3.88
734088.67,14.9,1.3,191793.5,3.89
734553.06,14.91,1.31,191633.06,3.89
734344.16,14.91,1.31,191423.8,3.89
734185.48,14.91,1.31,191265.12,3.88
734185.48,14.91,1.31,191288.64,3.88
734049.5,14.91,1.31,191278.74,3.88
733813.6,14.91,1.31,191516.92,3.89
734198.27,14.91,1.32,191875.68,3.9
734062.29,14.91,1.32,191875.81,3.9
734127.61,14.92,1.32,191452.55,3.89
733893.03,14.92,1.32,191130.25,3.88
733621.08,14.92,1.32,191131.48,3.89
733673.78,14.92,1.32,191141.45,3.89
733537.8,14.92,1.32,191152.39,3.89
733537.8,14.92,1.32,191138.81,3.89
733537.8,14.92,1.32,191154.71,3.89
733537.8,14.92,1.32,191154.71,3.89
733401.82,14.92,1.32,191152.77,3.89
733265.84,14.92,1.32,191460.91,3.9
733129.87,14.92,1.32,191301.92,3.89
732993.89,14.92,1.32,191292.03,3.89
732993.89,14.92,1.32,191292.03,3.89
732634.63,14.92,1.32,190356.46,3.88
732498.65,14.92,1.32,190287.05,3.88
732362.68,14.92,1.32,190293.28,3.88
732226.7,14.92,1.32,190207.74,3.88
732090.72,14.92,1.32,190207.29,3.88
731778.62,14.92,1.32,189983.57,3.87
732074.64,14.92,1.33,189983.57,3.87
732127.35,14.93,1.33,190008.57,3.87
731903.89,14.92,1.33,189983.57,3.87
731903.89,14.92,1.33,190042.65,3.88
731903.89,14.92,1.33,190079.82,3.88
731767.91,14.92,1.33,190079.82,3.88
731767.91,14.92,1.33,190079.82,3.88
731631.93,14.92,1.33,190357.19,3.88
731684.63,14.93,1.33,190271.61,3.88
732138.2,14.94,1.34,190079.82,3.88
732190.91,14.94,1.34,191461.45,3.91
732243.61,14.95,1.35,191572.53,3.91
731155.79,14.95,1.35,191572.08,3.92
731155.79,14.95,1.35,191572.08,3.92
731019.81,14.95,1.35,191544.53,3.92
731072.51,14.95,1.35,191655.61,3.92
730936.53,14.95,1.35,191628.06,3.92
730800.56,14.95,1.35,191628.2,3.92
730664.58,14.95,1.35,191627.61,3.92
730515.18,14.95,1.35,191191.71,3.91
730379.21,14.95,1.35,191191.71,3.91
730243.23,14.95,1.35,191207.87,3.91
730107.25,14.95,1.35,191191.71,3.92
730107.25,14.95,1.35,191191.71,3.92
730388.36,14.96,1.36,191824.67,3.93
730388.36,14.96,1.36,191824.67,3.93
730296.04,14.96,1.36,191743.29,3.93
730305.08,14.96,1.36,191739.49,3.93
730169.11,14.96,1.36,191660.18,3.93
730033.13,14.96,1.36,191660.18,3.93
729897.15,14.96,1.37,191660.18,3.93
729897.15,14.96,1.37,191646.12,3.93
729761.18,14.96,1.37,191646.12,3.93
729813.88,14.97,1.37,191646.12,3.93
729453.73,14.96,1.36,191555.76,3.93
729506.43,14.96,1.37,191555.76,3.93
729506.43,14.96,1.37,191555.76,3.93
729696.88,14.97,1.37,191555.76,3.93
729749.58,14.97,1.38,191555.76,3.93
729749.58,14.97,1.38,191555.76,3.93
729613.61,14.97,1.38,192361.18,3.95
729477.63,14.97,1.38,192383.44,3.95
729341.65,14.97,1.38,192304.13,3.95
729069.7,14.98,1.38,192224.82,3.95
728933.72,14.98,1.38,192224.82,3.95
728797.74,14.98,1.38,192224.37,3.95
728661.76,14.98,1.38,192224.37,3.95
728661.76,14.98,1.38,192224.37,3.95
728525.79,14.98,1.38,192227.42,3.95
728525.79,14.98,1.38,192227.42,3.95
728389.81,14.98,1.38,192261.0,3.95
728442.51,14.98,1.38,192226.7,3.95
728306.53,14.98,1.38,192338.6,3.96
728181.37,14.98,1.38,192638.77,3.96
728034.58,14.98,1.38,192408.52,3.96
727898.6,14.98,1.38,192408.66,3.96
727898.6,14.98,1.38,192408.66,3.96
728194.62,14.99,1.39,192408.07,3.96
728194.62,14.99,1.39,192423.68,3.96
728058.65,14.99,1.39,192423.68,3.96
727686.65,14.98,1.39,192454.66,3.96
727550.67,14.98,1.39,192429.98,3.96
727603.37,14.99,1.39,192423.91,3.96
727409.8,14.98,1.39,192290.19,3.96
727409.8,14.98,1.39,192290.19,3.96
727273.82,14.98,1.39,192584.95,3.97
727273.82,14.98,1.39,192584.95,3.97
727137.84,14.98,1.39,192402.55,3.96
727001.87,14.98,1.39,192538.17,3.97
726865.89,14.98,1.39,192544.4,3.97
726729.91,14.99,1.39,192458.86,3.97
726782.61,14.99,1.39,192458.82,3.97
725694.79,14.99,1.39,192458.37,3.98
725558.82,14.99,1.39,192457.96,3.98
725854.84,15.0,1.4,192457.96,3.98
725718.86,15.0,1.4,192527.09,3.98
725356.86,14.99,1.4,192465.67,3.98
725409.56,15.0,1.4,192457.96,3.98
725273.59,15.0,1.4,192937.76,3.99
725569.61,15.0,1.41,192972.65,3.99
725433.63,15.0,1.41,193160.09,4.0
725677.67,15.01,1.41,193159.64,4.0
725868.12,15.02,1.42,193159.64,4.0
725732.14,15.02,1.42,193164.7,4.0
725596.16,15.02,1.42,193166.28,4.0
725224.16,15.01,1.41,192973.04,3.99
724680.25,15.01,1.42,193616.8,4.01
724544.28,15.01,1.42,193610.16,4.01
724408.3,15.01,1.42,194130.05,4.02
723320.48,15.02,1.42,194129.6,4.03
723184.5,15.02,1.42,194237.32,4.03
723048.53,15.02,1.42,194239.16,4.03
723238.98,15.02,1.42,194306.79,4.04
723429.43,15.03,1.43,194819.41,4.05
723482.13,15.03,1.43,194526.52,4.04
723346.16,15.03,1.43,194279.44,4.04
723210.18,15.03,1.44,194200.13,4.04
723210.18,15.03,1.44,194200.13,4.04
723117.85,15.03,1.44,194561.88,4.05
723117.85,15.03,1.44,194561.88,4.05
723126.9,15.04,1.44,194473.19,4.04
723126.9,15.04,1.44,194473.19,4.04
722990.92,15.04,1.44,194473.19,4.04
723056.25,15.04,1.44,194049.93,4.04
722821.67,15.04,1.44,193727.63,4.03
723102.78,15.05,1.45,193648.31,4.03
723398.8,15.05,1.46,194494.2,4.05
723262.82,15.05,1.46,194484.31,4.05
723040.63,15.05,1.45,194260.25,4.04
722904.65,15.05,1.45,194190.84,4.04
722768.67,15.05,1.45,194190.85,4.04
722821.37,15.06,1.46,193657.67,4.03
722874.08,15.06,1.46,193417.13,4.03
722738.1,15.06,1.46,193416.66,4.03
722928.55,15.07,1.47,193650.04,4.04
722792.57,15.07,1.47,193416.66,4.03
721704.75,15.07,1.47,193416.21,4.04
721768.27,15.07,1.47,193290.06,4.04
721396.27,15.07,1.47,192866.53,4.03
721099.84,15.06,1.46,192553.09,4.02
720953.05,15.06,1.46,193045.54,4.03
720663.04,15.06,1.46,192836.96,4.03
720663.04,15.06,1.46,192841.49,4.03
720527.06,15.06,1.46,192762.17,4.03
720391.08,15.06,1.46,193766.45,4.05
720391.08,15.06,1.46,193766.45,4.05
720465.42,15.06,1.46,192884.5,4.03
720769.59,15.07,1.47,193324.79,4.04
720633.61,15.07,1.47,193324.34,4.04
720273.46,15.06,1.46,192964.05,4.04
720315.35,15.07,1.47,193699.1,4.05
720611.37,15.07,1.48,193699.1,4.05
720467.82,15.07,1.48,193529.33,4.05
720331.84,15.07,1.48,193580.34,4.05
719959.84,15.07,1.47,193554.12,4.05
719823.87,15.07,1.47,193564.85,4.05
719687.89,15.07,1.47,193643.6,4.05
719573.54,15.07,1.47,194286.51,4.07
719277.12,15.06,1.47,193985.64,4.06
719173.59,15.06,1.47,194024.87,4.06
719037.61,15.06,1.47,194024.43,4.07
718901.63,15.06,1.47,194024.43,4.07
718765.66,15.07,1.47,194024.43,4.07
718840.38,15.07,1.47,193718.75,4.06
718849.43,15.07,1.47,193672.97,4.06
719153.6,15.08,1.48,193772.76,4.06
718994.92,15.08,1.48,193610.63,4.06
718858.94,15.08,1.48,193599.67,4.06
718722.96,15.08,1.48,193519.55,4.06
718615.61,15.08,1.48,193412.82,4.06
718615.61,15.08,1.48,193371.51,4.06
718668.31,15.08,1.48,193427.4,4.06
718721.01,15.08,1.49,194183.38,4.08
718585.03,15.08,1.49,194182.93,4.08
718585.03,15.08,1.49,194182.93,4.08
718449.05,15.08,1.49,194182.93,4.08
718242.63,15.08,1.48,193897.81,4.07
718295.33,15.08,1.49,193913.39,4.07
718159.35,15.08,1.49,193909.89,4.07
718212.05,15.09,1.49,193902.52,4.07
718076.07,15.09,1.49,193897.81,4.07
718076.07,15.09,1.49,193944.21,4.08
718128.78,15.09,1.49,193944.21,4.08
717992.8,15.09,1.49,194508.55,4.09
717856.82,15.09,1.49,194498.66,4.09
717720.84,15.09,1.5,194429.24,4.09
717773.54,15.1,1.5,194540.32,4.09
717826.25,15.1,1.5,194675.62,4.1
717826.25,15.1,1.5,194675.62,4.1
717456.1,15.09,1.5,194291.19,4.09
717374.97,15.1,1.5,193465.9,4.07
717374.97,15.1,1.5,193465.9,4.07
717239.0,15.1,1.5,193472.13,4.07
717115.64,15.1,1.5,193654.4,4.08
717411.66,15.1,1.51,193928.79,4.08
717275.68,15.1,1.51,193928.34,4.08
717139.71,15.1,1.51,193928.34,4.08
717139.71,15.1,1.51,193928.34,4.08
717192.41,15.11,1.51,193949.87,4.09
717056.43,15.11,1.51,193934.61,4.09
717109.13,15.11,1.51,193928.34,4.09
716973.15,15.11,1.51,193928.34,4.09
716601.16,15.11,1.51,193628.41,4.08
716465.18,15.11,1.51,194135.08,4.09
716329.2,15.11,1.51,193968.29,4.09
716193.22,15.11,1.51,193967.84,4.09
716057.25,15.11,1.51,193967.84,4.09
715921.27,15.11,1.51,193969.89,4.09
716217.29,15.12,1.52,194000.87,4.09
716081.31,15.12,1.52,193967.84,4.09
715945.33,15.12,1.52,193967.84,4.1
715945.33,15.12,1.52,193967.84,4.1
715809.36,15.12,1.52,194388.16,4.11
715809.36,15.12,1.52,194388.16,4.11
715809.36,15.12,1.52,194388.16,4.11
715448.18,15.11,1.51,194157.39,4.1
715301.38,15.11,1.51,194027.84,4.1
715165.4,15.11,1.51,193948.53,4.1
715029.43,15.11,1.51,193948.53,4.1
714893.45,15.11,1.51,193869.22,4.1
714737.41,15.11,1.51,193710.33,4.09
714994.07,15.12,1.52,193007.35,4.08
714758.17,15.11,1.52,193163.01,4.08
714461.74,15.11,1.51,192938.57,4.08
714757.76,15.12,1.52,193369.57,4.09
714757.76,15.12,1.52,193521.35,4.09
714621.78,15.12,1.52,193527.58,4.09
714687.1,15.12,1.52,193104.31,4.09
714687.1,15.12,1.52,193104.31,4.09
714639.88,15.12,1.52,192960.32,4.08
714267.88,15.12,1.52,192589.32,4.08
714131.91,15.12,1.52,192503.78,4.07
714436.08,15.12,1.53,192503.33,4.08
714436.08,15.12,1.53,192503.33,4.08
714300.1,15.12,1.53,192503.33,4.08
714176.74,15.13,1.53,191887.47,4.06
714129.52,15.13,1.53,191751.92,4.06
713759.37,15.12,1.52,191790.87,4.06
713623.39,15.12,1.52,191765.97,4.06
713487.42,15.12,1.52,191755.63,4.06
713351.44,15.12,1.52,191751.92,4.06
713351.44,15.12,1.52,191750.11,4.06
713237.1,15.12,1.52,192531.15,4.08
713101.12,15.12,1.53,192451.84,4.08
713175.84,15.13,1.53,192136.98,4.08
712996.21,15.13,1.53,191928.99,4.07
713277.32,15.13,1.54,192344.07,4.08
713573.34,15.14,1.54,192343.62,4.08
713201.34,15.14,1.54,192343.62,4.08
713201.34,15.14,1.54,192343.62,4.08
712914.25,15.13,1.53,192111.26,4.08
712914.25,15.13,1.53,192111.26,4.08
712778.28,15.13,1.53,192139.91,4.08
712642.3,15.13,1.53,192114.35,4.08
712506.32,15.13,1.53,192111.26,4.08
712696.77,15.14,1.54,192430.31,4.09
712406.76,15.13,1.53,192132.07,4.08
712406.76,15.13,1.53,192132.07,4.08
712270.78,15.13,1.54,192082.64,4.08
712178.46,15.13,1.54,192015.43,4.08
712002.07,15.13,1.54,192207.51,4.09
712054.78,15.14,1.54,192207.47,4.09
712054.78,15.14,1.54,192207.47,4.09
711918.8,15.14,1.54,192207.06,4.09
712109.25,15.14,1.55,192207.06,4.09
712390.36,15.15,1.55,192236.16,4.09
712254.38,15.15,1.55,192233.5,4.09
712118.41,15.15,1.55,192238.03,4.09
712118.41,15.15,1.55,192238.03,4.09
712118.41,15.15,1.55,192260.44,4.09
711982.43,15.15,1.55,192229.47,4.09
711982.43,15.15,1.55,192229.47,4.09
712278.45,15.16,1.56,193621.55,4.12
712142.47,15.16,1.56,193542.24,4.12
711855.39,15.16,1.56,193257.16,4.11
711483.39,15.15,1.55,192840.15,4.11
711347.41,15.15,1.55,192840.15,4.11
711643.43,15.16,1.56,192839.7,4.11
711271.43,15.15,1.55,192839.7,4.11
711567.45,15.16,1.56,192877.57,4.11
711620.15,15.16,1.56,192861.13,4.11
711484.18,15.16,1.56,192852.95,4.11
711348.2,15.16,1.57,192839.7,4.11
711348.2,15.16,1.57,192839.7,4.11
711212.22,15.16,1.57,193300.47,4.12
711087.06,15.16,1.57,193358.38,4.12
711357.36,15.17,1.57,193971.01,4.14
711221.38,15.17,1.57,193970.56,4.14
711085.4,15.17,1.57,193970.56,4.14
710723.4,15.17,1.57,193534.59,4.13
710723.4,15.17,1.57,193549.08,4.13
710723.4,15.17,1.57,193533.77,4.13
710587.42,15.17,1.57,193535.67,4.13
710451.45,15.17,1.57,193539.97,4.13
710504.15,15.17,1.57,193536.14,4.13
710800.17,15.18,1.58,193889.76,4.14
710664.19,15.18,1.58,193975.09,4.14
710327.11,15.17,1.57,193661.21,4.14
710191.13,15.17,1.58,193735.74,4.14
710191.13,15.17,1.58,193735.74,4.14
710055.15,15.17,1.58,193656.43,4.14
709683.15,15.17,1.57,193388.84,4.13
709927.19,15.17,1.58,193764.66,4.14
709791.21,15.17,1.58,193754.77,4.14
709843.91,15.18,1.58,193848.2,4.14
709843.91,15.18,1.58,193848.2,4.14
709707.93,15.18,1.58,193847.75,4.15
709512.83,15.17,1.58,193646.56,4.14
709376.85,15.18,1.58,193646.55,4.14
709167.17,15.17,1.57,193432.06,4.14
709463.2,15.18,1.58,193508.44,4.14
709327.22,15.18,1.58,193505.09,4.14
709040.13,15.17,1.58,193258.63,4.14
708904.15,15.17,1.58,193443.18,4.14
708768.18,15.18,1.58,193280.08,4.14
708632.2,15.18,1.58,193280.21,4.14
708632.2,15.18,1.58,193298.95,4.14
708496.22,15.18,1.58,193298.37,4.14
708403.9,15.18,1.58,193889.76,4.15
708412.95,15.18,1.58,193832.28,4.15
708362.95,15.18,1.58,193782.28,4.15
708226.97,15.18,1.58,193782.28,4.15
707936.96,15.17,1.58,193496.46,4.15
707800.98,15.17,1.58,193619.96,4.15
707665.0,15.17,1.58,193650.38,4.15
707529.02,15.18,1.58,193611.11,4.15
707393.05,15.18,1.58,193610.66,4.15
707267.89,15.18,1.58,193717.53,4.16
707121.09,15.18,1.58,193496.01,4.15
707121.09,15.18,1.58,193496.01,4.15
706985.11,15.18,1.58,193496.01,4.15
706849.14,15.18,1.58,193520.39,4.16
706477.14,15.17,1.57,193140.27,4.15
706261.21,15.17,1.57,192927.01,4.14
705901.95,15.17,1.57,191991.45,4.12
705901.95,15.17,1.57,191987.12,4.12
705765.97,15.17,1.57,192001.33,4.13
705629.99,15.17,1.57,191962.74,4.13
705682.7,15.17,1.57,192336.86,4.13
705557.54,15.17,1.57,192132.82,4.13
705557.54,15.17,1.57,192132.82,4.13
705931.38,15.18,1.58,192722.34,4.14
705795.4,15.18,1.58,192722.13,4.14
705848.1,15.18,1.59,192721.89,4.15
705848.1,15.18,1.59,192721.89,4.15
705848.1,15.18,1.59,192721.89,4.15
705538.79,15.18,1.58,192362.29,4.14
705834.81,15.19,1.59,192399.58,4.14
705834.81,15.19,1.59,192399.58,4.14
705698.83,15.19,1.59,192394.57,4.14
705562.85,15.19,1.59,192445.71,4.14
705615.55,15.19,1.59,192457.97,4.14
705668.26,15.19,1.6,192362.29,4.14
705532.28,15.19,1.6,193356.06,4.16
705396.3,15.2,1.6,193356.06,4.17
705260.32,15.2,1.6,193356.06,4.17
705124.35,15.2,1.6,193358.61,4.17
704988.37,15.2,1.6,193357.0,4.17
704626.37,15.19,1.59,192935.65,4.16
704490.39,15.19,1.59,192938.9,4.16
704786.42,15.2,1.6,192934.71,4.16
704414.42,15.19,1.59,193243.54,4.17
704289.26,15.19,1.59,193155.78,4.17
704331.14,15.2,1.6,193158.32,4.17
704195.16,15.2,1.6,193157.87,4.17
704195.16,15.2,1.6,193157.87,4.17
704247.87,15.2,1.6,193157.87,4.17
704111.89,15.2,1.6,193251.9,4.17
703975.91,15.2,1.6,193323.38,4.17
704028.61,15.2,1.61,193173.44,4.17
703892.63,15.2,1.61,193816.21,4.19
704083.09,15.21,1.61,193815.76,4.19
703947.11,15.21,1.61,193519.6,4.18
704191.14,15.22,1.62,193914.99,4.19
704055.17,15.22,1.62,193914.99,4.19
704107.87,15.22,1.63,193941.91,4.19
703971.89,15.22,1.63,193926.37,4.19
703971.89,15.22,1.63,193926.37,4.19
703971.89,15.22,1.63,193926.37,4.19
703971.89,15.22,1.63,193926.37,4.19
704267.91,15.23,1.63,193934.07,4.19
704549.02,15.24,1.64,194598.94,4.21
704793.06,15.25,1.65,194523.47,4.21
704657.08,15.25,1.65,195225.68,4.22
704657.08,15.25,1.65,195225.68,4.22
704657.08,15.25,1.65,195225.68,4.22
704285.08,15.24,1.64,195326.87,4.23
704337.78,15.24,1.65,195326.83,4.23
704201.81,15.24,1.65,195326.42,4.23
704065.83,15.24,1.65,195326.42,4.23
703864.56,15.24,1.64,195069.72,4.22
703728.59,15.24,1.64,195077.94,4.23
703728.59,15.24,1.64,195077.94,4.23
703569.91,15.24,1.64,194928.82,4.22
703865.93,15.25,1.65,194920.6,4.22
703669.5,15.24,1.65,194535.72,4.21
703533.52,15.24,1.65,194535.72,4.21
703586.22,15.25,1.65,195232.26,4.23
703638.93,15.25,1.65,195497.45,4.24
703502.95,15.25,1.65,195487.55,4.24
703693.4,15.26,1.66,195737.91,4.24
703693.4,15.26,1.66,195737.91,4.24
703589.87,15.26,1.66,195831.83,4.25
703589.87,15.26,1.66,195831.83,4.25
703453.9,15.26,1.66,195821.93,4.25
703317.92,15.26,1.66,195752.52,4.25
703181.94,15.26,1.66,195758.75,4.25
703181.94,15.26,1.66,195758.75,4.25
703045.96,15.26,1.66,195673.21,4.25
702909.99,15.26,1.66,195663.31,4.25
702909.99,15.26,1.66,195663.31,4.25
702774.01,15.26,1.66,195593.9,4.25
702638.03,15.26,1.66,195514.59,4.25
702350.94,15.26,1.66,195375.03,4.24
702269.82,15.26,1.66,194495.05,4.23
702335.14,15.26,1.66,194863.57,4.23
702287.92,15.26,1.67,194682.98,4.23
701925.92,15.26,1.66,194293.67,4.22
701382.01,15.26,1.66,194315.18,4.23
701246.04,15.26,1.66,194315.18,4.23
701246.04,15.26,1.66,194376.17,4.23
701436.49,15.27,1.67,194443.8,4.23
701300.51,15.27,1.67,194616.63,4.24
701300.51,15.27,1.67,194655.53,4.24
701300.51,15.27,1.67,194640.22,4.24
701581.62,15.27,1.68,194625.31,4.24
701445.64,15.27,1.68,194618.26,4.24
701445.64,15.27,1.68,194618.26,4.24
701636.09,15.28,1.68,195347.31,4.25
701500.12,15.28,1.68,195313.11,4.25
701787.99,15.29,1.69,195313.46,4.25
701652.01,15.29,1.69,195312.66,4.26
701516.03,15.29,1.69,195312.67,4.26
701142.19,15.28,1.68,195363.57,4.26
701006.21,15.28,1.69,195328.65,4.26
700870.23,15.28,1.69,195426.56,4.26
701187.88,15.29,1.69,196448.04,4.28
700996.55,15.29,1.69,196186.68,4.28
701038.44,15.29,1.69,195824.37,4.27
700955.79,15.29,1.7,195772.13,4.27
701251.81,15.3,1.7,195882.32,4.27
700879.82,15.29,1.7,195692.82,4.27
700743.84,15.3,1.7,195752.82,4.27
700743.84,15.3,1.7,195771.56,4.27
700447.41,15.29,1.69,195481.79,4.27
700500.11,15.29,1.7,195592.87,4.27
700341.43,15.29,1.69,195434.61,4.27
700394.13,15.29,1.7,195569.9,4.27
700258.16,15.3,1.7,195530.72,4.27
700562.33,15.3,1.71,196523.26,4.29
700562.33,15.3,1.71,196546.47,4.29
700426.35,15.3,1.71,196722.24,4.3
700616.8,15.31,1.71,196721.79,4.3
700480.83,15.31,1.71,196721.79,4.3
700533.53,15.31,1.72,196213.98,4.29
700430.0,15.32,1.72,195672.26,4.28
700430.0,15.32,1.72,195653.76,4.28
700294.02,15.32,1.72,195780.75,4.28
700294.02,15.32,1.72,195779.33,4.28
700294.02,15.32,1.72,195800.43,4.28
700147.23,15.32,1.72,197051.17,4.31
700337.68,15.32,1.72,196976.53,4.31
700201.7,15.32,1.72,196924.18,4.31
700087.36,15.32,1.73,198182.38,4.34
699951.38,15.32,1.73,198181.94,4.34
699815.4,15.32,1.73,198181.93,4.34
699679.43,15.32,1.73,198254.07,4.34
699679.43,15.32,1.73,198254.07,4.34
699975.45,15.33,1.73,198219.88,4.34
699839.47,15.33,1.74,198185.41,4.34
698751.65,15.34,1.74,198184.96,4.35
698615.67,15.34,1.74,199005.32,4.37
698615.67,15.34,1.74,199005.32,4.37
698615.67,15.34,1.74,199005.32,4.37
698319.24,15.33,1.73,198715.55,4.36
698183.27,15.33,1.73,198636.24,4.36
698183.27,15.33,1.73,198636.24,4.36
698047.29,15.33,1.73,198636.24,4.36
698047.29,15.33,1.73,198636.24,4.36
697911.31,15.33,1.73,198626.34,4.36
697775.33,15.33,1.73,198556.93,4.36
697488.25,15.33,1.73,198318.97,4.36
697379.57,15.33,1.73,198214.81,4.36
697243.59,15.33,1.73,198214.36,4.36
696947.16,15.32,1.72,197917.48,4.35
696811.18,15.32,1.72,197917.48,4.35
696526.49,15.32,1.72,197842.4,4.35
696601.21,15.32,1.72,197378.77,4.34
696601.21,15.32,1.72,197378.77,4.34
696486.94,15.32,1.72,197273.27,4.34
696350.97,15.32,1.72,197273.27,4.34
696350.97,15.32,1.72,197273.27,4.34
696204.17,15.32,1.72,196698.48,4.33
696063.87,15.32,1.72,196674.42,4.33
695940.51,15.32,1.72,196169.04,4.32
696420.03,15.33,1.74,196737.21,4.33
696284.05,15.33,1.74,196785.58,4.33
696336.75,15.34,1.74,196765.73,4.33
696654.41,15.35,1.75,196868.2,4.34
696759.1,15.35,1.75,198352.15,4.37
696623.12,15.35,1.75,198272.84,4.37
696487.15,15.35,1.75,198272.84,4.37
696677.6,15.36,1.76,198274.46,4.37
696507.24,15.36,1.76,197529.97,4.36
696371.26,15.36,1.76,197528.68,4.36
695960.02,15.35,1.75,197095.16,4.35
695824.04,15.35,1.75,197094.52,4.35
695539.21,15.35,1.75,196823.7,4.34
695256.34,15.34,1.74,196562.46,4.34
695120.37,15.34,1.74,196586.17,4.34
694984.39,15.34,1.74,196585.65,4.34
694848.41,15.34,1.74,196571.03,4.34
694712.43,15.34,1.75,196972.4,4.35
694902.89,15.35,1.75,197232.77,4.36
695198.91,15.36,1.76,197232.32,4.36
695062.93,15.36,1.76,197232.32,4.36
694926.95,15.36,1.76,197406.26,4.36
694979.65,15.36,1.76,197274.63,4.36
694843.68,15.36,1.76,197236.09,4.36
694707.7,15.36,1.77,198160.33,4.38
694771.22,15.37,1.77,197987.49,4.38
694442.06,15.36,1.76,197349.77,4.37
694262.43,15.36,1.76,197681.21,4.37
694126.45,15.36,1.76,197680.76,4.37
694422.47,15.37,1.77,197680.76,4.38
694286.49,15.37,1.77,197731.77,4.38
694339.19,15.37,1.78,197704.29,4.38
694391.9,15.38,1.78,197688.72,4.38
694255.92,15.38,1.78,197680.76,4.38
694255.92,15.38,1.78,197680.76,4.38
694119.94,15.38,1.78,198438.24,4.4
694172.64,15.38,1.78,198468.86,4.4
694036.66,15.38,1.79,198468.42,4.4
694036.66,15.38,1.79,198468.42,4.4
693900.69,15.38,1.79,198468.41,4.4
693764.71,15.38,1.79,198559.8,4.4
693628.73,15.38,1.79,198522.27,4.4
693256.73,15.38,1.78,198362.14,4.4
693120.76,15.38,1.78,198312.79,4.4
693173.46,15.38,1.78,198397.82,4.4
693374.73,15.39,1.79,198382.44,4.4
693670.75,15.4,1.8,198492.63,4.41
693391.4,15.39,1.79,198213.28,4.4
693247.85,15.39,1.79,198663.61,4.41
693111.87,15.39,1.79,198834.04,4.42
692975.9,15.39,1.79,198754.73,4.41
692975.9,15.39,1.79,198754.73,4.41
692603.9,15.39,1.79,198454.8,4.41
692603.9,15.39,1.79,198454.8,4.41
692467.92,15.39,1.79,198454.8,4.41
692331.94,15.39,1.79,198375.49,4.41
692384.64,15.39,1.79,198560.57,4.41
692248.67,15.39,1.79,198560.71,4.41
692112.69,15.39,1.79,198560.12,4.42
691976.71,15.39,1.79,198560.12,4.42
692272.73,15.4,1.8,198598.52,4.42
692136.76,15.4,1.8,198566.33,4.42
691840.33,15.39,1.8,198223.33,4.41
691704.35,15.4,1.8,198217.12,4.41
691579.19,15.4,1.8,198793.91,4.43
691579.19,15.4,1.8,198793.91,4.43
691296.3,15.39,1.79,198565.46,4.42
691249.08,15.39,1.8,198459.43,4.42
691249.08,15.39,1.8,198459.43,4.42
691113.1,15.39,1.8,198459.57,4.42
691409.12,15.4,1.8,198458.98,4.42
691202.69,15.4,1.8,198281.53,4.42
690830.69,15.39,1.79,198281.53,4.42
690830.69,15.39,1.79,198281.53,4.42
690694.71,15.39,1.79,198375.58,4.42
690998.89,15.4,1.8,198289.81,4.42
690628.74,15.39,1.8,198281.53,4.42
690492.76,15.39,1.8,199095.91,4.44
690796.93,15.4,1.8,198516.46,4.43
690849.63,15.41,1.81,198071.53,4.42
690849.63,15.41,1.81,198071.53,4.42
690757.31,15.41,1.81,197809.0,4.41
690577.68,15.41,1.81,198020.97,4.42
690441.7,15.41,1.81,198021.11,4.42
690305.72,15.41,1.81,198020.52,4.42
690191.38,15.41,1.81,197746.81,4.41
690191.38,15.41,1.81,197746.81,4.41
690191.38,15.41,1.81,197746.81,4.41
689975.49,15.41,1.81,198808.51,4.44
689975.49,15.41,1.81,198808.51,4.44
690028.19,15.41,1.81,198808.51,4.44
689892.22,15.41,1.81,198833.85,4.44
689756.24,15.41,1.81,198844.27,4.44
689808.94,15.41,1.82,199191.36,4.45
690104.96,15.42,1.82,199336.75,4.45
690157.66,15.43,1.83,199596.61,4.46
690021.69,15.43,1.83,199596.16,4.46
689885.71,15.43,1.83,199596.16,4.46
690076.16,15.43,1.84,199599.57,4.46
689940.18,15.43,1.84,199749.56,4.47
689940.18,15.43,1.84,199749.56,4.47
689804.21,15.43,1.84,199599.17,4.47
689689.86,15.44,1.84,200345.11,4.48
689553.88,15.44,1.84,200344.66,4.48
689255.53,15.43,1.83,200040.16,4.48
688959.1,15.42,1.83,199780.01,4.47
688845.14,15.43,1.83,199374.64,4.46
688665.51,15.42,1.83,199321.22,4.46
688529.54,15.43,1.83,199321.22,4.47
688393.56,15.43,1.83,199370.78,4.47
688446.26,15.43,1.83,199327.58,4.47
688446.26,15.43,1.83,199327.58,4.47
688074.26,15.42,1.83,199168.16,4.46
687938.28,15.42,1.83,199161.8,4.47
687802.31,15.42,1.83,199524.52,4.47
688186.97,15.43,1.84,199528.6,4.47
688050.99,15.43,1.84,199742.1,4.48
687738.89,15.43,1.83,199560.67,4.48
687791.59,15.43,1.83,199560.63,4.48
688176.26,15.44,1.84,199560.22,4.48
688176.26,15.44,1.84,199560.22,4.48
688176.26,15.44,1.84,199544.91,4.48
688176.26,15.44,1.84,199543.49,4.48
688040.28,15.44,1.84,199553.89,4.48
687904.3,15.44,1.85,199551.0,4.48
687957.0,15.45,1.85,199547.35,4.48
687957.0,15.45,1.85,199547.35,4.48
688009.7,15.45,1.85,199543.49,4.48
688009.7,15.45,1.85,199543.49,4.48
687697.6,15.45,1.85,200039.17,4.49
687697.6,15.45,1.85,200036.37,4.49
687561.63,15.45,1.85,200185.45,4.5
687425.65,15.45,1.85,200238.33,4.5
687425.65,15.45,1.85,200241.7,4.5
687478.35,15.45,1.85,200352.78,4.5
687774.37,15.46,1.86,200651.35,4.51
687638.4,15.46,1.86,200651.49,4.51
687112.98,15.45,1.85,200089.93,4.5
686889.52,15.45,1.85,199991.84,4.5
686889.52,15.45,1.85,199991.84,4.5
686753.54,15.45,1.85,199991.26,4.5
686617.56,15.45,1.85,200008.85,4.5
686481.59,15.45,1.85,199991.26,4.5
686345.61,15.45,1.85,199991.26,4.5
686626.72,15.46,1.86,200233.61,4.51
686626.72,15.46,1.86,200252.35,4.51
686490.74,15.46,1.86,200326.34,4.51
686354.76,15.46,1.86,200365.9,4.51
686354.76,15.46,1.86,200365.9,4.51
686354.76,15.46,1.86,200365.9,4.51
686635.87,15.46,1.87,200365.45,4.51
686499.9,15.46,1.87,200365.45,4.51
686363.92,15.47,1.87,200419.3,4.52
686227.94,15.47,1.87,200373.42,4.52
686034.37,15.46,1.86,200238.6,4.51
686338.54,15.47,1.87,200230.63,4.51
686202.56,15.47,1.87,200778.46,4.53
686519.87,15.48,1.88,200129.18,4.51
686164.71,15.48,1.88,200074.43,4.51
686028.74,15.48,1.88,200050.92,4.51
685892.76,15.48,1.88,200235.89,4.52
685756.78,15.48,1.88,200235.44,4.52
685620.8,15.48,1.88,200235.44,4.52
685333.72,15.47,1.87,200107.97,4.52
685333.72,15.47,1.87,200108.0,4.52
685577.75,15.48,1.88,200120.65,4.52
685577.75,15.48,1.88,200120.65,4.52
685577.75,15.48,1.88,200120.65,4.52
685577.75,15.48,1.88,200120.65,4.52
685207.6,15.47,1.88,199738.83,4.51
685071.63,15.47,1.88,199736.03,4.51
685124.33,15.48,1.88,199731.2,4.51
685124.33,15.48,1.88,199731.2,4.51
684834.31,15.47,1.87,199857.64,4.52
684698.34,15.47,1.87,199833.89,4.52
684562.36,15.47,1.88,199773.98,4.52
684426.38,15.47,1.88,200003.93,4.52
684290.41,15.47,1.88,199924.62,4.52
684343.11,15.48,1.88,200109.7,4.53
684207.13,15.48,1.88,200030.39,4.53
684071.15,15.48,1.88,200030.39,4.53
683935.18,15.48,1.88,200030.55,4.53
683799.2,15.48,1.88,200030.08,4.53
683675.84,15.48,1.88,199414.22,4.52
683857.03,15.49,1.89,199523.31,4.52
683909.73,15.49,1.89,199523.31,4.52
683909.73,15.49,1.89,199523.31,4.52
683773.75,15.49,1.89,199589.36,4.52
683773.75,15.49,1.89,199589.36,4.52
683637.77,15.49,1.89,199583.27,4.52
683501.8,15.49,1.89,199530.26,4.52
683703.06,15.5,1.9,200193.47,4.54
683703.06,15.5,1.9,200171.29,4.54
683556.27,15.5,1.9,199975.47,4.53
683420.29,15.5,1.9,199975.02,4.54
683420.29,15.5,1.9,200000.19,4.54
683473.0,15.5,1.91,200000.19,4.54
683473.0,15.5,1.91,200000.19,4.54
683337.02,15.5,1.91,200000.19,4.54
683049.93,15.5,1.9,199701.4,4.53
682913.95,15.5,1.9,199702.82,4.53
682777.98,15.5,1.9,199701.41,4.53
681690.16,15.5,1.9,199700.96,4.54
681554.18,15.5,1.9,199700.95,4.54
681744.63,15.51,1.91,200208.91,4.55
681608.65,15.51,1.91,200131.15,4.55
681608.65,15.51,1.91,200131.82,4.55
681472.68,15.51,1.91,200052.51,4.55
681336.7,15.51,1.91,200052.51,4.55
681200.72,15.51,1.91,200042.61,4.56
681064.75,15.51,1.91,199973.2,4.55
681064.75,15.51,1.91,199995.49,4.55
681117.45,15.52,1.92,199995.45,4.56
680981.47,15.52,1.92,199995.04,4.56
680845.49,15.52,1.92,199995.04,4.56
680709.51,15.52,1.92,200055.45,4.56
680383.09,15.51,1.91,199769.76,4.55
680679.11,15.52,1.92,199721.26,4.55
680543.13,15.52,1.92,199709.34,4.55
680223.13,15.51,1.92,199389.34,4.55
680413.58,15.52,1.92,200282.26,4.57
680117.15,15.51,1.92,200068.23,4.56
679981.17,15.51,1.92,199971.55,4.56
679845.2,15.52,1.92,199892.24,4.56
679572.09,15.51,1.91,199777.17,4.56
679868.11,15.52,1.92,200208.25,4.57
679732.13,15.52,1.92,200207.8,4.57
679976.17,15.53,1.93,200215.79,4.57
680028.87,15.53,1.93,200216.17,4.57
680028.87,15.53,1.93,200193.88,4.57
679892.89,15.53,1.93,200193.13,4.57
679756.91,15.53,1.93,200185.51,4.57
679620.93,15.53,1.93,200683.17,4.59
679673.64,15.54,1.94,200817.05,4.59
679537.66,15.54,1.94,200839.81,4.59
679414.3,15.54,1.94,200223.95,4.58
679178.4,15.54,1.94,199904.24,4.57
679368.85,15.54,1.94,199903.79,4.57
679232.88,15.54,1.95,199903.79,4.57
679096.9,15.54,1.95,199910.63,4.58
678973.54,15.54,1.95,199294.76,4.56
678601.54,15.54,1.94,198923.68,4.55
678365.64,15.54,1.94,198603.98,4.55
678229.66,15.54,1.94,198894.98,4.56
678093.69,15.54,1.94,198826.7,4.56
678093.69,15.54,1.94,198851.09,4.56
677970.33,15.54,1.94,198235.23,4.54
677923.11,15.54,1.94,198099.68,4.54
677808.76,15.54,1.94,198013.6,4.54
677850.65,15.54,1.95,198572.36,4.55
677892.53,15.55,1.95,198569.44,4.55
677892.53,15.55,1.95,198566.36,4.55
677756.56,15.55,1.95,198566.49,4.56
677620.58,15.55,1.95,198565.91,4.56
677811.03,15.55,1.96,198565.91,4.56
677675.05,15.56,1.96,198626.9,4.56
677727.75,15.56,1.96,198573.3,4.56
678023.78,15.57,1.97,198565.91,4.56
677727.35,15.56,1.96,198262.1,4.55
677503.83,15.56,1.96,198041.02,4.55
677367.85,15.56,1.96,198118.32,4.55
677231.88,15.56,1.96,198998.6,4.57
677284.58,15.56,1.97,198998.56,4.57
677148.6,15.56,1.97,198998.15,4.57
677201.3,15.57,1.97,198998.15,4.57
677201.3,15.57,1.97,198998.15,4.57
677065.33,15.57,1.97,199020.5,4.58
677255.78,15.57,1.98,199005.53,4.58
677255.78,15.57,1.98,199005.53,4.58
677255.78,15.57,1.98,199005.53,4.58
676883.78,15.57,1.97,198583.98,4.57
677187.95,15.58,1.98,198576.6,4.57
676867.95,15.57,1.97,198256.6,4.56
676731.97,15.57,1.97,199188.71,4.58
676784.68,15.57,1.98,199535.54,4.59
676648.7,15.58,1.98,199537.61,4.59
676278.55,15.57,1.97,199084.35,4.58
676142.57,15.57,1.97,199082.09,4.58
676333.02,15.58,1.98,199167.97,4.59
676197.05,15.58,1.98,199121.25,4.59
676061.07,15.58,1.98,199082.52,4.59
675925.09,15.58,1.98,199523.21,4.6
675977.79,15.58,1.98,199565.56,4.6
676030.49,15.59,1.99,199690.67,4.6
675894.52,15.59,1.99,199690.22,4.6
675758.54,15.59,1.99,199690.22,4.61
675458.53,15.58,1.98,199492.98,4.6
675322.55,15.58,1.98,199762.66,4.61
675186.57,15.58,1.98,199689.65,4.61
675050.59,15.58,1.98,199613.02,4.61
675050.59,15.58,1.98,199613.02,4.61
674914.62,15.58,1.98,199612.57,4.61
674778.64,15.58,1.98,199612.57,4.61
674852.97,15.59,1.99,200330.86,4.63
674717.0,15.59,1.99,200392.33,4.63
674581.02,15.59,1.99,200397.01,4.63
674425.12,15.59,1.99,200241.11,4.63
674289.14,15.59,1.99,200295.95,4.63
674331.03,15.59,1.99,200016.36,4.62
674195.05,15.59,1.99,200016.37,4.63
674195.05,15.59,1.99,200016.37,4.63
674048.26,15.59,1.99,199825.94,4.62
673912.28,15.59,1.99,200072.47,4.63
673776.3,15.59,1.99,200072.14,4.63
673683.98,15.59,1.99,199930.85,4.63
673683.98,15.59,1.99,199930.85,4.63
673387.55,15.59,1.99,199628.92,4.62
673091.12,15.58,1.98,199370.94,4.62
672911.49,15.58,1.98,199144.72,4.61
672911.49,15.58,1.98,199144.72,4.61
672911.49,15.58,1.98,199143.1,4.61
672715.06,15.58,1.98,199082.15,4.61
672971.72,15.58,1.99,198379.17,4.59
672765.8,15.58,1.99,198556.59,4.6
672629.83,15.58,1.99,198613.06,4.6
672682.53,15.59,1.99,198587.96,4.6
672872.98,15.6,2.0,199011.54,4.61
673063.43,15.6,2.0,199017.99,4.61
673126.95,15.61,2.01,198677.32,4.61
673126.95,15.61,2.01,198677.32,4.61
672980.16,15.61,2.01,199611.78,4.63
672844.18,15.61,2.01,199596.24,4.63
673140.2,15.62,2.02,199885.36,4.64
673192.9,15.62,2.02,199996.44,4.64
673192.9,15.62,2.02,199996.67,4.64
672986.47,15.62,2.02,199884.36,4.64
672850.49,15.62,2.02,199856.81,4.64
672850.49,15.62,2.02,199856.81,4.64
672915.82,15.62,2.02,199433.55,4.63
672779.84,15.62,2.02,199354.24,4.63
672397.84,15.61,2.02,199044.31,4.62
672659.11,15.62,2.02,199204.1,4.63
672711.81,15.63,2.03,199390.26,4.63
672764.51,15.63,2.03,199389.81,4.63
672817.21,15.63,2.04,199389.81,4.63
672681.23,15.63,2.04,199396.21,4.63
672545.26,15.64,2.04,199389.81,4.64
672409.28,15.64,2.04,199400.59,4.64
672273.3,15.64,2.04,199823.17,4.65
672137.32,15.64,2.04,199718.26,4.65
672001.35,15.64,2.04,199765.86,4.65
671842.67,15.63,2.04,199607.18,4.64
671895.37,15.64,2.04,199607.14,4.65
671759.39,15.64,2.04,199606.73,4.65
671343.55,15.63,2.03,199204.63,4.64
671207.57,15.63,2.03,199204.63,4.64
671071.59,15.63,2.03,199204.78,4.64
670935.61,15.63,2.03,199235.73,4.64
671179.65,15.64,2.04,199207.02,4.64
671043.67,15.64,2.04,199766.13,4.66
671096.37,15.64,2.05,199939.48,4.66
670960.4,15.65,2.05,199945.71,4.66
670753.97,15.64,2.04,199662.89,4.66
670753.97,15.64,2.04,199662.89,4.66
670457.54,15.64,2.04,199419.27,4.65
670522.86,15.64,2.04,198996.01,4.64
670288.28,15.64,2.04,198673.71,4.64
669998.27,15.63,2.03,198341.69,4.63
670363.87,15.64,2.04,198766.86,4.64
670163.55,15.64,2.04,198515.25,4.63
670163.55,15.64,2.04,198515.25,4.63
670163.55,15.64,2.04,198515.25,4.63
670459.57,15.65,2.05,198514.8,4.63
670459.57,15.65,2.05,198512.99,4.63
670323.59,15.65,2.05,198512.99,4.63
670187.61,15.65,2.05,198512.99,4.64
670051.64,15.65,2.05,198522.48,4.64
669679.64,15.64,2.04,198512.99,4.64
669543.66,15.64,2.04,199087.96,4.65
669839.68,15.65,2.05,198891.71,4.65
669703.7,15.65,2.05,198891.26,4.65
669567.73,15.65,2.05,198891.26,4.65
669395.57,15.65,2.05,198862.23,4.65
669259.6,15.65,2.05,198862.23,4.65
669123.62,15.65,2.05,198863.96,4.65
669000.26,15.65,2.05,198248.1,4.64
668764.36,15.65,2.05,197928.39,4.63
668764.36,15.65,2.05,197928.39,4.63
668764.36,15.65,2.05,197928.39,4.63
668628.38,15.65,2.05,197950.37,4.63
668818.84,15.66,2.06,198557.51,4.65
668682.86,15.66,2.06,198478.2,4.65
668557.7,15.66,2.06,198175.32,4.64
668414.15,15.66,2.06,198180.24,4.64
668414.15,15.66,2.06,198202.81,4.64
668414.15,15.66,2.06,198180.24,4.64
668414.15,15.66,2.06,198204.53,4.64
668466.85,15.66,2.06,198367.37,4.65
668771.02,15.67,2.07,198366.92,4.65
668823.72,15.68,2.08,198366.92,4.65
668687.75,15.68,2.08,198372.24,4.65
668551.77,15.68,2.08,198366.92,4.65
668795.8,15.68,2.09,198366.92,4.65
668425.66,15.68,2.08,198507.66,4.66
668425.66,15.68,2.08,198506.24,4.66
668729.83,15.69,2.09,198381.7,4.65
668782.53,15.69,2.09,198365.5,4.65
668646.55,15.69,2.09,199633.19,4.68
668276.4,15.68,2.09,199193.68,4.67
668329.1,15.69,2.09,199193.64,4.68
668193.13,15.69,2.09,199193.23,4.68
668057.15,15.69,2.09,199193.23,4.68
667921.17,15.69,2.09,199195.0,4.68
668217.19,15.7,2.1,199381.27,4.68
668081.22,15.7,2.1,199193.23,4.68
667956.05,15.7,2.1,199458.29,4.69
668102.85,15.71,2.11,199505.58,4.69
667982.54,15.71,2.11,199846.2,4.7
667846.56,15.71,2.11,199845.75,4.7
667458.09,15.7,2.1,199498.26,4.69
667322.11,15.7,2.1,199498.26,4.69
667618.13,15.71,2.11,199533.65,4.69
667396.87,15.7,2.11,199354.54,4.69
667587.32,15.71,2.11,199342.88,4.69
667451.35,15.71,2.11,199330.23,4.69
667315.37,15.71,2.11,200251.24,4.71
667505.82,15.72,2.12,200318.87,4.72
667558.52,15.72,2.13,200151.92,4.71
667422.54,15.72,2.13,200233.44,4.72
666334.73,15.73,2.13,200233.44,4.73
666387.43,15.73,2.13,200516.71,4.73
666577.88,15.74,2.14,200584.34,4.74
666441.9,15.74,2.14,200716.23,4.74
666305.92,15.74,2.14,200706.33,4.74
666358.63,15.74,2.15,200799.76,4.74
666157.36,15.74,2.14,200669.44,4.74
666021.38,15.74,2.14,200668.99,4.74
666074.09,15.75,2.15,200668.99,4.74
664986.27,15.75,2.15,200668.99,4.75
664850.29,15.75,2.15,200668.99,4.75
664902.99,15.75,2.16,200679.63,4.75
664767.01,15.75,2.16,200673.7,4.76
664398.26,15.75,2.15,200411.54,4.75
664450.96,15.75,2.15,200406.83,4.75
664503.66,15.76,2.16,200406.83,4.75
664694.12,15.76,2.17,201473.1,4.78
664558.14,15.76,2.17,201463.2,4.78
664422.16,15.76,2.17,201393.79,4.78
664286.18,15.76,2.17,201393.34,4.78
664076.51,15.76,2.16,201180.46,4.77
663940.53,15.76,2.16,201180.46,4.78
663804.55,15.76,2.16,201198.57,4.78
664108.73,15.77,2.17,201189.58,4.78
663738.58,15.76,2.17,201184.6,4.78
663602.6,15.76,2.17,201475.59,4.79
663488.26,15.76,2.17,201450.63,4.79
663241.22,15.76,2.16,201223.02,4.78
663241.22,15.76,2.16,201208.15,4.78
663105.25,15.76,2.16,201208.28,4.78
662997.89,15.76,2.16,201099.4,4.78
662997.89,15.76,2.16,201099.4,4.78
662851.09,15.76,2.16,200880.76,4.78
662704.3,15.76,2.16,200899.23,4.78
662568.32,15.76,2.16,200898.64,4.78
662864.34,15.77,2.17,200898.64,4.78
662728.37,15.77,2.17,200937.04,4.78
662781.07,15.77,2.18,200918.23,4.78
662645.09,15.77,2.18,200903.74,4.78
662697.79,15.78,2.18,200898.64,4.78
662750.49,15.78,2.18,201877.58,4.81
662614.52,15.78,2.18,201883.81,4.81
662478.54,15.78,2.19,201798.27,4.81
662180.19,15.78,2.18,201493.78,4.8
662180.19,15.78,2.18,201493.78,4.8
662044.21,15.78,2.18,201493.33,4.8
661672.21,15.77,2.17,201104.26,4.79
661536.23,15.77,2.17,201104.26,4.79
661400.26,15.77,2.17,201280.32,4.8
661452.96,15.78,2.18,201165.7,4.8
661452.96,15.78,2.18,201165.7,4.8
661316.98,15.78,2.18,201104.26,4.8
661181.0,15.78,2.18,201104.26,4.8
661181.0,15.78,2.18,201108.78,4.8
661045.03,15.78,2.18,201463.7,4.81
660909.05,15.78,2.18,201297.26,4.81
660773.07,15.78,2.18,201303.49,4.81
660773.07,15.78,2.18,201327.88,4.81
660825.77,15.78,2.19,201427.72,4.81
660689.8,15.78,2.19,201427.85,4.81
660553.82,15.78,2.19,201427.27,4.81
660417.84,15.78,2.19,201427.27,4.81
660281.86,15.79,2.19,201598.57,4.82
660472.32,15.79,2.19,201609.91,4.82
660357.97,15.79,2.2,202186.27,4.84
660221.99,15.79,2.2,202186.06,4.84
660086.02,15.79,2.2,202185.82,4.84
659950.04,15.79,2.2,202475.78,4.85
659950.04,15.79,2.2,202468.24,4.85
659991.92,15.8,2.2,202307.29,4.84
660225.14,15.81,2.21,202496.05,4.85
660089.17,15.81,2.21,202455.54,4.85
659953.19,15.81,2.21,202332.34,4.85
659817.21,15.81,2.21,202332.13,4.85
660119.95,15.82,2.22,203199.37,4.87
659983.98,15.82,2.22,203199.13,4.87
659848.0,15.82,2.22,203265.1,4.87
659701.21,15.82,2.22,202737.44,4.86
659701.21,15.82,2.22,202737.44,4.86
659743.09,15.82,2.23,202809.51,4.86
659795.79,15.83,2.23,202743.58,4.86
660091.81,15.84,2.24,202757.57,4.86
659955.84,15.84,2.24,203630.65,4.89
659819.86,15.84,2.24,203551.34,4.89
659614.48,15.83,2.24,203742.72,4.89
659918.66,15.84,2.25,204183.02,4.9
659904.66,15.85,2.25,203434.49,4.88
659534.51,15.84,2.24,203064.19,4.88
659797.83,15.85,2.25,203688.72,4.89
659661.85,15.85,2.25,203694.95,4.89
659957.87,15.86,2.26,203969.34,4.9
659821.89,15.86,2.26,203968.89,4.9
659449.9,15.85,2.25,203668.96,4.9
659449.9,15.85,2.25,203654.26,4.89
659313.92,15.85,2.25,203654.26,4.9
659313.92,15.85,2.25,203670.68,4.9
659177.94,15.85,2.25,203940.18,4.9
659041.96,15.85,2.25,203867.68,4.9
659094.67,15.86,2.26,203670.68,4.9
658980.32,15.86,2.26,204458.88,4.92
658533.74,15.85,2.25,203994.38,4.91
658829.76,15.86,2.26,203993.93,4.91
658829.76,15.86,2.26,203986.75,4.91
658693.79,15.86,2.26,203986.75,4.91
658693.79,15.86,2.26,203995.74,4.91
658149.88,15.86,2.26,203995.74,4.92
658149.88,15.86,2.26,204012.05,4.92
657787.88,15.85,2.25,204320.92,4.92
657641.08,15.85,2.26,203800.75,4.91
657494.29,15.85,2.26,203721.4,4.91
657790.31,15.86,2.26,203744.37,4.91
657980.76,15.87,2.27,204119.47,4.92
657844.79,15.87,2.27,204119.02,4.92
657708.81,15.87,2.27,204119.02,4.93
657340.06,15.86,2.27,203876.58,4.92
657392.76,15.87,2.27,203876.58,4.92
657392.76,15.87,2.27,203876.58,4.92
657445.46,15.87,2.27,203892.8,4.92
657445.46,15.87,2.27,203892.8,4.92
657741.48,15.88,2.28,203882.35,4.92
657794.18,15.89,2.29,203878.49,4.92
657658.2,15.89,2.29,203876.58,4.92
657710.91,15.89,2.29,205045.22,4.95
657338.91,15.88,2.29,204644.56,4.94
657634.93,15.89,2.29,204644.11,4.95
657498.95,15.89,2.29,204644.11,4.95
657362.97,15.89,2.3,204644.11,4.95
657227.0,15.89,2.3,204724.46,4.95
656855.0,15.89,2.29,204719.7,4.95
656855.0,15.89,2.29,204719.7,4.95
656558.57,15.88,2.28,204503.69,4.95
656854.59,15.89,2.29,204430.78,4.95
656482.59,15.88,2.28,205600.52,4.97
656556.93,15.89,2.29,205092.27,4.96
656861.1,15.9,2.3,205079.8,4.96
656902.98,15.9,2.3,204676.3,4.95
657173.28,15.91,2.31,205341.69,4.97
657037.3,15.91,2.31,205715.15,4.98
656913.94,15.91,2.31,205099.29,4.97
656678.04,15.91,2.31,204779.59,4.96
656542.06,15.91,2.31,204779.14,4.96
656594.76,15.91,2.32,204779.14,4.96
656594.76,15.91,2.32,204765.0,4.96
656486.09,15.91,2.31,204656.87,4.96
656115.94,15.9,2.31,204286.58,4.95
655979.96,15.9,2.31,204306.04,4.95
655843.98,15.91,2.31,204292.36,4.95
656034.43,15.91,2.31,204292.72,4.96
655898.46,15.91,2.32,204666.95,4.97
655898.46,15.91,2.32,204628.2,4.96
655898.46,15.91,2.32,204650.34,4.97
655789.78,15.91,2.31,204550.16,4.96
655842.48,15.92,2.32,204170.62,4.95
655646.05,15.91,2.31,204021.78,4.95
655510.07,15.91,2.31,204718.96,4.97
655510.07,15.91,2.31,204696.82,4.97
655806.09,15.92,2.32,204696.37,4.97
655434.09,15.91,2.32,204696.37,4.97
655298.12,15.91,2.32,204791.82,4.97
655162.14,15.91,2.32,204736.38,4.97
655038.78,15.92,2.32,204120.52,4.96
654802.88,15.91,2.32,203800.81,4.95
654666.9,15.91,2.32,203772.43,4.95
654719.61,15.92,2.32,204406.38,4.97
654583.63,15.92,2.32,204036.84,4.96
654447.65,15.92,2.32,204036.63,4.96
654291.61,15.92,2.32,203881.43,4.96
654587.64,15.93,2.33,203881.19,4.96
654451.66,15.93,2.33,204018.15,4.96
654451.66,15.93,2.33,204041.62,4.97
654315.68,15.93,2.33,203951.95,4.96
654506.13,15.93,2.34,204066.19,4.97
654569.65,15.94,2.34,203877.44,4.96
654422.86,15.94,2.34,204229.02,4.97
654308.51,15.94,2.34,205275.05,5.0
654172.54,15.94,2.34,205281.28,5.0
654036.56,15.94,2.34,205195.74,5.0
653922.6,15.94,2.34,204853.62,4.99
653931.65,15.95,2.35,204784.42,4.99
653562.9,15.94,2.34,204572.68,4.99
653753.35,15.95,2.35,204572.68,4.99
654034.46,15.95,2.36,204572.68,4.99
653828.03,15.95,2.35,204260.63,4.98
653692.05,15.95,2.35,204260.63,4.98
653556.07,15.95,2.35,204260.63,4.99
652468.26,15.96,2.36,204260.18,5.0
652533.58,15.96,2.36,203836.92,4.99
652397.6,15.96,2.36,203836.92,4.99
652163.02,15.96,2.36,203514.62,4.98
652163.02,15.96,2.36,203498.24,4.98
652027.04,15.96,2.36,203912.31,4.99
651891.06,15.96,2.36,203938.43,4.99
651755.09,15.96,2.36,204256.05,5.0
652051.11,15.97,2.37,204255.6,5.0
651915.13,15.97,2.37,204255.6,5.0
651618.7,15.97,2.37,204077.83,5.0
651482.72,15.97,2.37,204077.83,5.0
651346.75,15.97,2.37,204119.97,5.0
650974.75,15.96,2.36,204092.75,5.0
650838.77,15.96,2.36,204914.64,5.02
650715.41,15.96,2.36,204298.78,5.01
650668.19,15.96,2.36,204163.23,5.01
650532.21,15.96,2.37,204083.92,5.01
650396.24,15.96,2.37,204083.92,5.01
650713.89,15.97,2.38,204058.67,5.01
650713.89,15.97,2.38,204077.38,5.01
650979.95,15.98,2.38,204403.14,5.02
650860.08,15.98,2.39,204186.49,5.01
651156.1,15.99,2.39,204186.04,5.01
651156.1,15.99,2.39,204186.04,5.01
651020.12,15.99,2.4,204186.04,5.02
651264.16,16.0,2.4,204202.45,5.02
651454.61,16.01,2.41,204193.51,5.02
651507.31,16.01,2.42,204186.19,5.02
651351.28,16.01,2.41,204027.3,5.01
651541.73,16.02,2.42,204855.77,5.04
651541.73,16.02,2.42,204855.77,5.04
651343.04,16.01,2.42,204646.73,5.03
651207.06,16.01,2.42,204852.56,5.04
651207.06,16.01,2.42,204869.91,5.04
651071.08,16.01,2.42,205146.58,5.05
650699.08,16.01,2.41,205165.53,5.05
650563.11,16.01,2.41,205165.08,5.05
650476.45,16.01,2.41,205425.34,5.06
650772.47,16.02,2.42,205425.34,5.06
650485.38,16.01,2.41,205206.28,5.05
650275.71,16.01,2.41,204991.78,5.05
650275.71,16.01,2.41,204991.81,5.05
649903.71,16.0,2.4,205036.09,5.05
649903.71,16.0,2.4,205079.38,5.05
649767.73,16.0,2.4,205037.34,5.05
649609.05,16.0,2.4,204878.67,5.05
649223.91,15.99,2.4,204388.72,5.03
649065.23,15.99,2.39,204230.6,5.03
649255.68,16.0,2.4,204228.36,5.03
649119.71,16.0,2.4,204149.05,5.03
649119.71,16.0,2.4,204149.05,5.03
649172.41,16.0,2.4,204940.74,5.05
649036.43,16.0,2.4,204940.74,5.05
648900.45,16.0,2.41,204940.29,5.05
649218.11,16.01,2.42,205201.85,5.06
649292.83,16.02,2.42,204624.76,5.05
649113.2,16.02,2.42,205378.67,5.07
649165.9,16.02,2.42,205378.67,5.07
649029.92,16.02,2.42,205422.03,5.07
648893.95,16.02,2.43,205393.84,5.07
648757.97,16.02,2.43,205378.67,5.07
648621.99,16.02,2.43,205824.46,5.08
648330.73,16.02,2.42,205522.98,5.08
648205.57,16.02,2.42,205344.14,5.07
647859.78,16.01,2.41,204964.07,5.07
647901.67,16.02,2.42,205041.64,5.07
647708.1,16.01,2.42,204807.6,5.06
647572.12,16.01,2.42,204797.7,5.06
647572.12,16.01,2.42,204797.7,5.06
647436.14,16.01,2.42,204728.29,5.06
647212.63,16.01,2.41,204535.15,5.06
647212.63,16.01,2.41,204535.15,5.06
647076.65,16.01,2.41,204534.7,5.06
647372.67,16.02,2.42,204534.7,5.06
647372.67,16.02,2.42,204534.7,5.06
647425.37,16.02,2.43,204554.93,5.06
647289.4,16.02,2.43,204535.5,5.06
647479.85,16.03,2.43,204933.51,5.07
647431.17,16.03,2.43,204884.83,5.07
647295.19,16.03,2.43,204772.22,5.07
647347.89,16.04,2.44,204570.42,5.07
647019.55,16.03,2.43,205481.56,5.09
647172.84,16.04,2.44,205559.82,5.09
647172.84,16.04,2.44,205559.82,5.09
647036.86,16.04,2.44,205560.81,5.09
647036.86,16.04,2.44,205580.68,5.1
646900.88,16.04,2.44,205493.34,5.09
646764.9,16.04,2.44,205414.03,5.09
647060.93,16.05,2.45,205845.83,5.1
646924.95,16.05,2.45,205766.52,5.1
646990.27,16.05,2.45,205343.26,5.09
646854.29,16.05,2.46,205343.26,5.1
646807.07,16.05,2.46,205199.26,5.09
646671.09,16.06,2.46,205198.82,5.09
646535.12,16.06,2.46,205198.81,5.1
646163.12,16.05,2.45,204827.01,5.09
645866.69,16.04,2.44,204495.71,5.08
645730.71,16.04,2.45,204495.71,5.08
645783.41,16.05,2.45,204656.09,5.09
645647.43,16.05,2.45,204696.37,5.09
645511.46,16.05,2.45,204617.06,5.09
645375.48,16.05,2.45,204617.06,5.09
645375.48,16.05,2.45,204639.89,5.09
645693.13,16.06,2.46,204570.22,5.09
645589.61,16.06,2.46,204609.45,5.09
645453.63,16.06,2.46,204609.45,5.09
645259.84,16.06,2.46,205954.61,5.13
645063.41,16.05,2.46,205747.55,5.12
644855.06,16.05,2.45,205533.05,5.12
644719.08,16.05,2.45,205533.05,5.12
645017.97,16.06,2.46,204713.52,5.1
645071.32,16.07,2.47,205433.36,5.12
644935.34,16.07,2.47,205433.36,5.12
644735.51,16.06,2.46,205193.72,5.11
644599.53,16.06,2.46,205203.86,5.11
644379.41,16.06,2.46,204850.51,5.11
644243.43,16.06,2.46,204840.37,5.11
644107.45,16.06,2.46,204840.37,5.11
643971.47,16.06,2.47,204959.33,5.11
643971.47,16.06,2.47,205018.41,5.11
644024.17,16.07,2.47,205069.96,5.12
644076.88,16.07,2.47,205069.92,5.12
643940.9,16.07,2.47,205069.51,5.12
643940.9,16.07,2.47,205069.51,5.12
643804.92,16.07,2.48,205069.51,5.12
643804.92,16.07,2.48,205059.04,5.12
643668.94,16.07,2.48,205098.26,5.12
643668.94,16.07,2.48,205098.26,5.12
643859.4,16.08,2.48,205074.98,5.12
643859.4,16.08,2.48,205074.98,5.12
643723.42,16.08,2.48,205059.04,5.12
643776.12,16.09,2.49,205059.04,5.12
643640.14,16.09,2.49,205760.48,5.14
643504.17,16.09,2.49,205766.71,5.14
643286.91,16.08,2.49,205585.6,5.14
643150.94,16.08,2.49,205500.06,5.14
643014.96,16.08,2.49,205499.62,5.14
642878.98,16.08,2.49,205507.9,5.14
642743.0,16.09,2.49,205501.71,5.14
642743.0,16.09,2.49,205501.71,5.14
643039.03,16.09,2.5,205513.68,5.14
642903.05,16.1,2.5,205863.57,5.15
642531.05,16.09,2.49,205786.05,5.15
642583.75,16.09,2.49,205590.88,5.15
642491.43,16.09,2.5,206030.02,5.16
642355.45,16.09,2.5,206036.25,5.16
642555.83,16.1,2.5,206070.74,5.16
642419.85,16.1,2.51,205985.2,5.16
642283.88,16.1,2.51,205905.89,5.16
642147.9,16.1,2.51,205905.89,5.16
642011.92,16.1,2.51,205906.03,5.17
641875.95,16.11,2.51,205905.44,5.17
641875.95,16.11,2.51,205905.44,5.17
641928.65,16.11,2.51,205905.44,5.17
641792.67,16.11,2.51,205999.59,5.17
641792.67,16.11,2.51,205999.59,5.17
641656.69,16.11,2.51,205905.53,5.17
641520.71,16.11,2.51,206239.75,5.18
641816.74,16.12,2.52,206401.01,5.18
642097.85,16.13,2.53,206964.13,5.2
641961.87,16.13,2.53,206963.68,5.2
641825.89,16.13,2.53,206963.68,5.2
641689.91,16.13,2.53,207159.19,5.21
641985.93,16.14,2.54,207153.08,5.21
641849.96,16.14,2.54,206981.35,5.21
641735.61,16.14,2.55,207828.14,5.23
641926.06,16.15,2.55,207827.69,5.23
641699.06,16.15,2.55,207846.02,5.23
641699.06,16.15,2.55,207846.02,5.23
641563.08,16.15,2.55,207846.02,5.23
641427.1,16.15,2.55,208079.39,5.24
641291.13,16.15,2.55,208489.96,5.25
641277.13,16.15,2.55,207813.35,5.23
641025.35,16.15,2.55,207572.67,5.23
640978.13,16.15,2.55,207805.36,5.24
640978.13,16.15,2.55,207805.36,5.24
640688.12,16.14,2.55,207494.25,5.23
640564.76,16.14,2.55,206878.39,5.21
640328.86,16.14,2.54,206558.68,5.21
640057.32,16.14,2.54,206259.73,5.2
639870.62,16.13,2.54,206095.93,5.2
639664.19,16.13,2.53,205841.7,5.19
639716.89,16.13,2.54,205841.65,5.19
639769.59,16.14,2.54,205841.25,5.19
639633.61,16.14,2.54,205841.25,5.19
639511.79,16.14,2.54,207805.78,5.24
639564.49,16.14,2.54,207818.99,5.24
639428.51,16.14,2.54,207816.2,5.25
639066.52,16.13,2.54,207354.24,5.24
638930.54,16.14,2.54,207343.82,5.24
638930.54,16.14,2.54,207343.82,5.24
638794.56,16.14,2.54,207987.73,5.25
638847.26,16.14,2.54,208090.62,5.26
638688.58,16.14,2.54,207929.73,5.25
638552.61,16.14,2.54,207929.28,5.25
638360.11,16.13,2.54,207747.61,5.25
638236.76,16.14,2.54,207131.74,5.24
638236.76,16.14,2.54,207131.74,5.24
638000.86,16.13,2.54,206812.04,5.23
638191.31,16.14,2.54,206812.04,5.23
638055.33,16.14,2.54,206833.38,5.23
638055.33,16.14,2.54,206833.38,5.23
637919.35,16.14,2.54,206836.41,5.23
637783.37,16.14,2.54,206841.02,5.24
637647.4,16.14,2.55,206812.04,5.24
637647.4,16.14,2.55,206812.04,5.24
637848.67,16.15,2.55,207611.68,5.26
638133.87,16.16,2.56,207887.81,5.26
637997.89,16.16,2.56,207940.3,5.27
637861.92,16.16,2.56,208001.09,5.27
637496.41,16.15,2.56,207645.36,5.26
637800.58,16.16,2.57,208582.39,5.29
637430.43,16.16,2.56,208359.24,5.28
637294.45,16.16,2.56,208358.79,5.28
637158.48,16.16,2.56,208358.79,5.28
637022.5,16.16,2.56,208742.66,5.29
636886.52,16.16,2.56,208696.58,5.29
636886.52,16.16,2.56,208710.06,5.3
636750.54,16.16,2.56,208662.31,5.3
637211.77,16.17,2.57,208663.4,5.3
637211.77,16.17,2.57,208663.4,5.3
636932.42,16.17,2.57,208383.36,5.29
636809.06,16.17,2.57,207767.5,5.27
636809.06,16.17,2.57,207767.5,5.27
636435.37,16.16,2.56,207765.98,5.28
636199.47,16.16,2.56,207446.27,5.27
636495.49,16.17,2.57,207446.26,5.27
636359.52,16.17,2.57,207491.32,5.27
636223.54,16.17,2.57,207457.24,5.27
636087.56,16.17,2.57,208009.74,5.29
635715.56,16.16,2.56,208018.66,5.29
635579.59,16.16,2.56,208018.79,5.29
635259.59,16.16,2.56,207698.79,5.28
635123.61,16.16,2.56,207698.21,5.28
635123.61,16.16,2.56,207698.21,5.28
634987.63,16.16,2.56,207907.97,5.29
634828.95,16.15,2.56,207749.98,5.29
635124.97,16.16,2.57,207748.27,5.29
634989.0,16.16,2.57,207674.21,5.29
634989.0,16.16,2.57,207674.21,5.29
634989.0,16.16,2.57,207674.21,5.29
634747.95,16.16,2.56,209326.49,5.33
634611.98,16.16,2.56,209332.72,5.33
634802.43,16.17,2.57,209526.02,5.34
634666.45,16.17,2.57,209526.15,5.34
634962.47,16.18,2.58,209525.57,5.34
635027.79,16.18,2.59,209102.3,5.33
634793.21,16.18,2.58,208780.0,5.32
634867.55,16.19,2.59,208595.42,5.32
634942.27,16.19,2.59,209136.32,5.33
634806.29,16.19,2.59,209275.22,5.34
634626.66,16.19,2.59,209006.21,5.33
634254.66,16.18,2.59,208906.37,5.33
634118.69,16.18,2.59,209034.35,5.34
633982.71,16.19,2.59,209034.48,5.34
633686.28,16.18,2.58,208785.65,5.33
633686.28,16.18,2.58,208785.65,5.33
633876.73,16.19,2.59,208785.06,5.33
633951.07,16.19,2.59,209346.86,5.35
633654.64,16.19,2.59,209391.99,5.35
633561.93,16.19,2.59,208660.81,5.33
633425.95,16.19,2.59,208624.72,5.33
633289.97,16.19,2.59,209042.77,5.34
633153.99,16.19,2.59,208990.12,5.34
633538.65,16.2,2.6,208716.87,5.34
633402.68,16.2,2.6,208723.1,5.34
633402.68,16.2,2.6,208723.1,5.34
633266.7,16.2,2.6,208637.56,5.34
633266.7,16.2,2.6,208625.41,5.34
633130.72,16.2,2.61,208624.96,5.34
632994.75,16.2,2.61,208624.96,5.34
633069.47,16.21,2.61,208345.14,5.33
632933.49,16.21,2.61,208455.35,5.34
632753.86,16.21,2.61,208252.09,5.33
632753.86,16.21,2.61,208252.09,5.33
632656.28,16.21,2.61,209418.72,5.37
632721.6,16.21,2.62,209038.99,5.36
632585.62,16.21,2.62,209035.99,5.36
632449.65,16.21,2.62,209098.93,5.36
632335.3,16.22,2.62,209025.1,5.36
632288.08,16.22,2.62,208836.8,5.36
632288.08,16.22,2.62,208836.8,5.36
632152.1,16.22,2.62,208836.35,5.36
632472.42,16.23,2.63,210602.83,5.4
632368.89,16.23,2.63,210696.76,5.41
632232.92,16.23,2.63,210696.76,5.41
632274.8,16.24,2.64,211024.01,5.42
632316.69,16.24,2.64,210971.86,5.42
632180.71,16.24,2.64,211057.28,5.42
632044.73,16.24,2.64,211184.91,5.43
631908.75,16.24,2.64,211083.89,5.43
631772.78,16.24,2.64,211084.02,5.43
631636.8,16.24,2.65,211083.44,5.43
631689.5,16.25,2.65,211532.95,5.44
631689.5,16.25,2.65,211532.95,5.44
631553.52,16.25,2.65,211532.95,5.44
631417.55,16.25,2.65,211539.43,5.44
631481.06,16.25,2.66,211487.16,5.44
631334.27,16.25,2.66,211322.41,5.44
631227.74,16.25,2.66,211429.75,5.44
631227.74,16.25,2.66,211429.75,5.44
631091.77,16.25,2.66,211568.0,5.45
631387.79,16.26,2.67,211530.75,5.45
631262.63,16.26,2.67,212042.06,5.46
631495.84,16.27,2.68,212108.24,5.47
631495.84,16.27,2.68,212108.24,5.47
631548.55,16.28,2.68,212108.2,5.47
631601.25,16.28,2.69,212107.79,5.47
631601.25,16.28,2.69,212107.79,5.47
631510.21,16.28,2.69,211359.54,5.45
631142.01,16.28,2.68,211126.35,5.44
631033.33,16.27,2.68,211018.5,5.44
631350.64,16.29,2.69,210914.43,5.44
631214.66,16.29,2.69,210914.43,5.44
630829.52,16.28,2.68,210404.92,5.43
630829.52,16.28,2.68,210379.82,5.43
630748.4,16.28,2.68,209496.93,5.41
630938.85,16.29,2.69,209534.8,5.41
630992.19,16.3,2.7,209530.31,5.41
630856.22,16.3,2.7,209762.67,5.42
630632.29,16.29,2.7,209769.31,5.42
630496.31,16.29,2.7,209618.22,5.42
630360.34,16.3,2.7,209499.08,5.42
630224.36,16.3,2.7,210200.52,5.44
630520.38,16.31,2.71,210200.07,5.44
630710.83,16.31,2.72,210200.07,5.44
630166.92,16.32,2.72,210843.83,5.46
630166.92,16.32,2.72,210857.31,5.46
629965.66,16.31,2.71,210671.21,5.46
629593.66,16.3,2.71,210720.43,5.46
629457.68,16.31,2.71,210676.49,5.46
629321.71,16.31,2.71,211015.04,5.47
629164.35,16.3,2.7,210858.17,5.46
629217.05,16.31,2.71,210528.5,5.46
629081.07,16.31,2.71,211155.11,5.47
629387.91,16.32,2.72,211408.69,5.48
629429.8,16.32,2.72,211460.06,5.48
629326.27,16.32,2.73,211321.73,5.48
629326.27,16.32,2.73,211321.73,5.48
629190.29,16.32,2.73,211321.28,5.48
629054.31,16.33,2.73,211321.28,5.48
628692.31,16.32,2.72,211216.6,5.48
628556.34,16.32,2.72,211235.75,5.48
628860.51,16.33,2.73,211224.53,5.48
628724.53,16.33,2.73,211216.6,5.49
628724.53,16.33,2.73,211216.6,5.49
628588.55,16.33,2.73,211540.41,5.5
628630.44,16.33,2.74,211193.75,5.49
628630.44,16.33,2.74,211193.75,5.49
628494.46,16.34,2.74,211233.21,5.49
628380.5,16.34,2.74,211538.77,5.5
628200.87,16.34,2.74,211249.2,5.49
628064.9,16.34,2.74,211272.81,5.5
627928.92,16.34,2.74,211272.97,5.5
627928.92,16.34,2.74,211272.97,5.5
627792.94,16.34,2.74,211272.5,5.5
627792.94,16.34,2.74,211272.5,5.5
627792.94,16.34,2.74,211272.5,5.5
627845.64,16.34,2.75,211272.5,5.5
627475.49,16.34,2.74,210955.61,5.49
627528.2,16.34,2.74,210977.25,5.49
627392.22,16.34,2.74,210969.62,5.49
627189.11,16.34,2.74,210809.82,5.49
627485.13,16.35,2.75,210795.81,5.49
627485.13,16.35,2.75,210795.81,5.49
627113.13,16.34,2.74,211299.17,5.51
626977.15,16.34,2.74,211032.46,5.5
626841.17,16.34,2.74,211234.69,5.51
626893.87,16.34,2.75,211345.77,5.51
626757.9,16.35,2.75,211341.54,5.51
626621.92,16.35,2.75,211341.09,5.51
626485.94,16.35,2.75,211341.09,5.51
626349.97,16.35,2.75,211417.24,5.52
626349.97,16.35,2.75,211417.24,5.52
626053.54,16.34,2.74,211093.86,5.51
626349.56,16.35,2.75,211045.22,5.51
625977.56,16.34,2.75,211033.2,5.51
625841.58,16.34,2.75,211542.13,5.52
625841.58,16.34,2.75,211542.13,5.52
625727.24,16.35,2.75,211504.5,5.52
626023.26,16.36,2.76,211504.05,5.53
626023.26,16.36,2.76,211504.05,5.53
626213.71,16.36,2.77,211504.05,5.53
626077.73,16.36,2.77,211505.14,5.53
625941.76,16.36,2.77,211509.15,5.53
625805.78,16.37,2.77,212798.2,5.56
625691.43,16.37,2.77,212417.59,5.56
625555.46,16.37,2.77,212417.14,5.56
625419.48,16.37,2.77,212417.14,5.56
625419.48,16.37,2.77,212417.14,5.56
625283.5,16.37,2.77,212417.14,5.56
625283.5,16.37,2.77,212460.43,5.56
625325.39,16.37,2.78,212033.84,5.55
625367.27,16.38,2.78,212411.91,5.56
625231.29,16.38,2.78,212437.49,5.56
625095.32,16.38,2.78,213048.91,5.58
624985.49,16.38,2.78,212747.65,5.58
624791.7,16.37,2.78,212546.61,5.57
624655.72,16.37,2.78,212546.16,5.57
624708.42,16.38,2.78,212298.98,5.57
624708.42,16.38,2.78,212327.47,5.57
624508.59,16.38,2.78,212208.15,5.56
624372.61,16.38,2.78,212208.15,5.57
624236.63,16.38,2.78,212268.44,5.57
624111.47,16.38,2.78,211965.99,5.56
623964.68,16.38,2.78,212048.55,5.57
623828.7,16.38,2.78,212258.88,5.57
623725.17,16.38,2.78,212134.48,5.57
623589.2,16.38,2.78,212140.7,5.57
623641.9,16.39,2.79,212218.01,5.58
623505.92,16.39,2.79,212217.56,5.58
623801.94,16.4,2.8,212217.56,5.58
623429.94,16.39,2.79,212246.21,5.58
623293.97,16.39,2.79,212225.9,5.58
623293.97,16.39,2.79,212225.9,5.58
623293.97,16.39,2.79,212248.19,5.58
623484.42,16.4,2.8,212239.85,5.58
623348.44,16.4,2.8,212939.9,5.6
623666.09,16.41,2.81,213192.11,5.61
623530.12,16.41,2.81,213112.8,5.61
623448.99,16.41,2.81,213840.83,5.63
623218.24,16.41,2.81,213100.78,5.61
623190.32,16.41,2.81,214487.75,5.65
623050.35,16.41,2.81,213746.39,5.63
622914.37,16.41,2.81,213746.39,5.63
622914.37,16.41,2.81,213727.98,5.63
622778.4,16.41,2.81,213648.66,5.63
622642.42,16.41,2.81,213648.66,5.63
622611.81,16.41,2.82,213699.93,5.63
622475.83,16.41,2.82,213620.52,5.63
622352.47,16.41,2.82,212914.71,5.62
622116.57,16.41,2.82,212684.96,5.61
621980.59,16.41,2.82,212685.35,5.61
622261.7,16.42,2.83,213605.4,5.64
622125.73,16.42,2.83,213030.74,5.62
622022.2,16.43,2.83,212830.48,5.62
622318.22,16.44,2.84,212940.67,5.62
622318.22,16.44,2.84,212938.83,5.62
622182.24,16.44,2.84,213109.26,5.63
622046.27,16.44,2.84,213029.95,5.63
622046.27,16.44,2.84,213031.79,5.63
621846.43,16.43,2.83,214632.36,5.67
621710.45,16.43,2.84,214632.36,5.67
621710.45,16.43,2.84,214654.31,5.67
621710.45,16.43,2.84,214654.31,5.67
621763.15,16.44,2.84,214654.27,5.68
621627.18,16.44,2.84,214653.86,5.68
621491.2,16.44,2.84,214673.87,5.68
621681.65,16.45,2.85,214665.24,5.68
621385.22,16.44,2.84,214653.93,5.68
621385.22,16.44,2.84,214653.93,5.68
621575.67,16.45,2.85,214929.77,5.69
621628.38,16.45,2.86,214871.01,5.69
621628.38,16.45,2.86,214871.01,5.69
621492.4,16.45,2.86,214719.59,5.68
621492.4,16.45,2.86,214719.59,5.68
621333.72,16.45,2.85,214560.91,5.68
621200.99,16.45,2.85,215239.68,5.7
621200.99,16.45,2.85,215239.68,5.7
620857.17,16.44,2.85,214887.91,5.69
620857.17,16.44,2.85,214874.35,5.69
620909.88,16.45,2.85,214874.31,5.69
620909.88,16.45,2.85,214849.83,5.69
620751.34,16.45,2.85,214689.29,5.69
620615.36,16.45,2.85,214688.88,5.69
620243.36,16.44,2.84,214388.95,5.68
620531.23,16.45,2.85,214388.95,5.68
620395.25,16.45,2.85,214388.95,5.68
620098.22,16.44,2.85,214084.45,5.68
619962.24,16.44,2.85,214373.23,5.69
619737.0,16.44,2.84,214207.5,5.68
619789.71,16.44,2.85,214084.45,5.68
619653.73,16.44,2.85,214801.74,5.7
619517.75,16.45,2.85,214660.32,5.7
619436.63,16.45,2.85,213781.09,5.68
619501.95,16.45,2.86,213126.19,5.66
619365.97,16.45,2.86,213125.74,5.66
619134.14,16.45,2.85,213303.16,5.67
619186.84,16.46,2.86,213303.16,5.67
619239.54,16.46,2.86,213303.16,5.67
619292.25,16.47,2.87,213322.71,5.67
619156.27,16.47,2.87,213315.15,5.67
619400.3,16.48,2.88,213303.16,5.67
619264.33,16.48,2.88,214196.84,5.7
619128.35,16.48,2.88,214116.48,5.7
618927.08,16.47,2.88,214046.04,5.7
618791.11,16.47,2.88,214046.05,5.7
618791.11,16.47,2.88,214070.82,5.7
618791.11,16.47,2.88,214046.05,5.7
618856.43,16.48,2.88,213622.79,5.69
618620.53,16.48,2.88,213299.16,5.68
618810.98,16.49,2.89,213298.7,5.68
619107.0,16.5,2.9,213675.16,5.69
618737.0,16.49,2.89,213305.16,5.68
618802.32,16.49,2.9,212881.89,5.67
618505.89,16.49,2.89,212618.21,5.67
618271.31,16.48,2.89,212295.91,5.66
618324.01,16.49,2.89,212216.47,5.66
618188.04,16.49,2.89,212729.68,5.67
618240.74,16.5,2.9,212520.89,5.67
618115.58,16.5,2.9,212623.1,5.67
618157.46,16.5,2.9,212992.73,5.69
617934.0,16.5,2.9,212991.29,5.69
617798.03,16.5,2.9,212911.98,5.69
618182.69,16.51,2.91,213445.03,5.7
618046.71,16.51,2.91,213451.78,5.7
618046.71,16.51,2.91,213479.6,5.7
618046.71,16.51,2.91,213475.33,5.7
617861.83,16.51,2.91,213229.08,5.7
617914.53,16.51,2.91,213224.56,5.7
617618.77,16.5,2.91,212977.75,5.69
617482.8,16.51,2.91,212978.99,5.69
617346.82,16.51,2.91,212975.08,5.69
617642.84,16.52,2.92,213199.98,5.7
617642.84,16.52,2.92,213199.98,5.7
617506.86,16.52,2.92,213197.25,5.7
617134.86,16.51,2.91,213141.41,5.7
616998.89,16.51,2.91,213140.96,5.7
616862.91,16.51,2.91,213140.96,5.7
617158.93,16.52,2.92,213140.96,5.71
617033.77,16.52,2.92,213423.43,5.71
616661.77,16.51,2.92,213556.95,5.72
616514.98,16.51,2.92,213331.76,5.71
616705.43,16.52,2.92,213440.0,5.72
617001.45,16.53,2.93,213345.36,5.72
616705.02,16.53,2.93,214741.7,5.75
616569.04,16.53,2.93,214662.39,5.75
616433.07,16.53,2.93,214662.39,5.76
616275.71,16.52,2.93,214514.09,5.75
616139.73,16.52,2.93,214520.32,5.75
616003.75,16.53,2.93,214434.78,5.75
615867.78,16.53,2.93,214434.33,5.75
615942.11,16.53,2.93,213829.78,5.74
616245.24,16.54,2.94,213073.91,5.72
616109.26,16.54,2.95,213074.17,5.72
615989.77,16.54,2.95,214126.37,5.75
615989.77,16.54,2.95,214126.37,5.75
615853.79,16.55,2.95,214126.1,5.75
615750.26,16.55,2.95,214165.34,5.76
616046.28,16.56,2.96,214178.37,5.76
616111.6,16.56,2.96,213755.11,5.75
615739.61,16.55,2.96,215631.05,5.8
615692.38,16.56,2.96,215487.06,5.79
615692.38,16.56,2.96,215487.06,5.79
615588.86,16.56,2.96,215526.29,5.8
615779.31,16.57,2.97,215525.84,5.8
615844.63,16.57,2.97,215102.58,5.79
615708.65,16.57,2.98,215102.58,5.79
615661.43,16.58,2.98,214958.58,5.79
615525.45,16.58,2.98,215252.86,5.8
615229.02,16.57,2.97,215017.67,5.79
615093.05,16.57,2.97,214958.58,5.79
615093.05,16.57,2.97,214958.58,5.79
614957.07,16.57,2.97,214958.14,5.79
614853.54,16.57,2.97,216188.84,5.83
614918.86,16.58,2.98,215765.57,5.82
615258.33,16.59,2.99,215968.68,5.82
615122.35,16.59,2.99,215968.68,5.82
615164.23,16.59,3.0,215402.31,5.81
614800.19,16.59,2.99,215086.91,5.8
615096.21,16.6,3.0,215086.91,5.8
614724.21,16.59,2.99,215157.45,5.81
614724.21,16.59,2.99,215176.19,5.81
614588.24,16.59,2.99,215260.37,5.81
614884.26,16.6,3.0,215191.24,5.81
614748.28,16.6,3.0,215149.05,5.81
614397.91,16.59,3.0,215836.81,5.83
614261.94,16.59,3.0,215826.91,5.83
614557.96,16.6,3.01,216117.43,5.84
614557.96,16.6,3.01,216117.43,5.84
614871.52,16.61,3.02,214966.03,5.81
614790.39,16.62,3.02,214113.29,5.79
614654.42,16.62,3.02,214033.98,5.79
614518.44,16.62,3.02,214033.98,5.79
614382.46,16.62,3.02,214033.53,5.79
614193.88,16.62,3.02,215291.26,5.82
614057.9,16.62,3.02,215291.26,5.83
614057.9,16.62,3.02,215291.26,5.83
613695.91,16.61,3.01,215001.32,5.82
613886.36,16.62,3.02,215065.01,5.82
613750.38,16.62,3.02,215033.0,5.82
613803.73,16.62,3.03,215413.77,5.83
613768.48,16.63,3.03,215248.37,5.83
613768.48,16.63,3.03,215248.37,5.83
613632.5,16.63,3.03,215242.22,5.83
613707.22,16.63,3.03,214813.02,5.82
613527.59,16.63,3.03,214986.77,5.83
613413.25,16.63,3.04,215074.42,5.83
613465.95,16.64,3.04,215204.82,5.84
613699.17,16.65,3.05,216003.7,5.86
613559.42,16.65,3.05,215816.25,5.86
613423.44,16.65,3.05,215816.25,5.86
613497.78,16.65,3.06,216645.65,5.88
613361.8,16.66,3.06,216731.82,5.89
613225.82,16.66,3.06,216645.65,5.88
613089.85,16.66,3.06,216645.65,5.89
613164.57,16.66,3.06,216368.65,5.88
612988.9,16.66,3.06,216161.13,5.88
613293.07,16.67,3.08,216160.68,5.88
613157.1,16.67,3.08,216174.38,5.88
613231.82,16.68,3.08,215845.7,5.87
613240.87,16.68,3.09,215797.87,5.87
613149.83,16.69,3.09,215032.51,5.85
613149.83,16.69,3.09,215031.16,5.85
613149.83,16.69,3.09,215053.57,5.85
613013.85,16.69,3.09,215055.2,5.85
612877.87,16.69,3.09,215068.55,5.86
612741.9,16.69,3.09,215946.8,5.88
612404.2,16.68,3.08,215855.11,5.88
612323.07,16.68,3.09,215029.82,5.86
612187.1,16.68,3.09,214950.51,5.86
612078.42,16.68,3.08,214841.83,5.86
611942.44,16.68,3.08,214841.83,5.86
611806.46,16.68,3.09,214762.52,5.86
611670.49,16.68,3.09,214762.52,5.86
611534.51,16.68,3.09,214752.62,5.86
611398.53,16.69,3.09,214683.21,5.86
611694.55,16.7,3.1,214682.76,5.86
611558.57,16.7,3.1,214682.76,5.86
611623.9,16.7,3.1,215051.74,5.87
611300.41,16.7,3.1,214717.13,5.86
610928.41,16.69,3.09,214738.35,5.87
611189.68,16.7,3.1,214852.03,5.87
610913.83,16.69,3.09,214589.94,5.86
610913.83,16.69,3.09,214567.53,5.86
610913.83,16.69,3.09,214591.99,5.86
610755.15,16.69,3.09,214433.52,5.86
610755.15,16.69,3.09,214434.89,5.86
610619.17,16.69,3.09,214422.94,5.86
610684.49,16.69,3.1,213999.68,5.85
610548.52,16.69,3.1,215272.73,5.89
610313.94,16.69,3.09,214950.43,5.88
610313.94,16.69,3.09,214972.72,5.88
610177.96,16.69,3.1,214978.95,5.88
610473.98,16.7,3.11,215253.34,5.89
610338.0,16.7,3.11,215254.33,5.89
609966.01,16.7,3.1,214954.4,5.88
609966.01,16.7,3.1,214932.11,5.88
609966.01,16.7,3.1,214955.05,5.88
609830.03,16.7,3.1,214867.72,5.88
610126.05,16.71,3.11,214867.27,5.88
610126.05,16.71,3.11,214844.32,5.88
609985.59,16.7,3.11,214844.32,5.88
609882.06,16.71,3.11,215100.8,5.89
609882.06,16.71,3.11,215125.44,5.89
609947.38,16.71,3.11,214702.18,5.88
609711.48,16.71,3.11,214374.03,5.88
610085.33,16.72,3.12,213691.23,5.86
610381.35,16.73,3.13,213715.97,5.86
610245.37,16.73,3.13,213714.59,5.86
610245.37,16.73,3.13,213711.26,5.86
610109.39,16.73,3.14,213707.21,5.86
609873.02,16.73,3.13,214888.5,5.89
609873.02,16.73,3.13,214888.5,5.89
609873.02,16.73,3.13,214888.5,5.89
609501.02,16.72,3.12,214869.19,5.89
609365.04,16.72,3.12,215999.91,5.93
609365.04,16.72,3.12,215999.91,5.93
609229.07,16.72,3.13,216000.05,5.93
609294.39,16.73,3.13,215576.78,5.92
609247.16,16.73,3.13,215432.79,5.92
609247.16,16.73,3.13,215432.79,5.92
609111.19,16.73,3.13,215432.2,5.92
609030.06,16.73,3.14,214659.06,5.9
609347.72,16.74,3.15,214674.08,5.9
609224.36,16.75,3.15,214100.88,5.89
609088.38,16.75,3.15,214100.88,5.89
609348.63,16.76,3.16,214480.77,5.9
609348.63,16.76,3.16,214480.77,5.9
609733.29,16.77,3.17,214689.7,5.9
609733.29,16.77,3.17,214689.7,5.9
609733.29,16.77,3.17,214689.7,5.9
609808.01,16.77,3.18,213865.29,5.88
609361.86,16.76,3.17,213402.94,5.87
609196.6,16.76,3.16,214241.31,5.89
609027.92,16.76,3.16,213882.25,5.89
609027.92,16.76,3.16,213958.87,5.89
608891.94,16.76,3.16,213961.27,5.89
608755.96,16.76,3.16,213878.01,5.89
608597.28,16.76,3.16,213719.33,5.89
608461.31,16.76,3.16,213719.02,5.89
608461.31,16.76,3.16,213642.4,5.88
608179.55,16.75,3.16,214482.33,5.91
608370.01,16.76,3.16,214482.33,5.91
608234.03,16.76,3.17,214543.98,5.91
608538.2,16.77,3.18,214491.12,5.91
608612.92,16.78,3.18,214167.32,5.9
608621.97,16.78,3.19,214073.06,5.9
608621.97,16.78,3.19,214157.7,5.91
608485.99,16.78,3.19,214148.91,5.91
608350.02,16.79,3.19,214625.84,5.92
608214.04,16.79,3.19,214713.02,5.93
608078.06,16.79,3.19,214786.56,5.93
607942.08,16.79,3.19,214776.66,5.93
607806.11,16.79,3.19,214707.25,5.93
607435.96,16.78,3.18,214468.0,5.92
607488.66,16.79,3.19,214467.96,5.93
607352.68,16.79,3.19,214467.55,5.93
607216.7,16.79,3.19,214469.87,5.93
607080.73,16.79,3.19,214469.96,5.93
607080.73,16.79,3.19,214469.96,5.93
606784.3,16.78,3.18,214171.56,5.92
606625.62,16.78,3.18,214012.88,5.92
606489.64,16.78,3.18,214015.8,5.92
606353.66,16.78,3.18,214010.47,5.92
606353.66,16.78,3.18,214010.47,5.92
606544.12,16.79,3.19,214531.49,5.94
606544.12,16.79,3.19,214531.49,5.94
606408.14,16.79,3.19,214482.07,5.94
606704.16,16.8,3.2,214592.25,5.94
606568.18,16.8,3.2,214833.83,5.95
606432.2,16.8,3.2,214754.52,5.95
606484.91,16.81,3.21,214939.6,5.96
606348.93,16.81,3.21,214939.15,5.96
606539.38,16.82,3.22,214939.15,5.96
605451.56,16.82,3.23,214938.7,5.97
605315.58,16.82,3.23,214942.03,5.97
605179.61,16.82,3.23,215089.3,5.98
605179.61,16.82,3.23,215089.3,5.98
605043.63,16.83,3.23,215067.54,5.98
605043.63,16.83,3.23,215067.54,5.98
604940.1,16.83,3.23,215106.77,5.98
604643.67,16.82,3.22,214851.78,5.98
604507.7,16.82,3.22,214825.83,5.98
604507.7,16.82,3.22,214825.83,5.98
604371.72,16.82,3.22,214746.52,5.98
604371.72,16.82,3.22,214746.52,5.98
604235.74,16.82,3.23,214746.52,5.98
604099.76,16.82,3.23,214723.83,5.98
603974.6,16.83,3.23,215105.29,5.99
603974.6,16.83,3.23,215105.29,5.99
603974.6,16.83,3.23,215105.29,5.99
603974.6,16.83,3.23,215105.29,5.99
603827.81,16.83,3.23,214940.34,5.99
603827.81,16.83,3.23,214940.34,5.99
603827.81,16.83,3.23,214940.34,5.99
603893.13,16.83,3.23,214517.08,5.98
603658.55,16.83,3.23,214194.78,5.97
603362.12,16.82,3.23,213905.38,5.96
603414.82,16.83,3.23,214011.6,5.97
603191.36,16.82,3.23,213760.51,5.96
603244.07,16.83,3.23,213760.47,5.96
603108.09,16.83,3.23,213760.06,5.96
602972.11,16.83,3.23,213760.06,5.97
603268.13,16.84,3.24,213884.55,5.97
603132.15,16.84,3.24,213761.27,5.97
602760.16,16.83,3.24,213776.38,5.97
602760.16,16.83,3.24,213776.38,5.97
602651.48,16.83,3.23,213666.39,5.97
602537.13,16.83,3.24,214519.5,5.99
602611.85,16.84,3.24,213769.02,5.97
602620.9,16.84,3.24,214278.75,5.99
602938.21,16.85,3.26,213644.15,5.97
602553.07,16.85,3.25,213554.28,5.97
602553.07,16.85,3.25,213554.28,5.97
602417.09,16.85,3.25,213474.97,5.97
602469.79,16.85,3.26,213660.05,5.98
602469.79,16.85,3.26,213660.05,5.98
602333.81,16.86,3.26,213659.61,5.98
601245.99,16.86,3.27,213659.61,5.99
601110.02,16.86,3.27,213659.6,5.99
601162.72,16.87,3.27,213669.69,6.0
601026.74,16.87,3.27,213660.44,6.0
601026.74,16.87,3.27,213660.44,6.0
601026.74,16.87,3.27,213660.44,6.0
601217.19,16.88,3.28,213661.61,6.0
601058.51,16.87,3.28,213502.72,5.99
601354.54,16.89,3.29,214599.6,6.03
601262.21,16.89,3.29,214577.32,6.03
601482.72,16.9,3.3,214838.25,6.04
601346.74,16.9,3.3,214837.8,6.04
601346.74,16.9,3.3,214837.8,6.04
601265.62,16.9,3.3,213985.07,6.01
601561.64,16.91,3.31,213985.06,6.02
601338.18,16.91,3.31,214012.93,6.02
601202.21,16.91,3.31,214006.96,6.02
601066.23,16.91,3.31,213985.06,6.02
600942.87,16.91,3.31,214195.42,6.03
600706.97,16.91,3.31,213823.08,6.02
600459.72,16.9,3.3,213585.54,6.01
600323.75,16.9,3.3,214112.03,6.03
600535.83,16.91,3.31,214127.61,6.03
600577.72,16.92,3.32,213669.82,6.02
600430.92,16.92,3.32,214316.67,6.04
600043.02,16.91,3.31,213881.42,6.03
600043.02,16.91,3.31,213881.42,6.03
599907.05,16.91,3.31,213871.52,6.03
599857.05,16.91,3.31,213821.52,6.03
599721.07,16.91,3.31,213752.11,6.03
599585.09,16.91,3.31,213751.66,6.03
599881.11,16.92,3.32,213751.66,6.03
599745.14,16.92,3.32,213795.71,6.03
599609.16,16.92,3.32,213769.91,6.03
599473.18,16.92,3.33,213781.65,6.04
599176.75,16.92,3.32,213477.53,6.03
599040.77,16.92,3.32,213447.55,6.03
598915.61,16.92,3.32,213983.02,6.04
598616.11,16.91,3.31,213777.46,6.04
598926.82,16.92,3.33,214037.55,6.05
598790.84,16.92,3.33,214037.68,6.05
598654.87,16.93,3.33,214037.1,6.05
598707.57,16.93,3.33,214037.1,6.05
598571.59,16.93,3.33,214122.43,6.06
598867.61,16.94,3.34,214040.39,6.06
598731.63,16.94,3.35,214046.42,6.06
598591.18,16.94,3.34,214657.4,6.07
598466.01,16.94,3.34,214571.22,6.07
598319.22,16.94,3.34,214521.05,6.07
598183.24,16.94,3.35,214527.79,6.08
598567.9,16.96,3.36,214520.87,6.08
598567.9,16.96,3.36,214520.87,6.08
598431.93,16.96,3.36,214520.68,6.08
598295.95,16.96,3.36,214535.87,6.08
598159.97,16.96,3.36,214531.93,6.08
598024.0,16.96,3.36,214520.6,6.08
597888.02,16.96,3.36,215016.75,6.1
597752.04,16.96,3.36,215003.56,6.1
597616.06,16.96,3.36,215040.38,6.1
597668.77,16.97,3.37,215096.79,6.11
597532.79,16.97,3.37,215096.34,6.11
597396.81,16.97,3.37,215096.34,6.11
597587.26,16.98,3.38,215117.69,6.11
597451.29,16.98,3.38,215120.71,6.11
597139.19,16.97,3.38,214846.29,6.11
597435.21,16.98,3.39,214829.83,6.11
597138.78,16.98,3.38,215159.4,6.12
597002.8,16.98,3.38,214978.35,6.11
597055.5,16.98,3.39,214887.27,6.11
596919.52,16.98,3.39,215475.67,6.13
596783.55,16.98,3.39,215475.22,6.13
596848.87,16.99,3.39,215051.96,6.12
596614.29,16.99,3.39,214729.66,6.11
596242.29,16.98,3.38,214334.09,6.1
596626.95,16.99,3.4,214334.09,6.1
596490.97,16.99,3.4,214343.37,6.11
596490.97,16.99,3.4,214343.41,6.11
596490.97,16.99,3.4,214343.41,6.11
596355.0,16.99,3.4,214335.29,6.11
596042.9,16.99,3.39,214334.13,6.11
595906.92,16.99,3.39,214432.26,6.11
595770.94,16.99,3.39,214422.5,6.11
595634.97,16.99,3.39,214335.21,6.11
595930.99,17.0,3.4,214974.86,6.13
595795.01,17.0,3.41,214974.41,6.13
595659.03,17.0,3.41,214974.41,6.14
595523.06,17.0,3.41,214974.41,6.14
595387.08,17.01,3.41,215379.52,6.15
595283.55,17.01,3.41,215129.82,6.15
595136.76,17.01,3.41,215070.73,6.15
595211.48,17.01,3.42,215442.04,6.16
594849.48,17.01,3.41,215051.74,6.15
594996.28,17.01,3.42,215104.25,6.15
594860.3,17.01,3.42,215104.25,6.15
594724.32,17.02,3.42,215104.25,6.15
594724.32,17.02,3.42,215104.25,6.15
594568.43,17.01,3.41,214948.77,6.15
594272.0,17.01,3.41,214641.87,6.14
594272.0,17.01,3.41,214641.87,6.14
594136.02,17.01,3.41,214757.33,6.15
594000.04,17.01,3.41,214641.87,6.15
593660.03,17.0,3.4,214292.61,6.14
593524.05,17.0,3.4,214292.16,6.14
593576.75,17.01,3.41,214292.16,6.14
593872.77,17.02,3.42,214308.09,6.14
593736.8,17.02,3.42,214303.95,6.14
593927.25,17.03,3.43,214292.6,6.14
593979.95,17.03,3.43,214292.16,6.14
593607.95,17.02,3.43,214876.01,6.16
593471.98,17.02,3.43,214412.98,6.15
593250.44,17.02,3.42,214187.22,6.14
593303.14,17.02,3.43,215014.08,6.17
593599.16,17.03,3.44,215124.27,6.17
593651.86,17.04,3.44,215423.73,6.18
593704.56,17.05,3.45,215423.69,6.19
593757.26,17.05,3.45,215423.28,6.19
593621.29,17.05,3.45,215423.28,6.19
593621.29,17.05,3.45,215423.28,6.19
593811.74,17.06,3.46,215423.91,6.19
593675.76,17.06,3.46,215498.39,6.19
593539.78,17.06,3.47,215423.28,6.19
593592.48,17.07,3.47,215649.65,6.2
593456.51,17.07,3.47,216309.71,6.22
593320.53,17.07,3.47,216299.82,6.22
593184.55,17.07,3.47,216230.4,6.22
593048.57,17.07,3.47,216151.09,6.22
592912.6,17.07,3.48,216151.09,6.22
592616.17,17.07,3.47,215793.72,6.21
592480.19,17.07,3.47,215793.86,6.22
592108.19,17.06,3.46,215548.3,6.21
591972.21,17.06,3.46,215547.71,6.21
591836.24,17.06,3.46,215664.96,6.22
591888.94,17.07,3.47,215625.08,6.22
591752.96,17.07,3.47,215659.73,6.22
592048.98,17.08,3.48,215649.29,6.22
591913.01,17.08,3.48,215658.32,6.22
591777.03,17.08,3.48,215648.84,6.22
591829.73,17.09,3.49,216332.73,6.25
591720.23,17.09,3.49,216312.79,6.25
591334.4,17.08,3.48,215997.27,6.24
591387.1,17.08,3.49,215997.27,6.24
591439.8,17.09,3.49,215998.31,6.24
591143.37,17.08,3.49,215655.64,6.23
591007.39,17.08,3.49,215660.77,6.23
591060.09,17.09,3.49,215654.6,6.24
591112.8,17.1,3.5,216433.8,6.26
591165.5,17.1,3.5,216582.82,6.27
591029.52,17.1,3.5,216589.04,6.27
591325.54,17.11,3.51,216863.44,6.28
591189.56,17.11,3.52,216863.57,6.28
591242.27,17.12,3.52,216862.99,6.28
590870.27,17.11,3.51,216563.05,6.27
590922.97,17.12,3.52,216563.05,6.27
590975.67,17.12,3.52,216563.05,6.27
590839.69,17.12,3.52,216600.27,6.28
590681.01,17.12,3.52,216441.59,6.27
590545.04,17.12,3.52,216409.44,6.27
590841.06,17.13,3.53,216404.38,6.27
590893.76,17.14,3.54,217559.74,6.31
590757.78,17.14,3.54,217559.29,6.31
590948.23,17.15,3.55,217559.29,6.31
591138.69,17.15,3.56,217621.63,6.32
591191.39,17.16,3.56,217567.42,6.32
591191.39,17.16,3.56,217567.42,6.32
591055.41,17.16,3.56,217559.29,6.32
590919.43,17.16,3.56,217559.29,6.32
590783.45,17.16,3.57,218405.15,6.35
590647.48,17.16,3.57,218339.69,6.35
590700.18,17.17,3.57,218339.65,6.35
590493.75,17.17,3.57,218195.47,6.34
590357.77,17.17,3.57,218195.06,6.34
590221.8,17.17,3.57,218211.69,6.35
590085.82,17.17,3.57,218203.17,6.35
589949.84,17.17,3.57,218196.43,6.35
590002.54,17.18,3.58,218502.52,6.36
589682.54,17.17,3.57,218182.52,6.35
589546.56,17.17,3.57,218216.36,6.35
589599.27,17.17,3.58,218363.59,6.36
589463.29,17.18,3.58,218363.14,6.36
589515.99,17.18,3.58,218363.14,6.36
589380.01,17.18,3.58,218385.79,6.37
589432.71,17.19,3.59,218372.67,6.37
589485.42,17.19,3.6,218364.52,6.37
589349.44,17.19,3.6,218363.16,6.37
589213.46,17.19,3.6,218998.79,6.39
589077.48,17.2,3.6,218871.69,6.39
588954.13,17.2,3.6,218165.88,6.37
588592.13,17.19,3.59,217832.23,6.36
588855.45,17.2,3.6,218116.97,6.37
588908.15,17.2,3.61,218228.05,6.38
589204.17,17.22,3.62,218526.62,6.39
588842.17,17.21,3.61,218290.8,6.38
588842.17,17.21,3.61,218290.8,6.38
588545.74,17.2,3.6,217968.09,6.37
588841.76,17.21,3.61,217967.64,6.37
588705.79,17.21,3.61,217967.64,6.37
588569.81,17.21,3.62,217967.64,6.37
588197.81,17.21,3.61,218008.21,6.38
588061.83,17.21,3.61,217973.46,6.38
587925.86,17.21,3.61,217967.64,6.38
587925.86,17.21,3.61,217967.64,6.38
587978.56,17.21,3.62,217967.64,6.38
587842.58,17.21,3.62,218314.41,6.39
587643.36,17.21,3.61,218099.92,6.39
587833.81,17.22,3.62,218253.55,6.39
588137.98,17.23,3.63,218253.1,6.39
588002.01,17.23,3.63,218253.1,6.4
587866.03,17.23,3.63,218306.18,6.4
587730.05,17.23,3.63,218316.58,6.4
587594.07,17.23,3.64,218375.83,6.4
587594.07,17.23,3.64,218375.83,6.4
587223.92,17.23,3.63,218376.73,6.41
587276.63,17.23,3.63,218936.97,6.42
587184.3,17.23,3.64,218504.15,6.41
587193.35,17.24,3.64,218668.05,6.42
587057.37,17.24,3.64,218674.27,6.42
586921.4,17.24,3.64,218588.74,6.42
586785.42,17.24,3.64,218509.43,6.42
586838.12,17.25,3.65,218695.59,6.43
586702.14,17.25,3.65,218695.14,6.43
586754.84,17.25,3.66,218695.14,6.43
586618.87,17.25,3.66,218695.14,6.43
586482.89,17.26,3.66,218734.36,6.44
586673.34,17.26,3.67,218711.07,6.44
586673.34,17.26,3.67,218711.07,6.44
586726.04,17.27,3.67,218695.14,6.44
586778.74,17.28,3.68,218695.14,6.44
586778.74,17.28,3.68,218695.14,6.44
586482.32,17.27,3.67,218471.43,6.43
586275.89,17.26,3.67,219223.55,6.46
586275.89,17.26,3.67,219223.55,6.46
586139.91,17.26,3.67,219088.57,6.45
586139.91,17.26,3.67,219088.57,6.45
586003.93,17.27,3.67,219088.71,6.46
585867.95,17.27,3.67,219088.12,6.46
585731.98,17.27,3.67,219109.24,6.46
586028.0,17.28,3.68,219097.13,6.46
586080.7,17.28,3.69,219088.12,6.46
585940.24,17.28,3.68,219350.51,6.47
586130.69,17.29,3.69,219285.23,6.47
586038.37,17.29,3.7,219237.15,6.47
585858.74,17.29,3.69,219908.18,6.49
585911.44,17.3,3.7,220019.26,6.5
585964.14,17.3,3.71,220154.56,6.5
585828.16,17.31,3.71,220154.11,6.5
585880.87,17.31,3.71,220154.11,6.5
586176.89,17.32,3.72,220154.11,6.51
586038.21,17.32,3.72,220028.39,6.5
586090.91,17.32,3.73,220032.35,6.5
586143.61,17.33,3.73,220030.67,6.51
586007.63,17.33,3.73,220028.39,6.51
585871.66,17.33,3.73,220806.1,6.53
585509.66,17.32,3.73,220186.02,6.51
585373.68,17.33,3.73,220662.0,6.53
585237.7,17.33,3.73,220661.55,6.53
584951.05,17.32,3.72,220361.49,6.52
584815.08,17.32,3.72,220361.49,6.53
585102.95,17.33,3.73,220361.54,6.53
584966.97,17.33,3.73,220734.66,6.54
584830.99,17.33,3.74,220845.84,6.55
584695.02,17.33,3.74,220852.07,6.55
584559.04,17.34,3.74,220766.53,6.55
584633.37,17.34,3.74,220425.03,6.54
584675.26,17.35,3.75,220373.68,6.54
584717.14,17.35,3.76,221286.75,6.57
584581.17,17.35,3.76,221286.88,6.57
584581.17,17.35,3.76,221286.88,6.57
584445.19,17.36,3.76,221286.3,6.57
584071.34,17.35,3.75,220882.65,6.56
583935.36,17.35,3.75,220882.65,6.56
583988.06,17.35,3.76,220882.66,6.56
584353.67,17.37,3.77,220956.81,6.57
584217.69,17.37,3.77,220942.75,6.57
584270.39,17.37,3.78,221064.5,6.57
584270.39,17.37,3.78,221064.5,6.57
584270.39,17.37,3.78,221064.5,6.57
584270.39,17.37,3.78,221062.48,6.57
584070.07,17.37,3.77,221616.93,6.59
584070.07,17.37,3.77,221616.93,6.59
583934.09,17.37,3.77,221514.71,6.59
583712.83,17.36,3.77,221339.38,6.58
584008.86,17.38,3.78,221449.56,6.59
584061.56,17.38,3.78,220916.38,6.57
583925.58,17.38,3.78,221086.82,6.58
583789.6,17.38,3.79,221086.82,6.58
583789.6,17.38,3.79,221086.82,6.58
583789.6,17.38,3.79,221086.82,6.58
583980.05,17.39,3.8,221279.26,6.59
583683.62,17.39,3.79,221090.47,6.59
583547.65,17.39,3.79,221086.82,6.59
583175.65,17.38,3.78,220786.89,6.58
583039.67,17.38,3.78,220816.89,6.58
582903.69,17.38,3.78,220816.44,6.58
582767.72,17.38,3.78,220816.44,6.59
582767.72,17.38,3.78,220816.44,6.59
582631.74,17.38,3.78,220816.44,6.59
582495.76,17.38,3.79,221127.76,6.6
582813.42,17.4,3.8,220948.81,6.59
582655.63,17.39,3.79,221972.96,6.63
582959.8,17.4,3.81,221789.76,6.62
582589.65,17.4,3.8,221776.28,6.62
582453.67,17.4,3.8,221776.42,6.62
582330.32,17.4,3.8,221153.84,6.61
582097.2,17.4,3.8,220888.9,6.6
581961.22,17.4,3.8,220888.32,6.6
581825.24,17.4,3.8,220888.32,6.61
582015.69,17.41,3.81,220927.62,6.61
582318.44,17.42,3.82,221957.15,6.64
582182.46,17.42,3.82,221920.85,6.64
582046.48,17.42,3.82,222017.71,6.65
582353.32,17.43,3.84,222837.77,6.67
582217.34,17.43,3.84,222837.77,6.67
582081.36,17.44,3.84,222837.77,6.67
581961.05,17.44,3.84,222658.12,6.67
581825.07,17.44,3.84,222669.9,6.67
581648.13,17.43,3.84,222554.86,6.67
581722.85,17.44,3.84,222253.89,6.66
581543.22,17.44,3.84,222051.85,6.66
581407.24,17.44,3.84,222040.08,6.66
581459.94,17.45,3.85,222040.08,6.66
581323.96,17.45,3.85,222200.84,6.67
581187.99,17.45,3.85,222223.16,6.67
581052.01,17.45,3.85,222202.92,6.67
580840.06,17.45,3.85,221532.16,6.66
580604.16,17.45,3.85,221162.98,6.65
580468.18,17.45,3.85,221162.53,6.65
580764.2,17.46,3.86,221162.53,6.65
580628.23,17.46,3.86,221466.25,6.66
580256.23,17.45,3.86,221480.68,6.66
579970.46,17.45,3.85,221229.52,6.65
579834.48,17.45,3.85,221062.99,6.65
580130.51,17.46,3.86,221173.17,6.66
580183.21,17.46,3.87,222078.78,6.69
579811.21,17.46,3.86,221889.29,6.68
580128.86,17.47,3.87,221899.19,6.68
579992.89,17.47,3.87,221959.19,6.69
580288.91,17.48,3.88,222069.38,6.69
580152.93,17.48,3.88,222239.81,6.7
580016.95,17.48,3.89,222246.04,6.7
580069.65,17.49,3.89,222323.34,6.7
579933.68,17.49,3.89,222237.0,6.7
579797.7,17.49,3.89,222237.0,6.7
579703.06,17.49,3.9,221370.2,6.68
579479.6,17.49,3.89,221214.72,6.68
579479.6,17.49,3.89,221260.51,6.68
579336.61,17.49,3.89,221815.43,6.7
579200.64,17.49,3.89,221792.74,6.7
579064.66,17.49,3.89,221736.12,6.7
579117.36,17.5,3.9,221847.2,6.7
579170.06,17.5,3.91,221982.49,6.71
579235.38,17.51,3.91,221559.23,6.7
579530.8,17.52,3.92,221766.93,6.7
579394.83,17.52,3.92,221766.48,6.71
579258.85,17.52,3.93,221766.48,6.71
579311.55,17.53,3.93,221783.11,6.71
579175.57,17.53,3.93,221772.59,6.71
579175.57,17.53,3.93,221772.59,6.71
579039.6,17.53,3.93,221766.49,6.71
578903.62,17.53,3.94,222052.69,6.73
579094.07,17.54,3.94,222101.51,6.73
578907.43,17.54,3.94,221896.27,6.72
578771.46,17.54,3.94,222075.31,6.73
578824.16,17.54,3.95,222186.39,6.73
578688.18,17.55,3.95,222158.84,6.74
578984.2,17.56,3.96,222158.39,6.74
579036.9,17.56,3.97,222158.39,6.74
578664.9,17.55,3.96,222158.39,6.74
578664.9,17.55,3.96,222130.53,6.74
578717.6,17.56,3.96,222151.43,6.74
578581.63,17.56,3.96,222146.14,6.74
578869.5,17.57,3.98,222280.88,6.75
578733.52,17.57,3.98,222248.0,6.75
578359.67,17.57,3.97,222223.52,6.75
577271.85,17.58,3.98,222223.07,6.77
577135.88,17.58,3.98,222223.08,6.77
577431.9,17.59,3.99,222222.62,6.77
577306.74,17.59,3.99,222844.16,6.79
576934.74,17.58,3.98,223159.71,6.8
576787.94,17.58,3.98,222931.77,6.8
576787.94,17.58,3.98,222961.32,6.8
576787.94,17.58,3.98,222915.53,6.79
576651.97,17.58,3.99,222729.59,6.79
576374.01,17.58,3.98,222434.35,6.78
576238.03,17.58,3.98,222304.75,6.78
576290.73,17.58,3.99,222712.88,6.8
576154.75,17.58,3.99,222529.5,6.79
576345.21,17.59,4.0,222529.05,6.79
576641.23,17.61,4.01,222529.05,6.79
576704.75,17.61,4.01,222373.65,6.79
576557.95,17.61,4.01,222743.17,6.8
576421.97,17.61,4.02,222743.17,6.81
576421.97,17.61,4.02,222743.23,6.81
576049.98,17.6,4.01,223038.07,6.82
576346.0,17.62,4.02,222895.17,6.81
576398.7,17.62,4.02,222743.23,6.81
576262.72,17.62,4.03,223844.03,6.85
576126.74,17.62,4.03,223764.72,6.85
575842.05,17.62,4.02,223735.34,6.85
575890.76,17.62,4.03,222938.35,6.82
575684.33,17.62,4.02,222701.55,6.82
575548.35,17.62,4.02,222701.55,6.82
575355.28,17.62,4.02,223277.12,6.84
575219.3,17.62,4.02,223267.22,6.84
575083.32,17.62,4.02,223197.81,6.84
574947.34,17.62,4.03,223197.36,6.84
575243.36,17.64,4.04,223197.36,6.84
574871.37,17.63,4.03,223197.36,6.84
574735.39,17.63,4.03,223368.89,6.85
575031.41,17.64,4.04,223238.82,6.85
575031.41,17.64,4.04,223287.07,6.85
574895.43,17.64,4.04,223265.46,6.85
574781.09,17.64,4.04,223403.15,6.86
574781.09,17.64,4.04,223369.09,6.86
574971.54,17.65,4.05,223436.72,6.86
574971.54,17.65,4.05,223475.62,6.86
574971.54,17.65,4.05,223475.62,6.86
574753.8,17.65,4.05,224550.1,6.89
574457.37,17.64,4.04,224539.75,6.9
574321.4,17.64,4.04,224433.16,6.89
574625.57,17.65,4.06,224420.68,6.89
574625.57,17.65,4.06,224420.68,6.89
574489.59,17.65,4.06,224795.26,6.91
574489.59,17.65,4.06,224795.26,6.91
574489.59,17.65,4.06,224795.26,6.91
574554.91,17.66,4.06,224371.99,6.9
574320.33,17.66,4.06,224049.69,6.89
574184.36,17.66,4.06,224049.25,6.89
574237.06,17.67,4.07,224049.24,6.89
573866.91,17.66,4.06,223677.83,6.88
573730.93,17.66,4.06,223677.83,6.88
573594.95,17.66,4.06,223705.29,6.89
573594.95,17.66,4.06,223705.29,6.89
573458.98,17.66,4.06,223685.08,6.89
573458.98,17.66,4.06,223685.08,6.89
573511.68,17.67,4.07,223677.83,6.89
573375.7,17.67,4.07,224151.6,6.91
573239.72,17.67,4.07,224023.54,6.91
573103.75,17.67,4.07,224023.09,6.91
573156.45,17.68,4.08,224029.16,6.91
573452.47,17.69,4.09,224024.95,6.91
573316.49,17.69,4.09,224024.74,6.91
573180.51,17.69,4.09,224032.13,6.91
573180.51,17.69,4.09,224071.14,6.92
573044.54,17.69,4.1,224069.05,6.92
572682.54,17.68,4.09,224482.03,6.93
572546.56,17.69,4.09,224306.49,6.93
572861.84,17.7,4.1,224782.12,6.94
572914.54,17.7,4.11,224782.07,6.95
572778.57,17.71,4.11,224781.67,6.95
572642.59,17.71,4.11,224781.67,6.95
572506.61,17.71,4.11,224810.17,6.95
572506.61,17.71,4.11,224810.17,6.95
572559.31,17.71,4.12,224782.45,6.95
572612.02,17.72,4.12,224787.22,6.96
572250.76,17.71,4.11,224389.94,6.94
572114.78,17.71,4.11,224384.39,6.95
571978.8,17.71,4.12,224948.81,6.97
571842.82,17.71,4.12,224948.36,6.97
571706.85,17.72,4.12,224948.36,6.97
571570.87,17.72,4.12,224982.36,6.97
571866.89,17.73,4.13,224970.4,6.97
571730.91,17.73,4.13,224969.95,6.98
571594.94,17.73,4.13,225458.19,6.99
571594.94,17.73,4.13,225458.19,6.99
571244.57,17.72,4.13,225506.1,7.0
571108.59,17.72,4.13,225512.33,7.0
570994.63,17.73,4.13,225040.45,6.99
571404.55,17.74,4.14,225673.18,7.01
571168.65,17.74,4.14,224969.52,6.99
570879.11,17.73,4.13,224610.93,6.98
570743.13,17.73,4.14,224525.39,6.98
570795.83,17.74,4.14,224636.47,6.98
570659.85,17.74,4.14,224608.92,6.98
570659.85,17.74,4.14,224608.92,6.98
570523.87,17.74,4.14,224586.24,6.98
570306.62,17.74,4.14,224415.18,6.98
570170.65,17.74,4.14,224358.55,6.98
570235.97,17.74,4.15,223935.29,6.97
570235.97,17.74,4.15,223935.29,6.97
570001.39,17.74,4.15,223612.99,6.96
569865.41,17.74,4.15,223612.54,6.96
569729.43,17.75,4.15,223612.54,6.96
569593.45,17.75,4.15,223661.13,6.97
569381.51,17.75,4.15,222916.47,6.95
569334.28,17.75,4.15,222729.57,6.94
569198.31,17.75,4.15,222738.59,6.95
569198.31,17.75,4.15,222738.59,6.95
569563.91,17.76,4.17,223067.75,6.96
569433.07,17.76,4.16,222827.14,6.95
569318.73,17.76,4.16,223694.39,6.98
569384.05,17.77,4.17,223271.12,6.97
568296.23,17.78,4.18,223271.12,6.99
568249.01,17.78,4.18,223127.13,6.98
568113.03,17.78,4.19,223047.82,6.98
567977.06,17.79,4.19,223047.82,6.98
567863.1,17.79,4.19,222527.84,6.97
567683.47,17.79,4.19,222370.59,6.97
567873.92,17.8,4.2,222438.22,6.97
567737.94,17.8,4.2,222570.12,6.98
567447.2,17.79,4.19,222313.94,6.97
567499.9,17.8,4.2,222419.64,6.98
567552.6,17.8,4.21,222553.28,6.98
567416.62,17.8,4.21,222530.59,6.98
567280.65,17.81,4.21,222473.97,6.98
567144.67,17.81,4.21,222394.66,6.98
567008.69,17.81,4.21,222394.66,6.98
566885.33,17.81,4.21,221778.79,6.97
566649.43,17.81,4.21,221459.09,6.96
566513.46,17.81,4.21,221379.78,6.96
566566.16,17.82,4.22,221565.22,6.97
566618.86,17.82,4.22,221565.18,6.97
566671.56,17.83,4.23,221564.77,6.97
566535.58,17.83,4.23,221564.77,6.97
566831.6,17.84,4.24,221572.47,6.97
566695.63,17.84,4.25,221564.77,6.98
566695.63,17.84,4.25,221564.77,6.98
566748.33,17.85,4.25,221564.77,6.98
566801.03,17.86,4.26,222566.12,7.01
566665.05,17.86,4.26,222537.11,7.01
566717.75,17.86,4.27,222642.81,7.02
566345.76,17.85,4.26,222488.14,7.01
566188.4,17.85,4.25,222331.2,7.01
566052.42,17.85,4.25,222301.99,7.01
566052.42,17.85,4.25,222301.99,7.01
565916.44,17.85,4.25,222292.09,7.01
565969.14,17.86,4.26,222385.52,7.02
565762.72,17.85,4.26,222226.68,7.01
566058.74,17.87,4.27,222336.87,7.02
565922.76,17.87,4.27,222507.3,7.02
565922.76,17.87,4.27,222507.3,7.02
565922.76,17.87,4.27,222507.3,7.02
565922.76,17.87,4.27,222507.3,7.02
565786.78,17.87,4.27,222513.53,7.03
565650.8,17.87,4.27,222427.99,7.03
565514.83,17.87,4.27,222428.01,7.03
565567.53,17.88,4.28,222427.54,7.03
565620.23,17.88,4.29,222427.54,7.03
565484.25,17.88,4.29,222543.57,7.04
565348.28,17.89,4.29,222469.95,7.04
565629.39,17.9,4.3,223025.89,7.06
565537.06,17.9,4.3,222782.62,7.05
565361.6,17.9,4.3,223239.9,7.07
565225.63,17.9,4.3,223239.58,7.07
564853.63,17.89,4.3,222939.65,7.06
564853.63,17.89,4.3,222939.65,7.06
564906.33,17.9,4.3,222939.65,7.06
564617.71,17.89,4.29,222637.3,7.06
564670.41,17.9,4.3,222637.3,7.06
564670.41,17.9,4.3,222670.47,7.06
564670.41,17.9,4.3,222670.47,7.06
564534.44,17.9,4.3,222774.83,7.06
564398.46,17.9,4.3,222751.85,7.07
564694.48,17.91,4.32,222779.13,7.07
564344.11,17.9,4.31,223586.73,7.09
564640.14,17.92,4.32,223696.91,7.1
564504.16,17.92,4.32,223867.35,7.11
564368.18,17.92,4.32,223788.04,7.11
564232.2,17.92,4.32,223788.04,7.11
564274.09,17.93,4.33,222950.27,7.08
564127.29,17.93,4.33,223500.64,7.1
564317.75,17.94,4.34,223500.64,7.1
564317.75,17.94,4.34,223500.64,7.1
563945.75,17.93,4.33,223200.71,7.1
563809.77,17.93,4.33,223200.71,7.1
564105.79,17.94,4.34,223773.84,7.12
564105.79,17.94,4.34,223786.58,7.12
564296.24,17.95,4.35,224179.35,7.13
564296.24,17.95,4.35,224177.93,7.13
564160.27,17.95,4.36,224168.03,7.13
563887.16,17.95,4.35,224018.47,7.13
564143.81,17.96,4.36,223315.48,7.11
563937.9,17.96,4.36,223492.9,7.12
563801.92,17.96,4.36,223423.49,7.12
563854.62,17.96,4.37,223423.45,7.12
563718.64,17.97,4.37,223423.04,7.12
563582.67,17.97,4.37,223423.04,7.12
563582.67,17.97,4.37,223423.04,7.12
563582.67,17.97,4.37,223423.04,7.12
563446.69,17.97,4.37,223465.97,7.13
563310.71,17.97,4.37,223457.32,7.13
563363.41,17.98,4.38,223423.04,7.13
563607.45,17.99,4.39,224165.28,7.15
563607.45,17.99,4.39,224165.28,7.15
563903.47,18.0,4.4,224540.25,7.17
563697.04,17.99,4.4,224320.01,7.16
563561.06,18.0,4.4,224319.56,7.16
563425.09,18.0,4.4,224319.56,7.17
563289.11,18.0,4.4,224325.64,7.17
563153.13,18.0,4.4,224349.43,7.17
563205.83,18.01,4.41,224329.82,7.17
563069.86,18.01,4.41,224630.45,7.18
562933.88,18.01,4.41,224595.29,7.19
562727.45,18.0,4.41,224342.03,7.18
562917.9,18.01,4.42,224531.61,7.19
562917.9,18.01,4.42,224531.61,7.19
562545.9,18.0,4.41,224118.39,7.17
562598.6,18.01,4.41,224118.35,7.18
562462.63,18.01,4.42,224117.94,7.18
562326.65,18.01,4.42,224171.7,7.18
562190.67,18.02,4.42,224182.6,7.18
562054.69,18.02,4.42,224191.18,7.19
561918.72,18.02,4.42,224117.94,7.19
561918.72,18.02,4.42,224117.94,7.19
561782.74,18.02,4.42,224458.78,7.2
561835.44,18.03,4.43,224486.93,7.2
561545.43,18.02,4.42,224311.66,7.2
561409.45,18.02,4.42,224311.21,7.2
561462.15,18.03,4.43,224311.21,7.2
561326.18,18.03,4.43,224327.25,7.2
561190.2,18.03,4.43,224315.16,7.21
561555.8,18.04,4.45,224311.21,7.21
561608.51,18.05,4.45,224614.42,7.22
561608.51,18.05,4.45,224614.42,7.22
561472.53,18.05,4.45,224496.6,7.22
561472.53,18.05,4.45,224496.6,7.22
561525.23,18.06,4.46,225373.95,7.25
561063.65,18.05,4.45,224834.02,7.23
561116.35,18.05,4.45,224833.98,7.23
560980.37,18.05,4.46,224833.58,7.24
560844.39,18.06,4.46,224833.58,7.24
560708.42,18.06,4.46,224865.75,7.24
561004.44,18.07,4.47,224834.79,7.24
560868.46,18.07,4.47,225529.15,7.27
560732.48,18.07,4.47,225449.84,7.27
560382.12,18.06,4.47,225341.09,7.26
560686.29,18.08,4.48,225781.39,7.28
560550.31,18.08,4.48,225758.7,7.28
560414.33,18.08,4.48,225702.08,7.28
560278.36,18.08,4.48,225702.21,7.28
559908.21,18.07,4.47,225331.92,7.27
559761.41,18.07,4.47,224805.29,7.26
559614.62,18.07,4.48,224993.35,7.27
559614.62,18.07,4.48,224993.35,7.27
559478.64,18.07,4.48,224992.77,7.27
558390.82,18.09,4.49,224992.32,7.29
558254.85,18.09,4.49,224992.32,7.29
558254.85,18.09,4.49,224992.32,7.29
558118.87,18.09,4.49,225115.82,7.3
557982.89,18.09,4.49,225038.68,7.3
557846.91,18.09,4.49,225086.35,7.3
557710.94,18.09,4.5,225092.58,7.3
557574.96,18.09,4.5,225007.04,7.3
557438.98,18.1,4.5,225006.59,7.3
557438.98,18.1,4.5,225006.59,7.3
557203.08,18.09,4.5,224153.41,7.28
557499.1,18.11,4.51,224153.41,7.28
557499.1,18.11,4.51,224153.41,7.28
557363.13,18.11,4.51,224438.47,7.29
557617.98,18.12,4.52,224890.62,7.31
557471.18,18.12,4.52,224714.67,7.3
557335.21,18.12,4.53,224458.22,7.3
557387.91,18.13,4.53,224618.78,7.31
557440.61,18.14,4.54,224538.28,7.31
557337.08,18.14,4.54,224555.0,7.31
557400.6,18.15,4.55,225531.29,7.34
557400.6,18.15,4.55,225531.29,7.34
557253.81,18.15,4.55,225316.73,7.34
557319.13,18.15,4.56,224893.46,7.33
557319.13,18.15,4.56,224893.46,7.33
557183.15,18.15,4.56,224893.01,7.33
556948.57,18.15,4.56,224570.71,7.32
556812.59,18.15,4.56,224570.71,7.32
556444.56,18.15,4.55,224330.32,7.32
556308.58,18.15,4.55,224695.69,7.33
556604.6,18.16,4.56,224684.44,7.33
556501.07,18.16,4.56,224500.32,7.33
556419.95,18.17,4.57,223670.1,7.3
556283.97,18.17,4.57,223669.65,7.3
556148.0,18.17,4.57,223669.65,7.31
556024.64,18.17,4.57,223879.38,7.32
555888.66,18.17,4.57,224049.74,7.32
555682.23,18.17,4.57,223893.31,7.32
555635.01,18.17,4.57,223705.75,7.32
555345.0,18.16,4.56,223425.5,7.31
555209.02,18.16,4.57,223463.73,7.31
555062.23,18.16,4.57,224535.12,7.35
554926.25,18.17,4.57,224524.1,7.35
555185.21,18.18,4.58,224668.38,7.36
555070.86,18.18,4.58,224567.12,7.35
555366.88,18.19,4.59,224677.3,7.36
555230.91,18.19,4.6,224918.88,7.37
555230.91,18.19,4.6,224918.88,7.37
555094.93,18.19,4.6,224919.02,7.37
554958.99,18.2,4.6,224253.48,7.35
554735.53,18.19,4.59,224002.39,7.35
554135.61,18.18,4.58,223530.53,7.33
553999.63,18.18,4.58,223529.94,7.33
554396.91,18.19,4.59,223362.87,7.33
554565.37,18.2,4.6,223461.29,7.33
554040.37,18.19,4.59,222994.38,7.32
553904.39,18.19,4.59,222994.38,7.32
553904.39,18.19,4.59,222994.38,7.32
553768.41,18.19,4.59,223155.53,7.33
553654.46,18.19,4.6,223349.11,7.34
553474.83,18.19,4.6,223059.21,7.33
553338.85,18.2,4.6,223073.94,7.34
553723.51,18.21,4.61,222902.97,7.33
553598.35,18.21,4.61,223565.5,7.35
553278.35,18.2,4.61,223245.5,7.34
553142.37,18.2,4.61,223249.92,7.35
553006.4,18.21,4.61,223258.52,7.35
552914.33,18.21,4.61,223150.25,7.35
552914.33,18.21,4.61,223150.25,7.35
552756.97,18.2,4.61,222991.36,7.34
553052.99,18.22,4.62,222978.03,7.34
552567.63,18.21,4.61,222508.86,7.33
552410.27,18.2,4.6,222349.97,7.33
552274.29,18.2,4.6,223465.39,7.37
552274.29,18.2,4.6,223465.39,7.37
551945.56,18.19,4.6,223860.75,7.38
552241.58,18.21,4.61,223970.94,7.38
552432.03,18.22,4.62,224379.06,7.4
552135.6,18.21,4.61,224241.63,7.4
551999.63,18.21,4.61,224241.18,7.4
551863.65,18.21,4.61,224241.18,7.4
551916.35,18.22,4.62,224256.76,7.4
551916.35,18.22,4.62,224278.92,7.4
551969.05,18.23,4.63,224265.61,7.41
551833.07,18.23,4.63,224263.35,7.41
551718.73,18.23,4.63,225368.02,7.45
551356.73,18.22,4.62,225007.83,7.44
551242.77,18.22,4.62,224423.35,7.42
551063.14,18.22,4.62,224282.05,7.42
551344.25,18.23,4.64,224281.6,7.42
551208.28,18.24,4.64,224281.6,7.42
551208.28,18.24,4.64,224281.6,7.42
551504.3,18.25,4.65,224284.52,7.42
551368.32,18.25,4.65,224286.07,7.42
551232.34,18.25,4.65,224287.26,7.43
550945.25,18.24,4.65,224281.6,7.43
550809.28,18.25,4.65,224711.08,7.44
550861.98,18.25,4.66,224805.23,7.45
550726.0,18.25,4.66,224890.59,7.45
550590.02,18.26,4.66,224811.28,7.45
550642.73,18.26,4.66,224996.62,7.46
550506.75,18.26,4.67,224996.62,7.46
550366.29,18.26,4.66,224996.12,7.47
550230.31,18.26,4.66,224996.12,7.47
550094.34,18.26,4.67,224996.12,7.47
550390.36,18.28,4.68,224997.22,7.47
550168.82,18.27,4.67,224737.56,7.46
550168.82,18.27,4.67,224715.39,7.46
550032.84,18.27,4.67,224714.38,7.47
549896.86,18.27,4.68,224715.0,7.47
549896.86,18.27,4.68,224738.47,7.47
549760.88,18.28,4.68,225092.92,7.48
549624.91,18.28,4.68,225097.69,7.49
549624.91,18.28,4.68,225081.31,7.48
549488.93,18.28,4.68,225080.86,7.49
549116.93,18.27,4.67,224780.93,7.48
548980.95,18.27,4.67,224780.93,7.48
549365.62,18.29,4.69,224846.1,7.48
549229.64,18.29,4.69,224866.52,7.49
548926.25,18.28,4.68,224780.93,7.49
548817.57,18.28,4.68,224672.26,7.48
548681.6,18.28,4.68,224678.2,7.48
548524.24,18.27,4.68,224529.89,7.48
548576.94,18.28,4.68,225120.36,7.5
548883.78,18.29,4.7,225191.62,7.51
548736.98,18.29,4.7,225385.7,7.51
548416.98,18.29,4.69,225065.7,7.5
548044.98,18.28,4.68,224668.08,7.49
548097.69,18.28,4.69,224662.82,7.49
547961.71,18.28,4.69,224660.72,7.5
547825.73,18.29,4.69,224660.72,7.5
547825.73,18.29,4.69,224679.43,7.5
547689.75,18.29,4.69,225231.84,7.52
547553.78,18.29,4.69,224929.63,7.51
547417.8,18.29,4.69,224929.64,7.52
547871.37,18.31,4.71,225718.82,7.54
547594.99,18.3,4.7,225589.74,7.54
547459.02,18.3,4.71,225589.28,7.54
547511.72,18.31,4.71,225747.52,7.55
547807.74,18.32,4.72,225793.18,7.55
547998.19,18.33,4.73,225870.29,7.56
547883.85,18.34,4.74,227184.77,7.6
547747.87,18.34,4.74,227184.32,7.61
547611.89,18.34,4.74,227184.32,7.61
547418.11,18.33,4.74,227170.98,7.61
547418.11,18.33,4.74,227237.42,7.61
547470.81,18.34,4.74,227237.42,7.61
547334.83,18.34,4.75,227239.19,7.62
547387.53,18.35,4.75,227237.91,7.62
547228.85,18.35,4.75,227079.23,7.61
547281.56,18.35,4.75,227092.39,7.62
547281.56,18.35,4.75,227117.05,7.62
547145.58,18.35,4.76,227113.77,7.62
547530.24,18.37,4.77,228191.54,7.66
547394.26,18.37,4.77,228191.54,7.66
547258.28,18.37,4.77,228191.54,7.66
547122.31,18.37,4.78,228192.04,7.66
547027.66,18.38,4.78,227449.43,7.64
547017.4,18.38,4.78,227954.86,7.66
547070.1,18.39,4.79,227955.02,7.66
546934.12,18.39,4.79,227955.82,7.66
546934.12,18.39,4.79,228022.26,7.67
546986.82,18.4,4.8,228026.21,7.67
546496.19,18.38,4.79,227474.72,7.65
546360.21,18.39,4.79,227899.59,7.67
546224.23,18.39,4.79,227795.0,7.67
546088.25,18.39,4.79,227794.55,7.67
546140.96,18.4,4.8,227794.55,7.67
545919.42,18.39,4.79,227570.32,7.67
545783.44,18.39,4.79,227570.4,7.67
545973.89,18.4,4.8,227585.37,7.67
545837.91,18.4,4.81,227570.62,7.67
546133.93,18.42,4.82,227572.17,7.67
546324.39,18.43,4.83,228682.2,7.71
546188.41,18.43,4.83,228829.04,7.72
546052.43,18.43,4.83,228828.59,7.72
545680.43,18.42,4.82,228388.49,7.71
545680.43,18.42,4.82,228388.49,7.71
545733.13,18.43,4.83,228388.49,7.71
545597.16,18.43,4.83,228388.49,7.71
545461.18,18.43,4.83,228412.48,7.72
545325.2,18.43,4.83,228395.31,7.72
545629.37,18.44,4.85,228388.49,7.72
545682.08,18.45,4.85,229015.95,7.74
545546.1,18.45,4.86,229013.27,7.75
545410.12,18.45,4.86,229012.83,7.75
545410.12,18.45,4.86,229012.83,7.75
545274.14,18.46,4.86,229012.82,7.75
545138.17,18.46,4.86,229012.82,7.75
545002.19,18.46,4.86,229014.55,7.76
544866.21,18.46,4.86,229208.58,7.77
544730.23,18.46,4.87,229144.64,7.77
544637.91,18.47,4.87,229299.06,7.77
544267.76,18.46,4.86,229118.26,7.77
544131.78,18.46,4.86,229108.37,7.77
543952.15,18.46,4.86,228822.13,7.76
543816.18,18.46,4.86,228752.72,7.77
543680.2,18.46,4.86,228752.85,7.77
543745.52,18.47,4.87,228329.59,7.76
543698.3,18.47,4.87,228185.59,7.75
543562.32,18.47,4.88,228185.01,7.76
543426.34,18.48,4.88,228185.01,7.76
543426.34,18.48,4.88,228185.01,7.76
543426.34,18.48,4.88,228185.04,7.76
543479.04,18.48,4.89,228345.42,7.77
543343.07,18.48,4.89,228338.17,7.77
543207.09,18.49,4.89,228314.77,7.77
543259.79,18.49,4.9,228236.57,7.77
543312.49,18.5,4.9,228751.63,7.79
543176.52,18.5,4.9,228751.18,7.79
543229.22,18.51,4.91,228751.18,7.79
543022.79,18.5,4.91,228633.73,7.79
543075.49,18.51,4.91,228633.73,7.79
542939.51,18.51,4.91,228634.83,7.8
542803.53,18.51,4.92,228633.92,7.8
542667.56,18.51,4.92,228633.73,7.8
542531.58,18.52,4.92,229081.13,7.82
542395.6,18.52,4.92,228975.43,7.82
542259.63,18.52,4.92,228974.98,7.82
542259.63,18.52,4.92,228974.98,7.82
542312.33,18.53,4.93,228441.81,7.8
542107.22,18.52,4.92,228230.64,7.8
541971.24,18.52,4.93,228230.64,7.8
541971.24,18.52,4.93,228288.66,7.8
542161.69,18.53,4.94,228494.73,7.81
542465.87,18.55,4.95,228316.1,7.81
542518.57,18.55,4.96,228075.55,7.8
542582.08,18.56,4.96,227949.39,7.8
542435.29,18.56,4.96,228442.49,7.82
542299.31,18.56,4.97,228415.05,7.82
541929.16,18.55,4.96,229466.18,7.86
541981.87,18.56,4.96,228969.08,7.84
542277.89,18.57,4.98,228968.63,7.84
541190.07,18.59,4.99,228968.18,7.86
541380.52,18.6,5.0,228968.18,7.87
541380.52,18.6,5.0,228968.18,7.87
541380.52,18.6,5.0,229040.96,7.87
541244.54,18.6,5.0,229190.61,7.88
541308.06,18.61,5.01,229131.86,7.88
541308.06,18.61,5.01,229131.86,7.88
541161.27,18.61,5.01,229363.64,7.89
541213.97,18.62,5.02,229320.53,7.89
541077.99,18.62,5.02,229213.99,7.89
540942.01,18.62,5.02,230039.49,7.92
540591.65,18.61,5.01,230004.09,7.92
540455.67,18.61,5.01,230003.64,7.92
540759.84,18.63,5.03,230003.64,7.92
540389.69,18.62,5.02,230042.53,7.92
540389.69,18.62,5.02,230042.53,7.92
540389.69,18.62,5.02,230042.53,7.92
540253.72,18.62,5.02,230024.27,7.93
540117.74,18.62,5.02,230009.06,7.93
539981.76,18.62,5.02,230742.83,7.96
539867.42,18.62,5.03,230730.94,7.96
539867.42,18.62,5.03,230730.94,7.96
539731.44,18.63,5.03,230730.72,7.96
539575.4,18.62,5.02,230571.84,7.96
539419.3,18.62,5.02,230416.22,7.95
539283.32,18.62,5.02,230415.98,7.96
538986.89,18.61,5.01,230167.8,7.95
539061.61,18.62,5.02,229522.68,7.93
538908.19,18.62,5.02,230167.7,7.95
538772.22,18.62,5.02,230167.7,7.96
538772.22,18.62,5.02,230167.7,7.96
539068.24,18.63,5.04,230372.09,7.96
539068.24,18.63,5.04,230372.09,7.96
538844.78,18.63,5.03,230218.18,7.96
538708.8,18.63,5.03,230195.65,7.96
538761.5,18.64,5.04,230264.9,7.97
539068.34,18.65,5.05,231072.95,7.99
538921.55,18.65,5.05,230998.82,8.0
538552.33,18.64,5.04,230627.7,7.98
538416.35,18.64,5.05,230548.39,7.98
538280.38,18.65,5.05,230548.39,7.99
538144.4,18.65,5.05,230547.94,7.99
538008.42,18.65,5.05,230547.94,7.99
538296.29,18.66,5.07,230547.94,7.99
538071.05,18.66,5.06,230560.9,7.99
537935.08,18.66,5.06,230553.8,8.0
538222.95,18.67,5.07,230689.0,8.0
537849.1,18.66,5.06,230581.26,8.0
537849.1,18.66,5.06,230581.26,8.0
537713.12,18.66,5.07,230555.19,8.0
537587.96,18.67,5.07,230996.74,8.02
537587.96,18.67,5.07,230996.74,8.02
537767.6,18.68,5.08,231093.24,8.03
538071.77,18.69,5.09,231080.77,8.03
537935.79,18.69,5.09,231454.22,8.04
537664.46,18.68,5.09,231179.44,8.03
537528.48,18.69,5.09,231179.58,8.04
537392.5,18.69,5.09,231178.99,8.04
537445.21,18.7,5.1,231178.99,8.04
537760.49,18.71,5.11,231222.89,8.04
537624.51,18.71,5.11,231212.68,8.05
537677.21,18.72,5.12,231178.99,8.05
537315.95,18.71,5.11,231821.9,8.07
537046.64,18.71,5.11,231648.99,8.07
536830.71,18.71,5.11,231434.86,8.06
537116.08,18.72,5.12,230874.13,8.05
536905.0,18.71,5.12,231288.7,8.06
536977.12,18.72,5.12,231217.57,8.06
536841.14,18.72,5.13,231217.36,8.06
537145.32,18.74,5.14,231217.12,8.07
537009.34,18.74,5.14,231217.15,8.07
536873.36,18.74,5.14,231324.43,8.07
536873.36,18.74,5.14,231324.43,8.07
536926.06,18.75,5.15,231263.32,8.07
536790.09,18.75,5.15,231248.14,8.08
536654.11,18.75,5.15,231871.23,8.1
536518.13,18.75,5.16,231824.01,8.1
536814.15,18.77,5.17,231823.56,8.1
536678.18,18.77,5.17,231823.56,8.11
536542.2,18.77,5.17,232094.89,8.12
536170.2,18.76,5.16,232247.74,8.13
536222.9,18.77,5.17,231898.65,8.12
536086.92,18.77,5.17,232700.79,8.15
536086.92,18.77,5.17,232700.79,8.15
535950.95,18.77,5.17,232700.34,8.15
535814.97,18.77,5.17,232700.34,8.15
535867.67,18.78,5.18,232268.56,8.14
535636.06,18.77,5.18,232060.54,8.13
535543.74,18.78,5.18,231749.34,8.13
535884.75,18.79,5.19,232622.67,8.16
535396.75,18.78,5.18,232085.09,8.14
535449.45,18.79,5.19,232085.09,8.14
535502.15,18.79,5.19,232106.41,8.15
535366.17,18.79,5.2,232085.88,8.15
535230.2,18.8,5.2,232485.77,8.16
535282.9,18.8,5.21,232631.36,8.17
535335.6,18.81,5.21,232736.47,8.18
535199.62,18.81,5.21,232657.16,8.18
535565.23,18.83,5.23,233168.28,8.2
535755.68,18.84,5.24,233167.83,8.2
535422.92,18.83,5.23,232802.41,8.19
535286.94,18.83,5.23,232802.41,8.19
535286.94,18.83,5.23,232802.41,8.19
535150.96,18.83,5.24,232831.51,8.19
535014.98,18.84,5.24,232808.03,8.2
535311.0,18.85,5.25,233714.21,8.23
535311.0,18.85,5.25,233714.21,8.23
535376.33,18.86,5.26,233290.95,8.22
535036.78,18.85,5.25,233536.94,8.23
534989.55,18.85,5.25,233392.94,8.22
535042.26,18.86,5.26,233504.02,8.23
535094.96,18.87,5.27,233639.32,8.24
534958.98,18.87,5.27,233638.87,8.24
534823.0,18.87,5.27,233638.87,8.24
534687.03,18.87,5.27,233698.94,8.25
534551.05,18.87,5.28,233641.61,8.25
534551.05,18.87,5.28,233641.61,8.25
534415.07,18.88,5.28,233639.26,8.25
534279.09,18.88,5.28,233638.81,8.26
534583.27,18.89,5.29,234354.96,8.28
534447.29,18.89,5.3,234354.96,8.28
534197.59,18.89,5.29,233751.75,8.26
533961.69,18.89,5.29,233105.48,8.24
533725.79,18.88,5.29,232714.9,8.23
533589.81,18.89,5.29,232924.66,8.24
533453.83,18.89,5.29,232763.27,8.24
533317.86,18.89,5.29,232968.54,8.25
533236.73,18.89,5.3,232133.95,8.22
533122.39,18.9,5.3,231976.63,8.22
533426.56,18.91,5.31,231964.15,8.22
533290.58,18.91,5.31,232337.88,8.24
533343.93,18.92,5.32,232932.78,8.26
532973.78,18.91,5.31,232562.21,8.25
532973.78,18.91,5.31,232562.21,8.25
532753.1,18.91,5.31,232209.27,8.24
533049.12,18.92,5.32,232208.82,8.24
532913.14,18.92,5.33,232208.82,8.25
532955.03,18.93,5.33,232160.98,8.25
532996.91,18.94,5.34,232643.88,8.27
532860.94,18.94,5.34,232648.03,8.27
532724.96,18.94,5.34,232669.22,8.27
532567.74,18.94,5.34,232510.33,8.27
532195.74,18.93,5.33,232506.44,8.27
532491.76,18.94,5.34,232485.0,8.27
532491.76,18.94,5.34,232485.0,8.27
532355.79,18.94,5.34,232892.72,8.29
532219.81,18.94,5.35,232916.44,8.29
532013.38,18.94,5.34,232740.03,8.28
531741.3,18.93,5.33,232499.21,8.28
531741.3,18.93,5.33,232499.21,8.28
531505.4,18.93,5.33,232428.58,8.28
531505.4,18.93,5.33,232428.58,8.28
531369.43,18.93,5.33,232349.27,8.28
531369.43,18.93,5.33,232349.27,8.28
531163.0,18.93,5.33,232172.86,8.27
531459.02,18.94,5.34,232603.99,8.29
531328.28,18.94,5.34,232431.96,8.28
531328.28,18.94,5.34,232431.96,8.28
531192.3,18.94,5.34,232431.51,8.29
531267.02,18.95,5.35,232809.16,8.3
531267.02,18.95,5.35,232809.16,8.3
531087.39,18.95,5.35,232510.4,8.29
531140.09,18.95,5.36,232510.4,8.3
531004.12,18.96,5.36,232561.13,8.3
531056.82,18.96,5.37,232510.43,8.3
530920.84,18.97,5.37,232510.4,8.31
530920.84,18.97,5.37,232510.4,8.31
530973.54,18.97,5.37,233012.97,8.33
530973.54,18.97,5.37,233012.97,8.33
530837.57,18.97,5.38,232510.4,8.31
530701.59,18.98,5.38,233076.99,8.33
530565.61,18.98,5.38,233077.12,8.34
530429.63,18.98,5.38,233076.54,8.34
530725.65,18.99,5.4,233163.93,8.34
531006.76,19.01,5.41,233084.49,8.34
530634.77,19.0,5.4,233076.54,8.34
530825.22,19.01,5.41,233688.22,8.37
529737.4,19.02,5.43,233687.77,8.39
529601.42,19.03,5.43,233967.35,8.41
529601.42,19.03,5.43,233967.35,8.41
529465.44,19.03,5.43,233773.01,8.4
529329.47,19.03,5.43,233798.88,8.41
529193.49,19.03,5.43,233799.02,8.41
529057.51,19.03,5.44,233798.43,8.41
528921.53,19.04,5.44,233798.43,8.41
529217.56,19.05,5.45,233866.55,8.42
529270.26,19.06,5.46,233806.22,8.42
529134.28,19.06,5.46,233798.43,8.42
528762.28,19.05,5.45,234304.33,8.44
528551.02,19.04,5.45,234135.23,8.44
528415.05,19.05,5.45,234135.01,8.44
528467.75,19.05,5.46,234140.01,8.44
528331.77,19.05,5.46,234034.84,8.44
528131.94,19.05,5.45,233921.6,8.44
528131.94,19.05,5.45,233921.6,8.44
527995.96,19.05,5.45,233921.36,8.44
527859.98,19.05,5.46,234038.52,8.45
528156.0,19.07,5.47,234041.71,8.45
528208.7,19.07,5.48,234000.96,8.45
528072.73,19.08,5.48,234000.97,8.45
527936.75,19.08,5.48,234799.46,8.49
527800.77,19.08,5.48,234799.0,8.49
527516.08,19.07,5.48,234779.28,8.49
527809.81,19.09,5.49,234948.5,8.5
527608.14,19.09,5.49,234620.91,8.49
527472.16,19.09,5.49,234863.49,8.5
527472.16,19.09,5.49,234863.49,8.5
527472.16,19.09,5.49,234863.49,8.5
527336.18,19.09,5.49,234668.06,8.5
527232.66,19.09,5.5,234767.13,8.5
527232.66,19.09,5.5,234767.13,8.5
527285.36,19.1,5.5,234767.09,8.5
527338.06,19.11,5.51,234766.68,8.51
527202.08,19.11,5.51,234766.68,8.51
527506.25,19.13,5.53,234770.25,8.51
527136.1,19.12,5.52,234766.68,8.51
527054.98,19.12,5.52,235509.27,8.54
526919.0,19.12,5.52,235628.3,8.55
526972.35,19.13,5.53,235237.84,8.54
527236.39,19.14,5.54,235402.38,8.55
527236.39,19.14,5.54,235448.16,8.55
527236.39,19.14,5.54,235448.16,8.55
527100.41,19.14,5.55,235413.22,8.55
527153.11,19.15,5.55,235329.13,8.55
527017.13,19.15,5.56,235962.38,8.58
527017.13,19.15,5.56,235962.38,8.58
526881.16,19.16,5.56,235968.61,8.58
527177.18,19.17,5.57,236243.0,8.59
526900.54,19.16,5.56,235980.11,8.58
526677.08,19.16,5.56,235825.27,8.58
526541.1,19.16,5.56,235824.82,8.58
526405.12,19.16,5.56,235824.82,8.58
526701.14,19.17,5.58,236112.74,8.6
526565.17,19.18,5.58,236213.19,8.6
526565.17,19.18,5.58,236167.41,8.6
526429.19,19.18,5.58,236144.72,8.6
526293.21,19.18,5.58,236088.1,8.6
526189.68,19.18,5.59,235869.73,8.6
526380.14,19.19,5.6,235869.28,8.6
526244.16,19.2,5.6,235869.28,8.6
526265.41,19.2,5.6,238018.47,8.68
526129.44,19.2,5.61,238076.5,8.69
525993.46,19.21,5.61,238109.71,8.69
526289.48,19.22,5.62,238030.57,8.69
526289.48,19.22,5.62,238079.56,8.69
526153.5,19.22,5.62,238848.51,8.73
526153.5,19.22,5.62,238851.19,8.73
526061.18,19.22,5.63,238981.91,8.73
526084.36,19.23,5.63,238847.04,8.73
525948.39,19.23,5.63,238846.59,8.73
525927.14,19.23,5.64,239009.69,8.74
525791.17,19.24,5.64,239010.56,8.74
526087.19,19.25,5.65,239083.26,8.75
525814.08,19.24,5.64,239018.97,8.75
525678.1,19.24,5.65,239009.69,8.75
525678.1,19.24,5.65,239009.69,8.75
525743.42,19.25,5.65,238586.43,8.74
525607.44,19.25,5.66,239433.07,8.77
525372.86,19.25,5.66,239110.77,8.76
525236.89,19.26,5.66,239117.0,8.77
525100.91,19.26,5.66,239031.46,8.77
524986.56,19.26,5.66,238689.23,8.76
525282.58,19.27,5.68,238799.42,8.76
525168.63,19.28,5.68,238388.95,8.75
524989.0,19.28,5.68,238453.89,8.76
524617.0,19.27,5.67,238264.39,8.75
524913.02,19.28,5.68,238754.46,8.77
524777.04,19.28,5.69,238676.5,8.77
524405.04,19.27,5.68,238306.43,8.76
524595.5,19.28,5.69,238625.76,8.77
524459.52,19.29,5.69,238625.9,8.78
524649.97,19.3,5.7,238625.31,8.78
524513.99,19.3,5.7,238625.31,8.78
524566.69,19.31,5.71,238701.24,8.79
524862.72,19.32,5.72,238698.99,8.79
524726.74,19.32,5.73,238651.01,8.79
524601.58,19.33,5.73,239730.19,8.83
524465.6,19.33,5.73,239650.87,8.83
524507.49,19.34,5.74,239699.61,8.84
524371.51,19.34,5.74,239699.61,8.84
524235.53,19.34,5.74,239705.84,8.84
524099.55,19.34,5.75,239620.3,8.84
523963.58,19.35,5.75,239540.99,8.84
523963.58,19.35,5.75,239540.99,8.84
523827.6,19.35,5.75,239540.99,8.85
523691.62,19.35,5.75,239540.54,8.85
523935.66,19.36,5.76,239540.54,8.85
523639.23,19.35,5.76,239249.85,8.84
523503.25,19.36,5.76,239251.13,8.85
523367.27,19.36,5.76,239250.07,8.85
523231.3,19.36,5.76,239249.85,8.85
523073.94,19.36,5.76,239090.97,8.85
522937.96,19.36,5.76,239344.94,8.86
522990.66,19.37,5.77,239520.78,8.87
522990.66,19.37,5.77,239520.78,8.87
523043.36,19.37,5.78,239715.76,8.88
523324.47,19.39,5.79,239636.45,8.88
523188.5,19.39,5.79,240051.53,8.9
523052.52,19.39,5.79,239965.19,8.9
522680.52,19.38,5.78,239529.56,8.88
522976.54,19.4,5.8,239961.83,8.9
522840.56,19.4,5.8,239951.93,8.9
522840.56,19.4,5.8,239951.93,8.9
522704.59,19.4,5.8,239882.51,8.9
522704.59,19.4,5.8,239882.51,8.9
522332.59,19.39,5.79,239510.25,8.89
522332.59,19.39,5.79,239510.25,8.89
522196.61,19.39,5.79,239510.39,8.89
522492.63,19.41,5.81,239509.8,8.9
522120.63,19.4,5.8,239509.8,8.9
521984.66,19.4,5.8,239671.99,8.91
520896.84,19.42,5.82,239671.54,8.93
521192.86,19.43,5.83,239708.29,8.94
521056.88,19.43,5.83,239704.88,8.94
521056.88,19.43,5.83,239704.88,8.94
520942.54,19.43,5.84,239639.94,8.94
520942.54,19.43,5.84,239639.94,8.94
520995.24,19.44,5.85,239639.9,8.94
520859.26,19.44,5.85,239639.49,8.95
520859.26,19.44,5.85,239639.49,8.95
520723.28,19.45,5.85,239639.49,8.95
520913.74,19.46,5.86,239722.95,8.95
520966.44,19.47,5.87,239666.98,8.96
520830.46,19.47,5.87,239639.49,8.96
520534.03,19.46,5.86,239390.4,8.95
520534.03,19.46,5.86,239390.4,8.95
520398.05,19.46,5.86,240134.81,8.98
520398.05,19.46,5.86,240134.81,8.98
520450.75,19.47,5.87,240262.22,8.99
520314.78,19.47,5.87,240261.77,8.99
520123.44,19.47,5.87,240199.48,8.99
520123.44,19.47,5.87,240199.48,8.99
520419.46,19.48,5.88,240199.48,8.99
520419.46,19.48,5.88,240199.48,8.99
520219.63,19.48,5.88,239971.74,8.98
520083.65,19.48,5.88,239971.74,8.99
519947.67,19.48,5.88,240114.47,9.0
519947.67,19.48,5.88,240114.47,9.0
519575.68,19.47,5.87,240168.47,9.0
519628.38,19.48,5.88,239975.75,9.0
519492.4,19.48,5.88,240628.28,9.02
519356.42,19.48,5.88,240618.38,9.03
519220.45,19.48,5.89,240548.96,9.03
519516.47,19.5,5.9,240548.51,9.03
519706.92,19.51,5.91,240548.51,9.03
519770.44,19.52,5.92,240460.26,9.03
519623.64,19.52,5.92,240308.11,9.03
519251.64,19.51,5.91,240309.15,9.03
519115.67,19.51,5.91,240308.98,9.03
518979.69,19.51,5.92,240630.31,9.05
519032.39,19.52,5.92,240308.11,9.04
519085.09,19.53,5.93,240705.77,9.06
519137.79,19.54,5.94,241088.62,9.07
519433.82,19.55,5.96,241389.96,9.09
519486.52,19.56,5.96,241389.92,9.09
519350.54,19.56,5.97,241389.51,9.09
518988.54,19.55,5.96,241331.97,9.09
519284.56,19.57,5.97,241331.97,9.09
519284.56,19.57,5.97,241331.97,9.09
519284.56,19.57,5.97,241329.62,9.09
518912.56,19.56,5.96,241446.24,9.1
518776.59,19.56,5.96,241471.15,9.1
518640.61,19.56,5.96,241651.9,9.11
518958.26,19.58,5.98,241488.2,9.11
518822.29,19.58,5.98,241487.75,9.11
518686.31,19.58,5.98,241487.75,9.12
518728.19,19.59,5.99,242377.77,9.15
518637.36,19.59,6.0,242233.86,9.15
518501.38,19.6,6.0,242273.34,9.16
518501.38,19.6,6.0,242273.34,9.16
518406.74,19.6,6.0,242950.83,9.19
518271.95,19.6,6.0,242695.07,9.18
518135.97,19.6,6.01,242662.07,9.18
517999.99,19.61,6.01,242655.58,9.18
517864.02,19.61,6.01,242950.32,9.2
518065.28,19.62,6.02,242929.77,9.2
518376.97,19.64,6.04,243395.87,9.22
518240.99,19.64,6.04,243395.42,9.22
518293.69,19.65,6.05,243395.42,9.23
518157.72,19.65,6.05,243395.42,9.23
518021.74,19.65,6.05,243421.74,9.23
517885.76,19.65,6.06,243416.08,9.24
518181.78,19.67,6.07,243396.99,9.24
518181.78,19.67,6.07,243396.99,9.24
517806.87,19.66,6.06,243066.7,9.23
517681.71,19.66,6.06,243737.08,9.26
517723.6,19.67,6.07,243858.11,9.26
517587.62,19.67,6.07,243778.8,9.26
517451.64,19.67,6.07,243778.8,9.27
517451.64,19.67,6.07,243778.8,9.27
517315.67,19.67,6.08,243785.03,9.27
517315.67,19.67,6.08,243785.03,9.27
517315.67,19.67,6.08,243785.03,9.27
517179.69,19.68,6.08,243699.49,9.27
517179.69,19.68,6.08,243699.49,9.27
516807.69,19.67,6.07,243312.24,9.26
516860.39,19.67,6.08,242779.06,9.24
516913.09,19.68,6.08,242538.51,9.24
516586.66,19.67,6.07,242233.29,9.22
516380.24,19.67,6.07,241965.1,9.22
516244.26,19.67,6.07,242001.47,9.22
515828.94,19.66,6.06,241606.78,9.21
515828.94,19.66,6.06,241606.78,9.21
515671.58,19.65,6.05,241447.91,9.2
515967.6,19.67,6.07,241709.13,9.21
516031.12,19.67,6.08,241582.97,9.21
515711.12,19.67,6.07,241262.97,9.2
515339.12,19.65,6.06,240946.08,9.19
514795.21,19.66,6.07,240967.58,9.2
514659.24,19.67,6.07,241052.61,9.21
514659.24,19.67,6.07,241052.61,9.21
514512.44,19.67,6.07,241545.06,9.23
514512.44,19.67,6.07,241545.06,9.23
514565.14,19.68,6.08,241438.08,9.23
514617.85,19.68,6.09,241919.44,9.25
515002.51,19.7,6.1,242178.43,9.26
515002.51,19.7,6.1,242178.43,9.26
515055.21,19.71,6.11,242289.51,9.27
514896.53,19.7,6.11,242130.83,9.27
514679.28,19.7,6.1,241943.49,9.26
514731.98,19.71,6.11,242078.79,9.27
514596.0,19.71,6.11,242078.34,9.27
514105.36,19.69,6.1,241746.3,9.26
514401.38,19.71,6.11,241746.3,9.26
514401.38,19.71,6.11,241724.07,9.26
514029.39,19.7,6.1,241746.9,9.26
514325.41,19.71,6.12,241742.81,9.27
514189.43,19.72,6.12,241724.07,9.27
514379.88,19.73,6.13,242399.3,9.3
514243.9,19.73,6.13,241988.55,9.28
514243.9,19.73,6.13,242012.41,9.29
514296.61,19.74,6.14,242046.07,9.29
514349.31,19.75,6.15,242693.64,9.32
514349.31,19.75,6.15,242691.1,9.32
513977.31,19.74,6.14,242569.66,9.31
514030.01,19.74,6.15,242569.62,9.32
514030.01,19.74,6.15,242521.57,9.32
513894.03,19.75,6.15,242521.16,9.32
513758.06,19.75,6.15,242521.16,9.32
513622.08,19.75,6.15,242540.15,9.33
513486.1,19.75,6.16,242554.81,9.33
513350.12,19.76,6.16,242527.92,9.33
513350.12,19.76,6.16,242527.92,9.33
513214.15,19.76,6.16,242521.16,9.34
513078.17,19.76,6.16,242708.5,9.35
512942.19,19.76,6.17,242708.05,9.35
512806.21,19.77,6.17,242708.05,9.35
512806.21,19.77,6.17,242789.04,9.36
512670.24,19.77,6.17,242841.06,9.36
512373.81,19.76,6.16,242530.47,9.35
512237.83,19.76,6.16,242487.09,9.35
512101.85,19.76,6.17,242590.98,9.36
512292.3,19.78,6.18,242590.53,9.36
512156.33,19.78,6.18,242590.53,9.37
512156.33,19.78,6.18,242641.37,9.37
511859.9,19.77,6.17,242670.02,9.37
511745.55,19.77,6.17,243248.6,9.4
511820.27,19.78,6.18,242967.86,9.39
511820.27,19.78,6.18,242972.39,9.39
512161.28,19.8,6.2,243166.39,9.4
512226.6,19.81,6.21,242743.13,9.39
511992.03,19.8,6.21,242420.83,9.38
512044.73,19.81,6.22,242402.13,9.38
511732.63,19.8,6.21,242196.63,9.37
511596.65,19.81,6.21,242192.57,9.38
511981.31,19.82,6.23,242328.65,9.38
511677.93,19.82,6.22,242201.75,9.38
512062.59,19.83,6.24,242186.69,9.38
511750.49,19.82,6.23,242901.0,9.41
511803.19,19.83,6.24,242978.34,9.42
511667.21,19.84,6.24,242933.34,9.42
511719.91,19.84,6.25,242933.3,9.42
511583.94,19.85,6.25,242932.89,9.42
511879.96,19.86,6.26,242932.89,9.43
511743.98,19.86,6.27,242933.68,9.43
511608.0,19.87,6.27,242943.0,9.43
511450.65,19.86,6.26,242785.65,9.43
511314.67,19.86,6.27,242794.19,9.43
511178.69,19.87,6.27,242786.43,9.44
511178.69,19.87,6.27,242783.36,9.44
511042.71,19.87,6.27,243400.83,9.46
510906.74,19.87,6.27,243321.52,9.46
510906.74,19.87,6.27,243285.61,9.46
510748.06,19.87,6.27,243131.46,9.46
510612.08,19.87,6.27,243131.46,9.46
510476.1,19.87,6.27,243092.28,9.46
510528.8,19.88,6.28,243050.16,9.46
510392.83,19.88,6.28,243031.43,9.47
510445.53,19.89,6.29,243464.77,9.49
510445.53,19.89,6.29,243460.72,9.49
510445.53,19.89,6.29,243438.48,9.49
510498.23,19.9,6.3,243219.56,9.48
510362.25,19.9,6.3,243101.12,9.48
510226.27,19.9,6.31,243021.81,9.48
510090.3,19.91,6.31,243021.81,9.48
509997.97,19.91,6.31,243757.07,9.52
510148.02,19.92,6.32,243792.41,9.52
510338.47,19.93,6.34,243794.03,9.52
509966.47,19.92,6.32,243392.33,9.51
510019.17,19.93,6.33,243391.51,9.51
510071.87,19.94,6.34,243390.3,9.51
509935.9,19.94,6.34,243390.26,9.52
509988.6,19.95,6.35,243454.67,9.52
509852.62,19.95,6.35,243403.77,9.53
510043.07,19.96,6.37,243390.26,9.53
509907.1,19.97,6.37,244612.93,9.58
510097.55,19.98,6.38,244680.56,9.58
510097.55,19.98,6.38,244705.06,9.58
509961.57,19.98,6.38,244836.96,9.59
509825.59,19.99,6.39,244843.18,9.6
509689.61,19.99,6.39,244757.64,9.6
509689.61,19.99,6.39,244798.76,9.6
509689.61,19.99,6.39,244798.76,9.6
509553.64,19.99,6.39,244798.31,9.6
509744.09,20.0,6.4,244798.31,9.61
509608.11,20.01,6.41,244805.14,9.61
509472.13,20.01,6.41,244832.99,9.61
509336.16,20.01,6.41,244807.51,9.62
509617.27,20.03,6.43,245669.71,9.65
509617.27,20.03,6.43,245669.71,9.65
509481.29,20.03,6.43,245275.17,9.64
509345.31,20.03,6.43,245500.87,9.65
509009.16,20.02,6.42,245168.56,9.64
508873.19,20.02,6.43,245168.56,9.65
508786.53,20.03,6.43,244430.79,9.62
508932.71,20.04,6.44,244472.41,9.62
509228.73,20.05,6.45,244472.41,9.63
509092.75,20.05,6.46,244813.41,9.64
509145.45,20.06,6.47,245066.18,9.66
509009.47,20.07,6.47,245066.31,9.66
509009.47,20.07,6.47,245066.31,9.66
508873.5,20.07,6.47,245065.73,9.66
508737.52,20.07,6.47,245065.73,9.67
508601.54,20.07,6.48,245072.2,9.67
508395.83,20.07,6.47,244895.63,9.67
508676.94,20.08,6.48,245103.28,9.68
508540.96,20.09,6.49,244889.48,9.67
508404.99,20.09,6.49,245411.53,9.7
508269.01,20.09,6.49,245274.31,9.69
508133.03,20.09,6.49,245273.86,9.7
507997.06,20.1,6.5,245273.86,9.7
507997.06,20.1,6.5,245273.86,9.7
507861.08,20.1,6.5,245295.07,9.71
507725.1,20.1,6.5,245287.37,9.71
507725.1,20.1,6.5,245287.37,9.71
507589.12,20.1,6.51,245280.15,9.71
507453.15,20.11,6.51,245558.55,9.73
507360.82,20.11,6.51,245354.86,9.72
507181.19,20.11,6.51,245273.86,9.73
507045.21,20.11,6.52,245273.42,9.73
506909.24,20.12,6.52,245273.41,9.73
506773.26,20.12,6.52,245273.41,9.74
506664.58,20.12,6.52,245164.73,9.73
506717.28,20.12,6.53,245225.15,9.74
506907.73,20.14,6.54,245200.8,9.74
506960.44,20.14,6.55,245171.2,9.74
506824.46,20.15,6.55,245867.86,9.77
506528.03,20.14,6.54,245471.62,9.76
506321.6,20.13,6.53,245357.32,9.76
506185.62,20.13,6.54,245243.32,9.76
506238.32,20.14,6.55,245243.28,9.76
506102.35,20.15,6.55,245242.87,9.76
506155.05,20.15,6.56,245242.87,9.77
506019.07,20.16,6.56,245258.19,9.77
505883.09,20.16,6.56,245243.07,9.77
505747.12,20.16,6.56,245242.87,9.78
505375.12,20.15,6.55,244863.37,9.76
505375.12,20.15,6.55,244860.18,9.76
505375.12,20.15,6.55,244860.48,9.76
505375.12,20.15,6.55,244841.07,9.76
505078.69,20.14,6.54,244592.23,9.75
504942.71,20.14,6.55,245067.24,9.78
504942.71,20.14,6.55,245088.94,9.78
505238.73,20.16,6.56,245353.78,9.79
505102.75,20.16,6.57,245353.33,9.79
504796.33,20.15,6.56,245099.43,9.79
504660.35,20.16,6.56,245099.43,9.79
504713.05,20.16,6.57,245099.43,9.79
504765.75,20.17,6.58,245144.85,9.8
504629.77,20.18,6.58,245100.37,9.8
504493.8,20.18,6.58,245124.62,9.8
504774.91,20.19,6.6,245916.54,9.84
504638.93,20.2,6.6,245855.56,9.84
504266.93,20.19,6.59,245509.26,9.83
504130.95,20.19,6.59,245508.81,9.83
503994.98,20.19,6.59,245521.81,9.84
504185.43,20.2,6.61,245519.17,9.84
504049.45,20.21,6.61,245511.57,9.84
503913.47,20.21,6.61,245666.29,9.85
503966.17,20.22,6.62,245552.4,9.85
504262.2,20.23,6.64,245706.1,9.86
503890.2,20.22,6.62,245608.43,9.86
503890.2,20.22,6.62,245608.43,9.86
503942.9,20.23,6.63,246268.5,9.89
503806.92,20.23,6.64,246274.73,9.89
503670.94,20.24,6.64,246189.19,9.89
503534.97,20.24,6.64,246188.74,9.9
503317.71,20.23,6.63,246060.77,9.89
503181.74,20.23,6.64,246060.77,9.89
503023.06,20.23,6.63,245902.09,9.89
502735.97,20.22,6.62,245603.42,9.88
502599.99,20.22,6.63,245608.83,9.88
502881.1,20.24,6.64,245713.48,9.89
502594.02,20.23,6.63,245458.32,9.88
502594.02,20.23,6.63,245458.32,9.88
502458.04,20.23,6.64,245510.64,9.89
502458.04,20.23,6.64,245510.64,9.89
502299.36,20.23,6.63,245349.82,9.88
502092.93,20.22,6.62,245256.19,9.88
501956.95,20.22,6.63,245185.3,9.88
501831.79,20.23,6.63,245662.09,9.9
501873.68,20.24,6.64,245689.35,9.91
502177.85,20.25,6.65,245688.9,9.91
502041.87,20.25,6.66,245688.9,9.91
502094.57,20.26,6.67,245709.02,9.92
501958.6,20.27,6.67,245814.96,9.92
501958.6,20.27,6.67,245814.96,9.92
501588.45,20.25,6.66,245736.26,9.92
501452.47,20.26,6.66,245688.9,9.93
501505.17,20.27,6.67,246247.17,9.95
501369.19,20.27,6.67,245931.83,9.94
501233.22,20.27,6.67,246137.65,9.95
501233.22,20.27,6.67,246137.65,9.95
501285.92,20.28,6.68,246248.73,9.96
501338.62,20.29,6.69,246384.02,9.97
501634.64,20.3,6.71,246494.21,9.98
501347.55,20.3,6.7,246246.94,9.97
501141.12,20.29,6.69,245988.12,9.96
501005.15,20.29,6.69,246230.43,9.97
500869.17,20.29,6.7,246230.57,9.98
500733.19,20.3,6.7,246229.98,9.98
500785.89,20.31,6.71,246229.98,9.98
500649.92,20.31,6.71,246236.19,9.99
500513.94,20.31,6.71,246272.95,9.99
500566.64,20.32,6.72,246234.64,10.0
500430.66,20.32,6.73,246229.98,10.0
500621.12,20.34,6.74,246931.1,10.03
500621.12,20.34,6.74,246931.1,10.03
500485.14,20.34,6.74,246931.1,10.03
500349.16,20.34,6.74,246931.1,10.04
500213.18,20.34,6.75,247049.97,10.05
500403.64,20.36,6.76,247209.93,10.06
500267.66,20.36,6.76,247209.48,10.06
500320.36,20.37,6.77,247209.48,10.06
500184.38,20.37,6.77,247209.48,10.07
500048.4,20.37,6.78,247233.58,10.07
499912.43,20.38,6.78,247238.26,10.08
499798.08,20.38,6.78,247373.25,10.09
499662.11,20.38,6.79,247373.39,10.09
499290.11,20.37,6.77,247001.58,10.08
499003.02,20.36,6.77,246692.26,10.07
498706.59,20.35,6.76,246357.86,10.05
499002.61,20.37,6.77,246357.27,10.06
499044.5,20.38,6.78,246310.14,10.06
498897.7,20.38,6.78,246572.38,10.07
498950.4,20.39,6.79,246572.38,10.08
498950.4,20.39,6.79,246572.38,10.08
498578.41,20.38,6.78,246605.16,10.08
498271.98,20.37,6.77,246346.32,10.07
498271.98,20.37,6.77,246346.32,10.07
498733.2,20.39,6.79,246320.55,10.07
498597.23,20.39,6.79,246478.87,10.08
498130.02,20.38,6.78,246436.18,10.08
498130.02,20.38,6.78,246436.18,10.08
498426.04,20.39,6.8,246422.21,10.08
498333.72,20.4,6.8,247350.4,10.13
498333.72,20.4,6.8,247350.4,10.13
498333.72,20.4,6.8,247350.4,10.13
498253.41,20.4,6.81,247223.54,10.12
498117.43,20.41,6.81,247223.33,10.13
498008.75,20.4,6.81,247114.86,10.12
498061.46,20.41,6.81,246581.68,10.11
498114.16,20.42,6.82,246341.14,10.1
498010.63,20.43,6.83,246380.37,10.11
497874.65,20.43,6.83,246380.14,10.11
497352.38,20.44,6.84,246898.31,10.15
497415.89,20.45,6.85,246772.15,10.15
497701.1,20.47,6.87,247718.06,10.19
497333.06,20.45,6.86,247326.54,10.17
497717.72,20.47,6.88,247326.09,10.17
497616.33,20.47,6.87,247326.1,10.17
497480.36,20.47,6.88,247326.11,10.18
497480.36,20.47,6.88,247326.11,10.18
497344.38,20.48,6.88,247326.25,10.18
497208.4,20.48,6.88,247564.42,10.2
497072.42,20.48,6.88,247569.19,10.2
497390.08,20.5,6.9,247476.34,10.2
497254.1,20.5,6.9,247476.34,10.2
497118.12,20.5,6.91,247476.34,10.21
497037.0,20.51,6.91,246651.06,10.18
497037.0,20.51,6.91,246651.06,10.18
497037.0,20.51,6.91,246651.06,10.18
496950.34,20.51,6.92,245914.05,10.15
496950.34,20.51,6.92,245914.05,10.15
496565.2,20.51,6.91,245423.86,10.14
496630.52,20.52,6.92,245792.84,10.15
496630.52,20.52,6.92,245792.59,10.15
496394.62,20.52,6.92,245418.33,10.14
496258.64,20.52,6.92,245418.35,10.15
496122.67,20.52,6.92,245418.46,10.15
496122.67,20.52,6.92,245418.46,10.15
496187.99,20.53,6.93,244995.19,10.14
496140.77,20.54,6.94,244851.2,10.13
496004.79,20.54,6.94,244864.75,10.14
496004.79,20.54,6.94,244868.65,10.14
495868.81,20.54,6.94,244858.56,10.14
495732.83,20.54,6.95,245002.8,10.15
495586.04,20.55,6.95,244678.04,10.14
495439.25,20.55,6.95,244484.63,10.14
495303.27,20.55,6.95,244336.79,10.14
495345.15,20.56,6.96,245438.32,10.19
495258.59,20.57,6.97,245313.56,10.19
494878.44,20.55,6.96,244906.54,10.17
494558.44,20.54,6.95,244586.54,10.16
494435.08,20.55,6.95,243970.68,10.14
494435.08,20.55,6.95,243992.94,10.14
494199.18,20.55,6.95,243673.24,10.13
494063.2,20.55,6.95,243673.37,10.13
494063.2,20.55,6.95,243651.11,10.13
494524.43,20.57,6.97,243650.52,10.13
494377.63,20.57,6.97,243692.85,10.14
494377.63,20.57,6.97,243718.65,10.14
494241.65,20.57,6.98,243761.19,10.15
493945.71,20.57,6.97,243738.82,10.15
493998.41,20.58,6.98,243732.27,10.15
493998.41,20.58,6.98,243708.95,10.15
493862.43,20.58,6.98,244391.4,10.18
494158.45,20.59,7.0,244196.65,10.18
493999.78,20.59,6.99,244037.98,10.17
493863.8,20.59,6.99,244037.53,10.18
493927.32,20.6,7.0,243832.22,10.17
494133.43,20.62,7.02,245049.3,10.22
493769.91,20.61,7.01,244636.22,10.21
493769.91,20.61,7.01,244636.22,10.21
493633.93,20.61,7.01,244636.22,10.21
493497.95,20.61,7.01,244662.63,10.22
493361.98,20.61,7.02,244925.0,10.23
493226.0,20.62,7.02,244928.81,10.24
493438.08,20.63,7.03,244883.13,10.24
493356.96,20.64,7.04,243972.08,10.21
493220.98,20.64,7.04,243949.39,10.21
493118.86,20.64,7.04,244783.21,10.24
493118.86,20.64,7.04,244807.75,10.25
493309.31,20.65,7.05,245043.38,10.26
493147.32,20.65,7.05,244348.87,10.23
492911.42,20.65,7.05,244082.64,10.23
492775.44,20.65,7.06,244072.75,10.23
492639.46,20.66,7.06,244003.33,10.23
492503.49,20.66,7.06,244002.88,10.24
492568.81,20.67,7.07,243587.82,10.22
492334.23,20.67,7.07,243610.83,10.23
492198.25,20.67,7.07,243610.83,10.23
492062.27,20.67,7.08,243618.57,10.24
491926.3,20.68,7.08,243812.79,10.25
491926.3,20.68,7.08,243800.61,10.25
491926.3,20.68,7.08,243774.95,10.25
491790.32,20.68,7.08,243592.58,10.24
491790.32,20.68,7.08,243656.15,10.25
491675.97,20.68,7.09,243747.07,10.25
491750.7,20.69,7.1,244100.28,10.27
491759.75,20.7,7.1,244013.86,10.27
491759.75,20.7,7.1,244003.0,10.27
491759.75,20.7,7.1,244003.0,10.27
491623.77,20.71,7.11,243923.69,10.27
491904.88,20.72,7.12,244338.77,10.29
491768.9,20.72,7.13,244338.32,10.3
491472.47,20.72,7.12,244076.07,10.29
491336.49,20.72,7.12,244076.07,10.29
491200.52,20.72,7.12,244078.12,10.3
491390.97,20.73,7.14,244076.23,10.3
491390.97,20.73,7.14,244076.23,10.3
491254.99,20.74,7.14,244076.07,10.3
491119.01,20.74,7.14,244524.71,10.33
490983.04,20.74,7.15,244265.99,10.32
491279.06,20.76,7.16,244730.91,10.34
491143.08,20.76,7.17,244721.01,10.35
491195.78,20.77,7.18,244814.44,10.35
491059.8,20.78,7.18,244735.13,10.35
490923.83,20.78,7.18,244735.13,10.36
490923.83,20.78,7.18,244735.16,10.36
490787.85,20.78,7.18,244741.39,10.36
490978.3,20.8,7.2,244934.69,10.37
490842.32,20.8,7.2,244934.24,10.38
490706.35,20.8,7.2,244934.24,10.38
490570.37,20.81,7.21,244938.07,10.39
490760.82,20.82,7.22,244934.55,10.39
490624.84,20.82,7.22,244934.24,10.39
490488.87,20.82,7.23,245123.13,10.41
490488.87,20.82,7.23,245123.13,10.41
490201.78,20.82,7.22,244838.05,10.4
490392.23,20.83,7.23,244969.88,10.41
490122.28,20.82,7.22,244825.1,10.4
490122.28,20.82,7.22,244847.93,10.4
489986.3,20.82,7.23,245084.89,10.42
489850.33,20.83,7.23,245084.58,10.42
489850.33,20.83,7.23,245061.75,10.42
490040.78,20.84,7.24,245061.75,10.42
490040.78,20.84,7.24,245087.47,10.42
490040.78,20.84,7.24,245087.58,10.42
490040.78,20.84,7.24,245084.86,10.42
489904.8,20.84,7.25,245085.81,10.43
489506.32,20.83,7.23,244665.74,10.41
489370.35,20.83,7.24,244969.9,10.43
489651.46,20.85,7.25,244780.1,10.42
489947.48,20.87,7.27,244664.8,10.42
489855.15,20.87,7.28,246110.38,10.49
489675.52,20.87,7.28,245866.56,10.48
489675.52,20.87,7.28,245840.92,10.48
489539.55,20.88,7.28,245840.92,10.48
489403.57,20.88,7.28,245840.92,10.49
489294.89,20.88,7.28,245732.24,10.48
489158.91,20.88,7.28,245732.24,10.49
489349.36,20.89,7.3,245732.24,10.49
489402.07,20.9,7.31,245732.24,10.5
489195.64,20.9,7.3,245573.41,10.49
489059.66,20.9,7.3,245852.57,10.51
489112.36,20.91,7.31,246092.94,10.52
488976.38,20.91,7.31,246154.98,10.53
488614.38,20.9,7.3,245800.22,10.51
488614.38,20.9,7.3,245826.17,10.52
488478.41,20.9,7.31,245746.86,10.52
488342.43,20.91,7.31,245746.86,10.52
488206.45,20.91,7.31,245753.09,10.53
488070.48,20.91,7.32,245667.55,10.53
487934.5,20.92,7.32,245588.24,10.53
487934.5,20.92,7.32,245584.25,10.53
487798.52,20.92,7.32,245584.25,10.53
487662.54,20.92,7.32,245504.94,10.53
487505.19,20.92,7.32,245346.06,10.53
487369.21,20.92,7.32,245346.06,10.53
487265.68,20.92,7.33,245155.7,10.53
486721.77,20.94,7.34,245166.78,10.55
486585.79,20.94,7.34,245087.47,10.55
486449.82,20.94,7.35,245087.47,10.55
486313.84,20.95,7.35,245077.57,10.56
486177.86,20.95,7.35,245008.16,10.56
486096.74,20.96,7.36,244411.27,10.54
486150.08,20.97,7.37,244766.82,10.56
486150.08,20.97,7.37,244749.09,10.55
485853.65,20.96,7.36,244545.41,10.55
485697.62,20.95,7.35,244390.9,10.54
486005.01,20.97,7.37,244567.11,10.55
486057.72,20.98,7.38,244678.19,10.56
486353.74,20.99,7.4,244976.76,10.57
486147.31,20.99,7.39,244772.77,10.57
485775.31,20.98,7.38,244527.21,10.56
485639.33,20.98,7.38,244517.31,10.56
485639.33,20.98,7.38,244517.31,10.56
485347.07,20.97,7.37,244185.17,10.55
485211.1,20.97,7.37,244115.76,10.55
484919.84,20.96,7.36,243830.89,10.54
484783.86,20.97,7.37,243849.33,10.55
485079.88,20.98,7.39,243819.38,10.55
484873.45,20.98,7.38,243728.32,10.54
484737.47,20.98,7.38,244157.94,10.57
484737.47,20.98,7.38,244179.64,10.57
484790.18,20.99,7.39,244356.39,10.58
484470.18,20.98,7.38,244036.39,10.57
484334.2,20.98,7.38,244035.94,10.57
484334.2,20.98,7.38,244038.15,10.57
484334.2,20.98,7.38,244038.15,10.57
484198.22,20.98,7.39,244038.15,10.58
484198.22,20.98,7.39,244038.15,10.58
484062.24,20.99,7.39,244053.7,10.58
483926.27,20.99,7.39,244218.09,10.59
483790.29,20.99,7.4,244068.43,10.59
483654.31,21.0,7.4,244044.14,10.59
483430.85,20.99,7.39,243795.52,10.59
483483.56,21.0,7.4,243833.97,10.59
483347.58,21.0,7.41,243976.94,10.6
483211.6,21.01,7.41,243919.88,10.6
483507.62,21.02,7.43,243865.63,10.6
483415.3,21.03,7.43,244466.63,10.63
483291.63,21.03,7.43,244259.11,10.63
483155.65,21.04,7.44,244258.66,10.63
483019.67,21.04,7.44,244258.66,10.64
482883.7,21.04,7.44,244259.82,10.64
482747.72,21.05,7.45,244316.61,10.65
482800.42,21.06,7.46,244268.28,10.65
482853.12,21.07,7.47,244258.79,10.66
482717.15,21.07,7.47,244258.66,10.66
482581.17,21.07,7.47,244635.99,10.68
482445.19,21.07,7.48,244556.68,10.68
482741.21,21.09,7.49,244987.81,10.7
482605.23,21.1,7.5,244965.13,10.71
482605.23,21.1,7.5,244965.13,10.71
482187.27,21.08,7.48,244547.17,10.69
482051.3,21.08,7.49,244490.54,10.69
481915.32,21.09,7.49,244404.2,10.69
481779.34,21.09,7.49,244404.2,10.7
481779.34,21.09,7.49,244404.2,10.7
481969.79,21.11,7.51,244471.83,10.71
481833.82,21.11,7.51,244603.72,10.72
481886.52,21.12,7.52,244070.55,10.7
481750.54,21.12,7.52,243739.46,10.69
481378.54,21.11,7.51,243368.33,10.67
481242.57,21.11,7.52,243367.88,10.68
481306.08,21.12,7.53,243323.11,10.68
481159.29,21.13,7.53,243623.09,10.7
481023.31,21.13,7.53,243623.09,10.7
480774.96,21.12,7.52,243387.93,10.69
481070.98,21.14,7.54,243401.41,10.7
481123.68,21.15,7.55,243390.62,10.7
481123.68,21.15,7.55,243413.53,10.7
480987.7,21.15,7.55,243495.22,10.71
480851.73,21.16,7.56,243473.23,10.71
480851.73,21.16,7.56,243457.41,10.71
480479.73,21.14,7.55,243397.2,10.71
480354.57,21.15,7.55,243844.31,10.73
480207.77,21.15,7.55,243637.33,10.73
480071.8,21.15,7.56,243643.56,10.74
480367.82,21.17,7.57,243917.95,10.75
480231.84,21.17,7.58,243838.54,10.75
479859.84,21.16,7.56,243538.61,10.74
480155.86,21.18,7.58,243517.99,10.74
480073.97,21.19,7.59,246739.89,10.89
479937.99,21.19,7.59,246739.58,10.89
479791.2,21.19,7.59,245399.14,10.84
479494.77,21.18,7.58,245150.31,10.83
479444.77,21.18,7.58,245100.31,10.83
479391.29,21.18,7.58,243841.45,10.77
479581.74,21.2,7.6,243841.45,10.78
479877.77,21.21,7.62,243919.73,10.78
480121.8,21.23,7.63,243848.83,10.78
479781.79,21.22,7.62,244032.82,10.79
479645.81,21.22,7.62,244030.77,10.8
479509.83,21.22,7.63,244005.15,10.8
479169.47,21.21,7.62,244693.01,10.83
479465.49,21.23,7.63,244692.57,10.84
479103.49,21.22,7.62,244692.57,10.84
478967.51,21.22,7.63,244731.52,10.84
479200.73,21.24,7.64,244088.37,10.82
479485.94,21.26,7.66,245189.17,10.87
479167.5,21.25,7.65,244809.96,10.86
479167.5,21.25,7.65,244809.96,10.86
479031.52,21.25,7.65,244807.23,10.86
479393.21,21.27,7.67,245193.9,10.88
479445.91,21.28,7.68,244979.36,10.87
479395.91,21.28,7.68,244929.36,10.87
479259.94,21.28,7.68,244829.67,10.87
479123.96,21.28,7.69,244750.36,10.87
478987.98,21.29,7.69,244750.36,10.88
478716.03,21.29,7.7,244750.94,10.89
478484.41,21.29,7.69,245966.39,10.94
478361.05,21.29,7.7,245338.44,10.92
478313.83,21.3,7.7,245252.88,10.92
478366.53,21.31,7.71,245251.92,10.92
478419.23,21.32,7.72,245255.44,10.93
478471.93,21.33,7.73,245251.85,10.93
478335.96,21.33,7.73,245619.1,10.95
478335.96,21.33,7.73,245743.73,10.96
478388.66,21.34,7.74,246003.15,10.97
478388.66,21.34,7.74,246021.9,10.98
478252.68,21.35,7.75,246046.6,10.98
478443.13,21.36,7.76,246109.62,10.99
478236.7,21.35,7.76,246184.89,10.99
478100.73,21.36,7.76,246080.25,10.99
478100.73,21.36,7.76,246080.25,10.99
478561.95,21.38,7.78,246079.8,10.99
478614.65,21.39,7.79,246079.8,11.0
478478.68,21.39,7.8,246080.04,11.0
478342.7,21.4,7.8,246120.52,11.01
478395.4,21.41,7.81,246092.96,11.01
478259.42,21.41,7.81,246098.14,11.02
477963.48,21.4,7.8,246082.45,11.02
477827.5,21.4,7.81,246879.61,11.06
478071.54,21.42,7.82,246990.85,11.07
478071.54,21.42,7.82,246990.85,11.07
477935.56,21.42,7.83,246990.4,11.07
477988.26,21.43,7.84,246990.4,11.08
478292.43,21.45,7.86,247014.16,11.08
478156.46,21.46,7.86,247010.99,11.08
478209.16,21.47,7.87,246997.45,11.09
477937.2,21.47,7.88,247693.08,11.13
477801.22,21.48,7.88,247657.92,11.13
477665.25,21.48,7.88,247648.02,11.14
477665.25,21.48,7.88,247648.02,11.14
477529.27,21.48,7.89,247578.6,11.14
477393.29,21.49,7.89,247568.71,11.14
477257.32,21.49,7.89,247499.29,11.15
477121.34,21.5,7.9,247498.84,11.15
476985.36,21.5,7.9,247498.84,11.16
476695.35,21.49,7.89,247360.74,11.15
476325.2,21.48,7.88,247140.33,11.14
476189.22,21.48,7.88,247212.43,11.15
476254.54,21.49,7.89,246789.16,11.14
476254.54,21.49,7.89,246789.16,11.14
476207.32,21.5,7.9,246645.17,11.13
476503.34,21.51,7.92,246609.39,11.13
476131.34,21.5,7.9,246724.68,11.14
475910.08,21.49,7.9,246484.81,11.13
476206.11,21.51,7.91,246594.99,11.14
476206.11,21.51,7.91,246594.99,11.14
476070.13,21.52,7.92,246765.43,11.15
474982.31,21.54,7.95,246764.98,11.19
475172.76,21.56,7.96,246828.0,11.2
475036.78,21.56,7.97,246957.47,11.21
475036.78,21.56,7.97,246993.21,11.21
475089.49,21.57,7.98,248004.11,11.26
474953.51,21.58,7.98,248004.11,11.27
474796.15,21.57,7.97,247847.17,11.26
474870.49,21.58,7.99,247266.78,11.24
474912.37,21.59,8.0,247029.85,11.23
474540.37,21.58,7.98,246729.92,11.22
474852.06,21.6,8.0,247360.56,11.25
474904.76,21.61,8.01,247360.56,11.26
474957.46,21.62,8.02,247360.56,11.26
474821.48,21.62,8.03,247360.72,11.27
474685.5,21.63,8.03,247361.1,11.27
474435.57,21.62,8.02,247224.16,11.27
474299.59,21.62,8.03,247225.3,11.27
474163.61,21.63,8.03,247651.53,11.3
474459.63,21.64,8.05,247946.13,11.31
474323.66,21.65,8.05,247945.68,11.32
474376.36,21.66,8.06,247945.68,11.32
474240.38,21.66,8.06,247945.68,11.33
474104.4,21.67,8.07,247966.31,11.33
473968.43,21.67,8.07,247950.4,11.34
473832.45,21.67,8.08,247946.54,11.34
474113.56,21.69,8.09,248544.61,11.37
473977.58,21.7,8.1,248475.75,11.37
473977.58,21.7,8.1,248475.75,11.37
473671.15,21.68,8.09,248216.91,11.36
473535.17,21.69,8.09,248137.6,11.36
473535.17,21.69,8.09,248137.6,11.36
473248.09,21.68,8.08,247925.3,11.36
473248.09,21.68,8.08,247925.3,11.36
472876.09,21.67,8.07,247579.9,11.34
473180.26,21.68,8.09,248020.62,11.37
473044.28,21.69,8.09,248020.17,11.37
472908.31,21.69,8.09,248020.17,11.38
472769.41,21.69,8.09,247838.56,11.37
472633.44,21.69,8.09,247838.56,11.37
472497.46,21.7,8.1,247855.7,11.38
472793.48,21.71,8.12,247846.17,11.38
472657.5,21.72,8.12,247838.56,11.39
472521.53,21.72,8.12,248255.67,11.41
472298.07,21.71,8.12,247987.17,11.4
472162.09,21.72,8.12,248045.62,11.41
472026.11,21.72,8.12,248045.41,11.41
471890.14,21.73,8.13,248045.17,11.42
471754.16,21.73,8.13,248335.13,11.44
471754.16,21.73,8.13,248335.13,11.44
471618.18,21.73,8.14,248308.09,11.44
471482.2,21.74,8.14,248307.88,11.45
471346.23,21.74,8.14,248307.64,11.45
471210.25,21.74,8.15,248307.67,11.46
471074.27,21.75,8.15,248314.16,11.46
470938.29,21.75,8.15,248503.13,11.48
470938.29,21.75,8.15,248482.64,11.48
470802.32,21.76,8.16,248361.83,11.48
471106.49,21.77,8.18,248361.38,11.48
471340.59,21.79,8.19,248867.4,11.51
471164.21,21.79,8.2,248616.37,11.5
471229.53,21.8,8.21,248193.11,11.48
470859.38,21.79,8.19,248193.11,11.49
470624.8,21.79,8.19,247870.81,11.48
470928.97,21.81,8.21,247890.47,11.48
470558.82,21.8,8.2,247883.12,11.48
470558.82,21.8,8.2,247883.32,11.48
470854.84,21.82,8.22,247871.01,11.48
470718.87,21.82,8.22,247871.01,11.49
470582.89,21.82,8.23,249438.04,11.57
470038.98,21.84,8.24,249449.12,11.59
469903.0,21.84,8.25,249437.87,11.59
469767.03,21.85,8.25,249624.88,11.61
469631.05,21.85,8.25,249554.33,11.61
469527.52,21.86,8.26,249446.82,11.61
469527.52,21.86,8.26,249455.69,11.61
469418.84,21.85,8.25,249347.63,11.61
469282.86,21.86,8.26,249230.9,11.61
469146.89,21.86,8.26,249230.45,11.61
468905.84,21.85,8.26,249086.06,11.61
468747.16,21.85,8.25,248920.89,11.6
469051.34,21.87,8.27,248920.89,11.6
469051.34,21.87,8.27,248931.29,11.6
468915.36,21.87,8.27,248931.47,11.61
468760.64,21.86,8.27,248777.8,11.6
468624.67,21.87,8.27,248830.14,11.61
468488.69,21.87,8.27,249061.44,11.63
468352.71,21.88,8.28,248941.87,11.63
468227.55,21.88,8.28,248865.51,11.63
468107.74,21.89,8.29,249266.64,11.65
467971.76,21.89,8.29,249187.33,11.66
468013.64,21.9,8.3,249963.23,11.7
468088.36,21.91,8.31,249638.75,11.69
467908.74,21.91,8.32,249409.28,11.68
467908.74,21.91,8.32,249409.28,11.68
467961.44,21.92,8.33,249594.99,11.69
468257.46,21.94,8.34,249594.99,11.7
468036.2,21.93,8.34,249415.89,11.69
467900.22,21.94,8.34,249415.89,11.69
467952.92,21.95,8.35,249415.89,11.7
467816.95,21.95,8.36,250025.94,11.73
467680.97,21.96,8.36,249946.63,11.73
467431.09,21.95,8.35,249674.86,11.72
467295.12,21.95,8.35,249674.86,11.73
467485.57,21.97,8.37,249737.88,11.74
467485.57,21.97,8.37,249737.88,11.74
467349.59,21.97,8.37,249910.73,11.75
467213.61,21.98,8.38,249831.42,11.75
467077.64,21.98,8.38,249831.42,11.76
467077.64,21.98,8.38,249831.42,11.76
467130.34,21.99,8.39,249831.38,11.76
467039.3,22.0,8.4,248745.28,11.72
467229.75,22.01,8.41,248744.87,11.72
467093.77,22.02,8.42,248816.19,11.73
467284.23,22.03,8.43,248768.11,11.73
467077.8,22.02,8.43,248565.89,11.72
466941.82,22.03,8.43,248542.65,11.73
466569.82,22.02,8.42,248146.86,11.71
466569.82,22.02,8.42,248146.86,11.71
466433.84,22.02,8.42,249309.75,11.77
466297.87,22.02,8.43,249315.98,11.78
466161.89,22.03,8.43,249230.44,11.78
466538.31,22.05,8.45,248349.72,11.74
466422.99,22.05,8.46,249519.85,11.8
466287.02,22.06,8.46,249519.98,11.8
466151.04,22.06,8.47,249519.4,11.81
466015.06,22.07,8.47,249519.4,11.82
465940.46,22.07,8.47,249367.1,11.81
465804.49,22.07,8.47,249431.8,11.82
465804.49,22.07,8.47,249431.8,11.82
465668.51,22.07,8.48,249407.73,11.82
465668.51,22.07,8.48,249407.73,11.82
465912.55,22.09,8.49,249367.11,11.82
465776.57,22.1,8.5,249826.88,11.85
465640.59,22.1,8.5,249722.91,11.85
465504.61,22.1,8.51,249722.61,11.86
465368.64,22.11,8.51,249722.6,11.86
465232.66,22.11,8.51,249728.36,11.87
465096.68,22.12,8.52,249726.6,11.87
465096.68,22.12,8.52,249726.63,11.87
464960.7,22.12,8.52,250188.89,11.9
464824.73,22.12,8.53,249857.43,11.89
464688.75,22.13,8.53,249759.98,11.89
464552.77,22.13,8.53,249722.63,11.9
464416.8,22.14,8.54,249722.63,11.9
464280.82,22.14,8.54,249722.63,11.91
464144.84,22.14,8.55,249723.13,11.91
464440.86,22.16,8.57,249722.63,11.92
464304.88,22.17,8.57,249722.63,11.92
464495.34,22.18,8.59,250011.7,11.94
464739.37,22.2,8.6,249956.73,11.94
464367.37,22.19,8.59,250486.26,11.97
464231.4,22.19,8.59,250401.78,11.97
464284.1,22.2,8.61,250401.74,11.97
464148.12,22.21,8.61,250401.33,11.98
464012.14,22.21,8.61,250412.53,11.99
463876.17,22.22,8.62,250416.83,11.99
463928.87,22.23,8.63,250402.69,12.0
463792.89,22.23,8.63,250406.0,12.0
463792.89,22.23,8.63,250406.0,12.0
463667.73,22.24,8.64,250978.06,12.04
462579.91,22.27,8.67,250978.06,12.08
462433.12,22.27,8.67,250769.64,12.08
462433.12,22.27,8.67,250769.64,12.08
462297.14,22.28,8.68,250759.74,12.08
462161.16,22.28,8.68,250690.32,12.09
461914.73,22.27,8.67,250437.67,12.08
461778.75,22.28,8.68,250358.36,12.08
461778.75,22.28,8.68,250358.36,12.08
461778.75,22.28,8.68,250408.03,12.08
461642.78,22.28,8.68,250408.03,12.09
461642.78,22.28,8.68,250404.67,12.09
461506.8,22.28,8.69,250404.22,12.09
461370.82,22.29,8.69,250404.22,12.1
461234.85,22.29,8.7,250480.37,12.11
461098.87,22.3,8.7,250404.24,12.11
460962.89,22.3,8.7,250406.89,12.11
460848.55,22.31,8.71,250965.17,12.15
460712.57,22.31,8.71,250955.27,12.15
460576.59,22.32,8.72,250885.86,12.16
460276.58,22.3,8.71,250610.04,12.14
460173.05,22.31,8.71,250703.97,12.15
460037.07,22.31,8.72,250704.11,12.16
459890.28,22.32,8.72,250309.21,12.15
459932.16,22.33,8.73,250317.49,12.15
459796.19,22.33,8.74,250316.9,12.16
460092.21,22.35,8.75,250316.9,12.16
460092.21,22.35,8.75,250316.9,12.16
459956.23,22.36,8.76,250429.61,12.17
459820.25,22.36,8.76,250324.55,12.17
459820.25,22.36,8.76,250338.03,12.17
459448.26,22.35,8.75,250444.65,12.18
459744.28,22.37,8.77,250444.2,12.18
459744.28,22.37,8.77,250486.02,12.19
459372.28,22.35,8.76,250486.02,12.19
459424.98,22.37,8.77,250506.39,12.2
459721.0,22.39,8.79,250584.53,12.2
459349.0,22.37,8.77,250530.09,12.2
459267.88,22.38,8.78,249647.21,12.16
459321.22,22.39,8.79,249642.72,12.17
459321.22,22.39,8.79,249642.72,12.17
459628.62,22.41,8.81,250180.68,12.2
459503.46,22.42,8.82,250484.72,12.22
459207.03,22.4,8.81,250278.42,12.21
459060.24,22.41,8.81,250082.05,12.21
459356.26,22.43,8.83,250058.35,12.21
459220.28,22.43,8.83,250058.35,12.22
458891.55,22.42,8.82,252526.57,12.34
458755.57,22.43,8.83,252526.7,12.34
459051.59,22.45,8.85,252526.12,12.35
458841.92,22.44,8.84,252316.44,12.34
458705.94,22.44,8.84,252332.15,12.35
458705.94,22.44,8.84,252360.64,12.35
458569.96,22.45,8.85,252355.93,12.35
458433.99,22.45,8.85,252595.02,12.37
458298.01,22.46,8.86,252439.41,12.37
458542.04,22.47,8.88,253163.97,12.41
458406.07,22.48,8.88,253127.63,12.41
458116.05,22.47,8.87,252834.79,12.4
458168.75,22.48,8.88,252755.48,12.4
458032.78,22.48,8.89,252940.85,12.42
457660.78,22.47,8.87,252582.58,12.4
457524.8,22.47,8.88,252588.81,12.41
457388.82,22.48,8.88,252503.27,12.41
457388.82,22.48,8.88,252503.27,12.41
457684.85,22.5,8.9,252502.82,12.41
457312.85,22.49,8.89,252502.82,12.42
457312.85,22.49,8.89,252502.82,12.42
457365.55,22.5,8.9,252528.28,12.42
457418.25,22.51,8.91,252510.96,12.43
457714.27,22.53,8.93,252502.82,12.43
457714.27,22.53,8.93,252502.82,12.43
457578.29,22.53,8.93,252735.52,12.45
457578.29,22.53,8.93,252735.52,12.45
457206.3,22.52,8.92,252636.05,12.44
457070.32,22.52,8.93,252596.18,12.45
457070.32,22.52,8.93,252596.18,12.45
457070.32,22.52,8.93,252596.18,12.45
457123.02,22.54,8.94,253329.6,12.49
457313.47,22.55,8.95,253448.01,12.5
457177.49,22.56,8.96,253454.24,12.51
457041.52,22.56,8.96,253368.7,12.51
457337.54,22.58,8.98,253368.25,12.51
457201.56,22.59,8.99,253368.25,12.52
457065.58,22.59,8.99,253370.39,12.52
457065.58,22.59,8.99,253370.39,12.52
456693.58,22.58,8.98,253387.8,12.53
456746.29,22.59,8.99,253382.01,12.53
456610.31,22.59,8.99,253405.86,12.54
456610.31,22.59,8.99,253405.86,12.54
456474.33,22.6,9.0,253619.49,12.56
456338.35,22.6,9.0,253474.59,12.55
456202.38,22.61,9.01,253616.22,12.57
456202.38,22.61,9.01,253616.22,12.57
456066.4,22.61,9.01,253615.77,12.57
455930.42,22.62,9.02,253615.77,12.58
455640.41,22.6,9.01,253341.34,12.57
455504.43,22.61,9.01,253631.3,12.59
455504.43,22.61,9.01,253631.3,12.59
455368.45,22.61,9.02,253490.65,12.59
455421.16,22.62,9.03,253341.34,12.59
455421.16,22.62,9.03,253341.34,12.59
455285.18,22.63,9.03,253341.34,12.59
455589.35,22.65,9.05,253954.89,12.63
455480.35,22.66,9.06,253955.44,12.63
455344.38,22.66,9.06,253955.58,12.64
455208.4,22.66,9.07,253954.99,12.64
455208.4,22.66,9.07,253954.99,12.64
455208.4,22.66,9.07,253954.99,12.64
455072.42,22.67,9.07,253954.99,12.65
455262.87,22.69,9.09,254170.56,12.67
455126.9,22.69,9.09,254016.3,12.66
454990.92,22.69,9.1,253957.34,12.67
454595.11,22.68,9.08,253603.24,12.65
454459.13,22.69,9.09,254013.12,12.68
454511.83,22.7,9.1,254090.72,12.69
454702.29,22.71,9.12,254045.68,12.69
454485.03,22.71,9.11,253828.43,12.68
454349.06,22.71,9.11,253667.67,12.68
454223.9,22.72,9.12,254157.55,12.71
454077.1,22.72,9.12,253985.77,12.71
453918.42,22.71,9.12,253831.61,12.7
453782.45,22.72,9.12,253831.16,12.71
453972.9,22.73,9.14,253831.16,12.71
453972.9,22.73,9.14,253831.16,12.71
454025.6,22.75,9.15,253831.16,12.72
454321.62,22.77,9.17,253831.19,12.72
454185.64,22.77,9.17,253861.19,12.73
454049.67,22.78,9.18,253946.09,12.74
453913.69,22.78,9.18,253893.19,12.74
453777.71,22.78,9.19,254788.87,12.79
453481.28,22.77,9.18,254562.54,12.78
453345.31,22.78,9.18,254483.23,12.79
453398.01,22.79,9.19,254668.26,12.8
453262.03,22.79,9.2,254667.81,12.81
453126.05,22.8,9.2,254667.81,12.81
452990.07,22.8,9.21,254767.77,12.83
452618.08,22.79,9.19,254355.37,12.81
452482.1,22.8,9.2,254313.36,12.81
452346.12,22.8,9.2,254444.7,12.83
452149.69,22.79,9.19,254272.41,12.82
452445.71,22.81,9.22,254271.96,12.82
452073.71,22.8,9.2,254271.96,12.82
452377.89,22.82,9.22,254302.22,12.83
452377.89,22.82,9.22,254302.22,12.83
452241.91,22.82,9.23,254273.74,12.83
452127.57,22.83,9.23,254189.27,12.84
452127.57,22.83,9.23,254189.27,12.84
452397.86,22.85,9.25,254706.89,12.87
452584.91,22.87,9.27,254833.34,12.88
452637.61,22.88,9.28,254831.56,12.88
452501.64,22.88,9.29,255690.09,12.93
452141.49,22.87,9.27,255164.58,12.91
452005.51,22.88,9.28,255164.72,12.91
451869.53,22.88,9.28,255164.13,12.92
451710.85,22.87,9.28,255005.45,12.91
451710.85,22.87,9.28,255005.45,12.91
451785.19,22.89,9.29,254793.79,12.91
451638.39,22.89,9.29,255385.39,12.94
451931.75,22.91,9.31,255461.22,12.95
451984.45,22.92,9.33,255461.22,12.96
451848.47,22.93,9.33,255469.82,12.96
451712.5,22.93,9.34,255528.46,12.97
451765.2,22.95,9.35,255514.71,12.98
451629.22,22.95,9.35,255954.74,13.01
451332.79,22.94,9.34,255666.65,12.99
451196.81,22.94,9.35,255518.86,12.99
451060.84,22.95,9.35,255518.41,13.0
451251.29,22.97,9.37,255518.41,13.0
451115.31,22.97,9.37,255541.11,13.01
450979.33,22.98,9.38,255552.25,13.02
450843.36,22.98,9.38,255573.45,13.03
450546.93,22.97,9.37,255306.2,13.02
450176.78,22.96,9.36,255106.3,13.01
450229.48,22.97,9.37,255107.46,13.01
450282.18,22.98,9.38,255782.18,13.05
450334.88,22.99,9.39,255920.54,13.07
450387.58,23.0,9.41,256031.62,13.08
450387.58,23.0,9.41,256031.62,13.08
450206.65,23.0,9.4,255852.71,13.07
450070.67,23.0,9.4,255825.16,13.07
450366.69,23.02,9.43,255824.71,13.08
450366.69,23.02,9.43,255824.71,13.08
450263.17,23.03,9.43,255841.43,13.09
450127.19,23.03,9.44,255841.43,13.09
450317.64,23.05,9.45,255843.98,13.1
450021.21,23.04,9.44,255570.73,13.08
450086.53,23.05,9.46,255147.47,13.07
449950.55,23.06,9.46,255389.44,13.09
449950.55,23.06,9.46,255389.44,13.09
449714.65,23.06,9.46,255061.29,13.08
449779.97,23.07,9.47,254638.03,13.06
449544.07,23.07,9.47,254309.88,13.05
449408.1,23.08,9.48,254217.36,13.05
449408.1,23.08,9.48,254217.36,13.05
449272.12,23.08,9.48,254216.91,13.06
449136.14,23.09,9.49,254219.57,13.07
449000.16,23.09,9.49,254223.7,13.07
448864.19,23.1,9.5,254607.46,13.1
448567.76,23.08,9.49,254594.95,13.1
448642.09,23.1,9.5,255698.3,13.16
448572.9,23.1,9.5,255353.87,13.15
448436.92,23.1,9.5,255088.91,13.14
448300.94,23.11,9.51,255089.05,13.15
448353.64,23.12,9.52,255169.61,13.16
448649.66,23.14,9.54,255169.03,13.16
448568.54,23.15,9.55,254338.82,13.13
448432.56,23.15,9.56,254338.82,13.13
448209.11,23.15,9.55,254427.84,13.14
448116.78,23.15,9.55,254318.06,13.14
448433.3,23.17,9.58,254924.03,13.17
448297.32,23.18,9.58,254835.01,13.18
448193.79,23.19,9.59,256449.84,13.27
448070.44,23.19,9.59,256659.57,13.28
448070.44,23.19,9.59,256672.92,13.29
447834.54,23.19,9.59,256301.21,13.27
447698.56,23.2,9.6,256221.9,13.28
447994.58,23.22,9.62,256652.89,13.3
447858.6,23.22,9.62,256652.68,13.31
448049.05,23.24,9.64,256652.44,13.31
448101.76,23.25,9.66,256723.76,13.32
448020.63,23.26,9.66,255862.93,13.28
448020.63,23.26,9.66,255862.93,13.28
448020.63,23.26,9.66,255862.93,13.28
447884.66,23.27,9.67,255807.18,13.29
447949.98,23.28,9.68,255307.42,13.27
447902.76,23.29,9.69,255642.04,13.29
447582.76,23.27,9.68,255322.04,13.28
447446.78,23.28,9.68,255306.6,13.28
447446.78,23.28,9.68,255306.6,13.28
447084.78,23.27,9.67,254945.6,13.27
447084.78,23.27,9.67,254945.6,13.27
446948.8,23.27,9.67,255308.82,13.29
447244.82,23.29,9.69,255509.96,13.31
447297.53,23.3,9.71,255801.16,13.33
447161.55,23.31,9.71,255801.16,13.33
447214.25,23.32,9.72,255801.16,13.34
447078.27,23.33,9.73,255801.16,13.35
446942.29,23.33,9.73,255802.09,13.35
446942.29,23.33,9.73,255802.09,13.35
446806.32,23.34,9.74,255807.03,13.36
446670.34,23.34,9.74,255802.06,13.37
446670.34,23.34,9.74,255802.06,13.37
446534.36,23.35,9.75,256065.67,13.39
446398.39,23.35,9.75,255964.01,13.39
446262.41,23.36,9.76,255884.7,13.39
446262.41,23.36,9.76,255884.7,13.39
446262.41,23.36,9.76,255884.7,13.39
446126.43,23.36,9.76,255884.7,13.4
445938.43,23.36,9.77,257514.8,13.49
445938.43,23.36,9.77,257532.76,13.49
445802.45,23.37,9.77,257532.89,13.5
445992.91,23.39,9.79,257532.31,13.5
445856.93,23.39,9.8,257579.32,13.51
445720.95,23.4,9.8,257584.88,13.52
445584.97,23.4,9.81,257537.68,13.53
445449.0,23.41,9.81,258123.09,13.56
445449.0,23.41,9.81,258123.09,13.56
445313.02,23.41,9.82,257829.25,13.56
445177.04,23.42,9.82,257861.93,13.56
445041.06,23.42,9.83,257839.24,13.57
445093.77,23.44,9.84,257945.46,13.58
445093.77,23.44,9.84,257945.46,13.58
444957.79,23.44,9.84,257867.5,13.59
445010.49,23.45,9.86,258051.86,13.6
444874.51,23.46,9.86,258051.41,13.61
444738.54,23.46,9.87,258051.41,13.62
444602.56,23.47,9.87,258534.3,13.65
444466.58,23.48,9.88,258269.58,13.64
444181.75,23.46,9.87,257967.23,13.63
444045.78,23.47,9.87,257864.38,13.63
444120.11,23.48,9.89,258414.29,13.66
443984.13,23.49,9.89,258414.42,13.67
443848.15,23.49,9.9,258413.84,13.68
443712.18,23.5,9.9,258413.84,13.69
443576.2,23.5,9.91,258415.56,13.69
443440.22,23.51,9.91,258415.8,13.7
443304.25,23.51,9.92,258730.36,13.72
443007.82,23.5,9.91,258712.1,13.73
441920.0,23.55,9.95,258711.65,13.78
441548.0,23.53,9.93,258316.07,13.77
441351.57,23.52,9.93,258116.44,13.76
441215.59,23.53,9.93,258037.13,13.76
440127.77,23.57,9.97,258036.68,13.82
440035.45,23.58,9.98,257811.21,13.81
438947.63,23.62,10.02,257810.76,13.87
438768.0,23.63,10.03,257719.71,13.88
438632.02,23.63,10.03,257719.71,13.88
439005.87,23.65,10.06,257639.76,13.88
438902.34,23.66,10.06,257789.19,13.9
438902.34,23.66,10.06,257789.19,13.9
438810.27,23.67,10.07,257919.32,13.91
438446.23,23.66,10.06,257603.92,13.9
438742.25,23.68,10.08,257714.11,13.91
438370.25,23.66,10.07,257524.61,13.9
438412.14,23.68,10.08,257274.85,13.89
438276.16,23.68,10.08,257334.85,13.91
438140.18,23.69,10.09,257334.4,13.91
438450.07,23.71,10.11,258092.55,13.96
438459.12,23.72,10.12,258029.2,13.96
438323.14,23.73,10.13,258029.19,13.97
438187.17,23.73,10.13,258029.19,13.98
438063.81,23.74,10.14,257323.39,13.94
438016.59,23.75,10.15,257282.31,13.95
437880.61,23.75,10.15,257405.82,13.96
438071.06,23.77,10.17,257294.18,13.96
438261.51,23.79,10.19,258291.46,14.02
438125.54,23.8,10.2,258291.62,14.03
438000.37,23.8,10.2,257920.87,14.02
437853.58,23.81,10.21,257918.65,14.02
437717.6,23.81,10.21,257918.18,14.03
437346.4,23.8,10.2,257547.92,14.01
437210.42,23.8,10.21,257547.92,14.02
437074.44,23.81,10.21,257724.74,14.04
437127.15,23.82,10.22,257604.48,14.04
437127.15,23.82,10.22,257604.48,14.04
436833.96,23.81,10.21,257331.9,14.03
436534.29,23.8,10.2,257028.29,14.01
436778.32,23.82,10.22,256971.75,14.01
436586.99,23.81,10.21,256972.79,14.02
436451.01,23.82,10.22,257517.29,14.05
436904.58,23.84,10.25,257999.33,14.08
436768.6,23.85,10.25,257998.89,14.09
436632.63,23.86,10.26,257998.88,14.1
436632.63,23.86,10.26,257998.88,14.1
436496.65,23.86,10.26,258002.43,14.1
436360.67,23.87,10.27,258039.79,14.11
436224.69,23.87,10.28,258002.89,14.12
436088.72,23.88,10.28,258282.64,14.14
436141.42,23.89,10.29,258266.08,14.15
436005.44,23.9,10.3,258187.56,14.15
435869.46,23.9,10.31,258187.11,14.16
435687.73,23.9,10.3,257956.23,14.15
435740.44,23.91,10.31,257956.23,14.16
435793.14,23.92,10.33,257956.23,14.16
435657.16,23.93,10.33,257961.21,14.17
435657.16,23.93,10.33,257961.21,14.17
435521.18,23.94,10.34,257962.31,14.18
435817.2,23.96,10.36,257956.23,14.18
435869.91,23.97,10.37,258823.78,14.23
435497.91,23.96,10.36,258456.22,14.22
435361.93,23.96,10.37,258585.12,14.23
435074.11,23.95,10.35,258284.93,14.22
435126.81,23.97,10.37,258396.01,14.23
435179.51,23.98,10.38,258531.3,14.25
435020.84,23.97,10.37,258381.47,14.24
434884.86,23.98,10.38,258302.16,14.24
435075.31,24.0,10.4,258621.93,14.26
434868.88,23.99,10.39,258422.16,14.26
435253.54,24.01,10.42,258523.83,14.26
435117.57,24.02,10.42,258771.02,14.29
435014.01,24.02,10.42,258757.92,14.29
435066.72,24.03,10.43,258757.92,14.29
434930.74,24.04,10.44,258757.92,14.3
434794.76,24.04,10.44,259021.35,14.32
435090.78,24.07,10.47,259289.19,14.34
434954.8,24.07,10.47,259288.74,14.35
434582.81,24.06,10.46,259001.23,14.34
434446.83,24.06,10.46,259001.23,14.35
434446.83,24.06,10.46,259001.23,14.35
434310.85,24.07,10.47,259111.44,14.36
433223.03,24.11,10.52,259110.99,14.42
433087.06,24.12,10.52,259011.42,14.43
433087.06,24.12,10.52,259011.63,14.43
433391.23,24.14,10.55,259000.98,14.43
433021.08,24.13,10.53,259315.69,14.45
432885.1,24.14,10.54,259145.6,14.45
432691.53,24.13,10.53,258922.76,14.44
432555.55,24.13,10.54,258922.76,14.45
432555.55,24.13,10.54,258922.76,14.45
432619.07,24.15,10.55,258838.82,14.45
432619.07,24.15,10.55,258890.5,14.45
432472.27,24.15,10.56,259087.97,14.47
432524.98,24.17,10.57,259087.97,14.48
432389.0,24.17,10.58,259088.26,14.48
432253.02,24.18,10.58,259087.97,14.49
432117.04,24.18,10.59,259087.97,14.5
432117.04,24.18,10.59,259087.97,14.5
431981.07,24.19,10.59,259236.22,14.52
432365.73,24.22,10.62,259338.27,14.53
432053.63,24.21,10.61,259087.97,14.52
431917.65,24.21,10.61,259479.4,14.55
431781.67,24.22,10.62,259485.63,14.55
431645.7,24.22,10.63,259400.09,14.56
431509.72,24.23,10.63,259399.64,14.57
431894.38,24.26,10.66,259399.64,14.57
431947.08,24.27,10.67,259424.65,14.58
431811.1,24.28,10.68,259408.34,14.58
431499.01,24.26,10.67,259399.64,14.59
431363.03,24.27,10.67,259706.4,14.61
431415.73,24.28,10.69,259613.3,14.61
431468.43,24.3,10.7,259791.07,14.63
431468.43,24.3,10.7,259791.07,14.63
431332.45,24.3,10.71,260097.28,14.66
431332.45,24.3,10.71,260097.28,14.66
431196.48,24.31,10.71,260097.42,14.66
431060.5,24.32,10.72,260096.83,14.67
431113.2,24.33,10.73,260096.83,14.68
430977.22,24.34,10.74,260136.06,14.69
430977.22,24.34,10.74,260136.06,14.69
430763.71,24.33,10.73,259953.82,14.68
430627.73,24.33,10.74,260010.0,14.69
431012.39,24.36,10.76,259914.59,14.69
430876.42,24.37,10.77,260632.44,14.74
430740.44,24.37,10.77,260559.98,14.74
430604.46,24.38,10.78,260559.53,14.75
430422.92,24.37,10.77,260448.64,14.75
430286.94,24.38,10.78,260448.64,14.76
430150.96,24.38,10.79,260464.19,14.77
430014.98,24.39,10.79,260454.04,14.77
430380.59,24.42,10.82,260448.64,14.78
429919.01,24.4,10.8,260771.26,14.8
429783.03,24.4,10.81,260678.48,14.8
430087.2,24.43,10.83,260937.56,14.82
430087.2,24.43,10.83,260937.56,14.82
429951.22,24.43,10.84,260996.87,14.83
430016.55,24.45,10.85,260573.61,14.82
429781.97,24.45,10.85,260251.31,14.81
429645.99,24.46,10.86,260228.62,14.81
429423.09,24.45,10.85,260043.73,14.8
429423.09,24.45,10.85,260048.26,14.8
429299.73,24.45,10.86,259432.39,14.78
429252.51,24.46,10.87,259296.85,14.78
429567.5,24.49,10.89,259143.09,14.77
429284.48,24.48,10.88,259540.58,14.8
429410.56,24.49,10.9,259537.0,14.8
429274.58,24.5,10.9,259480.38,14.81
429570.6,24.52,10.93,259479.93,14.81
429434.62,24.53,10.93,259479.93,14.82
429434.62,24.53,10.93,259412.88,14.82
429434.62,24.53,10.93,259411.82,14.82
429298.65,24.54,10.94,259434.69,14.83
429298.65,24.54,10.94,259513.83,14.83
429162.67,24.54,10.94,259546.05,14.84
429026.69,24.55,10.95,259490.98,14.85
429026.69,24.55,10.95,259490.98,14.85
429026.69,24.55,10.95,259490.98,14.85
428890.71,24.56,10.96,259903.67,14.88
428765.55,24.56,10.96,259965.81,14.89
428807.44,24.58,10.98,260043.59,14.9
428671.46,24.58,10.98,260043.14,14.91
428535.48,24.59,10.99,260043.14,14.92
428163.49,24.57,10.98,259738.77,14.91
428216.19,24.59,10.99,259739.54,14.91
428004.24,24.59,10.99,259971.94,14.94
427768.34,24.59,10.99,259603.0,14.92
427632.36,24.6,11.0,259606.17,14.93
427473.68,24.59,10.99,259447.7,14.92
427337.7,24.6,11.0,259449.8,14.93
427201.73,24.6,11.0,259443.75,14.94
427065.75,24.61,11.01,259765.08,14.97
427065.75,24.61,11.01,259764.47,14.97
426929.77,24.62,11.02,259618.34,14.97
426732.0,24.61,11.01,259413.85,14.96
427116.66,24.63,11.04,259413.85,14.96
427169.36,24.65,11.05,259413.85,14.97
427033.39,24.65,11.06,259413.85,14.98
427086.09,24.67,11.07,259413.86,14.98
426950.11,24.68,11.08,259413.85,14.99
426950.11,24.68,11.08,259394.01,14.99
426638.01,24.66,11.07,259394.01,15.0
426638.01,24.66,11.07,259394.01,15.0
426690.71,24.68,11.08,259394.01,15.0
426690.71,24.68,11.08,259413.96,15.0
426554.73,24.69,11.09,260189.09,15.06
426554.73,24.69,11.09,260166.26,15.06
426607.44,24.7,11.1,260335.54,15.07
426471.46,24.71,11.11,260335.09,15.08
426335.48,24.71,11.12,260335.09,15.09
426631.5,24.74,11.14,260365.88,15.1
426495.53,24.74,11.15,260337.68,15.1
426359.55,24.75,11.15,260335.09,15.11
426359.55,24.75,11.15,260360.7,15.11
426223.57,24.76,11.16,260281.39,15.12
426223.57,24.76,11.16,260303.8,15.12
426087.59,24.76,11.17,260303.8,15.13
425973.25,24.77,11.17,261437.36,15.2
425837.27,24.78,11.18,261427.46,15.21
426027.72,24.8,11.2,261677.82,15.23
426102.44,24.81,11.22,261325.05,15.22
426022.14,24.82,11.23,261264.26,15.22
426022.14,24.82,11.23,261262.05,15.22
426318.16,24.85,11.25,261261.6,15.23
426383.48,24.86,11.27,260838.34,15.21
426147.58,24.86,11.27,260514.72,15.2
426147.58,24.86,11.27,260514.72,15.2
426147.58,24.86,11.27,260503.56,15.2
426011.6,24.87,11.27,260504.09,15.21
426064.3,24.89,11.29,260503.87,15.22
425928.33,24.89,11.29,260503.63,15.22
425792.35,24.9,11.3,260559.12,15.24
425656.37,24.9,11.31,260518.99,15.24
425520.39,24.91,11.31,260503.72,15.25
425573.1,24.93,11.33,261300.19,15.3
424485.28,24.98,11.38,261299.74,15.38
424349.3,24.99,11.39,261289.84,15.39
424213.32,24.99,11.4,261220.43,15.39
424077.34,25.0,11.4,261210.53,15.4
424130.05,25.01,11.42,261303.96,15.41
423994.07,25.02,11.42,261224.65,15.42
423858.09,25.03,11.43,261224.65,15.43
423923.41,25.04,11.45,260801.39,15.41
423923.41,25.04,11.45,260801.61,15.41
423923.41,25.04,11.45,260786.3,15.41
424104.6,25.06,11.47,260892.95,15.42
424104.6,25.06,11.47,260892.95,15.42
423892.65,25.07,11.47,260786.1,15.42
423783.97,25.06,11.46,260681.95,15.42
423647.99,25.07,11.47,260681.5,15.42
423412.09,25.07,11.47,260306.69,15.41
423276.12,25.08,11.48,260306.69,15.42
423276.12,25.08,11.48,260325.43,15.42
423328.82,25.09,11.49,260368.8,15.43
423572.85,25.11,11.52,260335.05,15.44
423436.88,25.12,11.52,260331.91,15.44
423627.33,25.14,11.54,260966.19,15.49
423502.17,25.15,11.55,260645.06,15.48
423355.37,25.15,11.56,261252.12,15.52
423219.4,25.16,11.56,261258.35,15.53
423083.42,25.17,11.57,261172.81,15.54
422947.44,25.18,11.58,261172.95,15.55
422811.46,25.18,11.58,261172.36,15.56
422864.17,25.2,11.6,261172.36,15.56
422728.19,25.2,11.61,261172.36,15.57
422592.21,25.21,11.61,261338.19,15.59
422782.66,25.23,11.64,261293.16,15.59
422782.66,25.23,11.64,261291.83,15.59
422646.69,25.24,11.64,261218.83,15.6
422927.8,25.26,11.67,261909.28,15.65
422791.82,25.27,11.67,261915.51,15.66
422655.84,25.28,11.68,261829.97,15.66
422889.94,25.3,11.7,262147.71,15.68
422898.99,25.32,11.72,262109.73,15.69
422763.02,25.32,11.72,262109.28,15.7
422763.02,25.32,11.72,262143.64,15.7
422639.66,25.33,11.73,261437.83,15.67
422403.76,25.33,11.73,261208.08,15.66
422031.76,25.32,11.72,260823.54,15.65
422265.86,25.34,11.74,261643.42,15.7
422274.91,25.35,11.76,261589.52,15.71
422138.94,25.36,11.76,261589.51,15.71
422434.96,25.38,11.79,261602.99,15.72
422434.96,25.38,11.79,261602.99,15.72
422625.41,25.41,11.81,261594.27,15.73
422489.43,25.41,11.82,261631.64,15.74
422489.43,25.41,11.82,261631.64,15.74
422353.45,25.42,11.82,261742.47,15.75
422416.97,25.44,11.84,262612.94,15.81
422458.86,25.45,11.85,262734.02,15.83
422162.43,25.44,11.84,262444.25,15.81
422026.45,25.45,11.85,262450.48,15.82
422079.15,25.46,11.86,262527.78,15.84
421943.18,25.47,11.87,262412.82,15.84
421943.18,25.47,11.87,262412.82,15.84
421807.2,25.48,11.88,262412.38,15.85
421671.22,25.48,11.89,262412.37,15.86
421535.24,25.49,11.89,262582.73,15.88
421173.24,25.48,11.88,262127.59,15.86
421037.27,25.48,11.88,262040.37,15.86
420901.29,25.49,11.89,261961.62,15.86
421182.4,25.52,11.92,262393.3,15.9
421372.85,25.54,11.94,262481.74,15.91
421085.76,25.52,11.93,262180.57,15.89
420949.79,25.53,11.93,262340.78,15.91
420949.79,25.53,11.93,262340.78,15.91
420949.79,25.53,11.93,262359.52,15.91
420813.81,25.54,11.94,262349.63,15.92
420677.83,25.55,11.95,262280.21,15.93
420541.86,25.55,11.96,262286.44,15.94
420405.88,25.56,11.96,262200.9,15.94
420405.88,25.56,11.96,262200.9,15.94
420701.9,25.59,11.99,262311.09,15.95
420415.13,25.57,11.98,261998.9,15.94
420605.58,25.6,12.0,262407.02,15.97
420469.61,25.6,12.0,262327.71,15.97
420333.63,25.61,12.01,262327.71,15.98
419961.63,25.59,12.0,262109.2,15.97
418873.81,25.65,12.06,262108.75,16.05
418873.81,25.65,12.06,262108.75,16.05
418737.83,25.66,12.06,262108.75,16.06
418601.86,25.67,12.07,262108.75,16.07
418303.5,25.65,12.06,261804.26,16.06
418167.53,25.66,12.06,261804.54,16.07
418232.85,25.68,12.08,261381.27,16.05
417998.27,25.68,12.08,261058.97,16.04
417998.27,25.68,12.08,261058.97,16.04
417998.27,25.68,12.08,261058.97,16.04
417998.27,25.68,12.08,261058.97,16.04
417862.29,25.69,12.09,261058.7,16.05
417862.29,25.69,12.09,261058.7,16.05
417726.31,25.7,12.1,261058.69,16.06
417590.34,25.7,12.1,261137.17,16.07
417886.36,25.73,12.13,261251.25,16.08
417886.36,25.73,12.13,261251.25,16.08
417886.36,25.73,12.13,261251.25,16.08
417939.06,25.74,12.15,261547.65,16.11
417939.06,25.74,12.15,261547.65,16.11
417815.7,25.75,12.15,260931.79,16.08
417579.8,25.75,12.16,260612.09,16.07
417207.8,25.74,12.14,260368.72,16.06
417071.82,25.75,12.15,260368.27,16.07
416935.85,25.75,12.16,260368.27,16.08
416799.87,25.76,12.16,260368.27,16.09
416553.44,25.75,12.15,260120.9,16.08
416606.14,25.77,12.17,260141.52,16.09
416606.14,25.77,12.17,260141.52,16.09
416470.16,25.77,12.18,260126.93,16.1
416334.19,25.78,12.18,260120.9,16.11
416198.21,25.79,12.19,260441.56,16.14
416062.23,25.8,12.2,260309.37,16.14
415926.26,25.8,12.21,260309.51,16.15
416222.28,25.83,12.23,260308.92,16.15
416274.98,25.85,12.25,260308.92,16.16
416274.98,25.85,12.25,260308.92,16.16
416327.68,25.86,12.26,260353.5,16.17
416191.7,25.87,12.27,260340.24,16.18
416191.7,25.87,12.27,260346.17,16.18
416055.72,25.88,12.28,260366.88,16.19
416108.43,25.89,12.3,260314.86,16.2
415972.45,25.9,12.3,261308.62,16.27
415836.47,25.91,12.31,261308.62,16.28
415700.49,25.92,12.32,261308.62,16.29
415564.52,25.92,12.33,261308.62,16.3
415617.22,25.94,12.34,261309.1,16.31
415669.92,25.96,12.36,261308.7,16.32
415722.62,25.97,12.38,261308.62,16.33
415586.64,25.98,12.38,261899.29,16.37
415586.64,25.98,12.38,261899.29,16.37
415586.64,25.98,12.38,261847.99,16.37
415450.67,25.99,12.39,261799.55,16.38
415450.67,25.99,12.39,261799.55,16.38
415314.69,26.0,12.4,261805.78,16.39
415114.85,25.99,12.39,261588.62,16.38
414978.88,26.0,12.4,261503.08,16.38
415222.91,26.02,12.42,261423.77,16.38
415413.36,26.04,12.45,262138.55,16.43
415277.39,26.05,12.45,262059.24,16.44
414915.39,26.04,12.44,261703.42,16.42
414968.09,26.05,12.46,261888.5,16.44
414832.11,26.06,12.46,261888.64,16.45
414696.14,26.07,12.47,261888.05,16.46
414560.16,26.08,12.48,261973.47,16.48
414424.18,26.08,12.49,261924.69,16.49
414217.75,26.07,12.48,261670.79,16.47
414270.45,26.09,12.49,261746.08,16.49
414065.35,26.08,12.48,261576.25,16.48
413929.37,26.09,12.49,261550.97,16.49
413929.37,26.09,12.49,261550.97,16.49
413929.37,26.09,12.49,261550.97,16.49
413804.21,26.1,12.5,261879.51,16.52
413804.21,26.1,12.5,261879.51,16.52
413846.09,26.11,12.52,261826.75,16.52
413710.11,26.12,12.52,261826.75,16.53
413574.14,26.13,12.53,261826.75,16.54
413254.14,26.12,12.52,261506.75,16.53
413118.16,26.12,12.53,261506.75,16.54
412982.18,26.13,12.53,261509.48,16.55
412846.21,26.14,12.54,261508.25,16.56
412710.23,26.15,12.55,261506.76,16.57
412574.25,26.16,12.56,261506.75,16.58
412438.27,26.16,12.57,261506.75,16.59
412490.97,26.18,12.58,261506.71,16.6
412355.0,26.19,12.59,261506.31,16.61
412407.7,26.2,12.61,261506.31,16.62
412250.34,26.2,12.6,261348.95,16.61
412114.36,26.21,12.61,261394.27,16.62
412410.39,26.23,12.63,261364.19,16.62
412274.41,26.24,12.64,261358.57,16.63
412138.43,26.25,12.65,262029.67,16.69
412002.45,26.26,12.66,262038.39,16.7
411866.48,26.26,12.67,262028.5,16.71
411494.48,26.25,12.65,261777.55,16.7
411782.35,26.28,12.68,262128.81,16.73
411646.37,26.28,12.69,262128.95,16.74
411510.39,26.29,12.69,262128.36,16.75
411374.42,26.3,12.7,262278.37,16.77
411077.99,26.29,12.69,262067.87,16.76
410942.01,26.29,12.7,261950.36,16.76
410578.16,26.28,12.68,261589.69,16.74
410578.16,26.28,12.68,261589.69,16.74
410578.16,26.28,12.68,261589.69,16.74
410442.18,26.29,12.69,261558.49,16.75
410306.21,26.29,12.7,261773.66,16.78
410602.23,26.32,12.72,261881.1,16.79
410466.25,26.33,12.73,261968.38,16.8
410518.95,26.35,12.75,262079.46,16.82
410518.95,26.35,12.75,262079.46,16.82
410382.97,26.35,12.76,262051.92,16.83
410247.0,26.36,12.77,261972.61,16.83
410111.02,26.37,12.77,261972.61,16.85
410301.47,26.39,12.8,262035.63,16.86
410165.49,26.4,12.81,262208.47,16.88
410165.49,26.4,12.81,262208.47,16.88
410029.52,26.41,12.81,262208.03,16.89
409893.54,26.42,12.82,262208.02,16.9
409757.56,26.43,12.83,262208.02,16.91
409621.59,26.44,12.84,262248.96,16.92
409485.61,26.44,12.85,262222.19,16.93
409485.61,26.44,12.85,262246.85,16.94
409349.63,26.45,12.85,262307.37,16.95
409213.65,26.46,12.86,262306.92,16.96
409447.76,26.49,12.89,262808.74,17.0
409447.76,26.49,12.89,262808.74,17.0
409601.05,26.51,12.91,262891.58,17.01
409653.75,26.53,12.93,262891.58,17.02
409706.45,26.54,12.95,262891.58,17.03
409570.47,26.55,12.95,262906.9,17.04
409570.47,26.55,12.95,262906.9,17.04
409283.39,26.54,12.94,262683.69,17.03
409147.41,26.55,12.95,262674.0,17.04
409011.43,26.55,12.96,262671.85,17.05
409011.43,26.55,12.96,262671.85,17.05
409201.88,26.58,12.98,263339.15,17.1
409065.91,26.59,12.99,263314.7,17.11
409065.91,26.59,12.99,263349.07,17.12
409065.91,26.59,12.99,263349.07,17.12
408929.93,26.6,13.0,263339.17,17.13
409120.38,26.62,13.02,263589.52,17.15
408984.4,26.63,13.03,263510.21,17.16
408848.43,26.64,13.04,263510.21,17.17
408712.45,26.64,13.05,263430.9,17.17
408340.45,26.63,13.03,263079.72,17.16
408000.44,26.61,13.01,262675.64,17.13
407864.46,26.62,13.02,262675.64,17.14
407728.48,26.63,13.03,262595.97,17.15
408024.5,26.66,13.06,262575.62,17.15
408024.5,26.66,13.06,262575.62,17.15
407652.5,26.64,13.04,263451.32,17.22
407516.53,26.65,13.05,263257.16,17.22
407423.82,26.66,13.06,262771.14,17.2
407614.27,26.68,13.09,262770.69,17.2
407666.97,26.7,13.1,262770.69,17.21
407666.97,26.7,13.1,262770.69,17.21
407666.97,26.7,13.1,262770.69,17.21
407530.99,26.71,13.11,262770.69,17.22
407395.01,26.72,13.12,262770.75,17.23
407259.04,26.73,13.13,262829.7,17.25
407259.04,26.73,13.13,262829.7,17.25
406171.22,26.8,13.2,262829.7,17.34
406035.24,26.81,13.21,262770.69,17.35
405899.26,26.81,13.22,263316.37,17.4
405899.26,26.81,13.22,263316.37,17.4
405899.26,26.81,13.22,263316.37,17.4
405899.26,26.81,13.22,263316.37,17.4
405763.29,26.82,13.23,263221.06,17.4
405627.31,26.83,13.23,263220.61,17.41
405627.31,26.83,13.23,263220.61,17.41
405923.33,26.86,13.26,263220.61,17.42
405626.9,26.85,13.25,262919.09,17.4
405490.92,26.86,13.26,262951.1,17.41
405354.95,26.86,13.27,262938.02,17.43
405407.65,26.88,13.28,262926.2,17.43
405035.65,26.87,13.27,262919.09,17.44
403947.83,26.94,13.34,262918.64,17.53
403811.85,26.95,13.35,263343.35,17.57
403811.85,26.95,13.35,263343.35,17.57
403686.69,26.95,13.36,263277.48,17.58
403998.38,26.98,13.39,263574.8,17.6
403862.4,26.99,13.4,263574.35,17.62
403915.1,27.01,13.41,263574.35,17.63
403779.12,27.02,13.42,263617.72,17.64
403643.15,27.03,13.43,263584.01,17.65
403507.17,27.04,13.44,263574.65,17.66
403371.19,27.05,13.45,263910.69,17.7
403371.19,27.05,13.45,263910.69,17.7
403235.21,27.06,13.46,263910.71,17.71
403099.24,27.07,13.47,263784.39,17.71
402963.26,27.07,13.48,263763.04,17.72
402827.28,27.08,13.49,263762.71,17.73
402827.28,27.08,13.49,263793.54,17.74
402879.98,27.1,13.5,263987.83,17.76
402932.68,27.12,13.52,263869.93,17.76
402796.71,27.13,13.53,263803.37,17.77
402682.36,27.14,13.54,264699.62,17.84
402978.38,27.17,13.57,264699.17,17.85
402842.41,27.18,13.58,264699.17,17.86
402470.41,27.16,13.56,264759.59,17.87
402334.43,27.17,13.57,264710.15,17.88
402128.0,27.16,13.56,264511.04,17.87
401981.21,27.17,13.57,264050.55,17.85
402160.84,27.19,13.6,264268.28,17.87
402024.87,27.2,13.6,264257.29,17.88
402077.57,27.22,13.62,264916.93,17.93
401941.59,27.23,13.63,264511.09,17.92
402237.61,27.26,13.66,264510.64,17.93
402101.63,27.27,13.67,264510.64,17.94
401965.66,27.28,13.68,264510.64,17.95
401669.23,27.26,13.67,264269.93,17.94
401533.25,27.27,13.67,264312.08,17.95
401136.09,27.25,13.66,263965.92,17.93
400764.09,27.24,13.64,263926.03,17.94
400638.93,27.25,13.65,263734.15,17.94
400492.14,27.26,13.66,263920.5,17.96
400356.16,27.27,13.67,263919.44,17.97
400220.19,27.27,13.68,264301.28,18.01
400084.21,27.28,13.69,264221.97,18.02
400084.21,27.28,13.69,264221.97,18.02
399948.23,27.29,13.7,264221.97,18.03
399855.91,27.31,13.71,264109.61,18.04
399855.91,27.31,13.71,264109.61,18.04
399676.28,27.31,13.71,263898.93,18.03
399972.3,27.34,13.74,263898.48,18.04
399836.32,27.35,13.75,263898.48,18.05
399700.34,27.36,13.76,263938.73,18.07
399753.04,27.38,13.78,263914.82,18.08
399381.05,27.36,13.76,263906.98,18.08
399245.07,27.37,13.77,263898.48,18.09
399245.07,27.37,13.77,263898.48,18.09
398948.64,27.36,13.76,263606.27,18.08
398669.29,27.34,13.75,263326.92,18.06
398533.31,27.35,13.76,263805.28,18.11
398586.01,27.37,13.77,263832.76,18.12
398450.04,27.38,13.78,263763.86,18.13
398243.61,27.37,13.77,263610.85,18.12
398107.63,27.38,13.78,263610.4,18.13
398403.65,27.41,13.81,263610.4,18.14
398267.67,27.42,13.82,263721.63,18.16
398131.7,27.43,13.83,263630.98,18.16
397973.02,27.42,13.82,263481.14,18.15
397837.04,27.43,13.83,263460.56,18.17
397701.06,27.44,13.84,263762.95,18.2
397565.09,27.45,13.85,263707.62,18.21
397429.11,27.46,13.86,263898.86,18.23
397293.13,27.47,13.87,263888.96,18.25
397157.15,27.48,13.88,263819.55,18.25
397209.86,27.5,13.9,263819.51,18.26
396913.43,27.48,13.89,263529.74,18.25
396541.43,27.47,13.87,263151.44,18.23
396405.45,27.48,13.88,263151.03,18.24
396269.47,27.49,13.89,263151.03,18.25
396133.5,27.5,13.9,263212.48,18.27
395997.52,27.51,13.91,263151.03,18.28
395997.52,27.51,13.91,263151.03,18.28
395791.09,27.5,13.9,263009.22,18.27
395655.11,27.5,13.91,263009.22,18.28
395562.79,27.52,13.92,263475.2,18.33
395384.48,27.52,13.93,263199.22,18.32
395248.5,27.53,13.94,263119.91,18.33
394954.71,27.52,13.92,262866.46,18.32
395198.75,27.55,13.95,263242.28,18.35
395494.77,27.58,13.98,263241.83,18.36
395358.79,27.59,13.99,263241.83,18.37
395222.82,27.6,14.0,263259.5,18.38
394850.82,27.58,13.98,263254.56,18.39
394714.84,27.59,13.99,263241.83,18.4
394424.83,27.58,13.98,262956.01,18.38
394424.83,27.58,13.98,262956.01,18.38
394288.85,27.59,13.99,263106.99,18.41
394152.87,27.6,14.0,263067.73,18.42
394016.9,27.61,14.01,262995.59,18.43
393880.92,27.62,14.02,263016.01,18.44
394176.94,27.65,14.05,263015.56,18.45
394458.05,27.68,14.08,263015.56,18.45
394322.07,27.69,14.09,263040.78,18.47
394374.77,27.7,14.11,263022.43,18.48
394565.23,27.73,14.13,263016.37,18.49
394429.25,27.74,14.14,263022.8,18.5
394212.0,27.73,14.13,262809.99,18.49
394212.0,27.73,14.13,262809.99,18.49
394212.0,27.73,14.13,262814.52,18.49
394212.0,27.73,14.13,262814.52,18.49
394076.02,27.74,14.14,263931.6,18.58
394076.02,27.74,14.14,263931.6,18.58
394076.02,27.74,14.14,263931.6,18.58
393940.04,27.75,14.15,264103.25,18.6
393836.51,27.76,14.16,263912.89,18.6
393292.6,27.8,14.2,262937.4,18.59
393156.63,27.81,14.21,262936.95,18.6
392784.63,27.79,14.2,262471.41,18.57
392826.51,27.81,14.22,261791.74,18.54
392690.54,27.82,14.23,261791.74,18.55
392554.56,27.83,14.24,261791.74,18.56
392418.58,27.84,14.25,262129.54,18.6
392282.6,27.85,14.26,262081.79,18.61
392146.63,27.86,14.27,262059.1,18.62
392146.63,27.86,14.27,262059.1,18.62
392146.63,27.86,14.27,262059.1,18.62
392051.98,27.88,14.28,262459.95,18.66
391853.04,27.88,14.29,262128.83,18.65
391927.37,27.9,14.31,261944.25,18.65
391927.37,27.9,14.31,261944.25,18.65
391791.4,27.91,14.32,261887.63,18.66
391655.42,27.92,14.33,261877.73,18.67
391730.14,27.95,14.35,262418.63,18.72
391730.14,27.95,14.35,262418.63,18.72
391550.51,27.95,14.36,262140.57,18.71
391603.21,27.97,14.38,262234.0,18.73
391316.12,27.96,14.36,262103.78,18.73
391180.15,27.97,14.37,262103.33,18.74
391044.17,27.98,14.38,262106.09,18.75
391096.87,28.0,14.4,262111.6,18.77
391392.89,28.03,14.43,262139.35,18.77
391256.91,28.04,14.44,262104.74,18.78
391500.95,28.07,14.47,262549.55,18.82
391128.95,28.05,14.46,262202.3,18.81
391181.65,28.07,14.48,262103.33,18.81
391045.68,28.08,14.49,262918.36,18.88
391341.7,28.11,14.52,262917.91,18.89
391218.34,28.13,14.53,262212.11,18.85
391082.36,28.14,14.54,262212.11,18.86
390925.0,28.13,14.53,262053.23,18.86
390689.1,28.13,14.53,261823.47,18.85
390741.81,28.15,14.55,261895.1,18.87
390605.83,28.16,14.56,261840.08,18.88
390605.83,28.16,14.56,261840.08,18.88
390658.53,28.18,14.58,261824.67,18.89
390286.53,28.16,14.57,261823.47,18.89
389990.1,28.15,14.55,261489.98,18.87
390042.8,28.17,14.57,262069.61,18.93
389841.54,28.16,14.56,261809.11,18.91
389705.56,28.17,14.57,261811.39,18.93
389569.58,28.18,14.58,261857.32,18.94
389954.25,28.22,14.62,261856.87,18.95
390006.95,28.24,14.64,261856.87,18.96
389870.97,28.25,14.65,261857.08,18.97
389923.67,28.27,14.67,261884.71,18.99
389787.69,28.28,14.68,261867.29,19.0
389787.69,28.28,14.68,261867.29,19.0
389297.06,28.26,14.66,261857.54,19.01
389750.62,28.29,14.7,262546.64,19.06
389614.65,28.3,14.71,262597.52,19.08
389478.67,28.31,14.72,262676.61,19.1
389342.69,28.33,14.73,262676.16,19.11
389342.69,28.33,14.73,262676.16,19.11
389395.39,28.35,14.75,262676.16,19.12
389259.42,28.36,14.76,262684.44,19.14
389259.42,28.36,14.76,262681.06,19.14
389123.44,28.37,14.77,262676.24,19.15
388987.46,28.38,14.78,262673.77,19.16
389040.16,28.4,14.8,263109.46,19.21
388825.55,28.39,14.79,262897.95,19.19
388414.76,28.37,14.77,262667.08,19.19
388322.43,28.38,14.79,262618.33,19.2
388142.8,28.39,14.79,262609.3,19.21
388006.82,28.4,14.8,262609.44,19.22
387870.85,28.41,14.82,262608.85,19.24
388232.54,28.45,14.85,262634.55,19.24
387734.87,28.42,14.83,262671.27,19.26
387598.89,28.43,14.84,262716.86,19.27
387462.91,28.45,14.85,262862.5,19.3
387462.91,28.45,14.85,262862.5,19.3
387515.62,28.47,14.87,262690.63,19.3
387515.62,28.47,14.87,262715.4,19.3
387579.13,28.49,14.89,262710.74,19.31
387432.34,28.5,14.9,263012.39,19.35
387485.04,28.52,14.92,263012.35,19.36
387349.06,28.53,14.93,263011.94,19.37
387213.09,28.54,14.94,263011.94,19.39
387077.11,28.55,14.95,263142.51,19.41
386941.13,28.56,14.97,263030.77,19.42
387325.79,28.6,15.0,263023.26,19.42
387233.47,28.61,15.02,263995.08,19.51
387146.39,28.63,15.03,263796.47,19.51
387010.41,28.64,15.04,263796.02,19.52
386874.44,28.65,15.05,263796.02,19.54
386712.57,28.64,15.04,263651.49,19.53
386576.59,28.65,15.06,263700.25,19.55
386440.61,28.66,15.07,263677.08,19.56
386440.61,28.66,15.07,263677.18,19.56
386825.27,28.7,15.1,263651.59,19.56
386394.63,28.68,15.08,264437.71,19.63
386585.09,28.71,15.11,264437.26,19.64
386470.74,28.72,15.12,264094.97,19.63
386356.78,28.73,15.14,263739.42,19.62
386356.78,28.73,15.14,263714.66,19.61
386177.15,28.74,15.14,263716.37,19.63
386041.18,28.75,15.16,263716.37,19.64
386406.78,28.79,15.19,263740.25,19.65
386110.35,28.77,15.18,263716.37,19.65
385974.38,28.79,15.19,263716.37,19.67
385641.61,28.77,15.17,264007.39,19.7
385505.63,28.78,15.18,263791.3,19.69
385369.66,28.79,15.2,263798.53,19.71
385277.33,28.81,15.21,264191.67,19.75
385286.38,28.83,15.23,264103.6,19.76
385150.4,28.84,15.24,264080.91,19.77
385014.43,28.85,15.25,264024.29,19.78
385067.13,28.87,15.27,264024.25,19.79
384931.15,28.88,15.28,264023.84,19.81
384795.17,28.89,15.3,264023.84,19.82
384659.2,28.9,15.31,264025.19,19.84
384711.9,28.93,15.33,264024.47,19.85
384764.6,28.95,15.35,264033.6,19.86
384628.62,28.96,15.36,264023.84,19.88
384628.62,28.96,15.36,264081.15,19.88
385082.19,29.0,15.4,265243.89,19.97
384784.18,28.99,15.39,264875.69,19.95
384648.21,29.0,15.4,264875.69,19.97
384648.21,29.0,15.4,264904.02,19.97
384512.23,29.01,15.41,264904.02,19.99
384376.25,29.02,15.42,265022.9,20.01
384240.27,29.03,15.43,264904.02,20.02
384104.3,29.04,15.45,264824.71,20.02
384385.41,29.08,15.48,265239.79,20.06
384098.32,29.06,15.47,264954.71,20.05
384151.02,29.08,15.49,264954.78,20.06
384041.02,29.08,15.48,264844.78,20.05
384231.47,29.11,15.51,264844.4,20.06
384095.5,29.12,15.52,264903.35,20.08
383959.52,29.13,15.53,264956.74,20.1
383823.54,29.14,15.55,264844.4,20.11
383876.24,29.16,15.57,265451.49,20.17
384241.85,29.2,15.6,264990.16,20.14
383899.15,29.19,15.59,265784.21,20.21
384195.17,29.22,15.62,266116.26,20.24
384059.2,29.23,15.63,266036.95,20.25
383923.22,29.24,15.64,266036.95,20.26
383787.24,29.25,15.66,266043.18,20.28
383651.26,29.27,15.67,265957.64,20.29
383651.26,29.27,15.67,265957.86,20.29
383515.29,29.28,15.68,265957.41,20.3
383567.99,29.3,15.7,265957.41,20.32
383849.1,29.33,15.74,265964.68,20.32
383849.1,29.33,15.74,265942.45,20.32
383713.12,29.35,15.75,265945.85,20.34
383713.12,29.35,15.75,265969.32,20.34
383577.14,29.36,15.76,265958.65,20.36
383629.85,29.38,15.78,265965.08,20.37
383285.17,29.36,15.77,265643.23,20.35
383581.19,29.4,15.8,266656.33,20.44
383445.22,29.41,15.81,266785.94,20.46
383309.24,29.42,15.82,266792.68,20.48
383173.26,29.43,15.84,266797.4,20.49
383037.28,29.45,15.85,266788.22,20.51
382901.31,29.46,15.86,266838.47,20.53
382954.01,29.48,15.88,267078.88,20.56
382818.03,29.49,15.9,266808.94,20.56
382446.03,29.47,15.88,266396.91,20.53
382320.87,29.49,15.89,266477.53,20.55
382174.08,29.5,15.9,266562.14,20.58
382038.1,29.51,15.91,266562.27,20.59
381902.12,29.52,15.93,266561.69,20.61
381902.12,29.52,15.93,266545.31,20.61
381954.82,29.55,15.95,266545.31,20.62
381818.85,29.56,15.96,266566.41,20.64
381682.87,29.57,15.97,266554.75,20.65
381682.87,29.57,15.97,266554.75,20.65
381546.89,29.58,15.99,266549.52,20.67
381410.92,29.6,16.0,266870.89,20.71
381706.94,29.63,16.03,267092.93,20.73
381548.26,29.62,16.02,266934.46,20.72
381600.96,29.64,16.05,266934.42,20.74
381389.42,29.63,16.03,266784.33,20.73
381442.12,29.66,16.06,266783.92,20.74
381070.12,29.64,16.04,266484.57,20.73
381070.12,29.64,16.04,266503.31,20.73
380934.14,29.65,16.05,266516.28,20.74
380798.17,29.66,16.06,266517.69,20.76
380662.19,29.67,16.08,266513.11,20.78
380526.21,29.69,16.09,267061.11,20.84
380833.05,29.72,16.12,267266.28,20.86
380686.26,29.73,16.14,267166.41,20.87
380550.28,29.75,16.15,267156.52,20.88
380414.3,29.76,16.16,267087.1,20.89
380042.3,29.74,16.14,266862.87,20.88
379906.33,29.75,16.16,266783.56,20.89
379959.03,29.78,16.18,266969.66,20.92
380255.05,29.81,16.21,266951.62,20.93
379883.05,29.79,16.19,266878.14,20.93
379747.07,29.81,16.21,266884.37,20.95
379459.99,29.79,16.19,266715.31,20.94
379777.64,29.83,16.23,267810.45,21.03
379641.66,29.84,16.24,267724.91,21.04
379505.69,29.85,16.25,267715.01,21.06
379460.44,29.86,16.26,267262.56,21.03
379324.46,29.87,16.27,267193.15,21.04
379218.43,29.86,16.27,267101.61,21.03
379082.45,29.88,16.28,267101.17,21.05
378946.47,29.89,16.29,267101.16,21.07
379331.13,29.93,16.33,267111.12,21.07
379331.13,29.93,16.33,267111.12,21.07
378840.49,29.9,16.31,267101.51,21.08
378704.52,29.92,16.32,267101.16,21.1
378757.22,29.94,16.34,267152.98,21.12
378621.24,29.95,16.35,267189.12,21.14
378621.24,29.95,16.35,267189.12,21.14
378485.26,29.97,16.37,267146.72,21.15
378485.26,29.97,16.37,267123.64,21.15
378349.29,29.98,16.38,267296.32,21.18
378213.31,29.99,16.39,267217.01,21.19
378077.33,30.0,16.41,267217.01,21.21
377941.35,30.02,16.42,267137.7,21.22
377941.35,30.02,16.42,267137.7,21.22
377941.35,30.02,16.42,267137.7,21.22
378237.37,30.05,16.45,267568.83,21.26
378101.4,30.06,16.47,267546.14,21.27
377848.15,30.05,16.46,267290.26,21.26
377689.47,30.04,16.45,267131.58,21.25
377553.49,30.06,16.46,267074.96,21.26
377417.51,30.07,16.47,267075.09,21.28
377281.54,30.08,16.49,267074.51,21.3
377334.24,30.11,16.51,267074.71,21.31
377198.26,30.12,16.52,267074.51,21.33
377198.26,30.12,16.52,267097.71,21.33
377062.28,30.13,16.54,267099.74,21.35
377358.3,30.17,16.57,267446.35,21.38
377411.01,30.19,16.59,267607.73,21.41
377692.12,30.23,16.63,268021.31,21.45
377744.82,30.25,16.65,268021.27,21.46
377608.84,30.27,16.67,268020.86,21.48
377472.86,30.28,16.68,268179.11,21.51
377472.86,30.28,16.68,268212.27,21.51
377336.89,30.29,16.69,268102.45,21.52
377200.91,30.31,16.71,268202.54,21.55
377086.56,30.32,16.72,268486.65,21.59
377128.45,30.34,16.75,268149.39,21.58
376981.65,30.36,16.76,268432.9,21.62
377046.98,30.38,16.78,268009.64,21.6
376664.98,30.36,16.76,267927.2,21.6
376465.14,30.35,16.75,267663.81,21.58
376230.56,30.36,16.76,267341.51,21.57
376421.01,30.39,16.79,267341.06,21.58
376285.04,30.4,16.8,267341.06,21.6
376149.06,30.42,16.82,267390.91,21.62
376013.08,30.43,16.83,267351.23,21.64
375877.11,30.44,16.85,267341.06,21.65
375741.13,30.46,16.86,267712.06,21.7
375615.97,30.47,16.87,267645.39,21.71
375486.67,30.47,16.87,267814.64,21.73
375612.74,30.49,16.9,267811.06,21.74
375665.45,30.52,16.92,267922.14,21.76
376050.11,30.56,16.96,268279.56,21.8
376050.11,30.56,16.96,268261.06,21.8
375914.13,30.57,16.97,268181.75,21.81
375602.03,30.56,16.96,268025.13,21.8
375466.05,30.57,16.97,268025.13,21.82
375330.08,30.58,16.99,267945.81,21.83
375330.08,30.58,16.99,267948.21,21.83
375626.1,30.62,17.02,268379.2,21.88
375490.12,30.63,17.04,268380.19,21.9
375490.12,30.63,17.04,268380.19,21.9
375118.12,30.62,17.02,268009.2,21.87
374982.14,30.63,17.03,267921.86,21.88
374982.14,30.63,17.03,267899.62,21.88
375226.18,30.66,17.07,267899.17,21.89
375090.2,30.68,17.08,267899.17,21.91
375090.2,30.68,17.08,267917.88,21.91
374954.22,30.69,17.09,267938.07,21.93
375144.68,30.72,17.13,267924.81,21.94
375197.38,30.75,17.15,267917.88,21.96
375061.4,30.76,17.16,267917.88,21.97
374925.42,30.78,17.18,268809.54,22.07
374789.45,30.79,17.19,268701.04,22.08
375093.62,30.83,17.23,268700.59,22.08
375146.32,30.85,17.25,268700.59,22.1
375010.34,30.87,17.27,268748.96,22.12
374874.37,30.88,17.28,268757.33,22.14
374738.39,30.9,17.3,268821.34,22.16
374602.41,30.91,17.31,269216.58,22.21
374477.25,30.92,17.33,269098.95,22.22
374519.13,30.95,17.35,269542.7,22.27
374519.13,30.95,17.35,269567.84,22.28
374317.87,30.94,17.34,269472.91,22.27
374598.98,30.98,17.38,269393.6,22.28
374463.0,30.99,17.39,269808.68,22.33
374463.0,30.99,17.39,269804.85,22.33
374327.03,31.0,17.41,269725.54,22.34
374191.05,31.02,17.42,269725.54,22.36
374055.07,31.03,17.44,269725.54,22.38
374245.52,31.07,17.47,269725.54,22.39
374109.55,31.08,17.48,269726.7,22.41
373973.57,31.09,17.5,269725.54,22.43
374026.27,31.12,17.52,269725.54,22.44
374078.97,31.15,17.55,270090.23,22.49
374078.97,31.15,17.55,270090.23,22.49
373942.99,31.16,17.56,270229.03,22.52
373572.84,31.14,17.54,269833.78,22.49
373436.87,31.16,17.56,269911.87,22.52
373732.89,31.19,17.6,269911.87,22.53
373923.34,31.23,17.63,269911.87,22.54
373787.36,31.24,17.64,270490.3,22.61
373651.39,31.26,17.66,270509.49,22.63
373289.39,31.24,17.64,270304.43,22.62
373153.41,31.25,17.65,270310.66,22.64
373206.11,31.28,17.68,270387.96,22.66
373070.13,31.29,17.69,270387.51,22.68
373366.16,31.33,17.73,270387.51,22.69
373418.86,31.35,17.76,270387.51,22.7
373418.86,31.35,17.76,270387.51,22.7
373471.56,31.38,17.78,270428.85,22.72
373524.26,31.41,17.81,270409.55,22.74
373524.26,31.41,17.81,270409.55,22.74
373152.26,31.39,17.79,270394.04,22.74
373152.26,31.39,17.79,270394.04,22.74
373204.96,31.41,17.82,270387.51,22.76
373257.66,31.44,17.84,271395.5,22.86
373310.37,31.47,17.87,271560.0,22.89
373363.07,31.49,17.89,271671.08,22.91
373227.09,31.51,17.91,271665.77,22.93
373091.11,31.52,17.92,271665.77,22.95
372955.14,31.54,17.94,271665.77,22.97
373007.84,31.56,17.96,271925.92,23.01
372871.86,31.58,17.98,271832.49,23.02
372924.56,31.6,18.01,271832.45,23.04
372788.58,31.62,18.02,271832.04,23.06
372652.61,31.63,18.04,271832.12,23.08
372516.63,31.65,18.05,271835.98,23.1
372812.65,31.69,18.09,271832.04,23.1
371724.83,31.81,18.21,271831.59,23.26
371352.83,31.79,18.19,271831.59,23.27
371216.86,31.81,18.21,272293.6,23.33
371109.5,31.8,18.2,272186.24,23.32
371017.17,31.82,18.22,272082.45,23.34
371277.69,31.86,18.26,272437.82,23.38
371330.39,31.88,18.29,272437.82,23.39
371194.42,31.9,18.3,272437.82,23.41
371058.44,31.91,18.32,272700.89,23.45
370922.46,31.93,18.33,272600.66,23.47
371112.91,31.96,18.37,272853.53,23.5
370976.94,31.98,18.38,272800.19,23.52
371029.64,32.01,18.41,272800.15,23.53
370893.66,32.02,18.43,272799.74,23.55
370534.83,32.0,18.41,272416.15,23.53
370830.85,32.04,18.45,272453.45,23.54
370694.88,32.06,18.46,272441.78,23.56
370747.58,32.09,18.49,272419.77,23.58
370611.6,32.1,18.5,272416.15,23.6
370475.62,32.12,18.52,273107.39,23.68
370339.65,32.13,18.54,273205.7,23.71
369977.65,32.12,18.52,272818.64,23.68
369841.67,32.13,18.53,272818.77,23.7
369841.67,32.13,18.53,272818.77,23.7
369841.67,32.13,18.53,272818.77,23.7
369705.69,32.15,18.55,272835.4,23.72
369569.72,32.16,18.57,272822.47,23.74
369273.29,32.15,18.55,272492.01,23.72
369325.99,32.17,18.58,272490.59,23.74
369190.01,32.19,18.59,272487.8,23.76
369242.71,32.22,18.62,272487.73,23.78
368955.62,32.2,18.6,272202.65,23.76
368955.62,32.2,18.6,272215.58,23.76
368819.65,32.22,18.62,272682.22,23.82
369107.52,32.26,18.66,273007.82,23.86
368971.54,32.27,18.68,273007.37,23.88
368971.54,32.27,18.68,272984.74,23.88
368607.69,32.25,18.66,272586.04,23.85
368471.72,32.27,18.67,272586.04,23.87
368335.74,32.29,18.69,272586.04,23.89
368199.76,32.3,18.71,272626.98,23.92
368390.21,32.34,18.74,272741.67,23.94
368254.24,32.36,18.76,272595.33,23.95
368118.26,32.37,18.77,272746.62,23.98
367959.58,32.36,18.76,272587.94,23.97
368203.61,32.4,18.8,273153.46,24.04
368203.61,32.4,18.8,273179.3,24.04
368067.64,32.42,18.82,273099.99,24.05
367931.66,32.43,18.84,273099.99,24.07
367635.23,32.42,18.82,272921.94,24.07
367687.93,32.44,18.85,273033.03,24.09
367740.63,32.47,18.87,273168.32,24.12
367604.66,32.49,18.89,273158.42,24.14
367308.23,32.47,18.87,272865.87,24.12
367172.25,32.49,18.89,272796.45,24.14
367036.27,32.51,18.91,272717.14,24.15
366739.84,32.49,18.89,272468.3,24.14
366603.87,32.51,18.91,272468.3,24.16
366467.89,32.52,18.92,272467.86,24.18
366417.89,32.52,18.92,272417.86,24.18
366281.91,32.54,18.94,272417.86,24.2
366145.93,32.55,18.95,272420.05,24.22
366009.96,32.57,18.97,272556.89,24.25
365873.98,32.59,18.99,272673.86,24.29
365759.63,32.61,19.01,273125.5,24.35
365623.66,32.62,19.02,273125.05,24.37
365698.38,32.65,19.05,272825.75,24.36
365539.7,32.64,19.05,272664.86,24.35
365548.75,32.67,19.07,272606.91,24.36
365844.77,32.71,19.11,272606.91,24.37
365910.09,32.74,19.14,272183.65,24.35
365774.11,32.75,19.16,272183.65,24.37
365774.11,32.75,19.16,272183.65,24.37
365538.21,32.76,19.16,271860.03,24.37
365538.21,32.76,19.16,271887.65,24.37
365402.24,32.78,19.18,272047.36,24.4
365030.24,32.76,19.16,271951.29,24.41
365030.24,32.76,19.16,271922.16,24.4
365030.24,32.76,19.16,271922.16,24.4
365326.26,32.8,19.2,271858.51,24.41
365190.28,32.82,19.22,272437.05,24.48
365190.28,32.82,19.22,272437.05,24.48
364850.27,32.8,19.2,272036.22,24.45
364553.84,32.78,19.18,271780.95,24.44
364553.84,32.78,19.18,271814.68,24.44
364413.38,32.78,19.18,271399.49,24.41
364288.22,32.79,19.2,271301.64,24.42
364152.24,32.81,19.21,271301.65,24.44
364152.24,32.81,19.21,271370.23,24.45
364437.45,32.85,19.25,272115.42,24.53
364301.47,32.87,19.27,272114.95,24.55
364165.49,32.89,19.29,272139.73,24.57
364029.51,32.9,19.3,272117.25,24.6
363925.99,32.92,19.33,272259.43,24.63
363790.01,32.94,19.34,272180.12,24.65
364088.9,32.99,19.39,273294.36,24.76
364142.24,33.01,19.42,272916.15,24.74
364142.24,33.01,19.42,272916.15,24.74
363949.63,33.03,19.43,272635.64,24.74
363813.65,33.04,19.45,272635.64,24.76
363677.67,33.06,19.46,272635.19,24.79
363541.7,33.08,19.48,272635.19,24.81
363405.72,33.1,19.5,272693.65,24.84
363269.74,33.12,19.52,272669.85,24.86
362907.74,33.1,19.5,272277.04,24.83
362960.44,33.13,19.53,272262.06,24.85
362960.44,33.13,19.53,272262.32,24.85
362960.44,33.13,19.53,272262.36,24.85
362824.47,33.14,19.55,272524.29,24.89
362688.49,33.16,19.56,272490.07,24.91
362552.51,33.18,19.58,272431.15,24.93
362552.51,33.18,19.58,272486.09,24.94
362280.56,33.21,19.62,272499.38,24.98
362144.58,33.23,19.64,272489.92,25.01
362529.24,33.28,19.68,272495.75,25.01
362217.14,33.26,19.67,272598.33,25.03
362081.17,33.28,19.68,272582.65,25.06
361945.19,33.3,19.7,272492.98,25.07
362252.03,33.34,19.74,273170.17,25.14
361969.13,33.33,19.73,272985.42,25.14
361733.23,33.34,19.74,272753.76,25.14
361733.23,33.34,19.74,272753.76,25.14
361597.26,33.36,19.76,272743.86,25.16
361461.28,33.38,19.78,272674.45,25.18
361325.3,33.39,19.8,272588.1,25.19
361189.32,33.41,19.82,272588.1,25.22
360717.52,33.43,19.83,272099.27,25.22
360581.55,33.45,19.85,272105.5,25.24
360581.55,33.45,19.85,272102.43,25.24
360445.57,33.47,19.87,272016.89,25.26
360830.23,33.51,19.92,272118.57,25.27
360882.93,33.54,19.95,272485.39,25.33
360570.83,33.53,19.93,272328.46,25.32
360866.85,33.57,19.97,272438.64,25.35
360866.85,33.57,19.97,272458.51,25.35
360730.88,33.59,19.99,272628.94,25.39
360594.9,33.61,20.01,272635.17,25.41
360222.9,33.59,19.99,272335.24,25.39
360518.92,33.63,20.03,272609.63,25.43
360382.94,33.65,20.05,272615.86,25.45
360246.97,33.67,20.07,272530.32,25.47
360246.97,33.67,20.07,272530.32,25.47
360312.29,33.7,20.1,272107.06,25.45
360312.29,33.7,20.1,272107.06,25.45
360456.4,33.73,20.13,272173.83,25.47
360333.04,33.75,20.15,271557.96,25.44
359971.04,33.73,20.14,271268.03,25.42
359735.14,33.74,20.14,270948.33,25.41
359599.17,33.76,20.16,270954.56,25.44
359651.87,33.79,20.19,271031.86,25.47
359361.86,33.77,20.18,270730.85,25.44
359657.88,33.82,20.22,270730.4,25.46
359521.9,33.84,20.24,270730.4,25.48
359385.92,33.86,20.26,270730.71,25.5
359249.94,33.87,20.28,270730.96,25.53
359302.65,33.91,20.31,270734.25,25.55
359355.35,33.94,20.34,270730.4,25.57
358267.53,34.09,20.49,270729.95,25.76
358044.07,34.08,20.48,271290.23,25.82
358096.77,34.11,20.51,271451.56,25.86
358392.79,34.16,20.56,271668.51,25.89
358020.79,34.14,20.54,271568.55,25.89
358020.79,34.14,20.54,271568.55,25.89
358316.82,34.18,20.58,271678.74,25.91
358180.84,34.2,20.6,271849.17,25.96
358044.86,34.22,20.62,271769.86,25.97
357672.86,34.2,20.6,271469.93,25.96
357968.88,34.24,20.64,271900.93,26.01
357648.88,34.22,20.62,271580.93,25.99
357525.53,34.24,20.64,270965.06,25.95
357302.07,34.23,20.63,270714.05,25.94
357302.07,34.23,20.63,270714.05,25.94
357302.07,34.23,20.63,270714.05,25.94
357066.17,34.24,20.64,270394.35,25.93
356930.19,34.26,20.66,270394.14,25.96
357314.85,34.31,20.71,270393.9,25.96
357178.87,34.33,20.73,270467.97,26.0
356866.77,34.31,20.72,270439.18,26.0
356730.8,34.33,20.74,270408.5,26.03
357026.82,34.38,20.78,270962.74,26.09
356890.84,34.4,20.8,270951.71,26.12
357182.77,34.44,20.85,270499.37,26.09
357224.65,34.48,20.88,271666.89,26.22
357088.67,34.5,20.9,271668.96,26.24
356952.7,34.52,20.92,271666.44,26.27
356580.7,34.5,20.9,271236.89,26.24
356444.72,34.52,20.92,271337.1,26.27
356308.74,34.54,20.94,271359.86,26.3
356604.77,34.58,20.98,271300.44,26.31
356900.79,34.63,21.03,271299.99,26.32
356900.79,34.63,21.03,271247.76,26.32
356852.11,34.62,21.02,271199.78,26.31
356716.13,34.64,21.04,271739.79,26.39
356580.15,34.66,21.07,271508.01,26.39
356208.15,34.64,21.05,271508.01,26.41
356098.66,34.67,21.07,271582.09,26.44
356394.68,34.71,21.11,271660.22,26.46
356447.38,34.74,21.15,271613.74,26.47
356311.4,34.76,21.17,271607.7,26.5
356501.85,34.8,21.21,271582.09,26.51
356365.88,34.83,21.23,272369.95,26.62
356240.72,34.85,21.25,272064.19,26.61
356240.72,34.85,21.25,272064.19,26.61
356120.4,34.87,21.27,272532.68,26.68
355984.42,34.89,21.29,272532.81,26.71
356037.13,34.92,21.33,272532.23,26.73
355901.15,34.94,21.35,272532.23,26.76
355765.17,34.96,21.37,272533.09,26.78
355629.19,34.99,21.39,272554.84,26.81
355493.22,35.01,21.41,272532.23,26.84
355368.06,35.03,21.43,272916.53,26.9
355221.26,35.05,21.45,272709.25,26.91
355085.28,35.07,21.47,272708.8,26.93
354949.31,35.09,21.49,272708.8,26.96
354732.06,35.08,21.48,272556.7,26.95
354596.08,35.1,21.5,272556.7,26.98
354460.1,35.12,21.52,272566.14,27.01
354460.1,35.12,21.52,272566.14,27.01
354324.12,35.14,21.54,272562.67,27.03
354129.82,35.13,21.53,272399.23,27.02
354129.82,35.13,21.53,272399.23,27.02
354182.52,35.16,21.57,272554.84,27.06
354182.52,35.16,21.57,272554.84,27.06
354235.22,35.2,21.6,272740.1,27.1
354099.24,35.22,21.62,272718.94,27.12
353875.66,35.21,21.61,272578.35,27.12
354171.68,35.25,21.66,272577.9,27.13
354224.38,35.29,21.69,272577.9,27.15
354088.4,35.31,21.71,272577.9,27.18
354141.1,35.34,21.75,272622.48,27.21
354141.1,35.34,21.75,272622.48,27.21
354005.13,35.36,21.77,272609.21,27.23
353869.15,35.39,21.79,272632.44,27.26
353733.17,35.41,21.81,273306.21,27.36
353597.19,35.43,21.83,273381.04,27.39
353787.65,35.47,21.87,273380.59,27.41
353651.67,35.49,21.9,273380.59,27.44
353651.67,35.49,21.9,273380.59,27.44
353279.67,35.47,21.88,273014.39,27.41
353143.69,35.5,21.9,273051.66,27.45
353007.72,35.52,21.92,273025.56,27.47
352871.74,35.54,21.94,273026.07,27.5
352735.76,35.56,21.96,273343.28,27.56
352610.6,35.59,21.99,273323.13,27.58
352463.81,35.61,22.01,273344.02,27.61
352327.83,35.63,22.03,273380.38,27.65
352191.85,35.65,22.05,273264.71,27.66
352055.87,35.67,22.08,273264.26,27.69
351919.9,35.7,22.1,273264.26,27.72
351783.92,35.72,22.12,273303.27,27.75
351974.37,35.76,22.16,273265.02,27.76
351870.84,35.79,22.19,273462.73,27.81
351724.05,35.81,22.21,274264.66,27.92
351724.05,35.81,22.21,274195.47,27.92
352089.65,35.86,22.26,274195.02,27.93
351975.7,35.88,22.29,273654.44,27.9
351431.79,35.98,22.38,273654.44,28.01
351255.4,35.99,22.4,273527.5,28.03
351119.43,36.02,22.42,273527.5,28.06
350996.07,36.04,22.44,272821.69,28.01
350760.17,36.05,22.46,272591.93,28.02
350950.62,36.1,22.5,273296.66,28.11
350607.92,36.08,22.48,272984.74,28.09
350311.49,36.06,22.46,272685.11,28.07
350175.52,36.08,22.49,272783.61,28.11
350228.22,36.12,22.52,272783.57,28.13
350092.24,36.14,22.55,272783.16,28.16
350092.24,36.14,22.55,272862.69,28.17
349956.26,36.17,22.57,272862.69,28.2
349820.29,36.19,22.59,272984.01,28.24
349684.31,36.21,22.62,272865.52,28.26
349548.33,36.24,22.64,272977.07,28.3
349423.17,36.26,22.66,272920.0,28.32
349734.86,36.31,22.71,273532.51,28.4
349435.27,36.29,22.7,273211.58,28.38
349625.72,36.34,22.74,273279.21,28.4
349678.42,36.37,22.78,273562.48,28.46
349982.59,36.42,22.83,273562.03,28.47
349846.61,36.45,22.85,273562.03,28.5
349710.64,36.47,22.87,273577.36,28.53
349574.66,36.5,22.9,273588.83,28.56
349574.66,36.5,22.9,273585.97,28.56
349438.68,36.52,22.92,273559.16,28.59
349302.7,36.54,22.95,273559.16,28.62
349031.37,36.53,22.93,273864.6,28.66
348895.4,36.55,22.96,273795.29,28.68
348760.6,36.58,22.98,273729.16,28.71
348460.93,36.56,22.96,273426.28,28.69
348337.57,36.58,22.99,272720.47,28.64
348201.59,36.61,23.01,272720.02,28.67
348154.37,36.63,23.04,272678.94,28.69
348207.07,36.67,23.07,272678.94,28.72
348451.11,36.72,23.12,272687.98,28.74
348503.81,36.76,23.16,272681.84,28.76
348367.83,36.78,23.18,272678.96,28.79
348367.83,36.78,23.18,272676.94,28.79
348611.87,36.83,23.23,273336.68,28.88
348475.89,36.85,23.26,272681.53,28.84
348757.0,36.91,23.31,274268.75,29.02
349001.03,36.95,23.36,274268.3,29.04
349001.03,36.95,23.36,274268.3,29.04
349053.74,36.99,23.39,274268.3,29.07
349106.44,37.03,23.43,274268.3,29.09
348970.46,37.05,23.46,274272.68,29.12
349023.16,37.09,23.49,274274.72,29.15
348887.18,37.12,23.52,274321.09,29.18
348751.21,37.14,23.54,275154.31,29.3
348615.23,37.17,23.57,275150.02,29.33
348667.93,37.2,23.61,275149.98,29.36
348531.95,37.23,23.63,275149.57,29.39
348584.65,37.27,23.67,275149.57,29.42
348584.65,37.27,23.67,275222.47,29.42
348448.68,37.29,23.69,275278.19,29.46
348312.7,37.32,23.72,275268.51,29.49
348176.72,37.34,23.75,275222.47,29.52
348229.42,37.38,23.78,275222.47,29.54
348229.42,37.38,23.78,275280.51,29.55
348419.88,37.43,23.83,276166.57,29.67
348283.9,37.45,23.86,276156.68,29.7
348283.9,37.45,23.86,276156.12,29.7
348147.92,37.48,23.88,276086.71,29.72
348443.94,37.53,23.93,276086.4,29.74
348496.64,37.57,23.97,276086.4,29.76
348360.67,37.59,24.0,276086.4,29.79
348551.12,37.64,24.04,276131.7,29.82
348415.14,37.67,24.07,276114.41,29.85
348467.84,37.71,24.11,276105.02,29.88
348095.84,37.68,24.09,276086.4,29.89
347959.87,37.71,24.11,276928.06,30.01
347823.89,37.74,24.14,276795.33,30.03
347687.91,37.76,24.17,276716.02,30.05
347551.94,37.79,24.19,276716.02,30.09
347415.96,37.82,24.22,276715.57,30.12
347279.98,37.84,24.24,276715.57,30.15
347561.09,37.9,24.3,276717.45,30.17
347264.66,37.88,24.28,276414.82,30.15
347128.68,37.9,24.31,276416.91,30.18
347181.39,37.94,24.34,276416.72,30.21
347045.41,37.97,24.37,276422.63,30.24
346909.43,38.0,24.4,276978.37,30.34
346773.45,38.02,24.42,276940.52,30.37
346637.48,38.05,24.45,276946.74,30.4
346501.5,38.08,24.48,276861.2,30.42
346365.52,38.1,24.51,276861.2,30.46
346229.54,38.13,24.53,276861.2,30.49
346093.57,38.16,24.56,276861.21,30.52
345797.14,38.14,24.54,276645.2,30.51
345797.14,38.14,24.54,276645.2,30.51
346078.25,38.19,24.59,276645.19,30.53
346078.25,38.19,24.59,276614.89,30.53
346078.25,38.19,24.59,276649.34,30.53
345942.27,38.22,24.62,276649.34,30.56
345730.73,38.21,24.61,276441.46,30.55
346026.75,38.26,24.66,276725.79,30.6
345890.77,38.29,24.69,276910.29,30.65
345890.77,38.29,24.69,276905.0,30.65
345943.48,38.33,24.73,277230.74,30.71
345653.46,38.31,24.71,276690.79,30.66
345363.45,38.29,24.69,276611.25,30.67
345363.45,38.29,24.69,276687.59,30.67
345416.15,38.33,24.73,276798.67,30.71
345416.15,38.33,24.73,276793.35,30.71
345416.15,38.33,24.73,276793.35,30.71
345416.15,38.33,24.73,276793.35,30.71
345416.15,38.33,24.73,276793.35,30.71
345280.17,38.36,24.76,276765.8,30.74
344908.18,38.33,24.74,276630.49,30.75
344772.2,38.36,24.76,276630.04,30.78
344772.2,38.36,24.76,276618.08,30.78
344824.9,38.4,24.8,276618.08,30.81
344688.92,38.43,24.83,276674.58,30.85
344688.92,38.43,24.83,276699.96,30.85
344552.94,38.46,24.86,276643.92,30.88
344416.97,38.49,24.89,276649.07,30.91
344469.67,38.53,24.93,276644.45,30.94
344333.69,38.55,24.96,276694.99,30.98
344333.69,38.55,24.96,276701.66,30.98
344197.71,38.58,24.98,277029.0,31.05
344493.74,38.64,25.04,277028.55,31.07
344357.76,38.66,25.07,277028.55,31.1
344548.21,38.71,25.12,277028.55,31.13
344412.23,38.74,25.14,277028.55,31.16
344276.26,38.77,25.17,277590.74,31.26
344082.68,38.76,25.16,277396.23,31.25
344010.45,38.77,25.17,277674.38,31.29
343874.47,38.8,25.2,277710.74,31.33
343738.5,38.83,25.23,277595.07,31.36
343448.5,38.81,25.21,277305.07,31.33
343448.5,38.81,25.21,277305.07,31.33
343752.67,38.86,25.26,277292.6,31.35
343805.37,38.9,25.31,277721.51,31.43
343669.39,38.93,25.33,277721.07,31.46
343722.1,38.97,25.38,277721.07,31.49
343586.12,39.0,25.4,277721.07,31.53
343450.14,39.03,25.43,277743.14,31.56
343314.16,39.06,25.46,277725.62,31.6
343366.86,39.1,25.5,277739.84,31.63
343230.89,39.13,25.53,277734.76,31.66
343094.91,39.16,25.56,278095.83,31.74
343094.91,39.16,25.56,278108.32,31.74
343376.02,39.22,25.62,278029.01,31.75
343240.04,39.25,25.65,278444.35,31.84
343240.04,39.25,25.65,278476.27,31.84
343292.74,39.29,25.69,278587.35,31.88
343345.45,39.33,25.73,278722.65,31.93
343209.47,39.36,25.76,278712.75,31.96
343050.79,39.35,25.75,278554.07,31.95
343050.79,39.35,25.75,278539.47,31.95
343050.79,39.35,25.75,278585.25,31.96
342670.64,39.33,25.73,278332.9,31.94
342534.66,39.36,25.76,278263.49,31.97
342587.36,39.4,25.8,278374.57,32.02
342640.07,39.44,25.85,278509.86,32.06
342350.05,39.42,25.83,278193.8,32.04
342214.08,39.45,25.86,278193.35,32.07
342078.1,39.48,25.89,278193.35,32.11
341781.67,39.46,25.87,277843.93,32.08
341645.69,39.49,25.9,278024.82,32.14
341645.69,39.49,25.9,278027.94,32.14
341645.69,39.49,25.9,277982.16,32.13
341645.69,39.49,25.9,277982.16,32.13
341509.71,39.52,25.93,277839.19,32.16
341562.42,39.57,25.97,277801.27,32.18
341426.44,39.6,26.0,278200.83,32.26
341733.28,39.65,26.06,278352.8,32.3
341436.85,39.64,26.04,278112.09,32.28
341316.53,39.67,26.07,278166.25,32.33
341180.55,39.7,26.1,278086.94,32.36
341044.58,39.73,26.13,278086.94,32.39
340908.6,39.76,26.16,278086.49,32.43
340772.62,39.79,26.19,278086.49,32.47
340485.54,39.77,26.17,277874.38,32.46
340538.24,39.81,26.22,277886.58,32.49
340251.15,39.8,26.2,277553.01,32.46
340115.17,39.83,26.23,277545.45,32.5
339901.66,39.81,26.21,277277.44,32.48
339901.66,39.81,26.21,277348.96,32.48
339504.5,39.79,26.19,276993.27,32.46
339368.52,39.82,26.22,276988.64,32.5
339232.55,39.85,26.25,277208.55,32.56
339528.57,39.91,26.31,277340.37,32.6
339392.59,39.94,26.34,277491.88,32.65
339256.61,39.97,26.37,277491.43,32.69
339309.31,40.01,26.41,277491.43,32.72
339173.34,40.04,26.44,277491.43,32.76
339226.04,40.09,26.49,277510.71,32.79
339090.06,40.12,26.52,277498.44,32.83
338954.08,40.15,26.55,277492.48,32.87
338954.08,40.15,26.55,277505.96,32.87
338582.09,40.13,26.53,277250.1,32.86
338886.26,40.19,26.59,277917.49,32.96
338886.26,40.19,26.59,277970.17,32.96
338938.96,40.23,26.63,278268.9,33.03
338568.81,40.21,26.61,277874.16,33.0
338432.83,40.24,26.64,277794.85,33.03
338485.53,40.29,26.69,277979.93,33.08
338349.56,40.32,26.72,277980.06,33.12
338213.58,40.35,26.75,277979.48,33.16
338077.6,40.38,26.78,277980.63,33.2
337941.63,40.41,26.82,278006.45,33.25
337994.33,40.46,26.86,277996.06,33.28
337858.35,40.49,26.89,277987.12,33.32
338154.37,40.55,26.95,278470.46,33.39
338207.07,40.6,27.0,278752.61,33.46
338071.09,40.63,27.03,278752.16,33.5
337935.12,40.66,27.06,278752.16,33.54
338125.57,40.72,27.12,278861.81,33.58
337989.59,40.75,27.15,278808.06,33.61
337853.61,40.78,27.18,278773.61,33.65
337717.64,40.81,27.22,278773.62,33.69
337345.64,40.79,27.19,278377.6,33.66
337231.29,40.83,27.23,279208.43,33.8
337095.32,40.86,27.26,279207.97,33.84
336959.34,40.89,27.3,279250.57,33.89
336823.36,40.93,27.33,279207.97,33.93
336676.57,40.96,27.36,278724.11,33.91
336988.25,41.02,27.42,279121.62,33.98
337232.29,41.08,27.48,279715.72,34.07
337232.29,41.08,27.48,279712.27,34.07
336837.06,41.05,27.46,279340.83,34.05
336722.71,41.09,27.49,279274.66,34.08
336586.73,41.12,27.53,279195.35,34.11
336628.62,41.17,27.57,278744.47,34.09
336341.53,41.15,27.55,278459.13,34.07
336194.74,41.18,27.59,278925.22,34.17
336058.76,41.22,27.62,278925.22,34.21
335922.78,41.25,27.65,278845.91,34.24
335786.81,41.29,27.69,278845.91,34.28
335650.83,41.32,27.72,278882.27,34.33
335514.85,41.35,27.76,278766.6,34.36
335810.87,41.41,27.82,278766.15,34.38
335810.87,41.41,27.82,278765.14,34.38
335674.89,41.45,27.85,278765.14,34.42
335538.92,41.48,27.89,278765.14,34.46
335402.94,41.52,27.92,278803.54,34.51
335266.96,41.55,27.95,278777.64,34.55
335130.99,41.59,27.99,279278.95,34.66
335183.69,41.64,28.04,279246.41,34.69
335047.71,41.67,28.07,279246.43,34.73
335100.41,41.72,28.12,279417.13,34.79
335290.86,41.78,28.18,279416.67,34.81
335154.89,41.81,28.21,279422.47,34.86
335207.59,41.86,28.26,279424.54,34.89
334845.59,41.84,28.24,279220.74,34.89
334709.61,41.87,28.28,279218.65,34.93
334595.27,41.91,28.31,280171.69,35.1
334448.47,41.95,28.35,279709.83,35.08
334301.68,41.98,28.38,279703.64,35.12
334165.7,42.02,28.42,279703.19,35.17
334029.72,42.05,28.45,279703.19,35.21
333893.75,42.09,28.49,279729.6,35.26
334189.77,42.15,28.55,279920.56,35.31
334242.47,42.2,28.6,279840.4,35.33
333870.47,42.18,28.58,279824.55,35.35
333756.13,42.22,28.62,280663.06,35.5
334052.15,42.28,28.68,280773.25,35.54
333916.17,42.32,28.72,280943.68,35.6
333544.17,42.29,28.7,280643.75,35.59
333430.21,42.33,28.74,279899.75,35.54
333430.21,42.33,28.74,279899.75,35.54
333250.58,42.36,28.77,279932.14,35.59
333114.61,42.4,28.8,279932.14,35.63
332978.63,42.44,28.84,279932.14,35.68
332678.96,42.42,28.82,279627.64,35.65
332542.98,42.45,28.86,279628.2,35.7
332839.0,42.52,28.92,279627.87,35.72
332839.0,42.52,28.92,279596.63,35.72
332467.0,42.49,28.9,279596.4,35.74
332126.99,42.47,28.87,279281.65,35.71
331039.17,42.77,29.17,279281.2,36.08
331039.17,42.77,29.17,279281.2,36.08
330903.19,42.81,29.21,279289.47,36.13
330767.21,42.85,29.25,279284.07,36.18
330767.21,42.85,29.25,279284.07,36.18
330631.24,42.88,29.29,279281.2,36.22
330495.26,42.92,29.32,279341.2,36.28
330359.28,42.96,29.36,279261.89,36.31
330655.3,43.02,29.43,279624.6,36.38
330460.2,43.01,29.41,279453.83,36.37
330324.22,43.05,29.45,279453.39,36.42
330188.24,43.09,29.49,279453.38,36.47
330052.26,43.13,29.53,279525.48,36.52
330052.26,43.13,29.53,279558.65,36.53
329916.29,43.17,29.57,279511.59,36.57
329968.99,43.22,29.62,279606.99,36.62
329854.64,43.26,29.66,280426.81,36.78
329929.36,43.32,29.72,280052.0,36.77
329557.37,43.29,29.7,279749.29,36.75
328469.55,43.61,30.01,279748.84,37.14
328810.56,43.67,30.07,279919.77,37.18
328674.58,43.71,30.11,279840.46,37.22
328538.6,43.75,30.15,279840.46,37.27
328435.07,43.8,30.2,279637.85,37.29
328353.95,43.84,30.25,279026.96,37.26
328419.27,43.9,30.3,279422.84,37.35
328184.69,43.93,30.33,279054.97,37.35
328026.01,43.92,30.32,278896.09,37.34
327890.04,43.96,30.36,278896.22,37.39
327754.06,44.0,30.4,278895.64,37.44
327806.76,44.05,30.46,278895.64,37.48
327806.76,44.05,30.46,278895.64,37.48
327806.76,44.05,30.46,278895.64,37.48
327670.78,44.09,30.5,278919.61,37.53
327182.79,44.07,30.47,278593.24,37.52
326094.97,44.4,30.8,278592.93,37.93
325958.99,44.44,30.84,278577.22,37.98
326149.44,44.51,30.91,278568.95,38.01
326149.44,44.51,30.91,278568.95,38.01
326202.14,44.56,30.96,278568.95,38.06
326498.17,44.63,31.03,279702.69,38.23
326362.19,44.67,31.08,279623.38,38.28
326414.89,44.73,31.13,279809.53,38.34
326278.91,44.77,31.18,279730.22,38.39
326142.93,44.82,31.22,279730.22,38.44
326006.96,44.86,31.26,279650.91,38.48
326006.96,44.86,31.26,279674.92,38.48
325800.53,44.85,31.25,279279.12,38.44
325664.55,44.89,31.29,279279.12,38.49
325528.57,44.93,31.33,279278.67,38.55
325528.57,44.93,31.33,279278.67,38.55
325528.57,44.93,31.33,279267.03,38.55
325528.57,44.93,31.33,279267.03,38.55
325392.6,44.97,31.38,279267.03,38.6
325256.62,45.02,31.42,279369.8,38.67
325120.64,45.06,31.46,279291.85,38.71
324984.66,45.11,31.51,279385.42,38.78
324848.69,45.15,31.55,279363.11,38.83
325039.14,45.22,31.62,279430.74,38.87
325102.66,45.28,31.68,279729.76,38.96
325282.29,45.34,31.74,279825.43,39.01
325334.99,45.4,31.8,280108.69,39.09
325199.02,45.45,31.85,280108.25,39.14
325063.04,45.49,31.89,280108.24,39.2
324766.61,45.47,31.87,279835.94,39.18
324766.61,45.47,31.87,279811.47,39.18
324630.63,45.51,31.92,279907.4,39.24
324494.65,45.56,31.96,279817.71,39.29
324122.66,45.54,31.94,279637.84,39.29
323986.68,45.58,31.98,279652.02,39.34
324267.79,45.66,32.06,280235.19,39.46
324175.46,45.71,32.11,280220.38,39.51
324184.51,45.76,32.16,280179.38,39.55
324488.69,45.83,32.24,280178.93,39.57
324352.71,45.88,32.28,280178.93,39.63
324216.73,45.93,32.33,280228.01,39.69
324080.75,45.97,32.37,280243.95,39.75
323944.78,46.02,32.42,280178.93,39.8
323808.8,46.06,32.47,280700.13,39.93
323808.8,46.06,32.47,280700.13,39.93
323808.8,46.06,32.47,280724.9,39.93
323518.79,46.04,32.44,280498.89,39.92
323222.36,46.02,32.42,280282.87,39.91
323503.47,46.1,32.5,280029.78,39.9
323394.47,46.15,32.55,280699.28,40.06
323447.17,46.21,32.61,280699.24,40.1
323311.19,46.26,32.66,280698.83,40.16
323175.22,46.3,32.7,280698.83,40.22
323471.24,46.38,32.78,280756.89,40.25
323335.26,46.42,32.83,280796.78,40.32
323199.28,46.47,32.87,280750.87,40.37
323199.28,46.47,32.87,280733.95,40.36
323074.12,46.52,32.92,280783.27,40.43
322791.23,46.51,32.91,281298.27,40.53
322504.14,46.49,32.89,281069.37,40.52
322268.24,46.52,32.93,280701.27,40.52
322132.26,46.57,32.97,280701.41,40.58
321996.29,46.62,33.02,280700.82,40.64
322292.31,46.69,33.1,280700.82,40.67
321920.31,46.67,33.07,280978.46,40.74
321973.01,46.73,33.14,280747.65,40.75
321837.03,46.78,33.18,280700.82,40.8
321889.73,46.84,33.25,281284.17,40.93
321942.44,46.91,33.31,281350.53,40.99
321806.46,46.96,33.36,281311.43,41.05
322102.48,47.03,33.43,281421.62,41.09
321966.5,47.08,33.48,281592.05,41.18
321830.53,47.13,33.53,281577.26,41.23
321694.55,47.18,33.58,281505.71,41.28
321558.57,47.23,33.63,281426.4,41.33
321802.61,47.3,33.71,281802.31,41.42
321448.39,47.28,33.69,281394.69,41.39
321312.41,47.33,33.74,281394.83,41.45
321176.44,47.38,33.79,281394.24,41.51
320804.44,47.36,33.76,281094.31,41.5
320668.46,47.41,33.81,281135.83,41.57
320532.48,47.46,33.86,281183.35,41.64
320532.48,47.46,33.86,281183.35,41.64
320396.51,47.51,33.91,281098.6,41.68
320260.53,47.56,33.96,281169.0,41.76
320124.55,47.61,34.02,281169.13,41.82
320315.0,47.69,34.09,281168.55,41.86
319974.99,47.66,34.07,280832.64,41.83
320038.51,47.73,34.13,281154.28,41.93
320308.8,47.81,34.21,281288.02,41.99
320361.5,47.88,34.28,281288.02,42.04
320225.53,47.93,34.33,281323.83,42.1
319938.44,47.91,34.31,281112.6,42.09
319802.46,47.96,34.36,281076.79,42.15
319506.03,47.94,34.34,281203.91,42.19
319370.05,47.99,34.39,281083.83,42.24
319244.89,48.04,34.44,281496.6,42.36
319098.1,48.09,34.49,281290.02,42.39
319150.8,48.16,34.56,281401.1,42.46
319341.25,48.23,34.64,281640.92,42.54
319237.72,48.29,34.69,281734.84,42.62
319031.3,48.28,34.68,281607.5,42.61
318895.32,48.33,34.73,281607.63,42.68
318759.34,48.38,34.78,281607.05,42.74
318812.04,48.45,34.85,281607.05,42.8
319196.7,48.53,34.93,281702.02,42.83
319060.73,48.59,34.99,281748.63,42.9
318924.75,48.64,35.04,281714.22,42.96
318842.83,48.64,35.05,282979.79,43.17
318706.85,48.7,35.1,282979.34,43.24
318706.85,48.7,35.1,282979.34,43.24
318897.3,48.77,35.18,282979.34,43.28
319193.33,48.85,35.26,283128.99,43.33
319193.33,48.85,35.26,283127.04,43.33
319057.35,48.91,35.31,283050.03,43.39
319338.46,48.99,35.4,283547.82,43.5
319202.48,49.05,35.45,283145.84,43.51
319066.5,49.1,35.5,283145.39,43.57
318716.14,49.08,35.49,284180.0,43.77
318635.02,49.15,35.55,283297.11,43.7
318635.02,49.15,35.55,283315.19,43.7
318688.36,49.22,35.62,283310.7,43.75
318465.76,49.26,35.66,283318.66,43.82
318465.76,49.26,35.66,283332.14,43.82
318465.76,49.26,35.66,283352.86,43.83
318329.78,49.31,35.72,283352.86,43.9
318215.82,49.37,35.77,282671.69,43.86
318040.36,49.42,35.82,282579.24,43.91
317904.39,49.48,35.88,282579.24,43.98
317768.41,49.53,35.94,282890.56,44.1
317632.43,49.59,35.99,282869.29,44.16
317632.43,49.59,35.99,282877.04,44.16
317674.32,49.66,36.06,282686.45,44.19
317674.32,49.66,36.06,282686.45,44.19
317527.52,49.71,36.12,282622.18,44.25
317391.55,49.77,36.17,282622.32,44.32
317255.57,49.83,36.23,282621.73,44.39
317119.59,49.88,36.29,282674.69,44.47
317385.26,49.97,36.37,283420.45,44.62
317695.15,50.06,36.46,283447.54,44.66
317695.15,50.06,36.46,283447.54,44.66
317541.5,50.11,36.52,283166.98,44.69
317405.52,50.17,36.57,283121.63,44.75
317458.22,50.24,36.65,283114.03,44.81
317322.25,50.3,36.7,283114.03,44.88
317374.95,50.38,36.78,283597.59,45.01
317374.95,50.38,36.78,283597.59,45.01
317238.97,50.43,36.84,283453.9,45.06
317102.99,50.49,36.89,283453.46,45.13
316967.02,50.55,36.95,283453.46,45.21
317263.04,50.64,37.04,283453.46,45.24
317315.74,50.71,37.11,283479.94,45.3
317179.76,50.77,37.17,283459.74,45.37
316917.57,50.75,37.16,283241.55,45.36
316917.57,50.75,37.16,283255.03,45.36
316810.21,50.75,37.15,283148.09,45.35
316674.23,50.81,37.21,283141.8,45.43
316538.25,50.87,37.27,283155.28,45.5
316380.9,50.85,37.26,282997.92,45.49
316244.92,50.91,37.32,283500.3,45.64
316108.94,50.97,37.38,283499.85,45.71
315972.96,51.03,37.44,283540.77,45.8
316025.67,51.11,37.51,283501.43,45.85
315889.69,51.17,37.57,283499.85,45.92
315753.71,51.23,37.63,284183.97,46.11
315617.73,51.29,37.69,283719.97,46.11
315617.73,51.29,37.69,283719.97,46.11
315481.76,51.35,37.76,283640.66,46.17
315109.76,51.33,37.73,283372.81,46.16
314021.94,51.83,38.23,283372.36,46.77
314021.94,51.83,38.23,283372.36,46.77
314074.64,51.91,38.31,283203.77,46.81
313938.66,51.97,38.37,283530.6,46.94
313598.73,51.95,38.35,283201.47,46.91
313879.84,52.04,38.44,283616.55,47.02
313743.86,52.1,38.51,283616.11,47.1
313809.18,52.19,38.59,283192.84,47.09
313673.2,52.25,38.65,283192.84,47.17
313386.11,52.23,38.63,282907.76,47.15
313150.21,52.28,38.68,282579.61,47.17
312847.16,52.26,38.66,282339.62,47.16
313128.27,52.35,38.76,282382.39,47.21
313180.97,52.43,38.84,282357.0,47.27
313180.97,52.43,38.84,282357.0,47.27
313045.0,52.5,38.9,282340.43,47.35
312909.02,52.57,38.97,282341.49,47.43
312773.04,52.63,39.03,283028.05,47.63
312773.04,52.63,39.03,283028.05,47.63
312637.06,52.7,39.1,282869.68,47.68
312827.52,52.79,39.19,282871.31,47.73
312827.52,52.79,39.19,282917.56,47.74
312691.54,52.85,39.25,282915.58,47.82
312555.56,52.92,39.32,282915.51,47.9
312419.58,52.99,39.39,283064.56,48.01
312472.29,53.07,39.47,282963.8,48.06
312472.29,53.07,39.47,282963.8,48.06
312524.99,53.15,39.55,282939.34,48.12
312389.01,53.22,39.62,283603.24,48.31
312253.03,53.28,39.69,283524.33,48.38
312056.24,53.27,39.67,283311.97,48.36
312246.7,53.36,39.77,283379.6,48.43
312110.72,53.43,39.83,283552.43,48.54
311823.63,53.41,39.81,283340.88,48.53
311876.33,53.5,39.9,283451.96,48.62
312172.35,53.59,39.99,283750.53,48.71
312068.83,53.66,40.07,283789.77,48.8
312068.83,53.66,40.07,283743.51,48.79
312259.28,53.76,40.16,283743.51,48.85
312123.3,53.83,40.23,283743.51,48.93
312123.3,53.83,40.23,283792.59,48.94
311987.32,53.89,40.3,283793.49,49.02
311851.35,53.96,40.37,283793.56,49.11
311578.23,53.95,40.35,283646.5,49.12
311578.23,53.95,40.35,283611.6,49.11
311281.81,53.93,40.33,283410.04,49.1
311577.83,54.03,40.43,283409.07,49.14
311643.15,54.11,40.52,282985.81,49.14
311271.15,54.09,40.49,283045.63,49.19
311035.25,54.15,40.55,282722.01,49.22
311100.57,54.23,40.64,282298.75,49.21
310865.99,54.29,40.69,281976.45,49.24
310918.69,54.37,40.78,282000.03,49.32
310782.71,54.44,40.85,281916.62,49.39
310782.71,54.44,40.85,281955.62,49.39
310646.74,54.52,40.92,282528.2,49.58
310510.76,54.59,40.99,282528.2,49.67
310876.36,54.69,41.09,282528.2,49.7
310740.39,54.76,41.16,282901.08,49.85
310793.09,54.85,41.25,283191.87,49.98
310657.11,54.92,41.32,283191.42,50.07
310657.11,54.92,41.32,283214.33,50.07
310521.13,54.99,41.4,283214.33,50.16
310440.01,55.08,41.48,282389.04,50.1
310505.33,55.17,41.57,282758.02,50.24
310208.9,55.15,41.55,282468.25,50.22
310072.93,55.22,41.62,282468.25,50.31
309936.95,55.3,41.7,282512.79,50.4
309800.97,55.37,41.77,282502.86,50.49
309664.99,55.44,41.85,282546.79,50.59
309203.41,55.42,41.82,282107.37,50.56
309078.25,55.5,41.9,282252.57,50.68
309078.25,55.5,41.9,282284.19,50.69
309078.25,55.5,41.9,282268.37,50.68
309257.89,55.59,42.0,282362.72,50.76
309121.91,55.67,42.07,282362.28,50.85
308825.48,55.65,42.05,282040.14,50.82
309121.5,55.75,42.15,282040.13,50.87
308985.52,55.83,42.23,282040.13,50.96
308849.55,55.9,42.3,282089.03,51.06
308713.57,55.98,42.38,282043.27,51.14
308393.57,55.95,42.36,281723.27,51.11
308257.59,56.03,42.43,282542.83,51.36
308210.37,56.1,42.51,282361.77,51.4
307913.94,56.08,42.49,282073.68,51.38
307777.96,56.16,42.56,281994.37,51.46
307641.99,56.24,42.64,281994.37,51.55
307506.01,56.32,42.72,281915.06,51.63
307569.53,56.41,42.81,281724.97,51.67
307422.73,56.49,42.89,281628.15,51.75
307286.76,56.57,42.97,281628.15,51.84
307150.78,56.65,43.05,281627.7,51.94
307014.8,56.73,43.13,281627.7,52.04
307067.5,56.82,43.22,281627.7,52.11
307363.52,56.93,43.33,281668.91,52.17
307227.55,57.01,43.41,281627.7,52.26
307227.55,57.01,43.41,281646.41,52.26
307091.57,57.09,43.49,282397.51,52.5
306966.41,57.17,43.57,282079.7,52.53
306846.09,57.25,43.66,282316.17,52.68
306710.12,57.34,43.74,282315.72,52.78
306574.14,57.42,43.82,282315.72,52.87
306438.16,57.5,43.9,282317.77,52.97
306628.61,57.61,44.01,282315.89,53.04
306628.61,57.61,44.01,282315.89,53.04
306492.64,57.69,44.09,282321.26,53.14
306325.7,57.68,44.08,282127.68,53.13
306189.72,57.77,44.17,282127.23,53.23
306075.38,57.85,44.25,282235.92,53.35
305928.58,57.93,44.34,282619.95,53.52
305781.79,58.02,44.42,282440.06,53.59
305834.49,58.12,44.52,282440.06,53.67
305887.19,58.22,44.62,282440.06,53.75
305751.21,58.3,44.7,282495.78,53.87
305615.24,58.39,44.79,282459.2,53.96
305500.89,58.48,44.88,283553.48,54.27
305364.92,58.56,44.96,283553.03,54.38
305439.64,58.67,45.07,283236.26,54.4
305260.01,58.75,45.15,283005.65,54.46
304963.58,58.72,45.13,282717.28,54.44
304827.6,58.81,45.21,282717.28,54.55
304691.62,58.9,45.3,282889.24,54.68
304555.65,58.99,45.39,282872.19,54.79
304851.67,59.1,45.5,282876.5,54.84
304851.67,59.1,45.5,282876.53,54.84
304904.37,59.2,45.6,282818.88,54.91
304684.15,59.18,45.59,282602.7,54.9
304684.15,59.18,45.59,282602.7,54.9
304558.99,59.28,45.68,283162.57,55.11
304423.01,59.36,45.77,283162.58,55.22
304264.33,59.35,45.75,283003.91,55.21
304306.22,59.45,45.86,283135.44,55.32
304358.92,59.56,45.96,283134.97,55.41
304411.62,59.66,46.07,283134.97,55.49
304275.64,59.75,46.16,283387.13,55.65
304139.67,59.85,46.25,283154.11,55.72
304351.75,59.96,46.37,283266.44,55.81
304393.64,60.07,46.47,284169.04,56.08
304031.64,60.05,46.45,283891.45,56.07
303884.84,60.14,46.54,283670.07,56.14
303748.87,60.23,46.64,283676.3,56.25
303452.44,60.21,46.61,283462.3,56.25
303316.46,60.31,46.71,283376.76,56.34
303180.48,60.4,46.8,283297.45,56.44
302957.02,60.39,46.79,283093.18,56.43
302821.05,60.49,46.89,283093.18,56.55
302685.07,60.58,46.98,283092.73,56.66
302737.77,60.69,47.09,283092.73,56.75
302601.79,60.78,47.19,283092.73,56.86
302465.82,60.88,47.28,283093.19,56.98
302518.52,60.99,47.39,283092.73,57.07
302518.52,60.99,47.39,283092.73,57.07
302382.54,61.08,47.49,283493.96,57.27
302246.56,61.18,47.58,283440.2,57.37
302110.58,61.28,47.68,283471.6,57.5
302110.58,61.28,47.68,283471.6,57.5
301974.61,61.37,47.78,283471.15,57.61
302027.31,61.49,47.89,283471.15,57.71
301891.33,61.58,47.99,283471.15,57.83
301891.33,61.58,47.99,283471.15,57.83
301755.35,61.68,48.08,283478.05,57.94
301619.38,61.78,48.18,283572.38,58.08
301619.38,61.78,48.18,283572.38,58.08
301483.4,61.88,48.28,283970.5,58.28
301347.42,61.98,48.38,283970.05,58.4
301347.42,61.98,48.38,283970.05,58.4
301211.44,62.08,48.48,283970.05,58.52
301086.28,62.18,48.58,283747.78,58.6
301379.64,62.3,48.7,283993.72,58.71
301243.66,62.4,48.8,284033.2,58.84
301107.68,62.5,48.9,284030.7,58.96
301298.14,62.63,49.03,284007.72,59.03
301350.84,62.74,49.14,284595.09,59.25
301350.84,62.74,49.14,284595.09,59.25
301258.51,62.85,49.26,284139.88,59.28
301082.13,62.95,49.35,284518.21,59.49
301326.16,63.08,49.48,284438.9,59.54
301190.19,63.18,49.58,284814.97,59.75
301054.21,63.29,49.69,284814.52,59.87
300918.23,63.39,49.79,284814.52,60.0
300782.25,63.5,49.9,284839.27,60.13
300412.11,63.48,49.88,284574.45,60.13
300122.09,63.46,49.86,284288.39,60.11
300366.13,63.59,49.99,284264.59,60.18
300230.15,63.7,50.1,284269.77,60.31
300282.85,63.82,50.22,284635.24,60.49
300146.87,63.93,50.33,284680.14,60.63
300010.9,64.03,50.44,284760.57,60.78
300306.92,64.16,50.56,284760.12,60.84
299934.92,64.15,50.55,284760.12,60.9
299798.94,64.25,50.66,284788.77,61.04
299798.94,64.25,50.66,284788.77,61.04
300094.96,64.38,50.79,284771.46,61.1
299722.97,64.37,50.77,284760.12,61.15
300018.99,64.5,50.9,285337.74,61.34
299883.01,64.61,51.01,285318.23,61.47
299747.03,64.72,51.12,285317.93,61.6
299611.05,64.83,51.23,285317.92,61.73
299475.08,64.94,51.34,284899.12,61.78
299155.08,64.91,51.32,284579.12,61.75
299019.1,65.03,51.43,284765.09,61.93
298846.95,65.05,51.46,286019.13,62.26
298899.65,65.18,51.58,285893.32,62.34
299195.67,65.31,51.71,285870.66,62.4
299248.37,65.44,51.84,285833.16,62.51
299301.07,65.57,51.97,286737.14,62.81
298939.89,65.56,51.96,286432.02,62.81
299225.1,65.69,52.09,286696.36,62.94
299089.12,65.8,52.2,286695.91,63.07
299141.82,65.93,52.33,286695.91,63.19
298769.82,65.92,52.32,286521.59,63.21
298769.82,65.92,52.32,286521.59,63.21
298822.52,66.05,52.45,286521.59,63.33
298686.55,66.16,52.56,286536.13,63.47
298982.57,66.3,52.7,286527.18,63.53
298846.59,66.41,52.82,286521.59,63.67
298710.61,66.53,52.93,286521.59,63.82
298574.63,66.65,53.05,287328.07,64.14
298574.63,66.65,53.05,287328.07,64.14
298627.34,66.78,53.18,287328.07,64.25
298491.36,66.9,53.3,287328.07,64.4
298544.06,67.03,53.44,287328.07,64.52
298596.76,67.17,53.57,287328.24,64.63
298388.41,67.16,53.56,287113.74,64.62
298252.43,67.28,53.68,287114.88,64.76
298496.47,67.42,53.82,287582.87,64.96
298124.47,67.41,53.81,287169.94,64.93
297988.49,67.53,53.93,287118.08,65.07
298041.19,67.67,54.07,287625.97,65.3
298106.51,67.81,54.21,287202.71,65.33
297970.54,67.93,54.33,287202.26,65.48
297680.52,67.91,54.32,286983.08,65.47
297633.3,68.03,54.43,286839.08,65.56
297497.32,68.15,54.56,286839.08,65.71
297361.35,68.28,54.68,286858.74,65.87
297361.35,68.28,54.68,286858.74,65.87
297414.05,68.42,54.82,286841.69,65.99
297278.07,68.54,54.95,286858.16,66.14
297142.09,68.67,55.07,286839.08,66.29
297006.12,68.8,55.2,286894.74,66.46
296870.14,68.93,55.33,287027.73,66.64
296870.14,68.93,55.33,287027.73,66.64
297166.16,69.07,55.47,287027.28,66.71
297030.18,69.2,55.6,287027.28,66.87
296658.18,69.19,55.59,287060.64,66.95
296522.21,69.32,55.72,287032.49,67.1
296574.91,69.46,55.87,287033.86,67.23
296574.91,69.46,55.87,287033.86,67.23
296438.93,69.59,56.0,287029.32,67.39
296491.63,69.74,56.14,287390.39,67.6
296779.5,69.89,56.29,287728.88,67.76
296643.53,70.02,56.42,287715.08,67.91
296507.55,70.15,56.56,287716.07,68.07
296371.57,70.29,56.69,287628.73,68.21
296615.61,70.44,56.85,287628.42,68.31
296479.63,70.58,56.98,287628.42,68.47
296343.65,70.71,57.12,287641.37,68.64
296343.65,70.71,57.12,287641.37,68.64
296207.67,70.85,57.25,287637.39,68.8
295833.83,70.84,57.24,287437.69,68.83
296024.28,71.0,57.4,287428.72,68.94
296024.28,71.0,57.4,287428.72,68.94
296024.28,71.0,57.4,287461.89,68.94
295888.3,71.14,57.54,288037.07,69.25
295752.32,71.27,57.68,287890.54,69.38
295805.03,71.43,57.83,288248.71,69.6
295870.35,71.58,57.98,287825.45,69.64
295870.35,71.58,57.98,287805.41,69.63
295635.77,71.7,58.1,287483.1,69.72
295499.79,71.84,58.24,287482.65,69.89
295363.81,71.98,58.38,287482.65,70.06
295073.8,71.97,58.37,287394.47,70.09
293985.98,73.13,59.53,287394.16,71.49
293850.0,73.28,59.68,287418.92,71.67
293714.03,73.43,59.83,287420.83,71.85
293578.05,73.58,59.98,287394.16,72.03
293463.7,73.73,60.14,288112.67,72.39
293327.73,73.88,60.29,288102.77,72.57
293402.45,74.05,60.46,287508.72,72.57
293222.82,74.2,60.6,287572.91,72.77
293275.52,74.36,60.76,287666.34,72.94
293139.54,74.52,60.92,287666.13,73.12
293139.54,74.52,60.92,287674.2,73.13
293420.65,74.69,61.09,287673.96,73.23
293284.68,74.85,61.25,287699.76,73.42
293148.7,75.0,61.41,287691.73,73.61
292858.69,74.99,61.39,287508.01,73.62
292652.26,74.98,61.39,287262.68,73.6
292842.71,75.16,61.56,287244.91,73.72
292842.71,75.16,61.56,287244.91,73.72
291754.89,76.45,62.85,287244.46,75.27
291618.91,76.61,63.02,288092.73,75.69
291820.18,76.8,63.2,288163.74,75.83
291697.48,76.81,63.21,288476.42,75.96
291968.0,76.98,63.38,288613.21,76.09
291832.02,77.15,63.55,288498.25,76.26
291884.73,77.32,63.73,288609.33,76.46
291884.73,77.32,63.73,288609.33,76.46
292180.75,77.5,63.9,288907.9,76.63
292044.77,77.67,64.07,288907.45,76.84
291908.79,77.84,64.24,288907.45,77.04
291536.79,77.84,64.24,288661.89,77.07
291400.82,78.01,64.41,288663.22,77.28
291264.84,78.18,64.59,288707.76,77.5
291128.86,78.36,64.76,288701.45,77.7
290992.88,78.53,64.93,288958.39,77.98
290618.32,78.53,64.93,288579.64,77.98
290493.16,78.71,65.11,288485.02,78.16
290346.37,78.88,65.28,288283.15,78.32
290642.39,79.06,65.46,288283.15,78.42
290695.09,79.25,65.65,288283.15,78.59
290559.11,79.43,65.83,288283.15,78.81
290187.12,79.43,65.83,288283.15,78.91
290483.14,79.61,66.02,288283.15,79.01
290483.14,79.61,66.02,288283.15,79.01
290111.14,79.62,66.02,288283.15,79.11
289975.16,79.8,66.2,288311.29,79.34
290271.18,79.98,66.38,288309.05,79.44
289899.18,79.98,66.39,288283.15,79.54
290195.2,80.17,66.57,288998.92,79.84
289971.75,80.18,66.58,288674.33,79.82
290267.77,80.36,66.77,289078.41,80.03
290267.77,80.36,66.77,289078.41,80.03
290320.47,80.56,66.96,289189.49,80.25
290184.49,80.75,67.15,289184.18,80.47
290184.49,80.75,67.15,289206.59,80.47
290048.51,80.93,67.34,289127.28,80.68
289912.54,81.12,67.52,289127.28,80.9
289776.56,81.31,67.71,289127.41,81.13
289640.58,81.5,67.9,289126.83,81.36
289268.58,81.5,67.91,288970.43,81.42
289132.61,81.7,68.1,288970.43,81.65
288996.63,81.89,68.29,289255.97,81.96
288860.65,82.08,68.49,289084.49,82.15
289178.31,82.28,68.69,290097.87,82.55
289042.33,82.48,68.88,290097.43,82.78
288906.35,82.68,69.08,290097.43,83.02
288770.37,82.88,69.28,290114.52,83.26
288845.09,83.09,69.49,289742.15,83.35
288665.46,83.28,69.68,289522.85,83.53
288529.49,83.48,69.88,289563.22,83.78
288167.49,83.49,69.89,289285.63,83.81
288031.51,83.69,70.09,289250.05,84.04
288084.21,83.9,70.3,289228.17,84.23
288136.91,84.12,70.52,289705.64,84.57
288000.94,84.32,70.72,289568.04,84.78
287864.96,84.53,70.93,289568.04,85.03
287917.66,84.75,71.15,289568.04,85.23
288221.83,84.95,71.35,290037.41,85.49
288085.86,85.16,71.56,290087.16,85.75
287949.88,85.37,71.78,290087.3,86.01
287569.73,85.38,71.79,289811.93,86.05
287865.75,85.59,71.99,289811.35,86.17
287729.77,85.8,72.21,289811.35,86.43
287593.8,86.02,72.42,289861.46,86.7
287874.91,86.25,72.65,289811.35,86.83
287738.93,86.47,72.87,290398.36,87.26
287791.63,86.69,73.09,290520.87,87.51
287655.65,86.91,73.32,290649.6,87.82
287532.29,87.14,73.54,290033.74,87.9
287296.39,87.33,73.73,289714.03,88.07
287096.56,87.33,73.73,289715.81,88.13
287096.56,87.33,73.73,289693.4,88.12
287149.26,87.56,73.97,289693.4,88.34
287149.26,87.56,73.97,289693.4,88.34
287149.26,87.56,73.97,289718.43,88.35
287013.28,87.79,74.19,289718.43,88.62
286641.29,87.8,74.21,289324.07,88.62
286693.99,88.04,74.44,289324.07,88.85
286558.01,88.27,74.67,289324.47,89.12
286422.03,88.5,74.9,289324.29,89.39
286313.35,88.49,74.9,289215.61,89.39
286177.38,88.73,75.13,289215.39,89.67
286041.4,88.96,75.36,289643.18,90.08
285905.42,89.19,75.6,289569.51,90.34
285958.12,89.44,75.84,289680.59,90.6
286342.78,89.65,76.05,290038.01,90.8
286342.78,89.65,76.05,290038.01,90.8
286030.69,89.68,76.08,289881.08,90.89
286030.69,89.68,76.08,289877.36,90.89
286030.69,89.68,76.08,289877.36,90.89
286083.39,89.93,76.33,289988.44,91.15
285947.41,90.17,76.57,289971.14,91.44
285811.43,90.41,76.81,289891.83,91.7
285675.45,90.65,77.06,289891.83,91.99
285675.45,90.65,77.06,289891.83,91.99
285664.64,90.94,77.34,289270.66,92.09
285616.35,91.21,77.62,290983.88,92.93
286084.17,91.66,78.06,291781.6,93.48
286205.76,91.93,78.34,291254.88,93.55
286735.28,92.4,78.8,291132.38,93.82
288240.3,93.19,79.59,291463.41,94.23
289118.5,93.67,80.07,291600.06,94.47
289118.5,93.67,80.07,291600.06,94.47
290284.87,94.35,80.75,291340.87,94.69
291468.11,94.88,81.28,291138.91,94.77
291180.5,94.88,81.29,291371.69,94.95
291197.17,95.07,81.47,291003.57,95.01
292489.47,95.81,82.21,290820.86,95.26
293805.34,96.55,82.96,292390.52,96.09
295264.0,97.35,83.76,292464.74,96.43
296859.75,98.03,84.43,295414.88,97.55
296859.75,98.03,84.43,295414.88,97.55
296397.38,98.14,84.54,294555.11,97.53
296397.38,98.14,84.54,294555.11,97.53
296195.23,98.34,84.74,294173.33,97.67
295864.16,98.56,84.96,293129.01,97.64
295864.16,98.56,84.96,293129.01,97.64
295864.16,98.56,84.96,293129.01,97.64
295864.16,98.56,84.96,293129.01,97.64
295864.16,98.56,84.96,293129.01,97.64
296312.31,98.78,85.18,293387.67,97.81
296312.31,98.78,85.18,293387.67,97.81
296312.31,98.78,85.18,293387.67,97.81
296990.11,99.08,85.48,293538.42,97.93
296990.11,99.08,85.48,293538.42,97.93
296990.11,99.08,85.48,293538.42,97.93
296990.11,99.08,85.48,293538.42,97.93
296990.11,99.08,85.48,293538.42,97.93
296990.11,99.08,85.48,293538.42,97.93
296990.11,99.08,85.48,293538.42,97.93
296990.11,99.08,85.48,293538.42,97.93
296990.11,99.08,85.48,293538.42,97.93
296990.11,99.08,85.48,293538.42,97.93
296990.11,99.08,85.48,293538.42,97.93
296772.86,99.08,85.49,293341.01,97.94
296772.86,99.08,85.49,293341.01,97.94
296772.86,99.08,85.49,293341.01,97.94
296772.86,99.08,85.49,293341.01,97.94
296772.86,99.08,85.49,293341.01,97.94
296772.86,99.08,85.49,293341.01,97.94
296772.86,99.08,85.49,293341.01,97.94
296772.86,99.08,85.49,293341.01,97.94
296772.86,99.08,85.49,293341.01,97.94
296772.86,99.08,85.49,293389.26,97.95
296772.86,99.08,85.49,293389.26,97.95
296772.86,99.08,85.49,293383.63,97.95
296772.86,99.08,85.49,293383.63,97.95
296772.86,99.08,85.49,293383.63,97.95
296772.86,99.08,85.49,293383.63,97.95
296772.86,99.08,85.49,293383.63,97.95
296772.86,99.08,85.49,293383.63,97.95
296772.86,99.08,85.49,293383.63,97.95
296772.86,99.08,85.49,293383.63,97.95
296772.86,99.08,85.49,293383.63,97.95
296772.86,99.08,85.49,293383.63,97.95
296772.86,99.08,85.49,293383.63,97.95
296772.86,99.08,85.49,293383.63,97.95
296772.86,99.08,85.49,293383.63,97.95
296614.18,99.08,85.49,293224.95,97.95
296614.18,99.08,85.49,293224.95,97.95
296614.18,99.08,85.49,293224.95,97.95
296614.18,99.08,85.49,293224.95,97.95
296614.18,99.08,85.49,293224.95,97.95
296614.18,99.08,85.49,293224.95,97.95
296614.18,99.08,85.49,293224.95,97.95
296614.18,99.08,85.49,293224.95,97.95
296614.18,99.08,85.49,293224.95,97.95
296614.18,99.08,85.49,293224.95,97.95
296614.18,99.08,85.49,293224.95,97.95
296614.18,99.08,85.49,293224.95,97.95
296614.18,99.08,85.49,293224.95,97.95
296378.28,99.34,85.74,292853.23,98.15
296378.28,99.34,85.74,292853.23,98.15
296378.28,99.34,85.74,292853.23,98.15
296378.28,99.34,85.74,292853.23,98.15
296378.28,99.34,85.74,292853.23,98.15
296378.28,99.34,85.74,292853.23,98.15
296378.28,99.34,85.74,292853.23,98.15
296378.28,99.34,85.74,292853.23,98.15
296378.28,99.34,85.74,292853.23,98.15
296378.28,99.34,85.74,292853.23,98.15
296378.28,99.34,85.74,292853.23,98.15
296378.28,99.34,85.74,292853.23,98.15
296378.28,99.34,85.74,292853.23,98.15
296378.28,99.34,85.74,292853.23,98.15
296378.28,99.34,85.74,292853.23,98.15
296378.28,99.34,85.74,292853.23,98.15
296378.28,99.34,85.74,292853.23,98.15
296378.28,99.34,85.74,292853.23,98.15
296378.28,99.34,85.74,292853.23,98.15
296378.28,99.34,85.74,292853.23,98.15
296378.28,99.34,85.74,292853.23,98.15
296378.28,99.34,85.74,292853.23,98.15
296378.28,99.34,85.74,292853.23,98.15
296378.28,99.34,85.74,292853.23,98.15
296378.28,99.34,85.74,292853.23,98.15
296378.28,99.34,85.74,292853.23,98.15
296378.28,99.34,85.74,292853.23,98.15
296378.28,99.34,85.74,292853.23,98.15
296378.28,99.34,85.74,292853.23,98.15
296378.28,99.34,85.74,292853.23,98.15
296378.28,99.34,85.74,292853.23,98.15
296378.28,99.34,85.74,292853.23,98.15
296378.28,99.34,85.74,292853.23,98.15
296378.28,99.34,85.74,292853.23,98.15
296378.28,99.34,85.74,292853.23,98.15
296378.28,99.34,85.74,292853.23,98.15
296378.28,99.34,85.74,292853.23,98.15
296378.28,99.34,85.74,292853.23,98.15
296378.28,99.34,85.74,292853.23,98.15
296378.28,99.34,85.74,292853.23,98.15
296378.28,99.34,85.74,292853.23,98.15
296378.28,99.34,85.74,292853.23,98.15
296378.28,99.34,85.74,292853.23,98.15
296378.28,99.34,85.74,292853.23,98.15
296378.28,99.34,85.74,292830.64,98.15
296378.28,99.34,85.74,292830.64,98.15
296378.28,99.34,85.74,292830.64,98.15
296378.28,99.34,85.74,292830.64,98.15
296378.28,99.34,85.74,292830.64,98.15
295378.28,99.33,85.74,291830.64,98.14
295378.28,99.33,85.74,291830.64,98.14
295378.28,99.33,85.74,291830.64,98.14
295378.28,99.33,85.74,291830.64,98.14
295378.28,99.33,85.74,291830.64,98.14
295378.28,99.33,85.74,291830.64,98.14
295378.28,99.33,85.74,291830.64,98.14
295378.28,99.33,85.74,291830.64,98.14
295378.28,99.33,85.74,291855.49,98.15
295378.28,99.33,85.74,291855.49,98.15
295378.28,99.33,85.74,291855.49,98.15
295378.28,99.33,85.74,291855.49,98.15
295378.28,99.33,85.74,291855.49,98.15
295378.28,99.33,85.74,291855.49,98.15
295378.28,99.33,85.74,291855.49,98.15
295378.28,99.33,85.74,291855.49,98.15
295378.28,99.33,85.74,291855.49,98.15
295378.28,99.33,85.74,291855.49,98.15
295378.28,99.33,85.74,291855.49,98.15
295378.28,99.33,85.74,291881.23,98.16
295378.28,99.33,85.74,291881.23,98.16
295378.28,99.33,85.74,291881.23,98.16
295378.28,99.33,85.74,291874.75,98.16
295378.28,99.33,85.74,291874.75,98.16
295378.28,99.33,85.74,291874.75,98.16
295378.28,99.33,85.74,291874.75,98.16
295378.28,99.33,85.74,291897.67,98.16
295378.28,99.33,85.74,291923.82,98.17
295378.28,99.33,85.74,291923.82,98.17
295378.28,99.33,85.74,291923.82,98.17
295378.28,99.33,85.74,291908.0,98.17
295378.28,99.33,85.74,291926.74,98.17
295378.28,99.33,85.74,291926.74,98.17
295378.28,99.33,85.74,291926.74,98.17
295378.28,99.33,85.74,291926.74,98.17
295378.28,99.33,85.74,291926.74,98.17
295378.28,99.33,85.74,291926.74,98.17
295378.28,99.33,85.74,291926.74,98.17
295269.6,99.33,85.74,291818.27,98.17
295269.6,99.33,85.74,291818.27,98.17
295269.6,99.33,85.74,291818.27,98.17
295269.6,99.33,85.74,291818.27,98.17
294269.6,99.33,85.73,290818.27,98.17
294269.6,99.33,85.73,290818.27,98.17
294269.6,99.33,85.73,290818.27,98.17
294269.6,99.33,85.73,290818.27,98.17
294269.6,99.33,85.73,290818.27,98.17
294269.6,99.33,85.73,290818.27,98.17
294269.6,99.33,85.73,290818.27,98.17
294269.6,99.33,85.73,290818.27,98.17
294269.6,99.33,85.73,290818.27,98.17
294269.6,99.33,85.73,290818.27,98.17
294269.6,99.33,85.73,290818.27,98.17
294269.6,99.33,85.73,290818.27,98.17
294269.6,99.33,85.73,290818.27,98.17
294269.6,99.33,85.73,290818.27,98.17
294269.6,99.33,85.73,290818.27,98.17
294269.6,99.33,85.73,290818.27,98.17
294269.6,99.33,85.73,290818.27,98.17
294269.6,99.33,85.73,290818.27,98.17
294269.6,99.33,85.73,290818.27,98.17
294269.6,99.33,85.73,290814.91,98.17
294269.6,99.33,85.73,290814.91,98.17
294269.6,99.33,85.73,290814.91,98.17
294269.6,99.33,85.73,290814.91,98.17
294269.6,99.33,85.73,290814.91,98.17
294269.6,99.33,85.73,290814.91,98.17
294269.6,99.33,85.73,290814.91,98.17
294269.6,99.33,85.73,290814.91,98.17
294269.6,99.33,85.73,290814.91,98.17
294269.6,99.33,85.73,290814.91,98.17
294269.6,99.33,85.73,290814.91,98.17
294269.6,99.33,85.73,290814.91,98.17
294269.6,99.33,85.73,290814.91,98.17
294269.6,99.33,85.73,290814.91,98.17
294269.6,99.33,85.73,290814.91,98.17
294269.6,99.33,85.73,290814.91,98.17
294269.6,99.33,85.73,290814.91,98.17
294269.6,99.33,85.73,290814.91,98.17
294269.6,99.33,85.73,290814.91,98.17
294269.6,99.33,85.73,290814.91,98.17
294269.6,99.33,85.73,290814.91,98.17
294269.6,99.33,85.73,290814.91,98.17
294269.6,99.33,85.73,290815.0,98.17
294269.6,99.33,85.73,290815.0,98.17
294269.6,99.33,85.73,290815.0,98.17
294269.6,99.33,85.73,290815.0,98.17
294269.6,99.33,85.73,290815.0,98.17
294269.6,99.33,85.73,290815.0,98.17
294269.6,99.33,85.73,290815.0,98.17
294269.6,99.33,85.73,290815.0,98.17
294269.6,99.33,85.73,290815.0,98.17
294269.6,99.33,85.73,290815.0,98.17
294269.6,99.33,85.73,290815.0,98.17
294269.6,99.33,85.73,290815.0,98.17
294269.6,99.33,85.73,290815.0,98.17
294269.6,99.33,85.73,290815.0,98.17
294269.6,99.33,85.73,290815.0,98.17
294269.6,99.33,85.73,290815.0,98.17
294269.6,99.33,85.73,290815.0,98.17
294269.6,99.33,85.73,290815.0,98.17
294269.6,99.33,85.73,290815.0,98.17
294269.6,99.33,85.73,290815.0,98.17
294269.6,99.33,85.73,290815.0,98.17
294269.6,99.33,85.73,290815.0,98.17
294269.6,99.33,85.73,290815.0,98.17
294269.6,99.33,85.73,290815.0,98.17
294269.6,99.33,85.73,290815.0,98.17
294269.6,99.33,85.73,290815.0,98.17
294269.6,99.33,85.73,290815.0,98.17
294269.6,99.33,85.73,290815.0,98.17
294269.6,99.33,85.73,290815.0,98.17
294269.6,99.33,85.73,290815.0,98.17
294269.6,99.33,85.73,290815.0,98.17
293949.6,99.33,85.73,290495.0,98.16
293949.6,99.33,85.73,290495.0,98.16
293949.6,99.33,85.73,290495.0,98.16
293949.6,99.33,85.73,290495.0,98.16
293949.6,99.33,85.73,290495.0,98.16
293949.6,99.33,85.73,290495.0,98.16
293949.6,99.33,85.73,290495.0,98.16
293949.6,99.33,85.73,290495.0,98.16
293949.6,99.33,85.73,290495.0,98.16
293949.6,99.33,85.73,290495.0,98.16
293949.6,99.33,85.73,290495.0,98.16
293949.6,99.33,85.73,290495.0,98.16
293949.6,99.33,85.73,290495.0,98.16
293949.6,99.33,85.73,290495.0,98.16
293949.6,99.33,85.73,290495.0,98.16
293949.6,99.33,85.73,290495.0,98.16
293949.6,99.33,85.73,290495.0,98.16
293949.6,99.33,85.73,290495.0,98.16
293949.6,99.33,85.73,290495.0,98.16
293949.6,99.33,85.73,290495.0,98.16
293949.6,99.33,85.73,290495.0,98.16
293949.6,99.33,85.73,290495.0,98.16
293949.6,99.33,85.73,290495.0,98.16
293949.6,99.33,85.73,290495.0,98.16
293949.6,99.33,85.73,290495.0,98.16
293949.6,99.33,85.73,290495.0,98.16
293949.6,99.33,85.73,290495.0,98.16
293949.6,99.33,85.73,290495.0,98.16
293949.6,99.33,85.73,290495.0,98.16
293949.6,99.33,85.73,290495.0,98.16
293949.6,99.33,85.73,290495.0,98.16
293949.6,99.33,85.73,290495.0,98.16
293949.6,99.33,85.73,290495.0,98.16
293949.6,99.33,85.73,290495.0,98.16
293949.6,99.33,85.73,290495.0,98.16
293949.6,99.33,85.73,290495.0,98.16
293949.6,99.33,85.73,290495.0,98.16
293949.6,99.33,85.73,290495.0,98.16
293949.6,99.33,85.73,290495.0,98.16
293949.6,99.33,85.73,290495.0,98.16
293949.6,99.33,85.73,290495.0,98.16
293949.6,99.33,85.73,290495.0,98.16
293949.6,99.33,85.73,290495.0,98.16
293949.6,99.33,85.73,290495.0,98.16
293949.6,99.33,85.73,290495.0,98.16
293949.6,99.33,85.73,290495.0,98.16
293949.6,99.33,85.73,290495.0,98.16
293792.24,99.33,85.73,290338.55,98.16
293792.24,99.33,85.73,290338.55,98.16
293792.24,99.33,85.73,290338.55,98.16
293792.24,99.33,85.73,290338.55,98.16
293792.24,99.33,85.73,290338.55,98.16
293792.24,99.33,85.73,290338.55,98.16
293792.24,99.33,85.73,290338.55,98.16
293792.24,99.33,85.73,290338.55,98.16
293792.24,99.33,85.73,290338.55,98.16
293792.24,99.33,85.73,290338.55,98.16
293792.24,99.33,85.73,290338.55,98.16
293792.24,99.33,85.73,290338.55,98.16
293792.24,99.33,85.73,290338.55,98.16
293792.24,99.33,85.73,290338.55,98.16
293792.24,99.33,85.73,290338.55,98.16
293792.24,99.33,85.73,290338.55,98.16
293792.24,99.33,85.73,290338.55,98.16
293792.24,99.33,85.73,290338.55,98.16
293792.24,99.33,85.73,290338.55,98.16
293792.24,99.33,85.73,290338.55,98.16
293792.24,99.33,85.73,290338.55,98.16
293792.24,99.33,85.73,290338.55,98.16
293792.24,99.33,85.73,290338.55,98.16
293792.24,99.33,85.73,290338.55,98.16
293792.24,99.33,85.73,290338.55,98.16
293792.24,99.33,85.73,290338.55,98.16
293792.24,99.33,85.73,290338.55,98.16
293792.24,99.33,85.73,290338.55,98.16
293792.24,99.33,85.73,290338.55,98.16
293792.24,99.33,85.73,290338.55,98.16
293792.24,99.33,85.73,290338.55,98.16
293792.24,99.33,85.73,290338.55,98.16
293792.24,99.33,85.73,290338.55,98.16
293792.24,99.33,85.73,290338.55,98.16
293792.24,99.33,85.73,290338.55,98.16
293792.24,99.33,85.73,290338.55,98.16
293792.24,99.33,85.73,290338.55,98.16
293792.24,99.33,85.73,290338.55,98.16
293792.24,99.33,85.73,290338.55,98.16
293792.24,99.33,85.73,290338.55,98.16
293792.24,99.33,85.73,290338.55,98.16
293792.24,99.33,85.73,290338.55,98.16
293792.24,99.33,85.73,290338.55,98.16
293792.24,99.33,85.73,290338.55,98.16
293792.24,99.33,85.73,290338.55,98.16
293792.24,99.33,85.73,290338.55,98.16
293792.24,99.33,85.73,290338.55,98.16
293792.24,99.33,85.73,290338.55,98.16
293792.24,99.33,85.73,290338.55,98.16
293792.24,99.33,85.73,290338.55,98.16
293792.24,99.33,85.73,290338.55,98.16
293792.24,99.33,85.73,290338.55,98.16
293792.24,99.33,85.73,290338.55,98.16
293792.24,99.33,85.73,290338.55,98.16
293792.24,99.33,85.73,290338.55,98.16
293792.24,99.33,85.73,290338.55,98.16
293792.24,99.33,85.73,290338.55,98.16
293792.24,99.33,85.73,290338.55,98.16
293792.24,99.33,85.73,290338.55,98.16
293792.24,99.33,85.73,290338.55,98.16
293792.24,99.33,85.73,290338.55,98.16
293792.24,99.33,85.73,290338.55,98.16
293792.24,99.33,85.73,290338.55,98.16
293792.24,99.33,85.73,290338.55,98.16
293792.24,99.33,85.73,290338.55,98.16
293792.24,99.33,85.73,290338.55,98.16
293792.24,99.33,85.73,290338.55,98.16
293792.24,99.33,85.73,290338.55,98.16
293792.24,99.33,85.73,290338.55,98.16
293792.24,99.33,85.73,290392.92,98.18
293792.24,99.33,85.73,290392.92,98.18
293792.24,99.33,85.73,290392.92,98.18
293792.24,99.33,85.73,290392.92,98.18
293792.24,99.33,85.73,290392.92,98.18
293792.24,99.33,85.73,290392.92,98.18
293792.24,99.33,85.73,290392.92,98.18
293792.24,99.33,85.73,290392.92,98.18
293792.24,99.33,85.73,290392.92,98.18
293792.24,99.33,85.73,290392.92,98.18
293792.24,99.33,85.73,290392.92,98.18
293792.24,99.33,85.73,290392.92,98.18
293792.24,99.33,85.73,290392.92,98.18
293792.24,99.33,85.73,290392.92,98.18
293792.24,99.33,85.73,290392.92,98.18
293792.24,99.33,85.73,290392.92,98.18
293792.24,99.33,85.73,290392.92,98.18
293792.24,99.33,85.73,290392.92,98.18
293792.24,99.33,85.73,290392.92,98.18
293792.24,99.33,85.73,290392.92,98.18
293792.24,99.33,85.73,290392.92,98.18
293792.24,99.33,85.73,290392.92,98.18
293792.24,99.33,85.73,290392.92,98.18
293792.24,99.33,85.73,290392.92,98.18
293792.24,99.33,85.73,290392.92,98.18
293633.56,99.33,85.73,290238.76,98.18
293633.56,99.33,85.73,290238.76,98.18
293633.56,99.33,85.73,290238.76,98.18
293633.56,99.33,85.73,290238.76,98.18
293633.56,99.33,85.73,290324.84,98.21
293633.56,99.33,85.73,290324.84,98.21
293633.56,99.33,85.73,290315.33,98.21
293633.56,99.33,85.73,290315.33,98.21
293633.56,99.33,85.73,290315.33,98.21
293633.56,99.33,85.73,290315.33,98.21
293633.56,99.33,85.73,290315.33,98.21
293633.56,99.33,85.73,290315.33,98.21
293633.56,99.33,85.73,290315.33,98.21
293633.56,99.33,85.73,290315.33,98.21
293633.56,99.33,85.73,290315.33,98.21
293633.56,99.33,85.73,290315.33,98.21
293633.56,99.33,85.73,290315.33,98.21
293633.56,99.33,85.73,290315.33,98.21
293633.56,99.33,85.73,290315.33,98.21
293633.56,99.33,85.73,290315.33,98.21
293633.56,99.33,85.73,290315.33,98.21
293633.56,99.33,85.73,290315.33,98.21
293633.56,99.33,85.73,290315.33,98.21
293633.56,99.33,85.73,290315.33,98.21
293633.56,99.33,85.73,290315.33,98.21
293633.56,99.33,85.73,290315.33,98.21
293633.56,99.33,85.73,290315.33,98.21
293633.56,99.33,85.73,290325.22,98.21
293633.56,99.33,85.73,290325.22,98.21
293633.56,99.33,85.73,290325.22,98.21
293633.56,99.33,85.73,290325.22,98.21
293633.56,99.33,85.73,290325.22,98.21
293633.56,99.33,85.73,290325.22,98.21
293633.56,99.33,85.73,290325.22,98.21
293633.56,99.33,85.73,290325.22,98.21
293633.56,99.33,85.73,290325.22,98.21
293633.56,99.33,85.73,290325.22,98.21
293633.56,99.33,85.73,290325.22,98.21
293633.56,99.33,85.73,290325.22,98.21
293633.56,99.33,85.73,290325.22,98.21
293633.56,99.33,85.73,290325.22,98.21
293633.56,99.33,85.73,290325.22,98.21
293633.56,99.33,85.73,290325.22,98.21
293633.56,99.33,85.73,290325.22,98.21
293633.56,99.33,85.73,290325.22,98.21
293633.56,99.33,85.73,290325.22,98.21
293633.56,99.33,85.73,290325.22,98.21
293633.56,99.33,85.73,290325.22,98.21
293633.56,99.33,85.73,290325.22,98.21
293633.56,99.33,85.73,290325.22,98.21
293633.56,99.33,85.73,290325.22,98.21
293633.56,99.33,85.73,290325.22,98.21
293633.56,99.33,85.73,290325.22,98.21
293633.56,99.33,85.73,290325.22,98.21
293633.56,99.33,85.73,290325.22,98.21
293633.56,99.33,85.73,290325.22,98.21
293633.56,99.33,85.73,290325.22,98.21
293633.56,99.33,85.73,290325.22,98.21
293633.56,99.33,85.73,290325.22,98.21
293474.89,99.33,85.73,290166.54,98.21
293474.89,99.33,85.73,290166.54,98.21
293474.89,99.33,85.73,290166.54,98.21
293474.89,99.33,85.73,290166.54,98.21
293474.89,99.33,85.73,290166.54,98.21
293474.89,99.33,85.73,290166.54,98.21
293474.89,99.33,85.73,290166.54,98.21
293474.89,99.33,85.73,290166.54,98.21
293474.89,99.33,85.73,290166.54,98.21
293474.89,99.33,85.73,290166.54,98.21
293474.89,99.33,85.73,290166.54,98.21
293474.89,99.33,85.73,290166.54,98.21
293474.89,99.33,85.73,290166.54,98.21
293474.89,99.33,85.73,290166.54,98.21
293474.89,99.33,85.73,290166.54,98.21
293474.89,99.33,85.73,290166.54,98.21
293474.89,99.33,85.73,290166.54,98.21
293474.89,99.33,85.73,290166.54,98.21
293474.89,99.33,85.73,290166.54,98.21
293474.89,99.33,85.73,290166.54,98.21
293474.89,99.33,85.73,290166.54,98.21
293474.89,99.33,85.73,290166.54,98.21
293474.89,99.33,85.73,290166.54,98.21
293474.89,99.33,85.73,290166.54,98.21
293474.89,99.33,85.73,290166.54,98.21
293474.89,99.33,85.73,290166.54,98.21
293474.89,99.33,85.73,290166.54,98.21
293474.89,99.33,85.73,290166.54,98.21
293474.89,99.33,85.73,290166.54,98.21
293474.89,99.33,85.73,290166.54,98.21
293474.89,99.33,85.73,290166.54,98.21
293474.89,99.33,85.73,290166.54,98.21
293474.89,99.33,85.73,290166.54,98.21
293474.89,99.33,85.73,290166.54,98.21
293370.17,99.33,85.74,290085.47,98.22
293370.17,99.33,85.74,290085.47,98.22
293370.17,99.33,85.74,290085.47,98.22
293370.17,99.33,85.74,290085.47,98.22
293370.17,99.33,85.74,290085.47,98.22
293370.17,99.33,85.74,290085.47,98.22
293370.17,99.33,85.74,290085.47,98.22
293370.17,99.33,85.74,290085.47,98.22
293370.17,99.33,85.74,290085.47,98.22
293370.17,99.33,85.74,290085.47,98.22
293370.17,99.33,85.74,290085.47,98.22
293370.17,99.33,85.74,290085.47,98.22
293370.17,99.33,85.74,290085.47,98.22
293370.17,99.33,85.74,290110.55,98.23
293370.17,99.33,85.74,290110.55,98.23
293370.17,99.33,85.74,290110.55,98.23
293370.17,99.33,85.74,290110.55,98.23
293370.17,99.33,85.74,290110.55,98.23
293370.17,99.33,85.74,290110.55,98.23
293370.17,99.33,85.74,290110.55,98.23
293370.17,99.33,85.74,290110.55,98.23
293370.17,99.33,85.74,290110.55,98.23
293370.17,99.33,85.74,290110.55,98.23
293370.17,99.33,85.74,290110.55,98.23
293370.17,99.33,85.74,290110.55,98.23
293370.17,99.33,85.74,290095.88,98.22
293370.17,99.33,85.74,290095.88,98.22
293370.17,99.33,85.74,290095.88,98.22
293370.17,99.33,85.74,290095.88,98.22
293370.17,99.33,85.74,290095.88,98.22
293370.17,99.33,85.74,290095.88,98.22
293370.17,99.33,85.74,290095.88,98.22
293370.17,99.33,85.74,290095.88,98.22
293370.17,99.33,85.74,290095.88,98.22
293370.17,99.33,85.74,290095.88,98.22
293370.17,99.33,85.74,290095.88,98.22
293370.17,99.33,85.74,290095.88,98.22
293370.17,99.33,85.74,290095.88,98.22
293370.17,99.33,85.74,290095.88,98.22
293370.17,99.33,85.74,290095.88,98.22
293370.17,99.33,85.74,290095.88,98.22
293032.27,99.34,85.75,289775.24,98.24
293032.27,99.34,85.75,289775.24,98.24
293032.27,99.34,85.75,289775.24,98.24
293032.27,99.34,85.75,289775.24,98.24
293032.27,99.34,85.75,289775.24,98.24
293032.27,99.34,85.75,289775.24,98.24
293032.27,99.34,85.75,289775.24,98.24
293032.27,99.34,85.75,289775.24,98.24
293032.27,99.34,85.75,289775.24,98.24
293032.27,99.34,85.75,289775.24,98.24
293032.27,99.34,85.75,289775.24,98.24
293032.27,99.34,85.75,289775.24,98.24
293032.27,99.34,85.75,289775.24,98.24
293032.27,99.34,85.75,289775.24,98.24
293032.27,99.34,85.75,289775.24,98.24
293032.27,99.34,85.75,289775.24,98.24
293032.27,99.34,85.75,289775.24,98.24
292873.59,99.34,85.75,289616.56,98.24
292873.59,99.34,85.75,289616.56,98.24
292873.59,99.34,85.75,289616.56,98.24
292873.59,99.34,85.75,289616.56,98.24
292873.59,99.34,85.75,289616.56,98.24
292873.59,99.34,85.75,289616.56,98.24
292873.59,99.34,85.75,289616.56,98.24
292873.59,99.34,85.75,289616.56,98.24
292873.59,99.34,85.75,289616.56,98.24
292873.59,99.34,85.75,289616.56,98.24
292873.59,99.34,85.75,289616.56,98.24
292873.59,99.34,85.75,289616.56,98.24
292873.59,99.34,85.75,289616.56,98.24
292873.59,99.34,85.75,289616.56,98.24
292873.59,99.34,85.75,289616.56,98.24
292873.59,99.34,85.75,289616.56,98.24
292873.59,99.34,85.75,289616.56,98.24
292873.59,99.34,85.75,289616.56,98.24
292873.59,99.34,85.75,289616.56,98.24
292873.59,99.34,85.75,289616.56,98.24
292873.59,99.34,85.75,289616.56,98.24
292873.59,99.34,85.75,289616.56,98.24
292873.59,99.34,85.75,289594.06,98.23
292873.59,99.34,85.75,289594.06,98.23
292873.59,99.34,85.75,289594.06,98.23
292873.59,99.34,85.75,289594.06,98.23
292873.59,99.34,85.75,289594.06,98.23
292873.59,99.34,85.75,289594.06,98.23
292873.59,99.34,85.75,289594.06,98.23
292873.59,99.34,85.75,289594.06,98.23
292873.59,99.34,85.75,289594.06,98.23
292873.59,99.34,85.75,289594.06,98.23
292873.59,99.34,85.75,289594.06,98.23
292873.59,99.34,85.75,289594.06,98.23
292873.59,99.34,85.75,289594.06,98.23
292873.59,99.34,85.75,289594.06,98.23
292873.59,99.34,85.75,289594.06,98.23
292873.59,99.34,85.75,289594.06,98.23
292873.59,99.34,85.75,289594.06,98.23
292873.59,99.34,85.75,289594.06,98.23
292873.59,99.34,85.75,289619.78,98.24
292873.59,99.34,85.75,289619.78,98.24
292873.59,99.34,85.75,289619.78,98.24
292873.59,99.34,85.75,289619.78,98.24
292873.59,99.34,85.75,289619.78,98.24
292873.59,99.34,85.75,289619.78,98.24
292873.59,99.34,85.75,289619.78,98.24
292873.59,99.34,85.75,289619.78,98.24
292873.59,99.34,85.75,289619.78,98.24
292873.59,99.34,85.75,289619.78,98.24
292873.59,99.34,85.75,289619.78,98.24
292873.59,99.34,85.75,289672.97,98.26
292873.59,99.34,85.75,289672.97,98.26
292873.59,99.34,85.75,289672.97,98.26
292873.59,99.34,85.75,289672.97,98.26
292873.59,99.34,85.75,289672.97,98.26
292873.59,99.34,85.75,289672.97,98.26
292873.59,99.34,85.75,289672.97,98.26
292873.59,99.34,85.75,289672.97,98.26
292873.59,99.34,85.75,289672.97,98.26
292873.59,99.34,85.75,289672.97,98.26
292873.59,99.34,85.75,289672.97,98.26
292873.59,99.34,85.75,289672.97,98.26
292873.59,99.34,85.75,289672.97,98.26
292873.59,99.34,85.75,289672.97,98.26
292873.59,99.34,85.75,289672.97,98.26
292873.59,99.34,85.75,289672.97,98.26
292873.59,99.34,85.75,289672.97,98.26
292873.59,99.34,85.75,289672.97,98.26
292873.59,99.34,85.75,289672.97,98.26
292873.59,99.34,85.75,289672.97,98.26
292873.59,99.34,85.75,289672.97,98.26
292717.55,99.34,85.75,289514.08,98.26
292717.55,99.34,85.75,289514.08,98.26
292717.55,99.34,85.75,289514.08,98.26
292717.55,99.34,85.75,289554.15,98.27
292717.55,99.34,85.75,289554.15,98.27
292717.55,99.34,85.75,289554.15,98.27
292717.55,99.34,85.75,289554.15,98.27
292717.55,99.34,85.75,289554.15,98.27
292717.55,99.34,85.75,289554.15,98.27
292717.55,99.34,85.75,289554.15,98.27
292717.55,99.34,85.75,289554.15,98.27
292717.55,99.34,85.75,289591.32,98.28
292561.66,99.35,85.75,289432.46,98.28
292561.66,99.35,85.75,289432.46,98.28
292561.66,99.35,85.75,289432.46,98.28
292561.66,99.35,85.75,289432.46,98.28
292561.66,99.35,85.75,289432.46,98.28
292561.66,99.35,85.75,289432.57,98.28
292561.66,99.35,85.75,289432.57,98.28
292561.66,99.35,85.75,289432.57,98.28
292561.66,99.35,85.75,289432.57,98.28
292561.66,99.35,85.75,289432.57,98.28
292561.66,99.35,85.75,289432.57,98.28
292561.66,99.35,85.75,289432.57,98.28
292561.66,99.35,85.75,289432.57,98.28
292561.66,99.35,85.75,289432.57,98.28
292561.66,99.35,85.75,289432.57,98.28
292561.66,99.35,85.75,289432.57,98.28
292561.66,99.35,85.75,289432.57,98.28
292561.66,99.35,85.75,289432.57,98.28
292561.66,99.35,85.75,289432.57,98.28
292561.66,99.35,85.75,289432.57,98.28
292561.66,99.35,85.75,289432.57,98.28
292561.66,99.35,85.75,289432.57,98.28
292561.66,99.35,85.75,289432.57,98.28
292561.66,99.35,85.75,289432.57,98.28
292561.66,99.35,85.75,289494.62,98.3
292561.66,99.35,85.75,289494.62,98.3
292561.66,99.35,85.75,289494.62,98.3
292561.66,99.35,85.75,289494.62,98.3
292561.66,99.35,85.75,289494.62,98.3
292561.66,99.35,85.75,289494.62,98.3
292561.66,99.35,85.75,289494.62,98.3
292561.66,99.35,85.75,289494.62,98.3
292561.66,99.35,85.75,289494.62,98.3
292561.66,99.35,85.75,289494.62,98.3
292561.66,99.35,85.75,289494.62,98.3
292561.66,99.35,85.75,289494.62,98.3
292561.66,99.35,85.75,289453.12,98.29
292561.66,99.35,85.75,289460.79,98.29
292561.66,99.35,85.75,289460.79,98.29
292561.66,99.35,85.75,289460.79,98.29
292561.66,99.35,85.75,289460.79,98.29
292561.66,99.35,85.75,289460.79,98.29
292561.66,99.35,85.75,289460.79,98.29
292561.66,99.35,85.75,289460.79,98.29
292561.66,99.35,85.75,289460.79,98.29
292561.66,99.35,85.75,289460.79,98.29
292561.66,99.35,85.75,289460.79,98.29
292561.66,99.35,85.75,289460.79,98.29
292561.66,99.35,85.75,289460.79,98.29
292561.66,99.35,85.75,289460.79,98.29
292561.66,99.35,85.75,289460.79,98.29
292561.66,99.35,85.75,289460.79,98.29
292561.66,99.35,85.75,289460.79,98.29
292561.66,99.35,85.75,289460.79,98.29
292561.66,99.35,85.75,289460.79,98.29
292561.66,99.35,85.75,289460.79,98.29
292561.66,99.35,85.75,289507.18,98.31
292561.66,99.35,85.75,289507.18,98.31
292561.66,99.35,85.75,289507.18,98.31
292561.66,99.35,85.75,289507.18,98.31
292561.66,99.35,85.75,289507.18,98.31
292561.66,99.35,85.75,289507.18,98.31
292561.66,99.35,85.75,289507.18,98.31
292561.66,99.35,85.75,289507.18,98.31
292561.66,99.35,85.75,289507.18,98.31
292561.66,99.35,85.75,289507.18,98.31
292561.66,99.35,85.75,289507.18,98.31
292561.66,99.35,85.75,289507.18,98.31
292561.66,99.35,85.75,289507.18,98.31
292561.66,99.35,85.75,289507.18,98.31
292561.66,99.35,85.75,289493.04,98.3
292561.66,99.35,85.75,289493.04,98.3
292561.66,99.35,85.75,289493.04,98.3
292561.66,99.35,85.75,289493.04,98.3
292561.66,99.35,85.75,289493.04,98.3
292561.66,99.35,85.75,289493.04,98.3
292561.66,99.35,85.75,289493.04,98.3
292561.66,99.35,85.75,289493.04,98.3
292561.66,99.35,85.75,289493.04,98.3
292561.66,99.35,85.75,289493.04,98.3
292561.66,99.35,85.75,289493.04,98.3
292561.66,99.35,85.75,289493.04,98.3
292561.66,99.35,85.75,289493.04,98.3
292561.66,99.35,85.75,289493.04,98.3
292561.66,99.35,85.75,289493.04,98.3
292561.66,99.35,85.75,289473.23,98.3
292561.66,99.35,85.75,289473.23,98.3
292561.66,99.35,85.75,289473.23,98.3
292561.66,99.35,85.75,289473.23,98.3
292561.66,99.35,85.75,289473.23,98.3
292561.66,99.35,85.75,289495.75,98.3
292561.66,99.35,85.75,289495.75,98.3
292561.66,99.35,85.75,289495.75,98.3
292561.66,99.35,85.75,289495.75,98.3
292561.66,99.35,85.75,289492.3,98.3
292561.66,99.35,85.75,289492.3,98.3
292561.66,99.35,85.75,289492.3,98.3
292561.66,99.35,85.75,289492.3,98.3
292561.66,99.35,85.75,289492.3,98.3
292561.66,99.35,85.75,289492.3,98.3
292561.66,99.35,85.75,289492.3,98.3
292561.66,99.35,85.75,289492.3,98.3
292561.66,99.35,85.75,289492.3,98.3
292561.66,99.35,85.75,289492.3,98.3
292561.66,99.35,85.75,289492.3,98.3
292561.66,99.35,85.75,289492.3,98.3
292561.66,99.35,85.75,289492.3,98.3
292561.66,99.35,85.75,289492.3,98.3
292561.66,99.35,85.75,289492.3,98.3
292561.66,99.35,85.75,289492.3,98.3
292561.66,99.35,85.75,289492.3,98.3
292561.66,99.35,85.75,289492.3,98.3
292561.66,99.35,85.75,289492.3,98.3
292561.66,99.35,85.75,289492.3,98.3
292561.66,99.35,85.75,289492.3,98.3
292561.66,99.35,85.75,289492.3,98.3
292561.66,99.35,85.75,289512.8,98.31
292561.66,99.35,85.75,289512.8,98.31
292561.66,99.35,85.75,289512.8,98.31
292561.66,99.35,85.75,289512.8,98.31
292561.66,99.35,85.75,289512.8,98.31
292561.66,99.35,85.75,289512.8,98.31
292561.66,99.35,85.75,289512.8,98.31
292561.66,99.35,85.75,289512.8,98.31
292561.66,99.35,85.75,289512.8,98.31
292561.66,99.35,85.75,289512.8,98.31
292561.66,99.35,85.75,289512.8,98.31
292561.66,99.35,85.75,289512.8,98.31
292561.66,99.35,85.75,289512.8,98.31
292561.66,99.35,85.75,289617.21,98.35
292561.66,99.35,85.75,289617.21,98.35
292561.66,99.35,85.75,289617.21,98.35
292561.66,99.35,85.75,289617.21,98.35
292561.66,99.35,85.75,289617.21,98.35
292561.66,99.35,85.75,289617.21,98.35
292561.66,99.35,85.75,289617.21,98.35
292561.66,99.35,85.75,289617.21,98.35
292561.66,99.35,85.75,289617.21,98.35
292561.66,99.35,85.75,289596.71,98.34
292561.66,99.35,85.75,289596.71,98.34
292561.66,99.35,85.75,289596.71,98.34
292561.66,99.35,85.75,289596.71,98.34
292561.66,99.35,85.75,289596.71,98.34
292561.66,99.35,85.75,289596.71,98.34
292561.66,99.35,85.75,289596.71,98.34
292561.66,99.35,85.75,289599.81,98.34
292561.66,99.35,85.75,289622.43,98.35
292561.66,99.35,85.75,289622.43,98.35
292561.66,99.35,85.75,289622.43,98.35
292561.66,99.35,85.75,289622.43,98.35
292561.66,99.35,85.75,289668.21,98.36
292561.66,99.35,85.75,289668.21,98.36
292561.66,99.35,85.75,289668.21,98.36
292561.66,99.35,85.75,289668.21,98.36
292561.66,99.35,85.75,289668.21,98.36
292561.66,99.35,85.75,289668.21,98.36
292561.66,99.35,85.75,289668.21,98.36
292561.66,99.35,85.75,289668.21,98.36
292561.66,99.35,85.75,289668.21,98.36
292561.66,99.35,85.75,289668.21,98.36
292561.66,99.35,85.75,289668.71,98.36
292561.66,99.35,85.75,289622.93,98.35
292561.66,99.35,85.75,289622.93,98.35
292561.66,99.35,85.75,289622.93,98.35
292561.66,99.35,85.75,289622.93,98.35
292561.66,99.35,85.75,289672.52,98.36
292561.66,99.35,85.75,289672.52,98.36
292561.66,99.35,85.75,289641.73,98.35
292561.66,99.35,85.75,289676.12,98.37
292561.66,99.35,85.75,289676.12,98.37
292561.66,99.35,85.75,289676.12,98.37
292561.66,99.35,85.75,289676.12,98.37
292561.66,99.35,85.75,289676.12,98.37
292561.66,99.35,85.75,289676.12,98.37
292561.66,99.35,85.75,289676.12,98.37
292561.66,99.35,85.75,289676.12,98.37
292561.66,99.35,85.75,289676.12,98.37
292561.66,99.35,85.75,289676.12,98.37
292561.66,99.35,85.75,289676.12,98.37
292561.66,99.35,85.75,289676.12,98.37
292561.66,99.35,85.75,289676.12,98.37
292561.66,99.35,85.75,289676.12,98.37
292561.66,99.35,85.75,289676.12,98.37
292561.66,99.35,85.75,289676.12,98.37
292561.66,99.35,85.75,289676.12,98.37
292561.66,99.35,85.75,289676.12,98.37
292561.66,99.35,85.75,289676.12,98.37
292561.66,99.35,85.75,289676.12,98.37
292561.66,99.35,85.75,289676.12,98.37
292561.66,99.35,85.75,289676.12,98.37
292561.66,99.35,85.75,289676.12,98.37
292561.66,99.35,85.75,289676.12,98.37
292561.66,99.35,85.75,289676.12,98.37
292561.66,99.35,85.75,289676.12,98.37
292561.66,99.35,85.75,289676.12,98.37
292561.66,99.35,85.75,289676.12,98.37
292561.66,99.35,85.75,289676.12,98.37
292561.66,99.35,85.75,289676.12,98.37
292561.66,99.35,85.75,289676.12,98.37
292561.66,99.35,85.75,289676.12,98.37
292561.66,99.35,85.75,289676.12,98.37
292561.66,99.35,85.75,289676.12,98.37
292561.66,99.35,85.75,289676.12,98.37
292561.66,99.35,85.75,289676.12,98.37
292561.66,99.35,85.75,289676.12,98.37
292561.66,99.35,85.75,289676.12,98.37
292561.66,99.35,85.75,289676.12,98.37
292561.66,99.35,85.75,289676.12,98.37
292561.66,99.35,85.75,289676.12,98.37
292561.66,99.35,85.75,289676.12,98.37
292561.66,99.35,85.75,289676.12,98.37
292561.66,99.35,85.75,289676.12,98.37
292561.66,99.35,85.75,289676.12,98.37
292561.66,99.35,85.75,289676.12,98.37
292561.66,99.35,85.75,289676.12,98.37
292561.66,99.35,85.75,289676.12,98.37
292561.66,99.35,85.75,289676.12,98.37
292561.66,99.35,85.75,289676.12,98.37
292561.66,99.35,85.75,289676.12,98.37
292561.66,99.35,85.75,289676.12,98.37
292561.66,99.35,85.75,289676.12,98.37
292561.66,99.35,85.75,289676.12,98.37
292561.66,99.35,85.75,289676.12,98.37
292561.66,99.35,85.75,289676.12,98.37
292561.66,99.35,85.75,289676.12,98.37
292561.66,99.35,85.75,289676.12,98.37
292561.66,99.35,85.75,289676.12,98.37
292561.66,99.35,85.75,289676.12,98.37
292561.66,99.35,85.75,289676.12,98.37
292561.66,99.35,85.75,289676.12,98.37
292561.66,99.35,85.75,289676.12,98.37
292561.66,99.35,85.75,289676.12,98.37
292561.66,99.35,85.75,289676.12,98.37
292561.66,99.35,85.75,289676.12,98.37
292561.66,99.35,85.75,289676.12,98.37
292561.66,99.35,85.75,289676.12,98.37
292561.66,99.35,85.75,289676.12,98.37
292561.66,99.35,85.75,289659.49,98.36
292561.66,99.35,85.75,289659.49,98.36
292561.66,99.35,85.75,289659.49,98.36
292561.66,99.35,85.75,289659.49,98.36
292561.66,99.35,85.75,289659.49,98.36
292561.66,99.35,85.75,289659.49,98.36
292561.66,99.35,85.75,289659.49,98.36
292561.66,99.35,85.75,289659.49,98.36
292561.66,99.35,85.75,289659.49,98.36
292561.66,99.35,85.75,289659.49,98.36
292561.66,99.35,85.75,289659.49,98.36
292561.66,99.35,85.75,289659.49,98.36
292561.66,99.35,85.75,289659.49,98.36
292561.66,99.35,85.75,289659.49,98.36
292561.66,99.35,85.75,289659.49,98.36
292561.66,99.35,85.75,289659.49,98.36
292561.66,99.35,85.75,289659.49,98.36
292561.66,99.35,85.75,289659.49,98.36
292561.66,99.35,85.75,289659.49,98.36
292561.66,99.35,85.75,289679.53,98.37
292561.66,99.35,85.75,289679.53,98.37
292561.66,99.35,85.75,289679.53,98.37
292561.66,99.35,85.75,289679.53,98.37
292561.66,99.35,85.75,289679.53,98.37
292561.66,99.35,85.75,289679.53,98.37
292561.66,99.35,85.75,289679.53,98.37
292561.66,99.35,85.75,289679.53,98.37
292561.66,99.35,85.75,289679.53,98.37
292561.66,99.35,85.75,289679.53,98.37
292561.66,99.35,85.75,289679.53,98.37
292561.66,99.35,85.75,289679.53,98.37
292561.66,99.35,85.75,289679.53,98.37
292561.66,99.35,85.75,289679.53,98.37
292561.66,99.35,85.75,289679.53,98.37
292561.66,99.35,85.75,289679.53,98.37
292561.66,99.35,85.75,289679.53,98.37
292561.66,99.35,85.75,289679.53,98.37
292561.66,99.35,85.75,289679.53,98.37
292561.66,99.35,85.75,289679.53,98.37
292561.66,99.35,85.75,289679.53,98.37
292561.66,99.35,85.75,289679.53,98.37
292561.66,99.35,85.75,289679.53,98.37
292561.66,99.35,85.75,289679.53,98.37
292561.66,99.35,85.75,289679.53,98.37
292561.66,99.35,85.75,289679.53,98.37
292561.66,99.35,85.75,289679.53,98.37
292561.66,99.35,85.75,289679.53,98.37
292561.66,99.35,85.75,289679.53,98.37
292561.66,99.35,85.75,289679.53,98.37
292561.66,99.35,85.75,289678.98,98.37
292561.66,99.35,85.75,289678.98,98.37
292561.66,99.35,85.75,289678.98,98.37
292561.66,99.35,85.75,289678.98,98.37
292561.66,99.35,85.75,289678.98,98.37
292561.66,99.35,85.75,289678.98,98.37
292561.66,99.35,85.75,289678.98,98.37
292561.66,99.35,85.75,289678.98,98.37
292561.66,99.35,85.75,289678.98,98.37
292561.66,99.35,85.75,289678.98,98.37
292561.66,99.35,85.75,289678.98,98.37
292561.66,99.35,85.75,289678.98,98.37
292561.66,99.35,85.75,289678.98,98.37
292561.66,99.35,85.75,289678.98,98.37
292561.66,99.35,85.75,289678.98,98.37
292561.66,99.35,85.75,289678.98,98.37
292561.66,99.35,85.75,289678.98,98.37
292405.62,99.35,85.75,289520.09,98.37
292405.62,99.35,85.75,289520.09,98.37
292405.62,99.35,85.75,289520.09,98.37
292246.94,99.35,85.75,289359.54,98.36
292246.94,99.35,85.75,289359.54,98.36
292246.94,99.35,85.75,289359.54,98.36
292246.94,99.35,85.75,289359.54,98.36
292246.94,99.35,85.75,289359.54,98.36
292246.94,99.35,85.75,289359.54,98.36
292246.94,99.35,85.75,289359.54,98.36
292246.94,99.35,85.75,289359.54,98.36
292246.94,99.35,85.75,289359.54,98.36
292246.94,99.35,85.75,289359.54,98.36
292246.94,99.35,85.75,289359.54,98.36
292246.94,99.35,85.75,289359.54,98.36
292088.26,99.35,85.75,289210.01,98.37
292088.26,99.35,85.75,289210.01,98.37
292088.26,99.35,85.75,289207.6,98.37
292088.26,99.35,85.75,289207.6,98.37
292088.26,99.35,85.75,289207.6,98.37
292088.26,99.35,85.75,289146.78,98.35
292088.26,99.35,85.75,289146.78,98.35
292088.26,99.35,85.75,289146.78,98.35
292088.26,99.35,85.75,289146.78,98.35
292088.26,99.35,85.75,289146.78,98.35
291929.58,99.35,85.75,288988.1,98.35
291929.58,99.35,85.75,288988.1,98.35
291929.58,99.35,85.75,289054.56,98.37
291929.58,99.35,85.75,289054.56,98.37
291929.58,99.35,85.75,289054.56,98.37
291929.58,99.35,85.75,289054.56,98.37
291929.58,99.35,85.75,289054.56,98.37
291929.58,99.35,85.75,289054.56,98.37
291929.58,99.35,85.75,289054.56,98.37
291929.58,99.35,85.75,289054.56,98.37
291929.58,99.35,85.75,289054.56,98.37
291929.58,99.35,85.75,289054.56,98.37
291929.58,99.35,85.75,289054.56,98.37
291929.58,99.35,85.75,289054.56,98.37
291929.58,99.35,85.75,289054.56,98.37
291929.58,99.35,85.75,289054.56,98.37
291929.58,99.35,85.75,289054.56,98.37
291929.58,99.35,85.75,289054.56,98.37
291929.58,99.35,85.75,289054.56,98.37
291929.58,99.35,85.75,289054.56,98.37
291929.58,99.35,85.75,289054.56,98.37
291929.58,99.35,85.75,289054.56,98.37
291929.58,99.35,85.75,289054.56,98.37
291929.58,99.35,85.75,289054.56,98.37
291929.58,99.35,85.75,289054.56,98.37
291929.58,99.35,85.75,289054.56,98.37
291929.58,99.35,85.75,289054.56,98.37
291929.58,99.35,85.75,289054.56,98.37
291929.58,99.35,85.75,289054.56,98.37
291929.58,99.35,85.75,289054.56,98.37
291929.58,99.35,85.75,289054.56,98.37
291929.58,99.35,85.75,289054.56,98.37
291929.58,99.35,85.75,289054.56,98.37
291929.58,99.35,85.75,289054.56,98.37
291929.58,99.35,85.75,289054.56,98.37
291929.58,99.35,85.75,289054.56,98.37
291929.58,99.35,85.75,289054.56,98.37
291929.58,99.35,85.75,289054.56,98.37
291929.58,99.35,85.75,289054.56,98.37
291929.58,99.35,85.75,289054.56,98.37
291929.58,99.35,85.75,289054.56,98.37
291929.58,99.35,85.75,289054.56,98.37
291929.58,99.35,85.75,289054.56,98.37
291929.58,99.35,85.75,289054.56,98.37
291929.58,99.35,85.75,289054.56,98.37
291929.58,99.35,85.75,289054.56,98.37
291929.58,99.35,85.75,289054.56,98.37
291929.58,99.35,85.75,289054.56,98.37
291929.58,99.35,85.75,289054.56,98.37
291929.58,99.35,85.75,289054.56,98.37
291929.58,99.35,85.75,289054.56,98.37
291929.58,99.35,85.75,289054.56,98.37
291929.58,99.35,85.75,289054.56,98.37
291929.58,99.35,85.75,289054.56,98.37
291929.58,99.35,85.75,289054.56,98.37
291929.58,99.35,85.75,289054.56,98.37
291929.58,99.35,85.75,289054.56,98.37
291929.58,99.35,85.75,289054.56,98.37
291929.58,99.35,85.75,289054.56,98.37
291929.58,99.35,85.75,289054.56,98.37
291929.58,99.35,85.75,289072.71,98.37
291929.58,99.35,85.75,289072.71,98.37
291929.58,99.35,85.75,289072.71,98.37
291929.58,99.35,85.75,289072.71,98.37
291929.58,99.35,85.75,289072.71,98.37
291929.58,99.35,85.75,289072.71,98.37
291929.58,99.35,85.75,289072.71,98.37
291929.58,99.35,85.75,289072.71,98.37
291929.58,99.35,85.75,289072.71,98.37
291929.58,99.35,85.75,289072.71,98.37
291929.58,99.35,85.75,289072.71,98.37
291929.58,99.35,85.75,289072.71,98.37
291929.58,99.35,85.75,289072.71,98.37
291929.58,99.35,85.75,289072.71,98.37
291929.58,99.35,85.75,289072.71,98.37
291929.58,99.35,85.75,289072.71,98.37
291929.58,99.35,85.75,289072.71,98.37
291929.58,99.35,85.75,289072.71,98.37
291929.58,99.35,85.75,289072.71,98.37
291929.58,99.35,85.75,289072.71,98.37
291929.58,99.35,85.75,289072.71,98.37
291929.58,99.35,85.75,289072.71,98.37
291929.58,99.35,85.75,289072.71,98.37
291929.58,99.35,85.75,289072.71,98.37
291929.58,99.35,85.75,289072.71,98.37
291929.58,99.35,85.75,289072.71,98.37
291929.58,99.35,85.75,289072.71,98.37
291929.58,99.35,85.75,289072.71,98.37
291929.58,99.35,85.75,289072.71,98.37
291929.58,99.35,85.75,289072.71,98.37
291929.58,99.35,85.75,289072.71,98.37
291929.58,99.35,85.75,289072.71,98.37
291929.58,99.35,85.75,289072.71,98.37
291929.58,99.35,85.75,289072.71,98.37
291929.58,99.35,85.75,289072.71,98.37
291929.58,99.35,85.75,289072.71,98.37
291929.58,99.35,85.75,289072.71,98.37
291929.58,99.35,85.75,289072.71,98.37
291929.58,99.35,85.75,289072.71,98.37
291929.58,99.35,85.75,289072.71,98.37
291929.58,99.35,85.75,289072.71,98.37
291929.58,99.35,85.75,289072.71,98.37
291929.58,99.35,85.75,289072.71,98.37
291929.58,99.35,85.75,289072.71,98.37
291929.58,99.35,85.75,289072.71,98.37
291929.58,99.35,85.75,289072.71,98.37
291929.58,99.35,85.75,289072.71,98.37
291929.58,99.35,85.75,289072.71,98.37
291929.58,99.35,85.75,289072.71,98.37
291929.58,99.35,85.75,289072.71,98.37
291929.58,99.35,85.75,289072.71,98.37
291929.58,99.35,85.75,289072.71,98.37
291929.58,99.35,85.75,289072.71,98.37
291929.58,99.35,85.75,289072.71,98.37
291929.58,99.35,85.75,289072.71,98.37
291929.58,99.35,85.75,289072.71,98.37
291929.58,99.35,85.75,289072.71,98.37
291929.58,99.35,85.75,289072.71,98.37
291929.58,99.35,85.75,289072.71,98.37
291929.58,99.35,85.75,289072.71,98.37
291929.58,99.35,85.75,289072.71,98.37
291929.58,99.35,85.75,289072.71,98.37
291929.58,99.35,85.75,289072.71,98.37
291929.58,99.35,85.75,289072.71,98.37
291929.58,99.35,85.75,289072.71,98.37
291929.58,99.35,85.75,289072.71,98.37
291929.58,99.35,85.75,289072.71,98.37
291929.58,99.35,85.75,289072.71,98.37
291929.58,99.35,85.75,289072.71,98.37
291929.58,99.35,85.75,289072.71,98.37
291929.58,99.35,85.75,289069.84,98.37
291929.58,99.35,85.75,289069.84,98.37
291929.58,99.35,85.75,289069.84,98.37
291929.58,99.35,85.75,289069.84,98.37
291609.58,99.35,85.75,288749.84,98.37
291609.58,99.35,85.75,288749.84,98.37
291609.58,99.35,85.75,288749.84,98.37
291609.58,99.35,85.75,288747.17,98.37
291609.58,99.35,85.75,288747.17,98.37
291609.58,99.35,85.75,288747.17,98.37
291609.58,99.35,85.75,288747.17,98.37
291609.58,99.35,85.75,288747.17,98.37
291609.58,99.35,85.75,288747.17,98.37
291609.58,99.35,85.75,288747.17,98.37
291609.58,99.35,85.75,288747.17,98.37
291609.58,99.35,85.75,288747.17,98.37
291609.58,99.35,85.75,288747.17,98.37
291609.58,99.35,85.75,288747.17,98.37
291609.58,99.35,85.75,288747.17,98.37
291609.58,99.35,85.75,288747.17,98.37
291609.58,99.35,85.75,288747.17,98.37
291609.58,99.35,85.75,288747.17,98.37
291609.58,99.35,85.75,288747.17,98.37
291609.58,99.35,85.75,288747.17,98.37
291609.58,99.35,85.75,288747.17,98.37
291609.58,99.35,85.75,288747.17,98.37
291609.58,99.35,85.75,288747.17,98.37
291609.58,99.35,85.75,288747.17,98.37
291609.58,99.35,85.75,288747.17,98.37
291609.58,99.35,85.75,288747.17,98.37
291609.58,99.35,85.75,288747.17,98.37
291609.58,99.35,85.75,288747.17,98.37
291609.58,99.35,85.75,288747.17,98.37
291609.58,99.35,85.75,288747.17,98.37
291609.58,99.35,85.75,288747.17,98.37
291609.58,99.35,85.75,288747.17,98.37
291609.58,99.35,85.75,288747.17,98.37
291609.58,99.35,85.75,288747.17,98.37
291609.58,99.35,85.75,288747.17,98.37
291609.58,99.35,85.75,288747.17,98.37
291609.58,99.35,85.75,288747.17,98.37
291609.58,99.35,85.75,288747.17,98.37
291609.58,99.35,85.75,288747.17,98.37
291609.58,99.35,85.75,288747.17,98.37
291609.58,99.35,85.75,288747.17,98.37
291609.58,99.35,85.75,288747.17,98.37
291609.58,99.35,85.75,288747.17,98.37
291609.58,99.35,85.75,288747.17,98.37
291609.58,99.35,85.75,288747.17,98.37
291609.58,99.35,85.75,288747.17,98.37
291609.58,99.35,85.75,288747.17,98.37
291609.58,99.35,85.75,288747.17,98.37
291503.55,99.35,85.75,288638.29,98.37
291503.55,99.35,85.75,288638.29,98.37
291503.55,99.35,85.75,288638.29,98.37
291503.55,99.35,85.75,288638.29,98.37
291503.55,99.35,85.75,288638.29,98.37
291503.55,99.35,85.75,288638.29,98.37
291503.55,99.35,85.75,288638.29,98.37
291503.55,99.35,85.75,288638.29,98.37
291503.55,99.35,85.75,288638.29,98.37
291503.55,99.35,85.75,288638.29,98.37
291503.55,99.35,85.75,288638.29,98.37
291503.55,99.35,85.75,288638.29,98.37
291503.55,99.35,85.75,288638.29,98.37
291344.87,99.35,85.75,288480.23,98.37
291344.87,99.35,85.75,288480.23,98.37
291344.87,99.35,85.75,288480.23,98.37
291344.87,99.35,85.75,288480.23,98.37
291344.87,99.35,85.75,288480.23,98.37
290344.87,99.34,85.75,287480.23,98.36
290344.87,99.34,85.75,287480.23,98.36
290344.87,99.34,85.75,287480.23,98.36
290344.87,99.34,85.75,287480.23,98.36
290344.87,99.34,85.75,287480.23,98.36
290344.87,99.34,85.75,287480.23,98.36
290344.87,99.34,85.75,287480.23,98.36
290344.87,99.34,85.75,287480.23,98.36
290344.87,99.34,85.75,287480.23,98.36
290344.87,99.34,85.75,287480.23,98.36
290344.87,99.34,85.75,287480.23,98.36
290344.87,99.34,85.75,287480.23,98.36
290344.87,99.34,85.75,287480.23,98.36
290344.87,99.34,85.75,287480.23,98.36
290344.87,99.34,85.75,287480.23,98.36
290344.87,99.34,85.75,287480.23,98.36
290344.87,99.34,85.75,287480.23,98.36
290344.87,99.34,85.75,287480.23,98.36
290344.87,99.34,85.75,287480.23,98.36
290344.87,99.34,85.75,287470.18,98.36
290344.87,99.34,85.75,287470.18,98.36
290344.87,99.34,85.75,287470.18,98.36
290344.87,99.34,85.75,287470.18,98.36
290344.87,99.34,85.75,287470.18,98.36
290344.87,99.34,85.75,287470.18,98.36
290344.87,99.34,85.75,287470.18,98.36
290344.87,99.34,85.75,287470.18,98.36
290344.87,99.34,85.75,287470.18,98.36
290344.87,99.34,85.75,287470.18,98.36
290344.87,99.34,85.75,287470.18,98.36
290344.87,99.34,85.75,287470.18,98.36
290344.87,99.34,85.75,287470.18,98.36
290344.87,99.34,85.75,287470.18,98.36
290344.87,99.34,85.75,287470.18,98.36
290344.87,99.34,85.75,287470.18,98.36
290344.87,99.34,85.75,287470.18,98.36
290344.87,99.34,85.75,287470.18,98.36
290344.87,99.34,85.75,287470.18,98.36
290344.87,99.34,85.75,287470.18,98.36
290344.87,99.34,85.75,287470.18,98.36
290344.87,99.34,85.75,287470.18,98.36
290344.87,99.34,85.75,287470.18,98.36
290344.87,99.34,85.75,287470.18,98.36
290344.87,99.34,85.75,287470.18,98.36
290344.87,99.34,85.75,287470.18,98.36
290344.87,99.34,85.75,287470.18,98.36
290344.87,99.34,85.75,287470.18,98.36
290344.87,99.34,85.75,287470.18,98.36
290344.87,99.34,85.75,287470.18,98.36
290344.87,99.34,85.75,287470.18,98.36
290344.87,99.34,85.75,287470.18,98.36
290344.87,99.34,85.75,287470.18,98.36
290344.87,99.34,85.75,287470.18,98.36
290344.87,99.34,85.75,287470.18,98.36
290344.87,99.34,85.75,287470.18,98.36
290344.87,99.34,85.75,287470.18,98.36
290344.87,99.34,85.75,287470.18,98.36
290344.87,99.34,85.75,287470.18,98.36
290344.87,99.34,85.75,287470.18,98.36
290344.87,99.34,85.75,287470.18,98.36
290344.87,99.34,85.75,287470.18,98.36
290344.87,99.34,85.75,287470.18,98.36
290344.87,99.34,85.75,287470.18,98.36
290344.87,99.34,85.75,287470.18,98.36
290344.87,99.34,85.75,287470.18,98.36
290344.87,99.34,85.75,287470.18,98.36
290344.87,99.34,85.75,287470.18,98.36
290344.87,99.34,85.75,287470.18,98.36
290344.87,99.34,85.75,287470.18,98.36
290344.87,99.34,85.75,287470.18,98.36
290344.87,99.34,85.75,287470.18,98.36
290344.87,99.34,85.75,287470.18,98.36
290344.87,99.34,85.75,287470.18,98.36
290344.87,99.34,85.75,287470.18,98.36
290344.87,99.34,85.75,287470.18,98.36
290344.87,99.34,85.75,287470.18,98.36
290344.87,99.34,85.75,287470.18,98.36
290344.87,99.34,85.75,287470.18,98.36
290344.87,99.34,85.75,287470.18,98.36
290344.87,99.34,85.75,287470.18,98.36
290344.87,99.34,85.75,287470.18,98.36
290344.87,99.34,85.75,287470.18,98.36
290344.87,99.34,85.75,287470.18,98.36
290344.87,99.34,85.75,287470.18,98.36
290344.87,99.34,85.75,287470.18,98.36
290344.87,99.34,85.75,287470.18,98.36
290344.87,99.34,85.75,287470.18,98.36
290344.87,99.34,85.75,287470.18,98.36
290344.87,99.34,85.75,287470.18,98.36
290344.87,99.34,85.75,287470.18,98.36
290344.87,99.34,85.75,287470.18,98.36
290344.87,99.34,85.75,287470.18,98.36
290344.87,99.34,85.75,287470.18,98.36
290344.87,99.34,85.75,287470.18,98.36
290344.87,99.34,85.75,287470.18,98.36
290344.87,99.34,85.75,287470.18,98.36
290344.87,99.34,85.75,287470.18,98.36
290344.87,99.34,85.75,287470.18,98.36
290344.87,99.34,85.75,287470.18,98.36
290344.87,99.34,85.75,287470.18,98.36
290344.87,99.34,85.75,287470.18,98.36
290344.87,99.34,85.75,287470.18,98.36
290344.87,99.34,85.75,287470.18,98.36
290344.87,99.34,85.75,287470.18,98.36
290344.87,99.34,85.75,287470.18,98.36
290344.87,99.34,85.75,287470.18,98.36
290344.87,99.34,85.75,287470.18,98.36
290344.87,99.34,85.75,287470.18,98.36
290344.87,99.34,85.75,287470.18,98.36
290344.87,99.34,85.75,287470.18,98.36
290294.87,99.34,85.75,287420.18,98.36
290294.87,99.34,85.75,287420.18,98.36
290294.87,99.34,85.75,287420.18,98.36
290294.87,99.34,85.75,287420.18,98.36
290294.87,99.34,85.75,287420.18,98.36
290294.87,99.34,85.75,287420.18,98.36
290294.87,99.34,85.75,287420.18,98.36
290294.87,99.34,85.75,287420.18,98.36
290294.87,99.34,85.75,287420.18,98.36
290137.51,99.35,85.75,287261.29,98.36
290137.51,99.35,85.75,287261.29,98.36
290137.51,99.35,85.75,287261.29,98.36
290137.51,99.35,85.75,287261.29,98.36
290137.51,99.35,85.75,287261.29,98.36
290137.51,99.35,85.75,287261.29,98.36
290137.51,99.35,85.75,287261.29,98.36
290137.51,99.35,85.75,287261.29,98.36
290137.51,99.35,85.75,287260.73,98.36
290137.51,99.35,85.75,287260.73,98.36
290137.51,99.35,85.75,287260.73,98.36
290137.51,99.35,85.75,287260.73,98.36
290137.51,99.35,85.75,287260.73,98.36
290137.51,99.35,85.75,287260.73,98.36
290137.51,99.35,85.75,287260.73,98.36
290137.51,99.35,85.75,287260.73,98.36
290137.51,99.35,85.75,287260.73,98.36
290137.51,99.35,85.75,287260.73,98.36
290137.51,99.35,85.75,287260.73,98.36
290137.51,99.35,85.75,287260.73,98.36
290137.51,99.35,85.75,287260.73,98.36
290137.51,99.35,85.75,287260.73,98.36
290137.51,99.35,85.75,287260.73,98.36
290137.51,99.35,85.75,287260.73,98.36
290137.51,99.35,85.75,287260.73,98.36
290137.51,99.35,85.75,287260.73,98.36
290137.51,99.35,85.75,287260.73,98.36
290137.51,99.35,85.75,287260.73,98.36
290137.51,99.35,85.75,287260.73,98.36
290137.51,99.35,85.75,287260.73,98.36
290137.51,99.35,85.75,287260.73,98.36
290137.51,99.35,85.75,287260.73,98.36
290137.51,99.35,85.75,287260.73,98.36
290137.51,99.35,85.75,287260.73,98.36
290137.51,99.35,85.75,287260.73,98.36
290137.51,99.35,85.75,287260.73,98.36
290137.51,99.35,85.75,287260.73,98.36
290137.51,99.35,85.75,287260.73,98.36
290137.51,99.35,85.75,287260.73,98.36
290137.51,99.35,85.75,287260.73,98.36
290137.51,99.35,85.75,287260.73,98.36
290137.51,99.35,85.75,287260.73,98.36
290137.51,99.35,85.75,287260.73,98.36
290137.51,99.35,85.75,287260.73,98.36
290137.51,99.35,85.75,287260.73,98.36
290137.51,99.35,85.75,287260.73,98.36
290137.51,99.35,85.75,287260.73,98.36
290137.51,99.35,85.75,287260.73,98.36
290137.51,99.35,85.75,287260.73,98.36
290137.51,99.35,85.75,287260.73,98.36
290137.51,99.35,85.75,287260.73,98.36
290137.51,99.35,85.75,287260.73,98.36
290137.51,99.35,85.75,287260.73,98.36
290137.51,99.35,85.75,287260.73,98.36
290137.51,99.35,85.75,287260.73,98.36
290137.51,99.35,85.75,287260.73,98.36
290137.51,99.35,85.75,287260.73,98.36
290137.51,99.35,85.75,287245.41,98.35
290137.51,99.35,85.75,287245.41,98.35
289978.83,99.35,85.75,287086.94,98.35
289978.83,99.35,85.75,287086.94,98.35
289978.83,99.35,85.75,287086.94,98.35
289978.83,99.35,85.75,287086.94,98.35
289978.83,99.35,85.75,287086.94,98.35
289978.83,99.35,85.75,287086.94,98.35
289978.83,99.35,85.75,287086.94,98.35
289978.83,99.35,85.75,287100.42,98.36
289978.83,99.35,85.75,287100.42,98.36
289978.83,99.35,85.75,287100.42,98.36
289978.83,99.35,85.75,287100.42,98.36
289978.83,99.35,85.75,287100.42,98.36
289978.83,99.35,85.75,287100.42,98.36
289978.83,99.35,85.75,287100.42,98.36
289978.83,99.35,85.75,287100.42,98.36
289978.83,99.35,85.75,287100.42,98.36
289978.83,99.35,85.75,287100.42,98.36
289978.83,99.35,85.75,287100.42,98.36
289978.83,99.35,85.75,287100.42,98.36
289978.83,99.35,85.75,287100.42,98.36
289978.83,99.35,85.75,287100.42,98.36
289978.83,99.35,85.75,287100.42,98.36
289978.83,99.35,85.75,287100.42,98.36
289978.83,99.35,85.75,287100.42,98.36
289978.83,99.35,85.75,287100.42,98.36
289978.83,99.35,85.75,287100.42,98.36
289978.83,99.35,85.75,287100.42,98.36
289978.83,99.35,85.75,287100.42,98.36
289978.83,99.35,85.75,287100.42,98.36
289978.83,99.35,85.75,287100.42,98.36
289978.83,99.35,85.75,287100.42,98.36
289978.83,99.35,85.75,287100.42,98.36
289978.83,99.35,85.75,287100.42,98.36
289978.83,99.35,85.75,287100.42,98.36
289978.83,99.35,85.75,287100.42,98.36
289978.83,99.35,85.75,287100.42,98.36
289978.83,99.35,85.75,287100.42,98.36
289978.83,99.35,85.75,287100.42,98.36
289978.83,99.35,85.75,287100.42,98.36
289870.15,99.35,85.75,286991.74,98.36
289870.15,99.35,85.75,286991.74,98.36
289870.15,99.35,85.75,286991.74,98.36
289870.15,99.35,85.75,286991.74,98.36
289870.15,99.35,85.75,286991.74,98.36
289870.15,99.35,85.75,286991.74,98.36
289870.15,99.35,85.75,286991.74,98.36
289870.15,99.35,85.75,286989.71,98.36
289870.15,99.35,85.75,286989.71,98.36
289870.15,99.35,85.75,286989.71,98.36
289870.15,99.35,85.75,286989.71,98.36
289870.15,99.35,85.75,286989.71,98.36
289870.15,99.35,85.75,286989.71,98.36
289870.15,99.35,85.75,287035.5,98.37
289870.15,99.35,85.75,287035.5,98.37
289870.15,99.35,85.75,287035.5,98.37
289870.15,99.35,85.75,287035.5,98.37
289870.15,99.35,85.75,287035.5,98.37
289870.15,99.35,85.75,287035.5,98.37
289870.15,99.35,85.75,287035.5,98.37
289870.15,99.35,85.75,287035.5,98.37
289870.15,99.35,85.75,287035.5,98.37
289870.15,99.35,85.75,286989.71,98.36
289870.15,99.35,85.75,286989.71,98.36
289870.15,99.35,85.75,286989.71,98.36
289870.15,99.35,85.75,286989.71,98.36
289870.15,99.35,85.75,286989.71,98.36
289870.15,99.35,85.75,286989.71,98.36
289870.15,99.35,85.75,286989.71,98.36
289870.15,99.35,85.75,286989.71,98.36
289870.15,99.35,85.75,286989.71,98.36
289870.15,99.35,85.75,286989.71,98.36
289870.15,99.35,85.75,286989.71,98.36
289870.15,99.35,85.75,286989.71,98.36
289870.15,99.35,85.75,287042.39,98.38
289870.15,99.35,85.75,287042.39,98.38
289870.15,99.35,85.75,287042.39,98.38
289870.15,99.35,85.75,287042.39,98.38
289870.15,99.35,85.75,287042.39,98.38
289870.15,99.35,85.75,287039.2,98.38
289870.15,99.35,85.75,287039.2,98.38
289870.15,99.35,85.75,287039.2,98.38
289870.15,99.35,85.75,287038.04,98.37
289870.15,99.35,85.75,287038.04,98.37
289870.15,99.35,85.75,287038.04,98.37
289870.15,99.35,85.75,287038.04,98.37
289870.15,99.35,85.75,287038.04,98.37
289870.15,99.35,85.75,287038.04,98.37
289870.15,99.35,85.75,287038.04,98.37
289870.15,99.35,85.75,287038.04,98.37
289870.15,99.35,85.75,287038.04,98.37
289870.15,99.35,85.75,287038.04,98.37
289870.15,99.35,85.75,287038.04,98.37
289870.15,99.35,85.75,287038.04,98.37
289870.15,99.35,85.75,287038.04,98.37
289870.15,99.35,85.75,287038.04,98.37
289870.15,99.35,85.75,287038.04,98.37
289870.15,99.35,85.75,287038.04,98.37
289870.15,99.35,85.75,287038.04,98.37
289870.15,99.35,85.75,287038.04,98.37
289870.15,99.35,85.75,287038.04,98.37
289870.15,99.35,85.75,287038.04,98.37
289870.15,99.35,85.75,287038.04,98.37
289870.15,99.35,85.75,287038.04,98.37
289870.15,99.35,85.75,287038.04,98.37
289870.15,99.35,85.75,287038.04,98.37
289870.15,99.35,85.75,287038.04,98.37
289870.15,99.35,85.75,287038.04,98.37
289870.15,99.35,85.75,287038.04,98.37
289870.15,99.35,85.75,287038.04,98.37
289870.15,99.35,85.75,287038.04,98.37
289870.15,99.35,85.75,287038.04,98.37
289870.15,99.35,85.75,287038.04,98.37
289870.15,99.35,85.75,287038.04,98.37
289870.15,99.35,85.75,287037.03,98.37
289870.15,99.35,85.75,287037.03,98.37
289870.15,99.35,85.75,287037.03,98.37
289870.15,99.35,85.75,287037.03,98.37
289870.15,99.35,85.75,287037.03,98.37
289870.15,99.35,85.75,287037.03,98.37
289870.15,99.35,85.75,287037.03,98.37
289870.15,99.35,85.75,287037.03,98.37
289870.15,99.35,85.75,287037.03,98.37
289870.15,99.35,85.75,287037.03,98.37
289870.15,99.35,85.75,287037.03,98.37
289870.15,99.35,85.75,287037.03,98.37
289870.15,99.35,85.75,287037.03,98.37
289870.15,99.35,85.75,287037.03,98.37
289870.15,99.35,85.75,287037.03,98.37
289870.15,99.35,85.75,287037.03,98.37
289870.15,99.35,85.75,287037.03,98.37
289870.15,99.35,85.75,287037.03,98.37
289870.15,99.35,85.75,287037.03,98.37
289870.15,99.35,85.75,287037.03,98.37
289870.15,99.35,85.75,287037.03,98.37
289870.15,99.35,85.75,287037.03,98.37
289870.15,99.35,85.75,287037.03,98.37
289870.15,99.35,85.75,287037.03,98.37
289870.15,99.35,85.75,287037.03,98.37
289870.15,99.35,85.75,287037.03,98.37
289870.15,99.35,85.75,287037.03,98.37
289870.15,99.35,85.75,287037.03,98.37
289870.15,99.35,85.75,287037.03,98.37
289870.15,99.35,85.75,287037.03,98.37
289870.15,99.35,85.75,287037.03,98.37
289870.15,99.35,85.75,287037.03,98.37
289870.15,99.35,85.75,287037.03,98.37
289870.15,99.35,85.75,287037.03,98.37
289870.15,99.35,85.75,287037.03,98.37
289870.15,99.35,85.75,287037.03,98.37
289870.15,99.35,85.75,287037.03,98.37
289870.15,99.35,85.75,287037.03,98.37
289870.15,99.35,85.75,287037.03,98.37
289870.15,99.35,85.75,287037.03,98.37
289870.15,99.35,85.75,287039.9,98.38
289870.15,99.35,85.75,287039.9,98.38
289870.15,99.35,85.75,287039.9,98.38
289870.15,99.35,85.75,287039.9,98.38
289870.15,99.35,85.75,287039.9,98.38
289870.15,99.35,85.75,287039.9,98.38
289870.15,99.35,85.75,287039.9,98.38
289870.15,99.35,85.75,287039.9,98.38
289870.15,99.35,85.75,287039.9,98.38
289870.15,99.35,85.75,287039.9,98.38
289870.15,99.35,85.75,287039.9,98.38
289870.15,99.35,85.75,287039.9,98.38
289870.15,99.35,85.75,287039.9,98.38
289870.15,99.35,85.75,287039.9,98.38
289870.15,99.35,85.75,287039.9,98.38
289870.15,99.35,85.75,287039.9,98.38
289870.15,99.35,85.75,287039.9,98.38
289870.15,99.35,85.75,287039.9,98.38
289870.15,99.35,85.75,287039.9,98.38
289870.15,99.35,85.75,287039.9,98.38
289870.15,99.35,85.75,287039.9,98.38
289870.15,99.35,85.75,287039.9,98.38
289870.15,99.35,85.75,287039.9,98.38
289870.15,99.35,85.75,287039.9,98.38
289870.15,99.35,85.75,287039.9,98.38
289870.15,99.35,85.75,287039.9,98.38
289870.15,99.35,85.75,287039.9,98.38
289870.15,99.35,85.75,287039.9,98.38
289870.15,99.35,85.75,287039.9,98.38
289870.15,99.35,85.75,287039.9,98.38
289870.15,99.35,85.75,287039.9,98.38
289870.15,99.35,85.75,287039.9,98.38
289870.15,99.35,85.75,287039.9,98.38
289870.15,99.35,85.75,287039.9,98.38
289870.15,99.35,85.75,287039.9,98.38
289870.15,99.35,85.75,287039.9,98.38
289870.15,99.35,85.75,287039.9,98.38
289870.15,99.35,85.75,287039.9,98.38
289870.15,99.35,85.75,287039.9,98.38
289870.15,99.35,85.75,287039.9,98.38
289870.15,99.35,85.75,287039.9,98.38
289870.15,99.35,85.75,287039.9,98.38
289870.15,99.35,85.75,287039.9,98.38
289870.15,99.35,85.75,287039.9,98.38
289870.15,99.35,85.75,287039.9,98.38
289870.15,99.35,85.75,287039.9,98.38
289870.15,99.35,85.75,287039.9,98.38
289870.15,99.35,85.75,287039.9,98.38
289870.15,99.35,85.75,287039.9,98.38
289870.15,99.35,85.75,287073.07,98.39
289870.15,99.35,85.75,287073.07,98.39
289870.15,99.35,85.75,287073.07,98.39
289870.15,99.35,85.75,287073.07,98.39
289870.15,99.35,85.75,287073.07,98.39
289870.15,99.35,85.75,287073.07,98.39
289870.15,99.35,85.75,287073.07,98.39
289870.15,99.35,85.75,287073.07,98.39
289870.15,99.35,85.75,287073.07,98.39
289870.15,99.35,85.75,287073.07,98.39
289870.15,99.35,85.75,287073.07,98.39
289870.15,99.35,85.75,287073.07,98.39
289870.15,99.35,85.75,287073.07,98.39
289870.15,99.35,85.75,287073.07,98.39
289870.15,99.35,85.75,287073.07,98.39
289870.15,99.35,85.75,287073.07,98.39
289870.15,99.35,85.75,287073.07,98.39
289870.15,99.35,85.75,287073.07,98.39
289870.15,99.35,85.75,287073.07,98.39
289870.15,99.35,85.75,287073.07,98.39
289870.15,99.35,85.75,287073.07,98.39
289870.15,99.35,85.75,287073.07,98.39
289870.15,99.35,85.75,287073.07,98.39
289870.15,99.35,85.75,287073.07,98.39
289870.15,99.35,85.75,287073.07,98.39
289870.15,99.35,85.75,287073.07,98.39
289870.15,99.35,85.75,287073.07,98.39
289870.15,99.35,85.75,287073.07,98.39
289870.15,99.35,85.75,287073.07,98.39
289870.15,99.35,85.75,287073.07,98.39
289870.15,99.35,85.75,287073.07,98.39
289870.15,99.35,85.75,287073.07,98.39
289870.15,99.35,85.75,287073.07,98.39
289870.15,99.35,85.75,287073.07,98.39
289870.15,99.35,85.75,287073.1,98.39
289870.15,99.35,85.75,287073.1,98.39
289870.15,99.35,85.75,287073.1,98.39
289870.15,99.35,85.75,287073.1,98.39
289870.15,99.35,85.75,287073.1,98.39
289870.15,99.35,85.75,287073.1,98.39
289870.15,99.35,85.75,287073.1,98.39
289870.15,99.35,85.75,287073.1,98.39
289870.15,99.35,85.75,287073.1,98.39
289870.15,99.35,85.75,287073.1,98.39
289870.15,99.35,85.75,287073.1,98.39
289870.15,99.35,85.75,287073.1,98.39
289870.15,99.35,85.75,287073.1,98.39
289870.15,99.35,85.75,287073.1,98.39
289870.15,99.35,85.75,287106.22,98.4
289870.15,99.35,85.75,287106.22,98.4
289870.15,99.35,85.75,287106.22,98.4
289870.15,99.35,85.75,287106.22,98.4
289870.15,99.35,85.75,287106.22,98.4
289870.15,99.35,85.75,287106.22,98.4
289870.15,99.35,85.75,287106.22,98.4
289870.15,99.35,85.75,287106.22,98.4
289870.15,99.35,85.75,287106.22,98.4
289870.15,99.35,85.75,287106.22,98.4
289870.15,99.35,85.75,287106.22,98.4
289870.15,99.35,85.75,287106.22,98.4
289870.15,99.35,85.75,287106.22,98.4
289870.15,99.35,85.75,287106.22,98.4
289870.15,99.35,85.75,287106.22,98.4
289870.15,99.35,85.75,287106.22,98.4
289870.15,99.35,85.75,287106.22,98.4
289870.15,99.35,85.75,287106.22,98.4
289870.15,99.35,85.75,287106.22,98.4
289870.15,99.35,85.75,287106.22,98.4
289870.15,99.35,85.75,287106.22,98.4
289870.15,99.35,85.75,287106.22,98.4
289870.15,99.35,85.75,287106.22,98.4
289870.15,99.35,85.75,287106.22,98.4
289870.15,99.35,85.75,287106.22,98.4
289870.15,99.35,85.75,287106.22,98.4
289870.15,99.35,85.75,287106.22,98.4
289870.15,99.35,85.75,287106.22,98.4
289870.15,99.35,85.75,287106.22,98.4
289870.15,99.35,85.75,287106.22,98.4
289870.15,99.35,85.75,287106.22,98.4
289870.15,99.35,85.75,287106.22,98.4
289870.15,99.35,85.75,287106.22,98.4
289870.15,99.35,85.75,287106.22,98.4
289870.15,99.35,85.75,287106.22,98.4
289870.15,99.35,85.75,287106.22,98.4
289870.15,99.35,85.75,287106.22,98.4
289870.15,99.35,85.75,287106.22,98.4
289870.15,99.35,85.75,287106.22,98.4
289870.15,99.35,85.75,287106.22,98.4
289870.15,99.35,85.75,287106.22,98.4
289870.15,99.35,85.75,287106.22,98.4
289870.15,99.35,85.75,287107.1,98.4
289870.15,99.35,85.75,287107.1,98.4
289870.15,99.35,85.75,287107.1,98.4
289870.15,99.35,85.75,287107.1,98.4
289870.15,99.35,85.75,287107.1,98.4
289870.15,99.35,85.75,287107.1,98.4
289870.15,99.35,85.75,287107.1,98.4
289870.15,99.35,85.75,287107.1,98.4
289870.15,99.35,85.75,287107.1,98.4
289870.15,99.35,85.75,287107.1,98.4
289870.15,99.35,85.75,287107.1,98.4
289870.15,99.35,85.75,287107.1,98.4
289870.15,99.35,85.75,287107.1,98.4
289870.15,99.35,85.75,287107.1,98.4
289870.15,99.35,85.75,287107.1,98.4
289870.15,99.35,85.75,287107.1,98.4
289870.15,99.35,85.75,287107.1,98.4
289870.15,99.35,85.75,287107.1,98.4
289870.15,99.35,85.75,287107.1,98.4
289711.47,99.35,85.75,286948.42,98.4
289711.47,99.35,85.75,286948.42,98.4
289711.47,99.35,85.75,286948.42,98.4
289711.47,99.35,85.75,286948.42,98.4
289711.47,99.35,85.75,286948.42,98.4
289711.47,99.35,85.75,286948.42,98.4
289711.47,99.35,85.75,286948.42,98.4
289711.47,99.35,85.75,286948.42,98.4
289711.47,99.35,85.75,286948.42,98.4
289711.47,99.35,85.75,286948.42,98.4
289711.47,99.35,85.75,286948.42,98.4
289711.47,99.35,85.75,286948.42,98.4
289711.47,99.35,85.75,286948.42,98.4
289711.47,99.35,85.75,286948.42,98.4
289711.47,99.35,85.75,286948.42,98.4
289711.47,99.35,85.75,286948.42,98.4
289711.47,99.35,85.75,286948.42,98.4
289711.47,99.35,85.75,286948.42,98.4
289711.47,99.35,85.75,286948.42,98.4
289711.47,99.35,85.75,286948.42,98.4
289711.47,99.35,85.75,286948.42,98.4
289711.47,99.35,85.75,286948.42,98.4
289711.47,99.35,85.75,286948.42,98.4
289711.47,99.35,85.75,286948.42,98.4
289711.47,99.35,85.75,286948.42,98.4
289711.47,99.35,85.75,286948.42,98.4
289711.47,99.35,85.75,286948.42,98.4
289711.47,99.35,85.75,286948.42,98.4
289711.47,99.35,85.75,286948.42,98.4
289711.47,99.35,85.75,286948.42,98.4
289711.47,99.35,85.75,286948.42,98.4
289711.47,99.35,85.75,286929.8,98.39
289711.47,99.35,85.75,286929.8,98.39
289711.47,99.35,85.75,286929.8,98.39
289711.47,99.35,85.75,286929.8,98.39
289711.47,99.35,85.75,286929.8,98.39
289711.47,99.35,85.75,286929.8,98.39
289711.47,99.35,85.75,286929.8,98.39
289711.47,99.35,85.75,286929.8,98.39
289711.47,99.35,85.75,286929.8,98.39
289711.47,99.35,85.75,286929.8,98.39
289711.47,99.35,85.75,286929.8,98.39
289711.47,99.35,85.75,286929.8,98.39
289711.47,99.35,85.75,286929.8,98.39
289711.47,99.35,85.75,286929.8,98.39
289711.47,99.35,85.75,286929.8,98.39
289711.47,99.35,85.75,286929.8,98.39
289711.47,99.35,85.75,286929.8,98.39
289711.47,99.35,85.75,286929.8,98.39
289711.47,99.35,85.75,286929.8,98.39
289711.47,99.35,85.75,286929.8,98.39
289711.47,99.35,85.75,286929.8,98.39
289711.47,99.35,85.75,286929.8,98.39
289711.47,99.35,85.75,286929.8,98.39
289711.47,99.35,85.75,286929.8,98.39
289711.47,99.35,85.75,286929.8,98.39
289711.47,99.35,85.75,286975.15,98.41
289711.47,99.35,85.75,286975.15,98.41
289711.47,99.35,85.75,286975.15,98.41
289711.47,99.35,85.75,286975.15,98.41
289711.47,99.35,85.75,286975.15,98.41
289711.47,99.35,85.75,286975.15,98.41
289711.47,99.35,85.75,286975.15,98.41
289711.47,99.35,85.75,286975.15,98.41
289711.47,99.35,85.75,286975.15,98.41
289711.47,99.35,85.75,286975.15,98.41
289711.47,99.35,85.75,286995.96,98.41
289711.47,99.35,85.75,286995.96,98.41
289711.47,99.35,85.75,287041.74,98.43
289711.47,99.35,85.75,287041.74,98.43
289711.47,99.35,85.75,287041.74,98.43
289711.47,99.35,85.75,287041.74,98.43
289711.47,99.35,85.75,287041.74,98.43
289711.47,99.35,85.75,287041.74,98.43
289711.47,99.35,85.75,287041.74,98.43
289711.47,99.35,85.75,287099.76,98.45
289711.47,99.35,85.75,287099.76,98.45
289711.47,99.35,85.75,287099.76,98.45
289711.47,99.35,85.75,287099.76,98.45
289555.58,99.35,85.75,286940.87,98.45
289555.58,99.35,85.75,286940.87,98.45
289555.58,99.35,85.75,286940.87,98.45
289555.58,99.35,85.75,286940.87,98.45
289555.58,99.35,85.75,286940.87,98.45
289555.58,99.35,85.75,286940.87,98.45
289555.58,99.35,85.75,286940.87,98.45
289555.58,99.35,85.75,286940.87,98.45
289555.58,99.35,85.75,286940.87,98.45
289555.58,99.35,85.75,286940.87,98.45
289555.58,99.35,85.75,286940.87,98.45
289555.58,99.35,85.75,286940.87,98.45
289555.58,99.35,85.75,286940.87,98.45
289555.58,99.35,85.75,286940.87,98.45
289555.58,99.35,85.75,286940.87,98.45
289555.58,99.35,85.75,286940.87,98.45
289555.58,99.35,85.75,286940.87,98.45
289555.58,99.35,85.75,286940.87,98.45
289555.58,99.35,85.75,286940.87,98.45
289555.58,99.35,85.75,286940.87,98.45
289555.58,99.35,85.75,286940.87,98.45
289555.58,99.35,85.75,286940.87,98.45
289555.58,99.35,85.75,286940.87,98.45
289555.58,99.35,85.75,286940.87,98.45
289555.58,99.35,85.75,286940.87,98.45
289555.58,99.35,85.75,286973.55,98.46
289555.58,99.35,85.75,286973.55,98.46
289555.58,99.35,85.75,286973.55,98.46
289555.58,99.35,85.75,286973.55,98.46
289555.58,99.35,85.75,286973.55,98.46
289555.58,99.35,85.75,286973.55,98.46
289555.58,99.35,85.75,286927.76,98.44
289555.58,99.35,85.75,286927.76,98.44
289555.58,99.35,85.75,286927.76,98.44
289555.58,99.35,85.75,286927.76,98.44
289555.58,99.35,85.75,286927.76,98.44
289555.58,99.35,85.75,286927.76,98.44
289555.58,99.35,85.75,286927.76,98.44
289555.58,99.35,85.75,286927.76,98.44
289555.58,99.35,85.75,286927.76,98.44
289555.58,99.35,85.75,286927.76,98.44
289555.58,99.35,85.75,286927.76,98.44
289555.58,99.35,85.75,286976.75,98.46
289555.58,99.35,85.75,286976.75,98.46
289555.58,99.35,85.75,286976.75,98.46
289555.58,99.35,85.75,286976.75,98.46
289555.58,99.35,85.75,286976.75,98.46
289555.58,99.35,85.75,286941.95,98.45
289555.58,99.35,85.75,286941.95,98.45
289555.58,99.35,85.75,286941.95,98.45
289555.58,99.35,85.75,286941.95,98.45
289555.58,99.35,85.75,286980.86,98.46
289555.58,99.35,85.75,286980.86,98.46
289555.58,99.35,85.75,286980.86,98.46
289555.58,99.35,85.75,286980.86,98.46
289555.58,99.35,85.75,286980.86,98.46
289555.58,99.35,85.75,286980.86,98.46
289555.58,99.35,85.75,286980.86,98.46
289555.58,99.35,85.75,286980.86,98.46
289555.58,99.35,85.75,286980.86,98.46
289555.58,99.35,85.75,286980.86,98.46
289555.58,99.35,85.75,286980.86,98.46
289555.58,99.35,85.75,286980.86,98.46
289555.58,99.35,85.75,286980.86,98.46
289555.58,99.35,85.75,286980.86,98.46
289555.58,99.35,85.75,286980.86,98.46
289555.58,99.35,85.75,286980.86,98.46
289555.58,99.35,85.75,286980.86,98.46
289555.58,99.35,85.75,286980.86,98.46
289555.58,99.35,85.75,286980.86,98.46
289555.58,99.35,85.75,286980.86,98.46
289555.58,99.35,85.75,286980.86,98.46
289555.58,99.35,85.75,286980.86,98.46
289555.58,99.35,85.75,286980.86,98.46
289555.58,99.35,85.75,286980.86,98.46
289555.58,99.35,85.75,286980.86,98.46
289555.58,99.35,85.75,286980.86,98.46
289555.58,99.35,85.75,286980.86,98.46
289555.58,99.35,85.75,287043.62,98.48
289555.58,99.35,85.75,287043.62,98.48
289555.58,99.35,85.75,287043.62,98.48
289555.58,99.35,85.75,287043.62,98.48
289555.58,99.35,85.75,287043.62,98.48
289446.9,99.35,85.75,286934.94,98.48
289446.9,99.35,85.75,286934.94,98.48
289446.9,99.35,85.75,286934.94,98.48
289446.9,99.35,85.75,286934.94,98.48
289446.9,99.35,85.75,286934.94,98.48
289446.9,99.35,85.75,286934.94,98.48
289446.9,99.35,85.75,286934.94,98.48
289446.9,99.35,85.75,286934.94,98.48
289446.9,99.35,85.75,286934.94,98.48
289446.9,99.35,85.75,286934.94,98.48
289446.9,99.35,85.75,286934.94,98.48
289446.9,99.35,85.75,286934.94,98.48
289446.9,99.35,85.75,286934.94,98.48
289446.9,99.35,85.75,286934.94,98.48
289446.9,99.35,85.75,286934.94,98.48
289446.9,99.35,85.75,286934.94,98.48
289446.9,99.35,85.75,286934.94,98.48
289446.9,99.35,85.75,286934.94,98.48
289446.9,99.35,85.75,286934.94,98.48
289446.9,99.35,85.75,286934.94,98.48
289446.9,99.35,85.75,286934.94,98.48
289446.9,99.35,85.75,286934.94,98.48
289446.9,99.35,85.75,286934.94,98.48
289446.9,99.35,85.75,286934.94,98.48
289446.9,99.35,85.75,286934.94,98.48
289446.9,99.35,85.75,286934.94,98.48
289446.9,99.35,85.75,286934.94,98.48
289446.9,99.35,85.75,286934.94,98.48
289446.9,99.35,85.75,286934.94,98.48
288446.9,99.34,85.75,285934.94,98.48
288446.9,99.34,85.75,285934.94,98.48
288398.36,99.34,85.75,285891.41,98.48
288398.36,99.34,85.75,285891.41,98.48
288398.36,99.34,85.75,285891.41,98.48
288398.36,99.34,85.75,285891.41,98.48
288239.68,99.35,85.75,285732.73,98.48
288239.68,99.35,85.75,285732.73,98.48
288239.68,99.35,85.75,285732.73,98.48
288239.68,99.35,85.75,285732.73,98.48
288239.68,99.35,85.75,285732.73,98.48
288239.68,99.35,85.75,285732.73,98.48
288239.68,99.35,85.75,285732.73,98.48
288239.68,99.35,85.75,285732.73,98.48
288239.68,99.35,85.75,285732.73,98.48
288239.68,99.35,85.75,285732.73,98.48
288239.68,99.35,85.75,285732.73,98.48
288239.68,99.35,85.75,285732.73,98.48
288239.68,99.35,85.75,285732.73,98.48
288239.68,99.35,85.75,285732.73,98.48
288239.68,99.35,85.75,285732.73,98.48
288239.68,99.35,85.75,285732.73,98.48
288239.68,99.35,85.75,285732.73,98.48
288239.68,99.35,85.75,285765.89,98.49
288239.68,99.35,85.75,285765.89,98.49
288239.68,99.35,85.75,285765.89,98.49
288239.68,99.35,85.75,285765.89,98.49
288239.68,99.35,85.75,285765.89,98.49
288239.68,99.35,85.75,285765.89,98.49
288239.68,99.35,85.75,285765.89,98.49
288239.68,99.35,85.75,285765.89,98.49
288239.68,99.35,85.75,285765.89,98.49
288239.68,99.35,85.75,285808.07,98.51
288239.68,99.35,85.75,285808.07,98.51
288239.68,99.35,85.75,285808.07,98.51
288239.68,99.35,85.75,285808.07,98.51
288239.68,99.35,85.75,285808.07,98.51
288239.68,99.35,85.75,285808.07,98.51
288239.68,99.35,85.75,285808.07,98.51
288239.68,99.35,85.75,285808.07,98.51
288239.68,99.35,85.75,285808.07,98.51
288239.68,99.35,85.75,285808.07,98.51
288239.68,99.35,85.75,285808.07,98.51
288239.68,99.35,85.75,285808.07,98.51
288239.68,99.35,85.75,285808.07,98.51
288239.68,99.35,85.75,285808.07,98.51
288239.68,99.35,85.75,285808.07,98.51
288239.68,99.35,85.75,285808.07,98.51
288239.68,99.35,85.75,285808.07,98.51
288239.68,99.35,85.75,285808.07,98.51
288239.68,99.35,85.75,285808.07,98.51
288239.68,99.35,85.75,285808.07,98.51
288239.68,99.35,85.75,285808.07,98.51
288239.68,99.35,85.75,285808.07,98.51
288239.68,99.35,85.75,285808.07,98.51
288239.68,99.35,85.75,285808.07,98.51
288239.68,99.35,85.75,285808.07,98.51
288239.68,99.35,85.75,285808.07,98.51
288239.68,99.35,85.75,285808.07,98.51
288239.68,99.35,85.75,285808.07,98.51
288239.68,99.35,85.75,285808.07,98.51
288239.68,99.35,85.75,285808.07,98.51
288239.68,99.35,85.75,285808.07,98.51
288239.68,99.35,85.75,285808.07,98.51
288239.68,99.35,85.75,285808.07,98.51
288239.68,99.35,85.75,285808.07,98.51
288239.68,99.35,85.75,285808.07,98.51
288239.68,99.35,85.75,285808.07,98.51
288239.68,99.35,85.75,285808.07,98.51
288239.68,99.35,85.75,285808.07,98.51
288239.68,99.35,85.75,285808.07,98.51
288239.68,99.35,85.75,285808.07,98.51
288239.68,99.35,85.75,285808.07,98.51
288239.68,99.35,85.75,285808.07,98.51
288133.64,99.35,85.75,285699.19,98.51
288133.64,99.35,85.75,285699.19,98.51
288133.64,99.35,85.75,285699.19,98.51
288133.64,99.35,85.75,285699.19,98.51
288133.64,99.35,85.75,285699.19,98.51
288133.64,99.35,85.75,285699.19,98.51
288133.64,99.35,85.75,285699.19,98.51
288133.64,99.35,85.75,285699.19,98.51
288133.64,99.35,85.75,285703.71,98.51
288133.64,99.35,85.75,285703.71,98.51
288133.64,99.35,85.75,285703.71,98.51
288133.64,99.35,85.75,285703.71,98.51
288133.64,99.35,85.75,285700.71,98.51
288133.64,99.35,85.75,285700.71,98.51
288133.64,99.35,85.75,285700.71,98.51
288133.64,99.35,85.75,285700.71,98.51
288133.64,99.35,85.75,285700.71,98.51
288133.64,99.35,85.75,285700.71,98.51
288133.64,99.35,85.75,285700.71,98.51
288133.64,99.35,85.75,285700.71,98.51
288133.64,99.35,85.75,285722.31,98.51
288133.64,99.35,85.75,285722.31,98.51
288133.64,99.35,85.75,285722.31,98.51
288133.64,99.35,85.75,285722.31,98.51
288133.64,99.35,85.75,285722.31,98.51
288133.64,99.35,85.75,285722.31,98.51
288133.64,99.35,85.75,285722.31,98.51
288133.64,99.35,85.75,285722.31,98.51
288133.64,99.35,85.75,285722.31,98.51
288133.64,99.35,85.75,285722.31,98.51
288133.64,99.35,85.75,285722.31,98.51
288133.64,99.35,85.75,285722.31,98.51
288133.64,99.35,85.75,285722.31,98.51
288133.64,99.35,85.75,285722.31,98.51
288133.64,99.35,85.75,285722.31,98.51
288133.64,99.35,85.75,285722.31,98.51
288133.64,99.35,85.75,285722.31,98.51
288133.64,99.35,85.75,285722.31,98.51
288133.64,99.35,85.75,285722.31,98.51
288133.64,99.35,85.75,285722.31,98.51
288133.64,99.35,85.75,285722.31,98.51
288133.64,99.35,85.75,285722.31,98.51
288133.64,99.35,85.75,285722.31,98.51
287974.96,99.35,85.75,285563.64,98.51
287974.96,99.35,85.75,285563.64,98.51
287974.96,99.35,85.75,285563.64,98.51
287974.96,99.35,85.75,285563.64,98.51
287974.96,99.35,85.75,285563.64,98.51
287974.96,99.35,85.75,285563.64,98.51
287974.96,99.35,85.75,285563.64,98.51
287974.96,99.35,85.75,285563.64,98.51
287974.96,99.35,85.75,285563.64,98.51
287974.96,99.35,85.75,285563.64,98.51
287974.96,99.35,85.75,285563.64,98.51
287974.96,99.35,85.75,285563.64,98.51
287974.96,99.35,85.75,285563.64,98.51
287974.96,99.35,85.75,285563.64,98.51
287974.96,99.35,85.75,285563.64,98.51
287974.96,99.35,85.75,285563.64,98.51
287974.96,99.35,85.75,285563.64,98.51
287974.96,99.35,85.75,285563.64,98.51
287974.96,99.35,85.75,285563.64,98.51
287974.96,99.35,85.75,285563.64,98.51
287974.96,99.35,85.75,285563.64,98.51
287974.96,99.35,85.75,285563.64,98.51
287974.96,99.35,85.75,285563.64,98.51
287974.96,99.35,85.75,285586.21,98.52
287974.96,99.35,85.75,285586.21,98.52
287974.96,99.35,85.75,285586.21,98.52
287974.96,99.35,85.75,285586.21,98.52
287974.96,99.35,85.75,285586.21,98.52
287974.96,99.35,85.75,285586.21,98.52
287974.96,99.35,85.75,285586.21,98.52
287974.96,99.35,85.75,285586.21,98.52
287974.96,99.35,85.75,285586.21,98.52
287974.96,99.35,85.75,285586.21,98.52
287974.96,99.35,85.75,285567.51,98.52
287974.96,99.35,85.75,285567.51,98.52
287974.96,99.35,85.75,285567.51,98.52
287974.96,99.35,85.75,285567.51,98.52
287974.96,99.35,85.75,285567.51,98.52
287974.96,99.35,85.75,285586.98,98.52
287974.96,99.35,85.75,285608.97,98.53
287974.96,99.35,85.75,285608.97,98.53
287974.96,99.35,85.75,285608.97,98.53
287974.96,99.35,85.75,285607.09,98.53
287974.96,99.35,85.75,285607.09,98.53
287974.96,99.35,85.75,285607.09,98.53
287974.96,99.35,85.75,285607.09,98.53
287974.96,99.35,85.75,285607.09,98.53
287974.96,99.35,85.75,285607.09,98.53
287974.96,99.35,85.75,285607.09,98.53
287924.96,99.35,85.75,285557.09,98.53
287924.96,99.35,85.75,285557.09,98.53
287924.96,99.35,85.75,285557.09,98.53
287924.96,99.35,85.75,285543.16,98.52
287924.96,99.35,85.75,285543.16,98.52
287924.96,99.35,85.75,285543.16,98.52
287924.96,99.35,85.75,285543.16,98.52
287924.96,99.35,85.75,285543.16,98.52
287924.96,99.35,85.75,285543.16,98.52
287924.96,99.35,85.75,285543.16,98.52
287924.96,99.35,85.75,285543.16,98.52
287924.96,99.35,85.75,285543.16,98.52
287924.96,99.35,85.75,285543.16,98.52
287924.96,99.35,85.75,285543.16,98.52
287924.96,99.35,85.75,285543.16,98.52
287924.96,99.35,85.75,285543.16,98.52
287924.96,99.35,85.75,285543.16,98.52
287924.96,99.35,85.75,285543.16,98.52
287924.96,99.35,85.75,285543.16,98.52
287924.96,99.35,85.75,285543.16,98.52
287924.96,99.35,85.75,285543.16,98.52
287924.96,99.35,85.75,285543.16,98.52
287924.96,99.35,85.75,285543.16,98.52
287554.96,99.35,85.75,285173.16,98.52
287554.96,99.35,85.75,285173.16,98.52
287554.96,99.35,85.75,285173.16,98.52
287554.96,99.35,85.75,285173.16,98.52
287554.96,99.35,85.75,285173.16,98.52
287554.96,99.35,85.75,285173.16,98.52
287554.96,99.35,85.75,285173.16,98.52
287554.96,99.35,85.75,285173.16,98.52
287554.96,99.35,85.75,285173.16,98.52
287554.96,99.35,85.75,285173.16,98.52
287554.96,99.35,85.75,285173.16,98.52
287554.96,99.35,85.75,285173.16,98.52
287554.96,99.35,85.75,285189.58,98.53
287554.96,99.35,85.75,285189.58,98.53
287554.96,99.35,85.75,285189.58,98.53
287554.96,99.35,85.75,285189.58,98.53
287554.96,99.35,85.75,285189.58,98.53
287554.96,99.35,85.75,285189.58,98.53
287554.96,99.35,85.75,285189.58,98.53
287554.96,99.35,85.75,285189.58,98.53
287554.96,99.35,85.75,285189.58,98.53
287554.96,99.35,85.75,285189.58,98.53
287554.96,99.35,85.75,285189.58,98.53
287554.96,99.35,85.75,285189.58,98.53
287554.96,99.35,85.75,285189.58,98.53
287554.96,99.35,85.75,285189.58,98.53
287554.96,99.35,85.75,285189.58,98.53
287554.96,99.35,85.75,285189.58,98.53
287554.96,99.35,85.75,285189.58,98.53
287554.96,99.35,85.75,285189.58,98.53
287554.96,99.35,85.75,285189.58,98.53
287554.96,99.35,85.75,285189.58,98.53
287554.96,99.35,85.75,285189.58,98.53
287554.96,99.35,85.75,285189.58,98.53
287554.96,99.35,85.75,285189.58,98.53
287554.96,99.35,85.75,285189.58,98.53
287554.96,99.35,85.75,285189.58,98.53
287554.96,99.35,85.75,285189.58,98.53
287554.96,99.35,85.75,285189.58,98.53
287554.96,99.35,85.75,285189.58,98.53
287554.96,99.35,85.75,285189.58,98.53
287554.96,99.35,85.75,285189.58,98.53
287554.96,99.35,85.75,285189.58,98.53
287554.96,99.35,85.75,285189.58,98.53
287554.96,99.35,85.75,285189.58,98.53
287554.96,99.35,85.75,285189.58,98.53
287554.96,99.35,85.75,285189.58,98.53
287554.96,99.35,85.75,285189.58,98.53
287554.96,99.35,85.75,285189.58,98.53
287554.96,99.35,85.75,285189.58,98.53
287554.96,99.35,85.75,285189.58,98.53
287554.96,99.35,85.75,285189.58,98.53
287554.96,99.35,85.75,285189.58,98.53
287554.96,99.35,85.75,285189.58,98.53
287554.96,99.35,85.75,285189.58,98.53
287554.96,99.35,85.75,285189.58,98.53
287554.96,99.35,85.75,285189.58,98.53
287554.96,99.35,85.75,285189.58,98.53
287554.96,99.35,85.75,285189.58,98.53
287554.96,99.35,85.75,285189.58,98.53
287554.96,99.35,85.75,285189.58,98.53
287234.96,99.34,85.75,284869.58,98.53
287234.96,99.34,85.75,284869.58,98.53
287234.96,99.34,85.75,284869.58,98.53
287234.96,99.34,85.75,284869.58,98.53
287234.96,99.34,85.75,284869.58,98.53
287234.96,99.34,85.75,284869.58,98.53
287234.96,99.34,85.75,284869.58,98.53
287234.96,99.34,85.75,284869.58,98.53
287234.96,99.34,85.75,284869.58,98.53
287234.96,99.34,85.75,284869.58,98.53
287234.96,99.34,85.75,284869.58,98.53
287234.96,99.34,85.75,284869.58,98.53
287234.96,99.34,85.75,284869.58,98.53
287234.96,99.34,85.75,284869.58,98.53
287234.96,99.34,85.75,284869.58,98.53
287234.96,99.34,85.75,284869.58,98.53
287234.96,99.34,85.75,284869.58,98.53
287234.96,99.34,85.75,284869.58,98.53
287234.96,99.34,85.75,284869.58,98.53
287234.96,99.34,85.75,284869.58,98.53
287234.96,99.34,85.75,284869.58,98.53
287234.96,99.34,85.75,284826.26,98.51
287234.96,99.34,85.75,284826.26,98.51
287234.96,99.34,85.75,284826.26,98.51
287234.96,99.34,85.75,284826.26,98.51
287234.96,99.34,85.75,284826.26,98.51
287234.96,99.34,85.75,284826.26,98.51
287234.96,99.34,85.75,284826.26,98.51
287234.96,99.34,85.75,284826.26,98.51
287234.96,99.34,85.75,284826.26,98.51
287234.96,99.34,85.75,284826.26,98.51
287234.96,99.34,85.75,284826.26,98.51
287234.96,99.34,85.75,284826.26,98.51
287234.96,99.34,85.75,284826.26,98.51
287234.96,99.34,85.75,284826.26,98.51
287234.96,99.34,85.75,284826.26,98.51
287234.96,99.34,85.75,284826.26,98.51
287234.96,99.34,85.75,284826.26,98.51
287234.96,99.34,85.75,284826.26,98.51
287234.96,99.34,85.75,284877.92,98.53
287234.96,99.34,85.75,284877.92,98.53
287234.96,99.34,85.75,284877.92,98.53
287234.96,99.34,85.75,284877.92,98.53
287130.39,99.35,85.75,284773.9,98.53
287130.39,99.35,85.75,284773.9,98.53
287130.39,99.35,85.75,284773.9,98.53
287130.39,99.35,85.75,284773.9,98.53
287130.39,99.35,85.75,284773.9,98.53
287130.39,99.35,85.75,284773.9,98.53
287130.39,99.35,85.75,284773.9,98.53
287130.39,99.35,85.75,284773.9,98.53
287130.39,99.35,85.75,284773.9,98.53
287130.39,99.35,85.75,284773.9,98.53
287130.39,99.35,85.75,284773.9,98.53
287130.39,99.35,85.75,284773.9,98.53
287130.39,99.35,85.75,284773.9,98.53
287130.39,99.35,85.75,284773.9,98.53
287130.39,99.35,85.75,284773.9,98.53
287130.39,99.35,85.75,284773.9,98.53
287130.39,99.35,85.75,284773.9,98.53
287130.39,99.35,85.75,284773.9,98.53
287130.39,99.35,85.75,284773.9,98.53
287130.39,99.35,85.75,284773.9,98.53
287130.39,99.35,85.75,284773.9,98.53
287130.39,99.35,85.75,284773.9,98.53
287130.39,99.35,85.75,284773.9,98.53
287130.39,99.35,85.75,284773.9,98.53
287130.39,99.35,85.75,284773.9,98.53
287130.39,99.35,85.75,284773.9,98.53
287130.39,99.35,85.75,284773.9,98.53
287130.39,99.35,85.75,284773.9,98.53
287130.39,99.35,85.75,284773.9,98.53
287130.39,99.35,85.75,284773.9,98.53
287130.39,99.35,85.75,284773.9,98.53
287130.39,99.35,85.75,284773.9,98.53
287130.39,99.35,85.75,284773.9,98.53
287130.39,99.35,85.75,284773.9,98.53
287130.39,99.35,85.75,284773.9,98.53
287130.39,99.35,85.75,284772.48,98.53
287130.39,99.35,85.75,284772.48,98.53
287130.39,99.35,85.75,284772.48,98.53
287130.39,99.35,85.75,284772.48,98.53
287130.39,99.35,85.75,284772.48,98.53
287130.39,99.35,85.75,284772.48,98.53
287130.39,99.35,85.75,284772.48,98.53
287130.39,99.35,85.75,284772.48,98.53
287130.39,99.35,85.75,284772.48,98.53
287130.39,99.35,85.75,284772.48,98.53
287130.39,99.35,85.75,284772.48,98.53
287130.39,99.35,85.75,284772.48,98.53
287130.39,99.35,85.75,284772.48,98.53
287130.39,99.35,85.75,284772.48,98.53
287130.39,99.35,85.75,284772.48,98.53
287130.39,99.35,85.75,284772.48,98.53
287130.39,99.35,85.75,284772.48,98.53
287130.39,99.35,85.75,284772.48,98.53
287130.39,99.35,85.75,284772.48,98.53
287130.39,99.35,85.75,284772.48,98.53
287130.39,99.35,85.75,284772.48,98.53
287130.39,99.35,85.75,284772.48,98.53
287130.39,99.35,85.75,284772.55,98.53
287130.39,99.35,85.75,284772.55,98.53
287130.39,99.35,85.75,284772.55,98.53
287130.39,99.35,85.75,284772.55,98.53
287130.39,99.35,85.75,284772.55,98.53
287130.39,99.35,85.75,284772.55,98.53
287130.39,99.35,85.75,284772.55,98.53
287130.39,99.35,85.75,284772.55,98.53
287130.39,99.35,85.75,284772.55,98.53
287130.39,99.35,85.75,284772.55,98.53
287130.39,99.35,85.75,284772.55,98.53
287130.39,99.35,85.75,284772.55,98.53
287130.39,99.35,85.75,284772.55,98.53
287130.39,99.35,85.75,284772.55,98.53
287130.39,99.35,85.75,284772.55,98.53
287130.39,99.35,85.75,284772.55,98.53
287130.39,99.35,85.75,284772.55,98.53
287130.39,99.35,85.75,284772.55,98.53
287130.39,99.35,85.75,284772.55,98.53
287130.39,99.35,85.75,284772.55,98.53
287130.39,99.35,85.75,284772.55,98.53
287130.39,99.35,85.75,284772.55,98.53
287130.39,99.35,85.75,284772.55,98.53
287130.39,99.35,85.75,284772.55,98.53
287130.39,99.35,85.75,284772.55,98.53
287130.39,99.35,85.75,284772.55,98.53
287130.39,99.35,85.75,284772.55,98.53
287130.39,99.35,85.75,284772.55,98.53
286971.71,99.35,85.75,284613.87,98.53
286971.71,99.35,85.75,284613.87,98.53
286971.71,99.35,85.75,284613.87,98.53
286971.71,99.35,85.75,284613.87,98.53
286971.71,99.35,85.75,284613.87,98.53
286971.71,99.35,85.75,284613.87,98.53
286971.71,99.35,85.75,284613.87,98.53
286971.71,99.35,85.75,284613.87,98.53
286971.71,99.35,85.75,284613.87,98.53
286971.71,99.35,85.75,284613.87,98.53
286971.71,99.35,85.75,284613.87,98.53
286971.71,99.35,85.75,284613.87,98.53
286971.71,99.35,85.75,284613.87,98.53
286971.71,99.35,85.75,284613.87,98.53
286971.71,99.35,85.75,284613.87,98.53
286971.71,99.35,85.75,284613.87,98.53
286971.71,99.35,85.75,284613.87,98.53
286971.71,99.35,85.75,284613.87,98.53
286971.71,99.35,85.75,284613.87,98.53
286971.71,99.35,85.75,284613.87,98.53
286971.71,99.35,85.75,284613.87,98.53
286971.71,99.35,85.75,284613.87,98.53
286971.71,99.35,85.75,284613.87,98.53
286971.71,99.35,85.75,284613.87,98.53
286971.71,99.35,85.75,284613.87,98.53
286971.71,99.35,85.75,284613.87,98.53
286971.71,99.35,85.75,284613.87,98.53
286971.71,99.35,85.75,284613.87,98.53
286971.71,99.35,85.75,284613.87,98.53
286971.71,99.35,85.75,284613.87,98.53
286971.71,99.35,85.75,284613.87,98.53
286971.71,99.35,85.75,284613.87,98.53
286971.71,99.35,85.75,284613.87,98.53
286971.71,99.35,85.75,284613.87,98.53
286971.71,99.35,85.75,284613.87,98.53
286971.71,99.35,85.75,284613.87,98.53
286971.71,99.35,85.75,284613.87,98.53
286971.71,99.35,85.75,284613.87,98.53
286971.71,99.35,85.75,284613.87,98.53
286971.71,99.35,85.75,284613.87,98.53
286971.71,99.35,85.75,284613.87,98.53
286971.71,99.35,85.75,284613.87,98.53
286971.71,99.35,85.75,284613.87,98.53
286971.71,99.35,85.75,284613.87,98.53
286971.71,99.35,85.75,284613.87,98.53
286971.71,99.35,85.75,284613.87,98.53
286971.71,99.35,85.75,284613.87,98.53
286971.71,99.35,85.75,284613.87,98.53
286971.71,99.35,85.75,284613.87,98.53
286971.71,99.35,85.75,284613.87,98.53
286971.71,99.35,85.75,284613.87,98.53
286971.71,99.35,85.75,284613.87,98.53
286971.71,99.35,85.75,284613.87,98.53
286971.71,99.35,85.75,284613.87,98.53
286971.71,99.35,85.75,284613.87,98.53
286971.71,99.35,85.75,284613.87,98.53
286971.71,99.35,85.75,284613.87,98.53
286971.71,99.35,85.75,284613.87,98.53
286971.71,99.35,85.75,284613.87,98.53
286971.71,99.35,85.75,284613.87,98.53
286971.71,99.35,85.75,284613.87,98.53
286971.71,99.35,85.75,284613.87,98.53
286971.71,99.35,85.75,284613.87,98.53
286971.71,99.35,85.75,284613.87,98.53
286971.71,99.35,85.75,284613.87,98.53
286971.71,99.35,85.75,284613.87,98.53
286971.71,99.35,85.75,284613.87,98.53
286971.71,99.35,85.75,284613.87,98.53
286971.71,99.35,85.75,284613.87,98.53
286971.71,99.35,85.75,284613.87,98.53
286971.71,99.35,85.75,284613.87,98.53
286971.71,99.35,85.75,284613.87,98.53
286971.71,99.35,85.75,284613.87,98.53
286971.71,99.35,85.75,284613.87,98.53
286971.71,99.35,85.75,284613.87,98.53
286971.71,99.35,85.75,284613.87,98.53
286971.71,99.35,85.75,284613.87,98.53
286971.71,99.35,85.75,284613.87,98.53
286971.71,99.35,85.75,284613.87,98.53
286971.71,99.35,85.75,284613.87,98.53
286971.71,99.35,85.75,284613.87,98.53
286971.71,99.35,85.75,284613.87,98.53
286971.71,99.35,85.75,284613.87,98.53
286971.71,99.35,85.75,284613.87,98.53
286971.71,99.35,85.75,284613.87,98.53
286971.71,99.35,85.75,284613.87,98.53
286971.71,99.35,85.75,284613.87,98.53
286971.71,99.35,85.75,284613.87,98.53
286971.71,99.35,85.75,284613.87,98.53
286971.71,99.35,85.75,284613.87,98.53
286971.71,99.35,85.75,284613.87,98.53
286971.71,99.35,85.75,284613.87,98.53
286971.71,99.35,85.75,284613.87,98.53
286971.71,99.35,85.75,284613.87,98.53
286971.71,99.35,85.75,284613.87,98.53
286971.71,99.35,85.75,284613.87,98.53
286971.71,99.35,85.75,284613.87,98.53
286971.71,99.35,85.75,284613.87,98.53
286321.71,99.34,85.75,283963.87,98.53
286321.71,99.34,85.75,283963.87,98.53
286321.71,99.34,85.75,283963.87,98.53
286321.71,99.34,85.75,283963.87,98.53
286321.71,99.34,85.75,283934.73,98.52
286163.03,99.34,85.75,283780.58,98.52
286163.03,99.34,85.75,283780.58,98.52
286163.03,99.34,85.75,283780.58,98.52
286163.03,99.34,85.75,283780.58,98.52
286163.03,99.34,85.75,283780.58,98.52
286163.03,99.34,85.75,283780.58,98.52
286163.03,99.34,85.75,283780.58,98.52
286163.03,99.34,85.75,283780.58,98.52
286163.03,99.34,85.75,283811.46,98.53
286163.03,99.34,85.75,283789.92,98.52
286163.03,99.34,85.75,283789.92,98.52
286163.03,99.34,85.75,283789.92,98.52
286163.03,99.34,85.75,283789.92,98.52
286163.03,99.34,85.75,283789.92,98.52
286163.03,99.34,85.75,283813.7,98.53
286163.03,99.34,85.75,283813.7,98.53
286163.03,99.34,85.75,283813.7,98.53
286163.03,99.34,85.75,283813.7,98.53
286163.03,99.34,85.75,283813.7,98.53
286163.03,99.34,85.75,283813.7,98.53
286163.03,99.34,85.75,283813.7,98.53
286163.03,99.34,85.75,283813.7,98.53
286163.03,99.34,85.75,283813.7,98.53
286163.03,99.34,85.75,283813.7,98.53
286163.03,99.34,85.75,283813.7,98.53
286163.03,99.34,85.75,283813.7,98.53
286163.03,99.34,85.75,283813.7,98.53
286163.03,99.34,85.75,283808.62,98.53
286163.03,99.34,85.75,283808.62,98.53
286163.03,99.34,85.75,283808.62,98.53
286163.03,99.34,85.75,283808.62,98.53
286006.99,99.35,85.75,283652.58,98.53
286006.99,99.35,85.75,283652.58,98.53
286006.99,99.35,85.75,283652.58,98.53
286006.99,99.35,85.75,283652.58,98.53
286006.99,99.35,85.75,283652.58,98.53
286006.99,99.35,85.75,283652.58,98.53
286006.99,99.35,85.75,283652.58,98.53
286006.99,99.35,85.75,283652.58,98.53
286006.99,99.35,85.75,283652.58,98.53
286006.99,99.35,85.75,283652.58,98.53
286006.99,99.35,85.75,283652.58,98.53
286006.99,99.35,85.75,283652.58,98.53
286006.99,99.35,85.75,283652.58,98.53
286006.99,99.35,85.75,283652.58,98.53
286006.99,99.35,85.75,283652.58,98.53
286006.99,99.35,85.75,283652.58,98.53
286006.99,99.35,85.75,283652.58,98.53
286006.99,99.35,85.75,283652.58,98.53
286006.99,99.35,85.75,283652.58,98.53
286006.99,99.35,85.75,283652.58,98.53
286006.99,99.35,85.75,283652.58,98.53
286006.99,99.35,85.75,283652.58,98.53
286006.99,99.35,85.75,283652.58,98.53
286006.99,99.35,85.75,283652.58,98.53
286006.99,99.35,85.75,283652.58,98.53
286006.99,99.35,85.75,283652.58,98.53
286006.99,99.35,85.75,283652.58,98.53
286006.99,99.35,85.75,283652.58,98.53
286006.99,99.35,85.75,283652.58,98.53
286006.99,99.35,85.75,283652.58,98.53
286006.99,99.35,85.75,283652.58,98.53
286006.99,99.35,85.75,283652.58,98.53
286006.99,99.35,85.75,283652.58,98.53
286006.99,99.35,85.75,283652.58,98.53
286006.99,99.35,85.75,283652.58,98.53
286006.99,99.35,85.75,283652.58,98.53
286006.99,99.35,85.75,283652.58,98.53
286006.99,99.35,85.75,283652.58,98.53
286006.99,99.35,85.75,283652.58,98.53
285850.96,99.35,85.75,283493.7,98.53
285850.96,99.35,85.75,283493.7,98.53
285850.96,99.35,85.75,283493.7,98.53
285850.96,99.35,85.75,283493.7,98.53
285850.96,99.35,85.75,283493.7,98.53
285850.96,99.35,85.75,283493.7,98.53
285850.96,99.35,85.75,283493.7,98.53
285850.96,99.35,85.75,283493.7,98.53
285850.96,99.35,85.75,283493.7,98.53
285850.96,99.35,85.75,283493.7,98.53
285850.96,99.35,85.75,283493.7,98.53
285850.96,99.35,85.75,283493.7,98.53
285850.96,99.35,85.75,283493.7,98.53
285850.96,99.35,85.75,283493.7,98.53
285850.96,99.35,85.75,283493.7,98.53
285850.96,99.35,85.75,283493.7,98.53
285850.96,99.35,85.75,283534.7,98.54
285850.96,99.35,85.75,283534.7,98.54
285850.96,99.35,85.75,283534.7,98.54
285850.96,99.35,85.75,283534.7,98.54
285850.96,99.35,85.75,283534.7,98.54
285850.96,99.35,85.75,283534.7,98.54
285850.96,99.35,85.75,283534.7,98.54
285850.96,99.35,85.75,283522.49,98.54
285850.96,99.35,85.75,283522.52,98.54
285850.96,99.35,85.75,283522.52,98.54
285850.96,99.35,85.75,283522.52,98.54
285850.96,99.35,85.75,283522.52,98.54
285850.96,99.35,85.75,283522.52,98.54
285850.96,99.35,85.75,283522.52,98.54
285850.96,99.35,85.75,283522.52,98.54
285850.96,99.35,85.75,283522.52,98.54
285850.96,99.35,85.75,283522.52,98.54
285850.96,99.35,85.75,283522.52,98.54
285850.96,99.35,85.75,283522.52,98.54
285850.96,99.35,85.75,283522.52,98.54
285850.96,99.35,85.75,283522.52,98.54
285850.96,99.35,85.75,283522.52,98.54
285693.6,99.35,85.75,283363.63,98.54
285693.6,99.35,85.75,283363.63,98.54
285693.6,99.35,85.75,283363.63,98.54
285693.6,99.35,85.75,283363.63,98.54
285693.6,99.35,85.75,283363.63,98.54
285693.6,99.35,85.75,283363.63,98.54
285534.92,99.35,85.75,283205.37,98.54
285534.92,99.35,85.75,283205.37,98.54
285534.92,99.35,85.75,283205.37,98.54
285534.92,99.35,85.75,283205.37,98.54
285534.92,99.35,85.75,283205.37,98.54
285534.92,99.35,85.75,283205.37,98.54
285534.92,99.35,85.75,283205.37,98.54
285534.92,99.35,85.75,283205.37,98.54
285534.92,99.35,85.75,283205.37,98.54
285534.92,99.35,85.75,283205.37,98.54
285534.92,99.35,85.75,283205.37,98.54
285534.92,99.35,85.75,283205.37,98.54
285534.92,99.35,85.75,283205.37,98.54
285534.92,99.35,85.75,283205.37,98.54
285534.92,99.35,85.75,283205.37,98.54
285534.92,99.35,85.75,283205.37,98.54
285534.92,99.35,85.75,283205.37,98.54
285534.92,99.35,85.75,283205.37,98.54
285534.92,99.35,85.75,283205.37,98.54
285534.92,99.35,85.75,283205.37,98.54
285534.92,99.35,85.75,283205.37,98.54
285534.92,99.35,85.75,283205.37,98.54
285534.92,99.35,85.75,283205.37,98.54
285534.92,99.35,85.75,283205.37,98.54
285534.92,99.35,85.75,283205.37,98.54
285534.92,99.35,85.75,283205.37,98.54
285534.92,99.35,85.75,283205.37,98.54
285534.92,99.35,85.75,283205.37,98.54
285534.92,99.35,85.75,283205.37,98.54
285534.92,99.35,85.75,283205.37,98.54
285534.92,99.35,85.75,283205.37,98.54
285534.92,99.35,85.75,283205.37,98.54
285534.92,99.35,85.75,283205.37,98.54
285534.92,99.35,85.75,283205.37,98.54
285534.92,99.35,85.75,283205.37,98.54
285534.92,99.35,85.75,283205.37,98.54
285534.92,99.35,85.75,283205.37,98.54
285534.92,99.35,85.75,283205.37,98.54
285534.92,99.35,85.75,283205.37,98.54
285534.92,99.35,85.75,283205.37,98.54
285534.92,99.35,85.75,283205.37,98.54
285534.92,99.35,85.75,283205.37,98.54
285534.92,99.35,85.75,283205.37,98.54
285534.92,99.35,85.75,283205.37,98.54
285534.92,99.35,85.75,283205.37,98.54
285534.92,99.35,85.75,283205.37,98.54
285534.92,99.35,85.75,283205.37,98.54
285534.92,99.35,85.75,283205.37,98.54
285534.92,99.35,85.75,283205.37,98.54
285534.92,99.35,85.75,283205.37,98.54
285534.92,99.35,85.75,283205.37,98.54
285534.92,99.35,85.75,283205.37,98.54
285534.92,99.35,85.75,283205.37,98.54
285534.92,99.35,85.75,283205.37,98.54
285534.92,99.35,85.75,283205.37,98.54
285534.92,99.35,85.75,283205.37,98.54
285534.92,99.35,85.75,283205.37,98.54
285534.92,99.35,85.75,283205.37,98.54
285534.92,99.35,85.75,283205.37,98.54
285534.92,99.35,85.75,283205.37,98.54
285534.92,99.35,85.75,283205.37,98.54
285534.92,99.35,85.75,283205.37,98.54
285376.24,99.35,85.75,283046.69,98.54
285376.24,99.35,85.75,283046.69,98.54
285376.24,99.35,85.75,283046.69,98.54
285376.24,99.35,85.75,283046.69,98.54
285376.24,99.35,85.75,283046.69,98.54
285376.24,99.35,85.75,283046.69,98.54
285376.24,99.35,85.75,283046.69,98.54
285376.24,99.35,85.75,283046.69,98.54
285376.24,99.35,85.75,283046.69,98.54
285376.24,99.35,85.75,283046.69,98.54
285376.24,99.35,85.75,283046.69,98.54
285376.24,99.35,85.75,283046.69,98.54
285376.24,99.35,85.75,283046.69,98.54
285376.24,99.35,85.75,283046.69,98.54
285376.24,99.35,85.75,283046.69,98.54
285376.24,99.35,85.75,283046.69,98.54
285376.24,99.35,85.75,283046.69,98.54
285376.24,99.35,85.75,283046.69,98.54
285376.24,99.35,85.75,283046.69,98.54
285376.24,99.35,85.75,283046.69,98.54
285376.24,99.35,85.75,283046.69,98.54
285376.24,99.35,85.75,283046.69,98.54
285376.24,99.35,85.75,283046.69,98.54
285376.24,99.35,85.75,283046.69,98.54
285376.24,99.35,85.75,283046.69,98.54
285376.24,99.35,85.75,283046.69,98.54
285376.24,99.35,85.75,283046.69,98.54
285218.88,99.35,85.75,282887.8,98.54
285218.88,99.35,85.75,282887.8,98.54
285218.88,99.35,85.75,282887.8,98.54
285218.88,99.35,85.75,282887.8,98.54
285218.88,99.35,85.75,282887.8,98.54
285218.88,99.35,85.75,282887.8,98.54
285218.88,99.35,85.75,282887.8,98.54
285218.88,99.35,85.75,282887.8,98.54
285218.88,99.35,85.75,282887.8,98.54
285218.88,99.35,85.75,282887.8,98.54
285218.88,99.35,85.75,282887.8,98.54
285218.88,99.35,85.75,282887.8,98.54
285218.88,99.35,85.75,282887.8,98.54
285218.88,99.35,85.75,282887.8,98.54
285218.88,99.35,85.75,282887.8,98.54
285218.88,99.35,85.75,282887.8,98.54
285218.88,99.35,85.75,282887.8,98.54
285218.88,99.35,85.75,282887.8,98.54
285218.88,99.35,85.75,282887.8,98.54
285218.88,99.35,85.75,282887.8,98.54
285218.88,99.35,85.75,282887.8,98.54
285218.88,99.35,85.75,282887.8,98.54
285218.88,99.35,85.75,282887.8,98.54
285218.88,99.35,85.75,282887.8,98.54
285218.88,99.35,85.75,282887.8,98.54
285218.88,99.35,85.75,282887.8,98.54
285218.88,99.35,85.75,282887.8,98.54
285218.88,99.35,85.75,282887.8,98.54
285218.88,99.35,85.75,282887.8,98.54
285218.88,99.35,85.75,282887.8,98.54
285218.88,99.35,85.75,282887.8,98.54
285218.88,99.35,85.75,282887.8,98.54
285218.88,99.35,85.75,282887.8,98.54
285218.88,99.35,85.75,282887.8,98.54
285218.88,99.35,85.75,282887.8,98.54
285218.88,99.35,85.75,282887.8,98.54
285218.88,99.35,85.75,282887.8,98.54
285218.88,99.35,85.75,282887.8,98.54
285218.88,99.35,85.75,282887.8,98.54
285218.88,99.35,85.75,282887.8,98.54
285218.88,99.35,85.75,282887.8,98.54
285218.88,99.35,85.75,282887.8,98.54
285218.88,99.35,85.75,282887.8,98.54
285218.88,99.35,85.75,282887.8,98.54
285218.88,99.35,85.75,282887.8,98.54
285061.53,99.35,85.75,282728.91,98.54
285061.53,99.35,85.75,282728.91,98.54
285061.53,99.35,85.75,282728.91,98.54
285061.53,99.35,85.75,282728.91,98.54
285061.53,99.35,85.75,282728.91,98.54
285061.53,99.35,85.75,282728.91,98.54
285061.53,99.35,85.75,282728.91,98.54
285061.53,99.35,85.75,282728.91,98.54
285061.53,99.35,85.75,282739.84,98.54
285061.53,99.35,85.75,282739.84,98.54
284779.99,99.35,85.75,282454.49,98.54
284779.99,99.35,85.75,282454.49,98.54
284779.99,99.35,85.75,282454.49,98.54
284779.99,99.35,85.75,282454.49,98.54
284779.99,99.35,85.75,282454.49,98.54
284779.99,99.35,85.75,282454.49,98.54
284779.99,99.35,85.75,282454.49,98.54
284779.99,99.35,85.75,282454.49,98.54
284779.99,99.35,85.75,282454.49,98.54
284779.99,99.35,85.75,282454.49,98.54
284779.99,99.35,85.75,282454.49,98.54
284779.99,99.35,85.75,282454.49,98.54
284779.99,99.35,85.75,282454.49,98.54
284779.99,99.35,85.75,282454.49,98.54
284779.99,99.35,85.75,282454.49,98.54
284779.99,99.35,85.75,282454.49,98.54
284779.99,99.35,85.75,282454.49,98.54
284779.99,99.35,85.75,282454.49,98.54
284779.99,99.35,85.75,282454.49,98.54
284779.99,99.35,85.75,282454.49,98.54
284779.99,99.35,85.75,282454.49,98.54
284779.99,99.35,85.75,282454.49,98.54
284779.99,99.35,85.75,282454.49,98.54
284779.99,99.35,85.75,282454.49,98.54
284779.99,99.35,85.75,282454.49,98.54
284779.99,99.35,85.75,282454.49,98.54
284779.99,99.35,85.75,282454.49,98.54
284779.99,99.35,85.75,282454.49,98.54
284779.99,99.35,85.75,282454.49,98.54
284779.99,99.35,85.75,282454.49,98.54
284779.99,99.35,85.75,282454.49,98.54
284779.99,99.35,85.75,282454.49,98.54
284779.99,99.35,85.75,282454.49,98.54
284779.99,99.35,85.75,282454.49,98.54
284779.99,99.35,85.75,282454.49,98.54
284779.99,99.35,85.75,282454.49,98.54
284779.99,99.35,85.75,282454.49,98.54
284779.99,99.35,85.75,282454.49,98.54
284779.99,99.35,85.75,282454.49,98.54
284779.99,99.35,85.75,282454.49,98.54
284779.99,99.35,85.75,282454.49,98.54
284779.99,99.35,85.75,282454.49,98.54
284779.99,99.35,85.75,282555.91,98.58
284673.95,99.35,85.75,282449.88,98.58
284673.95,99.35,85.75,282449.88,98.58
284673.95,99.35,85.75,282449.88,98.58
284673.95,99.35,85.75,282449.88,98.58
284673.95,99.35,85.75,282449.88,98.58
284516.59,99.35,85.76,282292.52,98.58
284516.59,99.35,85.76,282292.52,98.58
284516.59,99.35,85.76,282292.52,98.58
284516.59,99.35,85.76,282292.52,98.58
284516.59,99.35,85.76,282292.52,98.58
284516.59,99.35,85.76,282292.52,98.58
284516.59,99.35,85.76,282292.52,98.58
284516.59,99.35,85.76,282292.52,98.58
284516.59,99.35,85.76,282292.52,98.58
284516.59,99.35,85.76,282292.52,98.58
284516.59,99.35,85.76,282292.52,98.58
284516.59,99.35,85.76,282292.52,98.58
284516.59,99.35,85.76,282292.52,98.58
284516.59,99.35,85.76,282292.52,98.58
284516.59,99.35,85.76,282292.52,98.58
284516.59,99.35,85.76,282292.52,98.58
284516.59,99.35,85.76,282292.52,98.58
284516.59,99.35,85.76,282292.52,98.58
284516.59,99.35,85.76,282255.05,98.56
284516.59,99.35,85.76,282255.05,98.56
284516.59,99.35,85.76,282255.05,98.56
284516.59,99.35,85.76,282255.05,98.56
284516.59,99.35,85.76,282255.05,98.56
284516.59,99.35,85.76,282255.05,98.56
284516.59,99.35,85.76,282255.05,98.56
284516.59,99.35,85.76,282255.05,98.56
284516.59,99.35,85.76,282255.05,98.56
284516.59,99.35,85.76,282254.82,98.56
284516.59,99.35,85.76,282254.82,98.56
284516.59,99.35,85.76,282254.82,98.56
284516.59,99.35,85.76,282254.82,98.56
284466.59,99.35,85.75,282204.82,98.56
284466.59,99.35,85.75,282204.82,98.56
284466.59,99.35,85.75,282204.82,98.56
284466.59,99.35,85.75,282204.82,98.56
284466.59,99.35,85.75,282204.82,98.56
284466.59,99.35,85.75,282204.82,98.56
284466.59,99.35,85.75,282204.82,98.56
284466.59,99.35,85.75,282204.82,98.56
284466.59,99.35,85.75,282204.82,98.56
284466.59,99.35,85.75,282204.82,98.56
284466.59,99.35,85.75,282204.82,98.56
284466.59,99.35,85.75,282204.82,98.56
284466.59,99.35,85.75,282204.82,98.56
284466.59,99.35,85.75,282204.82,98.56
284466.59,99.35,85.75,282204.82,98.56
284466.59,99.35,85.75,282204.82,98.56
284466.59,99.35,85.75,282204.82,98.56
284466.59,99.35,85.75,282204.82,98.56
284466.59,99.35,85.75,282204.82,98.56
284466.59,99.35,85.75,282204.82,98.56
284466.59,99.35,85.75,282204.82,98.56
284466.59,99.35,85.75,282204.82,98.56
284466.59,99.35,85.75,282204.82,98.56
284466.59,99.35,85.75,282204.82,98.56
284466.59,99.35,85.75,282204.82,98.56
284466.59,99.35,85.75,282204.82,98.56
284466.59,99.35,85.75,282204.82,98.56
284466.59,99.35,85.75,282204.82,98.56
284466.59,99.35,85.75,282204.82,98.56
284466.59,99.35,85.75,282204.82,98.56
284466.59,99.35,85.75,282204.82,98.56
284466.59,99.35,85.75,282204.82,98.56
284466.59,99.35,85.75,282204.82,98.56
284466.59,99.35,85.75,282204.82,98.56
284466.59,99.35,85.75,282204.82,98.56
284466.59,99.35,85.75,282204.82,98.56
284466.59,99.35,85.75,282204.82,98.56
284466.59,99.35,85.75,282204.82,98.56
284466.59,99.35,85.75,282204.82,98.56
284466.59,99.35,85.75,282204.82,98.56
284466.59,99.35,85.75,282204.82,98.56
284466.59,99.35,85.75,282204.82,98.56
284466.59,99.35,85.75,282204.82,98.56
284466.59,99.35,85.75,282204.82,98.56
284466.59,99.35,85.75,282204.82,98.56
284466.59,99.35,85.75,282204.82,98.56
284466.59,99.35,85.75,282204.82,98.56
284466.59,99.35,85.75,282204.82,98.56
284466.59,99.35,85.75,282204.82,98.56
284466.59,99.35,85.75,282204.82,98.56
284466.59,99.35,85.75,282204.82,98.56
284466.59,99.35,85.75,282204.82,98.56
284466.59,99.35,85.75,282204.82,98.56
284466.59,99.35,85.75,282204.82,98.56
284466.59,99.35,85.75,282204.82,98.56
284466.59,99.35,85.75,282204.82,98.56
284466.59,99.35,85.75,282204.82,98.56
284466.59,99.35,85.75,282204.82,98.56
284466.59,99.35,85.75,282204.82,98.56
284466.59,99.35,85.75,282204.82,98.56
284466.59,99.35,85.75,282204.82,98.56
284466.59,99.35,85.75,282204.82,98.56
284466.59,99.35,85.75,282204.82,98.56
284466.59,99.35,85.75,282204.82,98.56
284466.59,99.35,85.75,282204.82,98.56
284466.59,99.35,85.75,282204.82,98.56
284466.59,99.35,85.75,282204.82,98.56
284466.59,99.35,85.75,282204.82,98.56
284466.59,99.35,85.75,282204.82,98.56
284466.59,99.35,85.75,282204.82,98.56
284466.59,99.35,85.75,282204.82,98.56
284466.59,99.35,85.75,282204.82,98.56
284466.59,99.35,85.75,282204.82,98.56
284466.59,99.35,85.75,282204.82,98.56
284466.59,99.35,85.75,282204.82,98.56
284466.59,99.35,85.75,282204.82,98.56
284466.59,99.35,85.75,282204.82,98.56
284466.59,99.35,85.75,282204.82,98.56
284466.59,99.35,85.75,282204.82,98.56
284466.59,99.35,85.75,282204.82,98.56
284466.59,99.35,85.75,282204.82,98.56
284466.59,99.35,85.75,282204.82,98.56
284466.59,99.35,85.75,282204.82,98.56
284466.59,99.35,85.75,282204.82,98.56
284466.59,99.35,85.75,282204.82,98.56
284466.59,99.35,85.75,282204.82,98.56
284466.59,99.35,85.75,282204.82,98.56
284466.59,99.35,85.75,282204.82,98.56
284466.59,99.35,85.75,282204.82,98.56
284466.59,99.35,85.75,282204.82,98.56
284466.59,99.35,85.75,282204.82,98.56
284466.59,99.35,85.75,282204.82,98.56
284466.59,99.35,85.75,282204.82,98.56
284466.59,99.35,85.75,282204.82,98.56
284466.59,99.35,85.75,282204.82,98.56
284466.59,99.35,85.75,282204.82,98.56
284466.59,99.35,85.75,282204.82,98.56
284466.59,99.35,85.75,282204.82,98.56
284466.59,99.35,85.75,282204.82,98.56
284466.59,99.35,85.75,282204.82,98.56
284466.59,99.35,85.75,282204.82,98.56
284466.59,99.35,85.75,282204.82,98.56
284466.59,99.35,85.75,282204.82,98.56
284466.59,99.35,85.75,282204.82,98.56
284466.59,99.35,85.75,282204.82,98.56
284466.59,99.35,85.75,282204.82,98.56
284466.59,99.35,85.75,282204.82,98.56
284466.59,99.35,85.75,282204.82,98.56
284466.59,99.35,85.75,282204.82,98.56
284466.59,99.35,85.75,282204.82,98.56
284466.59,99.35,85.75,282204.82,98.56
284466.59,99.35,85.75,282204.82,98.56
284466.59,99.35,85.75,282204.82,98.56
284466.59,99.35,85.75,282204.82,98.56
284466.59,99.35,85.75,282204.82,98.56
284466.59,99.35,85.75,282203.27,98.56
284466.59,99.35,85.75,282203.27,98.56
284466.59,99.35,85.75,282203.27,98.56
284466.59,99.35,85.75,282203.27,98.56
284466.59,99.35,85.75,282203.27,98.56
284466.59,99.35,85.75,282203.27,98.56
284466.59,99.35,85.75,282203.27,98.56
284466.59,99.35,85.75,282203.27,98.56
284466.59,99.35,85.75,282203.27,98.56
284466.59,99.35,85.75,282203.27,98.56
284466.59,99.35,85.75,282203.27,98.56
284466.59,99.35,85.75,282203.27,98.56
284466.59,99.35,85.75,282203.27,98.56
284466.59,99.35,85.75,282203.27,98.56
284466.59,99.35,85.75,282203.27,98.56
284466.59,99.35,85.75,282203.27,98.56
284466.59,99.35,85.75,282203.27,98.56
284466.59,99.35,85.75,282203.27,98.56
284466.59,99.35,85.75,282203.27,98.56
284466.59,99.35,85.75,282203.27,98.56
284466.59,99.35,85.75,282203.27,98.56
284466.59,99.35,85.75,282203.27,98.56
284466.59,99.35,85.75,282203.27,98.56
284466.59,99.35,85.75,282203.27,98.56
284466.59,99.35,85.75,282203.27,98.56
284466.59,99.35,85.75,282261.74,98.58
284466.59,99.35,85.75,282261.74,98.58
284466.59,99.35,85.75,282231.88,98.57
284466.59,99.35,85.75,282231.88,98.57
284466.59,99.35,85.75,282231.88,98.57
284466.59,99.35,85.75,282231.88,98.57
284466.59,99.35,85.75,282231.88,98.57
284466.59,99.35,85.75,282231.88,98.57
284466.59,99.35,85.75,282231.88,98.57
284466.59,99.35,85.75,282231.88,98.57
284466.59,99.35,85.75,282231.88,98.57
284466.59,99.35,85.75,282231.88,98.57
284466.59,99.35,85.75,282231.88,98.57
284466.59,99.35,85.75,282231.88,98.57
284466.59,99.35,85.75,282231.88,98.57
284466.59,99.35,85.75,282231.88,98.57
284466.59,99.35,85.75,282231.88,98.57
284466.59,99.35,85.75,282231.88,98.57
284466.59,99.35,85.75,282231.88,98.57
284466.59,99.35,85.75,282231.88,98.57
284466.59,99.35,85.75,282231.88,98.57
284466.59,99.35,85.75,282231.88,98.57
284466.59,99.35,85.75,282231.88,98.57
284466.59,99.35,85.75,282231.88,98.57
284466.59,99.35,85.75,282231.88,98.57
284466.59,99.35,85.75,282231.88,98.57
284466.59,99.35,85.75,282231.88,98.57
284466.59,99.35,85.75,282231.88,98.57
284466.59,99.35,85.75,282231.88,98.57
284466.59,99.35,85.75,282231.89,98.57
284466.59,99.35,85.75,282231.89,98.57
284359.23,99.35,85.76,282123.0,98.57
284359.23,99.35,85.76,282123.0,98.57
284359.23,99.35,85.76,282123.0,98.57
284359.23,99.35,85.76,282123.0,98.57
284359.23,99.35,85.76,282123.0,98.57
284359.23,99.35,85.76,282123.0,98.57
284359.23,99.35,85.76,282123.0,98.57
284359.23,99.35,85.76,282123.0,98.57
284359.23,99.35,85.76,282123.0,98.57
284359.23,99.35,85.76,282123.0,98.57
284359.23,99.35,85.76,282123.0,98.57
284359.23,99.35,85.76,282123.0,98.57
284359.23,99.35,85.76,282123.0,98.57
284359.23,99.35,85.76,282123.0,98.57
284359.23,99.35,85.76,282123.0,98.57
284359.23,99.35,85.76,282123.0,98.57
284359.23,99.35,85.76,282123.0,98.57
284359.23,99.35,85.76,282123.0,98.57
284359.23,99.35,85.76,282123.0,98.57
284359.23,99.35,85.76,282136.48,98.58
284359.23,99.35,85.76,282123.06,98.57
284359.23,99.35,85.76,282102.18,98.56
284359.23,99.35,85.76,282102.18,98.56
284359.23,99.35,85.76,282100.19,98.56
284359.23,99.35,85.76,282100.19,98.56
284359.23,99.35,85.76,282100.19,98.56
284359.23,99.35,85.76,282100.19,98.56
284359.23,99.35,85.76,282100.19,98.56
284359.23,99.35,85.76,282100.19,98.56
284359.23,99.35,85.76,282100.19,98.56
284359.23,99.35,85.76,282100.19,98.56
284359.23,99.35,85.76,282100.19,98.56
284359.23,99.35,85.76,282100.19,98.56
284359.23,99.35,85.76,282100.19,98.56
284359.23,99.35,85.76,282100.19,98.56
284359.23,99.35,85.76,282100.19,98.56
284359.23,99.35,85.76,282100.19,98.56
284359.23,99.35,85.76,282100.19,98.56
284359.23,99.35,85.76,282100.19,98.56
284359.23,99.35,85.76,282100.19,98.56
284359.23,99.35,85.76,282100.19,98.56
284359.23,99.35,85.76,282100.19,98.56
284359.23,99.35,85.76,282100.19,98.56
284359.23,99.35,85.76,282100.19,98.56
284359.23,99.35,85.76,282100.19,98.56
284359.23,99.35,85.76,282125.65,98.57
284359.23,99.35,85.76,282125.65,98.57
284359.23,99.35,85.76,282125.65,98.57
284359.23,99.35,85.76,282125.65,98.57
284359.23,99.35,85.76,282125.65,98.57
284359.23,99.35,85.76,282125.65,98.57
284359.23,99.35,85.76,282125.65,98.57
284359.23,99.35,85.76,282125.65,98.57
284359.23,99.35,85.76,282159.6,98.58
284359.23,99.35,85.76,282159.6,98.58
284359.23,99.35,85.76,282159.6,98.58
284359.23,99.35,85.76,282159.6,98.58
284359.23,99.35,85.76,282159.6,98.58
284359.23,99.35,85.76,282159.98,98.58
284359.23,99.35,85.76,282159.98,98.58
284359.23,99.35,85.76,282159.98,98.58
284250.55,99.35,85.76,282059.8,98.59
284250.55,99.35,85.76,282059.8,98.59
284250.55,99.35,85.76,282059.8,98.59
284250.55,99.35,85.76,282059.8,98.59
284250.55,99.35,85.76,282059.8,98.59
284250.55,99.35,85.76,282059.8,98.59
284250.55,99.35,85.76,282059.8,98.59
284250.55,99.35,85.76,282059.8,98.59
284250.55,99.35,85.76,282059.8,98.59
284250.55,99.35,85.76,282059.8,98.59
284250.55,99.35,85.76,282059.8,98.59
284250.55,99.35,85.76,282059.8,98.59
284250.55,99.35,85.76,282059.8,98.59
284250.55,99.35,85.76,282059.8,98.59
284250.55,99.35,85.76,282059.8,98.59
284250.55,99.35,85.76,282059.8,98.59
284250.55,99.35,85.76,282059.8,98.59
284250.55,99.35,85.76,282059.8,98.59
284250.55,99.35,85.76,282059.8,98.59
284250.55,99.35,85.76,282059.8,98.59
284250.55,99.35,85.76,282059.8,98.59
284250.55,99.35,85.76,282059.8,98.59
284250.55,99.35,85.76,282059.8,98.59
284250.55,99.35,85.76,282059.8,98.59
284250.55,99.35,85.76,282059.8,98.59
284250.55,99.35,85.76,282059.8,98.59
284250.55,99.35,85.76,282059.8,98.59
284250.55,99.35,85.76,282059.8,98.59
284250.55,99.35,85.76,282059.8,98.59
284250.55,99.35,85.76,282059.8,98.59
284250.55,99.35,85.76,282059.8,98.59
284250.55,99.35,85.76,282059.8,98.59
284250.55,99.35,85.76,282059.8,98.59
284250.55,99.35,85.76,282059.8,98.59
284250.55,99.35,85.76,282059.8,98.59
284250.55,99.35,85.76,282059.8,98.59
284250.55,99.35,85.76,282059.8,98.59
284250.55,99.35,85.76,282059.8,98.59
284250.55,99.35,85.76,282059.8,98.59
284250.55,99.35,85.76,282059.8,98.59
284250.55,99.35,85.76,282059.8,98.59
284250.55,99.35,85.76,282059.8,98.59
284250.55,99.35,85.76,282059.8,98.59
284250.55,99.35,85.76,282059.8,98.59
284250.55,99.35,85.76,282059.8,98.59
284250.55,99.35,85.76,282059.8,98.59
284250.55,99.35,85.76,282059.8,98.59
284250.55,99.35,85.76,282059.8,98.59
284250.55,99.35,85.76,282059.8,98.59
284250.55,99.35,85.76,282059.8,98.59
284250.55,99.35,85.76,282059.8,98.59
284250.55,99.35,85.76,282059.8,98.59
284250.55,99.35,85.76,282059.8,98.59
284250.55,99.35,85.76,282059.8,98.59
284250.55,99.35,85.76,282059.8,98.59
284250.55,99.35,85.76,282059.8,98.59
284250.55,99.35,85.76,282059.8,98.59
284250.55,99.35,85.76,282059.8,98.59
284250.55,99.35,85.76,282059.8,98.59
284091.88,99.35,85.76,281905.64,98.59
284091.88,99.35,85.76,281905.64,98.59
284091.88,99.35,85.76,281905.64,98.59
284091.88,99.35,85.76,281905.64,98.59
283933.2,99.35,85.76,281747.45,98.59
283933.2,99.35,85.76,281747.45,98.59
283933.2,99.35,85.76,281747.45,98.59
283933.2,99.35,85.76,281747.45,98.59
283933.2,99.35,85.76,281747.45,98.59
283933.2,99.35,85.76,281747.45,98.59
283933.2,99.35,85.76,281747.45,98.59
283933.2,99.35,85.76,281747.45,98.59
283933.2,99.35,85.76,281747.45,98.59
283933.2,99.35,85.76,281747.45,98.59
283933.2,99.35,85.76,281747.45,98.59
283933.2,99.35,85.76,281747.45,98.59
283933.2,99.35,85.76,281780.62,98.6
283933.2,99.35,85.76,281780.62,98.6
283933.2,99.35,85.76,281780.62,98.6
283933.2,99.35,85.76,281780.62,98.6
283933.2,99.35,85.76,281780.62,98.6
283933.2,99.35,85.76,281780.62,98.6
283933.2,99.35,85.76,281780.62,98.6
283933.2,99.35,85.76,281780.62,98.6
283933.2,99.35,85.76,281780.62,98.6
283933.2,99.35,85.76,281780.62,98.6
283933.2,99.35,85.76,281780.62,98.6
283933.2,99.35,85.76,281780.62,98.6
283933.2,99.35,85.76,281780.62,98.6
283933.2,99.35,85.76,281780.62,98.6
283933.2,99.35,85.76,281780.62,98.6
283933.2,99.35,85.76,281780.62,98.6
283933.2,99.35,85.76,281780.62,98.6
283933.2,99.35,85.76,281780.62,98.6
283933.2,99.35,85.76,281780.62,98.6
283933.2,99.35,85.76,281780.62,98.6
283933.2,99.35,85.76,281780.62,98.6
283933.2,99.35,85.76,281780.62,98.6
283933.2,99.35,85.76,281780.62,98.6
283933.2,99.35,85.76,281780.62,98.6
283933.2,99.35,85.76,281780.62,98.6
283933.2,99.35,85.76,281780.62,98.6
283933.2,99.35,85.76,281780.62,98.6
283933.2,99.35,85.76,281780.62,98.6
283933.2,99.35,85.76,281780.62,98.6
